####
#
# OBJ File Generated by Meshlab
#
####
# Object m44_rm.obj
#
# Vertices: 5000
# Faces: 9996
#
####
vn -0.3969455194871652 0.3756738591864202 0.3840913712229169
v -0.0828688500000000 0.2237602000000000 0.0493688900000000
vn 0.0790724542595475 -3.3463464301391150 2.4726142832980531
v -0.0712312000000000 0.2080322700000000 0.0428965800000000
vn 2.1407673099090379 0.7433407997637690 2.3966192351134814
v -0.0502225700000000 0.2175898700000000 0.0587662800000000
vn 0.3979952245349672 0.3739062930010236 0.3847298773484710
v 0.0837985200000000 0.2233895400000000 0.0495027400000000
vn 2.5853224599473617 -2.8670951315448017 -0.8064493181584436
v 0.0774410600000000 0.2080856000000000 0.0366851300000000
vn -2.1412857297781134 0.7528639703804565 2.3931793473830765
v 0.0511100600000000 0.2173645100000000 0.0588476600000000
vn -1.2049440622172816 -3.9941517058550828 1.9606821481233476
v 0.0560895400000000 0.2062125800000000 0.0535592100000000
vn -2.7357225099382623 4.9205719887531183 2.7288466594289726
v -0.0131555800000000 -0.1911700900000000 0.0888209700000000
vn -4.1668549901977538 3.2305391202648392 2.9112654637710920
v -0.0101661100000000 -0.1938417700000000 0.0945590500000000
vn -3.5239202175144224 1.9036540060025278 2.5094897878740494
v -0.0181612200000000 -0.1935520600000000 0.0892165400000000
vn -5.6081938207420929 -0.5467261771829429 2.5454034841495492
v -0.0161767400000000 -0.2000755900000000 0.0904898300000000
vn -3.7467076173928433 -1.0028238139355683 2.4020533823650316
v -0.0105469000000000 -0.2078427000000000 0.1144380000000000
vn 0.0023577435584823 1.4965095373336026 1.2080053085157514
v -0.0005112000000000 -0.1899875200000000 0.1194979900000000
vn 0.0126925155948409 5.8707016012884017 0.4526161972768896
v -0.0005098800000000 -0.1926523900000000 0.1104728300000000
vn -4.8348254013659995 -0.8678374627501597 3.3363742632296813
v -0.0115393100000000 -0.2108503100000000 0.0966495800000000
vn 3.5283195781756391 1.8879703303627067 2.5151605593372430
v 0.0171714100000000 -0.1936306400000000 0.0892449100000000
vn 3.7383478417796638 -1.0194723717764513 2.4080662018588841
v 0.0094531000000000 -0.2078871800000000 0.1144540600000000
vn 4.4885841864324663 2.4822461855861073 1.5859133394114191
v 0.0084792000000000 -0.1971655500000000 0.1116462500000000
vn 2.7531959543589819 4.9083603321312079 2.7332615548839323
v 0.0121770600000000 -0.1912264300000000 0.0888413200000000
vn -0.0011475855953800 0.0012063197313305 0.0003374066915448
v -0.4299659500000000 0.1798868500000000 0.0463628700000000
vn -0.0535430100092271 0.0488200345461220 0.0072589347687829
v -0.3800004600000000 0.1543733200000000 0.0190243000000000
vn 3.0947102418716632 1.8962488051388484 5.0000843059022611
v -0.2926254100000000 0.0211551200000000 0.0147063300000000
vn -2.5581314533938189 -0.6384002105929154 -5.2306781143101606
v -0.2926177100000000 0.0219835900000000 0.0074195800000000
vn -3.4341474011631572 -1.9131105244811142 -4.7289053636357643
v -0.2483561400000000 -0.0140873800000000 -0.0036799300000000
vn 1.3495630501658693 1.3113117421960423 5.3008859589549155
v -0.2074043000000000 -0.0415620400000000 -0.0195084000000000
vn 3.0935737021481482 1.3214415771829140 5.2852826622983757
v -0.2483638300000000 -0.0149158600000000 0.0036068300000000
vn 0.1567965018702152 0.3587210787362043 -0.0435766996661371
v -0.2790225700000000 0.1359482600000000 -0.0037634500000000
vn -1.5650153503339905 -0.9869478495407595 -5.4569879390427820
v -0.2073952100000000 -0.0405829100000000 -0.0281203100000000
vn -1.3004810042649799 -0.5655349181822608 -6.0635275797312067
v -0.1656876100000000 -0.0230763600000000 -0.0294399600000000
vn -1.0104625202237545 -0.2143156892390140 -5.9549585331048718
v -0.1386609000000000 -0.0151571500000000 -0.0405883900000000
vn 1.0174086167973488 0.7110744538868833 6.1340025258827913
v -0.1109994300000000 -0.0142105000000000 -0.0317293700000000
vn 0.0527643615944014 0.3351811161896459 0.0324531523822003
v -0.1428356100000000 0.0609077300000000 -0.0279187400000000
vn 1.9500658629321574 1.0541587646743249 5.8549802700418363
v -0.0843547100000000 -0.0260339200000000 -0.0374071300000000
vn 0.3667587118246774 0.5931318222515345 -0.0434231800356462
v -0.1122124200000000 0.0391017300000000 -0.0343914400000000
vn 0.1541075317109587 0.3056123182227326 -0.0470430537530052
v -0.0888869200000000 0.0330653800000000 -0.0407570200000000
vn 2.1407633943786228 0.5414690743109917 -2.5804875957478250
v -0.0570451800000000 -0.0424733300000000 -0.0526659500000000
vn 0.0059931230167561 -0.0053711728646208 -0.0024991957568591
v -0.4996018500000000 0.2088316100000000 0.0881610200000000
vn -0.0177053517428481 -0.1049072328273703 0.0991416897083623
v -0.4562998600000000 0.1841456200000000 0.0595672200000000
vn -0.1664618990698769 -0.0208940731916557 0.1846135653466667
v -0.3400412000000000 0.0024692500000000 0.0648669500000000
vn -3.0942857970167585 1.9100228101535881 4.9951052835037784
v 0.2927072200000000 0.0198533400000000 0.0151764300000000
vn -3.0961488792370102 1.3352087511425075 5.2803125524419974
v 0.2483035300000000 -0.0160204500000000 0.0040057100000000
vn 0.0537478324635334 0.0485815159285184 0.0073450468177210
v 0.3806669100000000 0.1526815900000000 0.0196352100000000
vn 0.0011523877080998 0.0012012009527637 0.0003392498243759
v 0.4307014200000000 0.1779727300000000 0.0470540900000000
vn 3.4331962949094934 -1.9283816082357603 -4.7233896644217497
v 0.2483112300000000 -0.0151919800000000 -0.0032810400000000
vn -0.1551296779110010 0.3594157542750474 -0.0438273540541115
v 0.2796448000000000 0.1347057800000000 -0.0033147700000000
vn 1.5693732820212074 -0.9939186102433619 -5.4544703666975272
v 0.2072721600000000 -0.0415051300000000 -0.0277872800000000
vn -1.3522293320398864 1.3173244835706313 5.2987098386417451
v 0.2072630700000000 -0.0424842700000000 -0.0191753800000000
vn 1.3076899868596017 -0.5713343976956184 -6.0614329509232991
v 0.1656450200000000 -0.0238132500000000 -0.0291738600000000
vn 1.0190625139090892 -0.2188279944816344 -5.9533297407329817
v 0.1386717400000000 -0.0157739300000000 -0.0403656500000000
vn -0.0513252446539910 0.3354130180546124 0.0323694813963836
v 0.1431643900000000 0.0602716700000000 -0.0276890500000000
vn 0.6332735596549073 0.0946145615247698 -6.2146479680498494
v 0.1110103600000000 -0.0136498200000000 -0.0408250300000000
vn 1.4414632718220228 -0.0951158684333491 -6.0576260044123611
v 0.0843217600000000 -0.0254300200000000 -0.0458825200000000
vn -0.1526707689729341 0.3062934293886482 -0.0472895060385335
v 0.0891130800000000 0.0326695000000000 -0.0406140700000000
vn -1.9547577818098612 1.0628429578383993 5.8518453167934563
v 0.0843126600000000 -0.0264090400000000 -0.0372716600000000
vn -2.1341839883819742 0.5509765191092351 -2.5839151551841613
v 0.0569548200000000 -0.0427268600000000 -0.0525744000000000
vn -4.5498494129715636 1.5649063148222848 2.3278275143950125
v 0.0569471300000000 -0.0435552200000000 -0.0452886900000000
vn 0.1660720979994230 -0.0216354274397219 0.1848830170201657
v 0.3399588000000000 0.0009569200000000 0.0654130700000000
vn 0.0170795608699743 -0.1049878317703710 0.0991729773305352
v 0.4570327700000000 0.1821143600000000 0.0603007400000000
vn 2.5636625407228628 -0.6497885622532142 -5.2265632679101683
v 0.2927149200000000 0.0206818100000000 0.0078896700000000
vn -0.0060129368495431 -0.0053444785863465 -0.0025088410991840
v 0.5003981500000000 0.2066076100000000 0.0889641400000000
vn -0.9120753734639733 5.0685749156682727 1.6241702281447210
v -0.0565239700000000 0.2251618200000000 0.0394916100000000
vn 2.1084970308804944 -4.8048658095496348 2.1712273558459909
v -0.0468940400000000 0.2077000600000000 0.0365100000000000
vn -4.2504846263696638 -2.3253951547983029 -1.7738053260107323
v -0.0435557500000000 0.1972162500000000 0.0017740600000000
vn -1.4854756681596353 2.4727636607827339 -2.6934285384923204
v -0.0624939400000000 0.2266230000000000 0.0061039400000000
vn -1.6009417303256421 2.1335353141422138 -1.9963690866465102
v -0.0528157000000000 0.2291609000000000 -0.0016488600000000
vn 2.2648999163987402 2.7417858879968779 -1.4890229738782728
v -0.0304851500000000 0.2290286000000000 0.0020496300000000
vn 5.4332708058261492 -0.8084155137335889 2.6515832147367941
v -0.0288759400000000 0.2062912600000000 0.0102012500000000
vn -0.2987470501688199 1.8809227697884905 -2.2492162655874037
v -0.0448107900000000 0.2299265300000000 -0.0055791400000000
vn -2.1218027424587120 -0.5404957061737241 -5.8161740364844112
v -0.0391959800000000 0.2076698700000000 -0.0017302500000000
vn 4.4927245067658239 -0.1223746283892001 3.8483041632717669
v -0.0219756000000000 0.1572735600000000 -0.0014032500000000
vn 1.6614252478127718 1.2691718287370193 -4.8162152244004082
v -0.0249623200000000 0.1581997400000000 -0.0153913400000000
vn -0.9128945015945850 -1.1454864346061968 4.6503287528508768
v -0.0279769800000000 0.1579039000000000 0.0020172600000000
vn -3.1240934342337456 0.8882228369066680 -5.0713192133742657
v -0.0322956400000000 0.1586521600000000 -0.0133347600000000
vn 4.2476504020584587 -1.2373089827424308 -1.0856005632809398
v -0.0137426700000000 0.1063493700000000 -0.0169130500000000
vn 4.7845297281091250 -0.4418108437988273 2.7812382061518877
v -0.0154067800000000 0.1104173200000000 -0.0084007300000000
vn 0.3855937016217386 1.4134732232064937 5.2613295103709969
v -0.0217326700000000 0.1150981900000000 -0.0051917100000000
vn -1.8943827342817601 1.0495229547648055 -5.4870700065504519
v -0.0297229800000000 0.1123319700000000 -0.0249719100000000
vn -4.6218013450210238 2.3808356281680627 -1.3661478489326044
v -0.0337183400000000 0.1164124700000000 -0.0194799600000000
vn -2.1743037943552004 1.8160389373892605 1.5243638311205530
v 0.0438009700000000 0.2237420100000000 0.0471529100000000
vn -2.1333369076070512 -4.7954288541199217 2.1678218461514587
v 0.0477733300000000 0.2074895200000000 0.0365860300000000
vn 1.6136218253318828 2.1263887326552382 -1.9937876544530275
v 0.0538516700000000 0.2289236700000000 -0.0015631900000000
vn -1.9429738001440615 1.6990420507622677 2.1601003146760416
v 0.0304893100000000 0.2258878400000000 0.0255757900000000
vn -2.3846152930524340 1.5024672586034373 0.5646206375067087
v 0.0251647300000000 0.2271350000000000 0.0176604000000000
vn -1.8215350247645108 0.7252861486102434 -5.1552974356495929
v 0.0331401600000000 0.2083980300000000 -0.0035839700000000
vn -5.2502806222618608 0.9867920829845538 -0.5273672007787934
v 0.0271328200000000 0.2076206000000000 0.0033664200000000
vn -5.3104868801179936 0.9065546738379990 -0.8584602333785254
v 0.0200303300000000 0.1573088800000000 -0.0084000000000000
vn -4.4993961380300602 -0.1023742860822793 3.8410845121223547
v 0.0226917700000000 0.1571742200000000 -0.0013673700000000
vn 0.9003197477399392 -1.1495187384899064 4.6517853622283329
v 0.0286903900000000 0.1577778800000000 0.0020627700000000
vn 3.1361553237370967 0.8743030450221316 -5.0662908176708896
v 0.0330369900000000 0.1585068600000000 -0.0132822900000000
vn 4.9316280013742881 -0.5921714766274160 -0.2118737982540897
v 0.0370342100000000 0.1589643000000000 -0.0085286000000000
vn -4.2513599044810331 -1.2184033164208075 -1.0924265028797211
v 0.0142573300000000 0.1062871000000000 -0.0168905700000000
vn 4.6345340455538278 2.3602501667861606 -1.3587161243354777
v 0.0342816600000000 0.1162612400000000 -0.0194253500000000
vn 0.4178006100600504 0.4444337846492575 -0.3615632118895340
v 0.0202744700000000 0.0820937000000000 -0.1051828100000000
vn 2.2109181449073039 0.2743677124759804 -5.0098508933922359
v 0.0220686600000000 0.0017557900000000 -0.0713736700000000
vn 2.5467424029210965 -4.1396449756932352 -3.3677170983689795
v 0.0135732300000000 -0.1888386900000000 0.0176566000000000
vn 1.5140697572242920 -5.6981983174167308 -1.1533186611030952
v 0.0135925000000000 -0.1852323600000000 0.0036416300000000
vn 0.0014460822794740 -2.5383532683765750 -3.7990502663445502
v -0.0478048000000000 0.0780467300000000 -0.0181540200000000
vn -3.3799428640263556 0.1598687695215643 -4.0388510222367717
v -0.0684551600000000 0.0882315000000000 -0.0099727400000000
vn 3.8924716257718770 0.0068358904300663 4.6663889727682486
v -0.0582171100000000 0.0591436700000000 0.0273245800000000
vn -4.1638702016513216 -1.7225809164495236 3.1733328765306363
v -0.0785547200000000 0.0558463200000000 0.0242436400000000
vn 3.6864985241235106 3.3824236143382063 0.8598815471444619
v -0.0132228500000000 0.0403100800000000 -0.0173757800000000
vn 0.4298631616451795 -2.3853832706576865 4.8091464883498904
v -0.0226770800000000 -0.0077167100000000 0.0009726500000000
vn -3.2677542862089126 -3.8277324466205478 3.1086798634749067
v -0.0470041700000000 -0.0089939100000000 -0.0109397600000000
vn -4.7564842608919999 -2.0549991813040314 -0.7956046933791340
v -0.0593116100000000 -0.0056308900000000 -0.0343892700000000
vn -0.0038112028778154 0.3735566855233275 5.7788272420328379
v -0.0000359400000000 -0.0232347600000000 -0.0104964000000000
vn -4.0063292140737978 -1.2058869382169684 2.5029819516809209
v -0.0202176900000000 -0.2185089600000000 0.0904026500000000
vn -2.4220275447925168 -5.3091921491605403 1.4901087710196355
v -0.0135578800000000 -0.2271333300000000 0.0746672100000000
vn -4.9537796666460938 2.3586849174184676 1.3862433543397241
v -0.0231314300000000 -0.1880371500000000 0.0673606600000000
vn -3.8867518118981397 2.3782495109589252 1.9092126008187544
v -0.0230564400000000 -0.1615925000000000 0.0472191300000000
vn 0.0093796464149014 5.1653679704225492 2.6254032623740811
v -0.0003584000000000 -0.1490419100000000 0.0426313800000000
vn -0.0003467164642568 1.8298231772755487 5.4980909495411616
v -0.0003358900000000 -0.1417708000000000 0.0347359200000000
vn 0.0025254423619703 2.8960194580190857 4.8767310210355586
v -0.0000965100000000 -0.0453210600000000 0.0037661600000000
vn -3.9896337934172443 2.1048415234596169 2.5505957690438423
v -0.0494804200000000 -0.0715417000000000 -0.0066470700000000
vn -4.0264477957617810 2.9361549146935761 3.4947641720094098
v -0.0541830800000000 -0.0871799900000000 -0.0047400900000000
vn 0.0059971303399696 4.1807578207654190 4.1087163196295071
v -0.0001514700000000 -0.0660372700000000 0.0148303900000000
vn 1.4004333685181871 -0.3542527178929822 -4.2894744151430926
v 0.0631555000000000 0.0671471900000000 0.0018592800000000
vn -0.0066327121099870 -2.5383306207696066 -3.7990564505538078
v 0.0481952000000000 0.0778332300000000 -0.0180769300000000
vn 3.2942987921185067 1.9547852632559257 -0.6381347388302268
v 0.0778737000000000 0.0903062500000000 0.0014885800000000
vn 4.2141465441508617 -0.8728650669692302 -4.4251674149465972
v 0.0774987700000000 0.0735056600000000 0.0076295900000000
vn 4.0851953754846759 1.2221794491325877 0.4491782647022574
v 0.0841627000000000 0.0752750800000000 0.0155535300000000
vn 0.5876789922932939 -1.5157274942000922 4.7404152526869634
v 0.0681056700000000 0.0556475700000000 0.0320927100000000
vn 5.1440370169159362 -0.7946236193387937 -0.4234415129964897
v 0.0834592900000000 0.0577598600000000 0.0132266100000000
vn -3.6727904075652527 3.3987898230609126 0.8539709869833709
v 0.0134445200000000 0.0402507800000000 -0.0173543600000000
vn -4.2763412514798320 0.8338158387149910 3.9871352539873297
v 0.0127063400000000 0.0134918200000000 -0.0032879400000000
vn -0.4481940891684574 -2.3834292404279074 4.8084404017440656
v 0.0226555500000000 -0.0078175300000000 0.0010090600000000
vn 3.2456996049832454 -3.8422192302094667 3.1139086816579820
v 0.0469958300000000 -0.0092029700000000 -0.0108642700000000
vn 3.8813739531999754 1.1914776819347730 -3.9110052568744185
v 0.0534121100000000 0.0149854200000000 -0.0466881600000000
vn 4.7485640643849889 -2.0761390175117960 -0.7879708028567773
v 0.0593557600000000 -0.0058948000000000 -0.0342939600000000
vn 1.5124517655051144 -3.6604140122327977 2.0559678598876427
v 0.0104264000000000 -0.2283698400000000 0.0909909300000000
vn 1.5585479906090525 -3.7557218853185881 -0.3895766831774759
v 0.0134345500000000 -0.2364284400000000 0.0585422100000000
vn 4.9619904009815814 2.3366323885836335 1.3942071166110117
v 0.0222012000000000 -0.1881379700000000 0.0673970700000000
vn 5.7204595466489785 -1.0028664195546144 -0.8909495133085124
v 0.0245839000000000 -0.1810807900000000 0.0259312300000000
vn 3.9948536328694031 2.0870837901371155 2.5570034563876445
v 0.0491869500000000 -0.0717611400000000 -0.0065678300000000
vn 4.0338495225397759 2.9182294535059357 3.5012368592697949
v 0.0538169200000000 -0.0874201800000000 -0.0046533600000000
vn 1.1196000763394152 2.2099846811615795 2.0887894580940629
v -0.3154803500000000 -0.0423656100000000 0.0722074700000000
vn -0.4315759450416548 0.3725369218056571 0.3080343313043410
v -0.2765216900000000 -0.0752240400000000 0.0329523500000000
vn -0.3544778466190834 -0.0822201870642839 0.4175198866350132
v -0.3211589800000000 -0.0464854300000000 0.0760946900000000
vn -0.8621065943126813 -0.4993669959994855 1.3472107519229595
v -0.3165322300000000 -0.0650436800000000 0.0739895700000000
vn 0.6527754184041439 1.8063233313548051 2.2169950582435907
v -0.3105167100000000 -0.0587942200000000 0.0720229600000000
vn -3.0475958725282291 0.4898133242544068 -0.4209278075055508
v -0.3178543200000000 -0.0623757100000000 0.0682528400000000
vn -0.8078709909171917 3.0229151908107839 -1.1937767691073577
v -0.3115072500000000 -0.0572627300000000 0.0644792500000000
vn 2.6692812915768904 3.1547164073491678 4.5059151163592190
v -0.2452043200000000 -0.0857263900000000 0.0244103900000000
vn 2.2252960764004692 3.0570550670386822 4.8562722227812660
v -0.1742264000000000 -0.1030597400000000 0.0043985800000000
vn -0.8247498033229188 -2.0148339397263535 -5.8354365096871401
v -0.0939071500000000 -0.1211217500000000 -0.0270929500000000
vn -0.0412853210268558 -2.7134523749418151 4.4528485719741058
v -0.2499090300000000 -0.1000552800000000 0.0325049100000000
vn -2.1328303650126039 -3.8023179428106837 -1.0479328310063383
v -0.2535768200000000 -0.1026440900000000 0.0258332500000000
vn 2.1622572856585109 2.0193861678146972 5.1227458159643859
v -0.2462236700000000 -0.0918887100000000 0.0314244200000000
vn 0.6061344253791023 -2.7389448255525481 4.0814751404305287
v -0.1759586200000000 -0.1285216600000000 0.0159279200000000
vn -1.2613591348147315 -3.9069696949471515 -1.0917370801014958
v -0.1799608400000000 -0.1336008300000000 0.0046100800000000
vn 2.2223449827287256 1.9457837850182573 4.8378079308195270
v -0.1732594800000000 -0.1140230700000000 0.0152304700000000
vn -1.2103206543088318 -4.2839781893737614 -1.8584442414733444
v -0.0919811400000000 -0.1495047100000000 -0.0135431300000000
vn -1.7704623082997306 1.0177560844825255 -5.7189378082672278
v -0.0230781400000000 -0.0624280300000000 -0.0666414300000000
vn 0.5754185092320185 1.1954445720559796 -0.8008063420460689
v 0.3161964700000000 -0.0422423400000000 0.0651727900000000
vn -1.1131132801458674 2.2149517165782493 2.0870009125500277
v 0.3151870200000000 -0.0437682200000000 0.0727139700000000
vn 0.3534372035638879 -0.0837944543215166 0.4180874425529719
v 0.3208410200000000 -0.0479132400000000 0.0766102900000000
vn 3.5141411148714798 -1.5663419475353262 -4.6118571154306434
v 0.2771551400000000 -0.0749271800000000 0.0258539900000000
vn 0.8577109966381847 -0.5031938374884284 1.3485934580500039
v 0.3161351400000000 -0.0664507400000000 0.0744976800000000
vn -0.7337031848813793 -3.5871065270831823 4.1967907765041259
v 0.2811200100000000 -0.0845867500000000 0.0428759500000000
vn 3.0504108443692877 0.4762500472655000 -0.4160267983073905
v 0.3174783100000000 -0.0637886900000000 0.0687630900000000
vn 0.8232253032880251 3.0192874908294667 -1.1924696235162928
v 0.3111601100000000 -0.0586475500000000 0.0649793200000000
vn -2.6624555542354731 3.1665740392955928 4.5016340097643877
v 0.2447956800000000 -0.0868161500000000 0.0248039200000000
vn -1.7794340952941003 2.9310370349202408 4.7153026781396159
v 0.1564253900000000 -0.1122479700000000 -0.0006585400000000
vn -1.2189648320083128 2.8314980726648482 5.2720765160510812
v 0.1101025500000000 -0.1108354000000000 -0.0092690300000000
vn 3.2398396975888728 -1.2310482783199825 -4.8627842704215389
v 0.0727778200000000 -0.1151469800000000 -0.0326110700000000
vn 0.0220625618592193 -2.7135914847691520 4.4528974306655549
v 0.2494236000000000 -0.1011658000000000 0.0329059400000000
vn -2.1614799115785575 2.0290051369998565 5.1192727604346082
v 0.2457763300000000 -0.0929829200000000 0.0318195500000000
vn -0.5348502221546967 -3.0959755338544346 4.5540980093137433
v 0.1563746400000000 -0.1320009200000000 0.0078317100000000
vn -1.7672773431611162 2.0918958419073816 5.3239758448958874
v 0.1553993500000000 -0.1209184400000000 0.0077484300000000
vn -0.1756574491172957 -2.8285740883303077 4.1929510616927583
v 0.1120208000000000 -0.1426059700000000 0.0045662300000000
vn 0.8763924348641980 -3.9474357331739425 -1.3716852588479205
v 0.1150185300000000 -0.1489798800000000 -0.0102455400000000
vn 0.3840052919352603 -3.0116982031862616 4.6599732657443971
v 0.0900207500000000 -0.1443474800000000 -0.0003524600000000
vn 1.1942378010765877 -4.2893248787387419 -1.8565129162044416
v 0.0913514900000000 -0.1499124400000000 -0.0133958900000000
vn -0.2747980334532826 2.0665255434544023 5.6182540215127883
v 0.0900557000000000 -0.1285932000000000 -0.0002382800000000
vn 2.3535751754802674 -4.2835771704199805 -0.8383546693476766
v 0.0709997800000000 -0.1590657700000000 -0.0151297500000000
vn 4.4509304183977694 1.3798916704020847 -2.3717408079958164
v 0.0545300600000000 -0.0841672600000000 -0.0539344500000000
vn 1.7896908254733894 0.5393609616345953 -5.3111016003516571
v 0.0305341100000000 -0.0890356500000000 -0.0726293300000000
vn -4.7033550250467497 -3.2936595537460387 -1.6759696057082418
v -0.0915218700000000 0.2190874000000000 0.0198094600000000
vn -2.7753252143222751 -1.9186655650727036 3.1643960224062666
v -0.0910264100000000 0.2185967200000000 0.0241158100000000
vn -3.6421413588637277 3.6167982831916530 -0.3585316332634139
v -0.0605510000000000 0.2184328100000000 0.0544906500000000
vn -0.1418082970994817 2.8828396836451469 4.0473318813716519
v -0.0855195200000000 0.2218774600000000 0.0246625500000000
vn 2.7616789398028256 -1.9309800838585747 3.1688376361510744
v 0.0919735900000000 0.2181897300000000 0.0242627800000000
vn 0.1826688028770513 0.2467538442209604 0.4024562186879079
v 0.0634466600000000 0.2219879900000000 0.0681096000000000
vn 3.8687014751875406 -1.6346062298108617 1.3928623169216987
v 0.0632695000000000 0.2142431000000000 0.0595125900000000
vn 0.1481298901851339 2.8821925840566505 4.0475647044839311
v 0.0864804800000000 0.2214949300000000 0.0248006900000000
vn 0.4751428685982272 0.3275652855857953 0.1361757013756407
v 0.0994942300000000 0.2270292000000000 0.0230949200000000
vn 1.8950799366120950 -3.4995683113549814 -2.1939013780002483
v 0.0854620400000000 0.2103271700000000 0.0168195400000000
vn 0.1377155655327877 0.3009641963632421 6.2454639422886364
v 0.0854667100000000 0.2154225900000000 0.0251156600000000
vn -0.9458379186146044 1.3426894185699414 3.5615900223670369
v 0.0721223000000000 0.2186357300000000 0.0472728700000000
vn -1.2874618870951551 1.0063740618904433 -2.2242874130306363
v -0.0871722000000000 0.2230946400000000 0.0110437300000000
vn 3.6204581413094807 -3.2922907364047385 3.4863826013649390
v -0.0527328300000000 0.2120250300000000 0.0561180400000000
vn -3.3766507781367521 0.4999468905915286 4.9328897058051195
v -0.0055290500000000 -0.1989151100000000 0.1169679900000000
vn -1.0603308219845433 -0.7820664475950515 6.0434467909590524
v -0.0040813500000000 -0.2037546800000000 0.1170900300000000
vn -4.7134881747701503 -3.9892529014425295 1.0744623339285377
v -0.0088813700000000 -0.2114326400000000 0.1061474100000000
vn -5.3520653353613223 -1.8951216530691555 0.6190122502421803
v -0.0110431000000000 -0.2093465100000000 0.1055437900000000
vn -6.2443892589995764 0.6151008670261753 0.3136089260094646
v -0.0104041000000000 -0.2025923500000000 0.1069833900000000
vn 4.8255507173439440 -0.8893214911486236 3.3441335271296184
v 0.0104606900000000 -0.2108992400000000 0.0966672500000000
vn 4.6137790138099106 -0.2571740668619474 3.5730972998464425
v 0.0138160500000000 -0.2022649400000000 0.0929560800000000
vn 1.5066506265101194 -2.8757461792419288 3.0566475151664552
v 0.0051091900000000 -0.2120401800000000 0.1156543500000000
vn 3.3709018725506565 0.4849366622920126 4.9383114024026193
v 0.0044709500000000 -0.1989373500000000 0.1169760300000000
vn -1.5243341305981435 -2.8690045571789047 3.0542107023959080
v -0.0062234400000000 -0.2120149800000000 0.1156452500000000
vn 4.6939666129995175 -4.0101748242804200 1.0820185002160609
v 0.0077849400000000 -0.2114697100000000 0.1061608000000000
vn 0.0084604138574380 4.8206365149649759 2.8143441778525764
v -0.0004818000000000 -0.1860567400000000 0.0937773400000000
vn 1.9808236566913426 -3.8635087691883525 4.0473591869578396
v 0.0054455200000000 -0.2173696200000000 0.0976044100000000
vn -2.0044890160193369 -3.8546440816076073 4.0441590569375485
v -0.0065544800000000 -0.2173429300000000 0.0975947700000000
vn -4.8428597331717471 0.7254354107490137 2.7210236366251817
v -0.0108527100000000 -0.2023460400000000 0.0956043100000000
vn -4.6206097276602920 -0.2366391274055366 3.5656844431269437
v -0.0148502600000000 -0.2022011900000000 0.0929330600000000
vn -4.9695899666199272 -0.2521618482703422 3.3003179434823071
v -0.0138580200000000 -0.2054629500000000 0.0935697000000000
vn 0.0010797194879872 0.0063786874288564 -0.0039796668677032
v -0.4049832000000000 0.1671300900000000 0.0326935900000000
vn 3.1507183004242068 1.9032989939814715 5.0347507811570011
v -0.3363129300000000 0.0877642200000000 0.0168653200000000
vn -0.5628434758485530 -0.8978836069608892 2.0602810265733722
v -0.3612956800000000 0.1005209900000000 0.0305346000000000
vn -2.9190843672946940 -1.7215488281359317 -3.3148954408465552
v -0.3612918300000000 0.1009352200000000 0.0268912200000000
vn -1.8238318045598048 -0.4389997917723972 -5.8462551796821991
v -0.2704869300000000 0.0039481000000000 0.0018698300000000
vn -2.3551596873399370 -0.8172838156154005 -5.3791559588065381
v -0.3391610400000000 0.0828997300000000 0.0213414700000000
vn 2.4979713397959835 0.7810877804021628 5.5972680894901661
v -0.2636932000000000 0.0605162000000000 -0.0000783100000000
vn 2.1589568137858834 0.3679021233182151 5.6725617751827819
v -0.2432134300000000 0.0471931100000000 -0.0116359300000000
vn -3.9161014155743543 -1.9771588147872481 -4.4197813698172927
v -0.2278756700000000 -0.0273351500000000 -0.0159001200000000
vn -2.7066998903613295 -1.1753384504604161 -5.0493775484842107
v -0.2936978300000000 0.0568952100000000 -0.0045480000000000
vn -3.8707750372408460 -2.4480737902597678 -4.2794371377843756
v -0.3141783000000000 0.0701429700000000 0.0076721900000000
vn -0.3312880075142671 0.7727814388293984 6.1074805258208649
v -0.1863845300000000 -0.0327186400000000 -0.0194871900000000
vn 0.4684062224480879 -0.2815410523782889 6.2501890542228438
v -0.2174293900000000 0.0232934800000000 -0.0158356600000000
vn -0.3595464192362265 0.7490782194298997 -6.2263477253358328
v -0.2223550900000000 0.0564359500000000 -0.0166017000000000
vn -0.9023826558785808 0.4867576349263378 -6.1815460459160434
v -0.2432088900000000 0.0476826800000000 -0.0159418800000000
vn 1.1625732515994180 0.2707462878867004 6.0643857699784824
v -0.1550908900000000 0.0206114100000000 -0.0288232600000000
vn -1.8440152184918863 0.0582951717452385 -5.9720769590072740
v -0.1830576800000000 0.0364959300000000 -0.0263756500000000
vn -1.2705927052521002 0.2309834232367283 -6.0294774164638287
v -0.1965710400000000 0.0325363200000000 -0.0208014300000000
vn 0.2422783367263900 -0.1821947550188542 6.2752163669311720
v -0.1407536700000000 0.0222916600000000 -0.0291203100000000
vn -0.2067584373962884 1.0217169698761130 -6.1959122552363848
v -0.1431411000000000 0.0244050500000000 -0.0337365300000000
vn -0.7791198068272639 0.7699742350110521 -6.1501461386239207
v -0.1550854700000000 0.0211950400000000 -0.0339565200000000
vn 1.4889837636699124 0.3382069459980231 6.0947027513657108
v -0.1116059300000000 0.0124456200000000 -0.0330604000000000
vn -1.2227808391626154 -0.1756737136158502 -6.0800665174474942
v -0.1009981300000000 -0.0176181400000000 -0.0428838200000000
vn -0.7870917172845004 0.7669113886914598 -6.1860427846044539
v -0.1135906100000000 0.0179264200000000 -0.0369683600000000
vn -0.5405692657736169 0.8614678876750488 -6.1919131700717100
v -0.1249222500000000 0.0192468400000000 -0.0352788200000000
vn 3.9202480035158409 1.4464701164514424 3.1005906165496815
v -0.0729698900000000 -0.0051181500000000 -0.0430686300000000
vn -1.3768962390969683 0.1712042077576225 -6.1029166205985730
v -0.0706953900000000 -0.0337641200000000 -0.0493419700000000
vn -1.3356031108635711 0.4664723848092616 -6.1142064946891441
v -0.0811808500000000 -0.0067842400000000 -0.0446708600000000
vn -0.0046676448255190 -0.1184423971367066 0.0951872425518607
v -0.4779508600000000 0.1964886100000000 0.0738641200000000
vn 3.9088681204482398 2.6222936924420690 4.1453434777764127
v -0.3981705300000000 0.0933074300000000 0.0622170900000000
vn 0.0838362980780840 0.0804121889545187 -0.1381131628569325
v -0.4198215200000000 0.1056504300000000 0.0765139800000000
vn -4.0409204819452853 -2.7873383698690910 -3.9087487580969946
v -0.3961097800000000 0.1154076000000000 0.0477903000000000
vn 0.1792363442545492 0.6912585935217165 -1.5870036206897584
v -0.3744587900000000 0.1030646000000000 0.0334934000000000
vn 4.0927749177729513 3.4320016673352693 2.4631433693223244
v -0.3744626300000000 0.1026503700000000 0.0371367800000000
vn -2.6731015741243196 1.6106908886102280 5.4530046838968893
v 0.2705053800000000 0.0019164400000000 0.0095910700000000
vn -2.0662351958847056 1.0859450452134272 5.7770649345602774
v 0.3144852200000000 0.0683305700000000 0.0118204600000000
vn -3.1503071875048998 1.9173154001725199 5.0296869687685914
v 0.3366870700000000 0.0862674600000000 0.0174058200000000
vn -0.0010451089430137 0.0063848716512386 -0.0039822392971054
v 0.4056841700000000 0.1653271600000000 0.0333446500000000
vn 3.8667184952068436 -2.4652831771012718 -4.2732200057537479
v 0.3144890700000000 0.0687448100000000 0.0081770800000000
vn 2.3601383655918489 -0.8277717727503262 -5.3753673689182113
v 0.3395063200000000 0.0813903800000000 0.0218865200000000
vn -0.0741369599249301 0.4529107218298577 -0.0284076971731503
v 0.3301558600000000 0.1436936900000000 0.0081602200000000
vn -2.5034607691458861 0.7922109575016574 5.5932506732938432
v 0.2639741700000000 0.0593426700000000 0.0003454700000000
vn 0.9144664534353564 0.4827166891435605 -6.1800868894118963
v 0.2434584800000000 0.0466003300000000 -0.0155510300000000
vn 2.7095558247286555 -1.1873878772192266 -5.0450232390464942
v 0.2939695400000000 0.0555882300000000 -0.0040760300000000
vn -0.2786820161720586 0.3029580024356569 0.0017560825127536
v 0.2537614800000000 0.1109210600000000 -0.0075560000000000
vn -2.1664093996199147 0.3775234363678192 5.6690891112698161
v 0.2434539300000000 0.0461107600000000 -0.0112450700000000
vn -0.4796921015966831 -0.2794336921422402 6.2494276525945818
v 0.2175706100000000 0.0223260400000000 -0.0154863000000000
vn 1.2812979204721207 0.2253030337746857 -6.0274297934791985
v 0.1967615900000000 0.0316615500000000 -0.0204855400000000
vn 0.3728749216899370 0.7474474273621452 -6.2257597855766171
v 0.2226449100000000 0.0554462700000000 -0.0162443100000000
vn -0.3011822346240149 0.6054336852725598 -0.0979293304575090
v 0.1998503800000000 0.0719600000000000 -0.0194230700000000
vn -1.0747477554322777 0.1982791447396325 6.0914172228734520
v 0.2005013500000000 0.0382470400000000 -0.0150361200000000
vn -2.0914042484531468 0.7343659107114120 5.8784701308515368
v 0.1685626000000000 0.0160865000000000 -0.0231246700000000
vn 0.7924134790864028 0.7664812624105637 -6.1488852906640945
v 0.1552471600000000 0.0205048600000000 -0.0337072800000000
vn 1.8538496996596030 0.0500684426456025 -5.9691059652169258
v 0.1832749500000000 0.0356812000000000 -0.0260814400000000
vn -1.1710947029567444 0.2759367955558084 6.0625112467766735
v 0.1573143500000000 0.0245290300000000 -0.0283833900000000
vn -0.2531682133559777 -0.1810931955767411 6.2748183946129004
v 0.1409126400000000 0.0216652400000000 -0.0288941000000000
vn 0.5543400646871199 0.8590335686388989 -6.1910337322210331
v 0.1270873700000000 0.0233109300000000 -0.0342570400000000
vn 0.2212498534693917 1.0207663983217650 -6.1955683864863405
v 0.1376157100000000 0.0171648200000000 -0.0347979800000000
vn -0.3922797820815305 0.5715864538752408 -0.0520353669151215
v 0.1278096700000000 0.0494368700000000 -0.0309500300000000
vn -0.9394986111653632 0.0848520231081932 6.1770908791359691
v 0.1250722400000000 0.0180977300000000 -0.0298614400000000
vn -1.4972547503584943 0.3448502814735183 6.0923036944169784
v 0.1118868300000000 0.0177793000000000 -0.0331719700000000
vn 0.9263141349627249 0.7176420102228227 -6.1699209118637039
v 0.0983883500000000 0.0065860200000000 -0.0400467700000000
vn 0.8004302340122088 0.7633800517794140 -6.1847678537291726
v 0.1137430700000000 0.0174208200000000 -0.0367857900000000
vn -0.0889716632106690 0.3836785359043908 -0.0311469282453338
v 0.1022428800000000 0.0360065700000000 -0.0370123500000000
vn -1.6151174569584306 0.4140818240310888 6.0553218064558312
v 0.0983838000000000 0.0060965100000000 -0.0357413400000000
vn -1.9096948718003932 0.4925802472659909 5.9638577181965253
v 0.0867128700000000 0.0031302300000000 -0.0389428700000000
vn -2.0980339361560039 1.3550028783307833 -2.9006971475936929
v 0.0730339500000000 -0.0050286800000000 -0.0465942300000000
vn 1.3474873146019108 0.4605045823883017 -6.1120503033815563
v 0.0847048900000000 -0.0020624000000000 -0.0433927000000000
vn -3.9187528312992783 1.4639028321467751 3.0943079396083144
v 0.0730301100000000 -0.0054428600000000 -0.0429513800000000
vn -3.8715027371600348 2.1355184004294530 4.4447277920969412
v 0.3133797900000000 0.0115861600000000 0.0371549600000000
vn -4.0814208078190575 3.4501828074716747 2.4565802505372605
v 0.3748700000000000 0.1009838500000000 0.0377385800000000
vn -3.9038192645625340 2.6396705743500570 4.1390672622087390
v 0.3984957900000000 0.0915356400000000 0.0628569100000000
vn 4.1986665908493173 -2.0570365647514608 -4.1537210495366850
v 0.3133841200000000 0.0120521700000000 0.0330561600000000
vn -0.0832537831049923 0.0807833142042273 -0.1382445028598503
v 0.4201784800000000 0.1037822600000000 0.0771886000000000
vn 4.0347555810905513 -2.8052964290076448 -3.9022650167154187
v 0.3965565300000000 0.1136447100000000 0.0484269000000000
vn -0.1736129176258359 0.6920488608009847 -1.5872912763235711
v 0.3748738500000000 0.1013980800000000 0.0340952100000000
vn 0.0039879740222701 -0.1184623944157750 0.0951946270638477
v 0.4787154600000000 0.1943609800000000 0.0746324400000000
vn -2.4347713639206514 1.2814066356575657 5.5703426265981166
v 0.0723402400000000 -0.0339104900000000 -0.0407791100000000
vn 1.2317530559556740 -0.1811359170296987 -6.0780945054427633
v 0.0976660600000000 -0.0195399200000000 -0.0433537800000000
vn -1.6753857824808858 0.9098483501826221 5.9544305476147992
v 0.0976566100000000 -0.0205566300000000 -0.0344113700000000
vn 0.1125197921431497 0.1219891057595206 -6.2112506833286822
v 0.1231122100000000 -0.0145791200000000 -0.0406240500000000
vn -1.0377823233685746 0.7831185096238912 5.9814812588622663
v 0.1386608900000000 -0.0169412000000000 -0.0300991400000000
vn 2.1610094863192968 -0.8486658149649469 -5.8178618365215122
v 0.1521583800000000 -0.0197935900000000 -0.0347697600000000
vn 0.3249098382738825 0.7713229013113720 6.1080065822150660
v 0.1856272000000000 -0.0332681800000000 -0.0191882900000000
vn 3.9143607860003931 -1.9945743788553536 -4.4134934721422461
v 0.2277916900000000 -0.0283485500000000 -0.0155341600000000
vn -3.6274450475677340 1.2868081824592781 4.9530994557827546
v 0.2303483300000000 -0.0275983700000000 -0.0061360100000000
vn 1.8312429582879881 -0.4471214088862814 -5.8433204763783868
v 0.2705130700000000 0.0027449200000000 0.0023043100000000
vn 2.9167166379090119 -1.7345252549297103 -3.3102108884935104
v 0.3617081700000000 0.0993272700000000 0.0274718800000000
vn 0.5555333530908847 -0.9003685411373000 2.0611755873837350
v 0.3617043200000000 0.0989130300000000 0.0311152600000000
vn 3.8738186485599573 2.1182926443471120 4.4509486044047630
v -0.3111472000000000 0.0138559500000000 0.0343003200000000
vn 2.1086904599805836 1.3456487440120322 -2.8973318365684149
v -0.0729660500000000 -0.0047039800000000 -0.0467114900000000
vn 0.3949010970851963 0.5698367425250721 -0.0514025158400844
v -0.1236961200000000 0.0472789800000000 -0.0319641800000000
vn 0.3040319109473465 0.6040916843460222 -0.0974433396694978
v -0.2029787800000000 0.0747607300000000 -0.0187961700000000
vn 0.2800255450834272 0.3017170610134498 0.0022054049826127
v -0.2532385200000000 0.1120486300000000 -0.0079631800000000
vn 0.0761969487905515 0.4525774320446810 -0.0282868843059302
v -0.3295115100000000 0.1451607900000000 0.0076304300000000
vn 2.0617593392232010 1.0767623850722969 5.7803830147419459
v -0.3141821500000000 0.0697287300000000 0.0113155700000000
vn 2.6714755998090141 1.5988039889410577 5.4572979601789937
v -0.2704946200000000 0.0031196300000000 0.0091565800000000
vn -2.5967497940016226 -2.8555703933600629 -0.8106109161977766
v -0.0765589400000000 0.2084280900000000 0.0365614500000000
vn -1.5227330207488645 4.9287675543359057 1.3884149384885993
v -0.0688433200000000 0.2264778900000000 0.0252032100000000
vn -0.9730798848603746 -2.3197950217413590 2.1066932396408280
v -0.0835470500000000 0.2097238900000000 0.0252957100000000
vn -0.1012815621273687 6.0089192676198984 1.1534401985901068
v -0.0496951800000000 0.2245482900000000 0.0432874600000000
vn -0.7211213726943833 5.7083505711047779 2.5183556348879290
v -0.0517087000000000 0.2211837800000000 0.0507869800000000
vn 4.6880975047160094 -2.9546667494427634 2.7509036755455023
v -0.0448802200000000 0.2158174100000000 0.0417966500000000
vn 2.3628921483730432 1.5216753331246038 2.3141972738719065
v -0.0465444800000000 0.2207623200000000 0.0529247900000000
vn 1.1840159455167707 -3.9994633004294231 1.9625998898784789
v -0.0552430900000000 0.2064601800000000 0.0534697900000000
vn -1.3847198002018228 -2.1039778297741720 -5.7406498475697578
v -0.0695138300000000 0.2195212100000000 0.0111598400000000
vn -1.9071025555063104 -3.4911109623606715 -2.1969543969394625
v -0.0845379600000000 0.2107052500000000 0.0166830100000000
vn -2.4178823696592504 -4.0496920425917677 -3.2672156982581657
v -0.0652014800000000 0.2107082300000000 0.0133496500000000
vn -0.8129880171998645 2.0743771467012504 -2.0625776180409243
v -0.0738261800000000 0.2283342000000000 0.0089700300000000
vn -2.5732554024390559 -2.2059563289826363 0.1880954055457710
v -0.0622403000000000 0.2067769600000000 0.0508149200000000
vn -2.8138136170119128 -5.5065322105379266 0.3872544759412773
v -0.0540510600000000 0.2033590200000000 0.0128611500000000
vn -2.1584432227659325 -5.7835712895144002 1.1702951371505954
v -0.0497233200000000 0.2027657500000000 0.0179978900000000
vn 5.0280922285211824 -1.8310671448750762 2.6016383490752482
v -0.0388833400000000 0.2099822400000000 0.0295654200000000
vn 1.4161646695469650 -4.5371791357034130 2.8588949722638928
v -0.0408971600000000 0.2018648900000000 0.0242787700000000
vn -1.6640747576868533 -5.7789186623319351 1.6817308554441097
v -0.0457282100000000 0.2022296500000000 0.0226380800000000
vn -3.5821919009764107 -1.5835865029032419 -4.9128476528203251
v -0.0506575700000000 0.2082437800000000 0.0033977700000000
vn -2.6843781524259511 -1.9289978621825385 -5.2400123959395728
v -0.0638477100000000 0.2186656200000000 0.0097267900000000
vn 0.1565858715735352 6.1736654914123044 0.5804286585065164
v -0.0537546900000000 0.2254315100000000 0.0164194400000000
vn 0.6997849121750935 6.2270588838502121 0.2517084432451595
v -0.0565077300000000 0.2258899400000000 0.0212909900000000
vn -2.7230260311719414 -1.3688630840284941 -5.4084720752540765
v -0.0481857200000000 0.2131885700000000 0.0000626000000000
vn -2.0838205329221506 2.2851259826945767 -1.8533038237783481
v -0.0576548200000000 0.2278919500000000 0.0022275400000000
vn -0.3562332016624845 6.1801804833343237 1.0194647001338266
v -0.0411631900000000 0.2275910900000000 0.0119393700000000
vn -0.6128586792593803 6.1309328622842036 1.2306217082138873
v -0.0460023100000000 0.2263221400000000 0.0158157700000000
vn 2.7789114068024579 2.8880030080716299 -0.7965517207197226
v -0.0273265300000000 0.2281366600000000 0.0098352000000000
vn 5.7127332340455119 0.4155562036366900 0.0313613966819847
v -0.0296805500000000 0.2176599300000000 0.0061254400000000
vn 1.4163546178540609 3.7305829172428213 -2.2205896027567369
v -0.0376479700000000 0.2294775700000000 -0.0017647600000000
vn 0.7542794452960891 -0.0707026759301669 -5.6774150817316187
v -0.0385016300000000 0.2192349300000000 -0.0046077900000000
vn 3.8629823214188717 0.9862607258652024 -4.7131266080893059
v -0.0313388100000000 0.2187859700000000 -0.0007934100000000
vn 4.4855816203635666 -2.4306966916725026 3.6145950990151254
v -0.0322054800000000 0.2110255000000000 0.0187875700000000
vn 4.9659438153288251 -2.2597727922868631 3.1147323038462620
v -0.0291933200000000 0.2161562700000000 0.0178644300000000
vn 4.7553506981506235 1.5547138169616330 -3.8000238749618518
v -0.0257473800000000 0.1829698400000000 -0.0060340100000000
vn 5.2835867357447031 0.9146601791892202 -0.8169183192307105
v -0.0227510600000000 0.1825677800000000 -0.0025540000000000
vn 5.8479315018125408 0.2758770333387400 2.2807148573199281
v -0.0240877100000000 0.1825063800000000 0.0009601700000000
vn -1.6761613434627838 1.1588685707233575 -5.9429650577013931
v -0.0320791500000000 0.1829348000000000 -0.0085608000000000
vn 1.5272883008947431 1.3467269094932535 -4.8283310421838843
v -0.0285773900000000 0.1833715400000000 -0.0095138900000000
vn 3.0605340922743558 -0.8597420836366930 5.4193545264483394
v -0.0283702700000000 0.1790733700000000 0.0055977500000000
vn -0.8615709319038872 -1.3369735236342029 4.4872406009691144
v -0.0314386300000000 0.1769668100000000 0.0070323900000000
vn -3.1918636522868429 -0.3870649409397542 -5.1256944712249046
v -0.0413758700000000 0.2024430600000000 0.0000219000000000
vn -4.6403236135286177 0.2979183744345020 -4.2186963218510325
v -0.0379257000000000 0.1779342100000000 -0.0057803500000000
vn -3.0434857025699649 0.7952216706267858 -5.1687672028146103
v -0.0357458100000000 0.1831610100000000 -0.0075325100000000
vn -4.7583285118349936 -1.8630700540875753 3.6541944472691856
v -0.0355993500000000 0.1775785500000000 0.0017300200000000
vn -4.7385537603179024 -0.8576568386137808 -0.1661970361509046
v -0.0399270900000000 0.1781718200000000 -0.0034067200000000
vn 4.8289273699250765 1.1578769782578693 -3.8493193883059678
v -0.0193524900000000 0.1322745600000000 -0.0161522000000000
vn 5.5215004142651338 0.8381558153297891 -1.4252047008867015
v -0.0165224800000000 0.1318728600000000 -0.0126723200000000
vn 6.0198616176157840 0.5002192337777734 1.5992959960429247
v -0.0173545400000000 0.1339068400000000 -0.0084161600000000
vn -0.9098666335379734 1.3601349250659247 -6.0249129050575920
v -0.0270144300000000 0.1328898800000000 -0.0199482000000000
vn 1.6029481894461910 1.1775423880918392 -4.9205205205955389
v -0.0233477800000000 0.1326636700000000 -0.0209764900000000
vn 2.8001317351956705 -0.4865270347659274 5.5958457515674755
v -0.0218541300000000 0.1361858800000000 -0.0032974800000000
vn -0.8487657461835911 -0.9099226981950742 4.6677915179023222
v -0.0248548200000000 0.1365010500000000 -0.0015872300000000
vn -2.4770486976416395 1.1383958022886933 -5.0788512115527986
v -0.0310093100000000 0.1354920700000000 -0.0191533300000000
vn -4.9338635712262535 -0.5702297456941618 -0.2198020723303468
v -0.0362984200000000 0.1591273900000000 -0.0085875000000000
vn -4.8434362402710960 -0.2534204791427071 -0.1534630198184413
v -0.0350083800000000 0.1377699300000000 -0.0140337300000000
vn -0.1636109582751455 6.2289309473916905 0.8046601809138270
v -0.0301197300000000 0.2279008600000000 0.0108538700000000
vn 3.2404512717339506 2.0128505825869136 -1.3028836380702475
v 0.0801324500000000 0.2197099300000000 0.0376748300000000
vn 2.0889364670324073 -5.5366404332093442 0.2879513898178395
v 0.0654536400000000 0.2092126700000000 0.0240526500000000
vn 0.9593660192745104 -2.3240899538387665 2.1082448429836074
v 0.0844529500000000 0.2093502600000000 0.0254306400000000
vn 1.5424085080262888 4.9219514693802520 1.3908751909050481
v 0.0698240500000000 0.2261694900000000 0.0253145800000000
vn 3.6587661285581281 3.6005597830277156 -0.3526691689526785
v 0.0614490000000000 0.2181614800000000 0.0545886300000000
vn -4.7056090805148747 -2.9337734692337332 2.7433559683242565
v 0.0457871500000000 0.2156157700000000 0.0418694700000000
vn -2.3598170883011385 1.5321822620052110 2.3104054237260088
v 0.0474555200000000 0.2205532600000000 0.0530002900000000
vn -2.3431213528238661 -4.7413034157748157 0.7913395916712473
v 0.0519314300000000 0.2068510500000000 0.0450726200000000
vn 0.1356046315589975 -6.2522897170818394 -0.5974844649931739
v 0.0567666900000000 0.2071943200000000 0.0434397000000000
vn 2.4050916439330479 -4.0604190269320535 -3.2633407764194020
v 0.0661311500000000 0.2104161500000000 0.0134551300000000
vn 0.8255185888044443 2.0707327737543899 -2.0612619156244576
v 0.0748411900000000 0.2280035600000000 0.0090894300000000
vn 1.3130403182443597 -5.7026002045819357 1.1194534822767772
v 0.0574438500000000 0.2081760500000000 0.0333201800000000
vn 0.9319977902481705 5.0644746376843779 1.6256466404735861
v 0.0574760300000000 0.2249082900000000 0.0395831600000000
vn 2.7886662045982029 -5.5189942859784944 0.3917574708484132
v 0.0549489400000000 0.2031166100000000 0.0129486900000000
vn 2.1308164428253686 -5.7931108065825496 1.1737346810865941
v 0.0506103700000000 0.2025426100000000 0.0180784700000000
vn -1.4409250593712717 -4.5308262308360838 2.8566013429842236
v 0.0417702100000000 0.2016810400000000 0.0243451600000000
vn -5.0403583412824178 -1.8086726636823349 2.5935518582091257
v 0.0397840300000000 0.2098072800000000 0.0296286000000000
vn 1.6356489515835015 -5.7862572189890491 1.6843802824461267
v 0.0466054700000000 0.2020243000000000 0.0227122400000000
vn -0.1300574654197214 6.1743036099979065 0.5801999632698719
v 0.0518247100000000 0.2248060200000000 0.0199404000000000
vn 1.5007854686211297 2.4661224053984094 -2.6910278626006274
v 0.0635060600000000 0.2263427800000000 0.0062051300000000
vn 2.7255976698633440 -1.3809819621151647 -5.4040939140100983
v 0.0491479600000000 0.2129721000000000 0.0001407700000000
vn 0.3820794020838938 6.1785390860330285 1.0200523158047068
v 0.0421704900000000 0.2274057600000000 0.0120063000000000
vn 0.6381472989283096 6.1281501603674524 1.2316277647893368
v 0.0469976900000000 0.2261153100000000 0.0158904600000000
vn -2.7647523475355635 2.9003343653746079 -0.8010006671128234
v 0.0283397900000000 0.2280128600000000 0.0098799100000000
vn 0.3107222998816204 1.8795625637332005 -2.2487221664484065
v 0.0458565800000000 0.2297248900000000 -0.0055063300000000
vn -3.8509798596995046 1.0034191271506536 -4.7193268065253120
v 0.0323275100000000 0.2186443700000000 -0.0007422700000000
vn 2.0028988240671253 -1.5050520400917835 -5.7302826186939164
v 0.0429966100000000 0.2186091600000000 -0.0035864300000000
vn -5.2781430995659964 0.9381497101666603 -0.8254011357156044
v 0.0231376700000000 0.1793202600000000 -0.0032521900000000
vn -4.7422736592983057 1.5758384505599432 -3.8076567685305531
v 0.0265852500000000 0.1828534600000000 -0.0059919800000000
vn -4.4292582870932904 -0.2777281383016585 3.8784455664524744
v 0.0266853300000000 0.1847291700000000 0.0051664800000000
vn -5.8503012229172393 0.3018952063049857 2.2713222502441610
v 0.0249122900000000 0.1823974100000000 0.0009995200000000
vn 1.6908482490187582 1.1513806980000931 -5.9402595438363299
v 0.0329208500000000 0.1827902400000000 -0.0085086000000000
vn 0.8484060957746402 -1.3407744400142303 4.4886085025964135
v 0.0322287400000000 0.1768252100000000 0.0070835300000000
vn -3.0730372999418778 -0.8461000029023177 5.4144238695566882
v 0.0292409100000000 0.1819693300000000 0.0061555700000000
vn 3.0552979907383970 0.7816548172798539 -5.1638685567569258
v 0.0365868200000000 0.1830001500000000 -0.0074744100000000
vn 4.6483729165315193 0.2772605091597868 -4.2112367361203678
v 0.0387406200000000 0.1777637000000000 -0.0057187700000000
vn 4.7349524067968822 -0.8787284842254988 -0.1585860621137298
v 0.0407392300000000 0.1779924200000000 -0.0033419300000000
vn 4.7441197862708870 -1.8842038347880798 3.6618244612914284
v 0.0364006500000000 0.1774184300000000 0.0017878400000000
vn -5.5154193106410041 0.8627024967828683 -1.4340716638901037
v 0.0171438300000000 0.1317979900000000 -0.0126452800000000
vn -4.8175386162382177 1.1793314207895926 -3.8570685377584404
v 0.0199811900000000 0.1321870800000000 -0.0161206100000000
vn -4.2002038439231164 0.0121129605608522 3.9740655254424953
v 0.0197316800000000 0.1366875900000000 -0.0044334600000000
vn -1.5897919924835100 1.1846433314721576 -4.9230847088188305
v 0.0239859100000000 0.1325584000000000 -0.0209384700000000
vn 0.9255828562678388 1.3560524988959801 -6.0234384325316039
v 0.0276518800000000 0.1327683000000000 -0.0199042900000000
vn 0.8372080877021838 -0.9136743073470820 4.6691469116888449
v 0.0254788600000000 0.1363891100000000 -0.0015468100000000
vn -2.8112459952967388 -0.4740470420840669 5.5913420088490398
v 0.0224795500000000 0.1360872800000000 -0.0032618800000000
vn 2.4902400195561634 1.1273496103114924 -5.0748591321612313
v 0.0316570100000000 0.1353527000000000 -0.0191030000000000
vn 4.8600453364642382 -1.5531732919975991 3.6547328359382014
v 0.0328623000000000 0.1583710900000000 -0.0032329200000000
vn 4.8425027277007091 -0.2749631467504862 -0.1456875739470413
v 0.0356579400000000 0.1376127700000000 -0.0139769800000000
vn 4.8263397315927348 -1.3165893110890605 3.7995741366093987
v 0.0314860300000000 0.1370195600000000 -0.0086812900000000
vn 3.4474319802053675 2.0386016277339349 3.0828456785900711
v 0.0282745000000000 0.1156307900000000 -0.0122908600000000
vn -4.1683030164125867 -1.4307912373126070 -3.5750644355195869
v 0.0182620500000000 0.1066584200000000 -0.0217084300000000
vn -5.1979057470462786 1.0238540999398857 -0.7892162069008436
v 0.0293238300000000 0.2182556500000000 0.0027329200000000
vn -1.7243940715336719 1.7976158545258107 2.6364107403212729
v 0.0353163300000000 0.2245785500000000 0.0296257300000000
vn -5.0677380156429939 -1.4351619167844138 2.8508376290672088
v 0.0379552200000000 0.2095709000000000 0.0228899800000000
vn -3.4432733170442393 2.0539250433470162 3.0773091694250816
v -0.0277255000000000 0.1157553300000000 -0.0123358400000000
vn 1.7556658661395741 -0.7529192963366017 -4.0879368279281003
v -0.0217332300000000 0.1071276000000000 -0.0265616300000000
vn 5.2036714187259872 1.0007197442496631 -0.7808527093424482
v -0.0283424800000000 0.2183839000000000 0.0026866100000000
vn 5.0567161412125152 -1.4576812954688001 2.8589683817761053
v -0.0370447800000000 0.2097377000000000 0.0228297400000000
vn 0.5535866254542523 6.2453831266758240 0.2998239986176376
v -0.0540163000000000 0.2249617900000000 0.0294075800000000
vn 3.0635969378819721 3.0404789139304347 1.7317286482815282
v -0.0391892800000000 0.2234456900000000 0.0336119500000000
vn -0.5434020570751464 4.1060449707006992 -0.1103949548686178
v -0.0097234000000000 0.0835378500000000 -0.1040438500000000
vn 0.0608671874620407 4.1489619012808410 4.5731639051363970
v 0.0002428300000000 0.0727354500000000 -0.0918424100000000
vn -1.1596712967973757 4.1225398835995737 4.5970704239480380
v -0.0122508600000000 0.0740808600000000 -0.0960638600000000
vn 0.5589740660183788 4.0275023614062491 -0.0421109023752284
v 0.0102766000000000 0.0834933700000000 -0.1040277900000000
vn 0.5511624356175308 0.4051264486171047 -0.3479657496889755
v 0.0364850600000000 0.0674489000000000 -0.0965563900000000
vn 0.0050602829611977 0.4311707611031583 -5.1065884171624392
v 0.0002744700000000 0.0821381800000000 -0.1051988700000000
vn -0.6112074533460894 0.4476683514165881 -0.3991171566355560
v -0.0327570600000000 0.0705246400000000 -0.0983346800000000
vn 1.7460268890752377 2.9170596172888144 4.1922669256270417
v 0.0001602800000000 0.0438177700000000 -0.0691306400000000
vn -2.4486243285428051 1.9094456721591282 5.0914164768707311
v -0.0257063700000000 0.0449502200000000 -0.0765771500000000
vn 1.3235201512803283 2.8109426548951424 5.2517072494299395
v 0.0232091800000000 0.0596199400000000 -0.0860963000000000
vn 3.1075738989360224 1.8994469228545441 4.6398289052991473
v 0.0125041500000000 0.0274904500000000 -0.0755029600000000
vn -0.0013130993602002 -2.6376154320329390 -5.6699746447097148
v -0.0055385800000000 0.0587771100000000 -0.0914221000000000
vn -1.7998342667205964 -0.8914227393406311 -0.3932844937124861
v -0.0338599600000000 0.0303601400000000 -0.0814317200000000
vn 0.0001258485850729 -2.0840215582051758 -5.9275013060694270
v 0.0159971900000000 0.0231292600000000 -0.0788883900000000
vn 2.0545179178217206 -5.3396956229021271 -1.3711848063695302
v 0.0135828700000000 -0.1870355200000000 0.0106491200000000
vn -0.0122754984246419 -6.0849444559167223 -1.5657962462867592
v 0.0013325600000000 -0.1870646300000000 0.0108582600000000
vn 3.7123379849147096 -0.8842130639107830 4.7503292020602421
v -0.0585239600000000 0.0713605200000000 0.0290480300000000
vn 2.8577635692920009 -4.7142223539547530 -2.8433831194009658
v -0.0421866200000000 0.0773960200000000 -0.0114285700000000
vn 4.3955287506639724 -2.8601128665102031 -0.1224231941416875
v -0.0208977900000000 0.0950851600000000 -0.0106529600000000
vn -2.7543969191277622 -1.3863750245237136 -5.2264891604580352
v -0.0607112700000000 0.0844122100000000 -0.0130407200000000
vn -1.8915651741910315 -0.1894336332287311 -5.9692648046189074
v -0.0387638900000000 0.0951893500000000 -0.0215629700000000
vn -2.8636547468467390 1.3783549917774562 -5.1800659845126775
v -0.0490890700000000 0.1002817400000000 -0.0174723300000000
vn 3.1424763689945667 0.9903816618627270 5.2182901676923894
v -0.0488199200000000 0.0864998100000000 0.0240702700000000
vn 3.4361686987507012 1.8129067174413094 4.9251345912595941
v -0.0381387500000000 0.0979505500000000 0.0120478400000000
vn -2.9454010456512396 4.4219974299696085 -0.7157792464187444
v -0.0514879500000000 0.1059471600000000 -0.0110121700000000
vn -2.7361916463958642 4.8983659026898874 2.6686205778986052
v -0.0639340800000000 0.0891532500000000 0.0179816200000000
vn 0.7343985137934985 3.4845703407324766 3.5775109202129789
v -0.0387759200000000 0.1016761800000000 0.0113802900000000
vn 2.1511941573458944 -5.3984265165476959 -2.3870971490353208
v -0.0453253300000000 0.0734071600000000 -0.0054271900000000
vn -0.8053461328988416 -4.2614829056113237 -2.9768161545710745
v -0.0558297700000000 0.0705287300000000 -0.0079463600000000
vn 3.0102937051458762 -0.1197813997590874 5.5137464911368772
v -0.0550054400000000 0.0792717100000000 0.0272677200000000
vn -3.2845399983668702 1.9694142162041861 -0.6434188168988516
v -0.0774589300000000 0.0906517100000000 0.0013638200000000
vn -3.3384898298998387 4.2962795849122521 3.1420642793246065
v -0.0698282400000000 0.0819514400000000 0.0216854500000000
vn -0.9085231052783647 0.9793637872057624 3.9755064643901656
v -0.0681902200000000 0.0737979800000000 0.0343471900000000
vn -4.2108760451858549 -0.8541280965451417 -4.4319320183708770
v -0.0771686000000000 0.0738496400000000 0.0075053700000000
vn -5.3090048435072674 -0.0033867713522308 3.1703204912355645
v -0.0811960100000000 0.0657475200000000 0.0198311300000000
vn 2.4019160006780309 5.5603614526656466 -1.6512735448577973
v -0.0380336700000000 0.0538687500000000 -0.0078088500000000
vn 3.5148370842536050 3.8458522225879919 1.1983929171188019
v -0.0327073300000000 0.0531225900000000 -0.0013461600000000
vn 4.6012776605208856 2.2214523327485654 3.6503921569648874
v -0.0299362100000000 0.0364674500000000 0.0045631000000000
vn -2.8093655577618541 3.5781008938521590 -4.3303426949768911
v -0.0511379100000000 0.0488495600000000 -0.0216871700000000
vn -0.2010249769299046 4.6238721715998929 -3.0865386465571838
v -0.0468581300000000 0.0531669000000000 -0.0206464600000000
vn 3.0407205948308551 -0.5388130143443601 5.4680023153617974
v -0.0404471000000000 0.0257134800000000 0.0141486100000000
vn 0.4080864614749788 -2.1859869353202952 5.0829722735117819
v -0.0452857000000000 0.0241166600000000 0.0164780700000000
vn -2.5168977127908359 -3.7032477921063314 4.3781658402767727
v -0.0574492500000000 0.0234780600000000 0.0105218600000000
vn -3.8991743755357766 -3.5725291072914280 3.0873222328904846
v -0.0627794400000000 0.0234262100000000 0.0066519400000000
vn -5.3340050176000009 0.6657180070391525 -3.1458782423972207
v -0.0663596100000000 0.0339948500000000 -0.0205822000000000
vn -3.9794363604176999 2.4011440073554216 -3.9331357760559884
v -0.0652248200000000 0.0384281500000000 -0.0204966100000000
vn -5.0332759975882349 -3.2859044607562153 1.7934015024516272
v -0.0701358600000000 0.0289500400000000 -0.0014082600000000
vn -5.4303237118969072 -1.5698534566704199 -0.6248551795242937
v -0.0712598400000000 0.0262498200000000 -0.0106482600000000
vn 5.0395098708852037 1.7849603941995231 3.1819882428858248
v -0.0129991400000000 0.0302743600000000 -0.0121004700000000
vn 5.7178349575599343 1.5910844423037953 1.9683164828794233
v -0.0065994500000000 0.0197988600000000 -0.0200361300000000
vn 0.3216296422823913 4.7675701671814625 -3.2312094407383940
v -0.0153790700000000 0.0329820400000000 -0.0502501100000000
vn 0.5830884429317662 4.8888603233343426 0.5223755467687294
v 0.0001136200000000 0.0270576900000000 -0.0574492200000000
vn 4.1493869627163118 0.6147249249921500 4.1222014627090715
v -0.0047573200000000 -0.0094411600000000 -0.0078008600000000
vn -3.2338250965035797 1.3628809656735263 -4.8514511193493881
v -0.0375933000000000 0.0085381500000000 -0.0590914100000000
vn -1.9477626889741646 -4.0134950532952010 4.4079575398773603
v -0.0348406300000000 -0.0083553100000000 -0.0049835600000000
vn -1.4700585542674685 -4.4747224928453866 4.1394826145402206
v -0.0274356400000000 -0.0148187900000000 -0.0083945100000000
vn -0.4782640872407247 4.3527181014882768 -3.3235685033188034
v -0.0308717600000000 0.0389063800000000 -0.0430510000000000
vn 3.7400593449094774 3.8134632253806657 -0.0164281143775066
v -0.0065546100000000 0.0336838900000000 -0.0374125000000000
vn -3.4499589772826318 -0.2233494099087420 5.0665896058778506
v -0.0158785000000000 -0.2146796400000000 0.0935261100000000
vn -5.0410414414986633 1.0904648311288603 3.0934309809709850
v -0.0181972100000000 -0.2092922800000000 0.0904462400000000
vn -1.5320162518843394 -3.6536431491619510 2.0535213417819977
v -0.0115736000000000 -0.2283209200000000 0.0909732600000000
vn -4.5511690241821032 -4.2899282370415044 0.4791507416504126
v -0.0175555000000000 -0.2227857000000000 0.0837126200000000
vn -5.3278989412811324 -1.4006961918953948 1.1414696398391384
v -0.0218775400000000 -0.2178797300000000 0.0834273200000000
vn -5.7195426911618306 0.5739963165729869 2.2967372593242077
v -0.0198570600000000 -0.2086630400000000 0.0834709000000000
vn -3.1893846167116804 4.7444354724452040 2.5333895695193647
v -0.0082033900000000 -0.1801889600000000 0.0747689200000000
vn 0.0079741098997660 4.6874344769514558 3.0502581499627102
v -0.0004487800000000 -0.1771439700000000 0.0773458400000000
vn -3.5410128500000253 4.8726918040147726 1.7684699364063201
v -0.0146196400000000 -0.1822752900000000 0.0685281100000000
vn -3.3284233673577717 4.7362741749278614 2.2946850550021196
v -0.0146167400000000 -0.1816767400000000 0.0665831400000000
vn -1.5746100134877004 -3.7487532442864673 -0.3920936526707732
v -0.0145654500000000 -0.2363661700000000 0.0585197200000000
vn -4.5703202088899664 -3.2129038083350490 -2.8751444507779738
v -0.0200147400000000 -0.2178812000000000 0.0465253900000000
vn -5.4279001736426009 -1.4021405539631489 -1.2565665290622057
v -0.0255099700000000 -0.2140709800000000 0.0511043800000000
vn -6.2515284112118081 0.3458652059439896 0.4740562325731587
v -0.0240337200000000 -0.2011016500000000 0.0649935600000000
vn -3.0714175735597191 3.3958777598387386 4.0383413432048156
v -0.0089300000000000 -0.1744160100000000 0.0616277300000000
vn -2.0334565113853476 -2.9814545987136594 -4.0390647086212121
v -0.0144743500000000 -0.2071665300000000 0.0259434800000000
vn -6.2602803807315475 0.2374130993956121 0.4805332696392466
v -0.0239592800000000 -0.1757689000000000 0.0424611100000000
vn -5.0779981596846291 1.7412222505706270 2.0669717076497323
v -0.0231040100000000 -0.1799826100000000 0.0555285000000000
vn -2.8966891202928129 3.8734150514121710 3.1964585511423689
v -0.0145520400000000 -0.1582525400000000 0.0508786700000000
vn -2.7458074697245598 5.4762519015596736 1.3962594157651578
v -0.0088701700000000 -0.1537483800000000 0.0443517900000000
vn -5.7234261675602287 -0.9774173005452834 -0.9001384705351125
v -0.0254161000000000 -0.1809695900000000 0.0258910700000000
vn -2.5597150050792639 -4.1282877668856042 -3.3718207391107424
v -0.0144267700000000 -0.1887764200000000 0.0176341200000000
vn -6.2566534134421889 0.4199602162231419 0.3106691020018667
v -0.0240887900000000 -0.1700699800000000 0.0378881100000000
vn -4.4980755552050393 3.0379715186474474 0.7755100940955019
v -0.0230468000000000 -0.1597892800000000 0.0402111200000000
vn -2.9518412650418830 3.7488707819908154 4.0590088848404893
v -0.0116865300000000 -0.1498784200000000 0.0339695200000000
vn -2.5879491721056720 1.5162375221152506 5.1104826725833110
v -0.0138805900000000 -0.1451652500000000 0.0288839900000000
vn -2.4074989970604674 -0.4307970845166137 5.7875860865753221
v -0.0219664500000000 -0.1282482100000000 0.0268566900000000
vn -0.0056665484519526 -0.4536876808676649 5.7952190565652746
v -0.0003051700000000 -0.1275555100000000 0.0358488200000000
vn -2.5655164179805006 0.7116253565450871 5.5732804156904860
v -0.0253403400000000 -0.1090297900000000 0.0268154600000000
vn -0.0002380238646486 1.8304441239794138 5.3668660588372052
v -0.0002032900000000 -0.0835768800000000 0.0307846600000000
vn -4.2594047548928389 -1.9205144719040748 3.2404619588054460
v -0.0353665800000000 -0.0266555900000000 -0.0240064400000000
vn -2.5921546300298335 3.0364268198613402 4.8509358017709623
v -0.0185941300000000 -0.0473193200000000 -0.0048674400000000
vn -2.5585124357756550 2.8390960753777730 4.9846597503534387
v -0.0278749600000000 -0.0600701700000000 -0.0020912800000000
vn -4.0558133538639138 2.9891224010064348 2.3613173166930457
v -0.0448346700000000 -0.0632076600000000 -0.0092173100000000
vn -2.7063159241512604 3.2779845590366268 3.9304635530862875
v -0.0271672700000000 -0.0766086300000000 0.0050451500000000
vn -3.1169335703918954 4.0834701322488876 3.3126640612849436
v -0.0271779800000000 -0.0792924800000000 0.0109465800000000
vn 2.9252541645360521 4.8545497348301048 2.6801094852226064
v 0.0098574300000000 -0.1872123000000000 0.0830891900000000
vn 3.3143859575991028 5.0545116984800247 1.4445986353566718
v 0.0058564100000000 -0.1864210900000000 0.0865295700000000
vn -4.0043349021312302 -3.5093395331374424 3.2856767913111695
v 0.0509814100000000 0.0698379500000000 0.0182554900000000
vn -4.7168434582344672 -2.0910197803372013 2.8632211388416913
v 0.0556421100000000 0.0684009500000000 0.0219549000000000
vn -4.5427251386171932 -0.8481405579431225 2.0171835938829199
v 0.0524755500000000 0.0657023200000000 0.0147675200000000
vn -0.8113105853846956 -6.0797497617492846 -1.3625611294538145
v 0.0543228900000000 0.0679909800000000 0.0034555600000000
vn -1.6523477950505550 -0.2406357061494560 -1.3940475897051865
v 0.0578155200000000 0.0664247600000000 0.0083134000000000
vn -3.7017867704496172 -3.2510037336708950 0.0250866337891347
v 0.0331770200000000 0.0761647000000000 -0.0001664600000000
vn -4.4080091406599262 -2.8405386951347635 -0.1294911133888987
v 0.0237171800000000 0.0912259000000000 -0.0085285100000000
vn 2.7565950963953432 -1.3986291844748784 -5.2220620891997314
v 0.0559510500000000 0.0816180500000000 -0.0149965000000000
vn 2.8780742350660335 1.3655826411326428 -5.1754615999877727
v 0.0495772500000000 0.1000623000000000 -0.0173930800000000
vn 1.9002925331581464 -0.1978670518483237 -5.9662194205275085
v 0.0369963400000000 0.0993115400000000 -0.0223561700000000
vn -3.4359759566932078 1.8281905688739615 4.9196166368330365
v 0.0360533400000000 0.0991763600000000 0.0098333400000000
vn 2.9661866319186774 4.4088468132444500 -0.7110336444986425
v 0.0560776800000000 0.1032837500000000 -0.0089683900000000
vn 3.6199717606607549 3.0336353218638505 -4.1072685345558879
v 0.0515795700000000 0.1020936600000000 -0.0146439000000000
vn 2.7536617496212119 4.8861566335249975 2.6730294794545326
v 0.0697388700000000 0.0894433200000000 0.0114462000000000
vn -0.7246320430090412 3.4878192543458737 3.5763385836488668
v 0.0392240800000000 0.1015027100000000 0.0114429300000000
vn -2.1713481025005672 -5.3888135100014871 -2.3905678865407309
v 0.0456746700000000 0.0732047800000000 -0.0053541100000000
vn 3.3779265528914304 -3.5124520003392234 -3.9206385463557538
v 0.0668345000000000 0.0718926500000000 -0.0001134100000000
vn -3.8069459228635973 -0.4636382381488454 4.0367619628625890
v 0.0421793300000000 0.0845586300000000 0.0202557100000000
vn -3.0196476689393896 -0.1063681598276695 5.5089045819953908
v 0.0553282400000000 0.0790263300000000 0.0273563300000000
vn 4.0910886086335756 1.4191024528234371 -0.3126971076654459
v 0.0810182000000000 0.0827906700000000 0.0085210500000000
vn 4.8850395741678474 -1.4520127040091877 -3.6741727036352430
v 0.0776862400000000 0.0819059600000000 0.0045590800000000
vn 4.0767815550402302 2.3701660890665468 3.6061169418819286
v 0.0782806200000000 0.0746071900000000 0.0226423100000000
vn 0.1637796874695078 2.0592425685213067 4.3443691780204858
v 0.0623289900000000 0.0807495600000000 0.0312495900000000
vn 2.6161680593422605 -1.5873617718384905 -4.7538528040401040
v 0.0703271400000000 0.0703264300000000 0.0047444300000000
vn 4.0685142356826427 1.4834072441473298 -4.3729110982448125
v 0.0774729900000000 0.0612896700000000 0.0059048200000000
vn 5.3709570812981502 -0.1127910515691943 -0.7745889556272151
v 0.0838110000000000 0.0665174700000000 0.0143900700000000
vn 5.3038364918844705 -0.0269891677209428 3.1788458273912772
v 0.0814703100000000 0.0653857500000000 0.0199617700000000
vn -3.4996166718484987 3.8614532888284936 1.1927562665761418
v 0.0329600300000000 0.0529765500000000 -0.0012934200000000
vn -3.8998981063283988 0.0241654874960365 4.6601291142156800
v 0.0584502600000000 0.0588842000000000 0.0274182700000000
vn -3.9402480225309566 0.9726916581755232 4.4319908787308879
v 0.0355783000000000 0.0361880100000000 0.0120651600000000
vn -4.5972080858947422 2.2419085281305433 3.6430061081705967
v 0.0325909400000000 0.0395970700000000 0.0057397900000000
vn 0.2265471431138765 4.6229257337542986 -3.0861962817145829
v 0.0471418700000000 0.0529578400000000 -0.0205709600000000
vn -0.4259648125687933 -2.1841352807074066 5.0823056822440522
v 0.0453806100000000 0.0239150200000000 0.0165508800000000
vn -3.0518620338929376 -0.5252627246702691 5.4631109230742387
v 0.0405529000000000 0.0255333400000000 0.0142136700000000
vn 3.8782813628633850 -3.5898244714387690 3.0935692573471472
v 0.0628868700000000 0.0231467200000000 0.0067528600000000
vn 2.4933631628857484 -3.7143892505296030 4.3821919084903884
v 0.0575507500000000 0.0232223000000000 0.0106142200000000
vn 3.9963903441672755 2.3834049314600008 -3.9267325362459373
v 0.0654425500000000 0.0381375400000000 -0.0203916700000000
vn 5.4242840136358073 -1.5939938064537371 -0.6161393475174746
v 0.0714075200000000 0.0259325300000000 -0.0105336800000000
vn 5.0157235206550812 -3.3082535879729633 1.8014725624458467
v 0.0702807200000000 0.0286377600000000 -0.0012954800000000
vn -5.7138571432289087 1.6165086674744495 1.9591327788599084
v 0.0067342400000000 0.0197692100000000 -0.0200254300000000
vn 2.8844672004268719 2.9697323328119105 -0.8482376593782127
v 0.0110911400000000 0.0144067400000000 -0.0644114500000000
vn -0.8368641974881195 -2.3988395861449350 4.8649144296134583
v 0.0113098100000000 -0.0155261400000000 -0.0047436700000000
vn -4.1532262406832565 0.6331909182654945 4.1155326691404026
v 0.0063352000000000 -0.0048714700000000 -0.0068921700000000
vn 3.7952271766350005 -0.5560801153150486 -4.9690134816064626
v 0.0328423100000000 -0.0213029800000000 -0.0605644800000000
vn 3.0789707283074863 -4.2486388520398712 2.9658152985902682
v 0.0411483100000000 -0.0180078600000000 -0.0174069800000000
vn -3.7230287073871349 3.8300612583638887 -0.0224218687635514
v 0.0084454300000000 0.0353033700000000 -0.0323899400000000
vn 3.9969010754312841 -1.2236879284450719 2.5094077206429457
v 0.0191149400000000 -0.2185964400000000 0.0904342400000000
vn -2.2067069148384824 -5.3736656494400172 -0.1228378312047192
v -0.0125657400000000 -0.2277271200000000 0.0828202400000000
vn 5.3312822873292189 -1.6495376106879129 1.2854525267490038
v 0.0224626100000000 -0.2173527900000000 0.0764889300000000
vn 2.3959924143039451 -5.3199077145422731 1.4939771233269670
v 0.0124421200000000 -0.2271911500000000 0.0746880900000000
vn 3.2063804159139093 4.7302110390837857 2.5385282534996909
v 0.0098729000000000 -0.1827405100000000 0.0762172100000000
vn 4.5390263205643082 2.1814091074362221 2.0223233960456590
v 0.0201791100000000 -0.1928088400000000 0.0819605700000000
vn 2.2648211997932215 -3.9610246166411640 -3.5441240982457698
v 0.0134687100000000 -0.2254785700000000 0.0463261200000000
vn 3.3457655864523264 4.7214300255946950 2.3000498143963028
v 0.0080594500000000 -0.1774742700000000 0.0660784400000000
vn 4.7385840902541760 -2.1620793808597507 -0.0187102610733039
v 0.0244624600000000 -0.2229870300000000 0.0610885400000000
vn 5.4236209539324083 -1.4262745225346656 -1.2478493373413198
v 0.0244992200000000 -0.2112472300000000 0.0478298800000000
vn 4.5605960033979906 -3.2332114505273846 -2.8678113010037567
v 0.0189852600000000 -0.2179679300000000 0.0465567100000000
vn 6.2522357231426806 0.3180552638086515 0.4840962341931799
v 0.0233318300000000 -0.2055625000000000 0.0642428000000000
vn 6.2651206766718124 0.3651393681574466 0.3024344943854861
v 0.0233455400000000 -0.2015352300000000 0.0583267200000000
vn 2.1934034634956974 -2.2241500259750024 -4.9098796933083531
v 0.0135494400000000 -0.1980337400000000 0.0218112800000000
vn 0.0059312158818594 4.0784232707135804 3.9098098675859170
v -0.0004256000000000 -0.1710760500000000 0.0652872700000000
vn 5.3585727489549404 -0.8393072195285363 -1.7602821148330203
v 0.0245599400000000 -0.1902941100000000 0.0302512200000000
vn 4.4221335589310753 -1.8755443576413229 -4.0499601036295712
v 0.0190547800000000 -0.1941547900000000 0.0259486000000000
vn 6.2614377604968814 0.2891847857704843 0.4206152595340583
v 0.0233823000000000 -0.1897954300000000 0.0450680600000000
vn 6.2604944661015738 0.2095671353386056 0.4905897845222114
v 0.0234060800000000 -0.1806003700000000 0.0409133800000000
vn 0.0049973376594091 3.2661387487076063 2.8220243168331902
v -0.0003780300000000 -0.1526859400000000 0.0569779000000000
vn 2.7678936497072133 5.4639877378655033 1.4006914516664697
v 0.0081295700000000 -0.1537861900000000 0.0443654400000000
vn 4.2546420967132885 -3.2277937940658505 -2.6352332141362869
v 0.0190785600000000 -0.1849597400000000 0.0217939200000000
vn 6.2579522600247728 0.3921270311591074 0.3207215598691596
v 0.0237185100000000 -0.1738104900000000 0.0339278500000000
vn 2.9479043146384858 4.7329639051660397 2.5524211882460532
v 0.0109685300000000 -0.1535643900000000 0.0379354500000000
vn 2.9619630132932375 3.7357188422476830 4.0637575396495063
v 0.0109797900000000 -0.1499288300000000 0.0339877200000000
vn 2.3962586323795971 -0.4414789454098289 5.7914446634094201
v 0.0213672300000000 -0.1283445900000000 0.0268914900000000
vn 2.5596992092336168 0.7002277525183418 5.5773962170643268
v 0.0337839900000000 -0.1110263600000000 0.0229815100000000
vn 3.0549358817700427 2.4354697130479686 4.8415966862760182
v 0.0284501200000000 -0.0936661700000000 0.0197708600000000
vn 0.0030487215914189 3.1069486990036728 4.8112768857947943
v -0.0000662200000000 -0.0342779100000000 -0.0033651200000000
vn 2.4252600161257862 2.8487649188699544 5.0341283606666023
v 0.0149726400000000 -0.0338977700000000 -0.0116928900000000
vn 2.5454358797777581 2.0730298520558410 5.3145582725561171
v 0.0299141300000000 -0.0695252500000000 0.0017908500000000
vn 2.5631040937682110 2.8277011914649588 4.9887760570811031
v 0.0245452200000000 -0.0585411000000000 -0.0014008300000000
vn 4.2990593453723029 1.6112562163214132 2.7820876041054676
v 0.0515019300000000 -0.0795906600000000 -0.0056105900000000
vn 4.0652713847892796 2.9710613519300164 2.3678393728107920
v 0.0430476000000000 -0.0606216500000000 -0.0100047200000000
vn 1.6744443460945073 -1.0255174076284257 4.6708756697977982
v 0.0176324300000000 -0.0250237600000000 -0.0172230400000000
vn 2.9194128501488530 -0.6425060640713258 5.4910676363099071
v 0.0500307800000000 -0.1343765800000000 0.0144939000000000
vn 5.0471687245375740 -1.4466856016571490 1.8614867743254062
v 0.0231608600000000 -0.1653571700000000 0.0252429000000000
vn -2.2767221169414342 -3.9509227578615738 -3.5477678124635705
v -0.0145085100000000 -0.2181163900000000 0.0381595700000000
vn 2.7252216831195391 3.2679049930799771 -4.6087611318277499
v 0.0450556600000000 0.0239040700000000 -0.0453055500000000
vn 0.0027400402142455 1.7322125559670587 1.3841754630836058
v 0.0000687900000000 0.0131726700000000 -0.0400728600000000
vn 4.2241925438826033 -0.1286411158146003 4.5432628417348777
v 0.0736275300000000 0.0644952200000000 0.0294134700000000
vn 0.3851654445964121 -0.7103146134076692 5.3012892414631239
v 0.0682914100000000 0.0645708000000000 0.0332748300000000
vn -2.5447221970919496 2.0843533809177672 5.3104690018919758
v -0.0248159500000000 -0.0687894800000000 0.0040916600000000
vn -4.2963122444384503 1.6303768000731094 2.7751808966778668
v -0.0518317500000000 -0.0793608400000000 -0.0056935800000000
vn -3.9364483802297574 2.8754451535525378 3.9017122038090992
v -0.0558886600000000 -0.1014261600000000 0.0040381400000000
vn -2.9310565770278116 -0.6294955588439577 5.4863702328360553
v -0.0506365900000000 -0.1341526900000000 0.0144130500000000
vn -3.3228351301989667 0.0158337724855790 3.9942125013402725
v -0.0307778300000000 -0.1559786800000000 0.0267556000000000
vn -3.6415177914051062 -4.9715185426908199 -0.1460085853894042
v -0.0199021600000000 -0.1812666100000000 0.0077471000000000
vn -1.5375463349559486 -5.6914122052275262 -1.1557710762099505
v -0.0144075000000000 -0.1851700800000000 0.0036191400000000
vn 0.0082489015519464 4.2896027935059138 1.6057101696023344
v -0.0004691400000000 -0.1821429000000000 0.0888542800000000
vn -4.6156812654559003 -3.8023858957447865 1.8772127841825150
v -0.0546963200000000 -0.0068920200000000 -0.0255957000000000
vn 0.0016175884791205 -1.4671757631196451 -6.0764402705693730
v 0.0055686600000000 0.0017924900000000 -0.0713869200000000
vn 4.2599491982446676 4.6033650930350474 0.3745400551688474
v -0.2964962900000000 -0.0580296600000000 0.0488085200000000
vn 3.7561439843498050 -1.4685192415894615 4.7982554347165429
v -0.3008466900000000 -0.0638310200000000 0.0541824800000000
vn -0.3796913682513102 -0.6593172889815080 0.3084884435593894
v -0.3036860100000000 -0.0658909300000000 0.0561260900000000
vn -0.5688105407941179 1.1979896481440182 -0.8017264574620373
v -0.3164709000000000 -0.0408352900000000 0.0646646800000000
vn -4.8966125290498388 -1.1685571802459842 -3.5892830157068238
v -0.2993356100000000 -0.0600895100000000 0.0507516000000000
vn -0.3665063899210396 1.2098447191671375 -1.3763989622910024
v -0.2969915600000000 -0.0572644400000000 0.0450366000000000
vn 1.3281964761677743 -3.7752333060372916 3.6597568078524207
v -0.2968532400000000 -0.0753327600000000 0.0562339700000000
vn -2.5676399123617770 -5.0936800140110066 0.6690692553951263
v -0.3013726300000000 -0.0751700600000000 0.0550735300000000
vn -3.9281969855706844 -1.2852246503262414 -2.9547889087820600
v -0.3020336800000000 -0.0738360700000000 0.0522051600000000
vn -3.6769045927590276 1.5030630602107071 -4.8522848637002260
v -0.2946047100000000 -0.0696028900000000 0.0483963200000000
vn 3.3809807066280566 5.2431446254889309 0.7366752513954158
v -0.2935195500000000 -0.0671743200000000 0.0524683500000000
vn 3.4096024094062902 1.7390656181925326 2.7711899428647144
v -0.2930242800000000 -0.0679400700000000 0.0562402000000000
vn -4.9077456922392457 -3.9152799382949963 -0.2364643557423491
v -0.3082814400000000 -0.0363774000000000 0.0489096500000000
vn -4.6719668244615455 -2.7126983181121149 -2.1675067927662655
v -0.3087767100000000 -0.0356121700000000 0.0451377300000000
vn 4.2955659557858947 2.1805108060876770 3.9701004911196702
v -0.3064440500000000 -0.0347064500000000 0.0489336500000000
vn 3.3749365962866076 1.6915615746905166 4.9539139171774256
v -0.2839723100000000 -0.0195486900000000 0.0227099700000000
vn -2.5386693007869066 -1.4621460727274320 -5.5580039646216477
v -0.2707436800000000 -0.0330899400000000 0.0119166400000000
vn 2.9535233493494255 2.3470999966340131 4.9022622610967508
v -0.2298480600000000 -0.0677846200000000 0.0065683800000000
vn -2.0768410439806204 -2.4065291065239465 -5.3879521968322175
v -0.1931435000000000 -0.0740626400000000 -0.0186600500000000
vn -2.5817057498807299 -2.5299525045991733 -5.1392690842854893
v -0.2138807300000000 -0.0978529200000000 0.0036069500000000
vn 0.8118521274022034 1.6515619183909380 5.7814706601327899
v -0.1697955800000000 -0.0634674900000000 -0.0075337000000000
vn -0.6325148112827206 -1.7280601796821444 -5.9041441563044570
v -0.1867649500000000 -0.0731629200000000 -0.0207947300000000
vn 1.5076807222604973 1.5292029439337833 5.8859017241077556
v -0.1477894900000000 -0.0639377600000000 -0.0156160300000000
vn -1.9700558520243883 -1.2851187894043474 -5.8260716079295367
v -0.1396257700000000 -0.0695931900000000 -0.0279919200000000
vn -1.2156672053889528 -1.1370107357173111 -6.0005670900832788
v -0.1261124100000000 -0.0656335800000000 -0.0335661400000000
vn 0.7539499630982655 1.4061694535884761 6.0518083657916568
v -0.1107821200000000 -0.0622775700000000 -0.0205878100000000
vn 0.6300114153932416 1.5304728326991839 6.0447391758080533
v -0.1246182800000000 -0.0633345200000000 -0.0198840600000000
vn -0.2271439903818496 -0.8871567599720970 -6.2125920303254780
v -0.1190811300000000 -0.0615166600000000 -0.0346841300000000
vn -0.6911699048429095 -0.9008874283872923 -6.1434766792950599
v -0.1024484000000000 -0.0671389200000000 -0.0340481300000000
vn 1.5970985944017808 1.4302209253090414 5.8981203300602090
v -0.1016205900000000 -0.0651657800000000 -0.0219129600000000
vn -1.4781384289314765 -1.0387812628121282 -6.0161203709160649
v -0.0921059100000000 -0.0639891800000000 -0.0368658300000000
vn -3.0398883600941105 -1.1338831347174880 -5.1146275830305843
v -0.0794791100000000 -0.0643281300000000 -0.0402037600000000
vn -0.8517927773270517 2.4237868272046454 4.2837729434176151
v -0.0653964100000000 -0.0787790500000000 -0.0269659600000000
vn 1.0740577587462685 1.8966552072330127 5.6124132955921304
v -0.0773409600000000 -0.0712244100000000 -0.0234777200000000
vn 2.2848955260438260 -0.3239584704677764 -3.3740164500991900
v -0.0584219000000000 -0.0707066800000000 -0.0508874400000000
vn 6.2502010988905381 0.0584770514416290 -0.3187107644375683
v -0.0556141300000000 -0.0648266600000000 -0.0287030200000000
vn 0.8699363225135257 1.6317308416387943 1.7003123363433463
v -0.0556179700000000 -0.0652408400000000 -0.0250601700000000
vn -0.1900952981570581 -0.6368337540756777 1.5731779282802796
v -0.3077865200000000 -0.0373083300000000 0.0526622000000000
vn -4.3882369372080747 -4.1545024685203984 1.7209518808801689
v -0.0431825200000000 -0.0219786000000000 -0.0325409600000000
vn -2.3435942085843378 -3.7909399010860749 -1.0385358565425356
v -0.2658154000000000 -0.0961387200000000 0.0297048400000000
vn -3.5136608437669565 -1.5507132142068016 -4.6175011857241621
v -0.2775122300000000 -0.0736935900000000 0.0254085200000000
vn -2.8515273853256851 -2.4386555733872122 -5.0392517395062182
v -0.2675413400000000 -0.0867299600000000 0.0262856000000000
vn -2.6627011013357871 -1.9766530622456124 -5.2991258675865494
v -0.2631909400000000 -0.0809285400000000 0.0209111100000000
vn 1.4030277414201864 0.1008365238015358 6.1233165521895483
v -0.2110911400000000 -0.1102051900000000 0.0236761700000000
vn 0.0077459090313602 -2.6096734165512987 4.5159465051581691
v -0.2129338200000000 -0.1142884700000000 0.0242164200000000
vn -1.4275073229248902 -5.3880205221018969 2.8999076918018463
v -0.2149349400000000 -0.1168280600000000 0.0185575000000000
vn -2.0024244328999083 -3.9985554309676661 -1.1133231864324662
v -0.2167688300000000 -0.1181224600000000 0.0152216700000000
vn -2.7792902330934814 -2.1530581854268069 -5.1861103083893632
v -0.2488696600000000 -0.0881634800000000 0.0164137000000000
vn -2.5739040401743507 -2.5568268123868885 -5.1296723074148893
v -0.2162343100000000 -0.1050932300000000 0.0083167300000000
vn 2.1913022204670334 4.2486421203136508 4.0774094423142424
v -0.2092319000000000 -0.0998747300000000 0.0198204300000000
vn 1.7835521887528274 2.1502942584451792 5.0969694803453196
v -0.2097415700000000 -0.1029558900000000 0.0233274500000000
vn -0.5896229963092636 -5.5704936848137656 2.7084055248378016
v -0.1779597300000000 -0.1310612500000000 0.0102690000000000
vn 0.2523153800214200 -5.7540751768434903 2.5109844073574394
v -0.1679592300000000 -0.1319228000000000 0.0073301800000000
vn -0.7868230448947177 -4.2320182452740260 -1.4368089841240081
v -0.1699603400000000 -0.1344623900000000 0.0016712600000000
vn -2.1545542870754129 -2.6868534692884896 -5.2367282797736712
v -0.1795599500000000 -0.1238289100000000 -0.0005686200000000
vn -1.7768412000678233 -2.7378490683009167 -5.3687110056078122
v -0.1701005900000000 -0.1243261700000000 -0.0033830300000000
vn -2.0312831871986883 -2.4998595119661333 -5.3569470824012697
v -0.1788917900000000 -0.1075423700000000 -0.0091998000000000
vn 2.6428646611266600 4.1069979190567718 3.9209164837218724
v -0.1737429400000000 -0.1085414100000000 0.0098145300000000
vn 3.0984704417280891 3.9786696995127877 3.7480770836919270
v -0.1650798400000000 -0.1116428900000000 0.0059484900000000
vn -0.3591609351652861 -2.7893033488266354 4.4504128790281543
v -0.1348022800000000 -0.1367051900000000 0.0059829300000000
vn -1.1063726080764624 -5.5417489893500056 2.7432719759376365
v -0.1363034100000000 -0.1398854700000000 -0.0014253600000000
vn -1.4623324690519763 -4.0375027593867205 -1.2804133552575840
v -0.1378043400000000 -0.1418954100000000 -0.0058491700000000
vn -1.8101138719585903 -2.7049634091157420 -5.3744835520101439
v -0.1601000800000000 -0.1251877300000000 -0.0063218500000000
vn 1.7848783521153480 2.9231087308398678 4.7181705988246048
v -0.1569072400000000 -0.1115511100000000 -0.0009101800000000
vn 0.6785510842779806 4.4187975339039145 4.4147352686123451
v -0.1308629800000000 -0.1185536400000000 0.0020957300000000
vn 0.5423010918561578 2.1615525855587898 5.3587745854170219
v -0.1332698100000000 -0.1221130400000000 0.0059660300000000
vn -1.3677816370701559 -2.6526330313985054 -5.5037579999387853
v -0.1148669900000000 -0.1363330500000000 -0.0164732000000000
vn -0.8539401414288025 -2.7298592927797882 -5.5943783428903133
v -0.1047779900000000 -0.1347943100000000 -0.0187618700000000
vn -0.6359143551106439 -1.8484120399568142 -5.8942142736498795
v -0.1037355400000000 -0.1186158800000000 -0.0268184200000000
vn 1.0698865084999956 2.1090667550897315 5.1053882760965683
v -0.1106063300000000 -0.1240000400000000 0.0044336700000000
vn -0.4048805006010209 -3.0099440050526085 4.6593384214514257
v -0.0906466200000000 -0.1439456800000000 -0.0004975600000000
vn -1.0759313877114427 -5.5533742973418736 2.4764897235732852
v -0.0913138800000000 -0.1467251900000000 -0.0070203400000000
vn -2.0142886199178736 -5.2875913088018667 2.7152985254321100
v -0.0811571000000000 -0.1513470700000000 -0.0078709400000000
vn -1.8669065626887718 -3.8127146329738517 -1.5751678294493345
v -0.0818243700000000 -0.1541265900000000 -0.0143937300000000
vn -0.7772466887456234 -2.7287770082522251 -5.6055204255876419
v -0.0931849000000000 -0.1317653600000000 -0.0220117700000000
vn -1.1094989007741494 -2.5148146087042154 -5.6310548700351761
v -0.0826016600000000 -0.1321634900000000 -0.0231357300000000
vn -1.0232424068599868 -1.8610616709411429 -5.8362412649261479
v -0.0835646600000000 -0.1179720200000000 -0.0299106400000000
vn 0.2749622969422187 2.0653019399113215 5.6186958721680673
v -0.0906116700000000 -0.1281914000000000 -0.0003833800000000
vn -2.3712567078414160 -4.2730715986781771 -0.8421497850496538
v -0.0716675900000000 -0.1587484700000000 -0.0152443300000000
vn -3.8465244030829413 -0.5368230573192869 -4.7904296289625812
v -0.0620676400000000 -0.1248461700000000 -0.0450955800000000
vn -2.8325175397492952 -5.2374329649994280 -1.6920209320741018
v -0.0380249800000000 -0.1716381300000000 -0.0205321700000000
vn -2.7981434486804013 -5.5472367493958767 0.0404551894237470
v -0.0315483000000000 -0.1765878700000000 -0.0051523500000000
vn -1.2324084550941985 -5.8550049119683987 -1.3653470687874028
v -0.0200745900000000 -0.1808390700000000 -0.0098382000000000
vn -3.2632799836515836 -4.3846139563781499 2.7979459577122752
v -0.0461840200000000 -0.1603193500000000 0.0010429500000000
vn -2.8373272087093966 -2.6725765434845883 -4.4133701415835924
v -0.0534448000000000 -0.1452633800000000 -0.0467788000000000
vn -2.9859914696096794 -4.6579797111659520 -2.9443361976735858
v -0.0456520700000000 -0.1589781200000000 -0.0343654400000000
vn -3.5061009615181318 -1.1962164979343741 -4.9963014119440246
v -0.0476908200000000 -0.1289480700000000 -0.0521201200000000
vn -5.3010903013924651 -1.8223467328533514 1.2050026295552774
v -0.0373637200000000 -0.0308094400000000 -0.0390742900000000
vn -6.2253803607589226 0.6068394419145953 0.5800921572338578
v -0.0382242300000000 -0.0426816500000000 -0.0379089100000000
vn -3.5425312125822979 -0.1894888226623219 -5.1611145155514482
v -0.0306930300000000 -0.0366606200000000 -0.0600293400000000
vn -1.7394513850953062 0.2492558368418491 -5.7498552092212076
v -0.0225516600000000 -0.0503929800000000 -0.0662789800000000
vn -5.8686832733598937 1.8543420484802096 0.1567306048060169
v -0.0395855800000000 -0.0551864100000000 -0.0374450000000000
vn -5.0577804297835414 1.6064036724254307 -2.4944813320423562
v -0.0410818800000000 -0.0587077000000000 -0.0518113800000000
vn -1.7446584620950993 1.7519297395009956 -5.4506201123719604
v -0.0264558100000000 -0.0740091800000000 -0.0692826900000000
vn -6.0565084212427731 1.6513310311113401 0.1504076744184662
v -0.0541667300000000 -0.0870576400000000 -0.0250018200000000
vn 0.1089538621953574 0.7310774554283266 -0.3454011729871349
v -0.0577508600000000 -0.0989521100000000 -0.0307823800000000
vn -3.8983733963939211 -0.2186358678475596 -4.9226340653835097
v -0.0417156200000000 -0.1044743500000000 -0.0634734700000000
vn -5.0067082603886535 0.6273500578536959 -2.3060645899505041
v -0.0574972800000000 -0.0954654100000000 -0.0513115200000000
vn -3.8635964511842755 1.4329526363992895 2.6452170076393031
v 0.2932262700000000 -0.0621535100000000 0.0505977300000000
vn 0.3762577755764777 -0.6609977076695414 0.3090945861838128
v 0.3033139900000000 -0.0672409000000000 0.0566135800000000
vn -3.7703424185501957 -1.4517784204356126 4.7922101937178230
v 0.3004869900000000 -0.0651683900000000 0.0546654200000000
vn 0.3740957291906869 1.2081954265341919 -1.3758022278118538
v 0.2966758100000000 -0.0585847600000000 0.0455133900000000
vn 4.8971244832613570 -1.1903406646866881 -3.5814162333775705
v 0.2989980800000000 -0.0614202100000000 0.0512321400000000
vn -1.3508517112117353 -3.7692774730712379 3.6576097511558370
v 0.2986275800000000 -0.0755187400000000 0.0586868100000000
vn -3.4983850871585518 -1.7923300956509731 4.9017621540030545
v 0.2956353300000000 -0.0723806700000000 0.0576986900000000
vn 3.9271833256625452 -1.3026997639659252 -2.9484740477431841
v 0.3016326400000000 -0.0751786300000000 0.0526899800000000
vn 0.2079832149615080 3.1651830944244401 -2.0150129421532581
v 0.2936529000000000 -0.0675503600000000 0.0491877700000000
vn -3.4062792854859243 1.7542275972457761 2.7657105612040116
v 0.2926430900000000 -0.0692425900000000 0.0567105600000000
vn -3.3588032068625568 5.2581346793643391 0.7312631430219997
v 0.2931478200000000 -0.0684790700000000 0.0529395100000000
vn 4.8906553592867690 -3.9370714418632908 -0.2285946989191827
v 0.3080522400000000 -0.0377481200000000 0.0494046400000000
vn 4.6633281242152798 -2.7334644041068081 -2.1599990114499485
v 0.3085569700000000 -0.0369851300000000 0.0456335300000000
vn -4.2921963822975107 2.1996094085604998 3.9632035684423181
v 0.3062222700000000 -0.0360690300000000 0.0494257000000000
vn -3.3753328373659541 1.7065734713547889 4.9484924751726069
v 0.2825964800000000 -0.0266208200000000 0.0243073800000000
vn -2.6326530905557255 1.6936335583380528 5.4472410857562465
v 0.2588832400000000 -0.0409905500000000 0.0168824800000000
vn 3.1723524708459028 -1.4029610678876774 -5.1960012348569258
v 0.2483776200000000 -0.0476009100000000 0.0055101500000000
vn -2.9509249085625635 2.3602300242479033 4.8975202767863886
v 0.2260293700000000 -0.0646502100000000 0.0028142700000000
vn 2.0747686518989705 -2.4157627579319847 -5.3846174024390274
v 0.1928565000000000 -0.0749211000000000 -0.0183500500000000
vn 2.5786804646297066 -2.5414294234980370 -5.1351236050171636
v 0.2134519100000000 -0.0988033100000000 0.0039501500000000
vn -0.8137788790923546 1.6551766717176135 5.7801656184983203
v 0.1695381000000000 -0.0642221700000000 -0.0072611700000000
vn 0.8155241452636924 -1.2307351972622391 -6.0021072654607774
v 0.1627023500000000 -0.0697882200000000 -0.0201465000000000
vn 0.6343053929811592 -1.7308768190047013 -5.9031261366596466
v 0.1805463900000000 -0.0832752900000000 -0.0184114500000000
vn -2.1922117541367654 1.4294808248114341 5.7068116918711009
v 0.1614188200000000 -0.0629519700000000 -0.0110883400000000
vn -1.5103164571281837 1.5359162674936930 5.8834774924140305
v 0.1486534200000000 -0.0705512500000000 -0.0135388000000000
vn 1.2202344496424693 -1.1424288341361633 -5.9986110230388778
v 0.1258875900000000 -0.0661940300000000 -0.0333637500000000
vn 1.9736756288487940 -1.2938893793180466 -5.8229043912321359
v 0.1393742300000000 -0.0702136900000000 -0.0277678500000000
vn -0.6329080354696027 1.5332810777090988 6.0437243868527633
v 0.1243817200000000 -0.0638883000000000 -0.0196840900000000
vn -0.7574032700737785 1.4095313635671629 6.0505943148752372
v 0.1105515600000000 -0.0627698100000000 -0.0204100500000000
vn 0.6970217659441239 -0.9039750414005134 -6.1423621148405099
v 0.1022179200000000 -0.0675941000000000 -0.0338837600000000
vn 0.2331762474974800 -0.8881802206102805 -6.2122224485610840
v 0.1160486100000000 -0.0686561600000000 -0.0336540700000000
vn -1.6001924431836860 1.4373322088589315 5.8955525423292370
v 0.1025820500000000 -0.0592531300000000 -0.0229750700000000
vn -0.6098124500475081 1.6083713748775001 5.9033149948104020
v 0.0875701100000000 -0.0658370800000000 -0.0261929000000000
vn 3.0430261554578273 -1.1474099521124419 -5.1097439463699503
v 0.0785497900000000 -0.0702885000000000 -0.0392468000000000
vn 1.4831660238833901 -1.0453665456979091 -6.0137417943209286
v 0.0918940900000000 -0.0643984000000000 -0.0367180500000000
vn -1.0746243472733106 1.9014323707831293 5.6106898415851498
v 0.0778797300000000 -0.0665501900000000 -0.0249001500000000
vn 3.0728359986689320 -0.7554817018452674 -5.1471922889034332
v 0.0720648900000000 -0.0663518100000000 -0.0471934600000000
vn -0.8653958658797267 1.6355931125987451 1.6989269235888849
v 0.0553820300000000 -0.0654877000000000 -0.0249710200000000
vn -6.2493582351635784 0.0862813326208204 -0.3287384941214411
v 0.0553858700000000 -0.0650735200000000 -0.0286138800000000
vn 0.1847360027048075 -0.6376674843359653 1.5734739964387114
v 0.3075471600000000 -0.0386768400000000 0.0531563800000000
vn -0.0671794029002126 -2.5782209347380212 4.5008855808341703
v 0.2652718000000000 -0.0928762700000000 0.0378909400000000
vn -1.8793351933911384 0.0173553336697353 5.9952589820267086
v 0.2622795600000000 -0.0897382000000000 0.0369028200000000
vn 2.3283744062299494 -3.8013292804337300 -1.0347837825939799
v 0.2694387600000000 -0.0951697400000000 0.0314285200000000
vn 1.7884902925788275 -5.2196347360488939 3.0058113608927628
v 0.2671052800000000 -0.0941788300000000 0.0345580600000000
vn 3.8222503927177169 -1.3489673506595308 -4.5245184932931206
v 0.2814710500000000 -0.0807478700000000 0.0312354300000000
vn 2.6623899924271557 -1.9884950140824429 -5.2948495636510966
v 0.2628090600000000 -0.0820983600000000 0.0213335500000000
vn -0.0266053645430642 -2.6096022975025326 4.5159190975716985
v 0.2123988100000000 -0.1152344100000000 0.0245580100000000
vn -1.4123999670895140 0.1070974821916086 6.1210553099566738
v 0.2105751700000000 -0.1111429700000000 0.0240148200000000
vn 1.9864063799310734 -4.0074266791918296 -1.1101200124708517
v 0.2162311700000000 -0.1190854500000000 0.0155694200000000
vn 1.3988698636855570 -5.3943055666450075 2.9021780541442492
v 0.2143976900000000 -0.1177829000000000 0.0189023000000000
vn 2.5707423936909124 -2.5682674738710141 -5.1255409118196082
v 0.2157656900000000 -0.1060540000000000 0.0086636800000000
vn -1.7821555415722214 2.1582234250156733 5.0941117170117067
v 0.2092584300000000 -0.1038877500000000 0.0236639500000000
vn -2.1789270778695382 4.2583574695781392 4.0739050084566273
v 0.2087681000000000 -0.1008043600000000 0.0201561400000000
vn -1.4043594816198919 -2.9626399334481293 4.1386129334939490
v 0.1658743300000000 -0.1306519700000000 0.0120209000000000
vn 0.7702987819390940 -4.2354826134588217 -1.4355579718609688
v 0.1693722900000000 -0.1352170700000000 0.0019437900000000
vn 1.7732644734650727 -2.7457440569357079 -5.3658608432283801
v 0.1695657300000000 -0.1250815900000000 -0.0031102400000000
vn 0.3396048476276681 -2.7908577575405715 4.4509715350312984
v 0.1341977200000000 -0.1373034500000000 0.0061989700000000
vn -0.4458778532079288 -0.0277490293984710 6.2671674770896573
v 0.1337100700000000 -0.1317622100000000 0.0061573300000000
vn 1.4464123004746312 -4.0439746731327455 -1.2780777586597725
v 0.1371956600000000 -0.1425070100000000 -0.0056283100000000
vn 1.0773047405907255 -5.5466056593288782 2.7450254611750728
v 0.1356965900000000 -0.1404904000000000 -0.0012069100000000
vn 1.6436879755528235 -2.2079440866214175 -5.6123070481159809
v 0.1597596700000000 -0.1157631900000000 -0.0111191400000000
vn -1.8707032428445460 4.1914794702644382 4.0945422452731748
v 0.1559123700000000 -0.1165832000000000 0.0035449500000000
vn -0.5412864711477579 2.1639597110923963 5.3579051025999833
v 0.1327301900000000 -0.1227046200000000 0.0061796600000000
vn -0.8935796966492333 -0.1119570240522111 6.2003516389359463
v 0.1110409200000000 -0.1335483900000000 0.0045885600000000
vn -0.7249960347593387 -2.9719934260005032 4.2949821891611730
v 0.1010207700000000 -0.1434767300000000 0.0021068900000000
vn 0.3758055462056810 -4.2553926600310330 -1.5635714326839305
v 0.1002266300000000 -0.1495627300000000 -0.0122145100000000
vn -0.0961670570903150 -5.7800211729974684 2.4618047895578954
v 0.0991024800000000 -0.1471725100000000 -0.0066601000000000
vn 1.3648121165802518 -2.6587103122330502 -5.5015623721168510
v 0.1140609900000000 -0.1327970000000000 -0.0183036900000000
vn 0.8507753613915686 -2.7336501037941874 -5.5930092942604590
v 0.1069211400000000 -0.1386893200000000 -0.0165069000000000
vn -1.2861719525296882 4.3636184772276998 4.2891905235306256
v 0.1100818000000000 -0.1176631000000000 -0.0023290700000000
vn -1.6831135291711552 2.1162180142270994 5.1534015979075534
v 0.1000583700000000 -0.1265420100000000 0.0021863000000000
vn -1.9176752049046775 4.2873247089086481 4.1735362321092158
v 0.1000791300000000 -0.1197143000000000 -0.0047536500000000
vn -0.3675107245039148 -0.0439290279645416 6.1738824917595254
v 0.0900382200000000 -0.1364703400000000 -0.0002953700000000
vn 1.2618481835003810 -2.6527851506116349 4.5888764580357968
v 0.0798466800000000 -0.1471440900000000 0.0008285000000000
vn 0.8238164901767331 -0.1310036184056478 6.2263804166036811
v 0.0824120400000000 -0.1365985200000000 0.0006046200000000
vn 1.0472446714637369 -5.5580950006073646 2.4781954093770473
v 0.0906861200000000 -0.1471299600000000 -0.0068741800000000
vn 1.8524593062061945 -3.8209897145838352 -1.5721834982176621
v 0.0811756300000000 -0.1544891000000000 -0.0142628200000000
vn 0.7741024039245653 -2.7322268390787010 -5.6042750639719170
v 0.0923884900000000 -0.1357254100000000 -0.0201691900000000
vn 1.0243294750535246 -1.8656134099698141 -5.8345977582248185
v 0.0831016500000000 -0.1183426800000000 -0.0297767800000000
vn 1.1073449367418338 -2.5197443794648087 -5.6292747636485823
v 0.0820646500000000 -0.1325297100000000 -0.0230034800000000
vn -0.2754898816273955 4.2335577873642585 4.3209120699331436
v 0.0909069800000000 -0.1225617400000000 -0.0060935300000000
vn 1.5440696262411153 3.9745445334037375 4.6069631570708029
v 0.0809094600000000 -0.1208686800000000 -0.0045698400000000
vn 2.8118560905582712 1.3606938347789281 5.1979346962069117
v 0.0700606700000000 -0.1252070900000000 0.0028090900000000
vn 3.1866479858206405 -0.5432659373426366 5.3703100741066052
v 0.0531405200000000 -0.1424687800000000 0.0111030000000000
vn 1.9926938794028086 -5.1909036209242130 2.9179800070123196
v 0.0703362000000000 -0.1545032400000000 -0.0065601400000000
vn 2.1614639238706648 -5.1149096208670546 2.9395555804813487
v 0.0561136400000000 -0.1613656600000000 -0.0079003300000000
vn 3.6110411782611131 -1.7393654532538190 -4.0025709528922038
v 0.0718888000000000 -0.1371063800000000 -0.0238704100000000
vn 5.2434772355138159 -0.7446902268582345 -3.2116127912692001
v 0.0680835800000000 -0.1290579000000000 -0.0370496000000000
vn 3.7301468818087375 -3.0402620089550028 -2.9336792179358286
v 0.0681458600000000 -0.1530294100000000 -0.0250141400000000
vn 3.8517876306257390 -0.5539427902028337 -4.7842473663620817
v 0.0615986800000000 -0.1251212000000000 -0.0449962600000000
vn 4.6279661513616519 -0.7609565402299159 -4.1536352006888171
v 0.0662929200000000 -0.1112102900000000 -0.0405577400000000
vn -0.0093571363089812 -5.3164972727081494 -3.0727431236988978
v 0.0047016500000000 -0.1753419300000000 -0.0271147500000000
vn 2.8119079718218689 -5.2499859010823773 -1.6874871246195760
v 0.0373087000000000 -0.1718056800000000 -0.0204716700000000
vn 1.2085464627668054 -5.8604332638797061 -1.3633860322651645
v 0.0201158300000000 -0.1803115400000000 -0.0117277500000000
vn 2.7733730427038781 -5.5596277973616610 0.0449300008327322
v 0.0307853800000000 -0.1767265000000000 -0.0051022900000000
vn -0.0038470904047011 -3.5388104773524596 -5.0102730251059313
v -0.0002810000000000 -0.1496389700000000 -0.0553975200000000
vn -0.0069493064012299 -4.6504951768579676 -4.2250756113367220
v 0.0040122300000000 -0.1624944600000000 -0.0412546900000000
vn 1.3690143887879367 -4.6156706505875933 -3.7677842243020674
v 0.0310122300000000 -0.1625545000000000 -0.0412330100000000
vn 4.0107554849005966 -0.9447216039048927 -4.6873796932729235
v 0.0482847800000000 -0.1115088800000000 -0.0575106500000000
vn 1.8044515427313930 -0.7774727040396983 -5.6612280662467889
v 0.0220217400000000 -0.0183500000000000 -0.0686274300000000
vn 0.0042863624046094 -0.3307142179297599 -6.2528613145607732
v -0.0000251800000000 -0.0384068700000000 -0.0658988700000000
vn 0.0054647115794804 0.1888970845113967 -6.2803427957985480
v -0.0004200400000000 -0.0474331500000000 -0.0661707000000000
vn 6.2270785965959323 0.5791456924744831 0.5900899616984357
v 0.0381094600000000 -0.0428514100000000 -0.0378476000000000
vn 1.8088307437792475 -0.2509861758803384 -5.7965735187182297
v 0.0219748200000000 -0.0384558000000000 -0.0658812000000000
vn 1.7841557191714137 1.0098506425556828 -5.7160824365195122
v 0.0229218600000000 -0.0625303300000000 -0.0666044900000000
vn 3.7582986130870850 0.0466160832889475 -5.0181800530750458
v 0.0290661000000000 -0.0522583000000000 -0.0619074200000000
vn 5.8766117488335219 1.8282229998994644 0.1661615647676693
v 0.0389131900000000 -0.0541861200000000 -0.0325935700000000
vn 5.5232966582991372 2.9910695248625907 -0.1584263616721259
v 0.0457191600000000 -0.0668247200000000 -0.0336880300000000
vn 3.7684286869037686 0.9462745959254047 -4.7959121216749887
v 0.0319199900000000 -0.0607102000000000 -0.0591750000000000
vn 3.4213873528073062 2.1528062397480108 -4.8087643879485675
v 0.0357261200000000 -0.0739628600000000 -0.0621874300000000
vn 3.9052652451551739 -0.2359893244206639 -4.9163661708566764
v 0.0466322300000000 -0.0964623800000000 -0.0596178200000000
vn 5.0131483917150446 0.6050657972990034 -2.2980178118525125
v 0.0565092900000000 -0.0928321400000000 -0.0518981800000000
vn 3.6074776770011523 0.9977864801426637 -4.8902406470308559
v 0.0395325900000000 -0.0872100000000000 -0.0656187500000000
vn -1.9381452384180473 -0.4946185140991398 -5.5858748169636652
v -0.0327141000000000 -0.1063400200000000 -0.0704695900000000
vn -1.7987960968302208 -0.7694596905538904 -5.6641216660110683
v -0.0219782600000000 -0.0182521500000000 -0.0686627700000000
vn 2.4759256966900178 -4.8355548422131607 -3.0370544249831264
v 0.0537574100000000 -0.1587512000000000 -0.0242119200000000
vn -1.6249123954873188 2.8502284374794300 5.0662104519825704
v 0.1009304000000000 -0.1136828400000000 -0.0106089000000000
vn -0.8689134240322828 3.0502708647999621 5.1749948801862482
v 0.1376067400000000 -0.1116741100000000 -0.0041565500000000
vn -2.7555306706762632 2.7135284463323415 4.6792155901452137
v 0.1650994900000000 -0.1080408300000000 0.0020097700000000
vn -2.1711389273892165 3.6863557661759354 4.5447084050204118
v 0.2092846400000000 -0.0953249200000000 0.0147410000000000
vn 3.4680630311238914 -1.4809418519752202 -4.8779550568296202
v 0.2849350300000000 -0.0271226800000000 0.0168718300000000
vn 2.7121535861826165 -2.8544314318648936 -1.1811430973919377
v 0.2857869700000000 -0.0865685600000000 0.0366168700000000
vn 0.8741569991267123 3.0463914540671579 5.1763971825349859
v -0.1337360300000000 -0.1109478700000000 -0.0051782200000000
vn 2.7600513831392619 2.7012641227876775 4.6836431941931078
v -0.1655668200000000 -0.1073054300000000 0.0017442000000000
vn 2.1802140246616406 3.6766762632976731 4.5482040973297746
v -0.2097153600000000 -0.0943930600000000 0.0144044900000000
vn 2.8456500188373171 2.7910442965653210 4.6590695392722052
v -0.2555702900000000 -0.0805348000000000 0.0276316300000000
vn -3.4667765038197276 -1.4655204810735318 -4.8835235762615961
v -0.2850649700000000 -0.0258550000000000 0.0164140500000000
vn -2.7229226368338728 -2.8423442078851484 -1.1855054985248619
v -0.2862130300000000 -0.0852964300000000 0.0361574900000000
vn -2.7753261168345209 -1.9186649528745838 3.1643909813433724
v -0.0947660900000000 0.2230331300000000 0.0235258600000000
vn -0.4738998666682699 0.3296764997773998 0.1354140091770780
v -0.0985057700000000 0.2274695500000000 0.0229359100000000
vn -0.3229417078065623 -3.9154247001962141 4.4083589357102531
v 0.0606877400000000 0.2160722100000000 0.0626532000000000
vn -0.1822157271725636 0.2475652301603695 0.4021632151661605
v -0.0625533400000000 0.2222682100000000 0.0680084100000000
vn -1.0603346025299361 -0.7820637756565776 6.0434436951378530
v -0.0019392600000000 -0.1954943800000000 0.1185348100000000
vn -6.2443888818846736 0.6151032597621741 0.3136089240386896
v -0.0102613100000000 -0.1973420000000000 0.0995287800000000
vn 1.0471327059828341 -0.7867567737471124 6.0451416762877468
v 0.0008939000000000 -0.1955006800000000 0.1185370800000000
vn 4.1765014196743140 3.2119810639784454 2.9179692638119885
v 0.0091665200000000 -0.1938847700000000 0.0945745700000000
vn -6.2548911918293886 0.5367311926917900 0.2582119467506804
v -0.0109479100000000 -0.2058462700000000 0.1005740500000000
vn 3.6583736440541577 2.2508173565808982 4.5856887282182255
v -0.3706480700000000 0.1274471500000000 0.0247794500000000
vn 3.6583731447880528 2.2508142580119093 4.5856906474119343
v -0.3488043000000000 0.0941426000000000 0.0236999600000000
vn 3.6583727611682590 2.2508164589511113 4.5856898731608133
v -0.3831394400000000 0.1338255400000000 0.0316140900000000
vn -0.5628428545935249 -0.8978828359690061 2.0602813012056984
v -0.3956308100000000 0.1402039200000000 0.0384487300000000
vn -2.9190613918930524 -1.7215264627367135 -3.3148964523731692
v -0.3956288900000000 0.1404110400000000 0.0366270400000000
vn -1.0541103834738152 0.6034836777542996 -6.1646635232155251
v -0.3048239900000000 0.0434239200000000 0.0116056500000000
vn -1.0540879302242017 0.6035049473329004 -6.1646652802470596
v -0.3502264400000000 0.0919174800000000 0.0241163500000000
vn -1.0540900278610985 0.6035017680398399 -6.1646652328242677
v -0.3158893800000000 0.0524416600000000 0.0143805200000000
vn 3.5154815379461199 0.9644318127763325 5.1175852156238877
v -0.2457886300000000 0.0161386200000000 -0.0040145500000000
vn -4.0853366260706672 -2.6580913965479001 -3.9652228668258740
v -0.2607867500000000 0.0147800300000000 -0.0102240600000000
vn -4.0853336569060454 -2.6580881503410287 -3.9652281020284814
v -0.3039380600000000 0.0635190900000000 0.0015620900000000
vn -4.0853340395398172 -2.6580896882800698 -3.9652266768486073
v -0.2710269900000000 0.0214039100000000 -0.0041139600000000
vn -0.4766992940703565 0.6661025545169865 -6.2295652155069590
v -0.2041224100000000 0.0124399300000000 -0.0227012300000000
vn 2.1731270889230618 0.7286614319019304 5.8502127121501371
v -0.1568912000000000 -0.0006880600000000 -0.0255016100000000
vn -2.2988141989421980 -0.3701005950365839 -5.8358286843125011
v -0.1844759100000000 0.0279976200000000 -0.0252780400000000
vn -2.2988137622893463 -0.3701006361452703 -5.8358288537097227
v -0.1709943100000000 0.0076996900000000 -0.0293013600000000
vn 1.4506246886242011 0.3378036666734609 6.1040965179017395
v -0.1065342300000000 0.0068967100000000 -0.0339586000000000
vn -0.8366429054368436 0.7327586342542279 -6.1839721083659640
v -0.1089596200000000 0.0008978100000000 -0.0396126800000000
vn 2.0407613720485158 0.4921819980492435 5.9221168096765799
v -0.0797953500000000 -0.0008012100000000 -0.0410753500000000
vn -1.0888692024222606 0.6423999544140261 -6.1546814509671108
v -0.0808790700000000 -0.0142231700000000 -0.0455006900000000
vn 4.1200868563819499 2.7493045247630059 3.8658280523502691
v -0.4062896500000000 0.0979360500000000 0.0675784200000000
vn 4.1200875395147198 2.7493037900904937 3.8658278467705753
v -0.4488861900000000 0.1510695200000000 0.0751890500000000
vn -4.1294206316259725 -2.9861857309941398 -3.6754588327795537
v -0.4370303200000000 0.1559481100000000 0.0608272100000000
vn -4.1294204971523918 -2.9861830952129047 -3.6754611253446186
v -0.3852842800000000 0.1092361000000000 0.0406418500000000
vn -4.1294226275827253 -2.9861905527812302 -3.6754526727432109
v -0.4262048200000000 0.1497766100000000 0.0536787600000000
vn 0.1792392754756043 0.6912600930520549 -1.5869917989242679
v -0.4153793200000000 0.1436051100000000 0.0465303100000000
vn 4.0927773992108216 3.4320015889884261 2.4631585024995899
v -0.4153812500000000 0.1433979900000000 0.0483520000000000
vn -2.6449220640466442 1.5675459463242833 5.4795624446909148
v 0.2924953000000000 0.0351235100000000 0.0107057700000000
vn -2.6449241410272872 1.5675458377201168 5.4795614732580109
v 0.3255861500000000 0.0772990200000000 0.0146131400000000
vn -2.6449277104761175 1.5675511260737354 5.4795582374729310
v 0.3035962200000000 0.0440919500000000 0.0134984400000000
vn 3.6535975273175918 -2.2543133451364903 -4.5877787713309450
v 0.3600866200000000 0.1170359800000000 0.0207608700000000
vn 3.6535955338837303 -2.2543122394299164 -4.5877809021651226
v 0.3269977000000000 0.0750675900000000 0.0150318000000000
vn 3.6535940132886369 -2.2543104103583715 -4.5877830118853389
v 0.3725952500000000 0.1233587700000000 0.0276155900000000
vn -1.4875438206010105 0.6043426702800014 6.0745700196003884
v 0.2848746400000000 0.0721335200000000 0.0041910600000000
vn -1.4875427484998029 0.6043422726095928 6.0745703216997802
v 0.2970650100000000 0.1015181800000000 0.0042528400000000
vn 1.3392688764809590 0.3014792034400227 -6.1313853875560422
v 0.2868071700000000 0.0951470100000000 -0.0036954000000000
vn 1.3392704515358851 0.3014789089504324 -6.1313850579990348
v 0.3120627000000000 0.0996409600000000 0.0020420900000000
vn -0.8134420595290377 -0.2250337589795039 6.2262419987874233
v 0.2389014600000000 0.0695966400000000 -0.0109910000000000
vn 0.2560805656738879 0.8309488738617090 -6.2227296516289927
v 0.2252615400000000 0.0712913100000000 -0.0140207700000000
vn 0.2560697835857948 0.8309548236976586 -6.2227293008081261
v 0.2097032500000000 0.0435539100000000 -0.0183649300000000
vn 0.2560693888991955 0.8309552460495114 -6.2227292606517874
v 0.2382032000000000 0.0831836600000000 -0.0119001600000000
vn -2.0035510255302018 0.7303895663877296 5.9102226670206237
v 0.1847357300000000 0.0297103400000000 -0.0193256600000000
vn 1.4011836924900019 0.4804822186552890 -6.1060821073591125
v 0.1775487700000000 0.0462324300000000 -0.0265651800000000
vn 1.4011830087144967 0.4804819848452270 -6.1060822826653700
v 0.1692610600000000 0.0280930300000000 -0.0298943600000000
vn -0.1629330636236344 -0.1864665253099995 6.2783039633384528
v 0.1523055600000000 0.0275686800000000 -0.0284231000000000
vn -1.5355938147631445 0.3454243856017055 6.0828489406052242
v 0.1274460700000000 0.0361102900000000 -0.0302850500000000
vn -1.7713195784479510 0.4838837961282169 6.0088851734077622
v 0.0925483400000000 0.0046133700000000 -0.0373421000000000
vn 1.5933807062261200 0.2834720873665513 -6.0711777362366472
v 0.0869089800000000 0.0153035500000000 -0.0420033800000000
vn 1.5933755138256385 0.2834771032117099 -6.0711788647860194
v 0.0788694200000000 -0.0035455400000000 -0.0449934700000000
vn -3.9187467094482002 1.4639038219215361 3.0942943575122070
v 0.0810715900000000 0.0136133200000000 -0.0417827200000000
vn -2.0980273500387612 1.3550052836243669 -2.9007117645065468
v 0.0810735200000000 0.0138204100000000 -0.0436041500000000
vn -3.6936167669569957 2.5117241119325242 4.4189200907850648
v 0.3456015100000000 0.0556944900000000 0.0390166700000000
vn -3.6936153658858215 2.5117220362216259 4.4189224417275543
v 0.3574144000000000 0.0509703900000000 0.0515758300000000
vn -4.0814199990813123 3.4501824859923413 2.4565803884384714
v 0.4159513800000000 0.1415491000000000 0.0490196600000000
vn -0.1736109781633408 0.6920463666376517 -1.5872877804201921
v 0.4159533100000000 0.1417562200000000 0.0471979700000000
vn 4.1219963085304236 -3.0045372652443421 -3.6688308571719981
v 0.4267946500000000 0.1478795300000000 0.0543638200000000
vn 4.1219985530588659 -3.0045425288323289 -3.6688240248265309
v 0.3857151900000000 0.1075214000000000 0.0412610600000000
vn 4.1219985474528302 -3.0045425333765063 -3.6688240274348565
v 0.4376360000000000 0.1540028500000000 0.0615296700000000
vn -4.1140214772411587 2.7676166117950847 3.8592153579789095
v 0.4386056200000000 0.1429483100000000 0.0687446700000000
vn 1.1015974891399787 0.6375328049321469 -6.1529222731065900
v 0.0854164300000000 -0.0102847300000000 -0.0441172600000000
vn 1.1015950486766493 0.6375301396089210 -6.1529229862056409
v 0.0914987300000000 -0.0006591400000000 -0.0420309600000000
vn 1.1015981232870466 0.6375318060183846 -6.1529222630748475
v 0.0816740000000000 -0.0191541100000000 -0.0457062900000000
vn 0.8498220491522704 0.7290092399988517 -6.1826180229025223
v 0.1123767200000000 0.0018855000000000 -0.0388054100000000
vn 0.8498258992296077 0.7290097420383965 -6.1826174344981970
v 0.1186141000000000 0.0158378200000000 -0.0363029000000000
vn 0.8498285708366780 0.7290080159951638 -6.1826172707953289
v 0.1057045600000000 -0.0010595500000000 -0.0400697800000000
vn 0.1836454141107916 1.0524749137624043 -6.1916870497570056
v 0.1434728100000000 0.0155415700000000 -0.0349001800000000
vn -0.3434016846093731 -0.1757212125130579 6.2713327883981256
v 0.1246781900000000 -0.0030828900000000 -0.0304764900000000
vn -0.3434013672133287 -0.1757212203956082 6.2713328055568338
v 0.1339975600000000 0.0222244800000000 -0.0292570800000000
vn 2.3065170593680815 -0.3803438735613917 -5.8321295593500748
v 0.1744599800000000 0.0059339800000000 -0.0276276500000000
vn 2.3065172212846994 -0.3803446237204139 -5.8321294463926945
v 0.1900182700000000 0.0336713800000000 -0.0232834900000000
vn 2.3065167845083088 -0.3803434826786719 -5.8321296935444007
v 0.1677166600000000 0.0079438100000000 -0.0304256000000000
vn -2.1792539544279124 0.7383405888122325 5.8467189928518648
v 0.1619021700000000 0.0180038600000000 -0.0258493500000000
vn 0.4896661156173654 0.6639518860428291 -6.2287890149322358
v 0.2149585400000000 0.0069705700000000 -0.0220158000000000
vn 0.4896614248300720 0.6639546424347352 -6.2287890898776137
v 0.2330517000000000 0.0510233000000000 -0.0158976700000000
vn 0.4896618011504825 0.6639547569649188 -6.2287890480858668
v 0.2045517500000000 0.0113935400000000 -0.0223624400000000
vn 4.0798345805190745 -2.6762491886828998 -3.9586686751855185
v 0.2711403800000000 0.0201981300000000 -0.0036785400000000
vn 4.0798296300136752 -2.6762422528427545 -3.9586784661445211
v 0.3042293000000000 0.0621665200000000 0.0020505300000000
vn 4.0798328086729772 -2.6762476126538108 -3.9586715667422765
v 0.2608806200000000 0.0136198400000000 -0.0098051000000000
vn -3.5193726626730824 0.9800783850599104 5.1119350567788464
v 0.2511490200000000 0.0510727200000000 -0.0068986200000000
vn 1.0666757092831372 0.5987763646349958 -6.1629609280472444
v 0.3161106200000000 0.0510360900000000 0.0148881000000000
vn 1.0666825918008562 0.5987683896029564 -6.1629605116630781
v 0.3506072500000000 0.0903588200000000 0.0246792000000000
vn 1.0666800218194941 0.5987709652796185 -6.1629607062301632
v 0.3050097000000000 0.0420676500000000 0.0120954200000000
vn 2.9167177438988059 -1.7345249970245835 -3.3102177138149562
v 0.3962047900000000 0.1386500000000000 0.0372629800000000
vn 0.5555339896094780 -0.9003693167384630 2.0611707832473942
v 0.3962028700000000 0.1384428800000000 0.0390846700000000
vn -3.6556872546696626 2.2670828669430074 4.5798147969996057
v 0.3805670900000000 0.1305394000000000 0.0305162700000000
vn -3.6556870634662770 2.2670831219972643 4.5798148233650320
v 0.3491957000000000 0.0925902500000000 0.0242605400000000
vn -3.6556856201539354 2.2670829384283189 4.5798160663086485
v 0.3711856200000000 0.1257973100000000 0.0253752300000000
vn -3.9524170725124605 -2.5884805185898165 -4.1420508801979405
v -0.3710394600000000 0.0577187800000000 0.0599190800000000
vn 3.6976494386921046 2.4952846095045400 4.4248571672386241
v -0.3572519200000000 0.0525598100000000 0.0510018600000000
vn 2.1086960733781419 1.3456484824737303 -2.8973186758044447
v -0.0809264800000000 0.0141807000000000 -0.0437342500000000
vn -1.5823427673842398 0.2905402769060962 -6.0737299345742413
v -0.0787974200000000 -0.0031948900000000 -0.0451200900000000
vn -1.5823451313692674 0.2905390946522389 -6.0737293752739419
v -0.0941693300000000 0.0218139400000000 -0.0399190500000000
vn 1.7638020557142795 0.4760235271423420 6.0117236724754672
v -0.0924521900000000 0.0050248100000000 -0.0374906800000000
vn 1.7638010798756740 0.4760207797436181 6.0117241763256555
v -0.0948455100000000 0.0228410800000000 -0.0381992300000000
vn -0.7375434393699823 0.8010616148424858 -6.1881134094795573
v -0.1203850400000000 0.0366124900000000 -0.0337396100000000
vn -0.7375407235649301 0.8010625152640545 -6.1881136166102264
v -0.1059348100000000 0.0124749100000000 -0.0385865400000000
vn 1.5273464380019552 0.3386149272621533 6.0853077484797735
v -0.1192617300000000 0.0178971200000000 -0.0314422300000000
vn -0.2444957629033123 0.9901777054096963 -6.1998538319850596
v -0.1492113300000000 0.0407115200000000 -0.0308928400000000
vn -0.2444954982094975 0.9901778484330229 -6.1998538195804755
v -0.1293035200000000 0.0163022400000000 -0.0355763200000000
vn 0.1520191279773170 -0.1871659557196844 6.2785568958226960
v -0.1489632500000000 0.0407595700000000 -0.0283710000000000
vn 0.1520189193104465 -0.1871665273021961 6.2785568838358952
v -0.1479222800000000 0.0214515400000000 -0.0289717900000000
vn 0.1520147637624125 -0.1871646909999936 6.2785570391928784
v -0.1561318600000000 0.0399194400000000 -0.0282224800000000
vn -1.3892232903294048 0.4866892697454919 -6.1083229947895612
v -0.1772838600000000 0.0470215800000000 -0.0268501500000000
vn -0.2423834460597769 0.8320584959520578 -6.2231299623744318
v -0.2377968000000000 0.0842422900000000 -0.0122824400000000
vn -0.2423754038727241 0.8320626501239463 -6.2231297201821674
v -0.2094630700000000 0.0444861400000000 -0.0187015700000000
vn -0.2423753720054671 0.8320628509602057 -6.2231296945710755
v -0.2249047800000000 0.0722924800000000 -0.0143823100000000
vn 0.8024290609987385 -0.2286272200075408 6.2275400280265671
v -0.2482259800000000 0.0796208700000000 -0.0097995500000000
vn -1.3280666106495835 0.3074092437421604 -6.1335272265550040
v -0.3179157900000000 0.1021795600000000 0.0029654500000000
vn 1.4804587568112517 0.5977418022660648 6.0769535304757358
v -0.2966023600000000 0.1028384900000000 0.0037760600000000
vn 1.4804583226723069 0.5977420647566706 6.0769536104208512
v -0.2952487900000000 0.0662740300000000 0.0070428600000000
vn -3.6562136045056244 -2.2380552686509461 -4.5936508679947039
v -0.3720721200000000 0.1250149100000000 0.0270175300000000
vn -3.6562112391757138 -2.2380528938399760 -4.5936539076487994
v -0.3266696700000000 0.0765213500000000 0.0145068300000000
vn -3.6562127764010239 -2.2380550497321181 -4.5936516337654121
v -0.3595807500000000 0.1186365300000000 0.0201828900000000
vn 2.6430721318206469 1.5557904734523142 5.4838037266967641
v -0.3034037800000000 0.0454419200000000 0.0130109500000000
vn 2.6430732455494637 1.5557919498206558 5.4838027710438162
v -0.3252475400000000 0.0787464700000000 0.0140904400000000
vn 2.6430710424107859 1.5557903155699457 5.4838042965716962
v -0.2923383800000000 0.0364241800000000 0.0102360700000000
vn -2.1140023433233681 -5.5272925306232352 0.2845778004972581
v -0.0645463600000000 0.2095017900000000 0.0239482400000000
vn 0.9460810678678323 1.3384857135575330 3.5631107204406152
v -0.0712103300000000 0.2189545000000000 0.0471577500000000
vn 0.5541615563408553 -3.1378516250739716 4.1540731808851659
v -0.0349002800000000 0.1960297100000000 0.0120475300000000
vn -2.1646223965878755 -5.7842284345872335 1.1556508560132630
v -0.0466395400000000 0.1999910000000000 0.0098859800000000
vn -3.6132669961760997 -1.6081051843917673 -4.8822860357233973
v -0.0584362800000000 0.2152926200000000 0.0068329000000000
vn -3.6132665741321439 -1.6081025097259278 -4.8822872290309185
v -0.0591131600000000 0.2113139300000000 0.0086443300000000
vn -1.3401883852741086 -5.6966990173647938 1.1173222818300441
v -0.0565561500000000 0.2084295900000000 0.0332286300000000
vn -3.5511115623131193 -1.5590733104961396 -4.9434112401111374
v -0.0529202700000000 0.2205402600000000 0.0011450700000000
vn -3.5511111801125321 -1.5590735346525042 -4.9434114439703123
v -0.0553398300000000 0.2199057900000000 0.0030832700000000
vn -0.6165289447376898 6.1293249274484172 1.2368045917861310
v -0.0518285600000000 0.2271070500000000 0.0090216600000000
vn -0.6165289447403375 6.1293249274553645 1.2368045917887411
v -0.0494090000000000 0.2277415200000000 0.0070834600000000
vn 5.7891054389169421 -0.4508215539838030 -2.4002990955101171
v -0.0285035400000000 0.2228983000000000 0.0079803200000000
vn 2.3903612707878352 1.4918451986724004 0.5684537990077054
v -0.0241679000000000 0.2272447200000000 0.0176207800000000
vn 2.9549868991994357 1.2530133812524804 -5.4015208503072234
v -0.0344933900000000 0.2241317700000000 -0.0012790800000000
vn 4.9056999892432760 -2.3087304422012109 3.1752620309309738
v -0.0312937500000000 0.2073756900000000 0.0147252000000000
vn -2.0003685443239663 -1.4961527448917489 -5.7334930016478793
v -0.0413015400000000 0.2160161100000000 -0.0031735900000000
vn -2.2246264759637384 -1.3882700634080480 -5.6936064855589041
v -0.0443033700000000 0.2157290000000000 -0.0016997300000000
vn 1.5272767636541376 1.3467278063664474 -4.8283336907436043
v -0.0267698600000000 0.1707856400000000 -0.0124526200000000
vn -1.6761749027086110 1.1588695833452545 -5.9429609976148514
v -0.0285207400000000 0.1705672700000000 -0.0119760700000000
vn 3.1082740162815892 -0.8544374539603855 5.3932352888896649
v -0.0301572800000000 0.1916290400000000 0.0086168200000000
vn 3.1082722147726165 -0.8544388253781394 5.3932361098801760
v -0.0316071800000000 0.1860394400000000 0.0085668900000000
vn -4.4887883957580632 0.4045194638530310 -4.3778488262753639
v -0.0391910900000000 0.1882176000000000 -0.0035326900000000
vn -4.6852473448646252 -1.9066319320875789 3.7271476489834474
v -0.0374136800000000 0.1871007700000000 0.0043204100000000
vn -4.6852479930255004 -1.9066313773246204 3.7271471179985287
v -0.0395775500000000 0.1873974000000000 0.0017520400000000
vn 4.1938317918690249 -0.0065531250452577 3.9807964994920146
v -0.0166384300000000 0.1192028700000000 -0.0070887000000000
vn 1.6029437821635055 1.1775439796472840 -4.9205126492271045
v -0.0225405000000000 0.1198956400000000 -0.0237690600000000
vn -0.8487538316853578 -0.9099217129321209 4.6677871617637656
v -0.0232937400000000 0.1257996200000000 -0.0033894700000000
vn 2.8001341041996151 -0.4865247755455512 5.5958434813810634
v -0.0217934000000000 0.1256420400000000 -0.0042446000000000
vn -4.7517660907133088 0.7475894494173889 -4.0421744361236875
v -0.0313668400000000 0.1240308200000000 -0.0208758100000000
vn -0.0959360707675186 6.2310363564371212 0.8021220601856707
v -0.0370980200000000 0.2279422000000000 0.0096980900000000
vn -5.3826890684589328 -2.5859851952293940 1.9539080240833837
v 0.0466213300000000 0.2180845100000000 0.0474348800000000
vn -0.5747859993469963 -3.1353395219672033 4.1531665957672939
v 0.0357670900000000 0.1958725500000000 0.0121042900000000
vn -4.0285287061151598 -3.2815606093678613 3.5328082364276674
v 0.0437814700000000 0.2105351000000000 0.0348630100000000
vn 3.6139174860372729 -1.6241749337781428 -4.8764817023066813
v 0.0597250200000000 0.2130397300000000 0.0078337800000000
vn -0.8946067740148521 6.2188315817249880 -0.0650390834905763
v 0.0619160600000000 0.2261971900000000 0.0141543800000000
vn 3.5520754463444977 -1.5748679372813470 -4.9377088419579760
v 0.0563270100000000 0.2196574400000000 0.0031729500000000
vn 3.5520783044614239 -1.5748681845419223 -4.9377067070294123
v 0.0539134100000000 0.2203026600000000 0.0012308700000000
vn 0.6417977108639430 6.1265268254865557 1.2378135397707759
v 0.0516314800000000 0.2271968800000000 0.0081346800000000
vn -5.7871909986440206 -0.4250719020035026 -2.4095957809745068
v 0.0279089300000000 0.2223303800000000 0.0119171500000000
vn -5.7871904798845648 -0.4250745710939643 -2.4095965560264321
v 0.0294964600000000 0.2227693000000000 0.0080269000000000
vn -2.9407056643324658 1.2661214577358204 -5.4062560293035791
v 0.0355066100000000 0.2239760900000000 -0.0012228600000000
vn -5.4410646663746709 -0.7842310126161111 2.6428493242365789
v 0.0297914300000000 0.2061607900000000 0.0102483700000000
vn 2.2275643871897532 -1.3981684511734864 -5.6900356778525509
v 0.0452797800000000 0.2155297700000000 -0.0016277900000000
vn -4.7422800221000525 1.5758364052174181 -3.8076499613213732
v 0.0233077900000000 0.1700811700000000 -0.0071959900000000
vn -5.2781516822421519 0.9381489773495700 -0.8253944488305662
v 0.0218059600000000 0.1698868100000000 -0.0054583900000000
vn -5.8503024781711597 0.3018965933884752 2.2713193317114757
v 0.0240796000000000 0.1729387100000000 0.0001119300000000
vn -4.4292574740484900 -0.2777232631293527 3.8784334058284955
v 0.0244666800000000 0.1694208600000000 0.0015365600000000
vn 1.6908543912940779 1.1513776805091522 -5.9402580807580545
v 0.0293129500000000 0.1704386500000000 -0.0119296200000000
vn -1.5135185333997263 1.3534883927793355 -4.8307729880805130
v 0.0270991300000000 0.1675203600000000 -0.0131444000000000
vn -3.1207018522590477 -0.8405845933354035 5.3882330216025993
v 0.0317570400000000 0.1902069700000000 0.0088979400000000
vn 4.4975656740966485 0.3845315793014378 -4.3706356603807723
v 0.0394386300000000 0.1926285600000000 -0.0036926600000000
vn 4.6707277676428127 -1.9274420668765422 3.7346601992363513
v 0.0404224500000000 0.1872194800000000 0.0018162900000000
vn 4.6707272860413669 -1.9274422624846010 3.7346607005917534
v 0.0382531600000000 0.1869324800000000 0.0043811800000000
vn -4.8175423689333003 1.1793338339293626 -3.8570631013429626
v 0.0164037800000000 0.1159995900000000 -0.0166018300000000
vn -6.0201390437607891 0.5269956730501636 1.5896255489994402
v 0.0169519700000000 0.1220879500000000 -0.0083816800000000
vn 0.9255845121964189 1.3560533396729892 -6.0234363158068813
v 0.0249593200000000 0.1198990200000000 -0.0232152900000000
vn -1.5897971662333825 1.1846508963158822 -4.9230839336328280
v 0.0229114500000000 0.1166029900000000 -0.0244308600000000
vn -2.8112422034767834 -0.4740454686282727 5.5913434302888101
v 0.0223734400000000 0.1255438100000000 -0.0042091300000000
vn 0.8372089482039746 -0.9136715894254377 4.6691400246596038
v 0.0238731000000000 0.1256947200000000 -0.0033515900000000
vn 4.7615355503608177 0.7264284139855915 -4.0345293690341073
v 0.0319663200000000 0.1238899700000000 -0.0208249400000000
vn 4.9025759737048551 -1.2653829775590089 3.7204801231167428
v 0.0329133900000000 0.1471393100000000 -0.0071203100000000
vn 0.1900222181372343 6.2281443413219293 0.8049450296526092
v 0.0311302700000000 0.2277646400000000 0.0109030600000000
vn 0.1223617024484491 6.2305507635445707 0.8022981995625886
v 0.0365862900000000 0.2273975200000000 0.0129219500000000
vn 0.1223633887879965 6.2305510291186188 0.8022958798974779
v 0.0368426700000000 0.2281482400000000 0.0070528600000000
vn 0.1223658782218963 6.2305507611938022 0.8022975808838334
v 0.0424268800000000 0.2281564700000000 0.0061372100000000
vn 4.7501030150715824 -1.3677939366819853 3.8786697071713636
v 0.0264752400000000 0.1233363500000000 -0.0073700300000000
vn 4.7501016408806951 -1.3677936507481774 3.8786714909320197
v 0.0298802600000000 0.1263251700000000 -0.0104860800000000
vn 4.7615344846471963 0.7264283598107897 -4.0345306215316539
v 0.0353449200000000 0.1472728600000000 -0.0126273800000000
vn 4.8425013883854060 -0.2749627790377189 -0.1456818687646625
v 0.0363460800000000 0.1482885300000000 -0.0112527900000000
vn -2.8112419286977470 -0.4740488061881867 5.5913432531964515
v 0.0225856600000000 0.1466307500000000 -0.0023146300000000
vn -4.2001958984315904 0.0121132141564093 3.9740676606118814
v 0.0210002900000000 0.1454675800000000 -0.0031194200000000
vn 0.9255754305935586 1.3560516711632378 -6.0234397184769897
v 0.0303444400000000 0.1456375800000000 -0.0165932900000000
vn 2.4902315444315386 1.1273469033351271 -5.0748593292996835
v 0.0323470000000000 0.1469297800000000 -0.0161926500000000
vn -6.0201368145816669 0.5269975290583401 1.5896295087552537
v 0.0190042100000000 0.1455685700000000 -0.0083938900000000
vn -5.5154157907792847 0.8627022851753994 -1.4340754534729325
v 0.0185870800000000 0.1445534400000000 -0.0105226400000000
vn -4.7909183011918524 1.1744826264447563 -3.8918003540556354
v 0.0199929200000000 0.1171251700000000 -0.0206804800000000
vn 4.8175149730009457 -1.8409654023113562 3.5889850204138440
v 0.0335885000000000 0.1677464500000000 0.0006013800000000
vn 4.6483718929376714 0.2772587085357971 -4.2112387079891391
v 0.0415924300000000 0.1873921200000000 -0.0019370200000000
vn 4.7349496123221169 -0.8787253873979871 -0.1585961368594923
v 0.0425917400000000 0.1875064800000000 -0.0007486000000000
vn -3.0730232698283864 -0.8461011180193597 5.4144314822039252
v 0.0295161700000000 0.1940650600000000 0.0082019700000000
vn -4.4292477901997378 -0.2777246185154414 3.8784420489556353
v 0.0280165100000000 0.1939141500000000 0.0073444400000000
vn 1.6908446962782706 1.1513801427741532 -5.9402605292590103
v 0.0365287500000000 0.1951418400000000 -0.0050875700000000
vn 3.0552928349426991 0.7816530386065080 -5.1638661590660755
v 0.0383617400000000 0.1952467900000000 -0.0045704800000000
vn -5.8503016679301538 0.3018949464880664 2.2713212502791364
v 0.0263001200000000 0.1981619000000000 0.0024788300000000
vn -1.5135286794318450 1.3534878924129721 -4.8307748181401520
v 0.0312813800000000 0.1958202900000000 -0.0065256400000000
vn -5.4140282592195454 -1.3067501566251205 0.3182583488982119
v 0.0280564100000000 0.2140261200000000 0.0130278800000000
vn -4.9809421544872121 -2.2376521049333147 3.1067435403413577
v 0.0300531300000000 0.2135584300000000 0.0159961500000000
vn -0.7454619648201090 -0.0673689252858052 -5.6786172354332258
v 0.0410879200000000 0.2217273100000000 -0.0047854400000000
vn 2.0028965120795821 -1.5050556411668101 -5.7302819194686201
v 0.0444265900000000 0.2241670200000000 -0.0045463800000000
vn -2.2502875295682059 2.7518272785782072 -1.4926520344851408
v 0.0315148500000000 0.2288907100000000 0.0020994200000000
vn 0.6344980605521487 6.1297727421107933 1.2254452030071377
v 0.0435705200000000 0.2246922800000000 0.0247830600000000
vn 0.6345002748781816 6.1297725897193507 1.2254448187725757
v 0.0411570100000000 0.2253469300000000 0.0227581000000000
vn -4.0832809112748141 -2.5345419299902323 4.0473857993886018
v 0.0342222700000000 0.2177293700000000 0.0242328900000000
vn -4.0832810958714454 -2.5345413629954572 4.0473859682138702
v 0.0366357800000000 0.2170747200000000 0.0262578500000000
vn -6.0521877470687677 -0.3357884052711465 1.6542935729225456
v 0.0404208900000000 0.2165973600000000 0.0333367900000000
vn -4.9307273153684070 -3.2319718545647591 2.1727180390263436
v 0.0527656200000000 0.2093198000000000 0.0506380300000000
vn -0.0979259655483053 -3.3459548643317922 2.4724717053590624
v 0.0721014400000000 0.2077135000000000 0.0430116900000000
vn -0.1091053774024019 6.2195971324575270 0.8812277939939848
v -0.0402547600000000 0.2290864800000000 0.0004315400000000
vn -4.8434282426073532 -0.2534188522390109 -0.1534674530776897
v -0.0356534000000000 0.1484486600000000 -0.0113106100000000
vn -4.7517650131656435 0.7475871854799236 -4.0421764050043976
v -0.0350655200000000 0.1503532500000000 -0.0116595700000000
vn 4.1938330767307255 -0.0065534835388997 3.9808021254376835
v -0.0203333900000000 0.1455595000000000 -0.0031526200000000
vn 2.8001270155980436 -0.4865245825077417 5.5958484895644176
v -0.0219148700000000 0.1467297200000000 -0.0023503600000000
vn 5.5215042168513806 0.8381564915173398 -1.4251998537037640
v -0.0179123900000000 0.1446346100000000 -0.0105519500000000
vn 4.8023426402640039 1.1531454025637917 -3.8840930022853213
v -0.0195295000000000 0.1164300300000000 -0.0210751200000000
vn -4.8314121432827433 -1.8195065316568952 3.5812386526660802
v -0.0338685200000000 0.1680471000000000 -0.0007775500000000
vn -4.8314096346139186 -1.8195055257561470 3.5812425481448620
v -0.0317881600000000 0.1677412300000000 0.0018736400000000
vn -4.7385467149996678 -0.8576514591019746 -0.1662088569896830
v -0.0417414200000000 0.1876940400000000 -0.0008163300000000
vn -4.6403209878592815 0.2979204549641314 -4.2187007616744365
v -0.0407407200000000 0.1875752300000000 -0.0020031400000000
vn 4.4217368719612757 -0.2974105401125606 3.8855552132682276
v -0.0271508600000000 0.1940368400000000 0.0073001300000000
vn 3.0605347508775473 -0.8597424080897409 5.4193540503966879
v -0.0286512000000000 0.1941944200000000 0.0081552500000000
vn -3.0434991881416047 0.7952201828203013 -5.1687666267211450
v -0.0370396200000000 0.1923518300000000 -0.0053566600000000
vn -1.6761751306339980 1.1588663639565364 -5.9429617780004333
v -0.0356375700000000 0.1953023300000000 -0.0051455300000000
vn 5.2835746675252935 0.9146601326581307 -0.8169240718149878
v -0.0244754300000000 0.1951535000000000 0.0003847900000000
vn 5.8479288011005668 0.2758774810928659 2.2807216278338331
v -0.0254077700000000 0.1982769000000000 0.0024373000000000
vn 5.4076426431069144 -1.3308188566824326 0.3269603794253462
v -0.0276989300000000 0.2115296300000000 0.0120561400000000
vn 4.9659432864164925 -2.2597713601878371 3.1147344447985144
v -0.0290346300000000 0.2112237700000000 0.0140328400000000
vn -2.0003735110454195 -1.4961459638058254 -5.7334951455572929
v -0.0434070900000000 0.2243623600000000 -0.0046169200000000
vn 0.7542729421971515 -0.0707014596571664 -5.6774116380875039
v -0.0416562100000000 0.2245807300000000 -0.0050934700000000
vn 5.7127337739629480 0.4155545011296323 0.0313662286998059
v -0.0300828500000000 0.2233442700000000 0.0040875300000000
vn -0.6091874489111968 6.1325407209039398 1.2244396934282311
v -0.0401761500000000 0.2255278100000000 0.0226927800000000
vn -0.6091851639180662 6.1325408019974281 1.2244404240877076
v -0.0425958000000000 0.2248839200000000 0.0247138600000000
vn 4.0654644859171816 -2.5526642124405345 4.0539266812054002
v -0.0356973800000000 0.2172355900000000 0.0261997600000000
vn 4.0654654486351864 -2.5526644194254611 4.0539255854181508
v -0.0332777300000000 0.2178794900000000 0.0241786700000000
vn -2.8138139209417945 -5.5065355533638076 0.3872565229413940
v -0.0488034000000000 0.2002876400000000 0.0073176100000000
vn -3.5381339639344498 -3.4184701609319896 -2.6317122999606277
v -0.0516729000000000 0.2022757400000000 0.0061149100000000
vn 6.0479687671822351 -0.3627018563992865 1.6640128481671783
v -0.0399555900000000 0.2168362300000000 0.0349565300000000
vn 6.0479693158538623 -0.3626962080745569 1.6640120851394824
v -0.0390363100000000 0.2167139600000000 0.0315886900000000
vn 0.6299658734675776 6.2514393790892280 0.0326541287459658
v -0.0552701300000000 0.2250618100000000 0.0344495900000000
vn 0.0264805860968792 3.8293145725672044 0.1367447839246584
v 0.0002787300000000 0.0848930400000000 -0.1028727600000000
vn 1.1050743840245587 4.0014609180725600 4.7165176487778400
v 0.0217597700000000 0.0769356200000000 -0.1011547300000000
vn 1.1050759392557912 4.0014629442295524 4.7165155654132702
v 0.0167608400000000 0.0776354500000000 -0.1005772200000000
vn -1.2974598203834948 3.5177073634629652 5.0418994956152341
v -0.0152720200000000 0.0501826300000000 -0.0775426500000000
vn 3.4742669215520627 -4.0676078353296568 -3.2958236391119504
v -0.0310235600000000 0.0921533600000000 -0.0178741900000000
vn 3.4742672910973385 -4.0676077864583311 -3.2958233098739349
v -0.0356687300000000 0.0846662300000000 -0.0135304700000000
vn -2.2942367157400461 0.0468165496454770 -5.8491626500777878
v -0.0462669700000000 0.0948395800000000 -0.0186228000000000
vn 3.2663661804106994 2.1271283937316543 4.9279401758144301
v -0.0421669800000000 0.0918962400000000 0.0173311800000000
vn -2.1371818436397172 5.4704644167565517 2.2326868200833312
v -0.0522257300000000 0.0950327400000000 0.0147833800000000
vn 2.5046649534835908 5.5848183374445703 -1.4194630015898291
v -0.0477759200000000 0.0602750100000000 0.0002059600000000
vn 2.5046674244731251 5.5848176613572846 -1.4194613015241728
v -0.0451127500000000 0.0599019300000000 0.0034373100000000
vn 4.6775440769664591 2.3360172692242309 3.4845404761897734
v -0.0438067600000000 0.0511405100000000 0.0133458000000000
vn 4.6775457774721385 2.3360140321561098 3.4845403635996819
v -0.0421812200000000 0.0469112800000000 0.0139989800000000
vn -2.7012171996517482 3.7118420705888093 -4.2899967001879684
v -0.0602325200000000 0.0581245000000000 -0.0079357400000000
vn 0.4080882748071606 -2.1859870858636365 5.0829721266297634
v -0.0339813900000000 0.0081999800000000 0.0087253600000000
vn 3.0407223579304308 -0.5388089653177965 5.4680016036651891
v -0.0315620900000000 0.0089983900000000 0.0075606300000000
vn -3.9794377450895162 2.4011416479397032 -3.9331330195904446
v -0.0592400400000000 0.0268254000000000 -0.0336352200000000
vn -5.3340066210888333 0.6657148866488060 -3.1458764994785580
v -0.0607434600000000 0.0259496200000000 -0.0318071800000000
vn -5.2339997965433813 -3.1132174778178969 1.5464606913636216
v -0.0739954200000000 0.0373485100000000 0.0024362000000000
vn 5.5540083868127965 1.4630309554164582 2.5477340652159035
v -0.0097620100000000 0.0233639900000000 -0.0151890800000000
vn 5.5540088551896849 1.4630310199879979 2.5477330070835942
v -0.0064503100000000 0.0131083800000000 -0.0165192600000000
vn 5.5540084300563368 1.4630309669005983 2.5477339643515076
v -0.0096128700000000 0.0166735100000000 -0.0116722100000000
vn -0.9551991199661151 3.6273545743201425 -5.0406657335836842
v -0.0180964300000000 0.0151020500000000 -0.0626019300000000
vn 2.7493284398816757 -0.1625538525636883 5.6474053315687796
v -0.0088438100000000 -0.0101595200000000 -0.0058321100000000
vn 2.7493276212014521 -0.1625531007732883 5.6474057517661533
v -0.0132477500000000 -0.0036218900000000 -0.0034999600000000
vn -1.8275269418343523 -4.3069599599759467 4.1938834967584464
v -0.0349721100000000 -0.0129303800000000 -0.0097392800000000
vn 1.5984596665106876 5.9077880485833152 -1.4217540827782393
v -0.0109668400000000 0.0333329600000000 -0.0438313100000000
vn 1.5984574475437687 5.9077890824932329 -1.4217522813457033
v -0.0165070700000000 0.0364706000000000 -0.0370223500000000
vn 0.0098735524391340 5.2415736209712129 2.2223578681269114
v -0.0004642400000000 -0.1816157600000000 0.0842178200000000
vn -4.5670316290327433 2.1360640637926807 2.7374421645765330
v -0.0230371600000000 -0.1579860500000000 0.0332031100000000
vn -2.9309194786060377 4.7460370974741375 2.5477003782764065
v -0.0145326300000000 -0.1546320000000000 0.0367387100000000
vn -2.3906052564541209 -0.4483834165226799 5.7933044477187092
v -0.0246984300000000 -0.1395885700000000 0.0248516300000000
vn -2.3906034294825362 -0.4483841026915214 5.7933051485081464
v -0.0070794400000000 -0.1301412000000000 0.0328532900000000
vn -2.3906026893143530 -0.4483844470622514 5.7933054272852260
v -0.0152133000000000 -0.1354355400000000 0.0290871000000000
vn -2.2603835632496767 2.6063948553385345 5.2512655245580344
v -0.0158165600000000 -0.0289805000000000 -0.0144372800000000
vn -2.6033963864185989 2.9601561761079678 4.8926700555603242
v -0.0216913000000000 -0.0528753500000000 -0.0031539500000000
vn -2.8368145085441911 5.1052994627331483 2.3166394722284478
v -0.0187322000000000 -0.0751502300000000 0.0121602700000000
vn 2.9252572854269694 4.8545522515592854 2.6801018836098294
v 0.0046965900000000 -0.1844140300000000 0.0836535100000000
vn 0.7911621772058577 -4.2650341819436308 -2.9755338199436165
v 0.0561702300000000 0.0702796400000000 -0.0078564100000000
vn -3.4870266450916998 -4.0521257928439960 -3.3014147482157079
v 0.0337788500000000 0.0882605100000000 -0.0156484200000000
vn -5.2703224474393595 -1.6450013499444653 2.9993481730177765
v 0.0259677500000000 0.0933243800000000 -0.0034229700000000
vn -3.2647804625999743 2.1416575388423960 4.9226953106703091
v 0.0409211900000000 0.0933196100000000 0.0156097700000000
vn 2.1579043656842067 5.4609109363495305 2.2361391052824868
v 0.0446473000000000 0.1020780000000000 0.0048045200000000
vn 3.3556088969537674 4.2513970463297310 3.1849536400721887
v 0.0693244600000000 0.0775670600000000 0.0281274200000000
vn 3.3556076428227426 4.2514008890768968 3.1849498319641989
v 0.0662503700000000 0.0811948200000000 0.0265237400000000
vn -4.6726999968926641 2.3568091740076578 3.4770307534888238
v 0.0447737600000000 0.0500929000000000 0.0149976900000000
vn 2.7245856860200663 3.6997766074279408 -4.2856392170852509
v 0.0606296000000000 0.0578101800000000 -0.0078071600000000
vn -3.0518643622631783 -0.5252612766692113 5.4631102323464118
v 0.0316042300000000 0.0088579000000000 0.0076113600000000
vn -0.4259723926242746 -2.1841329218116670 5.0823051467685492
v 0.0340180800000000 0.0080487500000000 0.0087799700000000
vn 2.9427279363685721 -3.6996077256736291 4.1390424705428259
v 0.0681643300000000 0.0393593600000000 0.0174921100000000
vn 2.9427246616951530 -3.6996071300671671 4.1390453310940982
v 0.0654962700000000 0.0393971400000000 0.0194227900000000
vn 5.3419530140234350 0.6419828564698129 -3.1373094134464119
v 0.0609239100000000 0.0256790300000000 -0.0317094700000000
vn 3.9963864604398891 2.3834126849124457 -3.9267357027896503
v 0.0594273300000000 0.0265614800000000 -0.0335399100000000
vn 5.2176101004106590 -3.1364612087311494 1.5548548262007109
v 0.0762630600000000 0.0412803300000000 0.0041323100000000
vn 5.2176121667117812 -3.1364592203055874 1.5548519033963608
v 0.0750927200000000 0.0407144700000000 0.0069181600000000
vn -5.5515297079553489 1.4877293873196356 2.5388179879910258
v 0.0097202900000000 0.0166305200000000 -0.0116566800000000
vn -5.5515324207648904 1.4877304186301463 2.5388114516504587
v 0.0065496900000000 0.0130794700000000 -0.0165088200000000
vn -5.5515320970468860 1.4877290600169770 2.5388129556432655
v 0.0099048300000000 0.0233202600000000 -0.0151732900000000
vn 0.9794207519498430 3.6230516703284015 -5.0391119444930190
v 0.0168926800000000 0.0201402400000000 -0.0591615300000000
vn 0.9794196995249336 3.6230520054024575 -5.0391119081316198
v 0.0211096900000000 0.0265876200000000 -0.0537063200000000
vn -2.7590927270218240 -0.1503013558845757 5.6429809879469639
v 0.0144953800000000 -0.0063445000000000 -0.0029415600000000
vn -2.7590882524947502 -0.1503044694011729 5.6429830928093123
v 0.0088225000000000 -0.0101988100000000 -0.0058179200000000
vn -2.7590882291190439 -0.1503030752357508 5.6429831413769431
v 0.0120080700000000 -0.0010171600000000 -0.0040158100000000
vn 1.8016105469314729 -4.3150327806728210 4.1967974865666084
v 0.0365251200000000 -0.0154602800000000 -0.0128029700000000
vn 1.8016092800563697 -4.3150335938301430 4.1967971943430875
v 0.0319019300000000 -0.0129126900000000 -0.0081989600000000
vn -1.5698771847402655 5.9148353545637278 -1.4242984088976050
v 0.0139716000000000 0.0348401600000000 -0.0404045700000000
vn -0.0135723553714312 -6.2666919660311899 -0.4547583956337425
v -0.0065618100000000 -0.2274446800000000 0.0787489400000000
vn 5.6016109574484672 -0.5716577222551434 2.5544022520430048
v 0.0151558900000000 -0.2001452700000000 0.0905149900000000
vn 2.8719161253559697 4.6810659048267453 3.0525624265331732
v 0.0047043300000000 -0.1821781400000000 0.0802175100000000
vn 2.8719152071972713 4.6810665956057900 3.0525622310625007
v 0.0047120600000000 -0.1799422400000000 0.0767815200000000
vn 3.5598086057396809 4.8568985152164466 1.7741709929963030
v 0.0165425700000000 -0.1842715200000000 0.0681662700000000
vn 3.3457675001878342 4.7214306968702653 2.3000449228666930
v 0.0165445000000000 -0.1838724900000000 0.0668696200000000
vn 4.5845129994991538 -3.2231070234830752 -2.8411686463396091
v 0.0217238600000000 -0.2204774800000000 0.0538226200000000
vn 6.2675137543202180 0.3597244391916704 0.2593979020831652
v 0.0227768000000000 -0.1938297800000000 0.0613828800000000
vn 6.2550635989307919 0.5729340206077078 0.1560243112966750
v 0.0231506200000000 -0.1672731000000000 0.0326889200000000
vn 2.5175378533188186 2.7068460554661611 5.0806894407599215
v 0.0121968700000000 -0.0622891800000000 0.0067147800000000
vn 2.5175379047623512 2.7068439744914112 5.0806905239537468
v 0.0122106100000000 -0.0571101300000000 0.0039487200000000
vn 2.8557711166981705 5.0926381345714464 2.3212121324205155
v 0.0133299200000000 -0.0740668500000000 0.0158608900000000
vn 2.8557700525904162 5.0926405321526644 2.3212081813905345
v 0.0133352700000000 -0.0727249200000000 0.0129101700000000
vn 2.2635180437538556 2.5963383356803944 5.2548958996942119
v 0.0268684800000000 -0.0315856100000000 -0.0179593500000000
vn 3.4037124394829785 3.0465145899649495 4.3141520704297029
v 0.0258725700000000 -0.0853707600000000 0.0159465100000000
vn 2.4132419609170865 -0.4239686698143010 5.7857524497191379
v 0.0356990100000000 -0.1313605800000000 0.0206927000000000
vn 2.4132405987560492 -0.4239706236627312 5.7857528747036948
v 0.0217456100000000 -0.1172129000000000 0.0275493800000000
vn 2.7936345294816469 3.4684496368788476 4.4321417888507764
v 0.0161530300000000 -0.1486135700000000 0.0296976800000000
vn 4.4671040835688229 -4.0095279595437416 0.8884880218284181
v 0.0246031700000000 -0.1774743300000000 0.0119152100000000
vn 6.2608409277272488 0.2113217679811878 0.4854189864672557
v 0.0239949900000000 -0.1808405800000000 0.0334223000000000
vn 6.2608408712807559 0.2113243232403475 0.4854186021001493
v 0.0239830100000000 -0.1854472400000000 0.0355823000000000
vn 4.3879656059891703 -1.8611487759218948 -4.0939346207385672
v 0.0163140000000000 -0.1914967400000000 0.0218026000000000
vn 6.2627275462911838 0.3705559371901092 0.3454700894378552
v 0.0239407600000000 -0.2005213300000000 0.0464489700000000
vn 6.2627275462911838 0.3705559371901099 0.3454700894378548
v 0.0239223800000000 -0.2063912300000000 0.0530783000000000
vn 6.2627275560437923 0.3705558468844541 0.3454700095043006
v 0.0233639200000000 -0.1956653300000000 0.0516973900000000
vn 4.5366819760664860 -3.2433144486058598 -2.8944508356169543
v 0.0162554600000000 -0.2125983700000000 0.0362613400000000
vn 4.5366806503290071 -3.2433160141640247 -2.8944511592953468
v 0.0190080400000000 -0.2106680200000000 0.0384126500000000
vn 3.5408504558156855 4.7793545217629019 2.0244915433781605
v 0.0160370500000000 -0.1854392400000000 0.0718071400000000
vn -0.0135712885370829 -6.2666919178176919 -0.4547590918504785
v -0.0014427100000000 -0.2278997600000000 0.0848672200000000
vn 1.0853668999700541 -4.6473717586113823 4.0868486678676277
v 0.0203064300000000 -0.0197586200000000 -0.0119459300000000
vn -5.5473632139969959 1.4166828287300608 2.5880859218969805
v 0.0039647400000000 -0.0047194500000000 -0.0120562900000000
vn -5.8761806425781868 1.7452866840855314 1.3794538957499172
v 0.0034239300000000 0.0234134500000000 -0.0387373200000000
vn -5.8761800243816111 1.7452875848362304 1.3794553895014123
v 0.0067566500000000 0.0267117200000000 -0.0287136100000000
vn 5.6309549944455251 -0.0515252406329408 -2.7871326851195368
v 0.0699216100000000 0.0311525800000000 -0.0136322300000000
vn 2.0440008696531922 -3.7291748215994311 4.6253360093254861
v 0.0514656800000000 0.0235686600000000 0.0135825500000000
vn -3.2077958307176369 -0.4114240846115035 5.3869466059499036
v 0.0380656000000000 0.0308606700000000 0.0131394200000000
vn 2.9398196988512382 3.4313357574203072 -4.3659835847651349
v 0.0538563600000000 0.0325072500000000 -0.0326181800000000
vn 2.9398194434190810 3.4313346460756762 -4.3659846301940259
v 0.0482853900000000 0.0384530200000000 -0.0316964400000000
vn -4.5217168823579534 2.1270091253806074 3.8089796823693653
v 0.0327754900000000 0.0462868100000000 0.0022231900000000
vn -4.5217175686320248 2.1270095590869316 3.8089786254887876
v 0.0244861500000000 0.0388798500000000 -0.0034810600000000
vn 4.7979511509373909 0.4889343531286687 4.0272851346665810
v 0.0788951200000000 0.0698851500000000 0.0224835000000000
vn 4.7979513989941012 0.4889345407115044 4.0272848163678034
v 0.0775489200000000 0.0649404800000000 0.0246876200000000
vn 3.3494222882769806 4.3114010530434941 3.1099210438421050
v 0.0740227300000000 0.0859731700000000 0.0116432300000000
vn 3.3494195064592942 4.3114006716284150 3.1099245686586086
v 0.0755949800000000 0.0822153800000000 0.0151594700000000
vn 4.9373224524358967 -1.4308278743317429 -3.6130314417468625
v 0.0755309100000000 0.0855110600000000 0.0001860700000000
vn -0.1409399821917744 2.4816737216216644 3.7261799233345108
v 0.0561808200000000 0.0880050900000000 0.0280422400000000
vn -4.2941847442618268 -3.0349623117830147 3.4390985377801533
v 0.0468240700000000 0.0732027200000000 0.0160338500000000
vn 2.1447536556206659 5.4449987286693151 2.2870151302171449
v 0.0406743000000000 0.1092996500000000 -0.0088460000000000
vn 3.6199767866440293 3.0336420166598539 -4.1072609325994618
v 0.0602285200000000 0.0950098700000000 -0.0122531700000000
vn -3.4359813786822566 1.8281849220581288 4.9196145813979379
v 0.0461170800000000 0.0935907200000000 0.0189377900000000
vn -0.7246353757759988 3.4878132609788173 3.5763336966170352
v 0.0498220400000000 0.0930667000000000 0.0218175000000000
vn 1.9002912544867063 -0.1978614584322047 -5.9662206253869883
v 0.0437156500000000 0.0864245500000000 -0.0197886200000000
vn -0.9951289390667993 -2.2422240233919486 -4.6941924332079319
v 0.0384720400000000 0.0887819200000000 -0.0212454400000000
vn -5.2241735627420267 -2.1775260028189756 2.6531606118669595
v 0.0351988300000000 0.0899907500000000 0.0109691400000000
vn -4.2214025053071955 -0.2841945892073094 3.6148382523166140
v 0.0356159600000000 0.0910058900000000 0.0130978900000000
vn -3.5456879021620202 -4.0360649636269814 -3.2583269501652286
v 0.0219907900000000 0.0990349900000000 -0.0163229400000000
vn 3.2272589104580329 -4.0030526158817654 -3.6109260977848798
v 0.0649950000000000 0.0695199200000000 0.0008729300000000
vn -2.7419314973905791 -4.2689182378242707 0.5583922069558183
v 0.0431541400000000 0.0685763300000000 0.0073687100000000
vn -2.5809129370103667 3.1126964374620769 4.8092023147437866
v -0.0146750100000000 -0.0405997700000000 -0.0071133500000000
vn -3.3970531467324507 3.0616396197700433 4.3086900980787828
v -0.0280307700000000 -0.0864155700000000 0.0153357000000000
vn -3.3970526052595416 3.0616398955581716 4.3086903290184111
v -0.0457351000000000 -0.0982457500000000 0.0097834800000000
vn -2.4243925463466987 -0.4132094151588201 5.7818678958265233
v -0.0278894400000000 -0.1176445300000000 0.0251309300000000
vn -2.7434522994088657 5.4751941242146334 1.4050396390809718
v -0.0173771100000000 -0.1575532400000000 0.0425681900000000
vn -2.7434515755054316 5.4751935738536996 1.4050431972159856
v -0.0173722900000000 -0.1566516300000000 0.0390641900000000
vn -6.2615643819912261 0.3984093363543487 0.3354088478885563
v -0.0247540900000000 -0.2021343200000000 0.0510367500000000
vn -4.7481181246079691 -2.1409808370879344 -0.0263302969444469
v -0.0255375400000000 -0.2228758300000000 0.0610483800000000
vn -5.9532981186815093 1.2978280731699408 1.5337214241233799
v -0.0200373800000000 -0.2135860000000000 0.0869367800000000
vn -1.1125896694413262 -4.6424848914991266 4.0850821122712659
v -0.0173590200000000 -0.0182707000000000 -0.0095730200000000
vn -4.9463353497801785 -0.8132414330560392 -3.7882479569628318
v -0.0528098400000000 -0.0077506000000000 -0.0424236300000000
vn 5.5494452497365128 1.3920030588034249 2.5969987502529817
v -0.0063161400000000 0.0007873000000000 -0.0099523700000000
vn -2.4889996662961038 3.1155894937470490 -4.8555535597893327
v -0.0319974300000000 0.0144590800000000 -0.0581607100000000
vn 5.8816612619638251 1.7191386398373618 1.3888991111269990
v -0.0065770300000000 0.0267413800000000 -0.0287243200000000
vn 5.8816616911308035 1.7191386348784514 1.3888972998417120
v -0.0032429100000000 0.0234282800000000 -0.0387426800000000
vn -4.8325535686599341 -3.4585901831233232 2.0403425093810461
v -0.0610455300000000 0.0088976600000000 -0.0138686600000000
vn -4.8325500497348148 -3.4585938054203171 2.0403447037860443
v -0.0658563000000000 0.0242669600000000 0.0007895600000000
vn -4.8325530065071849 -3.4585899959120114 2.0403441581802988
v -0.0579686700000000 0.0080569000000000 -0.0080062900000000
vn -5.6266446007660127 -0.0264891984222556 -2.7961735395706189
v -0.0622575500000000 0.0207362300000000 -0.0287110400000000
vn -5.6266450022862209 -0.0264871417601525 -2.7961727510869836
v -0.0678263900000000 0.0289443800000000 -0.0175828100000000
vn -5.6266443902515748 -0.0264892428403227 -2.7961739627608093
v -0.0637716400000000 0.0155228500000000 -0.0256149000000000
vn -2.0679957877726598 -3.7200319773498940 4.6220312757047717
v -0.0461449400000000 0.0075613700000000 0.0027691500000000
vn -2.0679983967043465 -3.7200294903001616 4.6220321101092283
v -0.0500618400000000 0.0197383600000000 0.0108172600000000
vn -2.0679943411274748 -3.7200319310759458 4.6220319602088065
v -0.0400631600000000 0.0078806800000000 0.0057472600000000
vn 3.1972739622267259 -0.4256771896461375 5.3920919637003157
v -0.0290493900000000 0.0143146000000000 0.0064904000000000
vn 3.1972762729942144 -0.4256718630581707 5.3920910140228333
v -0.0265366900000000 0.0196308200000000 0.0054201600000000
vn -2.9175090341492971 3.4443638829398027 -4.3706882846868647
v -0.0618246200000000 0.0465096500000000 -0.0163975900000000
vn 4.5250104367366903 2.1068880143290771 3.8162443641333463
v -0.0325582000000000 0.0464321100000000 0.0021707100000000
vn 2.2991643238891850 5.5359068333468064 -1.8830816627565603
v -0.0300404900000000 0.0467384900000000 -0.0190111200000000
vn 2.2991655716698975 5.5359062469074214 -1.8830818632836135
v -0.0424459000000000 0.0535178200000000 -0.0142276500000000
vn -2.1241854813545440 5.4544909403693831 2.2835897675746324
v -0.0386606500000000 0.1093151400000000 -0.0071248900000000
vn -2.1241852986608030 5.4544921173908927 2.2835871261273319
v -0.0416570700000000 0.1096437100000000 -0.0106969500000000
vn -3.5998420219752614 3.0496903201461798 -4.1130679828927921
v -0.0619420000000000 0.0935154300000000 -0.0117553500000000
vn 0.7343988990078585 3.4845717723180933 3.5775061732447710
v -0.0451671400000000 0.0966429300000000 0.0175947900000000
vn 3.4361678447443671 1.8129067460033197 4.9251358041487929
v -0.0457160800000000 0.0937949600000000 0.0188640400000000
vn 0.9926896029488301 -2.2466489822008580 -4.6925960611924609
v -0.0412869100000000 0.0853169500000000 -0.0202559300000000
vn -1.8915635555050581 -0.1894366972953577 -5.9692651080961419
v -0.0432843500000000 0.0866180400000000 -0.0198585000000000
vn 5.2101668219643598 -2.2007325570790277 2.6615414903727102
v -0.0330462900000000 0.0914966700000000 0.0085940900000000
vn 3.5329356990499137 -4.0518060229194530 -3.2526375302772945
v -0.0225080300000000 0.0992290200000000 -0.0175639500000000
vn 3.5329311814937832 -4.0518060281314199 -3.2526424306325872
v -0.0205103900000000 0.0990344600000000 -0.0151518000000000
vn 0.0001272400414736 -2.0840216558920703 -5.9275012716934041
v 0.0231400400000000 0.0302333700000000 -0.0813859400000000
vn 0.0001265645288833 -2.0840217930816154 -5.9275012234751561
v -0.0042996600000000 0.0107144200000000 -0.0745239500000000
vn 4.7895139850112729 2.3164111989677494 3.3426355692829075
v 0.0076869100000000 0.0277877100000000 -0.0688065500000000
vn -3.5997914666329414 0.3011784188649696 5.1409347944827717
v -0.0203825700000000 0.0237088500000000 -0.0716049000000000
vn -0.0027502320729233 -3.1912096381150383 -5.4124477906192725
v 0.0010026600000000 0.0682582500000000 -0.0970155600000000
vn 1.2214085246427131 4.1393965510213606 4.5663962830274443
v 0.0117260000000000 0.0661776900000000 -0.0889693600000000
vn 1.2214081712042586 4.1393956691200824 4.5663971770026803
v 0.0117439500000000 0.0722564900000000 -0.0944845300000000
vn 3.8656755397364067 1.4157664090092170 2.6514210063249974
v -0.2862613500000000 -0.0670094300000000 0.0427661300000000
vn -0.3796882454989230 -0.6593139583237886 0.3084864981468736
v -0.2949495200000000 -0.0755936800000000 0.0461417900000000
vn 3.7561442177035858 -1.4685164260331840 4.7982553905999525
v -0.2935298600000000 -0.0745637300000000 0.0451699800000000
vn -4.9929659440669525 -2.1836723013840018 -3.1273445550326002
v -0.3043241300000000 -0.0536311500000000 0.0542064700000000
vn 1.3281893306565782 -3.7752341533182801 3.6597500964248901
v -0.2902935800000000 -0.0787624500000000 0.0503154400000000
vn 3.4825013757121157 -1.8078571768833824 4.9073673390635948
v -0.2880377600000000 -0.0764189000000000 0.0495779600000000
vn -3.9282025351448233 -1.2852290428110513 -2.9547911167981855
v -0.2941233500000000 -0.0795662500000000 0.0441813300000000
vn -2.5676409938564353 -5.0936808172568391 0.6690678174147641
v -0.2937928300000000 -0.0802332400000000 0.0456155100000000
vn -0.1906685004298194 3.1660581848972069 -2.0153288695753560
v -0.2852680800000000 -0.0707337100000000 0.0408340800000000
vn -3.6769061803033809 1.5030676521132129 -4.8522813498703128
v -0.2868548400000000 -0.0720119600000000 0.0417774800000000
vn 3.4095962193585416 1.7390672257151285 2.7711811275194522
v -0.2842780600000000 -0.0725129900000000 0.0483488200000000
vn 3.3809772438117349 5.2431471245578303 0.7366707480823578
v -0.2845257000000000 -0.0721301200000000 0.0464629000000000
vn -4.9077444750917785 -3.9152814252934021 -0.2364586624385835
v -0.3241613200000000 -0.0169540700000000 0.0568883000000000
vn -4.6719635873077312 -2.7127020049285679 -2.1674974297070371
v -0.3244089600000000 -0.0165714600000000 0.0550023400000000
vn -2.5935591128793987 -1.4814850842146348 -5.5278450301726911
v -0.2671092300000000 -0.0104443300000000 0.0041423100000000
vn -0.7969542758886028 1.8800211379498653 5.9421210024166049
v -0.1774899600000000 -0.0518197300000000 -0.0122508900000000
vn -0.7969588372245402 1.8800211630113739 5.9421203827159248
v -0.1803054700000000 -0.0678891900000000 -0.0075443000000000
vn -2.0120248758091961 -1.3080336454460637 -5.8068254223682407
v -0.1328690900000000 -0.0676133800000000 -0.0307790300000000
vn 0.2027644828291139 1.4189079412146588 6.1175161972149903
v -0.1178088600000000 -0.0387725100000000 -0.0258067100000000
vn 0.2027632396777720 1.4189076979460555 6.1175162948442292
v -0.1168082800000000 -0.0687483700000000 -0.0188872200000000
vn 0.2027606707986495 1.4189065499974749 6.1175166462469281
v -0.1247269300000000 -0.0393009900000000 -0.0254548400000000
vn 1.8890672685989487 1.4670109401021811 5.8101395302251522
v -0.0946666800000000 -0.0419302000000000 -0.0300406900000000
vn -1.6089169980875737 -1.0841114232001705 -5.9761614870835489
v -0.0854449000000000 -0.0669638900000000 -0.0381194900000000
vn -1.6649311166976042 -0.2999965005316933 -6.0511506410464975
v -0.0714820900000000 -0.0498974600000000 -0.0483256800000000
vn -1.6649293793149393 -0.2999953627419941 -6.0511511754839162
v -0.0635407300000000 -0.0674407300000000 -0.0496409500000000
vn 0.8699348899994028 1.6317240920303622 1.7003088312442294
v -0.0549005200000000 -0.0762104100000000 -0.0149001300000000
vn 6.2502008357536081 0.0584770984825677 -0.3187099446294021
v -0.0548986000000000 -0.0760033200000000 -0.0167215600000000
vn 4.2955653991602549 2.1805067670699390 3.9701052636362961
v -0.3232426200000000 -0.0161186000000000 0.0569003000000000
vn -0.1900977581036863 -0.6368378141396405 1.5731795486859037
v -0.3239138600000000 -0.0174195400000000 0.0587645700000000
vn 0.0484808445171632 -2.5784816241562210 4.5009691658855147
v -0.2578186100000000 -0.0958753100000000 0.0349847000000000
vn 1.8697640434576905 0.0090172612931896 5.9982691902449004
v -0.2563147400000000 -0.0943129400000000 0.0344930500000000
vn 2.4852887356968045 1.9186778205291355 4.9194463746818684
v -0.2572142300000000 -0.0863376600000000 0.0348118000000000
vn 0.0077483800282039 -2.6096714203524995 4.5159403468079988
v -0.1944462200000000 -0.1214050700000000 0.0200721700000000
vn 1.4030329656018286 0.1008395460899369 6.1233152017085075
v -0.1935248800000000 -0.1193634200000000 0.0198020400000000
vn -2.0024259323025007 -3.9985522849109780 -1.1133253464830355
v -0.1983648400000000 -0.1258616500000000 0.0099158700000000
vn -1.4275085773961391 -5.3880183337479224 2.8999110864395958
v -0.1974478900000000 -0.1252144500000000 0.0115837900000000
vn 1.7835544259581542 2.1502974692377679 5.0969702291931132
v -0.1960607900000000 -0.1071060800000000 0.0202910800000000
vn 2.1913001279069366 4.2486444386279789 4.0774081730507064
v -0.1912456900000000 -0.1069489000000000 0.0175254500000000
vn 2.5029822597198752 -0.1888837635001532 5.7600191263313612
v -0.1705336800000000 -0.1255926200000000 0.0136665900000000
vn 0.2385782320638097 -5.7593455401943077 2.5002873795153264
v -0.1739600400000000 -0.1327618200000000 0.0059701300000000
vn -1.7414540241825311 -2.7709938843558497 -5.3635201480803207
v -0.1698333200000000 -0.1178115500000000 -0.0068355000000000
vn -1.7414522471081546 -2.7709959403915834 -5.3635196628440980
v -0.1744961900000000 -0.1159342700000000 -0.0062914100000000
vn 3.0974911725015528 3.9779158481610093 3.7496868596696471
v -0.1691696600000000 -0.1128329800000000 0.0105894800000000
vn 0.4356873126346820 -0.0297076552713276 6.2678751290512782
v -0.1234682500000000 -0.1366362400000000 0.0051639400000000
vn -1.4623288575355318 -4.0375031996694428 -1.2804108728359109
v -0.1267265900000000 -0.1451811400000000 -0.0081399800000000
vn -1.1063713150718644 -5.5417492496923693 2.7432715115990085
v -0.1259761200000000 -0.1441761700000000 -0.0059280800000000
vn -1.8080044557989294 -2.7052226990056880 -5.3750635011041910
v -0.1513482600000000 -0.1253862000000000 -0.0091658000000000
vn -1.8080037501607193 -2.7052185926821313 -5.3750658051372309
v -0.1514008500000000 -0.1215851100000000 -0.0110611600000000
vn 0.6660468635890878 4.3868384553246340 4.4486455856469522
v -0.1450885300000000 -0.1168320800000000 0.0025279300000000
vn 0.1563408601640987 -2.8293140905047873 4.1932182370488134
v -0.1126465700000000 -0.1421063100000000 0.0043857900000000
vn -0.8525166677097712 -2.7308342417870874 -5.5941198842636020
v -0.1067138600000000 -0.1260786300000000 -0.0227215100000000
vn -2.2139423746146574 -5.3244729617382278 2.4953685992116519
v -0.0865691200000000 -0.1504258900000000 -0.0107070400000000
vn -2.9575879949584705 -0.2123570253979962 5.5394941420854487
v -0.0604040400000000 -0.1445719600000000 0.0073890700000000
vn -3.2374687784138625 -1.2166425535690566 -4.8679862860037879
v -0.0732221800000000 -0.1148222800000000 -0.0327283300000000
vn -2.4530562558728968 -5.7275102082663514 -0.8102835454847819
v -0.0313110200000000 -0.1756398400000000 -0.0125718700000000
vn -4.3749964333303097 -3.6720033431966383 2.6180556258882817
v -0.0357904200000000 -0.1688412400000000 0.0064590000000000
vn -4.3749952643164818 -3.6720042615685542 2.6180562913320196
v -0.0416134900000000 -0.1665018700000000 0.0000092800000000
vn -6.2245152890266748 0.5181227385559459 0.6821846148795345
v -0.0377939800000000 -0.0367455400000000 -0.0384916000000000
vn -6.2245154369693072 0.5181200842675849 0.6821852809544852
v -0.0390076800000000 -0.0417905200000000 -0.0457341800000000
vn -3.4843638026972927 0.3096113716075078 -5.2193646445882083
v -0.0309562700000000 -0.0426781400000000 -0.0602105700000000
vn -3.4843607029891346 0.3096099416764361 -5.2193667987442636
v -0.0266223500000000 -0.0435268000000000 -0.0631541600000000
vn -5.5111192619109328 3.0131230367244046 -0.1645346495426958
v -0.0432924800000000 -0.0620312400000000 -0.0386308700000000
vn -3.4973422318264022 2.1089841729211565 -4.7748508538156473
v -0.0315994500000000 -0.0711921300000000 -0.0642709700000000
vn -3.9172109286912526 -0.2378851372517822 -4.9068611969331855
v -0.0486345900000000 -0.1034675600000000 -0.0579987700000000
vn -3.8635975825725630 1.4329577948333105 2.6452146558411136
v 0.2859060200000000 -0.0682819300000000 0.0432256500000000
vn -3.7703420611775051 -1.4517795161104581 4.7922106035115313
v 0.2931369800000000 -0.0758684800000000 0.0456411500000000
vn 0.3762600736256636 -0.6610007185059286 0.3090971716886179
v 0.2945504800000000 -0.0769047300000000 0.0466152300000000
vn 4.9882214126266664 -2.2058753724637707 -3.1193234176817723
v 0.3104365000000000 -0.0502758100000000 0.0616428000000000
vn -1.3508619424477781 -3.7692711491759550 3.6576127641894103
v 0.2898737900000000 -0.0800527400000000 0.0507813800000000
vn 2.5438823877598207 -5.1050434868570802 0.6731640858170442
v 0.2933740100000000 -0.0815391100000000 0.0460870800000000
vn 3.9271886426220246 -1.3026924987469948 -2.9484905693565935
v 0.2937098000000000 -0.0808735900000000 0.0446534300000000
vn 3.6913402891079685 1.4866842519570374 -4.8463688581089368
v 0.2864788400000000 -0.0732870500000000 0.0422379300000000
vn -3.4062796779677691 1.7542193208542025 2.7657193867551979
v 0.2838893000000000 -0.0737766000000000 0.0488051300000000
vn 4.8906549739984584 -3.9370719501974047 -0.2285937452894050
v 0.3240055200000000 -0.0183956000000000 0.0574088600000000
vn 4.6633273291665667 -2.7334632375507115 -2.1599985659422276
v 0.3242578900000000 -0.0180141000000000 0.0555233000000000
vn -2.7012746030896655 1.6538353714439400 5.4264501920883133
v 0.2750395400000000 -0.0087850300000000 0.0151096800000000
vn -2.7012720575753413 1.6538332222313690 5.4264521142565050
v 0.2714955500000000 -0.0355892700000000 0.0215147000000000
vn 2.5958183126784964 -1.4930269046348696 -5.5236777199575622
v 0.2618713000000000 -0.0193086900000000 0.0042041600000000
vn -0.3007938147862501 -1.1906787559454173 -6.1619984408851547
v 0.1723466100000000 -0.0443710900000000 -0.0255286100000000
vn -1.9610957685690105 1.4250848867795969 5.7966933726332543
v 0.1553646300000000 -0.0386609200000000 -0.0191083800000000
vn 2.0155102245406851 -1.3169908396782082 -5.8035912388213271
v 0.1390229800000000 -0.0429938100000000 -0.0340667500000000
vn 2.0155102211768892 -1.3169903906267977 -5.8035913418921297
v 0.1326309100000000 -0.0682038600000000 -0.0305658000000000
vn 2.0155092340802385 -1.3169908440712166 -5.8035915817977806
v 0.1457663000000000 -0.0450036400000000 -0.0312688000000000
vn -0.2062760370784253 1.4198182165407673 6.1171875917656777
v 0.1246062300000000 -0.0398555000000000 -0.0252546000000000
vn -0.2062738091224193 1.4198173471724649 6.1171878686770240
v 0.1174666400000000 -0.0633290600000000 -0.0200470700000000
vn -0.2062741888513708 1.4198175906911765 6.1171877993512629
v 0.1176911400000000 -0.0392962600000000 -0.0256175800000000
vn 0.0413920355085068 -0.8084950182089516 -6.2308137597957876
v 0.1091332700000000 -0.0681251300000000 -0.0337689200000000
vn -1.8918510960604091 1.4754196069632037 5.8071037547194662
v 0.0961185800000000 -0.0620878900000000 -0.0243605200000000
vn -1.8918512752945118 1.4754201252239851 5.8071035646531577
v 0.0951954300000000 -0.0391460800000000 -0.0304901300000000
vn 1.6136785377942418 -1.0912784759995668 -5.9735726720953615
v 0.0881079200000000 -0.0449142100000000 -0.0413002900000000
vn 1.6136774672181351 -1.0912778630908184 -5.9735730732676897
v 0.0857349300000000 -0.0618281700000000 -0.0388514000000000
vn 1.6136769815002314 -1.0912774785482557 -5.9735732747251058
v 0.0947800700000000 -0.0419691600000000 -0.0400359100000000
vn 1.6732991328870908 -0.3074185619154227 -6.0484693472000810
v 0.0652231600000000 -0.0706760200000000 -0.0488664300000000
vn 1.6732973506757762 -0.3074211052886878 -6.0484697109761569
v 0.0662557700000000 -0.0492889800000000 -0.0496677800000000
vn -6.2493582906525758 0.0862827804552484 -0.3287393478418694
v 0.0546014000000000 -0.0762468500000000 -0.0166336200000000
vn -0.8653957079227552 1.6355991857980954 1.6989291105054261
v 0.0545994800000000 -0.0764539400000000 -0.0148121900000000
vn 0.1847357197913545 -0.6376673094303913 1.5734735439263088
v 0.3237529800000000 -0.0188599600000000 0.0592847300000000
vn -4.2921971565822252 2.1996089102500114 3.9632034225910160
v 0.3230905300000000 -0.0175560500000000 0.0574193800000000
vn 4.3775644453343183 -4.1657007639305252 1.7211287798058703
v 0.0482473600000000 -0.0184748400000000 -0.0364884300000000
vn -1.8793357689975276 0.0173547790858338 5.9952588039430648
v 0.2558515800000000 -0.0954520000000000 0.0349043800000000
vn -0.0671786837921305 -2.5782216845241872 4.5008840633971561
v 0.2573477000000000 -0.0970210400000000 0.0353984400000000
vn 1.7884927558397536 -5.2196359424057226 3.0058079134495408
v 0.2600979100000000 -0.0989748700000000 0.0303991100000000
vn 2.3283711097631055 -3.8013296152392324 -1.0347806714728272
v 0.2612646500000000 -0.0994703300000000 0.0288343400000000
vn 2.8384745290690843 -2.5231311570648183 -5.0055258581309072
v 0.2732190300000000 -0.0828782900000000 0.0276298500000000
vn -3.1207673585158955 3.8791974919552108 3.8328776241364686
v 0.2557923600000000 -0.0855249400000000 0.0324265900000000
vn -2.4846267019687494 1.9297260563742362 4.9154554459220430
v 0.2567860300000000 -0.0874808000000000 0.0352246100000000
vn -1.4123973722738941 0.1070900160063058 6.1210560202376385
v 0.1929746000000000 -0.1202230000000000 0.0201124500000000
vn -0.0266043943706785 -2.6096068614497598 4.5159182495961065
v 0.1938864100000000 -0.1222687200000000 0.0203840400000000
vn 1.3988681003433407 -5.3943044069075068 2.9021811449679773
v 0.1968847400000000 -0.1260914400000000 0.0119004800000000
vn 1.9864031473976587 -4.0074226202686996 -1.1101170074553568
v 0.1978014800000000 -0.1267427200000000 0.0102340400000000
vn 2.5772274470533110 -2.5224055016641409 -5.1452683871353058
v 0.2321143300000000 -0.0976617700000000 0.0127384000000000
vn -2.1789274458560675 4.2583599496806270 4.0739021699374520
v 0.1907543100000000 -0.1077984700000000 0.0178322400000000
vn -0.6248639716559894 -2.7362083568775559 4.0804866263272084
v 0.1753740200000000 -0.1293030300000000 0.0162100800000000
vn 1.2457202994939716 -3.9125448808580394 -1.0897213248308701
v 0.1793717900000000 -0.1343999900000000 0.0048986700000000
vn 0.3396006374577218 -2.7908627215534714 4.4509702125693291
v 0.1217232000000000 -0.1402861200000000 0.0052805500000000
vn 1.8045852507764302 -2.7132549655354650 -5.3721631740884357
v 0.1385294100000000 -0.1208205900000000 -0.0156964000000000
vn -0.6536721054924280 4.3897734436500171 4.4475858053865842
v 0.1473312800000000 -0.1179304000000000 0.0036134500000000
vn -1.3582477779324424 -0.1620571813730154 6.1324805786867209
v 0.1057858800000000 -0.1362481600000000 0.0033533000000000
vn 1.1664470261324671 -1.7939346838495929 -5.7529338098032241
v 0.1131034500000000 -0.1166141200000000 -0.0263618500000000
vn -1.8940608174654336 4.2734366680144564 4.1986533875240823
v 0.1050700800000000 -0.1221025600000000 -0.0000713800000000
vn 0.7371450862469096 -0.0468566967545332 6.2396185120599874
v 0.0849424500000000 -0.1418072200000000 0.0002665700000000
vn 2.1862286915259252 -5.3342601284003699 2.4988978761153380
v 0.0859308800000000 -0.1508095300000000 -0.0105685000000000
vn 0.6960040706215316 -2.7317737504769943 -5.6152834402328091
v 0.0877450700000000 -0.1270340500000000 -0.0249729900000000
vn 0.6960026518559463 -2.7317736998909243 -5.6152836407012474
v 0.0825831500000000 -0.1254362000000000 -0.0263901300000000
vn 1.3903112042415493 4.1659012973133249 4.4934083656789774
v 0.0854825800000000 -0.1247309400000000 -0.0024040600000000
vn 2.0783524899572696 -3.0061060686233536 4.4074666478451077
v 0.0696726200000000 -0.1499407100000000 0.0020094700000000
vn 2.1988401590814823 -5.1230894635070889 2.8978395242093526
v 0.0649126100000000 -0.1590732200000000 -0.0105240600000000
vn 5.7033947845140647 -1.1710138775148122 -2.3618704526245358
v 0.0676390700000000 -0.1400375900000000 -0.0326792700000000
vn 5.7033942574676040 -1.1710148712247783 -2.3618712326478231
v 0.0695416800000000 -0.1440618300000000 -0.0260896700000000
vn 4.7835609327159823 -0.3183661911574350 -4.0613551156759504
v 0.0655670200000000 -0.1191499200000000 -0.0407903300000000
vn 2.4288550895577439 -5.7383676241614570 -0.8063606936459043
v 0.0254506000000000 -0.1785190200000000 -0.0084150200000000
vn 2.4288545852100714 -5.7383677957528381 -0.8063609916948102
v 0.0313796500000000 -0.1751623500000000 -0.0144433500000000
vn 4.3544083955739223 -3.6914187357493353 2.6250662555941879
v 0.0391142200000000 -0.1663015300000000 0.0035559700000000
vn -0.0069478166502292 -4.6504947474134744 -4.2250760864723080
v -0.0159675400000000 -0.1560270500000000 -0.0483404300000000
vn -0.0069496138009214 -4.6504937769149217 -4.2250771517332550
v 0.0018656200000000 -0.1560667100000000 -0.0483261100000000
vn 2.7449796332066523 -4.5808460666846109 -3.3104914636616378
v 0.0380132400000000 -0.1608671300000000 -0.0377628200000000
vn 0.0054644469477244 0.1889010740941927 -6.2803426760288232
v -0.0112884200000000 -0.0443999300000000 -0.0660889300000000
vn 0.0054659810119141 0.1888960690294847 -6.2803428252374793
v -0.0115516600000000 -0.0504174500000000 -0.0662701500000000
vn 6.2256545797174132 0.4904275793790734 0.6921874368696610
v 0.0387079800000000 -0.0389948300000000 -0.0459632900000000
vn 6.2256543741065729 0.4904287283771620 0.6921884720256893
v 0.0391108800000000 -0.0449327900000000 -0.0453799200000000
vn 6.2256545001794921 0.4904307696862673 0.6921858918477568
v 0.0377065500000000 -0.0369134600000000 -0.0384309700000000
vn 3.5143520178242573 2.0933894997333757 -4.7692208904137701
v 0.0314002900000000 -0.0713322400000000 -0.0642203800000000
vn 6.0247822891261915 1.7833025528027042 0.0157473200755659
v 0.0541572000000000 -0.0884687700000000 -0.0160947400000000
vn 6.0247828892538591 1.7833005160598894 0.0157483652145929
v 0.0529997100000000 -0.0845540100000000 -0.0165733500000000
vn 0.0032494810439539 -0.7898542602843323 -6.2333407810528332
v -0.0059829400000000 -0.1043687600000000 -0.0707054400000000
vn 3.9239896691139569 -0.2553232898928466 -4.9005645285606168
v 0.0482816000000000 -0.1036831100000000 -0.0579209400000000
vn 3.8865347056507327 -0.2166525869684466 -4.9321726695932311
v 0.0372668700000000 -0.0947982000000000 -0.0670708100000000
vn 3.8865391870378696 -0.2166569413463384 -4.9321689469920651
v 0.0406332500000000 -0.0976794700000000 -0.0642915500000000
vn 3.3284211847284570 2.2122243397758083 -4.8483083123815778
v 0.0412778500000000 -0.0780937800000000 -0.0602609900000000
vn 0.0080226893689704 1.3948768322600533 -6.1263914226579042
v 0.0113948300000000 -0.0757488900000000 -0.0696292200000000
vn 5.5218696391123148 2.9935588488424028 -0.1611791286181844
v 0.0472700400000000 -0.0692574100000000 -0.0257382600000000
vn 5.5218703468712445 2.9935576266101096 -0.1611775817558424
v 0.0436906100000000 -0.0622120000000000 -0.0175131600000000
vn 5.5218698454556394 2.9935584047545412 -0.1611803074859909
v 0.0487888300000000 -0.0723944600000000 -0.0319695800000000
vn 4.0225070177097741 -0.2008518713013371 -4.8226044231953455
v 0.0356132400000000 -0.0479242200000000 -0.0566269900000000
vn 4.0225089732746389 -0.2008534527583128 -4.8226027261910289
v 0.0315170800000000 -0.0547722500000000 -0.0597583600000000
vn 6.2285018480818533 0.6678621989555868 0.4879983770313499
v 0.0373079300000000 -0.0433331100000000 -0.0269581200000000
vn 6.2285021501029290 0.6678597011618561 0.4879979405644435
v 0.0385113200000000 -0.0485187700000000 -0.0352205900000000
vn 0.0031092666213844 -0.8503253897244523 -6.2253798814532590
v -0.0054958600000000 -0.0258285100000000 -0.0676196800000000
vn 3.1949624210322680 -4.7616026253427748 -2.5686130831347800
v 0.0503490200000000 -0.1573872400000000 -0.0309798900000000
vn 3.8392733339567924 -3.4663036728144547 3.5669506191355782
v 0.0306322600000000 -0.1609608300000000 0.0214733800000000
vn 1.7568970528391548 -4.9095096456824310 -3.5054878959998685
v 0.0609516400000000 -0.1558903100000000 -0.0246130300000000
vn 2.1240855820578179 -5.1067326162345328 2.9812681916775410
v 0.0528865600000000 -0.1567350900000000 0.0023307700000000
vn 1.5186883875413590 -2.3077150779220159 -5.6432662798212112
v 0.0764210900000000 -0.1485426600000000 -0.0179740400000000
vn 1.5186880195300774 -2.3077168160028263 -5.6432656681048812
v 0.0827810000000000 -0.1456822500000000 -0.0174322000000000
vn -0.3060904350418548 2.9691236843584510 4.8396746915881845
v 0.0917582500000000 -0.1165302800000000 -0.0119487800000000
vn 0.8522019429528036 -2.7326816565477863 -5.5932656308043134
v 0.1007451300000000 -0.1424692100000000 -0.0156011600000000
vn 0.8521999648629861 -2.7326816916691423 -5.5932659150262563
v 0.0983052500000000 -0.1354922700000000 -0.0193816100000000
vn -0.0917428719149277 -5.7819330143898933 2.4574888538713333
v 0.0960197900000000 -0.1459989600000000 -0.0040140700000000
vn -1.4721663626084733 -0.0410023337325364 6.1081472324878252
v 0.0950483000000000 -0.1315061700000000 0.0009454700000000
vn -0.6782906296555133 4.4537974351604692 4.3797291962631437
v 0.1176912900000000 -0.1147210400000000 -0.0041424100000000
vn -0.4289048794262725 -0.0618526690141769 6.2682240272734333
v 0.1206294900000000 -0.1297241500000000 0.0052824000000000
vn -3.0877347996615079 3.9931847616225298 3.7414952720610986
v 0.1605059300000000 -0.1123120200000000 0.0027773600000000
vn 1.1553339012474482 -4.2556185503981041 -1.5292654712146927
v 0.1593727900000000 -0.1360341400000000 -0.0010110900000000
vn -0.2819391409031726 -5.7528863139041260 2.5105569091819380
v 0.1693735600000000 -0.1318272000000000 0.0097521400000000
vn -2.2214363139852020 1.9556654574866696 4.8342399977147821
v 0.1727405200000000 -0.1147925800000000 0.0155083500000000
vn -2.1759464762861320 4.2457830529215155 4.0886429049517448
v 0.1911417100000000 -0.1036888900000000 0.0137708900000000
vn 2.5642580299417523 -2.6141239092230260 -5.1058157572970782
v 0.2159984300000000 -0.1125697300000000 0.0121165500000000
vn 1.3891863805726852 -5.3878862380261729 2.9187772594825629
v 0.1953855800000000 -0.1241800800000000 0.0161422600000000
vn -1.3824025950555352 0.0455160650748310 6.1290544912945135
v 0.1916578500000000 -0.1129677800000000 0.0197615800000000
vn -1.3824016690428147 0.0455138489186077 6.1290547166115239
v 0.1923162200000000 -0.1165953900000000 0.0199370200000000
vn 2.8590115696622558 -2.3795370341766460 -5.0638200947376841
v 0.2595293100000000 -0.0940323200000000 0.0252992000000000
vn 1.7884922391231015 -5.2196386140514139 3.0058034605296786
v 0.2741126400000000 -0.0893827900000000 0.0387170000000000
vn -0.0671787134949762 -2.5782261325007774 4.5008807932902863
v 0.2731959100000000 -0.0887315100000000 0.0403834400000000
vn -2.9082720869359084 1.8574616612056081 4.6106675703913522
v 0.2751355200000000 -0.0783106000000000 0.0408997000000000
vn 4.3563239583716351 -4.1822473589888869 1.7348389557237418
v 0.0399669800000000 -0.0247218900000000 -0.0306263500000000
vn 1.3526539991568642 -0.9994572074718020 -6.0539103109755201
v 0.0926597900000000 -0.0929683900000000 -0.0318302700000000
vn 1.3526525500570619 -0.9994577873666172 -6.0539105390168739
v 0.0874978700000000 -0.0913705400000000 -0.0332474200000000
vn 0.6722280168346848 1.7413274788419129 5.9995254569930534
v 0.0797411300000000 -0.0890805000000000 -0.0185694300000000
vn 0.6722293616397165 1.7413272308092747 5.9995253783033622
v 0.0848189900000000 -0.0915402300000000 -0.0184244600000000
vn 0.4249579621055606 -0.9678679032200289 -6.1936306038312035
v 0.1121162800000000 -0.0932506700000000 -0.0300805400000000
vn -1.3085317017658018 1.3992441849245054 5.9840018466535687
v 0.1011549100000000 -0.0896500500000000 -0.0161794100000000
vn -1.3085329074046537 1.3992440706954592 5.9840016097247126
v 0.1057409800000000 -0.0882263300000000 -0.0155094800000000
vn -1.0595355093054220 1.6467455712131962 5.9702622331491044
v 0.1359624300000000 -0.0642414400000000 -0.0175314600000000
vn 1.5694043484445146 -2.2710735841799035 -5.6442548109266033
v 0.1825137400000000 -0.0876842500000000 -0.0160903900000000
vn 2.4863074379345225 -1.4538614070129638 -5.5841722696945206
v 0.2774240500000000 -0.0391113700000000 0.0166489300000000
vn 2.4863083856823081 -1.4538619728667526 -5.5841717003938376
v 0.2702855200000000 -0.0564033200000000 0.0179725800000000
vn -2.5640233728667061 1.7334328475086611 5.4680355074667713
v 0.2525951500000000 -0.0656869300000000 0.0217629700000000
vn -2.5640234903500216 1.7334336236226808 5.4680352063329671
v 0.2528260500000000 -0.0439920600000000 0.0149937000000000
vn -2.5640234876097949 1.7334327831155427 5.4680354740757124
v 0.2595176700000000 -0.0622566400000000 0.0239215700000000
vn -3.3588029979877216 5.2581340272134112 0.7312671752488494
v 0.2999024300000000 -0.0647922500000000 0.0574544400000000
vn 0.2079819302039754 3.1651774242480974 -2.0150092870012744
v 0.3024065100000000 -0.0630989500000000 0.0570835500000000
vn 2.5438819688362457 -5.1050478863350595 0.6731713390229903
v 0.3104448600000000 -0.0702228300000000 0.0673950300000000
vn -3.4062786726347984 1.7542228407060727 2.7657144640516131
v 0.2992084300000000 -0.0658420900000000 0.0626396400000000
vn -3.4871700582772096 -1.7563668609746608 4.9227266873803464
v 0.2883163400000000 -0.0708107800000000 0.0440308200000000
vn 0.3740964452599507 1.2081963590669962 -1.3758059473168980
v 0.3039960600000000 -0.0524563500000000 0.0528856600000000
vn -3.8795338985542140 -0.1993809393080377 -4.9384088100688572
v -0.0394491300000000 -0.0978089800000000 -0.0655230900000000
vn -6.0962058451960193 1.4925894128808153 0.2947350367433738
v -0.0529878000000000 -0.0820083200000000 -0.0261877600000000
vn -6.0962062266707262 1.4925878734018156 0.2947349426687511
v -0.0555162200000000 -0.0899090300000000 -0.0384743300000000
vn -3.3107553203728401 2.2269895943261897 -4.8536413299439172
v -0.0415133400000000 -0.0779096600000000 -0.0603274800000000
vn -5.5082329398358416 3.0180911125511196 -0.1700397635649003
v -0.0446166200000000 -0.0635252500000000 -0.0219178500000000
vn -5.5082348569126474 3.0180877911166868 -0.1700366152094921
v -0.0473811600000000 -0.0683073700000000 -0.0172434100000000
vn -6.2262452939805009 0.6955630695035716 0.4779949370869594
v -0.0386555200000000 -0.0483471500000000 -0.0352825600000000
vn -6.2262454755120533 0.6955604644260622 0.4779963633217373
v -0.0374423400000000 -0.0431668700000000 -0.0270181500000000
vn -2.9146465331301208 -0.7765433006979496 -5.5118267111192365
v -0.0550686400000000 -0.1265646700000000 -0.0485545300000000
vn -3.8603779504765932 -3.4491804945197346 3.5607658726812188
v -0.0303725900000000 -0.1635796400000000 0.0198321600000000
vn -3.1432349383775966 -5.3669601009487620 0.8911963876394150
v -0.0257252300000000 -0.1789272400000000 0.0012973700000000
vn -3.1432309836624803 -5.3669629852245615 0.8911929661428283
v -0.0284725600000000 -0.1769755000000000 0.0033613500000000
vn -1.7730870487783710 -4.9016587172934791 -3.5083217841077605
v -0.0620608200000000 -0.1530313400000000 -0.0280872300000000
vn -1.7730854952176396 -4.9016599752876644 -3.5083208116796314
v -0.0611195900000000 -0.1582042000000000 -0.0213356600000000
vn -2.1515646120443108 -5.0972227017793355 2.9778361360257231
v -0.0538853900000000 -0.1574591200000000 0.0003744200000000
vn 0.3115216304257346 2.9677503244682661 4.8401709775887447
v -0.0922417500000000 -0.1161210700000000 -0.0120965500000000
vn -0.8553697073360332 -2.7288828713296831 -5.5946365871813653
v -0.0988610700000000 -0.1350537700000000 -0.0195399500000000
vn -0.8553660997271779 -2.7288829987829000 -5.5946370765867943
v -0.1042964900000000 -0.1418900500000000 -0.0153744100000000
vn -0.8553714891912910 -2.7288815563914199 -5.5946369561410041
v -0.0983795700000000 -0.1421495100000000 -0.0161525000000000
vn -1.8830482024475383 -2.5744328126216818 -5.4133947542096355
v -0.1225481000000000 -0.1350852600000000 -0.0143947400000000
vn 0.4185583902612242 -0.0637390813378510 6.2689045141696713
v -0.1254404600000000 -0.1287617900000000 0.0053756900000000
vn -1.8122274824650237 -2.7047010110962582 -5.3739037576701607
v -0.1700304600000000 -0.1293942800000000 -0.0008558800000000
vn -1.1717966472898473 -4.2504440448909708 -1.5311335022801840
v -0.1599598400000000 -0.1353239400000000 -0.0012675500000000
vn 0.2523158449438646 -5.7540752657122436 2.5109841519068272
v -0.1719589200000000 -0.1302222300000000 0.0116290500000000
vn 2.1882384758354001 4.2360789407303372 4.0921467697444074
v -0.1916082900000000 -0.1028376500000000 0.0134634900000000
vn -2.5676555800847307 -2.6027118181536304 -5.1099367528426276
v -0.2165015700000000 -0.1116078400000000 0.0117692000000000
vn -2.5676566773412857 -2.6027097223576110 -5.1099372689688254
v -0.1932293100000000 -0.1147672100000000 0.0016844900000000
vn -1.4178234552958049 -5.3816435999229197 2.9165230013339278
v -0.1915752900000000 -0.1254063500000000 0.0140845500000000
vn 3.3565084789526214 2.5223015638365909 4.3136161293453172
v -0.2728469000000000 -0.0718821500000000 0.0330003600000000
vn 3.1318294465978918 3.8652883650552536 3.8379034775254497
v -0.2611992400000000 -0.0806350200000000 0.0323108800000000
vn -2.8614312812559839 -2.3668154391920684 -5.0684132925207273
v -0.2599706900000000 -0.0928769500000000 0.0248819800000000
vn 0.0484796053683684 -2.5784791811465455 4.5009734739868064
v -0.2696829900000000 -0.0896053400000000 0.0387043800000000
vn -1.8165223342077597 -5.2116195074263079 3.0029077236018211
v -0.2710584100000000 -0.0905761400000000 0.0362025100000000
vn 1.8697634555218772 0.0090242438661364 5.9982694421862917
v -0.2659232900000000 -0.0856994300000000 0.0374752500000000
vn -4.3776666083127695 -4.1628208955050283 1.7278237360223012
v -0.0402731200000000 -0.0263940200000000 -0.0358076200000000
vn -1.3473608729891964 -0.9934510388715135 -6.0560788729719111
v -0.0917627400000000 -0.0886401800000000 -0.0328983800000000
vn -0.4193146965741397 -0.9659895842186477 -6.1943084289349946
v -0.1124668800000000 -0.0927512000000000 -0.0302609100000000
vn 1.0572599406773560 1.6420377375973370 5.9719620804640510
v -0.1357744100000000 -0.0961959500000000 -0.0088735000000000
vn 1.0572565487101715 1.6420377738200660 5.9719626710023013
v -0.1362038800000000 -0.0636361400000000 -0.0177500400000000
vn -1.5704245447681535 -2.2640914870520272 -5.6467755482036441
v -0.1813547800000000 -0.0926797900000000 -0.0144740100000000
vn 2.4206539589922773 1.4231005076588175 5.6208217335422592
v -0.1655163100000000 -0.0864478800000000 -0.0035583400000000
vn 2.1721840340132386 3.1172795580448667 5.0042584149620382
v -0.2203723400000000 -0.0817789100000000 0.0111726700000000
vn 2.1721848516855955 3.1172744441818332 5.0042612455899649
v -0.2042681500000000 -0.0723628300000000 -0.0016831400000000
vn -2.4837770494914402 -1.4428080524433922 -5.5881637499785306
v -0.2698273100000000 -0.0610672800000000 0.0187328100000000
vn -2.4837763428325976 -1.4428066844861540 -5.5881644172605256
v -0.2779043300000000 -0.0294724700000000 0.0141653500000000
vn 2.5629234919741442 1.7220309217700882 5.4721522532819549
v -0.2630733400000000 -0.0637967700000000 0.0258784500000000
vn 2.5629237641295930 1.7220304950805203 5.4721522600919510
v -0.2530283600000000 -0.0428670400000000 0.0145874400000000
vn 2.5629223281375646 1.7220308135269740 5.4721528324372937
v -0.2518527900000000 -0.0715797400000000 0.0230724500000000
vn -4.4497775110056761 -1.4882306745215637 -4.1788834832186312
v -0.3167300900000000 -0.0102275200000000 0.0445664200000000
vn -4.4497778813976039 -1.4882310844774640 -4.1788829428180252
v -0.3057003000000000 -0.0001165900000000 0.0292208100000000
vn -0.1906625018466762 3.1660699162435599 -2.0153332720102286
v -0.3027608600000000 -0.0617530600000000 0.0565975200000000
vn 3.3809754888462864 5.2431481687116843 0.7366720797719148
v -0.3025134000000000 -0.0622185300000000 0.0584738000000000
vn -2.5676423255238650 -5.0936798154323206 0.6690665898651306
v -0.3089524300000000 -0.0701068700000000 0.0645315500000000
vn 3.4095992546314333 1.7390624112744977 2.7711888332682761
v -0.3006772200000000 -0.0639387600000000 0.0631451600000000
vn 3.4714089063917712 -1.7718453972963968 4.9283163146304156
v -0.2886721100000000 -0.0740992800000000 0.0419152600000000
vn 2.7616758232833840 -1.9309764749069889 3.1688352700841440
v 0.0882132700000000 0.2137699900000000 0.0248467100000000
vn 2.5631110485878206 -2.2173792457519479 0.1922199585297286
v 0.0630923400000000 0.2064982200000000 0.0509155800000000
vn -0.3229381264310426 -3.9154225340727353 4.4083558393033693
v 0.0579288200000000 0.2101564300000000 0.0571968100000000
vn -4.4800401432618315 2.5021949606975102 1.5787125815153147
v -0.0095208000000000 -0.1971255100000000 0.1116318000000000
vn 0.0010799646286681 0.0063802705807345 -0.0039806529858917
v -0.4174745800000000 0.1735084700000000 0.0395282300000000
vn 0.0010798205939013 0.0063798420546043 -0.0039803366040558
v -0.3924918300000000 0.1607517000000000 0.0258589400000000
vn 3.1507224364146107 1.9033032120265099 5.0347471720579797
v -0.3581566900000000 0.1210687700000000 0.0179448100000000
vn 3.1507202362374680 1.9033020743459788 5.0347489891401507
v -0.3144691700000000 0.0544596700000000 0.0157858300000000
vn -0.5628425911306897 -0.8978816254867511 2.0602800103488783
v -0.3269605400000000 0.0608380500000000 0.0226204700000000
vn -4.7840614064851055 -4.0465821292773878 -0.4651313086675402
v -0.3269586200000000 0.0610451700000000 0.0207987800000000
vn -2.9190846853132215 -1.7215478350124274 -3.3149008173347712
v -0.3269547700000000 0.0614594100000000 0.0171554000000000
vn -1.8238338695717393 -0.4390011754274455 -5.8462538346379018
v -0.2815523200000000 0.0129658500000000 0.0046447000000000
vn -1.8238366516292279 -0.4390016735783067 -5.8462544098631444
v -0.2594215300000000 -0.0050696400000000 -0.0009050500000000
vn -2.3551596552050871 -0.8172838430126097 -5.3791559710249457
v -0.2937585900000000 0.0344061700000000 0.0088307700000000
vn -2.3551605053059013 -0.8172843467615429 -5.3791587457440064
v -0.3845635000000000 0.1313932900000000 0.0338521700000000
vn 3.6251698395690477 1.2706814185220643 4.9589244195332203
v -0.2176441900000000 -0.0349005000000000 -0.0137296000000000
vn 2.1589600049780255 0.3679039558463084 5.6725628226270750
v -0.2253088700000000 0.0028155300000000 -0.0155721600000000
vn 3.6251731924487025 1.2706798031100490 4.9589230524971564
v -0.2381239500000000 -0.0215774100000000 -0.0021719800000000
vn 2.4979738371021183 0.7810880520272984 5.5972665302309332
v -0.2560285200000000 0.0228001700000000 0.0017642600000000
vn 2.4979702433226909 0.7810877413315011 5.5972687581235281
v -0.2713578800000000 0.0982322300000000 -0.0019208800000000
vn 2.1589583009371216 0.3679029472696306 5.6725592271658876
v -0.2611180000000000 0.0915706800000000 -0.0076996900000000
vn -3.9161014903204712 -1.9771575858944512 -4.4197819844272130
v -0.2381159100000000 -0.0207112600000000 -0.0097900200000000
vn -3.8707724377467665 -2.4480706973071205 -4.2794408957382215
v -0.2812672200000000 0.0280277900000000 0.0019961300000000
vn -3.9161001717758284 -1.9771571037872122 -4.4197827564747181
v -0.2176354400000000 -0.0339590300000000 -0.0220102100000000
vn -2.7066968514923535 -1.1753361689953121 -5.0493824639606686
v -0.2505465200000000 0.0081561500000000 -0.0163341500000000
vn -2.7066989206803571 -1.1753381361254043 -5.0493777378664042
v -0.3368491400000000 0.1056342600000000 0.0072381500000000
vn -3.8707748701035545 -2.4480730109224544 -4.2794378325504940
v -0.3470893800000000 0.1122581400000000 0.0133482500000000
vn -0.3312837988168008 0.7727827959557574 6.1074794935052097
v -0.1968944200000000 -0.0371403400000000 -0.0194978000000000
vn 0.4684027189138509 -0.2815438025676681 6.2501893296177125
v -0.2124168400000000 -0.0091342800000000 -0.0176720300000000
vn 0.4684078602845486 -0.2815412695871434 6.2501884052613335
v -0.2224419300000000 0.0557212400000000 -0.0139992900000000
vn 1.0658342211643008 0.1935170285570859 6.0931369327790170
v -0.2119320400000000 0.0601429400000000 -0.0139886800000000
vn -0.9023836387405738 0.4867560880044882 -6.1815462350776524
v -0.2253020500000000 0.0035498900000000 -0.0220310900000000
vn -0.0856537681277035 -0.2629637709994516 -6.1955387741361507
v -0.1761145100000000 -0.0274530000000000 -0.0291100400000000
vn -0.3595371848471436 0.7490828095495526 -6.2263474897969084
v -0.1940213500000000 0.0166797900000000 -0.0230208300000000
vn -0.3595398354578077 0.7490820644720665 -6.2263473665577065
v -0.2506888300000000 0.0961921000000000 -0.0101825800000000
vn -0.9023841744196350 0.4867561173080681 -6.1815463549607523
v -0.2611157300000000 0.0918154700000000 -0.0098526600000000
vn 2.0656122689283500 1.0725151257266532 5.8250274123844061
v -0.1486816200000000 -0.0191559700000000 -0.0262509200000000
vn 1.1625703240585428 0.2707482415947378 6.0643848097118154
v -0.1448289200000000 -0.0024734800000000 -0.0297599000000000
vn 2.0852030758061502 0.7250751989311240 5.8818253082144842
v -0.1669010800000000 -0.0035196200000000 -0.0214306500000000
vn 2.0852038994869830 0.7250753933880709 5.8818250850123759
v -0.1699737200000000 0.0371916100000000 -0.0253599900000000
vn 1.1625695562952338 0.2707476498893905 6.0643855175405603
v -0.1633004600000000 0.0390793100000000 -0.0280739600000000
vn -1.2706037995568931 0.2309758346043451 -6.0294796101195205
v -0.1811293300000000 0.0047299800000000 -0.0251207000000000
vn -2.1554200029875648 -0.8390666865120946 -5.8213271219908425
v -0.1504850800000000 -0.0186218000000000 -0.0357109500000000
vn -1.8440196990324098 0.0582936764522290 -5.9720755991826744
v -0.1608592900000000 0.0106693900000000 -0.0334820200000000
vn -1.8440216929850544 0.0582910133629452 -5.9720753224744625
v -0.2052560800000000 0.0623224700000000 -0.0192692800000000
vn -1.2705952620857859 0.2309805350040998 -6.0294786558459368
v -0.2120127600000000 0.0603426600000000 -0.0164821700000000
vn 0.9299470956541268 0.0806935384960114 6.1785915063053345
v -0.1189584800000000 0.0045690600000000 -0.0307767100000000
vn 0.2422781951417689 -0.1821946610530374 6.2752164010361984
v -0.1394524600000000 -0.0018433800000000 -0.0298712900000000
vn 0.2422794415681302 -0.1821973032374604 6.2752163693403062
v -0.1417946400000000 0.0415997000000000 -0.0285195300000000
vn -0.2067566929010452 1.0217185313108985 -6.1959120595505359
v -0.1261197400000000 0.0045197400000000 -0.0375836600000000
vn -0.2067536294562782 1.0217180576097433 -6.1959121999755835
v -0.1563799400000000 0.0398713900000000 -0.0307443200000000
vn -0.7791199943142464 0.7699716162021653 -6.1501463720873542
v -0.1632977500000000 0.0393711300000000 -0.0306405900000000
vn 1.4889856774175074 0.3382081969824919 6.0947021590214803
v -0.1113026800000000 -0.0008824400000000 -0.0323948900000000
vn 1.4889842644094999 0.3382082758779856 6.0947025390495551
v -0.1119849900000000 0.0291056900000000 -0.0338923000000000
vn 1.6072153110202214 0.4069133360905816 6.0579096615463914
v -0.1069891000000000 0.0268887900000000 -0.0349568800000000
vn -0.5405687980113496 0.8614688906106649 -6.1919129289162429
v -0.1189511300000000 0.0053598700000000 -0.0377321800000000
vn -1.2227789535348697 -0.1756759906204813 -6.0800666032547817
v -0.0910066200000000 -0.0220802000000000 -0.0447643200000000
vn -0.7870929031608943 0.7669094092731972 -6.1860429221950302
v -0.0989681100000000 -0.0035642400000000 -0.0414931700000000
vn -0.7870903485146197 0.7669119583970295 -6.1860429074045431
v -0.1282131100000000 0.0394170800000000 -0.0324435500000000
vn 2.4314952590130163 1.2705845342158861 5.5742500236957131
v -0.0689974200000000 -0.0357470400000000 -0.0418920100000000
vn 3.9202479182702215 1.4464704127471655 3.1006016676614965
v -0.0650113800000000 -0.0242099200000000 -0.0442244400000000
vn 1.9022847592202019 0.4841020473882753 5.9669193007834478
v -0.0852045000000000 -0.0149528000000000 -0.0380352300000000
vn 1.9022798033495740 0.4840995000904290 5.9669211699955458
v -0.0877538700000000 0.0182905500000000 -0.0399195500000000
vn -0.9132026136617786 0.7217327351832794 -6.1713978079616769
v -0.0913123100000000 -0.0090157500000000 -0.0431113500000000
vn -1.3768959921853190 0.1712044331402001 -6.1029168451741498
v -0.0638702800000000 -0.0381187200000000 -0.0510039600000000
vn -1.3356045160070582 0.4664716004262943 -6.1142060901539512
v -0.0708369900000000 -0.0220795600000000 -0.0480973300000000
vn -1.3356041931432268 0.4664703135269824 -6.1142058404211674
v -0.0984206100000000 0.0187079600000000 -0.0389600700000000
vn -0.0046675475213989 -0.1184423977003055 0.0951865743679539
v -0.4887763500000000 0.2026601100000000 0.0810125700000000
vn 0.0838345716072586 0.0804120180276022 -0.1381110418073215
v -0.4597116900000000 0.1572410200000000 0.0823375000000000
vn -0.0046676615581220 -0.1184441806335914 0.0951885962561323
v -0.4671253600000000 0.1903171100000000 0.0667156700000000
vn 3.9088688743963824 2.6222955955492688 4.1453408675433758
v -0.4272352000000000 0.1387265200000000 0.0608921600000000
vn 3.9088682853329764 2.6222948064949505 4.1453427931736666
v -0.3691058600000000 0.0478883400000000 0.0635420200000000
vn 0.0838340699384237 0.0804107826790723 -0.1381097075659632
v -0.3799313600000000 0.0540598400000000 0.0706904600000000
vn -4.0409209785250111 -2.7873367407741663 -3.9087495754237582
v -0.4478558200000000 0.1621196100000000 0.0679756600000000
vn -4.0409210955352961 -2.7873381683074210 -3.9087482979598263
v -0.3443637500000000 0.0686956000000000 0.0276049400000000
vn 0.1792407972132170 0.6912663397252937 -1.5870041410264366
v -0.3335382500000000 0.0625241000000000 0.0204564900000000
vn 4.4879019246312986 4.3687191614904988 0.5014447200164747
v -0.3335421000000000 0.0621098600000000 0.0240998700000000
vn 4.0927756383412177 3.4320023410320815 2.4631481411500795
v -0.3335440200000000 0.0619027400000000 0.0259215600000000
vn -2.6730995235877351 1.6106885479316402 5.4530064187953737
v 0.2816063000000000 0.0108848900000000 0.0123837500000000
vn -3.1503071107647971 1.9173154782384356 5.0296869903161507
v 0.3146971500000000 0.0530604000000000 0.0162911200000000
vn -2.6731002843445153 1.6106910354713975 5.4530052373866802
v 0.2594044600000000 -0.0070520000000000 0.0067983900000000
vn -2.0662354652784960 1.0859459475802096 5.7770647797766239
v 0.2813943800000000 0.0261550600000000 0.0079130900000000
vn -2.0662360672381719 1.0859460550738749 5.7770646216739792
v 0.3475760700000000 0.1105060800000000 0.0157278400000000
vn -3.1503082777851850 1.9173173699170798 5.0296874376003009
v 0.3586769900000000 0.1194745300000000 0.0185205200000000
vn -0.0010451062150427 0.0063846292888203 -0.0039821063821726
v 0.4181927900000000 0.1716499400000000 0.0401993700000000
vn 2.3601392782319910 -0.8277707390178004 -5.3753703252526348
v 0.3851038700000000 0.1296815500000000 0.0344703000000000
vn -0.0010448564702721 0.0063835465086577 -0.0039813923684500
v 0.3931755400000000 0.1590043700000000 0.0264899300000000
vn 3.8667143738511514 -2.4652801116190424 -4.2732253250192445
v 0.3475779900000000 0.1107132000000000 0.0139061500000000
vn 3.8667186057815441 -2.4652844595530512 -4.2732190160727495
v 0.2814001500000000 0.0267764200000000 0.0024480200000000
vn 2.3601379582767601 -0.8277706274024381 -5.3753724469752511
v 0.2939087800000000 0.0330992000000000 0.0093027400000000
vn -2.5034626872022407 0.7922108741595429 5.5932494141671825
v 0.2718094800000000 0.0970242200000000 -0.0014846500000000
vn -2.5034586733551487 0.7922105204671952 5.5932524891880018
v 0.2561388500000000 0.0216611100000000 0.0021755900000000
vn 2.7095522760329174 -1.1873852737834891 -5.0450273516096198
v 0.3373182200000000 0.1041349100000000 0.0077795900000000
vn 0.9144659635554829 0.4827156162298215 -6.1800871703139055
v 0.2615516400000000 0.0906530500000000 -0.0094329000000000
vn 0.9144660231694155 0.4827172710918441 -6.1800870543379318
v 0.2253653200000000 0.0025476000000000 -0.0216691500000000
vn 2.7095522219796773 -1.1873860589496776 -5.0450228968598978
v 0.2506208500000000 0.0070415500000000 -0.0159316600000000
vn -0.2786865465048503 0.3029618874663035 0.0017570630210668
v 0.2408198200000000 0.0990287000000000 -0.0096766100000000
vn -0.4796890208129697 -0.2794337047609198 6.2494280749842641
v 0.2227243900000000 0.0547311900000000 -0.0136417600000000
vn -0.2786784711350033 0.3029546378343498 0.0017555944276891
v 0.2667031400000000 0.1228134200000000 -0.0054353900000000
vn -2.1664063422520181 0.3775227815844506 5.6690895291560288
v 0.2615493700000000 0.0904082700000000 -0.0072799200000000
vn -2.1664068115526192 0.3775222873957992 5.6690901761093899
v 0.2253585000000000 0.0018132500000000 -0.0152102200000000
vn -0.4796940316283628 -0.2794332893352833 6.2494273617548224
v 0.2124168400000000 -0.0100791100000000 -0.0173308400000000
vn 0.3728700433608596 0.7474524760184686 -6.2257593475614303
v 0.2511448600000000 0.0950760200000000 -0.0097795400000000
vn 1.2812883889211708 0.2253071937798566 -6.0274293232627798
v 0.2123198800000000 0.0593989500000000 -0.0161413800000000
vn 1.2812979713927932 0.2253028730257053 -6.0274297697818060
v 0.1812033000000000 0.0039241500000000 -0.0248297000000000
vn 0.3728654870971451 0.7474546845182843 -6.2257589608050994
v 0.1941449600000000 0.0158165100000000 -0.0227090900000000
vn -0.3011830560002048 0.6054344751702291 -0.0979293294469403
v 0.2138642700000000 0.0795481700000000 -0.0156101500000000
vn -1.0747518882897380 0.1982811686647857 6.0914156925474003
v 0.2122342700000000 0.0591996000000000 -0.0136480200000000
vn -1.0747471841423022 0.1982777665754568 6.0914178874038925
v 0.1809464900000000 0.0033261000000000 -0.0173496200000000
vn -2.0914032178041158 0.7343635219458432 5.8784707024141678
v 0.1669326000000000 -0.0042620700000000 -0.0211625400000000
vn 1.8538495351344388 0.0500687592876065 -5.9691059357346496
v 0.2055765600000000 0.0614087700000000 -0.0189393300000000
vn 0.7924129849154073 0.7664789102399308 -6.1488846857607262
v 0.1635348800000000 0.0386442500000000 -0.0303781000000000
vn 0.7924122290320722 0.7664784338611554 -6.1488847871315828
v 0.1469594500000000 0.0023654600000000 -0.0370364700000000
vn 1.8538489982604951 0.0500717615443352 -5.9691058352137141
v 0.1609733400000000 0.0099536300000000 -0.0332235500000000
vn -0.2531715465763020 -0.1810954055681729 6.2748180706105048
v 0.1417570500000000 0.0361426500000000 -0.0284422000000000
vn -1.1710933834382020 0.2759369973767691 6.0625115138051253
v 0.1635321700000000 0.0383524400000000 -0.0278114700000000
vn -1.1710922550582716 0.2759378255906362 6.0625107315299429
v 0.1448787100000000 -0.0031177900000000 -0.0295272300000000
vn -0.2531678313869882 -0.1810937447706550 6.2748183724364486
v 0.1400682400000000 0.0071878200000000 -0.0293459900000000
vn 0.2212495392909180 1.0207685243103757 -6.1955679874560321
v 0.1566195300000000 0.0391752800000000 -0.0304929400000000
vn 0.5543370812202866 0.8590371205286674 -6.1910338563442835
v 0.1371355100000000 0.0464113900000000 -0.0301520500000000
vn 0.5543409349576152 0.8590335360001236 -6.1910338712956161
v 0.1190488700000000 0.0048305600000000 -0.0375410400000000
vn 0.2212537061605784 1.0207662081396562 -6.1955682418237350
v 0.1262134200000000 0.0039585500000000 -0.0373810000000000
vn -0.3640458833428376 0.5947547102594174 -0.0440108017320585
v 0.1124549500000000 0.0386020700000000 -0.0342110100000000
vn -0.3922796695735293 0.5715867980108686 -0.0520353088844036
v 0.1354870300000000 0.0548542700000000 -0.0293195400000000
vn -0.9395017701789907 0.0848498302810455 6.1770907796834118
v 0.1351234300000000 0.0415277000000000 -0.0286545600000000
vn -0.9395019348631141 0.0848527451757892 6.1770896089775293
v 0.1170312800000000 -0.0006462500000000 -0.0308269400000000
vn -1.4972576976697636 0.3448517462210703 6.0923028571254871
v 0.1113641600000000 -0.0013776500000000 -0.0322160600000000
vn 0.8004310464818793 0.7633797242823022 -6.1847677922471318
v 0.1284537300000000 0.0388462500000000 -0.0322374200000000
vn 0.9263157342116138 0.7176428915788586 -6.1699203641514595
v 0.1054216500000000 0.0225940400000000 -0.0371288900000000
vn 0.8004284541688187 0.7633822735366220 -6.1847677715890512
v 0.0990324100000000 -0.0040046000000000 -0.0413341600000000
vn 1.3474848212211079 0.4605055934293991 -6.1120513160319314
v 0.0985799200000000 0.0182698300000000 -0.0388018600000000
vn -2.0980330094955320 1.3550049805693527 -2.9006974145491475
v 0.0649943900000000 -0.0238777700000000 -0.0495843100000000
vn 1.3474825391508316 0.4605064054578044 -6.1120514516179325
v 0.0708298600000000 -0.0223946300000000 -0.0479835500000000
vn -5.7894367386061800 2.4265324125464693 0.2697782511578936
v 0.0649924700000000 -0.0240848600000000 -0.0477628900000000
vn -3.9187499626124294 1.4639050307569226 3.0943013573306009
v 0.0649886200000000 -0.0244990400000000 -0.0441200300000000
vn -3.8715026604957123 2.1355191642237177 4.4447277071906246
v 0.3281459100000000 0.0056810300000000 0.0528539100000000
vn -3.9038179842223077 2.6396689487414391 4.1390701480208634
v 0.3692272900000000 0.0462462800000000 0.0641349900000000
vn -3.8715032134440244 2.1355171134164022 4.4447280606854367
v 0.3045201200000000 0.0151292300000000 0.0277355900000000
vn -4.0814218129214108 3.4501828616853993 2.4565799209511656
v 0.3337886100000000 0.0604185900000000 0.0264575000000000
vn -3.9038213273576829 2.6396713550699795 4.1390644104233862
v 0.4277642800000000 0.1368250000000000 0.0615788200000000
vn 4.1986651544952709 -2.0570368775501757 -4.1537225203021588
v 0.3045258900000000 0.0157505900000000 0.0222705200000000
vn 4.0347553060296297 -2.8052954589061403 -3.9022660498160504
v 0.3446357300000000 0.0671632600000000 0.0281582900000000
vn -0.0832557467963133 0.0807838160083915 -0.1382471441394325
v 0.3800686400000000 0.0523695900000000 0.0713008400000000
vn -0.0832548946667508 0.0807840427641749 -0.1382464642645915
v 0.4602883100000000 0.1551949400000000 0.0830763700000000
vn 4.0347553775057463 -2.8052964552798012 -3.9022652237624116
v 0.4484773400000000 0.1601261600000000 0.0686955200000000
vn -4.4692257898886485 4.3886390965293938 0.4942522874408147
v 0.3337905400000000 0.0606257100000000 0.0246358200000000
vn -0.1736157655442339 0.6920519697695560 -1.5872866440699938
v 0.3337943800000000 0.0610399500000000 0.0209924400000000
vn 0.0039879996783612 -0.1184631254492692 0.0951953040264548
v 0.4895568100000000 0.2004842900000000 0.0817982900000000
vn 0.0039882557069464 -0.1184631201173105 0.0951955985996549
v 0.4678741200000000 0.1882376700000000 0.0674665900000000
vn 1.3874453030770935 0.1650565924893298 -6.1006965282930121
v 0.0723487200000000 -0.0329973900000000 -0.0488102200000000
vn 1.2317494154312443 -0.1811353638345910 -6.0780954999107113
v 0.0909939100000000 -0.0224849700000000 -0.0446181500000000
vn 1.2317538568603597 -0.1811354813258915 -6.0780958224643982
v 0.1043382100000000 -0.0165948700000000 -0.0420894000000000
vn -1.6753831715106478 0.9098472750984040 5.9544313259374526
v 0.1043285900000000 -0.0176304300000000 -0.0329812200000000
vn -1.6753804441892068 0.9098486346199752 5.9544311540420889
v 0.0909846400000000 -0.0234828400000000 -0.0358415200000000
vn -1.0240865895975180 0.7156132193845706 6.1323632328868793
v 0.1110005700000000 -0.0147042300000000 -0.0315510700000000
vn 2.1610118227589630 -0.8486655500047979 -5.8178616713115190
v 0.1454150600000000 -0.0177837600000000 -0.0375677000000000
vn 2.1610139258504670 -0.8486666378900478 -5.8178603688804609
v 0.1589017000000000 -0.0218034200000000 -0.0319718100000000
vn 0.0944334100167036 -0.2633626546465626 -6.1953940251478024
v 0.1942636800000000 -0.0359764200000000 -0.0282205800000000
vn 3.9143572027161682 -1.9945704382417688 -4.4135009688799123
v 0.2175319300000000 -0.0349268400000000 -0.0216607200000000
vn 3.9143624431028723 -1.9945737222616633 -4.4134923892260334
v 0.2380514600000000 -0.0217702600000000 -0.0094076000000000
vn -3.6274475536655566 1.2868097770338587 4.9530970983120435
v 0.2188057000000000 -0.0350413200000000 -0.0126556900000000
vn 1.8312274769146644 -0.4471084124427142 -5.8433203745663338
v 0.2594121500000000 -0.0062235300000000 -0.0004883700000000
vn 1.8312528003929496 -0.4471305661128836 -5.8433175349249131
v 0.2816140000000000 0.0117133600000000 0.0050969900000000
vn 2.9166959366545537 -1.7345050417081380 -3.3102189091024719
v 0.3272115400000000 0.0600045400000000 0.0176807700000000
vn 4.7667551308037970 -4.0678240897014666 -0.4574607113033424
v 0.3272077000000000 0.0595903000000000 0.0213241500000000
vn 0.5555336447155425 -0.9003711127777227 2.0611830482370119
v 0.3272057700000000 0.0593831800000000 0.0231458400000000
vn 3.8738185141335681 2.1182931823111124 4.4509486020675624
v -0.3267055100000000 0.0077246500000000 0.0507592700000000
vn 5.7997322725346141 2.4007577399164215 0.2790796399624135
v -0.0650075300000000 -0.0237957400000000 -0.0478672900000000
vn 2.1086960338009417 1.3456506239259880 -2.8973298374472041
v -0.0650056100000000 -0.0235886500000000 -0.0496887200000000
vn 0.0907292655927808 0.3832824338943209 -0.0310027554687244
v -0.1020075100000000 0.0364608200000000 -0.0371763800000000
vn 0.3949033606447752 0.5698384969284369 -0.0514033165633067
v -0.1351798100000000 0.0554562300000000 -0.0295369200000000
vn 0.3040275431226029 0.6040864667885888 -0.0974435699977414
v -0.1854961500000000 0.0651976700000000 -0.0235342200000000
vn 0.3040317843581277 0.6040929103492106 -0.0974440861969359
v -0.2134683600000000 0.0804985600000000 -0.0159533500000000
vn 0.2800208855305680 0.3017131490403928 0.0022045148972339
v -0.2403464900000000 0.1000988200000000 -0.0100630500000000
vn 0.2800215802679568 0.3017140223362200 0.0022040998542796
v -0.2661305400000000 0.1239984500000000 -0.0058633200000000
vn 0.0761962824142654 0.4525758317739562 -0.0282870650829046
v -0.2979559200000000 0.1394029600000000 0.0005092500000000
vn 0.0761961694270008 0.4525762864680096 -0.0282868793281589
v -0.3579115400000000 0.1503428400000000 0.0140394800000000
vn 2.0617574205942995 1.0767607392805778 5.7803844304179108
v -0.3470913000000000 0.1120510200000000 0.0151699400000000
vn 2.0617536423722842 1.0767577280210354 5.7803867716863238
v -0.2812729900000000 0.0274064400000000 0.0074612000000000
vn 2.6714706875024885 1.5988020839481825 5.4573008174306077
v -0.2594292300000000 -0.0058981100000000 0.0063817000000000
vn 2.6714821690619681 1.5988085445775071 5.4572934871583758
v -0.2815600100000000 0.0121373700000000 0.0119314600000000
vn -3.2293713523187346 2.0272421432915659 -1.3080802311751936
v -0.0792001800000000 0.2200642800000000 0.0375468700000000
vn 5.1403979046306203 -2.9318797138578110 2.0715813374177219
v -0.0489743700000000 0.2138812000000000 0.0504201800000000
vn -2.1584444713044788 -5.7835710575413835 1.1702939738854765
v -0.0571348400000000 0.2061337700000000 0.0209730700000000
vn 1.4161603580192357 -4.5371858502948115 2.8588985202303467
v -0.0438956000000000 0.2047824800000000 0.0303943800000000
vn 5.0280892391832746 -1.8310675310642714 2.6016368020585356
v -0.0408748700000000 0.2169585000000000 0.0383243700000000
vn -3.5821877984383947 -1.5835872563839903 -4.9128503652600335
v -0.0577593900000000 0.2192713100000000 0.0050214700000000
vn 0.1565863103042289 6.1736647225170094 0.5804303391995456
v -0.0450154400000000 0.2242400200000000 0.0267349500000000
vn 0.6997849688596375 6.2270583649107714 0.2517102253685842
v -0.0478485100000000 0.2246678200000000 0.0274514700000000
vn -2.7230293818030638 -1.3688625412683402 -5.4084697840250531
v -0.0458707400000000 0.2052024100000000 0.0009183300000000
vn -2.7230269030494405 -1.3688649715392716 -5.4084722404761791
v -0.0505007100000000 0.2211747400000000 -0.0007931300000000
vn -0.3562342269353410 6.1801797946879411 1.0194645466013184
v -0.0469894400000000 0.2283760000000000 0.0051452600000000
vn -0.3562316020198152 6.1801799490139198 1.0194637621784401
v -0.0353369400000000 0.2268061900000000 0.0187334900000000
vn -0.6128637410924536 6.1309316269840286 1.2306253393537647
v -0.0377565000000000 0.2261717100000000 0.0206716900000000
vn -0.6128622284929240 6.1309317983671461 1.2306252328109490
v -0.0542481200000000 0.2264725700000000 0.0109598600000000
vn 5.4076458091697281 -1.3308201653368170 0.3269541577740130
v -0.0259334200000000 0.2193871700000000 0.0148384600000000
vn 5.7127388642524419 0.4155567702326345 0.0313549373883934
v -0.0292782400000000 0.2119756000000000 0.0081633500000000
vn 1.8330178903514422 0.7171578410906645 -5.1523645676106469
v -0.0321924700000000 0.2085433300000000 -0.0036364400000000
vn 4.4855829144693882 -2.4306985301351567 3.6145933565434190
v -0.0308580900000000 0.2185233900000000 0.0221575900000000
vn -2.5543035504259382 -1.5978785963584219 -5.5136861506557393
v -0.0454083200000000 0.2241709600000000 -0.0036343500000000
vn -2.2246244107226238 -1.3882684773797676 -5.6936086955517107
v -0.0494107700000000 0.2237881400000000 -0.0016692100000000
vn 4.7019805147392715 1.5477917190248778 -3.8696430891861251
v -0.0259736000000000 0.1953545300000000 -0.0013552100000000
vn 5.8306790788087595 0.2702261870644161 2.3256347288679446
v -0.0267458400000000 0.1975529300000000 0.0058761400000000
vn -1.7541367272850670 1.1318177537170175 -5.9262475917483366
v -0.0321358100000000 0.1957390700000000 -0.0060986200000000
vn -0.8615651709909665 -1.3369726939791644 4.4872415985478353
v -0.0331694500000000 0.1864982600000000 0.0095399600000000
vn 3.0605329162689574 -0.8597410316889573 5.4193553136300707
v -0.0281455300000000 0.1669765300000000 0.0035517500000000
vn -0.8615676085703831 -1.3369713185057610 4.4872442049416756
v -0.0297078000000000 0.1674353600000000 0.0045248200000000
vn -4.6403222358423921 0.2979171610527195 -4.2186980971372936
v -0.0351106700000000 0.1682931800000000 -0.0095575500000000
vn -3.0434826924899347 0.7952177677466501 -5.1687683509252782
v -0.0344520000000000 0.1739701900000000 -0.0097083500000000
vn -4.7583280470896261 -1.8630688781417035 3.6541957225353880
v -0.0352498100000000 0.1868041300000000 0.0068887800000000
vn -4.7583304971484743 -1.8630697939105039 3.6541918680041157
v -0.0359488800000000 0.1683529700000000 -0.0034287400000000
vn -4.7385578592101547 -0.8576594076178342 -0.1661972144745621
v -0.0381127500000000 0.1686496100000000 -0.0059971100000000
vn 4.8555154801392533 1.1626120272977238 -3.8145406407965714
v -0.0193273900000000 0.1448354600000000 -0.0122918900000000
vn 4.8289284595113795 1.1578773159247344 -3.8493181010096817
v -0.0221574100000000 0.1452371500000000 -0.0157717700000000
vn 5.8522388983150426 0.4867382545107478 2.2344581788361415
v -0.0189967400000000 0.1456209000000000 -0.0066667900000000
vn -1.5964324108918544 1.2019447564194687 -5.9569413262416067
v -0.0261902000000000 0.1487368200000000 -0.0169716300000000
vn 1.6029510240188698 1.1775416570221930 -4.9205146597879663
v -0.0241550500000000 0.1454317100000000 -0.0181839200000000
vn 3.0648269129345147 -0.4732061382019271 5.4645520904150358
v -0.0234152100000000 0.1468873100000000 -0.0014952400000000
vn -0.8487640905133422 -0.9099242515507253 4.6677928969434115
v -0.0264159000000000 0.1472024800000000 0.0002150100000000
vn -4.7307867335109277 0.7584644476764669 -4.0648254781348960
v -0.0328139600000000 0.1500859300000000 -0.0143299100000000
vn -4.8434335246374669 -0.2534203075619866 -0.1534703534737893
v -0.0343633600000000 0.1270912000000000 -0.0167568500000000
vn 1.9470364930964676 1.6903883486549116 2.1632239028775122
v -0.0295106900000000 0.2260212800000000 0.0255276100000000
vn -5.1567085597805296 -2.9089784197404569 2.0633125644659009
v 0.0492331500000000 0.2118098300000000 0.0463254900000000
vn 1.2954956969265909 1.0006280559641643 -2.2222108833415319
v 0.0881604300000000 0.2227047000000000 0.0111845400000000
vn -1.4409214011249558 -4.5308288904955578 2.8566028757766317
v 0.0447717700000000 0.2045852800000000 0.0304655900000000
vn -5.0403571956627422 -1.8086751912570098 2.5935513646484774
v 0.0377755600000000 0.2028399200000000 0.0208664500000000
vn 1.1466799608389873 -5.7800893318080702 2.1803921638273036
v 0.0471894000000000 0.2047569100000000 0.0296491300000000
vn 3.5829964286176130 -1.5995204601022115 -4.9070956064654148
v 0.0587406100000000 0.2190122200000000 0.0051150300000000
vn 3.5829980414611997 -1.5995225304503116 -4.9070938396169570
v 0.0515924300000000 0.2080163800000000 0.0034798900000000
vn 3.5271176354053049 -3.4341834395799529 -2.6260353731751991
v 0.0579985600000000 0.2053927900000000 0.0091012300000000
vn -0.1300608301654767 6.1743008470931509 0.5801985419051747
v 0.0459840300000000 0.2240376300000000 0.0268080300000000
vn -0.6724872555599528 6.2301096907709397 0.2506087386255290
v 0.0488178100000000 0.2244528300000000 0.0275291100000000
vn -0.1300612650387572 6.1743042823268004 0.5801947353151045
v 0.0576653900000000 0.2255744000000000 0.0130727700000000
vn -0.6724826025334794 6.2301109473507612 0.2506095117646809
v 0.0618295000000000 0.2262281900000000 0.0183092700000000
vn 4.2429401909551343 -2.3442847848151041 -1.7669832938543917
v 0.0444442500000000 0.1970205400000000 0.0018447400000000
vn 2.7255989350380969 -1.3809798387838816 -5.4040945198766153
v 0.0514998200000000 0.2209478900000000 -0.0007112100000000
vn 0.3820762822234332 6.1785392408876465 1.0200551857381801
v 0.0363299000000000 0.2266468000000000 0.0187910500000000
vn 0.6381455001156104 6.1281504109601403 1.2316275029783570
v 0.0387435000000000 0.2260015800000000 0.0207331300000000
vn 0.3820768185528391 6.1785399023773895 1.0200524027943818
v 0.0480110800000000 0.2281647100000000 0.0052215500000000
vn 0.6381438000125903 6.1281507825245685 1.2316264354513509
v 0.0552518800000000 0.2262290400000000 0.0110478000000000
vn -5.4140286412966656 -1.3067468963376525 0.3182622019614448
v 0.0263214000000000 0.2218914500000000 0.0158073900000000
vn -5.7108738530999714 0.4409595031730864 0.0221800287945911
v 0.0304377100000000 0.2146845100000000 0.0071925200000000
vn -4.5021488480011636 -2.4107071835489240 3.6073764033563798
v 0.0318087500000000 0.2183840200000000 0.0222079200000000
vn -4.9809463993156617 -2.2376474430847111 3.1067402788999776
v 0.0303148400000000 0.2209560800000000 0.0217439400000000
vn -4.5021511845433366 -2.4107092480340473 3.6073745551385610
v 0.0337879200000000 0.2071282900000000 0.0171561000000000
vn 2.5560197657583634 -1.6092471184274755 -5.5095829491161394
v 0.0464253700000000 0.2239667200000000 -0.0035606000000000
vn 2.2275729226109426 -1.3981683682675952 -5.6900319870755807
v 0.0504229200000000 0.2235661100000000 -0.0015890300000000
vn -4.6888292317349816 1.5686793764032094 -3.8771823601684172
v 0.0268590300000000 0.1952370300000000 -0.0013127800000000
vn -5.8331501382809918 0.2961706613649573 2.3162599180309722
v 0.0272971000000000 0.1976144700000000 0.0050595600000000
vn 0.8484112027413142 -1.3407752157346602 4.4886088339400594
v 0.0339979200000000 0.1863488800000000 0.0095939100000000
vn 0.8484114500222695 -1.3407756357506719 4.4886082809575223
v 0.0304595700000000 0.1673015400000000 0.0045731500000000
vn -3.0730362773405284 -0.8461017797355672 5.4144242067004118
v 0.0289656500000000 0.1698736000000000 0.0041091700000000
vn 3.0552919555925229 0.7816582936691466 -5.1638679713015918
v 0.0348119100000000 0.1707535000000000 -0.0103783500000000
vn 4.6483734736399818 0.2772588527436962 -4.2112360467538785
v 0.0358888100000000 0.1681352800000000 -0.0095005300000000
vn 4.7441209111608149 -1.8842042810475288 3.6618228487447242
v 0.0360838700000000 0.1866454900000000 0.0069460700000000
vn 4.7349593327852171 -0.8787290502374345 -0.1585847771754376
v 0.0388867200000000 0.1684783600000000 -0.0059352700000000
vn 4.7441202364593247 -1.8842035189596125 3.6618242634168281
v 0.0367174300000000 0.1681913600000000 -0.0033703800000000
vn -4.8441570454128495 1.1841832323801458 -3.8223383152026855
v 0.0200057600000000 0.1447479800000000 -0.0122603000000000
vn -4.8175392680974953 1.1793329188774078 -3.8570672915438915
v 0.0228431200000000 0.1451370700000000 -0.0157356300000000
vn -5.8535948558038982 0.5127699685926683 2.2250644547441976
v 0.0194130400000000 0.1425998300000000 -0.0066342100000000
vn -1.5897948000154609 1.1846459882155949 -4.9230852392547240
v 0.0250603700000000 0.1485138100000000 -0.0174460800000000
vn -3.0756837729897839 -0.4595540182523778 5.4596150997319395
v 0.0240853200000000 0.1467816600000000 -0.0014570900000000
vn 0.8372136698305584 -0.9136725708506614 4.6691416991541557
v 0.0270846300000000 0.1470834900000000 0.0002579800000000
vn 4.7406441178719119 0.7373969849637155 -4.0572104503678297
v 0.0333463100000000 0.1470441400000000 -0.0150042200000000
vn 4.8425092162467278 -0.2749644559246269 -0.1456761217570442
v 0.0349698000000000 0.1269370000000000 -0.0167011600000000
vn 4.8263394856302835 -1.3165892733153437 3.7995743206748314
v 0.0328838500000000 0.1266404000000000 -0.0140533200000000
vn 0.1900221474764357 6.2281440181718937 0.8049474458635931
v 0.0307456900000000 0.2266385600000000 0.0197067000000000
vn 0.1353531753169036 6.2190532625740707 0.8814258968664803
v 0.0454753600000000 0.2289113100000000 -0.0001897100000000
vn 4.7824358687643800 0.7154557234429212 -4.0118384654664467
v 0.0339686400000000 0.1259213300000000 -0.0180757600000000
vn -2.5468110962942068 -0.4885405646872540 5.7230672685542334
v 0.0207880700000000 0.1243806300000000 -0.0050139200000000
vn 0.2398383458092515 1.5173029339014157 -6.0925107286266043
v 0.0289644500000000 0.1224834200000000 -0.0224140100000000
vn -6.1866811367969952 0.5412200495041916 0.9541881229148896
v 0.0165348400000000 0.1210728100000000 -0.0105104200000000
vn 4.7991858164500680 0.1699830399480162 -4.0518315450591320
v 0.0378874200000000 0.1683640000000000 -0.0071236900000000
vn -3.0253705325694580 -0.8516175193113753 5.4406156219423938
v 0.0273971800000000 0.1666987600000000 0.0027400300000000
vn -4.7957146847422356 1.5829991153326040 -3.7381348380901187
v 0.0261451500000000 0.1704702600000000 -0.0106713200000000
vn -5.0408705685862234 -2.1884252030128026 3.0461182915138907
v 0.0276525500000000 0.2215796600000000 0.0177862400000000
vn -5.0677357603777970 -1.4351625880287657 2.8508348929967733
v 0.0390492900000000 0.2164200800000000 0.0282828200000000
vn 3.4403214232421151 -5.2441906056903012 -0.3755941963349856
v 0.0605400500000000 0.2067663800000000 0.0132019100000000
vn -0.5262822441720035 6.2477844139036671 0.2989607163292035
v 0.0475635300000000 0.2239943100000000 0.0315853900000000
vn -4.7727457664513766 0.7367083723139523 -4.0195243782263805
v -0.0333645200000000 0.1260710700000000 -0.0181298300000000
vn 2.5354206514766462 -0.4998414860314583 5.7271474761178665
v -0.0202119300000000 0.1244718200000000 -0.0050468500000000
vn -0.2232847229168477 1.5183315429167745 -6.0928836245775333
v -0.0283687100000000 0.1226109300000000 -0.0224600500000000
vn 6.1874859465946450 0.5137017469555489 0.9641295453541178
v -0.0159646300000000 0.1211450900000000 -0.0105365300000000
vn -4.7918635360323991 0.1913152916945846 -4.0595393723378930
v -0.0371120600000000 0.1685308000000000 -0.0071839200000000
vn 5.0567159935508998 -1.4576772118455861 2.8589683549778160
v -0.0381170300000000 0.2165917000000000 0.0282208500000000
vn 0.0608703497915705 4.1489643582696001 4.5731636239868863
v 0.0002248800000000 0.0666566500000000 -0.0863272400000000
vn -1.1596690228893707 4.1225401663035193 4.5970707217791489
v -0.0047761800000000 0.0659790600000000 -0.0869127800000000
vn 1.1632437708269399 4.0704305759019128 4.6414548152348036
v 0.0117619000000000 0.0783352900000000 -0.0999997100000000
vn 0.5511641837600048 0.4051265026927371 -0.3479663512266984
v 0.0267587100000000 0.0762357800000000 -0.1017322400000000
vn 0.0050599588036312 0.4311654159700152 -5.1065917224612773
v 0.0102744700000000 0.0821159400000000 -0.1051908400000000
vn 0.0050627564533592 0.4311732429201658 -5.1065809133546374
v -0.0097255300000000 0.0821604200000000 -0.1052069100000000
vn -0.4428305874936701 0.4887025117315767 -0.4057087109263473
v -0.0197255300000000 0.0821826600000000 -0.1052149400000000
vn -0.0027500174799442 -3.1912093027094759 -5.4124479884851056
v -0.0292728200000000 0.0646733900000000 -0.0948865200000000
vn -2.4486272254563310 1.9094458214421972 5.0914173962626803
v -0.0343130300000000 0.0509143900000000 -0.0829531300000000
vn -1.2585637765226956 3.8021281178927349 4.8280554018409250
v -0.0141666600000000 0.0600431000000000 -0.0841378000000000
vn 1.7460279776524852 2.9170597396117919 4.1922676663862912
v 0.0001836100000000 0.0521978100000000 -0.0749713500000000
vn 1.3235193036663877 2.8109440381622375 5.2517059225802871
v 0.0088327800000000 0.0602186400000000 -0.0827936500000000
vn 1.3235199466615604 2.8109413497335076 5.2517081707757356
v 0.0347103000000000 0.0591409800000000 -0.0887384200000000
vn 0.7128790256718468 -0.3007693450679028 0.0047605035294262
v 0.0386668100000000 0.0408788200000000 -0.0851283900000000
vn 0.7128779896220738 -0.3007695311529572 0.0047602843490335
v 0.0281043500000000 0.0159823500000000 -0.0763753900000000
vn 3.1075723490905864 1.8994458118295932 4.6398302962665348
v 0.0166032300000000 0.0164613100000000 -0.0737332700000000
vn -0.0013114437963663 -2.6376142294924350 -5.6699750619439762
v -0.0227885800000000 0.0588154700000000 -0.0914359500000000
vn -0.0067168062012506 -4.3360460861879933 -3.6458082932261799
v 0.0065732300000000 -0.1888231200000000 0.0176509800000000
vn -4.5325233776931260 2.2015864631957842 2.0150378366198147
v -0.0211535200000000 -0.1927169200000000 0.0819273700000000
vn 4.5356637700447617 -0.8683320370751395 2.0244735829002414
v -0.0521918200000000 0.0659351100000000 0.0146834600000000
vn 3.5035991286399462 -4.0597068519308532 -3.2742330752328286
v -0.0286643300000000 0.0878675300000000 -0.0100977800000000
vn 3.5036010137972085 -4.0597070678235854 -3.2742307025206858
v -0.0245056700000000 0.0994235700000000 -0.0199760900000000
vn 0.9926894709097951 -2.2466480395995800 -4.6925975632957595
v -0.0315100700000000 0.0962222800000000 -0.0234087800000000
vn 3.6872442973643862 -3.2674368306695278 0.0310217157956140
v -0.0328229800000000 0.0763114900000000 -0.0002194700000000
vn 5.2101669143663107 -2.2007341430144312 2.6615393181877214
v -0.0225170400000000 0.0995981500000000 -0.0053189000000000
vn -1.8915638435554607 -0.1894340771049727 -5.9692654559072329
v -0.0342434300000000 0.1037606600000000 -0.0232674400000000
vn 3.4361660786590593 1.8129089046038951 4.9251358174689290
v -0.0255098800000000 0.1048765400000000 0.0006875200000000
vn 4.2142839692470968 -0.3029586290766129 3.6216121221209714
v -0.0220102500000000 0.1039993600000000 -0.0012534900000000
vn -2.9453995763351495 4.4219977088665292 -0.7157764447618045
v -0.0637899900000000 0.0987019500000000 -0.0051498600000000
vn -3.5998405201420374 3.0496900977546844 -4.1130669382488279
v -0.0424025400000000 0.1093672300000000 -0.0171031600000000
vn -2.1306841465539557 5.4624769214627538 2.2581396396111173
v -0.0635273600000000 0.0967633300000000 -0.0002750600000000
vn -2.1306840033534309 5.4624780336531904 2.2581371256769436
v -0.0321813400000000 0.1105144800000000 -0.0039625500000000
vn 2.7220156088242335 -4.2810728415824970 0.5627825852508523
v -0.0428458600000000 0.0687676000000000 0.0072996400000000
vn 3.6385564621650563 -1.5736079124185298 4.4824157665409317
v -0.0512162700000000 0.0772164300000000 0.0251718800000000
vn 3.0102944782282934 -0.1197802953367491 5.5137460488079286
v -0.0484130500000000 0.0820085800000000 0.0237279800000000
vn -4.0804369482949516 1.2403407551334711 0.4426226608532382
v -0.0838373000000000 0.0756487100000000 0.0154186100000000
vn 0.1459922223863650 2.4810374337306609 3.7264129532594215
v -0.0558191800000000 0.0882541700000000 0.0279522900000000
vn 3.5148383198898756 3.8458550468411330 1.1983895661092077
v -0.0424495800000000 0.0595288500000000 0.0066686500000000
vn -1.3951051700999806 -0.3480369416154677 -4.2917187061469795
v -0.0628445000000000 0.0674274200000000 0.0017580900000000
vn 2.4019136572550219 5.5603625914822086 -1.6512736774271293
v -0.0256282600000000 0.0470894200000000 -0.0125923100000000
vn 3.9374106400580891 0.9551687408073509 4.4383165513274703
v -0.0496688300000000 0.0505945100000000 0.0215809100000000
vn 4.6012777329990779 2.2214532020367281 3.6503917373693970
v -0.0423004400000000 0.0528383700000000 0.0101855300000000
vn 4.6012763917596313 2.2214494556176891 3.6503952097412844
v -0.0200448300000000 0.0233707200000000 0.0000651600000000
vn 3.9374112698768782 0.9551711806474683 4.4383156194556381
v -0.0211745700000000 0.0220973200000000 0.0024353700000000
vn -0.2010213159719030 4.6238769005111839 -3.0865380284644970
v -0.0548513100000000 0.0602971600000000 -0.0094441800000000
vn -2.8093634828085925 3.5781018524106796 -4.3303432878889518
v -0.0627185600000000 0.0545313800000000 -0.0094792700000000
vn -2.8093601882248223 3.5781057188297849 -4.3303417876372841
v -0.0424524200000000 0.0445882000000000 -0.0308431000000000
vn -0.2010208221223924 4.6238786305731878 -3.0865398713659218
v -0.0408632400000000 0.0478192000000000 -0.0290481600000000
vn 2.8841665306557651 -0.6519484118002198 5.5439123636747922
v -0.0539726600000000 0.0458089400000000 0.0235483200000000
vn 0.4080840726263727 -2.1859898620951999 5.0829750260724769
v -0.0594160900000000 0.0440125200000000 0.0261689500000000
vn 3.0407227048199079 -0.5388104928121951 5.4680011486390958
v -0.0515533600000000 0.0466073500000000 0.0223835900000000
vn -3.8991698672138275 -3.5725296264215487 3.0873239511703088
v -0.0706670800000000 0.0396362600000000 0.0154477900000000
vn -3.8991737348530311 -3.5725280996760760 3.0873225496188850
v -0.0548918100000000 0.0072161500000000 -0.0021439100000000
vn -5.0413664750875142 1.3579211215728626 -3.4955817678580821
v -0.0727130200000000 0.0491551200000000 -0.0055299700000000
vn -3.9794373593688661 2.4011418245915408 -3.9331340078406640
v -0.0712096000000000 0.0500309000000000 -0.0073580100000000
vn -5.3340035726821124 0.6657179880677269 -3.1458800207630579
v -0.0757198700000000 0.0474035600000000 -0.0018738900000000
vn -5.4303209057764832 -1.5698535185481464 -0.6248567488418788
v -0.0757404300000000 0.0382050900000000 -0.0017453800000000
vn -5.0332769917360674 -3.2859036959153847 1.7934006458900973
v -0.0737439400000000 0.0404770200000000 0.0095854200000000
vn -5.0332757667924408 -3.2859049524935311 1.7934030395454901
v -0.0641223900000000 0.0097384200000000 -0.0197310400000000
vn -5.4303208701012542 -1.5698544778629258 -0.6248541702299071
v -0.0652857300000000 0.0103094700000000 -0.0225187600000000
vn 5.5517274723064078 1.4275165909560001 2.5723651736370776
v -0.0047198900000000 0.0046353400000000 -0.0154259100000000
vn 2.9732992984405087 -0.2941135204750325 5.5197498298250185
v -0.0189080300000000 0.0002576200000000 -0.0006327000000000
vn 0.8183684888832208 -2.4025195377885216 4.8662427381430007
v -0.0141866500000000 -0.0135359800000000 -0.0033282400000000
vn 0.8183687805375933 -2.4025188584347124 4.8662450457397970
v -0.0056962200000000 -0.0193552500000000 -0.0076291400000000
vn -3.7896754028438089 -0.5392143114725542 -4.9751058789508598
v -0.0284674200000000 -0.0119527000000000 -0.0649339300000000
vn -3.2338242854585340 1.3628795568250804 -4.8514491939357356
v -0.0454242800000000 0.0118804000000000 -0.0529326200000000
vn -4.4624950659449496 -0.6015352271397900 -4.3177968271465508
v -0.0497816600000000 0.0026761600000000 -0.0486159000000000
vn -4.4624953795851106 -0.6015369773630156 -4.3177948896424558
v -0.0437028700000000 -0.0192801900000000 -0.0518395500000000
vn -3.7896751401228896 -0.5392128439148371 -4.9751062150823655
v -0.0350034900000000 -0.0257590600000000 -0.0584588600000000
vn -1.9477620601569403 -4.0134948268433677 4.4079577978488853
v -0.0287588500000000 -0.0080360100000000 -0.0020054500000000
vn -5.7195459585108956 0.5739933391184334 2.2967342404269004
v -0.0180169000000000 -0.2043693200000000 0.0869803700000000
vn -5.3406241589583949 -1.6258025004847612 1.2768816892214778
v -0.0235373900000000 -0.2172504900000000 0.0764519800000000
vn -3.5592233149453074 4.9503109074406888 1.5181465404644907
v -0.0061059100000000 -0.1761143900000000 0.0683989100000000
vn -3.3284238658518643 4.7362722975834215 2.2946939918757172
v -0.0061020600000000 -0.1753163200000000 0.0658056100000000
vn -3.5410130093165746 4.8726874547994656 1.7684856053392295
v -0.0061078400000000 -0.1765134300000000 0.0696955500000000
vn -5.1892814392507791 -1.2360396213060423 -1.7239310285251694
v -0.0254640200000000 -0.1993962300000000 0.0345310600000000
vn -6.2639122133579663 0.3930051729221261 0.2923721002974963
v -0.0240165900000000 -0.1960675700000000 0.0575984500000000
vn -3.0452108715552955 2.2695260223990021 5.0054330467774539
v -0.0149242300000000 -0.1652880000000000 0.0538422000000000
vn -6.2607570722393344 0.3170346450895553 0.4105581099583308
v -0.0239890200000000 -0.1872627200000000 0.0476544600000000
vn -2.7458106469401580 5.4762498204413612 1.3962613323585369
v -0.0173819300000000 -0.1584548500000000 0.0460722000000000
vn -3.1183882758072432 4.0168818984030565 3.6903566196147519
v -0.0060224600000000 -0.1494601700000000 0.0383004500000000
vn -2.9518387973700921 3.7488723869821348 4.0590086190834596
v -0.0060112100000000 -0.1458246100000000 0.0343527200000000
vn -2.9309193458793543 4.7460384688261001 2.5476944860905237
v -0.0060280900000000 -0.1512779500000000 0.0402743100000000
vn -2.4074967800395064 -0.4307963956302274 5.7875870700515506
v -0.0328226900000000 -0.1404406300000000 0.0214332100000000
vn -0.0056644117789914 -0.4536876726447180 5.7952218541174254
v -0.0002744500000000 -0.1133402300000000 0.0369617100000000
vn -2.5655138024588164 0.7116267470599678 5.5732803482218580
v -0.0145890400000000 -0.1068156100000000 0.0314818300000000
vn -0.0025435032104127 0.7568228128019370 5.2624288582649470
v -0.0002539700000000 -0.1038633800000000 0.0377036400000000
vn -3.0518447797746866 2.4490530829586703 4.8366908863585500
v -0.0432389100000000 -0.1046054900000000 0.0162705900000000
vn -1.6864868177940318 -1.0180444766557279 4.6681755494043262
v -0.0088686000000000 -0.0240899700000000 -0.0138739100000000
vn -2.4206471980794877 2.8595448637158452 5.0302348390839473
v -0.0278277900000000 -0.0427968900000000 -0.0127498800000000
vn -2.5921535663137512 3.0364227595732234 4.8509389624242489
v -0.0278429300000000 -0.0483184600000000 -0.0091842400000000
vn -2.5921514769737768 3.0364269574124250 4.8509374438893698
v -0.0093453200000000 -0.0463201900000000 -0.0005506400000000
vn -2.5585102813942915 2.8390926652627746 4.9846629792194257
v -0.0124424900000000 -0.0518762200000000 0.0011628500000000
vn -2.5585119818626088 2.8390954142754117 4.9846604219451081
v -0.0402209400000000 -0.0666253300000000 -0.0046945900000000
vn -2.7063136018166745 3.2779890954153323 3.9304570187667438
v -0.0406751700000000 -0.0818943100000000 0.0001525300000000
vn -3.1169322565510131 4.0834714269252279 3.3126590472619224
v -0.0406805300000000 -0.0832362300000000 0.0031032500000000
vn -2.7063160280825729 3.2779873287529564 3.9304633109349263
v -0.0136593700000000 -0.0713229500000000 0.0099377700000000
vn -3.7238584571915512 -0.8676729820212722 4.7443566015617735
v 0.0588086700000000 0.0710995700000000 0.0291422700000000
vn -3.5163599336426161 -4.0440945838314164 -3.2798689734076216
v 0.0290856700000000 0.0877391000000000 -0.0100514000000000
vn -2.8741308234730689 -4.7014756005527012 -2.8479862604930108
v 0.0425633800000000 0.0772075300000000 -0.0113605000000000
vn -0.9951339737976607 -2.2422298659008923 -4.6941959936497684
v 0.0287488800000000 0.0997306200000000 -0.0244139500000000
vn -3.5163546798434884 -4.0440952754037820 -3.2798737529440931
v 0.0249943300000000 0.0993134900000000 -0.0199363400000000
vn -4.4080054363867509 -2.8405370022570873 -0.1294924575481866
v 0.0284471000000000 0.0836953000000000 -0.0043474900000000
vn -4.4080060986171539 -2.8405325738471094 -0.1294878826098107
v 0.0189872500000000 0.0987565000000000 -0.0127095400000000
vn 3.3871038230619561 0.1448194859520932 -4.0334137233170511
v 0.0688774800000000 0.0879260700000000 -0.0098624500000000
vn -4.2214026493671160 -0.2841967355356296 3.6148372156790676
v 0.0224892200000000 0.1039003900000000 -0.0012177500000000
vn 2.9661851145753451 4.4088502997129835 -0.7110323721457035
v 0.0451796700000000 0.1097724900000000 -0.0141968700000000
vn 3.6199786140706935 3.0336367563094102 -4.1072617116609198
v 0.0429306200000000 0.1091774500000000 -0.0170346200000000
vn 2.1513303123210608 5.4529537231121026 2.2615785652498022
v 0.0552836200000000 0.1003382300000000 -0.0012109400000000
vn 2.7536627669201068 4.8861558577780908 2.6730301786430006
v 0.0616040400000000 0.0885803800000000 0.0214038200000000
vn -0.7246316105001522 3.4878211254826388 3.5763348983157965
v 0.0307457100000000 0.1082515300000000 0.0031432800000000
vn 2.1513295107722157 5.4529551963993761 2.2615757350820678
v 0.0396443200000000 0.1072834400000000 -0.0030798300000000
vn -2.1713497169288116 -5.3888112767914400 -2.3905718495723853
v 0.0444144100000000 0.0708905600000000 0.0010073000000000
vn 4.2329568954275274 -2.2263424953275521 -3.9216890882773536
v 0.0737269600000000 0.0798145900000000 -0.0000231800000000
vn 3.3779266918567292 -3.5124523025396757 -3.9206383223959720
v 0.0721666400000000 0.0726991600000000 0.0037580900000000
vn -3.0196481399369999 -0.1063644894908685 5.5089043915556841
v 0.0619027000000000 0.0762601800000000 0.0309066400000000
vn 3.3525140580781456 4.2813994171390801 3.1474385541670626
v 0.0736694900000000 0.0800488300000000 0.0202368000000000
vn 3.3525167511547793 4.2813978711068366 3.1474377996640097
v 0.0631762900000000 0.0848225800000000 0.0249200600000000
vn -2.3745013424254577 5.5709866358251263 -1.6551070937166634
v 0.0227653300000000 0.0452938500000000 -0.0137518000000000
vn -3.9402460172662437 0.9726909521108966 4.4319884315813498
v 0.0498732700000000 0.0503731300000000 0.0216608600000000
vn 2.8322002694313082 3.5655578184439731 -4.3258114630531601
v 0.0427144300000000 0.0443987900000000 -0.0307747000000000
vn -3.0518638687433146 -0.5252621487675689 5.4631099742420437
v 0.0517387500000000 0.0463776300000000 0.0224665500000000
vn -0.4259666757542792 -2.1841339860426245 5.0822999580961126
v 0.0567431400000000 0.0397812900000000 0.0243218000000000
vn 3.8782792063940366 -3.5898273513830565 3.0935705889150107
v 0.0708323900000000 0.0393215700000000 0.0155614300000000
vn 3.8782800261615833 -3.5898258532385423 3.0935692107100410
v 0.0549413500000000 0.0069718800000000 -0.0020557000000000
vn 2.4933629844620206 -3.7143910684576773 4.3821907100049895
v 0.0522732900000000 0.0070096600000000 -0.0001250300000000
vn 5.0529600592008919 1.3354768208041625 -3.4874795921286492
v 0.0729543500000000 0.0488311600000000 -0.0054129800000000
vn 3.9963871854309487 2.3834092231843536 -3.9267318120669383
v 0.0714577700000000 0.0497136100000000 -0.0072434300000000
vn 5.0157227748203672 -3.3082537052490535 1.8014728632997790
v 0.0739223800000000 0.0401486100000000 0.0097040100000000
vn 5.4242814006768203 -1.5939929487739319 -0.6161392363785361
v 0.0774334100000000 0.0418462000000000 0.0013464600000000
vn 5.4242832909017986 -1.5939922861513958 -0.6161401524534097
v 0.0653816400000000 0.0100188600000000 -0.0224138200000000
vn 5.0157244937187588 -3.3082521339268980 1.8014714383115489
v 0.0642113000000000 0.0094530000000000 -0.0196279700000000
vn -5.0366244456558773 1.8073679615794744 3.1738974972467373
v 0.0131677000000000 0.0302161700000000 -0.0120794600000000
vn -5.7138561818923428 1.6165078706439511 1.9591344888288158
v 0.0100893800000000 0.0300099900000000 -0.0186898900000000
vn -5.0366239377551594 1.8073703688183023 3.1738984540563551
v 0.0128908900000000 0.0201815600000000 -0.0068045500000000
vn -5.5494468214143904 1.4522059558155620 2.5634511841431831
v 0.0079504400000000 0.0081652600000000 -0.0105661500000000
vn 0.0017809798947075 1.6949177618709397 2.4762757886737958
v 0.0000239500000000 -0.0007123600000000 -0.0226964900000000
vn -0.2952280148974114 4.7689418796372163 -3.2317062873023512
v 0.0117441000000000 0.0314492400000000 -0.0520312200000000
vn 2.8844700898981275 2.9697321688581026 -0.8482395207307358
v 0.0165799000000000 0.0080812700000000 -0.0678925600000000
vn -4.1532271881414715 0.6331892512676676 4.1155348263504523
v 0.0095207700000000 0.0043101800000000 -0.0050900600000000
vn -2.9834424110509223 -0.2808667538316244 5.5149645579431423
v 0.0183027700000000 0.0015053100000000 -0.0008708800000000
vn -0.8368631022522972 -2.3988362857107162 4.8649104683737621
v 0.0169826800000000 -0.0116718400000000 -0.0018673000000000
vn -0.8368601308804267 -2.3988393382129916 4.8649180162825907
v 0.0056369400000000 -0.0193804500000000 -0.0076200400000000
vn -4.1532262371953586 0.6331890623576781 4.1155354062765532
v 0.0031496300000000 -0.0140531200000000 -0.0086942900000000
vn 3.2476423647634105 1.3484656519613698 -4.8462444914499478
v 0.0455762500000000 0.0116780100000000 -0.0528595400000000
vn 3.2476431932455654 1.3484661443549262 -4.8462465157724592
v 0.0338224500000000 0.0067169000000000 -0.0621166000000000
vn 3.7952270790964611 -0.5560823362158765 -4.9690133640126612
v 0.0263781200000000 -0.0074677200000000 -0.0670499900000000
vn 1.9228058697136670 -4.0221051482188832 4.4110653745667898
v 0.0333044200000000 -0.0084236600000000 -0.0041855200000000
vn 1.4434880035441515 -4.4812028955908776 4.1418226254676735
v 0.0305588300000000 -0.0196895400000000 -0.0145901600000000
vn 0.5029573741781294 4.3505366478314631 -3.3227816443127303
v 0.0311282400000000 0.0387684900000000 -0.0430012000000000
vn 3.2063796943741081 4.7302142282425077 2.5385256259318552
v 0.0047197900000000 -0.1777063500000000 0.0733455300000000
vn 6.2167781292633810 0.3177146963275227 0.8421669265471312
v 0.0222665500000000 -0.1954416700000000 0.0696700400000000
vn 2.2648214426858528 -3.9610227163670428 -3.5441204960007218
v 0.0135028800000000 -0.2145287100000000 0.0341100300000000
vn 3.5598040195001803 4.8569009826094085 1.7741735015489248
v 0.0080546300000000 -0.1784718500000000 0.0693200600000000
vn 0.0087010174927972 4.6154042157367305 1.9439680986667685
v -0.0004333200000000 -0.1726721900000000 0.0704738500000000
vn 5.4236222482248619 -1.4262742298358977 -1.2478475809134570
v 0.0244808400000000 -0.2171171300000000 0.0544592100000000
vn 5.1864932471003238 -1.2591155406481289 -1.7155974785436394
v 0.0245359800000000 -0.1995074300000000 0.0345712200000000
vn 4.5605968150276945 -3.2332112034576759 -2.8678102286698670
v 0.0217606200000000 -0.2087376800000000 0.0405639600000000
vn 6.2522349647668802 0.3180574102651796 0.4840998935619379
v 0.0227665200000000 -0.1968502300000000 0.0658199400000000
vn 5.0823661492823762 1.7186241416736676 2.0751305235704018
v 0.0222286200000000 -0.1800834300000000 0.0555649100000000
vn -0.0011562233902944 -2.5871474358733431 -5.7258260899679536
v 0.0065553900000000 -0.1957194100000000 0.0207669900000000
vn 2.0266594111769329 -2.9904858278867903 -4.0358060280814794
v 0.0135256500000000 -0.2072288000000000 0.0259659700000000
vn 4.4221316906234378 -1.8755426596145071 -4.0499628382844959
v 0.0218193400000000 -0.1876177900000000 0.0259399100000000
vn 6.2604944140627028 0.2095690631440760 0.4905896078687095
v 0.0239710300000000 -0.1900539000000000 0.0377423000000000
vn 3.8942190568962527 2.3609457751881009 1.9154631158111484
v 0.0222761900000000 -0.1616933200000000 0.0472555400000000
vn 2.9479058957779363 4.7329643434051683 2.5524206166170700
v 0.0053050700000000 -0.1513031500000000 0.0402834100000000
vn 3.1302937829929807 4.0029886135516763 3.6953701568700517
v 0.0053106900000000 -0.1494853700000000 0.0383095500000000
vn 2.9619627934844912 3.7357192645308150 4.0637563270631674
v 0.0053219500000000 -0.1458498200000000 0.0343618200000000
vn 2.5864559032855938 1.5047297427366810 5.1146384887887635
v 0.0321573500000000 -0.1500620500000000 0.0207434900000000
vn 2.3962585586076877 -0.4414815758265192 5.7914444841031489
v 0.0321778300000000 -0.1405851900000000 0.0214854200000000
vn 2.5864550835760149 1.5047291503309230 5.1146393429969397
v 0.0104951900000000 -0.1445345500000000 0.0300717800000000
vn 2.5596987271467722 0.7002287421778182 5.5773964889357188
v 0.0140778100000000 -0.1068793700000000 0.0315048500000000
vn 3.0549345359426345 2.4354697535192504 4.8415968990459444
v 0.0141386200000000 -0.0825355700000000 0.0232020600000000
vn 2.5978381516143227 3.0248838627108054 4.8551052623114197
v 0.0276570700000000 -0.0484418900000000 -0.0091396700000000
vn 2.4252602636881271 2.8487674479855518 5.0341266470672821
v 0.0253632000000000 -0.0412798600000000 -0.0125212300000000
vn 2.5978380221955848 3.0248857343417295 4.8551041822955021
v 0.0137802800000000 -0.0468814700000000 -0.0026867600000000
vn 0.0030441268097046 3.1069468650073078 4.8112775437575426
v -0.0000813700000000 -0.0397994800000000 0.0002005200000000
vn 0.0030454385339804 3.1069471295138067 4.8112793428649265
v -0.0000510800000000 -0.0287563400000000 -0.0069307600000000
vn 2.5631064085557815 2.8277037800208649 4.9887736705516463
v 0.0368660800000000 -0.0651511200000000 -0.0039843300000000
vn 0.0019526950666517 2.7124388274729712 5.0786693711986048
v -0.0001205600000000 -0.0543844000000000 0.0086067600000000
vn 2.5631036461935972 2.8277036478574922 4.9887749638110828
v 0.0153045700000000 -0.0535835800000000 0.0005367900000000
vn 2.7145522812891336 3.2659291628818199 3.9348141729040700
v 0.0133406300000000 -0.0713830000000000 0.0099594500000000
vn 2.7145546534965384 3.2659216585485318 3.9348248082955406
v 0.0436978500000000 -0.0834108800000000 -0.0010001600000000
vn 3.1297424531792459 4.0695763259346158 3.3176854910904723
v 0.0436938300000000 -0.0844173300000000 0.0012128800000000
vn 3.1297406420341352 4.0695765404517505 3.3176817490024963
v 0.0133245700000000 -0.0754087800000000 0.0188116100000000
vn 4.0652727756362612 2.9710626166879992 2.3678391388020699
v 0.0399779300000000 -0.0550519100000000 -0.0117231700000000
vn 4.0652701526025030 2.9710625854476436 2.3678425912382983
v 0.0461172700000000 -0.0661914000000000 -0.0082862700000000
vn 1.6744418880987608 -1.0255178193464052 4.6708758068915666
v 0.0087982500000000 -0.0241292600000000 -0.0138597200000000
vn 4.2456075829366755 -1.9394312969376379 3.2472936113402873
v 0.0353007900000000 -0.0268127500000000 -0.0239496900000000
vn 3.9429292724394043 2.8579209743787293 3.9080388028038731
v 0.0552415100000000 -0.0998920700000000 0.0030299400000000
vn 3.3164580299474697 0.0010688750286017 3.9995483635694016
v 0.0300553300000000 -0.1561139700000000 0.0268044500000000
vn -2.2767236337655534 -3.9509197825614297 -3.5477676546892427
v -0.0145426700000000 -0.2290662600000000 0.0503756600000000
vn 4.6631582516512635 -2.5004737733200990 -1.0295889955875150
v 0.0518372800000000 -0.0168610900000000 -0.0417133400000000
vn 5.2898522412375852 -0.4433866614300053 -3.2837149203591225
v 0.0560124600000000 0.0058503200000000 -0.0412657000000000
vn 2.7252229357234548 3.2679039621950756 -4.6087612421152411
v 0.0366992100000000 0.0328227200000000 -0.0439229400000000
vn 4.5956998850888802 -3.8228739189435692 1.8846113429710640
v 0.0562657700000000 -0.0067218400000000 -0.0284365400000000
vn 4.5957003749951673 -3.8228743621356962 1.8846078456184623
v 0.0516308000000000 -0.0079624100000000 -0.0196504100000000
vn 0.9064840837027784 0.9753267156272479 3.9769661604318065
v 0.0684771500000000 0.0734940300000000 0.0344569500000000
vn -3.6071723359530337 1.5147266322306074 4.9165362372973265
v 0.0291603300000000 0.1070883500000000 0.0023384800000000
vn 1.4967640149297543 -0.4323255025303611 -6.0869704901318658
v 0.0327540000000000 0.1023150100000000 -0.0236126700000000
vn -5.1780218697117970 -2.7100497350046719 2.3069758461872887
v 0.0220720900000000 0.1028852500000000 -0.0033465000000000
vn -2.5447247550179219 2.0843507050159342 5.3104689329183357
v -0.0386897100000000 -0.0703376100000000 -0.0019488700000000
vn -2.5447248724015155 2.0843564680719595 5.3104679506101125
v -0.0094006500000000 -0.0670693500000000 0.0108033600000000
vn -3.9364487766861020 2.8754437286578423 3.9017128381411705
v -0.0550358700000000 -0.0943030700000000 -0.0003509800000000
vn -2.9310589878039339 -0.6294932965716602 5.4863684178634307
v -0.0471577600000000 -0.1433928700000000 0.0152114000000000
vn -3.3228372559758377 0.0158388503736742 3.9942133790810601
v -0.0385184900000000 -0.1539713000000000 0.0203080800000000
vn -4.4863150063714619 -3.9896157894080844 0.8812983257359001
v -0.0253968300000000 -0.1773631300000000 0.0118750500000000
vn -4.6725715802516206 -2.4797127364441662 -1.0370830115164269
v -0.0543239300000000 -0.0129639900000000 -0.0393274900000000
vn -5.2864909191854395 -0.4198626832492097 -3.2922090509211062
v -0.0566619600000000 0.0034925300000000 -0.0398075100000000
vn -4.6725736473474866 -2.4797113753290705 -1.0370820173533175
v -0.0468424000000000 -0.0239636400000000 -0.0467348200000000
vn -2.7032541753671158 3.2799768450058560 -4.6131209650684450
v -0.0406645400000000 0.0285447500000000 -0.0446797300000000
vn -3.4330720101964753 2.7098813034475699 -4.5109840942026356
v -0.0414037000000000 0.1083471000000000 -0.0184761400000000
vn 3.6059764299203438 1.4986764298571811 4.9223287730131435
v -0.0265424200000000 0.1088947200000000 0.0002205300000000
vn 5.1622013870320593 -2.7330494309841598 2.3152829744574639
v -0.0215942200000000 0.1029823700000000 -0.0033815700000000
vn -0.0120218388550298 -6.0337215477836645 -1.7431057341087228
v 0.0030925000000000 -0.1852090000000000 0.0036332000000000
vn 3.8656785240572296 1.4157640018604543 2.6514242417780673
v -0.3057406900000000 -0.0505802200000000 0.0623936900000000
vn 3.7561421953462899 -1.4685195116646947 4.7982569652716975
v -0.3081635200000000 -0.0530983200000000 0.0631949700000000
vn -4.8966148032030361 -1.1685630031369914 -3.5892792823330124
v -0.3102473000000000 -0.0532874700000000 0.0634231400000000
vn -4.8966116042025964 -1.1685552170606457 -3.5892855327222311
v -0.2884239200000000 -0.0668915500000000 0.0380800600000000
vn -0.3665051216170510 1.2098461649247234 -1.3763984595845766
v -0.2896868100000000 -0.0634253700000000 0.0376760700000000
vn 3.4825032706122205 -1.8078542349742348 4.9073670781395613
v -0.3047782500000000 -0.0664918700000000 0.0651148900000000
vn -4.3091780193214779 -4.4447605803833845 -1.0740138663716894
v -0.3096134800000000 -0.0687728800000000 0.0616631900000000
vn -4.9077447192798589 -3.9152814982189934 -0.2364545624735256
v -0.2924015600000000 -0.0558007200000000 0.0409310000000000
vn -4.8941528623655639 -3.9371705778964698 -0.1561191998405030
v -0.2926492000000000 -0.0554181100000000 0.0390450400000000
vn -4.6719670425757567 -2.7126994251084682 -2.1675060414029508
v -0.2931444700000000 -0.0546528800000000 0.0352731300000000
vn 4.2955677521880569 2.1805118945964779 3.9700980719579224
v -0.2896454800000000 -0.0532943000000000 0.0409670100000000
vn 3.3749340605005909 1.6915608300036329 4.9539152639787556
v -0.2889169400000000 0.0037106300000000 0.0181364600000000
vn 2.6314053897576759 1.6819253934925831 5.4514699138808513
v -0.2529544100000000 -0.0255970400000000 0.0091181100000000
vn 2.6314037268980606 1.6819254644954018 5.4514707608738906
v -0.2667261400000000 -0.0576405800000000 0.0256519800000000
vn -3.1702097188921439 -1.3888548592100429 -5.2010954300084942
v -0.2485326600000000 -0.0395510400000000 0.0032272600000000
vn -2.5386691223840394 -1.4621470556970022 -5.5580038473257662
v -0.2816807000000000 -0.0055531800000000 0.0096681100000000
vn -2.5386691101806336 -1.4621466814056074 -5.5580039005852626
v -0.2598066700000000 -0.0606267100000000 0.0141651700000000
vn 3.1488923983631696 1.6494785853756384 5.1362079010305433
v -0.2472777500000000 -0.0392569800000000 0.0107580500000000
vn -2.0768445331977707 -2.4065296948490880 -5.3879511236615274
v -0.1860176500000000 -0.0908025000000000 -0.0139299200000000
vn -2.5817085740427164 -2.5299536776618212 -5.1392670832173248
v -0.1963862600000000 -0.1026976500000000 -0.0027964200000000
vn -2.0768466617635100 -2.4065293799849967 -5.3879507206581723
v -0.2002693500000000 -0.0573227700000000 -0.0233901800000000
vn -3.1650615003522908 -1.9225953084724881 -5.0017364951501690
v -0.2300765500000000 -0.0666035300000000 -0.0037657700000000
vn -2.5817055448181692 -2.5299529799622671 -5.1392689218610101
v -0.2313751900000000 -0.0930082000000000 0.0100103300000000
vn 0.6876153463281742 2.4986480207064519 5.4731912090852761
v -0.1939257800000000 -0.0665454800000000 -0.0097961900000000
vn 0.8118502045387819 1.6515602850193967 5.7814701711434937
v -0.1714571400000000 -0.0783145800000000 -0.0030590900000000
vn 0.6876153747014857 2.4986486243164654 5.4731911561677888
v -0.1825208800000000 -0.0876853200000000 -0.0015781600000000
vn -0.8113493378205128 -1.2271165921050597 -6.0034135887965414
v -0.1643257900000000 -0.0460701500000000 -0.0249240000000000
vn -0.6325165271608608 -1.7280581413382543 -5.9041423998712492
v -0.1956064900000000 -0.0592000600000000 -0.0239342700000000
vn -0.6325171612612057 -1.7280597178747750 -5.9041426956868808
v -0.1720290500000000 -0.0964343600000000 -0.0155621800000000
vn -0.8113487702414921 -1.2271153510942323 -6.0034130170252036
v -0.1616021500000000 -0.0920577200000000 -0.0158920900000000
vn 1.5076814266075549 1.5292051065800476 5.8859009265550464
v -0.1523483700000000 -0.0877444400000000 -0.0082631000000000
vn 2.1893778136387070 1.4197349072375562 5.7103313877007897
v -0.1590216200000000 -0.0896321400000000 -0.0055491300000000
vn -1.2156712301746255 -1.1370116197013775 -6.0005674934450370
v -0.1323866500000000 -0.0403953600000000 -0.0370772600000000
vn -1.9700584056506729 -1.2851206221497344 -5.8260703778582270
v -0.1526566900000000 -0.0463347800000000 -0.0287159400000000
vn -1.9700571744757032 -1.2851189844051791 -5.8260711614329121
v -0.1265948400000000 -0.0928516000000000 -0.0272679100000000
vn -1.2156678756945893 -1.1370110104027193 -6.0005676706111739
v -0.1198381700000000 -0.0908718000000000 -0.0300550100000000
vn 0.6300113305694384 1.5304715080249276 6.0447394429420171
v -0.1316450100000000 -0.0398294600000000 -0.0251029700000000
vn 0.7539456898652945 1.4061689728307911 6.0518092269335799
v -0.1108907800000000 -0.0382440300000000 -0.0261585900000000
vn 0.7539477012250566 1.4061688301091024 6.0518082879289112
v -0.1107006300000000 -0.0803027200000000 -0.0164097200000000
vn 0.6300105696403531 1.5304730767223915 6.0447390286142308
v -0.1158348600000000 -0.0927158400000000 -0.0133604300000000
vn -0.6911717467840504 -0.9008895171459120 -6.1434763475407612
v -0.1067190200000000 -0.0401475000000000 -0.0375257300000000
vn -0.2271485045819446 -0.8871585860583788 -6.2125914095056345
v -0.1274724600000000 -0.0416483000000000 -0.0372145300000000
vn -0.2271454333440578 -0.8871570037344085 -6.2125918385141095
v -0.1050955900000000 -0.0946306000000000 -0.0304668100000000
vn -0.6911686558514458 -0.9008876356793724 -6.1434770324755021
v -0.0992454300000000 -0.0873824800000000 -0.0314399400000000
vn 1.5970968987989536 1.4302197681154125 5.8981208080889491
v -0.1063100100000000 -0.0396881400000000 -0.0268211600000000
vn 0.6074769712567871 1.6056651152128114 5.9042922858560010
v -0.0863264700000000 -0.0485557100000000 -0.0310794800000000
vn 0.6074787114620612 1.6056654483007748 5.9042924929477163
v -0.0897770500000000 -0.0879688300000000 -0.0200061000000000
vn 1.5970970157609878 1.4302213276613525 5.8981204548267216
v -0.0969311700000000 -0.0906434200000000 -0.0170047500000000
vn -1.4781397926783670 -1.0387812526095239 -6.0161200499180341
v -0.1015477800000000 -0.0385726300000000 -0.0389345800000000
vn -1.4781391332371738 -1.0387815759294161 -6.0161200851815977
v -0.0826640500000000 -0.0894057300000000 -0.0347970800000000
vn -3.0398882588898672 -1.1338814602090075 -5.1146286807676571
v -0.0766982500000000 -0.0867699800000000 -0.0368813500000000
vn 1.0740582767212812 1.8966533168059803 5.6124143715280326
v -0.0812374900000000 -0.0461185800000000 -0.0312162800000000
vn -0.8517933104071512 2.4237848488440865 4.2837723312257978
v -0.0681775900000000 -0.0906048400000000 -0.0208278700000000
vn -3.0678951270453796 -0.7418247464049281 -5.1521249597399583
v -0.0783072000000000 -0.0455428600000000 -0.0466636800000000
vn 2.2848902858681193 -0.3239567963277548 -3.3740132498174678
v -0.0592086000000000 -0.0868400300000000 -0.0498711500000000
vn 6.2656822861312698 0.4648728018964060 0.0594673983010864
v -0.0563335000000000 -0.0540641700000000 -0.0370416300000000
vn 0.8699335703721596 1.6317349932429117 1.7003183375677169
v -0.0561560600000000 -0.0570136500000000 -0.0326802000000000
vn 6.2502007200454521 0.0584806292631176 -0.3187018812087401
v -0.0563296500000000 -0.0536499900000000 -0.0406844900000000
vn 4.5411435283986883 2.6197196756795575 3.4631635652356598
v -0.2903167100000000 -0.0545952400000000 0.0428312800000000
vn -0.1901008216675017 -0.6368334330286349 1.5731689156483062
v -0.2916591900000000 -0.0571971200000000 0.0465598200000000
vn -4.3882341636924060 -4.1545044430691123 1.7209540588872543
v -0.0412717000000000 -0.0284709500000000 -0.0433415500000000
vn -1.8257637816766890 -5.2150650721936769 2.9913375787644902
v -0.2757211400000000 -0.0886528100000000 0.0367097100000000
vn -2.3435908676675528 -3.7909364608197573 -1.0385277077756219
v -0.2780539800000000 -0.0896333500000000 0.0335764300000000
vn -2.8515272548773574 -2.4386554517268029 -5.0392519584988023
v -0.2768771900000000 -0.0860131900000000 0.0312215400000000
vn -2.8515285385918574 -2.4386541734060452 -5.0392518043178613
v -0.2582055000000000 -0.0874467200000000 0.0213496500000000
vn -2.6627019861391497 -1.9766505875137259 -5.2991270106513024
v -0.2560303000000000 -0.0845460100000000 0.0186624100000000
vn 1.4333152294360485 0.1622880979839841 6.1153648812264265
v -0.2295787500000000 -0.1030885900000000 0.0278204200000000
vn 0.0077431522684316 -2.6096819018034392 4.5159435965975030
v -0.2314214300000000 -0.1071718800000000 0.0283606600000000
vn 1.4030317096487652 0.1008390791215096 6.1233155566802067
v -0.2286574000000000 -0.1010469500000000 0.0275502900000000
vn -1.4371931595514504 -5.3943960337289827 2.8832940983829269
v -0.2333389300000000 -0.1090888700000000 0.0238632900000000
vn -2.0024262618338424 -3.9985528827274845 -1.1133239847313501
v -0.2305718300000000 -0.1123180700000000 0.0192010100000000
vn -1.4275091922068934 -5.3880202347416812 2.8999073560492326
v -0.2324219900000000 -0.1084416700000000 0.0255312000000000
vn -2.5739049141029744 -2.5568249009278294 -5.1296728543297778
v -0.2349055600000000 -0.1038686600000000 0.0170749900000000
vn -2.5739054279615536 -2.5568270145582259 -5.1296715399639377
v -0.1975630500000000 -0.1063178000000000 -0.0004415300000000
vn 2.1943611305060555 4.2612045079149814 4.0626755931283700
v -0.2274729500000000 -0.0943411400000000 0.0238689200000000
vn 1.7835531639654032 2.1502928484569233 5.0969727374486080
v -0.2279826200000000 -0.0974223000000000 0.0273759300000000
vn 2.1913008981462960 4.2486403615712307 4.0774119868443783
v -0.2272181100000000 -0.0928005600000000 0.0221154100000000
vn 0.5137579416124194 -3.0983045323869041 4.5549422240750888
v -0.1569579900000000 -0.1313040600000000 0.0075800700000000
vn -2.1545533995612463 -2.6868540720686389 -5.2367280066667377
v -0.1791590600000000 -0.1140569800000000 -0.0057473300000000
vn -1.7768400803373450 -2.7378470526095642 -5.3687123119355320
v -0.1750307100000000 -0.1289635000000000 0.0006135300000000
vn -1.6444749516079717 -2.2006311989236882 -5.6149479320613143
v -0.1602403300000000 -0.1150515100000000 -0.0113761400000000
vn 3.0984706883133444 3.9786707638307539 3.7480757500354533
v -0.1696531200000000 -0.1073513200000000 0.0051735400000000
vn -0.3591603176976290 -2.7893041235611262 4.4504088990668018
v -0.1431106700000000 -0.1346797700000000 0.0065818600000000
vn 0.4356841316189912 -0.0297096776467672 6.2678753912793823
v -0.1410534800000000 -0.1277473800000000 0.0064284400000000
vn -1.0416114710895341 -5.5005742491500076 2.8525683299840146
v -0.1453621900000000 -0.1384261400000000 -0.0019191600000000
vn -1.4623299579952029 -4.0375040721146904 -1.2804127926070861
v -0.1461126500000000 -0.1394311100000000 -0.0041310600000000
vn -1.8680466105163680 -1.9837143438039635 -5.6101905097629983
v -0.1514885000000000 -0.1152499800000000 -0.0142200900000000
vn -1.8455276881725031 -2.6398277837264099 -5.3942285959089684
v -0.1251629000000000 -0.1209135000000000 -0.0202248000000000
vn -1.8680488429008979 -1.9837142881687420 -5.6101896631223234
v -0.1252330200000000 -0.1158453900000000 -0.0227519500000000
vn 0.5423013531219822 2.1615535037327658 5.3587702450673502
v -0.1417686100000000 -0.1214054100000000 0.0065406700000000
vn 0.6785541143680991 4.4187972285833137 4.4147351528323000
v -0.1453320200000000 -0.1146633500000000 0.0004257800000000
vn 0.6785534916118541 4.4187970028414805 4.4147354209786540
v -0.1221815600000000 -0.1208878100000000 0.0030977000000000
vn 0.0665016260154420 -5.7803826292765148 2.4619362272729157
v -0.0997306800000000 -0.1467303100000000 -0.0068197800000000
vn -0.3922207012900253 -4.2536873133945488 -1.5641898432944732
v -0.1008565300000000 -0.1491155200000000 -0.0123760000000000
vn -1.1651739483796473 -1.7887505300054871 -5.7548057921395710
v -0.1135639200000000 -0.1161100200000000 -0.0265438900000000
vn -0.8917374945724339 -3.9435046738623090 -1.3731060933172425
v -0.1156488400000000 -0.1484668700000000 -0.0104307900000000
vn -0.8539429955179570 -2.7298586175235373 -5.5943782357216918
v -0.0993425700000000 -0.1279580300000000 -0.0229274100000000
vn -0.7772439784532442 -2.7287782850493727 -5.6055201529638170
v -0.0924626400000000 -0.1424089700000000 -0.0169305900000000
vn -1.1094960649423120 -2.5148145197148675 -5.6310554569470668
v -0.0872914000000000 -0.1408341000000000 -0.0183394300000000
vn -1.1094995107928767 -2.5148146834652430 -5.6310549065356463
v -0.0779119200000000 -0.1234928900000000 -0.0279320300000000
vn -2.8141231775892575 1.3732060376140485 5.1934151525709975
v -0.0706067000000000 -0.1248942400000000 0.0026961200000000
vn -2.0987805812813054 -2.9968172466838237 4.4041115322183435
v -0.0703273800000000 -0.1496293500000000 0.0018970300000000
vn -3.1976540686169406 -0.5290672427284393 5.3651833930187198
v -0.0537768500000000 -0.1422310000000000 0.0110171300000000
vn -2.1889131278515488 -5.1052348802776724 2.9360601660577359
v -0.0608606400000000 -0.1576689800000000 -0.0050246000000000
vn -1.9996775482516516 -5.0074546455526523 -0.3070181609187568
v -0.0544337300000000 -0.1656913500000000 -0.0142539600000000
vn -3.6123098702826697 -1.7232995693257915 -4.0083708679794414
v -0.0726635000000000 -0.1306082600000000 -0.0264450200000000
vn -3.6123071381076777 -1.7233009594472448 -4.0083708554842694
v -0.0720562400000000 -0.1477669200000000 -0.0196153300000000
vn -3.7389125076301735 -3.0236515441721528 -2.9396781018376967
v -0.0687709800000000 -0.1527249100000000 -0.0251241000000000
vn -3.6358495692244395 -2.0936504057163337 -3.5220173290534462
v -0.0639433000000000 -0.1426856300000000 -0.0415903800000000
vn -3.8465251411528594 -0.5368233716660397 -4.7904291943844033
v -0.0630054700000000 -0.1337659000000000 -0.0433429800000000
vn -1.3512100403653657 -5.0064944841257129 -2.4904671890490393
v -0.0273608500000000 -0.1752706200000000 -0.0271405000000000
vn -2.8325161983814735 -5.2374326993659936 -1.6920237170974439
v -0.0433570400000000 -0.1698218900000000 -0.0172280100000000
vn -2.7981442433823944 -5.5472356241759853 0.0404538162546162
v -0.0401187100000000 -0.1722967600000000 -0.0095381000000000
vn -2.7981439295432402 -5.5472357459691306 0.0404569259240120
v -0.0229779000000000 -0.1808789800000000 -0.0007666000000000
vn -3.2632789660473445 -4.3846144387318162 2.7979462762769556
v -0.0474365700000000 -0.1641625000000000 -0.0064404500000000
vn -3.7591147913731433 -4.5194827647110092 1.7546256793606925
v -0.0428660400000000 -0.1703450200000000 -0.0074741200000000
vn -3.7591130019131156 -4.5194827029688032 1.7546249805787686
v -0.0341314300000000 -0.1738540800000000 0.0022004700000000
vn -1.5953955933778905 -3.0431918798655588 -4.4287162774825903
v -0.0359473200000000 -0.1495596500000000 -0.0554261600000000
vn -1.3834795792847641 -4.6095483045692323 -3.7699954726001592
v -0.0327273900000000 -0.1592012600000000 -0.0448190400000000
vn -2.9859910671598104 -4.6579786438422133 -2.9443388236971675
v -0.0547976800000000 -0.1508318700000000 -0.0379779100000000
vn -2.9859945640555337 -4.6579782164740413 -2.9443350729316178
v -0.0387928600000000 -0.1650878100000000 -0.0316560900000000
vn -1.3834795896612417 -4.6095486573757185 -3.7699927676877318
v -0.0295074700000000 -0.1688428800000000 -0.0342119200000000
vn -1.9136441780892564 -1.2630884377104918 -5.2002270924468004
v -0.0338634400000000 -0.1168044900000000 -0.0691441900000000
vn -4.0073820755690504 -0.9268858958186590 -4.6938199465313692
v -0.0503187800000000 -0.1106808800000000 -0.0563045600000000
vn -3.5061001029728778 -1.1962171396637797 -4.9963022164050894
v -0.0420084800000000 -0.1389214100000000 -0.0537198200000000
vn -2.0491471936731931 -2.0215074992541950 -5.1381242412378718
v -0.0351658600000000 -0.1372764600000000 -0.0605704300000000
vn -5.3010875995849531 -1.8223543829903197 1.2050061421991121
v -0.0383623000000000 -0.0328863600000000 -0.0466082200000000
vn -1.7394496895900429 0.2492540847255317 -5.7498547787504677
v -0.0222884200000000 -0.0443754600000000 -0.0660977600000000
vn -3.7499849724173142 0.0633193625065785 -5.0242135122329863
v -0.0332548500000000 -0.0452625700000000 -0.0588293800000000
vn -3.7499847860899633 0.0633207305776023 -5.0242137943924270
v -0.0271488200000000 -0.0555618400000000 -0.0635166100000000
vn -1.7394495989173198 0.2492558396869945 -5.7498522148961788
v -0.0228149000000000 -0.0564105000000000 -0.0664602100000000
vn -5.8686807617190277 1.8543424995055950 0.1567287371466272
v -0.0380892700000000 -0.0516651200000000 -0.0230786300000000
vn -5.5096762997006810 3.0156066702561506 -0.1672881214919050
v -0.0415194500000000 -0.0579692200000000 -0.0236313500000000
vn -5.5096757191979018 3.0156078128558592 -0.1672865735352225
v -0.0506516000000000 -0.0758132000000000 -0.0445251000000000
vn -4.4109351542654363 2.6200587514622913 -2.5090910532418573
v -0.0513724000000000 -0.0776200000000000 -0.0534695400000000
vn -3.7564740147078499 0.9630069358458982 -4.8019567624901196
v -0.0275790700000000 -0.0614979500000000 -0.0629339200000000
vn -3.4040472405923463 2.1679862208771077 -4.8142474619071027
v -0.0372256200000000 -0.0700295300000000 -0.0596365800000000
vn -3.4040498442736835 2.1679862498444011 -4.8142456559452560
v -0.0333693600000000 -0.0813513600000000 -0.0674617900000000
vn -6.0565083635498072 1.6513311021410026 0.1504059149043277
v -0.0575140900000000 -0.0981404600000000 -0.0381123500000000
vn -6.0565072926439916 1.6513355221013679 0.1504048563186654
v -0.0514888400000000 -0.0781913900000000 -0.0145133900000000
vn 0.1089555236065289 0.7310825583882032 -0.3454043656676725
v -0.0556853000000000 -0.0921366700000000 -0.0157052700000000
vn -3.8983705714874239 -0.2186339209291600 -4.9226364487433436
v -0.0495677900000000 -0.0921442000000000 -0.0578027400000000
vn -5.0067075231381493 0.6273491980325010 -2.3060661438774264
v -0.0561499300000000 -0.0896947600000000 -0.0526668900000000
vn -4.2400219535607455 4.6222748281920696 0.3677048412462471
v 0.3060575900000000 -0.0509857800000000 0.0581712900000000
vn -3.8635958064032305 1.4329517995616046 2.6452161899955327
v 0.3054266800000000 -0.0519394600000000 0.0628845300000000
vn -4.0535132913985610 -1.1471903601028965 4.6616951721796083
v 0.3066709400000000 -0.0596466200000000 0.0614014300000000
vn 0.3762546545054604 -0.6609953287249571 0.3090923543262591
v 0.3098866300000000 -0.0599930300000000 0.0641123500000000
vn 4.8971259030878720 -1.1903409592938363 -3.5814152249223090
v 0.3071891800000000 -0.0563550900000000 0.0607489400000000
vn 0.3740955507866009 1.2081937061763857 -1.3757998447899686
v 0.2844753900000000 -0.0687987700000000 0.0332262600000000
vn 4.8971250575605509 -1.1903413751680223 -3.5814147184400253
v 0.2853462400000000 -0.0698620600000000 0.0353707900000000
vn 4.2910853627009589 -4.4638866500737837 -1.0671082370821299
v 0.3092196800000000 -0.0701491700000000 0.0621601800000000
vn 3.9271835668276838 -1.3026970821885031 -2.9484790712996078
v 0.3095554700000000 -0.0694836600000000 0.0607265300000000
vn 3.6913407818733361 1.4866816454893212 -4.8463680936198230
v 0.3071451500000000 -0.0669548100000000 0.0599213700000000
vn -3.3141666134783385 5.3007774567098922 0.6296630979221416
v 0.2984927500000000 -0.0658362000000000 0.0588231700000000
vn 4.8768359099501088 -3.9589021137198728 -0.1482672104965856
v 0.2923513300000000 -0.0567191500000000 0.0395148700000000
vn 4.6633288773018631 -2.7334619187571594 -2.1600040714874345
v 0.2928560600000000 -0.0559561500000000 0.0357437600000000
vn 4.8906543913125926 -3.9370730704908197 -0.2285888624985760
v 0.2920989600000000 -0.0571006500000000 0.0414004300000000
vn -4.2921934275519273 2.1996048921059579 3.9632105631400467
v 0.2893540000000000 -0.0545820000000000 0.0414320100000000
vn -3.3753344799384317 1.7065741145871394 4.9484918374420808
v 0.2769091800000000 -0.0527625300000000 0.0294435400000000
vn -3.3753330313459817 1.7065753201655443 4.9484917345315891
v 0.2863880100000000 -0.0091930100000000 0.0208832700000000
vn -2.6326491789332289 1.6936332641975378 5.4472429537866809
v 0.2543490800000000 -0.0302890800000000 0.0113638600000000
vn -2.6326505312469570 1.6936331802597469 5.4472423853019185
v 0.2664401800000000 -0.0588263400000000 0.0260801700000000
vn 2.5410650775228785 -1.4734451247981435 -5.5539237675859621
v 0.2816519300000000 -0.0068060300000000 0.0101205300000000
vn 3.1723510086333016 -1.4029598253662612 -5.1960022213656876
v 0.2483396800000000 -0.0290815200000000 0.0004866100000000
vn 3.1723518320302215 -1.4029608710035970 -5.1960016171390118
v 0.2484250400000000 -0.0707501600000000 0.0117895800000000
vn 2.5410633456953557 -1.4734437588644258 -5.5539248948661868
v 0.2595259600000000 -0.0617817100000000 0.0145822600000000
vn -3.1497679857830962 1.6634868143542201 5.1311501522057128
v 0.2470977100000000 -0.0403564700000000 0.0111551000000000
vn -3.1497704492361875 1.6634858667426653 5.1311494248548382
v 0.2458918800000000 -0.0646924900000000 0.0183044800000000
vn 2.0747729432833442 -2.4157616873270000 -5.3846166260356050
v 0.2000643300000000 -0.0582131200000000 -0.0230686600000000
vn 3.1645083265636229 -1.9366726864960937 -4.9966529794165186
v 0.2149954400000000 -0.0504609600000000 -0.0194247000000000
vn 2.0747691124535517 -2.4157625784656314 -5.3846167406794567
v 0.1838467100000000 -0.0958060900000000 -0.0124517800000000
vn 2.5786791496193731 -2.5414262051714931 -5.1351258470056411
v 0.1959463700000000 -0.1035702000000000 -0.0024813300000000
vn 2.5786805203623278 -2.5414289812987696 -5.1351237763961697
v 0.2265810600000000 -0.0952281500000000 0.0087737700000000
vn 3.1645100570803875 -1.9366715850923599 -4.9966524793240907
v 0.2381652700000000 -0.0773284400000000 0.0056630200000000
vn -0.8137795818434516 1.6551771050729140 5.7801656760462805
v 0.1679497900000000 -0.0493678500000000 -0.0117383900000000
vn -0.6852862502849546 2.5017017337942566 5.4720879695465774
v 0.1967976100000000 -0.0616559600000000 -0.0117211700000000
vn -0.6852844979063114 2.5017009321736694 5.4720882895735459
v 0.1852856000000000 -0.0827448300000000 -0.0035215500000000
vn 0.6343060373069801 -1.7308752840711616 -5.9031257541682072
v 0.1953940400000000 -0.0600696400000000 -0.0236202500000000
vn 0.6343069038135017 -1.7308770708635133 -5.9031251953409782
v 0.1716378000000000 -0.0971986700000000 -0.0152861800000000
vn -1.5103164437958991 1.5359149520450199 5.8834777102925395
v 0.1419917400000000 -0.0348112100000000 -0.0245790300000000
vn -2.1922094733250135 1.4294796798270182 5.7068125751234717
v 0.1580898700000000 -0.0958159700000000 -0.0041351400000000
vn -1.5103155743808649 1.5359150176986367 5.8834778695945555
v 0.1519842600000000 -0.0884212700000000 -0.0080186900000000
vn 1.9736751658251699 -1.2938914324942115 -5.8229041111230666
v 0.1525096300000000 -0.0470134700000000 -0.0284708500000000
vn 1.2202343665550797 -1.1424285623946939 -5.9986112889767611
v 0.1322796600000000 -0.0409839800000000 -0.0368647000000000
vn 1.2202339591299547 -1.1424294355192981 -5.9986108057124863
v 0.1194955200000000 -0.0914040800000000 -0.0298628000000000
vn 1.9736759876911276 -1.2938892466791267 -5.8229043159354124
v 0.1295226900000000 -0.0876138500000000 -0.0272406000000000
vn -0.7574064345409478 1.4095295034002697 6.0505942036452964
v 0.1107760600000000 -0.0387370200000000 -0.0259805600000000
vn -0.6329072912510081 1.5332824900277615 6.0437248743809473
v 0.1315213100000000 -0.0404147500000000 -0.0248916100000000
vn -0.6329063189397079 1.5332819531936053 6.0437245245940741
v 0.1172421400000000 -0.0873618500000000 -0.0144765600000000
vn -0.7574043924348447 1.4095305132263061 6.0505946325358053
v 0.1103270600000000 -0.0868026100000000 -0.0148395400000000
vn 0.2331748755947382 -0.8881798923185332 -6.2122224748676222
v 0.1273601700000000 -0.0422150500000000 -0.0370098600000000
vn 0.6970219699200673 -0.9039747889571910 -6.1423630299846188
v 0.1066141400000000 -0.0406219600000000 -0.0373544000000000
vn 0.6970240544468961 -0.9039765240601088 -6.1423622079729734
v 0.0967226500000000 -0.1013092700000000 -0.0295454700000000
vn 0.2331758143781831 -0.8881810834330427 -6.2122222577548616
v 0.1047370500000000 -0.0950972700000000 -0.0302982800000000
vn -0.6098129390406182 1.6083738835714818 5.9033146080783148
v 0.0861740600000000 -0.0489393500000000 -0.0309409400000000
vn -1.6001945905054979 1.4373310950437608 5.8955522285575590
v 0.1061899900000000 -0.0401607400000000 -0.0266505000000000
vn -1.6001957393635560 1.4373313304151003 5.8955517125597687
v 0.0965688300000000 -0.0910737700000000 -0.0168493500000000
vn 1.4831626296527483 -1.0453667838810377 -6.0137425450866280
v 0.1014522200000000 -0.0390241100000000 -0.0387715400000000
vn 3.0430231435830635 -1.1474101385274693 -5.1097447257783051
v 0.0814357700000000 -0.0478592600000000 -0.0425646600000000
vn 3.0430273862312172 -1.1474107990100888 -5.1097425535191974
v 0.0756638000000000 -0.0927177400000000 -0.0359289400000000
vn 1.4831656414253271 -1.0453674599879346 -6.0137415809835408
v 0.0823359500000000 -0.0897726900000000 -0.0346645600000000
vn -1.0746279621235963 1.9014336930943283 5.6106883637321214
v 0.0810962000000000 -0.0464796100000000 -0.0310859100000000
vn -1.0746218820088129 1.9014328547559456 5.6106881006078728
v 0.0746632700000000 -0.0866207600000000 -0.0187143900000000
vn 3.0728344362559903 -0.7554826448230482 -5.1471924370281679
v 0.0766612100000000 -0.0510061400000000 -0.0467018600000000
vn -2.2808879509679794 -0.3138023055892977 -3.3776828856651306
v 0.0579356100000000 -0.0649148000000000 -0.0511753400000000
vn 3.0728342426796900 -0.7554807348482251 -5.1471929898637763
v 0.0674685600000000 -0.0816974800000000 -0.0476850700000000
vn -0.8653980584763933 1.6355911360039073 1.6989239167982277
v 0.0561645800000000 -0.0545214600000000 -0.0351298600000000
vn -4.5350038134216764 2.6399027382015525 3.4558749325302314
v 0.2900164500000000 -0.0558859100000000 0.0432973500000000
vn 0.1847341946027674 -0.6376661837946873 1.5734706655206825
v 0.2913413400000000 -0.0584937200000000 0.0470280400000000
vn 4.3669429161849624 -4.1739751672757315 1.7279844828310571
v 0.0450734900000000 -0.0156867900000000 -0.0216679500000000
vn 4.3669429272626514 -4.1739747507964502 1.7279854361488527
v 0.0420698500000000 -0.0258177600000000 -0.0385486900000000
vn -1.9135982866059549 0.0597010828913944 5.9843959580356438
v 0.2702036600000000 -0.0855934400000000 0.0393953200000000
vn 1.7977393565251027 -5.2231246198253558 2.9942478214098580
v 0.2752793800000000 -0.0898782400000000 0.0371522300000000
vn 2.8487421373959245 -2.4513338442342705 -5.0346735690257223
v 0.2717904700000000 -0.0875814300000000 0.0291904700000000
vn 2.6623920400461429 -1.9884924851827712 -5.2948499831813471
v 0.2699821000000000 -0.0785127700000000 0.0235937700000000
vn 2.7780118035401125 -2.1654190376695710 -5.1816471606268451
v 0.2484629700000000 -0.0892695500000000 0.0168131200000000
vn 2.8487432485207562 -2.4513343103032206 -5.0346727069887516
v 0.2577939700000000 -0.0885943000000000 0.0217640600000000
vn -3.3521804314946642 2.5372233254608858 4.3082259843216022
v 0.2724857300000000 -0.0730949800000000 0.0334383300000000
vn -1.4423939349136843 0.1686774187347232 6.1130569496165172
v 0.2337156700000000 -0.1023500900000000 0.0292322700000000
vn -1.4123983507552653 0.1070977530826923 6.1210557743897382
v 0.2281757500000000 -0.1020629500000000 0.0279171900000000
vn -0.0266063676113074 -2.6096015727770228 4.5159191103473590
v 0.2309112000000000 -0.1082001100000000 0.0287319700000000
vn 1.4085515094481365 -5.4007250763934289 2.8855794736575517
v 0.2328273800000000 -0.1101256300000000 0.0242376800000000
vn 1.3988674663710527 -5.3943051679366754 2.9021799624961528
v 0.2319106500000000 -0.1094743500000000 0.0259041200000000
vn 1.9864047537325948 -4.0074254234241131 -1.1101140909035541
v 0.2392682800000000 -0.1095138700000000 0.0222386400000000
vn 2.5707429495782668 -2.5682657616916678 -5.1255414069805143
v 0.2344281200000000 -0.1049124600000000 0.0174519200000000
vn 2.5707417953794511 -2.5682656954438778 -5.1255420216111034
v 0.1971032700000000 -0.1071955400000000 -0.0001245700000000
vn -2.1819097943097971 4.2709397791893924 4.0591576289101807
v 0.2270270500000000 -0.0953519500000000 0.0242339400000000
vn -2.1789293613171403 4.2583601092467251 4.0739009436786366
v 0.2267818900000000 -0.0938102600000000 0.0224800300000000
vn -1.7821569198547058 2.1582303592336927 5.0941082644976525
v 0.2275173800000000 -0.0984353300000000 0.0277417500000000
vn -2.5129778318212064 -0.1778081772930859 5.7560180907278262
v 0.1604661100000000 -0.1276988300000000 0.0097508700000000
vn 2.1509912532169539 -2.6964282301750844 -5.2332699615894835
v 0.1789645000000000 -0.1229974700000000 -0.0011438600000000
vn 1.7732635797592551 -2.7457449360114841 -5.3658606077353355
v 0.1744687600000000 -0.1297407900000000 0.0008942200000000
vn -3.0867590190665379 3.9924244264915409 3.7431109317168221
v 0.1657348600000000 -0.1113082700000000 0.0060213500000000
vn -0.4458794327386342 -0.0277489895292344 6.2671673258478986
v 0.1445547100000000 -0.1263403200000000 0.0069528800000000
vn 1.0125521288662764 -5.5051418925372158 2.8542194263379810
v 0.1503068300000000 -0.1374531600000000 -0.0005318500000000
vn 1.4464101174309554 -4.0439710773885134 -1.2780706472737400
v 0.1482842200000000 -0.1392705800000000 -0.0033197000000000
vn 1.8424275133141208 -2.6480288601732527 -5.3912679654505071
v 0.1478054500000000 -0.1311791400000000 -0.0073487800000000
vn 1.8682146929126668 -1.9920227155893047 -5.6071894184096340
v 0.1298705300000000 -0.1163083200000000 -0.0208840000000000
vn 1.8424282542723429 -2.6480297024585497 -5.3912672914931745
v 0.1217789500000000 -0.1202553800000000 -0.0216085800000000
vn -0.6659810754542357 4.4217846891218029 4.4136583259612818
v 0.1477320700000000 -0.1145435000000000 0.0003294800000000
vn -0.5412908678553388 2.1639594200623957 5.3579014427890552
v 0.1440647700000000 -0.1218115300000000 0.0069640500000000
vn -0.5412884956631323 2.1639571608671435 5.3579071698179073
v 0.1185619700000000 -0.1238209900000000 0.0051991800000000
vn -0.6659832067554536 4.4217845941665237 4.4136580050847165
v 0.1187543500000000 -0.1221952700000000 0.0036228700000000
vn -1.4152078826941761 -0.1015298664376524 6.1203137296706478
v 0.1025459300000000 -0.1319370600000000 0.0027496300000000
vn -0.7249926237616712 -2.9719904198050733 4.2949861136466172
v 0.1065207800000000 -0.1430413500000000 0.0033365600000000
vn -0.7250002803435290 -2.9719989745987760 4.2949891221050551
v 0.0955207600000000 -0.1439121000000000 0.0008772100000000
vn -1.4152097858803816 -0.1015305634846291 6.1203132107326450
v 0.0950308200000000 -0.1393833100000000 0.0008883800000000
vn -0.0961658311846154 -5.7800215825955608 2.4618038930593600
v 0.1068534700000000 -0.1444325900000000 0.0000757000000000
vn 0.8507705155400092 -2.7336475545943570 -5.5930112770944280
v 0.0988237500000000 -0.1283987500000000 -0.0227682600000000
vn -1.9176736027460697 4.2873266397490166 4.1735350199607861
v 0.1050908400000000 -0.1152748500000000 -0.0070113400000000
vn -1.9176738603708765 4.2873250794619935 4.1735364724425352
v 0.0950674100000000 -0.1241537500000000 -0.0024959700000000
vn 1.9863872086893446 -5.2964877337238896 2.7185114404432267
v 0.0828878900000000 -0.1498668400000000 -0.0058939400000000
vn 1.9863887645282408 -5.2964881130778796 2.7185114480801795
v 0.0757550200000000 -0.1553861900000000 -0.0114354300000000
vn 0.7741076017217228 -2.7322265023928356 -5.6042745567875487
v 0.0918699900000000 -0.1428189200000000 -0.0167825400000000
vn 1.1073473680830777 -2.5197451273294260 -5.6292748829180708
v 0.0867080700000000 -0.1412210800000000 -0.0181996900000000
vn 0.7741046791515156 -2.7322261698631478 -5.6042751893483489
v 0.0929069800000000 -0.1286318900000000 -0.0235558400000000
vn 1.1073457869100907 -2.5197448754203289 -5.6292753180251864
v 0.0774212400000000 -0.1238383500000000 -0.0278072800000000
vn 1.5440723414763218 3.9745461818559353 4.6069607572530957
v 0.0863338600000000 -0.1186994800000000 -0.0082593100000000
vn 1.9778708562356158 -5.0163003777194390 -0.3038223474197426
v 0.0623667100000000 -0.1624988400000000 -0.0146484200000000
vn 3.6110385474471682 -1.7393658032870187 -4.0025693937888294
v 0.0723333100000000 -0.1261266800000000 -0.0282407400000000
vn 5.2434764125870785 -0.7446872359434015 -3.2116138424378859
v 0.0704307000000000 -0.1221024400000000 -0.0348303400000000
vn 3.6321544258883285 -2.1098129001764589 -3.5161808466532629
v 0.0633893400000000 -0.1429688100000000 -0.0414881200000000
vn 3.3573112565275087 1.1065093162449962 4.5715074020890398
v 0.0570731200000000 -0.1159273500000000 0.0129084600000000
vn 3.8517882382930360 -0.5539444442854647 -4.7842468600700778
v 0.0607033500000000 -0.1161974000000000 -0.0467503300000000
vn -0.0117638188941661 -5.9824995705152855 -1.9204109210547995
v 0.0148351500000000 -0.1785261600000000 -0.0172572500000000
vn -0.0093564305793038 -5.3164977663550932 -3.0727425784999034
v -0.0104858500000000 -0.1753081500000000 -0.0271269500000000
vn 2.8604783064041124 -5.0349649946258861 -0.1459328038388608
v 0.0479782600000000 -0.1682206400000000 -0.0138462100000000
vn 2.7733740450340756 -5.5596272007442051 0.0449303446530892
v 0.0393818200000000 -0.1724735700000000 -0.0094742500000000
vn 2.8119081498695060 -5.2499852504084625 -1.6874868904522691
v 0.0319739300000000 -0.1735982000000000 -0.0237844000000000
vn 1.2085462868021968 -5.8604338703221579 -1.3633852914121718
v 0.0233774900000000 -0.1778511300000000 -0.0194124400000000
vn 1.2085466280639467 -5.8604331344926743 -1.3633855493575813
v 0.0168541700000000 -0.1827719500000000 -0.0040430600000000
vn 2.7733747795484263 -5.5596269328679471 0.0449317684419551
v 0.0221889400000000 -0.1809794300000000 -0.0007303300000000
vn 3.2392489527464958 -4.3990739158577039 2.8031681434129414
v 0.0467308000000000 -0.1643719300000000 -0.0063648200000000
vn 3.7361522603309529 -4.5361510702963992 1.7606456061906464
v 0.0421344900000000 -0.1705340600000000 -0.0074058500000000
vn 3.7361500154232656 -4.5361517496881785 1.7606455949018218
v 0.0333688300000000 -0.1740042000000000 0.0022546800000000
vn -0.0038478683760218 -3.5388118834791151 -5.0102710543775304
v 0.0130938700000000 -0.1496687200000000 -0.0553867800000000
vn -0.0069494935680557 -4.6504951046557164 -4.2250756905016287
v 0.0247612700000000 -0.1561176300000000 -0.0483077200000000
vn -0.0069491961907810 -4.6504949609184267 -4.2250758492009570
v -0.0142747800000000 -0.1681240600000000 -0.0350281700000000
vn 2.9699708540302217 -4.6712249496030598 -2.9395516043714305
v 0.0484595700000000 -0.1561402100000000 -0.0356417800000000
vn 1.3690162739965659 -4.6156690909646185 -3.7677859369721967
v 0.0288256900000000 -0.1689726100000000 -0.0341650700000000
vn 2.9699700847436667 -4.6712238916032254 -2.9395542497647762
v 0.0381235800000000 -0.1652588700000000 -0.0315943200000000
vn 0.0012521438648290 -1.6084889089989030 -6.0144059484197721
v 0.0092715300000000 -0.1169004200000000 -0.0691095500000000
vn 0.0012537194534581 -1.6084908133637812 -6.0144056329632383
v -0.0170302800000000 -0.1168419300000000 -0.0691306700000000
vn 3.5087668940918628 -1.2118170858883075 -4.9906683356415398
v 0.0521759300000000 -0.1205375600000000 -0.0506495500000000
vn 0.0031084151637155 -0.8503242930340076 -6.2253800316756909
v 0.0082424100000000 -0.0308855400000000 -0.0669220800000000
vn 1.8044506188577696 -0.7774751625227121 -5.6612269216206812
v 0.0220452000000000 -0.0082971000000000 -0.0700005500000000
vn 0.0031102523846694 -0.8503282378963293 -6.2253794919275727
v -0.0064823900000000 -0.0066628900000000 -0.0702380100000000
vn 0.0042866994633967 -0.3307133307706188 -6.2528617905082138
v 0.0109748200000000 -0.0384313300000000 -0.0658900400000000
vn 0.0042851131529849 -0.3307123124897244 -6.2528608194165223
v -0.0110251800000000 -0.0383824000000000 -0.0659077000000000
vn 0.0054661460974210 0.1888966799843363 -6.2803428067178730
v -0.0118149000000000 -0.0564349700000000 -0.0664513700000000
vn 5.2909876980699169 -1.8459102506945821 1.2135133122676711
v 0.0368029300000000 -0.0299348100000000 -0.0352481700000000
vn 4.8970989117046173 -0.7233013680334085 -2.6757340600306727
v 0.0393065000000000 -0.0351382500000000 -0.0540789700000000
vn 5.1240819488053724 0.1447879210360459 -2.0652117539428905
v 0.0397094000000000 -0.0410762000000000 -0.0534956100000000
vn 6.2270783524498183 0.5791480841458261 0.5900894736293869
v 0.0395137900000000 -0.0508707400000000 -0.0447965600000000
vn 5.8766124108825402 1.8282221148876390 0.1661619322671948
v 0.0379107300000000 -0.0518341500000000 -0.0230175900000000
vn 5.5232973981985811 2.9910681180065986 -0.1584271922558121
v 0.0413137100000000 -0.0581534400000000 -0.0235648200000000
vn 5.8766121403875768 1.8282241822192498 0.1661616958028932
v 0.0399156600000000 -0.0565381000000000 -0.0421695400000000
vn 4.4265719615271415 2.6004034527516273 -2.5019889531846879
v 0.0485748400000000 -0.0731084900000000 -0.0529767900000000
vn 5.5232962945528090 2.9910702664540842 -0.1584250729123243
v 0.0501246100000000 -0.0754959900000000 -0.0438112400000000
vn 0.0080243635592713 1.3948755887444877 -6.1263917035937006
v 0.0064961300000000 -0.0695297800000000 -0.0682196500000000
vn 0.0067427061734366 0.7918878176162600 -6.2033669266151934
v -0.0115781400000000 -0.0624536000000000 -0.0666321900000000
vn 5.0688762664603590 1.5838829993082129 -2.4863486336608305
v 0.0409181200000000 -0.0588900700000000 -0.0517455200000000
vn 1.7611884581243868 1.7441313344748584 -5.4478063770929488
v 0.0286310500000000 -0.0824093200000000 -0.0711231200000000
vn 3.4213866333737584 2.1528049716751991 -4.8087653908210966
v 0.0331301100000000 -0.0814992500000000 -0.0674083800000000
vn 6.0635429484270880 1.6243801669792841 0.1601387832248291
v 0.0518422100000000 -0.0806392500000000 -0.0170519700000000
vn 6.0635432148155894 1.6243793409682081 0.1601385550440186
v 0.0578165700000000 -0.1006150100000000 -0.0406413000000000
vn -0.1051491594452051 0.7315611510226168 -0.3455768095030992
v 0.0551274800000000 -0.0917631100000000 -0.0142457700000000
vn 1.9448913974323718 -0.5032528159883801 -5.5827565273318376
v 0.0312678800000000 -0.0960152900000000 -0.0717445300000000
vn 3.6074786198196716 0.9977835834259376 -4.8902400642064441
v 0.0485310700000000 -0.0853843600000000 -0.0586081700000000
vn 0.0056369075835676 0.3025120062144178 -6.1798658329665068
v 0.0171176000000000 -0.0890058100000000 -0.0726401100000000
vn 5.8120874341250364 2.2295077606018308 0.0716775311472708
v 0.0505227200000000 -0.0748626700000000 -0.0184094800000000
vn -1.7987954074982158 -0.7694589240355212 -5.6641203299354546
v -0.0220017200000000 -0.0283050400000000 -0.0672896600000000
vn -2.1711396179240916 3.6863550530263951 4.5447083591251287
v 0.1959680000000000 -0.0985157100000000 0.0109674000000000
vn -2.1711403266231866 3.6863519768415025 4.5447114251096394
v 0.2270401600000000 -0.0910705300000000 0.0197724600000000
vn -2.8406875075342857 2.8036910976088807 4.6545017791971377
v 0.2551794500000000 -0.0816707100000000 0.0280418200000000
vn 1.7792466099079836 -5.2161481810159556 3.0173659471506844
v 0.2582644400000000 -0.0976723200000000 0.0337320000000000
vn -1.8450730587734661 -0.0249906614479496 6.0061217502606379
v 0.2540279500000000 -0.0913605600000000 0.0343611900000000
vn 4.9044747022917692 -3.9152411505156808 -0.3089210776585206
v 0.2915938800000000 -0.0580293600000000 0.0451521700000000
vn 3.4680645691062684 -1.4809428947332002 -4.8779539154735891
v 0.2800726000000000 -0.0570004900000000 0.0224856800000000
vn 3.4680659403091281 -1.4809432823621651 -4.8779529530307046
v 0.2888249700000000 -0.0032204400000000 0.0123807500000000
vn -3.4983817482305266 -1.7923351671175534 4.9017626826159644
v 0.2846931000000000 -0.0780481700000000 0.0478169000000000
vn -4.2400303713697332 4.6222654583072442 0.3677255595442498
v 0.2864107400000000 -0.0675189700000000 0.0394548000000000
vn -3.5951447762644824 1.0138031565657446 -4.8960254360244715
v -0.0443008000000000 -0.0861007300000000 -0.0621844000000000
vn -2.4925333011933803 -4.8245070127702281 -3.0410416478374453
v -0.0572695900000000 -0.1537631400000000 -0.0294862700000000
vn -2.3776363466242092 2.6154588569803283 4.5936923098576106
v -0.0718858300000000 -0.1063725600000000 -0.0126437500000000
vn 0.8741605073639183 3.0463917318021538 5.1763976347187937
v -0.1453216400000000 -0.1112494900000000 -0.0030442000000000
vn 3.1283784473473712 3.8600611192056231 3.8459841458984916
v -0.2523698000000000 -0.0838059100000000 0.0283113900000000
vn -1.8072712218598710 -5.2081739122330388 3.0144838422050486
v -0.2587355600000000 -0.0965225100000000 0.0333167800000000
vn 1.8352935473172223 -0.0331726878579320 6.0090776973088893
v -0.2544720500000000 -0.0902296500000000 0.0339528000000000
vn -4.9213407263294195 -3.8933854445712015 -0.3168167283550664
v -0.2919066400000000 -0.0567316500000000 0.0446835500000000
vn 3.4252628918155770 5.2003044630033948 0.8383467172698607
v -0.2847731600000000 -0.0716646500000000 0.0445866200000000
vn -0.8261097317718722 -5.7426057888171442 2.4121440813912152
v -0.2914599900000000 -0.0792527100000000 0.0487487900000000
vn 3.6583724985935571 2.2508156821045615 4.5856904639391320
v -0.3659718700000000 0.1139840700000000 0.0276570300000000
vn 3.6583752150774185 2.2508191011361234 4.5856866186019136
v -0.3768937500000000 0.1306363400000000 0.0281967700000000
vn -0.5628432259198957 -0.8978838960140831 2.0602809706835994
v -0.4127983800000000 0.1600453900000000 0.0424058000000000
vn -2.9190819281976794 -1.7215467958011377 -3.3148961326435988
v -0.4127974200000000 0.1601489500000000 0.0414949600000000
vn -1.0540890789840849 0.6035024747167690 -6.1646653258951627
v -0.3275252100000000 0.0676707000000000 0.0178610000000000
vn -1.0540878964144900 0.6035049132423385 -6.1646652893203910
v -0.3330579100000000 0.0721795700000000 0.0192484300000000
vn -1.0540878964144869 0.6035049132423416 -6.1646652893203981
v -0.3103566800000000 0.0479327900000000 0.0129930900000000
vn 3.5154831097830179 0.9644326701476590 5.1175839742916756
v -0.2342687700000000 0.0086443800000000 -0.0105157100000000
vn -4.0853309315210202 -2.6580855049897081 -3.9652326832657616
v -0.2823624100000000 0.0391495600000000 -0.0043309800000000
vn -4.0853337816730209 -2.6580884913073337 -3.9652277448854090
v -0.2874825300000000 0.0424615000000000 -0.0012759400000000
vn -4.0853336402675726 -2.6580885022253180 -3.9652278832865377
v -0.2659068700000000 0.0180919700000000 -0.0071690100000000
vn -0.4766995792797611 0.6661034251956541 -6.2295651005839723
v -0.2212218400000000 0.0310870800000000 -0.0193988800000000
vn -0.1690179626526438 1.0532592369545521 -6.1919702447928779
v -0.1440880400000000 0.0161247100000000 -0.0351191700000000
vn 2.0407666933238042 0.4921791385483967 5.9221152136141653
v -0.0748212800000000 -0.0127335700000000 -0.0417977300000000
vn 4.1200857636701382 2.7493031219578818 3.8658302145790664
v -0.4208219900000000 0.1206456000000000 0.0669159600000000
vn 4.1200876742623622 2.7493044134418478 3.8658272598438668
v -0.4289411100000000 0.1252742200000000 0.0722772900000000
vn 4.1200868200031673 2.7493036008001903 3.8658287482259941
v -0.4407670700000000 0.1464409000000000 0.0698277200000000
vn -4.1294189561883252 -2.9861814178044921 -3.6754642194616354
v -0.4111573000000000 0.1325921000000000 0.0507345300000000
vn -4.1294210021844879 -2.9861864413017947 -3.6754578393215054
v -0.4057445500000000 0.1295063600000000 0.0471603100000000
vn -4.1294225252882821 -2.9861895857030749 -3.6754535733898206
v -0.4316175700000000 0.1528623600000000 0.0572529900000000
vn 0.1792408763712940 0.6912667920571738 -1.5870087898513223
v -0.4358395900000000 0.1638753600000000 0.0530487700000000
vn 4.0927758980600606 3.4320023210372508 2.4631490391498567
v -0.4358405500000000 0.1637718000000000 0.0539596100000000
vn -2.6449223904898655 1.5675451729342051 5.4795625083965254
v 0.3090407200000000 0.0562112600000000 0.0126594500000000
vn -2.6449251351180854 1.5675472578089986 5.4795605871621369
v 0.3145911900000000 0.0606954800000000 0.0140557900000000
vn -2.6449203513636954 1.5675452377254722 5.4795634741062340
v 0.2980457600000000 0.0396077300000000 0.0121021000000000
vn 3.6535923149495098 -2.2543078920738728 -4.5877856018031524
v 0.3435421600000000 0.0960517900000000 0.0178963300000000
vn 3.6535976531862060 -2.2543132311762957 -4.5877787270892290
v 0.3497964700000000 0.0992131800000000 0.0213236900000000
vn 3.6535967123911219 -2.2543123558353040 -4.5877799064344904
v 0.3663409300000000 0.1201973700000000 0.0241882300000000
vn -1.4875438571887329 0.6043419790474895 6.0745700794094066
v 0.3096927800000000 0.1037651500000000 0.0071215900000000
vn 1.3392685694367887 0.3014800963385913 -6.1313854107196635
v 0.2840744700000000 0.0742441300000000 -0.0053200900000000
vn 1.3392683421681073 0.3014796002495045 -6.1313854847532658
v 0.2994349300000000 0.0973939800000000 -0.0008266600000000
vn -0.8134414762053751 -0.2250328290447603 6.2262421086069075
v 0.2363245800000000 0.0533940600000000 -0.0119132700000000
vn 0.2560798297028162 0.8309490273257526 -6.2227296614237497
v 0.2174823900000000 0.0574226100000000 -0.0161928500000000
vn 0.2560693888991971 0.8309552460495107 -6.2227292606517892
v 0.2239532200000000 0.0633687900000000 -0.0151325400000000
vn 0.2560750541546807 0.8309500231383775 -6.2227297249407982
v 0.2317323700000000 0.0772374800000000 -0.0129604600000000
vn -2.0035510000277297 0.7303901584455087 5.9102226024987390
v 0.1892579500000000 0.0443252400000000 -0.0195987600000000
vn 1.4011833096096111 0.4804814070895603 -6.1060822590812371
v 0.1734049100000000 0.0371627300000000 -0.0282297700000000
vn 1.4011837874986159 0.4804840941431889 -6.1060819379686340
v 0.1880591900000000 0.0519235600000000 -0.0237054900000000
vn 0.2588613206796171 0.9890541058135019 -6.1994500076036472
v 0.1382711800000000 0.0316791100000000 -0.0324550100000000
vn 0.2588526384902642 0.9890579623108138 -6.1994497548560412
v 0.1418534500000000 0.0312431000000000 -0.0323749900000000
vn 0.7510360644622671 0.7977515949865104 -6.1869180394542616
v 0.1127801900000000 0.0250252000000000 -0.0359221500000000
vn 1.5933830646595371 0.2834761080743636 -6.0711769295188782
v 0.0828892000000000 0.0058790100000000 -0.0434984300000000
vn 1.5933796978575980 0.2834768727083468 -6.0711777774398223
v 0.0858069300000000 0.0066205800000000 -0.0426980400000000
vn -3.9187467461722640 1.4639007303077551 3.0943154900958847
v 0.0850923400000000 0.0231414100000000 -0.0411983900000000
vn -2.0980288780276903 1.3550004048217175 -2.9006902728457526
v 0.0850933000000000 0.0232449600000000 -0.0421091100000000
vn -3.6936166176202394 2.5117239195235537 4.4189203249756250
v 0.3515079500000000 0.0533324400000000 0.0452962500000000
vn 3.9475125643087852 -2.6060502250549051 -4.1357060320422496
v 0.3897889600000000 0.0823907500000000 0.0616614800000000
vn -4.0814223993147749 3.4501806351821047 2.4565923092207549
v 0.4364920800000000 0.1618317300000000 0.0546602000000000
vn -0.1736141866782024 0.6920486834804989 -1.5872809542381170
v 0.4364930400000000 0.1619352900000000 0.0537493600000000
vn 4.1219986100830797 -3.0045437672606088 -3.6688229465927851
v 0.4062549200000000 0.1277004600000000 0.0478124400000000
vn 4.1219979279887831 -3.0045417916799098 -3.6688253308193044
v 0.4116755900000000 0.1307621200000000 0.0513953600000000
vn 4.1219979734734746 -3.0045417549654454 -3.6688253097832400
v 0.4322153300000000 0.1509411900000000 0.0579467500000000
vn -4.1140230039238750 2.7676175947679247 3.8592130255549719
v 0.4293920500000000 0.1233652900000000 0.0729666400000000
vn -4.1140206857891730 2.7676160715333498 3.8592165891143462
v 0.4239713800000000 0.1203036300000000 0.0693837100000000
vn -4.1140225004629531 2.7676168003171973 3.8592141320012008
v 0.4467366300000000 0.1475408000000000 0.0741190600000000
vn -1.4589144430373451 0.3442761424787086 6.1017587784145189
v 0.1037593400000000 0.0068082300000000 -0.0344962200000000
vn 2.3065167540220406 -0.3803439434700698 -5.8321296755452492
v 0.1822391300000000 0.0198026800000000 -0.0254555700000000
vn 2.3065167645675495 -0.3803440300520065 -5.8321296657293624
v 0.1788674700000000 0.0208075900000000 -0.0268545400000000
vn 0.4896609478519284 0.6639543117384110 -6.2287891626245875
v 0.2097551400000000 0.0091820500000000 -0.0221891200000000
vn 4.0798343374882320 -2.6762480277351690 -3.9586697105279760
v 0.2876848400000000 0.0411823200000000 -0.0008140100000000
vn 4.0798352760029317 -2.6762481588937561 -3.9586686546179624
v 0.2825549600000000 0.0378931800000000 -0.0038772900000000
vn 4.0798374129864836 -2.6762522187733846 -3.9586637075452766
v 0.2660105000000000 0.0169089800000000 -0.0067418200000000
vn -3.5193752078284666 0.9800767598514890 5.1119336161258992
v 0.2421013000000000 0.0289239700000000 -0.0088812000000000
vn -3.5193738090895526 0.9800784914450810 5.1119342471166416
v 0.2497963900000000 0.0338859300000000 -0.0045347400000000
vn -3.5193762680616478 0.9800788654810176 5.1119324824918744
v 0.2381836500000000 0.0100831900000000 -0.0079661400000000
vn 1.0666775285617087 0.5987729632268878 -6.1629609436472608
v 0.3333589300000000 0.0706974600000000 0.0197836500000000
vn 1.0666807735484298 0.5987700360490111 -6.1629606664014034
v 0.3278084700000000 0.0662132300000000 0.0183873100000000
vn 1.0666775027143236 0.5987746934840785 -6.1629607800118871
v 0.3105601600000000 0.0465518700000000 0.0134917600000000
vn 2.9167146979626910 -1.7345213458248676 -3.3102155354724503
v 0.4134531100000000 0.1583113600000000 0.0421585300000000
vn 0.5555363189718256 -0.9003709234904773 2.0611735985812816
v 0.4134521500000000 0.1582078000000000 0.0430693800000000
vn -3.6556838776742984 2.2670814266948325 4.5798182055188388
v 0.3601906600000000 0.1091937800000000 0.0248178900000000
vn -3.9524167243610351 -2.5884801416923531 -4.1420514479432420
v -0.3887615600000000 0.0844288100000000 0.0601380000000000
vn 3.6976491712417205 2.4952854569540883 4.4248569128369413
v -0.3688207600000000 0.0764372200000000 0.0472043600000000
vn 2.1086922025293169 1.3456468698074335 -2.8973230967527015
v -0.0849067000000000 0.0236230400000000 -0.0422456400000000
vn 3.9202460473266210 1.4464670843401699 3.1006002549796454
v -0.0849076600000000 0.0235194900000000 -0.0413349200000000
vn -0.7375394924994532 0.8010607588707261 -6.1881139906933624
v -0.1132460600000000 0.0232202400000000 -0.0363241300000000
vn -0.7375476873356454 0.8010586208767054 -6.1881132907519323
v -0.1094181700000000 0.0204944900000000 -0.0371332200000000
vn 0.1520237997440485 -0.1871678198833164 6.2785567271264595
v -0.1484427700000000 0.0311055500000000 -0.0286713900000000
vn -1.3892211397491026 0.4866883897702415 -6.1083235540107239
v -0.1839721100000000 0.0472590800000000 -0.0253101100000000
vn -1.3892237690999552 0.4866877580425177 -6.1083230063480256
v -0.1735946400000000 0.0330301100000000 -0.0288039800000000
vn -0.2423847808045641 0.8320577674186731 -6.2231300078003988
v -0.2236299300000000 0.0643642100000000 -0.0154920100000000
vn -0.2423752018789669 0.8320630244008483 -6.2231296780072638
v -0.2171839200000000 0.0583893100000000 -0.0165419400000000
vn -0.2423853330151933 0.8320573728130642 -6.2231300390516395
v -0.2313507900000000 0.0782673800000000 -0.0133323800000000
vn 0.8024285652849363 -0.2286289486782235 6.2275400284380718
v -0.2360506900000000 0.0544446300000000 -0.0122926400000000
vn 0.8024306195941326 -0.2286267003816420 6.2275398462762555
v -0.2385569600000000 0.0706585100000000 -0.0113744500000000
vn -1.3280668503557609 0.3074096492407959 -6.1335271543292684
v -0.2900290200000000 0.0766584700000000 -0.0043518600000000
vn -1.3280659485038697 0.3074102251398875 -6.1335273207387857
v -0.2989824400000000 0.0987248700000000 -0.0013072600000000
vn 1.4804586202759249 0.5977416708894366 6.0769535766607676
v -0.2927700100000000 0.0839804800000000 0.0046973400000000
vn 1.4804578486356814 0.5977410747132927 6.0769538232876421
v -0.3053922500000000 0.0862836100000000 0.0075458100000000
vn 1.4804583567856637 0.5977417380367905 6.0769536342464603
v -0.3092245900000000 0.1051416300000000 0.0066245300000000
vn -3.6562136045056270 -2.2380552686509469 -4.5936508679947030
v -0.3493709000000000 0.1007681300000000 0.0207621800000000
vn -3.6562111721488515 -2.2380529550356267 -4.5936539311824118
v -0.3431252100000000 0.0975789400000000 0.0173448600000000
vn -3.6562136045056297 -2.2380552686509536 -4.5936508679946986
v -0.3658264400000000 0.1218257200000000 0.0236002100000000
vn 2.6430630801006898 1.5557847847793571 5.4838097033265303
v -0.3143256600000000 0.0620942000000000 0.0135507000000000
vn 2.6430694078979218 1.5557892841048215 5.4838053769976201
v -0.3087929600000000 0.0575853300000000 0.0121632600000000
vn 2.6430671696327646 1.5557876908587827 5.4838069078070335
v -0.2978710800000000 0.0409330500000000 0.0116235100000000
vn 4.0082135048213665 -3.2994348531449975 3.5392614701257319
v -0.0428859000000000 0.2107278500000000 0.0347934100000000
vn 5.2835815102387205 0.9146608720965563 -0.8169201139393529
v -0.0205955800000000 0.1668356400000000 -0.0062274900000000
vn 4.4217433290341903 -0.2974064879650647 3.8855386240220220
v -0.0232694100000000 0.1664643800000000 0.0007726000000000
vn 5.8479322491180223 0.2758795516946007 2.2807130198739816
v -0.0227676400000000 0.1667358700000000 -0.0005169700000000
vn 1.5273010205348130 1.3467274260186026 -4.8283330921183403
v -0.0258660900000000 0.1644926900000000 -0.0139219800000000
vn -1.6761574071731524 1.1588698288909884 -5.9429661469206536
v -0.0267415300000000 0.1643835100000000 -0.0136837100000000
vn 5.5214964147186354 0.8381540681464263 -1.4252127130968086
v -0.0144376200000000 0.1127302400000000 -0.0158528700000000
vn 4.8289267026755001 1.1578788496361310 -3.8493197378177921
v -0.0158463500000000 0.1160713100000000 -0.0166277300000000
vn -0.9098676696573309 1.3601353601655968 -6.0249111209442070
v -0.0237136800000000 0.1167884600000000 -0.0240815900000000
vn -2.4770280797400708 1.1383984532031970 -5.0788553069663989
v -0.0300445600000000 0.1181219900000000 -0.0235172700000000
vn -4.7517683969518671 0.7475870631961371 -4.0421722224969967
v -0.0305449100000000 0.1181814000000000 -0.0229238600000000
vn -4.7422759334795135 1.5758396842605826 -3.8076535917917811
v 0.0216690600000000 0.1636950300000000 -0.0077979900000000
vn -5.2781473379956987 0.9381558207098275 -0.8254035814625402
v 0.0209181500000000 0.1635978500000000 -0.0069292000000000
vn -5.8502970447344804 0.3018914645394346 2.2713333444516590
v 0.0232469000000000 0.1634800200000000 -0.0007756500000000
vn -4.4292524596592848 -0.2777286065254038 3.8784575973875688
v 0.0235792300000000 0.1632975400000000 0.0000845900000000
vn -5.5154293495081887 0.8627066766513155 -1.4340600792539071
v 0.0149789600000000 0.1126648200000000 -0.0158292400000000
vn -4.2002065241867985 0.0121128202682068 3.9740612066386616
v 0.0171944600000000 0.1191276200000000 -0.0070615300000000
vn 0.9255679688350807 1.3560603126897226 -6.0234419343625198
v 0.0236130500000000 0.1134643900000000 -0.0248708000000000
vn 1.9078462362108384 1.0410692258313194 -5.4840175015588608
v 0.0302770200000000 0.1121985300000000 -0.0249237200000000
vn 2.4902524097444374 1.1273481032285093 -5.0748565633910827
v 0.0307945200000000 0.1208813400000000 -0.0227409500000000
vn 4.7615442272341815 0.7264282864888847 -4.0345190121569523
v 0.0361895700000000 0.1531185800000000 -0.0105779900000000
vn -4.2002083863174811 0.0121115532680388 3.9740641047492140
v 0.0218460300000000 0.1513209000000000 -0.0022434000000000
vn 0.9255722771253310 1.3560546375008982 -6.0234388768560256
v 0.0316907200000000 0.1520722200000000 -0.0149377900000000
vn 2.4902337995861226 1.1273501036008238 -5.0748564674175505
v 0.0326920000000000 0.1527183200000000 -0.0147374700000000
vn -6.0201359300229642 0.5269960092222112 1.5896223941202625
v 0.0195172700000000 0.1514387300000000 -0.0083969400000000
vn -5.5154200770094413 0.8627030110533056 -1.4340907891162100
v 0.0193087100000000 0.1509311600000000 -0.0094613200000000
vn 1.6908327874804838 1.1513843336892002 -5.9402626521388671
v 0.0383327000000000 0.2013176300000000 -0.0033770500000000
vn 2.1287173496578324 -0.5499507859869518 -5.8127605679743031
v 0.0401366500000000 0.2074934300000000 -0.0016665400000000
vn -5.2781354909457221 0.9381536962929271 -0.8254082364453672
v 0.0258011000000000 0.1981871500000000 0.0011602100000000
vn -4.7422816178716651 1.5758368017146505 -3.8076474115999388
v 0.0315014300000000 0.2020118900000000 -0.0041859700000000
vn -1.5135210153154595 1.3534886713997845 -4.8307640469774160
v 0.0322107700000000 0.2021091600000000 -0.0050548100000000
vn -3.0528214618667304 3.0540784818728461 1.7268153322470561
v 0.0401433500000000 0.2232692500000000 0.0336756700000000
vn -2.4770470069230544 1.1383965425990743 -5.0788616434965519
v -0.0318132600000000 0.1499671300000000 -0.0155167200000000
vn -0.9098764600828837 1.3601351862121520 -6.0249123099862834
v -0.0309753400000000 0.1522115900000000 -0.0149881200000000
vn 4.4217379892376396 -0.2974112462954994 3.8855525091352789
v -0.0280134000000000 0.2001640500000000 0.0087506900000000
vn 3.0605341226670428 -0.8597430793145815 5.4193543061114289
v -0.0287635700000000 0.2002428400000000 0.0091782500000000
vn -3.0434750076277810 0.7952230641876432 -5.1687692866660475
v -0.0383334400000000 0.2015426500000000 -0.0031808200000000
vn -1.6761590146212288 1.1588712205772063 -5.9429649544800149
v -0.0374167700000000 0.2014861000000000 -0.0034378900000000
vn 5.2554550419897632 0.9634283329917311 -0.5189327994045693
v -0.0261998100000000 0.2077392100000000 0.0033235800000000
vn 1.5272944719033092 1.3467288443060121 -4.8283409880192876
v -0.0312887000000000 0.2022503800000000 -0.0051058000000000
vn 4.7553454842256340 1.5547143489371051 -3.8000302776676849
v -0.0297755600000000 0.1989532700000000 -0.0045355300000000
vn 1.1050752895924794 4.0014624566412991 4.7165161312949326
v 0.0160181900000000 0.0802144900000000 -0.1025912600000000
vn 1.4256330915440132 1.4824839659936415 5.9370219119709509
v 0.0263829900000000 0.0472720300000000 -0.0837751200000000
vn 4.6775468336722401 2.3360133280184225 3.4845394178398053
v -0.0504470700000000 0.0557787900000000 0.0191500900000000
vn 0.4080953150803426 -2.1859799882083193 5.0829691812980986
v -0.0283292300000000 0.0002416400000000 0.0048490100000000
vn 3.0407294843952526 -0.5388030715973331 5.4679984160584700
v -0.0271195800000000 0.0006408400000000 0.0042666400000000
vn -3.9794394577041965 2.4011360844453766 -3.9331355500370755
v -0.0562476500000000 0.0210240200000000 -0.0402045200000000
vn -5.3340067157103590 0.6657105939532785 -3.1458772952196545
v -0.0569993600000000 0.0205861300000000 -0.0392905000000000
vn -0.9551992866065785 3.6273534463951020 -5.0406665136812316
v -0.0203315400000000 0.0243652300000000 -0.0555124300000000
vn -3.0518699889860517 -0.5252575063995345 5.4631075838467975
v 0.0271298900000000 0.0005201900000000 0.0043102100000000
vn -0.4259729371186049 -2.1841285499492131 5.0823004607484243
v 0.0283368200000000 0.0001156100000000 0.0048945200000000
vn 5.3419598870330178 0.6419756025130736 -3.1373056462572508
v 0.0571680100000000 0.0203322200000000 -0.0391988100000000
vn 3.9963932442879817 2.3834012747080466 -3.9267271036148874
v 0.0564197200000000 0.0207734500000000 -0.0401140400000000
vn 4.5845151567332660 -3.2231028186513417 -2.8411699355035491
v 0.0196515300000000 -0.2244652200000000 0.0550025200000000
vn 2.7061583969355123 1.8244255023051990 5.3690405028816954
v 0.0212690300000000 -0.0982441200000000 0.0249459600000000
vn 2.5175376461562275 2.7068468717110332 5.0806891085270767
v 0.0214495400000000 -0.0627150300000000 0.0023568500000000
vn 2.8557703568130179 5.0926401271474697 2.3212086956449762
v 0.0065865500000000 -0.0707230200000000 0.0168210000000000
vn 2.2635188931091887 2.5963349696203917 5.2548971969382894
v 0.0203433100000000 -0.0323315700000000 -0.0147801000000000
vn 2.4132410266079951 -0.4239693305272800 5.7857527910050175
v 0.0407915800000000 -0.1230895100000000 0.0191746700000000
vn -3.2077943072150261 -0.4114280090815212 5.3869472134306973
v 0.0315100400000000 0.0241804000000000 0.0087255400000000
vn -2.2714907656944647 5.5460718222129053 -1.8867524078630962
v 0.0414522200000000 0.0527067100000000 -0.0144593000000000
vn 2.1447588436441443 5.4449959584946903 2.2870168602138690
v 0.0337235000000000 0.1123864100000000 -0.0096766200000000
vn -2.5136287052517789 2.7180262520269176 5.0766545706467801
v -0.0186292200000000 -0.0603328500000000 0.0026272600000000
vn -2.5136296384338497 2.7180309702044401 5.0766515824858400
v -0.0186360900000000 -0.0629223800000000 0.0040102800000000
vn -4.9463358145285765 -0.8132397211024915 -3.7882477176507785
v -0.0521363100000000 -0.0008364300000000 -0.0447873600000000
vn -4.8325520912327828 -3.4585908546961028 2.0403448702754710
v -0.0622970900000000 0.0162670300000000 -0.0043411600000000
vn 2.2991638070679477 5.5359071869795766 -1.8830812541403632
v -0.0362431900000000 0.0501281600000000 -0.0166193800000000
vn -2.8636544503674810 1.3783474460206735 -5.1800727816665360
v -0.0636136300000000 0.0912440600000000 -0.0118476400000000
vn 0.7344026216523133 3.4845545565363003 3.5775049114153061
v -0.0515583600000000 0.0916096800000000 0.0238092900000000
vn 3.4361760353941944 1.8128918693155176 4.9251336951423985
v -0.0507676300000000 0.0910245700000000 0.0234081600000000
vn 4.2142857169708643 -0.3029586039044927 3.6216127282357147
v -0.0368680600000000 0.0895589300000000 0.0148278100000000
vn 3.7983568546310753 -0.4805529578504791 4.0428707040751988
v -0.0418206700000000 0.0847454500000000 0.0201882500000000
vn 1.2214074421416672 4.1393941851582809 4.5663987172029552
v 0.0174855400000000 0.0689776100000000 -0.0930480000000000
vn 1.2214063482286506 4.1393935722528781 4.5663995653867637
v 0.0174765600000000 0.0659382100000000 -0.0902904200000000
vn 3.8656820477458944 1.4157675410270214 2.6514195114463392
v -0.2813915200000000 -0.0711167300000000 0.0378592400000000
vn -0.3796804488854886 -0.6593053513021004 0.3084816912173993
v -0.2905812700000000 -0.0804450600000000 0.0411496400000000
vn 3.7561529519585166 -1.4685079009143676 4.7982503602286979
v -0.2898714500000000 -0.0799300800000000 0.0406637400000000
vn -4.9929691209879596 -2.1836761506366682 -3.1273367951495779
v -0.3139451100000000 -0.0477676500000000 0.0654726600000000
vn 1.3281936533437915 -3.7752321505801909 3.6597557307230462
v -0.2859204700000000 -0.0810489100000000 0.0463697500000000
vn -3.9282080101669044 -1.2852204563364487 -2.9547994267699234
v -0.2901681900000000 -0.0824313400000000 0.0401694100000000
vn -2.5676462389703252 -5.0936709311024071 0.6690583010761575
v -0.2900029300000000 -0.0827648400000000 0.0408865000000000
vn -0.1906569640869595 3.1660798591914898 -2.0153288132124376
v -0.2808948800000000 -0.0729788700000000 0.0368932200000000
vn -3.6769014796231798 1.5030757260759129 -4.8522849512109332
v -0.2816882600000000 -0.0736180000000000 0.0373649100000000
vn 2.9090980439510412 1.8445234697497850 4.6153423861388942
v -0.2755318500000000 -0.0770859100000000 0.0404574400000000
vn -4.9077435857292322 -3.9152821766150745 -0.2364582045483405
v -0.3321012600000000 -0.0072424100000000 0.0608776200000000
vn -4.6719621016395374 -2.7127032819313377 -2.1674870953411518
v -0.3322250800000000 -0.0070511100000000 0.0599346400000000
vn 2.6998864442748625 1.6418223571735071 5.4307872486282172
v -0.2730562400000000 -0.0160130500000000 0.0162142200000000
vn -2.5935590964900737 -1.4814854995878248 -5.5278449265404186
v -0.2610213500000000 -0.0351932800000000 0.0079188100000000
vn -2.0120279055562107 -1.3080339116489594 -5.8068243126145447
v -0.1393845500000000 -0.0559841800000000 -0.0311410400000000
vn 0.2027617583253357 1.4189066904935919 6.1175165775989404
v -0.1177545300000000 -0.0507892800000000 -0.0230213300000000
vn 0.2027690704618383 1.4189075910490843 6.1175161263767741
v -0.1212135700000000 -0.0510535100000000 -0.0228453900000000
vn 1.8890662229004302 1.4670113839679737 5.8101397581429985
v -0.0939735300000000 -0.0568607500000000 -0.0264962200000000
vn 1.8890677791953316 1.4670108060157176 5.8101393980692224
v -0.0973041200000000 -0.0553828200000000 -0.0257865000000000
vn -1.6089167653759686 -1.0841118886070582 -5.9761614653070776
v -0.0868353300000000 -0.0557429700000000 -0.0397807000000000
vn -1.6649279023336525 -0.2999956362619283 -6.0511515682944248
v -0.0684628900000000 -0.0601414400000000 -0.0486485200000000
vn 0.8699339529200547 1.6317248597966214 1.7003093464538372
v -0.0545418000000000 -0.0816952000000000 -0.0098201100000000
vn 6.2502012285893809 0.0584729214913857 -0.3187100778874973
v -0.0545408400000000 -0.0815916500000000 -0.0107308300000000
vn 4.2955662214042016 2.1805115267563000 3.9700998341954650
v -0.3316419100000000 -0.0068246800000000 0.0608836200000000
vn -0.1900978835527785 -0.6368317987244227 1.5731660022339917
v -0.3319775300000000 -0.0074751500000000 0.0618157600000000
vn 0.0077409113744460 -2.6096843400139846 4.5159403387797754
v -0.1852024200000000 -0.1249633700000000 0.0180000400000000
vn 1.4030255208742739 0.1008313874853832 6.1233172346913802
v -0.1847417500000000 -0.1239425400000000 0.0178649800000000
vn -2.0024196406486499 -3.9985535357408923 -1.1133161885297054
v -0.1891628400000000 -0.1297312400000000 0.0072629800000000
vn -1.4275040923626476 -5.3880178810682571 2.8999142671137501
v -0.1887043700000000 -0.1294076400000000 0.0080969300000000
vn 1.7835542637987998 2.1502958739271127 5.0969644368355951
v -0.1823800000000000 -0.1112562800000000 0.0172547200000000
vn 2.1913019800478919 4.2486475101711658 4.0774039317945530
v -0.1822525800000000 -0.1104859900000000 0.0163779600000000
vn -1.8080037641020548 -2.7052201107816929 -5.3750650364038730
v -0.1397470900000000 -0.1207410900000000 -0.0154059100000000
vn 0.4327356098053707 0.3706154259021698 0.3087300701088428
v 0.2761456800000000 -0.0764531700000000 0.0333962100000000
vn -3.7703339258221673 -1.4517897235738246 4.7922118972962728
v 0.2894619800000000 -0.0812185200000000 0.0411290100000000
vn 0.3762558396639785 -0.6609966837020850 0.3090922950531328
v 0.2901687300000000 -0.0817366500000000 0.0416160500000000
vn -1.3508579237262082 -3.7692768855653247 3.6576207976368038
v 0.2854969000000000 -0.0823197400000000 0.0468286600000000
vn 2.5438726734850121 -5.1050656672790717 0.6731936026639678
v 0.2895804900000000 -0.0840538300000000 0.0413519800000000
vn 3.9271707048372875 -1.3027116354850024 -2.9484519069096762
v 0.2897483900000000 -0.0837210800000000 0.0406351500000000
vn 3.6913456840975400 1.4866755416939856 -4.8463660678184413
v 0.2813122600000000 -0.0748701100000000 0.0378170700000000
vn 0.2079847033451843 3.1651752854385187 -2.0150120853430433
v 0.2805224900000000 -0.0742274700000000 0.0373441000000000
vn 4.8906567436439703 -3.9370693914353629 -0.2286048020566535
v 0.3319821600000000 -0.0087193400000000 0.0614109600000000
vn 4.6633295932319632 -2.7334609827570406 -2.1600103878132639
v 0.3321083400000000 -0.0085285900000000 0.0604681800000000
vn -4.0493888091155217 1.7593128526672837 4.4705353329781286
v 0.2999668800000000 -0.0122553400000000 0.0343880800000000
vn -2.7012766134694552 1.6538348491966093 5.4264493504924740
v 0.2740232400000000 -0.0239707300000000 0.0192319600000000
vn -3.7355162152754033 1.5935402886213199 4.7942638181788935
v 0.2303318600000000 -0.0404590700000000 -0.0018741500000000
vn 2.5801319800187441 -2.5604508788945255 -5.1249807674574432
v 0.2045378000000000 -0.0814167700000000 -0.0092239400000000
vn -0.2062733689226516 1.4198165293932712 6.1171880733295492
v 0.1210364300000000 -0.0515922800000000 -0.0226508300000000
vn -0.2062824736458415 1.4198165037974138 6.1171877722411114
v 0.1175788900000000 -0.0513126600000000 -0.0228323200000000
vn -2.8214801151649920 2.0615417407457048 5.2218495971338470
v 0.0726465800000000 -0.0608014400000000 -0.0299972800000000
vn 1.6732971098610792 -0.3074198831993480 -6.0484698397059766
v 0.0682873700000000 -0.0604455700000000 -0.0485387000000000
vn -6.2493576212573272 0.0862887012075206 -0.3287367308778755
v 0.0542091600000000 -0.0818335100000000 -0.0106434900000000
vn -0.8653957941046313 1.6355994958630344 1.6989308927986166
v 0.0542082000000000 -0.0819370600000000 -0.0097327700000000
vn 0.1847364930702668 -0.6376691916322386 1.5734767151737605
v 0.3318558900000000 -0.0089515200000000 0.0623489000000000
vn -4.2921950841199612 2.1996065738627122 3.9632073249543440
v 0.3315246700000000 -0.0082995600000000 0.0614162300000000
vn -1.4124048835220437 0.1071050183912192 6.1210538215192134
v 0.1841743100000000 -0.1247630100000000 0.0181612600000000
vn -0.0266129032653379 -2.6095884637329871 4.5159244460358563
v 0.1846302100000000 -0.1257858700000000 0.0182970600000000
vn 1.3988684530929436 -5.3943033495135850 2.9021828963167620
v 0.1881282600000000 -0.1302457200000000 0.0083995800000000
vn 1.9864033120605837 -4.0074236261592686 -1.1101135003977878
v 0.1885866300000000 -0.1305713600000000 0.0075663600000000
vn 2.5772266329309792 -2.5224057557432475 -5.1452686703669608
v 0.2376476100000000 -0.1000953900000000 0.0167030300000000
vn -2.1789252668312411 4.2583532544178153 4.0739104181804562
v 0.1817474200000000 -0.1112955200000000 0.0166703000000000
vn -1.7821533765035593 2.1582192025308640 5.0941164525278682
v 0.1818700000000000 -0.1120663700000000 0.0175472500000000
vn -0.4458781558180035 -0.0277533934908679 6.2671674324019433
v 0.1201542700000000 -0.1385395600000000 0.0051628900000000
vn 1.0773005424360609 -5.5466025122944229 2.7450328627102047
v 0.1227728000000000 -0.1457963200000000 -0.0068560500000000
vn 5.7033941245187796 -1.1710135714135814 -2.3618721981191451
v 0.0697639300000000 -0.1385719800000000 -0.0282748400000000
vn -0.0117633919835554 -5.9824996591896369 -1.9204106474292753
v -0.0026572900000000 -0.1797789200000000 -0.0132474700000000
vn 0.0054671475561599 0.1888958500970775 -6.2803428308071805
v -0.0059200400000000 -0.0474209200000000 -0.0661751200000000
vn 6.0247837887272935 1.7832974833373676 0.0157476776544454
v 0.0521061300000000 -0.0815829900000000 -0.0111518000000000
vn 0.0080222799137726 1.3948758193524602 -6.1263916538168033
v -0.0002502600000000 -0.0826425600000000 -0.0712140500000000
vn -0.0069494073207448 -4.6504943491832575 -4.2250765221836950
v 0.0137639200000000 -0.1628172200000000 -0.0409154700000000
vn 1.8802724079630337 -2.5828026296800166 -5.4103718774517739
v 0.1268273800000000 -0.1340867300000000 -0.0132512800000000
vn 2.5642584601987033 -2.6141253295654208 -5.1058148140106505
v 0.2020161600000000 -0.1138331100000000 0.0057411700000000
vn 1.3891883448333058 -5.3878838143318246 2.9187807985864826
v 0.1867540300000000 -0.1284936400000000 0.0122878700000000
vn 4.4723707071639334 -1.2035426631096300 -4.2459160283893267
v 0.0689518300000000 -0.1007338000000000 -0.0407266700000000
vn 4.5328462728830079 2.7784365337318673 3.3484343653066739
v 0.0610510200000000 -0.0775952800000000 -0.0225987300000000
vn 0.6722289943578040 1.7413254852486282 5.9995259260965064
v 0.0823121600000000 -0.0741044300000000 -0.0232042200000000
vn 1.9318448152858803 -1.2707908213906907 -5.8422156672168848
v 0.1543088100000000 -0.0871617900000000 -0.0191429100000000
vn 1.9318431724475795 -1.2707896586053442 -5.8422164633809741
v 0.1424675000000000 -0.0787675100000000 -0.0248843900000000
vn 1.9318433767301819 -1.2707913161969171 -5.8422160352735641
v 0.1386319000000000 -0.0931878800000000 -0.0230160100000000
vn -2.1663318248954160 3.1269244758400521 5.0007766747967723
v 0.2081272400000000 -0.0687314200000000 -0.0023889800000000
vn 4.4498205846832271 -1.5080233760524164 -4.1717358336504740
v 0.2966112100000000 -0.0256160400000000 0.0287817000000000
vn 4.4498204291861647 -1.5080229319570457 -4.1717361600472396
v 0.3021035000000000 -0.0039781900000000 0.0268183300000000
vn -3.3588050938446123 5.2581324739563211 0.7312683417294201
v 0.3066570400000000 -0.0611054300000000 0.0619693700000000
vn 0.2079802101831500 3.1651748391129693 -2.0150047932961956
v 0.3067833100000000 -0.0608732500000000 0.0610314400000000
vn 3.5632854303641377 1.8584898413727995 -4.8298478294376581
v 0.2881456900000000 -0.0794131900000000 0.0411103900000000
vn -3.4871644228077407 -1.7563722176338799 4.9227287682488150
v 0.2846413300000000 -0.0761608200000000 0.0395186800000000
vn -3.4871725261939521 -1.7563682549714996 4.9227244417936360
v 0.2858464900000000 -0.0774252500000000 0.0399212600000000
vn -4.2400166798284564 4.6222808040601580 0.3676905322901854
v 0.3111901200000000 -0.0465187000000000 0.0612007200000000
vn 0.3741038610421292 1.2082001709384234 -1.3758128512627601
v 0.3113163100000000 -0.0463279500000000 0.0602579400000000
vn -1.8830491447809086 -2.5744320936997966 -5.4133947683140402
v -0.1313533100000000 -0.1293821500000000 -0.0140440600000000
vn 2.1882395566160979 4.2360781093610225 4.0921470524175962
v -0.1825849700000000 -0.1067173400000000 0.0126545000000000
vn -2.5676557555855473 -2.6027101415049279 -5.1099375186459479
v -0.2071325300000000 -0.1114058000000000 0.0069585100000000
vn -1.3473635880590482 -0.9934523961988994 -6.0560780462464434
v -0.0856999800000000 -0.1044763100000000 -0.0316494400000000
vn -1.3473659810818177 -0.9934526987768868 -6.0560774642121755
v -0.0882856000000000 -0.1052637400000000 -0.0309450100000000
vn -0.4193164113112481 -0.9659893319489313 -6.1943083521987550
v -0.1093297500000000 -0.1053703100000000 -0.0285053500000000
vn 2.4206529047702978 1.4230991512490185 5.6208225309700026
v -0.1639179000000000 -0.0976727200000000 -0.0014047700000000
vn -3.7468628608782382 -1.2962245533811076 -4.8743449009419688
v -0.2282899600000000 -0.0407280600000000 -0.0120201100000000
vn 2.1721854064985155 3.1172738865766365 5.0042613521066244
v -0.2132848400000000 -0.0734981000000000 0.0029378900000000
vn 2.5629245409386172 1.7220290126767257 5.4721523627619213
v -0.2567551100000000 -0.0539808500000000 0.0198302900000000
vn -0.1906605435005346 3.1660879244243740 -2.0153425960869713
v -0.3071340600000000 -0.0595079000000000 0.0605383900000000
vn 3.3809759466183551 5.2431496672310685 0.7366598504109705
v -0.3070103300000000 -0.0597406300000000 0.0614765200000000
vn 1.3282079111484562 -3.7752274822288401 3.6597677420106054
v -0.3099725600000000 -0.0684733700000000 0.0680710400000000
vn -2.5676274376502959 -5.0936754194599763 0.6690793138239591
v -0.3127423300000000 -0.0675752800000000 0.0692605600000000
vn -4.8002591004167634 -0.1534456338853327 -4.0512201384992652
v -0.2873184700000000 -0.0760939900000000 0.0371187800000000
vn -0.3664966798506688 1.2098394259393146 -1.3763787996285313
v -0.3116010600000000 -0.0449425700000000 0.0597576600000000
vn 4.2599538181573422 4.6033593532998918 0.3745580512367599
v -0.3114772500000000 -0.0451338800000000 0.0607006400000000
vn 3.6583743780286775 2.2508158578949353 4.5856888782801848
v -0.4003070100000000 0.1536670000000000 0.0355711600000000
vn 3.6583735563363464 2.2508164278472513 4.5856892540562901
v -0.3893851300000000 0.1370147300000000 0.0350314100000000
vn 3.6583749610591241 2.2508170530302056 4.5856878265356844
v -0.4065526900000000 0.1568561900000000 0.0389884800000000
vn 3.6583726065876272 2.2508158738686026 4.5856902836612452
v -0.3753242600000000 0.1409102300000000 0.0219018800000000
vn 3.6583715767131686 2.2508156868171367 4.5856911970855396
v -0.3644023800000000 0.1242579600000000 0.0213621300000000
vn 3.6583730153829883 2.2508159669211221 4.5856899118571182
v -0.3815699500000000 0.1440994300000000 0.0253192000000000
vn 3.6583736405786476 2.2508166301772672 4.5856890875396576
v -0.3207148600000000 0.0576488600000000 0.0192031500000000
vn 3.6583738720734633 2.2508170736018895 4.5856886852103553
v -0.3347595800000000 0.0758957300000000 0.0214515500000000
vn -0.5628424691814646 -0.8978826617123032 2.0602807405155019
v -0.3097929700000000 0.0409965800000000 0.0186634000000000
vn -4.7840607313007784 -4.0465805817608844 -0.4651517151684397
v -0.3441252200000000 0.0809902000000000 0.0238450000000000
vn -2.9190821416902382 -1.7215466583131100 -3.3148951307710419
v -0.3441233000000000 0.0811973200000000 0.0220233100000000
vn -1.0541056392632104 0.6034878129509201 -6.1646639296267267
v -0.2987208500000000 0.0327037600000000 0.0095126100000000
vn -1.0541081123093710 0.6034858494901387 -6.1646636989685577
v -0.3214220700000000 0.0569505400000000 0.0157679600000000
vn -1.0541103834738119 0.6034836777543059 -6.1646635232155287
v -0.3042535500000000 0.0372126300000000 0.0109000500000000
vn -1.0541107028119929 0.6034832866157607 -6.1646635069026061
v -0.2765900600000000 0.0146682700000000 0.0039628600000000
vn -1.0541056392632151 0.6034878129509142 -6.1646639296267249
v -0.2992912900000000 0.0389150500000000 0.0102182100000000
vn -1.0541079046323136 0.6034856354000365 -6.1646637554383190
v -0.2821227600000000 0.0191771400000000 0.0053503000000000
vn -1.0541088593046650 0.6034849345381550 -6.1646636608027974
v -0.3673949700000000 0.1116553900000000 0.0289842600000000
vn -1.0540900278610976 0.6035017680398420 -6.1646652328242713
v -0.3900961900000000 0.1359021700000000 0.0352396100000000
vn -1.0540878964144884 0.6035049132423389 -6.1646652893203919
v -0.3729276600000000 0.1161642600000000 0.0303717000000000
vn 3.5154850952252681 0.9644328707730894 5.1175825725974118
v -0.2265964700000000 -0.0127117100000000 -0.0117614800000000
vn 3.5154811534025101 0.9644310183958968 5.1175856294920594
v -0.2214765300000000 -0.0160424800000000 -0.0146508800000000
vn 3.5154825879517211 0.9644329162412297 5.1175842863773084
v -0.2470762300000000 0.0006113800000000 -0.0002038600000000
vn 3.5154841430032397 0.9644338064604752 5.1175830503803796
v -0.2509085800000000 0.0194694000000000 -0.0011251500000000
vn 3.5154807669489454 0.9644310219432564 5.1175858942945265
v -0.2624056000000000 0.0760434400000000 -0.0038890000000000
vn 3.5154854616819704 0.9644333085550520 5.1175822383579170
v -0.2662379400000000 0.0949014600000000 -0.0048102800000000
vn 3.5154855194643915 0.9644329640856313 5.1175822635837012
v -0.2572856600000000 0.0727126700000000 -0.0067784000000000
vn -4.0853339570397509 -2.6580893053048142 -3.9652270185750940
v -0.2545714500000000 0.0003463200000000 -0.0069519900000000
vn -4.0853337892710631 -2.6580885265116891 -3.9652277134894063
v -0.2761471000000000 0.0247158500000000 -0.0010589200000000
vn -4.0853341650235802 -2.6580905090670974 -3.9652259973486714
v -0.2596915600000000 0.0036582600000000 -0.0038969500000000
vn -4.0853309315212245 -2.6580855049895038 -3.9652326832656346
v -0.2340909800000000 -0.0129014400000000 -0.0191721800000000
vn -4.0853337892594794 -2.6580885265030263 -3.9652277134864815
v -0.2556666400000000 0.0114680900000000 -0.0132791100000000
vn -4.0853337892594892 -2.6580885265030387 -3.9652277134864642
v -0.2392111000000000 -0.0095895000000000 -0.0161171400000000
vn -4.0853339147551564 -2.6580893472985769 -3.9652270339900841
v -0.3203936000000000 0.0845766700000000 0.0044001200000000
vn -4.0853337033446966 -2.6580884395786288 -3.9652278602940072
v -0.3419692600000000 0.1089462000000000 0.0102932000000000
vn -4.0853338288286691 -2.6580892603656383 -3.9652271807947179
v -0.3255137200000000 0.0878886100000000 0.0074551700000000
vn 0.1343829879925773 -0.3344559286643621 6.2728381175247394
v -0.1844266500000000 -0.0103095300000000 -0.0183343200000000
vn 0.1343815408480985 -0.3344573222752443 6.2728380742222303
v -0.1987438200000000 -0.0206501000000000 -0.0185789500000000
vn 0.1343801066131904 -0.3344575485258496 6.2728380928807566
v -0.2171869900000000 0.0579320900000000 -0.0139939800000000
vn 0.1343834999610638 -0.3344564939879311 6.2728380764151144
v -0.2120532400000000 0.0428236400000000 -0.0149095200000000
vn -0.4766987595260183 0.6661029014202675 -6.2295652193182045
v -0.1917476600000000 -0.0081903800000000 -0.0258540900000000
vn -0.4767029424404273 0.6661015805039858 -6.2295650404723615
v -0.2559022800000000 0.0940037900000000 -0.0100176200000000
vn -0.4767002646034729 0.6661017300794094 -6.2295652293922368
v -0.2443421300000000 0.0730315500000000 -0.0131447100000000
vn 2.1731274340187983 0.7286608539002396 5.8502126559497700
v -0.1494497800000000 -0.0089781600000000 -0.0272332500000000
vn 2.1731256027343044 0.7286622051160960 5.8502131679044993
v -0.1461131500000000 -0.0080343100000000 -0.0285902400000000
vn 1.1538672034466442 0.9131693325249467 6.0393645582466373
v -0.1653647700000000 -0.0238752400000000 -0.0194659800000000
vn 2.1731268382229345 0.7286604148504272 5.8502129319523428
v -0.1594596700000000 -0.0118097200000000 -0.0231622900000000
vn 2.1731229983219307 0.7286610303109977 5.8502142816667666
v -0.1642006200000000 0.0284295800000000 -0.0264131300000000
vn -2.2988126606882062 -0.3701013843971399 -5.8358292401921705
v -0.1574669300000000 -0.0045020900000000 -0.0338561600000000
vn -2.2988177643329335 -0.3701033691606297 -5.8358271039201313
v -0.1992243900000000 0.0479243500000000 -0.0207321400000000
vn 0.3325445248101021 -0.1772254432044658 6.2718755476851449
v -0.1255942900000000 -0.0032081900000000 -0.0306446300000000
vn 0.3325415518016474 -0.1772253427836678 6.2718757081559549
v -0.1359554800000000 0.0299285400000000 -0.0291589200000000
vn -0.1690165048312710 1.0532589392685519 -6.1919703352245836
v -0.1264453200000000 -0.0048887900000000 -0.0391751700000000
vn -0.1690180266054511 1.0532586369439172 -6.1919703451101720
v -0.1540032500000000 0.0306582800000000 -0.0323763500000000
vn 1.4506262351404140 0.3378029235650216 6.1040961915019780
v -0.0958370200000000 -0.0126927900000000 -0.0354166800000000
vn 1.4506288095326736 0.3378058993528705 6.1040954150202165
v -0.1067616700000000 0.0168927500000000 -0.0344577400000000
vn -0.8366481851306747 0.7327587561647250 -6.1839713795903561
v -0.0949873700000000 -0.0128222200000000 -0.0431287500000000
vn -0.8366498902324159 0.7327583094440284 -6.1839712018571316
v -0.0983178700000000 -0.0113348700000000 -0.0425019100000000
vn -0.8366444996334867 0.7327599007274154 -6.1839717426160723
v -0.1258976200000000 0.0309027700000000 -0.0337657100000000
vn 2.0407640077837179 0.4921815474427790 5.9221159388537483
v -0.0661512200000000 -0.0305181000000000 -0.0433073800000000
vn 2.0407649728709503 0.4921859286364955 5.9221152421667709
v -0.0820682500000000 0.0076654300000000 -0.0409957700000000
vn -1.4321388409729217 -0.0887244973954211 -6.0599344008658074
v -0.0843456100000000 -0.0250549000000000 -0.0460179800000000
vn -1.0888662889057932 0.6424006842675352 -6.1546818902342348
v -0.0673536400000000 -0.0300991400000000 -0.0495506400000000
vn -1.0888587017949007 0.6424084283143168 -6.1546824242122895
v -0.0949372600000000 0.0106883800000000 -0.0404133900000000
vn -1.0888616555461099 0.6424049102054337 -6.1546822688636880
v -0.0983498100000000 0.0128656900000000 -0.0395823900000000
vn 4.1200874312104396 2.7493047566372208 3.8658272748055458
v -0.4542989400000000 0.1541552700000000 0.0787632800000000
vn 4.1200858789091708 2.7493036998093903 3.8658296807993651
v -0.4715376500000000 0.1784076900000000 0.0798879200000000
vn 4.1200874979089468 2.7493050433920305 3.8658269997870502
v -0.4471802800000000 0.1645218200000000 0.0638039100000000
vn 4.1200887405986126 2.7493057915943440 3.8658251432576560
v -0.4326479400000000 0.1418122700000000 0.0644663800000000
vn 4.1200897439950168 2.7493067686481636 3.8658233790034737
v -0.4525930300000000 0.1676075700000000 0.0673781400000000
vn 4.1200853647880233 2.7493028888715396 3.8658308054620685
v -0.3745186100000000 0.0509740900000000 0.0671162400000000
vn 4.1200881888875607 2.7493054513025652 3.8658259732630302
v -0.3917573200000000 0.0752265100000000 0.0682408900000000
vn -4.1294226275827262 -2.9861905527812338 -3.6754526727432077
v -0.4466650900000000 0.1700468600000000 0.0601972200000000
vn -4.1294226275827253 -2.9861905527812342 -3.6754526727432046
v -0.4207920700000000 0.1466908600000000 0.0501045400000000
vn -4.1294226275827262 -2.9861905527812347 -3.6754526727432069
v -0.4412523400000000 0.1669611100000000 0.0566229900000000
vn -4.1294248200979800 -2.9861933783006283 -3.6754479137798333
v -0.4683160800000000 0.1823898600000000 0.0744941100000000
vn -4.1294226586925724 -2.9861894771217550 -3.6754535117330325
v -0.4424430700000000 0.1590338600000000 0.0644014300000000
vn -4.1294248200979631 -2.9861933783005998 -3.6754479137798786
v -0.4629033400000000 0.1793041100000000 0.0709198900000000
vn -4.1294248200759007 -2.9861933782746108 -3.6754479137828802
v -0.3648240200000000 0.0889658500000000 0.0341233900000000
vn -4.1294225707279075 -2.9861895487205592 -3.6754535523907821
v -0.3389510000000000 0.0656098500000000 0.0240307100000000
vn -4.1294205540100881 -2.9861840992742277 -3.6754602456991310
v -0.3594112700000000 0.0858801000000000 0.0305491700000000
vn 0.1792405205880276 0.6912672393039785 -1.5870095714541392
v -0.3539985200000000 0.0827943500000000 0.0269749500000000
vn 4.0927757833286416 3.4320021782439252 2.4631489526962089
v -0.3130847100000000 0.0415289300000000 0.0203139400000000
vn -2.6449203513638939 1.5675452377252781 5.4795634741061576
v 0.2926012600000000 0.0274884200000000 0.0129411000000000
vn -2.6449250618848654 1.5675473424525270 5.4795605983082174
v 0.3091466900000000 0.0485761800000000 0.0148947800000000
vn -2.6449191985357468 1.5675447226277521 5.4795641779242912
v 0.2981517200000000 0.0319726400000000 0.0143374300000000
vn -2.6449262879300841 1.5675477728902054 5.4795598833739163
v 0.2703994200000000 0.0095515300000000 0.0073557400000000
vn -2.6449299868310279 1.5675515081353886 5.4795570294012741
v 0.2869448400000000 0.0306392800000000 0.0093094300000000
vn -2.6449263232688027 1.5675477320243585 5.4795598780068513
v 0.2759498800000000 0.0140357500000000 0.0087520800000000
vn -2.6449262879300601 1.5675477728901877 5.4795598833739323
v 0.3365811100000000 0.0939025500000000 0.0151704900000000
vn -2.6449299868310483 1.5675515081354030 5.4795570294012608
v 0.3531265300000000 0.1149903000000000 0.0171241800000000
vn -2.6449263232688245 1.5675477320243725 5.4795598780068380
v 0.3421315700000000 0.0983867700000000 0.0165668300000000
vn 3.6535990433838248 -2.2543147549890139 -4.5877768712064180
v 0.3953940200000000 0.1475043500000000 0.0339074800000000
vn 3.6535947046006503 -2.2543102381202922 -4.5877825459731278
v 0.3788495600000000 0.1265201600000000 0.0310429400000000
vn 3.6535937638028444 -2.2543093627822479 -4.5877837252968092
v 0.4016483300000000 0.1506657500000000 0.0373348400000000
vn 3.6535969412647651 -2.2543137476790136 -4.5877790402505605
v 0.3703767700000000 0.1348587900000000 0.0201980400000000
vn 3.6535957833637593 -2.2543132870054570 -4.5877801887331762
v 0.3538323100000000 0.1138745900000000 0.0173335100000000
vn 3.6535979492703321 -2.2543145621639642 -4.5877778372824345
v 0.3766310800000000 0.1380201800000000 0.0236254000000000
vn 3.6535969412647678 -2.2543137476790140 -4.5877790402505658
v 0.3041989200000000 0.0509220000000000 0.0087399100000000
vn 3.6535955338837316 -2.2543122394299182 -4.5877809021651217
v 0.2876544600000000 0.0299378100000000 0.0058753800000000
vn 3.6535969412647655 -2.2543137476790136 -4.5877790402505614
v 0.3104532400000000 0.0540834000000000 0.0121672700000000
vn -1.4875429375853761 0.6043427247269280 6.0745702304164233
v 0.2844372500000000 0.0992712000000000 0.0013841000000000
vn -1.4875436342634645 0.6043425801183342 6.0745700742007385
v 0.2946687900000000 0.1192354700000000 0.0019034100000000
vn -1.4875434343773386 0.6043423662160446 6.0745701444293978
v 0.3451798400000000 0.1282233700000000 0.0133784000000000
vn -1.4875445820386246 0.6043425966285301 6.0745698404661317
v 0.3286344200000000 0.1071356200000000 0.0114247100000000
vn -1.4875447866512721 0.6043433504380555 6.0745697153661746
v 0.2687666100000000 0.0239080800000000 0.0050443400000000
vn -1.4875437622597152 0.6043431706994854 6.0745699841015988
v 0.2789981500000000 0.0438723500000000 0.0055636500000000
vn 1.3392713433760379 0.3014779668537154 -6.1313849095184541
v 0.3246904600000000 0.1018879300000000 0.0049108400000000
vn 1.3392693927855757 0.3014792974274177 -6.1313852701594005
v 0.3400509200000000 0.1250377900000000 0.0094042800000000
vn 1.3392706949899864 0.3014782178081016 -6.1313850388050817
v 0.2741794100000000 0.0929000300000000 -0.0065641500000000
vn 1.3392709103097382 0.3014779907037462 -6.1313850029396360
v 0.2895398700000000 0.1160498800000000 -0.0020707100000000
vn 1.3392707068110186 0.3014775534116831 -6.1313850688913512
v 0.2470396600000000 0.0268209400000000 -0.0157413400000000
vn 1.3392683506914611 0.3014802818250831 -6.1313854493781026
v 0.2379930800000000 0.0047945800000000 -0.0188004000000000
vn 1.3392681272853277 0.3014794069592816 -6.1313855411938736
v 0.2596674300000000 0.0290679200000000 -0.0128725900000000
vn -0.8134368482176031 -0.2250345123114898 6.2262426524005470
v 0.2291952200000000 0.0606773700000000 -0.0125814600000000
vn -0.8134419604008003 -0.2250337827803379 6.2262420108780301
v 0.2317721100000000 0.0768799500000000 -0.0116591900000000
vn -0.8134406613853500 -0.2250333037613044 6.2262421979030469
v 0.2608908400000000 0.1036377600000000 -0.0068878100000000
vn -0.8134419866243642 -0.2250334713175443 6.2262420187076479
v 0.2518431200000000 0.0814890000000000 -0.0088703800000000
vn -0.8134448090370066 -0.2250324158810013 6.2262416881140634
v 0.2188876700000000 -0.0041329300000000 -0.0162705300000000
vn -0.8134415906990646 -0.2250328187124652 6.2262420940225933
v 0.2246999700000000 0.0150427300000000 -0.0148181100000000
vn 0.2560796436964997 0.8309492021789853 -6.2227296457294043
v 0.2524531700000000 0.1029985400000000 -0.0086677700000000
vn 0.2560793253222777 0.8309497240233660 -6.2227295891469545
v 0.2446740300000000 0.0891298400000000 -0.0108398500000000
vn 0.2560741322149884 0.8309503514237745 -6.2227297190486794
v 0.2589240000000000 0.1089447200000000 -0.0076074600000000
vn 0.2560797935380271 0.8309496253331065 -6.2227295830571983
v 0.2265698500000000 0.0792138200000000 -0.0129090000000000
vn 0.2560693888917968 0.8309552460559981 -6.2227292606482250
v 0.2187907100000000 0.0653451300000000 -0.0150810800000000
vn 0.2560692130755162 0.8309554341944934 -6.2227292427605008
v 0.2330406800000000 0.0851600000000000 -0.0118486900000000
vn 0.2560699593876951 0.8309546355729128 -6.2227293186955128
v 0.1954532800000000 0.0237390300000000 -0.0215973100000000
vn 0.2560699594020721 0.8309546355591655 -6.2227293186958521
v 0.1876741300000000 0.0098703300000000 -0.0237693900000000
vn 0.2560699594020754 0.8309546355591633 -6.2227293186958530
v 0.2019241100000000 0.0296852100000000 -0.0205370100000000
vn -0.2227066492067237 0.6430777554486605 -0.0961362254390021
v 0.1718225900000000 0.0567836500000000 -0.0270489200000000
vn -2.0035500214151662 0.7303891789047828 5.9102230552985349
v 0.1767920400000000 0.0351420200000000 -0.0226898000000000
vn -2.0035509273597913 0.7303904261518775 5.9102225940491744
v 0.2130492700000000 0.0693738800000000 -0.0146290900000000
vn -2.0035554574057688 0.7303919798363052 5.9102208663616285
v 0.2052273300000000 0.0554055100000000 -0.0155544900000000
vn -2.0035489619466715 0.7303871964379901 5.9102236594496089
v 0.2060423300000000 0.0655798000000000 -0.0165355500000000
vn -2.0035493283949117 0.7303884045481646 5.9102233859260265
v 0.1739395500000000 -0.0004679800000000 -0.0192560800000000
vn 1.4011831965879844 0.4804820432303308 -6.1060822349587589
v 0.2027134700000000 0.0666843900000000 -0.0191812000000000
vn 1.4011842506720851 0.4804833697439861 -6.1060818886864503
v 0.1985696100000000 0.0576146900000000 -0.0208457900000000
vn 1.4011831763137055 0.4804814726577429 -6.1060822845091671
v 0.2097204100000000 0.0704784700000000 -0.0172747400000000
vn 1.4011831203034932 0.4804813236299649 -6.1060823090892580
v 0.1705418300000000 0.0424383400000000 -0.0284716400000000
vn 1.4011859057539451 0.4804833077007798 -6.1060815137704667
v 0.1581102500000000 0.0152292500000000 -0.0334654200000000
vn 1.4011834102726637 0.4804817300030367 -6.1060822105714809
v 0.1539664000000000 0.0061595500000000 -0.0351300100000000
vn 1.4011855451489179 0.4804827482008478 -6.1060816405429872
v 0.1651172000000000 0.0190233300000000 -0.0315589500000000
vn -0.1629315703592396 -0.1864646435553645 6.2783040579790583
v 0.1575590500000000 0.0451545100000000 -0.0277644600000000
vn -0.1629321508643404 -0.1864661719421279 6.2783039975178516
v 0.1457231200000000 0.0113596200000000 -0.0290753300000000
vn 0.2588570842129844 0.9890570809568816 -6.1994497098462498
v 0.1465949500000000 0.0452600700000000 -0.0299407500000000
vn 0.2588572638100044 0.9890573105289345 -6.1994496657202074
v 0.1294463500000000 0.0157267800000000 -0.0353685100000000
vn -1.5355959288248429 0.3454238587459778 6.0828484368326867
v 0.1353052300000000 0.0481909800000000 -0.0289870500000000
vn -1.5355959465350497 0.3454237645923880 6.0828484377081278
v 0.1314665500000000 0.0454822800000000 -0.0298022900000000
vn -1.5355969716843032 0.3454253934142969 6.0828480864224295
v 0.1173039800000000 0.0093486800000000 -0.0313256800000000
vn 0.7510320340999296 0.7977529864130908 -6.1869183492819202
v 0.1281317000000000 0.0441415600000000 -0.0315937200000000
vn 0.7510350561235302 0.7977519867207458 -6.1869181113339362
v 0.1319703800000000 0.0468502600000000 -0.0307784800000000
vn 0.7510325842366496 0.7977520432160434 -6.1869184041218084
v 0.0987103800000000 0.0012907100000000 -0.0406904600000000
vn 0.7510374365543010 0.7977505272218961 -6.1869180105726276
v 0.1042268800000000 0.0093252500000000 -0.0389848200000000
vn -1.7713219792217749 0.4838858505843019 6.0088843002569430
v 0.0976397300000000 0.0194679800000000 -0.0370374600000000
vn -1.7713212248789012 0.4838854244018387 6.0088845569420100
v 0.0904894200000000 -0.0031422300000000 -0.0373244900000000
vn 1.5933749375130222 0.2834769003835544 -6.0711790255081262
v 0.0926572200000000 0.0209659600000000 -0.0402303700000000
vn 1.5933744733029598 0.2834773614763681 -6.0711791258082108
v 0.1025997000000000 0.0276943800000000 -0.0373068100000000
vn 1.5933701092214647 0.2834789313820584 -6.0711801978567470
v 0.0719319000000000 -0.0137116600000000 -0.0472888900000000
vn 1.5933701092222716 0.2834789313810468 -6.0711801978567363
v 0.0748496400000000 -0.0129700900000000 -0.0464885100000000
vn -3.9187528722853124 1.4639059826850553 3.0942944086653692
v 0.0690093600000000 -0.0149709500000000 -0.0435357100000000
vn -2.0980198683684903 1.3550012752656202 -2.9007079859138214
v 0.0609746100000000 -0.0333023200000000 -0.0510793600000000
vn -3.6936164496034283 2.5117226275697262 4.4189211997632905
v 0.3633208500000000 0.0486083300000000 0.0578554100000000
vn -3.6936160750733693 2.5117232067574111 4.4189211836095215
v 0.3486866000000000 0.0259636500000000 0.0584944500000000
vn -3.6936173200815268 2.5117238311866625 4.4189197880243229
v 0.3396950600000000 0.0580565400000000 0.0327370900000000
vn -3.6936159987530770 2.5117227468414245 4.4189215088199933
v 0.4218578300000000 0.1391870500000000 0.0552992400000000
vn -3.6936159263181345 2.5117231798672743 4.4189213232330609
v 0.4042703600000000 0.1177234000000000 0.0527984900000000
vn 3.9475126576581516 -2.6060503132447468 -4.1357058873694967
v 0.3505412100000000 0.0646976500000000 0.0353487100000000
vn 3.9475119107863987 -2.6060499257870315 -4.1357068444039626
v 0.3245808100000000 0.0414569200000000 0.0252144000000000
vn 3.9475122913659932 -2.6060509416733946 -4.1357058409991989
v 0.3689958500000000 0.0569926100000000 0.0578187900000000
vn 3.9475123967745827 -2.6060494155237071 -4.1357067020648417
v 0.3511554900000000 0.0303616800000000 0.0575713200000000
vn 3.9475124795073553 -2.6060513335063638 -4.1357054145080347
v 0.4343279100000000 0.1319542100000000 0.0729420600000000
vn 3.9475125076199982 -2.6060507002309681 -4.1357057867268265
v 0.4543828300000000 0.1576605500000000 0.0758859500000000
vn 3.9475127555485727 -2.6060506089108610 -4.1357056076219774
v 0.4284224200000000 0.1344198200000000 0.0657516400000000
vn -4.0814208612792751 3.4501809944075719 2.4565920375495525
v 0.3132479200000000 0.0401359600000000 0.0208169700000000
vn -0.1736158180488752 0.6920512254463698 -1.5872852741165360
v 0.3543341100000000 0.0812190200000000 0.0275438200000000
vn 4.1219981689962895 -3.0045421007097279 -3.6688248069663096
v 0.4635964000000000 0.1772435700000000 0.0716639800000000
vn 4.1219985017803840 -3.0045415183663353 -3.6688249099790200
v 0.4430566700000000 0.1570645000000000 0.0651126000000000
vn 4.1219963847093339 -3.0045396987422963 -3.6688287787003615
v 0.4690170700000000 0.1803052300000000 0.0752469000000000
vn 4.1219984961618712 -3.0045415229014449 -3.6688249125775458
v 0.4419137100000000 0.1649969500000000 0.0573322800000000
vn 4.1219985472559788 -3.0045414816433036 -3.6688248889348625
v 0.4213739800000000 0.1448178800000000 0.0507809000000000
vn 4.1219963334002045 -3.0045386882322465 -3.6688296638790958
v 0.4473343800000000 0.1680586000000000 0.0609152100000000
vn 4.1219963789037832 -3.0045386515520338 -3.6688296428081442
v 0.3597547900000000 0.0842806700000000 0.0311267500000000
vn 4.1219963788978324 -3.0045386515352765 -3.6688296428317066
v 0.3392150500000000 0.0641016000000000 0.0245753600000000
vn 4.1219984961621030 -3.0045415229012811 -3.6688249125774317
v 0.3651754600000000 0.0873423300000000 0.0347096700000000
vn -4.1140229557038692 2.7676184894418068 3.8592124353486614
v 0.4532398700000000 0.1655929900000000 0.0681056300000000
vn -4.1140230464250127 2.7676183926808493 3.8592124080291796
v 0.4331849500000000 0.1398866600000000 0.0651617500000000
vn -4.1140206972681392 2.7676160835430017 3.8592165682839292
v 0.4478192000000000 0.1625313400000000 0.0645227100000000
vn -4.1140221243677022 2.7676184095056553 3.8592133789068908
v 0.4749225600000000 0.1778396100000000 0.0824373300000000
vn -4.1140221922929072 2.7676181849591859 3.8592134675295959
v 0.4548676400000000 0.1521332800000000 0.0794934500000000
vn -4.1140203707012173 2.7676170090383660 3.8592162526973270
v 0.4667915500000000 0.1732471300000000 0.0770629400000000
vn -4.1140207269687341 2.7676160538152637 3.8592165579365014
v 0.3746479700000000 0.0493079400000000 0.0677179100000000
vn -4.1140213023714267 2.7676168668015508 3.8592153615192548
v 0.3919925500000000 0.0734834500000000 0.0688703300000000
vn 1.1015908973205284 0.6375325621058763 -6.1529234784358007
v 0.0690236400000000 -0.0293175900000000 -0.0490242500000000
vn 1.1015973124820007 0.6375314811924706 -6.1529224418780473
v 0.0984841300000000 0.0124279300000000 -0.0394243100000000
vn 1.1015982794920849 0.6375302133849523 -6.1529224001070517
v 0.0950632700000000 0.0102658200000000 -0.0402608000000000
vn -2.0480664006027696 0.5012781847145655 5.9188311181015223
v 0.0732562700000000 -0.0232613300000000 -0.0413640400000000
vn -2.0480621732780975 0.5012746495114173 5.9188328802633885
v 0.0821818900000000 0.0073001400000000 -0.0408638600000000
vn 0.8498229941369211 0.7290095139530243 -6.1826178607026190
v 0.0983492400000000 -0.0117722600000000 -0.0423439700000000
vn 0.8498219178990427 0.7290093377587390 -6.1826180294004462
v 0.0950131600000000 -0.0132447800000000 -0.0429761500000000
vn 0.8498267536063763 0.7290085978406569 -6.1826174519757355
v 0.1087744700000000 -0.0071706200000000 -0.0403683800000000
vn 0.8498270095731509 0.7290074288238870 -6.1826175546324853
v 0.1261025100000000 0.0303423200000000 -0.0335633200000000
vn -1.4589080653613191 0.3442734451034332 6.1017604554865486
v 0.0911664400000000 -0.0168195500000000 -0.0361740100000000
vn 0.1836486784487341 1.0524739976942672 -6.1916871086510943
v 0.1253111300000000 -0.0053600700000000 -0.0389917600000000
vn 0.1836450745383895 1.0524749576973944 -6.1916870523608045
v 0.1393579200000000 -0.0064387200000000 -0.0387584800000000
vn 0.1836477509009484 1.0524753025535178 -6.1916869143532445
v 0.1542045100000000 0.0299728300000000 -0.0321288300000000
vn -0.3434000160376088 -0.1757209271550115 6.2713328877601899
v 0.1345605000000000 0.0318760900000000 -0.0289558200000000
vn -0.3434062166637247 -0.1757226768093288 6.2713324992003008
v 0.1380180400000000 0.0315964700000000 -0.0287743300000000
vn 2.3065176057815973 -0.3803445397455852 -5.8321292998038645
v 0.1565658600000000 -0.0049199800000000 -0.0339966500000000
vn 2.3065164160758025 -0.3803451535284931 -5.8321297302822455
v 0.1531942000000000 -0.0039150600000000 -0.0353956300000000
vn 2.3065158517192970 -0.3803426012326640 -5.8321301199271112
v 0.1700525000000000 -0.0089396300000000 -0.0284007500000000
vn 2.3065176316836422 -0.3803436634395895 -5.8321293467099560
v 0.1641521000000000 -0.0071810300000000 -0.0308489600000000
vn 2.3065189821429195 -0.3803454198437228 -5.8321286980776623
v 0.1994832400000000 0.0470376200000000 -0.0204119200000000
vn -2.1792563039555395 0.7383393677307778 5.8467182713112784
v 0.1627171700000000 0.0281781500000000 -0.0268304100000000
vn -2.1792550247994509 0.7383388681705676 5.8467188111776682
v 0.1660473800000000 0.0272194700000000 -0.0254680700000000
vn 0.4896630374185050 0.6639536199430057 -6.2287890720988042
v 0.1903017800000000 -0.0084213400000000 -0.0255948300000000
vn 0.4896658788977633 0.6639525647088838 -6.2287889612011096
v 0.1993483600000000 0.0136050200000000 -0.0225357600000000
vn 0.4896611743834539 0.6639540787364220 -6.2287891696530329
v 0.1850983800000000 -0.0062098500000000 -0.0257681500000000
vn 0.4896655817247563 0.6639526462729896 -6.2287889758684631
v 0.2201619300000000 0.0047590800000000 -0.0218424700000000
vn 0.4896660309311257 0.6639522909476328 -6.2287889784299928
v 0.2473016700000000 0.0708381700000000 -0.0126652800000000
vn 0.4896615650917562 0.6639538843550737 -6.2287891596584171
v 0.2563482500000000 0.0928645400000000 -0.0096062200000000
vn 0.4896660379953408 0.6639522454726735 -6.2287889827222243
v 0.2420982800000000 0.0730496600000000 -0.0128386100000000
vn -0.1459439501484456 -0.3338332159221731 6.2726129604590959
v 0.1957210400000000 -0.0116174300000000 -0.0178011700000000
vn -0.1459436861408858 -0.3338324836465607 6.2726130055731151
v 0.2174793300000000 0.0569653900000000 -0.0136448900000000
vn -0.1459441799332896 -0.3338336421524720 6.2726129324272231
v 0.2122799100000000 0.0418799200000000 -0.0145687300000000
vn 4.0798353906717670 -2.6762494462675730 -3.9586676661134410
v 0.2392062700000000 -0.0106535000000000 -0.0157329100000000
vn 4.0798345805190745 -2.6762491886829007 -3.9586686751855229
v 0.2557507300000000 0.0103307000000000 -0.0128683800000000
vn 4.0798345805186953 -2.6762491886784230 -3.9586686752060345
v 0.2340763900000000 -0.0139426400000000 -0.0187961900000000
vn 4.0798348309873154 -2.6762503851551460 -3.9586676081946321
v 0.2597258100000000 0.0025030800000000 -0.0034797900000000
vn 4.0798345805190737 -2.6762491886828998 -3.9586686751855193
v 0.2762702700000000 0.0234872700000000 -0.0006152600000000
vn 4.0798345805186953 -2.6762491886784252 -3.9586686752060309
v 0.2545959200000000 -0.0007860700000000 -0.0065430700000000
vn 4.0798323151738964 -2.6762452552338356 -3.9586736690756199
v 0.3259036500000000 0.0864398600000000 0.0079783400000000
vn 4.0798345377833742 -2.6762492307708432 -3.9586686907929036
v 0.3424481100000000 0.1074240600000000 0.0108428700000000
vn 4.0798345805190728 -2.6762491886828976 -3.9586686751855233
v 0.3207737600000000 0.0831507200000000 0.0049150600000000
vn -3.5193757668292731 0.9800787360005649 5.1119328523988168
v 0.2484437600000000 0.0166991400000000 -0.0021708600000000
vn -3.5193736305966783 0.9800773428297913 5.1119345902193887
v 0.2445261000000000 -0.0021416400000000 -0.0012558000000000
vn -3.5193705513441640 0.9800771189860565 5.1119367530832287
v 0.2304885600000000 0.0051212200000000 -0.0123125900000000
vn -3.5193744122768784 0.9800784889710704 5.1119338323188295
v 0.2240058700000000 -0.0153735400000000 -0.0128463500000000
vn -3.5193734284938887 0.9800775700342232 5.1119346857970811
v 0.2576317100000000 0.0715674900000000 -0.0063648600000000
vn -3.5193753465718003 0.9800778837220743 5.1119333051281757
v 0.2666794300000000 0.0937162500000000 -0.0043822900000000
vn -3.5193732280597940 0.9800777070396884 5.1119347975225500
v 0.2627617700000000 0.0748754700000000 -0.0034672300000000
vn 1.0666750376494751 0.5987767193597994 -6.1629610098252954
v 0.2822109200000000 0.0179220600000000 0.0058035300000000
vn 1.0666807735523682 0.5987700360461651 -6.1629606664022063
v 0.2994592400000000 0.0375834200000000 0.0106990800000000
vn 1.0666764302989957 0.5987754048455193 -6.1629608965114233
v 0.2766604600000000 0.0134378400000000 0.0044071900000000
vn 1.0666775027143420 0.5987746934840631 -6.1629607800118835
v 0.3044127700000000 0.0358589500000000 0.0113888800000000
vn 1.0666577156627426 0.5987923510946029 -6.1629624890415036
v 0.3216610800000000 0.0555203200000000 0.0162844400000000
vn 1.0666757151796746 0.5987763704852040 -6.1629609264582887
v 0.2988623100000000 0.0313747300000000 0.0099925400000000
vn 1.0666818459677314 0.5987693246846949 -6.1629605499026576
v 0.3734060200000000 0.1145044100000000 0.0309710900000000
vn 1.0666807735484478 0.5987700360489964 -6.1629606664014043
v 0.3906543300000000 0.1341657700000000 0.0358666400000000
vn 1.0666800277160084 0.5987709711298472 -6.1629607046412103
v 0.3678555600000000 0.1100201900000000 0.0295747500000000
vn 2.9167189300102989 -1.7345277866011979 -3.3102069406759385
v 0.3444598600000000 0.0796659000000000 0.0225763300000000
vn 0.5555336870663694 -0.9003696620463700 2.0611702247745067
v 0.3099565000000000 0.0396182600000000 0.0191611300000000
vn -3.6556876319284144 2.2670829884080499 4.5798144357379300
v 0.3821805800000000 0.1424008400000000 0.0259325800000000
vn -3.6556835300908572 2.2670821066202023 4.5798181463918812
v 0.3649313000000000 0.1226359200000000 0.0219478700000000
vn -3.6556858332963511 2.2670828476130538 4.5798159411296755
v 0.3759262700000000 0.1392394500000000 0.0225052200000000
vn -3.6556856528031743 2.2670815588302617 4.5798167231717297
v 0.4071978300000000 0.1550464100000000 0.0396420200000000
vn -3.6556874741969110 2.2670822326927138 4.5798149357333111
v 0.3899485600000000 0.1352814900000000 0.0356573100000000
vn -3.6556876573864399 2.2670829633280083 4.5798144278319333
v 0.4009435200000000 0.1518850200000000 0.0362146600000000
vn -3.6556871925709689 2.2670829985140095 4.5798147814376646
v 0.3382007300000000 0.0759867100000000 0.0237031900000000
vn -3.6556879479943296 2.2670831669404796 4.5798140950721535
v 0.3209514600000000 0.0562217900000000 0.0197184800000000
vn -3.6556879098073924 2.2670832045604881 4.5798141069311136
v 0.3319464200000000 0.0728253200000000 0.0202758300000000
vn -3.9524168948303720 -2.5884814159243139 -4.1420504889754417
v -0.3481304100000000 0.0331431300000000 0.0534168600000000
vn -3.9524175229881306 -2.5884820618935938 -4.1420494858931205
v -0.3540583400000000 0.0307038400000000 0.0605977800000000
vn -3.9524172110191644 -2.5884805257654824 -4.1420507435483653
v -0.3547376300000000 0.0644268300000000 0.0401715500000000
vn -3.9524174484041925 -2.5884809559352164 -4.1420502482065826
v -0.3273826300000000 0.0416806500000000 0.0282836400000000
vn -3.9524168833816526 -2.5884802253547408 -4.1420512439205890
v -0.4537837500000000 0.1596803100000000 0.0751565800000000
vn -3.9524169479493816 -2.5884800356947490 -4.1420513008323798
v -0.4308747000000000 0.1351046600000000 0.0686543600000000
vn 3.6976496797952749 2.4952843620310645 4.4248571053162049
v -0.3249386600000000 0.0368574600000000 0.0328541000000000
vn 3.6976491351708134 2.4952845686496889 4.4248574439165091
v -0.3439162200000000 0.0578152100000000 0.0368941900000000
vn 3.6976500831669461 2.4952846814421950 4.4248565881136050
v -0.3190116900000000 0.0391932000000000 0.0265840200000000
vn 3.6976495786714660 2.4952835904765909 4.4248576249177090
v -0.3486465600000000 0.0275145300000000 0.0579344100000000
vn 3.6976506336404076 2.4952865819289016 4.4248550563763533
v -0.3631788900000000 0.0502240700000000 0.0572719400000000
vn 3.6976496714847826 2.4952856465635929 4.4248563878805118
v -0.4213082200000000 0.1410622600000000 0.0546220800000000
vn 3.6976499049410156 2.4952845438185989 4.4248568146571623
v -0.4038124000000000 0.1195205800000000 0.0521495100000000
vn 5.7997336328547080 2.4007553196820339 0.2790721895613042
v -0.0610263500000000 -0.0331345300000000 -0.0502666200000000
vn 2.1086905301696675 1.3456465929577694 -2.8973348261881142
v -0.0610253900000000 -0.0330309900000000 -0.0511773400000000
vn 3.9202511145606227 1.4464678189759899 3.1006067451106971
v -0.0689906400000000 -0.0146640400000000 -0.0436465400000000
vn -1.5823396598763220 0.2905424444088109 -6.0737306404820703
v -0.0733593600000000 -0.0130145000000000 -0.0470065600000000
vn 1.7638054850518814 0.4760234265238109 6.0117226742968874
v -0.0904278200000000 -0.0027398700000000 -0.0374697900000000
vn -0.7375425870546198 0.8010615392843679 -6.1881135208420313
v -0.1136862200000000 0.0318424200000000 -0.0351555200000000
vn -0.7375384102878324 0.8010621906600849 -6.1881139343416161
v -0.1005375100000000 0.0030924600000000 -0.0404444000000000
vn 1.5273476343600989 0.3386135032738670 6.0853075274419526
v -0.1307280200000000 0.0447057800000000 -0.0300560700000000
vn 1.5273461207860282 0.3386103608003163 6.0853080821947039
v -0.1152822000000000 0.0085073400000000 -0.0319185600000000
vn 1.5273484846781500 0.3386135828222055 6.0853073095970380
v -0.1191101000000000 0.0112330900000000 -0.0311094700000000
vn -0.2444938125785413 0.9901782320321583 -6.1998538247907611
v -0.1603606900000000 0.0491293700000000 -0.0291087500000000
vn 0.1520172305680259 -0.1871665310901643 6.2785569246118493
v -0.1604606600000000 0.0491271400000000 -0.0278431900000000
vn 0.1520149317567547 -0.1871660784459896 6.2785569937652213
v -0.1456096400000000 0.0120075500000000 -0.0293093100000000
vn -1.3892181462311199 0.4866908140274201 -6.1083240416645026
v -0.1813900000000000 0.0561096200000000 -0.0251921800000000
vn -1.3892234639358612 0.4866898343806219 -6.1083229103179786
v -0.1702908100000000 0.0431963500000000 -0.0287453700000000
vn -1.3892225592982270 0.4866883759153500 -6.1083232322603882
v -0.2093622200000000 0.0714105100000000 -0.0176113200000000
vn -1.3892188222628947 0.4866921758168549 -6.1083237794174234
v -0.1947665000000000 0.0565846300000000 -0.0221121100000000
vn -1.3892233242341840 0.4866873161399977 -6.1083231427247071
v -0.1538662400000000 0.0068441700000000 -0.0353772400000000
vn -1.3892218826326903 0.4866908931525119 -6.1083231855954896
v -0.1614689100000000 0.0178448300000000 -0.0327716600000000
vn 1.9972836354419230 0.7214898628300438 5.9134362313112163
v -0.2057071500000000 0.0664955300000000 -0.0168662300000000
vn 1.9972844483730221 0.7214906260158492 5.9134358636250290
v -0.2049389900000000 0.0563177200000000 -0.0158839000000000
vn 1.9972822416072935 0.7214914746809281 5.9134365054190274
v -0.2127002000000000 0.0703207500000000 -0.0149710100000000
vn 1.9972820518687739 0.7214898701592125 5.9134367652722446
v -0.1760264800000000 0.0063508100000000 -0.0195528000000000
vn -0.2423748826370441 0.8320633281345773 -6.2231296498299518
v -0.2326256400000000 0.0861956500000000 -0.0122226800000000
vn -0.2423738700458356 0.8320637568532852 -6.2231296319462599
v -0.2184587700000000 0.0663175700000000 -0.0154322400000000
vn -0.2423740797945642 0.8320633995683973 -6.2231296715477162
v -0.2261796200000000 0.0802207400000000 -0.0132726100000000
vn -0.2423853648759355 0.8320571719823497 -6.2231300646627545
v -0.2584096900000000 0.1100952700000000 -0.0080229500000000
vn -0.2423748168844160 0.8320632416450364 -6.2231296639549445
v -0.2442428200000000 0.0902172000000000 -0.0112325100000000
vn -0.2423748067312038 0.8320632282997380 -6.2231296661350486
v -0.2519636700000000 0.1041203700000000 -0.0090728800000000
vn -0.2423759560376081 0.8320622555506412 -6.2231297514333388
v -0.2017422100000000 0.0305829600000000 -0.0208612000000000
vn -0.2423853330151927 0.8320573728130637 -6.2231300390516395
v -0.1875753400000000 0.0107048900000000 -0.0240707600000000
vn -0.2423847677000752 0.8320577501813200 -6.2231300106155034
v -0.1952962000000000 0.0246080600000000 -0.0219111300000000
vn 0.8024328889340244 -0.2286260561107328 6.2275395775149862
v -0.2571782600000000 0.1018096600000000 -0.0078314300000000
vn 0.8024254096763712 -0.2286294584244467 6.2275404163283934
v -0.2546719900000000 0.0855957800000000 -0.0087496200000000
vn 0.8024276649432336 -0.2286273849987443 6.2275402018540920
v -0.2636242700000000 0.1077845600000000 -0.0067815000000000
vn 0.8024291046728773 -0.2286270798343623 6.2275400275452437
v -0.2313942100000000 0.0779100300000000 -0.0120311700000000
vn 0.8024343692975154 -0.2286258268115668 6.2275393951863389
v -0.2288879400000000 0.0616961500000000 -0.0129493500000000
vn 0.8024313017009697 -0.2286262077883129 6.2275397764699303
v -0.2410632300000000 0.0868723900000000 -0.0104562700000000
vn 0.8024274914087438 -0.2286272617039447 6.2275402287409252
v -0.2213691300000000 0.0130545100000000 -0.0157039100000000
vn 0.8024323791467055 -0.2286263556267102 6.2275396322047500
v -0.2188628600000000 -0.0031593700000000 -0.0166221000000000
vn 0.8024288225134133 -0.2286261124473437 6.2275400994183148
v -0.2278151400000000 0.0190294100000000 -0.0146539800000000
vn -1.3280639181996396 0.3074124958544010 -6.1335276465445325
v -0.2800490800000000 0.0952701700000000 -0.0055799600000000
vn -1.3280659145802396 0.3074103041642975 -6.1335273241234995
v -0.2890025000000000 0.1173365600000000 -0.0025353500000000
vn -1.3280665701480199 0.3074099059460613 -6.1335272021352960
v -0.3458025600000000 0.1277006600000000 0.0102827600000000
vn -1.3280660645788516 0.3074107309622029 -6.1335272702547652
v -0.2379242800000000 0.0058530200000000 -0.0191826200000000
vn -1.3280657590166352 0.3074107154924559 -6.1335273371920929
v -0.2531888200000000 0.0290709800000000 -0.0147137800000000
vn 1.4804582922964715 0.5977413030632396 6.0769536927423786
v -0.3281579500000000 0.1085963300000000 0.0108972300000000
vn 1.4804581594308019 0.5977426497669039 6.0769535926466753
v -0.3509236400000000 0.1309090400000000 0.0142486500000000
vn 1.4804580188932266 0.5977410904529085 6.0769537802615980
v -0.2839801200000000 0.1005353600000000 0.0009275900000000
vn 1.4804592314036342 0.5977427966569958 6.0769533170454899
v -0.2941235800000000 0.1205449400000000 0.0014305400000000
vn 1.4804588449036689 0.5977415439164466 6.0769535344264902
v -0.2686507500000000 0.0251033000000000 0.0046127300000000
vn 1.4804581903154916 0.5977423095642972 6.0769536185856436
v -0.2775548300000000 0.0539661100000000 0.0039429200000000
vn -3.6562130973679317 -2.2380563654326426 -4.5936507372823581
v -0.3760362900000000 0.1396941100000000 0.0230209200000000
vn -3.6562152087577937 -2.2380573633474565 -4.5936485705777015
v -0.3533350600000000 0.1154473300000000 0.0167655700000000
vn -3.6562138412587730 -2.2380566612353863 -4.5936500010784806
v -0.3697906000000000 0.1365049200000000 0.0196036000000000
vn -3.6562136045056270 -2.2380552686509465 -4.5936508679947048
v -0.4010190400000000 0.1524508800000000 0.0366902000000000
vn -3.6562111721488515 -2.2380529550356312 -4.5936539311824109
v -0.3783178100000000 0.1282041000000000 0.0304348500000000
vn -3.6562111721488550 -2.2380529550356334 -4.5936539311824083
v -0.3947733500000000 0.1492616900000000 0.0332728800000000
vn -3.6562136045056288 -2.2380552686509532 -4.5936508679946986
v -0.3102141300000000 0.0554637600000000 0.0116688000000000
vn -3.6562137608825038 -2.2380559096691339 -4.5936504312211444
v -0.2875129100000000 0.0312169800000000 0.0054134500000000
vn -3.6562133490391253 -2.2380542214494419 -4.5936515815291221
v -0.3039684500000000 0.0522745700000000 0.0082514800000000
vn 2.6430720228246938 1.5557917543426221 5.4838034158436439
v -0.2758838100000000 0.0152630300000000 0.0083088900000000
vn 2.6430630594222997 1.5557848089095485 5.4838097064240605
v -0.2868056900000000 0.0319153100000000 0.0088486300000000
vn 2.6430650196657570 1.5557848408409589 5.4838087526084154
v -0.2703511100000000 0.0107541600000000 0.0069214500000000
vn 2.6430671696327712 1.5557876908587913 5.4838069078070264
v -0.2980145900000000 0.0332985200000000 0.0138586400000000
vn 2.6430732455494672 1.5557919498206576 5.4838027710438180
v -0.3089364700000000 0.0499508000000000 0.0143983900000000
vn 2.6430640811988475 1.5557861994143369 5.4838088194886243
v -0.2924818900000000 0.0287896500000000 0.0124712000000000
vn 2.6430720435094206 1.5557917302124764 5.4838034127199462
v -0.3417021200000000 0.0999076200000000 0.0160176300000000
vn 2.6430653183599571 1.5557863780163850 5.4838081725166008
v -0.3526240000000000 0.1165599000000000 0.0165573700000000
vn 2.6430650925749744 1.5557847557873368 5.4838087415980654
v -0.3361694200000000 0.0953987500000000 0.0146301900000000
vn 4.0082065894856367 -3.2994410786093846 3.5392634980856421
v -0.0418929200000000 0.2053530200000000 0.0286582400000000
vn 5.0280939675326080 -1.8310731876653814 2.6016432331449013
v -0.0398791100000000 0.2134703700000000 0.0339448900000000
vn 4.7019910590368630 1.5477917140119435 -3.8696302788659258
v -0.0258604900000000 0.1891621900000000 -0.0036946100000000
vn 4.7553483064681981 1.5547133394202799 -3.8000274332006700
v -0.0273586500000000 0.1893632200000000 -0.0054346200000000
vn 5.8479326416761186 0.2758748774647473 2.2807119484034910
v -0.0246157300000000 0.1888145900000000 0.0015510200000000
vn -1.7541345039750453 1.1318177948058543 -5.9262482419817726
v -0.0321074800000000 0.1893369300000000 -0.0073297100000000
vn -1.6761605415133793 1.1588687068062868 -5.9429650738663442
v -0.0338583600000000 0.1891185700000000 -0.0068531600000000
vn 3.0605376995523619 -0.8597416035764501 5.4193524745599024
v -0.0285388300000000 0.1881460000000000 0.0071322500000000
vn -3.0434998814620799 0.7952253940450319 -5.1687693664133052
v -0.0331581800000000 0.1647793800000000 -0.0118841900000000
vn 4.8555095904794889 1.1626128729491729 -3.8145478799928063
v -0.0193399400000000 0.1385550100000000 -0.0142220400000000
vn 4.8289263900874859 1.1578822207826578 -3.8493192614414999
v -0.0207549500000000 0.1387558500000000 -0.0159619800000000
vn 4.1938340826031046 -0.0065567259510363 3.9808039534024284
v -0.0191017400000000 0.1367739600000000 -0.0044646500000000
vn 1.6029596527091439 1.1775471868042999 -4.9205201800631162
v -0.0245586800000000 0.1518157200000000 -0.0167876300000000
vn -0.9098672862999901 1.3601350420100387 -6.0249131660259998
v -0.0289948900000000 0.1425507400000000 -0.0174681600000000
vn -4.7307923601912725 0.7584647521515679 -4.0648188728183818
v -0.0328319300000000 0.1414603000000000 -0.0159184700000000
vn -4.7517704312774995 0.7475868744794671 -4.0421699038965819
v -0.0338326300000000 0.1415791100000000 -0.0147316500000000
vn -4.8382439469705183 -1.2950961889409607 3.7918132746257114
v -0.0292329000000000 0.1488276500000000 -0.0026852600000000
vn -4.8382442133454342 -1.2950933367212842 3.7918139020733022
v -0.0330006700000000 0.1215989000000000 -0.0167928100000000
vn -4.0285242615745132 -3.2815661312208775 3.5328081754257767
v 0.0427744400000000 0.2051647200000000 0.0287262400000000
vn -4.7422738413313263 1.5758327107761345 -3.8076591400549651
v 0.0290433400000000 0.1924326700000000 -0.0050889800000000
vn -4.6888295950317662 1.5686760136056321 -3.8771832813687133
v 0.0267221400000000 0.1890452400000000 -0.0036523800000000
vn -4.6888227996378795 1.5686811630286202 -3.8771894157973321
v 0.0269959300000000 0.2014288100000000 0.0010268200000000
vn -5.8503025645077482 0.3018980945579637 2.2713191653247162
v 0.0254674300000000 0.1887032100000000 0.0015912400000000
vn -5.8331503449526441 0.2961754833107424 2.3162587808669772
v 0.0285716400000000 0.2002199400000000 0.0079361600000000
vn 1.6908472442141134 1.1513800496511459 -5.9402597251349354
v 0.0347248000000000 0.1889660400000000 -0.0067980800000000
vn 1.7686703720337291 1.1239827425777340 -5.9234183976678505
v 0.0325521000000000 0.1908492100000000 -0.0070894900000000
vn 1.7686801054307923 1.1239827918265632 -5.9234154820207161
v 0.0330853300000000 0.2019960800000000 -0.0048151300000000
vn -3.0730353918942459 -0.8461014676575476 5.4144246423845903
v 0.0293785400000000 0.1880172000000000 0.0071787700000000
vn -3.1206994592284643 -0.8405842231584473 5.3882344653237775
v 0.0323663700000000 0.1828730800000000 0.0081067300000000
vn -3.0730373022008854 -0.8461003393017896 5.4144238877556878
v 0.0288280200000000 0.1638257400000000 0.0030859700000000
vn 4.4975632109784707 0.3845379216495774 -4.3706376370235951
v 0.0407374000000000 0.1915411700000000 -0.0024518500000000
vn 3.0553081561135484 0.7816525362356994 -5.1638651943080305
v 0.0374742800000000 0.1891234700000000 -0.0060224400000000
vn 3.0552834532449222 0.7816575283085926 -5.1638715485379905
v 0.0339244500000000 0.1646301800000000 -0.0118303200000000
vn -4.8175397875203911 1.1793346762136805 -3.8570662739963213
v 0.0214121600000000 0.1386620700000000 -0.0159281200000000
vn -4.8441602185333084 1.1841838975523848 -3.8223340877268912
v 0.0199934800000000 0.1384675300000000 -0.0141904600000000
vn -5.8535922638944111 0.5127696695725980 2.2250713422715327
v 0.0198499500000000 0.1514218900000000 -0.0075178700000000
vn 0.9255803563573547 1.3560531550773489 -6.0234390237219069
v 0.0289981600000000 0.1392029400000000 -0.0182487900000000
vn 1.6113505282291283 1.1948075472432942 -5.9543599155615894
v 0.0271651700000000 0.1390979900000000 -0.0187658800000000
vn 4.7615293773589409 0.7264288751913233 -4.0345365121835970
v 0.0345002700000000 0.1414271400000000 -0.0146767700000000
vn 4.7406400847476391 0.7373989115445226 -4.0572148126757011
v 0.0335009600000000 0.1413127800000000 -0.0158651900000000
vn 4.8263415929617297 -1.3165854654941038 3.7995735649914613
v 0.0304376600000000 0.1448039300000000 -0.0046522700000000
vn 4.9025774064907850 -1.2653835135222136 3.7204780528081329
v 0.0349590300000000 0.1428023500000000 -0.0112909600000000
vn 4.8263376295811282 -1.3165903919282598 3.7995771469140625
v 0.0335827500000000 0.1214508200000000 -0.0167393400000000
vn 4.8263401483775876 -1.3165886100337119 3.7995739289680097
v 0.0321849400000000 0.1318299800000000 -0.0113673100000000
vn 4.7501028079901699 -1.3677905200032174 3.8786711656530510
v 0.0261777700000000 0.1311995300000000 -0.0042328200000000
vn 4.8263411126047524 -1.3165873906030605 3.7995734172209930
v 0.0293893000000000 0.1525883000000000 -0.0006232500000000
vn 4.7615343274104047 0.7264266777881836 -4.0345310977146376
v 0.0332332900000000 0.1326585500000000 -0.0177508600000000
vn -4.2002147178809777 0.0121153549003638 3.9740628347004510
v 0.0184630700000000 0.1279076100000000 -0.0057475000000000
vn 0.9255754289087217 1.3560543072141653 -6.0234380038896251
v 0.0263056000000000 0.1263336600000000 -0.0215597900000000
vn -5.5154226892622136 0.8627017780462761 -1.4340748599793667
v 0.0160614000000000 0.1222314100000000 -0.0142372600000000
vn -4.8175364188007821 1.1793311306305230 -3.8570713323895323
v 0.0185502300000000 0.1257120800000000 -0.0163131000000000
vn -4.7909152909232438 1.1744801918860932 -3.8918047944557763
v 0.0195514100000000 0.1258049100000000 -0.0175175600000000
vn -4.7909249045953723 1.1744832298101331 -3.8917920429689032
v 0.0225549400000000 0.1260834100000000 -0.0211309600000000
vn -1.5897845285368424 1.1846437187942895 -4.9230749053770051
v 0.0235561200000000 0.1261762400000000 -0.0223354300000000
vn -4.4292593240020945 -0.2777200529244336 3.8784300312213671
v 0.0253541400000000 0.1755441800000000 0.0029885300000000
vn 1.6908545036587102 1.1513770789158788 -5.9402583052108309
v 0.0311169000000000 0.1766144500000000 -0.0102191100000000
vn 1.6130129051372939 1.1787801460098537 -5.9571036871469190
v 0.0330079600000000 0.1645777100000000 -0.0120888600000000
vn -4.7422727406049194 1.5758386029261744 -3.8076579874804608
v 0.0249465200000000 0.1764673100000000 -0.0065939900000000
vn -4.7957123177258714 1.5829984682988238 -3.7381381487743131
v 0.0263652000000000 0.1766618600000000 -0.0083316500000000
vn -6.0521877445074610 -0.3357842681766317 1.6542944220443092
v 0.0389594600000000 0.2130545800000000 0.0272710600000000
vn -4.8382435253956482 -1.2950942489168442 3.7918146261181609
v -0.0313859100000000 0.1332683600000000 -0.0107467200000000
vn -4.7517678738836571 0.7475865312134865 -4.0421730309797965
v -0.0325997300000000 0.1328049700000000 -0.0178037300000000
vn 4.1938334638856212 -0.0065515390927097 3.9808106977466271
v -0.0178700900000000 0.1279884100000000 -0.0057766800000000
vn -0.9098629760954919 1.3601323948907889 -6.0249114445594643
v -0.0256941300000000 0.1264493100000000 -0.0216015500000000
vn 5.5215016426192189 0.8381558372911413 -1.4252043677309094
v -0.0154800500000000 0.1223015500000000 -0.0142625900000000
vn 1.6029599118981035 1.1775450576518864 -4.9205244790177680
v -0.0229441400000000 0.1262796500000000 -0.0223727700000000
vn 4.8023426377434237 1.1531427224253559 -3.8840938010916748
v -0.0189488600000000 0.1258905400000000 -0.0175484800000000
vn 4.8289253482874770 1.1578768785859375 -3.8493220728521655
v -0.0179500400000000 0.1257932600000000 -0.0163424100000000
vn 4.8289277644164788 1.1578797295581700 -3.8493180737214074
v -0.0235598600000000 0.1517184400000000 -0.0155815600000000
vn 4.4217409560439105 -0.2974113014395958 3.8855585505698205
v -0.0245632300000000 0.1756552000000000 0.0029484400000000
vn -1.5982043409419935 1.1859212922248508 -5.9596771033871514
v -0.0322415200000000 0.1647228200000000 -0.0121412700000000
vn -1.6761704674633455 1.1588676617461680 -5.9429625033628604
v -0.0302999400000000 0.1767510400000000 -0.0102684300000000
vn 5.2835831740589239 0.9146638346681430 -0.8169304477321709
v -0.0218888700000000 0.1762749300000000 -0.0040234000000000
vn 4.8087052697154871 1.5616378953672010 -3.7304233428503126
v -0.0251585900000000 0.1643922700000000 -0.0130520100000000
vn 4.7553491699478405 1.5547151701844868 -3.8000249947310301
v -0.0233304800000000 0.1733797900000000 -0.0069331000000000
vn 6.0479714318723197 -0.3626933742779060 1.6640050118163203
v -0.0380405400000000 0.2132258300000000 0.0272092200000000
vn 1.1632438737632185 4.0704302569606661 4.6414551139441178
v 0.0175034900000000 0.0750564100000000 -0.0985631800000000
vn 1.1050776224563270 4.0014609497686289 4.7165168631238634
v 0.0275013600000000 0.0736567400000000 -0.0997182000000000
vn 0.4355948166020331 0.0621124465250539 -0.0531897210030031
v 0.0462114200000000 0.0586620200000000 -0.0913805400000000
vn -0.0027499791282605 -3.1912100316498311 -5.4124475587139926
v -0.0310149400000000 0.0675990200000000 -0.0966106000000000
vn -1.2974665998392243 3.5177100686155898 5.0418958636052658
v -0.0285519300000000 0.0553183200000000 -0.0845431800000000
vn -1.2974621345440764 3.5177039848641045 5.0419012573213955
v -0.0285635900000000 0.0511282900000000 -0.0816228300000000
vn -1.2974607218637326 3.5177083168182071 5.0418985984805582
v -0.0056066600000000 0.0373188400000000 -0.0660804100000000
vn 1.4256334885262976 1.4824837334486811 5.9370218747119257
v 0.0374430100000000 0.0517882200000000 -0.0875586200000000
vn 1.4256329341455618 1.4824812151979903 5.9370226366436762
v 0.0223537900000000 0.0162218300000000 -0.0750543300000000
vn 1.4256324955393729 1.4824818194423603 5.9370225910837267
v 0.0233042800000000 0.0279455500000000 -0.0782099900000000
vn 0.0001257377322088 -2.0840220083762349 -5.9275011477979840
v 0.0292895800000000 0.0400096800000000 -0.0848230100000000
vn 0.0001255667699191 -2.0840203911746582 -5.9275017163859607
v -0.0201256200000000 0.0490195600000000 -0.0879918000000000
vn -2.2942412174779769 0.0468174376118775 -5.8491608772467085
v -0.0390849600000000 0.1007481000000000 -0.0213925400000000
vn 4.2142852633501375 -0.3029584609169014 3.6216080294302651
v -0.0302645900000000 0.0959768900000000 0.0076805700000000
vn 3.2663691089064990 2.1271283764062852 4.9279382421873619
v -0.0336652700000000 0.0948109900000000 0.0104378900000000
vn 3.4361707066751874 1.8129028224989161 4.9251355655058253
v -0.0204583300000000 0.1076469300000000 -0.0038566000000000
vn -3.7666114335077610 3.3895015948906311 -3.7151493713594852
v -0.0600618700000000 0.0976998300000000 -0.0098439100000000
vn -2.9454035799130196 4.4220007988087806 -0.7157761397569704
v -0.0391859100000000 0.1131923700000000 -0.0168744900000000
vn -3.5998410794246904 3.0496911377274847 -4.1130654286337434
v -0.0380604400000000 0.1128898500000000 -0.0182915600000000
vn -2.1371827660660232 5.4704642150943092 2.2326864312206620
v -0.0399250500000000 0.1056310700000000 0.0005901700000000
vn -2.1371837127963182 5.4704639550249148 2.2326861622009155
v -0.0372200800000000 0.1053313800000000 0.0039137300000000
vn 3.5148394595359824 3.8458545919528242 1.1983940301500060
v -0.0375784600000000 0.0563257200000000 0.0026612500000000
vn 2.5046680961634880 5.5848179759275878 -1.4194588786478670
v -0.0389100400000000 0.0565122600000000 0.0010455800000000
vn 2.4019132116311082 5.5603622583479382 -1.6512754706786237
v -0.0442363800000000 0.0572584200000000 -0.0054171100000000
vn 3.5148372902597416 3.8458529534162067 1.1983890106287158
v -0.0217473100000000 0.0459155600000000 -0.0103628200000000
vn 3.9374108211636485 0.9551689347510658 4.4383157147651131
v -0.0382711300000000 0.0391956400000000 0.0139227000000000
vn 4.6012804465726029 2.2214523933118295 3.6503885732692924
v -0.0373547500000000 0.0462900000000000 0.0079365600000000
vn -0.2010220154693577 4.6238765036925660 -3.0865364532776196
v -0.0508547200000000 0.0567320300000000 -0.0150453200000000
vn -2.7012164903242746 3.7118423592829886 -4.2899968970333031
v -0.0548906300000000 0.0551025300000000 -0.0139139900000000
vn 0.4080831446399074 -2.1859886649273053 5.0829726789930412
v -0.0509378600000000 0.0320750000000000 0.0203544200000000
vn -3.8991652500602125 -3.5725298256152689 3.0873281935331476
v -0.0667232600000000 0.0315312300000000 0.0110498600000000
vn -2.9657919566819722 -3.6864655017252073 4.1343037840029533
v -0.0653907100000000 0.0315442000000000 0.0120173400000000
vn -2.5168950688631995 -3.7032467304950507 4.3781686904294741
v -0.0613661500000000 0.0356550500000000 0.0185699700000000
vn -3.8991751808962909 -3.5725290665742748 3.0873217504952235
v -0.0509479900000000 -0.0008888800000000 -0.0065418400000000
vn -2.5168954260273728 -3.7032476080765653 4.3781669851882734
v -0.0496154400000000 -0.0008759200000000 -0.0055743600000000
vn -5.0413654372271299 1.3579209991677501 -3.4955833122165982
v -0.0749537000000000 0.0553943900000000 0.0001253200000000
vn -3.9794382954484595 2.4011417395497925 -3.9331336433327300
v -0.0742019900000000 0.0558322800000000 -0.0007887000000000
vn -5.3340059768157548 0.6657136893460597 -3.1458763334515036
v -0.0719757700000000 0.0420400700000000 -0.0093572100000000
vn -5.4303234895761765 -1.5698535192990921 -0.6248567545887947
v -0.0622986700000000 0.0023392900000000 -0.0284540100000000
vn -5.0332745262166210 -3.2859046442602171 1.7934045602486459
v -0.0617170000000000 0.0020537600000000 -0.0270601500000000
vn -3.9786528405071233 -0.3898309563312204 -4.8473468005255427
v -0.0423848800000000 0.0009022200000000 -0.0545444400000000
vn -3.9786499178263810 -0.3898337565571635 -4.8473489742313234
v -0.0367402900000000 -0.0194858100000000 -0.0575378200000000
vn -2.3906017054879727 -0.4483845584222993 5.7933058246427889
v -0.0056923300000000 -0.1146980100000000 0.0346209400000000
vn -2.7066379564407672 1.8364667336908025 5.3646918376677366
v -0.0360713700000000 -0.1031293700000000 0.0193815000000000
vn -2.7066379892617025 1.8364628119650241 5.3646931636102577
v -0.0360815100000000 -0.1071866700000000 0.0207653000000000
vn -2.7066358700277373 1.8364636407250132 5.3646939491201033
v -0.0127613600000000 -0.0921192500000000 0.0273730200000000
vn -2.2603833096199395 2.6063956921912941 5.2512652183709143
v -0.0289348300000000 -0.0375439400000000 -0.0158336300000000
vn -2.6033917389585848 2.9601524938331032 4.8926747563124229
v -0.0155183100000000 -0.0495977700000000 -0.0018522900000000
vn -2.7063150092804649 3.2779864014991071 3.9304646339821030
v -0.0474291300000000 -0.0845371500000000 -0.0022937800000000
vn -3.1169337478674572 4.0834692101374834 3.3126646138926326
v -0.0474318000000000 -0.0852081100000000 -0.0008184200000000
vn -2.7063149730545510 3.2779864765554065 3.9304640240685829
v -0.0204133200000000 -0.0739657900000000 0.0074914600000000
vn -3.1169338824852031 4.0834694064771027 3.3126648420011304
v -0.0170510700000000 -0.0763346700000000 0.0168290900000000
vn -5.2703230377718198 -1.6450040983386685 2.9993456283542415
v 0.0323856100000000 0.0873676500000000 0.0045872100000000
vn -5.2703230679933029 -1.6450045919092324 2.9993453045195695
v 0.0224775000000000 0.0960404400000000 -0.0080662500000000
vn 2.3038150813034384 0.0365911820017111 -5.8454695928481675
v 0.0476591200000000 0.0944111900000000 -0.0181844300000000
vn -3.4359775171913212 1.8281908081124780 4.9196147947176732
v 0.0410852100000000 0.0963835400000000 0.0143855600000000
vn -3.2647874152104075 2.1416513787814355 4.9226933795864865
v 0.0340844600000000 0.0946603200000000 0.0104923000000000
vn -4.2214047851274010 -0.2842027684559236 3.6148316995892764
v 0.0282321700000000 0.0982590400000000 0.0050453400000000
vn -4.7909090548221096 -0.4205133770452668 2.7735489024526210
v 0.0159258500000000 0.1103476400000000 -0.0083755700000000
vn 3.6199779636577194 3.0336429393880260 -4.1072555304176044
v 0.0559040500000000 0.0985517600000000 -0.0134485400000000
vn 3.7876187543992814 3.3727041056471028 -3.7090738454682777
v 0.0570285700000000 0.0988492800000000 -0.0120296600000000
vn 3.7876138725369133 3.3726996252271482 -3.7090829048315443
v 0.0614398700000000 0.0976733800000000 -0.0085942200000000
vn 2.9661880034451036 4.4088488757553623 -0.7110348446718182
v 0.0656134400000000 0.0976060900000000 -0.0043934700000000
vn 3.6199759988969697 3.0336417428199534 -4.1072607920679332
v 0.0386061400000000 0.1127193400000000 -0.0182299900000000
vn 2.9661864219523517 4.4088505383398715 -0.7110295954153647
v 0.0397306700000000 0.1130168600000000 -0.0168111100000000
vn 2.1579050173707692 5.4609120947050558 2.2361356475542178
v 0.0682113000000000 0.0931053700000000 0.0039771600000000
vn 2.1579069918813860 5.4609108182859236 2.2361368592890765
v 0.0390523100000000 0.1053085900000000 0.0023142900000000
vn -2.4775132693674053 5.5958994658043597 -1.4234657611128048
v 0.0450153300000000 0.0591775100000000 0.0021016400000000
vn -3.4996145849014448 3.8614555071258927 1.1927557307913517
v 0.0402783500000000 0.0577487200000000 0.0047294300000000
vn -4.5972091243397308 2.2419109510392641 3.6430033902744947
v 0.0375620900000000 0.0461233900000000 0.0079967200000000
vn -4.6726998133488102 2.3568065967581555 3.4770327470617581
v 0.0392424800000000 0.0442057900000000 0.0115547500000000
vn -3.9402474938606771 0.9726874805647836 4.4319904050587446
v 0.0412962900000000 0.0418620600000000 0.0159034400000000
vn -4.5972103063978125 2.2419099960624740 3.6430022008638177
v 0.0201630700000000 0.0232812900000000 0.0000974600000000
vn -3.9402491466792249 0.9726936168715945 4.4319867304639660
v 0.0212833200000000 0.0220028900000000 0.0024694700000000
vn 0.2265459259004345 4.6229249518417364 -3.0861953722285214
v 0.0541478300000000 0.0591656800000000 -0.0107577300000000
vn 2.8321998263300356 3.5655575168500677 -4.3258124994075153
v 0.0369213300000000 0.0415836400000000 -0.0368879500000000
vn 0.2265495909740656 4.6229212934615926 -3.0861987146664687
v 0.0351316500000000 0.0423158300000000 -0.0373936400000000
vn -0.4259672502995141 -2.1841356026775998 5.0823028292831269
v 0.0510618800000000 0.0318481600000000 0.0204363400000000
vn 2.4933641381320135 -3.7143909814141698 4.3821890394943299
v 0.0601894800000000 0.0313286100000000 0.0159838400000000
vn 2.9427331396718830 -3.6996075068990075 4.1390389667079157
v 0.0615235100000000 0.0313097200000000 0.0150185000000000
vn 2.9427235659237989 -3.6996061332148900 4.1390470011623961
v 0.0655256000000000 0.0312530400000000 0.0121224900000000
vn 3.8782849204608087 -3.5898254849882996 3.0935666009768066
v 0.0668596300000000 0.0312341500000000 0.0111571500000000
vn 2.4933610787519407 -3.7143897048529819 4.3821937254699428
v 0.0496345600000000 -0.0010966500000000 -0.0054946500000000
vn 3.8782770717062616 -3.5898244895462064 3.0935718612208665
v 0.0509685900000000 -0.0011155500000000 -0.0064599900000000
vn 5.3419580323785150 0.6419728411721352 -3.1373057091155050
v 0.0721916000000000 0.0417194500000000 -0.0092414300000000
vn 3.9963846963044185 2.3834143467202042 -3.9267357631345297
v 0.0744653800000000 0.0555016400000000 -0.0006693000000000
vn 5.2176073288334548 -3.1364641474622417 1.5548581987217474
v 0.0731038300000000 0.0332527700000000 -0.0014595300000000
vn 5.4242776848371088 -1.5939939624100734 -0.6161369297432688
v 0.0744204700000000 0.0338893600000000 -0.0045936100000000
vn 5.0157223941509912 -3.3082549400837142 1.8014728457699907
v 0.0617835300000000 0.0017791000000000 -0.0269609700000000
vn 5.4242825025706978 -1.5939925794667886 -0.6161380316828136
v 0.0623687000000000 0.0020620300000000 -0.0283538900000000
vn 0.9794241693688304 3.6230524032090572 -5.0391107533346151
v 0.0177123500000000 0.0127078600000000 -0.0643460000000000
vn 3.9846586434549209 -0.4075419884836931 -4.8409526569796331
v 0.0382819800000000 0.0010937800000000 -0.0579725100000000
vn -0.0070355811402421 -4.6787290454618553 -4.1937885764659351
v 0.0054432600000000 -0.2210978600000000 0.0414523100000000
vn 4.5845154201924068 -3.2231039562590866 -2.8411682198431287
v 0.0231115400000000 -0.2158623600000000 0.0508262500000000
vn 2.3792771783401432 -0.4589925518945615 5.7971358057485487
v 0.0267571700000000 -0.1415725300000000 0.0236320100000000
vn 2.3792760744097001 -0.4589913097965450 5.7971363571698840
v 0.0063141400000000 -0.1203921400000000 0.0336992700000000
vn 2.7061604214312571 1.8244285086184102 5.3690384609101187
v 0.0069625900000000 -0.0850848800000000 0.0276852600000000
vn 2.7061583981015169 1.8244258540415810 5.3690403827726296
v 0.0069727300000000 -0.0810275800000000 0.0263014600000000
vn 2.5870059311735121 3.1012008096995300 4.8133534520447396
v 0.0045366600000000 -0.0430804100000000 -0.0001676300000000
vn 2.5870047918409109 3.1011999820917526 4.8133545976144125
v 0.0130795300000000 -0.0387766700000000 -0.0075319900000000
vn 2.5175390173325294 2.7068397225044287 5.0806922379856401
v 0.0306919100000000 -0.0670251600000000 0.0000734800000000
vn 2.5175369678191948 2.7068476191444901 5.0806890464439496
v 0.0306987800000000 -0.0644356300000000 -0.0013095500000000
vn 2.5175373553024558 2.7068442589108344 5.0806906446867437
v 0.0060536200000000 -0.0525103600000000 0.0045489500000000
vn 2.5454376883090841 2.0730317580791207 5.3145574561097657
v 0.0090994800000000 -0.0671104900000000 0.0108182200000000
vn 2.7145536846652685 3.2659280059413236 3.9348264028118560
v 0.0065945800000000 -0.0687101300000000 0.0123949200000000
vn 2.7145535296337306 3.2659329140966875 3.9348141503658378
v 0.0335787800000000 -0.0794015900000000 0.0026530500000000
vn 2.7145520681502973 3.2659303554825292 3.9348179504045824
v 0.0234597000000000 -0.0753922900000000 0.0063062500000000
vn 2.8557692308522604 5.0926413629759057 2.3212073695734250
v 0.0200840000000000 -0.0747268200000000 0.0089993400000000
vn 3.1297437182912069 4.0695757036231690 3.3176849213023818
v 0.0200732900000000 -0.0774106800000000 0.0149007800000000
vn 4.1874815106122005 2.5362156027357665 2.9054357207785664
v 0.0369082600000000 -0.0494821700000000 -0.0134416100000000
vn 2.6086720641893892 2.9485643264289370 4.8968577760411920
v 0.0399568400000000 -0.0628863900000000 -0.0069945200000000
vn 2.2635183109630326 2.5963338384359020 5.2548980065907358
v 0.0134162700000000 -0.0274101900000000 -0.0142278700000000
vn 2.2635182237961589 2.5963356942695812 5.2548971272098512
v 0.0305329300000000 -0.0368799800000000 -0.0169219500000000
vn 3.4037124929840656 3.0465161732512662 4.3141509101505253
v 0.0458718500000000 -0.0927824900000000 0.0054017200000000
vn 3.2356041821940877 -2.0358576397956978 4.4667819845384313
v 0.0429884400000000 -0.1528258000000000 0.0160793400000000
vn 2.7936328748810917 3.4684509827685011 4.4321417785157839
v 0.0107374900000000 -0.1472316900000000 0.0320297500000000
vn 2.7936351777466064 3.4684478063165334 4.4321428127777809
v 0.0323996500000000 -0.1527591900000000 0.0227014600000000
vn 4.5720849235367496 2.1157406862094286 2.7447798176106950
v 0.0222954700000000 -0.1580868700000000 0.0332395200000000
vn 4.5605959113759855 -3.2332129084664745 -2.8678097569179499
v 0.0203729400000000 -0.2133528100000000 0.0435603400000000
vn 4.5366802256088583 -3.2433183990502243 -2.8944491526521183
v 0.0148677800000000 -0.2172134900000000 0.0392577100000000
vn 4.5605962928406996 -3.2332106114055472 -2.8678117001332404
v 0.0158629900000000 -0.2283519700000000 0.0532985600000000
vn -0.0070369666467279 -4.6787297732747346 -4.1937877621700022
v -0.0073532000000000 -0.2121725700000000 0.0315164400000000
vn 4.9487494622359938 -0.8352449368227376 -3.7802992288723738
v 0.0460820100000000 -0.0215619300000000 -0.0482088600000000
vn 2.5106264347684215 3.1044705642164230 -4.8515394490110930
v 0.0333038700000000 0.0140173500000000 -0.0577134500000000
vn 4.8138367727199789 -3.4800462873781957 2.0480895897566493
v 0.0594694700000000 0.0029157600000000 -0.0195906200000000
vn 4.8138358588820873 -3.4800460701994114 2.0480921066654614
v 0.0691771200000000 0.0318544300000000 0.0067640800000000
vn 5.6309565192652791 -0.0515254544225452 -2.7871296005034480
v 0.0600469600000000 0.0102183700000000 -0.0331953700000000
vn 5.6309545363102860 -0.0515232151355828 -2.7871336481404390
v 0.0579109700000000 0.0177222000000000 -0.0376495400000000
vn 5.6309556355084514 -0.0515213895626899 -2.7871314611445985
v 0.0616257400000000 0.0046720600000000 -0.0299031700000000
vn 5.6309540962080131 -0.0515235181964438 -2.7871345316992757
v 0.0733060300000000 0.0378044000000000 -0.0069175200000000
vn 2.0440022117154579 -3.7291743690308521 4.6253357811314473
v 0.0392116400000000 0.0036248700000000 0.0029181200000000
vn 2.0440009268424015 -3.7291756760512897 4.6253352951494602
v 0.0556256800000000 0.0315883900000000 0.0182100900000000
vn -3.2077909092296526 -0.4114332485152197 5.3869488366782781
v 0.0258862400000000 0.0031838600000000 0.0037730900000000
vn -3.2077968362763505 -0.4114254715435829 5.3869459012380210
v 0.0431617700000000 0.0378665600000000 0.0167091300000000
vn 2.9398174825410588 3.4313355461961557 -4.3659852431099804
v 0.0397068200000000 0.0386107600000000 -0.0373488200000000
vn 2.9398189820022615 3.4313376970944378 -4.3659825430149688
v 0.0536342400000000 0.0237463300000000 -0.0396531700000000
vn 2.9398186340992281 3.4313364415892491 -4.3659837640076367
v 0.0508487500000000 0.0267192200000000 -0.0391923000000000
vn 2.9398184904220059 3.4313360424187564 -4.3659841744695607
v 0.0620717600000000 0.0462341100000000 -0.0162980900000000
vn -4.5217165038485234 2.1270083825646422 3.8089805465063638
v 0.0377466400000000 0.0528131300000000 0.0044801200000000
vn -4.5217169328075055 2.1270097052705572 3.8089792986509652
v 0.0376543700000000 0.0494682600000000 0.0062384200000000
vn -2.2714913693954699 5.5460711680184867 -1.8867536040466737
v 0.0285693300000000 0.0428659000000000 -0.0278762600000000
vn 2.1447558269784790 5.4449984657464006 2.2870137198989515
v 0.0491268900000000 0.1063705100000000 -0.0097990100000000
vn 2.9661844753984346 4.4088490713235782 -0.7110355665576144
v 0.0506286800000000 0.1065281200000000 -0.0115826300000000
vn 2.1513322347182458 5.4529551140541299 2.2615733606778932
v 0.0709229100000000 0.0933930100000000 0.0006579600000000
vn 2.8780737869279864 1.3655797527429798 -5.1754607064721192
v 0.0387208700000000 0.1068889300000000 -0.0216290700000000
vn -3.4359797193534543 1.8281859749350156 4.9196159646712427
v 0.0285055300000000 0.1033655900000000 0.0030050000000000
vn -0.7246341010895596 3.4878253878799139 3.5763390614024613
v 0.0265065200000000 0.1116259300000000 -0.0010065500000000
vn -5.2241726418368541 -2.1775240392455397 2.6531613394121654
v 0.0203652700000000 0.1015340000000000 -0.0087648200000000
vn -2.5758179412012119 1.4506670298756605 5.5442893779595410
v -0.0315699000000000 -0.0714323200000000 0.0016453500000000
vn -2.7063173415777508 3.2779896071761447 3.9304634769770352
v -0.0069054200000000 -0.0686801100000000 0.0123840800000000
vn -2.5758170043378334 1.4506696980123117 5.5442891150963547
v -0.0381133600000000 -0.0758523100000000 -0.0002381800000000
vn -2.7063151444094116 3.2779900413765546 3.9304560618369426
v -0.0339212200000000 -0.0792514700000000 0.0025988400000000
vn -2.5136310102298864 2.7180346129986437 5.0766489529316505
v -0.0278869800000000 -0.0646018400000000 0.0003290200000000
vn -2.5136346885408227 2.7180284712938407 5.0766504199227143
v -0.0062763700000000 -0.0511881600000000 0.0038475300000000
vn -2.5136305035255244 2.7180334841287621 5.0766498082153184
v -0.0093763900000000 -0.0579250800000000 0.0059195400000000
vn -2.5809137856009237 3.1126934703226294 4.8092037797772305
v -0.0047133400000000 -0.0430598400000000 -0.0001750600000000
vn -2.5809142865545862 3.1126969093799843 4.8092012850521257
v -0.0232109600000000 -0.0450581100000000 -0.0088086600000000
vn -3.3970533941314360 3.0616374524896646 4.3086914430351948
v -0.0478582000000000 -0.0887696500000000 0.0013761300000000
vn -3.3970539020125776 3.0616401933303634 4.3086890950451622
v -0.0210663000000000 -0.0826629200000000 0.0181600900000000
vn -2.4243894298205810 -0.4132095359583783 5.7818691939727405
v -0.0399902300000000 -0.1419167500000000 0.0183223100000000
vn -2.4243918117121841 -0.4132113033716125 5.7818680689202422
v -0.0390155800000000 -0.1342485600000000 0.0192790000000000
vn -2.7852970966104724 3.4808605479376298 4.4276571156376994
v -0.0331006100000000 -0.1526135200000000 0.0226488600000000
vn -4.5703231867508567 -3.2128997054419548 -2.8751444481238821
v -0.0213770600000000 -0.2132599500000000 0.0435268100000000
vn -4.5703202563630025 -3.2129030248521451 -2.8751453479673614
v -0.0176306700000000 -0.2259683700000000 0.0517729100000000
vn -4.9463386290598805 -0.8132421359196612 -3.7882435242910253
v -0.0560607300000000 -0.0066907500000000 -0.0384064500000000
vn -4.9463383087652844 -0.8132398179781239 -3.7882444401081066
v -0.0469537500000000 -0.0182203300000000 -0.0478223700000000
vn -2.4889994677020737 3.1155888749256788 -4.8555540586595765
v -0.0308798700000000 0.0098274900000000 -0.0617054600000000
vn -2.4889982663612011 3.1155911432102563 -4.8555532190222452
v -0.0374495500000000 0.0224986400000000 -0.0502072800000000
vn -4.8325514774328449 -3.4585914842175445 2.0403452569225924
v -0.0601785700000000 0.0016333900000000 -0.0241289700000000
vn -4.8325511729263404 -3.4585929367545654 2.0403435159864736
v -0.0690309100000000 0.0321618000000000 0.0066530800000000
vn -5.6266450234318715 -0.0264888504468216 -2.7961726923503831
v -0.0605716600000000 0.0082858100000000 -0.0319855500000000
vn -5.6266443934890891 -0.0264870688142089 -2.7961739768299827
v -0.0731113300000000 0.0381300400000000 -0.0070351100000000
vn -2.0679956524022787 -3.7200294881269547 4.6220333397183744
v -0.0328905600000000 0.0000021600000000 0.0026154300000000
vn -2.0679943136551060 -3.7200300814883311 4.6220334611356124
v -0.0465745500000000 -0.0007162700000000 -0.0040853100000000
vn -2.0679971685665293 -3.7200291378937531 4.6220329432348706
v -0.0570196300000000 0.0317557000000000 0.0173763200000000
vn -2.0679956980274814 -3.7200289558082869 4.6220337477390263
v -0.0539787400000000 0.0319153500000000 0.0188653700000000
vn 4.2735983843449699 0.8147998844028093 3.9940027214963658
v -0.0126262900000000 0.0135481600000000 -0.0033082900000000
vn 3.1972760776793008 -0.4256718216389198 5.3920911331052386
v -0.0430050800000000 0.0380581900000000 0.0166399300000000
vn 4.5250097964179137 2.1068898331650434 3.8162441192331160
v -0.0216051600000000 0.0395386900000000 -0.0070108000000000
vn 4.5250092659248820 2.1068880798335816 3.8162457162335404
v -0.0201753200000000 0.0292248900000000 -0.0030121000000000
vn 4.5250113031874255 2.1068887534841174 3.8162429286955515
v -0.0374666000000000 0.0513078600000000 0.0052989000000000
vn 2.2991673017425511 5.5359057101903728 -1.8830813287856589
v -0.0216316700000000 0.0435242900000000 -0.0181934500000000
vn 2.2991650781315816 5.5359056235042328 -1.8830842985665479
v -0.0464424900000000 0.0570829500000000 -0.0086265200000000
vn 2.2991682602290613 5.5359054873525890 -1.8830808136142259
v -0.0486486100000000 0.0569074900000000 -0.0118359200000000
vn -2.1306843757578369 5.4624771088612718 2.2581389992805203
v -0.0513372400000000 0.1021110000000000 -0.0017090800000000
vn -2.8636551062561115 1.3783513782551915 -5.1800713824340132
v -0.0418267800000000 0.1048005700000000 -0.0202846700000000
vn 0.7344011572095116 3.4845667111002188 3.5775057898383000
v -0.0281238900000000 0.1100649400000000 0.0010227900000000
vn 3.4361691910846508 1.8129068439252047 4.9251343817267061
v -0.0305614300000000 0.1021061400000000 0.0052316500000000
vn 0.0001230971151233 -2.0840202241946804 -5.9275017751431909
v 0.0195865000000000 0.0088813000000000 -0.0738789400000000
vn 4.7895127090928833 2.3164121984362476 3.3426367048656429
v 0.0138471800000000 0.0154340300000000 -0.0690723600000000
vn 4.7895132949657953 2.3164115933084282 3.3426362847437927
v 0.0029163200000000 0.0448450600000000 -0.0737915500000000
vn -3.5997923295451377 0.3011800250319327 5.1409340961510139
v -0.0327086900000000 0.0422125200000000 -0.0813199300000000
vn -0.0027504406288574 -3.1912100124265779 -5.4124475698152086
v -0.0161517600000000 0.0631833400000000 -0.0940146400000000
vn -0.0027519865868635 -3.1912065596490100 -5.4124496048039505
v 0.0273469200000000 0.0640453000000000 -0.0945449600000000
vn 1.2214096487273329 4.1393975802118739 4.5663950493900733
v 0.0289687100000000 0.0624198500000000 -0.0901749500000000
vn 1.2214114820897688 4.1393954863849567 4.5663964570561211
v 0.0261024100000000 0.0655789900000000 -0.0922720000000000
vn 1.2214071522417633 4.1394021196543482 4.5663916021932618
v 0.0059664700000000 0.0633777700000000 -0.0848907100000000
vn 1.2214091366095239 4.1393959444089923 4.5663966692309224
v 0.0059754400000000 0.0664171700000000 -0.0876483000000000
vn 1.2214091036205719 4.1393966139601135 4.5663960711136982
v 0.0060023700000000 0.0755353700000000 -0.0959210600000000
vn -1.2196668764247294 4.0865484501327005 4.6142119673487789
v -0.0291574500000000 0.0661194600000000 -0.0934817800000000
vn 3.8656782337897297 1.4157640725117981 2.6514229933453439
v -0.2984359400000000 -0.0567411700000000 0.0550333600000000
vn 4.2599411765074162 4.6033733967214499 0.3745292341887432
v -0.3113534300000000 -0.0453251700000000 0.0616434900000000
vn -0.3796883336173691 -0.6593171315129787 0.3084865684269182
v -0.3102383700000000 -0.0586138700000000 0.0636143100000000
vn 4.0408788360166206 -1.1651904798144601 4.6681952597034311
v -0.3070168300000000 -0.0582817800000000 0.0609085700000000
vn 3.7561354507095706 -1.4685287793865958 4.7982586581342650
v -0.3118219400000000 -0.0477319600000000 0.0677012200000000
vn 4.0408866412490747 -1.1651884823147740 4.6681890018582646
v -0.3125317700000000 -0.0482469400000000 0.0681871200000000
vn -0.3665078582912367 1.2098471044181220 -1.3764010706078427
v -0.3042963100000000 -0.0511035100000000 0.0523971300000000
vn -4.8966128407886771 -1.1685618429752738 -3.5892796512189507
v -0.3047914500000000 -0.0566884900000000 0.0570873700000000
vn -0.3665058892840652 1.2098432905100414 -1.3763935838744807
v -0.2823820600000000 -0.0695863000000000 0.0303155400000000
vn -4.8966119951211233 -1.1685559579231384 -3.5892823662594342
v -0.2829680700000000 -0.0702925700000000 0.0317442900000000
vn 1.3281925097464227 -3.7752285110018295 3.6597461696654250
v -0.3034129000000000 -0.0719030700000000 0.0621525100000000
vn 3.4825078802908829 -1.8078508612663398 4.9073650497427881
v -0.3019090200000000 -0.0703407000000000 0.0616608500000000
vn 3.4825007370262426 -1.8078566757175887 4.9073679769330747
v -0.3057429100000000 -0.0640792200000000 0.0666882700000000
vn -4.3091842691382087 -4.4447510556365479 -1.0740282081822132
v -0.3137339000000000 -0.0655743000000000 0.0649580100000000
vn -3.9282023304397278 -1.2852169385754357 -2.9547997582343490
v -0.3138991600000000 -0.0652408000000000 0.0642409200000000
vn -2.5676463027396732 -5.0936807429370194 0.6690622307094978
v -0.3051625300000000 -0.0726384600000000 0.0598025400000000
vn -3.8065866661878105 1.1318374492691277 -4.8690101196329918
v -0.3061375400000000 -0.0615891600000000 0.0592755000000000
vn -3.8065886962765605 1.1318218315144732 -4.8690121629834611
v -0.3007678200000000 -0.0659155900000000 0.0540717600000000
vn -3.6769052070103898 1.5030617469813277 -4.8522846784419462
v -0.3023545800000000 -0.0671938300000000 0.0550151600000000
vn 3.3366990990934453 5.2859851241701890 0.6349944823706291
v -0.2976450200000000 -0.0652707300000000 0.0582999600000000
vn -4.9077469448126587 -3.9152778349426027 -0.2364696347433549
v -0.2844616200000000 -0.0655123800000000 0.0369416800000000
vn -4.8941529972919806 -3.9371704551804205 -0.1561180647807311
v -0.2845854400000000 -0.0653210700000000 0.0359987000000000
vn -4.6719659462606788 -2.7126997341159398 -2.1675033812455839
v -0.3009605900000000 -0.0451325300000000 0.0402054300000000
vn 2.6998852004192528 1.6418220733534112 5.4307879528062921
v -0.2812359700000000 -0.0001452600000000 0.0154836200000000
vn 2.6998865232330829 1.6418219383551964 5.4307873359842880
v -0.2722588300000000 -0.0531317100000000 0.0270394100000000
vn -2.5935560210864628 -1.4814847225146921 -5.5278465777156205
v -0.2539530300000000 -0.0188380200000000 0.0002192100000000
vn -2.5935568227160539 -1.4814856669545935 -5.5278459484941305
v -0.2788501600000000 0.0014519000000000 0.0064626900000000
vn -2.5935583300175580 -1.4814862745070421 -5.5278450784728435
v -0.2542418800000000 -0.0605058300000000 0.0115218800000000
vn 3.7348630451161315 1.5769258257027474 4.8002625531124457
v -0.2278576000000000 -0.0427592000000000 -0.0032013600000000
vn 3.7348633637696311 1.5769250891110638 4.8002625471592513
v -0.2408742600000000 -0.0713545300000000 0.0163201000000000
vn -2.5832611023713330 -2.5489664600659103 -5.1291275736513198
v -0.1955755700000000 -0.0955388900000000 -0.0067623300000000
vn -2.5832600923826812 -2.5489668332625737 -5.1291278968637322
v -0.2094219300000000 -0.0584797900000000 -0.0182055400000000
vn -2.5832594834238018 -2.5489682671762468 -5.1291274909644855
v -0.2349381200000000 -0.0846382700000000 0.0076452600000000
vn -0.7969541773752666 1.8800189716324418 5.9421217010259912
v -0.1743548800000000 -0.0370895800000000 -0.0164908700000000
vn -0.7969563253473136 1.8800196733889063 5.9421211909144720
v -0.1780258200000000 -0.0810781500000000 -0.0030657200000000
vn 0.3053922831788653 -1.1920274994124747 -6.1615114702771949
v -0.1702201500000000 -0.0367615700000000 -0.0270170200000000
vn 0.3053958409027048 -1.1920268651425452 -6.1615114166444958
v -0.1962874000000000 -0.0477031600000000 -0.0261922400000000
vn 0.3053935805019252 -1.1920272351123797 -6.1615114571097926
v -0.1699330000000000 -0.0867175300000000 -0.0173381400000000
vn 1.9581033938980799 1.4163704319386530 5.7998399549202126
v -0.1550738700000000 -0.0772568800000000 -0.0099040900000000
vn -2.0120227268622108 -1.3080326690142365 -5.8068263869115988
v -0.1451158100000000 -0.0356637300000000 -0.0337325400000000
vn -2.0120246540492981 -1.3080323361911650 -5.8068257941229380
v -0.1297319700000000 -0.0802324900000000 -0.0290234700000000
vn -2.0120255896135602 -1.3080332844149904 -5.8068252563611358
v -0.1263536300000000 -0.0792425900000000 -0.0304170200000000
vn 0.2027634809934924 1.4189076924918611 6.1175162881121619
v -0.1248893500000000 -0.0272924800000000 -0.0282347300000000
vn -0.0349789799112296 -0.8083237649646233 -6.2308752809143941
v -0.1216090500000000 -0.0275741600000000 -0.0390732700000000
vn -0.0349769133951249 -0.8083235245189446 -6.2308753237072558
v -0.1055014400000000 -0.0810098300000000 -0.0322315400000000
vn 1.8890650808918543 1.4670119806396102 5.8101399787921348
v -0.0940335200000000 -0.0773062700000000 -0.0213143900000000
vn -1.6089156182830282 -1.0841092837088517 -5.9761622466736162
v -0.1029382100000000 -0.0273517100000000 -0.0405957800000000
vn -1.6089196129208914 -1.0841098288879434 -5.9761610723287850
v -0.0823892200000000 -0.0789284900000000 -0.0367717000000000
vn 2.8222295787055005 2.0489890825541259 5.2263832187279426
v -0.0793833700000000 -0.0382347200000000 -0.0353083400000000
vn 2.8222281960136040 2.0489885760997826 5.2263841639311890
v -0.0701799300000000 -0.0502820500000000 -0.0355550500000000
vn 2.8222284291377315 2.0489880962233165 5.2263842261795164
v -0.0714425600000000 -0.0794832800000000 -0.0234249700000000
vn -1.6649398022250268 -0.2999990394972050 -6.0511481254070540
v -0.0779138500000000 -0.0374761800000000 -0.0471718300000000
vn -1.6649301872508853 -0.2999969235321575 -6.0511508757996673
v -0.0745013000000000 -0.0396534900000000 -0.0480028300000000
vn -1.6649280495017051 -0.2999990174900129 -6.0511513601755214
v -0.0658370400000000 -0.0784520900000000 -0.0484632300000000
vn -1.6649292929680695 -0.2999967263068171 -6.0511511316326914
v -0.0624244800000000 -0.0806293900000000 -0.0492942200000000
vn 6.2656823370477408 0.4648730445979860 0.0594601375692543
v -0.0566931800000000 -0.0486829300000000 -0.0412109400000000
vn 0.8699410675050790 1.6317257619037056 1.7003137626453415
v -0.0566941400000000 -0.0487864700000000 -0.0403002300000000
vn 6.2502009795128508 0.0584768557915239 -0.3187094630958310
v -0.0559718900000000 -0.0592383300000000 -0.0346937600000000
vn 4.2955660514729157 2.1805118668543284 3.9700993748225413
v -0.2812461900000000 -0.0625882300000000 0.0369836800000000
vn -0.1900966589304058 -0.6368310441887215 1.5731644223157131
v -0.2997228500000000 -0.0472527300000000 0.0496110100000000
vn -4.3988098554796649 -4.1461808857985059 1.7140809554754837
v -0.0552793400000000 -0.0097178200000000 -0.0339271900000000
vn -4.3988068592660650 -4.1461833561839807 1.7140826689797111
v -0.0492845400000000 -0.0126618900000000 -0.0256642600000000
vn 0.0077402991399778 -2.6096793495561483 4.5159348719831129
v -0.2221776300000000 -0.1107301800000000 0.0262885400000000
vn 1.4030268149576677 0.1008278192872753 6.1233169674705170
v -0.2374405400000000 -0.0964678300000000 0.0294873600000000
vn 1.4333097013173313 0.1622805479666225 6.1153663772675957
v -0.2379012100000000 -0.0974886500000000 0.0296224200000000
vn -1.4275109546871723 -5.3880196644845171 2.8999074194911225
v -0.2411655100000000 -0.1042484800000000 0.0290180600000000
vn -1.4371967629137918 -5.3943985014189080 2.8832876854183205
v -0.2416239800000000 -0.1045720800000000 0.0281841000000000
vn -2.5817084079680583 -2.5299517568873977 -5.1392681051621834
v -0.2226279600000000 -0.0954305600000000 0.0068086400000000
vn -2.5739036538156848 -2.5568225329675478 -5.1296746692175903
v -0.2255699400000000 -0.1044809400000000 0.0126958600000000
vn -2.5817072900553910 -2.5299539300567142 -5.1392676089286242
v -0.1876390300000000 -0.1051200100000000 -0.0059981100000000
vn -2.5739062293465120 -2.5568286123275743 -5.1296703156530077
v -0.1882274200000000 -0.1069300800000000 -0.0048206700000000
vn 1.7835503017754919 2.1502881561412317 5.0969784875804915
v -0.2188621000000000 -0.1001891000000000 0.0253516900000000
vn 2.1913011162132761 4.2486459042730669 4.0774060625997848
v -0.2362112200000000 -0.0892634700000000 0.0232629000000000
vn 2.1943623304129201 4.2612096850402370 4.0626695148871521
v -0.2363386400000000 -0.0900337600000000 0.0241396600000000
vn -1.0416189546781423 -5.5005803898518133 2.8525537561518166
v -0.1540457400000000 -0.1364643300000000 -0.0013070000000000
vn -1.4623383785065371 -4.0375054835843596 -1.2804339759506234
v -0.1544209700000000 -0.1369668100000000 -0.0024129600000000
vn -1.1063740252491947 -5.5417493759548817 2.7432705734324045
v -0.1479216100000000 -0.1350584300000000 0.0036401900000000
vn -1.8080034509918428 -2.7052284438155532 -5.3750609477707325
v -0.1542304700000000 -0.1278540900000000 -0.0069542400000000
vn -1.8080018235457156 -2.7052234366995762 -5.3750640152373741
v -0.1309974500000000 -0.1207811800000000 -0.0183288400000000
vn -1.8080037580888855 -2.7052163381027876 -5.3750669371766158
v -0.1310325100000000 -0.1182471300000000 -0.0195924100000000
vn 0.6785534283162011 4.4187954034031005 4.4147369243293486
v -0.1395444000000000 -0.1162194600000000 0.0010937600000000
vn 0.5422993960942080 2.1615525368879256 5.3587789702385926
v -0.1191051300000000 -0.1232924200000000 0.0050083000000000
vn -5.7047449582796510 -1.1456418490020865 -2.3710350733706567
v -0.0701881700000000 -0.1309872000000000 -0.0322176000000000
vn -5.7047451041270056 -1.1456423180821727 -2.3710344957941833
v -0.0699308400000000 -0.1492419900000000 -0.0240163400000000
vn -2.7600076776412190 -4.5686030786541423 -3.3149119344876423
v -0.0410330700000000 -0.1523676200000000 -0.0473218000000000
vn -2.7600108146883504 -4.5686013832579979 -3.3149116591376986
v -0.0523714900000000 -0.1484772600000000 -0.0432430900000000
vn -4.0975542412558301 -1.6158880746346056 -4.4807781215500047
v -0.0437545000000000 -0.1233400500000000 -0.0577421900000000
vn -5.5111179536182044 3.0131253502759066 -0.1645361029529566
v -0.0403031300000000 -0.0559909400000000 -0.0281437800000000
vn -5.5111180832246403 3.0131251334077578 -0.1645357333128815
v -0.0480516200000000 -0.0711312800000000 -0.0458718100000000
vn -6.0168093340451687 1.8100790422003361 0.0060747901129530
v -0.0542136800000000 -0.0872453500000000 -0.0155786300000000
vn 0.1089547275994366 0.7310807405336156 -0.3454032654737061
v -0.0564364100000000 -0.0946150100000000 -0.0211878500000000
vn -4.2400199493875386 4.6222769485278032 0.3677012974291669
v 0.3110639400000000 -0.0467094300000000 0.0621433700000000
vn -3.8635998617934226 1.4329521030285286 2.6452159946051061
v 0.3005465200000000 -0.0560250800000000 0.0579698100000000
vn -3.7703386212880639 -1.4517829008346095 4.7922125438638359
v 0.3096745100000000 -0.0517932800000000 0.0659457700000000
vn 4.9882208019709786 -2.2058753625603407 -3.1193244012105996
v 0.3032976800000000 -0.0566257400000000 0.0547173000000000
vn -1.3508611844701957 -3.7692690590667679 3.6576131063236232
v 0.3051929100000000 -0.0721182400000000 0.0646158900000000
vn 2.5438837731810109 -5.1050506084670868 0.6731690067472567
v 0.3047545800000000 -0.0739949200000000 0.0602923800000000
vn 3.9271834018057326 -1.3027026737401213 -2.9484744673796128
v 0.3135168900000000 -0.0666361800000000 0.0647448100000000
vn 4.2910806310364604 -4.4638941668759839 -1.0670958200488023
v 0.3133490000000000 -0.0669689300000000 0.0654616400000000
vn 3.6913420458130126 1.4866796809721523 -4.8463677092278514
v 0.2993952800000000 -0.0693294000000000 0.0532900800000000
vn 3.8194015847320975 1.1148670235633453 -4.8628860421227511
v 0.3021925400000000 -0.0658184100000000 0.0562920300000000
vn 3.8193991307669926 1.1148664498711058 -4.8628881010166722
v 0.3075730800000000 -0.0615158900000000 0.0615044100000000
vn -0.6482961104923552 1.8092185299378314 2.2159505686836058
v 0.3101506500000000 -0.0601745900000000 0.0725214300000000
vn 4.6633294312346463 -2.7334618025784665 -2.1600064555286709
v 0.3007065100000000 -0.0464706400000000 0.0406886400000000
vn 4.8906539163451450 -3.9370736559027089 -0.2285887498370184
v 0.2841223200000000 -0.0667769100000000 0.0373983200000000
vn -4.0493893550391107 1.7593120098243433 4.4705351701692049
v 0.3171840900000000 -0.0151940000000000 0.0511398000000000
vn -4.0493891377852336 1.7593118622084756 4.4705354250505422
v 0.3256182200000000 -0.0059375100000000 0.0551366500000000
vn -4.0493874269815668 1.7593129520267778 4.4705365458064090
v 0.2870577000000000 -0.0457703200000000 0.0358843300000000
vn -4.0493893961717324 1.7593121270020495 4.4705350867988143
v 0.2960859900000000 0.0058727500000000 0.0237387400000000
vn -2.7012771343081465 1.6538337533244856 5.4264494252115796
v 0.2568767700000000 -0.0186705400000000 0.0090811300000000
vn -2.7012763331772094 1.6538326272956287 5.4264501671934315
v 0.2846290800000000 0.0037505700000000 0.0160628200000000
vn -2.7012770486462867 1.6538370308293651 5.4264484689592205
v 0.2821013900000000 -0.0078679700000000 0.0183455600000000
vn -2.7012723989778338 1.6538336169059367 5.4264518240207487
v 0.2790786200000000 -0.0007336500000000 0.0146664800000000
vn -2.7012792924519182 1.6538349455100030 5.4264479875449076
v 0.2719906400000000 -0.0543421200000000 0.0274765100000000
vn 2.5958194055203321 -1.4930271530905523 -5.5236771392255148
v 0.2788577300000000 0.0002115600000000 0.0069105900000000
vn 2.5958192148152737 -1.4930272761052830 -5.5236771955968571
v 0.2733262400000000 -0.0135323600000000 0.0080260200000000
vn 2.5958197225580113 -1.4930255016840503 -5.5236774366046459
v 0.2539755000000000 -0.0662659300000000 0.0131859200000000
vn 2.5958202334259988 -1.4930264749441835 -5.5236769334568079
v 0.2567270200000000 -0.0524492000000000 0.0107443800000000
vn -3.7355179730461114 1.5935395225368312 4.7942627032213334
v 0.2394190900000000 -0.0324577400000000 0.0025467700000000
vn 2.5801326985035167 -2.5604508460741560 -5.1249804221377966
v 0.1938866900000000 -0.0949152800000000 -0.0078422700000000
vn 2.5801329450626040 -2.5604510945539096 -5.1249801738690959
v 0.2345613600000000 -0.0856824400000000 0.0080223300000000
vn 0.7957636413586390 1.8764787582247433 5.9434001464965380
v 0.1800066400000000 -0.0480054900000000 -0.0137828200000000
vn 0.7957638894964971 1.8764776693639305 5.9434004570539356
v 0.1784991900000000 -0.0792633300000000 -0.0037121100000000
vn -0.3007969159543922 -1.1906780712122109 -6.1619984218143413
v 0.1858496200000000 -0.0604405900000000 -0.0230826600000000
vn -0.3007971310976918 -1.1906782286740210 -6.1619983808858114
v 0.1664344000000000 -0.0949871900000000 -0.0154595000000000
vn -1.9610966743234632 1.4250844541903620 5.7966931725543045
v 0.1547590200000000 -0.0779459500000000 -0.0096552500000000
vn 2.0155088395261469 -1.3169911984768095 -5.8035916383977977
v 0.1513857200000000 -0.0331209000000000 -0.0320137700000000
vn 2.0155118271568244 -1.3169897618776836 -5.8035909268336336
v 0.1277490500000000 -0.0803064200000000 -0.0295148100000000
vn -0.2062755709191319 1.4198168631226376 6.1171879216177967
v 0.1169390100000000 -0.0272099600000000 -0.0284482100000000
vn -0.2062734443348181 1.4198148717300074 6.1171884555292007
v 0.1299047900000000 -0.0282585400000000 -0.0277676200000000
vn -0.2062783115115086 1.4198169114840953 6.1171878179781007
v 0.1156256200000000 -0.0752056400000000 -0.0173525600000000
vn 0.0413892602019486 -0.8084937567304653 -6.2308139419197612
v 0.1122699200000000 -0.0274014000000000 -0.0390322900000000
vn 0.0413905920465494 -0.8084936403673361 -6.2308139481696614
v 0.1157275900000000 -0.0276669200000000 -0.0389748700000000
vn 0.0413960489817653 -0.8084960062625749 -6.2308136049197103
v 0.1034774800000000 -0.0813456800000000 -0.0320910200000000
vn 0.0413878018122617 -0.8084957703859236 -6.2308136903204820
v 0.1069351600000000 -0.0816112000000000 -0.0320336000000000
vn -1.8918529675322189 1.4754193349074292 5.8071032141487855
v 0.0939701400000000 -0.0805401600000000 -0.0203722500000000
vn 1.6136805474850251 -1.0912793860700203 -5.9735719629515929
v 0.0995591400000000 -0.0292820100000000 -0.0410626600000000
vn 1.6136740315588647 -1.0912777005820506 -5.9735740310489280
v 0.1028952200000000 -0.0278094900000000 -0.0404304700000000
vn 1.6136763082896448 -1.0912777360320565 -5.9735734095481980
v 0.0878828800000000 -0.0344358500000000 -0.0432753100000000
vn 1.6136827696021827 -1.0912786182825318 -5.9735715029390501
v 0.0804428700000000 -0.0800306000000000 -0.0369556800000000
vn 1.6136741914275976 -1.0912781899277195 -5.9735738984630311
v 0.0837789500000000 -0.0785580700000000 -0.0363234900000000
vn -2.8214771394175209 2.0615391638672929 5.2218522223381783
v 0.0761761600000000 -0.0422273700000000 -0.0354230600000000
vn -2.8214782538935874 2.0615398165651873 5.2218513624842036
v 0.0710894100000000 -0.0753185600000000 -0.0251074300000000
vn 1.6732974102053388 -0.3074204548431101 -6.0484697275630808
v 0.0761262400000000 -0.0389036300000000 -0.0474649900000000
vn 1.6732984016528727 -0.3074196328558829 -6.0484694950631823
v 0.0638693700000000 -0.0798254100000000 -0.0487759300000000
vn -6.2493581865092525 0.0862849197719496 -0.3287386864726112
v 0.0557781100000000 -0.0594868600000000 -0.0346040100000000
vn -6.2636384885427958 0.4927556345600236 0.0494203779186150
v 0.0557761900000000 -0.0596939500000000 -0.0327825800000000
vn -0.8653914153614071 1.6356002733311488 1.6989332793401872
v 0.0565558600000000 -0.0490383400000000 -0.0402092700000000
vn 0.1847380784756658 -0.6376709501792656 1.5734793846728434
v 0.2994442500000000 -0.0485852800000000 0.0500922100000000
vn -4.5350045077062502 2.6399055176990971 3.4558718982070151
v 0.2987818000000000 -0.0472813700000000 0.0482268700000000
vn -4.2921934194612898 2.1996041915001396 3.9632115762282210
v 0.2809198600000000 -0.0638384900000000 0.0374351700000000
vn 4.3775608412522367 -4.1657030873571959 1.7211323230570319
v 0.0491246400000000 -0.0116178400000000 -0.0221235300000000
vn 4.3775661137880455 -4.1656998030537489 1.7211268618432229
v 0.0452799800000000 -0.0245854800000000 -0.0437308800000000
vn -1.4123983602011174 0.1071003862428693 6.1210557408897230
v 0.2369760400000000 -0.0975229300000000 0.0298683700000000
vn -0.0266027650303940 -2.6096075193453698 4.5159135980723439
v 0.2216550100000000 -0.1117172600000000 0.0266449900000000
vn 1.3988718695579196 -5.3943070555689969 2.9021742446935797
v 0.2406671200000000 -0.1053200800000000 0.0294050300000000
vn 1.9864046852772257 -4.0074233314952412 -1.1101236846261999
v 0.2254460100000000 -0.1152568200000000 0.0182371000000000
vn 2.5707417849952896 -2.5682663514734316 -5.1255417238844876
v 0.2250969100000000 -0.1054832300000000 0.0130578000000000
vn 2.5772270828220387 -2.5224070957256024 -5.1452677881086899
v 0.2235061800000000 -0.1004983800000000 0.0098172500000000
vn 2.0287471685955878 -2.5088896131759277 -5.3536859614249988
v 0.1784408400000000 -0.1083370800000000 -0.0089128100000000
vn -2.1789260209078840 4.2583634921046789 4.0738993087775777
v 0.2357887800000000 -0.0903132000000000 0.0236419800000000
vn -1.7821575674542796 2.1582287745854964 5.0941074600906182
v 0.2183879000000000 -0.1011615400000000 0.0257028500000000
vn -0.4458808438744944 -0.0277491747885942 6.2671673270571429
v 0.1391323900000000 -0.1290512700000000 0.0065551100000000
vn 0.3396010745680326 -2.7908632751700950 4.4509701930590921
v 0.1480582900000000 -0.1339893700000000 0.0072194300000000
vn -0.4628510116551572 0.0063499964807211 6.2661109328564049
v 0.1491700500000000 -0.1305410100000000 0.0072980600000000
vn 1.0773049227951095 -5.5466056704669864 2.7450255329116491
v 0.1408661000000000 -0.1383680300000000 0.0010527400000000
vn 1.0125564537295491 -5.5051438647406306 2.8542140881006057
v 0.1416156400000000 -0.1393763300000000 -0.0011579600000000
vn 1.8045851894802010 -2.7132546263451056 -5.3721633659898060
v 0.1536994400000000 -0.1278262500000000 -0.0070623100000000
vn -0.6659788726640351 4.4217833554623551 4.4136598970507386
v 0.1390387600000000 -0.1168390300000000 0.0013175000000000
vn -0.5412903685910070 2.1639636411358683 5.3579059839401273
v 0.1383974800000000 -0.1222580800000000 0.0065718500000000
vn 5.7033949031547531 -1.1710153578075162 -2.3618694322093030
v 0.0693194200000000 -0.1495516800000000 -0.0239045100000000
vn 5.7033945808359210 -1.1710151946273002 -2.3618702914420560
v 0.0695661000000000 -0.1307036200000000 -0.0326536900000000
vn -0.0069500551541525 -4.6504963165476028 -4.2250743556579540
v 0.0097088900000000 -0.1528726700000000 -0.0518546500000000
vn -0.0069505795619801 -4.6504947861994852 -4.2250760392361526
v -0.0254207700000000 -0.1544002900000000 -0.0501154400000000
vn -0.0069498918896269 -4.6504942590483260 -4.2250766205973154
v -0.0224691800000000 -0.1632384300000000 -0.0403922500000000
vn 2.7449790103210621 -4.5808458631338409 -3.3104922618039212
v 0.0334194700000000 -0.1649198700000000 -0.0359639400000000
vn -0.0007434541425468 -2.4271253801502999 -5.7954705969975571
v -0.0172833300000000 -0.1344929400000000 -0.0617384500000000
vn 1.9163566874531968 -1.2716054505043555 -5.1971502556784790
v 0.0334691900000000 -0.1169542400000000 -0.0690901200000000
vn 0.0031077110883634 -0.8503283086956439 -6.2253794835264387
v 0.0144834300000000 -0.0079661300000000 -0.0700495300000000
vn 0.0054632112048402 0.1888983956419285 -6.2803427576685493
v 0.0132698100000000 -0.0481688400000000 -0.0661809200000000
vn 0.0054643901109571 0.1889010275232290 -6.2803426774790250
v -0.0166568000000000 -0.0413789300000000 -0.0660027300000000
vn 0.0054644763122102 0.1889011805670713 -6.2803426728008631
v -0.0171832800000000 -0.0534139800000000 -0.0663651800000000
vn 5.5247222286280309 2.9885828582148859 -0.1556740197981693
v 0.0401134500000000 -0.0561697800000000 -0.0280791900000000
vn 0.0080238206472450 1.3948763023951696 -6.1263915418185988
v -0.0191662200000000 -0.0753705100000000 -0.0695830900000000
vn 4.0023142767265316 -0.4879239184353482 -4.6113659040354795
v 0.0598080200000000 -0.1072735900000000 -0.0485044000000000
vn 0.0032489624675400 -0.7898535138264460 -6.2333408759104376
v 0.0214750800000000 -0.1051385300000000 -0.0705935900000000
vn 0.0032487200836254 -0.7898551801928089 -6.2333406648808101
v -0.0253348500000000 -0.1089731900000000 -0.0701320900000000
vn 6.1023039257326568 1.4654564922345512 0.3045351731922160
v 0.0521802300000000 -0.0807458700000000 -0.0233121800000000
vn 6.1023038509039864 1.4654578240317739 0.3045302638098570
v 0.0574907700000000 -0.0985021000000000 -0.0442804700000000
vn 0.0080224634728417 1.3948781934619556 -6.1263911130318300
v 0.0195235900000000 -0.0840445900000000 -0.0715073700000000
vn 5.5218695466794685 2.9935590977351856 -0.1611776725204332
v 0.0509915500000000 -0.0767300900000000 -0.0370311900000000
vn 5.5218698457625308 2.9935585588808915 -0.1611774341201250
v 0.0494567200000000 -0.0739452200000000 -0.0378904100000000
vn 5.5218698605205185 2.9935585096245187 -0.1611778436347857
v 0.0475525800000000 -0.0691346000000000 -0.0137774900000000
vn 0.0054624425747006 0.1889016589534356 -6.2803426601813053
v -0.0032047000000000 -0.0560779900000000 -0.0664331400000000
vn -2.2823551106648696 -0.0726787923036216 -5.0046416128101328
v -0.0219313400000000 0.0018536500000000 -0.0714090100000000
vn 0.0031120099336910 -0.8503284880869046 -6.2253794568764578
v -0.0165134500000000 -0.0333437200000000 -0.0665986800000000
vn 2.9200148462463433 -0.7895224697503473 -5.5071394727041048
v 0.0576505100000000 -0.1215029900000000 -0.0476083900000000
vn 3.1949602910732176 -4.7616030731227941 -2.5686149023999834
v 0.0365677000000000 -0.1695454600000000 -0.0255832800000000
vn -0.0117651184178913 -5.9824996063129170 -1.9204108015733272
v 0.0117233300000000 -0.1839943700000000 -0.0002035300000000
vn 3.6110430521009906 -1.7393617507700136 -4.0025659655291559
v 0.0725555600000000 -0.1206368300000000 -0.0304259100000000
vn 1.5186852186038529 -2.3077123446306818 -5.6432682503582949
v 0.0818424000000000 -0.1380195600000000 -0.0208183200000000
vn -0.6659802934561780 4.4217854237738905 4.4136575956917907
v 0.1303454400000000 -0.1191345600000000 0.0023055200000000
vn -0.8689107702431905 3.0502669156681077 5.1750007054794258
v 0.1506350300000000 -0.1120713900000000 -0.0017348500000000
vn 1.8802722212616303 -2.5828040870425175 -5.4103712466212226
v 0.1193658900000000 -0.1271330700000000 -0.0191639200000000
vn 1.8802711711438873 -2.5828005678622379 -5.4103732915494529
v 0.1425005600000000 -0.1368430700000000 -0.0064885500000000
vn 1.8802681781909745 -2.5828008590234339 -5.4103741926843014
v 0.1422611700000000 -0.1327973500000000 -0.0085030800000000
vn 1.0773016074487771 -5.5466077558643416 2.7450225147479128
v 0.1305270700000000 -0.1426127700000000 -0.0034665700000000
vn 1.1420500048068489 -5.5880675874120316 2.6358376333517120
v 0.1301523600000000 -0.1418160300000000 -0.0016151000000000
vn 1.0773030273165802 -5.5466067041663427 2.7450236913506774
v 0.1486203700000000 -0.1351844700000000 0.0044422300000000
vn -0.4458777239120490 -0.0277478579603949 6.2671675304581971
v 0.1282877500000000 -0.1344731500000000 0.0057595600000000
vn -0.4289033052943687 -0.0618465833984426 6.2682241950321860
v 0.1280427800000000 -0.1322087500000000 0.0057651400000000
vn -0.4289060394532183 -0.0618584640456276 6.2682238906942569
v 0.1273078700000000 -0.1254155700000000 0.0057818800000000
vn -0.5412877105603774 2.1639477088995989 5.3579061571732804
v 0.1270629000000000 -0.1231511700000000 0.0057874700000000
vn -0.4458764313340622 -0.0277483690236027 6.2671676203713762
v 0.1499770300000000 -0.1236293800000000 0.0073506600000000
vn -0.5412856972764525 2.1639595783709167 5.3579090078445937
v 0.1497320600000000 -0.1213649900000000 0.0073562400000000
vn -2.1789284627771757 4.2583571437804526 4.0739045796364568
v 0.1997612000000000 -0.1043014200000000 0.0189941900000000
vn -2.1759470087525785 4.2457837420235061 4.0886419059910262
v 0.2001163200000000 -0.1005343000000000 0.0152712800000000
vn -2.1711379098219901 3.6863607063029757 4.5447032309812201
v 0.2359179200000000 -0.0889433400000000 0.0222881900000000
vn 2.5642577464339484 -2.6141231934723912 -5.1058162661373494
v 0.2253296400000000 -0.1119989600000000 0.0165106700000000
vn 2.5642578407662553 -2.6141254877258824 -5.1058150441284234
v 0.2252132700000000 -0.1087410900000000 0.0147842300000000
vn 1.3988661787807897 -5.3943066904580430 2.9021778240118539
v 0.2056412200000000 -0.1219371700000000 0.0154013900000000
vn 1.3891860276399302 -5.3878881643489205 2.9187738715777511
v 0.2051415000000000 -0.1213000500000000 0.0168153200000000
vn 1.3891866459676296 -5.3878873147539412 2.9187751455915851
v 0.2036423300000000 -0.1193886900000000 0.0210571000000000
vn -0.0266064951915121 -2.6095987151699047 4.5159114298565148
v 0.2031426100000000 -0.1187515700000000 0.0224710300000000
vn -0.0266074004414602 -2.6096046824843304 4.5159207829116559
v 0.2401674000000000 -0.1046829600000000 0.0308189500000000
vn -1.4124021424061417 0.1070965889817354 6.1210544957632234
v 0.2017748900000000 -0.1156829900000000 0.0220636300000000
vn -1.3824004734407942 0.0455054698840028 6.1290550484820248
v 0.2014457000000000 -0.1138691800000000 0.0219759200000000
vn -1.3824039102102110 0.0455148791753358 6.1290542034739381
v 0.2004581400000000 -0.1084277600000000 0.0217127700000000
vn -1.7821564122166764 2.1582242989018319 5.0941069850543759
v 0.1955642100000000 -0.1079770600000000 0.0206056000000000
vn -1.7821572475349976 2.1582285625195974 5.0941123117125491
v 0.2366468600000000 -0.0957091300000000 0.0297806500000000
vn 4.3563223751653064 -4.1822484395089594 1.7348403264324161
v 0.0392662400000000 -0.0298149600000000 -0.0411448100000000
vn 4.3563270969570382 -4.1822454896653891 1.7348355809152680
v 0.0431109000000000 -0.0168473200000000 -0.0195374600000000
vn 4.8906557092147285 -3.9370713868558216 -0.2285931237563223
v 0.3000756000000000 -0.0474243900000000 0.0454025300000000
vn 0.1847344977711007 -0.6376653155289607 1.5734706330475596
v 0.2832384300000000 -0.0684021600000000 0.0439638700000000
vn -6.2350778340946054 -0.3201861347017174 -0.7068966305494563
v 0.0580122400000000 -0.0932526100000000 -0.0390157100000000
vn -6.2350778382403256 -0.3201857832860193 -0.7068967531154292
v 0.0569192400000000 -0.0563818700000000 -0.0460755200000000
vn -6.2350777403536224 -0.3201841608040466 -0.7068983514421172
v 0.0569014400000000 -0.0632093700000000 -0.0428260800000000
vn 3.0430273631939633 -1.1474109867180093 -5.1097435525601052
v 0.0771068000000000 -0.0815031200000000 -0.0375878700000000
vn 3.0728398210263630 -0.7554825284462660 -5.1471862797300902
v 0.0812575400000000 -0.0356604700000000 -0.0462102600000000
vn 3.0430277918035911 -1.1474118815157301 -5.1097390521199682
v 0.0828787600000000 -0.0366446400000000 -0.0442235900000000
vn 4.5328454278649168 2.7784359858122292 3.3484359638763750
v 0.0644493800000000 -0.0923928000000000 -0.0149205900000000
vn 4.5328448369823153 2.7784383062896025 3.3484348382994544
v 0.0589810900000000 -0.0649887000000000 -0.0302572000000000
vn 1.4831588431032401 -1.0453662366772976 -6.0137437177155331
v 0.0871150200000000 -0.0770855500000000 -0.0356913100000000
vn 1.3526543234411545 -0.9994555008814836 -6.0539105202628978
v 0.0896959800000000 -0.0778844700000000 -0.0349827400000000
vn 1.3526506841330066 -0.9994548687606680 -6.0539114377706458
v 0.0974388500000000 -0.0802812400000000 -0.0328570200000000
vn 0.6970271821854064 -0.9039753732176088 -6.1423630412853507
v 0.1000198100000000 -0.0810801700000000 -0.0321484500000000
vn 1.4831681640784444 -1.0453688958658907 -6.0137411393158429
v 0.1062312900000000 -0.0263369600000000 -0.0397982900000000
vn 0.6970266727929924 -0.9039766935227052 -6.1423606324978470
v 0.1088122500000000 -0.0271358900000000 -0.0390897100000000
vn 2.3818658236007306 2.6048743797181952 4.5975148508039565
v 0.0714468000000000 -0.1066913300000000 -0.0125286300000000
vn 0.6722264451461206 1.7413263569621973 5.9995259587146972
v 0.0832963600000000 -0.0583597000000000 -0.0278843000000000
vn 0.2331740072917931 -0.8881815571974205 -6.2122221504358883
v 0.1103928300000000 -0.0818767100000000 -0.0319761800000000
vn 0.4249576671278489 -0.9678662256525988 -6.1936308862194345
v 0.1202318100000000 -0.0794145900000000 -0.0316858600000000
vn 1.2202389136949401 -1.1424282655725009 -5.9986094239757888
v 0.1226915600000000 -0.0787990500000000 -0.0316132800000000
vn 0.2331732384161266 -0.8881807608491882 -6.2122223152114264
v 0.1330159500000000 -0.0289944900000000 -0.0386877600000000
vn 1.2202324405949407 -1.1424272599804941 -5.9986112302472643
v 0.1354757000000000 -0.0283789600000000 -0.0386151800000000
vn -0.7573952489587001 1.4095295678977382 6.0505974544772627
v 0.1104393100000000 -0.0747862100000000 -0.0176248000000000
vn -1.3085279236242797 1.3992423871115691 5.9840030931906529
v 0.1081462700000000 -0.0754980700000000 -0.0179597600000000
vn -1.6001902505604657 1.4373320643675909 5.8955530241881204
v 0.0989741200000000 -0.0783455100000000 -0.0192996400000000
vn -0.7574084120050468 1.4095299089322089 6.0505940172917576
v 0.1108883100000000 -0.0267206200000000 -0.0287658200000000
vn -1.6001961367558069 1.4373311146708663 5.8955520342401400
v 0.1085952800000000 -0.0274324800000000 -0.0291007900000000
vn 1.9318455610090075 -1.2707921902608723 -5.8422151228733874
v 0.1313352000000000 -0.1048012800000000 -0.0229026700000000
vn 1.9318448305252121 -1.2707908077574479 -5.8422156651434864
v 0.1255031700000000 -0.1049076500000000 -0.0248080100000000
vn 1.9318443250279485 -1.2707907647831487 -5.8422158416424415
v 0.1488312900000000 -0.1044821800000000 -0.0171866600000000
vn 1.9318423612865649 -1.2707903875607574 -5.8422165730460263
v 0.1565158100000000 -0.0526805600000000 -0.0259134300000000
vn -1.0595357898683953 1.6467455916950839 5.9702621777083769
v 0.1360819100000000 -0.0494380400000000 -0.0215934000000000
vn 2.0747677221371603 -2.4157624051784938 -5.3846177729632982
v 0.1892525800000000 -0.0832751000000000 -0.0159907400000000
vn 0.6343089747334518 -1.7308768728087160 -5.9031250982447947
v 0.2013331000000000 -0.0507873900000000 -0.0257037600000000
vn 2.0747728225704294 -2.4157648621412928 -5.3846156349023699
v 0.2036682400000000 -0.0498591200000000 -0.0254279700000000
vn -0.8137805313205156 1.6551749432560428 5.7801662866122223
v 0.1719205700000000 -0.0865036500000000 -0.0005453500000000
vn -2.1922107060293747 1.4294778440289562 5.7068127026332522
v 0.1597543400000000 -0.0793839700000000 -0.0076117400000000
vn -1.1594927034160796 0.9183145471626475 6.0375068899228506
v 0.1653026000000000 -0.0246106400000000 -0.0192004200000000
vn -2.1922113249856428 1.4294794663585828 5.7068119599412501
v 0.1636381200000000 -0.0410426400000000 -0.0157238200000000
vn 3.7488839039340682 -1.3128940357667205 -4.8683258241432217
v 0.2432761900000000 -0.0647796000000000 0.0062145300000000
vn 3.7488842881575608 -1.3128946654032922 -4.8683253584694244
v 0.2381463000000000 -0.0680687500000000 0.0031512500000000
vn 3.7488833428843344 -1.3128955477197237 -4.8683258484378351
v 0.2432951500000000 -0.0740393000000000 0.0087263000000000
vn 3.7488841506600261 -1.3128939277089937 -4.8683256632922793
v 0.2406353700000000 -0.0293853900000000 -0.0053641900000000
vn 3.7488851667003065 -1.3128948346095775 -4.8683246363100992
v 0.2230085100000000 -0.0441642100000000 -0.0149523000000000
vn -2.1663329561761984 3.1269240575936248 5.0007764462514546
v 0.2223485800000000 -0.0855290500000000 0.0142750500000000
vn -2.1663307571712362 3.1269286953233810 5.0007744989331862
v 0.2265347600000000 -0.0778603700000000 0.0112933700000000
vn -2.1663315812564217 3.1269256742885077 5.0007760309655218
v 0.2312263400000000 -0.0834018600000000 0.0167907800000000
vn -2.1663332299723441 3.1269251142580003 5.0007756669238086
v 0.1868375400000000 -0.0940378200000000 0.0042121200000000
vn 2.4863096449912288 -1.4538627627952869 -5.5841709340343719
v 0.2815002200000000 -0.0178607500000000 0.0129311300000000
vn 4.4498206035542189 -1.5080236567042238 -4.1717357120697924
v 0.3227638700000000 -0.0078179500000000 0.0502439300000000
vn 4.4498209629226952 -1.5080231516314706 -4.1717355113209331
v 0.2966754300000000 0.0062650800000000 0.0173256400000000
vn 4.4498206863153200 -1.5080238496739353 -4.1717355540364691
v 0.2893994300000000 -0.0481313800000000 0.0292281700000000
vn 0.2079716546679318 3.1651875824359479 -2.0150048653070773
v 0.2870876900000000 -0.0708889100000000 0.0432659400000000
vn 3.6913448510514741 1.4866760198366951 -4.8463677149309614
v 0.2916454200000000 -0.0717039900000000 0.0466587900000000
vn 3.5632797351150134 1.8584926549979346 -4.8298509485273691
v 0.2964660600000000 -0.0767616900000000 0.0482691200000000
vn 3.9271871553847473 -1.3026842033287938 -2.9484983130953597
v 0.2976712200000000 -0.0780261100000000 0.0486717000000000
vn 3.6913425707043901 1.4866783904817091 -4.8463677336880329
v 0.3123117300000000 -0.0653717500000000 0.0643422300000000
vn 2.5438805088914531 -5.1050513158104884 0.6731786361716066
v 0.2990643000000000 -0.0777670100000000 0.0531897300000000
vn -3.4983790291965997 -1.7923407910069000 4.9017625668035834
v 0.2852820200000000 -0.0803800900000000 0.0473845400000000
vn -3.4983812057321706 -1.7923323312092463 4.9017641067503410
v 0.2897623200000000 -0.0730786300000000 0.0532519100000000
vn -3.4062782135914742 1.7542154262417049 2.7657277173112531
v 0.2882662000000000 -0.0715096000000000 0.0527578500000000
vn 4.8971243515164709 -1.1903408972062093 -3.5814146299742440
v 0.2935373400000000 -0.0647969500000000 0.0448876000000000
vn 4.8060296717076900 -0.1748051914195955 -4.0435058481558190
v 0.2955439700000000 -0.0701885500000000 0.0475057200000000
vn 0.3762565708709584 -0.6609964816002949 0.3090938044855582
v 0.2989322400000000 -0.0720728200000000 0.0516144100000000
vn 4.8971233692144942 -1.1903399232510345 -3.5814168288081634
v 0.3153802800000000 -0.0512899800000000 0.0702657500000000
vn 0.3762569731942864 -0.6609961948843257 0.3090932791241747
v 0.3164592600000000 -0.0527451500000000 0.0716111100000000
vn -3.7703443381637878 -1.4517757346205062 4.7922096199737041
v 0.2968119900000000 -0.0705184300000000 0.0501532900000000
vn -4.2400310795150240 4.6222643174773985 0.3677317343890663
v 0.2915432800000000 -0.0630518600000000 0.0424840900000000
vn 0.3740933469419223 1.2081992595337163 -1.3758011614042724
v 0.2917956400000000 -0.0626703600000000 0.0405985400000000
vn -3.9970327681538631 -0.4701343238171022 -4.6177902523069578
v -0.0601919800000000 -0.1070067100000000 -0.0486007800000000
vn -5.5082369086130187 3.0180841837248984 -0.1700341815486082
v -0.0485971100000000 -0.0703114900000000 -0.0134257100000000
vn -5.5082336167541408 3.0180900117810587 -0.1700373734905546
v -0.0490859100000000 -0.0722736100000000 -0.0324182700000000
vn -5.5082340029173666 3.0180892879008145 -0.1700377126051419
v -0.0422091900000000 -0.0588521800000000 -0.0169597900000000
vn -2.9146471377512762 -0.7765467732854023 -5.5118259021521352
v -0.0518801300000000 -0.1367835100000000 -0.0488009100000000
vn -2.9146470601990262 -0.7765456431664960 -5.5118261023827193
v -0.0580992300000000 -0.1212455600000000 -0.0477013500000000
vn -2.8826074508405775 -5.0221928482412341 -0.1505450214670293
v -0.0486891100000000 -0.1680056500000000 -0.0139238400000000
vn -3.2119759511289425 -4.7473553200724314 -2.5737609754393498
v -0.0528413000000000 -0.1560576200000000 -0.0307804200000000
vn 0.8741568499591167 3.0463929272392574 5.1763986830172097
v -0.1279432300000000 -0.1107970600000000 -0.0062452200000000
vn 0.6910571071774863 4.4507501542329830 4.3808310562687049
v -0.1250623900000000 -0.1158424400000000 -0.0015737600000000
vn -1.8830502874923845 -2.5744336573610727 -5.4133936271968359
v -0.1197543300000000 -0.1245786700000000 -0.0203631400000000
vn -1.8830506744351392 -2.5744336725382739 -5.4133934853807375
v -0.1429522900000000 -0.1341856300000000 -0.0077249700000000
vn -0.3591585038040502 -2.7892966858117689 4.4504144326811321
v -0.1292633500000000 -0.1380554700000000 0.0055836500000000
vn -1.1063714573388275 -5.5417500499346870 2.7432700697853387
v -0.1311397700000000 -0.1420308200000000 -0.0036767200000000
vn 0.5423024273762667 2.1615440113386812 5.3587823433781105
v -0.1276039400000000 -0.1225847900000000 0.0055829400000000
vn 0.4356849358345078 -0.0297116422775587 6.2678753223235413
v -0.1288790900000000 -0.1339012100000000 0.0055530200000000
vn 1.7680112061182800 2.0840338051653022 5.3268151858201742
v -0.1559332800000000 -0.1202260400000000 0.0074983900000000
vn 2.1802122903119621 3.6766772263373517 4.5482032050686430
v -0.1964070000000000 -0.0976430700000000 0.0106522700000000
vn 2.1913036799174872 4.2486523512196941 4.0773979148545010
v -0.2002388000000000 -0.1034118200000000 0.0186729400000000
vn 2.1802111202637962 3.6766753887889791 4.5482063173559064
v -0.2318959600000000 -0.0889763900000000 0.0206581800000000
vn -2.5676586464621263 -2.6027136261385686 -5.1099342911530350
v -0.1883610500000000 -0.1101873900000000 -0.0030944300000000
vn -2.5676553486414906 -2.6027110577704029 -5.1099372564261145
v -0.2257035700000000 -0.1077382500000000 0.0144220900000000
vn -2.5676552019117631 -2.6027132058235036 -5.1099362360675755
v -0.2258372000000000 -0.1109955600000000 0.0161483300000000
vn 0.0077439088352765 -2.6096810032678914 4.5159486642348758
v -0.2036900200000000 -0.1178467700000000 0.0221442900000000
vn -1.4275119902746596 -5.3880233083165390 2.8999002249704611
v -0.2061914200000000 -0.1210212500000000 0.0150706400000000
vn 0.0077495692263918 -2.6096657400438539 4.5159486051132145
v -0.2406652300000000 -0.1036135800000000 0.0304327900000000
vn 1.4030277242683002 0.1008321338824664 6.1233167404546087
v -0.2023080100000000 -0.1147843100000000 0.0217391100000000
vn 1.7835513941355576 2.1502866174048791 5.0969740354201427
v -0.2371031400000000 -0.0946555100000000 0.0294001800000000
vn -4.3776607699880756 -4.1628259993535686 1.7278262315181139
v -0.0393177100000000 -0.0296401900000000 -0.0412079200000000
vn -0.1900990603336083 -0.6368370257436242 1.5731773088524688
v -0.2835955200000000 -0.0671415200000000 0.0435086300000000
vn -4.9213367154084544 -3.8933918254750139 -0.3168006173515023
v -0.3000940400000000 -0.0465545200000000 0.0467966000000000
vn -4.9077439453830189 -3.9152826265124032 -0.2364557380976065
v -0.3003415000000000 -0.0460890600000000 0.0449203300000000
vn 6.2347194114541278 -0.3479184398318388 -0.6968817862530462
v -0.0581081300000000 -0.0887085900000000 -0.0390927600000000
vn 6.2347194028939015 -0.3479186160893550 -0.6968817748457913
v -0.0555691700000000 -0.0832925000000000 -0.0190817400000000
vn 6.2347194664015548 -0.3479191343465750 -0.6968809479253905
v -0.0570516100000000 -0.0628009400000000 -0.0425749700000000
vn -4.4708555401434209 -1.1836528523062908 -4.2530970208487000
v -0.0729143400000000 -0.0784729100000000 -0.0431681000000000
vn -3.0678931112679990 -0.7418244145897028 -5.1521236556899943
v -0.0707591900000000 -0.0711528000000000 -0.0474708100000000
vn -3.0398837362532904 -1.1338809151242246 -5.1146313527133671
v -0.0822599700000000 -0.0418862900000000 -0.0435261700000000
vn -4.5258149725081358 2.7985830258469169 3.3411599013545463
v -0.0648313100000000 -0.0913822200000000 -0.0156439800000000
vn -4.5258151251985996 2.7985827243573405 3.3411599470434910
v -0.0604023800000000 -0.0645541900000000 -0.0321161000000000
vn -4.5258152216808369 2.7985819148715687 3.3411604943906896
v -0.0581895400000000 -0.0621551200000000 -0.0311281400000000
vn -1.4781366909835199 -1.0387805477065695 -6.0161207676258970
v -0.0873849800000000 -0.0766974600000000 -0.0358314500000000
vn -0.6911683921349245 -0.9008864944355640 -6.1434776800401130
v -0.1088543300000000 -0.0266517900000000 -0.0392645300000000
vn -1.4781361978232705 -1.0387788767837360 -6.0161212279130609
v -0.1062687100000000 -0.0258643600000000 -0.0399689500000000
vn -0.6741102257860344 1.7443196263607850 5.9984449692345621
v -0.0840438800000000 -0.0960119600000000 -0.0170229000000000
vn -0.6741142515146511 1.7443207891920944 5.9984441786724556
v -0.0833524300000000 -0.0633145600000000 -0.0264534500000000
vn -1.2156692931157360 -1.1370118612805589 -6.0005655602388170
v -0.1229752900000000 -0.0782526900000000 -0.0318105800000000
vn -0.2271481870387233 -0.8871568893433490 -6.2125917333155680
v -0.1106898000000000 -0.0813850200000000 -0.0321537400000000
vn -1.2156764159792641 -1.1370162112835835 -6.0005670765805412
v -0.1355237700000000 -0.0277762500000000 -0.0388328200000000
vn -0.2271561563720003 -0.8871598542564580 -6.2125907294901808
v -0.1330666800000000 -0.0284027200000000 -0.0389014600000000
vn 1.5970983512459296 1.4302209973360627 5.8981206737579859
v -0.0992758800000000 -0.0779046000000000 -0.0194588600000000
vn 1.3051351098067114 1.3934306513369521 5.9860998128508625
v -0.1038566500000000 -0.0764604900000000 -0.0187962800000000
vn 1.5970914032144703 1.4302218358892005 5.8981214053299658
v -0.1086547200000000 -0.0269493200000000 -0.0292752600000000
vn 0.7539386677332157 1.4061696242137038 6.0518103430599490
v -0.1109451100000000 -0.0262272600000000 -0.0289439800000000
vn -1.9280911932634943 -1.2622063541664510 -5.8453158233164979
v -0.1503219100000000 -0.0980542600000000 -0.0183180500000000
vn -1.9280907186390162 -1.2622067389694456 -5.8453158967804981
v -0.1259139300000000 -0.1043485000000000 -0.0250099300000000
vn -1.9280899639638014 -1.2622054833732450 -5.8453164168380738
v -0.1368053100000000 -0.0926200500000000 -0.0239499600000000
vn -1.9280916209840049 -1.2622052354431470 -5.8453159238029446
v -0.1519757800000000 -0.0578316700000000 -0.0264579600000000
vn -1.9280922133216389 -1.2622072696019058 -5.8453152891737457
v -0.1584912400000000 -0.0462024600000000 -0.0268199700000000
vn -1.9280900611959835 -1.2622045479007076 -5.8453165867662609
v -0.1578103300000000 -0.0576993600000000 -0.0245619900000000
vn 1.0572606814190246 1.6420385728182518 5.9719617196740380
v -0.1198709800000000 -0.0987429200000000 -0.0109886900000000
vn 1.0572605111724038 1.6420370283687669 5.9719621744731395
v -0.1488350000000000 -0.0994969600000000 -0.0056536500000000
vn 1.0572601446312904 1.6420394003638816 5.9719615871656098
v -0.1465555600000000 -0.0875936300000000 -0.0093301100000000
vn 1.0572611590319474 1.6420375712532378 5.9719619105072272
v -0.1362509900000000 -0.0488323700000000 -0.0218121200000000
vn -2.0768420680121737 -2.4065295270254383 -5.3879516174750446
v -0.1895805700000000 -0.0824325700000000 -0.0162949900000000
vn -0.6325121985056229 -1.7280584594332260 -5.9041449970614295
v -0.1779234100000000 -0.0871257800000000 -0.0176552000000000
vn -2.0768506080813700 -2.4065343999258229 -5.3879476821624301
v -0.2038322800000000 -0.0489528400000000 -0.0257552400000000
vn -0.6325208737600384 -1.7280608255287899 -5.9041403465351232
v -0.2015008500000000 -0.0498914800000000 -0.0260272900000000
vn 2.1893785435970674 1.4197364098236021 5.7103306067921711
v -0.1600788100000000 -0.0786726600000000 -0.0078686100000000
vn 2.4206566680544852 1.4231014377424323 5.6208203313776171
v -0.1660322800000000 -0.0757537500000000 -0.0060437200000000
vn 2.1893760398178710 1.4197347219119045 5.7103322607003264
v -0.1637789800000000 -0.0403144600000000 -0.0159867700000000
vn -3.7468632416830676 -1.2962239218718232 -4.8743447761546532
v -0.2381801000000000 -0.0299707800000000 -0.0072783200000000
vn -3.7468640164867719 -1.2962240077302258 -4.8743441577395110
v -0.2433323100000000 -0.0312885900000000 -0.0029674200000000
vn -3.7468627089046902 -1.2962237841545650 -4.8743452223215016
v -0.2400048000000000 -0.0613440900000000 0.0024673500000000
vn 2.1721854471411906 3.1172768509338096 5.0042594878974755
v -0.2019256900000000 -0.0860751500000000 0.0058418100000000
vn 2.1721842437595109 3.1172770248910195 5.0042599018829375
v -0.2280633300000000 -0.0782321100000000 0.0123016800000000
vn 2.1721853651160292 3.1172772541978815 5.0042592722991746
v -0.2070897000000000 -0.0599935400000000 -0.0081635300000000
vn -2.4837741432005038 -1.4428084856366579 -5.5881649298926224
v -0.2579184900000000 -0.0725863600000000 0.0164137900000000
vn -2.4837783946312300 -1.4428079572360839 -5.5881631766844837
v -0.2614988100000000 -0.0707776200000000 0.0175381400000000
vn -2.4837756733237257 -1.4428091693522698 -5.5881640732697688
v -0.2797925100000000 -0.0175128200000000 0.0119167300000000
vn -2.4837735595761474 -1.4428085843625291 -5.5881651638075960
v -0.2833728300000000 -0.0157040900000000 0.0130410800000000
vn -4.4497768008332859 -1.4882286280552741 -4.1788849682367859
v -0.3262971400000000 -0.0046118200000000 0.0527537200000000
vn -4.4497784177691138 -1.4882299243166179 -4.1788827848455972
v -0.2896426100000000 -0.0468435900000000 0.0287631300000000
vn -0.1906574036814288 3.1660733209395451 -2.0153374747748742
v -0.2896412700000000 -0.0684885500000000 0.0447749400000000
vn -3.9281960787755539 -1.2852384547048332 -2.9547812500369579
v -0.2980785200000000 -0.0767011600000000 0.0481932500000000
vn -3.5472177309670267 1.8743063081197895 -4.8355599300147736
v -0.2913097900000000 -0.0740261500000000 0.0442647700000000
vn -3.6769045931953057 1.5030669413623872 -4.8522840774293128
v -0.3101044500000000 -0.0647847700000000 0.0616340000000000
vn -0.8260889921626401 -5.7426006865627635 2.4121633309276169
v -0.2964163100000000 -0.0772113900000000 0.0519111600000000
vn -2.5676413585165916 -5.0936826091844862 0.6690614360275017
v -0.2975827300000000 -0.0777016500000000 0.0503445200000000
vn 3.4095994772047424 1.7390664874089119 2.7711823789935299
v -0.2886511700000000 -0.0702265300000000 0.0522945100000000
vn 3.4825007232658116 -1.8078566741025848 4.9073679872894989
v -0.2935165100000000 -0.0718662600000000 0.0551431200000000
vn 0.7110017397645380 -3.5903169732942417 4.1979532038765450
v -0.2815473600000000 -0.0833353700000000 0.0424240600000000
vn -0.3796839025675229 -0.6593148554151296 0.3084844618371596
v -0.2993177600000000 -0.0707423000000000 0.0511339400000000
vn -4.8002591464845912 -0.1534433017942724 -4.0512201722514929
v -0.2953005500000000 -0.0693889200000000 0.0463227100000000
vn -4.8966119964688817 -1.1685569223805408 -3.5892811569606828
v -0.2938797600000000 -0.0634905300000000 0.0444158300000000
vn -0.3796908895896590 -0.6593160708538809 0.3084875486758775
v -0.3167907400000000 -0.0513368000000000 0.0711025400000000
vn -4.8966138595985953 -1.1685586593532999 -3.5892783156165620
v -0.3157031400000000 -0.0498864500000000 0.0697589200000000
vn 3.8656841171454106 1.4157653549374016 2.6514263293810241
v -0.2911311900000000 -0.0629021300000000 0.0476730200000000
vn 3.4714133698621490 -1.7718430630339759 4.9283140098516940
v -0.2935540200000000 -0.0654202300000000 0.0484743100000000
vn 3.7561378360375679 -1.4685253241124563 4.7982580700383242
v -0.2971882800000000 -0.0691973700000000 0.0496762300000000
vn 3.8656724563707314 1.4157567373296787 2.6514230992383072
v -0.3106105200000000 -0.0464729200000000 0.0673005800000000
vn 4.2599600500114230 4.6033521930236105 0.3745751765289499
v -0.2918740900000000 -0.0617543400000000 0.0420155400000000
vn 3.6583730267778387 2.2508156767273242 4.5856900452053502
v -0.3909384800000000 0.1488832100000000 0.0304451800000000
vn 3.6583738158463408 2.2508171507632873 4.5856886921937212
v -0.3566033400000000 0.1092002800000000 0.0225310500000000
vn 3.6583731447880528 2.2508142580119088 4.5856906474119352
v -0.3425586200000000 0.0909534100000000 0.0202826400000000
vn 3.6583724117115262 2.2508142202977584 4.5856912507582646
v -0.3550499900000000 0.0973317900000000 0.0271172800000000
vn 3.6583713097580137 2.2508147675443215 4.5856918612680735
v -0.3722175600000000 0.1171732600000000 0.0310743500000000
vn -0.5628451308007718 -0.8978806276260425 2.0602585538063836
v -0.3784632500000000 0.1203624500000000 0.0344916700000000
vn -4.7840612945786045 -4.0465801452710570 -0.4651497192830931
v -0.3784622800000000 0.1204660100000000 0.0335808200000000
vn -2.9190655423190321 -1.7215320974195052 -3.3148960517456367
v -0.3784603600000000 0.1206731300000000 0.0317591300000000
vn -1.0540922989173933 0.6034995964085452 -6.1646650571150303
v -0.2876554600000000 0.0236860100000000 0.0067377400000000
vn -1.0540856251093598 0.6035070851151193 -6.1646654651247710
v -0.2931881500000000 0.0281948800000000 0.0081251700000000
vn -1.0541081123093683 0.6034858494901421 -6.1646636989685559
v -0.3219925100000000 0.0631618300000000 0.0164735600000000
vn -1.0541056334593923 0.6034878071437575 -6.1646639311876097
v -0.3446937400000000 0.0874086100000000 0.0227289100000000
vn -1.0540879302241983 0.6035049473329019 -6.1646652802470578
v -0.3557591300000000 0.0964263500000000 0.0255037800000000
vn -1.0541088593046644 0.6034849345381554 -6.1646636608027965
v -0.3385906000000000 0.0766884400000000 0.0206358700000000
vn 3.5154848214200141 0.9644336032619695 5.1175826226467684
v -0.2393963200000000 -0.0043847800000000 -0.0045379700000000
vn 3.5154855413667145 0.9644338160662438 5.1175820879784792
v -0.2317164100000000 -0.0093809400000000 -0.0088720700000000
vn 3.5154832565856622 0.9644318937656127 5.1175840197606828
v -0.2502609700000000 0.0354129900000000 -0.0045746600000000
vn 3.5154842938279538 0.9644328387682218 5.1175831291451779
v -0.2547333000000000 0.0546873500000000 -0.0051347700000000
vn -4.0853366260706760 -2.6580913965479080 -3.9652228668258616
v -0.2443312100000000 -0.0062775600000000 -0.0130620900000000
vn -4.0853337033447028 -2.6580884395786395 -3.9652278602939957
v -0.2494513300000000 -0.0029656200000000 -0.0100070400000000
vn -4.0853366260706672 -2.6580913965478965 -3.9652228668258767
v -0.2772422900000000 0.0358376200000000 -0.0073860300000000
vn -4.0853339147551528 -2.6580893472985734 -3.9652270339900868
v -0.2988179500000000 0.0602071500000000 -0.0014929500000000
vn -4.0853338938163866 -2.6580891958213853 -3.9652271571057356
v -0.3090581800000000 0.0668310300000000 0.0046171400000000
vn -4.0853365629937546 -2.6580914591944587 -3.9652228898183255
v -0.2926026400000000 0.0457734400000000 0.0017791100000000
vn 0.1343825641469395 -0.3344553120556269 6.2728381594807612
v -0.2053379300000000 0.0197464200000000 -0.0162838200000000
vn -0.4766987499062024 0.6661039317800120 -6.2295651098819178
v -0.2340853500000000 0.0515122300000000 -0.0162305500000000
vn 2.1731252162953321 0.7286597345904882 5.8502136191630987
v -0.1544547300000000 -0.0103939400000000 -0.0251977700000000
vn 2.1731271791522833 0.7286616243031455 5.8502126546685096
v -0.1615090800000000 0.0097001400000000 -0.0250801300000000
vn 0.3325425384894158 -0.1772250752089850 6.2718756634015795
v -0.1337474900000000 0.0131330900000000 -0.0297505800000000
vn -0.8366419932419831 0.7327601989808715 -6.1839720463695498
v -0.1174286200000000 0.0159002900000000 -0.0366891900000000
vn 2.0407597397189603 0.4921816377088019 5.9221174021258784
v -0.0809351900000000 -0.0071093900000000 -0.0401583000000000
vn -1.0888658872312102 0.6424019777371038 -6.1546818262990515
v -0.0724724700000000 -0.0268331900000000 -0.0483041500000000
vn -1.0888668384141198 0.6424048490950258 -6.1546813583121525
v -0.0914185100000000 -0.0002523300000000 -0.0421778700000000
vn 4.1200897299190657 2.7493068105781675 3.8658233641852648
v -0.4580057700000000 0.1706933200000000 0.0709523600000000
vn 4.1200862453607030 2.7493042364974167 3.8658289085578206
v -0.4634185200000000 0.1737790700000000 0.0745265900000000
vn 4.1200887667531161 2.7493059084850029 3.8658250322536656
v -0.4144087800000000 0.1025646800000000 0.0729397600000000
vn 4.1200875883989578 2.7493049460627947 3.8658269725663175
v -0.4343538600000000 0.1283599700000000 0.0758515200000000
vn -4.1294226331948352 -2.9861905482132425 -3.6754526701492285
v -0.4574905900000000 0.1762183600000000 0.0673456600000000
vn -4.1294206515679122 -2.9861867651030831 -3.6754579701966850
v -0.4520778400000000 0.1731326100000000 0.0637714400000000
vn -4.1294226076409686 -2.9861895186721528 -3.6754535353259610
v -0.4165700500000000 0.1356778500000000 0.0543087500000000
vn -4.1294226786314328 -2.9861905112301059 -3.6754526491482697
v -0.3906970300000000 0.1123218500000000 0.0442160700000000
vn -4.1294248001387279 -2.9861923441649356 -3.6754487763720842
v -0.3798715300000000 0.1061503500000000 0.0370676300000000
vn -4.1294226586924658 -2.9861894771218105 -3.6754535117331169
v -0.4003318000000000 0.1264206100000000 0.0435860800000000
vn 4.4879023701158758 4.3687178389858499 0.5014522548195417
v -0.3949209800000000 0.1231277400000000 0.0418335500000000
vn 4.0927759915779935 3.4320023194087783 2.4631491283939293
v -0.3949219400000000 0.1230241800000000 0.0427443900000000
vn 0.1792413829136350 0.6912675962390982 -1.5870003623060491
v -0.3949190500000000 0.1233348600000000 0.0400118600000000
vn -2.6449279273941948 1.5675485661442001 5.4795588650920184
v 0.2815003400000000 0.0185199700000000 0.0101484200000000
vn -2.6449305759849988 1.5675523497632196 5.4795565042508629
v 0.2870508000000000 0.0230042000000000 0.0115447600000000
vn -2.6449283094946971 1.5675507586806872 5.4795580534322408
v 0.3034902600000000 0.0517270400000000 0.0112631100000000
vn -2.6449251350969183 1.5675472577898550 5.4795605871891571
v 0.3200356800000000 0.0728147900000000 0.0132168000000000
vn -2.6449263232688267 1.5675477320243747 5.4795598780068371
v 0.3311366100000000 0.0817832400000000 0.0160094800000000
vn -2.6449285544148200 1.5675493639688032 5.4795583342008021
v 0.3201416500000000 0.0651797100000000 0.0154521300000000
vn 3.6535953799513625 -2.2543115930631950 -4.5877813423610041
v 0.3828853900000000 0.1411815700000000 0.0270527600000000
vn 3.6535955338837187 -2.2543122394299080 -4.5877809021651368
v 0.3891397100000000 0.1443429600000000 0.0304801200000000
vn 3.6535940132837670 -2.2543104103598242 -4.5877830118617435
v 0.3372878400000000 0.0928904000000000 0.0144689800000000
vn 3.6535950666817714 -2.2543102776354043 -4.5877822382076161
v 0.3207433800000000 0.0719062000000000 0.0116044400000000
vn 3.6535993566538782 -2.2543160704176373 -4.5877759753566973
v 0.3332520100000000 0.0782289800000000 0.0184591600000000
vn 3.6535954700948166 -2.2543119715764752 -4.5877810845826410
v 0.3560507800000000 0.1023745700000000 0.0247510500000000
vn -1.4875439717998895 0.6043422353646785 6.0745700258429220
v 0.3199243200000000 0.1237294200000000 0.0076409100000000
vn -1.4875440744554420 0.6043428832252689 6.0745699362509979
v 0.3069732300000000 0.0760657300000000 0.0092113700000000
vn 1.3392696666575863 0.3014792263163082 -6.1313852138343732
v 0.3084815100000000 0.1194203500000000 0.0022324100000000
vn 1.3392698716569520 0.3014794049556063 -6.1313851602727887
v 0.3211092800000000 0.1216673200000000 0.0051011600000000
vn 1.3392701170969159 0.3014790610299149 -6.1313851235721195
v 0.2651328200000000 0.0708736700000000 -0.0096232100000000
vn 1.3392699914682655 0.3014792733961920 -6.1313851405715321
v 0.2560862400000000 0.0488473000000000 -0.0126822800000000
vn 1.3392698603071194 0.3014795657848537 -6.1313851548437235
v 0.2750278900000000 0.0522177700000000 -0.0083791600000000
vn 1.3392704612682327 0.3014779410392092 -6.1313851034653162
v 0.3030161200000000 0.0776146000000000 -0.0010169700000000
vn -0.8134416225214662 -0.2250328847631440 6.2262420874777789
v 0.2511845900000000 0.0947184900000000 -0.0084782700000000
vn -0.8134397678482369 -0.2250346385645322 6.2262422663983017
v 0.2414783500000000 0.0857992200000000 -0.0100687300000000
vn -0.8134429217442369 -0.2250330377842586 6.2262419122039301
v 0.2460308200000000 0.0623133300000000 -0.0103228100000000
vn -0.8134434489188102 -0.2250322567006387 6.2262418715635128
v 0.2369831000000000 0.0401645800000000 -0.0123053800000000
vn -0.8134415015757038 -0.2250326103720075 6.2262421131962782
v 0.2272768600000000 0.0312453100000000 -0.0138958400000000
vn -0.8134378467176142 -0.2250333982244767 6.2262425622155417
v 0.2266183300000000 0.0444747900000000 -0.0135037300000000
vn 0.2560741424054648 0.8309503647096295 -6.2227297168552047
v 0.2395115100000000 0.0911061800000000 -0.0107883900000000
vn 0.2560796436964970 0.8309492021789876 -6.2227296457294043
v 0.2459823400000000 0.0970523600000000 -0.0097280800000000
vn 0.2560743080168917 0.8309501632990266 -6.2227297369360670
v 0.2110115600000000 0.0514764300000000 -0.0172531600000000
vn 0.2560741322149855 0.8309503514237765 -6.2227297190486786
v 0.2032324200000000 0.0376077300000000 -0.0194252300000000
vn 0.2560796436964987 0.8309492021789866 -6.2227296457294052
v 0.2161740800000000 0.0495000900000000 -0.0173046200000000
vn 0.2560737375060940 0.8309507737964295 -6.2227296788884523
v 0.2304240500000000 0.0693149700000000 -0.0140722400000000
vn -2.0035493594510112 0.7303872382759400 5.9102235195264718
v 0.1955319100000000 0.0598886700000000 -0.0193952400000000
vn -2.0035511637542736 0.7303898415532107 5.9102225861578859
v 0.1769137800000000 0.0157419700000000 -0.0202510600000000
vn 1.4011818424449991 0.4804853720587568 -6.1060822837501405
v 0.1886995700000000 0.0590962100000000 -0.0229941200000000
vn 1.4011793943873259 0.4804866013330018 -6.1060827487847886
v 0.1957065200000000 0.0628903000000000 -0.0210876600000000
vn 1.4011833575718535 0.4804807368103034 -6.1060823008188558
v 0.1663979700000000 0.0333686400000000 -0.0301362300000000
vn 1.4011800269708066 0.4804860668466531 -6.1060826456826538
v 0.1622541100000000 0.0242989400000000 -0.0318008200000000
vn 1.4011831045324994 0.4804816748852297 -6.1060822850684122
v 0.1762680000000000 0.0318871200000000 -0.0279879000000000
vn 1.4011831099052108 0.4804815607718978 -6.1060822928151914
v 0.1839153300000000 0.0428538600000000 -0.0253700800000000
vn 0.2588528615829180 0.9890576650173298 -6.1994497929740371
v 0.1346889000000000 0.0321151100000000 -0.0325350300000000
vn 0.2588526758359288 0.9890585057375789 -6.1994496665993237
v 0.1454357300000000 0.0308071000000000 -0.0322949800000000
vn -1.5355957570248959 0.3454235977628975 6.0828484950236703
v 0.1276278700000000 0.0427735800000000 -0.0306175400000000
vn -1.5355937875103782 0.3454252235913289 6.0828488998974857
v 0.1237891900000000 0.0400648800000000 -0.0314327800000000
vn -1.5355954960225529 0.3454250949653088 6.0828484758965820
v 0.1191298000000000 0.0245239300000000 -0.0317265100000000
vn -1.7713231651312040 0.4838845369138983 6.0088840564524517
v 0.0902306600000000 0.0112566200000000 -0.0385602800000000
vn 1.5933710605837039 0.2834788685387059 -6.0711799511076432
v 0.0799714700000000 0.0051374400000000 -0.0442988100000000
vn 1.5933700963327841 0.2834793863101982 -6.0711801799973930
v 0.0887246700000000 0.0073621500000000 -0.0418976600000000
vn -5.7894375861586269 2.4265289779269512 0.2697909553138771
v 0.0770527700000000 0.0042923200000000 -0.0441884800000000
vn -2.0980351195349689 1.3550041605231518 -2.9006894276711668
v 0.0770537300000000 0.0043958700000000 -0.0450991900000000
vn -3.9187505106946197 1.4639019334059900 3.0943086588294992
v 0.0770508500000000 0.0040852300000000 -0.0423670500000000
vn -3.6936165809309767 2.5117233992324350 4.4189206513782384
v 0.3265374200000000 0.0348213500000000 0.0349460200000000
vn -3.6936161518851467 2.5117226401688755 4.4189214414553142
v 0.3398269300000000 0.0295067300000000 0.0490750800000000
vn -3.6936165534319993 2.5117237150493188 4.4189204948525500
v 0.3646655900000000 0.0765676300000000 0.0430873100000000
vn -3.6936165951754134 2.5117234166693683 4.4189206295605601
v 0.3881595000000000 0.0956692300000000 0.0518676400000000
vn -3.6936164654311203 2.5117229392309630 4.4189210093859224
v 0.3779550900000000 0.0712530100000000 0.0572163700000000
vn 3.9475131575491993 -2.6060507632251380 -4.1357051266775304
v 0.3378681500000000 0.0359093000000000 0.0413928600000000
vn 3.9475123225633117 -2.6060501089813135 -4.1357063359285489
v 0.4068911300000000 0.1093298900000000 0.0610101500000000
vn 3.9475121541305396 -2.6060495121758236 -4.1357068727640156
v 0.3765016200000000 0.0879383700000000 0.0454830200000000
vn -4.0814196968249501 3.4501843127846263 2.4565697035497482
v 0.3954106900000000 0.1212664800000000 0.0433791200000000
vn -4.4692238299599669 4.3886437645983962 0.4942285598985815
v 0.3954116500000000 0.1213700300000000 0.0424682800000000
vn -0.1736130737400863 0.6920499894873546 -1.5872929311607360
v 0.3954135800000000 0.1215771500000000 0.0406465900000000
vn 4.1219963711551557 -3.0045384991210309 -3.6688297763404139
v 0.4527550600000000 0.1711202600000000 0.0644981300000000
vn 4.1219985530710899 -3.0045425288415082 -3.6688240248365216
v 0.4581757300000000 0.1741819100000000 0.0680810600000000
vn 4.1219985017803724 -3.0045415183663025 -3.6688249099790649
v 0.4008342500000000 0.1246388100000000 0.0442295100000000
vn 4.1220001161106383 -3.0045458902713462 -3.6688195159136030
v 0.3802945200000000 0.1044597400000000 0.0376781300000000
vn 4.1219966116699558 -3.0045389672168046 -3.6688291227834098
v 0.3911358600000000 0.1105830500000000 0.0448439800000000
vn 4.1219963788978164 -3.0045386515352499 -3.6688296428317404
v 0.4170962700000000 0.1338237800000000 0.0549782900000000
vn -4.1140229441443985 2.7676188807822992 3.8592121670200603
v 0.4586605400000000 0.1686546500000000 0.0716885600000000
vn -4.1140228693453338 2.7676167921173143 3.8592137446381676
v 0.4348127200000000 0.1264269400000000 0.0765495600000000
vn -4.1140205086280339 2.7676168559710828 3.8592162154353229
v 0.4120474700000000 0.0991897800000000 0.0718142200000000
vn -4.1140218163192444 2.7676167030052214 3.8592149311035921
v 0.4039164600000000 0.0945973000000000 0.0664398300000000
vn -4.1140207032528613 2.7676160771516045 3.8592165664684379
v 0.4185507000000000 0.1172419800000000 0.0658007900000000
vn -2.0480648322986008 0.5012776183350913 5.9188317087421236
v 0.0804266400000000 -0.0043129000000000 -0.0404876900000000
vn -1.4589147183274065 0.3442737090377232 6.1017588498913531
v 0.0961704200000000 -0.0146249000000000 -0.0351014000000000
vn -1.4589142178033092 0.3442766544916100 6.1017588033794432
v 0.1025162900000000 -0.0085499400000000 -0.0339268800000000
vn -1.4589185870165555 0.3442775325848816 6.1017577091550264
v 0.0982020100000000 -0.0005667700000000 -0.0354088400000000
vn -1.4589144792561386 0.3442767221887563 6.1017587370471036
v 0.1065419800000000 0.0030909800000000 -0.0336211600000000
vn 2.3065167540207727 -0.3803439434696811 -5.8321296755470033
v 0.1856107900000000 0.0187977600000000 -0.0240565900000000
vn 2.3065167211141522 -0.3803440612996192 -5.8321296808756369
v 0.1754958100000000 0.0218125100000000 -0.0282535200000000
vn -2.1792568700836958 0.7383405736554871 5.8467179080096692
v 0.1571610700000000 -0.0079546700000000 -0.0243383900000000
vn -2.1792545927544791 0.7383395482295665 5.8467188863336768
v 0.1585895100000000 0.0085485900000000 -0.0258900400000000
vn -2.1792604320659938 0.7383425569503477 5.8467163298735079
v 0.1644173900000000 0.0068709000000000 -0.0235059500000000
vn 0.4896630549588623 0.6639533728542070 -6.2287890970588009
v 0.2033102600000000 -0.0139500500000000 -0.0251615200000000
vn 0.4896617095362771 0.6639554010011222 -6.2287889866371753
v 0.2382550900000000 0.0488118100000000 -0.0157243500000000
vn 0.4896609493049531 0.6639543021310028 -6.2287891635343087
v 0.2278483000000000 0.0532347800000000 -0.0160709900000000
vn 0.4896630098446177 0.6639533355377765 -6.2287891045831918
v 0.2233546900000000 0.0292733700000000 -0.0189784000000000
vn -0.1459442120167020 -0.3338332451415299 6.2726129528111167
v 0.2067755000000000 0.0182742400000000 -0.0159531100000000
vn 4.0798345805187042 -2.6762491886784323 -3.9586686752060221
v 0.2494660400000000 -0.0040752100000000 -0.0096063500000000
vn 4.0798348309873145 -2.6762503851551473 -3.9586676081946286
v 0.2443361500000000 -0.0073643600000000 -0.0126696300000000
vn 4.0798345805186971 -2.6762491886784279 -3.9586686752060327
v 0.2928147300000000 0.0444714700000000 0.0022492700000000
vn 4.0798316523281128 -2.6762450253487753 -3.9586745075764784
v 0.3093591900000000 0.0654556600000000 0.0051138000000000
vn 4.0798372983173579 -2.6762509313997866 -3.9586646960499223
v 0.2990994200000000 0.0588773800000000 -0.0010127500000000
vn 4.0798344006996352 -2.6762479654696665 -3.9586696874754788
v 0.2774250800000000 0.0346040400000000 -0.0069405700000000
vn -3.5193769171661904 0.9800799071128096 5.1119318359054988
v 0.2342659900000000 -0.0087575900000000 -0.0070510700000000
vn -3.5193749904858729 0.9800784981472968 5.1119334324851096
v 0.2588441100000000 0.0560346900000000 -0.0025521700000000
vn -3.5193744283993174 0.9800794224631021 5.1119336422447459
v 0.2549264500000000 0.0371939100000000 -0.0016371100000000
vn 1.0666569639298060 0.5987932803280284 -6.1629625288694765
v 0.2933118500000000 0.0268905000000000 0.0085962000000000
vn 1.0666562888575624 0.5987936319114202 -6.1629626115560745
v 0.2877613900000000 0.0224062800000000 0.0071998700000000
vn 1.0666789248345279 0.5987718383985041 -6.1629608112644423
v 0.3389094000000000 0.0751816800000000 0.0211799900000000
vn 1.0666800218194348 0.5987709652795868 -6.1629607062301730
v 0.3561577100000000 0.0948430400000000 0.0260755400000000
vn 1.0666793468076041 0.5987713167871755 -6.1629607889070401
v 0.3450567900000000 0.0858746000000000 0.0232828600000000
vn 1.0666818400711175 0.5987693188344483 -6.1629605514916372
v 0.3222580100000000 0.0617290100000000 0.0169909700000000
vn 4.7667560617291374 -4.0678214132902175 -0.4574748101282196
v 0.3789545600000000 0.1187815100000000 0.0341891200000000
vn 0.5555356472355812 -0.9003704355471120 2.0611704745341539
v 0.3789536000000000 0.1186779500000000 0.0350999600000000
vn 2.9167191098322895 -1.7345264974930137 -3.3102165315001550
v 0.3789564800000000 0.1189886300000000 0.0323674300000000
vn -3.6556871060773055 2.2670819353193910 4.5798153767771916
v 0.3915620500000000 0.1471429300000000 0.0310736200000000
vn -3.6556850795020495 2.2670826920055385 4.5798166198502184
v 0.3695721300000000 0.1139358700000000 0.0299589200000000
vn -3.6556882068721306 2.2670850277849413 4.5798129672817627
v 0.3554500100000000 0.0957516400000000 0.0276879000000000
vn -3.6556868861316429 2.2670818338081848 4.5798156025913048
v 0.3429413800000000 0.0894288500000000 0.0208331800000000
vn -3.6556871440923051 2.2670834170205687 4.5798146129586925
v 0.3539363400000000 0.1060323900000000 0.0213905300000000
vn -3.9524168129874280 -2.5884808538729898 -4.1420509183136476
v -0.3392385000000000 0.0368020700000000 0.0426454800000000
vn -3.9524167170942430 -2.5884817797271387 -4.1420504312245496
v -0.4094476400000000 0.1099191900000000 0.0639473700000000
vn 3.6976494860846731 2.4952843868547681 4.4248572531925330
v -0.3353108700000000 0.0327699300000000 0.0438267300000000
vn 3.6976486950683367 2.4952841736485447 4.4248580344407475
v -0.3777112200000000 0.0729336200000000 0.0566094700000000
vn 3.6976492943681052 2.4952843241604938 4.4248574487555734
v -0.3848348400000000 0.0985628300000000 0.0481094100000000
vn 3.6976494248341605 2.4952853222841487 4.4248567768651030
v -0.3599303000000000 0.0799408200000000 0.0377992400000000
vn 2.1086943675069159 1.3456503115037104 -2.8973358645394578
v -0.0769462700000000 0.0047383600000000 -0.0452228700000000
vn 5.7997326165481979 2.4007584712498331 0.2790661993104169
v -0.0769472300000000 0.0046348200000000 -0.0443121600000000
vn 3.9202491170828826 1.4464694906445390 3.1006013639275318
v -0.0789387800000000 0.0092006700000000 -0.0422017800000000
vn -1.5823462329723967 0.2905412472355915 -6.0737289853100505
v -0.0842354800000000 0.0066247200000000 -0.0432336300000000
vn 1.7638031565851748 0.4760234055726200 6.0117233591134855
v -0.0944765600000000 0.0127895000000000 -0.0375115700000000
vn -0.7375399171305251 0.8010609160696004 -6.1881139197449908
v -0.1288255400000000 0.0453923400000000 -0.0315970500000000
vn -0.7375347089173749 0.8010632711416001 -6.1881142356025407
v -0.1170739600000000 0.0259459900000000 -0.0355150500000000
vn -0.7375441551044066 0.8010609632712629 -6.1881134085236615
v -0.1055902700000000 0.0177687400000000 -0.0379423100000000
vn 1.5273402772325102 0.3386137673313165 6.0853093593029204
v -0.1155854500000000 0.0218353900000000 -0.0325840800000000
vn -0.2444968523865915 0.9901774937284694 -6.1998538228282962
v -0.1420685200000000 0.0366863800000000 -0.0318173800000000
vn 0.1520225822723243 -0.1871661554845309 6.2785568062263462
v -0.1448584600000000 0.0315256200000000 -0.0287456600000000
vn 0.1520158479907992 -0.1871663345127412 6.2785569639478140
v -0.1538192200000000 0.0304754600000000 -0.0285600000000000
vn -1.3892197651634184 0.4866922894698507 -6.1083235559188198
v -0.1988726400000000 0.0656726800000000 -0.0204541400000000
vn -1.3892190165907097 0.4866909556390394 -6.1083238324356168
v -0.1883830600000000 0.0599348400000000 -0.0232969700000000
vn -1.3892250750389177 0.4866865556633605 -6.1083228051345557
v -0.1620785200000000 0.0250202600000000 -0.0320613000000000
vn -1.3892210764415402 0.4866888706794166 -6.1083235300851033
v -0.1661846600000000 0.0341083100000000 -0.0304033400000000
vn 1.9972834940299600 0.7214912179812529 5.9134361137334759
v -0.1932772600000000 0.0572569400000000 -0.0199372800000000
vn 1.9972835625760870 0.7214913358146464 5.9134360762050591
v -0.1886334800000000 0.0345916700000000 -0.0187403700000000
vn -0.2423840011807347 0.8320581052670698 -6.2231299929905859
v -0.2455176600000000 0.0981454600000000 -0.0101228100000000
vn -0.2423815489750155 0.8320612305684917 -6.2231296706263421
v -0.2390716500000000 0.0921705500000000 -0.0111727500000000
vn -0.2423834460139198 0.8320584959841758 -6.2231299623743945
v -0.2300759500000000 0.0703391200000000 -0.0144420700000000
vn -0.2423851527405040 0.8320575329050426 -6.2231300246678565
v -0.2159090800000000 0.0504610400000000 -0.0176516400000000
vn -0.2423735609506597 0.8320640739371921 -6.2231296015888908
v -0.2030170500000000 0.0385112300000000 -0.0197515000000000
vn -0.2423740401710053 0.8320635834142139 -6.2231296485100227
v -0.2107379100000000 0.0524144000000000 -0.0175918700000000
vn 0.8024343692975155 -0.2286258268115664 6.2275393951863389
v -0.2507322500000000 0.0958347500000000 -0.0088813700000000
vn 0.8024268855940971 -0.2286292200097398 6.2275402349071971
v -0.2263816700000000 0.0454822700000000 -0.0138675400000000
vn 0.8024289399034840 -0.2286269717134345 6.2275400527452929
v -0.2238754000000000 0.0292683900000000 -0.0147857300000000
vn 0.8024297490306534 -0.2286277829723121 6.2275399187061211
v -0.2335444200000000 0.0382307500000000 -0.0132108300000000
vn 0.8024271641932401 -0.2286289573109166 6.2275402086537470
v -0.2457197100000000 0.0634069900000000 -0.0107177400000000
vn -1.3280661027834983 0.3074106451624302 -6.1335272662818667
v -0.3268692100000000 0.1242459600000000 0.0060100500000000
vn -1.3280639022452547 0.3074128606425647 -6.1335276317158360
v -0.3079358600000000 0.1207912600000000 0.0017373500000000
vn -1.3280660399530517 0.3074107964106207 -6.1335272723066101
v -0.3026512500000000 0.0789616000000000 -0.0015033900000000
vn -1.3280649404471281 0.3074120558849796 -6.1335274472531287
v -0.2810756000000000 0.0545920700000000 -0.0073964700000000
vn -1.3280661367699320 0.3074103850134000 -6.1335272719616682
v -0.2621422400000000 0.0511373800000000 -0.0116691700000000
vn -1.3280658738156925 0.3074102695467809 -6.1335273346855059
v -0.2710956600000000 0.0732037700000000 -0.0086245700000000
vn 1.4804586723407898 0.5977419319076559 6.0769535383019564
v -0.3130569300000000 0.1239996400000000 0.0057032400000000
vn 1.4804580878424767 0.5977414004016893 6.0769537329769534
v -0.3319902900000000 0.1274543400000000 0.0099759500000000
vn 1.4804587129070321 0.5977419338036989 6.0769535282331484
v -0.2801477800000000 0.0816773500000000 0.0018488700000000
vn 1.4804591029524699 0.5977426935661138 6.0769533584789235
v -0.3180144900000000 0.0885867400000000 0.0103942800000000
vn -3.6562136045056257 -2.2380552686509456 -4.5936508679947048
v -0.3885276600000000 0.1460725000000000 0.0298555600000000
vn -3.6562152087577906 -2.2380573633474530 -4.5936485705777015
v -0.3822819800000000 0.1428833100000000 0.0264382400000000
vn -3.6562136045056262 -2.2380552686509465 -4.5936508679947021
v -0.3556165800000000 0.1039573200000000 0.0241795000000000
vn -3.6562136045056279 -2.2380552686509478 -4.5936508679947021
v -0.3329153600000000 0.0797105400000000 0.0179241500000000
vn -3.6562133490391271 -2.2380542214494419 -4.5936515815291230
v -0.3204239800000000 0.0733321600000000 0.0110895100000000
vn -3.6562152087603357 -2.2380573633519987 -4.5936485705665886
v -0.3368795200000000 0.0943897500000000 0.0139275400000000
vn 2.6430652832256953 1.5557864190188615 5.4838081778237546
v -0.2869492000000000 0.0242807800000000 0.0110837700000000
vn 2.6430732455277992 1.5557919498023831 5.4838027710738491
v -0.2814165000000000 0.0197719000000000 0.0096963300000000
vn 2.6430630801006880 1.5557847847793553 5.4838097033265312
v -0.3198583500000000 0.0666030700000000 0.0149381300000000
vn 2.6430722047297444 1.5557903883988846 5.4838037156864292
v -0.3307802300000000 0.0832553500000000 0.0154778800000000
vn 2.6430630449603614 1.5557848257730009 5.4838097086332018
v -0.3197148400000000 0.0742376000000000 0.0127030000000000
vn 2.6430722047083925 1.5557903883799882 5.4838037157132806
v -0.3032602600000000 0.0530764500000000 0.0107758200000000
vn 4.7019823991828105 1.5477926553682939 -3.8696404249109970
v -0.0226379500000000 0.1763754400000000 -0.0048934000000000
vn 5.8306788329545185 0.2702261685396343 2.3256353473690328
v -0.0242287100000000 0.1758361900000000 0.0020887300000000
vn 5.8479301794932201 0.2758781438663368 2.2807182341107617
v -0.0235596800000000 0.1761981800000000 0.0003693100000000
vn 1.5272838955133063 1.3467287728349917 -4.8283449169120569
v -0.0276736300000000 0.1770785900000000 -0.0109832500000000
vn -1.7541392100571704 1.1318188377741714 -5.9262466498051847
v -0.0285490700000000 0.1769694000000000 -0.0107449800000000
vn 4.8555119057363694 1.1626099123480789 -3.8145458352617831
v -0.0165350300000000 0.1255924100000000 -0.0146024700000000
vn 5.8522350386766977 0.4867401668932392 2.2344678709067014
v -0.0172017600000000 0.1280191100000000 -0.0075337600000000
vn 6.0198635380213030 0.5002201831548088 1.5992909324036924
v -0.0166241300000000 0.1250982700000000 -0.0084103700000000
vn -1.5964336909568062 1.2019387992682340 -5.9569421851537232
v -0.0238608000000000 0.1263362100000000 -0.0221157000000000
vn -2.4770365605260416 1.1384004405102410 -5.0788583047805442
v -0.0305269300000000 0.1268070300000000 -0.0213353000000000
vn -4.7307890296188795 0.7584661363614461 -4.0648224907670718
v -0.0311880700000000 0.1297614400000000 -0.0200145700000000
vn -4.6888377861201640 1.5686756043711929 -3.8771735411197321
v 0.0234446800000000 0.1762729500000000 -0.0048563900000000
vn -5.8331532118646718 0.2961704765345846 2.3162522012650002
v 0.0250218200000000 0.1757266600000000 0.0021282900000000
vn 1.7686787953039687 1.1239814351843960 -5.9234161306377011
v 0.0293677800000000 0.1768406000000000 -0.0106984700000000
vn -1.5135252715718122 1.3534885924994680 -4.8307663909114451
v 0.0284932200000000 0.1769536700000000 -0.0109381500000000
vn -4.8441597302243462 1.1841801648441219 -3.8223358629921966
v 0.0171315500000000 0.1255175400000000 -0.0145754300000000
vn -6.0201377564910370 0.5269948087493952 1.5896280437834092
v 0.0174650300000000 0.1279581100000000 -0.0083847300000000
vn -5.8535940690123773 0.5127698906616742 2.2250665425551288
v 0.0177977100000000 0.1279412700000000 -0.0075056500000000
vn 1.6113462087690831 1.1948064913071210 -5.9543612964013279
v 0.0244726200000000 0.1262287100000000 -0.0220768800000000
vn 4.7406415301765179 0.7374001486051296 -4.0572128989322955
v 0.0318116600000000 0.1296213300000000 -0.0199639700000000
vn 2.4902420576787376 1.1273497226321596 -5.0748581822671168
v 0.0313120100000000 0.1295641500000000 -0.0205581800000000
vn 4.7501014940586614 -1.3677947535548591 3.8786712818492397
v 0.0291813500000000 0.1315147500000000 -0.0078000600000000
vn 2.4902389322865544 1.1273494454325994 -5.0748693364676321
v 0.0320020000000000 0.1411412400000000 -0.0176478200000000
vn -6.0201377452275304 0.5269964390368813 1.5896261990490352
v 0.0182346200000000 0.1367633400000000 -0.0083893100000000
vn -5.5154187172809124 0.8627026095607069 -1.4340804133568852
v 0.0178654600000000 0.1381757100000000 -0.0115839600000000
vn -4.7909241248334045 1.1744801947880614 -3.8917939188078323
v 0.0205525900000000 0.1258977400000000 -0.0187220300000000
vn -3.0253651958027405 -0.8516209653938542 5.4406180501535539
v 0.0286287100000000 0.1879417400000000 0.0067500000000000
vn 1.6130344100110265 1.1787742211075516 -5.9570990365981604
v 0.0365577900000000 0.1890709900000000 -0.0062809900000000
vn -5.8674515650916543 0.3076242619438009 2.2263865452868354
v 0.0251347500000000 0.1887200400000000 0.0007121700000000
vn -5.2781582860258025 0.9381491312054364 -0.8253871792990257
v 0.0244693900000000 0.1887537000000000 -0.0010459900000000
vn -4.7957227970066674 1.5829927974136877 -3.7381271060719294
v 0.0296426600000000 0.1894341400000000 -0.0071276400000000
vn -1.5135282655459732 1.3534933850758450 -4.8307733899219079
v 0.0298873000000000 0.1863869800000000 -0.0087318900000000
vn -2.4770454191838436 1.1383970117338367 -5.0788527886727541
v -0.0313308900000000 0.1412820900000000 -0.0176986900000000
vn 6.0198633284948606 0.5002199813849648 1.5992918259048945
v -0.0180849500000000 0.1427154100000000 -0.0084219400000000
vn 5.5215038772393381 0.8381567347038832 -1.4252085145458391
v -0.0172174400000000 0.1382537400000000 -0.0116121400000000
vn 4.8023412770921263 1.1531456300546630 -3.8840946201832391
v -0.0209465000000000 0.1260851000000000 -0.0199606300000000
vn 3.0127995758727306 -0.8650470108224768 5.4454705939002963
v -0.0277886600000000 0.1880672100000000 0.0067046900000000
vn 4.4217432151142706 -0.2974098875833863 3.8855486267445620
v -0.0258570400000000 0.1848460200000000 0.0051242800000000
vn -1.5981987391005970 1.1859191335862080 -5.9596790352129512
v -0.0356916900000000 0.1892316700000000 -0.0063390200000000
vn 5.8651798569375160 0.2815253838253166 2.2358055166203563
v -0.0242815700000000 0.1888299400000000 0.0006724800000000
vn 5.2835748177197273 0.9146561551406469 -0.8169153703441907
v -0.0236132400000000 0.1888606400000000 -0.0010846000000000
vn 1.5272778466232551 1.3467251779780027 -4.8283324033336843
v -0.0299330500000000 0.1928109600000000 -0.0073098500000000
vn 4.8087073136224268 1.5616370176173751 -3.7304210756188585
v -0.0287736600000000 0.1895640600000000 -0.0071745600000000
vn -0.0027503923421907 -3.1912112730039115 -5.4124468265978622
v -0.0220383900000000 0.0719160300000000 -0.0991605000000000
vn 0.0001258645947484 -2.0840212677113996 -5.9275014082023798
v 0.0081188000000000 0.0467317500000000 -0.0871868400000000
vn 0.0001257290603308 -2.0840208869616390 -5.9275015420711075
v -0.0131903200000000 0.0294241700000000 -0.0811022100000000
vn 5.2581300454844087 -1.6684189977880479 3.0078005380924777
v -0.0285584100000000 0.0899107500000000 -0.0001311700000000
vn -2.2942424050005426 0.0468154651471884 -5.8491604272423929
v -0.0553247600000000 0.0888436100000000 -0.0151180300000000
vn 2.5046660031046861 5.5848181370291012 -1.4194619380358011
v -0.0422390000000000 0.0569786100000000 -0.0029936100000000
vn 2.8841745391258504 -0.6519409997269253 5.5439090689508497
v -0.0372142400000000 0.0169567300000000 0.0114369900000000
vn 3.0407277529805192 -0.5388064927390144 5.4679990695708627
v -0.0360045900000000 0.0173559300000000 0.0108546200000000
vn 0.4080843160156785 -2.1859883204200576 5.0829724619242036
v -0.0396335500000000 0.0161583200000000 0.0126017200000000
vn -2.9657966762781887 -3.6864652127869419 4.1343006560009599
v -0.0620593400000000 0.0315766100000000 0.0144360500000000
vn -3.9794336069940157 2.4011482355582658 -3.9331412200456879
v -0.0622324300000000 0.0326267700000000 -0.0270659100000000
vn -5.0413600235646818 1.3579279106248827 -3.4955884349444490
v -0.0629841400000000 0.0321888800000000 -0.0261519000000000
vn -3.9786529105777300 -0.3898288559037756 -4.8473469119302690
v -0.0358565000000000 0.0022649100000000 -0.0600124600000000
vn -3.9786512238134604 -0.3898329909602245 -4.8473479638618828
v -0.0358642000000000 -0.0101787600000000 -0.0590054000000000
vn -2.7066378600019854 1.8364644235853935 5.3646926771305905
v -0.0235174200000000 -0.0962352800000000 0.0233553100000000
vn -2.6033933580443813 2.9601569490933741 4.8926711992782232
v -0.0270846500000000 -0.0528053100000000 -0.0060661400000000
vn -5.2703231031345874 -1.6450100244261576 2.9993422632844071
v 0.0272074200000000 0.0885098400000000 -0.0038852300000000
vn 2.1579046571527769 5.4609118802667291 2.2361365188492006
v 0.0493060100000000 0.0979563900000000 0.0103742500000000
vn -3.0518649690895829 -0.5252637104829165 5.4631092915817527
v 0.0360785700000000 0.0171956200000000 0.0109125200000000
vn -2.8959347233894119 -0.6390959678672781 5.5392721567079732
v 0.0372854900000000 0.0167910400000000 0.0114968200000000
vn -0.4259640066363145 -2.1841351855289624 5.0823030323036322
v 0.0396993500000000 0.0159818800000000 0.0126654300000000
vn 2.9427248029236051 -3.6996067338759278 4.1390455848092618
v 0.0628575400000000 0.0312908300000000 0.0140531600000000
vn 5.0529551921888043 1.3354849695715145 -3.4874835233829766
v 0.0631832300000000 0.0319082900000000 -0.0260505700000000
vn 3.9963840340230048 2.3834150659806630 -3.9267373842688045
v 0.0624349400000000 0.0323495100000000 -0.0269657900000000
vn 5.3419589010589021 0.6419756383834018 -3.1373044623498263
v 0.0665577500000000 0.0336992400000000 -0.0204754500000000
vn 2.3792774979563829 -0.4589913277782010 5.7971357714908462
v 0.0186364200000000 -0.1383151100000000 0.0272228600000000
vn 2.7061559142770415 1.8244198727201448 5.3690436671675519
v 0.0069423200000000 -0.0931994700000000 0.0304528500000000
vn 2.7061569516433011 1.8244235969886535 5.3690418787700809
v 0.0069524600000000 -0.0891421700000000 0.0290690600000000
vn 2.5175386870603909 2.7068494050331275 5.0806872430714174
v 0.0183573100000000 -0.0655941900000000 0.0054230300000000
vn 2.5175365629677526 2.7068377507748056 5.0806945046348497
v 0.0183779100000000 -0.0578256100000000 0.0012739400000000
vn 2.5733346772395933 1.4392202004954864 5.5484242319536330
v 0.0324212800000000 -0.0754868300000000 0.0021744300000000
vn 2.8557717680462638 5.0926358847683639 2.3212162670198730
v 0.0200773100000000 -0.0764042300000000 0.0126877400000000
vn 2.6086712360721425 2.9485679038437382 4.8968560631148073
v 0.0191680200000000 -0.0507526700000000 -0.0032259500000000
vn 2.6086729241379913 2.9485656161265918 4.8968565413560929
v 0.0322615700000000 -0.0567965000000000 -0.0065620000000000
vn 2.2635215645217013 2.5963335778237253 5.2548967338910444
v 0.0222504500000000 -0.0283046800000000 -0.0175912000000000
vn 3.4037115300879504 3.0465123408084676 4.3141543761906593
v 0.0351988400000000 -0.0956680700000000 0.0158600400000000
vn 2.4132377801209146 -0.4239642397271173 5.7857545181523742
v 0.0285331200000000 -0.1298525800000000 0.0237921000000000
vn 4.5366812703942658 -3.2433172597815947 -2.8944487916703880
v 0.0176203600000000 -0.2152831500000000 0.0414090300000000
vn 4.9487496265175199 -0.8352504363216261 -3.7802977987194524
v 0.0518217400000000 -0.0070724000000000 -0.0438964700000000
vn 4.8138367067046257 -3.4800452565088813 2.0480914965376695
v 0.0601694500000000 0.0123222500000000 -0.0052526700000000
vn 5.6309545695097452 -0.0515302033407309 -2.7871334518664606
v 0.0676516300000000 0.0205857200000000 -0.0180230200000000
vn 5.6309557774033907 -0.0515255823455365 -2.7871310969609864
v 0.0656910900000000 0.0228378100000000 -0.0220256100000000
vn 2.0440023043542648 -3.7291741353071464 4.6253359286324480
v 0.0484466300000000 0.0154839900000000 0.0083984500000000
vn 2.9398159941351230 3.4313380560965809 -4.3659842727345479
v 0.0480632700000000 0.0296921000000000 -0.0387314300000000
vn 2.9398191524731567 3.4313343603899513 -4.3659850506247109
v 0.0438850400000000 0.0341514300000000 -0.0380401200000000
vn 2.9398201311277767 3.4313352246563458 -4.3659837124070453
v 0.0572121600000000 0.0379236700000000 -0.0261016600000000
vn 2.1447535506752464 5.4449976720001434 2.2870177443750372
v 0.0453724100000000 0.1059764800000000 -0.0053399500000000
vn 2.8780756787936603 1.3655803291024187 -5.1754589919613387
v 0.0568148300000000 0.0955112200000000 -0.0145691000000000
vn -3.6071857905660218 1.5147112891186978 4.9165310928790955
v 0.0426705800000000 0.0975467200000000 0.0151903600000000
vn -0.7246415954609607 3.4878083530918929 3.5763297095645923
v 0.0434632600000000 0.0981283100000000 0.0155927600000000
vn -5.2241721735276467 -2.1775274904184618 2.6531588560787629
v 0.0299634600000000 0.0940648400000000 0.0040042100000000
vn -2.5758167799324743 1.4506751080433422 5.5442878037788539
v -0.0327455600000000 -0.0753419000000000 0.0021220900000000
vn -2.5136291583512875 2.7180367334460129 5.0766487345754321
v -0.0186429600000000 -0.0655119000000000 0.0053933100000000
vn -2.5136293783735848 2.7180376678405889 5.0766481253547768
v -0.0186223500000000 -0.0577433200000000 0.0012442300000000
vn -3.3970523739296610 3.0616379372311586 4.3086919029374107
v -0.0369229100000000 -0.0926645500000000 0.0127653300000000
vn -2.4243908414312658 -0.4132114538139683 5.7818684650168892
v -0.0300036900000000 -0.1274142900000000 0.0235462000000000
vn -2.4243927042263662 -0.4132111481936441 5.7818677057696384
v -0.0427118400000000 -0.1244308700000000 0.0184307700000000
vn -2.7852960577544477 3.4808578204499847 4.4276599134104657
v -0.0159437400000000 -0.1494651000000000 0.0309665100000000
vn -4.9463355184486684 -0.8132409597065688 -3.7882478383476728
v -0.0510730400000000 -0.0140238500000000 -0.0433446700000000
vn -2.4889962623243349 3.1155910180590589 -4.8555543266084227
v -0.0387108500000000 0.0131697400000000 -0.0555466600000000
vn -4.8325535240287039 -3.4585919143554840 2.0403396804586840
v -0.0578709300000000 0.0010028200000000 -0.0197321800000000
vn -4.8325513253352206 -3.4585925151475618 2.0403438696755645
v -0.0544094600000000 0.0000569700000000 -0.0131370100000000
vn -4.8325518931396045 -3.4585915793419342 2.0403441111126006
v -0.0649893500000000 0.0170026900000000 -0.0094707400000000
vn -2.0679971549046794 -3.7200304621455094 4.6220318835278311
v -0.0420132200000000 -0.0004767900000000 -0.0018517300000000
vn -2.0679983834959907 -3.7200301603032044 4.6220315767670828
v -0.0374518900000000 -0.0002373200000000 0.0003818500000000
vn -2.0679972251024710 -3.7200296775167816 4.6220324836285060
v -0.0517970900000000 0.0155197200000000 0.0066455100000000
vn -2.0679973351446197 -3.7200301100397075 4.6220320862757855
v -0.0441948800000000 0.0159188400000000 0.0103681400000000
vn 3.1972740957738259 -0.4256748148446196 5.3920920719914518
v -0.0357916700000000 0.0266847900000000 0.0114648300000000
vn -2.9175108943939065 3.4443627860118382 -4.3706879073878113
v -0.0487866000000000 0.0356441700000000 -0.0336633500000000
vn -2.9175094340344359 3.4443633947104764 -4.3706884025120551
v -0.0513998700000000 0.0283953000000000 -0.0376314900000000
vn 2.2991663831798528 5.5359067899998777 -1.8830792758777097
v -0.0340370800000000 0.0503036200000000 -0.0134099800000000
vn 2.2991647967088267 5.5359061488780910 -1.8830830976724096
v -0.0371229400000000 0.0486020600000000 -0.0221799500000000
vn -2.1241860994833921 5.4544907135911247 2.2835897342467364
v -0.0467500900000000 0.1063825500000000 -0.0076449700000000
vn -2.8636597997367503 1.3783536540898875 -5.1800688894054101
v -0.0563513500000000 0.0957629000000000 -0.0146599800000000
vn 3.6059787878847422 1.4986757227344647 4.9223272609086139
v -0.0422460000000000 0.0977355700000000 0.0151221600000000
vn 0.0001271875533214 -2.0840195619852340 -5.9275020078808005
v 0.0256221900000000 0.0231078600000000 -0.0788806600000000
vn 1.2214065350416241 4.1394018053401993 4.5663920522020902
v 0.0174675900000000 0.0628988100000000 -0.0875328300000000
vn 1.2214094918157281 4.1393939010004246 4.5663984265523423
v 0.0059889100000000 0.0709762700000000 -0.0917846800000000
vn 1.2214089179762444 4.1393972136574719 4.5663955771492333
v 0.0174945100000000 0.0720170100000000 -0.0958055900000000
vn 4.2599433591196547 4.6033714260338883 0.3745286308332353
v -0.2913788200000000 -0.0625195500000000 0.0457873300000000
vn 4.2599450952402407 4.6033698998702572 0.3745276420312427
v -0.2915026400000000 -0.0623282600000000 0.0448444800000000
vn 4.0408844005394888 -1.1651868851233860 4.6681913401272546
v -0.2978981100000000 -0.0697123500000000 0.0501621300000000
vn -4.3091750089896976 -4.4447643762301983 -1.0740102354578858
v -0.2979132500000000 -0.0770346600000000 0.0489103400000000
vn -3.8065847609349066 1.1318268791612054 -4.8690140662459855
v -0.2904346600000000 -0.0691276700000000 0.0452466400000000
vn 3.3366966468694819 5.2859855873991481 0.6350035123373758
v -0.2888988100000000 -0.0698436600000000 0.0504085900000000
vn 3.3809816486275697 5.2431424158533915 0.7366844303463228
v -0.2890226300000000 -0.0696522200000000 0.0494656200000000
vn -4.9077450547584274 -3.9152811388245614 -0.2364589566913118
v -0.3162213800000000 -0.0266657400000000 0.0528989800000000
vn -4.8941543709018926 -3.9371682580234362 -0.1561304139049688
v -0.3163452000000000 -0.0264744300000000 0.0519560000000000
vn -4.6719665739806944 -2.7127000989262759 -2.1675073519786556
v -0.3165928300000000 -0.0260918200000000 0.0500700400000000
vn 4.0499880377766440 1.7413000803955643 4.4770401526272270
v -0.2997250500000000 -0.0188638200000000 0.0366937300000000
vn 4.0499872051891286 1.7413012264820802 4.4770404600374460
v -0.3213925000000000 -0.0059365300000000 0.0512664400000000
vn 4.0499874748092868 1.7412998682909684 4.4770407443903721
v -0.2875497700000000 -0.0367134600000000 0.0326222500000000
vn 2.6998864582454538 1.6418226193216388 5.4307871624305442
v -0.2731274400000000 -0.0355978500000000 0.0221704500000000
vn 3.7348614744121571 1.5769259630493409 4.8002637300847919
v -0.2390090000000000 -0.0295960300000000 0.0011508200000000
vn 3.7348621752601781 1.5769257109800465 4.8002632675946257
v -0.2343901700000000 -0.0599954200000000 0.0075435700000000
vn -2.5832611237105176 -2.5489674484060822 -5.1291270717393003
v -0.2062643500000000 -0.0704291000000000 -0.0138575200000000
vn -2.5832601567285138 -2.5489675847603710 -5.1291274909923299
v -0.1965463400000000 -0.0841951800000000 -0.0119107700000000
vn -2.5832602326489598 -2.5489671498573694 -5.1291276688844682
v -0.2180603900000000 -0.0812367600000000 -0.0025455300000000
vn -0.7969526447471382 1.8800220160322378 5.9421209433684954
v -0.1750505300000000 -0.0656783400000000 -0.0075390000000000
vn -0.7969568998962255 1.8800201874563822 5.9421209512094313
v -0.1855604100000000 -0.0701000400000000 -0.0075496100000000
vn 0.3053923335154248 -1.1920269670254904 -6.1615115707794814
v -0.1884672200000000 -0.0444206900000000 -0.0264396800000000
vn 0.3053957570441990 -1.1920257276198531 -6.1615116408739761
v -0.1780403300000000 -0.0400440500000000 -0.0267695900000000
vn 0.3053928185746410 -1.1920278049431148 -6.1615113846329912
v -0.1753523100000000 -0.0716864100000000 -0.0205147200000000
vn 1.9581017125352251 1.4163689482114257 5.7998408849082566
v -0.1534005300000000 -0.0401932800000000 -0.0195202700000000
vn 1.9581037661954048 1.4163689613642010 5.7998401883538442
v -0.1558255000000000 -0.0605816900000000 -0.0137225500000000
vn -2.0120256487709649 -1.3080334071188557 -5.8068252082207188
v -0.1427628900000000 -0.0569740800000000 -0.0297474800000000
vn -2.0120228295295126 -1.3080323588456861 -5.8068264212063134
v -0.1343170400000000 -0.0544993300000000 -0.0332313700000000
vn 0.2027607422150347 1.4189070461995446 6.1175165287850550
v -0.1142954900000000 -0.0505250400000000 -0.0231972600000000
vn 0.2027597272457054 1.4189079819287325 6.1175163453882302
v -0.1246726000000000 -0.0513177500000000 -0.0226694500000000
vn -0.0349781426238090 -0.8083249930087226 -6.2308751263020232
v -0.1105673200000000 -0.0600478500000000 -0.0349224700000000
vn 1.8890669985031505 1.4670108060500648 5.8101396518888073
v -0.0906429400000000 -0.0583386700000000 -0.0272059400000000
vn 1.8890679357939246 1.4670103427014312 5.8101394641367898
v -0.1006347100000000 -0.0539048900000000 -0.0250767800000000
vn -1.6089185429177320 -1.0841096444856277 -5.9761613938497558
v -0.0979424500000000 -0.0295827400000000 -0.0415360300000000
vn -1.6089161645523076 -1.0841106674355572 -5.9761618485904364
v -0.0910025400000000 -0.0379819900000000 -0.0418807400000000
vn -1.6089195371214990 -1.0841110531139853 -5.9761608706543150
v -0.0918310900000000 -0.0535119400000000 -0.0388404500000000
vn -1.6089160494942005 -1.0841112635439303 -5.9761617714293536
v -0.0835048300000000 -0.0572303200000000 -0.0404075300000000
vn -1.6649252660515048 -0.2999957871710241 -6.0511522861653297
v -0.0710887400000000 -0.0418307900000000 -0.0488338200000000
vn -1.6649290693663938 -0.2999960615829425 -6.0511512261194600
v -0.0644111400000000 -0.0492104000000000 -0.0503052600000000
vn -1.6649291784502604 -0.2999966791298475 -6.0511511654795589
v -0.0718754500000000 -0.0579641400000000 -0.0478175300000000
vn 0.8699321677913627 1.6317269250514426 1.7003079682395357
v -0.0552592500000000 -0.0707256200000000 -0.0199801500000000
vn 6.2656814484817653 0.4648829451196105 0.0594763558467047
v -0.0552582900000000 -0.0706220800000000 -0.0208908600000000
vn 6.2501996203872245 0.0584872179424032 -0.3186966712194441
v -0.0552563600000000 -0.0704149900000000 -0.0227122900000000
vn 4.2955632304480496 2.1805020205607413 3.9701109714031695
v -0.3148433400000000 -0.0254125300000000 0.0529169800000000
vn 4.5411423940644191 2.6197146050042699 3.4631688883426897
v -0.3151789600000000 -0.0260630000000000 0.0538491100000000
vn -0.1900973409461202 -0.6368302855164618 1.5731625637249846
v -0.3158501900000000 -0.0273639400000000 0.0557133800000000
vn -4.3988073719798724 -4.1461827950589809 1.7140827105223555
v -0.0467897400000000 -0.0217392000000000 -0.0412190000000000
vn 1.4333117628434782 0.1622810141181706 6.1153658817199634
v -0.2027686800000000 -0.1158051300000000 0.0218741700000000
vn -1.4371950791952193 -5.3943978382972571 2.8832897653042981
v -0.2066498900000000 -0.1213448500000000 0.0142366800000000
vn -2.0024246749630983 -3.9985524130822427 -1.1133189603618381
v -0.2075668400000000 -0.1219920500000000 0.0125687700000000
vn -2.5801533079348400 -2.5109378338366226 -5.1494094522105920
v -0.2243931400000000 -0.1008607900000000 0.0103409700000000
vn 2.1943646849874874 4.2612166445789965 4.0626609434358762
v -0.2003662100000000 -0.1041821100000000 0.0195497000000000
vn 0.4528121269553309 0.0043228356336539 6.2668461043106385
v -0.1291352700000000 -0.1366707200000000 0.0055734400000000
vn -1.4623286379592171 -4.0374995052132832 -1.2804146031363564
v -0.1322654600000000 -0.1435382800000000 -0.0069945800000000
vn -1.0416104772885244 -5.5005738258816850 2.8525695090532817
v -0.1318902300000000 -0.1430357900000000 -0.0058886200000000
vn 0.6660467164237995 4.3868400083581385 4.4486440762238333
v -0.1420273200000000 -0.1191011400000000 0.0043071400000000
vn -5.7047450675618467 -1.1456431953726258 -2.3710341598927478
v -0.0690624700000000 -0.1444887400000000 -0.0284023500000000
vn -2.7600091760742700 -4.5686007117588883 -3.3149139489356054
v -0.0394930100000000 -0.1593840200000000 -0.0389340900000000
vn -4.2400238965391797 4.6222725548140398 0.3677110143677371
v 0.2911016400000000 -0.0637194800000000 0.0457837500000000
vn -4.0535166464531187 -1.1471867264240780 4.6616931490608806
v 0.2975187400000000 -0.0710365600000000 0.0506403300000000
vn -3.4983993791651606 -1.7923191572055477 4.9017559533778279
v 0.2920065000000000 -0.0754321900000000 0.0539930000000000
vn -3.4983983813090038 -1.7923201525177421 4.9017563015709937
v 0.2927545600000000 -0.0762167100000000 0.0542400400000000
vn -1.3508531463722813 -3.7692725631136175 3.6576115118048009
v 0.2942506800000000 -0.0777857400000000 0.0547341000000000
vn 4.2910880547113877 -4.4638809771240906 -1.0671211421103313
v 0.2975033300000000 -0.0783588700000000 0.0493885300000000
vn 3.8193941792661379 1.1148817850639832 -4.8628884742560725
v 0.2900658700000000 -0.0704187100000000 0.0457128500000000
vn -3.3588032206560738 5.2581350465978547 0.7312621944342294
v 0.2886447400000000 -0.0709369500000000 0.0499295600000000
vn -3.3141735789085809 5.3007706848281186 0.6296834441562584
v 0.2885185600000000 -0.0711278300000000 0.0508723200000000
vn 4.8768356167287799 -3.9589022392909436 -0.1482735017091570
v 0.3161550600000000 -0.0278811100000000 0.0524639700000000
vn 4.6633274935333429 -2.7334635861290826 -2.1599991273059493
v 0.3164074300000000 -0.0274996100000000 0.0505784100000000
vn 4.8906562335995751 -3.9370699719286804 -0.2286051757515656
v 0.3160288800000000 -0.0280718600000000 0.0534067500000000
vn -4.0493886573137789 1.7593118619028849 4.4705358603792194
v 0.3167585500000000 -0.0023944300000000 0.0457172800000000
vn -2.7012751845283751 1.6538349134557198 5.4264500422313890
v 0.2652024600000000 -0.0119442100000000 0.0111756400000000
vn -2.7012767860955886 1.6538351559679831 5.4264491710629823
v 0.2795737000000000 -0.0194865000000000 0.0206283000000000
vn -2.7012762066991187 1.6538339775715369 5.4264498186266401
v 0.2743945600000000 -0.0380353700000000 0.0237033200000000
vn -2.7012748689168156 1.6538339267031781 5.4264505000780190
v 0.2659450900000000 -0.0400734900000000 0.0201183600000000
vn -2.7012758438513105 1.6538345349605035 5.4264498293776970
v 0.2655118900000000 -0.0236647400000000 0.0149017700000000
vn 2.5958180009138672 -1.4930262872107629 -5.5236780333559636
v 0.2705320400000000 -0.0065147800000000 0.0048160800000000
vn 2.5958200861899376 -1.4930266360052813 -5.5236769591159787
v 0.2539091100000000 -0.0338569900000000 0.0043947200000000
vn 2.5958195427542332 -1.4930274164832882 -5.5236770035404685
v 0.2608661600000000 -0.0375114100000000 0.0086519200000000
vn -3.7355161442679661 1.5935396821402938 4.7942640750911840
v 0.2209322400000000 -0.0422367900000000 -0.0086071000000000
vn -3.7355177147751748 1.5935397561523938 4.7942628268073486
v 0.2340533200000000 -0.0530511400000000 0.0052109000000000
vn -3.7355187256414859 1.5935378459016221 4.7942626741154832
v 0.2376651600000000 -0.0678555900000000 0.0129458800000000
vn 2.5801333498050001 -2.5604492997999619 -5.1249808667676557
v 0.2132580900000000 -0.0656792900000000 -0.0126962500000000
vn 2.5801328347927703 -2.5604501892429283 -5.1249806816788102
v 0.2241994000000000 -0.0783667200000000 -0.0008492700000000
vn -0.3007957423293647 -1.1906776448824172 -6.1619985614839710
v 0.1902758900000000 -0.0460879800000000 -0.0260720700000000
vn -0.3007950293709765 -1.1906786710366832 -6.1619983980036395
v 0.1707900300000000 -0.0791287500000000 -0.0187364300000000
vn -1.9610977123218674 1.4250868692893610 5.7966922276466040
v 0.1549665300000000 -0.0610945300000000 -0.0137278800000000
vn 2.0155117829154068 -1.3169896616925847 -5.8035909649352737
v 0.1396200700000000 -0.0567293600000000 -0.0307424300000000
vn -0.2062746494782695 1.4198164249189400 6.1171880543950188
v 0.1247184800000000 -0.0278391100000000 -0.0280398500000000
vn -0.2062733390157830 1.4198165720267104 6.1171880644428516
v 0.1244939800000000 -0.0518719000000000 -0.0224693400000000
vn -0.2062807183096332 1.4198169107918661 6.1171877369714629
v 0.1141213500000000 -0.0510330400000000 -0.0230138200000000
vn 0.0413925162433757 -0.8084952720257107 -6.2308137236690628
v 0.1222107300000000 -0.0281647600000000 -0.0388672000000000
vn 0.0413924719244500 -0.8084954891529819 -6.2308136957899780
v 0.1116061400000000 -0.0529533000000000 -0.0357211500000000
vn 1.6136740133417715 -1.0912795360259129 -5.9735737006618121
v 0.0928869900000000 -0.0322270600000000 -0.0423270300000000
vn 1.6136750697411577 -1.0912803834727400 -5.9735732604697995
v 0.0962230600000000 -0.0307545400000000 -0.0416948500000000
vn -2.8214711069500349 2.0615426127791641 5.2218541202036191
v 0.0760672700000000 -0.0586581700000000 -0.0289951600000000
vn -2.8214799616478952 2.0615412124236063 5.2218498886691505
v 0.0675155500000000 -0.0640163500000000 -0.0315004800000000
vn 1.6732979673657919 -0.3074196960806346 -6.0484696119885157
v 0.0631560700000000 -0.0636887300000000 -0.0497934200000000
vn 1.6732996026119547 -0.3074198541366873 -6.0484691515730571
v 0.0717082400000000 -0.0582834700000000 -0.0477022100000000
vn -6.2636397345630437 0.4927415110482917 0.0494032602763838
v 0.0549917100000000 -0.0708672700000000 -0.0208023200000000
vn -0.8654011770460255 1.6355978597365453 1.6989325694284778
v 0.0549907500000000 -0.0709708200000000 -0.0198916100000000
vn -6.2493595323161735 0.0862715889656958 -0.3287543505686470
v 0.0549936400000000 -0.0706601900000000 -0.0226237500000000
vn -4.5350045569997883 2.6399054575161283 3.4558718794983823
v 0.3149876200000000 -0.0274644900000000 0.0543552100000000
vn -4.2921986246063959 2.1996134926362410 3.9631978045841167
v 0.3146564000000000 -0.0268125400000000 0.0534225400000000
vn 0.1847379347055855 -0.6376713998978477 1.5734787516302542
v 0.3156500700000000 -0.0287684000000000 0.0562205500000000
vn -1.4424046881438568 0.1686944587246017 6.1130539421414287
v 0.2022307900000000 -0.1167058500000000 0.0221994300000000
vn 1.4085481566361666 -5.4007247983868458 2.8855816306011510
v 0.2060995900000000 -0.1222628100000000 0.0145681700000000
vn 1.9864051176687900 -4.0074248734117415 -1.1101168758648159
v 0.2070163200000000 -0.1229140900000000 0.0129017300000000
vn -2.1819088052818931 4.2709339906809465 4.0591642510528034
v 0.1998837900000000 -0.1050722600000000 0.0198711400000000
vn -0.4628495311153910 0.0063412894522101 6.2661110510184601
v 0.1285315800000000 -0.1372437700000000 0.0057803800000000
vn 1.0125485633389348 -5.5051389334539822 2.8542263984955554
v 0.1312766100000000 -0.1436210700000000 -0.0056772700000000
vn 1.4464093718013196 -4.0439639813581278 -1.2780626333794487
v 0.1288792400000000 -0.1449343400000000 -0.0073597700000000
vn -0.6536706759957009 4.3897708634062056 4.4475885621715561
v 0.1386860600000000 -0.1198195100000000 0.0042073900000000
vn -0.0069492754613374 -4.6504955261978891 -4.2250752268714997
v -0.0081242700000000 -0.1528330100000000 -0.0518689700000000
vn 1.5889544351943259 -3.0502726733651819 -4.4261595962649265
v 0.0353853200000000 -0.1497182900000000 -0.0553688800000000
vn 0.0054643901109602 0.1889010275232219 -6.2803426774790232
v -0.0056568000000000 -0.0414034000000000 -0.0659939000000000
vn 0.0054616104137605 0.1888960922645280 -6.2803428283308236
v -0.0169200400000000 -0.0473964500000000 -0.0661839600000000
vn 5.5247234689279532 2.9885806171011011 -0.1556730268831702
v 0.0417160500000000 -0.0595135900000000 -0.0353979900000000
vn 6.0247826281836430 1.7833014309407542 0.0157446450573320
v 0.0547614000000000 -0.0904611000000000 -0.0216359400000000
vn 6.1023040170524805 1.4654566702102967 0.3045324868578226
v 0.0548710100000000 -0.0890070200000000 -0.0374767700000000
vn 0.0031056984858329 -0.8503237873547033 -6.2253801020803410
v -0.0055134500000000 -0.0333681900000000 -0.0665898500000000
vn 2.9200152290447576 -0.7895216610219759 -5.5071393856767932
v 0.0505119400000000 -0.1352192300000000 -0.0494270200000000
vn 3.1949615294884106 -4.7616020272176556 -2.5686153008657193
v 0.0474594400000000 -0.1621219600000000 -0.0257970400000000
vn -0.0069509190220677 -4.6504947513595409 -4.2250760770238163
v 0.0049273700000000 -0.1697223300000000 -0.0333005500000000
vn 1.5186899749175844 -2.3077132051737630 -5.6432666184638514
v 0.0767544700000000 -0.1403078900000000 -0.0212517800000000
vn -0.4289049686358123 -0.0618482267682788 6.2682240650024941
v 0.1277978100000000 -0.1299443600000000 0.0057707200000000
vn 2.5642590740883411 -2.6141241706980543 -5.1058150990294680
v 0.1893893800000000 -0.1203191800000000 0.0027205100000000
vn 2.5642590618320029 -2.6141235481919733 -5.1058154239018245
v 0.2068999500000000 -0.1196562200000000 0.0111752900000000
vn 1.3891847950499567 -5.3878862475548415 2.9187779965194807
v 0.2046417700000000 -0.1206629300000000 0.0182292500000000
vn -1.3824047744665817 0.0455147733098395 6.1290540093277421
v 0.2011165100000000 -0.1120553800000000 0.0218882000000000
vn 4.9044754618388655 -3.9152397701726880 -0.3089265133254578
v 0.3157763400000000 -0.0285362200000000 0.0552826200000000
vn -6.2350777159285737 -0.3201868973147790 -0.7068973273899462
v 0.0568101000000000 -0.0710843800000000 -0.0384534900000000
vn 4.4723714243825441 -1.2035434861892556 -4.2459150396080787
v 0.0723322400000000 -0.0846500000000000 -0.0417250700000000
vn 4.5328445615661614 2.7784380884092927 3.3484353919237821
v 0.0571944900000000 -0.0733797100000000 -0.0208760200000000
vn 1.3526564331767390 -0.9994561937402524 -6.0539099344914700
v 0.0948579000000000 -0.0794823200000000 -0.0335655900000000
vn 0.4249566277622862 -0.9678662322598796 -6.1936309565008472
v 0.1140824500000000 -0.0809534100000000 -0.0318673100000000
vn -1.3085347641268239 1.3992427167946477 5.9840015202918293
v 0.1024136800000000 -0.0772777200000000 -0.0187971900000000
vn 1.9318407051683399 -1.2707901654048779 -5.8422171689892846
v 0.1400832400000000 -0.1046417300000000 -0.0200446600000000
vn 1.9318435181736830 -1.2707905256140239 -5.8422161604698966
v 0.1568703200000000 -0.0698945800000000 -0.0220518400000000
vn -1.0595367374704669 1.6467452114552159 5.9702621144177552
v 0.1353861800000000 -0.0997607600000000 -0.0078366200000000
vn -1.0595406558557086 1.6467452955981683 5.9702613958143349
v 0.1301720800000000 -0.0640648700000000 -0.0186077700000000
vn -1.0595360740036384 1.6467464762650712 5.9702618832969963
v 0.1417527900000000 -0.0644180100000000 -0.0164551500000000
vn -1.0595376944725137 1.6467455059096134 5.9702618633619746
v 0.1317900600000000 -0.0833633600000000 -0.0129976300000000
vn -2.4233240825549922 1.4338726361356029 5.6169321928077833
v 0.1657177900000000 -0.0764915600000000 -0.0057772800000000
vn 3.7488838503796620 -1.3128945566159507 -4.8683257249208483
v 0.2316624500000000 -0.0568695000000000 -0.0048619000000000
vn -2.1663327757451580 3.1269253371781738 5.0007757243053623
v 0.2076808500000000 -0.0863356600000000 0.0084253600000000
vn -2.1663321954329300 3.1269264761981215 5.0007752634773901
v 0.2218431900000000 -0.0723188900000000 0.0057959500000000
vn 2.4863090532277523 -1.4538610334779303 -5.5841716477484376
v 0.2636332400000000 -0.0707074900000000 0.0187348600000000
vn -2.5640223712263204 1.7334319409941523 5.4680362645232758
v 0.2512913600000000 -0.0749651800000000 0.0240929200000000
vn -2.5640241550334921 1.7334321507552659 5.4680353615797284
v 0.2590791900000000 -0.0711061000000000 0.0265213500000000
vn -2.5640232049772465 1.7334327464637136 5.4680356182251817
v 0.2526009800000000 -0.0570518600000000 0.0190282800000000
vn -3.4034406503001091 5.2154909697275125 0.8328645078724912
v 0.2977771600000000 -0.0657890100000000 0.0550115300000000
vn 0.2079815433657337 3.1651850916520030 -2.0150190788073044
v 0.2980297000000000 -0.0653246600000000 0.0531356600000000
vn 3.5632868204155179 1.8584829132516609 -4.8298494697915944
v 0.2934531600000000 -0.0736006300000000 0.0472626700000000
vn 0.7966696534044487 -5.7462120513018515 2.4134585408949762
v 0.3035878400000000 -0.0734994700000000 0.0618571500000000
vn -3.4871697954666812 -1.7563669887009672 4.9227268279813270
v 0.2924135200000000 -0.0705065500000000 0.0470417300000000
vn -6.0962064530099456 1.4925868683018051 0.2947353511264378
v -0.0564530700000000 -0.0922946100000000 -0.0457708200000000
vn -3.6007010708832023 -0.6885925033298512 -5.1028628990845926
v -0.0304031000000000 -0.0285456800000000 -0.0613289700000000
vn -3.2119779790247951 -4.7473549839641160 -2.5737590646459854
v -0.0410749500000000 -0.1674548500000000 -0.0244420500000000
vn -3.3596946863368284 1.1214482178858576 4.5661121227391561
v -0.0575942500000000 -0.1156723300000000 0.0128163700000000
vn -1.5198715686679274 -2.3009576953647137 -5.6457064839799145
v -0.0799669300000000 -0.1448424300000000 -0.0186776100000000
vn -1.8830505028817086 -2.5744329374636168 -5.4133938946329279
v -0.1345788300000000 -0.1356387800000000 -0.0099466100000000
vn -1.1711299135700621 -5.5829231195141586 2.6339783164291743
v -0.1233951800000000 -0.1419794600000000 -0.0001244100000000
vn 2.1882415203218719 4.2360759616403678 4.0921482256031263
v -0.2005711800000000 -0.0996431700000000 0.0149494800000000
vn -2.5676551058123440 -2.6027089330029947 -5.1099384606874096
v -0.1888287600000000 -0.1215879700000000 0.0029473900000000
vn -2.5676575844180247 -2.6027086904198766 -5.1099373387885372
v -0.2074332000000000 -0.1187347400000000 0.0108425300000000
vn -1.4178239547547598 -5.3816432386681337 2.9165234251298018
v -0.2048156500000000 -0.1192752900000000 0.0189611500000000
vn 1.3727445434970424 0.0393813359516774 6.1312673349816986
v -0.1948771800000000 -0.1136878400000000 0.0200683600000000
vn -4.9213383150668202 -3.8933889656273397 -0.3168109135558372
v -0.3159739200000000 -0.0271312000000000 0.0547752500000000
vn -4.5258139028517101 2.7985843700037649 3.3411602243951317
v -0.0600026000000000 -0.0729313100000000 -0.0245578200000000
vn -0.6741122600273571 1.7443206727490550 5.9984444363395681
v -0.0829228800000000 -0.0792919800000000 -0.0217590100000000
vn -0.4193128135756046 -0.9659900091282698 -6.1943084901355681
v -0.1156040000000000 -0.0801320900000000 -0.0320164700000000
vn -1.9280898929805057 -1.2622064176083014 -5.8453162385181860
v -0.1346657600000000 -0.1041500200000000 -0.0221659800000000
vn -1.9280900583305836 -1.2622053061704344 -5.8453164239744142
v -0.1487664600000000 -0.0751266300000000 -0.0237819900000000
vn 1.0572571763080489 1.6420379329318253 5.9719625161483050
v -0.1419966900000000 -0.0637869500000000 -0.0166830400000000
vn 1.0572620698672139 1.6420370337261745 5.9719618970514849
v -0.1304110800000000 -0.0634853300000000 -0.0188170500000000
vn 1.0572591775546274 1.6420380526960852 5.9719621289261795
v -0.1392074200000000 -0.0755583300000000 -0.0139402100000000
vn -1.5704208505533448 -2.2640902733538115 -5.6467770622314939
v -0.1825862700000000 -0.0852485000000000 -0.0171111200000000
vn 2.1721856119429699 3.1172742055994411 5.0042610642052505
v -0.2174320700000000 -0.0658108800000000 -0.0000504800000000
vn 2.1721847732001902 3.1172751127526346 5.0042608631887511
v -0.1955403600000000 -0.0778314400000000 -0.0020650600000000
vn -2.4837766655287519 -1.4428074958495558 -5.5881640643461923
v -0.2717400000000000 -0.0463438100000000 0.0157814900000000
vn 2.5629260543534027 1.7220281336594701 5.4721519305612212
v -0.2602104300000000 -0.0522503200000000 0.0209040400000000
vn 2.5629215641466252 1.7220313359207486 5.4721530258661621
v -0.2515721200000000 -0.0565766400000000 0.0182196700000000
vn -4.4497780291399884 -1.4882311163558486 -4.1788827741455004
v -0.2986059300000000 -0.0250586700000000 0.0305492000000000
vn 3.4252586526019533 5.2003083767075653 0.8383397605408854
v -0.2981402100000000 -0.0644636900000000 0.0545329400000000
vn 3.3809774945716589 5.2431470794915729 0.7366735340216883
v -0.2980164800000000 -0.0646964200000000 0.0554710700000000
vn -0.1906669743366835 3.1660600932763221 -2.0153309192939584
v -0.2962010700000000 -0.0651208000000000 0.0506862300000000
vn -3.5472182060695250 1.8743026263094551 -4.8355610085931442
v -0.2956556800000000 -0.0741830600000000 0.0473919600000000
vn -0.8261177018623026 -5.7426085229872914 2.4121348425362763
v -0.3039961100000000 -0.0721482000000000 0.0613691800000000
vn 3.4825001367482598 -1.8078585356158503 4.9073677177358084
v -0.3002171600000000 -0.0685830400000000 0.0611077400000000
vn 4.2599471844514429 4.6033669246291069 0.3745404479767731
v -0.3021218900000000 -0.0531817800000000 0.0532090700000000
vn 0.0010799948812921 0.0063805070330548 -0.0039807797844902
v -0.4237202600000000 0.1766976600000000 0.0429455500000000
vn 0.0010799110562068 0.0063796865882573 -0.0039803104552023
v -0.4112288900000000 0.1703192800000000 0.0361109100000000
vn 0.0010793230857435 0.0063781599680650 -0.0039791156859568
v -0.3987375200000000 0.1639408900000000 0.0292762700000000
vn 0.0010798323815771 0.0063799822564703 -0.0039803980588577
v -0.3862461400000000 0.1575625100000000 0.0224416200000000
vn 3.1507246875661563 1.9033060226135294 5.0347455157134231
v -0.3690785700000000 0.1377210400000000 0.0184845600000000
vn 3.1507248598851558 1.9033055367358491 5.0347450047665667
v -0.3472348100000000 0.1044164900000000 0.0174050700000000
vn -0.5628437101932132 -0.8978837945961313 2.0602821797967321
v -0.3441281100000000 0.0806795200000000 0.0265775300000000
vn 3.1507194217016457 1.9033013145042139 5.0347483814808616
v -0.3253910500000000 0.0711119400000000 0.0163255700000000
vn 3.1507200327135707 1.9033006597740498 5.0347482157988530
v -0.3035472900000000 0.0378073900000000 0.0152460800000000
vn -4.7840607269758042 -4.0465805179717336 -0.4651523146025637
v -0.3441261900000000 0.0808866400000000 0.0247558400000000
vn -4.7840610482148485 -4.0465826237984626 -0.4651306913678179
v -0.3097910500000000 0.0412037000000000 0.0168417100000000
vn -2.9190877802056803 -1.7215509868007670 -3.3148994573992989
v -0.3097862400000000 0.0417215000000000 0.0122874900000000
vn -1.8238338311932942 -0.4389995639401405 -5.8462542835002456
v -0.2870850200000000 0.0174747200000000 0.0060321400000000
vn -1.8238160529586516 -0.4389849017565097 -5.8462553184022052
v -0.2760196200000000 0.0084569800000000 0.0032572600000000
vn -1.8238331150804374 -0.4390000476816897 -5.8462544908716705
v -0.2649542300000000 -0.0005607700000000 0.0004823900000000
vn -1.8238338382011601 -0.4389995791172416 -5.8462542761447756
v -0.2538888400000000 -0.0095785100000000 -0.0022924900000000
vn -2.3551643751512725 -0.8172886199314596 -5.3791562738674541
v -0.2710573700000000 0.0101594000000000 0.0025754200000000
vn -2.3551605053059079 -0.8172843467615509 -5.3791587457440064
v -0.3164598200000000 0.0586529500000000 0.0150861200000000
vn -2.3551572672176744 -0.8172814880740877 -5.3791590190596485
v -0.3618622700000000 0.1071465100000000 0.0275968200000000
vn -2.3551596873399214 -0.8172838156153845 -5.3791559588065470
v -0.4072647200000000 0.1556400700000000 0.0401075200000000
vn 3.6251705511439551 1.2706793335902848 4.9589251549480995
v -0.2125242400000000 -0.0382312700000000 -0.0166190000000000
vn 2.1589613294162655 0.3679048048132769 5.6725613843789082
v -0.2163565900000000 -0.0193732600000000 -0.0175402800000000
vn 3.6251756198001726 1.2706792379861389 4.9589216623112451
v -0.2266040800000000 -0.0290716400000000 -0.0086731400000000
vn 2.1589557573899398 0.3679026823661136 5.6725618501219062
v -0.2342611500000000 0.0250043200000000 -0.0136040500000000
vn 3.6251726887838460 1.2706772631420544 4.9589240580321414
v -0.2432438900000000 -0.0182466300000000 0.0007174200000000
vn 2.4979686284015767 0.7810868119129726 5.5972708548075554
v -0.2521961800000000 0.0039421600000000 0.0026855400000000
vn 2.4979719335735906 0.7810872826970816 5.5972687019187735
v -0.2598608600000000 0.0416581900000000 0.0008429700000000
vn 2.1589566384448680 0.3679019364039200 5.6725604361745843
v -0.2521657200000000 0.0693819000000000 -0.0096678100000000
vn 2.4979699412405632 0.7810867500243275 5.5972697539635554
v -0.2675255400000000 0.0793742100000000 -0.0009996000000000
vn 2.4979681165907497 0.7810872105393362 5.5972713972661312
v -0.2751902300000000 0.1170902400000000 -0.0028421700000000
vn 2.1589510651583734 0.3679013247629799 5.6725643827679226
v -0.2700702800000000 0.1137594700000000 -0.0057315700000000
vn -3.9160996989258710 -1.9771594005954927 -4.4197816090718254
v -0.2432360200000000 -0.0173993200000000 -0.0067349700000000
vn -3.8707739372685173 -2.4480728960999754 -4.2794386365805632
v -0.2648116800000000 0.0069702000000000 -0.0008419000000000
vn -3.9160981454129447 -1.9771558492070791 -4.4197866682847469
v -0.2329957900000000 -0.0240232100000000 -0.0128450700000000
vn -3.8707725047736434 -2.4480706361114870 -4.2794408722045754
v -0.2977227600000000 0.0490853800000000 0.0048341600000000
vn -3.9160964115524681 -1.9771565241479110 -4.4197897635606278
v -0.2227555600000000 -0.0306470900000000 -0.0189551700000000
vn -3.9160990034356864 -1.9771555792882460 -4.4197866467568874
v -0.2125153300000000 -0.0372709700000000 -0.0250652600000000
vn -2.7066998042263259 -1.1753373545401686 -5.0493785799857456
v -0.2289708600000000 -0.0162133800000000 -0.0222272300000000
vn -2.7067014406247503 -1.1753408773691527 -5.0493728199704062
v -0.2721221800000000 0.0325256800000000 -0.0104410800000000
vn -3.8707764327049432 -2.4480751470732178 -4.2794355503892039
v -0.3306338400000000 0.0912005500000000 0.0105102200000000
vn -2.7066999494568136 -1.1753398886730202 -5.0493767724762373
v -0.3152734900000000 0.0812647300000000 0.0013450800000000
vn -2.7066997591222473 -1.1753394376981678 -5.0493776281414737
v -0.3584248000000000 0.1300037900000000 0.0131312300000000
vn -3.8707750296016226 -2.4480742571582690 -4.2794368268695981
v -0.3635449200000000 0.1333157300000000 0.0161862800000000
vn 1.0658343146198899 0.1935185040155666 6.0931373832830653
v -0.1770065900000000 -0.0028706900000000 -0.0180966600000000
vn -0.3312851975841437 0.7727812567303756 6.1074798661558551
v -0.1811295900000000 -0.0305077900000000 -0.0194818900000000
vn 1.0658333255146311 0.1935177594960951 6.0931364790025873
v -0.1886484000000000 0.0181338500000000 -0.0167273300000000
vn -0.3312877609238163 0.7727799112821182 6.1074790843881601
v -0.1916394800000000 -0.0349294900000000 -0.0194925000000000
vn -0.3312846332618237 0.7727824169383690 6.1074798796929564
v -0.2021493600000000 -0.0393511900000000 -0.0195031000000000
vn 0.4684099393875401 -0.2815400575062994 6.2501884819905680
v -0.2099105700000000 -0.0253481600000000 -0.0185902200000000
vn 0.4684051391231316 -0.2815413337390174 6.2501893060105029
v -0.2149231200000000 0.0070796000000000 -0.0167538400000000
vn 1.0658323933608556 0.1935172038800039 6.0931374105180591
v -0.2002902200000000 0.0391384000000000 -0.0153580100000000
vn 0.4684054736498516 -0.2815422131513763 6.2501892776108718
v -0.2199356600000000 0.0395073600000000 -0.0149174700000000
vn 0.4684047305252915 -0.2815424952396650 6.2501892776971548
v -0.2249482000000000 0.0719351200000000 -0.0130811000000000
vn 1.0658314571597249 0.1935171706771263 6.0931384611679444
v -0.2196932600000000 0.0741459800000000 -0.0130758000000000
vn -0.9023833216362203 0.4867570711209602 -6.1815461403390817
v -0.2163486300000000 -0.0185165100000000 -0.0250757000000000
vn -0.9023839354330901 0.4867556648440831 -6.1815460044232458
v -0.2342554700000000 0.0256162800000000 -0.0189864900000000
vn -0.0856524405872171 -0.2629617245029031 -6.1955384492109129
v -0.1972941500000000 -0.0363430400000000 -0.0284399100000000
vn -0.0856562414830135 -0.2629638749787201 -6.1955382750260686
v -0.1709010600000000 -0.0252646800000000 -0.0292750000000000
vn -0.3595454567562641 0.7490784815445501 -6.2263477709494310
v -0.1798544800000000 -0.0031982800000000 -0.0262303900000000
vn -0.3595370924339795 0.7490833350449825 -6.2263473709351338
v -0.2081882200000000 0.0365578700000000 -0.0198112700000000
vn -0.9023834666817410 0.4867567721201357 -6.1815463434428306
v -0.2521623100000000 0.0697490700000000 -0.0128972700000000
vn -0.3595357056754944 0.7490832101960795 -6.2263474904687284
v -0.2365219600000000 0.0763140300000000 -0.0133921400000000
vn -0.3595437359274728 0.7490795125799785 -6.2263477813582391
v -0.2648557000000000 0.1160701800000000 -0.0069730100000000
vn -0.9023811034023151 0.4867569758517321 -6.1815460982295729
v -0.2700691500000000 0.1138818600000000 -0.0068080600000000
vn 1.1625714414927961 0.2707461880217749 6.0643849496525881
v -0.1509861000000000 0.0113774500000000 -0.0291979200000000
vn 2.0852043004944694 0.7250762818757206 5.8818247002974537
v -0.1676692400000000 0.0066581800000000 -0.0224129800000000
vn 1.1625706896373578 0.2707488810785009 6.0643848649058301
v -0.1591956800000000 0.0298453600000000 -0.0284486100000000
vn 2.0852045830735308 0.7250770334965954 5.8818246588076182
v -0.1688214800000000 0.0219249000000000 -0.0238864900000000
vn -1.2706039515552368 0.2309753552572793 -6.0294795198052880
v -0.1734084700000000 -0.0091731900000000 -0.0272803300000000
vn -1.2706041572224098 0.2309765944931460 -6.0294792442936078
v -0.1888501800000000 0.0186331500000000 -0.0229610700000000
vn -1.8440214268730415 0.0582898423488038 -5.9720758440256203
v -0.1497600900000000 -0.0022438800000000 -0.0370352000000000
vn -1.8440183512798871 0.0582946489023779 -5.9720762095896323
v -0.1719584900000000 0.0235826600000000 -0.0299288300000000
vn -1.2705979049711631 0.2309783960757050 -6.0294774788012386
v -0.2042919000000000 0.0464394900000000 -0.0186418000000000
vn -1.8440165110986215 0.0582948282290814 -5.9720762227065807
v -0.1941568800000000 0.0494092000000000 -0.0228224700000000
vn -1.8440228394988676 0.0582916322454057 -5.9720741631268810
v -0.2163552700000000 0.0752357400000000 -0.0157161000000000
vn -1.2705978371607816 0.2309789000972197 -6.0294774417497203
v -0.2197336100000000 0.0742458300000000 -0.0143225400000000
vn 0.9299468212178684 0.0806935180818669 6.1785915256048893
v -0.1149789600000000 -0.0048207200000000 -0.0312530400000000
vn 0.9299462178276631 0.0806948100080355 6.1785913271856607
v -0.1229380000000000 0.0139588400000000 -0.0303003800000000
vn 0.2422788035795190 -0.1821957481606000 6.2752163146080893
v -0.1402331900000000 0.0126376500000000 -0.0294207000000000
vn 0.9299460672356235 0.0806949362632509 6.1785913882253309
v -0.1289072800000000 0.0280435100000000 -0.0295858900000000
vn 0.2422778571852795 -0.1821946194235380 6.2752163999268067
v -0.1412741600000000 0.0319456800000000 -0.0288199200000000
vn 0.9299441380920732 0.0806938704287767 6.1785910655111573
v -0.1368663300000000 0.0468230700000000 -0.0286332300000000
vn -0.7791211136189774 0.7699746017186739 -6.1501464669954498
v -0.1427670400000000 -0.0060691000000000 -0.0389304200000000
vn -0.7791161530398625 0.7699771595024002 -6.1501470558584606
v -0.1489262500000000 0.0075629700000000 -0.0364434700000000
vn -0.6228645156976206 0.0974078431451248 -6.2156569673673108
v -0.1109896400000000 -0.0131560900000000 -0.0410033200000000
vn -0.7791152210548866 0.7699766362988589 -6.1501477993447313
v -0.1591916100000000 0.0302830800000000 -0.0322985500000000
vn -0.2067570107587262 1.0217203086194306 -6.1959117715799081
v -0.1639449900000000 0.0487093100000000 -0.0290344900000000
vn 0.2257197169435123 0.6420806141526003 -0.0957759282232505
v -0.1715100400000000 0.0575472200000000 -0.0273246500000000
vn 1.6072152971859506 0.4069118796519848 6.0579095802026348
v -0.0895780300000000 -0.0138209900000000 -0.0368416800000000
vn 1.6072172985371109 0.4069147120164877 6.0579089821211332
v -0.0965424600000000 0.0024629200000000 -0.0360877600000000
vn 1.4889876650473504 0.3382099719028967 6.0947015761246135
v -0.1111510600000000 -0.0075464700000000 -0.0320621300000000
vn 1.4889837201500074 0.3382067493655240 6.0947026604542067
v -0.1114543100000000 0.0057815900000000 -0.0327276500000000
vn 1.6072168977612320 0.4069147765396109 6.0579090954839909
v -0.1017657800000000 0.0146758600000000 -0.0355223200000000
vn 1.4889818017002761 0.3382095673936228 6.0947031036226047
v -0.1117575500000000 0.0191096400000000 -0.0333931600000000
vn -0.7870863700574399 0.7669125296771196 -6.1860433075880890
v -0.0916568600000000 -0.0143095700000000 -0.0437555800000000
vn -0.7870905983461245 0.7669120025330030 -6.1860428208781402
v -0.1062793600000000 0.0071810900000000 -0.0392307700000000
vn -0.5405699989245536 0.8614684990588695 -6.1919127530181282
v -0.1308933700000000 0.0331338000000000 -0.0328254600000000
vn -0.7870929475620198 0.7669109606581112 -6.1860426308555425
v -0.1209018600000000 0.0286717500000000 -0.0347059600000000
vn -0.7870945854510657 0.7669091545911192 -6.1860426350769231
v -0.1355243600000000 0.0501624000000000 -0.0301811500000000
vn -0.5405711743752036 0.8614670491934526 -6.1919128295847363
v -0.1368644900000000 0.0470207700000000 -0.0303721000000000
vn 3.9202478620058496 1.4464688583023337 3.1006102010384118
v -0.0610321300000000 -0.0337558000000000 -0.0448023400000000
vn 1.9022844202971838 0.4841021197075654 5.9669195358801774
v -0.0860542900000000 -0.0038716900000000 -0.0386633400000000
vn 1.9022822184655419 0.4841035186166848 5.9669198978560534
v -0.0869040800000000 0.0072094300000000 -0.0392914400000000
vn 1.9022794344882377 0.4841014763687452 5.9669208526663784
v -0.0883203900000000 0.0256779600000000 -0.0403382800000000
vn -0.9132042164445899 0.7217334468028378 -6.1713972538753303
v -0.0965373400000000 0.0030136200000000 -0.0409313700000000
vn -1.3356086876169380 0.4664699750578674 -6.1142049111452881
v -0.0639410800000000 -0.0322764500000000 -0.0503816400000000
vn -0.9131978970703203 0.7217342397053023 -6.1713988278341407
v -0.1017623700000000 0.0150429900000000 -0.0387514000000000
vn -1.3356002676163252 0.4664742964349114 -6.1142057734208386
v -0.0915247000000000 0.0085110800000000 -0.0412443800000000
vn -1.3356060954206690 0.4664725140053987 -6.1142056927672028
v -0.1053165200000000 0.0289048500000000 -0.0366757600000000
vn -0.9132030381324041 0.7217323436889556 -6.1713976584124950
v -0.1069874000000000 0.0270723600000000 -0.0365714200000000
vn -0.0046676904780851 -0.1184448008047900 0.0951890681332042
v -0.4941891000000000 0.2057458600000000 0.0845867900000000
vn 0.0838366102308872 0.0804133888180437 -0.1381140464047568
v -0.4796567700000000 0.1830363100000000 0.0852492600000000
vn -0.0046677710178968 -0.1184438401688568 0.0951883220209169
v -0.4833636000000000 0.1995743600000000 0.0774383400000000
vn 0.0838343676338291 0.0804111198682289 -0.1381101281063171
v -0.4397666100000000 0.1314457200000000 0.0794257400000000
vn -0.0046673413808005 -0.1184408114499063 0.0951852278205501
v -0.4725381100000000 0.1934028600000000 0.0702899000000000
vn -0.0046675961860132 -0.1184415310216038 0.0951860128122566
v -0.4617126100000000 0.1872313600000000 0.0631414500000000
vn 3.9088672722018276 2.6222940845992686 4.1453438990731613
v -0.4417675300000000 0.1614360700000000 0.0602296900000000
vn 3.9088674534027454 2.6222938527318598 4.1453438277432859
v -0.4127028600000000 0.1160169800000000 0.0615546200000000
vn 0.0838347781602913 0.0804121691917320 -0.1381113064894315
v -0.3998764400000000 0.0798551300000000 0.0736022200000000
vn 3.9088695270924401 2.6222960744650790 4.1453397698606658
v -0.3836382000000000 0.0705978800000000 0.0628795500000000
vn 3.9088690474176668 2.6222944961917469 4.1453413907445542
v -0.3545735300000000 0.0251787900000000 0.0642044800000000
vn 0.0838362314467902 0.0804121759509011 -0.1381130029378572
v -0.3599862800000000 0.0282645400000000 0.0677787100000000
vn -4.0409201318361747 -2.7873369015053875 -3.9087500088955722
v -0.4737288300000000 0.1854756100000000 0.0780683400000000
vn -4.0409209819534384 -2.7873371909482589 -3.9087492156883283
v -0.4219828000000000 0.1387636000000000 0.0578829800000000
vn -4.0409232163721400 -2.7873422927108384 -3.9087425225002170
v -0.3702367600000000 0.0920516000000000 0.0376976200000000
vn -4.0409193555982323 -2.7873343018229639 -3.9087534220083198
v -0.3184907300000000 0.0453395900000000 0.0175122600000000
vn 0.1792405220588547 0.6912654365472100 -1.5870042552831256
v -0.3130779800000000 0.0422538500000000 0.0139380300000000
vn 4.4879020821240507 4.3687189855042341 0.5014448437368070
v -0.3130827900000000 0.0417360500000000 0.0184922600000000
vn 4.4879019595578473 4.3687186397981206 0.5014489524667440
v -0.3540009200000000 0.0825354500000000 0.0292520600000000
vn 4.0927758527835678 3.4320012179494364 2.4631576372761890
v -0.3540033300000000 0.0822765500000000 0.0315291700000000
vn -2.6731028828985113 1.6106918374614221 5.4530038300442936
v 0.2871567600000000 0.0153691100000000 0.0137800900000000
vn -3.1503062056275848 1.9173170461460365 5.0296862106483484
v 0.3037021900000000 0.0364568700000000 0.0157337700000000
vn -2.6731018394432899 1.6106905698749436 5.4530047134115778
v 0.2760558400000000 0.0064006700000000 0.0109874100000000
vn -3.1503071251596029 1.9173154615922399 5.0296869881299360
v 0.3256921100000000 0.0696639300000000 0.0168484700000000
vn -2.6731019113193475 1.6106920249073167 5.4530041700242773
v 0.2649549200000000 -0.0025677800000000 0.0081947300000000
vn -2.6731015924389010 1.6106919361692462 5.4530043729455908
v 0.2538539900000000 -0.0115362300000000 0.0054020500000000
vn -2.0662356811810496 1.0859456272978107 5.7770645531745286
v 0.2648489600000000 0.0050673100000000 0.0059594000000000
vn -2.0662360197351162 1.0859470039384027 5.7770637958635582
v 0.2979398000000000 0.0472428200000000 0.0098667700000000
vn -3.1503078460246337 1.9173157243509018 5.0296859207903211
v 0.3476820300000000 0.1028709900000000 0.0179631700000000
vn -2.0662360095235619 1.0859462870839105 5.7770644071294264
v 0.3310306500000000 0.0894183300000000 0.0137741500000000
vn -2.0662359659056699 1.0859468263110768 5.7770638267169661
v 0.3641214900000000 0.1315938400000000 0.0176815200000000
vn -3.1503051772884714 1.9173153526752249 5.0296885925991530
v 0.3696719500000000 0.1360780600000000 0.0190778600000000
vn -0.0010451061163144 0.0063849264784327 -0.0039822696281220
v 0.4244471100000000 0.1748113300000000 0.0436267300000000
vn 2.3601353163433565 -0.8277674416196557 -5.3753766877843336
v 0.4079026500000000 0.1538271400000000 0.0407621900000000
vn -0.0010450593324041 0.0063846418273720 -0.0039820856836188
v 0.4119384800000000 0.1684885500000000 0.0367720100000000
vn 2.3601353525042521 -0.8277680824728554 -5.3753726547963696
v 0.3623051000000000 0.1055359600000000 0.0281784100000000
vn -0.0010452699376005 0.0063848023661920 -0.0039823200142024
v 0.3994298500000000 0.1621657700000000 0.0299172900000000
vn -0.0010448587719414 0.0063840437459137 -0.0039816324172171
v 0.3869212300000000 0.1558429800000000 0.0230625700000000
vn 3.8667157708826405 -2.4652814848235964 -4.2732237235484147
v 0.3641224500000000 0.1316973900000000 0.0167706800000000
vn 3.8667179051513041 -2.4652824561812565 -4.2732215408883238
v 0.3310335300000000 0.0897290000000000 0.0110416200000000
vn 2.3601401855721362 -0.8277732027290929 -5.3753689623160206
v 0.3167075500000000 0.0572447900000000 0.0155946300000000
vn 3.8667167801526401 -2.4652822947634725 -4.2732225195700648
v 0.2979446100000000 0.0477606100000000 0.0053125500000000
vn 3.8667165604307412 -2.4652817131165001 -4.2732229836766438
v 0.2648556900000000 0.0057922200000000 -0.0004165100000000
vn 2.3601377699399722 -0.8277704112843974 -5.3753695850365011
v 0.2711100000000000 0.0089536100000000 0.0030108500000000
vn -0.0741369125425492 0.4529107756584964 -0.0284076084133689
v 0.2985864500000000 0.1380762400000000 0.0009883500000000
vn -2.5034604713305155 0.7922105596350590 5.5932508459502088
v 0.2757271400000000 0.1158650000000000 -0.0023997100000000
vn -0.0741372532662215 0.4529108500610596 -0.0284077443951246
v 0.3175280900000000 0.1414467100000000 0.0052914700000000
vn -2.5034597723789132 0.7922097844015887 5.5932517476796741
v 0.2678918300000000 0.0781834400000000 -0.0005695900000000
vn -0.0741369983368532 0.4529105369672703 -0.0284075015227102
v 0.3522544400000000 0.1476258900000000 0.0131805300000000
vn -2.5034605075511873 0.7922109466809573 5.5932508608606479
v 0.2600565100000000 0.0405018900000000 0.0012605300000000
vn -2.5034585894052617 0.7922101312727965 5.5932525203246204
v 0.2522211900000000 0.0028203300000000 0.0030906500000000
vn 2.7095523020800103 -1.1873857306088029 -5.0450258137501951
v 0.3589925700000000 0.1284082500000000 0.0137074000000000
vn 2.7095555276875438 -1.1873888395184691 -5.0450223119338187
v 0.3156438800000000 0.0798615700000000 0.0018517800000000
vn 0.9144664436759168 0.4827162221087193 -6.1800868853283069
v 0.2705982200000000 0.1126794200000000 -0.0063738400000000
vn 0.9144659418091564 0.4827172120021193 -6.1800870711705258
v 0.2525050600000000 0.0686266900000000 -0.0124919600000000
vn 2.7095505114363982 -1.1873843561725896 -5.0450276853407461
v 0.2722951900000000 0.0313148900000000 -0.0100038500000000
vn 0.9144672107897945 0.4827148351768603 -6.1800870754727901
v 0.2344119000000000 0.0245739600000000 -0.0186100900000000
vn 0.9144662657395279 0.4827164656074220 -6.1800869279948598
v 0.2163187400000000 -0.0194787600000000 -0.0247282200000000
vn 2.7095521681427810 -1.1873846340322349 -5.0450273437194699
v 0.2289465000000000 -0.0172317900000000 -0.0218594700000000
vn -0.2427768383063201 0.3487610215638983 0.0106880167306303
v 0.2278781600000000 0.0871363400000000 -0.0117972300000000
vn -0.4796950352087607 -0.2794306460570855 6.2494272062127232
v 0.2253012800000000 0.0709337700000000 -0.0127195000000000
vn -0.2786828197642007 0.3029591101082371 0.0017560126682422
v 0.2472906500000000 0.1049748800000000 -0.0086163100000000
vn -0.4796901349442893 -0.2794337969531460 6.2494280111782734
v 0.2201475000000000 0.0385286200000000 -0.0145640300000000
vn -0.2786865286524242 0.3029619312080605 0.0017570669343966
v 0.2602323100000000 0.1168672400000000 -0.0064956900000000
vn -0.2786821702752725 0.3029579769607198 0.0017560585986284
v 0.2731739700000000 0.1287596000000000 -0.0043750800000000
vn -2.1664089314074202 0.3775220166115619 5.6690872060167745
v 0.2705970800000000 0.1125570200000000 -0.0052973500000000
vn -2.1664094486654704 0.3775219551260197 5.6690867987985847
v 0.2525016500000000 0.0682595100000000 -0.0092625000000000
vn -0.4796926682276527 -0.2794335908743544 6.2494275607796625
v 0.2149937300000000 0.0061234600000000 -0.0164085700000000
vn -2.1664076944075155 0.3775219369644852 5.6690874866715006
v 0.2344062200000000 0.0239620000000000 -0.0132276500000000
vn -2.1664087003851145 0.3775222421238354 5.6690882116885097
v 0.2163107800000000 -0.0203355100000000 -0.0171928000000000
vn -0.4796936746854392 -0.2794335116170161 6.2494273900863808
v 0.2098399500000000 -0.0262816900000000 -0.0182531100000000
vn 0.3728607326661003 0.7474574248684420 -6.2257590307966382
v 0.2653948300000000 0.1148909000000000 -0.0065471600000000
vn 0.3728703437846031 0.7474520697961997 -6.2257593407032257
v 0.2368948800000000 0.0752611500000000 -0.0130119300000000
vn 1.2813004495803177 0.2252992093993812 -6.0274315996642196
v 0.2200990200000000 0.0732676500000000 -0.0139693100000000
vn 1.2812874768925666 0.2253086418762970 -6.0274296780940446
v 0.2045407300000000 0.0455302500000000 -0.0183134600000000
vn 0.3728716816283271 0.7474513071779788 -6.2257593432539551
v 0.2083949400000000 0.0356313900000000 -0.0194767000000000
vn 1.2812952985660286 0.2253045282995721 -6.0274310351629232
v 0.1889824500000000 0.0177928500000000 -0.0226576200000000
vn 1.2812949712241357 0.2253051542679050 -6.0274311054122425
v 0.1734241600000000 -0.0099445500000000 -0.0270017800000000
vn 0.3728701817510007 0.7474516815531702 -6.2257594213443541
v 0.1798949900000000 -0.0039983700000000 -0.0259414700000000
vn -2.0914021109201260 0.7343652932341815 5.8784708970833996
v 0.1706001000000000 0.0415222200000000 -0.0255773200000000
vn -0.3011830844401696 0.6054337591300751 -0.0979292422516864
v 0.1928434300000000 0.0681659100000000 -0.0213295300000000
vn -2.0914017706593793 0.7343630398480698 5.8784713417825039
v 0.1693776000000000 0.0262607900000000 -0.0241057300000000
vn -0.3011835162971705 0.6054352171645493 -0.0979292218278784
v 0.2068573200000000 0.0757540800000000 -0.0175166100000000
vn -0.3011821946416013 0.6054337583662295 -0.0979293259365314
v 0.2208712200000000 0.0833422600000000 -0.0137036900000000
vn -1.0747459480995576 0.1982786176016919 6.0914185182060567
v 0.2200562200000000 0.0731679700000000 -0.0127226300000000
vn -2.0914078961829468 0.7343674573250966 5.8784684219611716
v 0.1677476000000000 0.0059122200000000 -0.0221436000000000
vn -1.0747473308285262 0.1982778915654368 6.0914178255767766
v 0.1887684400000000 0.0172944800000000 -0.0164242200000000
vn -1.0747461081829690 0.1982771799706504 6.0914184146537718
v 0.1731245500000000 -0.0106422700000000 -0.0182750200000000
vn -2.0914032499979092 0.7343638718991432 5.8784706565217304
v 0.1661176000000000 -0.0144363600000000 -0.0201814800000000
vn 1.8538467440108026 0.0500696388142461 -5.9691072283359308
v 0.2167273600000000 0.0742725600000000 -0.0153682800000000
vn 1.8538504440468904 0.0500707681337887 -5.9691049285157476
v 0.1944257500000000 0.0485449900000000 -0.0225103900000000
vn 0.7924185733713965 0.7664757419216812 -6.1488851337669521
v 0.1593910200000000 0.0295745500000000 -0.0320426900000000
vn 1.8538462356813044 0.0500716346560069 -5.9691073242628878
v 0.1721241500000000 0.0228174200000000 -0.0296524900000000
vn 0.7924132789299122 0.7664800006253327 -6.1488841515406261
v 0.1511033100000000 0.0114351600000000 -0.0353718800000000
vn 0.7924122832040119 0.7664792349472317 -6.1488849362504983
v 0.1428155900000000 -0.0067042400000000 -0.0387010600000000
vn 1.8538467468581665 0.0500696358605909 -5.9691072274180126
v 0.1498225400000000 -0.0029101500000000 -0.0367946000000000
vn -0.2531664764886572 -0.1810926206701849 6.2748184586734217
v 0.1426014500000000 0.0506200600000000 -0.0279903100000000
vn -1.1710932214720700 0.2759366366154857 6.0625106043898880
v 0.1510965300000000 0.0107056200000000 -0.0289553100000000
vn 0.2212510858493865 1.0207673656995999 -6.1955681515431973
v 0.1490180100000000 0.0303711000000000 -0.0322149600000000
vn 0.5543346990105588 0.8590348726323899 -6.1910335207903300
v 0.1311066300000000 0.0325511100000000 -0.0326150400000000
vn 0.5543425967232377 0.8590343697713281 -6.1910334843086092
v 0.1230681200000000 0.0140707400000000 -0.0358990400000000
vn 0.5543357345973271 0.8590324630511756 -6.1910336161207313
v 0.1150296100000000 -0.0044096300000000 -0.0391830300000000
vn 0.2212481928285621 1.0207659330521357 -6.1955685699980272
v 0.1186118900000000 -0.0048456300000000 -0.0391030200000000
vn -0.9395017311440983 0.0848520512618698 6.1770896467167313
v 0.1391439100000000 0.0508996800000000 -0.0281718000000000
vn -0.9394983457363587 0.0848525814898694 6.1770905056923837
v 0.1311029600000000 0.0321557100000000 -0.0291373100000000
vn -1.4972557658835079 0.3448495948673187 6.0923034733896202
v 0.1115459600000000 0.0052856300000000 -0.0325485500000000
vn 0.8004285630841215 0.7633823501073814 -6.1847679849517831
v 0.1358090600000000 0.0495589600000000 -0.0299632300000000
vn 0.8004319561232657 0.7633794230534290 -6.1847677648075194
v 0.1210984000000000 0.0281335400000000 -0.0345116000000000
vn 0.9263130392269816 0.7176434847187267 -6.1699208860687245
v 0.1019050000000000 0.0145900300000000 -0.0385878300000000
vn 0.8004314412011286 0.7633798214529599 -6.1847677795324927
v 0.1063877400000000 0.0067081100000000 -0.0390599700000000
vn 0.9263112492993741 0.7176427384657549 -6.1699207160376286
v 0.0931133800000000 -0.0054199900000000 -0.0422351700000000
vn 0.9263109987282927 0.7176445671542775 -6.1699204648261574
v 0.0878384000000000 -0.0174260100000000 -0.0444235800000000
vn 0.8004268786306032 0.7633819282124655 -6.1847680307741655
v 0.0916770800000000 -0.0147173100000000 -0.0436083400000000
vn -1.9096890454937294 0.4925802075530354 5.9638596032859041
v 0.0882130000000000 0.0215922800000000 -0.0399873700000000
vn -1.9096983029957544 0.4925803642275585 5.9638566466570815
v 0.0873129200000000 0.0105150500000000 -0.0393606700000000
vn -1.6151194322155964 0.4140807621976893 6.0553210713663770
v 0.1036604800000000 0.0182861000000000 -0.0351674600000000
vn -1.9096957809060455 0.4925833091808731 5.9638573013503002
v 0.0861128200000000 -0.0042545900000000 -0.0385250700000000
vn -1.6151178713528220 0.4140801534618534 6.0553218834259628
v 0.0948660200000000 -0.0020298800000000 -0.0361239200000000
vn -1.6151123410649597 0.4140785658938249 6.0553232965211246
v 0.0895893400000000 -0.0142194600000000 -0.0366977900000000
vn -1.9096918770508287 0.4925816404931275 5.9638583570413015
v 0.0852127400000000 -0.0153318100000000 -0.0378983600000000
vn 1.3474801195712973 0.4605062989864288 -6.1120514399590338
v 0.1055174300000000 0.0284359500000000 -0.0365064300000000
vn 1.3474806699492636 0.4605054673714974 -6.1120517488375841
v 0.0916424000000000 0.0081037200000000 -0.0410972800000000
vn 1.3474868736308168 0.4605041921459112 -6.1120506976987716
v 0.0777673700000000 -0.0122285200000000 -0.0456881300000000
vn -2.0980325654303793 1.3550031181154458 -2.9006970116626993
v 0.0690141700000000 -0.0144532300000000 -0.0480892700000000
vn 1.3474905109867787 0.4605045351971073 -6.1120490848541982
v 0.0638923400000000 -0.0325607500000000 -0.0502789700000000
vn -5.7894368622819989 2.4265333739838493 0.2697669492868936
v 0.0609717200000000 -0.0336129500000000 -0.0483472200000000
vn -3.9187511700965461 1.4639037654300029 3.0942996729749961
v 0.0609678700000000 -0.0340271300000000 -0.0447043600000000
vn -5.7894377352937347 2.4265304666988028 0.2697743641104351
v 0.0690122500000000 -0.0146603200000000 -0.0462678500000000
vn -3.8715021532694336 2.1355182684976648 4.4447281574446018
v 0.3340523500000000 0.0033189800000000 0.0591334900000000
vn -3.9038189720090664 2.6396701710420318 4.1390677426346141
v 0.3545930500000000 0.0236016000000000 0.0647740300000000
vn -3.8715017742910236 2.1355183230715906 4.4447287544351335
v 0.3222394600000000 0.0080430800000000 0.0465743300000000
vn -3.9038185767171583 2.6396698635475637 4.1390684911506606
v 0.3838615400000000 0.0688909600000000 0.0634959500000000
vn -3.8715020641059006 2.1355154145658282 4.4447297616877766
v 0.2986136700000000 0.0174912800000000 0.0214560100000000
vn -4.0814202818836804 3.4501822764034680 2.4565824016352487
v 0.3543293000000000 0.0807012200000000 0.0320980400000000
vn -3.9038212961376395 2.6396718828773871 4.1390641464166640
v 0.4131300300000000 0.1141803200000000 0.0622178600000000
vn -3.9038201498462919 2.6396702413215634 4.1390669124476016
v 0.4423985200000000 0.1594696800000000 0.0609397800000000
vn 4.1986670007458136 -2.0570373698827566 -4.1537196692038094
v 0.2986204000000000 0.0182162000000000 0.0150801000000000
vn 4.0347548454812916 -2.8052962950624316 -3.9022656440931738
v 0.3186753200000000 0.0439225300000000 0.0180239800000000
vn 4.0347549569723729 -2.8052958376928601 -3.9022658258851450
v 0.3705961300000000 0.0904039800000000 0.0382926000000000
vn 4.1986666806536457 -2.0570372898119422 -4.1537207276470660
v 0.3266714600000000 0.0065045500000000 0.0492346100000000
vn -0.0832555103787574 0.0807847950256609 -0.1382474671254103
v 0.3600137200000000 0.0266632600000000 0.0683569500000000
vn -0.0832548792828008 0.0807832111690971 -0.1382457714322658
v 0.4001235600000000 0.0780759300000000 0.0742447200000000
vn 4.0347546360760456 -2.8052933127078292 -3.9022690123389387
v 0.4225169400000000 0.1368854300000000 0.0585612100000000
vn -0.0832563132445939 0.0807838368291436 -0.1382479857829303
v 0.4402333900000000 0.1294886000000000 0.0801324900000000
vn -0.0832549716855916 0.0807839940323182 -0.1382464468310353
v 0.4803432300000000 0.1809012700000000 0.0860202500000000
vn 4.0347535771845227 -2.8052930953750126 -3.9022700454751318
v 0.4744377500000000 0.1833668800000000 0.0788298300000000
vn -4.4692252732651490 4.3886394662947819 0.4942536757203841
v 0.3543317100000000 0.0809601200000000 0.0298209300000000
vn -4.4692252456730062 4.3886390136049629 0.4942579448421637
v 0.3132498400000000 0.0403430800000000 0.0189952800000000
vn -0.1736130984789537 0.6920481840996708 -1.5872853963142519
v 0.3132546500000000 0.0408608800000000 0.0144410500000000
vn 0.0039878947053718 -0.1184642937812164 0.0951964060441195
v 0.4949774800000000 0.2035459500000000 0.0853812100000000
vn 0.0039876431564696 -0.1184604053731790 0.0951923774935868
v 0.4841361300000000 0.1974226400000000 0.0782153600000000
vn 0.0039875323468146 -0.1184615327434184 0.0951936306086081
v 0.4732947900000000 0.1912993300000000 0.0710495100000000
vn 0.0039873720897161 -0.1184572130179204 0.0951891670133747
v 0.4624534400000000 0.1851760200000000 0.0638836700000000
vn 0.0944350933706165 -0.2633634555902151 -6.1953937600630438
v 0.1773526500000000 -0.0287890900000000 -0.0287838800000000
vn 3.9143612569746624 -1.9945742079153030 -4.4134931555649608
v 0.2124020400000000 -0.0382159800000000 -0.0247240000000000
vn 3.9143613534120703 -1.9945719034466716 -4.4134954026193025
v 0.2226618100000000 -0.0316377000000000 -0.0185974400000000
vn 3.9143577716756464 -1.9945696035193115 -4.4135007664025903
v 0.2329215800000000 -0.0250594100000000 -0.0124708800000000
vn 3.9143587193050378 -1.9945722449194925 -4.4134967517505181
v 0.2431813400000000 -0.0184811200000000 -0.0063443200000000
vn -3.6274455829733605 1.2868077476930049 4.9530988846028707
v 0.2406084500000000 -0.0209824200000000 -0.0003407400000000
vn 1.8312461455712863 -0.4471259638262968 -5.8433204478144125
v 0.2538616900000000 -0.0107077500000000 -0.0018847000000000
vn 1.8312479673922879 -0.4471244256774907 -5.8433182018514982
v 0.2649626100000000 -0.0017393100000000 0.0009079700000000
vn 1.8312478284995923 -0.4471267167600380 -5.8433185550344362
v 0.2760635400000000 0.0072291400000000 0.0037006500000000
vn 1.8312481376918219 -0.4471261556454358 -5.8433194558417281
v 0.2871644600000000 0.0161975900000000 0.0064933300000000
vn 2.9167188114395670 -1.7345278593145497 -3.3102075356520735
v 0.3099632300000000 0.0403431700000000 0.0127852200000000
vn 4.7667551697187882 -4.0678236107401160 -0.4574645648990899
v 0.3099584200000000 0.0398253800000000 0.0173394400000000
vn 4.7667556073664503 -4.0678241855142678 -0.4574548936685535
v 0.3444574500000000 0.0794070000000000 0.0248534400000000
vn 0.5555346621036767 -0.9003710618456398 2.0611796616206064
v 0.3444550500000000 0.0791481100000000 0.0271305500000000
vn -4.2010974936140437 -2.0383548538495906 -4.1604670644927975
v -0.3296673100000000 0.0067380100000000 0.0523003400000000
vn -4.2010972997842950 -2.0383568043482421 -4.1604668193785610
v -0.3089195400000000 0.0152755400000000 0.0271671100000000
vn -4.2010965397840039 -2.0383565206777798 -4.1604676811115775
v -0.2985456500000000 0.0195443000000000 0.0146005000000000
vn 5.7997323142148351 2.4007572319257577 0.2790831435815037
v -0.0689877500000000 -0.0143534000000000 -0.0463786800000000
vn 2.1086978871570579 1.3456517668576569 -2.8973289389541037
v -0.0689858300000000 -0.0141463100000000 -0.0482001000000000
vn 5.7997331068130569 2.4007541904507326 0.2790928359118711
v -0.0610302000000000 -0.0335487100000000 -0.0466237700000000
vn 0.3040316181656153 0.6040907345114470 -0.0974438868554597
v -0.1924892000000000 0.0690228900000000 -0.0216390000000000
vn 0.3040304295527103 0.6040904550587185 -0.0974436550901557
v -0.2204614200000000 0.0843237800000000 -0.0140581300000000
vn 0.2443098801416852 0.3476786771940071 0.0110796876880244
v -0.2274544700000000 0.0881490100000000 -0.0121629100000000
vn 0.2800275275242515 0.3017191274807583 0.0022057500297594
v -0.2467925100000000 0.1060737300000000 -0.0090131100000000
vn 0.2800277582735451 0.3017190460394873 0.0022051895535588
v -0.2596845300000000 0.1180235400000000 -0.0069132500000000
vn 0.2800255381531863 0.3017171362724443 0.0022054986603906
v -0.2725765500000000 0.1299733500000000 -0.0048133800000000
vn 0.0761963952522108 0.4525762081457286 -0.0282867402950284
v -0.3168892700000000 0.1428576600000000 0.0047819600000000
vn 2.0617656742959611 1.0767669275242524 5.7803783082944316
v -0.3635458800000000 0.1332121700000000 0.0170971200000000
vn 2.0617620562643757 1.0767631828352315 5.7803812604353650
v -0.3306367200000000 0.0908898800000000 0.0132427500000000
vn 2.0617653427876150 1.0767662808500966 5.7803784507395104
v -0.2977275700000000 0.0485675800000000 0.0093883800000000
vn 2.0617636022401640 1.0767653894928553 5.7803796270334029
v -0.2648184100000000 0.0062452900000000 0.0055340100000000
vn 2.6714759329440780 1.5988055074077079 5.4572973980722681
v -0.2538965300000000 -0.0104069900000000 0.0049942700000000
vn 2.6714807300068082 1.5988072521204286 5.4572945729450488
v -0.2649619200000000 -0.0013892400000000 0.0077691400000000
vn 2.6714767634519405 1.5988034265572875 5.4572975272414945
v -0.2760273200000000 0.0076285000000000 0.0105440200000000
vn 2.6714755821832257 1.5988071041776049 5.4572971780621815
v -0.2870927100000000 0.0166462500000000 0.0133189000000000
vn 2.1799060608372067 1.8063527822986909 1.5278605084485231
v -0.0428664000000000 0.2239347600000000 0.0470833100000000
vn 5.0280908493208241 -1.8310647757202621 2.6016360747777485
v -0.0373896900000000 0.2047500400000000 0.0229962100000000
vn 4.7019816318108605 1.5477901600384978 -3.8696423554201353
v -0.0243623300000000 0.1889611500000000 -0.0019546100000000
vn 5.8306791609705000 0.2702254904708734 2.3256346038132270
v -0.0256192800000000 0.1882716100000000 0.0041301500000000
vn -1.7541376545004514 1.1318155476169705 -5.9262477386111794
v -0.0312320400000000 0.1894461200000000 -0.0075679800000000
vn -1.7541295249883191 1.1318195738575243 -5.9262493759422563
v -0.0330395800000000 0.2020320200000000 -0.0046292600000000
vn 4.8555169736159085 1.1626115337473801 -3.8145388902009674
v -0.0179249400000000 0.1383541600000000 -0.0124821100000000
vn 4.8555146344920717 1.1626106951868003 -3.8145421232468126
v -0.0200223500000000 0.1512163300000000 -0.0112317100000000
vn 5.3158419048498811 0.8829213784405212 -0.8499258828078031
v -0.0193023000000000 0.1573963600000000 -0.0084315900000000
vn 5.8522374701441011 0.4867363218347930 2.2344623402956394
v -0.0185098000000000 0.1397485200000000 -0.0066629300000000
vn -1.5964293670081253 1.2019407028911027 -5.9569429598759154
v -0.0260430700000000 0.1391890700000000 -0.0189375200000000
vn 1.6029552484573151 1.1775426984070818 -4.9205204230898589
v -0.0237514100000000 0.1390476900000000 -0.0195802000000000
vn -4.7307930216941987 0.7584654776861373 -4.0648179675508240
v -0.0323315900000000 0.1414009000000000 -0.0165118700000000
vn -4.9141255834783069 -1.2435506432735157 3.7125960124626340
v -0.0330126300000000 0.1473989000000000 -0.0081668200000000
vn -4.9141265930592093 -1.2435526011185436 3.7125940203340289
v -0.0336456900000000 0.1322776300000000 -0.0140696900000000
vn -5.0403566020899415 -1.8086759782255442 2.5935528737926505
v 0.0420435600000000 0.2176455700000000 0.0394860300000000
vn -5.0403573471764158 -1.8086722834453608 2.5935504693196205
v 0.0387797900000000 0.2063236000000000 0.0252475200000000
vn -4.6888356001610347 1.5686775518931184 -3.8771753967547475
v 0.0299996000000000 0.2018175300000000 -0.0024483800000000
vn -4.6888389073310783 1.5686750373054350 -3.8771724145273039
v 0.0252203000000000 0.1888508800000000 -0.0019147900000000
vn -5.8331501295954453 0.2961655718325653 2.3162605906289446
v 0.0264644000000000 0.1881557800000000 0.0041719800000000
vn 1.7686752093620028 1.1239831165195242 -5.9234168823327700
v 0.0348344600000000 0.2017699300000000 -0.0043357700000000
vn -3.0730349229245255 -0.8460992681982393 5.4144252832032924
v 0.0291032800000000 0.1759214700000000 0.0051323700000000
vn 3.0552963472081096 0.7816569053730453 -5.1638694459265473
v 0.0356993600000000 0.1768768200000000 -0.0089263800000000
vn -4.8441572771520383 1.1841830581260775 -3.8223380754892697
v 0.0207273900000000 0.1511257000000000 -0.0111989800000000
vn -4.8441596365759922 1.1841824326882573 -3.8223352790749434
v 0.0185748000000000 0.1382729800000000 -0.0124527900000000
vn -5.8535958523852010 0.5127698812262304 2.2250618531166158
v 0.0205153100000000 0.1513882300000000 -0.0057597100000000
vn 1.6113282947239891 1.1948075506027656 -5.9543659316499395
v 0.0268933600000000 0.1486187600000000 -0.0169289900000000
vn 1.6113450831329601 1.1948066113942124 -5.9543615768611886
v 0.0262486800000000 0.1390455200000000 -0.0190244300000000
vn -1.5897998786365408 1.1846423559389978 -4.9230796994776753
v 0.0244156900000000 0.1389405600000000 -0.0195415200000000
vn 4.7406452768078378 0.7373998993386870 -4.0572085665218092
v 0.0336913000000000 0.1528326800000000 -0.0135490500000000
vn 4.7406411357844807 0.7373972590025752 -4.0572138849572754
v 0.0330013100000000 0.1412556000000000 -0.0164594000000000
vn 4.9025780017238603 -1.2653793364199619 3.7204786890986066
v 0.0314752600000000 0.1528849000000000 -0.0032710900000000
vn 4.9025772153130758 -1.2653807537519977 3.7204792433554497
v 0.0342708900000000 0.1321265800000000 -0.0140151500000000
vn 4.7501036442745850 -1.3677929153512323 3.8786692967692247
v 0.0305791700000000 0.1211355900000000 -0.0131720900000000
vn 4.7500995742088472 -1.3677943955500504 3.8786737592454186
v 0.0277835400000000 0.1418939100000000 -0.0024280300000000
vn -4.7909225915732527 1.1744813601952666 -3.8917954546007643
v 0.0234145100000000 0.1388477300000000 -0.0183370500000000
vn -3.0253641795692960 -0.8516158227683297 5.4406194202262741
v 0.0272287100000000 0.1757328300000000 0.0040604500000000
vn -1.6480222668808986 1.2765314545376263 -4.8188722300262814
v 0.0257050500000000 0.1580870600000000 -0.0153506500000000
vn 1.6130243208580946 1.1787766945060156 -5.9571012790725621
v 0.0331935300000000 0.1736970900000000 -0.0102340900000000
vn -5.8674537874123676 0.3076209183227752 2.2263811505506954
v 0.0233310700000000 0.1729765900000000 -0.0018659900000000
vn -5.8674561596165455 0.3076245552796022 2.2263743962587870
v 0.0225815400000000 0.1635136800000000 -0.0025338100000000
vn -4.7957190011457058 1.5829972958797418 -3.7381300709471970
v 0.0277838800000000 0.1768564000000000 -0.0100693100000000
vn -4.7623628949602157 -1.3466376243075091 3.8710314348827564
v -0.0264695800000000 0.1248315800000000 -0.0076333200000000
vn -4.7623618286019367 -1.3466392859615286 3.8710321687283309
v -0.0300042500000000 0.1212703300000000 -0.0132207500000000
vn -4.7623607772335905 -1.3466393129824588 3.8710334527814956
v -0.0271335700000000 0.1420160500000000 -0.0024721400000000
vn 4.8023416229402116 1.1531470151366014 -3.8840937813571821
v -0.0227525900000000 0.1389504100000000 -0.0183741300000000
vn 3.0127965197381128 -0.8650445799818481 5.4454726709121362
v -0.0266451900000000 0.1668189500000000 0.0026966300000000
vn 3.0128028551146047 -0.8650459013362229 5.4454689558429363
v -0.0264386600000000 0.1758521800000000 0.0040173500000000
vn -1.5981877682618888 1.1859194626485625 -5.9596819117921900
v -0.0323895000000000 0.1738429500000000 -0.0102867600000000
vn -1.5981917143750639 1.1859231136284143 -5.9596801270543036
v -0.0304081900000000 0.1646097200000000 -0.0126554100000000
vn 5.8651786240621515 0.2815283011511748 2.2358083834881048
v -0.0220993100000000 0.1667665700000000 -0.0022740500000000
vn 5.8651824880213637 0.2815304478737058 2.2357979768263294
v -0.0227242700000000 0.1762365500000000 -0.0018270400000000
vn 4.8087066877669349 1.5616366539614921 -3.7304220345943619
v -0.0262586200000000 0.1768777400000000 -0.0092433200000000
vn 4.8087094255811014 1.5616369942883510 -3.7304183629477676
v -0.0238417100000000 0.1672876800000000 -0.0101424100000000
vn 1.1632424526033418 4.0704276335819305 4.6414576562232623
v 0.0304220600000000 0.0676789300000000 -0.0953309900000000
vn -0.6383521201375795 0.1882208332348771 -0.1528762321329071
v -0.0457885800000000 0.0588666200000000 -0.0914544300000000
vn -1.2585646052471466 3.8021289121573094 4.8280548218335921
v -0.0278215800000000 0.0595350700000000 -0.0872972500000000
vn 0.3749526214308727 3.3330980248626223 4.9083064626716126
v 0.0002069300000000 0.0605778600000000 -0.0808120600000000
vn -2.4486257260841739 1.9094431547281996 5.0914171020171430
v -0.0142308200000000 0.0369979800000000 -0.0680758500000000
vn 3.1075722688790126 1.8994480138854588 4.6398298192597034
v 0.0049891900000000 0.0477105300000000 -0.0787474100000000
vn 1.3235202137573669 2.8109452679316878 5.2517048640185005
v 0.0174586200000000 0.0598594200000000 -0.0847752400000000
vn 1.3235202137573654 2.8109452679316860 5.2517048640185005
v 0.0289597400000000 0.0593804600000000 -0.0874173600000000
vn 0.7128814244957606 -0.3007699518047157 0.0047606350239568
v 0.0431935700000000 0.0515487400000000 -0.0888796800000000
vn 0.7128797910000707 -0.3007691062357410 0.0047607802317909
v 0.0326311200000000 0.0266522700000000 -0.0801266700000000
vn 0.7128760409498703 -0.3007679191065471 0.0047599202449196
v 0.0250865000000000 0.0088690700000000 -0.0738745300000000
vn 3.1075751221527770 1.8994475578357326 4.6398259258045060
v 0.0193359400000000 0.0091085500000000 -0.0725534700000000
vn -0.0013125674234261 -2.6376139269426551 -5.6699759164135921
v 0.0347114200000000 0.0586875900000000 -0.0913897800000000
vn 0.0001272986325903 -2.0840233199397256 -5.9275006866380719
v 0.0376935700000000 0.0515609700000000 -0.0888841000000000
vn -0.0013123133049826 -2.6376149872614292 -5.6699749741537255
v 0.0174614200000000 0.0587259600000000 -0.0914036300000000
vn -0.0013103439705959 -2.6376169694223259 -5.6699737058265134
v -0.0342885800000000 0.0588410500000000 -0.0914451900000000
vn -1.7998329117500198 -0.8914197305342016 -0.3932830414532229
v -0.0405698100000000 0.0463950400000000 -0.0870694900000000
vn -1.7998329131092108 -0.8914201323660367 -0.3932824489529902
v -0.0308778100000000 0.0232335200000000 -0.0789260400000000
vn -2.8636593926982323 1.3783519965631621 -5.1800705630126354
v -0.0345645000000000 0.1093194100000000 -0.0230970100000000
vn 4.2142823428645126 -0.3029545217388573 3.6216098020882166
v -0.0253119900000000 0.1007903700000000 0.0023201400000000
vn -3.5998454153358179 3.0496979532876640 -4.1130599449339211
v -0.0521722700000000 0.1014413300000000 -0.0144292500000000
vn 0.7343948770514086 3.4845694824509224 3.5775061047200216
v -0.0345151100000000 0.1050316900000000 0.0072372900000000
vn 2.5046607953980589 5.5848204376173447 -1.4194620754928184
v -0.0291678000000000 0.0501060100000000 -0.0069692400000000
vn 2.4019129929284437 5.5603637739630463 -1.6512722019624841
v -0.0318309700000000 0.0504790800000000 -0.0102005800000000
vn 4.6775469545268802 2.3360143459632448 3.4845385731836664
v -0.0479992900000000 0.0585378100000000 0.0140146300000000
vn 4.6012788292932383 2.2214529883711305 3.6503900918944190
v -0.0472461300000000 0.0593867400000000 0.0124344900000000
vn 4.6775454429658758 2.3360138946213991 3.4845409048329334
v -0.0282165300000000 0.0323443400000000 0.0050187600000000
vn 3.9374119705675512 0.9551708619352557 4.4383163367513880
v -0.0297228500000000 0.0306464800000000 0.0081790300000000
vn -4.0548456190902673 1.5014744736799659 -4.3794358865530167
v -0.0771943800000000 0.0616336500000000 0.0057806000000000
vn -2.7012134343522582 3.7118438669463747 -4.2899975167619822
v -0.0446552700000000 0.0488775500000000 -0.0257447800000000
vn 2.8841587838835445 -0.6519487354282321 5.5439163557868332
v -0.0479137300000000 0.0330730200000000 0.0188985100000000
vn 3.0407161842830059 -0.5388113443559868 5.4680041017484573
v -0.0448896000000000 0.0340710300000000 0.0174426100000000
vn -2.9657920668668134 -3.6864655089751484 4.1343036985207613
v -0.0709531200000000 0.0467589500000000 0.0215937400000000
vn -3.8991720812083872 -3.5725276974998526 3.0873227763780857
v -0.0746109000000000 0.0477412900000000 0.0198457200000000
vn -0.6020310881637282 -1.5130833672719106 4.7394605566685923
v -0.0678943300000000 0.0559500300000000 0.0319834800000000
vn -2.9657989420832589 -3.6864642307005013 4.1342999063034735
v -0.0575030800000000 0.0153341400000000 0.0032214900000000
vn -3.8991776646023126 -3.5725265188272739 3.0873194979840939
v -0.0588356300000000 0.0153211800000000 0.0022540100000000
vn -2.5168973379245747 -3.7032471460247178 4.3781664478820606
v -0.0535323500000000 0.0113010700000000 0.0024737500000000
vn -5.0413648616628848 1.3579217806151413 -3.4955838387418625
v -0.0700964900000000 0.0431348000000000 -0.0116422600000000
vn -3.9794355253023990 2.4011435333819247 -3.9331374307521538
v -0.0682172100000000 0.0442295200000000 -0.0139273100000000
vn -5.0413612529272704 1.3579255604513698 -3.4955875749455685
v -0.0764571200000000 0.0545186100000000 0.0019533500000000
vn -5.1468310333476257 -0.7717331170632026 -0.4317062429014467
v -0.0832080800000000 0.0581305300000000 0.0130927500000000
vn -5.2339969638938282 -3.1132206830267721 1.5464638259543420
v -0.0786941300000000 0.0494108500000000 0.0108163900000000
vn -5.4303187273939315 -1.5698563541269137 -0.6248512768918626
v -0.0802210200000000 0.0501603500000000 0.0071575000000000
vn -5.0332765895144966 -3.2859050734979354 1.7933996609732934
v -0.0761493300000000 0.0481616700000000 0.0169145300000000
vn -5.2339994069355598 -3.1132175990623354 1.5464617659011766
v -0.0676911200000000 0.0179941200000000 -0.0151896500000000
vn -5.4303223614379412 -1.5698518921350473 -0.6248580777383311
v -0.0682727900000000 0.0182796500000000 -0.0165835100000000
vn -5.0332762575417052 -3.2859043630410043 1.7934024629423035
v -0.0665277800000000 0.0174230700000000 -0.0124019300000000
vn -1.7220981300679548 3.3714727968643285 -4.9481095750921567
v -0.0269603300000000 0.0226958100000000 -0.0554576300000000
vn -1.7220985585394186 3.3714716312868989 -4.9481098379161388
v -0.0244458400000000 0.0122747300000000 -0.0634333200000000
vn -3.8697501654636750 1.2087153632192413 -3.9172301648453240
v -0.0532552500000000 0.0152226500000000 -0.0467738200000000
vn -4.4624946551560969 -0.6015355890206294 -4.3177965905234741
v -0.0471764600000000 -0.0067337000000000 -0.0499974700000000
vn -4.8959630234574716 -0.7015203818496532 -2.6836027106504465
v -0.0393608700000000 -0.0349632900000000 -0.0541421500000000
vn -2.5879492094788468 1.5162418522765226 5.1104800181835524
v -0.0301342300000000 -0.1492386000000000 0.0218616700000000
vn -3.2517977244891698 -2.0214295401012334 4.4615726992520788
v -0.0436789300000000 -0.1526330500000000 0.0160097400000000
vn -2.4074983861023296 -0.4307992638133430 5.7875861817071703
v -0.0273945700000000 -0.1343444200000000 0.0241449500000000
vn -2.4074976329424067 -0.4307980903858247 5.7875865653278851
v -0.0138242700000000 -0.1191039000000000 0.0309243000000000
vn -2.5655147043439364 0.7116270042765135 5.5732812739498252
v -0.0396754100000000 -0.1119820300000000 0.0205936400000000
vn -3.0518460406161072 2.4490522368426788 4.8366914180750662
v -0.0324724000000000 -0.0963053700000000 0.0188612600000000
vn -3.0518455407594858 2.4490522364228267 4.8366907733389128
v -0.0217059000000000 -0.0880052400000000 0.0214519300000000
vn -3.0518447014258481 2.4490516146811641 4.8366917293121885
v -0.0109393900000000 -0.0797051100000000 0.0240426000000000
vn -2.4206497200090595 2.8595421116362996 5.0302350597357055
v -0.0046679100000000 -0.0264951200000000 -0.0108719800000000
vn -2.4206479741351505 2.8595444669456103 5.0302347006560080
v -0.0145108600000000 -0.0334233700000000 -0.0116700900000000
vn -4.1808196371568007 2.5548262852207713 2.8987136717210968
v -0.0370917400000000 -0.0493175900000000 -0.0135010400000000
vn -2.5585122954470405 2.8390933217723444 4.9846612634825087
v -0.0062695000000000 -0.0485986400000000 0.0024645100000000
vn -2.5585103066457782 2.8390991863176009 4.9846591233220234
v -0.0186154800000000 -0.0551538000000000 -0.0001388000000000
vn -2.8368120707039264 5.1053030295173452 2.3166345971117943
v -0.0339239000000000 -0.0799224300000000 0.0040742000000000
vn -3.1169314649169748 4.0834698032506358 3.3126679152123999
v -0.0339292600000000 -0.0812643600000000 0.0070249100000000
vn -2.8368149909625737 5.1052987641169985 2.3166404210634362
v -0.0069124500000000 -0.0704413900000000 0.0162568900000000
vn 3.6199697516567602 3.0336334068587578 -4.1072729636713268
v 0.0472550900000000 0.1056355500000000 -0.0158392600000000
vn -0.7246366170537208 3.4878126661730913 3.5763363994976407
v 0.0349848900000000 0.1048771200000000 0.0072931100000000
vn 2.1513293540210694 5.4529549735635854 2.2615764352398342
v 0.0292181300000000 0.1119135800000000 -0.0043257600000000
vn -2.3745025138231752 5.5709852074543962 -1.6551103381265972
v 0.0522812300000000 0.0612636000000000 -0.0023437000000000
vn -3.4996148409848931 3.8614535115800446 1.1927620470816196
v 0.0475966700000000 0.0625208800000000 0.0107522900000000
vn -2.4775181828888275 5.5958976792897914 -1.4234642323318338
v 0.0294161500000000 0.0499757100000000 -0.0069221900000000
vn -2.3745038934864091 5.5709846422772609 -1.6551095244324097
v 0.0351930800000000 0.0520179600000000 -0.0089483900000000
vn -3.4996191476611545 3.8614556925403498 1.1927581974963739
v 0.0256417200000000 0.0482043800000000 -0.0073162700000000
vn -4.5972076908651225 2.2419099108665699 3.6430057375711749
v 0.0450188200000000 0.0559128600000000 0.0113821200000000
vn -4.6726999529927458 2.3568081207937528 3.4770315263767788
v 0.0283666300000000 0.0322185000000000 0.0050642000000000
vn -4.5972087031432096 2.2419079777634492 3.6430058042814739
v 0.0276197900000000 0.0330707600000000 0.0034828600000000
vn -3.9402460947882685 0.9726919369666873 4.4319894556222312
v 0.0298603100000000 0.0305139700000000 0.0082268900000000
vn 2.8322023524350417 3.5655569229593223 -4.3258111927040339
v 0.0673350800000000 0.0563631600000000 -0.0047933700000000
vn 2.7245855185042425 3.6997785891807862 -4.2856376127331890
v 0.0449281500000000 0.0486783100000000 -0.0256728300000000
vn 2.8322007772591302 3.5655577803332106 -4.3258112303104443
v 0.0514040700000000 0.0486215100000000 -0.0216048200000000
vn 0.2265474381079307 4.6229247088674157 -3.0861950724682501
v 0.0411367600000000 0.0476368400000000 -0.0289823000000000
vn -2.8959352279224988 -0.6390953988208802 5.5392719585894419
v 0.0499800000000000 0.0371296100000000 0.0204800800000000
vn -3.0518637600088305 -0.5252599693096937 5.4631101613671627
v 0.0450272400000000 0.0338710500000000 0.0175148200000000
vn -2.8959379361803070 -0.6390900409476042 5.5392711608756784
v 0.0563897700000000 0.0497373200000000 0.0252857300000000
vn 2.4933628124662164 -3.7143900729035715 4.3821922558187838
v 0.0641475800000000 0.0434880900000000 0.0240382700000000
vn 4.1510629324688875 -1.7410724811845411 3.1800100286356843
v 0.0787779200000000 0.0554964100000000 0.0243700000000000
vn 2.9427288856808094 -3.6996055504904715 4.1390437398602664
v 0.0575800800000000 0.0150781900000000 0.0033139200000000
vn 2.4933614757478866 -3.7143900531802636 4.3821918815054630
v 0.0549120200000000 0.0151159800000000 0.0052446000000000
vn 3.8782851747658604 -3.5898255518684454 3.0935659753215257
v 0.0589141100000000 0.0150593000000000 0.0023485800000000
vn 5.0529587766792670 1.3354815967698503 -3.4874796214390962
v 0.0759619600000000 0.0546191900000000 0.0011611400000000
vn 5.3419603687406463 0.6419730821633345 -3.1373020644152749
v 0.0778254500000000 0.0497396500000000 0.0019925900000000
vn 5.0529610455054144 1.3354741973087207 -3.4874791677195063
v 0.0703208800000000 0.0428225100000000 -0.0115294900000000
vn 3.9963900831490591 2.3834040639539391 -3.9267314697393889
v 0.0684501600000000 0.0439255800000000 -0.0138175500000000
vn 5.2176090701463202 -3.1364623440019415 1.5548559933422026
v 0.0789102700000000 0.0490603400000000 0.0109429600000000
vn 5.4242813529044795 -1.5939972365521566 -0.6161313649341207
v 0.0804463500000000 0.0498030300000000 0.0072865400000000
vn 5.2176136809898228 -3.1364577849025390 1.5548497174138016
v 0.0678094100000000 0.0176927700000000 -0.0150808300000000
vn 5.0157264126101477 -3.3082505416502732 1.8014683454300668
v 0.0666390700000000 0.0171269000000000 -0.0122949800000000
vn 5.4242837742869741 -1.5939938136548184 -0.6161373123841221
v 0.0683945800000000 0.0179757000000000 -0.0164737500000000
vn 1.7450227189855096 3.3637623221602011 -4.9453244253638893
v 0.0280140100000000 0.0260453800000000 -0.0527542400000000
vn 1.7450260409478726 3.3637612547349085 -4.9453252239976520
v 0.0240504400000000 0.0098523200000000 -0.0651671900000000
vn 4.4667048009997146 -0.6213968257116993 -4.3106241549880080
v 0.0490041100000000 -0.0006782300000000 -0.0489977900000000
vn 4.4667062957536601 -0.6213958958255412 -4.3106230391929028
v 0.0437145000000000 -0.0194746000000000 -0.0517693400000000
vn 2.3962571178773362 -0.4414808901320550 5.7914451198936927
v 0.0267725300000000 -0.1344648900000000 0.0241884600000000
vn 2.5864557652743501 1.5047284331239839 5.1146390344745143
v 0.0199723900000000 -0.1469528300000000 0.0259906500000000
vn 2.3962578140926731 -0.4414805561341419 5.7914448537200247
v 0.0092053100000000 -0.1145739100000000 0.0329733300000000
vn 3.0549355878139153 2.4354702972334232 4.8415967078753077
v 0.0391837400000000 -0.1020141100000000 0.0171974600000000
vn 2.5597000202739126 0.7002262273872131 5.5773974833117155
v 0.0212436900000000 -0.1083873700000000 0.0284054500000000
vn 3.0549365125435926 2.4354697135086076 4.8415961488950554
v 0.0212943700000000 -0.0881008700000000 0.0214864600000000
vn 0.0041118339118879 3.0492082765711324 3.3229457519116226
v -0.0001728900000000 -0.0714049800000000 0.0266332600000000
vn 2.4252598440740352 2.8487668056091784 5.0341272261925347
v 0.0045820900000000 -0.0265156900000000 -0.0108645500000000
vn 2.5631049495927032 2.8277055544827117 4.9887735198823595
v 0.0430265100000000 -0.0684561300000000 -0.0052760800000000
vn 2.5631052026090044 2.8277069949040308 4.9887724557043214
v 0.0307056500000000 -0.0618461100000000 -0.0026925800000000
vn 2.5454384801958101 2.0730177860131360 5.3145599615000689
v 0.0183504400000000 -0.0681837200000000 0.0068060600000000
vn 2.5631048288410510 2.8277038174179916 4.9887744680482804
v 0.0060639200000000 -0.0486260700000000 0.0024744100000000
vn 2.5733386755522893 1.4392055576622136 5.5484261757250621
v 0.0189291800000000 -0.0701411000000000 0.0070453600000000
vn 2.5733361313501657 1.4392162221104565 5.5484245895067774
v 0.0436842900000000 -0.0783292900000000 -0.0023119900000000
vn 2.8557695772127034 5.0926376373467059 2.3212151172175659
v 0.0065919000000000 -0.0693811000000000 0.0138702800000000
vn 2.8557721317163116 5.0926377901259903 2.3212116393287454
v 0.0335761000000000 -0.0800725500000000 0.0041284100000000
vn 3.1297420849899429 4.0695754768938404 3.3176835624441470
v 0.0301963800000000 -0.0804135300000000 0.0090345400000000
vn 4.5366730727260798 -3.2433162450912016 -2.8944627773645473
v 0.0148450100000000 -0.2245134000000000 0.0474017800000000
vn 2.1447615749956137 5.4449950126094464 2.2870165507404683
v 0.0600249000000000 0.0998817600000000 -0.0045705200000000
vn 3.4523396960903465 2.6945767763673558 -4.5054438430611299
v 0.0462539300000000 0.1046198700000000 -0.0172138500000000
vn 3.4523353653263404 2.6945740913726604 -4.5054487674011936
v 0.0395169300000000 0.1096788000000000 -0.0193505500000000
vn -0.3877552545791965 1.4151894821840412 5.2607105790084550
v 0.0222673300000000 0.1150003400000000 -0.0051563800000000
vn -3.6071764135231703 1.5147211090073947 4.9165349472958928
v 0.0330031800000000 0.1034231500000000 0.0062871100000000
vn -1.7524264527505362 -0.7451153548176975 -4.0907537791350483
v 0.0222667700000000 0.1070297500000000 -0.0265263000000000
vn -2.5758164845829259 1.4506683726324980 5.5442897033426215
v -0.0192376600000000 -0.0700562200000000 0.0070147100000000
vn -2.5447230135434800 2.0843483113015573 5.3104707496044341
v -0.0186498300000000 -0.0681014300000000 0.0067763400000000
vn -4.5464083848451056 -3.2231145396002869 -2.9017444868871398
v -0.0174098500000000 -0.2103493500000000 0.0340781000000000
vn -4.5464098951625989 -3.2231126621962392 -2.9017442058272924
v -0.0159049900000000 -0.2244450100000000 0.0473770800000000
vn -2.1241865707268217 5.4544907976703598 2.2835890950925650
v -0.0352531100000000 0.1127611300000000 -0.0121861600000000
vn -2.1241870941873220 5.4544902274722933 2.2835899701206395
v -0.0595580000000000 0.1001477100000000 -0.0046665600000000
vn -3.4330760432067717 2.7098858605397003 -4.5109782873257815
v -0.0365621800000000 0.1113596600000000 -0.0203510400000000
vn -3.4330776879770277 2.7098925179278215 -4.5109730362097169
v -0.0457458000000000 0.1048244800000000 -0.0172877400000000
vn 3.6059767533106801 1.4986783086096374 4.9223279641073860
v -0.0325382700000000 0.1035689100000000 0.0062344700000000
vn 4.0408880521218640 -1.1651852026863310 4.6681885991930159
v -0.3139514200000000 -0.0492769000000000 0.0691589300000000
vn 3.7561405035612809 -1.4685215223398087 4.7982572618651176
v -0.3045051100000000 -0.0584646700000000 0.0586887300000000
vn -4.9929645335867381 -2.1836702803322119 -3.1273482181308623
v -0.3127730900000000 -0.0463551100000000 0.0626151600000000
vn -4.9929704247159359 -2.1836771879590819 -3.1273339893676213
v -0.3145311200000000 -0.0484739100000000 0.0669014100000000
vn -4.9929664522099495 -2.1836699152030534 -3.1273454098903835
v -0.2927077400000000 -0.0620780000000000 0.0415583300000000
vn -4.3091772231489651 -4.4447651007282012 -1.0739983530501336
v -0.3055756800000000 -0.0718047200000000 0.0580098100000000
vn -3.9281954578609799 -1.2852316937806634 -2.9547790575864474
v -0.3079664200000000 -0.0695384400000000 0.0582230400000000
vn -4.3091805375292971 -4.4447572958175625 -1.0740173558207144
v -0.3134033800000000 -0.0662412900000000 0.0663922000000000
vn 3.3366956272089934 5.2859864435734272 0.6350017433563031
v -0.3045142300000000 -0.0613624500000000 0.0618610900000000
vn 3.3366957814914402 5.2859875533032383 0.6349916942779795
v -0.2977688400000000 -0.0650793000000000 0.0573570000000000
vn -4.8941537674189020 -3.9371693411931781 -0.1561220163187482
v -0.3006510500000000 -0.0456107900000000 0.0425628800000000
vn -4.6719656348555834 -2.7127000229718572 -2.1675013150211528
v -0.2853283500000000 -0.0641732400000000 0.0303408200000000
vn -4.8941527906543536 -3.9371708013978544 -0.1561158117299338
v -0.2848330800000000 -0.0649384600000000 0.0341127400000000
vn 3.3749380857849598 1.6915618526363656 4.9539134711078221
v -0.2753192200000000 -0.0602524900000000 0.0307136100000000
vn 4.2955647103034460 2.1805068333092179 3.9701056531989050
v -0.2980447600000000 -0.0440003800000000 0.0449503300000000
vn 3.3749368869514647 1.6915602047245186 4.9539149049447389
v -0.2790276800000000 -0.0428080100000000 0.0272834800000000
vn 2.6314056209737493 1.6819263902642951 5.4514695240034703
v -0.2613704600000000 -0.0451792000000000 0.0192221400000000
vn 2.6314061754222480 1.6819266781573834 5.4514691585292603
v -0.2697865200000000 -0.0647613700000000 0.0293261700000000
vn -3.1702071072100502 -1.3888544812322476 -5.2010970194271815
v -0.2484203300000000 -0.0233469000000000 -0.0011682200000000
vn -2.5386727109313147 -1.4621478485570107 -5.5580020941899342
v -0.2871492100000000 0.0082152100000000 0.0085438400000000
vn -2.5386683397124754 -1.4621470927484870 -5.5580041217937692
v -0.2762121900000000 -0.0193215600000000 0.0107923800000000
vn -3.1702095751445811 -1.3888554513813016 -5.2010957401827644
v -0.2486770900000000 -0.0603849400000000 0.0088785900000000
vn -2.5386690063912094 -1.4621466540896970 -5.5580039249251776
v -0.2652751800000000 -0.0468583300000000 0.0130409100000000
vn -2.5386654110796445 -1.4621467482853936 -5.5580055294957713
v -0.2543381600000000 -0.0743951000000000 0.0152894400000000
vn -3.1702109065847628 -1.3888538449547845 -5.2010947982124334
v -0.2487733700000000 -0.0742742100000000 0.0126461500000000
vn 3.1488933201627156 1.6494755825575966 5.1362089855540027
v -0.2479689000000000 -0.0237671800000000 0.0062072700000000
vn 2.9535242847357970 2.3471005475909505 4.9022607243383893
v -0.2144918100000000 -0.0498428600000000 -0.0112736300000000
vn 2.9535243234715862 2.3471016658075623 4.9022612083056911
v -0.2215793100000000 -0.0581236700000000 -0.0030388500000000
vn 3.1488926674931870 1.6494787729808493 5.1362076660905736
v -0.2461916700000000 -0.0635981000000000 0.0179092800000000
vn 2.9535248669480709 2.3470995978148261 4.9022609648643840
v -0.2404793200000000 -0.0802058400000000 0.0189205400000000
vn 3.1488937386351261 1.6494762366468487 5.1362073208753065
v -0.2455992600000000 -0.0768750700000000 0.0218099500000000
vn -2.0768412043071698 -2.4065275197051355 -5.3879526111108120
v -0.1824547200000000 -0.0991724400000000 -0.0115648600000000
vn -2.5817052100672928 -2.5299505199880588 -5.1392703009014085
v -0.2051334900000000 -0.1002752900000000 0.0004052700000000
vn -2.0768413031611042 -2.4065301341477738 -5.3879514036175351
v -0.1967064300000000 -0.0656927000000000 -0.0210251200000000
vn -3.1650607128469304 -1.9225969644921170 -5.0017362887423698
v -0.2125795100000000 -0.0465304800000000 -0.0225535600000000
vn -3.1650629530759908 -1.9225931447243840 -5.0017365220106775
v -0.2436853500000000 -0.0822159100000000 0.0108469500000000
vn 0.6876163540552669 2.4986473547135328 5.4731904268872178
v -0.2032570700000000 -0.0492492600000000 -0.0165200300000000
vn 0.8118474831739808 1.6515604198881906 5.7814726049581653
v -0.1681340300000000 -0.0486204000000000 -0.0120083100000000
vn 0.6876138448195187 2.4986486153644880 5.4731904926920194
v -0.1866681200000000 -0.0799981000000000 -0.0045665400000000
vn 0.8118440599167568 1.6515629442874151 5.7814740270563751
v -0.1731187000000000 -0.0931616800000000 0.0014155100000000
vn 0.6876165177030495 2.4986483327057654 5.4731906845386229
v -0.1783736400000000 -0.0953725300000000 0.0014102100000000
vn -0.8113514337573495 -1.2271180205593020 -6.0034135488358640
v -0.1650067000000000 -0.0345732600000000 -0.0271819800000000
vn -0.8113497728118940 -1.2271152367124363 -6.0034143224508973
v -0.1633044200000000 -0.0633154900000000 -0.0215370400000000
vn -0.8113499441331365 -1.2271174833929788 -6.0034131590623900
v -0.1622830600000000 -0.0805608300000000 -0.0181500700000000
vn -0.6325160906355592 -1.7280583014674731 -5.9041443766325852
v -0.1661346900000000 -0.1057429300000000 -0.0134691600000000
vn -0.8113499254099346 -1.2271165829129351 -6.0034140611481757
v -0.1609212400000000 -0.1035546100000000 -0.0136341200000000
vn 2.1893794473808459 1.4197353588463306 5.7103306676771934
v -0.1616646000000000 -0.0622334300000000 -0.0113478200000000
vn 1.5076808530299528 1.5292034370945951 5.8859018355247832
v -0.1420908900000000 -0.0341794100000000 -0.0248071800000000
vn 1.5076801121994008 1.5292025072732267 5.8859021253807979
v -0.1455100500000000 -0.0520344200000000 -0.0192924900000000
vn 1.5076808012192908 1.5292046381534030 5.8859009492907166
v -0.1500689300000000 -0.0758411000000000 -0.0119395700000000
vn 1.5076822324664110 1.5292031092510872 5.8859011019859313
v -0.1546278100000000 -0.0996477700000000 -0.0045866400000000
vn -1.2156653752222963 -1.1370106566296572 -6.0005678621082739
v -0.1292495300000000 -0.0530144700000000 -0.0353217000000000
vn -1.9700577921752149 -1.2851198618675996 -5.8260707461781598
v -0.1591721500000000 -0.0347055700000000 -0.0290779500000000
vn -1.9700551040961267 -1.2851188112700425 -5.8260718910644327
v -0.1461412300000000 -0.0579639800000000 -0.0283539300000000
vn -1.9700589773214949 -1.2851194753614743 -5.8260703860101151
v -0.1331103100000000 -0.0812224000000000 -0.0276299100000000
vn -1.9700556592638208 -1.2851192896733719 -5.8260716141069828
v -0.1200793800000000 -0.1044808100000000 -0.0269059000000000
vn -1.2156627371035851 -1.1370105613470844 -6.0005685081893860
v -0.1167010400000000 -0.1034909100000000 -0.0282994500000000
vn 1.0316458262475969 0.7785170422628719 5.9831435170418770
v -0.1386717400000000 -0.0163244100000000 -0.0303218700000000
vn 0.6300070235481515 1.5304734665636872 6.0447389052686047
v -0.1281316400000000 -0.0515819900000000 -0.0224935200000000
vn 0.7539518896270955 1.4061677892118623 6.0518082527709618
v -0.1108364500000000 -0.0502608000000000 -0.0233732000000000
vn 0.6300089870019132 1.5304719101668403 6.0447394285527283
v -0.1211049100000000 -0.0750870500000000 -0.0172746100000000
vn -0.6911720691277201 -0.9008894905773486 -6.1434763491778961
v -0.1045837100000000 -0.0536432100000000 -0.0357869300000000
vn -0.2271395341404712 -0.8871562578417391 -6.2125920717770615
v -0.0995013700000000 -0.1078761700000000 -0.0287798800000000
vn -0.6911662049728071 -0.9008863174870448 -6.1434765864824747
v -0.0960424600000000 -0.1076260400000000 -0.0288317400000000
vn 1.5970973635396315 1.4302203742508193 5.8981205714500131
v -0.1039653000000000 -0.0524269600000000 -0.0243670600000000
vn 0.6074743349214238 1.6056669187511294 5.9042921588623782
v -0.0853405900000000 -0.0372948200000000 -0.0342433000000000
vn 0.6074786057795969 1.6056659364001731 5.9042910665844639
v -0.0878052900000000 -0.0654470500000000 -0.0263337500000000
vn 0.6074785405325596 1.6056644074559636 5.9042924597489312
v -0.0912558700000000 -0.1048601700000000 -0.0152603700000000
vn 1.5970994582281750 1.4302195526961345 5.8981203166955218
v -0.0945864600000000 -0.1033822400000000 -0.0145506500000000
vn -1.4781359374311633 -1.0387800297594534 -6.0161209384956917
v -0.0968268400000000 -0.0512809100000000 -0.0379002000000000
vn -1.4781432839307298 -1.0387815620058043 -6.0161187990293765
v -0.0779431100000000 -0.1021140100000000 -0.0337627000000000
vn -3.0398942199054546 -1.1338840804136314 -5.1146268736174960
v -0.0746126100000000 -0.1036013600000000 -0.0343895400000000
vn 1.0740558633066959 1.8966558793717030 5.6124128041574011
v -0.0827961000000000 -0.0360762500000000 -0.0343117000000000
vn 1.0740579378958599 1.8966547491957970 5.6124144834752681
v -0.0796788800000000 -0.0561609100000000 -0.0281208600000000
vn -0.8517922989708979 2.4237873931202136 4.2837739516185653
v -0.0598340500000000 -0.0551274700000000 -0.0392421500000000
vn -0.8517903995193707 2.4237874694314638 4.2837721928687928
v -0.0626152300000000 -0.0669532600000000 -0.0331040600000000
vn 1.0740585640580746 1.8966533156869891 5.6124147070336132
v -0.0742237400000000 -0.0913090700000000 -0.0172868800000000
vn 2.2848965439218016 -0.3239571268877323 -3.3740179051190640
v -0.0576352000000000 -0.0545733400000000 -0.0519037300000000
vn -3.0678919232931601 -0.7418217612228135 -5.1521292400453254
v -0.0752880000000000 -0.0557868300000000 -0.0469865300000000
vn -3.0678954756298666 -0.7418243839955155 -5.1521239027007431
v -0.0647207900000000 -0.0916407500000000 -0.0481165000000000
vn 6.2656818043051352 0.4648781527076047 0.0594763317479702
v -0.0559742900000000 -0.0594971900000000 -0.0324169700000000
vn 4.5530179398203572 1.5446641486300690 2.3351370172580692
v -0.0570528700000000 -0.0433016800000000 -0.0453802400000000
vn 6.2502000307001984 0.0584831713542417 -0.3187054901049418
v -0.0566874100000000 -0.0480616600000000 -0.0466752200000000
vn 4.5411443424274625 2.6197178543245960 3.4631638755994301
v -0.2987160000000000 -0.0453013200000000 0.0468146000000000
vn 4.5411434664830566 2.6197184770409656 3.4631645531455053
v -0.2822530400000000 -0.0645396400000000 0.0397800900000000
vn -4.3882355511386626 -4.1545036391272960 1.7209526011382008
v -0.0446156400000000 -0.0171093400000000 -0.0244405100000000
vn -4.3882384557276382 -4.1544994391995820 1.7209552972372464
v -0.0422271100000000 -0.0252247700000000 -0.0379412500000000
vn 1.4333143350914628 0.1622913399782437 6.1153650048037660
v -0.2397438900000000 -0.1015719400000000 0.0301626600000000
vn 1.4333108825630096 0.1622870266037645 6.1153659284811290
v -0.2207956100000000 -0.1076677100000000 0.0258833500000000
vn 1.4030249278903062 0.1008315343565466 6.1233173503239104
v -0.2198742700000000 -0.1056260700000000 0.0256132300000000
vn -1.4371925783087336 -5.3943964403728648 2.8832936273127183
v -0.2434578800000000 -0.1058664800000000 0.0248482700000000
vn -2.0024250287499030 -3.9985578273692273 -1.1133196690292695
v -0.2443748200000000 -0.1065136800000000 0.0231803600000000
vn -1.4371945525824072 -5.3943970457442640 2.8832915106068180
v -0.2245954100000000 -0.1132820700000000 0.0203764400000000
vn -1.4275067116855804 -5.3880168266719446 2.8999148770979670
v -0.2236784600000000 -0.1126348700000000 0.0220443500000000
vn -2.5801520631166648 -2.5109384060045565 -5.1494097969376567
v -0.2374036700000000 -0.0968878600000000 0.0149227300000000
vn -2.5739042564567791 -2.5568277865519478 -5.1296717190566410
v -0.2442411900000000 -0.1032563700000000 0.0214541200000000
vn -2.5801508891461493 -2.5109382997710403 -5.1494104369631168
v -0.2057218900000000 -0.1020853600000000 0.0015827100000000
vn -2.5739036309815377 -2.5568272581025009 -5.1296723295065298
v -0.2068986800000000 -0.1057055100000000 0.0039376000000000
vn 2.1943610386876924 4.2612019810374919 4.0626782930761163
v -0.2368483100000000 -0.0931149200000000 0.0276466700000000
vn 2.1943609887622584 4.2612039547762617 4.0626762498361968
v -0.2184798400000000 -0.0978782200000000 0.0227214300000000
vn 2.1913005864091613 4.2486450420810709 4.0774072766089144
v -0.2182250100000000 -0.0963376400000000 0.0209679200000000
vn 0.4528115733127081 0.0043189333057537 6.2668461470050811
v -0.1428224700000000 -0.1315640700000000 0.0065588900000000
vn -1.8680471042238991 -1.9837132782909261 -5.6101906764316531
v -0.1398194000000000 -0.1155146000000000 -0.0180120300000000
vn -1.8455266059204651 -2.6398276041275759 -5.3942290581665331
v -0.1512606100000000 -0.1317213300000000 -0.0060068600000000
vn -1.8455265472095963 -2.6398279176438573 -5.3942290010284779
v -0.1396616300000000 -0.1269178500000000 -0.0123259500000000
vn -1.8680487922758964 -1.9837101034079514 -5.6101923756133676
v -0.1310675700000000 -0.1157130700000000 -0.0208559800000000
vn -1.8455252628337639 -2.6398280986843394 -5.3942292686821665
v -0.1309623900000000 -0.1233152400000000 -0.0170652600000000
vn -1.8455282070433943 -2.6398250630828612 -5.3942299379603753
v -0.1193634100000000 -0.1185117600000000 -0.0233843500000000
vn -1.8680499899936773 -1.9837085052770742 -5.6101922412853433
v -0.1193984700000000 -0.1159777000000000 -0.0246479200000000
vn 0.6660466379239803 4.3868375349274222 4.4486465269892115
v -0.1277256800000000 -0.1215004200000000 0.0045318700000000
vn -2.9859930734912714 -4.6579773945542620 -2.9443363000497520
v -0.0502248800000000 -0.1549050000000000 -0.0361716800000000
vn -5.5096772823425049 3.0156048796324466 -0.1672877454908867
v -0.0437333000000000 -0.0622950400000000 -0.0286965000000000
vn -6.0168124153113105 1.8100687726931817 0.0060828507006441
v -0.0573508100000000 -0.0976169000000000 -0.0323913900000000
vn -6.0565084437587222 1.6513317618692915 0.1504069678355461
v -0.0561751500000000 -0.0937073300000000 -0.0328681400000000
vn 0.1089555169703680 0.7310818091042801 -0.3454040584504166
v -0.0549341900000000 -0.0896583300000000 -0.0102226800000000
vn -4.2400270998255492 4.6222694434403833 0.3677131887815176
v 0.2986663700000000 -0.0572215000000000 0.0513294200000000
vn -4.2400222860726444 4.6222742450640304 0.3677083373117288
v 0.3108115800000000 -0.0470909000000000 0.0640286600000000
vn -3.7703390459307338 -1.4517813479470727 4.7922123606674312
v 0.3041620000000000 -0.0598183500000000 0.0591775600000000
vn -4.0535122630728315 -1.1471906975491888 4.6616959833227369
v 0.3129255100000000 -0.0501545200000000 0.0691759100000000
vn 4.9882196572474475 -2.2058732447098786 -3.1193277294285897
v 0.2923762100000000 -0.0633792300000000 0.0420282300000000
vn -3.4983869224742845 -1.7923316523336423 4.9017602749475424
v 0.3011999500000000 -0.0696449800000000 0.0626704600000000
vn 4.2910834257068604 -4.4638878398394253 -1.0671110489775688
v 0.3130132000000000 -0.0676344400000000 0.0668952800000000
vn 4.2910860600944538 -4.4638860363047970 -1.0671080002057123
v 0.3051743200000000 -0.0731630300000000 0.0585003200000000
vn 3.9271822989188880 -1.3026955602463492 -2.9484792771203101
v 0.3055940600000000 -0.0723311400000000 0.0567082600000000
vn 4.8768353422348181 -3.9589027757879798 -0.1482682059350493
v 0.2843746900000000 -0.0663954100000000 0.0355127600000000
vn 4.6633284957423635 -2.7334614194145535 -2.1600068453303187
v 0.2850056000000000 -0.0654416600000000 0.0307988700000000
vn 4.8768371493779501 -3.9589002986070994 -0.1482749084954406
v 0.3003910600000000 -0.0469475100000000 0.0430455900000000
vn -4.2921939748354179 2.1996045097593520 3.9632106711205974
v 0.2977881300000000 -0.0453255100000000 0.0454288500000000
vn -3.3753323439247431 1.7065708259793584 4.9484933782394886
v 0.2901795400000000 0.0082348000000000 0.0174591600000000
vn -2.6326480584218670 1.6936336376044696 5.4472433853877487
v 0.2513263100000000 -0.0231547700000000 0.0076847900000000
vn -2.6326493223657530 1.6936324567927459 5.4472432255081573
v 0.2634174100000000 -0.0516920300000000 0.0224011000000000
vn 2.5410644420739485 -1.4734442445605951 -5.5539243112463623
v 0.2871834300000000 0.0069378900000000 0.0090051000000000
vn 2.5410646769878706 -1.4734447243831181 -5.5539240319122811
v 0.2733546900000000 -0.0274219100000000 0.0117936800000000
vn 2.5410629174074995 -1.4734435585353929 -5.5539251136344152
v 0.2650574500000000 -0.0480377900000000 0.0134668300000000
vn 3.1723524018580771 -1.4029598139270019 -5.1960011659896397
v 0.2484060700000000 -0.0614904600000000 0.0092778100000000
vn 3.1723494558748313 -1.4029623408695524 -5.1960028392486848
v 0.2484440100000000 -0.0800098500000000 0.0143013500000000
vn 2.5410653501043390 -1.4734444371729909 -5.5539238266884698
v 0.2539944700000000 -0.0755256300000000 0.0156976900000000
vn -2.9509253534447981 2.3602349563416944 4.8975183587885551
v 0.2119546400000000 -0.0480257500000000 -0.0136779600000000
vn -2.9509243645549246 2.3602318339518829 4.8975201725829702
v 0.2189920100000000 -0.0563379800000000 -0.0054318400000000
vn -3.1497694865056638 1.6634865180887215 5.1311491266606222
v 0.2478650500000000 -0.0248699100000000 0.0066054900000000
vn -2.9509251689805462 2.3602328583441947 4.8975181229008147
v 0.2330667400000000 -0.0729624400000000 0.0110603900000000
vn -3.1497688981967915 1.6634852708169210 5.1311501689649264
v 0.2452341600000000 -0.0779666900000000 0.0222041500000000
vn -2.9509256903047358 2.3602316117435800 4.8975198940125777
v 0.2401041000000000 -0.0812746600000000 0.0193065100000000
vn 2.0747687516662934 -2.4157621499834168 -5.3846174687884698
v 0.1964604100000000 -0.0665671100000000 -0.0207093600000000
vn 3.1645091305935429 -1.9366715270874750 -4.9966534260795674
v 0.2252931400000000 -0.0624020600000000 -0.0082746000000000
vn 2.5786770199061264 -2.5414237532002160 -5.1351280999378623
v 0.2046991400000000 -0.1011867500000000 0.0007344100000000
vn 3.1645091398982954 -1.9366711272661774 -4.9966529564361970
v 0.2330164200000000 -0.0713578900000000 0.0000879700000000
vn -0.6852836714021819 2.5017044815881873 5.4720878601815635
v 0.2030768800000000 -0.0501529400000000 -0.0161936900000000
vn -0.6852845141457743 2.5017022661573485 5.4720870353626969
v 0.1779597800000000 -0.0961650200000000 0.0016963900000000
vn 0.6343032542618530 -1.7308766008817442 -5.9031262248714595
v 0.1894549800000000 -0.0693519000000000 -0.0215367300000000
vn 0.8155264072441417 -1.2307360103660736 -6.0021068147745735
v 0.1649093500000000 -0.0353069900000000 -0.0269170200000000
vn 0.8155236454202639 -1.2307340770019077 -6.0021077564581731
v 0.1638058500000000 -0.0525476000000000 -0.0235317600000000
vn 0.8155237454144726 -1.2307346380250779 -6.0021072149797057
v 0.1615988400000000 -0.0870288300000000 -0.0167612400000000
vn -1.5103154271487607 1.5359159763384715 5.8834774918835446
v 0.1453225800000000 -0.0526812300000000 -0.0190589200000000
vn -1.5103129482879583 1.5359151337021499 5.8834788276296255
v 0.1542048300000000 -0.1003346200000000 -0.0043386100000000
vn 1.9736771530960247 -1.2938917780081787 -5.8229033819055616
v 0.1590773200000000 -0.0354133600000000 -0.0288223600000000
vn 1.9736771974708713 -1.2938894000077892 -5.8229038673984084
v 0.1459419300000000 -0.0586135800000000 -0.0281193500000000
vn 1.2202343361731116 -1.1424274133066510 -5.9986106044530594
v 0.1290836300000000 -0.0535890100000000 -0.0351142300000000
vn 1.2202325050293561 -1.1424272749654087 -5.9986128667213769
v 0.1162994800000000 -0.1040091000000000 -0.0281123200000000
vn 1.9736745358871124 -1.2938896416947352 -5.8229047645607581
v 0.1196711400000000 -0.1050140200000000 -0.0267133500000000
vn -0.7574050981879699 1.4095297997672540 6.0505947319499320
v 0.1106638100000000 -0.0507534200000000 -0.0231953100000000
vn -0.6329084749897844 1.5332817079916063 6.0437246380535505
v 0.1350911000000000 -0.0286779700000000 -0.0274953800000000
vn -0.6329071359812857 1.5332811608400179 6.0437247718935847
v 0.1279515200000000 -0.0521515200000000 -0.0222878500000000
vn -0.6329074157318797 1.5332819107995386 6.0437249145085019
v 0.1208119300000000 -0.0756250700000000 -0.0170803200000000
vn -0.6329058247059673 1.5332820831442762 6.0437247958326639
v 0.1136723500000000 -0.0990986200000000 -0.0118727900000000
vn -0.7574048123730182 1.4095303975669171 6.0505942971045545
v 0.1102148100000000 -0.0988190000000000 -0.0120542800000000
vn 0.2331741533988008 -0.8881809103167058 -6.2122222653654964
v 0.1217043900000000 -0.0554356000000000 -0.0353319700000000
vn 0.6970200160012276 -0.9039765847634920 -6.1423626957039179
v 0.1044160300000000 -0.0541080300000000 -0.0356190800000000
vn 0.8251516333994503 -2.0185027661497839 -5.8341121694718963
v 0.0934254800000000 -0.1215383800000000 -0.0269424900000000
vn -0.6098182238742071 1.6083734468081625 5.9033152925829153
v 0.0852433600000000 -0.0376742000000000 -0.0341063000000000
vn -0.6098118954086227 1.6083731162099006 5.9033140707537424
v 0.0889661600000000 -0.0827348200000000 -0.0214448600000000
vn -1.6001955751853989 1.4373319936782545 5.8955512492031996
v 0.0941635400000000 -0.1038020300000000 -0.0143990600000000
vn -0.6098136669511277 1.6083727168984487 5.9033132793940002
v 0.0903622100000000 -0.0996325500000000 -0.0166968200000000
vn 1.4831712230732650 -1.0453687378347785 -6.0137404658667029
v 0.0966731600000000 -0.0517112500000000 -0.0377448000000000
vn 3.0430254458404624 -1.1474095108891631 -5.1097444119289905
v 0.0799927800000000 -0.0590738800000000 -0.0409057300000000
vn 3.0430261172342523 -1.1474120080197616 -5.1097436724765801
v 0.0742208100000000 -0.1039323600000000 -0.0342700100000000
vn 1.4831685830956671 -1.0453679950887305 -6.0137409674207669
v 0.0775568900000000 -0.1024598400000000 -0.0336378200000000
vn 0.8556846844660742 2.4199879152760246 4.2851434155501904
v 0.0596658200000000 -0.0553932400000000 -0.0391461800000000
vn 0.8556848424353848 2.4199899320813718 4.2851448646852708
v 0.0632907400000000 -0.0711772700000000 -0.0309561600000000
vn -1.0746321039028455 1.9014322034212106 5.6106910896867461
v 0.0827044300000000 -0.0364443300000000 -0.0341787900000000
vn -1.0746272428506443 1.9014346127337904 5.6106896974344682
v 0.0794879700000000 -0.0565149000000000 -0.0279930300000000
vn 0.8556823228047694 2.4199885598433291 4.2851430627392872
v 0.0669156600000000 -0.0869613000000000 -0.0227661500000000
vn -1.0746224000662679 1.9014329960081842 5.6106878944080965
v 0.0762715000000000 -0.0765854700000000 -0.0218072700000000
vn -2.2808898306994090 -0.3138035967899928 -3.3776802224305702
v 0.0573114700000000 -0.0507952100000000 -0.0520656500000000
vn -2.2808898157376785 -0.3138041492658276 -3.3776838288005084
v 0.0589164000000000 -0.0871027400000000 -0.0497762800000000
vn 3.0728363301252104 -0.7554865048340101 -5.1471878507488826
v 0.0628722400000000 -0.0970431500000000 -0.0481766700000000
vn -6.2636388143313280 0.4927520819690613 0.0494145070288761
v 0.0563621400000000 -0.0515728100000000 -0.0394909900000000
vn -6.2493589552371063 0.0862779784120116 -0.3287444986433527
v 0.0563664700000000 -0.0511068600000000 -0.0435892000000000
vn -6.2636395618630125 0.4927438161977334 0.0494021697491809
v 0.0557752300000000 -0.0597974900000000 -0.0318718700000000
vn -0.8653999671949080 1.6355890053450637 1.6989135051978064
v 0.0557733000000000 -0.0600045800000000 -0.0300504400000000
vn -4.5350025623037196 2.6399032931322934 3.4558761504167017
v 0.2819135400000000 -0.0657943500000000 0.0402331800000000
vn -4.5350046416716383 2.6399045518949396 3.4558724601809403
v 0.2981193600000000 -0.0459774700000000 0.0463615300000000
vn -1.4423977404102455 0.1686823391963461 6.1130559159225371
v 0.2202872800000000 -0.1086486800000000 0.0262376000000000
vn -1.4124030093076558 0.1071006279665965 6.1210544202470825
v 0.2193754600000000 -0.1066029600000000 0.0259660000000000
vn 1.4085502366603462 -5.4007257611202153 2.8855788133921498
v 0.2240709100000000 -0.1142799000000000 0.0207367700000000
vn 1.3988660857306785 -5.3943044410395364 2.9021820348664380
v 0.2231541700000000 -0.1136286200000000 0.0224032100000000
vn 1.4085530609602921 -5.4007262149453910 2.8855765853242947
v 0.2420422300000000 -0.1062969900000000 0.0269053600000000
vn 2.1175775181607199 -3.8117707103362872 -1.0445190369082571
v 0.2530905500000000 -0.1037709200000000 0.0262401700000000
vn 2.5772247742664782 -2.5224022884755612 -5.1452713011335867
v 0.2052775900000000 -0.1029994300000000 0.0019127900000000
vn 2.5707440481252135 -2.5682695961530406 -5.1255389380957563
v 0.2064344800000000 -0.1066247700000000 0.0042695500000000
vn -2.1819085193902215 4.2709368837507027 4.0591613607225536
v 0.2180201600000000 -0.0988490000000000 0.0230719900000000
vn -2.1789255558107548 4.2583622091101345 4.0739008277756987
v 0.2177749900000000 -0.0973073100000000 0.0213180800000000
vn -2.1819075819785376 4.2709327898639913 4.0591661720741428
v 0.2361565300000000 -0.0926257400000000 0.0262728400000000
vn -0.4628509442504093 0.0063467242217686 6.2661109411540128
v 0.1394371700000000 -0.1325145400000000 0.0065811300000000
vn 0.3396043438687241 -2.7908602211831361 4.4509770171234582
v 0.1397419500000000 -0.1359778100000000 0.0066071500000000
vn 1.0125547467618585 -5.5051441509414918 2.8542141416640883
v 0.1423651700000000 -0.1403846400000000 -0.0033686600000000
vn 1.4464139984463813 -4.0439773643952641 -1.2780849406856860
v 0.1427399400000000 -0.1408887900000000 -0.0044740100000000
vn 1.8424285595688039 -2.6480300725402226 -5.3912670338116886
v 0.1347922000000000 -0.1257172600000000 -0.0144786800000000
vn -0.6536692040881096 4.3897716087700989 4.4475880428392092
v 0.1498603100000000 -0.1202811800000000 0.0063053700000000
vn -0.6536726823724877 4.3897696486472837 4.4475894662716735
v 0.1271911600000000 -0.1220673600000000 0.0047366000000000
vn 3.6110373050206004 -1.7393638873381032 -4.0025689269085616
v 0.0713887200000000 -0.1494585300000000 -0.0189537900000000
vn 3.6110450124921227 -1.7393630892296716 -4.0025670908646127
v 0.0721110500000000 -0.1316165300000000 -0.0260555800000000
vn 1.3329256717776934 -5.0124616937250499 -2.4883133908305348
v 0.0266391500000000 -0.1753907200000000 -0.0270971400000000
vn -0.0038461336914445 -3.5388104784262113 -5.0102728902353428
v -0.0158850100000000 -0.1496042700000000 -0.0554100500000000
vn -0.0069494535593073 -4.6504962941312309 -4.2250743813243776
v -0.0195175800000000 -0.1720765800000000 -0.0306690500000000
vn -0.0007443887447596 -2.4271253286291774 -5.7954706184545053
v 0.0225067800000000 -0.1241600500000000 -0.0660709400000000
vn 0.0054667223020110 0.1888967543859096 -6.2803428039785629
v -0.0174465200000000 -0.0594315000000000 -0.0665464000000000
vn 5.5232960336348880 2.9910707396947132 -0.1584253074218813
v 0.0391109900000000 -0.0538178100000000 -0.0185032200000000
vn 5.5232974157339525 2.9910681595692679 -0.1584255673650313
v 0.0435164300000000 -0.0624890800000000 -0.0286264300000000
vn 5.5232951516483126 2.9910723208461172 -0.1584260411410920
v 0.0479218800000000 -0.0711603500000000 -0.0387496400000000
vn 5.5232960240011240 2.9910707631578091 -0.1584250017488603
v 0.0523273300000000 -0.0798316200000000 -0.0488728400000000
vn 0.0067434227559602 0.7918870657485648 -6.2033671298162769
v 0.0085468600000000 -0.0624983600000000 -0.0666160300000000
vn 0.0067410286738225 0.7918899590323871 -6.2033673831933989
v -0.0029531400000000 -0.0624727800000000 -0.0666252700000000
vn 0.0067450673251678 0.7918862764990576 -6.2033673713346547
v -0.0173281400000000 -0.0624408100000000 -0.0666368100000000
vn 6.0635439361530450 1.6243782046147135 0.1601370304009534
v 0.0505145800000000 -0.0762001900000000 -0.0118099000000000
vn 6.0635433510894066 1.6243786653888856 0.1601399548161477
v 0.0548293900000000 -0.0906271300000000 -0.0288466300000000
vn 6.0247812201131534 1.7833062181614161 0.0157412290664380
v 0.0569826100000000 -0.0978711800000000 -0.0322995700000000
vn -0.1051485277800965 0.7315613657820678 -0.3455784138446295
v 0.0573741400000000 -0.0992081400000000 -0.0306899200000000
vn 6.0247808678630150 1.7833073713872385 0.0157454012007271
v 0.0539870600000000 -0.0879444800000000 -0.0103740500000000
vn 0.0056349426346065 0.3025097731352248 -6.1798662363166166
v -0.0058821400000000 -0.0889546600000000 -0.0726585800000000
vn -1.7787399574609393 0.5472973706443101 -5.3139667345202621
v -0.0307985200000000 -0.0888992400000000 -0.0726785900000000
vn 5.8120862824602089 2.2295122090811068 0.0716716788403854
v 0.0498548300000000 -0.0733119000000000 -0.0124886500000000
vn 5.8120867035130299 2.2295076283892463 0.0716777402463928
v 0.0515245600000000 -0.0771888200000000 -0.0272907200000000
vn 5.8120858982250896 2.2295100380206674 0.0716766984239533
v 0.0530273100000000 -0.0806780400000000 -0.0406125900000000
vn 3.6057934724431866 -0.7046194859058830 -5.0970758694093128
v 0.0272709600000000 -0.0308477700000000 -0.0631863200000000
vn 3.6057942832341983 -0.7046207148615231 -5.0970751259461746
v 0.0241999300000000 -0.0129088600000000 -0.0678387100000000
vn 1.5186888178113342 -2.3077172047330317 -5.6432652943117354
v 0.0771989800000000 -0.1293282000000000 -0.0256221100000000
vn -1.0686962135394082 2.1138229307773053 5.1036714510161243
v 0.1100610400000000 -0.1244908100000000 0.0046108900000000
vn -0.8689146744523261 3.0502691066729697 5.1749979497583549
v 0.1202356700000000 -0.1111444000000000 -0.0073854800000000
vn -0.6782884331207339 4.4538001037686357 4.3797268227050949
v 0.1390491400000000 -0.1134251800000000 -0.0021524800000000
vn 1.1420526328144109 -5.5880686008853999 2.6358343460863041
v 0.1253969800000000 -0.1415404500000000 0.0010295400000000
vn 1.1420557991559048 -5.5880656712545944 2.6358391850907976
v 0.1401166600000000 -0.1367745500000000 0.0047556800000000
vn -0.4289072826444548 -0.0618501000215037 6.2682238881816534
v 0.1386424500000000 -0.1245224700000000 0.0065662700000000
vn -2.2194728321011863 3.0669411133555466 4.8527028009631836
v 0.1737736000000000 -0.1038336900000000 0.0046780700000000
vn -2.1759453587575908 4.2457834287781555 4.0886431093892881
v 0.2180332600000000 -0.0945675900000000 0.0186105100000000
vn -2.1711398402014472 3.6863532069370191 4.5447099065937211
v 0.2181624000000000 -0.0931977300000000 0.0172567300000000
vn 1.3891851082143907 -5.3878814772603887 2.9187866531188371
v 0.1851299400000000 -0.1264229900000000 0.0168831400000000
vn 1.3891863583380786 -5.3878874906892218 2.9187749577204745
v 0.2221547300000000 -0.1123543800000000 0.0252310600000000
vn -1.3824025641868958 0.0455114278797700 6.1290545326972232
v 0.1826518200000000 -0.1163741600000000 0.0177555800000000
vn -1.3824047463950562 0.0455147159686138 6.1290540160852922
v 0.2187170900000000 -0.1029753500000000 0.0257905700000000
vn 4.9044746237410903 -3.9152412773374743 -0.3089207174131572
v 0.2836172400000000 -0.0677056200000000 0.0411500600000000
vn 4.9044747412502705 -3.9152412279601512 -0.3089194775894677
v 0.2996967900000000 -0.0481209200000000 0.0482163400000000
vn 4.4723747178914888 -1.2035476787546648 -4.2459103820007895
v 0.0644934600000000 -0.0980273200000000 -0.0461900000000000
vn 4.4723714004843593 -1.2035418689516901 -4.2459155232014805
v 0.0767503300000000 -0.0571055300000000 -0.0448790600000000
vn 1.3526545493133120 -0.9994570990911227 -6.0539102059456669
v 0.0869128600000000 -0.1053559400000000 -0.0310692400000000
vn 1.3526587108491577 -0.9994587804082273 -6.0539089985270964
v 0.0992541100000000 -0.0525101800000000 -0.0370362200000000
vn 0.4249559579848287 -0.9678660918422732 -6.1936310243981145
v 0.1266238800000000 -0.0542045400000000 -0.0351868100000000
vn -1.3085360755617352 1.3992428943515918 5.9840011920046949
v 0.1033356900000000 -0.1009545800000000 -0.0130591900000000
vn -1.3085330495341712 1.3992439467599813 5.9840016076223854
v 0.0987496200000000 -0.1023783000000000 -0.0137291300000000
vn -1.3085336139918369 1.3992432832027712 5.9840016393547399
v 0.1083707700000000 -0.0514652800000000 -0.0235302800000000
vn 1.5694065245157887 -2.2710759927424697 -5.6442532367311493
v 0.1734592000000000 -0.1016656600000000 -0.0129823500000000
vn 1.5694041889698398 -2.2710747243748828 -5.6442543964908509
v 0.1941252700000000 -0.0674953700000000 -0.0209851500000000
vn -2.4233254919493170 1.4338733813974407 5.6169313945016750
v 0.1660863100000000 -0.0919375100000000 -0.0016753000000000
vn -2.4233239338614756 1.4338756400976398 5.6169314901166860
v 0.1663107000000000 -0.0553710700000000 -0.0109130600000000
vn 3.4680630633404701 -1.4809424871719801 -4.8779543523193691
v 0.2829900600000000 -0.0390738100000000 0.0191173700000000
vn 3.4680627285843166 -1.4809422840897568 -4.8779548720307728
v 0.2868800000000000 -0.0151715600000000 0.0146262900000000
vn 3.4680685320562223 -1.4809432122397261 -4.8779505552329709
v 0.2907699500000000 0.0087306900000000 0.0101352100000000
vn -3.4034404218546426 5.2154920176631165 0.8328588792866449
v 0.2833473600000000 -0.0733998400000000 0.0437050300000000
vn 3.5632808437060768 1.8584924242859238 -4.8298502194253192
v 0.3043889000000000 -0.0710667200000000 0.0563056800000000
vn 0.7966702702798114 -5.7462100918853460 2.4134630025196757
v 0.2866636400000000 -0.0828152000000000 0.0452639000000000
vn 0.7966716275537533 -5.7462104934021916 2.4134615985410548
v 0.2933748200000000 -0.0794766300000000 0.0509973800000000
vn -3.4983854062480861 -1.7923303645717925 4.9017618279487891
v 0.2905103800000000 -0.0738631500000000 0.0534989400000000
vn 4.8060280719280692 -0.1748041339761118 -4.0435077953355858
v 0.2873364100000000 -0.0779168200000000 0.0380844800000000
vn 4.8060311098141479 -0.1748085661370376 -4.0435039929461203
v 0.3066167700000000 -0.0609538100000000 0.0602674000000000
vn -3.4871655212375603 -1.7563764794674164 4.9227264695292074
v 0.2882568100000000 -0.0799541000000000 0.0407264300000000
vn -3.4871687838859589 -1.7563680154013075 4.9227271782459354
v 0.2834361700000000 -0.0748964000000000 0.0391161000000000
vn -3.4871705991191795 -1.7563683691053740 4.9227257661787016
v 0.3029568400000000 -0.0585539200000000 0.0587749800000000
vn -4.2400258936498059 4.6222701567838147 0.3677181298804629
v 0.2887877400000000 -0.0655715400000000 0.0423836200000000
vn -4.2400242229148670 4.6222721330578036 0.3677125520723382
v 0.2814044000000000 -0.0717953200000000 0.0354827300000000
vn -4.4409320921296604 1.3996685932774813 -2.3788825255711297
v -0.0548025800000000 -0.0839241000000000 -0.0540222600000000
vn -5.8022204335455134 2.2553388385016429 0.0623490885550132
v -0.0526404500000000 -0.0788937500000000 -0.0347760900000000
vn -5.8022213749791707 2.2553378785125351 0.0623493291750229
v -0.0506446400000000 -0.0742503500000000 -0.0170103900000000
vn -1.8006143131631105 -0.2429607002500083 -5.7994720945767844
v -0.0220251800000000 -0.0383579400000000 -0.0659165400000000
vn -3.4377229727513683 -0.8457763663324178 5.1908709004315519
v -0.0505237300000000 -0.1399255200000000 0.0135471900000000
vn -1.5198748427202986 -2.3009571876042214 -5.6457058095186037
v -0.0777176000000000 -0.1289836600000000 -0.0257465300000000
vn 1.2230782198765562 2.8260672857002880 5.2740379997213402
v -0.1105648100000000 -0.1103446300000000 -0.0094462500000000
vn 0.6910589221201797 4.4507503610069881 4.3808305598937389
v -0.1395340200000000 -0.1128056100000000 -0.0023762200000000
vn 0.8741605292475121 3.0463918860675729 5.1763977890457440
v -0.1395288300000000 -0.1110986800000000 -0.0041112100000000
vn -1.1711309925360056 -5.5829241069925297 2.6339757436689242
v -0.1407164900000000 -0.1361499800000000 0.0045301400000000
vn 0.4185601173178052 -0.0637396183244812 6.2689043934005886
v -0.1391907100000000 -0.1239045700000000 0.0063431400000000
vn 2.1882396510651692 4.2360762791595938 4.0921488964848836
v -0.1829777800000000 -0.1022634900000000 0.0082540500000000
vn 2.1802123428283187 3.6766761514618040 4.5482050603534745
v -0.1830986400000000 -0.1008930700000000 0.0069000600000000
vn 2.1882388347212522 4.2360703524632104 4.0921554681339334
v -0.2184667400000000 -0.0935968100000000 0.0182599500000000
vn 2.1802127574377845 3.6766691746745437 4.5482122658473498
v -0.2185876000000000 -0.0922263900000000 0.0169059700000000
vn -1.4178264587679528 -5.3816447904757894 2.9165193443806072
v -0.2226779100000000 -0.1113650700000000 0.0248738100000000
vn 1.3727447486903122 0.0393789819946879 6.1312673041607386
v -0.1831813100000000 -0.1155605500000000 0.0174617700000000
vn 1.3727414364409505 0.0393830086713941 6.1312680198848755
v -0.2191994900000000 -0.1020014200000000 0.0254388700000000
vn -4.9213397860957668 -3.8933864456673879 -0.3168190315552123
v -0.2998465800000000 -0.0470199900000000 0.0486728700000000
vn -4.9213393197043294 -3.8933875186664566 -0.3168130902848538
v -0.2839667100000000 -0.0664433100000000 0.0406942200000000
vn -4.4708551544352391 -1.1836536267395350 -4.2530972107759348
v -0.0699000900000000 -0.0992679100000000 -0.0405493600000000
vn -4.4708524702875687 -1.1836504811611102 -4.2531009077497846
v -0.0769167800000000 -0.0567637800000000 -0.0450024800000000
vn -1.3473606253655994 -0.9934506748927456 -6.0560789877704364
v -0.0908712200000000 -0.1060511700000000 -0.0302405900000000
vn -1.3473556457286155 -0.9934501949019470 -6.0560801743803783
v -0.0805287300000000 -0.1029014400000000 -0.0330582800000000
vn -1.3473589505221943 -0.9934510278229929 -6.0560793024928907
v -0.0994124700000000 -0.0520683400000000 -0.0371957800000000
vn -0.4193114414717393 -0.9659891099532758 -6.1943087232374268
v -0.1142439500000000 -0.1041173700000000 -0.0283680800000000
vn -0.4193128864734300 -0.9659900567834800 -6.1943084777706057
v -0.1056441100000000 -0.1063100100000000 -0.0286083000000000
vn -0.4193105122742152 -0.9659903263889577 -6.1943085964408695
v -0.1267924300000000 -0.0536409400000000 -0.0353903300000000
vn 1.3051316926894645 1.3934302832879093 5.9861006435497934
v -0.1042046000000000 -0.0943502600000000 -0.0145560800000000
vn 1.3051311366043741 1.3934292579558103 5.9861010034607114
v -0.1085460700000000 -0.0509828500000000 -0.0237044900000000
vn -1.5704234789391029 -2.2640908767288375 -5.6467760893312633
v -0.1749104500000000 -0.0987420400000000 -0.0138355600000000
vn -1.5704212965741868 -2.2640935016763173 -5.6467756437887440
v -0.1943749900000000 -0.0666313500000000 -0.0212971600000000
vn 2.4206476439269817 1.4231030668995845 5.6208238051995085
v -0.1709538000000000 -0.0942231000000000 0.0007519200000000
vn 2.4206533296895940 1.4231016274643251 5.6208217210344387
v -0.1665229900000000 -0.0546308500000000 -0.0111803700000000
vn -3.4667772801969163 -1.4655185890050262 -4.8835230173727053
v -0.2803445100000000 -0.0557541200000000 0.0220355900000000
vn -3.4667790530334783 -1.4655197357414622 -4.8835230060596793
v -0.2831767800000000 -0.0378146500000000 0.0186626700000000
vn -3.4667741451942580 -1.4655181423110994 -4.8835247602181289
v -0.2869531600000000 -0.0138953500000000 0.0141654300000000
vn -3.4667828310854811 -1.4655211436664743 -4.8835211069171542
v -0.2897854300000000 0.0040441200000000 0.0107925100000000
vn 3.4252635227951331 5.2003036207469142 0.8383493637279250
v -0.2893319500000000 -0.0690703800000000 0.0471202800000000
vn -3.5472176487983145 1.8743092136210109 -4.8355588640966403
v -0.3047774200000000 -0.0697119300000000 0.0558164400000000
vn -0.8260954708978115 -5.7426014679552653 2.4121592518866888
v -0.2958331000000000 -0.0769662500000000 0.0526944800000000
vn -0.8261066431736787 -5.7426029632679754 2.4121518660056260
v -0.2870868900000000 -0.0815391700000000 0.0448031100000000
vn -4.8002574778546521 -0.1534402624347571 -4.0512222645157880
v -0.2894936700000000 -0.0789947000000000 0.0398060200000000
vn -4.8002582491664612 -0.1534495270317930 -4.0512209996817763
v -0.2856870700000000 -0.0739184600000000 0.0351033400000000
vn -4.8002588419438217 -0.1534424882465462 -4.0512205639029109
v -0.3069666500000000 -0.0595892000000000 0.0597746200000000
vn 3.4714136301807503 -1.7718424297888018 4.9283140541648658
v -0.2844200600000000 -0.0742643600000000 0.0388608500000000
vn 3.4714098959662469 -1.7718447277510587 4.9283158583043427
v -0.3032936900000000 -0.0572056200000000 0.0582880900000000
vn 4.2599500487551927 4.6033639975318854 0.3745438458479295
v -0.2829959100000000 -0.0694921000000000 0.0361393200000000
vn 4.2599575174373605 4.6033553737341428 0.3745648886688072
v -0.2917502800000000 -0.0619456500000000 0.0429585200000000
# 5000 vertices, 0 vertices normals

f 1706//1706 1//1 967//967
f 305//305 2//2 1//1
f 1062//1062 5//5 4//4
f 365//365 183//183 1526//1526
f 181//181 184//184 187//187
f 4//4 5//5 361//361
f 844//844 312//312 190//190
f 180//180 178//178 307//307
f 1//1 2//2 967//967
f 10//10 9//9 8//8
f 10//10 1828//1828 11//11
f 191//191 845//845 13//13
f 193//193 194//194 15//15
f 846//846 1528//1528 9//9
f 8//8 1828//1828 10//10
f 847//847 199//199 13//13
f 200//200 203//203 198//198
f 17//17 201//201 196//196
f 19//19 16//16 568//568
f 197//197 848//848 196//196
f 203//203 201//201 198//198
f 200//200 204//204 203//203
f 199//199 18//18 13//13
f 16//16 1161//1161 568//568
f 16//16 19//19 848//848
f 206//206 15//15 205//205
f 849//849 195//195 205//205
f 193//193 204//204 200//200
f 1528//1528 191//191 13//13
f 206//206 207//207 15//15
f 2358//2358 2357//2357 3656//3656
f 2360//2360 2359//2359 20//20
f 2363//2363 2362//2362 2361//2361
f 2367//2367 2366//2366 2365//2365
f 2370//2370 868//868 3685//3685
f 2373//2373 2372//2372 2371//2371
f 2376//2376 2375//2375 2374//2374
f 2378//2378 2377//2377 38//38
f 2381//2381 2380//2380 2379//2379
f 2384//2384 2383//2383 2382//2382
f 2385//2385 883//883 3714//3714
f 2391//2391 2390//2390 2389//2389
f 2394//2394 3740//3740 2393//2393
f 2396//2396 2777//2777 2395//2395
f 2399//2399 898//898 2398//2398
f 2401//2401 2400//2400 53//53
f 2405//2405 2404//2404 58//58
f 2408//2408 2407//2407 2406//2406
f 2411//2411 2410//2410 2409//2409
f 2414//2414 919//919 2413//2413
f 2418//2418 2417//2417 2416//2416
f 2421//2421 2420//2420 2419//2419
f 2424//2424 2423//2423 2422//2422
f 2426//2426 2425//2425 43//43
f 934//934 2427//2427 3808//3808
f 2431//2431 2430//2430 35//35
f 2433//2433 945//945 2432//2432
f 3829//3829 950//950 2434//2434
f 2439//2439 2438//2438 2437//2437
f 2443//2443 3852//3852 2442//2442
f 2446//2446 2445//2445 2444//2444
f 2449//2449 2448//2448 2447//2447
f 2452//2452 2451//2451 2450//2450
f 179//179 309//309 308//308
f 4480//4480 1707//1707 310//310
f 315//315 314//314 313//313
f 316//316 189//189 306//306
f 971//971 324//324 970//970
f 973//973 974//974 328//328
f 975//975 976//976 328//328
f 978//978 977//977 331//331
f 979//979 334//334 333//333
f 982//982 981//981 69//69
f 2456//2456 2455//2455 70//70
f 2458//2458 2457//2457 71//71
f 989//989 988//988 968//968
f 2460//2460 2459//2459 74//74
f 993//993 992//992 76//76
f 2463//2463 2462//2462 77//77
f 360//360 331//331 66//66
f 361//361 364//364 373//373
f 1062//1062 372//372 362//362
f 1747//1747 996//996 366//366
f 368//368 369//369 7//7
f 1748//1748 371//371 364//364
f 1002//1002 380//380 1001//1001
f 1005//1005 1004//1004 384//384
f 1053//1053 1006//1006 385//385
f 2465//2465 2464//2464 86//86
f 2467//2467 2466//2466 87//87
f 3005//3005 1016//1016 1759//1759
f 1018//1018 1017//1017 997//997
f 2468//2468 1019//1019 91//91
f 1022//1022 2470//2470 4663//4663
f 1024//1024 1023//1023 4661//4661
f 1027//1027 1055//1055 384//384
f 1030//1030 1029//1029 1028//1028
f 1032//1032 1031//1031 410//410
f 1034//1034 2473//2473 90//90
f 2474//2474 1035//1035 87//87
f 2476//2476 2475//2475 89//89
f 2478//2478 2477//2477 86//86
f 1044//1044 1043//1043 1759//1759
f 2481//2481 1049//1049 85//85
f 2483//2483 2482//2482 84//84
f 1052//1052 1051//1051 1007//1007
f 1054//1054 1053//1053 385//385
f 386//386 412//412 1055//1055
f 1057//1057 413//413 1056//1056
f 1059//1059 413//413 1058//1058
f 380//380 371//371 370//370
f 373//373 365//365 1526//1526
f 1747//1747 1061//1061 6//6
f 367//367 365//365 79//79
f 362//362 363//363 187//187
f 186//186 363//363 370//370
f 372//372 1062//1062 188//188
f 1063//1063 66//66 333//333
f 1065//1065 1064//1064 358//358
f 2486//2486 2485//2485 73//73
f 1071//1071 1070//1070 358//358
f 1073//1073 1072//1072 63//63
f 2488//2488 2487//2487 67//67
f 2490//2490 2489//2489 69//69
f 2493//2493 2492//2492 1722//1722
f 1081//1081 67//67 1080//1080
f 1083//1083 1082//1082 68//68
f 1084//1084 417//417 66//66
f 417//417 335//335 66//66
f 1085//1085 1086//1086 420//420
f 1087//1087 1088//1088 420//420
f 1090//1090 63//63 1089//1089
f 64//64 324//324 313//313
f 1093//1093 420//420 419//419
f 316//316 314//314 189//189
f 312//312 1707//1707 190//190
f 309//309 311//311 4480//4480
f 2//2 305//305 966//966
f 2//2 972//972 967//967
f 1096//1096 2494//2494 424//424
f 8//8 1122//1122 1828//1828
f 1845//1845 454//454 4562//4562
f 2498//2498 2497//2497 102//102
f 2500//2500 2499//2499 4584//4584
f 1115//1115 1114//1114 1113//1113
f 204//204 479//479 106//106
f 479//479 207//207 480//480
f 483//483 482//482 481//481
f 488//488 108//108 487//487
f 516//516 1131//1131 1122//1122
f 519//519 518//518 517//517
f 1132//1132 521//521 520//520
f 536//536 537//537 118//118
f 1138//1138 539//539 1137//1137
f 543//543 4623//4623 542//542
f 2503//2503 2502//2502 125//125
f 2505//2505 2504//2504 127//127
f 1151//1151 1150//1150 1149//1149
f 1156//1156 1155//1155 1154//1154
f 203//203 204//204 481//481
f 1188//1188 564//564 1160//1160
f 1163//1163 486//486 1162//1162
f 1165//1165 1164//1164 131//131
f 1970//1970 576//576 1971//1971
f 579//579 1966//1966 1971//1971
f 1094//1094 424//424 426//426
f 4646//4646 2509//2509 115//115
f 2510//2510 3163//3163 1173//1173
f 1180//1180 578//578 1179//1179
f 579//579 1181//1181 584//584
f 577//577 1969//1969 1974//1974
f 1184//1184 1183//1183 1182//1182
f 516//516 612//612 19//19
f 612//612 202//202 19//19
f 1946//1946 1192//1192 1191//1191
f 1200//1200 1201//1201 543//543
f 542//542 541//541 120//120
f 545//545 1907//1907 518//518
f 1203//1203 536//536 1202//1202
f 1204//1204 1923//1923 1914//1914
f 535//535 1205//1205 534//534
f 1212//1212 1211//1211 117//117
f 533//533 1216//1216 1132//1132
f 1217//1217 520//520 519//519
f 2516//2516 2515//2515 3203//3203
f 611//611 500//500 610//610
f 1222//1222 1223//1223 502//502
f 500//500 494//494 499//499
f 1226//1226 484//484 483//483
f 564//564 482//482 1881//1881
f 202//202 612//612 8//8
f 1228//1228 2517//2517 3216//3216
f 1232//1232 1231//1231 1946//1946
f 3983//3983 1247//1247 2519//2519
f 1846//1846 450//450 443//443
f 1250//1250 2520//2520 98//98
f 2522//2522 2521//2521 1846//1846
f 1254//1254 1253//1253 97//97
f 1257//1257 1256//1256 416//416
f 449//449 1842//1842 1829//1829
f 2525//2525 2526//2526 3246//3246
f 4999//4999 2527//2527 136//136
f 2529//2529 2528//2528 840//840
f 4675//4675 2530//2530 618//618
f 2533//2533 2532//2532 840//840
f 2535//2535 2534//2534 136//136
f 2538//2538 2537//2537 39//39
f 4018//4018 1282//1282 2541//2541
f 2543//2543 1284//1284 2542//2542
f 2545//2545 3296//3296 2544//2544
f 2546//2546 1287//1287 4026//4026
f 4029//4029 1289//1289 2547//2547
f 2549//2549 2548//2548 114//114
f 2551//2551 2550//2550 39//39
f 1295//1295 1294//1294 145//145
f 1499//1499 1296//1296 147//147
f 2553//2553 2552//2552 148//148
f 2555//2555 2554//2554 149//149
f 2557//2557 2556//2556 150//150
f 1303//1303 2102//2102 150//150
f 1304//1304 667//667 666//666
f 1305//1305 1306//1306 671//671
f 1307//1307 673//673 672//672
f 1316//1316 687//687 686//686
f 1321//1321 1320//1320 4588//4588
f 140//140 139//139 141//141
f 1325//1325 1324//1324 704//704
f 2561//2561 2560//2560 834//834
f 2562//2562 3542//3542 158//158
f 2564//2564 2563//2563 834//834
f 2566//2566 2565//2565 2559//2559
f 2568//2568 57//57 2567//2567
f 2574//2574 1349//1349 2573//2573
f 4087//4087 3393//3393 2575//2575
f 2576//2576 1357//1357 4088//4088
f 2578//2578 2577//2577 134//134
f 2580//2580 2579//2579 57//57
f 1365//1365 1364//1364 165//165
f 1367//1367 1366//1366 4870//4870
f 1370//1370 1369//1369 166//166
f 2582//2582 2581//2581 1377//1377
f 2584//2584 2583//2583 1378//1378
f 2587//2587 2586//2586 1439//1439
f 1438//1438 1378//1378 1377//1377
f 2257//2257 1439//1439 4916//4916
f 1379//1379 2588//2588 169//169
f 784//784 1384//1384 782//782
f 787//787 1385//1385 785//785
f 2276//2276 1386//1386 788//788
f 1388//1388 791//791 1387//1387
f 794//794 1389//1389 793//793
f 1390//1390 1391//1391 797//797
f 2590//2590 1392//1392 3422//3422
f 159//159 160//160 3353//3353
f 2592//2592 1402//1402 1401//1401
f 1405//1405 1404//1404 1403//1403
f 1419//1419 1418//1418 2326//2326
f 3353//3353 157//157 159//159
f 1428//1428 789//789 1427//1427
f 2276//2276 1390//1390 797//797
f 784//784 1429//1429 793//793
f 2268//2268 1433//1433 785//785
f 2257//2257 1436//1436 774//774
f 766//766 1438//1438 1377//1377
f 1447//1447 1446//1446 158//158
f 2579//2579 2567//2567 57//57
f 2604//2604 2603//2603 2602//2602
f 2609//2609 2608//2608 160//160
f 2612//2612 2611//2611 834//834
f 2614//2614 2613//2613 153//153
f 139//139 140//140 138//138
f 1481//1481 1480//1480 610//610
f 2126//2126 687//687 693//693
f 1488//1488 1487//1487 1486//1486
f 1491//1491 1492//1492 668//668
f 1493//1493 2102//2102 148//148
f 2102//2102 3569//3569 150//150
f 1502//1502 1501//1501 3644//3644
f 2537//2537 2551//2551 39//39
f 2619//2619 2618//2618 691//691
f 2620//2620 4978//4978 683//683
f 3627//3627 1512//1512 2623//2623
f 4173//4173 1516//1516 2624//2624
f 618//618 137//137 135//135
f 2626//2626 2625//2625 141//141
f 2628//2628 2627//2627 138//138
f 3263//3263 1523//1523 139//139
f 2629//2629 4995//4995 655//655
f 4997//4997 1524//1524 840//840
f 2631//2631 2630//2630 618//618
f 3//3 179//179 844//844
f 842//842 180//180 189//189
f 4//4 361//361 188//188
f 1525//1525 186//186 181//181
f 182//182 365//365 6//6
f 1526//1526 1527//1527 7//7
f 185//185 1748//1748 184//184
f 1527//1527 6//6 7//7
f 182//182 183//183 365//365
f 1525//1525 187//187 363//363
f 4//4 188//188 1062//1062
f 842//842 189//189 177//177
f 844//844 190//190 3//3
f 841//841 178//178 180//180
f 1//1 1706//1706 305//305
f 192//192 12//12 200//200
f 12//12 192//192 191//191
f 202//202 1528//1528 14//14
f 194//194 193//193 12//12
f 200//200 12//12 193//193
f 8//8 9//9 202//202
f 16//16 197//197 1161//1161
f 196//196 1161//1161 197//197
f 845//845 847//847 13//13
f 199//199 198//198 17//17
f 202//202 14//14 18//18
f 201//201 17//17 198//198
f 848//848 18//18 17//17
f 202//202 848//848 19//19
f 848//848 197//197 16//16
f 201//201 203//203 196//196
f 17//17 18//18 199//199
f 13//13 18//18 14//14
f 10//10 206//206 9//9
f 205//205 9//9 206//206
f 849//849 205//205 15//15
f 846//846 9//9 205//205
f 15//15 204//204 193//193
f 191//191 1528//1528 12//12
f 13//13 14//14 1528//1528
f 206//206 11//11 207//207
f 11//11 206//206 10//10
f 2634//2634 2633//2633 2632//2632
f 2637//2637 2636//2636 2635//2635
f 2640//2640 4192//4192 22//22
f 2642//2642 2641//2641 211//211
f 2645//2645 2644//2644 2643//2643
f 2648//2648 2647//2647 2646//2646
f 2651//2651 2650//2650 2649//2649
f 2653//2653 2364//2364 2652//2652
f 3669//3669 2655//2655 2654//2654
f 2658//2658 2657//2657 2656//2656
f 2661//2661 2660//2660 2659//2659
f 2664//2664 2663//2663 2662//2662
f 2667//2667 2666//2666 2665//2665
f 2676//2676 2675//2675 1561//1561
f 2689//2689 2688//2688 1581//1581
f 3686//3686 2694//2694 1589//1589
f 2696//2696 2695//2695 3687//3687
f 2701//2701 2700//2700 2699//2699
f 2706//2706 2705//2705 2704//2704
f 2709//2709 2708//2708 2707//2707
f 2712//2712 2711//2711 2710//2710
f 4310//4310 2713//2713 240//240
f 4309//4309 2714//2714 22//22
f 2717//2717 2716//2716 2715//2715
f 2720//2720 2719//2719 2718//2718
f 2723//2723 2722//2722 2721//2721
f 2726//2726 2725//2725 2724//2724
f 2729//2729 2728//2728 2727//2727
f 2732//2732 2731//2731 2730//2730
f 2745//2745 2744//2744 2743//2743
f 2747//2747 2746//2746 3722//3722
f 2754//2754 2753//2753 2752//2752
f 2757//2757 2756//2756 2755//2755
f 2760//2760 2759//2759 2758//2758
f 2765//2765 2764//2764 2763//2763
f 2769//2769 2768//2768 2767//2767
f 2773//2773 2772//2772 2771//2771
f 2779//2779 2778//2778 1648//1648
f 2782//2782 2781//2781 1648//1648
f 2788//2788 2787//2787 271//271
f 2790//2790 2789//2789 898//898
f 4419//4419 2791//2791 276//276
f 4417//4417 2792//2792 55//55
f 2794//2794 2793//2793 3753//3753
f 2799//2799 2798//2798 3757//3757
f 2804//2804 2803//2803 2802//2802
f 2805//2805 4439//4439 40//40
f 2806//2806 4438//4438 283//283
f 2809//2809 2808//2808 2807//2807
f 2812//2812 2811//2811 2810//2810
f 2815//2815 2814//2814 2813//2813
f 2818//2818 2817//2817 2816//2816
f 2821//2821 2820//2820 2819//2819
f 2826//2826 2825//2825 910//910
f 2830//2830 2829//2829 1675//1675
f 3775//3775 2833//2833 1678//1678
f 2834//2834 2835//2835 288//288
f 2838//2838 2837//2837 917//917
f 2840//2840 2839//2839 1680//1680
f 2842//2842 2841//2841 1681//1681
f 2845//2845 2844//2844 921//921
f 2848//2848 2847//2847 2846//2846
f 2852//2852 2851//2851 2850//2850
f 2858//2858 2857//2857 2856//2856
f 2861//2861 2860//2860 2859//2859
f 2864//2864 2863//2863 2862//2862
f 2871//2871 2870//2870 2869//2869
f 2874//2874 2873//2873 2872//2872
f 2877//2877 2876//2876 2875//2875
f 2880//2880 2879//2879 2878//2878
f 4457//4457 2881//2881 295//295
f 4456//4456 2882//2882 40//40
f 2885//2885 2884//2884 2883//2883
f 2888//2888 2887//2887 2886//2886
f 2891//2891 2890//2890 2889//2889
f 2893//2893 937//937 2892//2892
f 2900//2900 2899//2899 2898//2898
f 3814//3814 2902//2902 2901//2901
f 2906//2906 2905//2905 36//36
f 2907//2907 4462//4462 233//233
f 2914//2914 2913//2913 946//946
f 32//32 2915//2915 4269//4269
f 4269//4269 2919//2919 2918//2918
f 3830//3830 2921//2921 2920//2920
f 2926//2926 2925//2925 2924//2924
f 3834//3834 3835//3835 4269//4269
f 2930//2930 2929//2929 2928//2928
f 2933//2933 2932//2932 2931//2931
f 2936//2936 2935//2935 2934//2934
f 2939//2939 2938//2938 2937//2937
f 2942//2942 2941//2941 2940//2940
f 2945//2945 2944//2944 2943//2943
f 3847//3847 957//957 2948//2948
f 2952//2952 2951//2951 3854//3854
f 2959//2959 2958//2958 2957//2957
f 2962//2962 2961//2961 2960//2960
f 2965//2965 2964//2964 2963//2963
f 2968//2968 2967//2967 2966//2966
f 2971//2971 2970//2970 2969//2969
f 2974//2974 2973//2973 2972//2972
f 1706//1706 61//61 306//306
f 967//967 972//972 61//61
f 2//2 966//966 972//972
f 315//315 966//966 307//307
f 180//180 966//966 306//306
f 179//179 308//308 61//61
f 309//309 4480//4480 308//308
f 314//314 316//316 313//313
f 317//317 61//61 972//972
f 969//969 318//318 1089//1089
f 2975//2975 1709//1709 321//321
f 2976//2976 2453//2453 320//320
f 1709//1709 62//62 972//972
f 1090//1090 323//323 63//63
f 970//970 1711//1711 323//323
f 315//315 971//971 1090//1090
f 1713//1713 420//420 1712//1712
f 316//316 326//326 64//64
f 1708//1708 319//319 972//972
f 974//974 323//323 1711//1711
f 1714//1714 63//63 323//323
f 1715//1715 327//327 973//973
f 976//976 329//329 1716//1716
f 1718//1718 1746//1746 1717//1717
f 1719//1719 330//330 975//975
f 1084//1084 977//977 332//332
f 1721//1721 1080//1080 67//67
f 979//979 333//333 66//66
f 1083//1083 68//68 333//333
f 1722//1722 334//334 335//335
f 980//980 336//336 968//968
f 1081//1081 337//337 980//980
f 1082//1082 1724//1724 68//68
f 1725//1725 1724//1724 982//982
f 2978//2978 2977//2977 338//338
f 2487//2487 1727//1727 67//67
f 2979//2979 4483//4483 340//340
f 2492//2492 4485//4485 1722//1722
f 2981//2981 2980//2980 341//341
f 986//986 1729//1729 344//344
f 2982//2982 985//985 343//343
f 1730//1730 1731//1731 72//72
f 987//987 1076//1076 347//347
f 1073//1073 987//987 346//346
f 1732//1732 2983//2983 73//73
f 989//989 1072//1072 349//349
f 1734//1734 988//988 348//348
f 1735//1735 1736//1736 358//358
f 2985//2985 2984//2984 350//350
f 2987//2987 1740//1740 71//71
f 2988//2988 4490//4490 353//353
f 1742//1742 1743//1743 356//356
f 1742//1742 1067//1067 70//70
f 2485//2485 1744//1744 73//73
f 2990//2990 2989//2989 3036//3036
f 4493//4493 1064//1064 359//359
f 2991//2991 4493//4493 3035//3035
f 2992//2992 1745//1745 78//78
f 360//360 978//978 331//331
f 1746//1746 995//995 1717//1717
f 995//995 1063//1063 1716//1716
f 360//360 1063//1063 995//995
f 363//363 362//362 370//370
f 365//365 373//373 79//79
f 1747//1747 366//366 80//80
f 996//996 79//79 366//366
f 372//372 369//369 368//368
f 186//186 370//370 371//371
f 1526//1526 372//372 373//373
f 997//997 1759//1759 374//374
f 998//998 4495//4495 377//377
f 1749//1749 2993//2993 376//376
f 1751//1751 80//80 1749//1749
f 1751//1751 378//378 372//372
f 999//999 1753//1753 1752//1752
f 1756//1756 1755//1755 2484//2484
f 1000//1000 1757//1757 379//379
f 362//362 372//372 378//378
f 1001//1001 1752//1752 1753//1753
f 1760//1760 1002//1002 381//381
f 1762//1762 1761//1761 82//82
f 1003//1003 1763//1763 382//382
f 1764//1764 1003//1003 383//383
f 1005//1005 1055//1055 1766//1766
f 1765//1765 1004//1004 1051//1051
f 1051//1051 1766//1766 1007//1007
f 1006//1006 1055//1055 385//385
f 84//84 386//386 1053//1053
f 1768//1768 1767//1767 82//82
f 1770//1770 1771//1771 1008//1008
f 1770//1770 1054//1054 385//385
f 2995//2995 2994//2994 389//389
f 2996//2996 2481//2481 85//85
f 4499//4499 2997//2997 391//391
f 3000//3000 2999//2999 392//392
f 3001//3001 2483//2483 84//84
f 1015//1015 3002//3002 394//394
f 1774//1774 3003//3003 393//393
f 1775//1775 3004//3004 88//88
f 3005//3005 1043//1043 396//396
f 3006//3006 1016//1016 395//395
f 3007//3007 1778//1778 89//89
f 1018//1018 1779//1779 398//398
f 1044//1044 1017//1017 397//397
f 1780//1780 1781//1781 90//90
f 3009//3009 3008//3008 400//400
f 4503//4503 2478//2478 86//86
f 2477//2477 3010//3010 86//86
f 3012//3012 3011//3011 403//403
f 4506//4506 1785//1785 4517//4517
f 1035//1035 1786//1786 87//87
f 1787//1787 1786//1786 404//404
f 3014//3014 3013//3013 3021//3021
f 4509//4509 2476//2476 89//89
f 1026//1026 3015//3015 409//409
f 1034//1034 3016//3016 408//408
f 1789//1789 3017//3017 92//92
f 1791//1791 1027//1027 83//83
f 384//384 83//83 1027//1027
f 1792//1792 1030//1030 1763//1763
f 1028//1028 1791//1791 1761//1761
f 1055//1055 1027//1027 1029//1029
f 385//385 1792//1792 81//81
f 1032//1032 3018//3018 409//409
f 1024//1024 3019//3019 404//404
f 1787//1787 3020//3020 88//88
f 1793//1793 1789//1789 92//92
f 1023//1023 1794//1794 4661//4661
f 3022//3022 1794//1794 401//401
f 1795//1795 3023//3023 403//403
f 1795//1795 2472//2472 2471//2471
f 3024//3024 1796//1796 399//399
f 3026//3026 3025//3025 400//400
f 3028//3028 3027//3027 402//402
f 1042//1042 1781//1781 398//398
f 1775//1775 1042//1042 393//393
f 1774//1774 1779//1779 997//997
f 1797//1797 1778//1778 396//396
f 1797//1797 1780//1780 90//90
f 3004//3004 1798//1798 88//88
f 3029//3029 4516//4516 390//390
f 4518//4518 3030//3030 392//392
f 3031//3031 3007//3007 89//89
f 2466//2466 4520//4520 87//87
f 3033//3033 3032//3032 389//389
f 1759//1759 2480//2480 381//381
f 1760//1760 1771//1771 81//81
f 1800//1800 83//83 1765//1765
f 1800//1800 1052//1052 1768//1768
f 2480//2480 84//84 1053//1053
f 1766//1766 85//85 1007//1007
f 85//85 1766//1766 412//412
f 84//84 412//412 386//386
f 1764//1764 1757//1757 380//380
f 1056//1056 1755//1755 379//379
f 1762//1762 1057//1057 383//383
f 1058//1058 1767//1767 1769//1769
f 1801//1801 1059//1059 414//414
f 1754//1754 370//370 1802//1802
f 362//362 374//374 1802//1802
f 1803//1803 1756//1756 2484//2484
f 3034//3034 1801//1801 414//414
f 4495//4495 1060//1060 377//377
f 2484//2484 79//79 373//373
f 373//373 1803//1803 2484//2484
f 371//371 1748//1748 186//186
f 369//369 1526//1526 7//7
f 1526//1526 369//369 372//372
f 1061//1061 7//7 6//6
f 6//6 365//365 367//367
f 362//362 187//187 184//184
f 5//5 1062//1062 362//362
f 373//373 188//188 361//361
f 364//364 361//361 5//5
f 333//333 68//68 1063//1063
f 4522//4522 992//992 356//356
f 2991//2991 1743//1743 72//72
f 1745//1745 1804//1804 78//78
f 1805//1805 3037//3037 2986//2986
f 1805//1805 993//993 76//76
f 2462//2462 1806//1806 77//77
f 3038//3038 1806//1806 353//353
f 1807//1807 3039//3039 351//351
f 3904//3904 3040//3040 354//354
f 3042//3042 3041//3041 350//350
f 3043//3043 2987//2987 71//71
f 1071//1071 1731//1731 344//344
f 1735//1735 1070//1070 348//348
f 1734//1734 1729//1729 968//968
f 1736//1736 1808//1808 358//358
f 1732//1732 1808//1808 346//346
f 4527//4527 3044//3044 3906//3906
f 4526//4526 1730//1730 72//72
f 2983//2983 3045//3045 73//73
f 3046//3046 4528//4528 341//341
f 4531//4531 3047//3047 339//339
f 4530//4530 2456//2456 70//70
f 2457//2457 3048//3048 71//71
f 3049//3049 4532//4532 338//338
f 69//69 1714//1714 327//327
f 1725//1725 1715//1715 65//65
f 1746//1746 337//337 978//978
f 1722//1722 69//69 334//334
f 417//417 332//332 2491//2491
f 1721//1721 2491//2491 332//332
f 2491//2491 1722//1722 417//417
f 1086//1086 325//325 1712//1712
f 1719//1719 64//64 325//325
f 1718//1718 330//330 1085//1085
f 1088//1088 336//336 1723//1723
f 1809//1809 418//418 1087//1087
f 315//315 318//318 966//966
f 316//316 306//306 326//326
f 64//64 313//313 316//316
f 324//324 315//315 313//313
f 3050//3050 418//418 1809//1809
f 2976//2976 320//320 1091//1091
f 420//420 308//308 4480//4480
f 420//420 61//61 308//308
f 61//61 1093//1093 306//306
f 61//61 317//317 179//179
f 312//312 317//317 972//972
f 1707//1707 3//3 190//190
f 62//62 1707//1707 312//312
f 311//311 309//309 3//3
f 179//179 3//3 309//309
f 315//315 307//307 314//314
f 1810//1810 1811//1811 4537//4537
f 1096//1096 3051//3051 4534//4534
f 1813//1813 3052//3052 425//425
f 1817//1817 3054//3054 3912//3912
f 3056//3056 1097//1097 3055//3055
f 436//436 1827//1827 500//500
f 1829//1829 1842//1842 437//437
f 1253//1253 1099//1099 438//438
f 1099//1099 1830//1830 1833//1833
f 1832//1832 1831//1831 1098//1098
f 3915//3915 1255//1255 1833//1833
f 3985//3985 3916//3916 440//440
f 3236//3236 3063//3063 1100//1100
f 3067//3067 1838//1838 445//445
f 3069//3069 3068//3068 78//78
f 3071//3071 3070//3070 1102//1102
f 1842//1842 449//449 448//448
f 453//453 437//437 450//450
f 1844//1844 1843//1843 2524//2524
f 451//451 454//454 1845//1845
f 1846//1846 452//452 453//453
f 454//454 1848//1848 4562//4562
f 4568//4568 99//99 437//437
f 455//455 1845//1845 4575//4575
f 100//100 455//455 4575//4575
f 3073//3073 3072//3072 457//457
f 3074//3074 3917//3917 456//456
f 3077//3077 1106//1106 458//458
f 1852//1852 1853//1853 3227//3227
f 3079//3079 3078//3078 460//460
f 1855//1855 3079//3079 459//459
f 4564//4564 3080//3080 462//462
f 1858//1858 1860//1860 99//99
f 3082//3082 3081//3081 464//464
f 3083//3083 3921//3921 463//463
f 3085//3085 3084//3084 103//103
f 3087//3087 3086//3086 4562//4562
f 3088//3088 4572//4572 465//465
f 1112//1112 1866//1866 468//468
f 3090//3090 3089//3089 104//104
f 1113//1113 101//101 469//469
f 1870//1870 1946//1946 1114//1114
f 1872//1872 1118//1118 1871//1871
f 1873//1873 473//473 1117//1117
f 3091//3091 1876//1876 1875//1875
f 3092//3092 1877//1877 3925//3925
f 509//509 1119//1119 103//103
f 1119//1119 476//476 1879//1879
f 101//101 1121//1121 477//477
f 479//479 204//204 15//15
f 479//479 480//480 106//106
f 207//207 11//11 480//480
f 15//15 207//207 479//479
f 483//483 481//481 106//106
f 1881//1881 482//482 483//483
f 1880//1880 1828//1828 484//484
f 1225//1225 107//107 1881//1881
f 108//108 1881//1881 1828//1828
f 1883//1883 488//488 1882//1882
f 1884//1884 1964//1964 1882//1882
f 3214//3214 1225//1225 490//490
f 1889//1889 109//109 497//497
f 2016//2016 500//500 499//499
f 1891//1891 503//503 1890//1890
f 1892//1892 110//110 1890//1890
f 3093//3093 1126//1126 1894//1894
f 3094//3094 3095//3095 3926//3926
f 1128//1128 4596//4596 1898//1898
f 4597//4597 3927//3927 1900//1900
f 3098//3098 1902//1902 1901//1901
f 3100//3100 3099//3099 114//114
f 1130//1130 3101//3101 513//513
f 3102//3102 1130//1130 514//514
f 516//516 19//19 515//515
f 568//568 515//515 19//19
f 518//518 1907//1907 517//517
f 521//521 519//519 520//520
f 1908//1908 1133//1133 522//522
f 1133//1133 1212//1212 1909//1909
f 1911//1911 1910//1910 1133//1133
f 1213//1213 3103//3103 534//534
f 3198//3198 3104//3104 1134//1134
f 117//117 3105//3105 524//524
f 3105//3105 3959//3959 1914//1914
f 1135//1135 3106//3106 527//527
f 3111//3111 3110//3110 529//529
f 3113//3113 3112//3112 528//528
f 3115//3115 3114//3114 92//92
f 3116//3116 3929//3929 530//530
f 1922//1922 532//532 1132//1132
f 1924//1924 1923//1923 119//119
f 1907//1907 1925//1925 535//535
f 537//537 536//536 119//119
f 120//120 119//119 536//536
f 1926//1926 538//538 120//120
f 1137//1137 2007//2007 538//538
f 1927//1927 1138//1138 1926//1926
f 540//540 541//541 116//116
f 119//119 541//541 540//540
f 1907//1907 545//545 121//121
f 541//541 119//119 120//120
f 543//543 542//542 120//120
f 4623//4623 122//122 542//542
f 3118//3118 4606//4606 4609//4609
f 3119//3119 3118//3118 544//544
f 3121//3121 3120//3120 547//547
f 3122//3122 3121//3121 546//546
f 3124//3124 3123//3123 124//124
f 1140//1140 4615//4615 4617//4617
f 3125//3125 1140//1140 548//548
f 3127//3127 3126//3126 1959//1959
f 1931//1931 4621//4621 545//545
f 3128//3128 4619//4619 549//549
f 3130//3130 3129//3129 552//552
f 3132//3132 3131//3131 551//551
f 3134//3134 3133//3133 126//126
f 4629//4629 3135//3135 3936//3936
f 4627//4627 3136//3136 541//541
f 3138//3138 3137//3137 554//554
f 3140//3140 3139//3139 128//128
f 1943//1943 1151//1151 1942//1942
f 1149//1149 1945//1945 1944//1944
f 4637//4637 3141//3141 1152//1152
f 1949//1949 1156//1156 1950//1950
f 1154//1154 1951//1951 1950//1950
f 1953//1953 1952//1952 1155//1155
f 4638//4638 3142//3142 1954//1954
f 125//125 1158//1158 1957//1957
f 1157//1157 126//126 1957//1957
f 1958//1958 1998//1998 1157//1157
f 1159//1159 562//562 1959//1959
f 1947//1947 472//472 1159//1159
f 203//203 481//481 129//129
f 563//563 196//196 203//203
f 196//196 563//563 1161//1161
f 1160//1160 107//107 566//566
f 565//565 563//563 129//129
f 1162//1162 1131//1131 515//515
f 1960//1960 1163//1163 567//567
f 571//571 565//565 566//566
f 1961//1961 568//568 565//565
f 2506//2506 3171//3171 573//573
f 1965//1965 3144//3144 572//572
f 1167//1167 1968//1968 574//574
f 1969//1969 1167//1167 575//575
f 1972//1972 578//578 579//579
f 1974//1974 1969//1969 581//581
f 1178//1178 584//584 95//95
f 1178//1178 132//132 584//584
f 1178//1178 585//585 132//132
f 1168//1168 1974//1974 585//585
f 1976//1976 110//110 1975//1975
f 1976//1976 587//587 1977//1977
f 3148//3148 508//508 3147//3147
f 421//421 1815//1815 1816//1816
f 424//424 1814//1814 426//426
f 1984//1984 3150//3150 1983//1983
f 3150//3150 3149//3149 1985//1985
f 3152//3152 2508//2508 3151//3151
f 3155//3155 3154//3154 115//115
f 3156//3156 3942//3942 3157//3157
f 1993//1993 134//134 1992//1992
f 3159//3159 4656//4656 3943//3943
f 1990//1990 3944//3944 1985//1985
f 3945//3945 3160//3160 1983//1983
f 1988//1988 3161//3161 3945//3945
f 592//592 3162//3162 1997//1997
f 3166//3166 1177//1177 1980//1980
f 3167//3167 3165//3165 1978//1978
f 1168//1168 599//599 3168//3168
f 435//435 96//96 1178//1178
f 95//95 435//435 1178//1178
f 583//583 1975//1975 110//110
f 1974//1974 3168//3168 586//586
f 1973//1973 1180//1180 581//581
f 1972//1972 584//584 132//132
f 1181//1181 95//95 584//584
f 1971//1971 576//576 579//579
f 1970//1970 1827//1827 95//95
f 571//571 1965//1965 1183//1183
f 1186//1186 3169//3169 573//573
f 1962//1962 3170//3170 569//569
f 569//569 3171//3171 130//130
f 1165//1165 1969//1969 570//570
f 1961//1961 1968//1968 131//131
f 565//565 571//571 574//574
f 566//566 130//130 571//571
f 1960//1960 1963//1963 1964//1964
f 1187//1187 1164//1164 1963//1963
f 1161//1161 563//563 565//565
f 129//129 566//566 565//565
f 612//612 516//516 1122//1122
f 1188//1188 129//129 481//481
f 203//203 129//129 563//563
f 1958//1958 1189//1189 1998//1998
f 1189//1189 1952//1952 1997//1997
f 125//125 1951//1951 1189//1189
f 4639//4639 3173//3173 2316//2316
f 1953//1953 1190//1190 105//105
f 1949//1949 1945//1945 1190//1190
f 4637//4637 3174//3174 1955//1955
f 1943//1943 562//562 1192//1192
f 3178//3178 3177//3177 2003//2003
f 3177//3177 3179//3179 2003//2003
f 3183//3183 2512//2512 1950//1950
f 3185//3185 3956//3956 2004//2004
f 3187//3187 3186//3186 601//601
f 1199//1199 123//123 1942//1942
f 3190//3190 3189//3189 1198//1198
f 1201//1201 603//603 4623//4623
f 122//122 541//541 542//542
f 2007//2007 604//604 603//603
f 604//604 2007//2007 1907//1907
f 121//121 604//604 1907//1907
f 545//545 518//518 519//519
f 1927//1927 1919//1919 1205//1205
f 1204//1204 1914//1914 118//118
f 1925//1925 539//539 535//535
f 1217//1217 517//517 1206//1206
f 1922//1922 522//522 532//532
f 3958//3958 1921//1921 1918//1918
f 3193//3193 3192//3192 528//528
f 3113//3113 3194//3194 118//118
f 3114//3114 4660//4660 92//92
f 3195//3195 4660//4660 525//525
f 4662//4662 3196//3196 527//527
f 526//526 2009//2009 2471//2471
f 1910//1910 2009//2009 1212//1212
f 2010//2010 3198//3198 3962//3962
f 1215//1215 1911//1911 1908//1908
f 1913//1913 1215//1215 523//523
f 1912//1912 1908//1908 522//522
f 1216//1216 116//116 1132//1132
f 1924//1924 540//540 533//533
f 3199//3199 605//605 2011//2011
f 3200//3200 115//115 2012//2012
f 3202//3202 513//513 3201//3201
f 3204//3204 3205//3205 1989//1989
f 3206//3206 1218//1218 1901//1901
f 3207//3207 1899//1899 1900//1900
f 1220//1220 3208//3208 2013//2013
f 3210//3210 3211//3211 2014//2014
f 3212//3212 3969//3969 4587//4587
f 3969//3969 1891//1891 504//504
f 500//500 2016//2016 610//610
f 498//498 110//110 1892//1892
f 1889//1889 498//498 1222//1222
f 495//495 109//109 501//501
f 1885//1885 495//495 499//499
f 1224//1224 1886//1886 1888//1888
f 491//491 1225//1225 1224//1224
f 3213//3213 4666//4666 490//490
f 3214//3214 2001//2001 489//489
f 1883//1883 577//577 493//493
f 107//107 1225//1225 489//489
f 485//485 1964//1964 1884//1884
f 1226//1226 483//483 106//106
f 1880//1880 484//484 480//480
f 564//564 1881//1881 107//107
f 481//481 482//482 564//564
f 1122//1122 8//8 612//612
f 204//204 106//106 481//481
f 1873//1873 1227//1227 1898//1898
f 1872//1872 476//476 1227//1227
f 3215//3215 1228//1228 2017//2017
f 3216//3216 1877//1877 2019//2019
f 1946//1946 473//473 105//105
f 4584//4584 3218//3218 1875//1875
f 3217//3217 4583//4583 3445//3445
f 3972//3972 3219//3219 613//613
f 3975//3975 3224//3224 103//103
f 3226//3226 3225//3225 1240//1240
f 3983//3983 3232//3232 477//477
f 3234//3234 3233//3233 1247//1247
f 4562//4562 4575//4575 1845//1845
f 453//453 100//100 4568//4568
f 4568//4568 437//437 453//453
f 99//99 1829//1829 437//437
f 454//454 451//451 98//98
f 1844//1844 2524//2524 443//443
f 1842//1842 448//448 1833//1833
f 2021//2021 3236//3236 442//442
f 2021//2021 3069//3069 78//78
f 3237//3237 2022//2022 76//76
f 3238//3238 4672//4672 444//444
f 416//416 1835//1835 77//77
f 1831//1831 1256//1256 1830//1830
f 436//436 2024//2024 96//96
f 436//436 611//611 2024//2024
f 1259//1259 3239//3239 614//614
f 1825//1825 3240//3240 1948//1948
f 4539//4539 3241//3241 1260//1260
f 3248//3248 1810//1810 3247//3247
f 3250//3250 4535//4535 4536//4536
f 3252//3252 2631//2631 618//618
f 3254//3254 3253//3253 617//617
f 3256//3256 3255//3255 135//135
f 1268//1268 3257//3257 620//620
f 3258//3258 1268//1268 619//619
f 3260//3260 3259//3259 655//655
f 3262//3262 3261//3261 621//621
f 3265//3265 3264//3264 140//140
f 3266//3266 4678//4678 622//622
f 2625//2625 3267//3267 141//141
f 3269//3269 3268//3268 624//624
f 3270//3270 1523//1523 626//626
f 4681//4681 2626//2626 141//141
f 3272//3272 136//136 3271//3271
f 4683//4683 628//628 3273//3273
f 3276//3276 2540//2540 1279//1279
f 3286//3286 4014//4014 4013//4013
f 4012//4012 4014//4014 3287//3287
f 3292//3292 3291//3291 1282//1282
f 4024//4024 3297//3297 230//230
f 3299//3299 3300//3300 1584//1584
f 3303//3303 3302//3302 2693//2693
f 3305//3305 3304//3304 1289//1289
f 3307//3307 3306//3306 4754//4754
f 3308//3308 4753//4753 650//650
f 3309//3309 4757//4757 1498//1498
f 3310//3310 4756//4756 652//652
f 3311//3311 3312//3312 613//613
f 3312//3312 4758//4758 103//103
f 2086//2086 2087//2087 654//654
f 2086//2086 1502//1502 3644//3644
f 2088//2088 655//655 656//656
f 2089//2089 2090//2090 662//662
f 2536//2536 1499//1499 1498//1498
f 4761//4761 3313//3313 659//659
f 3315//3315 3314//3314 147//147
f 4765//4765 2095//2095 661//661
f 3317//3317 3316//3316 145//145
f 4041//4041 3318//3318 634//634
f 3319//3319 4041//4041 663//663
f 3321//3321 3320//3320 671//671
f 4772//4772 3322//3322 665//665
f 3324//3324 3323//3323 142//142
f 1303//1303 150//150 148//148
f 1304//1304 666//666 149//149
f 1493//1493 148//148 666//666
f 1492//1492 667//667 668//668
f 1306//1306 669//669 2103//2103
f 2104//2104 149//149 669//669
f 2105//2105 670//670 1305//1305
f 1307//1307 672//672 150//150
f 2106//2106 143//143 672//672
f 3326//3326 3325//3325 1492//1492
f 3327//3327 2109//2109 675//675
f 3330//3330 3329//3329 2558//2558
f 4046//4046 2114//2114 680//680
f 3331//3331 4046//4046 679//679
f 684//684 1314//1314 685//685
f 1314//1314 2120//2120 2118//2118
f 2117//2117 2118//2118 151//151
f 1315//1315 681//681 2119//2119
f 2121//2121 682//682 1315//1315
f 2126//2126 692//692 685//685
f 1316//1316 686//686 151//151
f 693//693 687//687 688//688
f 2123//2123 151//151 2122//2122
f 2124//2124 690//690 144//144
f 2125//2125 1485//1485 692//692
f 4588//4588 2127//2127 1317//1317
f 2128//2128 2129//2129 3559//3559
f 3334//3334 2132//2132 2131//2131
f 1318//1318 3553//3553 694//694
f 697//697 1319//1319 2135//2135
f 1319//1319 2137//2137 2136//2136
f 697//697 2138//2138 1319//1319
f 2140//2140 1321//1321 2139//2139
f 2141//2141 2016//2016 1320//1320
f 3336//3336 2144//2144 699//699
f 3337//3337 701//701 2148//2148
f 4586//4586 1323//1323 2151//2151
f 1325//1325 2152//2152 705//705
f 2154//2154 2155//2155 152//152
f 707//707 1326//1326 706//706
f 3338//3338 2157//2157 2156//2156
f 708//708 1327//1327 2160//2160
f 1327//1327 2161//2161 707//707
f 708//708 2162//2162 1327//1327
f 3341//3341 3340//3340 710//710
f 2147//2147 1328//1328 711//711
f 1328//1328 2167//2167 2166//2166
f 2148//2148 3553//3553 1328//1328
f 2613//2613 3342//3342 153//153
f 3343//3343 4788//4788 713//713
f 3344//3344 4791//4791 154//154
f 2171//2171 2170//2170 714//714
f 3345//3345 2172//2172 717//717
f 1469//1469 3345//3345 716//716
f 2173//2173 2174//2174 156//156
f 3346//3346 4793//4793 718//718
f 4795//4795 3347//3347 3541//3541
f 3349//3349 3348//3348 159//159
f 3352//3352 2609//2609 160//160
f 2608//2608 3353//3353 160//160
f 1467//1467 2178//2178 722//722
f 3354//3354 725//725 4799//4799
f 3355//3355 2559//2559 4797//4797
f 3357//3357 4061//4061 3356//3356
f 3360//3360 4066//4066 4062//4062
f 3363//3363 3362//3362 3361//3361
f 3383//3383 3382//3382 288//288
f 3385//3385 3384//3384 1351//1351
f 3388//3388 3387//3387 1676//1676
f 3391//3391 3390//3390 1355//1355
f 3397//3397 3396//3396 751//751
f 4859//4859 3398//3398 56//56
f 3400//3400 3399//3399 752//752
f 4863//4863 3401//3401 2242//2242
f 2234//2234 3402//3402 2006//2006
f 2235//2235 3403//3403 1363//1363
f 1447//1447 2236//2236 753//753
f 1446//1446 2237//2237 158//158
f 834//834 2237//2237 755//755
f 2239//2239 1368//1368 758//758
f 1448//1448 2242//2242 1370//1370
f 3404//3404 2243//2243 166//166
f 3405//3405 4865//4865 759//759
f 3406//3406 4869//4869 165//165
f 3407//3407 4867//4867 761//761
f 3409//3409 3408//3408 763//763
f 2197//2197 3409//3409 732//732
f 3411//3411 4875//4875 161//161
f 3412//3412 4873//4873 764//764
f 2254//2254 766//766 1439//1439
f 1437//1437 767//767 1438//1438
f 2256//2256 2255//2255 1378//1378
f 773//773 3410//3410 768//768
f 4876//4876 3413//3413 770//770
f 3415//3415 3414//3414 167//167
f 3417//3417 3416//3416 772//772
f 4103//4103 3419//3419 3452//3452
f 3420//3420 4103//4103 775//775
f 2266//2266 2267//2267 4910//4910
f 2269//2269 1382//1382 777//777
f 2270//2270 2271//2271 171//171
f 170//170 2272//2272 779//779
f 778//778 779//779 172//172
f 2273//2273 1383//1383 781//781
f 2274//2274 782//782 163//163
f 1384//1384 4910//4910 782//782
f 2275//2275 783//783 784//784
f 787//787 785//785 173//173
f 1385//1385 171//171 785//785
f 1390//1390 786//786 787//787
f 2276//2276 788//788 171//171
f 1386//1386 172//172 788//788
f 2277//2277 789//789 2276//2276
f 2279//2279 2278//2278 172//172
f 1387//1387 2280//2280 790//790
f 2281//2281 1388//1388 792//792
f 2282//2282 793//793 1429//1429
f 1389//1389 173//173 793//793
f 796//796 3165//3165 1390//1390
f 3421//3421 1393//1393 4883//4883
f 3422//3422 2285//2285 2284//2284
f 1394//1394 802//802 2288//2288
f 2285//2285 800//800 1394//1394
f 2292//2292 1396//1396 2291//2291
f 1396//1396 2294//2294 2293//2293
f 2296//2296 2295//2295 1395//1395
f 1397//1397 2298//2298 2297//2297
f 1178//1178 2299//2299 1397//1397
f 2595//2595 1399//1399 3423//3423
f 2302//2302 2146//2146 3425//3425
f 2305//2305 3426//3426 1400//1400
f 2308//2308 3428//3428 811//811
f 2309//2309 3429//3429 816//816
f 1401//1401 3431//3431 2313//2313
f 2314//2314 3432//3432 1402//1402
f 1998//1998 1405//1405 2315//2315
f 1403//1403 2317//2317 2316//2316
f 2318//2318 2326//2326 1404//1404
f 816//816 2316//2316 818//818
f 2320//2320 3433//3433 2319//2319
f 2328//2328 2327//2327 1406//1406
f 2331//2331 4900//4900 4109//4109
f 824//824 1410//1410 823//823
f 1410//1410 811//811 3428//3428
f 3435//3435 811//811 1410//1410
f 823//823 1412//1412 2333//2333
f 1411//1411 2332//2332 825//825
f 2328//2328 1413//1413 825//825
f 1413//1413 2322//2322 2333//2333
f 2326//2326 2322//2322 1413//1413
f 3442//3442 1417//1417 3441//3441
f 818//818 1419//1419 817//817
f 2316//2316 2317//2317 1418//1418
f 2318//2318 1421//1421 2321//2321
f 1420//1420 3160//3160 2319//2319
f 4907//4907 816//816 812//812
f 1956//1956 2310//2310 94//94
f 1422//1422 3446//3446 2336//2336
f 2308//2308 3447//3447 4112//4112
f 2305//2305 3448//3448 2293//2293
f 2303//2303 2286//2286 1423//1423
f 2595//2595 2304//2304 4885//4885
f 1424//1424 2000//2000 599//599
f 1178//1178 2296//2296 807//807
f 2298//2298 2292//2292 2291//2291
f 2591//2591 3449//3449 2024//2024
f 2287//2287 3499//3499 1999//1999
f 1425//1425 2291//2291 828//828
f 801//801 2283//2283 1425//1425
f 798//798 1426//1426 2297//2297
f 2282//2282 1429//1429 3499//3499
f 2281//2281 3450//3450 164//164
f 1427//1427 4883//4883 799//799
f 2279//2279 3451//3451 792//792
f 2277//2277 797//797 174//174
f 2275//2275 793//793 173//173
f 2274//2274 829//829 784//784
f 2273//2273 1431//1431 2280//2280
f 1430//1430 778//778 2278//2278
f 781//781 170//170 1430//1430
f 2270//2270 1432//1432 777//777
f 2269//2269 2272//2272 169//169
f 2271//2271 785//785 171//171
f 1433//1433 173//173 785//785
f 4911//4911 1434//1434 830//830
f 3453//3453 2264//2264 162//162
f 3456//3456 3455//3455 2596//2596
f 3458//3458 3457//3457 772//772
f 1379//1379 4913//4913 769//769
f 3414//3414 3459//3459 167//167
f 3461//3461 3460//3460 770//770
f 3463//3463 3462//3462 775//775
f 3465//3465 3464//3464 168//168
f 2257//2257 774//774 168//168
f 1436//1436 162//162 774//774
f 2256//2256 1437//1437 768//768
f 167//167 1438//1438 766//766
f 2254//2254 168//168 167//167
f 3467//3467 3466//3466 765//765
f 2337//2337 3467//3467 832//832
f 3468//3468 3411//3411 161//161
f 3470//3470 3469//3469 1441//1441
f 3472//3472 3471//3471 762//762
f 3474//3474 3473//3473 759//759
f 3475//3475 3406//3406 165//165
f 3477//3477 3476//3476 760//760
f 3479//3479 3478//3478 764//764
f 3480//3480 3404//3404 166//166
f 1445//1445 2241//2241 2238//2238
f 1367//1367 1445//1445 755//755
f 2340//2340 1366//1366 756//756
f 2340//2340 1365//1365 165//165
f 2341//2341 1364//1364 754//754
f 2341//2341 1370//1370 166//166
f 2235//2235 3481//3481 2316//2316
f 1449//1449 1998//1998 2315//2315
f 2234//2234 3482//3482 1449//1449
f 4924//4924 3483//3483 724//724
f 4923//4923 3484//3484 1448//1448
f 4123//4123 2230//2230 749//749
f 3488//3488 4123//4123 746//746
f 3490//3490 3489//3489 52//52
f 3494//3494 3493//3493 747//747
f 3496//3496 3495//3495 742//742
f 3498//3498 3497//3497 51//51
f 4126//4126 3501//3501 743//743
f 3503//3503 3502//3502 738//738
f 3505//3505 3504//3504 49//49
f 3507//3507 3506//3506 741//741
f 3508//3508 4127//4127 744//744
f 3510//3510 3509//3509 1679//1679
f 3512//3512 2604//2604 3511//3511
f 3513//3513 2602//2602 773//773
f 3516//3516 1458//1458 731//731
f 3518//3518 3517//3517 46//46
f 4134//4134 3519//3519 733//733
f 3520//3520 4134//4134 736//736
f 3525//3525 3524//3524 3523//3523
f 3530//3530 3529//3529 3528//3528
f 153//153 154//154 155//155
f 3536//3536 4940//4940 721//721
f 4144//4144 3537//3537 3350//3350
f 3539//3539 3538//3538 720//720
f 3348//3348 3540//3540 159//159
f 4942//4942 2562//2562 158//158
f 3544//3544 3543//3543 722//722
f 3546//3546 3545//3545 717//717
f 3547//3547 3546//3546 714//714
f 3549//3549 3548//3548 155//155
f 4146//4146 3550//3550 715//715
f 3552//3552 3551//3551 716//716
f 4903//4903 1470//1470 2347//2347
f 1470//1470 2166//2166 2347//2347
f 826//826 711//711 1470//1470
f 2159//2159 1473//1473 2347//2347
f 1473//1473 2162//2162 2347//2347
f 707//707 2161//2161 1473//1473
f 1475//1475 3554//3554 512//512
f 707//707 2154//2154 2160//2160
f 4586//4586 2153//2153 707//707
f 4597//4597 1477//1477 2156//2156
f 1476//1476 707//707 706//706
f 4148//4148 1878//1878 1874//1874
f 2336//2336 4148//4148 827//827
f 2133//2133 3557//3557 699//699
f 3557//3557 2149//2149 2142//2142
f 3558//3558 701//701 1478//1478
f 3559//3559 3560//3560 2136//2136
f 4149//4149 2145//2145 2135//2135
f 609//609 1479//1479 1123//1123
f 2015//2015 4588//4588 1479//1479
f 2138//2138 1480//1480 696//696
f 2137//2137 2140//2140 3559//3559
f 2129//2129 1483//1483 2348//2348
f 1482//1482 2133//2133 2348//2348
f 693//693 2132//2132 1483//1483
f 1484//1484 2128//2128 2139//2139
f 2126//2126 2128//2128 1484//1484
f 2127//2127 4588//4588 2014//2014
f 2125//2125 2127//2127 4150//4150
f 4151//4151 2130//2130 2131//2131
f 2124//2124 1318//1318 2130//2130
f 2118//2118 1488//1488 2122//2122
f 1486//1486 2121//2121 689//689
f 3562//3562 3561//3561 835//835
f 2120//2120 1489//1489 681//681
f 4153//4153 3565//3565 674//674
f 3566//3566 4153//4153 675//675
f 1490//1490 3567//3567 680//680
f 3568//3568 1490//1490 2108//2108
f 2106//2106 673//673 836//836
f 2104//2104 670//670 1491//1491
f 1492//1492 2102//2102 667//667
f 4154//4154 3570//3570 837//837
f 3571//3571 4154//4154 664//664
f 3323//3323 3572//3572 142//142
f 1496//1496 3573//3573 2103//2103
f 3575//3575 3574//3574 1495//1495
f 4157//4157 3576//3576 659//659
f 3577//3577 4157//4157 660//660
f 3316//3316 3578//3578 145//145
f 4158//4158 1301//1301 665//665
f 3579//3579 4158//4158 658//658
f 3314//3314 3580//3580 147//147
f 838//838 2351//2351 142//142
f 2089//2089 1500//1500 656//656
f 2088//2088 2087//2087 840//840
f 1294//1294 2352//2352 145//145
f 146//146 2352//2352 1502//1502
f 1296//1296 2353//2353 147//147
f 1295//1295 2353//2353 1503//1503
f 3581//3581 2085//2085 2151//2151
f 3582//3582 4971//4971 2536//2536
f 3584//3584 3583//3583 627//627
f 3588//3588 2075//2075 646//646
f 3593//3593 3592//3592 4160//4160
f 1505//1505 2068//2068 643//643
f 3594//3594 1505//1505 645//645
f 3596//3596 3595//3595 4266//4266
f 4162//4162 3599//3599 639//639
f 3600//3600 4162//4162 642//642
f 3602//3602 3601//3601 30//30
f 3604//3604 3603//3603 644//644
f 2063//2063 3604//3604 640//640
f 3606//3606 3605//3605 31//31
f 4163//4163 3609//3609 3608//3608
f 3612//3612 3611//3611 3610//3610
f 1507//1507 3615//3615 3614//3614
f 4168//4168 3617//3617 633//633
f 3618//3618 4168//4168 636//636
f 3620//3620 3619//3619 28//28
f 3622//3622 3621//3621 4719//4719
f 2049//2049 3622//3622 635//635
f 3631//3631 3630//3630 2090//2090
f 3633//3633 3632//3632 1514//1514
f 1517//1517 1515//1515 1498//1498
f 4990//4990 3636//3636 4177//4177
f 4178//4178 3637//3637 623//623
f 3639//3639 3265//3265 140//140
f 2531//2531 4993//4993 3644//3644
f 3641//3641 3640//3640 622//622
f 3643//3643 3642//3642 626//626
f 3646//3646 3645//3645 617//617
f 3647//3647 3646//3646 619//619
f 3649//3649 3648//3648 137//137
f 3651//3651 3650//3650 3251//3251
f 3652//3652 3651//3651 616//616
f 3255//3255 3653//3653 135//135
f 3654//3654 2029//2029 620//620
f 842//842 177//177 841//841
f 178//178 841//841 177//177
f 186//186 185//185 181//181
f 183//183 182//182 843//843
f 843//843 182//182 6//6
f 181//181 185//185 184//184
f 191//191 192//192 845//845
f 195//195 1528//1528 846//846
f 192//192 200//200 198//198
f 198//198 199//199 847//847
f 194//194 195//195 849//849
f 3659//3659 3658//3658 2357//2357
f 3661//3661 210//210 3660//3660
f 3661//3661 854//854 3662//3662
f 3664//3664 2363//2363 3663//3663
f 2361//2361 3666//3666 3665//3665
f 3668//3668 3667//3667 2362//2362
f 3670//3670 2364//2364 3669//3669
f 3674//3674 2367//2367 3673//3673
f 2365//2365 3676//3676 3675//3675
f 3678//3678 3677//3677 2366//2366
f 2693//2693 3686//3686 234//234
f 3689//3689 2373//2373 3688//3688
f 3691//3691 3690//3690 2372//2372
f 3693//3693 2376//2376 3692//3692
f 2374//2374 3695//3695 3694//3694
f 3697//3697 3696//3696 2375//2375
f 3699//3699 241//241 3698//3698
f 3700//3700 875//875 3698//3698
f 3702//3702 2381//2381 3701//3701
f 2379//2379 3704//3704 3703//3703
f 3706//3706 3705//3705 2380//2380
f 3708//3708 2384//2384 3707//3707
f 2382//2382 3710//3710 3709//3709
f 3712//3712 3711//3711 2383//2383
f 3716//3716 2387//2387 3715//3715
f 2386//2386 3718//3718 3717//3717
f 3720//3720 3719//3719 2386//2386
f 3722//3722 887//887 3721//3721
f 2388//2388 3724//3724 3723//3723
f 3726//3726 3725//3725 2388//2388
f 3728//3728 2391//2391 3727//3727
f 2389//2389 3730//3730 3729//3729
f 3732//3732 3731//3731 2390//2390
f 2762//2762 3734//3734 891//891
f 3736//3736 2394//2394 3735//3735
f 2393//2393 3738//3738 3737//3737
f 2395//2395 3741//3741 2776//2776
f 3742//3742 2396//2396 2776//2776
f 3744//3744 3743//3743 266//266
f 2398//2398 3747//3747 897//897
f 3748//3748 2399//2399 2787//2787
f 3750//3750 274//274 3749//3749
f 3751//3751 899//899 3749//3749
f 3753//3753 2402//2402 3752//3752
f 3756//3756 3755//3755 3754//3754
f 3759//3759 3758//3758 2403//2403
f 3761//3761 278//278 3760//3760
f 3761//3761 904//904 3762//3762
f 3764//3764 2408//2408 3763//3763
f 2406//2406 3766//3766 3765//3765
f 3768//3768 3767//3767 2407//2407
f 3769//3769 2411//2411 2821//2821
f 2409//2409 3771//3771 3770//3770
f 3773//3773 3772//3772 2410//2410
f 3776//3776 3775//3775 287//287
f 2412//2412 3777//3777 3776//3776
f 2413//2413 3779//3779 918//918
f 3780//3780 2414//2414 920//920
f 3783//3783 3782//3782 3781//3781
f 3790//3790 2418//2418 3789//3789
f 2416//2416 3792//3792 3791//3791
f 3794//3794 3793//3793 2417//2417
f 3797//3797 3796//3796 2420//2420
f 3799//3799 2424//2424 3798//3798
f 2422//2422 3801//3801 3800//3800
f 3803//3803 3802//3802 2423//2423
f 3805//3805 296//296 3804//3804
f 3806//3806 932//932 3804//3804
f 3811//3811 3810//3810 2427//2427
f 2429//2429 3816//3816 3815//3815
f 3817//3817 3816//3816 2429//2429
f 3819//3819 298//298 3818//3818
f 944//944 3823//3823 299//299
f 2432//2432 3824//3824 944//944
f 3825//3825 2433//2433 2910//2910
f 2434//2434 3828//3828 949//949
f 3831//3831 2435//2435 3830//3830
f 3833//3833 3832//3832 2436//2436
f 3837//3837 2439//2439 3836//3836
f 2437//2437 3839//3839 3838//3838
f 3841//3841 3840//3840 2438//2438
f 3842//3842 2441//2441 2942//2942
f 2440//2440 3844//3844 3843//3843
f 3846//3846 3845//3845 2440//2440
f 3848//3848 2443//2443 3847//3847
f 2442//2442 3850//3850 3849//3849
f 3854//3854 2446//2446 3853//3853
f 2444//2444 2956//2956 3855//3855
f 3856//3856 959//959 2445//2445
f 3858//3858 2449//2449 3857//3857
f 2447//2447 3860//3860 3859//3859
f 3862//3862 3861//3861 2448//2448
f 3864//3864 2452//2452 3863//3863
f 2450//2450 3866//3866 3865//3865
f 3868//3868 3867//3867 2451//2451
f 305//305 306//306 966//966
f 311//311 1707//1707 4480//4480
f 969//969 319//319 318//318
f 319//319 969//969 968//968
f 320//320 2975//2975 321//321
f 322//322 968//968 321//321
f 1090//1090 971//971 323//323
f 970//970 323//323 971//971
f 64//64 326//326 325//325
f 972//972 319//319 322//322
f 974//974 973//973 323//323
f 327//327 323//323 973//973
f 976//976 330//330 329//329
f 330//330 976//976 975//975
f 978//978 332//332 977//977
f 332//332 978//978 1720//1720
f 335//335 334//334 979//979
f 337//337 336//336 980//980
f 3869//3869 339//339 3047//3047
f 3870//3870 3906//3906 3044//3044
f 3870//3870 2456//2456 3871//3871
f 3873//3873 342//342 3872//3872
f 3873//3873 984//984 3046//3046
f 986//986 343//343 985//985
f 343//343 986//986 344//344
f 989//989 348//348 988//988
f 348//348 989//989 349//349
f 3874//3874 351//351 3039//3039
f 3874//3874 2460//2460 3042//3042
f 3876//3876 352//352 3875//3875
f 3037//3037 990//990 3875//3875
f 3877//3877 354//354 3040//3040
f 3877//3877 2461//2461 3038//3038
f 993//993 355//355 992//992
f 356//356 992//992 355//355
f 3879//3879 357//357 3878//3878
f 3879//3879 994//994 3036//3036
f 372//372 188//188 373//373
f 1747//1747 367//367 996//996
f 375//375 997//997 374//374
f 2993//2993 998//998 377//377
f 376//376 997//997 378//378
f 1754//1754 1753//1753 999//999
f 1758//1758 1000//1000 379//379
f 375//375 362//362 378//378
f 381//381 1002//1002 1753//1753
f 1001//1001 1753//1753 1002//1002
f 383//383 1003//1003 382//382
f 1005//1005 1766//1766 1004//1004
f 1051//1051 1004//1004 1766//1766
f 1053//1053 386//386 1006//1006
f 1052//1052 1007//1007 1769//1769
f 2480//2480 387//387 1008//1008
f 3032//3032 1009//1009 3880//3880
f 3029//3029 390//390 3881//3881
f 3883//3883 3900//3900 3882//3882
f 3030//3030 1013//1013 3882//3882
f 3003//3003 1015//1015 394//394
f 3005//3005 395//395 1016//1016
f 395//395 3005//3005 396//396
f 1018//1018 398//398 1017//1017
f 397//397 1017//1017 398//398
f 3024//3024 399//399 3884//3884
f 3025//3025 1019//1019 3884//3884
f 3886//3886 3892//3892 3885//3885
f 3886//3886 2469//2469 3022//3022
f 3028//3028 402//402 3887//3887
f 3023//3023 1021//1021 3887//3887
f 1024//1024 405//405 1023//1023
f 405//405 1024//1024 404//404
f 3889//3889 406//406 3888//3888
f 3021//3021 1025//1025 3888//3888
f 1030//1030 1028//1028 382//382
f 1029//1029 1027//1027 1028//1028
f 1792//1792 1029//1029 1030//1030
f 1792//1792 385//385 1055//1055
f 1032//1032 3890//3890 1031//1031
f 3019//3019 1031//1031 3890//3890
f 1034//1034 408//408 1033//1033
f 3013//3013 1033//1033 408//408
f 1036//1036 405//405 1035//1035
f 3891//3891 406//406 1037//1037
f 3011//3011 1037//1037 406//406
f 1040//1040 3892//3892 1039//1039
f 3892//3892 3893//3893 399//399
f 3026//3026 400//400 3894//3894
f 3027//3027 1041//1041 3894//3894
f 393//393 1042//1042 398//398
f 1044//1044 397//397 1043//1043
f 396//396 1043//1043 397//397
f 3895//3895 394//394 3002//3002
f 3895//3895 1046//1046 390//390
f 3006//3006 395//395 3896//3896
f 2999//2999 1047//1047 3896//3896
f 3897//3897 391//391 2997//2997
f 3897//3897 2481//2481 3898//3898
f 381//381 2480//2480 1008//1008
f 1054//1054 387//387 1053//1053
f 412//412 1766//1766 1055//1055
f 383//383 1056//1056 379//379
f 1056//1056 383//383 1057//1057
f 414//414 1058//1058 1769//1769
f 1058//1058 414//414 1059//1059
f 374//374 1759//1759 1754//1754
f 377//377 3034//3034 414//414
f 1748//1748 364//364 184//184
f 1747//1747 368//368 1061//1061
f 1065//1065 359//359 1064//1064
f 359//359 2990//2990 3036//3036
f 1067//1067 355//355 1066//1066
f 2986//2986 1066//1066 355//355
f 2988//2988 3901//3901 2485//2485
f 357//357 2988//2988 353//353
f 3902//3902 352//352 1068//1068
f 3903//3903 1068//1068 352//352
f 3904//3904 350//350 3041//3041
f 1071//1071 348//348 1070//1070
f 348//348 1071//1071 344//344
f 1073//1073 349//349 1072//1072
f 349//349 1073//1073 346//346
f 2982//2982 343//343 3905//3905
f 3906//3906 1074//1074 3905//3905
f 3907//3907 347//347 1076//1076
f 3907//3907 1077//1077 2981//2981
f 2979//2979 340//340 3908//3908
f 3909//3909 1078//1078 3908//3908
f 3911//3911 342//342 3910//3910
f 3911//3911 2493//2493 2978//2978
f 982//982 69//69 327//327
f 337//337 1081//1081 1720//1720
f 1080//1080 1720//1720 1081//1081
f 1083//1083 981//981 1082//1082
f 981//981 1083//1083 334//334
f 332//332 417//417 1084//1084
f 1086//1086 330//330 325//325
f 330//330 1086//1086 1085//1085
f 1088//1088 418//418 336//336
f 418//418 1088//1088 1087//1087
f 1090//1090 1089//1089 318//318
f 326//326 306//306 419//419
f 3050//3050 320//320 418//418
f 320//320 1092//1092 1091//1091
f 306//306 1093//1093 419//419
f 306//306 189//189 180//180
f 422//422 1094//1094 423//423
f 1096//1096 4534//4534 1095//1095
f 3052//3052 1095//1095 4534//4534
f 3913//3913 3914//3914 3062//3062
f 1098//1098 1830//1830 1099//1099
f 1832//1832 1098//1098 1099//1099
f 442//442 1100//1100 3916//3916
f 444//444 3065//3065 3064//3064
f 450//450 437//437 1843//1843
f 453//453 452//452 1845//1845
f 3917//3917 1104//1104 3073//3073
f 3919//3919 461//461 3918//3918
f 3920//3920 1108//1108 3918//3918
f 3921//3921 4566//4566 3082//3082
f 3923//3923 466//466 3922//3922
f 3923//3923 1111//1111 465//465
f 1115//1115 1113//1113 469//469
f 1114//1114 470//470 1113//1113
f 1870//1870 1114//1114 1115//1115
f 472//472 2501//2501 471//471
f 1117//1117 473//473 1118//1118
f 1872//1872 1117//1117 1118//1118
f 3924//3924 3091//3091 474//474
f 509//509 476//476 1119//1119
f 1120//1120 471//471 1121//1121
f 478//478 1120//1120 1121//1121
f 1122//1122 485//485 1828//1828
f 490//490 1225//1225 491//491
f 108//108 1886//1886 492//492
f 499//499 494//494 1885//1885
f 496//496 495//495 1888//1888
f 582//582 498//498 497//497
f 499//499 501//501 1123//1123
f 503//503 1123//1123 1124//1124
f 3097//3097 1128//1128 509//509
f 3097//3097 4596//4596 1128//1128
f 3927//3927 1129//1129 510//510
f 3927//3927 511//511 1129//1129
f 516//516 515//515 1131//1131
f 1134//1134 3928//3928 3103//3103
f 3107//3107 1135//1135 527//527
f 528//528 3111//3111 529//529
f 534//534 522//522 1217//1217
f 533//533 1914//1914 1923//1923
f 1914//1914 533//533 1132//1132
f 534//534 1907//1907 535//535
f 1926//1926 1137//1137 538//538
f 1137//1137 1926//1926 1138//1138
f 3931//3931 550//550 3930//3930
f 3931//3931 1142//1142 3932//3932
f 3130//3130 552//552 3933//3933
f 3131//3131 1143//1143 3933//3933
f 3935//3935 553//553 3934//3934
f 3936//3936 1145//1145 3934//3934
f 1151//1151 1149//1149 1942//1942
f 1150//1150 1945//1945 1149//1149
f 556//556 1150//1150 1151//1151
f 1153//1153 1152//1152 1947//1947
f 4636//4636 1152//1152 1153//1153
f 1156//1156 1154//1154 1950//1950
f 1155//1155 558//558 1154//1154
f 559//559 1155//1155 1156//1156
f 1158//1158 1157//1157 1957//1957
f 1958//1958 1157//1157 1158//1158
f 1188//1188 1160//1160 566//566
f 567//567 1162//1162 515//515
f 1162//1162 567//567 1163//1163
f 1165//1165 1963//1963 1164//1164
f 1963//1963 1165//1165 570//570
f 2506//2506 573//573 1166//1166
f 3144//3144 1166//1166 573//573
f 575//575 1167//1167 574//574
f 1971//1971 494//494 1970//1970
f 579//579 578//578 1966//1966
f 581//581 1969//1969 580//580
f 586//586 3168//3168 587//587
f 3939//3939 508//508 3938//3938
f 421//421 1094//1094 426//426
f 2508//2508 1169//1169 3940//3940
f 3941//3941 1170//1170 2508//2508
f 3943//3943 3158//3158 1172//1172
f 594//594 3945//3945 3944//3944
f 2510//2510 3946//3946 597//597
f 3947//3947 3164//3164 1174//1174
f 3948//3948 1175//1175 2511//2511
f 1168//1168 1178//1178 599//599
f 583//583 1974//1974 586//586
f 581//581 1179//1179 585//585
f 1179//1179 581//581 1180//1180
f 579//579 576//576 1181//1181
f 577//577 1974//1974 582//582
f 1184//1184 1182//1182 580//580
f 1183//1183 572//572 1182//1182
f 575//575 1183//1183 1184//1184
f 1186//1186 3949//3949 1185//1185
f 3170//3170 1185//1185 3949//3949
f 570//570 1969//1969 577//577
f 567//567 1187//1187 1963//1963
f 1187//1187 567//567 568//568
f 1946//1946 1191//1191 602//602
f 1192//1192 562//562 1191//1191
f 556//556 1192//1192 1946//1946
f 3956//3956 3955//3955 601//601
f 1201//1201 538//538 603//603
f 538//538 1201//1201 1200//1200
f 603//603 604//604 121//121
f 1926//1926 1203//1203 530//530
f 1202//1202 530//530 1203//1203
f 537//537 1923//1923 1204//1204
f 535//535 539//539 1205//1205
f 517//517 534//534 1206//1206
f 532//532 522//522 1909//1909
f 3192//3192 1207//1207 3958//3958
f 3959//3959 3110//3110 1208//1208
f 529//529 3959//3959 525//525
f 3961//3961 531//531 3960//3960
f 3106//3106 1209//1209 3960//3960
f 1212//1212 526//526 1211//1211
f 3962//3962 1213//1213 3108//3108
f 523//523 1215//1215 1908//1908
f 533//533 540//540 1216//1216
f 1132//1132 520//520 1217//1217
f 3963//3963 3199//3199 3201//3201
f 3963//3963 3201//3201 513//513
f 2516//2516 3964//3964 3205//3205
f 3965//3965 2515//2515 3205//3205
f 1223//1223 498//498 1124//1124
f 498//498 1223//1223 1222//1222
f 499//499 495//495 501//501
f 496//496 488//488 493//493
f 1881//1881 492//492 1225//1225
f 1828//1828 485//485 487//487
f 480//480 484//484 1226//1226
f 1227//1227 476//476 509//509
f 3970//3970 3216//3216 2019//2019
f 2517//2517 4585//4585 3216//3216
f 1229//1229 473//473 1946//1946
f 1870//1870 1229//1229 1946//1946
f 3971//3971 1230//1230 474//474
f 3218//3218 4582//4582 1230//1230
f 1232//1232 1946//1946 602//602
f 1231//1231 470//470 1946//1946
f 478//478 1231//1231 1232//1232
f 3973//3973 3972//3972 613//613
f 2518//2518 3974//3974 1233//1233
f 3976//3976 3975//3975 475//475
f 1240//1240 3977//3977 1239//1239
f 3981//3981 3980//3980 2020//2020
f 2519//2519 3982//3982 1246//1246
f 451//451 1845//1845 446//446
f 452//452 446//446 1845//1845
f 453//453 450//450 1846//1846
f 437//437 1842//1842 1843//1843
f 1833//1833 448//448 438//438
f 3986//3986 447//447 1251//1251
f 3986//3986 1252//1252 444//444
f 1254//1254 441//441 1253//1253
f 1832//1832 1253//1253 441//441
f 1255//1255 3064//3064 2523//2523
f 3064//3064 1255//1255 1834//1834
f 1257//1257 1830//1830 1256//1256
f 1830//1830 1257//1257 439//439
f 454//454 449//449 1848//1848
f 3914//3914 434//434 1259//1259
f 2526//2526 1263//1263 3988//3988
f 3990//3990 1264//1264 2525//2525
f 3992//3992 615//615 3991//3991
f 3650//3650 1265//1265 3991//3991
f 3652//3652 616//616 3993//3993
f 3645//3645 1266//1266 3993//3993
f 621//621 1269//1269 3643//3643
f 3994//3994 623//623 3637//3637
f 3994//3994 1272//1272 3641//3641
f 3995//3995 4177//4177 3636//3636
f 3995//3995 1274//1274 624//624
f 3997//3997 625//625 3996//3996
f 3642//3642 1275//1275 3996//3996
f 3999//3999 627//627 3998//3998
f 3999//3999 1278//1278 4000//4000
f 4008//4008 4009//4009 4007//4007
f 4013//4013 4014//4014 4012//4012
f 2541//2541 4017//4017 3290//3290
f 2542//2542 4019//4019 1283//1283
f 4020//4020 2543//2543 1285//1285
f 2544//2544 4022//4022 1286//1286
f 4023//4023 2545//2545 1286//1286
f 4025//4025 4024//4024 230//230
f 4027//4027 2546//2546 4025//4025
f 4029//4029 4028//4028 234//234
f 2547//2547 4030//4030 1288//1288
f 4032//4032 651//651 4031//4031
f 4032//4032 1291//1291 4033//4033
f 4035//4035 629//629 4034//4034
f 4035//4035 1293//1293 4036//4036
f 1295//1295 1503//1503 1294//1294
f 1501//1501 1294//1294 1503//1503
f 146//146 1502//1502 654//654
f 656//656 655//655 657//657
f 3579//3579 658//658 4038//4038
f 3576//3576 1297//1297 4038//4038
f 3577//3577 660//660 4039//4039
f 4040//4040 1299//1299 4039//4039
f 3571//3571 664//664 4042//4042
f 668//668 667//667 1304//1304
f 1306//1306 670//670 669//669
f 670//670 1306//1306 1305//1305
f 3569//3569 673//673 1307//1307
f 4043//4043 674//674 3565//3565
f 4043//4043 1308//1308 3568//3568
f 4045//4045 676//676 4044//4044
f 4045//4045 1310//1310 3566//3566
f 1312//1312 1311//1311 677//677
f 2117//2117 1314//1314 2118//2118
f 1315//1315 682//682 681//681
f 688//688 687//687 1316//1316
f 144//144 690//690 689//689
f 1317//1317 2125//2125 2126//2126
f 1317//1317 2127//2127 2125//2125
f 3333//3333 4047//4047 2130//2130
f 1321//1321 4588//4588 698//698
f 2141//2141 1320//1320 1321//1321
f 4048//4048 700//700 3335//3335
f 1323//1323 1322//1322 702//702
f 1323//1323 703//703 1322//1322
f 1325//1325 2153//2153 1324//1324
f 2153//2153 1325//1325 705//705
f 4049//4049 1329//1329 713//713
f 4050//4050 715//715 3550//3550
f 4050//4050 1331//1331 3547//3547
f 4052//4052 719//719 4051//4051
f 4052//4052 1333//1333 4053//4053
f 3539//3539 720//720 4054//4054
f 3541//3541 1334//1334 4054//4054
f 3536//3536 721//721 4055//4055
f 3537//3537 1336//1336 4055//4055
f 4057//4057 723//723 4056//4056
f 4057//4057 1337//1337 3544//3544
f 4059//4059 1339//1339 4058//4058
f 4060//4060 724//724 4058//4058
f 4062//4062 4066//4066 1340//1340
f 2570//2570 4064//4064 4063//4063
f 4069//4069 3368//3368 4068//4068
f 4073//4073 4074//4074 2572//2572
f 3379//3379 4079//4079 289//289
f 2573//2573 4080//4080 1348//1348
f 4081//4081 2574//2574 1350//1350
f 4085//4085 4084//4084 286//286
f 2575//2575 4086//4086 3392//3392
f 4089//4089 2576//2576 1358//1358
f 4091//4091 750//750 4090//4090
f 4092//4092 1359//1359 4090//4090
f 4094//4094 726//726 4093//4093
f 4095//4095 1361//1361 4093//4093
f 1365//1365 754//754 1364//1364
f 754//754 1365//1365 753//753
f 1367//1367 756//756 1366//1366
f 756//756 1367//1367 755//755
f 758//758 1368//1368 2238//2238
f 4096//4096 760//760 3476//3476
f 4096//4096 1372//1372 3474//3474
f 4097//4097 762//762 3471//3471
f 4097//4097 1374//1374 4098//4098
f 4099//4099 765//765 3466//3466
f 1439//1439 766//766 1377//1377
f 1438//1438 767//767 1378//1378
f 768//768 3410//3410 2255//2255
f 1379//1379 769//769 4100//4100
f 3460//3460 2588//2588 4100//4100
f 4102//4102 771//771 4101//4101
f 3457//3457 2589//2589 4101//4101
f 777//777 1382//1382 2268//2268
f 778//778 170//170 779//779
f 781//781 1383//1383 780//780
f 784//784 783//783 1384//1384
f 787//787 786//786 1385//1385
f 2276//2276 789//789 1386//1386
f 792//792 1387//1387 790//790
f 1387//1387 792//792 1388//1388
f 794//794 795//795 1389//1389
f 1390//1390 798//798 1391//1391
f 2283//2283 1391//1391 798//798
f 2590//2590 3422//3422 799//799
f 2286//2286 1392//1392 1393//1393
f 800//800 802//802 1394//1394
f 1395//1395 806//806 1396//1396
f 807//807 1395//1395 1396//1396
f 2302//2302 1398//1398 4104//4104
f 814//814 4106//4106 813//813
f 1402//1402 4107//4107 1401//1401
f 1405//1405 1403//1403 2315//2315
f 1404//1404 2326//2326 1403//1403
f 815//815 1404//1404 1405//1405
f 817//817 816//816 818//818
f 820//820 2326//2326 4108//4108
f 1412//1412 1411//1411 825//825
f 1412//1412 3428//3428 1411//1411
f 1419//1419 2326//2326 821//821
f 818//818 1418//1418 1419//1419
f 1421//1421 1420//1420 819//819
f 815//815 1420//1420 1421//1421
f 1178//1178 1424//1424 599//599
f 3165//3165 1424//1424 1178//1178
f 2299//2299 1178//1178 807//807
f 2287//2287 796//796 795//795
f 794//794 3499//3499 795//795
f 3451//3451 1428//1428 4115//4115
f 1427//1427 4115//4115 1428//1428
f 2276//2276 786//786 1390//1390
f 784//784 829//829 1429//1429
f 1431//1431 1430//1430 790//790
f 781//781 1430//1430 1431//1431
f 777//777 1432//1432 779//779
f 2268//2268 783//783 1433//1433
f 3458//3458 772//772 4913//4913
f 3461//3461 770//770 4116//4116
f 3462//3462 1435//1435 4116//4116
f 2257//2257 831//831 1436//1436
f 768//768 1437//1437 773//773
f 2597//2597 4118//4118 4117//4117
f 3472//3472 762//762 4119//4119
f 3473//3473 1442//1442 4119//4119
f 3477//3477 760//760 4120//4120
f 3478//3478 1443//1443 4120//4120
f 1369//1369 2242//2242 2339//2339
f 755//755 1445//1445 2238//2238
f 1447//1447 753//753 1446//1446
f 756//756 1446//1446 753//753
f 754//754 1448//1448 1370//1370
f 4095//4095 752//752 4121//4121
f 4060//4060 1338//1338 4121//4121
f 2600//2600 4124//4124 3491//3491
f 4125//4125 742//742 3495//3495
f 4125//4125 1451//1451 3494//3494
f 3502//3502 1454//1454 4126//4126
f 4127//4127 1456//1456 3507//3507
f 4140//4140 4139//4139 2339//2339
f 4142//4142 723//723 1464//1464
f 4142//4142 1465//1465 4143//4143
f 3538//3538 2610//2610 4144//4144
f 3346//3346 718//718 4145//4145
f 3347//3347 1466//1466 4145//4145
f 1477//1477 1476//1476 706//706
f 1477//1477 703//703 1476//1476
f 827//827 4148//4148 1874//1874
f 3560//3560 700//700 4149//4149
f 1481//1481 696//696 1480//1480
f 696//696 1481//1481 2141//2141
f 2349//2349 4150//4150 607//607
f 1483//1483 1482//1482 2348//2348
f 1483//1483 2132//2132 1482//1482
f 4150//4150 2127//2127 608//608
f 685//685 687//687 2126//2126
f 2125//2125 692//692 2126//2126
f 4958//4958 692//692 1485//1485
f 1488//1488 1486//1486 689//689
f 1487//1487 682//682 1486//1486
f 2118//2118 1487//1487 1488//1488
f 2117//2117 685//685 1314//1314
f 684//684 685//685 692//692
f 836//836 673//673 678//678
f 1492//1492 670//670 677//677
f 670//670 1492//1492 1491//1491
f 667//667 2102//2102 1493//1493
f 4156//4156 2617//2617 1496//1496
f 1499//1499 838//838 1498//1498
f 656//656 1500//1500 654//654
f 1503//1503 1296//1296 2536//2536
f 509//509 1504//1504 702//702
f 509//509 653//653 1504//1504
f 4159//4159 652//652 4036//4036
f 4159//4159 1277//1277 3998//3998
f 3607//3607 3609//3609 4163//4163
f 2623//2623 4169//4169 3628//3628
f 2624//2624 4172//4172 1515//1515
f 4176//4176 625//625 4175//4175
f 4177//4177 1520//1520 4175//4175
f 4178//4178 624//624 3638//3638
f 4179//4179 621//621 3261//3261
f 4179//4179 1522//1522 3266//3266
f 314//314 307//307 177//177
f 178//178 177//177 307//307
f 844//844 317//317 312//312
f 1525//1525 363//363 186//186
f 1527//1527 1526//1526 843//843
f 183//183 843//843 1526//1526
f 185//185 186//186 1748//1748
f 843//843 6//6 1527//1527
f 181//181 187//187 1525//1525
f 177//177 189//189 314//314
f 844//844 179//179 317//317
f 842//842 841//841 180//180
f 12//12 1528//1528 195//195
f 847//847 192//192 198//198
f 192//192 847//847 845//845
f 17//17 196//196 848//848
f 18//18 848//848 202//202
f 194//194 849//849 15//15
f 195//195 846//846 205//205
f 12//12 195//195 194//194
f 1528//1528 202//202 9//9
f 2359//2359 2634//2634 4182//4182
f 2632//2632 3655//3655 4183//4183
f 3660//3660 3659//3659 2633//2633
f 3655//3655 2637//2637 4184//4184
f 2635//2635 4186//4186 4185//4185
f 3656//3656 4187//4187 2636//2636
f 4188//4188 2639//2639 3658//3658
f 2639//2639 4189//4189 3657//3657
f 2640//2640 4190//4190 2638//2638
f 4191//4191 211//211 2641//2641
f 4191//4191 1533//1533 4188//4188
f 4192//4192 1535//1535 4193//4193
f 4193//4193 2645//2645 4194//4194
f 2643//2643 3664//3664 4195//4195
f 2642//2642 3668//3668 2644//2644
f 3663//3663 2648//2648 4196//4196
f 2646//2646 4198//4198 4197//4197
f 3665//3665 4199//4199 2647//2647
f 3662//3662 2651//2651 3667//3667
f 2649//2649 4200//4200 3666//3666
f 2360//2360 4201//4201 2650//2650
f 4203//4203 2653//2653 4202//4202
f 2652//2652 3670//3670 4204//4204
f 4205//4205 3671//3671 2364//2364
f 2654//2654 4207//4207 4206//4206
f 3671//3671 4208//4208 2655//2655
f 4209//4209 2658//2658 3672//3672
f 2656//2656 4210//4210 3672//3672
f 4212//4212 4211//4211 2657//2657
f 4214//4214 2661//2661 4213//4213
f 2659//2659 3674//3674 4215//4215
f 4216//4216 3678//3678 2660//2660
f 3673//3673 2664//2664 4217//4217
f 2662//2662 4219//4219 4218//4218
f 3675//3675 4220//4220 2663//2663
f 4221//4221 2667//2667 3677//3677
f 2665//2665 4222//4222 3676//3676
f 4224//4224 4223//4223 2666//2666
f 4225//4225 2668//2668 2677//2677
f 2668//2668 2669//2669 4226//4226
f 4227//4227 3679//3679 2668//2668
f 2669//2669 4230//4230 4229//4229
f 3679//3679 4231//4231 2668//2668
f 4232//4232 2671//2671 3679//3679
f 2671//2671 4233//4233 3679//3679
f 4235//4235 4234//4234 2670//2670
f 4236//4236 2672//2672 4238//4238
f 4237//4237 2368//2368 862//862
f 2672//2672 4240//4240 4239//4239
f 2368//2368 4241//4241 862//862
f 4242//4242 2674//2674 3680//3680
f 2674//2674 4243//4243 3680//3680
f 4245//4245 4244//4244 2673//2673
f 3681//3681 2675//2675 863//863
f 3682//3682 4246//4246 223//223
f 2678//2678 3681//3681 863//863
f 4247//4247 3682//3682 4249//4249
f 2679//2679 4248//4248 1565//1565
f 4249//4249 2679//2679 1564//1564
f 2680//2680 4250//4250 1566//1566
f 864//864 4251//4251 225//225
f 4252//4252 2680//2680 1568//1568
f 4253//4253 864//864 224//224
f 2681//2681 4254//4254 1570//1570
f 4255//4255 2681//2681 1569//1569
f 4256//4256 4257//4257 4467//4467
f 2682//2682 4258//4258 1571//1571
f 3683//3683 4259//4259 4261//4261
f 4260//4260 3683//3683 226//226
f 2683//2683 4261//4261 4263//4263
f 4262//4262 2683//2683 1573//1573
f 2684//2684 4264//4264 4265//4265
f 2369//2369 4265//4265 228//228
f 4266//4266 2684//2684 1574//1574
f 2685//2685 4267//4267 1576//1576
f 227//227 2685//2685 1575//1575
f 4272//4272 2686//2686 1577//1577
f 4273//4273 866//866 229//229
f 2687//2687 4274//4274 1579//1579
f 4275//4275 2687//2687 1578//1578
f 1578//1578 1579//1579 34//34
f 2689//2689 4266//4266 867//867
f 4276//4276 2688//2688 1582//1582
f 4277//4277 3684//3684 231//231
f 2690//2690 4278//4278 4281//4281
f 4279//4279 2690//2690 1583//1583
f 4280//4280 4281//4281 32//32
f 2691//2691 4282//4282 1585//1585
f 2370//2370 2907//2907 233//233
f 4283//4283 3685//3685 4284//4284
f 4284//4284 2692//2692 1587//1587
f 4285//4285 2431//2431 35//35
f 4287//4287 2694//2694 1590//1590
f 2696//2696 4288//4288 4291//4291
f 4289//4289 2695//2695 1591//1591
f 4290//4290 4291//4291 34//34
f 4293//4293 2698//2698 4292//4292
f 2698//2698 3689//3689 4294//4294
f 4295//4295 3691//3691 2697//2697
f 3688//3688 2701//2701 4296//4296
f 2699//2699 4298//4298 4297//4297
f 2371//2371 4299//4299 2700//2700
f 4300//4300 2703//2703 3690//3690
f 2703//2703 4301//4301 870//870
f 4303//4303 4302//4302 2702//2702
f 2377//2377 2706//2706 4297//4297
f 2704//2704 3693//3693 4296//4296
f 3700//3700 3697//3697 2705//2705
f 3692//3692 2709//2709 4294//4294
f 2707//2707 4304//4304 4292//4292
f 3694//3694 4305//4305 2708//2708
f 2713//2713 2712//2712 3696//3696
f 2710//2710 4306//4306 3695//3695
f 4308//4308 4307//4307 2711//2711
f 4309//4309 4308//4308 1600//1600
f 4310//4310 4311//4311 1602//1602
f 4313//4313 2717//2717 4312//4312
f 2715//2715 3702//3702 4314//4314
f 4315//4315 3706//3706 2716//2716
f 3701//3701 2720//2720 4316//4316
f 2718//2718 4318//4318 4317//4317
f 3703//3703 4319//4319 2719//2719
f 4320//4320 2723//2723 3705//3705
f 2721//2721 4321//4321 3704//3704
f 4323//4323 4322//4322 2722//2722
f 4325//4325 2726//2726 4324//4324
f 2724//2724 3708//3708 4326//4326
f 4327//4327 3712//3712 2725//2725
f 3707//3707 2729//2729 4328//4328
f 2727//2727 4330//4330 4329//4329
f 3709//3709 4331//4331 2728//2728
f 4332//4332 2732//2732 3711//3711
f 2730//2730 4333//4333 3710//3710
f 4335//4335 4334//4334 2731//2731
f 4337//4337 2734//2734 4336//4336
f 2734//2734 3713//3713 4338//4338
f 4339//4339 883//883 2733//2733
f 3713//3713 2735//2735 4340//4340
f 2735//2735 4322//4322 4340//4340
f 3714//3714 4321//4321 2736//2736
f 4341//4341 2738//2738 883//883
f 2738//2738 4319//4319 3714//3714
f 4342//4342 4318//4318 2737//2737
f 4343//4343 2740//2740 4340//4340
f 2740//2740 3716//3716 4340//4340
f 4344//4344 3720//3720 2739//2739
f 3715//3715 2742//2742 4338//4338
f 2742//2742 4345//4345 4336//4336
f 3717//3717 4346//4346 2741//2741
f 4347//4347 2745//2745 3719//3719
f 2743//2743 4348//4348 3718//3718
f 4350//4350 4349//4349 2744//2744
f 4352//4352 2747//2747 4351//4351
f 4354//4354 3726//3726 2746//2746
f 3721//3721 2748//2748 4355//4355
f 2748//2748 4357//4357 4356//4356
f 3723//3723 4358//4358 2749//2749
f 4359//4359 2751//2751 3725//3725
f 2751//2751 4360//4360 3724//3724
f 4362//4362 4361//4361 2750//2750
f 4363//4363 2754//2754 4356//4356
f 2752//2752 3728//3728 4355//4355
f 4364//4364 3732//3732 2753//2753
f 3727//3727 2757//2757 4353//4353
f 2755//2755 4365//4365 4351//4351
f 3729//3729 4366//4366 2756//2756
f 4367//4367 2760//2760 3731//3731
f 2758//2758 4368//4368 3730//3730
f 4370//4370 4369//4369 2759//2759
f 2761//2761 3733//3733 4372//4372
f 3733//3733 2765//2765 4374//4374
f 2763//2763 4376//4376 4375//4375
f 2392//2392 258//258 2764//2764
f 3734//3734 4378//4378 891//891
f 4380//4380 4379//4379 2766//2766
f 4381//4381 2769//2769 4375//4375
f 2767//2767 3736//3736 4374//4374
f 4382//4382 3740//3740 2768//2768
f 3735//3735 2761//2761 4372//4372
f 3737//3737 4383//4383 2770//2770
f 4384//4384 2773//2773 3739//3739
f 2771//2771 4385//4385 3738//3738
f 4387//4387 4386//4386 2772//2772
f 2774//2774 4388//4388 1639//1639
f 894//894 1639//1639 263//263
f 2761//2761 2774//2774 1640//1640
f 4389//4389 2775//2775 1641//1641
f 2776//2776 2761//2761 1643//1643
f 3742//3742 4390//4390 265//265
f 4391//4391 3741//3741 264//264
f 2777//2777 265//265 1646//1646
f 4392//4392 2777//2777 1645//1645
f 4393//4393 4394//4394 51//51
f 2779//2779 3743//3743 895//895
f 4395//4395 2778//2778 1649//1649
f 4396//4396 3745//3745 267//267
f 2780//2780 4397//4397 1651//1651
f 267//267 2780//2780 1650//1650
f 2782//2782 4398//4398 1652//1652
f 2397//2397 4399//4399 270//270
f 4400//4400 2784//2784 269//269
f 2784//2784 4401//4401 1654//1654
f 4403//4403 4404//4404 52//52
f 3746//3746 4406//4406 273//273
f 1647//1647 2785//2785 4407//4407
f 4407//4407 2785//2785 272//272
f 2786//2786 4408//4408 4411//4411
f 4409//4409 2786//2786 4410//4410
f 4410//4410 4411//4411 54//54
f 2788//2788 4412//4412 1655//1655
f 3748//3748 4413//4413 275//275
f 2401//2401 2787//2787 900//900
f 3750//3750 3747//3747 274//274
f 2790//2790 4414//4414 1657//1657
f 4415//4415 2789//2789 1656//1656
f 2792//2792 4416//4416 55//55
f 4418//4418 4417//4417 56//56
f 4415//4415 4419//4419 274//274
f 4421//4421 2794//2794 4420//4420
f 4423//4423 3756//3756 2793//2793
f 3752//3752 2805//2805 4424//4424
f 3754//3754 4425//4425 2795//2795
f 4426//4426 2797//2797 3755//3755
f 2797//2797 3760//3760 3755//3755
f 4427//4427 2404//2404 2796//2796
f 4429//4429 2799//2799 4428//4428
f 4430//4430 3759//3759 2798//2798
f 3757//3757 2801//2801 4431//4431
f 2801//2801 4432//4432 4431//4431
f 2403//2403 4433//4433 2800//2800
f 4434//4434 2804//2804 3758//3758
f 2802//2802 4435//4435 3758//3758
f 4437//4437 4436//4436 2803//2803
f 4438//4438 1663//1663 4425//4425
f 4439//4439 1671//1671 4440//4440
f 4437//4437 2809//2809 4441//4441
f 2807//2807 3764//3764 4442//4442
f 4434//4434 3768//3768 2808//2808
f 3763//3763 2812//2812 4443//4443
f 2810//2810 2405//2405 4444//4444
f 3765//3765 3762//3762 2811//2811
f 4430//4430 2815//2815 3767//3767
f 2813//2813 2806//2806 3766//3766
f 4429//4429 4440//4440 2814//2814
f 4427//4427 2818//2818 4444//4444
f 2816//2816 3769//3769 4443//4443
f 4426//4426 3773//3773 2817//2817
f 2819//2819 4436//4436 4441//4441
f 3770//3770 4435//4435 2820//2820
f 4423//4423 2823//2823 3772//3772
f 2823//2823 4433//4433 3771//3771
f 4421//4421 4432//4432 2822//2822
f 2824//2824 4416//4416 1657//1657
f 911//911 4414//4414 275//275
f 4403//4403 911//911 4402//4402
f 4402//4402 910//910 269//269
f 2826//2826 4413//4413 1655//1655
f 4400//4400 2825//2825 1653//1653
f 3774//3774 4408//4408 273//273
f 4418//4418 2827//2827 1659//1659
f 2791//2791 2827//2827 276//276
f 2828//2828 4406//4406 4405//4405
f 3751//3751 2828//2828 899//899
f 2400//2400 4405//4405 53//53
f 2830//2830 4404//4404 1654//1654
f 2831//2831 2829//2829 914//914
f 913//913 4401//4401 270//270
f 4393//4393 2831//2831 1645//1645
f 4392//4392 913//913 264//264
f 2832//2832 4399//4399 1652//1652
f 4391//4391 2832//2832 1644//1644
f 1644//1644 4398//4398 50//50
f 3776//3776 1679//1679 1651//1651
f 3778//3778 4397//4397 268//268
f 4409//4409 3777//3777 272//272
f 2834//2834 4394//4394 1646//1646
f 4386//4386 2835//2835 1637//1637
f 4385//4385 915//915 260//260
f 2836//2836 4390//4390 1643//1643
f 4383//4383 2836//2836 1636//1636
f 916//916 1642//1642 263//263
f 4396//4396 2837//2837 1649//1649
f 4395//4395 4388//4388 50//50
f 2840//2840 4387//4387 1638//1638
f 2842//2842 2839//2839 920//920
f 3780//3780 4384//4384 261//261
f 4369//4369 2841//2841 1629//1629
f 4368//4368 3779//3779 255//255
f 2843//2843 4382//4382 1635//1635
f 4366//4366 2843//2843 1628//1628
f 4365//4365 4381//4381 4351//4351
f 3781//3781 4380//4380 1634//1634
f 3783//3783 4377//4377 259//259
f 4389//4389 3782//3782 262//262
f 2845//2845 4373//4373 4371//4371
f 262//262 2844//2844 1640//1640
f 4370//4370 2848//2848 4445//4445
f 2846//2846 3784//3784 4445//4445
f 4367//4367 3787//3787 2847//2847
f 3784//3784 4349//4349 1682//1682
f 3787//3787 4348//4348 2849//2849
f 4364//4364 2852//2852 3786//3786
f 2850//2850 4346//4346 3785//3785
f 4363//4363 4345//4345 2851//2851
f 4362//4362 2853//2853 291//291
f 4359//4359 3788//3788 2853//2853
f 2853//2853 4379//4379 291//291
f 3788//3788 4378//4378 2853//2853
f 4354//4354 2855//2855 3788//3788
f 2855//2855 258//258 3788//3788
f 4352//4352 4376//4376 2854//2854
f 4350//4350 2858//2858 4446//4446
f 2856//2856 3790//3790 4447//4447
f 4347//4347 3794//3794 2857//2857
f 3789//3789 2861//2861 4448//4448
f 2859//2859 4334//4334 4449//4449
f 3791//3791 4333//4333 2860//2860
f 4344//4344 2864//2864 3793//3793
f 2862//2862 4331//4331 3792//3792
f 4343//4343 4330//4330 2863//2863
f 4342//4342 2866//2866 4450//4450
f 2866//2866 3795//3795 293//293
f 4341//4341 3797//3797 2865//2865
f 3795//3795 2868//2868 1685//1685
f 2868//2868 4361//4361 1685//1685
f 2419//2419 4360//4360 2867//2867
f 4339//4339 2871//2871 3796//3796
f 2869//2869 4358//4358 928//928
f 4337//4337 4357//4357 2870//2870
f 4335//4335 2874//2874 4451//4451
f 2872//2872 3799//3799 4452//4452
f 4332//4332 3803//3803 2873//2873
f 3798//3798 2877//2877 4453//4453
f 2875//2875 4455//4455 4454//4454
f 3800//3800 2881//2881 2876//2876
f 4327//4327 2880//2880 3802//3802
f 2878//2878 3806//3806 3801//3801
f 4325//4325 2425//2425 2879//2879
f 4456//4456 4455//4455 1688//1688
f 4457//4457 4458//4458 1690//1690
f 4323//4323 2885//2885 4329//4329
f 2883//2883 3807//3807 4328//4328
f 4320//4320 3811//3811 2884//2884
f 3807//3807 2888//2888 4326//4326
f 2886//2886 2426//2426 4324//4324
f 3808//3808 3805//3805 2887//2887
f 4315//4315 2891//2891 3810//3810
f 2889//2889 4458//4458 3809//3809
f 4313//4313 2882//2882 2890//2890
f 4303//4303 2893//2893 4459//4459
f 2892//2892 3812//3812 4459//4459
f 4300//4300 2428//2428 937//937
f 3812//3812 2895//2895 4460//4460
f 2895//2895 4307//4307 4461//4461
f 2428//2428 4306//4306 2894//2894
f 4295//4295 2897//2897 3813//3813
f 2897//2897 4305//4305 3813//3813
f 4293//4293 4304//4304 2896//2896
f 2714//2714 2900//2900 297//297
f 2898//2898 3814//3814 297//297
f 4311//4311 3817//3817 2899//2899
f 2901//2901 4302//4302 1691//1691
f 3815//3815 4301//4301 2902//2902
f 3699//3699 2904//2904 3816//3816
f 2904//2904 4299//4299 3816//3816
f 2378//2378 4298//4298 2903//2903
f 4463//4463 298//298 4462//4462
f 4282//4282 4754//4754 4464//4464
f 2905//2905 1692//1692 4464//4464
f 941//941 2430//2430 939//939
f 3821//3821 3818//3818 298//298
f 4290//4290 941//941 1591//1591
f 4289//4289 3821//3821 235//235
f 2908//2908 4463//4463 1693//1693
f 235//235 2908//2908 1590//1590
f 4287//4287 2906//2906 36//36
f 3822//3822 4274//4274 4271//4271
f 4285//4285 943//943 1587//1587
f 2909//2909 4271//4271 4270//4270
f 4283//4283 2909//2909 1586//1586
f 1586//1586 4270//4270 33//33
f 3825//3825 4288//4288 4286//4286
f 4280//4280 3823//3823 1583//1583
f 4279//4279 3824//3824 231//231
f 2911//2911 4286//4286 1588//1588
f 4277//4277 2911//2911 1582//1582
f 4275//4275 3826//3826 229//229
f 2914//2914 4259//4259 1571//1571
f 4273//4273 2913//2913 1577//1577
f 4272//4272 4258//4258 31//31
f 3827//3827 4278//4278 232//232
f 4268//4268 2915//2915 1575//1575
f 948//948 232//232 1580//1580
f 227//227 948//948 1574//1574
f 2916//2916 4269//4269 1565//1565
f 3829//3829 4248//4248 223//223
f 4262//4262 3828//3828 226//226
f 2917//2917 4246//4246 1562//1562
f 4260//4260 2917//2917 1572//1572
f 1572//1572 1562//1562 4730//4730
f 2918//2918 3831//3831 4465//4465
f 4267//4267 3833//3833 2919//2919
f 2920//2920 4256//4256 4466//4466
f 2435//2435 4255//4255 2921//2921
f 4265//4265 2923//2923 3832//3832
f 2923//2923 4253//4253 2436//2436
f 4264//4264 4252//4252 2922//2922
f 4235//4235 2926//2926 4466//4466
f 2924//2924 3834//3834 300//300
f 4232//4232 3835//3835 2925//2925
f 4227//4227 2927//2927 3835//3835
f 2927//2927 4247//4247 3835//3835
f 4225//4225 2677//2677 2927//2927
f 4257//4257 2930//2930 4467//4467
f 2928//2928 3837//3837 4468//4468
f 4254//4254 3841//3841 2929//2929
f 3836//3836 2933//2933 4469//4469
f 2931//2931 4244//4244 4470//4470
f 3838//3838 4243//4243 2932//2932
f 4251//4251 2936//2936 3840//3840
f 2934//2934 4241//4241 3839//3839
f 4250//4250 4240//4240 2935//2935
f 4212//4212 2939//2939 4470//4470
f 2937//2937 3842//3842 4469//4469
f 4209//4209 3846//3846 2938//2938
f 2940//2940 4234//4234 4467//4467
f 3843//3843 4233//4233 2941//2941
f 4205//4205 2945//2945 3845//3845
f 2943//2943 4231//4231 3844//3844
f 4203//4203 4230//4230 2944//2944
f 4245//4245 2947//2947 1700//1700
f 2947//2947 3848//3848 4471//4471
f 4242//4242 3852//3852 2946//2946
f 2948//2948 4223//4223 1701//1701
f 3849//3849 4222//4222 957//957
f 4237//4237 2950//2950 3851//3851
f 2950//2950 4220//4220 3850//3850
f 4236//4236 4219//4219 2949//2949
f 4472//4472 2952//2952 1701//1701
f 4473//4473 3856//3856 2951//2951
f 3853//3853 2954//2954 4471//4471
f 2954//2954 4211//4211 1700//1700
f 3855//3855 4210//4210 2953//2953
f 4474//4474 2956//2956 959//959
f 4475//4475 4207//4207 2955//2955
f 4224//4224 2959//2959 4185//4185
f 2957//2957 3858//3858 4184//4184
f 4221//4221 3862//3862 2958//2958
f 3857//3857 2962//2962 4183//4183
f 2960//2960 4201//4201 4182//4182
f 3859//3859 4200//4200 2961//2961
f 4216//4216 2965//2965 3861//3861
f 2963//2963 4199//4199 3860//3860
f 4214//4214 4198//4198 2964//2964
f 4475//4475 2968//2968 4476//4476
f 2966//2966 3864//3864 4477//4477
f 4474//4474 3868//3868 2967//2967
f 3863//3863 2971//2971 4478//4478
f 2969//2969 4190//4190 4479//4479
f 3865//3865 4189//4189 2970//2970
f 4473//4473 2974//2974 3867//3867
f 2972//2972 4187//4187 3866//3866
f 4472//4472 4186//4186 2973//2973
f 1707//1707 62//62 310//310
f 3//3 1707//1707 311//311
f 312//312 972//972 62//62
f 968//968 969//969 63//63
f 1089//1089 63//63 969//969
f 319//319 1708//1708 318//318
f 966//966 318//318 1708//1708
f 1709//1709 2453//2453 62//62
f 2453//2453 1710//1710 310//310
f 4480//4480 310//310 1710//1710
f 968//968 4481//4481 321//321
f 321//321 972//972 322//322
f 972//972 321//321 1709//1709
f 970//970 324//324 1711//1711
f 64//64 1711//1711 324//324
f 324//324 971//971 315//315
f 326//326 1713//1713 325//325
f 1712//1712 325//325 1713//1713
f 319//319 968//968 322//322
f 966//966 1708//1708 972//972
f 328//328 1711//1711 64//64
f 1711//1711 328//328 974//974
f 323//323 327//327 1714//1714
f 65//65 973//973 328//328
f 973//973 65//65 1715//1715
f 328//328 976//976 65//65
f 1716//1716 65//65 976//976
f 330//330 1718//1718 329//329
f 1717//1717 329//329 1718//1718
f 64//64 1719//1719 328//328
f 975//975 328//328 1719//1719
f 977//977 1084//1084 331//331
f 66//66 331//331 1084//1084
f 1080//1080 1721//1721 1720//1720
f 332//332 1720//1720 1721//1721
f 335//335 979//979 66//66
f 334//334 1083//1083 333//333
f 337//337 1723//1723 336//336
f 1723//1723 337//337 1746//1746
f 67//67 980//980 968//968
f 980//980 67//67 1081//1081
f 1082//1082 981//981 1724//1724
f 982//982 1724//1724 981//981
f 1725//1725 68//68 1724//1724
f 68//68 1725//1725 65//65
f 3909//3909 339//339 4482//4482
f 2977//2977 1726//1726 4482//4482
f 1079//1079 2491//2491 1727//1727
f 4484//4484 341//341 2980//2980
f 4485//4485 1077//1077 2490//2490
f 1729//1729 986//986 968//968
f 985//985 1075//1075 968//968
f 2488//2488 968//968 1075//1075
f 1731//1731 1730//1730 344//344
f 343//343 344//344 1730//1730
f 2489//2489 345//345 69//69
f 345//345 1076//1076 987//987
f 987//987 63//63 345//345
f 63//63 987//987 1073//1073
f 1733//1733 346//346 347//347
f 346//346 1733//1733 1732//1732
f 1072//1072 989//989 63//63
f 968//968 63//63 989//989
f 988//988 1734//1734 968//968
f 1736//1736 1735//1735 349//349
f 348//348 349//349 1735//1735
f 3903//3903 351//351 4486//4486
f 2984//2984 1737//1737 4486//4486
f 4487//4487 1738//1738 3043//3043
f 4488//4488 70//70 1066//1066
f 3902//3902 4489//4489 352//352
f 4490//4490 1741//1741 4491//4491
f 1740//1740 2988//2988 2486//2486
f 1743//1743 70//70 72//72
f 70//70 1743//1743 1742//1742
f 1067//1067 356//356 355//355
f 356//356 1067//1067 1742//1742
f 4492//4492 3036//3036 2989//2989
f 4492//4492 2485//2485 3901//3901
f 1064//1064 4493//4493 358//358
f 1745//1745 4494//4494 359//359
f 978//978 360//360 1746//1746
f 995//995 329//329 1717//1717
f 360//360 995//995 1746//1746
f 995//995 1716//1716 329//329
f 1063//1063 65//65 1716//1716
f 66//66 1063//1063 360//360
f 5//5 362//362 364//364
f 184//184 364//364 362//362
f 367//367 79//79 996//996
f 6//6 367//367 1747//1747
f 80//80 372//372 368//368
f 374//374 362//362 375//375
f 4495//4495 366//366 79//79
f 366//366 4495//4495 998//998
f 998//998 80//80 366//366
f 80//80 998//998 1749//1749
f 4496//4496 376//376 377//377
f 376//376 1750//1750 997//997
f 378//378 1751//1751 376//376
f 1749//1749 376//376 1751//1751
f 372//372 80//80 1751//1751
f 1752//1752 380//380 999//999
f 1753//1753 1754//1754 1759//1759
f 370//370 999//999 380//380
f 999//999 370//370 1754//1754
f 1756//1756 379//379 1755//1755
f 379//379 1756//1756 1758//1758
f 1000//1000 380//380 1757//1757
f 380//380 1000//1000 371//371
f 1758//1758 371//371 1000//1000
f 378//378 997//997 375//375
f 1759//1759 381//381 1753//1753
f 1001//1001 380//380 1752//1752
f 1760//1760 81//81 1002//1002
f 380//380 1002//1002 81//81
f 1762//1762 382//382 1761//1761
f 382//382 1762//1762 383//383
f 1003//1003 81//81 1763//1763
f 81//81 1003//1003 380//380
f 1764//1764 380//380 1003//1003
f 384//384 1055//1055 1005//1005
f 1004//1004 83//83 384//384
f 83//83 1004//1004 1765//1765
f 386//386 1055//1055 1006//1006
f 1768//1768 1052//1052 1767//1767
f 1769//1769 1767//1767 1052//1052
f 1007//1007 997//997 1769//1769
f 1771//1771 385//385 81//81
f 385//385 1771//1771 1770//1770
f 1054//1054 1770//1770 387//387
f 1008//1008 387//387 1770//1770
f 2482//2482 4497//4497 84//84
f 2996//2996 4497//4497 1772//1772
f 3898//3898 4498//4498 388//388
f 2995//2995 4498//4498 1772//1772
f 1049//1049 1773//1773 85//85
f 4500//4500 2479//2479 1047//1047
f 4500//4500 3001//3001 84//84
f 3000//3000 3900//3900 1050//1050
f 997//997 1045//1045 1015//1015
f 997//997 1015//1015 1774//1774
f 4501//4501 393//393 394//394
f 393//393 1776//1776 1775//1775
f 1043//1043 3005//3005 1759//1759
f 1016//1016 1048//1048 1759//1759
f 2480//2480 1759//1759 1048//1048
f 1778//1778 1777//1777 396//396
f 4502//4502 396//396 1777//1777
f 997//997 1779//1779 1018//1018
f 1017//1017 1759//1759 997//997
f 1759//1759 1017//1017 1044//1044
f 1781//1781 397//397 398//398
f 397//397 1781//1781 1780//1780
f 4503//4503 4517//4517 1783//1783
f 3893//3893 4504//4504 399//399
f 3009//3009 4504//4504 1782//1782
f 4505//4505 86//86 3010//3010
f 4505//4505 1036//1036 2474//2474
f 4506//4506 2475//2475 1037//1037
f 4507//4507 4508//4508 1785//1785
f 4507//4507 3012//3012 403//403
f 1035//1035 404//404 1786//1786
f 404//404 1035//1035 405//405
f 1787//1787 87//87 1786//1786
f 87//87 1787//1787 88//88
f 4509//4509 2473//2473 1033//1033
f 4510//4510 3891//3891 1038//1038
f 4510//4510 3014//3014 3021//3021
f 4511//4511 3020//3020 3015//3015
f 4511//4511 3015//3015 1026//1026
f 4512//4512 3018//3018 1790//1790
f 4512//4512 1790//1790 1789//1789
f 82//82 1791//1791 83//83
f 1792//1792 1763//1763 81//81
f 1030//1030 382//382 1763//1763
f 1028//1028 1761//1761 382//382
f 1791//1791 82//82 1761//1761
f 1027//1027 1791//1791 1028//1028
f 1055//1055 1029//1029 1792//1792
f 4513//4513 3017//3017 1790//1790
f 4513//4513 1790//1790 1032//1032
f 4514//4514 3015//3015 1787//1787
f 92//92 1025//1025 1793//1793
f 1789//1789 3021//3021 408//408
f 3021//3021 1789//1789 1793//1793
f 1023//1023 401//401 1794//1794
f 401//401 1023//1023 405//405
f 2469//2469 4661//4661 1794//1794
f 4661//4661 2469//2469 3109//3109
f 2470//2470 2471//2471 4663//4663
f 2471//2471 1021//1021 1795//1795
f 3889//3889 403//403 406//406
f 403//403 2472//2472 1795//1795
f 1020//1020 399//399 1796//1796
f 399//399 3885//3885 3892//3892
f 3024//3024 3109//3109 1796//1796
f 3109//3109 2468//2468 91//91
f 1041//1041 1022//1022 4663//4663
f 4515//4515 3008//3008 1783//1783
f 4515//4515 4508//4508 402//402
f 1781//1781 407//407 90//90
f 407//407 1781//1781 1042//1042
f 1042//1042 88//88 407//407
f 88//88 1042//1042 1775//1775
f 1779//1779 393//393 398//398
f 393//393 1779//1779 1774//1774
f 1778//1778 90//90 89//89
f 90//90 1778//1778 1797//1797
f 1780//1780 396//396 397//397
f 396//396 1780//1780 1797//1797
f 4516//4516 1776//1776 4501//4501
f 1798//1798 1012//1012 2467//2467
f 4517//4517 3031//3031 89//89
f 4518//4518 4502//4502 1777//1777
f 4520//4520 1010//1010 2465//2465
f 2464//2464 4517//4517 86//86
f 3883//3883 4521//4521 3900//3900
f 3033//3033 4521//4521 1799//1799
f 1771//1771 1760//1760 1008//1008
f 381//381 1008//1008 1760//1760
f 1052//1052 1800//1800 1051//1051
f 1765//1765 1051//1051 1800//1800
f 83//83 1768//1768 82//82
f 1768//1768 83//83 1800//1800
f 1053//1053 387//387 2480//2480
f 412//412 84//84 85//85
f 1764//1764 379//379 1757//1757
f 379//379 1764//1764 383//383
f 1056//1056 2484//2484 1755//1755
f 2484//2484 1056//1056 413//413
f 1762//1762 413//413 1057//1057
f 413//413 1762//1762 82//82
f 1769//1769 997//997 414//414
f 1058//1058 82//82 1767//1767
f 82//82 1058//1058 413//413
f 1801//1801 413//413 1059//1059
f 413//413 1801//1801 2484//2484
f 1802//1802 374//374 1754//1754
f 1802//1802 370//370 362//362
f 1758//1758 364//364 371//371
f 1756//1756 364//364 1758//1758
f 364//364 1756//1756 1803//1803
f 1750//1750 414//414 997//997
f 414//414 4496//4496 377//377
f 1060//1060 2484//2484 1801//1801
f 4495//4495 2484//2484 1060//1060
f 2484//2484 4495//4495 79//79
f 373//373 364//364 1803//1803
f 368//368 7//7 1061//1061
f 80//80 368//368 1747//1747
f 65//65 1063//1063 68//68
f 992//992 4522//4522 76//76
f 4522//4522 4523//4523 415//415
f 2992//2992 4523//4523 3035//3035
f 1743//1743 4524//4524 356//356
f 1745//1745 3036//3036 1804//1804
f 3036//3036 1745//1745 359//359
f 994//994 78//78 1804//1804
f 78//78 2463//2463 77//77
f 990//990 76//76 75//75
f 76//76 990//990 1805//1805
f 993//993 2986//2986 355//355
f 2986//2986 993//993 1805//1805
f 3878//3878 353//353 1806//1806
f 353//353 3878//3878 357//357
f 2461//2461 77//77 1806//1806
f 77//77 2461//2461 416//416
f 2459//2459 75//75 74//74
f 75//75 3039//3039 1807//1807
f 3876//3876 351//351 352//352
f 351//351 3876//3876 1807//1807
f 4491//4491 4525//4525 354//354
f 2985//2985 4525//4525 1738//1738
f 1731//1731 1071//1071 72//72
f 358//358 72//72 1071//1071
f 1070//1070 1735//1735 358//358
f 1729//1729 1734//1734 344//344
f 348//348 344//344 1734//1734
f 1736//1736 346//346 1808//1808
f 346//346 1736//1736 349//349
f 1732//1732 358//358 1808//1808
f 358//358 1732//1732 73//73
f 4527//4527 343//343 1730//1730
f 4529//4529 73//73 3045//3045
f 4529//4529 984//984 2458//2458
f 4531//4531 3871//3871 2456//2456
f 3872//3872 342//342 4532//4532
f 1714//1714 345//345 63//63
f 345//345 1714//1714 69//69
f 1715//1715 982//982 327//327
f 982//982 1715//1715 1725//1725
f 1720//1720 978//978 337//337
f 334//334 69//69 981//981
f 67//67 2491//2491 1721//1721
f 335//335 417//417 1722//1722
f 1712//1712 420//420 1086//1086
f 330//330 1719//1719 325//325
f 1746//1746 1718//1718 420//420
f 1085//1085 420//420 1718//1718
f 420//420 1088//1088 1746//1746
f 1723//1723 1746//1746 1088//1088
f 418//418 968//968 336//336
f 1087//1087 420//420 1809//1809
f 318//318 315//315 1090//1090
f 420//420 1713//1713 419//419
f 326//326 419//419 1713//1713
f 1809//1809 420//420 1092//1092
f 968//968 418//418 4481//4481
f 4480//4480 1710//1710 420//420
f 1091//1091 420//420 1710//1710
f 61//61 420//420 1093//1093
f 966//966 180//180 307//307
f 61//61 1706//1706 967//967
f 306//306 305//305 1706//1706
f 423//423 421//421 1816//1816
f 421//421 423//423 1094//1094
f 1811//1811 422//422 423//423
f 422//422 1811//1811 1810//1810
f 424//424 1812//1812 1096//1096
f 2494//2494 93//93 424//424
f 93//93 1095//1095 1813//1813
f 3244//3244 1814//1814 93//93
f 1262//1262 426//426 1814//1814
f 3912//3912 1815//1815 426//426
f 3054//3054 427//427 3912//3912
f 429//429 3056//3056 1818//1818
f 1097//1097 1819//1819 4536//4536
f 1097//1097 4537//4537 1819//1819
f 4538//4538 1097//1097 429//429
f 472//472 3057//3057 4538//4538
f 4539//4539 2495//2495 1821//1821
f 3058//3058 4542//4542 3053//3053
f 3060//3060 1823//1823 2495//2495
f 4545//4545 4544//4544 3059//3059
f 4547//4547 3061//3061 4546//4546
f 3062//3062 4550//4550 4549//4549
f 3914//3914 4550//4550 3062//3062
f 436//436 95//95 1827//1827
f 95//95 436//436 435//435
f 435//435 436//436 96//96
f 1848//1848 449//449 1829//1829
f 1253//1253 438//438 97//97
f 1832//1832 1099//1099 1253//1253
f 1099//1099 1833//1833 438//438
f 1831//1831 1830//1830 1098//1098
f 416//416 1831//1831 1832//1832
f 2520//2520 440//440 98//98
f 3916//3916 97//97 440//440
f 1100//1100 1254//1254 3916//3916
f 3236//3236 1100//1100 442//442
f 3063//3063 441//441 1100//1100
f 4552//4552 1835//1835 3236//3236
f 2523//2523 1101//1101 2524//2524
f 1101//1101 1252//1252 443//443
f 2522//2522 443//443 1252//1252
f 4553//4553 1836//1836 3064//3064
f 3238//3238 3064//3064 1836//1836
f 3067//3067 98//98 451//451
f 4554//4554 445//445 1839//1839
f 1102//1102 2521//2521 1251//1251
f 1102//1102 1251//1251 447//447
f 3071//3071 4555//4555 3237//3237
f 3235//3235 3070//3070 1841//1841
f 1841//1841 3237//3237 76//76
f 448//448 449//449 97//97
f 2524//2524 1842//1842 1833//1833
f 454//454 98//98 449//449
f 450//450 1843//1843 1844//1844
f 3075//3075 4556//4556 457//457
f 4557//4557 4556//4556 1849//1849
f 4558//4558 2496//2496 1105//1105
f 4558//4558 4559//4559 1829//1829
f 4560//4560 4561//4561 1853//1853
f 4562//4562 1848//1848 1855//1855
f 1857//1857 4563//4563 460//460
f 459//459 4563//4563 1856//1856
f 4564//4564 4565//4565 1860//1860
f 4567//4567 4566//4566 100//100
f 4568//4568 4566//4566 3083//3083
f 4570//4570 4569//4569 464//464
f 4572//4572 1864//1864 4573//4573
f 4574//4574 4562//4562 3086//3086
f 4574//4574 1865//1865 4575//4575
f 4577//4577 4576//4576 4575//4575
f 4578//4578 4576//4576 1867//1867
f 4580//4580 4579//4579 468//468
f 4581//4581 4579//4579 1868//1868
f 1115//1115 469//469 3227//3227
f 1870//1870 1115//1115 3227//3227
f 470//470 101//101 1113//1113
f 1946//1946 470//470 1114//1114
f 4582//4582 477//477 2501//2501
f 4583//4583 4582//4582 1116//1116
f 1872//1872 1871//1871 102//102
f 1118//1118 3227//3227 1871//1871
f 473//473 3227//3227 1118//1118
f 1873//1873 1117//1117 1872//1872
f 105//105 473//473 1873//1873
f 3924//3924 474//474 3445//3445
f 3091//3091 1875//1875 474//474
f 4585//4585 1876//1876 3091//3091
f 3092//3092 3925//3925 1874//1874
f 1877//1877 4585//4585 3925//3925
f 4586//4586 1877//1877 1878//1878
f 1119//1119 475//475 103//103
f 1119//1119 1879//1879 475//475
f 476//476 102//102 1879//1879
f 478//478 1121//1121 101//101
f 471//471 477//477 1121//1121
f 472//472 1120//1120 478//478
f 472//472 471//471 1120//1120
f 11//11 1828//1828 1880//1880
f 1881//1881 484//484 1828//1828
f 1964//1964 485//485 486//486
f 1122//1122 486//486 485//485
f 577//577 1883//1883 1964//1964
f 1882//1882 1964//1964 1883//1883
f 487//487 1882//1882 488//488
f 1882//1882 487//487 1884//1884
f 1225//1225 3214//3214 489//489
f 3213//3213 491//491 1885//1885
f 1886//1886 1225//1225 492//492
f 108//108 496//496 1886//1886
f 493//493 577//577 1887//1887
f 1887//1887 496//496 493//493
f 582//582 1887//1887 577//577
f 495//495 1885//1885 1888//1888
f 109//109 495//495 496//496
f 498//498 1889//1889 497//497
f 582//582 110//110 498//498
f 502//502 501//501 109//109
f 501//501 502//502 1123//1123
f 111//111 1890//1890 110//110
f 1890//1890 111//111 1891//1891
f 1124//1124 1890//1890 503//503
f 1890//1890 1124//1124 1892//1892
f 4589//4589 1893//1893 1125//1125
f 4590//4590 505//505 1127//1127
f 1896//1896 4590//4590 3093//3093
f 4592//4592 1897//1897 3094//3094
f 4593//4593 4592//4592 3926//3926
f 1128//1128 1898//1898 509//509
f 4595//4595 105//105 1898//1898
f 3927//3927 510//510 1900//1900
f 3098//3098 1901//1901 510//510
f 4598//4598 112//112 1901//1901
f 4599//4599 1902//1902 1129//1129
f 4600//4600 513//513 3202//3202
f 4600//4600 1905//1905 4601//4601
f 4602//4602 115//115 3200//3200
f 4602//4602 3102//3102 4646//4646
f 519//519 517//517 1217//1217
f 116//116 521//521 1132//1132
f 1133//1133 1909//1909 522//522
f 1212//1212 117//117 1909//1909
f 1911//1911 1133//1133 1908//1908
f 1910//1910 1212//1212 1133//1133
f 4663//4663 1910//1910 1911//1911
f 3103//3103 522//522 534//534
f 3962//3962 3103//3103 1213//1213
f 3928//3928 1912//1912 3103//3103
f 3198//3198 1134//1134 3962//3962
f 3104//3104 523//523 1134//1134
f 3105//3105 1914//1914 524//524
f 3195//3195 525//525 3105//3105
f 534//534 1209//1209 1135//1135
f 534//534 1135//1135 1214//1214
f 3196//3196 3108//3108 527//527
f 3108//3108 3196//3196 1915//1915
f 4603//4603 1916//1916 529//529
f 3193//3193 529//529 1916//1916
f 3116//3116 3194//3194 1918//1918
f 3961//3961 3929//3929 531//531
f 4604//4604 3117//3117 1920//1920
f 3197//3197 4605//4605 4661//4661
f 532//532 117//117 1132//1132
f 1217//1217 1922//1922 1132//1132
f 1923//1923 1924//1924 533//533
f 1925//1925 1907//1907 2007//2007
f 2007//2007 1137//1137 539//539
f 1927//1927 539//539 1138//1138
f 539//539 1927//1927 1205//1205
f 3118//3118 4607//4607 519//519
f 4608//4608 4609//4609 1928//1928
f 4608//4608 4610//4610 544//544
f 4613//4613 4612//4612 547//547
f 4614//4614 4612//4612 3124//3124
f 1140//1140 3125//3125 116//116
f 4616//4616 4617//4617 1930//1930
f 4616//4616 4618//4618 548//548
f 4619//4619 1931//1931 4620//4620
f 4621//4621 1932//1932 121//121
f 4624//4624 4625//4625 1935//1935
f 4624//4624 4626//4626 551//551
f 4629//4629 4630//4630 1937//1937
f 4631//4631 4623//4623 1938//1938
f 4631//4631 4632//4632 122//122
f 4633//4633 4634//4634 1941//1941
f 4633//4633 4635//4635 554//554
f 1943//1943 1942//1942 123//123
f 556//556 1151//1151 1943//1943
f 1149//1149 1944//1944 1942//1942
f 1945//1945 124//124 1944//1944
f 1946//1946 1150//1150 556//556
f 1946//1946 1945//1945 1150//1150
f 1152//1152 472//472 1947//1947
f 4637//4637 1152//1152 4636//4636
f 3141//3141 557//557 1152//1152
f 1949//1949 1950//1950 124//124
f 559//559 1156//1156 1949//1949
f 1951//1951 125//125 1950//1950
f 558//558 1951//1951 1154//1154
f 1953//1953 1155//1155 559//559
f 1952//1952 558//558 1155//1155
f 105//105 1952//1952 1953//1953
f 4638//4638 1954//1954 127//127
f 3142//3142 1955//1955 1954//1954
f 3142//3142 94//94 1955//1955
f 4639//4639 3142//3142 4638//4638
f 2316//2316 560//560 4639//4639
f 1958//1958 1158//1158 125//125
f 561//561 126//126 1157//1157
f 1998//1998 561//561 1157//1157
f 1947//1947 1159//1159 1959//1959
f 562//562 123//123 1959//1959
f 472//472 562//562 1159//1159
f 107//107 1160//1160 564//564
f 564//564 1188//1188 481//481
f 568//568 1161//1161 565//565
f 489//489 566//566 107//107
f 566//566 489//489 130//130
f 515//515 568//568 567//567
f 1162//1162 1122//1122 1131//1131
f 1122//1122 1162//1162 486//486
f 1960//1960 486//486 1163//1163
f 486//486 1960//1960 1964//1964
f 568//568 1961//1961 131//131
f 3143//3143 130//130 489//489
f 1971//1971 1962//1962 3172//3172
f 570//570 1964//1964 1963//1963
f 1964//1964 570//570 577//577
f 3171//3171 571//571 130//130
f 571//571 3171//3171 2506//2506
f 571//571 1166//1166 1965//1965
f 3169//3169 572//572 573//573
f 572//572 1967//1967 1966//1966
f 574//574 571//571 575//575
f 1167//1167 131//131 1968//1968
f 131//131 1167//1167 1969//1969
f 576//576 1970//1970 95//95
f 132//132 578//578 1972//1972
f 1973//1973 580//580 1966//1966
f 580//580 1973//1973 581//581
f 582//582 1974//1974 583//583
f 583//583 110//110 582//582
f 1178//1178 1168//1168 585//585
f 1974//1974 1168//1168 3168//3168
f 587//587 1976//1976 586//586
f 1975//1975 586//586 1976//1976
f 110//110 1976//1976 111//111
f 1977//1977 111//111 1976//1976
f 3145//3145 4641//4641 1978//1978
f 4640//4640 3145//3145 1979//1979
f 3146//3146 111//111 1980//1980
f 4642//4642 3146//3146 588//588
f 2507//2507 4644//4644 589//589
f 3938//3938 1896//1896 2507//2507
f 4645//4645 2507//2507 590//590
f 3147//3147 3939//3939 2507//2507
f 4646//4646 3148//3148 1982//1982
f 421//421 426//426 1815//1815
f 424//424 93//93 1814//1814
f 3150//3150 1985//1985 1983//1983
f 3149//3149 112//112 1985//1985
f 4647//4647 1987//1987 592//592
f 4648//4648 593//593 133//133
f 4649//4649 3152//3152 1988//1988
f 3940//3940 4650//4650 593//593
f 1990//1990 3941//3941 594//594
f 3153//3153 115//115 1170//1170
f 4651//4651 3153//3153 1990//1990
f 4652//4652 593//593 4650//4650
f 4652//4652 1991//1991 3157//3157
f 4653//4653 133//133 593//593
f 2509//2509 1172//1172 4654//4654
f 3155//3155 115//115 4654//4654
f 4656//4656 1993//1993 4655//4655
f 3156//3156 3157//3157 4655//4655
f 4651//4651 1985//1985 112//112
f 3944//3944 1983//1983 1985//1985
f 4649//4649 3945//3945 594//594
f 3161//3161 596//596 3945//3945
f 4648//4648 1996//1996 1988//1988
f 4647//4647 1997//1997 105//105
f 3162//3162 597//597 1997//1997
f 3946//3946 1998//1998 597//597
f 3163//3163 1998//1998 1173//1173
f 1984//1984 3163//3163 592//592
f 1174//1174 3159//3159 1994//1994
f 4645//4645 1174//1174 1982//1982
f 4643//4643 3947//3947 590//590
f 2287//2287 3164//3164 4643//4643
f 1176//1176 4644//4644 1981//1981
f 2511//2511 2287//2287 589//589
f 4640//4640 3948//3948 588//588
f 3165//3165 2511//2511 1175//1175
f 1177//1177 4641//4641 1980//1980
f 587//587 3166//3166 1977//1977
f 2000//2000 3167//3167 3168//3168
f 583//583 586//586 1975//1975
f 585//585 1974//1974 581//581
f 1179//1179 132//132 585//585
f 132//132 1179//1179 578//578
f 1973//1973 578//578 1180//1180
f 578//578 1973//1973 1966//1966
f 579//579 584//584 1972//1972
f 576//576 95//95 1181//1181
f 1970//1970 500//500 1827//1827
f 500//500 1970//1970 494//494
f 1184//1184 580//580 1969//1969
f 575//575 1184//1184 1969//1969
f 1182//1182 1966//1966 580//580
f 572//572 1966//1966 1182//1182
f 571//571 1183//1183 575//575
f 1965//1965 572//572 1183//1183
f 1966//1966 1967//1967 1186//1186
f 1971//1971 1185//1185 1962//1962
f 4657//4657 3171//3171 569//569
f 1969//1969 1165//1165 131//131
f 3143//3143 600//600 3172//3172
f 489//489 2001//2001 3143//3143
f 1961//1961 565//565 1968//1968
f 574//574 1968//1968 565//565
f 1963//1963 1960//1960 567//567
f 1187//1187 131//131 1164//1164
f 131//131 1187//1187 568//568
f 566//566 129//129 1188//1188
f 1189//1189 597//597 1998//1998
f 1189//1189 1997//1997 597//597
f 1952//1952 105//105 1997//1997
f 558//558 1952//1952 1189//1189
f 125//125 1189//1189 1958//1958
f 1951//1951 558//558 1189//1189
f 3173//3173 2002//2002 2316//2316
f 3950//3950 128//128 2002//2002
f 559//559 1190//1190 1953//1953
f 1190//1190 1946//1946 105//105
f 1945//1945 1946//1946 1190//1190
f 1949//1949 1190//1190 559//559
f 124//124 1945//1945 1949//1949
f 4637//4637 1955//1955 94//94
f 3174//3174 1954//1954 1955//1955
f 3174//3174 127//127 1954//1954
f 1959//1959 2004//2004 4636//4636
f 1191//1191 472//472 602//602
f 562//562 472//472 1191//1191
f 1943//1943 1192//1192 556//556
f 123//123 562//562 1943//1943
f 3175//3175 3139//3139 1941//1941
f 3951//3951 4634//4634 555//555
f 3134//3134 3175//3175 1934//1934
f 4626//4626 3951//3951 551//551
f 3176//3176 555//555 1938//1938
f 3132//3132 3176//3176 1933//1933
f 3178//3178 2504//2504 1145//1145
f 3140//3140 3179//3179 1940//1940
f 4635//4635 3952//3952 554//554
f 3180//3180 3135//3135 4628//4628
f 3138//3138 3180//3180 1939//1939
f 4632//4632 4628//4628 122//122
f 3181//3181 3133//3133 1935//1935
f 3954//3954 4625//4625 552//552
f 2503//2503 3181//3181 1142//1142
f 3932//3932 3954//3954 549//549
f 3182//3182 3129//3129 4622//4622
f 3128//3128 3182//3182 1932//1932
f 3183//3183 2502//2502 1141//1141
f 2512//2512 3930//3930 550//550
f 4614//4614 2512//2512 546//546
f 3184//3184 4620//4620 1931//1931
f 3122//3122 3184//3184 1929//1929
f 1929//1929 1931//1931 545//545
f 3185//3185 3126//3126 1930//1930
f 3187//3187 3955//3955 1196//1196
f 2505//2505 3186//3186 1146//1146
f 3935//3935 3957//3957 553//553
f 4630//4630 3188//3188 1937//1937
f 3136//3136 4615//4615 541//541
f 1199//1199 4613//4613 547//547
f 4610//4610 1199//1199 544//544
f 3190//3190 3120//3120 4611//4611
f 4607//4607 4611//4611 519//519
f 3127//3127 3191//3191 4618//4618
f 4618//4618 2513//2513 548//548
f 3125//3125 4606//4606 116//116
f 543//543 1201//1201 4623//4623
f 538//538 2007//2007 603//603
f 120//120 538//538 543//543
f 1200//1200 543//543 538//538
f 603//603 121//121 4623//4623
f 1927//1927 1926//1926 1919//1919
f 530//530 1919//1919 1926//1926
f 1202//1202 536//536 530//530
f 118//118 530//530 536//536
f 1926//1926 120//120 1203//1203
f 536//536 1203//1203 120//120
f 537//537 1204//1204 118//118
f 119//119 1923//1923 537//537
f 2007//2007 539//539 1925//1925
f 1132//1132 524//524 1914//1914
f 1132//1132 117//117 524//524
f 517//517 1907//1907 534//534
f 1206//1206 534//534 1217//1217
f 1909//1909 117//117 532//532
f 522//522 1922//1922 1217//1217
f 2514//2514 4605//4605 1921//1921
f 2514//2514 3115//3115 92//92
f 4658//4658 3113//3113 528//528
f 4659//4659 525//525 4660//4660
f 4659//4659 1917//1917 4603//4603
f 4661//4661 3109//3109 3196//3196
f 4662//4662 4604//4604 1920//1920
f 1212//1212 2009//2009 526//526
f 1910//1910 4663//4663 2009//2009
f 3198//3198 3109//3109 91//91
f 3109//3109 3198//3198 2010//2010
f 3962//3962 1915//1915 2010//2010
f 1911//1911 411//411 4663//4663
f 411//411 1911//1911 1215//1215
f 1215//1215 91//91 411//411
f 91//91 1215//1215 1913//1913
f 523//523 1908//1908 1912//1912
f 540//540 116//116 1216//1216
f 119//119 540//540 1924//1924
f 2011//2011 113//113 3201//3201
f 3101//3101 1906//1906 4664//4664
f 4665//4665 605//605 4664//4664
f 3099//3099 1904//1904 3201//3201
f 3964//3964 605//605 4665//4665
f 1903//1903 113//113 2011//2011
f 511//511 1903//1903 3203//3203
f 4599//4599 511//511 3965//3965
f 4598//4598 1902//1902 3204//3204
f 3206//3206 1901//1901 112//112
f 1218//1218 510//510 1901//1901
f 3207//3207 1900//1900 510//510
f 4596//4596 1899//1899 1218//1218
f 4595//4595 4596//4596 1987//1987
f 3208//3208 1905//1905 3100//3100
f 3966//3966 514//514 4601//4601
f 4593//4593 4594//4594 3209//3209
f 1221//1221 507//507 4591//4591
f 1221//1221 1895//1895 507//507
f 4589//4589 505//505 3967//3967
f 4588//4588 1893//1893 3210//3210
f 609//609 3212//3212 2015//2015
f 1123//1123 3969//3969 609//609
f 499//499 1123//1123 2016//2016
f 502//502 1223//1223 1123//1123
f 1124//1124 1123//1123 1223//1223
f 1892//1892 1124//1124 498//498
f 109//109 1889//1889 502//502
f 1222//1222 502//502 1889//1889
f 496//496 1887//1887 109//109
f 497//497 109//109 1887//1887
f 582//582 497//497 1887//1887
f 1224//1224 1888//1888 1885//1885
f 491//491 1224//1224 1885//1885
f 1886//1886 496//496 1888//1888
f 1225//1225 1886//1886 1224//1224
f 600//600 4666//4666 494//494
f 2001//2001 4667//4667 600//600
f 488//488 1883//1883 493//493
f 108//108 488//488 496//496
f 492//492 1881//1881 108//108
f 487//487 108//108 1828//1828
f 1884//1884 487//487 485//485
f 480//480 1226//1226 106//106
f 484//484 1881//1881 483//483
f 11//11 1880//1880 480//480
f 1873//1873 1898//1898 105//105
f 1227//1227 509//509 1898//1898
f 1872//1872 1227//1227 1873//1873
f 102//102 476//476 1872//1872
f 3215//3215 2017//2017 104//104
f 3970//3970 2019//2019 2017//2017
f 2517//2517 1228//1228 2018//2018
f 4584//4584 1876//1876 2018//2018
f 3227//3227 1229//1229 1870//1870
f 3227//3227 473//473 1229//1229
f 3971//3971 474//474 1875//1875
f 3217//3217 3445//3445 474//474
f 1232//1232 602//602 472//472
f 478//478 1232//1232 472//472
f 101//101 1231//1231 478//478
f 101//101 470//470 1231//1231
f 3973//3973 3084//3084 1862//1862
f 2518//2518 4570//4570 464//464
f 3090//3090 3219//3219 1868//1868
f 4581//4581 3974//3974 467//467
f 3220//3220 3081//3081 1861//1861
f 467//467 3220//3220 1867//1867
f 4578//4578 4567//4567 100//100
f 3221//3221 3089//3089 1869//1869
f 1237//1237 4580//4580 468//468
f 2500//2500 3221//3221 1111//1111
f 3088//3088 3222//3222 1865//1865
f 3223//3223 2497//2497 1108//1108
f 3976//3976 3223//3223 1241//1241
f 3978//3978 3920//3920 462//462
f 3085//3085 3224//3224 4571//4571
f 4571//4571 3977//3977 463//463
f 3226//3226 3080//3080 1859//1859
f 3979//3979 4561//4561 3076//3076
f 2498//2498 3227//3227 1109//1109
f 3919//3919 3979//3979 461//461
f 3228//3228 3076//3076 1850//1850
f 4565//4565 3228//3228 1860//1860
f 1860//1860 1850//1850 99//99
f 3981//3981 2499//2499 1110//1110
f 3980//3980 3922//3922 466//466
f 1244//1244 4573//4573 1864//1864
f 3229//3229 3075//3075 457//457
f 3231//3231 3072//3072 1847//1847
f 3077//3077 3231//3231 1851//1851
f 3983//3983 477//477 1857//1857
f 3983//3983 1857//1857 460//460
f 101//101 3232//3232 1849//1849
f 4557//4557 3982//3982 456//456
f 3234//3234 3078//3078 1854//1854
f 3074//3074 3233//3233 1848//1848
f 100//100 453//453 455//455
f 1845//1845 455//455 453//453
f 446//446 452//452 1846//1846
f 450//450 1844//1844 443//443
f 449//449 440//440 97//97
f 449//449 98//98 440//440
f 1842//1842 2524//2524 1843//1843
f 448//448 97//97 438//438
f 3068//3068 4668//4668 78//78
f 1838//1838 4669//4669 445//445
f 3235//3235 4669//4669 1840//1840
f 4670//4670 4552//4552 3236//3236
f 4670//4670 3236//3236 2021//2021
f 4671//4671 4554//4554 1839//1839
f 4671//4671 1839//1839 2021//2021
f 4672//4672 3237//3237 4555//4555
f 2022//2022 1836//1836 3066//3066
f 1835//1835 416//416 441//441
f 1832//1832 441//441 416//416
f 1837//1837 1834//1834 2023//2023
f 1834//1834 4553//4553 3064//3064
f 1834//1834 75//75 2023//2023
f 75//75 1834//1834 74//74
f 439//439 1257//1257 74//74
f 416//416 74//74 1257//1257
f 1256//1256 1831//1831 416//416
f 1833//1833 1830//1830 439//439
f 611//611 436//436 500//500
f 4544//4544 3239//3239 1824//1824
f 4542//4542 4547//4547 3053//3053
f 4545//4545 1948//1948 94//94
f 3240//3240 557//557 1948//1948
f 431//431 1260//1260 1825//1825
f 1260//1260 472//472 557//557
f 4539//4539 1260//1260 431//431
f 3241//3241 428//428 1260//1260
f 1261//1261 472//472 4538//4538
f 1261//1261 4538//4538 429//429
f 4551//4551 1261//1261 433//433
f 3242//3242 429//429 1818//1818
f 3243//3243 432//432 1826//1826
f 3912//3912 3243//3243 1817//1817
f 1262//1262 4548//4548 432//432
f 3244//3244 4546//4546 4548//4548
f 3245//3245 4541//4541 1822//1822
f 3988//3988 4540//4540 430//430
f 3989//3989 3248//3248 1263//1263
f 3051//3051 3990//3990 4534//4534
f 3249//3249 3989//3989 1264//1264
f 423//423 3250//3250 1811//1811
f 618//618 3653//3653 2025//2025
f 4673//4673 3648//3648 3253//3253
f 4673//4673 3256//3256 135//135
f 3254//3254 4674//4674 2026//2026
f 2630//2630 4675//4675 618//618
f 2530//2530 4676//4676 618//618
f 3649//3649 4676//4676 2027//2027
f 2029//2029 4677//4677 620//620
f 3647//3647 4677//4677 2028//2028
f 4180//4180 3262//3262 621//621
f 4680//4680 140//140 3264//3264
f 4680//4680 1522//1522 2628//2628
f 1520//1520 3268//3268 3267//3267
f 141//141 3639//3639 140//140
f 4682//4682 4176//4176 1521//1521
f 4682//4682 3270//3270 626//626
f 4683//4683 2032//2032 3584//3584
f 4685//4685 2034//2034 4684//4684
f 4685//4685 136//136 3272//3272
f 4686//4686 4003//4003 3309//3309
f 4003//4003 4001//4001 4687//4687
f 4001//4001 4002//4002 4034//4034
f 4002//4002 1691//1691 2550//2550
f 2036//2036 297//297 4001//4001
f 2036//2036 3274//3274 4479//4479
f 3274//3274 2539//2539 4478//4478
f 630//630 2539//2539 3274//3274
f 2539//2539 2037//2037 4476//4476
f 4686//4686 4690//4690 3275//3275
f 4691//4691 3276//3276 4197//4197
f 1279//1279 3277//3277 4195//4195
f 3277//3277 4692//4692 4194//4194
f 2540//2540 4693//4693 1279//1279
f 4694//4694 3278//3278 2540//2540
f 4697//4697 4696//4696 3278//3278
f 4698//4698 4005//4005 4206//4206
f 3279//3279 4699//4699 4202//4202
f 4006//4006 4700//4700 3279//3279
f 4703//4703 4702//4702 3280//3280
f 3320//3320 3281//3281 4704//4704
f 4705//4705 4009//4009 3281//3281
f 4007//4007 3282//3282 4706//4706
f 3282//3282 4707//4707 3619//3619
f 4009//4009 2046//2046 3282//3282
f 662//662 4708//4708 3283//3283
f 4709//4709 1280//1280 4229//4229
f 1280//1280 3284//3284 4226//4226
f 4711//4711 3285//3285 4011//4011
f 3285//3285 2049//2049 4010//4010
f 4713//4713 4712//4712 3285//3285
f 4714//4714 3286//3286 4239//4239
f 3287//3287 3620//3620 4238//4238
f 4716//4716 3288//3288 4014//4014
f 3288//3288 3618//3618 4014//4014
f 4718//4718 4717//4717 3288//3288
f 4721//4721 4015//4015 637//637
f 3289//3289 3621//3621 2056//2056
f 4722//4722 3289//3289 2055//2055
f 3290//3290 3601//3601 2057//2057
f 4018//4018 4724//4724 639//639
f 4725//4725 3290//3290 2058//2058
f 4726//4726 4017//4017 638//638
f 3292//3292 3599//3599 2060//2060
f 4727//4727 3291//3291 2059//2059
f 4728//4728 4729//4729 2119//2119
f 3293//3293 4730//4730 2061//2061
f 4020//4020 4731//4731 641//641
f 3606//3606 3293//3293 2062//2062
f 4732//4732 4019//4019 640//640
f 1284//1284 4733//4733 2064//2064
f 3294//3294 3595//3595 2065//2065
f 4021//4021 4734//4734 643//643
f 3602//3602 3294//3294 2066//2066
f 3600//3600 3295//3295 2067//2067
f 4735//4735 4736//4736 144//144
f 1286//1286 3605//3605 2069//2069
f 4023//4023 4737//4737 644//644
f 4738//4738 1286//1286 2070//2070
f 3296//3296 3603//3603 2072//2072
f 4740//4740 4741//4741 1485//1485
f 3596//3596 3297//3297 2073//2073
f 4742//4742 4026//4026 645//645
f 3594//3594 3298//3298 2074//2074
f 4743//4743 4744//4744 1318//1318
f 3299//3299 4745//4745 2076//2076
f 3300//3300 4746//4746 648//648
f 4748//4748 3300//3300 647//647
f 3301//3301 648//648 4749//4749
f 647//647 3301//3301 2077//2077
f 3303//3303 4028//4028 1288//1288
f 2693//2693 3302//3302 2078//2078
f 4751//4751 4030//4030 3589//3589
f 3589//3589 3304//3304 4752//4752
f 4754//4754 2082//2082 4755//4755
f 4687//4687 629//629 4756//4756
f 3582//3582 2536//2536 4757//4757
f 3311//3311 613//613 104//104
f 4037//4037 3312//3312 2017//2017
f 3312//3312 103//103 613//613
f 4759//4759 653//653 4037//4037
f 4586//4586 2085//2085 2019//2019
f 1501//1501 2536//2536 3644//3644
f 1501//1501 1503//1503 2536//2536
f 2087//2087 2086//2086 840//840
f 3644//3644 840//840 2086//2086
f 654//654 1502//1502 2086//2086
f 840//840 655//655 2088//2088
f 2090//2090 2089//2089 657//657
f 656//656 657//657 2089//2089
f 1296//1296 1499//1499 2536//2536
f 3578//3578 4760//4760 145//145
f 3315//3315 4760//4760 2091//2091
f 4762//4762 4761//4761 658//658
f 4764//4764 4763//4763 146//146
f 3317//3317 4763//4763 2094//2094
f 4766//4766 4765//4765 660//660
f 4768//4768 4767//4767 2097//2097
f 4705//4705 4769//4769 634//634
f 4770//4770 4769//4769 2098//2098
f 3580//3580 4771//4771 147//147
f 3324//3324 4771//4771 2099//2099
f 4773//4773 4772//4772 664//664
f 2102//2102 1303//1303 148//148
f 668//668 1304//1304 149//149
f 667//667 1493//1493 666//666
f 2103//2103 671//671 1306//1306
f 670//670 2104//2104 669//669
f 1305//1305 671//671 2105//2105
f 3569//3569 1307//1307 150//150
f 673//673 2106//2106 672//672
f 2102//2102 2108//2108 3569//3569
f 2110//2110 676//676 2109//2109
f 2102//2102 1492//1492 3325//3325
f 3330//3330 4778//4778 2113//2113
f 4779//4779 3329//3329 2112//2112
f 4780//4780 4781//4781 2119//2119
f 3567//3567 4782//4782 680//680
f 679//679 4782//4782 2116//2116
f 683//683 1315//1315 2119//2119
f 682//682 2120//2120 681//681
f 144//144 2121//2121 683//683
f 1315//1315 683//683 2121//2121
f 692//692 4958//4958 684//684
f 688//688 1316//1316 151//151
f 687//687 685//685 686//686
f 690//690 2123//2123 689//689
f 2122//2122 689//689 2123//2123
f 1318//1318 2124//2124 691//691
f 144//144 691//691 2124//2124
f 4588//4588 1317//1317 2126//2126
f 2126//2126 693//693 2128//2128
f 2129//2129 2128//2128 693//693
f 2132//2132 693//693 2131//2131
f 2132//2132 3334//3334 4047//4047
f 2133//2133 3333//3333 1318//1318
f 2133//2133 4047//4047 3333//3333
f 2349//2349 2125//2125 4150//4150
f 2133//2133 1318//1318 2134//2134
f 694//694 2134//2134 1318//1318
f 1319//1319 695//695 2135//2135
f 1319//1319 2136//2136 695//695
f 2137//2137 3559//3559 2136//2136
f 696//696 2137//2137 1319//1319
f 2138//2138 696//696 1319//1319
f 611//611 2138//2138 697//697
f 2140//2140 2139//2139 3559//3559
f 1321//1321 698//698 2139//2139
f 2141//2141 1321//1321 2140//2140
f 2016//2016 4588//4588 1320//1320
f 3335//3335 699//699 2142//2142
f 4048//4048 3335//3335 2143//2143
f 4783//4783 2144//2144 3335//3335
f 2145//2145 700//700 4048//4048
f 2135//2135 2145//2145 2146//2146
f 3337//3337 2148//2148 2147//2147
f 2142//2142 2149//2149 2150//2150
f 1323//1323 702//702 2151//2151
f 707//707 1323//1323 4586//4586
f 1322//1322 509//509 702//702
f 703//703 509//509 1322//1322
f 707//707 703//703 1323//1323
f 2152//2152 1325//1325 4955//4955
f 704//704 4955//4955 1325//1325
f 1324//1324 2153//2153 704//704
f 4586//4586 704//704 2153//2153
f 2155//2155 2154//2154 705//705
f 2153//2153 705//705 2154//2154
f 3338//3338 2156//2156 706//706
f 4784//4784 2157//2157 1326//1326
f 708//708 2160//2160 152//152
f 1327//1327 707//707 2160//2160
f 2162//2162 2161//2161 1327//1327
f 4903//4903 2162//2162 708//708
f 4786//4786 2163//2163 4785//4785
f 4787//4787 114//114 3340//3340
f 2148//2148 1328//1328 2147//2147
f 1328//1328 2166//2166 711//711
f 2167//2167 4952//4952 2166//2166
f 712//712 2167//2167 1328//1328
f 3553//3553 712//712 1328//1328
f 4789//4789 153//153 3342//3342
f 4789//4789 2169//2169 154//154
f 2170//2170 3344//3344 4790//4790
f 4791//4791 2171//2171 3549//3549
f 1332//1332 3548//3548 2172//2172
f 1332//1332 2614//2614 153//153
f 4792//4792 3545//3545 2174//2174
f 4792//4792 3552//3552 716//716
f 3353//3353 3346//3346 157//157
f 4794//4794 3349//3349 159//159
f 4795//4795 4796//4796 2176//2176
f 3540//3540 160//160 159//159
f 3352//3352 2177//2177 3351//3351
f 4143//4143 3350//3350 721//721
f 4798//4798 2180//2180 4797//4797
f 3483//3483 2181//2181 4799//4799
f 4420//4420 3357//3357 2580//2580
f 3356//3356 2569//2569 4094//4094
f 3358//3358 2183//2183 3401//3401
f 4424//4424 4801//4801 3359//3359
f 4802//4802 3360//3360 4317//4317
f 1340//1340 3363//3363 4314//4314
f 3361//3361 4801//4801 4312//4312
f 4063//4063 2184//2184 3362//3362
f 4803//4803 4064//4064 4065//4065
f 2242//2242 2183//2183 3364//3364
f 4804//4804 3365//3365 4454//4454
f 3365//3365 4067//4067 4453//4453
f 4805//4805 1342//1342 3366//3366
f 1342//1342 2188//2188 4451//4451
f 4806//4806 3368//3368 4069//4069
f 4809//4809 4808//4808 3367//3367
f 4810//4810 4070//4070 1685//1685
f 4811//4811 4071//4071 2571//2571
f 2571//2571 3369//3369 293//293
f 3369//3369 4812//4812 4450//4450
f 4071//4071 2191//2191 3369//3369
f 4072//4072 2192//2192 4071//4071
f 4815//4815 4814//4814 4072//4072
f 2194//2194 4073//4073 3518//3518
f 2572//2572 3370//3370 3516//3516
f 3370//3370 3410//3410 2195//2195
f 2572//2572 4818//4818 3370//3370
f 4074//4074 2197//2197 2572//2572
f 3521//3521 3372//3372 291//291
f 3372//3372 4820//4820 291//291
f 3373//3373 2200//2200 3372//3372
f 3519//3519 4821//4821 3373//3373
f 3517//3517 4075//4075 1682//1682
f 4075//4075 1343//1343 4445//4445
f 1343//1343 4823//4823 4445//4445
f 3374//3374 4824//4824 1343//1343
f 4077//4077 4826//4826 737//737
f 3376//3376 737//737 2206//2206
f 3520//3520 3376//3376 2205//2205
f 2205//2205 4827//4827 162//162
f 3377//3377 4828//4828 2207//2207
f 4078//4078 4829//4829 739//739
f 3505//3505 3377//3377 2208//2208
f 4830//4830 4078//4078 738//738
f 3503//3503 3378//3378 2209//2209
f 4831//4831 4832//4832 1383//1383
f 3379//3379 3509//3509 2211//2211
f 4081//4081 4833//4833 741//741
f 3380//3380 4079//4079 1348//1348
f 4834//4834 3380//3380 2212//2212
f 4835//4835 4080//4080 740//740
f 3381//3381 3506//3506 2214//2214
f 4836//4836 3381//3381 2213//2213
f 4837//4837 4838//4838 163//163
f 4082//4082 3504//3504 2215//2215
f 4083//4083 4839//4839 743//743
f 3383//3383 4082//4082 4083//4083
f 3498//3498 3382//3382 2216//2216
f 4840//4840 4083//4083 742//742
f 3385//3385 3501//3501 2218//2218
f 3496//3496 3384//3384 2217//2217
f 1353//1353 4842//4842 2219//2219
f 3510//3510 1353//1353 2220//2220
f 3386//3386 4843//4843 4845//4845
f 3508//3508 3386//3386 2221//2221
f 4844//4844 4845//4845 1429//1429
f 3388//3388 3497//3497 2222//2222
f 4085//4085 3387//3387 1356//1356
f 1355//1355 4846//4846 747//747
f 3389//3389 4084//4084 1354//1354
f 3490//3490 3389//3389 2223//2223
f 4847//4847 1355//1355 746//746
f 3391//3391 3493//3493 2225//2225
f 3488//3488 3390//3390 2224//2224
f 4848//4848 4849//4849 164//164
f 4852//4852 3392//3392 2226//2226
f 4853//4853 4086//4086 748//748
f 4855//4855 3393//3393 2227//2227
f 3394//3394 3489//3489 2228//2228
f 4089//4089 2228//2228 749//749
f 4856//4856 1358//1358 2229//2229
f 4861//4861 4862//4862 2231//2231
f 4861//4861 3397//3397 751//751
f 3484//3484 4863//4863 1448//1448
f 4800//4800 4864//4864 726//726
f 3400//3400 4864//4864 2232//2232
f 2235//2235 1363//1363 2234//2234
f 1363//1363 2005//2005 2006//2006
f 1363//1363 128//128 2005//2005
f 3403//3403 2002//2002 1363//1363
f 1448//1448 754//754 2236//2236
f 753//753 2236//2236 754//754
f 1447//1447 1448//1448 2236//2236
f 1448//1448 1447//1447 158//158
f 1446//1446 756//756 2237//2237
f 755//755 2237//2237 756//756
f 158//158 2237//2237 834//834
f 2238//2238 757//757 834//834
f 757//757 2238//2238 1368//1368
f 1368//1368 156//156 757//757
f 156//156 1368//1368 2239//2239
f 2241//2241 758//758 2238//2238
f 758//758 2241//2241 2240//2240
f 1370//1370 2242//2242 1369//1369
f 4866//4866 760//760 4865//4865
f 3475//3475 165//165 2243//2243
f 4868//4868 762//762 4867//4867
f 2248//2248 4870//4870 4869//4869
f 4870//4870 2585//2585 2240//2240
f 4871//4871 4872//4872 2250//2250
f 4871//4871 4818//4818 732//732
f 4874//4874 765//765 4873//4873
f 3480//3480 166//166 4875//4875
f 167//167 766//766 2254//2254
f 2255//2255 2256//2256 768//768
f 168//168 1439//1439 2257//2257
f 3415//3415 3464//3464 2258//2258
f 4876//4876 4877//4877 3414//3414
f 4879//4879 4878//4878 771//771
f 3417//3417 4878//4878 2259//2259
f 3418//3418 1437//1437 2261//2261
f 1380//1380 4880//4880 2263//2263
f 4881//4881 3465//3465 168//168
f 4882//4882 3452//3452 2267//2267
f 4882//4882 3463//3463 775//775
f 2268//2268 776//776 4910//4910
f 776//776 2268//2268 1382//1382
f 1382//1382 169//169 776//776
f 169//169 1382//1382 2269//2269
f 2271//2271 777//777 2268//2268
f 777//777 2271//2271 2270//2270
f 2272//2272 170//170 169//169
f 781//781 780//780 170//170
f 1383//1383 2273//2273 4841//4841
f 784//784 782//782 2274//2274
f 783//783 4910//4910 1384//1384
f 173//173 783//783 2275//2275
f 786//786 171//171 1385//1385
f 789//789 172//172 1386//1386
f 174//174 789//789 2277//2277
f 2279//2279 790//790 2278//2278
f 790//790 2279//2279 792//792
f 1387//1387 4841//4841 2280//2280
f 4841//4841 1387//1387 791//791
f 2281//2281 791//791 1388//1388
f 791//791 2281//2281 164//164
f 794//794 793//793 2282//2282
f 795//795 173//173 1389//1389
f 796//796 1390//1390 795//795
f 1391//1391 174//174 797//797
f 174//174 1391//1391 2283//2283
f 2283//2283 798//798 2291//2291
f 801//801 4883//4883 174//174
f 3422//3422 4884//4884 799//799
f 2285//2285 3450//3450 2284//2284
f 2286//2286 3422//3422 1392//1392
f 795//795 3499//3499 2287//2287
f 803//803 2288//2288 3435//3435
f 2288//2288 803//803 1394//1394
f 800//800 2286//2286 802//802
f 164//164 1394//1394 803//803
f 1394//1394 164//164 2285//2285
f 2591//2591 2290//2290 804//804
f 2591//2591 2135//2135 2290//2290
f 1396//1396 805//805 2291//2291
f 807//807 1396//1396 2292//2292
f 1396//1396 2293//2293 805//805
f 2294//2294 4885//4885 2293//2293
f 806//806 2294//2294 1396//1396
f 2296//2296 1395//1395 807//807
f 2295//2295 806//806 1395//1395
f 96//96 2295//2295 2296//2296
f 1397//1397 2297//2297 3165//3165
f 2298//2298 2291//2291 2297//2297
f 2299//2299 2298//2298 1397//1397
f 1178//1178 1397//1397 3165//3165
f 4104//4104 4886//4886 808//808
f 3425//3425 3424//3424 1398//1398
f 2305//2305 1400//1400 2303//2303
f 3426//3426 810//810 1400//1400
f 4885//4885 2304//2304 2305//2305
f 3427//3427 2147//2147 2307//2307
f 3429//3429 812//812 816//816
f 3429//3429 2310//2310 812//812
f 3429//3429 94//94 2310//2310
f 2311//2311 614//614 3429//3429
f 3430//3430 2312//2312 816//816
f 3430//3430 813//813 2312//2312
f 4106//4106 2313//2313 813//813
f 3431//3431 4955//4955 2313//2313
f 4107//4107 2152//2152 1401//1401
f 3444//3444 1402//1402 814//814
f 3432//3432 705//705 1402//1402
f 4889//4889 2155//2155 2314//2314
f 815//815 1405//1405 1998//1998
f 1403//1403 2316//2316 2315//2315
f 2326//2326 2317//2317 1403//1403
f 2318//2318 1404//1404 815//815
f 4890//4890 2319//2319 3160//3160
f 3433//3433 819//819 2319//2319
f 4891//4891 4108//4108 2320//2320
f 4108//4108 2321//2321 819//819
f 4892//4892 2326//2326 820//820
f 4893//4893 2322//2322 2323//2323
f 3434//3434 4896//4896 2325//2325
f 1406//1406 821//821 2326//2326
f 822//822 1406//1406 2326//2326
f 1406//1406 817//817 821//821
f 2328//2328 1406//1406 822//822
f 2327//2327 817//817 1406//1406
f 176//176 2327//2327 2328//2328
f 2593//2593 2329//2329 4897//4897
f 4899//4899 2330//2330 4898//4898
f 4901//4901 1407//1407 2593//2593
f 4901//4901 134//134 2331//2331
f 2306//2306 2307//2307 1409//1409
f 3428//3428 2306//2306 3436//3436
f 824//824 823//823 175//175
f 1410//1410 3428//3428 823//823
f 3435//3435 1410//1410 824//824
f 823//823 2333//2333 175//175
f 1412//1412 825//825 2333//2333
f 2332//2332 176//176 825//825
f 3428//3428 2332//2332 1411//1411
f 3428//3428 1412//1412 823//823
f 3436//3436 2334//2334 176//176
f 3437//3437 4903//4903 1409//1409
f 4897//4897 4904//4904 133//133
f 3438//3438 4905//4905 2335//2335
f 4898//4898 3438//3438 2329//2329
f 4110//4110 4906//4906 4905//4905
f 2328//2328 825//825 176//176
f 822//822 1413//1413 2328//2328
f 1413//1413 2333//2333 825//825
f 2322//2322 175//175 2333//2333
f 2326//2326 1413//1413 822//822
f 2594//2594 2334//2334 4902//4902
f 4893//4893 4906//4906 175//175
f 4892//4892 3442//3442 2323//2323
f 3443//3443 4904//4904 2335//2335
f 1416//1416 3443//3443 1415//1415
f 4891//4891 1415//1415 820//820
f 4890//4890 1416//1416 2320//2320
f 1419//1419 821//821 817//817
f 2316//2316 1418//1418 818//818
f 2317//2317 2326//2326 1418//1418
f 2318//2318 2321//2321 2326//2326
f 1421//1421 819//819 2321//2321
f 815//815 1421//1421 2318//2318
f 1420//1420 2319//2319 819//819
f 1998//1998 3160//3160 1420//1420
f 1998//1998 1420//1420 815//815
f 4889//4889 4896//4896 152//152
f 3444//3444 4895//4895 2325//2325
f 3430//3430 4894//4894 4895//4895
f 2316//2316 4907//4907 560//560
f 2310//2310 4908//4908 812//812
f 560//560 4908//4908 1956//1956
f 1422//1422 2336//2336 827//827
f 3446//3446 4955//4955 2336//2336
f 4111//4111 2313//2313 1422//1422
f 2309//2309 813//813 1422//1422
f 816//816 2312//2312 2309//2309
f 4112//4112 2286//2286 4105//4105
f 2308//2308 4112//4112 4105//4105
f 3447//3447 802//802 4112//4112
f 3435//3435 2288//2288 2308//2308
f 4888//4888 2300//2300 808//808
f 3448//3448 805//805 2293//2293
f 4113//4113 2291//2291 805//805
f 2286//2286 828//828 1423//1423
f 2000//2000 3168//3168 599//599
f 3165//3165 2000//2000 1424//1424
f 2296//2296 1178//1178 96//96
f 2292//2292 2299//2299 807//807
f 2299//2299 2292//2292 2298//2298
f 2591//2591 2024//2024 611//611
f 3449//3449 96//96 2024//2024
f 2289//2289 2295//2295 2591//2591
f 4885//4885 2294//2294 2289//2289
f 3499//3499 134//134 1999//1999
f 1425//1425 828//828 2286//2286
f 801//801 1425//1425 2286//2286
f 2283//2283 2291//2291 1425//1425
f 174//174 2283//2283 801//801
f 798//798 2297//2297 2291//2291
f 1426//1426 3165//3165 2297//2297
f 1390//1390 3165//3165 1426//1426
f 1390//1390 1426//1426 798//798
f 2282//2282 3499//3499 794//794
f 2281//2281 4909//4909 2284//2284
f 4884//4884 2284//2284 4909//4909
f 2276//2276 797//797 2277//2277
f 171//171 786//786 2276//2276
f 795//795 1390//1390 787//787
f 795//795 787//787 173//173
f 784//784 793//793 2275//2275
f 163//163 829//829 2274//2274
f 2273//2273 2280//2280 4841//4841
f 1431//1431 790//790 2280//2280
f 781//781 1431//1431 2273//2273
f 1430//1430 2278//2278 790//790
f 778//778 172//172 2278//2278
f 170//170 778//778 1430//1430
f 779//779 788//788 172//172
f 788//788 779//779 1432//1432
f 1432//1432 171//171 788//788
f 171//171 1432//1432 2270//2270
f 2272//2272 777//777 779//779
f 777//777 2272//2272 2269//2269
f 2268//2268 785//785 2271//2271
f 783//783 173//173 1433//1433
f 4910//4910 783//783 2268//2268
f 4910//4910 1434//1434 782//782
f 1434//1434 4911//4911 163//163
f 4912//4912 3419//3419 2264//2264
f 4102//4102 2596//2596 771//771
f 3456//3456 4880//4880 2261//2261
f 4879//4879 3455//3455 2260//2260
f 4913//4913 1379//1379 169//169
f 4914//4914 3416//3416 3459//3459
f 4914//4914 4877//4877 769//769
f 1435//1435 2266//2266 4910//4910
f 4915//4915 3413//3413 2258//2258
f 4915//4915 3420//3420 775//775
f 831//831 162//162 1436//1436
f 4916//4916 831//831 2257//2257
f 2256//2256 767//767 1437//1437
f 767//767 2256//2256 1378//1378
f 1438//1438 167//167 1437//1437
f 1439//1439 168//168 2254//2254
f 4916//4916 2586//2586 1376//1376
f 4917//4917 4874//4874 2252//2252
f 4917//4917 4918//4918 832//832
f 4117//4117 3410//3410 2250//2250
f 2597//2597 4872//4872 763//763
f 2584//2584 4117//4117 1374//1374
f 4098//4098 4118//4118 761//761
f 3470//3470 3408//3408 2249//2249
f 3407//3407 3469//3469 2248//2248
f 2598//2598 2583//2583 1373//1373
f 4919//4919 2598//2598 1442//1442
f 4919//4919 2582//2582 1377//1377
f 4920//4920 4868//4868 2247//2247
f 4920//4920 3405//3405 759//759
f 4921//4921 2581//2581 1371//1371
f 4921//4921 2587//2587 1439//1439
f 4922//4922 4866//4866 2244//2244
f 4922//4922 3412//3412 764//764
f 1369//1369 161//161 166//166
f 1369//1369 2339//2339 161//161
f 2240//2240 2241//2241 1445//1445
f 1445//1445 4870//4870 2240//2240
f 4870//4870 1445//1445 1367//1367
f 755//755 2238//2238 834//834
f 1366//1366 2340//2340 4870//4870
f 165//165 4870//4870 2340//2340
f 1365//1365 2340//2340 753//753
f 756//756 753//753 2340//2340
f 1364//1364 166//166 165//165
f 166//166 1364//1364 2341//2341
f 754//754 1370//1370 2341//2341
f 3481//3481 2315//2315 2316//2316
f 3482//3482 561//561 1449//1449
f 3355//3355 4923//4923 2559//2559
f 3399//3399 4924//4924 752//752
f 2577//2577 3485//3485 2331//2331
f 3396//3396 3487//3487 4122//4122
f 3487//3487 2229//2229 4122//4122
f 4860//4860 4856//4856 3486//3486
f 4858//4858 4925//4925 3435//3435
f 2599//2599 4925//4925 4123//4123
f 4848//4848 2599//2599 2224//2224
f 2228//2228 4926//4926 749//749
f 4847//4847 4926//4926 2223//2223
f 3491//3491 3499//3499 4854//4854
f 2600//2600 4854//4854 4851//4851
f 2578//2578 3491//3491 1360//1360
f 4091//4091 4124//4124 750//750
f 3492//3492 4851//4851 4850//4850
f 4862//4862 3492//3492 2231//2231
f 3398//3398 4850//4850 56//56
f 4849//4849 4927//4927 164//164
f 4846//4846 4928//4928 747//747
f 4840//4840 4928//4928 2216//2216
f 2601//2601 4843//4843 745//745
f 4855//4855 2601//2601 748//748
f 3500//3500 745//745 2219//2219
f 4853//4853 3500//3500 2226//2226
f 4852//4852 4842//4842 54//54
f 1383//1383 4841//4841 2218//2218
f 4929//4929 4839//4839 2215//2215
f 4929//4929 4830//4830 738//738
f 4838//4838 4930//4930 163//163
f 4930//4930 4931//4931 829//829
f 4844//4844 4931//4931 2221//2221
f 4833//4833 4932//4932 741//741
f 744//744 4932//4932 2220//2220
f 4832//4832 3512//3512 1383//1383
f 3511//3511 4128//4128 2262//2262
f 2210//2210 2603//2603 2604//2604
f 4128//4128 3513//3513 2262//2262
f 4829//4829 3514//3514 2603//2603
f 3514//3514 4824//4824 4129//4129
f 4828//4828 4823//4823 3514//3514
f 4827//4827 4130//4130 3453//3453
f 4130//4130 4837//4837 4911//4911
f 4826//4826 3515//3515 4132//4132
f 3515//3515 4835//4835 4131//4131
f 2204//2204 4834//4834 3515//3515
f 4933//4933 773//773 2203//2203
f 4933//4933 2195//2195 3410//3410
f 4934//4934 4822//4822 2202//2202
f 4934//4934 4816//4816 731//731
f 3519//3519 4935//4935 4916//4916
f 2199//2199 4936//4936 733//733
f 736//736 4936//4936 3522//3522
f 2240//2240 3525//3525 4808//4808
f 3523//3523 4135//4135 4807//4807
f 4819//4819 4135//4135 3524//3524
f 3526//3526 4449//4449 2188//2188
f 4135//4135 4448//4448 3526//3526
f 4817//4817 3527//3527 4135//4135
f 2194//2194 4446//4446 3527//3527
f 4815//4815 3530//3530 3468//3468
f 3528//3528 4136//4136 4918//4918
f 4813//4813 4137//4137 3529//3529
f 3531//3531 4821//4821 4916//4916
f 4810//4810 4820//4820 2605//2605
f 4138//4138 4809//4809 2190//2190
f 1459//1459 4806//4806 4805//4805
f 4937//4937 1459//1459 833//833
f 3532//3532 4805//4805 2187//2187
f 4938//4938 3532//3532 2344//2344
f 4939//4939 4804//4804 59//59
f 4140//4140 2242//2242 1463//1463
f 4141//4141 4803//4803 728//728
f 4814//4814 4139//4139 2192//2192
f 2192//2192 4141//4141 2191//2191
f 1462//1462 728//728 2185//2185
f 4812//4812 4802//4802 41//41
f 2568//2568 3533//3533 4431//4431
f 3533//3533 2607//2607 4431//4431
f 4059//4059 2606//2606 3533//3533
f 3534//3534 4939//4939 4428//4428
f 2606//2606 4938//4938 2607//2607
f 3354//3354 3535//3535 2606//2606
f 3535//3535 4937//4937 2606//2606
f 4798//4798 2343//2343 3535//3535
f 4940//4940 1448//1448 4056//4056
f 4940//4940 3536//3536 2566//2566
f 2610//2610 2565//2565 1336//1336
f 2610//2610 2564//2564 834//834
f 4941//4941 3350//3350 2177//2177
f 4941//4941 4796//4796 720//720
f 4942//4942 2563//2563 1334//1334
f 4943//4943 4053//4053 1333//1333
f 4944//4944 722//722 3543//3543
f 4944//4944 3542//3542 4051//4051
f 2345//2345 158//158 3542//3542
f 2345//2345 1337//1337 1448//1448
f 4945//4945 2561//2561 834//834
f 4946//4946 2171//2171 714//714
f 2560//2560 4947//4947 834//834
f 2612//2612 4947//4947 4146//4146
f 2611//2611 4948//4948 834//834
f 2559//2559 4948//4948 1329//1329
f 4790//4790 4949//4949 715//715
f 3343//3343 4949//4949 2169//2169
f 4950//4950 716//716 3551//3551
f 826//826 1470//1470 4903//4903
f 2166//2166 4952//4952 2347//2347
f 711//711 2166//2166 1470//1470
f 2147//2147 711//711 826//826
f 4147//4147 4953//4953 4952//4952
f 2164//2164 113//113 4954//4954
f 709//709 2164//2164 1471//1471
f 4786//4786 709//709 1472//1472
f 2159//2159 2347//2347 4952//4952
f 707//707 1473//1473 2159//2159
f 2162//2162 4903//4903 2347//2347
f 2161//2161 2162//2162 1473//1473
f 3555//3555 4953//4953 4954//4954
f 4784//4784 2158//2158 3555//3555
f 4597//4597 2157//2157 3556//3556
f 2154//2154 152//152 2160//2160
f 2153//2153 2154//2154 707//707
f 1477//1477 706//706 2156//2156
f 703//703 707//707 1476//1476
f 509//509 1477//1477 4597//4597
f 509//509 703//703 1477//1477
f 4148//4148 704//704 4586//4586
f 4955//4955 4148//4148 2336//2336
f 3445//3445 827//827 1874//1874
f 3557//3557 2142//2142 699//699
f 701//701 2149//2149 3557//3557
f 3558//3558 1478//1478 694//694
f 4149//4149 695//695 2136//2136
f 4149//4149 2135//2135 695//695
f 4783//4783 700//700 3560//3560
f 2133//2133 2144//2144 2348//2348
f 1479//1479 2016//2016 1123//1123
f 4588//4588 2016//2016 1479//1479
f 2015//2015 1479//1479 609//609
f 2141//2141 1481//1481 2016//2016
f 610//610 2016//2016 1481//1481
f 1480//1480 2138//2138 610//610
f 611//611 610//610 2138//2138
f 2140//2140 2137//2137 2141//2141
f 696//696 2141//2141 2137//2137
f 2349//2349 2013//2013 114//114
f 2349//2349 607//607 2013//2013
f 2129//2129 2348//2348 3559//3559
f 693//693 1483//1483 2129//2129
f 2132//2132 2133//2133 1482//1482
f 1484//1484 698//698 4588//4588
f 1484//1484 2139//2139 698//698
f 2128//2128 3559//3559 2139//2139
f 2126//2126 1484//1484 4588//4588
f 2127//2127 4956//4956 608//608
f 2014//2014 4956//4956 2127//2127
f 1485//1485 2125//2125 2349//2349
f 693//693 688//688 4151//4151
f 4957//4957 690//690 2124//2124
f 4151//4151 151//151 2123//2123
f 2118//2118 2122//2122 151//151
f 1488//1488 689//689 2122//2122
f 2121//2121 144//144 689//689
f 682//682 2121//2121 1486//1486
f 2120//2120 1487//1487 2118//2118
f 2120//2120 682//682 1487//1487
f 685//685 2117//2117 686//686
f 151//151 686//686 2117//2117
f 684//684 4958//4958 2116//2116
f 4960//4960 4959//4959 835//835
f 3331//3331 4959//4959 2115//2115
f 4152//4152 4044//4044 676//676
f 4780//4780 3563//3563 2112//2112
f 4779//4779 2615//2615 4777//4777
f 4777//4777 3564//3564 4776//4776
f 4776//4776 3326//3326 1492//1492
f 2120//2120 4153//4153 1310//1310
f 2107//2107 4961//4961 674//674
f 1314//1314 684//684 1308//1308
f 2114//2114 4962//4962 680//680
f 673//673 3569//3569 678//678
f 143//143 2106//2106 836//836
f 670//670 2105//2105 677//677
f 149//149 2104//2104 668//668
f 1491//1491 668//668 2104//2104
f 4964//4964 4963//4963 143//143
f 2616//2616 4963//4963 1494//1494
f 2557//2557 2616//2616 1302//1302
f 4966//4966 4965//4965 837//837
f 4773//4773 4965//4965 2101//2101
f 4155//4155 2554//2554 1299//1299
f 4156//4156 4040//4040 661//661
f 3321//3321 3573//3573 2098//2098
f 4770//4770 2617//2617 663//663
f 3319//3319 3574//3574 2097//2097
f 4768//4768 4764//4764 146//146
f 2552//2552 1497//1497 148//148
f 2555//2555 1497//1497 1300//1300
f 3313//3313 4967//4967 659//659
f 4766//4766 4967//4967 2096//2096
f 2556//2556 4968//4968 150//150
f 2553//2553 4968//4968 1298//1298
f 3322//3322 4969//4969 665//665
f 4762//4762 4969//4969 2093//2093
f 1499//1499 2351//2351 838//838
f 1499//1499 147//147 2351//2351
f 142//142 2351//2351 147//147
f 654//654 1500//1500 146//146
f 662//662 146//146 1500//1500
f 1500//1500 2089//2089 662//662
f 2087//2087 2088//2088 654//654
f 656//656 654//654 2088//2088
f 1294//1294 1501//1501 2352//2352
f 1502//1502 2352//2352 1501//1501
f 145//145 2352//2352 146//146
f 1503//1503 2353//2353 1296//1296
f 1295//1295 147//147 2353//2353
f 147//147 1295//1295 145//145
f 3581//3581 2151//2151 702//702
f 4759//4759 2085//2085 1504//1504
f 4758//4758 653//653 509//509
f 103//103 4758//4758 509//509
f 3310//3310 652//652 4970//4970
f 3583//3583 2354//2354 4970//4970
f 3271//3271 136//136 4971//4971
f 3585//3585 3586//3586 3341//3341
f 3586//3586 2549//2549 4787//4787
f 3585//3585 4033//4033 3586//3586
f 4750//4750 4755//4755 3587//3587
f 4972//4972 4744//4744 2075//2075
f 4972//4972 4752//4752 3553//3553
f 4973//4973 646//646 3590//3590
f 4973//4973 4751//4751 3589//3589
f 3591//3591 2548//2548 1290//1290
f 4160//4160 4031//4031 651//651
f 2349//2349 3591//3591 2077//2077
f 4748//4748 3592//3592 4747//4747
f 4747//4747 3307//3307 4754//4754
f 4974//4974 4736//4736 2068//2068
f 4974//4974 2619//2619 691//691
f 4975//4975 2618//2618 1505//1505
f 4975//4975 4743//4743 1318//1318
f 4976//4976 4734//4734 2065//2065
f 4976//4976 4742//4742 645//645
f 4740//4740 3597//3597 2071//2071
f 2071//2071 4161//4161 4739//4739
f 3598//3598 4746//4746 2076//2076
f 4739//4739 3598//3598 2070//2070
f 4738//4738 4745//4745 33//33
f 4729//4729 4977//4977 2119//2119
f 2620//2620 4977//4977 1506//1506
f 4735//4735 4978//4978 2067//2067
f 4724//4724 4979//4979 639//639
f 642//642 4979//4979 2066//2066
f 4980//4980 4741//4741 2072//2072
f 4981//4981 4737//4737 2069//2069
f 4981//4981 4732//4732 640//640
f 4718//4718 3607//3607 2111//2111
f 4716//4716 4164//4164 3607//3607
f 3608//3608 4728//4728 4781//4781
f 4164//4164 4727//4727 3609//3609
f 4715//4715 3612//3612 4164//4164
f 3610//3610 4726//4726 4164//4164
f 4714//4714 4725//4725 3611//3611
f 2064//2064 3613//3613 4958//4958
f 4733//4733 4167//4167 1507//1507
f 3614//3614 4723//4723 678//678
f 4167//4167 4722//4722 3615//3615
f 4731//4731 3616//3616 4166//4166
f 3616//3616 4721//4721 4165//4165
f 4730//4730 4720//4720 3616//3616
f 4704//4704 4982//4982 671//671
f 4717//4717 4982//4982 2053//2053
f 4706//4706 4983//4983 633//633
f 636//636 4983//4983 2052//2052
f 2621//2621 678//678 2056//2056
f 4984//4984 2621//2621 1510//1510
f 4984//4984 4712//4712 143//143
f 4985//4985 4719//4719 3623//3623
f 4985//4985 4710//4710 635//635
f 4213//4213 3625//3625 4691//4691
f 3625//3625 2622//2622 2039//2039
f 4215//4215 2622//2622 3624//3624
f 3626//3626 4708//4708 4697//4697
f 4218//4218 4707//4707 2622//2622
f 4713//4713 3627//3627 4964//4964
f 4711//4711 4170//4170 3627//3627
f 3627//3627 1511//1511 4966//4966
f 3628//3628 4702//4702 3572//3572
f 2048//2048 3629//3629 1512//1512
f 3629//3629 4700//4700 4169//4169
f 4709//4709 4699//4699 3629//3629
f 4171//4171 4987//4987 839//839
f 4696//4696 3630//3630 2041//2041
f 4695//4695 4171//4171 631//631
f 3633//3633 4988//4988 4989//4989
f 4693//4693 3632//3632 2040//2040
f 4692//4692 4989//4989 23//23
f 1517//1517 4703//4703 4701//4701
f 4173//4173 4701//4701 2042//2042
f 4690//4690 1515//1515 2038//2038
f 4689//4689 1516//1516 2037//2037
f 2037//2037 4698//4698 26//26
f 4989//4989 1519//1519 4461//4461
f 4988//4988 4174//4174 1519//1519
f 1519//1519 1518//1518 4459//4459
f 3634//3634 2538//2538 4459//4459
f 4174//4174 4000//4000 1518//1518
f 4987//4987 3635//3635 4174//4174
f 3635//3635 3273//3273 4174//4174
f 4986//4986 4684//4684 3635//3635
f 2536//2536 2534//2534 1273//1273
f 4990//4990 3997//3997 1276//1276
f 2532//2532 3638//3638 840//840
f 2535//2535 3638//3638 1274//1274
f 4679//4679 4991//4991 623//623
f 3269//3269 4991//4991 3639//3639
f 4992//4992 622//622 3640//3640
f 4992//4992 1269//1269 621//621
f 4993//4993 1272//1272 2533//2533
f 3644//3644 2536//2536 1275//1275
f 2528//2528 4994//4994 840//840
f 2629//2629 4994//4994 3646//3646
f 3260//3260 4995//4995 2028//2028
f 3253//3253 4996//4996 617//617
f 3258//3258 4996//4996 2027//2027
f 4997//4997 2527//2527 1265//1265
f 1524//1524 2529//2529 840//840
f 4998//4998 3251//3251 2025//2025
f 4998//4998 4674//4674 616//616
f 4999//4999 3259//3259 2029//2029
f 5000//5000 3992//3992 4999//4999
f 5000//5000 3654//3654 620//620
f 2358//2358 3656//3656 850//850
f 2357//2357 851//851 3656//3656
f 852//852 2357//2357 2358//2358
f 2360//2360 853//853 2359//2359
f 853//853 2360//2360 854//854
f 2363//2363 2361//2361 855//855
f 2362//2362 856//856 2361//2361
f 857//857 2362//2362 2363//2363
f 2364//2364 3671//3671 858//858
f 2367//2367 2365//2365 859//859
f 2366//2366 860//860 2365//2365
f 861//861 2366//2366 2367//2367
f 2372//2372 870//870 2371//2371
f 871//871 2372//2372 2373//2373
f 2376//2376 2374//2374 872//872
f 2375//2375 873//873 2374//2374
f 874//874 2375//2375 2376//2376
f 2378//2378 876//876 2377//2377
f 875//875 2377//2377 876//876
f 2381//2381 2379//2379 877//877
f 2380//2380 878//878 2379//2379
f 879//879 2380//2380 2381//2381
f 2384//2384 2382//2382 880//880
f 2383//2383 881//881 2382//2382
f 882//882 2383//2383 2384//2384
f 2385//2385 3714//3714 2736//2736
f 884//884 883//883 2385//2385
f 2387//2387 2386//2386 885//885
f 886//886 2386//2386 2387//2387
f 887//887 2388//2388 2749//2749
f 2391//2391 2389//2389 888//888
f 2390//2390 889//889 2389//2389
f 890//890 2390//2390 2391//2391
f 2394//2394 2393//2393 892//892
f 3740//3740 893//893 2393//2393
f 2395//2395 2776//2776 2396//2396
f 2787//2787 2399//2399 897//897
f 2398//2398 897//897 2399//2399
f 2401//2401 900//900 2400//2400
f 899//899 2400//2400 900//900
f 2402//2402 3754//3754 901//901
f 902//902 3754//3754 2402//2402
f 2405//2405 903//903 2404//2404
f 903//903 2405//2405 904//904
f 2408//2408 2406//2406 905//905
f 2407//2407 906//906 2406//2406
f 907//907 2407//2407 2408//2408
f 2410//2410 3771//3771 2409//2409
f 908//908 2410//2410 2411//2411
f 914//914 913//913 912//912
f 2412//2412 3776//3776 3778//3778
f 920//920 2414//2414 918//918
f 2413//2413 918//918 2414//2414
f 2415//2415 3787//3787 922//922
f 924//924 3787//3787 2415//2415
f 2418//2418 2416//2416 925//925
f 2417//2417 926//926 2416//2416
f 927//927 2417//2417 2418//2418
f 2420//2420 928//928 2419//2419
f 2865//2865 2420//2420 2421//2421
f 2424//2424 2422//2422 929//929
f 2423//2423 930//930 2422//2422
f 931//931 2423//2423 2424//2424
f 2426//2426 933//933 2425//2425
f 932//932 2425//2425 933//933
f 2427//2427 935//935 3808//3808
f 936//936 2427//2427 934//934
f 937//937 2428//2428 2894//2894
f 2899//2899 2429//2429 938//938
f 2431//2431 939//939 2430//2430
f 939//939 2431//2431 3820//3820
f 2910//2910 2432//2432 944//944
f 2432//2432 2910//2910 2433//2433
f 951//951 3829//3829 949//949
f 2434//2434 949//949 3829//3829
f 952//952 2436//2436 2435//2435
f 2439//2439 2437//2437 953//953
f 2438//2438 954//954 2437//2437
f 955//955 2438//2438 2439//2439
f 956//956 2440//2440 2441//2441
f 2443//2443 2442//2442 957//957
f 3852//3852 3851//3851 2442//2442
f 2946//2946 3852//3852 2443//2443
f 2446//2446 2444//2444 958//958
f 2445//2445 959//959 2444//2444
f 2951//2951 2445//2445 2446//2446
f 2449//2449 2447//2447 960//960
f 2448//2448 961//961 2447//2447
f 962//962 2448//2448 2449//2449
f 2452//2452 2450//2450 963//963
f 2451//2451 964//964 2450//2450
f 965//965 2451//2451 2452//2452
f 2454//2454 4488//4488 3049//3049
f 2458//2458 983//983 2457//2457
f 983//983 2458//2458 984//984
f 986//986 985//985 968//968
f 2460//2460 3039//3039 2459//2459
f 75//75 3876//3876 990//990
f 2461//2461 991//991 416//416
f 2463//2463 3878//3878 2462//2462
f 3878//3878 2463//2463 994//994
f 2465//2465 1010//1010 2464//2464
f 1009//1009 2464//2464 1010//1010
f 2467//2467 1012//1012 2466//2466
f 1011//1011 2466//2466 1012//1012
f 1013//1013 4517//4517 1014//1014
f 2468//2468 3024//3024 1019//1019
f 2469//2469 1020//1020 3109//3109
f 1021//1021 2470//2470 1022//1022
f 1025//1025 2471//2471 2472//2472
f 1034//1034 1033//1033 2473//2473
f 1036//1036 1035//1035 2474//2474
f 2476//2476 1038//1038 2475//2475
f 1037//1037 2475//2475 1038//1038
f 2478//2478 1039//1039 2477//2477
f 1039//1039 2478//2478 1040//1040
f 1045//1045 1007//1007 1046//1046
f 2480//2480 1048//1048 2479//2479
f 1047//1047 2479//2479 1048//1048
f 2483//2483 1050//1050 2482//2482
f 2994//2994 2482//2482 1050//1050
f 1067//1067 1066//1066 70//70
f 2485//2485 2486//2486 2988//2988
f 1068//1068 4488//4488 3902//3902
f 2488//2488 1075//1075 2487//2487
f 1074//1074 2487//2487 1075//1075
f 2490//2490 1076//1076 2489//2489
f 1076//1076 2490//2490 1077//1077
f 1078//1078 2491//2491 1079//1079
f 2493//2493 3910//3910 2492//2492
f 1091//1091 1092//1092 420//420
f 1096//1096 1095//1095 2494//2494
f 1103//1103 1829//1829 1104//1104
f 1105//1105 2496//2496 1106//1106
f 2498//2498 1109//1109 2497//2497
f 1108//1108 2497//2497 1109//1109
f 2500//2500 1110//1110 2499//2499
f 1110//1110 2500//2500 1111//1111
f 472//472 1116//1116 2501//2501
f 2503//2503 1141//1141 2502//2502
f 1141//1141 2503//2503 1142//1142
f 1143//1143 4623//4623 1144//1144
f 2505//2505 1146//1146 2504//2504
f 1145//1145 2504//2504 1146//1146
f 1147//1147 4631//4631 1148//1148
f 1170//1170 1169//1169 2508//2508
f 4646//4646 1171//1171 2509//2509
f 1172//1172 2509//2509 1171//1171
f 1186//1186 1185//1185 1971//1971
f 1197//1197 3957//3957 1196//1196
f 1208//1208 1914//1914 3959//3959
f 1209//1209 1205//1205 1210//1210
f 1213//1213 534//534 1214//1214
f 2516//2516 3205//3205 2515//2515
f 1221//1221 3968//3968 3967//3967
f 3211//3211 3967//3967 3968//3968
f 1235//1235 2518//2518 1233//1233
f 1238//1238 1237//1237 1236//1236
f 1241//1241 3978//3978 1239//1239
f 1240//1240 1239//1239 3978//3978
f 1243//1243 3979//3979 1242//1242
f 2519//2519 1246//1246 3983//3983
f 1248//1248 4668//4668 1249//1249
f 3985//3985 2520//2520 1250//1250
f 2522//2522 1251//1251 2521//2521
f 1251//1251 2522//2522 1252//1252
f 2523//2523 2524//2524 1255//1255
f 2526//2526 2525//2525 1263//1263
f 1264//1264 1263//1263 2525//2525
f 1265//1265 2527//2527 4999//4999
f 2529//2529 1267//1267 2528//2528
f 1266//1266 2528//2528 1267//1267
f 4675//4675 1268//1268 2530//2530
f 3644//3644 1270//1270 2531//2531
f 1269//1269 2531//2531 1270//1270
f 2533//2533 1271//1271 2532//2532
f 1271//1271 2533//2533 1272//1272
f 2535//2535 1273//1273 2534//2534
f 1273//1273 2535//2535 1274//1274
f 1275//1275 2536//2536 1276//1276
f 2538//2538 1277//1277 2537//2537
f 1277//1277 2538//2538 1278//1278
f 2541//2541 3290//3290 4018//4018
f 1285//1285 2543//2543 1283//1283
f 2542//2542 1283//1283 2543//2543
f 2544//2544 1286//1286 2545//2545
f 4026//4026 4025//4025 2546//2546
f 4029//4029 2547//2547 1288//1288
f 2549//2549 1290//1290 2548//2548
f 1290//1290 2549//2549 1291//1291
f 2551//2551 1292//1292 2550//2550
f 1292//1292 2551//2551 1293//1293
f 2553//2553 1298//1298 2552//2552
f 1297//1297 2552//2552 1298//1298
f 2555//2555 1300//1300 2554//2554
f 1299//1299 2554//2554 1300//1300
f 2557//2557 1302//1302 2556//2556
f 1301//1301 2556//2556 1302//1302
f 1309//1309 2120//2120 1310//1310
f 1312//1312 2558//2558 1311//1311
f 1313//1313 3569//3569 4046//4046
f 4950//4950 2559//2559 1329//1329
f 2561//2561 1330//1330 2560//2560
f 1330//1330 2561//2561 1331//1331
f 3542//3542 2562//2562 1333//1333
f 2564//2564 1335//1335 2563//2563
f 1334//1334 2563//2563 1335//1335
f 2566//2566 3536//3536 2565//2565
f 1336//1336 2565//2565 3536//3536
f 1339//1339 2568//2568 1338//1338
f 2567//2567 1338//1338 2568//2568
f 4066//4066 2570//2570 1340//1340
f 4066//4066 1341//1341 2570//2570
f 2571//2571 4071//4071 3369//3369
f 1347//1347 4078//4078 1345//1345
f 1350//1350 2573//2573 1348//1348
f 2573//2573 1350//1350 2574//2574
f 1356//1356 1355//1355 1354//1354
f 2575//2575 3392//3392 4087//4087
f 4088//4088 1358//1358 2576//2576
f 2578//2578 1360//1360 2577//2577
f 1359//1359 2577//2577 1360//1360
f 2580//2580 1362//1362 2579//2579
f 1361//1361 2579//2579 1362//1362
f 2582//2582 1371//1371 2581//2581
f 1371//1371 2582//2582 1372//1372
f 2584//2584 1373//1373 2583//2583
f 1373//1373 2584//2584 1374//1374
f 1375//1375 2240//2240 2585//2585
f 2587//2587 1376//1376 2586//2586
f 1376//1376 2587//2587 3479//3479
f 170//170 4102//4102 2589//2589
f 1393//1393 1392//1392 2590//2590
f 814//814 2592//2592 1401//1401
f 1408//1408 2593//2593 1407//1407
f 2594//2594 1414//1414 3440//3440
f 1443//1443 4921//4921 1444//1444
f 2579//2579 1361//1361 2567//2567
f 1338//1338 2567//2567 1361//1361
f 1450//1450 4927//4927 1451//1451
f 1453//1453 2601//2601 1452//1452
f 1455//1455 4930//4930 1456//1456
f 1463//1463 4141//4141 1461//1461
f 2609//2609 1464//1464 2608//2608
f 1464//1464 2609//2609 1465//1465
f 157//157 3346//3346 1466//1466
f 4793//4793 3353//3353 1467//1467
f 2612//2612 1468//1468 2611//2611
f 1468//1468 2612//2612 4146//4146
f 2614//2614 2168//2168 2613//2613
f 2168//2168 2614//2614 1469//1469
f 1474//1474 3555//3555 1475//1475
f 2615//2615 1489//1489 4152//4152
f 2537//2537 1293//1293 2551//2551
f 1293//1293 2537//2537 1277//1277
f 2619//2619 1505//1505 2618//2618
f 2620//2620 1506//1506 4978//4978
f 3607//3607 4164//4164 3609//3609
f 3627//3627 2623//2623 1511//1511
f 1517//1517 4173//4173 1515//1515
f 2624//2624 1515//1515 4173//4173
f 1519//1519 4174//4174 1518//1518
f 2626//2626 1521//1521 2625//2625
f 1520//1520 2625//2625 1521//1521
f 2627//2627 2628//2628 1522//1522
f 2629//2629 3646//3646 4995//4995
f 2631//2631 4181//4181 2630//2630
f 3257//3257 2630//2630 4181//4181
f 2634//2634 2632//2632 1529//1529
f 2633//2633 852//852 2632//2632
f 853//853 2633//2633 2634//2634
f 2637//2637 2635//2635 1530//1530
f 2636//2636 1531//1531 2635//2635
f 850//850 2636//2636 2637//2637
f 2638//2638 1532//1532 2639//2639
f 1533//1533 2638//2638 2639//2639
f 2640//2640 1534//1534 4192//4192
f 1534//1534 2640//2640 1533//1533
f 2642//2642 1534//1534 2641//2641
f 1534//1534 2642//2642 1535//1535
f 2645//2645 2643//2643 1536//1536
f 2644//2644 857//857 2643//2643
f 1535//1535 2644//2644 2645//2645
f 2648//2648 2646//2646 1537//1537
f 2647//2647 1538//1538 2646//2646
f 855//855 2647//2647 2648//2648
f 2651//2651 2649//2649 856//856
f 2650//2650 1539//1539 2649//2649
f 854//854 2650//2650 2651//2651
f 2653//2653 2652//2652 1540//1540
f 1541//1541 2364//2364 2653//2653
f 3669//3669 2654//2654 1542//1542
f 2655//2655 1543//1543 2654//2654
f 858//858 2655//2655 3669//3669
f 2658//2658 2656//2656 3672//3672
f 2657//2657 1544//1544 2656//2656
f 1545//1545 2657//2657 2658//2658
f 2661//2661 2659//2659 1546//1546
f 2660//2660 861//861 2659//2659
f 1547//1547 2660//2660 2661//2661
f 2664//2664 2662//2662 1548//1548
f 2663//2663 1549//1549 2662//2662
f 859//859 2663//2663 2664//2664
f 2667//2667 2665//2665 860//860
f 2666//2666 1550//1550 2665//2665
f 1551//1551 2666//2666 2667//2667
f 2668//2668 1553//1553 2669//2669
f 2670//2670 1554//1554 2671//2671
f 1555//1555 2670//2670 2671//2671
f 1556//1556 862//862 2672//2672
f 862//862 1558//1558 2672//2672
f 2673//2673 1559//1559 2674//2674
f 1560//1560 2673//2673 2674//2674
f 2676//2676 863//863 2675//2675
f 863//863 2676//2676 1562//1562
f 2678//2678 1563//1563 2677//2677
f 1563//1563 2678//2678 863//863
f 1564//1564 2679//2679 1565//1565
f 865//865 2680//2680 1566//1566
f 1568//1568 2680//2680 865//865
f 1569//1569 2681//2681 1570//1570
f 1573//1573 2683//2683 4263//4263
f 2369//2369 2684//2684 4265//4265
f 1574//1574 2684//2684 2369//2369
f 1575//1575 2685//2685 1576//1576
f 1578//1578 2687//2687 1579//1579
f 867//867 4266//4266 1580//1580
f 2689//2689 1582//1582 2688//2688
f 1582//1582 2689//2689 867//867
f 1583//1583 2690//2690 4281//4281
f 33//33 2691//2691 1585//1585
f 1586//1586 33//33 2370//2370
f 1587//1587 2692//2692 3820//3820
f 869//869 2693//2693 1588//1588
f 3686//3686 1590//1590 2694//2694
f 1590//1590 3686//3686 869//869
f 2696//2696 1591//1591 2695//2695
f 1591//1591 2696//2696 4291//4291
f 2697//2697 871//871 2698//2698
f 1593//1593 2697//2697 2698//2698
f 2701//2701 2699//2699 1594//1594
f 2700//2700 1595//1595 2699//2699
f 2373//2373 2700//2700 2701//2701
f 2702//2702 1596//1596 2703//2703
f 1597//1597 2702//2702 2703//2703
f 2706//2706 2704//2704 1594//1594
f 2705//2705 874//874 2704//2704
f 875//875 2705//2705 2706//2706
f 2709//2709 2707//2707 1592//1592
f 2708//2708 1598//1598 2707//2707
f 872//872 2708//2708 2709//2709
f 2712//2712 2710//2710 873//873
f 2711//2711 1599//1599 2710//2710
f 1600//1600 2711//2711 2712//2712
f 4310//4310 1601//1601 2713//2713
f 1600//1600 2713//2713 1601//1601
f 4309//4309 1601//1601 2714//2714
f 1602//1602 2714//2714 1601//1601
f 2717//2717 2715//2715 1603//1603
f 2716//2716 879//879 2715//2715
f 1604//1604 2716//2716 2717//2717
f 2720//2720 2718//2718 1605//1605
f 2719//2719 1606//1606 2718//2718
f 877//877 2719//2719 2720//2720
f 2723//2723 2721//2721 878//878
f 2722//2722 1607//1607 2721//2721
f 1608//1608 2722//2722 2723//2723
f 2726//2726 2724//2724 1609//1609
f 2725//2725 882//882 2724//2724
f 1610//1610 2725//2725 2726//2726
f 2729//2729 2727//2727 1611//1611
f 2728//2728 1612//1612 2727//2727
f 880//880 2728//2728 2729//2729
f 2732//2732 2730//2730 881//881
f 2731//2731 1613//1613 2730//2730
f 1614//1614 2731//2731 2732//2732
f 2733//2733 884//884 2734//2734
f 1615//1615 2733//2733 2734//2734
f 2736//2736 1607//1607 2735//2735
f 2737//2737 1606//1606 2738//2738
f 1616//1616 2737//2737 2738//2738
f 2739//2739 886//886 2740//2740
f 1617//1617 2739//2739 2740//2740
f 2741//2741 1618//1618 2742//2742
f 885//885 2741//2741 2742//2742
f 2745//2745 2743//2743 3719//3719
f 2744//2744 1619//1619 2743//2743
f 1620//1620 2744//2744 2745//2745
f 2747//2747 3722//3722 1621//1621
f 2746//2746 887//887 3722//3722
f 1622//1622 2746//2746 2747//2747
f 2749//2749 1624//1624 2748//2748
f 2750//2750 1625//1625 2751//2751
f 1626//1626 2750//2750 2751//2751
f 2754//2754 2752//2752 1623//1623
f 2753//2753 890//890 2752//2752
f 1627//1627 2753//2753 2754//2754
f 2757//2757 2755//2755 1621//1621
f 2756//2756 1628//1628 2755//2755
f 888//888 2756//2756 2757//2757
f 2760//2760 2758//2758 889//889
f 2759//2759 1629//1629 2758//2758
f 1630//1630 2759//2759 2760//2760
f 2762//2762 2392//2392 2761//2761
f 4371//4371 2762//2762 2761//2761
f 2765//2765 2763//2763 1631//1631
f 2764//2764 1632//1632 2763//2763
f 2392//2392 2764//2764 2765//2765
f 2766//2766 1633//1633 3734//3734
f 1634//1634 2766//2766 3734//3734
f 2769//2769 2767//2767 1631//1631
f 2768//2768 2394//2394 2767//2767
f 1635//1635 2768//2768 2769//2769
f 2770//2770 1636//1636 2761//2761
f 892//892 2770//2770 2761//2761
f 2773//2773 2771//2771 893//893
f 2772//2772 1637//1637 2771//2771
f 1638//1638 2772//2772 2773//2773
f 1641//1641 2775//2775 1642//1642
f 1645//1645 2777//2777 1646//1646
f 2779//2779 1649//1649 2778//2778
f 1649//1649 2779//2779 895//895
f 1650//1650 2780//2780 1651//1651
f 2782//2782 1652//1652 2781//2781
f 1647//1647 2781//2781 1652//1652
f 1653//1653 1647//1647 2397//2397
f 2784//2784 1654//1654 2783//2783
f 4402//4402 2783//2783 1654//1654
f 4410//4410 2786//2786 4411//4411
f 2788//2788 1655//1655 2787//2787
f 900//900 2787//2787 897//897
f 2790//2790 1657//1657 2789//2789
f 1656//1656 2789//2789 1657//1657
f 4419//4419 1659//1659 2791//2791
f 1659//1659 4419//4419 1658//1658
f 4417//4417 1656//1656 2792//2792
f 1656//1656 4417//4417 1658//1658
f 2794//2794 3753//3753 1660//1660
f 2793//2793 902//902 3753//3753
f 1661//1661 2793//2793 2794//2794
f 2795//2795 1663//1663 3752//3752
f 901//901 2795//2795 3752//3752
f 2796//2796 903//903 2797//2797
f 1664//1664 2796//2796 2797//2797
f 2799//2799 3757//3757 1665//1665
f 2798//2798 2800//2800 3757//3757
f 1666//1666 2798//2798 2799//2799
f 2800//2800 1667//1667 2801//2801
f 2804//2804 2802//2802 3758//3758
f 2803//2803 1668//1668 2802//2802
f 1669//1669 2803//2803 2804//2804
f 2805//2805 1670//1670 4439//4439
f 1670//1670 2805//2805 1663//1663
f 2806//2806 1670//1670 4438//4438
f 1670//1670 2806//2806 1671//1671
f 2809//2809 2807//2807 1672//1672
f 2808//2808 907//907 2807//2807
f 1669//1669 2808//2808 2809//2809
f 2812//2812 2810//2810 1673//1673
f 2811//2811 904//904 2810//2810
f 905//905 2811//2811 2812//2812
f 2815//2815 2813//2813 906//906
f 2814//2814 1671//1671 2813//2813
f 1666//1666 2814//2814 2815//2815
f 2818//2818 2816//2816 1673//1673
f 2817//2817 908//908 2816//2816
f 1664//1664 2817//2817 2818//2818
f 2821//2821 2819//2819 1672//1672
f 2820//2820 1668//1668 2819//2819
f 2411//2411 2820//2820 2821//2821
f 2822//2822 1667//1667 2823//2823
f 1661//1661 2822//2822 2823//2823
f 911//911 2824//2824 1657//1657
f 4402//4402 911//911 909//909
f 2826//2826 1655//1655 2825//2825
f 1653//1653 2825//2825 1655//1655
f 899//899 2828//2828 4405//4405
f 2830//2830 1654//1654 2829//2829
f 914//914 2829//2829 1654//1654
f 1645//1645 2831//2831 912//912
f 1644//1644 2832//2832 1652//1652
f 3775//3775 4410//4410 2833//2833
f 4410//4410 3775//3775 3776//3776
f 4407//4407 2412//2412 268//268
f 915//915 2834//2834 1646//1646
f 2834//2834 915//915 2835//2835
f 1637//1637 2835//2835 915//915
f 1636//1636 2836//2836 1643//1643
f 916//916 289//289 1642//1642
f 2838//2838 1649//1649 2837//2837
f 1649//1649 2838//2838 1639//1639
f 2840//2840 1638//1638 2839//2839
f 920//920 2839//2839 1638//1638
f 2842//2842 918//918 2841//2841
f 1629//1629 2841//2841 918//918
f 1628//1628 2843//2843 1635//1635
f 2845//2845 4371//4371 2844//2844
f 1640//1640 2844//2844 4371//4371
f 2848//2848 2846//2846 4445//4445
f 2847//2847 924//924 2846//2846
f 1630//1630 2847//2847 2848//2848
f 2849//2849 1619//1619 3784//3784
f 922//922 2849//2849 3784//3784
f 2852//2852 2850//2850 923//923
f 2851//2851 1618//1618 2850//2850
f 1627//1627 2851//2851 2852//2852
f 2854//2854 1632//1632 2855//2855
f 1622//1622 2854//2854 2855//2855
f 2858//2858 2856//2856 1683//1683
f 2857//2857 927//927 2856//2856
f 1620//1620 2857//2857 2858//2858
f 2861//2861 2859//2859 1684//1684
f 2860//2860 1613//1613 2859//2859
f 925//925 2860//2860 2861//2861
f 2864//2864 2862//2862 926//926
f 2863//2863 1612//1612 2862//2862
f 1617//1617 2863//2863 2864//2864
f 1616//1616 2865//2865 2866//2866
f 2867//2867 1625//1625 2868//2868
f 2421//2421 2867//2867 2868//2868
f 2871//2871 2869//2869 928//928
f 2870//2870 1624//1624 2869//2869
f 1615//1615 2870//2870 2871//2871
f 2874//2874 2872//2872 1686//1686
f 2873//2873 931//931 2872//2872
f 1614//1614 2873//2873 2874//2874
f 2877//2877 2875//2875 1687//1687
f 2876//2876 1688//1688 2875//2875
f 929//929 2876//2876 2877//2877
f 2880//2880 2878//2878 930//930
f 2879//2879 932//932 2878//2878
f 1610//1610 2879//2879 2880//2880
f 4457//4457 1689//1689 2881//2881
f 1688//1688 2881//2881 1689//1689
f 4456//4456 1689//1689 2882//2882
f 1690//1690 2882//2882 1689//1689
f 2885//2885 2883//2883 1611//1611
f 2884//2884 936//936 2883//2883
f 1608//1608 2884//2884 2885//2885
f 2888//2888 2886//2886 1609//1609
f 2887//2887 933//933 2886//2886
f 934//934 2887//2887 2888//2888
f 2891//2891 2889//2889 935//935
f 2890//2890 1690//1690 2889//2889
f 1604//1604 2890//2890 2891//2891
f 2893//2893 2892//2892 4459//4459
f 1597//1597 937//937 2893//2893
f 2894//2894 1599//1599 2895//2895
f 2896//2896 1598//1598 2897//2897
f 1593//1593 2896//2896 2897//2897
f 2900//2900 2898//2898 297//297
f 1602//1602 2899//2899 2900//2900
f 3814//3814 2901//2901 1691//1691
f 2902//2902 1596//1596 2901//2901
f 938//938 2902//2902 3814//3814
f 2903//2903 1595//1595 2904//2904
f 876//876 2903//2903 2904//2904
f 2906//2906 1693//1693 2905//2905
f 1692//1692 2905//2905 1693//1693
f 2907//2907 1585//1585 4462//4462
f 1692//1692 4462//4462 1585//1585
f 1590//1590 2908//2908 1693//1693
f 1586//1586 2909//2909 4270//4270
f 1583//1583 3823//3823 944//944
f 1582//1582 2911//2911 1588//1588
f 2914//2914 1571//1571 2913//2913
f 1577//1577 2913//2913 1571//1571
f 3827//3827 32//32 4281//4281
f 32//32 1575//1575 2915//2915
f 1575//1575 32//32 947//947
f 1574//1574 948//948 1580//1580
f 951//951 2916//2916 1565//1565
f 2916//2916 949//949 32//32
f 1573//1573 32//32 949//949
f 1572//1572 2917//2917 1562//1562
f 4269//4269 2918//2918 1696//1696
f 2919//2919 952//952 2918//2918
f 1576//1576 2919//2919 4269//4269
f 3830//3830 2920//2920 1697//1697
f 2921//2921 1569//1569 2920//2920
f 2922//2922 1568//1568 2923//2923
f 4265//4265 2922//2922 2923//2923
f 2926//2926 2924//2924 1697//1697
f 2925//2925 3834//3834 2924//2924
f 1555//1555 2925//2925 2926//2926
f 3834//3834 4269//4269 1696//1696
f 3835//3835 1564//1564 4269//4269
f 2930//2930 2928//2928 1698//1698
f 2929//2929 955//955 2928//2928
f 1570//1570 2929//2929 2930//2930
f 2933//2933 2931//2931 1699//1699
f 2932//2932 1559//1559 2931//2931
f 953//953 2932//2932 2933//2933
f 2936//2936 2934//2934 954//954
f 2935//2935 1558//1558 2934//2934
f 1566//1566 2935//2935 2936//2936
f 2939//2939 2937//2937 1699//1699
f 2938//2938 956//956 2937//2937
f 1545//1545 2938//2938 2939//2939
f 2942//2942 2940//2940 1698//1698
f 2941//2941 1554//1554 2940//2940
f 2441//2441 2941//2941 2942//2942
f 2945//2945 2943//2943 3845//3845
f 2944//2944 1553//1553 2943//2943
f 1541//1541 2944//2944 2945//2945
f 1560//1560 2946//2946 2947//2947
f 3847//3847 2948//2948 1701//1701
f 957//957 1550//1550 2948//2948
f 2949//2949 1549//1549 2950//2950
f 1556//1556 2949//2949 2950//2950
f 2952//2952 3854//3854 1701//1701
f 1702//1702 2951//2951 2952//2952
f 2953//2953 1544//1544 2954//2954
f 958//958 2953//2953 2954//2954
f 2955//2955 1543//1543 2956//2956
f 1703//1703 2955//2955 2956//2956
f 2959//2959 2957//2957 1530//1530
f 2958//2958 962//962 2957//2957
f 1551//1551 2958//2958 2959//2959
f 2962//2962 2960//2960 1529//1529
f 2961//2961 1539//1539 2960//2960
f 960//960 2961//2961 2962//2962
f 2965//2965 2963//2963 961//961
f 2964//2964 1538//1538 2963//2963
f 1547//1547 2964//2964 2965//2965
f 2968//2968 2966//2966 1704//1704
f 2967//2967 965//965 2966//2966
f 1703//1703 2967//2967 2968//2968
f 2971//2971 2969//2969 1705//1705
f 2970//2970 1532//1532 2969//2969
f 963//963 2970//2970 2971//2971
f 2974//2974 2972//2972 964//964
f 2973//2973 1531//1531 2972//2972
f 1702//1702 2973//2973 2974//2974
f 2453//2453 1709//1709 2975//2975
f 1710//1710 2453//2453 2976//2976
f 1726//1726 2491//2491 1078//1078
f 2978//2978 2493//2493 2977//2977
f 1726//1726 2977//2977 2493//2493
f 2487//2487 1074//1074 1727//1727
f 2979//2979 1079//1079 4483//4483
f 1727//1727 4483//4483 1079//1079
f 2492//2492 1728//1728 4485//4485
f 1728//1728 2492//2492 3910//3910
f 2981//2981 1728//1728 2980//2980
f 1728//1728 2981//2981 1077//1077
f 1075//1075 985//985 2982//2982
f 1732//1732 1733//1733 2983//2983
f 4488//4488 1068//1068 4487//4487
f 1737//1737 4487//4487 1068//1068
f 2985//2985 1737//1737 2984//2984
f 1737//1737 2985//2985 1738//1738
f 4489//4489 1739//1739 2986//2986
f 1066//1066 2986//2986 1739//1739
f 3902//3902 4488//4488 1739//1739
f 1740//1740 2987//2987 1741//1741
f 2988//2988 1740//1740 4490//4490
f 2990//2990 1744//1744 2989//2989
f 1744//1744 2990//2990 1065//1065
f 3035//3035 1745//1745 2992//2992
f 1749//1749 998//998 2993//2993
f 2994//2994 2995//2995 1772//1772
f 2481//2481 2996//2996 1772//1772
f 4499//4499 1049//1049 2997//2997
f 1049//1049 4499//4499 1773//1773
f 2998//2998 1046//1046 1007//1007
f 1046//1046 2998//2998 1773//1773
f 1047//1047 2999//2999 3000//3000
f 3001//3001 3000//3000 2483//2483
f 1050//1050 2483//2483 3000//3000
f 1015//1015 1045//1045 3002//3002
f 1774//1774 1015//1015 3003//3003
f 1775//1775 1776//1776 3004//3004
f 1048//1048 1016//1016 3006//3006
f 1777//1777 1778//1778 3007//3007
f 3009//3009 1782//1782 3008//3008
f 1783//1783 3008//3008 1782//1782
f 4503//4503 1040//1040 2478//2478
f 1040//1040 4503//4503 1782//1782
f 2477//2477 1039//1039 3010//3010
f 1784//1784 3010//3010 1039//1039
f 1784//1784 401//401 1036//1036
f 3012//3012 4506//4506 3011//3011
f 1037//1037 3011//3011 4506//4506
f 3014//3014 1788//1788 3013//3013
f 1033//1033 3013//3013 1788//1788
f 4509//4509 1788//1788 2476//2476
f 1038//1038 2476//2476 1788//1788
f 1034//1034 1026//1026 3016//3016
f 1789//1789 1790//1790 3017//3017
f 1032//1032 1790//1790 3018//3018
f 1024//1024 1031//1031 3019//3019
f 1787//1787 3015//3015 3020//3020
f 1793//1793 1025//1025 3021//3021
f 2469//2469 1794//1794 3022//3022
f 1795//1795 1021//1021 3023//3023
f 1020//1020 1796//1796 3109//3109
f 3026//3026 1041//1041 3025//3025
f 1019//1019 3025//3025 1041//1041
f 3028//3028 1022//1022 3027//3027
f 1041//1041 3027//3027 1022//1022
f 1783//1783 4517//4517 1785//1785
f 1798//1798 3004//3004 1776//1776
f 3029//3029 1798//1798 4516//4516
f 1798//1798 3029//3029 1012//1012
f 1013//1013 3030//3030 4518//4518
f 3031//3031 4518//4518 3007//3007
f 1777//1777 3007//3007 4518//4518
f 2466//2466 4519//4519 4520//4520
f 4519//4519 2466//2466 1011//1011
f 4519//4519 388//388 1010//1010
f 3033//3033 1009//1009 3032//3032
f 1009//1009 3033//3033 1799//1799
f 1014//1014 4517//4517 1799//1799
f 1060//1060 1801//1801 3034//3034
f 994//994 1804//1804 3036//3036
f 1805//1805 990//990 3037//3037
f 3878//3878 1806//1806 2462//2462
f 2461//2461 1806//1806 3038//3038
f 1807//1807 3876//3876 75//75
f 3904//3904 991//991 3040//3040
f 991//991 3904//3904 1069//1069
f 3042//3042 1069//1069 3041//3041
f 1069//1069 3042//3042 2460//2460
f 3043//3043 1741//1741 2987//2987
f 1741//1741 3043//3043 1738//1738
f 4527//4527 4526//4526 3044//3044
f 2455//2455 3044//3044 4526//4526
f 2983//2983 4528//4528 3045//3045
f 4528//4528 2983//2983 1733//1733
f 4528//4528 3046//3046 984//984
f 4531//4531 4530//4530 3047//3047
f 2454//2454 3047//3047 4530//4530
f 2457//2457 983//983 3048//3048
f 4533//4533 3048//3048 983//983
f 4533//4533 4532//4532 3049//3049
f 1092//1092 3050//3050 1809//1809
f 1710//1710 2976//2976 1091//1091
f 1096//1096 1812//1812 3051//3051
f 1813//1813 1095//1095 3052//3052
f 425//425 4534//4534 3053//3053
f 1817//1817 4535//4535 3054//3054
f 1818//1818 3055//3055 4536//4536
f 3055//3055 1818//1818 3056//3056
f 4538//4538 3057//3057 1097//1097
f 2495//2495 3058//3058 1822//1822
f 2495//2495 1823//1823 3058//3058
f 3059//3059 1824//1824 3060//3060
f 1825//1825 3059//3059 3060//3060
f 3061//3061 3913//3913 4548//4548
f 1259//1259 3445//3445 3914//3914
f 439//439 1834//1834 3915//3915
f 3236//3236 1835//1835 3063//3063
f 3065//3065 2523//2523 3064//3064
f 2523//2523 3065//3065 1101//1101
f 1101//1101 444//444 1252//1252
f 3066//3066 1837//1837 75//75
f 1837//1837 3066//3066 1836//1836
f 4554//4554 1250//1250 3067//3067
f 3069//3069 1839//1839 3068//3068
f 445//445 3068//3068 1839//1839
f 1840//1840 451//451 1102//1102
f 3071//3071 1841//1841 3070//3070
f 1841//1841 3071//3071 3237//3237
f 3073//3073 1847//1847 3072//3072
f 1847//1847 3073//3073 1104//1104
f 3074//3074 1103//1103 3917//3917
f 1103//1103 3074//3074 1848//1848
f 3075//3075 101//101 1849//1849
f 1850//1850 3076//3076 1106//1106
f 3077//3077 1851//1851 1106//1106
f 1105//1105 1106//1106 1851//1851
f 3079//3079 1854//1854 3078//3078
f 1854//1854 3079//3079 1107//1107
f 1855//1855 1107//1107 3079//3079
f 1857//1857 477//477 1856//1856
f 4564//4564 1858//1858 3080//3080
f 1859//1859 3080//3080 1858//1858
f 3082//3082 1861//1861 3081//3081
f 1861//1861 3082//3082 4566//4566
f 3083//3083 4566//4566 3921//3921
f 3085//3085 1862//1862 3084//3084
f 1862//1862 3085//3085 4571//4571
f 3087//3087 1863//1863 3086//3086
f 1863//1863 3087//3087 1864//1864
f 3088//3088 1863//1863 4572//4572
f 1863//1863 3088//3088 1865//1865
f 1112//1112 467//467 1867//1867
f 3090//3090 1869//1869 3089//3089
f 1869//1869 3090//3090 1868//1868
f 3445//3445 4583//4583 1116//1116
f 1874//1874 3925//3925 3445//3445
f 1878//1878 1877//1877 3092//3092
f 1126//1126 1127//1127 504//504
f 1125//1125 1893//1893 4587//4587
f 4590//4590 1126//1126 3093//3093
f 1896//1896 3096//3096 1895//1895
f 3095//3095 1897//1897 4591//4591
f 1897//1897 3095//3095 3094//3094
f 4597//4597 1899//1899 3097//3097
f 1129//1129 1902//1902 3098//3098
f 512//512 1903//1903 4597//4597
f 3100//3100 1904//1904 3099//3099
f 1904//1904 3100//3100 1905//1905
f 1130//1130 1906//1906 3101//3101
f 3103//3103 1912//1912 522//522
f 3198//3198 1913//1913 3104//3104
f 1211//1211 3105//3105 117//117
f 526//526 3195//3195 3105//3105
f 1209//1209 3106//3106 1135//1135
f 3108//3108 1214//1214 3107//3107
f 1135//1135 3107//3107 1214//1214
f 3196//3196 3109//3109 1915//1915
f 3111//3111 1208//1208 3110//3110
f 1208//1208 3111//3111 3112//3112
f 3113//3113 1914//1914 3112//3112
f 3115//3115 1917//1917 3114//3114
f 1917//1917 3115//3115 1916//1916
f 3116//3116 1918//1918 3929//3929
f 1920//1920 3117//3117 1921//1921
f 123//123 4610//4610 1928//1928
f 3121//3121 4611//4611 3120//3120
f 4611//4611 3121//3121 1139//1139
f 3122//3122 1139//1139 3121//3121
f 1139//1139 3122//3122 1929//1929
f 3127//3127 4618//4618 3126//3126
f 1930//1930 3126//3126 4618//4618
f 1931//1931 4619//4619 4621//4621
f 4619//4619 3128//3128 1932//1932
f 3130//3130 1144//1144 3129//3129
f 4622//4622 3129//3129 1144//1144
f 3132//3132 1933//1933 3131//3131
f 1143//1143 3131//3131 1933//1933
f 3134//3134 1934//1934 3133//3133
f 1935//1935 3133//3133 1934//1934
f 4629//4629 1936//1936 3135//3135
f 4628//4628 3135//3135 1936//1936
f 4627//4627 1936//1936 3136//3136
f 1937//1937 3136//3136 1936//1936
f 3137//3137 1148//1148 555//555
f 1938//1938 555//555 1148//1148
f 3138//3138 1939//1939 3137//3137
f 1147//1147 3137//3137 1939//1939
f 3140//3140 1940//1940 3139//3139
f 1941//1941 3139//3139 1940//1940
f 4636//4636 1153//1153 1959//1959
f 4637//4637 1948//1948 3141//3141
f 4639//4639 560//560 3142//3142
f 3172//3172 1962//1962 3143//3143
f 1965//1965 1166//1166 3144//3144
f 1979//1979 3145//3145 1978//1978
f 4643//4643 2507//2507 589//589
f 2507//2507 1896//1896 1981//1981
f 1982//1982 3147//3147 2507//2507
f 3147//3147 1982//1982 3148//3148
f 3150//3150 1986//1986 3149//3149
f 592//592 1987//1987 3150//3150
f 1988//1988 3151//3151 593//593
f 3151//3151 1988//1988 3152//3152
f 1169//1169 115//115 3154//3154
f 1990//1990 3153//3153 1170//1170
f 3154//3154 3155//3155 1991//1991
f 593//593 3942//3942 4653//4653
f 3156//3156 4653//4653 3942//3942
f 4653//4653 3156//3156 1992//1992
f 1172//1172 3158//3158 1991//1991
f 3157//3157 1991//1991 3158//3158
f 1994//1994 3159//3159 1171//1171
f 3943//3943 1171//1171 3159//3159
f 3945//3945 1995//1995 3160//3160
f 1988//1988 1996//1996 3161//3161
f 592//592 2510//2510 3162//3162
f 1984//1984 3160//3160 3163//3163
f 1982//1982 1174//1174 1994//1994
f 4642//4642 1176//1176 1981//1981
f 1979//1979 3165//3165 1175//1175
f 1977//1977 3166//3166 1980//1980
f 3168//3168 3167//3167 1978//1978
f 1186//1186 1967//1967 3169//3169
f 1962//1962 1185//1185 3170//3170
f 4639//4639 3950//3950 3173//3173
f 4638//4638 2003//2003 3950//3950
f 4636//4636 2004//2004 3174//3174
f 1934//1934 3175//3175 3951//3951
f 1933//1933 3176//3176 1938//1938
f 3178//3178 3953//3953 3177//3177
f 3953//3953 3178//3178 1145//1145
f 3177//3177 1940//1940 3179//3179
f 1940//1940 3177//3177 3953//3953
f 1939//1939 3180//3180 4628//4628
f 1932//1932 3182//3182 4622//4622
f 3183//3183 1141//1141 2512//2512
f 1929//1929 3184//3184 1931//1931
f 3185//3185 1197//1197 3956//3956
f 1197//1197 3185//3185 1930//1930
f 3187//3187 1146//1146 3186//3186
f 1146//1146 3187//3187 1196//1196
f 1937//1937 3188//3188 4615//4615
f 4610//4610 123//123 1199//1199
f 3190//3190 4611//4611 3189//3189
f 3119//3119 3189//3189 4611//4611
f 2513//2513 3191//3191 1928//1928
f 4618//4618 3191//3191 2513//2513
f 3125//3125 2513//2513 4606//4606
f 3958//3958 1207//1207 1921//1921
f 3193//3193 1916//1916 3192//3192
f 1207//1207 3192//3192 1916//1916
f 1918//1918 3194//3194 3113//3113
f 1917//1917 4660//4660 3114//3114
f 4662//4662 2008//2008 3196//3196
f 4661//4661 2008//2008 3197//3197
f 1920//1920 3197//3197 2008//2008
f 2010//2010 1915//1915 3109//3109
f 3201//3201 3199//3199 2011//2011
f 1906//1906 3200//3200 2012//2012
f 1904//1904 3202//3202 3201//3201
f 3203//3203 1903//1903 2011//2011
f 1902//1902 3205//3205 3204//3204
f 1986//1986 1218//1218 3206//3206
f 1218//1218 1899//1899 3207//3207
f 1987//1987 4596//4596 1218//1218
f 3208//3208 3966//3966 1905//1905
f 3966//3966 3208//3208 1220//1220
f 3209//3209 4594//4594 3102//3102
f 1897//1897 1220//1220 4150//4150
f 4150//4150 3968//3968 4591//4591
f 1221//1221 4590//4590 1895//1895
f 1893//1893 3211//3211 3210//3210
f 2015//2015 3212//3212 4587//4587
f 1885//1885 4666//4666 3213//3213
f 2018//2018 1228//1228 3215//3215
f 2018//2018 1876//1876 2517//2517
f 2020//2020 3218//3218 4584//4584
f 1230//1230 4583//4583 3217//3217
f 2020//2020 477//477 3218//3218
f 1235//1235 3973//3973 1862//1862
f 3972//3972 1868//1868 3219//3219
f 1868//1868 3972//3972 1233//1233
f 1867//1867 3220//3220 1861//1861
f 1238//1238 3221//3221 1869//1869
f 1111//1111 3221//3221 1236//1236
f 1865//1865 3222//3222 1866//1866
f 1241//1241 3223//3223 1108//1108
f 3975//3975 1239//1239 3224//3224
f 4571//4571 3224//3224 1239//1239
f 3226//3226 1859//1859 3225//3225
f 3083//3083 3225//3225 1859//1859
f 1243//1243 3227//3227 1853//1853
f 1109//1109 3227//3227 1242//1242
f 1860//1860 3228//3228 1850//1850
f 1856//1856 477//477 3980//3980
f 1855//1855 1244//1244 1864//1864
f 1851//1851 3231//3231 1847//1847
f 3983//3983 1246//1246 3232//3232
f 1849//1849 3232//3232 1246//1246
f 3234//3234 1854//1854 3233//3233
f 1848//1848 3233//3233 1854//1854
f 445//445 3984//3984 1249//1249
f 3235//3235 1248//1248 3984//3984
f 1248//1248 3235//3235 1841//1841
f 1838//1838 451//451 1840//1840
f 2021//2021 1839//1839 3069//3069
f 3238//3238 2022//2022 4672//4672
f 2022//2022 3238//3238 1836//1836
f 1837//1837 2023//2023 75//75
f 1259//1259 434//434 3239//3239
f 1824//1824 3239//3239 434//434
f 1825//1825 1260//1260 3240//3240
f 4539//4539 1820//1820 3241//3241
f 4550//4550 3242//3242 1818//1818
f 1817//1817 3243//3243 1826//1826
f 4534//4534 3245//3245 1822//1822
f 3245//3245 4534//4534 3246//3246
f 1263//1263 3247//3247 1821//1821
f 3247//3247 1263//1263 3248//3248
f 1812//1812 3249//3249 1264//1264
f 3249//3249 1812//1812 1094//1094
f 1811//1811 3250//3250 1819//1819
f 423//423 1816//1816 3250//3250
f 2025//2025 3251//3251 4181//4181
f 3252//3252 4181//4181 2631//2631
f 3256//3256 3254//3254 3255//3255
f 2026//2026 3255//3255 3254//3254
f 1268//1268 3258//3258 2027//2027
f 3260//3260 2029//2029 3259//3259
f 2029//2029 3260//3260 2028//2028
f 3262//3262 2030//2030 3261//3261
f 2627//2627 3261//3261 2030//2030
f 3265//3265 2031//2031 3264//3264
f 2031//2031 3265//3265 4679//4679
f 3266//3266 2031//2031 4678//4678
f 2031//2031 3266//3266 1522//1522
f 3267//3267 2625//2625 1520//1520
f 3269//3269 3267//3267 3268//3268
f 3267//3267 3269//3269 3639//3639
f 3270//3270 4681//4681 1523//1523
f 1521//1521 2626//2626 4681//4681
f 2033//2033 3271//3271 2032//2032
f 3271//3271 2033//2033 3272//3272
f 2033//2033 3273//3273 2034//2034
f 3273//3273 2033//2033 4683//4683
f 3275//3275 2038//2038 4004//4004
f 4688//4688 3275//3275 4004//4004
f 3276//3276 1279//1279 1537//1537
f 2039//2039 2540//2540 3276//3276
f 1279//1279 2040//2040 3277//3277
f 3278//3278 2041//2041 2540//2540
f 2042//2042 3279//3279 4005//4005
f 3280//3280 632//632 4006//4006
f 4701//4701 3280//3280 4006//4006
f 3281//3281 4008//4008 2043//2043
f 3281//3281 4009//4009 4008//4008
f 3283//3283 2046//2046 4009//4009
f 2047//2047 3283//3283 4009//4009
f 1280//1280 4710//4710 3284//3284
f 3286//3286 4013//4013 1557//1557
f 2051//2051 4014//4014 3286//3286
f 4012//4012 3287//3287 4238//4238
f 4014//4014 2052//2052 3287//3287
f 2055//2055 3289//3289 2056//2056
f 3292//3292 2059//2059 3291//3291
f 2059//2059 3292//3292 2060//2060
f 1285//1285 3293//3293 2061//2061
f 2062//2062 3293//3293 1283//1283
f 2063//2063 1284//1284 2064//2064
f 4021//4021 3294//3294 2065//2065
f 2066//2066 3294//3294 4021//4021
f 2067//2067 3295//3295 2068//2068
f 2071//2071 3296//3296 2072//2072
f 4024//4024 2073//2073 3297//3297
f 2073//2073 4024//4024 4025//4025
f 2074//2074 3298//3298 2075//2075
f 3299//3299 2076//2076 3300//3300
f 2077//2077 3301//3301 4749//4749
f 3303//3303 2078//2078 3302//3302
f 2078//2078 3303//3303 1288//1288
f 3305//3305 4752//4752 3304//3304
f 4752//4752 3305//3305 2079//2079
f 3307//3307 2080//2080 3306//3306
f 2080//2080 3307//3307 2081//2081
f 3308//3308 2080//2080 4753//4753
f 2080//2080 3308//3308 2082//2082
f 3309//3309 2035//2035 4757//4757
f 2083//2083 4757//4757 2035//2035
f 3310//3310 2084//2084 4756//4756
f 2083//2083 4756//4756 2084//2084
f 2017//2017 3312//3312 3311//3311
f 2019//2019 2085//2085 4037//4037
f 4761//4761 2092//2092 3313//3313
f 2092//2092 4761//4761 2091//2091
f 3315//3315 2093//2093 3314//3314
f 2093//2093 3315//3315 2091//2091
f 2095//2095 4765//4765 2094//2094
f 3317//3317 2096//2096 3316//3316
f 2096//2096 3317//3317 2094//2094
f 4041//4041 2047//2047 3318//3318
f 2047//2047 4041//4041 4767//4767
f 3319//3319 4767//4767 4041//4041
f 4767//4767 3319//3319 2097//2097
f 3321//3321 2044//2044 3320//3320
f 2044//2044 3321//3321 2098//2098
f 4772//4772 2100//2100 3322//3322
f 2100//2100 4772//4772 2099//2099
f 3324//3324 2101//2101 3323//3323
f 2101//2101 3324//3324 2099//2099
f 4774//4774 2102//2102 2107//2107
f 3326//3326 2110//2110 3325//3325
f 2109//2109 3325//3325 2110//2110
f 1312//1312 2105//2105 2111//2111
f 3328//3328 4776//4776 1492//1492
f 4776//4776 3328//3328 1311//1311
f 3330//3330 2112//2112 3329//3329
f 2112//2112 3330//3330 2113//2113
f 3331//3331 1313//1313 4046//4046
f 1313//1313 3331//3331 2115//2115
f 3332//3332 684//684 2116//2116
f 1318//1318 3333//3333 2130//2130
f 4047//4047 3334//3334 2131//2131
f 3335//3335 2144//2144 3336//3336
f 2146//2146 2145//2145 4048//4048
f 2150//2150 2149//2149 3337//3337
f 1326//1326 2157//2157 3338//3338
f 2159//2159 2158//2158 3339//3339
f 2163//2163 3553//3553 710//710
f 2164//2164 709//709 3340//3340
f 3341//3341 2165//2165 3340//3340
f 2613//2613 2168//2168 3342//3342
f 3343//3343 2168//2168 4788//4788
f 2168//2168 3343//3343 2169//2169
f 3344//3344 2170//2170 4791//4791
f 3345//3345 1332//1332 2172//2172
f 1332//1332 3345//3345 1469//1469
f 4795//4795 2175//2175 3347//3347
f 1466//1466 3347//3347 2175//2175
f 3349//3349 2175//2175 3348//3348
f 2176//2176 3348//3348 2175//2175
f 2177//2177 3350//3350 3351//3351
f 3352//3352 3351//3351 2609//2609
f 1465//1465 2609//2609 3351//3351
f 2608//2608 2178//2178 3353//3353
f 2178//2178 2608//2608 1464//1464
f 2180//2180 3354//3354 2179//2179
f 4799//4799 2179//2179 3354//3354
f 2181//2181 3355//3355 2179//2179
f 4797//4797 2179//2179 3355//3355
f 3357//3357 3356//3356 1362//1362
f 4061//4061 2569//2569 3356//3356
f 1660//1660 4061//4061 3357//3357
f 3359//3359 2184//2184 2569//2569
f 1662//1662 3359//3359 2569//2569
f 3360//3360 4062//4062 1605//1605
f 2185//2185 4066//4066 3360//3360
f 3363//3363 3361//3361 1603//1603
f 3362//3362 2184//2184 3361//3361
f 1340//1340 3362//3362 3363//3363
f 3364//3364 2183//2183 4064//4064
f 2186//2186 3364//3364 4064//4064
f 2187//2187 3366//3366 3365//3365
f 4068//4068 2188//2188 1342//1342
f 3367//3367 2189//2189 3368//3368
f 2190//2190 3367//3367 3368//3368
f 4811//4811 2571//2571 4070//4070
f 3371//3371 2197//2197 4074//4074
f 2198//2198 3371//3371 4074//4074
f 2202//2202 3374//3374 4075//4075
f 3375//3375 4825//4825 4076//4076
f 2203//2203 3375//3375 4076//4076
f 2205//2205 3376//3376 2206//2206
f 1347//1347 3377//3377 2207//2207
f 2208//2208 3377//3377 1345//1345
f 2209//2209 3378//3378 2210//2210
f 1350//1350 3379//3379 2211//2211
f 2212//2212 3380//3380 1348//1348
f 2213//2213 3381//3381 2214//2214
f 4083//4083 4082//4082 2215//2215
f 3383//3383 4083//4083 3382//3382
f 2216//2216 3382//3382 4083//4083
f 3385//3385 2218//2218 3384//3384
f 2217//2217 3384//3384 2218//2218
f 2221//2221 3386//3386 4845//4845
f 3388//3388 2222//2222 3387//3387
f 1356//1356 3387//3387 2222//2222
f 2223//2223 3389//3389 1354//1354
f 3391//3391 2225//2225 3390//3390
f 2224//2224 3390//3390 2225//2225
f 2227//2227 3393//3393 4854//4854
f 1358//1358 3394//3394 2228//2228
f 4857//4857 3395//3395 2230//2230
f 3397//3397 4859//4859 3396//3396
f 4860//4860 3396//3396 4859//4859
f 2231//2231 3398//3398 4859//4859
f 3400//3400 2233//2233 3399//3399
f 2233//2233 3400//3400 2232//2232
f 4863//4863 2182//2182 3401//3401
f 2182//2182 4863//4863 2232//2232
f 2234//2234 1363//1363 3402//3402
f 2235//2235 2316//2316 3403//3403
f 3404//3404 2244//2244 2243//2243
f 3405//3405 2245//2245 4865//4865
f 2243//2243 4865//4865 2245//2245
f 3406//3406 2247//2247 4869//4869
f 2246//2246 4869//4869 2247//2247
f 3407//3407 2248//2248 4867//4867
f 2246//2246 4867//4867 2248//2248
f 3409//3409 2585//2585 3408//3408
f 2249//2249 3408//3408 2585//2585
f 1375//1375 3409//3409 2197//2197
f 2250//2250 3410//3410 2196//2196
f 3411//3411 2252//2252 4875//4875
f 2251//2251 4875//4875 2252//2252
f 3412//3412 2253//2253 4873//4873
f 2251//2251 4873//4873 2253//2253
f 4876//4876 3415//3415 3413//3413
f 2258//2258 3413//3413 3415//3415
f 3417//3417 2259//2259 3416//3416
f 3459//3459 3416//3416 2259//2259
f 2259//2259 2260//2260 1437//1437
f 1380//1380 3418//3418 2261//2261
f 773//773 3418//3418 1380//1380
f 2262//2262 1380//1380 2263//2263
f 4103//4103 1381//1381 3419//3419
f 2264//2264 3419//3419 1381//1381
f 3420//3420 2265//2265 4103//4103
f 1381//1381 4103//4103 2265//2265
f 801//801 3421//3421 4883//4883
f 2591//2591 804//804 2289//2289
f 2301//2301 3423//3423 2300//2300
f 3423//3423 2301//2301 2595//2595
f 1398//1398 3424//3424 4886//4886
f 2303//2303 4105//4105 2286//2286
f 2305//2305 2304//2304 3426//3426
f 1401//1401 2152//2152 3431//3431
f 2314//2314 2155//2155 3432//3432
f 2320//2320 4108//4108 3433//3433
f 2323//2323 2322//2322 2326//2326
f 1408//1408 4898//4898 2329//2329
f 4898//4898 1408//1408 4109//4109
f 2330//2330 4900//4900 3435//3435
f 2331//2331 4109//4109 1407//1407
f 1409//1409 4903//4903 4902//4902
f 2329//2329 3438//3438 2335//2335
f 2330//2330 3439//3439 4110//4110
f 3434//3434 2594//2594 4902//4902
f 2324//2324 817//817 1414//1414
f 2323//2323 3441//3441 4906//4906
f 3441//3441 2323//2323 3442//3442
f 1415//1415 3443//3443 2335//2335
f 2314//2314 3444//3444 2325//2325
f 3430//3430 817//817 4894//4894
f 2311//2311 1422//1422 3445//3445
f 1422//1422 2313//2313 3446//3446
f 2308//2308 2288//2288 3447//3447
f 4888//4888 4105//4105 2300//2300
f 2305//2305 4113//4113 3448//3448
f 4113//4113 828//828 2291//2291
f 2595//2595 4885//4885 804//804
f 2591//2591 2295//2295 3449//3449
f 2281//2281 2284//2284 3450//3450
f 2279//2279 1428//1428 3451//3451
f 2267//2267 3452//3452 1434//1434
f 3453//3453 830//830 2264//2264
f 1383//1383 2263//2263 3454//3454
f 2596//2596 3454//3454 2263//2263
f 4102//4102 170//170 2596//2596
f 3456//3456 2261//2261 3455//3455
f 2260//2260 3455//3455 2261//2261
f 3458//3458 4913//4913 3457//3457
f 2589//2589 3457//3457 4913//4913
f 3461//3461 1435//1435 3460//3460
f 2588//2588 3460//3460 1435//1435
f 3463//3463 2266//2266 3462//3462
f 1435//1435 3462//3462 2266//2266
f 3465//3465 2265//2265 3464//3464
f 2258//2258 3464//3464 2265//2265
f 3467//3467 1440//1440 3466//3466
f 1376//1376 3466//3466 1440//1440
f 1440//1440 3467//3467 2337//2337
f 3468//3468 2338//2338 3411//3411
f 2252//2252 3411//3411 2338//2338
f 2597//2597 4117//4117 2250//2250
f 3470//3470 2249//2249 3469//3469
f 2248//2248 3469//3469 2249//2249
f 3472//3472 1442//1442 3471//3471
f 1373//1373 3471//3471 1442//1442
f 3474//3474 1372//1372 3473//3473
f 1442//1442 3473//3473 1372//1372
f 3475//3475 2245//2245 3406//3406
f 2247//2247 3406//3406 2245//2245
f 3477//3477 1444//1444 3476//3476
f 1371//1371 3476//3476 1444//1444
f 1443//1443 3478//3478 3479//3479
f 3480//3480 2253//2253 3404//3404
f 2244//2244 3404//3404 2253//2253
f 2235//2235 1449//1449 3481//3481
f 2234//2234 126//126 3482//3482
f 4924//4924 2181//2181 3483//3483
f 2181//2181 4924//4924 2342//2342
f 4923//4923 2233//2233 3484//3484
f 2233//2233 4923//4923 2342//2342
f 4122//4122 4857//4857 3485//3485
f 3486//3486 2229//2229 3487//3487
f 4860//4860 3486//3486 3487//3487
f 4123//4123 3488//3488 2224//2224
f 3490//3490 2228//2228 3489//3489
f 2228//2228 3490//3490 2223//2223
f 2231//2231 3492//3492 4850//4850
f 3494//3494 2225//2225 3493//3493
f 2225//2225 3494//3494 1451//1451
f 3496//3496 1450//1450 3495//3495
f 1450//1450 3496//3496 2217//2217
f 3498//3498 2222//2222 3497//3497
f 2222//2222 3498//3498 2216//2216
f 1453//1453 3499//3499 4845//4845
f 2227//2227 3499//3499 1452//1452
f 2226//2226 3500//3500 2219//2219
f 4126//4126 1454//1454 3501//3501
f 2218//2218 3501//3501 1454//1454
f 3503//3503 2209//2209 3502//3502
f 1454//1454 3502//3502 2209//2209
f 3505//3505 2208//2208 3504//3504
f 2215//2215 3504//3504 2208//2208
f 3507//3507 2214//2214 3506//3506
f 2214//2214 3507//3507 1456//1456
f 3508//3508 1455//1455 4127//4127
f 1455//1455 3508//3508 2221//2221
f 3510//3510 2211//2211 3509//3509
f 2211//2211 3510//3510 2220//2220
f 3512//3512 3511//3511 2262//2262
f 2210//2210 2604//2604 3512//3512
f 2602//2602 4825//4825 773//773
f 2604//2604 2602//2602 3513//3513
f 2206//2206 4133//4133 4130//4130
f 4133//4133 2213//2213 4130//4130
f 1458//1458 4933//4933 735//735
f 2203//2203 735//735 4933//4933
f 3516//3516 2195//2195 1458//1458
f 3518//3518 2193//2193 3517//3517
f 2202//2202 3517//3517 2193//2193
f 3519//3519 4134//4134 4935//4935
f 3520//3520 4935//4935 4134//4134
f 4935//4935 3520//3520 2205//2205
f 3522//3522 2199//2199 3521//3521
f 3525//3525 3523//3523 2189//2189
f 3524//3524 4135//4135 3523//3523
f 2198//2198 3524//3524 3525//3525
f 4135//4135 3526//3526 2188//2188
f 3530//3530 3528//3528 2338//2338
f 3529//3529 4136//4136 3528//3528
f 4813//4813 3529//3529 3530//3530
f 4136//4136 3531//3531 2337//2337
f 4136//4136 2201//2201 3531//3531
f 1460//1460 4138//4138 2190//2190
f 2343//2343 4138//4138 1460//1460
f 2344//2344 3532//3532 2187//2187
f 1463//1463 2242//2242 2186//2186
f 2192//2192 4139//4139 1461//1461
f 2191//2191 1462//1462 2185//2185
f 2607//2607 3534//3534 1665//1665
f 2607//2607 2344//2344 3534//3534
f 4144//4144 2610//2610 3537//3537
f 1336//1336 3537//3537 2610//2610
f 3539//3539 1335//1335 3538//3538
f 2610//2610 3538//3538 1335//1335
f 3348//3348 2176//2176 3540//3540
f 2177//2177 3540//3540 2176//2176
f 1334//1334 3541//3541 4943//4943
f 4942//4942 4943//4943 2562//2562
f 1333//1333 2562//2562 4943//4943
f 3544//3544 2345//2345 3543//3543
f 2345//2345 3544//3544 1337//1337
f 2174//2174 3545//3545 3546//3546
f 3547//3547 1331//1331 3546//3546
f 3549//3549 2171//2171 3548//3548
f 2172//2172 3548//3548 2171//2171
f 4146//4146 1330//1330 3550//3550
f 713//713 1468//1468 4146//4146
f 1468//1468 713//713 1329//1329
f 3344//3344 154//154 2169//2169
f 2559//2559 2346//2346 4951//4951
f 2346//2346 2559//2559 4950//4950
f 3552//3552 2346//2346 3551//3551
f 2346//2346 3552//3552 2173//2173
f 4147//4147 1472//1472 4953//4953
f 1471//1471 2164//2164 4954//4954
f 4147//4147 2163//2163 1472//1472
f 2163//2163 4147//4147 3553//3553
f 3554//3554 1475//1475 4954//4954
f 3555//3555 2158//2158 4953//4953
f 3556//3556 2157//2157 1474//1474
f 2134//2134 3557//3557 2133//2133
f 3553//3553 701//701 3558//3558
f 2348//2348 3560//3560 3559//3559
f 2348//2348 2144//2144 3560//3560
f 2123//2123 690//690 4151//4151
f 3562//3562 4958//4958 3561//3561
f 3562//3562 679//679 2116//2116
f 2350//2350 678//678 2115//2115
f 1489//1489 2120//2120 1309//1309
f 2112//2112 3563//3563 1489//1489
f 4776//4776 3564//3564 2110//2110
f 4153//4153 1314//1314 3565//3565
f 4153//4153 3566//3566 1310//1310
f 3327//3327 2107//2107 2102//2102
f 1490//1490 3332//3332 3567//3567
f 1490//1490 3568//3568 1308//1308
f 2114//2114 3569//3569 2108//2108
f 3570//3570 4154//4154 1494//1494
f 3571//3571 1494//1494 4154//4154
f 1494//1494 3571//3571 1302//1302
f 3572//3572 3323//3323 2101//2101
f 1496//1496 4155//4155 1299//1299
f 1496//1496 2098//2098 3573//3573
f 3575//3575 2097//2097 3574//3574
f 2097//2097 3575//3575 2095//2095
f 4157//4157 1297//1297 3576//3576
f 1297//1297 4157//4157 1497//1497
f 3577//3577 1497//1497 4157//4157
f 1497//1497 3577//3577 1300//1300
f 3316//3316 2092//2092 3578//3578
f 2092//2092 3316//3316 2096//2096
f 4158//4158 3579//3579 1298//1298
f 3314//3314 2100//2100 3580//3580
f 2100//2100 3314//3314 2093//2093
f 1504//1504 2085//2085 3581//3581
f 3582//3582 2084//2084 4971//4971
f 2354//2354 4971//4971 2084//2084
f 3584//3584 2032//2032 3583//3583
f 2354//2354 3583//3583 2032//2032
f 3588//3588 4972//4972 2075//2075
f 3589//3589 4752//4752 3588//3588
f 4972//4972 3588//3588 4752//4752
f 2693//2693 2078//2078 3590//3590
f 3593//3593 4747//4747 3592//3592
f 4747//4747 3593//3593 2081//2081
f 3594//3594 2074//2074 1505//1505
f 3596//3596 2073//2073 3595//3595
f 2065//2065 3595//3595 2073//2073
f 2070//2070 3598//3598 2076//2076
f 4162//4162 2060//2060 3599//3599
f 2060//2060 4162//4162 1506//1506
f 3600//3600 1506//1506 4162//4162
f 1506//1506 3600//3600 2067//2067
f 3602//3602 2057//2057 3601//3601
f 2057//2057 3602//3602 2066//2066
f 3604//3604 4980//4980 3603//3603
f 2072//2072 3603//3603 4980//4980
f 4980//4980 3604//3604 2063//2063
f 3606//3606 2062//2062 3605//3605
f 2069//2069 3605//3605 2062//2062
f 4163//4163 3608//3608 2113//2113
f 3609//3609 2059//2059 3608//3608
f 3612//3612 3610//3610 4164//4164
f 3611//3611 2058//2058 3610//3610
f 2051//2051 3611//3611 3612//3612
f 3613//3613 1507//1507 4958//4958
f 2064//2064 1507//1507 3613//3613
f 1507//1507 3614//3614 2350//2350
f 3615//3615 2055//2055 3614//3614
f 4168//4168 2043//2043 3617//3617
f 2043//2043 4168//4168 1509//1509
f 3618//3618 4982//4982 4168//4168
f 4982//4982 3618//3618 2053//2053
f 3620//3620 2045//2045 3619//3619
f 2045//2045 3620//3620 2052//2052
f 3622//3622 1510//1510 3621//3621
f 2056//2056 3621//3621 1510//1510
f 1510//1510 3622//3622 2049//2049
f 2677//2677 4710//4710 3623//3623
f 3624//3624 2622//2622 3625//3625
f 1546//1546 3624//3624 3625//3625
f 1511//1511 3628//3628 3572//3572
f 4171//4171 1513//1513 4986//4986
f 3631//3631 2041//2041 3630//3630
f 2041//2041 3631//3631 1513//1513
f 3633//3633 2040//2040 3632//3632
f 2040//2040 3633//3633 4989//4989
f 2037//2037 1516//1516 2042//2042
f 1518//1518 3634//3634 4459//4459
f 1518//1518 1278//1278 3634//3634
f 4990//4990 2355//2355 3636//3636
f 1273//1273 3636//3636 2355//2355
f 1276//1276 2536//2536 2355//2355
f 4178//4178 1271//1271 3637//3637
f 1271//1271 4178//4178 3638//3638
f 3638//3638 624//624 1274//1274
f 3639//3639 4679//4679 3265//3265
f 2531//2531 2356//2356 4993//4993
f 2356//2356 2531//2531 1269//1269
f 3641//3641 2356//2356 3640//3640
f 2356//2356 3641//3641 1272//1272
f 3643//3643 1270//1270 3642//3642
f 1275//1275 3642//3642 1270//1270
f 3646//3646 1266//1266 3645//3645
f 3646//3646 3647//3647 2028//2028
f 3649//3649 3253//3253 3648//3648
f 3253//3253 3649//3649 2027//2027
f 3651//3651 1524//1524 3650//3650
f 1265//1265 3650//3650 1524//1524
f 3652//3652 1267//1267 3651//3651
f 1524//1524 3651//3651 1267//1267
f 3255//3255 2026//2026 3653//3653
f 2025//2025 3653//3653 2026//2026
f 3654//3654 4999//4999 2029//2029
f 2358//2358 850//850 3655//3655
f 852//852 2358//2358 3655//3655
f 3657//3657 209//209 3656//3656
f 851//851 3657//3657 3656//3656
f 3659//3659 2357//2357 852//852
f 3658//3658 851//851 2357//2357
f 210//210 3658//3658 3659//3659
f 854//854 3660//3660 853//853
f 3660//3660 854//854 3661//3661
f 210//210 3662//3662 211//211
f 3662//3662 210//210 3661//3661
f 3664//3664 3663//3663 212//212
f 2363//2363 855//855 3663//3663
f 857//857 2363//2363 3664//3664
f 2361//2361 3665//3665 855//855
f 3666//3666 213//213 3665//3665
f 856//856 3666//3666 2361//2361
f 3668//3668 2362//2362 857//857
f 3667//3667 856//856 2362//2362
f 211//211 3667//3667 3668//3668
f 3670//3670 3669//3669 4204//4204
f 2364//2364 858//858 3669//3669
f 3672//3672 214//214 3671//3671
f 215//215 3672//3672 3671//3671
f 3674//3674 3673//3673 216//216
f 2367//2367 859//859 3673//3673
f 861//861 2367//2367 3674//3674
f 2365//2365 3675//3675 859//859
f 3676//3676 217//217 3675//3675
f 860//860 3676//3676 2365//2365
f 3678//3678 2366//2366 861//861
f 3677//3677 860//860 2366//2366
f 218//218 3677//3677 3678//3678
f 3680//3680 221//221 2368//2368
f 222//222 3680//3680 2368//2368
f 226//226 3683//3683 2683//2683
f 2683//2683 3683//3683 4261//4261
f 866//866 2686//2686 4271//4271
f 4284//4284 3685//3685 868//868
f 868//868 2370//2370 233//233
f 2693//2693 869//869 3686//3686
f 235//235 869//869 3687//3687
f 3689//3689 3688//3688 236//236
f 871//871 2373//2373 3689//3689
f 870//870 237//237 2371//2371
f 3691//3691 2372//2372 871//871
f 3690//3690 870//870 2372//2372
f 238//238 3690//3690 3691//3691
f 3693//3693 3692//3692 236//236
f 2376//2376 872//872 3692//3692
f 874//874 2376//2376 3693//3693
f 2374//2374 3694//3694 872//872
f 3695//3695 239//239 3694//3694
f 873//873 3695//3695 2374//2374
f 3697//3697 2375//2375 874//874
f 3696//3696 873//873 2375//2375
f 240//240 3696//3696 3697//3697
f 876//876 3699//3699 875//875
f 3698//3698 875//875 3699//3699
f 240//240 3700//3700 241//241
f 3698//3698 241//241 3700//3700
f 3702//3702 3701//3701 242//242
f 2381//2381 877//877 3701//3701
f 879//879 2381//2381 3702//3702
f 2379//2379 3703//3703 877//877
f 3704//3704 243//243 3703//3703
f 878//878 3704//3704 2379//2379
f 3706//3706 2380//2380 879//879
f 3705//3705 878//878 2380//2380
f 244//244 3705//3705 3706//3706
f 3708//3708 3707//3707 245//245
f 2384//2384 880//880 3707//3707
f 882//882 2384//2384 3708//3708
f 2382//2382 3709//3709 880//880
f 3710//3710 246//246 3709//3709
f 881//881 3710//3710 2382//2382
f 3712//3712 2383//2383 882//882
f 3711//3711 881//881 2383//2383
f 247//247 3711//3711 3712//3712
f 2385//2385 2736//2736 3713//3713
f 884//884 2385//2385 3713//3713
f 3716//3716 3715//3715 248//248
f 2387//2387 885//885 3715//3715
f 886//886 2387//2387 3716//3716
f 2386//2386 3717//3717 885//885
f 3718//3718 250//250 3717//3717
f 3719//3719 3718//3718 2386//2386
f 3720//3720 2386//2386 886//886
f 251//251 3719//3719 3720//3720
f 3722//3722 3721//3721 252//252
f 887//887 2749//2749 3721//3721
f 2388//2388 3723//3723 2749//2749
f 3724//3724 253//253 3723//3723
f 3725//3725 3724//3724 2388//2388
f 3726//3726 2388//2388 887//887
f 254//254 3725//3725 3726//3726
f 3728//3728 3727//3727 252//252
f 2391//2391 888//888 3727//3727
f 890//890 2391//2391 3728//3728
f 2389//2389 3729//3729 888//888
f 3730//3730 255//255 3729//3729
f 889//889 3730//3730 2389//2389
f 3732//3732 2390//2390 890//890
f 3731//3731 889//889 2390//2390
f 256//256 3731//3731 3732//3732
f 891//891 258//258 2392//2392
f 2762//2762 891//891 2392//2392
f 259//259 3734//3734 2762//2762
f 3736//3736 3735//3735 257//257
f 2394//2394 892//892 3735//3735
f 2393//2393 3737//3737 892//892
f 3738//3738 260//260 3737//3737
f 893//893 3738//3738 2393//2393
f 3739//3739 893//893 3740//3740
f 261//261 3739//3739 3740//3740
f 2395//2395 2777//2777 3741//3741
f 264//264 3741//3741 2777//2777
f 3742//3742 265//265 2396//2396
f 2777//2777 2396//2396 265//265
f 3744//3744 895//895 3743//3743
f 895//895 3744//3744 3745//3745
f 2784//2784 2397//2397 270//270
f 272//272 2785//2785 896//896
f 3746//3746 896//896 2785//2785
f 896//896 3746//3746 273//273
f 2398//2398 898//898 3747//3747
f 274//274 3747//3747 898//898
f 3748//3748 275//275 2399//2399
f 898//898 2399//2399 275//275
f 900//900 3749//3749 899//899
f 3749//3749 900//900 3750//3750
f 276//276 3749//3749 274//274
f 3749//3749 276//276 3751//3751
f 3753//3753 3752//3752 277//277
f 2402//2402 901//901 3752//3752
f 902//902 2402//2402 3753//3753
f 3755//3755 278//278 3754//3754
f 3756//3756 3754//3754 902//902
f 279//279 3755//3755 3756//3756
f 3758//3758 281//281 2403//2403
f 3759//3759 2403//2403 2800//2800
f 282//282 3758//3758 3759//3759
f 904//904 3760//3760 903//903
f 3760//3760 904//904 3761//3761
f 278//278 3762//3762 283//283
f 3762//3762 278//278 3761//3761
f 3764//3764 3763//3763 284//284
f 2408//2408 905//905 3763//3763
f 907//907 2408//2408 3764//3764
f 2406//2406 3765//3765 905//905
f 3766//3766 283//283 3765//3765
f 906//906 3766//3766 2406//2406
f 3768//3768 2407//2407 907//907
f 3767//3767 906//906 2407//2407
f 282//282 3767//3767 3768//3768
f 3769//3769 2821//2821 284//284
f 908//908 2411//2411 3769//3769
f 2409//2409 3770//3770 2411//2411
f 3771//3771 281//281 3770//3770
f 3773//3773 2410//2410 908//908
f 3772//3772 3771//3771 2410//2410
f 279//279 3772//3772 3773//3773
f 911//911 275//275 909//909
f 910//910 909//909 275//275
f 276//276 2827//2827 3774//3774
f 912//912 2831//2831 914//914
f 2412//2412 272//272 3777//3777
f 2412//2412 3778//3778 268//268
f 267//267 916//916 917//917
f 917//917 916//916 263//263
f 918//918 2842//2842 920//920
f 2413//2413 919//919 3779//3779
f 255//255 3779//3779 919//919
f 3780//3780 261//261 2414//2414
f 919//919 2414//2414 261//261
f 262//262 3782//3782 921//921
f 3783//3783 259//259 3782//3782
f 921//921 3782//3782 259//259
f 2415//2415 922//922 3784//3784
f 924//924 2415//2415 3784//3784
f 3785//3785 250//250 3787//3787
f 923//923 3785//3785 3787//3787
f 3786//3786 923//923 3787//3787
f 256//256 3786//3786 3787//3787
f 3790//3790 3789//3789 292//292
f 2418//2418 925//925 3789//3789
f 927//927 2418//2418 3790//3790
f 2416//2416 3791//3791 925//925
f 3792//3792 246//246 3791//3791
f 926//926 3792//3792 2416//2416
f 3794//3794 2417//2417 927//927
f 3793//3793 926//926 2417//2417
f 251//251 3793//3793 3794//3794
f 2865//2865 2421//2421 3795//3795
f 928//928 253//253 2419//2419
f 3797//3797 2420//2420 2865//2865
f 3796//3796 928//928 2420//2420
f 249//249 3796//3796 3797//3797
f 3799//3799 3798//3798 294//294
f 2424//2424 929//929 3798//3798
f 931//931 2424//2424 3799//3799
f 2422//2422 3800//3800 929//929
f 3801//3801 295//295 3800//3800
f 930//930 3801//3801 2422//2422
f 3803//3803 2423//2423 931//931
f 3802//3802 930//930 2423//2423
f 247//247 3802//3802 3803//3803
f 933//933 3805//3805 932//932
f 3804//3804 932//932 3805//3805
f 295//295 3806//3806 296//296
f 3804//3804 296//296 3806//3806
f 936//936 934//934 3807//3807
f 3809//3809 296//296 3808//3808
f 935//935 3809//3809 3808//3808
f 3811//3811 2427//2427 936//936
f 3810//3810 935//935 2427//2427
f 244//244 3810//3810 3811//3811
f 937//937 2894//2894 3812//3812
f 3813//3813 239//239 2428//2428
f 238//238 3813//3813 2428//2428
f 2899//2899 938//938 3814//3814
f 2429//2429 3815//3815 938//938
f 3816//3816 237//237 3815//3815
f 3817//3817 2429//2429 2899//2899
f 241//241 3816//3816 3817//3817
f 3820//3820 3819//3819 939//939
f 3818//3818 939//939 3819//3819
f 298//298 3819//3819 233//233
f 3820//3820 233//233 3819//3819
f 235//235 3821//3821 940//940
f 940//940 3821//3821 298//298
f 4284//4284 3822//3822 942//942
f 942//942 3822//3822 4271//4271
f 2432//2432 231//231 3824//3824
f 231//231 2432//2432 945//945
f 3825//3825 945//945 2433//2433
f 945//945 3825//3825 4286//4286
f 2912//2912 946//946 3826//3826
f 229//229 3826//3826 946//946
f 946//946 2912//2912 4261//4261
f 947//947 32//32 3827//3827
f 227//227 3827//3827 948//948
f 948//948 3827//3827 232//232
f 949//949 2916//2916 951//951
f 2434//2434 950//950 3828//3828
f 226//226 3828//3828 950//950
f 950//950 3829//3829 223//223
f 3831//3831 3830//3830 300//300
f 2435//2435 2921//2921 3830//3830
f 952//952 2435//2435 3831//3831
f 2436//2436 224//224 2435//2435
f 3833//3833 2436//2436 952//952
f 228//228 3832//3832 3833//3833
f 3837//3837 3836//3836 301//301
f 2439//2439 953//953 3836//3836
f 955//955 2439//2439 3837//3837
f 2437//2437 3838//3838 953//953
f 3839//3839 221//221 3838//3838
f 954//954 3839//3839 2437//2437
f 3841//3841 2438//2438 955//955
f 3840//3840 954//954 2438//2438
f 225//225 3840//3840 3841//3841
f 3842//3842 2942//2942 301//301
f 956//956 2441//2441 3842//3842
f 2440//2440 3843//3843 2441//2441
f 3844//3844 220//220 3843//3843
f 3845//3845 3844//3844 2440//2440
f 3846//3846 2440//2440 956//956
f 215//215 3845//3845 3846//3846
f 3848//3848 3847//3847 302//302
f 2443//2443 957//957 3847//3847
f 2946//2946 2443//2443 3848//3848
f 2442//2442 3849//3849 957//957
f 3850//3850 217//217 3849//3849
f 3851//3851 3850//3850 2442//2442
f 222//222 3851//3851 3852//3852
f 3854//3854 3853//3853 302//302
f 2446//2446 958//958 3853//3853
f 2951//2951 2446//2446 3854//3854
f 2444//2444 3855//3855 958//958
f 2956//2956 214//214 3855//3855
f 959//959 2956//2956 2444//2444
f 3856//3856 2445//2445 2951//2951
f 303//303 959//959 3856//3856
f 3858//3858 3857//3857 208//208
f 2449//2449 960//960 3857//3857
f 962//962 2449//2449 3858//3858
f 2447//2447 3859//3859 960//960
f 3860//3860 213//213 3859//3859
f 961//961 3860//3860 2447//2447
f 3862//3862 2448//2448 962//962
f 3861//3861 961//961 2448//2448
f 218//218 3861//3861 3862//3862
f 3864//3864 3863//3863 304//304
f 2452//2452 963//963 3863//3863
f 965//965 2452//2452 3864//3864
f 2450//2450 3865//3865 963//963
f 3866//3866 209//209 3865//3865
f 964//964 3866//3866 2450//2450
f 3868//3868 2451//2451 965//965
f 3867//3867 964//964 2451//2451
f 303//303 3867//3867 3868//3868
f 320//320 2453//2453 2975//2975
f 3049//3049 3869//3869 2454//2454
f 3047//3047 2454//2454 3869//3869
f 339//339 3869//3869 338//338
f 3049//3049 338//338 3869//3869
f 2456//2456 3870//3870 2455//2455
f 3044//3044 2455//2455 3870//3870
f 3906//3906 3870//3870 340//340
f 3871//3871 340//340 3870//3870
f 984//984 3872//3872 983//983
f 3872//3872 984//984 3873//3873
f 342//342 3046//3046 341//341
f 3046//3046 342//342 3873//3873
f 346//346 987//987 347//347
f 2460//2460 3874//3874 3039//3039
f 351//351 3042//3042 350//350
f 3042//3042 351//351 3874//3874
f 3876//3876 3875//3875 990//990
f 2986//2986 3037//3037 352//352
f 3875//3875 352//352 3037//3037
f 2461//2461 3040//3040 991//991
f 3040//3040 2461//2461 3877//3877
f 354//354 3038//3038 353//353
f 3038//3038 354//354 3877//3877
f 3878//3878 994//994 3879//3879
f 3036//3036 357//357 3879//3879
f 3035//3035 4493//4493 359//359
f 376//376 2993//2993 377//377
f 1010//1010 3880//3880 1009//1009
f 3880//3880 1010//1010 388//388
f 389//389 3880//3880 388//388
f 3880//3880 389//389 3032//3032
f 1012//1012 3881//3881 1011//1011
f 3881//3881 1012//1012 3029//3029
f 391//391 3881//3881 390//390
f 3881//3881 391//391 1011//1011
f 1014//1014 3883//3883 1013//1013
f 3882//3882 1013//1013 3883//3883
f 392//392 3030//3030 3900//3900
f 3882//3882 3900//3900 3030//3030
f 393//393 3003//3003 394//394
f 3024//3024 3884//3884 1019//1019
f 400//400 3025//3025 399//399
f 3884//3884 399//399 3025//3025
f 2469//2469 3886//3886 1020//1020
f 3885//3885 1020//1020 3886//3886
f 3892//3892 3022//3022 401//401
f 3022//3022 3892//3892 3886//3886
f 1022//1022 3028//3028 1021//1021
f 3887//3887 1021//1021 3028//3028
f 403//403 3023//3023 402//402
f 3887//3887 402//402 3023//3023
f 2472//2472 3889//3889 1025//1025
f 3888//3888 1025//1025 3889//3889
f 3888//3888 406//406 3021//3021
f 408//408 3016//3016 409//409
f 1026//1026 409//409 3016//3016
f 1032//1032 409//409 3890//3890
f 404//404 3890//3890 409//409
f 3890//3890 404//404 3019//3019
f 3021//3021 3013//3013 408//408
f 405//405 1036//1036 401//401
f 1038//1038 3891//3891 1037//1037
f 403//403 3011//3011 406//406
f 3892//3892 1040//1040 3893//3893
f 3894//3894 1041//1041 3026//3026
f 402//402 3894//3894 400//400
f 3894//3894 402//402 3027//3027
f 1046//1046 3002//3002 1045//1045
f 3002//3002 1046//1046 3895//3895
f 390//390 394//394 3895//3895
f 1048//1048 3006//3006 1047//1047
f 3896//3896 1047//1047 3006//3006
f 392//392 2999//2999 395//395
f 3896//3896 395//395 2999//2999
f 2481//2481 2997//2997 1049//1049
f 2997//2997 2481//2481 3897//3897
f 391//391 3898//3898 388//388
f 3898//3898 391//391 3897//3897
f 1050//1050 3899//3899 2994//2994
f 3899//3899 1050//1050 3900//3900
f 389//389 3899//3899 3900//3900
f 3899//3899 389//389 2994//2994
f 377//377 1060//1060 3034//3034
f 3035//3035 4522//4522 356//356
f 359//359 1065//1065 2990//2990
f 2988//2988 357//357 3901//3901
f 351//351 3903//3903 352//352
f 3041//3041 1069//1069 3904//3904
f 350//350 3904//3904 354//354
f 1075//1075 2982//2982 1074//1074
f 3905//3905 1074//1074 2982//2982
f 3905//3905 343//343 3906//3906
f 1076//1076 1077//1077 3907//3907
f 347//347 2981//2981 341//341
f 2981//2981 347//347 3907//3907
f 1079//1079 2979//2979 1078//1078
f 3908//3908 1078//1078 2979//2979
f 339//339 3909//3909 340//340
f 3908//3908 340//340 3909//3909
f 2493//2493 3911//3911 3910//3910
f 342//342 3911//3911 338//338
f 2978//2978 338//338 3911//3911
f 1092//1092 320//320 3050//3050
f 425//425 3052//3052 4534//4534
f 431//431 3060//3060 2495//2495
f 3913//3913 3062//3062 432//432
f 434//434 3914//3914 3913//3913
f 444//444 1101//1101 3065//3065
f 4554//4554 3067//3067 445//445
f 1104//1104 3917//3917 1103//1103
f 456//456 3073//3073 457//457
f 3073//3073 456//456 3917//3917
f 458//458 1106//1106 3076//3076
f 459//459 3079//3079 460//460
f 1109//1109 3919//3919 1108//1108
f 3918//3918 1108//1108 3919//3919
f 462//462 3920//3920 461//461
f 3918//3918 461//461 3920//3920
f 463//463 3921//3921 464//464
f 3082//3082 464//464 3921//3921
f 1111//1111 3922//3922 1110//1110
f 3922//3922 1111//1111 3923//3923
f 465//465 466//466 3923//3923
f 467//467 1112//1112 468//468
f 1116//1116 4582//4582 2501//2501
f 3925//3925 3091//3091 3924//3924
f 3925//3925 4585//4585 3091//3091
f 1127//1127 1125//1125 504//504
f 1127//1127 505//505 1125//1125
f 4597//4597 511//511 3927//3927
f 514//514 1130//1130 513//513
f 1134//1134 523//523 3928//3928
f 3962//3962 1134//1134 3103//3103
f 3108//3108 3107//3107 527//527
f 528//528 3112//3112 3111//3111
f 531//531 3929//3929 1136//1136
f 1136//1136 3929//3929 1918//1918
f 544//544 3118//3118 4609//4609
f 546//546 3121//3121 547//547
f 548//548 1140//1140 4617//4617
f 1142//1142 3930//3930 1141//1141
f 3930//3930 1142//1142 3931//3931
f 550//550 3932//3932 549//549
f 3932//3932 550//550 3931//3931
f 1144//1144 3933//3933 1143//1143
f 3933//3933 1144//1144 3130//3130
f 551//551 3933//3933 552//552
f 3933//3933 551//551 3131//3131
f 1146//1146 3935//3935 1145//1145
f 3934//3934 1145//1145 3935//3935
f 3934//3934 553//553 3936//3936
f 1148//1148 3137//3137 1147//1147
f 554//554 3137//3137 555//555
f 572//572 3144//3144 573//573
f 588//588 3146//3146 3937//3937
f 3938//3938 2507//2507 3939//3939
f 2508//2508 3940//3940 593//593
f 1170//1170 115//115 1169//1169
f 2508//2508 594//594 3941//3941
f 3157//3157 3942//3942 593//593
f 3158//3158 4656//4656 3157//3157
f 4656//4656 3158//3158 3943//3943
f 3943//3943 1172//1172 1171//1171
f 2510//2510 1173//1173 3946//3946
f 592//592 3163//3163 2510//2510
f 1174//1174 590//590 3947//3947
f 1176//1176 2511//2511 589//589
f 588//588 2511//2511 1176//1176
f 2511//2511 588//588 3948//3948
f 1177//1177 3168//3168 4641//4641
f 587//587 3168//3168 1177//1177
f 1186//1186 573//573 3949//3949
f 569//569 3949//3949 573//573
f 3949//3949 569//569 3170//3170
f 3953//3953 554//554 3952//3952
f 554//554 3953//3953 1193//1193
f 1193//1193 3953//3953 3936//3936
f 549//549 3954//3954 1194//1194
f 1194//1194 3954//3954 552//552
f 546//546 2512//2512 1195//1195
f 1195//1195 2512//2512 550//550
f 3956//3956 1196//1196 3955//3955
f 1196//1196 3956//3956 1197//1197
f 553//553 3957//3957 3188//3188
f 3188//3188 3957//3957 4617//4617
f 544//544 1199//1199 1198//1198
f 1198//1198 1199//1199 547//547
f 528//528 3192//3192 1918//1918
f 3958//3958 1918//1918 3192//3192
f 3959//3959 529//529 3110//3110
f 1210//1210 3961//3961 1209//1209
f 3960//3960 1209//1209 3961//3961
f 527//527 3106//3106 531//531
f 3960//3960 531//531 3106//3106
f 1214//1214 3108//3108 1213//1213
f 3199//3199 513//513 605//605
f 513//513 3199//3199 3963//3963
f 3964//3964 3203//3203 605//605
f 3203//3203 3964//3964 2516//2516
f 2515//2515 511//511 3203//3203
f 511//511 2515//2515 3965//3965
f 3966//3966 1219//1219 514//514
f 3966//3966 4592//4592 1219//1219
f 3967//3967 505//505 1221//1221
f 490//490 4666//4666 600//600
f 1228//1228 3216//3216 3970//3970
f 3218//3218 1230//1230 3971//3971
f 3973//3973 1233//1233 3972//3972
f 1233//1233 3973//3973 1235//1235
f 2518//2518 467//467 3974//3974
f 467//467 2518//2518 1234//1234
f 1234//1234 2518//2518 464//464
f 1236//1236 3221//3221 1238//1238
f 3976//3976 1241//1241 3975//3975
f 1239//1239 3975//3975 1241//1241
f 463//463 3977//3977 1240//1240
f 1240//1240 3978//3978 462//462
f 1242//1242 3227//3227 1243//1243
f 459//459 3980//3980 1244//1244
f 1244//1244 3980//3980 466//466
f 458//458 3229//3229 1245//1245
f 1245//1245 3229//3229 457//457
f 2519//2519 1247//1247 3982//3982
f 456//456 3982//3982 1247//1247
f 1247//1247 3983//3983 460//460
f 1249//1249 3984//3984 1248//1248
f 3235//3235 3984//3984 445//445
f 1250//1250 4554//4554 3985//3985
f 442//442 3985//3985 4554//4554
f 1251//1251 1252//1252 3986//3986
f 444//444 447//447 3986//3986
f 434//434 1258//1258 3987//3987
f 4543//4543 3987//3987 1258//1258
f 3246//3246 3988//3988 430//430
f 3988//3988 3246//3246 2526//2526
f 1264//1264 3989//3989 1263//1263
f 4534//4534 2525//2525 3246//3246
f 2525//2525 4534//4534 3990//3990
f 4999//4999 3992//3992 1265//1265
f 3991//3991 1265//1265 3992//3992
f 3251//3251 3650//3650 615//615
f 3991//3991 615//615 3650//3650
f 1267//1267 3652//3652 1266//1266
f 3993//3993 1266//1266 3652//3652
f 617//617 3645//3645 616//616
f 3993//3993 616//616 3645//3645
f 619//619 1268//1268 620//620
f 1270//1270 3643//3643 1269//1269
f 1272//1272 3637//3637 1271//1271
f 3637//3637 1272//1272 3994//3994
f 623//623 3641//3641 622//622
f 3641//3641 623//623 3994//3994
f 1274//1274 3636//3636 1273//1273
f 3636//3636 1274//1274 3995//3995
f 624//624 4177//4177 3995//3995
f 1276//1276 3997//3997 1275//1275
f 3996//3996 1275//1275 3997//3997
f 626//626 3642//3642 625//625
f 3996//3996 625//625 3642//3642
f 1278//1278 3998//3998 1277//1277
f 3998//3998 1278//1278 3999//3999
f 627//627 4000//4000 628//628
f 4000//4000 627//627 3999//3999
f 4001//4001 297//297 4002//4002
f 630//630 4001//4001 4003//4003
f 4004//4004 4689//4689 2539//2539
f 630//630 4004//4004 2539//2539
f 4005//4005 3279//3279 4204//4204
f 2042//2042 4006//4006 3279//3279
f 4008//4008 4007//4007 633//633
f 4010//4010 635//635 1280//1280
f 1281//1281 4010//4010 1280//1280
f 4011//4011 1281//1281 1280//1280
f 2048//2048 4011//4011 1280//1280
f 4013//4013 4012//4012 4238//4238
f 637//637 4015//4015 4016//4016
f 2541//2541 638//638 4017//4017
f 638//638 2541//2541 1282//1282
f 1282//1282 4018//4018 639//639
f 1283//1283 3293//3293 1285//1285
f 2542//2542 1284//1284 4019//4019
f 640//640 4019//4019 1284//1284
f 4020//4020 641//641 2543//2543
f 1284//1284 2543//2543 641//641
f 2544//2544 3296//3296 4022//4022
f 4739//4739 4022//4022 3296//3296
f 4023//4023 644//644 2545//2545
f 3296//3296 2545//2545 644//644
f 645//645 4026//4026 1287//1287
f 4027//4027 1287//1287 2546//2546
f 1287//1287 4027//4027 646//646
f 4029//4029 1288//1288 4028//4028
f 2547//2547 3589//3589 4030//4030
f 3589//3589 2547//2547 1289//1289
f 1291//1291 4031//4031 1290//1290
f 4031//4031 1291//1291 4032//4032
f 651//651 4033//4033 650//650
f 4033//4033 651//651 4032//4032
f 1293//1293 4035//4035 1292//1292
f 4034//4034 1292//1292 4035//4035
f 629//629 4035//4035 652//652
f 4036//4036 652//652 4035//4035
f 4037//4037 653//653 3312//3312
f 1298//1298 4038//4038 1297//1297
f 4038//4038 1298//1298 3579//3579
f 659//659 4038//4038 658//658
f 4038//4038 659//659 3576//3576
f 1300//1300 4039//4039 1299//1299
f 4039//4039 1300//1300 3577//3577
f 661//661 4039//4039 660//660
f 4039//4039 661//661 4040//4040
f 663//663 4041//4041 634//634
f 1302//1302 4042//4042 1301//1301
f 4042//4042 1302//1302 3571//3571
f 665//665 4042//4042 664//664
f 4042//4042 665//665 1301//1301
f 1308//1308 3565//3565 1314//1314
f 3565//3565 1308//1308 4043//4043
f 674//674 3568//3568 2108//2108
f 3568//3568 674//674 4043//4043
f 1310//1310 4045//4045 1309//1309
f 4044//4044 1309//1309 4045//4045
f 676//676 3566//3566 675//675
f 3566//3566 676//676 4045//4045
f 679//679 4046//4046 680//680
f 3339//3339 2158//2158 1326//1326
f 707//707 3339//3339 1326//1326
f 710//710 3340//3340 709//709
f 1329//1329 4049//4049 4950//4950
f 713//713 4788//4788 4049//4049
f 1331//1331 3550//3550 1330//1330
f 3550//3550 1331//1331 4050//4050
f 715//715 3547//3547 714//714
f 3547//3547 715//715 4050//4050
f 716//716 3345//3345 717//717
f 1333//1333 4051//4051 3542//3542
f 4051//4051 1333//1333 4052//4052
f 719//719 4053//4053 718//718
f 4053//4053 719//719 4052//4052
f 1335//1335 3539//3539 1334//1334
f 4054//4054 1334//1334 3539//3539
f 4054//4054 720//720 3541//3541
f 4055//4055 1336//1336 3536//3536
f 3350//3350 3537//3537 721//721
f 4055//4055 721//721 3537//3537
f 1337//1337 4056//4056 1448//1448
f 4056//4056 1337//1337 4057//4057
f 723//723 3544//3544 722//722
f 3544//3544 723//723 4057//4057
f 725//725 4059//4059 724//724
f 4058//4058 724//724 4059//4059
f 1338//1338 4060//4060 1339//1339
f 4058//4058 1339//1339 4060//4060
f 2569//2569 3358//3358 726//726
f 2569//2569 727//727 3358//3358
f 277//277 2569//2569 4061//4061
f 4062//4062 1340//1340 242//242
f 2570//2570 4063//4063 1340//1340
f 4064//4064 727//727 4063//4063
f 1341//1341 4064//4064 2570//2570
f 4065//4065 1341//1341 4066//4066
f 728//728 4065//4065 4066//4066
f 4067//4067 1342//1342 294//294
f 3366//3366 1342//1342 4067//4067
f 4069//4069 4068//4068 1342//1342
f 3368//3368 729//729 4068//4068
f 4805//4805 4069//4069 1342//1342
f 4070//4070 2571//2571 293//293
f 730//730 4072//4072 4071//4071
f 4073//4073 2572//2572 731//731
f 4817//4817 4074//4074 4073//4073
f 733//733 3373//3373 3372//3372
f 3374//3374 1343//1343 4075//4075
f 4076//4076 734//734 3374//3374
f 735//735 4076//4076 3374//3374
f 1345//1345 3377//3377 1347//1347
f 738//738 4078//4078 1346//1346
f 1346//1346 4078//4078 739//739
f 3379//3379 1348//1348 4079//4079
f 1348//1348 3379//3379 1350//1350
f 2573//2573 740//740 4080//4080
f 740//740 2573//2573 1349//1349
f 4081//4081 1349//1349 2574//2574
f 1349//1349 4081//4081 741//741
f 742//742 4083//4083 1351//1351
f 1351//1351 4083//4083 743//743
f 4085//4085 1356//1356 4084//4084
f 1354//1354 4084//4084 1356//1356
f 2575//2575 748//748 4086//4086
f 748//748 2575//2575 3393//3393
f 3393//3393 4087//4087 4851//4851
f 2229//2229 4088//4088 1357//1357
f 4089//4089 749//749 2576//2576
f 1357//1357 2576//2576 749//749
f 1360//1360 4091//4091 1359//1359
f 4090//4090 1359//1359 4091//4091
f 751//751 4092//4092 750//750
f 4090//4090 750//750 4092//4092
f 1362//1362 4093//4093 1361//1361
f 4093//4093 1362//1362 4094//4094
f 752//752 4093//4093 726//726
f 4093//4093 752//752 4095//4095
f 1372//1372 4096//4096 1371//1371
f 3476//3476 1371//1371 4096//4096
f 760//760 4096//4096 759//759
f 3474//3474 759//759 4096//4096
f 1374//1374 4097//4097 1373//1373
f 3471//3471 1373//1373 4097//4097
f 762//762 4097//4097 761//761
f 4098//4098 761//761 4097//4097
f 2585//2585 3409//3409 1375//1375
f 732//732 3409//3409 763//763
f 3479//3479 4099//4099 1376//1376
f 3466//3466 1376//1376 4099//4099
f 765//765 4099//4099 764//764
f 3479//3479 764//764 4099//4099
f 4100//4100 2588//2588 1379//1379
f 770//770 3460//3460 769//769
f 4100//4100 769//769 3460//3460
f 4102//4102 4101//4101 2589//2589
f 772//772 3457//3457 771//771
f 4101//4101 771//771 3457//3457
f 775//775 4103//4103 3452//3452
f 1393//1393 2590//2590 799//799
f 801//801 2286//2286 1393//1393
f 1399//1399 4104//4104 808//808
f 4104//4104 1399//1399 2302//2302
f 2302//2302 3425//3425 1398//1398
f 809//809 2302//2302 1399//1399
f 1400//1400 810//810 4105//4105
f 2303//2303 1400//1400 4105//4105
f 814//814 1401//1401 4106//4106
f 1402//1402 705//705 4107//4107
f 814//814 1402//1402 2592//2592
f 1407//1407 4109//4109 1408//1408
f 4898//4898 4109//4109 4900//4900
f 1414//1414 817//817 3440//3440
f 1417//1417 1415//1415 4905//4905
f 820//820 1415//1415 1417//1417
f 3444//3444 3430//3430 4895//4895
f 814//814 3430//3430 3444//3444
f 560//560 4907//4907 812//812
f 1422//1422 813//813 4111//4111
f 4112//4112 802//802 2286//2286
f 3427//3427 4888//4888 808//808
f 1423//1423 828//828 4113//4113
f 2303//2303 1423//1423 4113//4113
f 809//809 2595//2595 4114//4114
f 796//796 2287//2287 598//598
f 792//792 4115//4115 799//799
f 4115//4115 792//792 3451//3451
f 1427//1427 799//799 4115//4115
f 830//830 1434//1434 3452//3452
f 769//769 4913//4913 772//772
f 4116//4116 1435//1435 3461//3461
f 775//775 4116//4116 770//770
f 4116//4116 775//775 3462//3462
f 832//832 3467//3467 765//765
f 2597//2597 1441//1441 4118//4118
f 761//761 4118//4118 1441//1441
f 1441//1441 2597//2597 763//763
f 4119//4119 1442//1442 3472//3472
f 759//759 3473//3473 762//762
f 4119//4119 762//762 3473//3473
f 1444//1444 3477//3477 1443//1443
f 4120//4120 1443//1443 3477//3477
f 764//764 3478//3478 760//760
f 4120//4120 760//760 3478//3478
f 1361//1361 4121//4121 1338//1338
f 4121//4121 1361//1361 4095//4095
f 724//724 4121//4121 752//752
f 4121//4121 724//724 4060//4060
f 751//751 4122//4122 3485//3485
f 746//746 4123//4123 749//749
f 2600//2600 3492//3492 4124//4124
f 750//750 4124//4124 3492//3492
f 3492//3492 2600//2600 4851//4851
f 1451//1451 4125//4125 1450//1450
f 3495//3495 1450//1450 4125//4125
f 742//742 4125//4125 747//747
f 3494//3494 747//747 4125//4125
f 1452//1452 3499//3499 1453//1453
f 738//738 3502//3502 743//743
f 4126//4126 743//743 3502//3502
f 1456//1456 4127//4127 1455//1455
f 744//744 3507//3507 741//741
f 3507//3507 744//744 4127//4127
f 4129//4129 734//734 2602//2602
f 2603//2603 4129//4129 2602//2602
f 4131//4131 740//740 4133//4133
f 1457//1457 4131//4131 4133//4133
f 4132//4132 1457//1457 4133//4133
f 737//737 4132//4132 4133//4133
f 731//731 1458//1458 735//735
f 736//736 4134//4134 733//733
f 3527//3527 292//292 4135//4135
f 2605//2605 2201//2201 4136//4136
f 4137//4137 2605//2605 4136//4136
f 730//730 2605//2605 4137//4137
f 4140//4140 1461//1461 4139//4139
f 1461//1461 4140//4140 1463//1463
f 2191//2191 4141//4141 1462//1462
f 1462//1462 4141//4141 728//728
f 1464//1464 1465//1465 4142//4142
f 723//723 4143//4143 721//721
f 4143//4143 723//723 4142//4142
f 720//720 3538//3538 3350//3350
f 4144//4144 3350//3350 3538//3538
f 4145//4145 1466//1466 3346//3346
f 3541//3541 3347//3347 718//718
f 4145//4145 718//718 3347//3347
f 719//719 1467//1467 722//722
f 1467//1467 719//719 4793//4793
f 714//714 3546//3546 717//717
f 713//713 4146//4146 715//715
f 1469//1469 4788//4788 2168//2168
f 4788//4788 1469//1469 716//716
f 1472//1472 1471//1471 4953//4953
f 1472//1472 709//709 1471//1471
f 3556//3556 1474//1474 1475//1475
f 1478//1478 701//701 3557//3557
f 694//694 1478//1478 3557//3557
f 2130//2130 4151//4151 690//690
f 679//679 3562//3562 835//835
f 4777//4777 2615//2615 4152//4152
f 675//675 4153//4153 674//674
f 2108//2108 1490//1490 680//680
f 664//664 4154//4154 837//837
f 663//663 2617//2617 1495//1495
f 4156//4156 1495//1495 2617//2617
f 1495//1495 4156//4156 661//661
f 660//660 4157//4157 659//659
f 658//658 4158//4158 665//665
f 1277//1277 4159//4159 1293//1293
f 4036//4036 1293//1293 4159//4159
f 652//652 4159//4159 627//627
f 3998//3998 627//627 4159//4159
f 3587//3587 650//650 3585//3585
f 649//649 3587//3587 3585//3585
f 3589//3589 3588//3588 646//646
f 645//645 1505//1505 643//643
f 4739//4739 4161//4161 3598//3598
f 3598//3598 4161//4161 648//648
f 642//642 4162//4162 639//639
f 640//640 3604//3604 644//644
f 3607//3607 4163//4163 4775//4775
f 4165//4165 637//637 4167//4167
f 1508//1508 4165//4165 4167//4167
f 4166//4166 1508//1508 4167//4167
f 641//641 4166//4166 4167//4167
f 1509//1509 4168//4168 4982//4982
f 636//636 4168//4168 633//633
f 635//635 3622//3622 4719//4719
f 2622//2622 3626//3626 2039//2039
f 2622//2622 2046//2046 3626//3626
f 2623//2623 3628//3628 1511//1511
f 4169//4169 632//632 3628//3628
f 1512//1512 4169//4169 2623//2623
f 4170//4170 1512//1512 3627//3627
f 2048//2048 1512//1512 4170//4170
f 631//631 4171//4171 1514//1514
f 1514//1514 4171//4171 839//839
f 2624//2624 1516//1516 4172//4172
f 4689//4689 4172//4172 1516//1516
f 1516//1516 4173//4173 2042//2042
f 1521//1521 4176//4176 1520//1520
f 4175//4175 1520//1520 4176//4176
f 4175//4175 625//625 4177//4177
f 624//624 4178//4178 623//623
f 1522//1522 3261//3261 2627//2627
f 3261//3261 1522//1522 4179//4179
f 621//621 3266//3266 622//622
f 3266//3266 621//621 4179//4179
f 3263//3263 4180//4180 1523//1523
f 626//626 1523//1523 3643//3643
f 4180//4180 3643//3643 1523//1523
f 619//619 3646//3646 617//617
f 616//616 3651//3651 3251//3251
f 620//620 3257//3257 615//615
f 4181//4181 615//615 3257//3257
f 2359//2359 4182//4182 20//20
f 2634//2634 1529//1529 4182//4182
f 853//853 2634//2634 2359//2359
f 2632//2632 4183//4183 1529//1529
f 3655//3655 208//208 4183//4183
f 852//852 3655//3655 2632//2632
f 3660//3660 2633//2633 853//853
f 3659//3659 852//852 2633//2633
f 210//210 3659//3659 3660//3660
f 3655//3655 4184//4184 208//208
f 2637//2637 1530//1530 4184//4184
f 850//850 2637//2637 3655//3655
f 2635//2635 4185//4185 1530//1530
f 4186//4186 21//21 4185//4185
f 1531//1531 4186//4186 2635//2635
f 3656//3656 2636//2636 850//850
f 4187//4187 1531//1531 2636//2636
f 209//209 4187//4187 3656//3656
f 4188//4188 3658//3658 210//210
f 2639//2639 851//851 3658//3658
f 1533//1533 2639//2639 4188//4188
f 2639//2639 3657//3657 851//851
f 4189//4189 209//209 3657//3657
f 1532//1532 4189//4189 2639//2639
f 2640//2640 2638//2638 1533//1533
f 4190//4190 1532//1532 2638//2638
f 22//22 4190//4190 2640//2640
f 1533//1533 2641//2641 1534//1534
f 2641//2641 1533//1533 4191//4191
f 211//211 4188//4188 210//210
f 4188//4188 211//211 4191//4191
f 1535//1535 4192//4192 1534//1534
f 22//22 4193//4193 23//23
f 4193//4193 22//22 4192//4192
f 4193//4193 4194//4194 23//23
f 2645//2645 1536//1536 4194//4194
f 1535//1535 2645//2645 4193//4193
f 2643//2643 4195//4195 1536//1536
f 3664//3664 212//212 4195//4195
f 857//857 3664//3664 2643//2643
f 2642//2642 2644//2644 1535//1535
f 3668//3668 857//857 2644//2644
f 211//211 3668//3668 2642//2642
f 3663//3663 4196//4196 212//212
f 2648//2648 1537//1537 4196//4196
f 855//855 2648//2648 3663//3663
f 2646//2646 4197//4197 1537//1537
f 4198//4198 24//24 4197//4197
f 1538//1538 4198//4198 2646//2646
f 3665//3665 2647//2647 855//855
f 4199//4199 1538//1538 2647//2647
f 213//213 4199//4199 3665//3665
f 3662//3662 3667//3667 211//211
f 2651//2651 856//856 3667//3667
f 854//854 2651//2651 3662//3662
f 2649//2649 3666//3666 856//856
f 4200//4200 213//213 3666//3666
f 1539//1539 4200//4200 2649//2649
f 2360//2360 2650//2650 854//854
f 4201//4201 1539//1539 2650//2650
f 20//20 4201//4201 2360//2360
f 4203//4203 4202//4202 25//25
f 2653//2653 1540//1540 4202//4202
f 1541//1541 2653//2653 4203//4203
f 2652//2652 4204//4204 1540//1540
f 2364//2364 3670//3670 2652//2652
f 4205//4205 2364//2364 1541//1541
f 215//215 3671//3671 4205//4205
f 3669//3669 1542//1542 4204//4204
f 2654//2654 4206//4206 1542//1542
f 4207//4207 26//26 4206//4206
f 1543//1543 4207//4207 2654//2654
f 3671//3671 2655//2655 858//858
f 4208//4208 1543//1543 2655//2655
f 214//214 4208//4208 3671//3671
f 4209//4209 3672//3672 215//215
f 1545//1545 2658//2658 4209//4209
f 4210//4210 214//214 3672//3672
f 1544//1544 4210//4210 2656//2656
f 4212//4212 2657//2657 1545//1545
f 4211//4211 1544//1544 2657//2657
f 27//27 4211//4211 4212//4212
f 4214//4214 4213//4213 24//24
f 2661//2661 1546//1546 4213//4213
f 1547//1547 2661//2661 4214//4214
f 2659//2659 4215//4215 1546//1546
f 3674//3674 216//216 4215//4215
f 861//861 3674//3674 2659//2659
f 4216//4216 2660//2660 1547//1547
f 3678//3678 861//861 2660//2660
f 218//218 3678//3678 4216//4216
f 3673//3673 4217//4217 216//216
f 2664//2664 1548//1548 4217//4217
f 859//859 2664//2664 3673//3673
f 2662//2662 4218//4218 1548//1548
f 4219//4219 28//28 4218//4218
f 1549//1549 4219//4219 2662//2662
f 3675//3675 2663//2663 859//859
f 4220//4220 1549//1549 2663//2663
f 217//217 4220//4220 3675//3675
f 4221//4221 3677//3677 218//218
f 2667//2667 860//860 3677//3677
f 1551//1551 2667//2667 4221//4221
f 2665//2665 3676//3676 860//860
f 4222//4222 217//217 3676//3676
f 1550//1550 4222//4222 2665//2665
f 4224//4224 2666//2666 1551//1551
f 4223//4223 1550//1550 2666//2666
f 21//21 4223//4223 4224//4224
f 2668//2668 4226//4226 2677//2677
f 2669//2669 219//219 4226//4226
f 4227//4227 2668//2668 4225//4225
f 4232//4232 3679//3679 4227//4227
f 2669//2669 4228//4228 219//219
f 2669//2669 1552//1552 4228//4228
f 2669//2669 4229//4229 1552//1552
f 4230//4230 25//25 4229//4229
f 1553//1553 4230//4230 2669//2669
f 4231//4231 1553//1553 2668//2668
f 220//220 4231//4231 3679//3679
f 1555//1555 2671//2671 4232//4232
f 4233//4233 220//220 3679//3679
f 1554//1554 4233//4233 2671//2671
f 4235//4235 2670//2670 1555//1555
f 4234//4234 1554//1554 2670//2670
f 4467//4467 4234//4234 4235//4235
f 4236//4236 4238//4238 28//28
f 1556//1556 2672//2672 4236//4236
f 4237//4237 862//862 1556//1556
f 222//222 2368//2368 4237//4237
f 2672//2672 1557//1557 4238//4238
f 2672//2672 4239//4239 1557//1557
f 4240//4240 29//29 4239//4239
f 1558//1558 4240//4240 2672//2672
f 4241//4241 1558//1558 862//862
f 221//221 4241//4241 2368//2368
f 4242//4242 3680//3680 222//222
f 1560//1560 2674//2674 4242//4242
f 4243//4243 221//221 3680//3680
f 1559//1559 4243//4243 2674//2674
f 4245//4245 2673//2673 1560//1560
f 4244//4244 1559//1559 2673//2673
f 27//27 4244//4244 4245//4245
f 1562//1562 2676//2676 4730//4730
f 1561//1561 4730//4730 2676//2676
f 2675//2675 3681//3681 1561//1561
f 4246//4246 3682//3682 1562//1562
f 863//863 1562//1562 3682//3682
f 3681//3681 2678//2678 1561//1561
f 2677//2677 1561//1561 2678//2678
f 3682//3682 4247//4247 863//863
f 1563//1563 863//863 4247//4247
f 4248//4248 2679//2679 223//223
f 3682//3682 223//223 2679//2679
f 2679//2679 4249//4249 3682//3682
f 1564//1564 1565//1565 4269//4269
f 4250//4250 2680//2680 29//29
f 1567//1567 29//29 2680//2680
f 4251//4251 864//864 1566//1566
f 865//865 1566//1566 864//864
f 2680//2680 4252//4252 1567//1567
f 30//30 1567//1567 4252//4252
f 864//864 4253//4253 865//865
f 1568//1568 865//865 4253//4253
f 4254//4254 2681//2681 225//225
f 864//864 225//225 2681//2681
f 2681//2681 4255//4255 864//864
f 224//224 864//864 4255//4255
f 4257//4257 4256//4256 1570//1570
f 1569//1569 1570//1570 4256//4256
f 4258//4258 4730//4730 31//31
f 4730//4730 4258//4258 2682//2682
f 4259//4259 2682//2682 1571//1571
f 2682//2682 4259//4259 3683//3683
f 4730//4730 2682//2682 1572//1572
f 3683//3683 1572//1572 2682//2682
f 1572//1572 3683//3683 4260//4260
f 226//226 2683//2683 4262//4262
f 1573//1573 4263//4263 32//32
f 4264//4264 2684//2684 30//30
f 4266//4266 30//30 2684//2684
f 1574//1574 2369//2369 227//227
f 4267//4267 2685//2685 228//228
f 2369//2369 228//228 2685//2685
f 2685//2685 227//227 2369//2369
f 4269//4269 4268//4268 1576//1576
f 1575//1575 1576//1576 4268//4268
f 33//33 4270//4270 2686//2686
f 4271//4271 2686//2686 4270//4270
f 2686//2686 31//31 33//33
f 31//31 2686//2686 4272//4272
f 866//866 1577//1577 2686//2686
f 1577//1577 866//866 4273//4273
f 4274//4274 866//866 4271//4271
f 866//866 4274//4274 2687//2687
f 2687//2687 229//229 866//866
f 229//229 2687//2687 4275//4275
f 232//232 3684//3684 1580//1580
f 867//867 1580//1580 3684//3684
f 4266//4266 2689//2689 230//230
f 1581//1581 230//230 2689//2689
f 2688//2688 4276//4276 1581//1581
f 2693//2693 1581//1581 4276//4276
f 3684//3684 4277//4277 867//867
f 1582//1582 867//867 4277//4277
f 4278//4278 2690//2690 232//232
f 3684//3684 232//232 2690//2690
f 2690//2690 4279//4279 3684//3684
f 231//231 3684//3684 4279//4279
f 1583//1583 4281//4281 4280//4280
f 4282//4282 1584//1584 4754//4754
f 1584//1584 4282//4282 2691//2691
f 1584//1584 2691//2691 33//33
f 2907//2907 33//33 1585//1585
f 33//33 2907//2907 2370//2370
f 3685//3685 1586//1586 2370//2370
f 1586//1586 3685//3685 4283//4283
f 3820//3820 868//868 233//233
f 868//868 3820//3820 2692//2692
f 2692//2692 4284//4284 868//868
f 2431//2431 1587//1587 3820//3820
f 1587//1587 2431//2431 4285//4285
f 4286//4286 3687//3687 1588//1588
f 869//869 1588//1588 3687//3687
f 1589//1589 234//234 3686//3686
f 2694//2694 4287//4287 1589//1589
f 36//36 1589//1589 4287//4287
f 1590//1590 869//869 235//235
f 4288//4288 2696//2696 4286//4286
f 3687//3687 4286//4286 2696//2696
f 2695//2695 4289//4289 3687//3687
f 235//235 3687//3687 4289//4289
f 1591//1591 4291//4291 4290//4290
f 4293//4293 4292//4292 37//37
f 2698//2698 1592//1592 4292//4292
f 1593//1593 2698//2698 4293//4293
f 2698//2698 4294//4294 1592//1592
f 3689//3689 236//236 4294//4294
f 871//871 3689//3689 2698//2698
f 4295//4295 2697//2697 1593//1593
f 3691//3691 871//871 2697//2697
f 238//238 3691//3691 4295//4295
f 3688//3688 4296//4296 236//236
f 2701//2701 1594//1594 4296//4296
f 2373//2373 2701//2701 3688//3688
f 2699//2699 4297//4297 1594//1594
f 4298//4298 38//38 4297//4297
f 1595//1595 4298//4298 2699//2699
f 2371//2371 2700//2700 2373//2373
f 4299//4299 1595//1595 2700//2700
f 237//237 4299//4299 2371//2371
f 4300//4300 3690//3690 238//238
f 2703//2703 870//870 3690//3690
f 1597//1597 2703//2703 4300//4300
f 4301//4301 237//237 870//870
f 1596//1596 4301//4301 2703//2703
f 4303//4303 2702//2702 1597//1597
f 4302//4302 1596//1596 2702//2702
f 39//39 4302//4302 4303//4303
f 2377//2377 4297//4297 38//38
f 2706//2706 1594//1594 4297//4297
f 875//875 2706//2706 2377//2377
f 2704//2704 4296//4296 1594//1594
f 3693//3693 236//236 4296//4296
f 874//874 3693//3693 2704//2704
f 3700//3700 2705//2705 875//875
f 3697//3697 874//874 2705//2705
f 240//240 3697//3697 3700//3700
f 3692//3692 4294//4294 236//236
f 2709//2709 1592//1592 4294//4294
f 872//872 2709//2709 3692//3692
f 2707//2707 4292//4292 1592//1592
f 4304//4304 37//37 4292//4292
f 1598//1598 4304//4304 2707//2707
f 3694//3694 2708//2708 872//872
f 4305//4305 1598//1598 2708//2708
f 239//239 4305//4305 3694//3694
f 2713//2713 3696//3696 240//240
f 2712//2712 873//873 3696//3696
f 1600//1600 2712//2712 2713//2713
f 2710//2710 3695//3695 873//873
f 4306//4306 239//239 3695//3695
f 1599//1599 4306//4306 2710//2710
f 4308//4308 2711//2711 1600//1600
f 4307//4307 1599//1599 2711//2711
f 23//23 4307//4307 4308//4308
f 4308//4308 22//22 23//23
f 22//22 4308//4308 4309//4309
f 4309//4309 1600//1600 1601//1601
f 4311//4311 240//240 241//241
f 240//240 4311//4311 4310//4310
f 4310//4310 1602//1602 1601//1601
f 4313//4313 4312//4312 40//40
f 2717//2717 1603//1603 4312//4312
f 1604//1604 2717//2717 4313//4313
f 2715//2715 4314//4314 1603//1603
f 3702//3702 242//242 4314//4314
f 879//879 3702//3702 2715//2715
f 4315//4315 2716//2716 1604//1604
f 3706//3706 879//879 2716//2716
f 244//244 3706//3706 4315//4315
f 3701//3701 4316//4316 242//242
f 2720//2720 1605//1605 4316//4316
f 877//877 2720//2720 3701//3701
f 2718//2718 4317//4317 1605//1605
f 4318//4318 41//41 4317//4317
f 1606//1606 4318//4318 2718//2718
f 3703//3703 2719//2719 877//877
f 4319//4319 1606//1606 2719//2719
f 243//243 4319//4319 3703//3703
f 4320//4320 3705//3705 244//244
f 2723//2723 878//878 3705//3705
f 1608//1608 2723//2723 4320//4320
f 2721//2721 3704//3704 878//878
f 4321//4321 243//243 3704//3704
f 1607//1607 4321//4321 2721//2721
f 4323//4323 2722//2722 1608//1608
f 4322//4322 1607//1607 2722//2722
f 42//42 4322//4322 4323//4323
f 4325//4325 4324//4324 43//43
f 2726//2726 1609//1609 4324//4324
f 1610//1610 2726//2726 4325//4325
f 2724//2724 4326//4326 1609//1609
f 3708//3708 245//245 4326//4326
f 882//882 3708//3708 2724//2724
f 4327//4327 2725//2725 1610//1610
f 3712//3712 882//882 2725//2725
f 247//247 3712//3712 4327//4327
f 3707//3707 4328//4328 245//245
f 2729//2729 1611//1611 4328//4328
f 880//880 2729//2729 3707//3707
f 2727//2727 4329//4329 1611//1611
f 4330//4330 42//42 4329//4329
f 1612//1612 4330//4330 2727//2727
f 3709//3709 2728//2728 880//880
f 4331//4331 1612//1612 2728//2728
f 246//246 4331//4331 3709//3709
f 4332//4332 3711//3711 247//247
f 2732//2732 881//881 3711//3711
f 1614//1614 2732//2732 4332//4332
f 2730//2730 3710//3710 881//881
f 4333//4333 246//246 3710//3710
f 1613//1613 4333//4333 2730//2730
f 4335//4335 2731//2731 1614//1614
f 4334//4334 1613//1613 2731//2731
f 44//44 4334//4334 4335//4335
f 4337//4337 4336//4336 45//45
f 1615//1615 2734//2734 4337//4337
f 2734//2734 4338//4338 4336//4336
f 3713//3713 248//248 4338//4338
f 884//884 3713//3713 2734//2734
f 4339//4339 2733//2733 1615//1615
f 883//883 884//884 2733//2733
f 249//249 883//883 4339//4339
f 3713//3713 4340//4340 248//248
f 2736//2736 2735//2735 3713//3713
f 4322//4322 42//42 4340//4340
f 1607//1607 4322//4322 2735//2735
f 4321//4321 1607//1607 2736//2736
f 243//243 4321//4321 3714//3714
f 4341//4341 883//883 249//249
f 1616//1616 2738//2738 4341//4341
f 2738//2738 3714//3714 883//883
f 4319//4319 243//243 3714//3714
f 1606//1606 4319//4319 2738//2738
f 4342//4342 2737//2737 1616//1616
f 4318//4318 1606//1606 2737//2737
f 41//41 4318//4318 4342//4342
f 4343//4343 4340//4340 42//42
f 1617//1617 2740//2740 4343//4343
f 3716//3716 248//248 4340//4340
f 886//886 3716//3716 2740//2740
f 4344//4344 2739//2739 1617//1617
f 3720//3720 886//886 2739//2739
f 251//251 3720//3720 4344//4344
f 3715//3715 4338//4338 248//248
f 2742//2742 4336//4336 4338//4338
f 885//885 2742//2742 3715//3715
f 4345//4345 45//45 4336//4336
f 1618//1618 4345//4345 2742//2742
f 3717//3717 2741//2741 885//885
f 4346//4346 1618//1618 2741//2741
f 250//250 4346//4346 3717//3717
f 4347//4347 3719//3719 251//251
f 1620//1620 2745//2745 4347//4347
f 2743//2743 3718//3718 3719//3719
f 4348//4348 250//250 3718//3718
f 1619//1619 4348//4348 2743//2743
f 4350//4350 2744//2744 1620//1620
f 4349//4349 1619//1619 2744//2744
f 46//46 4349//4349 4350//4350
f 2747//2747 1621//1621 4351//4351
f 1622//1622 2747//2747 4352//4352
f 3722//3722 4353//4353 1621//1621
f 3722//3722 252//252 4353//4353
f 4354//4354 2746//2746 1622//1622
f 3726//3726 887//887 2746//2746
f 254//254 3726//3726 4354//4354
f 3721//3721 4355//4355 252//252
f 2748//2748 1623//1623 4355//4355
f 2749//2749 2748//2748 3721//3721
f 2748//2748 4356//4356 1623//1623
f 4357//4357 45//45 4356//4356
f 1624//1624 4357//4357 2748//2748
f 4358//4358 1624//1624 2749//2749
f 253//253 4358//4358 3723//3723
f 4359//4359 3725//3725 254//254
f 1626//1626 2751//2751 4359//4359
f 2751//2751 3724//3724 3725//3725
f 4360//4360 253//253 3724//3724
f 1625//1625 4360//4360 2751//2751
f 4362//4362 2750//2750 1626//1626
f 4361//4361 1625//1625 2750//2750
f 47//47 4361//4361 4362//4362
f 4363//4363 4356//4356 45//45
f 2754//2754 1623//1623 4356//4356
f 1627//1627 2754//2754 4363//4363
f 2752//2752 4355//4355 1623//1623
f 3728//3728 252//252 4355//4355
f 890//890 3728//3728 2752//2752
f 4364//4364 2753//2753 1627//1627
f 3732//3732 890//890 2753//2753
f 256//256 3732//3732 4364//4364
f 3727//3727 4353//4353 252//252
f 2757//2757 1621//1621 4353//4353
f 888//888 2757//2757 3727//3727
f 2755//2755 4351//4351 1621//1621
f 1628//1628 4365//4365 2755//2755
f 3729//3729 2756//2756 888//888
f 4366//4366 1628//1628 2756//2756
f 255//255 4366//4366 3729//3729
f 4367//4367 3731//3731 256//256
f 2760//2760 889//889 3731//3731
f 1630//1630 2760//2760 4367//4367
f 2758//2758 3730//3730 889//889
f 4368//4368 255//255 3730//3730
f 1629//1629 4368//4368 2758//2758
f 4370//4370 2759//2759 1630//1630
f 4369//4369 1629//1629 2759//2759
f 48//48 4369//4369 4370//4370
f 3733//3733 257//257 4372//4372
f 2392//2392 3733//3733 2761//2761
f 4373//4373 2762//2762 4371//4371
f 259//259 2762//2762 4373//4373
f 3733//3733 4374//4374 257//257
f 2765//2765 1631//1631 4374//4374
f 2392//2392 2765//2765 3733//3733
f 2763//2763 4375//4375 1631//1631
f 4376//4376 4351//4351 4375//4375
f 1632//1632 4376//4376 2763//2763
f 258//258 1632//1632 2764//2764
f 4377//4377 3734//3734 259//259
f 1634//1634 3734//3734 4377//4377
f 4378//4378 258//258 891//891
f 1633//1633 4378//4378 3734//3734
f 4380//4380 2766//2766 1634//1634
f 4379//4379 1633//1633 2766//2766
f 3521//3521 4379//4379 4380//4380
f 4381//4381 4375//4375 4351//4351
f 2769//2769 1631//1631 4375//4375
f 1635//1635 2769//2769 4381//4381
f 2767//2767 4374//4374 1631//1631
f 3736//3736 257//257 4374//4374
f 2394//2394 3736//3736 2767//2767
f 4382//4382 2768//2768 1635//1635
f 3740//3740 2394//2394 2768//2768
f 261//261 3740//3740 4382//4382
f 3735//3735 4372//4372 257//257
f 892//892 2761//2761 3735//3735
f 3737//3737 2770//2770 892//892
f 4383//4383 1636//1636 2770//2770
f 260//260 4383//4383 3737//3737
f 4384//4384 3739//3739 261//261
f 2773//2773 893//893 3739//3739
f 1638//1638 2773//2773 4384//4384
f 2771//2771 3738//3738 893//893
f 4385//4385 260//260 3738//3738
f 1637//1637 4385//4385 2771//2771
f 4387//4387 2772//2772 1638//1638
f 4386//4386 1637//1637 2772//2772
f 49//49 4386//4386 4387//4387
f 4388//4388 2774//2774 50//50
f 2761//2761 50//50 2774//2774
f 2774//2774 1639//1639 894//894
f 894//894 262//262 2774//2774
f 1640//1640 2774//2774 262//262
f 1642//1642 2775//2775 263//263
f 894//894 263//263 2775//2775
f 2775//2775 4389//4389 894//894
f 262//262 894//894 4389//4389
f 289//289 1641//1641 1642//1642
f 4390//4390 2776//2776 1643//1643
f 2776//2776 4390//4390 3742//3742
f 2776//2776 50//50 2761//2761
f 50//50 2776//2776 1644//1644
f 3741//3741 1644//1644 2776//2776
f 1644//1644 3741//3741 4391//4391
f 264//264 2777//2777 4392//4392
f 4394//4394 1645//1645 1646//1646
f 1645//1645 4394//4394 4393//4393
f 268//268 3745//3745 1647//1647
f 3745//3745 3744//3744 1647//1647
f 266//266 1647//1647 3744//3744
f 3743//3743 2779//2779 266//266
f 1648//1648 266//266 2779//2779
f 2778//2778 4395//4395 1648//1648
f 50//50 1648//1648 4395//4395
f 3745//3745 4396//4396 895//895
f 1649//1649 895//895 4396//4396
f 4397//4397 2780//2780 268//268
f 3745//3745 268//268 2780//2780
f 2780//2780 267//267 3745//3745
f 1679//1679 1650//1650 1651//1651
f 4398//4398 1648//1648 50//50
f 1648//1648 4398//4398 2782//2782
f 2781//2781 266//266 1648//1648
f 266//266 2781//2781 1647//1647
f 4399//4399 1647//1647 1652//1652
f 1647//1647 4399//4399 2397//2397
f 2784//2784 1653//1653 2397//2397
f 1653//1653 2784//2784 4400//4400
f 4401//4401 2784//2784 270//270
f 2783//2783 269//269 2784//2784
f 269//269 2783//2783 4402//4402
f 4404//4404 4402//4402 1654//1654
f 4402//4402 4404//4404 4403//4403
f 4405//4405 2785//2785 53//53
f 271//271 53//53 2785//2785
f 4406//4406 3746//3746 4405//4405
f 2785//2785 4405//4405 3746//3746
f 2785//2785 1647//1647 271//271
f 4408//4408 2786//2786 273//273
f 896//896 273//273 2786//2786
f 2786//2786 4409//4409 896//896
f 272//272 896//896 4409//4409
f 4412//4412 271//271 1647//1647
f 271//271 4412//4412 2788//2788
f 4413//4413 2787//2787 1655//1655
f 2787//2787 4413//4413 3748//3748
f 2787//2787 53//53 271//271
f 53//53 2787//2787 2401//2401
f 3747//3747 900//900 897//897
f 900//900 3747//3747 3750//3750
f 4414//4414 898//898 275//275
f 898//898 4414//4414 2790//2790
f 2789//2789 274//274 898//898
f 274//274 2789//2789 4415//4415
f 4416//4416 1656//1656 1657//1657
f 1656//1656 4416//4416 2792//2792
f 4418//4418 1659//1659 4417//4417
f 1658//1658 4417//4417 1659//1659
f 56//56 4417//4417 55//55
f 4415//4415 1656//1656 4419//4419
f 1658//1658 4419//4419 1656//1656
f 274//274 4419//4419 276//276
f 4421//4421 4420//4420 57//57
f 2794//2794 1660//1660 4420//4420
f 1661//1661 2794//2794 4421//4421
f 3753//3753 4422//4422 1660//1660
f 3753//3753 277//277 4422//4422
f 4423//4423 2793//2793 1661//1661
f 3756//3756 902//902 2793//2793
f 279//279 3756//3756 4423//4423
f 3752//3752 1662//1662 277//277
f 3752//3752 4424//4424 1662//1662
f 2805//2805 40//40 4424//4424
f 1663//1663 2805//2805 3752//3752
f 3754//3754 2795//2795 901//901
f 4425//4425 1663//1663 2795//2795
f 278//278 4425//4425 3754//3754
f 4426//4426 3755//3755 279//279
f 1664//1664 2797//2797 4426//4426
f 3760//3760 278//278 3755//3755
f 903//903 3760//3760 2797//2797
f 4427//4427 2796//2796 1664//1664
f 2404//2404 903//903 2796//2796
f 58//58 2404//2404 4427//4427
f 4429//4429 4428//4428 59//59
f 2799//2799 1665//1665 4428//4428
f 1666//1666 2799//2799 4429//4429
f 3757//3757 280//280 1665//1665
f 4430//4430 2798//2798 1666//1666
f 3759//3759 2800//2800 2798//2798
f 282//282 3759//3759 4430//4430
f 3757//3757 4431//4431 280//280
f 2800//2800 2801//2801 3757//3757
f 4432//4432 57//57 4431//4431
f 1667//1667 4432//4432 2801//2801
f 4433//4433 1667//1667 2800//2800
f 281//281 4433//4433 2403//2403
f 4434//4434 3758//3758 282//282
f 1669//1669 2804//2804 4434//4434
f 4435//4435 281//281 3758//3758
f 1668//1668 4435//4435 2802//2802
f 4437//4437 2803//2803 1669//1669
f 4436//4436 1668//1668 2803//2803
f 60//60 4436//4436 4437//4437
f 1663//1663 4438//4438 1670//1670
f 283//283 4425//4425 278//278
f 4425//4425 283//283 4438//4438
f 1671//1671 4439//4439 1670//1670
f 40//40 4440//4440 59//59
f 4440//4440 40//40 4439//4439
f 4437//4437 4441//4441 60//60
f 2809//2809 1672//1672 4441//4441
f 1669//1669 2809//2809 4437//4437
f 2807//2807 4442//4442 1672//1672
f 3764//3764 284//284 4442//4442
f 907//907 3764//3764 2807//2807
f 4434//4434 2808//2808 1669//1669
f 3768//3768 907//907 2808//2808
f 282//282 3768//3768 4434//4434
f 3763//3763 4443//4443 284//284
f 2812//2812 1673//1673 4443//4443
f 905//905 2812//2812 3763//3763
f 2810//2810 4444//4444 1673//1673
f 2405//2405 58//58 4444//4444
f 904//904 2405//2405 2810//2810
f 3765//3765 2811//2811 905//905
f 3762//3762 904//904 2811//2811
f 283//283 3762//3762 3765//3765
f 4430//4430 3767//3767 282//282
f 2815//2815 906//906 3767//3767
f 1666//1666 2815//2815 4430//4430
f 2813//2813 3766//3766 906//906
f 2806//2806 283//283 3766//3766
f 1671//1671 2806//2806 2813//2813
f 4429//4429 2814//2814 1666//1666
f 4440//4440 1671//1671 2814//2814
f 59//59 4440//4440 4429//4429
f 4427//4427 4444//4444 58//58
f 2818//2818 1673//1673 4444//4444
f 1664//1664 2818//2818 4427//4427
f 2816//2816 4443//4443 1673//1673
f 3769//3769 284//284 4443//4443
f 908//908 3769//3769 2816//2816
f 4426//4426 2817//2817 1664//1664
f 3773//3773 908//908 2817//2817
f 279//279 3773//3773 4426//4426
f 2821//2821 4442//4442 284//284
f 2821//2821 1672//1672 4442//4442
f 2819//2819 4441//4441 1672//1672
f 4436//4436 60//60 4441//4441
f 1668//1668 4436//4436 2819//2819
f 3770//3770 2820//2820 2411//2411
f 4435//4435 1668//1668 2820//2820
f 281//281 4435//4435 3770//3770
f 4423//4423 3772//3772 279//279
f 2823//2823 3771//3771 3772//3772
f 1661//1661 2823//2823 4423//4423
f 4433//4433 281//281 3771//3771
f 1667//1667 4433//4433 2823//2823
f 4421//4421 2822//2822 1661//1661
f 4432//4432 1667//1667 2822//2822
f 57//57 4432//4432 4421//4421
f 4416//4416 1674//1674 55//55
f 1674//1674 4416//4416 2824//2824
f 1674//1674 2824//2824 911//911
f 4414//4414 911//911 1657//1657
f 911//911 52//52 1674//1674
f 52//52 911//911 4403//4403
f 910//910 4402//4402 909//909
f 4413//4413 910//910 275//275
f 910//910 4413//4413 2826//2826
f 2825//2825 269//269 910//910
f 269//269 2825//2825 4400//4400
f 4412//4412 1653//1653 1655//1655
f 1653//1653 4412//4412 1647//1647
f 4411//4411 2827//2827 54//54
f 285//285 54//54 2827//2827
f 4408//4408 3774//3774 4411//4411
f 2827//2827 4411//4411 3774//3774
f 2827//2827 4418//4418 285//285
f 56//56 285//285 4418//4418
f 1659//1659 2827//2827 2791//2791
f 4406//4406 2828//2828 273//273
f 3774//3774 273//273 2828//2828
f 2828//2828 3751//3751 3774//3774
f 276//276 3774//3774 3751//3751
f 899//899 4405//4405 2400//2400
f 4404//4404 1675//1675 52//52
f 1675//1675 4404//4404 2830//2830
f 2829//2829 286//286 1675//1675
f 286//286 2829//2829 2831//2831
f 4401//4401 914//914 1654//1654
f 914//914 4401//4401 913//913
f 2831//2831 1676//1676 286//286
f 2831//2831 51//51 1676//1676
f 51//51 2831//2831 4393//4393
f 913//913 1645//1645 912//912
f 1645//1645 913//913 4392//4392
f 4399//4399 913//913 270//270
f 913//913 4399//4399 2832//2832
f 2832//2832 264//264 913//913
f 264//264 2832//2832 4391//4391
f 4398//4398 1644//1644 1652//1652
f 1677//1677 1679//1679 3776//3776
f 287//287 1677//1677 3776//3776
f 4397//4397 3778//3778 1651//1651
f 3776//3776 1651//1651 3778//3778
f 1678//1678 287//287 3775//3775
f 2833//2833 4410//4410 1678//1678
f 54//54 1678//1678 4410//4410
f 3777//3777 4409//4409 3776//3776
f 4410//4410 3776//3776 4409//4409
f 272//272 2412//2412 4407//4407
f 4407//4407 268//268 1647//1647
f 4394//4394 288//288 51//51
f 288//288 4394//4394 2834//2834
f 265//265 915//915 1646//1646
f 2835//2835 49//49 288//288
f 49//49 2835//2835 4386//4386
f 1637//1637 915//915 4385//4385
f 4390//4390 915//915 265//265
f 915//915 4390//4390 2836//2836
f 2836//2836 260//260 915//915
f 260//260 2836//2836 4383//4383
f 2761//2761 1636//1636 1643//1643
f 1679//1679 289//289 916//916
f 916//916 1650//1650 1679//1679
f 1650//1650 916//916 267//267
f 1639//1639 2838//2838 263//263
f 917//917 263//263 2838//2838
f 2837//2837 4396//4396 917//917
f 267//267 917//917 4396//4396
f 4388//4388 4395//4395 1639//1639
f 1649//1649 1639//1639 4395//4395
f 4387//4387 1680//1680 49//49
f 1680//1680 4387//4387 2840//2840
f 2839//2839 290//290 1680//1680
f 290//290 2839//2839 2842//2842
f 4384//4384 920//920 1638//1638
f 920//920 4384//4384 3780//3780
f 2842//2842 1681//1681 290//290
f 2841//2841 48//48 1681//1681
f 48//48 2841//2841 4369//4369
f 3779//3779 1629//1629 918//918
f 1629//1629 3779//3779 4368//4368
f 4382//4382 919//919 261//261
f 919//919 4382//4382 2843//2843
f 2843//2843 255//255 919//919
f 255//255 2843//2843 4366//4366
f 4381//4381 1628//1628 1635//1635
f 1628//1628 4381//4381 4365//4365
f 3521//3521 4380//4380 3781//3781
f 3781//3781 289//289 3521//3521
f 4377//4377 3781//3781 1634//1634
f 3781//3781 4377//4377 3783//3783
f 289//289 3781//3781 1641//1641
f 3782//3782 1641//1641 3781//3781
f 1641//1641 3782//3782 4389//4389
f 4373//4373 921//921 259//259
f 921//921 4373//4373 2845//2845
f 2844//2844 262//262 921//921
f 1640//1640 4371//4371 2761//2761
f 4370//4370 4445//4445 48//48
f 1630//1630 2848//2848 4370//4370
f 3784//3784 1682//1682 4445//4445
f 924//924 3784//3784 2846//2846
f 4367//4367 2847//2847 1630//1630
f 3787//3787 924//924 2847//2847
f 256//256 3787//3787 4367//4367
f 4349//4349 46//46 1682//1682
f 1619//1619 4349//4349 3784//3784
f 3787//3787 2849//2849 922//922
f 4348//4348 1619//1619 2849//2849
f 250//250 4348//4348 3787//3787
f 4364//4364 3786//3786 256//256
f 2852//2852 923//923 3786//3786
f 1627//1627 2852//2852 4364//4364
f 2850//2850 3785//3785 923//923
f 4346//4346 250//250 3785//3785
f 1618//1618 4346//4346 2850//2850
f 4363//4363 2851//2851 1627//1627
f 4345//4345 1618//1618 2851//2851
f 45//45 4345//4345 4363//4363
f 4362//4362 291//291 47//47
f 1626//1626 2853//2853 4362//4362
f 4359//4359 2853//2853 1626//1626
f 254//254 3788//3788 4359//4359
f 4379//4379 3521//3521 291//291
f 1633//1633 4379//4379 2853//2853
f 4378//4378 1633//1633 2853//2853
f 258//258 4378//4378 3788//3788
f 4354//4354 3788//3788 254//254
f 1622//1622 2855//2855 4354//4354
f 1632//1632 258//258 2855//2855
f 4352//4352 2854//2854 1622//1622
f 4376//4376 1632//1632 2854//2854
f 4351//4351 4376//4376 4352//4352
f 4350//4350 4446//4446 46//46
f 2858//2858 1683//1683 4446//4446
f 1620//1620 2858//2858 4350//4350
f 2856//2856 4447//4447 1683//1683
f 3790//3790 292//292 4447//4447
f 927//927 3790//3790 2856//2856
f 4347//4347 2857//2857 1620//1620
f 3794//3794 927//927 2857//2857
f 251//251 3794//3794 4347//4347
f 3789//3789 4448//4448 292//292
f 2861//2861 1684//1684 4448//4448
f 925//925 2861//2861 3789//3789
f 2859//2859 4449//4449 1684//1684
f 4334//4334 44//44 4449//4449
f 1613//1613 4334//4334 2859//2859
f 3791//3791 2860//2860 925//925
f 4333//4333 1613//1613 2860//2860
f 246//246 4333//4333 3791//3791
f 4344//4344 3793//3793 251//251
f 2864//2864 926//926 3793//3793
f 1617//1617 2864//2864 4344//4344
f 2862//2862 3792//3792 926//926
f 4331//4331 246//246 3792//3792
f 1612//1612 4331//4331 2862//2862
f 4343//4343 2863//2863 1617//1617
f 4330//4330 1612//1612 2863//2863
f 42//42 4330//4330 4343//4343
f 4342//4342 4450//4450 41//41
f 1616//1616 2866//2866 4342//4342
f 2866//2866 293//293 4450//4450
f 2865//2865 3795//3795 2866//2866
f 4341//4341 2865//2865 1616//1616
f 249//249 3797//3797 4341//4341
f 3795//3795 1685//1685 293//293
f 2421//2421 2868//2868 3795//3795
f 4361//4361 47//47 1685//1685
f 1625//1625 4361//4361 2868//2868
f 2419//2419 2867//2867 2421//2421
f 4360//4360 1625//1625 2867//2867
f 253//253 4360//4360 2419//2419
f 4339//4339 3796//3796 249//249
f 2871//2871 928//928 3796//3796
f 1615//1615 2871//2871 4339//4339
f 4358//4358 253//253 928//928
f 1624//1624 4358//4358 2869//2869
f 4337//4337 2870//2870 1615//1615
f 4357//4357 1624//1624 2870//2870
f 45//45 4357//4357 4337//4337
f 4335//4335 4451//4451 44//44
f 2874//2874 1686//1686 4451//4451
f 1614//1614 2874//2874 4335//4335
f 2872//2872 4452//4452 1686//1686
f 3799//3799 294//294 4452//4452
f 931//931 3799//3799 2872//2872
f 4332//4332 2873//2873 1614//1614
f 3803//3803 931//931 2873//2873
f 247//247 3803//3803 4332//4332
f 3798//3798 4453//4453 294//294
f 2877//2877 1687//1687 4453//4453
f 929//929 2877//2877 3798//3798
f 2875//2875 4454//4454 1687//1687
f 4455//4455 59//59 4454//4454
f 1688//1688 4455//4455 2875//2875
f 3800//3800 2876//2876 929//929
f 2881//2881 1688//1688 2876//2876
f 295//295 2881//2881 3800//3800
f 4327//4327 3802//3802 247//247
f 2880//2880 930//930 3802//3802
f 1610//1610 2880//2880 4327//4327
f 2878//2878 3801//3801 930//930
f 3806//3806 295//295 3801//3801
f 932//932 3806//3806 2878//2878
f 4325//4325 2879//2879 1610//1610
f 2425//2425 932//932 2879//2879
f 43//43 2425//2425 4325//4325
f 4455//4455 40//40 59//59
f 40//40 4455//4455 4456//4456
f 1688//1688 1689//1689 4456//4456
f 4458//4458 295//295 296//296
f 295//295 4458//4458 4457//4457
f 4457//4457 1690//1690 1689//1689
f 4323//4323 4329//4329 42//42
f 2885//2885 1611//1611 4329//4329
f 1608//1608 2885//2885 4323//4323
f 2883//2883 4328//4328 1611//1611
f 3807//3807 245//245 4328//4328
f 936//936 3807//3807 2883//2883
f 4320//4320 2884//2884 1608//1608
f 3811//3811 936//936 2884//2884
f 244//244 3811//3811 4320//4320
f 3807//3807 4326//4326 245//245
f 2888//2888 1609//1609 4326//4326
f 934//934 2888//2888 3807//3807
f 2886//2886 4324//4324 1609//1609
f 2426//2426 43//43 4324//4324
f 933//933 2426//2426 2886//2886
f 3808//3808 2887//2887 934//934
f 3805//3805 933//933 2887//2887
f 296//296 3805//3805 3808//3808
f 4315//4315 3810//3810 244//244
f 2891//2891 935//935 3810//3810
f 1604//1604 2891//2891 4315//4315
f 2889//2889 3809//3809 935//935
f 4458//4458 296//296 3809//3809
f 1690//1690 4458//4458 2889//2889
f 4313//4313 2890//2890 1604//1604
f 2882//2882 1690//1690 2890//2890
f 40//40 2882//2882 4313//4313
f 4303//4303 4459//4459 39//39
f 1597//1597 2893//2893 4303//4303
f 3812//3812 4460//4460 4459//4459
f 937//937 3812//3812 2892//2892
f 4300//4300 937//937 1597//1597
f 238//238 2428//2428 4300//4300
f 2894//2894 2895//2895 3812//3812
f 2895//2895 4461//4461 4460//4460
f 4307//4307 23//23 4461//4461
f 1599//1599 4307//4307 2895//2895
f 4306//4306 1599//1599 2894//2894
f 239//239 4306//4306 2428//2428
f 4295//4295 3813//3813 238//238
f 1593//1593 2897//2897 4295//4295
f 4305//4305 239//239 3813//3813
f 1598//1598 4305//4305 2897//2897
f 4293//4293 2896//2896 1593//1593
f 4304//4304 1598//1598 2896//2896
f 37//37 4304//4304 4293//4293
f 2714//2714 297//297 22//22
f 1602//1602 2900//2900 2714//2714
f 2899//2899 3814//3814 2898//2898
f 4311//4311 2899//2899 1602//1602
f 241//241 3817//3817 4311//4311
f 3814//3814 1691//1691 297//297
f 4302//4302 39//39 1691//1691
f 1596//1596 4302//4302 2901//2901
f 3815//3815 2902//2902 938//938
f 4301//4301 1596//1596 2902//2902
f 237//237 4301//4301 3815//3815
f 3699//3699 3816//3816 241//241
f 876//876 2904//2904 3699//3699
f 4299//4299 237//237 3816//3816
f 1595//1595 4299//4299 2904//2904
f 2378//2378 2903//2903 876//876
f 4298//4298 1595//1595 2903//2903
f 38//38 4298//4298 2378//2378
f 1693//1693 4462//4462 1692//1692
f 4462//4462 1693//1693 4463//4463
f 233//233 4462//4462 298//298
f 1585//1585 4464//4464 1692//1692
f 4464//4464 1585//1585 4282//4282
f 36//36 4464//4464 4754//4754
f 4464//4464 36//36 2905//2905
f 2430//2430 941//941 35//35
f 1694//1694 35//35 941//941
f 3818//3818 3821//3821 939//939
f 941//941 939//939 3821//3821
f 941//941 4290//4290 1694//1694
f 34//34 1694//1694 4290//4290
f 3821//3821 4289//4289 941//941
f 1591//1591 941//941 4289//4289
f 4463//4463 2908//2908 298//298
f 940//940 298//298 2908//2908
f 2908//2908 235//235 940//940
f 2906//2906 4287//4287 1693//1693
f 1590//1590 1693//1693 4287//4287
f 1579//1579 1694//1694 34//34
f 1694//1694 1579//1579 943//943
f 4274//4274 943//943 1579//1579
f 943//943 4274//4274 3822//3822
f 943//943 35//35 1694//1694
f 35//35 943//943 4285//4285
f 3822//3822 1587//1587 943//943
f 1587//1587 3822//3822 4284//4284
f 942//942 4271//4271 2909//2909
f 2909//2909 4284//4284 942//942
f 4284//4284 2909//2909 4283//4283
f 4291//4291 2910//2910 34//34
f 299//299 34//34 2910//2910
f 2910//2910 944//944 299//299
f 4288//4288 3825//3825 4291//4291
f 2910//2910 4291//4291 3825//3825
f 1695//1695 299//299 3823//3823
f 3823//3823 4280//4280 1695//1695
f 32//32 1695//1695 4280//4280
f 3824//3824 4279//4279 944//944
f 1583//1583 944//944 4279//4279
f 945//945 4286//4286 2911//2911
f 2911//2911 4277//4277 945//945
f 231//231 945//945 4277//4277
f 2693//2693 4276//4276 1588//1588
f 1582//1582 1588//1588 4276//4276
f 4263//4263 1695//1695 32//32
f 1695//1695 4263//4263 2912//2912
f 2912//2912 299//299 1695//1695
f 4261//4261 2912//2912 4263//4263
f 2912//2912 34//34 299//299
f 34//34 2912//2912 1578//1578
f 3826//3826 1578//1578 2912//2912
f 1578//1578 3826//3826 4275//4275
f 4259//4259 946//946 4261//4261
f 946//946 4259//4259 2914//2914
f 2913//2913 229//229 946//946
f 229//229 2913//2913 4273//4273
f 4258//4258 1577//1577 1571//1571
f 1577//1577 4258//4258 4272//4272
f 4278//4278 3827//3827 4281//4281
f 2915//2915 4268//4268 4269//4269
f 3827//3827 227//227 947//947
f 1575//1575 947//947 227//227
f 1574//1574 1580//1580 4266//4266
f 2916//2916 32//32 4269//4269
f 4248//4248 951//951 1565//1565
f 951//951 4248//4248 3829//3829
f 3828//3828 1573//1573 949//949
f 1573//1573 3828//3828 4262//4262
f 4246//4246 950//950 223//223
f 950//950 4246//4246 2917//2917
f 2917//2917 226//226 950//950
f 226//226 2917//2917 4260//4260
f 2918//2918 4465//4465 1696//1696
f 3831//3831 300//300 4465//4465
f 952//952 3831//3831 2918//2918
f 4267//4267 2919//2919 1576//1576
f 3833//3833 952//952 2919//2919
f 228//228 3833//3833 4267//4267
f 3830//3830 1697//1697 300//300
f 2920//2920 4466//4466 1697//1697
f 4256//4256 4467//4467 4466//4466
f 1569//1569 4256//4256 2920//2920
f 4255//4255 1569//1569 2921//2921
f 224//224 4255//4255 2435//2435
f 4265//4265 3832//3832 228//228
f 2923//2923 2436//2436 3832//3832
f 4253//4253 224//224 2436//2436
f 1568//1568 4253//4253 2923//2923
f 4264//4264 2922//2922 4265//4265
f 4252//4252 1568//1568 2922//2922
f 30//30 4252//4252 4264//4264
f 4235//4235 4466//4466 4467//4467
f 2926//2926 1697//1697 4466//4466
f 1555//1555 2926//2926 4235//4235
f 2924//2924 300//300 1697//1697
f 4232//4232 2925//2925 1555//1555
f 3835//3835 3834//3834 2925//2925
f 3834//3834 4465//4465 300//300
f 3834//3834 1696//1696 4465//4465
f 4249//4249 1564//1564 3835//3835
f 4227//4227 3835//3835 4232//4232
f 4225//4225 2927//2927 4227//4227
f 4247//4247 4249//4249 3835//3835
f 1563//1563 4247//4247 2927//2927
f 2677//2677 1563//1563 2927//2927
f 2930//2930 1698//1698 4467//4467
f 1570//1570 2930//2930 4257//4257
f 2928//2928 4468//4468 1698//1698
f 3837//3837 301//301 4468//4468
f 955//955 3837//3837 2928//2928
f 4254//4254 2929//2929 1570//1570
f 3841//3841 955//955 2929//2929
f 225//225 3841//3841 4254//4254
f 3836//3836 4469//4469 301//301
f 2933//2933 1699//1699 4469//4469
f 953//953 2933//2933 3836//3836
f 2931//2931 4470//4470 1699//1699
f 4244//4244 27//27 4470//4470
f 1559//1559 4244//4244 2931//2931
f 3838//3838 2932//2932 953//953
f 4243//4243 1559//1559 2932//2932
f 221//221 4243//4243 3838//3838
f 4251//4251 3840//3840 225//225
f 2936//2936 954//954 3840//3840
f 1566//1566 2936//2936 4251//4251
f 2934//2934 3839//3839 954//954
f 4241//4241 221//221 3839//3839
f 1558//1558 4241//4241 2934//2934
f 4250//4250 2935//2935 1566//1566
f 4240//4240 1558//1558 2935//2935
f 29//29 4240//4240 4250//4250
f 4212//4212 4470//4470 27//27
f 2939//2939 1699//1699 4470//4470
f 1545//1545 2939//2939 4212//4212
f 2937//2937 4469//4469 1699//1699
f 3842//3842 301//301 4469//4469
f 956//956 3842//3842 2937//2937
f 4209//4209 2938//2938 1545//1545
f 3846//3846 956//956 2938//2938
f 215//215 3846//3846 4209//4209
f 2942//2942 4468//4468 301//301
f 2942//2942 1698//1698 4468//4468
f 2940//2940 4467//4467 1698//1698
f 1554//1554 4234//4234 2940//2940
f 3843//3843 2941//2941 2441//2441
f 4233//4233 1554//1554 2941//2941
f 220//220 4233//4233 3843//3843
f 4205//4205 3845//3845 215//215
f 1541//1541 2945//2945 4205//4205
f 2943//2943 3844//3844 3845//3845
f 4231//4231 220//220 3844//3844
f 1553//1553 4231//4231 2943//2943
f 4203//4203 2944//2944 1541//1541
f 4230//4230 1553//1553 2944//2944
f 25//25 4230//4230 4203//4203
f 4245//4245 1700//1700 27//27
f 1560//1560 2947//2947 4245//4245
f 2947//2947 4471//4471 1700//1700
f 3848//3848 302//302 4471//4471
f 2946//2946 3848//3848 2947//2947
f 4242//4242 2946//2946 1560//1560
f 222//222 3852//3852 4242//4242
f 3847//3847 1701//1701 302//302
f 4223//4223 21//21 1701//1701
f 1550//1550 4223//4223 2948//2948
f 4222//4222 1550//1550 957//957
f 217//217 4222//4222 3849//3849
f 4237//4237 3851//3851 222//222
f 1556//1556 2950//2950 4237//4237
f 2950//2950 3850//3850 3851//3851
f 4220//4220 217//217 3850//3850
f 1549//1549 4220//4220 2950//2950
f 4236//4236 2949//2949 1556//1556
f 4219//4219 1549//1549 2949//2949
f 28//28 4219//4219 4236//4236
f 4472//4472 1701//1701 21//21
f 1702//1702 2952//2952 4472//4472
f 3854//3854 302//302 1701//1701
f 4473//4473 2951//2951 1702//1702
f 303//303 3856//3856 4473//4473
f 3853//3853 4471//4471 302//302
f 2954//2954 1700//1700 4471//4471
f 958//958 2954//2954 3853//3853
f 4211//4211 27//27 1700//1700
f 1544//1544 4211//4211 2954//2954
f 3855//3855 2953//2953 958//958
f 4210//4210 1544//1544 2953//2953
f 214//214 4210//4210 3855//3855
f 4474//4474 959//959 303//303
f 1703//1703 2956//2956 4474//4474
f 4208//4208 214//214 2956//2956
f 1543//1543 4208//4208 2956//2956
f 4475//4475 2955//2955 1703//1703
f 4207//4207 1543//1543 2955//2955
f 26//26 4207//4207 4475//4475
f 4224//4224 4185//4185 21//21
f 2959//2959 1530//1530 4185//4185
f 1551//1551 2959//2959 4224//4224
f 2957//2957 4184//4184 1530//1530
f 3858//3858 208//208 4184//4184
f 962//962 3858//3858 2957//2957
f 4221//4221 2958//2958 1551//1551
f 3862//3862 962//962 2958//2958
f 218//218 3862//3862 4221//4221
f 3857//3857 4183//4183 208//208
f 2962//2962 1529//1529 4183//4183
f 960//960 2962//2962 3857//3857
f 2960//2960 4182//4182 1529//1529
f 4201//4201 20//20 4182//4182
f 1539//1539 4201//4201 2960//2960
f 3859//3859 2961//2961 960//960
f 4200//4200 1539//1539 2961//2961
f 213//213 4200//4200 3859//3859
f 4216//4216 3861//3861 218//218
f 2965//2965 961//961 3861//3861
f 1547//1547 2965//2965 4216//4216
f 2963//2963 3860//3860 961//961
f 4199//4199 213//213 3860//3860
f 1538//1538 4199//4199 2963//2963
f 4214//4214 2964//2964 1547//1547
f 4198//4198 1538//1538 2964//2964
f 24//24 4198//4198 4214//4214
f 4475//4475 4476//4476 26//26
f 2968//2968 1704//1704 4476//4476
f 1703//1703 2968//2968 4475//4475
f 2966//2966 4477//4477 1704//1704
f 3864//3864 304//304 4477//4477
f 965//965 3864//3864 2966//2966
f 4474//4474 2967//2967 1703//1703
f 3868//3868 965//965 2967//2967
f 303//303 3868//3868 4474//4474
f 3863//3863 4478//4478 304//304
f 2971//2971 1705//1705 4478//4478
f 963//963 2971//2971 3863//3863
f 2969//2969 4479//4479 1705//1705
f 4190//4190 22//22 4479//4479
f 1532//1532 4190//4190 2969//2969
f 3865//3865 2970//2970 963//963
f 4189//4189 1532//1532 2970//2970
f 209//209 4189//4189 3865//3865
f 4473//4473 3867//3867 303//303
f 2974//2974 964//964 3867//3867
f 1702//1702 2974//2974 4473//4473
f 2972//2972 3866//3866 964//964
f 4187//4187 209//209 3866//3866
f 1531//1531 4187//4187 2972//2972
f 4472//4472 2973//2973 1702//1702
f 4186//4186 1531//1531 2973//2973
f 21//21 4186//4186 4472//4472
f 310//310 62//62 2453//2453
f 320//320 321//321 4481//4481
f 1078//1078 4482//4482 1726//1726
f 4482//4482 1078//1078 3909//3909
f 338//338 2977//2977 339//339
f 4482//4482 339//339 2977//2977
f 2493//2493 2491//2491 1726//1726
f 2493//2493 1722//1722 2491//2491
f 1074//1074 4483//4483 1727//1727
f 4483//4483 1074//1074 3906//3906
f 340//340 4483//4483 3906//3906
f 67//67 1727//1727 2491//2491
f 3910//3910 4484//4484 1728//1728
f 2980//2980 1728//1728 4484//4484
f 341//341 4484//4484 342//342
f 3910//3910 342//342 4484//4484
f 1077//1077 4485//4485 1728//1728
f 1722//1722 4485//4485 69//69
f 2490//2490 69//69 4485//4485
f 67//67 968//968 2488//2488
f 1076//1076 345//345 2489//2489
f 1068//1068 4486//4486 1737//1737
f 4486//4486 1068//1068 3903//3903
f 350//350 4486//4486 351//351
f 4486//4486 350//350 2984//2984
f 1738//1738 4487//4487 1737//1737
f 4488//4488 4487//4487 71//71
f 3043//3043 71//71 4487//4487
f 1066//1066 1739//1739 4488//4488
f 1739//1739 4489//4489 3902//3902
f 352//352 4489//4489 2986//2986
f 1741//1741 4490//4490 1740//1740
f 353//353 4491//4491 354//354
f 4491//4491 353//353 4490//4490
f 71//71 2486//2486 73//73
f 2486//2486 71//71 1740//1740
f 2485//2485 2989//2989 1744//1744
f 2989//2989 2485//2485 4492//4492
f 3036//3036 3901//3901 357//357
f 3901//3901 3036//3036 4492//4492
f 73//73 1065//1065 358//358
f 1065//1065 73//73 1744//1744
f 2991//2991 358//358 4493//4493
f 358//358 2991//2991 72//72
f 1745//1745 3035//3035 4494//4494
f 3035//3035 359//359 4494//4494
f 1750//1750 376//376 4496//4496
f 2482//2482 2994//2994 4497//4497
f 1772//1772 4497//4497 2994//2994
f 2996//2996 85//85 4497//4497
f 84//84 4497//4497 85//85
f 3898//3898 2481//2481 4498//4498
f 1772//1772 4498//4498 2481//2481
f 2995//2995 388//388 4498//4498
f 388//388 2995//2995 389//389
f 2998//2998 1007//1007 1773//1773
f 85//85 1773//1773 1007//1007
f 390//390 1046//1046 4499//4499
f 1773//1773 4499//4499 1046//1046
f 390//390 4499//4499 391//391
f 2479//2479 4500//4500 2480//2480
f 84//84 2480//2480 4500//4500
f 3001//3001 4500//4500 3000//3000
f 1047//1047 3000//3000 4500//4500
f 392//392 3900//3900 3000//3000
f 1045//1045 997//997 1007//1007
f 1776//1776 393//393 4501//4501
f 395//395 396//396 4502//4502
f 86//86 4517//4517 4503//4503
f 1783//1783 1782//1782 4503//4503
f 3893//3893 1040//1040 4504//4504
f 1782//1782 4504//4504 1040//1040
f 3009//3009 400//400 4504//4504
f 399//399 4504//4504 400//400
f 1784//1784 1039//1039 3892//3892
f 401//401 1784//1784 3892//3892
f 1036//1036 4505//4505 1784//1784
f 3010//3010 1784//1784 4505//4505
f 86//86 4505//4505 87//87
f 2474//2474 87//87 4505//4505
f 2475//2475 4517//4517 89//89
f 4517//4517 2475//2475 4506//4506
f 4508//4508 403//403 402//402
f 403//403 4508//4508 4507//4507
f 3012//3012 4507//4507 4506//4506
f 1785//1785 4506//4506 4507//4507
f 2473//2473 89//89 90//90
f 89//89 2473//2473 4509//4509
f 4509//4509 1033//1033 1788//1788
f 3891//3891 3021//3021 406//406
f 3021//3021 3891//3891 4510//4510
f 3014//3014 1038//1038 1788//1788
f 1038//1038 3014//3014 4510//4510
f 3020//3020 407//407 88//88
f 407//407 3020//3020 4511//4511
f 407//407 4511//4511 1026//1026
f 1026//1026 90//90 407//407
f 90//90 1026//1026 1034//1034
f 3018//3018 408//408 409//409
f 408//408 3018//3018 4512//4512
f 408//408 4512//4512 1789//1789
f 3017//3017 4513//4513 92//92
f 410//410 92//92 4513//4513
f 410//410 4513//4513 1032//1032
f 4661//4661 410//410 1031//1031
f 4661//4661 1031//1031 1024//1024
f 3015//3015 4514//4514 409//409
f 404//404 409//409 4514//4514
f 404//404 4514//4514 1787//1787
f 1025//1025 92//92 2471//2471
f 1021//1021 2471//2471 2470//2470
f 2472//2472 403//403 3889//3889
f 399//399 1020//1020 3885//3885
f 3109//3109 3024//3024 2468//2468
f 1019//1019 1041//1041 91//91
f 411//411 91//91 1041//1041
f 4663//4663 411//411 1041//1041
f 3008//3008 4515//4515 400//400
f 402//402 400//400 4515//4515
f 4508//4508 4515//4515 1785//1785
f 1783//1783 1785//1785 4515//4515
f 1776//1776 4516//4516 1798//1798
f 390//390 4501//4501 394//394
f 4501//4501 390//390 4516//4516
f 88//88 2467//2467 87//87
f 2467//2467 88//88 1798//1798
f 3031//3031 4517//4517 4518//4518
f 1013//1013 4518//4518 4517//4517
f 4502//4502 392//392 395//395
f 392//392 4502//4502 4518//4518
f 388//388 4519//4519 391//391
f 1011//1011 391//391 4519//4519
f 1010//1010 4520//4520 4519//4519
f 87//87 4520//4520 86//86
f 2465//2465 86//86 4520//4520
f 2464//2464 1009//1009 4517//4517
f 1799//1799 4517//4517 1009//1009
f 3883//3883 1014//1014 4521//4521
f 1799//1799 4521//4521 1014//1014
f 3033//3033 3900//3900 4521//4521
f 3900//3900 3033//3033 389//389
f 414//414 1750//1750 4496//4496
f 76//76 4522//4522 415//415
f 4522//4522 3035//3035 4523//4523
f 2992//2992 78//78 4523//4523
f 415//415 4523//4523 78//78
f 1743//1743 2991//2991 4524//4524
f 2991//2991 3035//3035 4524//4524
f 356//356 4524//4524 3035//3035
f 78//78 994//994 2463//2463
f 3039//3039 75//75 2459//2459
f 416//416 991//991 1069//1069
f 2460//2460 74//74 1069//1069
f 416//416 1069//1069 74//74
f 4491//4491 1741//1741 4525//4525
f 1738//1738 4525//4525 1741//1741
f 2985//2985 350//350 4525//4525
f 354//354 4525//4525 350//350
f 2455//2455 72//72 70//70
f 72//72 2455//2455 4526//4526
f 3906//3906 343//343 4527//4527
f 1730//1730 4526//4526 4527//4527
f 341//341 1733//1733 347//347
f 1733//1733 341//341 4528//4528
f 984//984 4529//4529 4528//4528
f 3045//3045 4528//4528 4529//4529
f 73//73 2458//2458 71//71
f 2458//2458 73//73 4529//4529
f 2454//2454 4530//4530 4488//4488
f 70//70 4488//4488 4530//4530
f 3871//3871 4531//4531 340//340
f 339//339 340//340 4531//4531
f 2456//2456 4530//4530 4531//4531
f 983//983 4532//4532 4533//4533
f 4532//4532 983//983 3872//3872
f 338//338 4532//4532 342//342
f 4533//4533 3049//3049 4488//4488
f 71//71 4533//4533 4488//4488
f 4533//4533 71//71 3048//3048
f 320//320 4481//4481 418//418
f 1812//1812 424//424 1094//1094
f 1095//1095 93//93 2494//2494
f 1262//1262 1814//1814 3244//3244
f 3912//3912 426//426 1262//1262
f 1816//1816 1815//1815 3912//3912
f 427//427 1816//1816 3912//3912
f 4535//4535 427//427 3054//3054
f 4536//4536 4535//4535 1818//1818
f 4536//4536 3055//3055 1097//1097
f 429//429 1097//1097 3056//3056
f 4537//4537 1097//1097 1820//1820
f 1820//1820 1097//1097 428//428
f 3057//3057 428//428 1097//1097
f 428//428 3057//3057 472//472
f 4539//4539 1821//1821 4537//4537
f 2495//2495 4540//4540 1821//1821
f 2495//2495 430//430 4540//4540
f 431//431 2495//2495 4539//4539
f 2495//2495 4541//4541 430//430
f 2495//2495 1822//1822 4541//4541
f 3058//3058 3053//3053 1822//1822
f 1823//1823 4542//4542 3058//3058
f 4543//4543 1823//1823 3060//3060
f 1825//1825 3060//3060 431//431
f 1824//1824 4543//4543 3060//3060
f 4545//4545 3059//3059 1825//1825
f 4544//4544 1824//1824 3059//3059
f 94//94 4544//4544 4545//4545
f 4547//4547 4546//4546 3053//3053
f 3061//3061 4548//4548 4546//4546
f 3913//3913 432//432 4548//4548
f 3062//3062 1826//1826 432//432
f 3062//3062 4549//4549 1826//1826
f 4550//4550 4535//4535 4549//4549
f 433//433 4550//4550 3914//3914
f 4551//4551 433//433 3914//3914
f 3445//3445 4551//4551 3914//3914
f 439//439 3915//3915 1833//1833
f 1255//1255 2524//2524 1833//1833
f 1834//1834 1255//1255 3915//3915
f 74//74 1834//1834 439//439
f 3985//3985 440//440 2520//2520
f 442//442 3916//3916 3985//3985
f 1254//1254 97//97 3916//3916
f 441//441 1254//1254 1100//1100
f 1835//1835 441//441 3063//3063
f 77//77 1835//1835 4552//4552
f 443//443 2524//2524 1101//1101
f 1846//1846 443//443 2522//2522
f 1837//1837 1836//1836 4553//4553
f 444//444 3064//3064 3238//3238
f 451//451 1838//1838 3067//3067
f 98//98 3067//3067 1250//1250
f 2521//2521 1102//1102 1846//1846
f 446//446 1846//1846 1102//1102
f 1102//1102 451//451 446//446
f 1840//1840 1102//1102 3235//3235
f 4555//4555 3071//3071 447//447
f 1102//1102 447//447 3071//3071
f 3070//3070 3235//3235 1102//1102
f 1104//1104 1829//1829 1847//1847
f 1848//1848 1829//1829 1103//1103
f 1849//1849 4556//4556 3075//3075
f 4557//4557 457//457 4556//4556
f 457//457 4557//4557 456//456
f 99//99 1850//1850 2496//2496
f 1850//1850 1106//1106 2496//2496
f 2496//2496 1829//1829 99//99
f 1829//1829 2496//2496 4558//4558
f 4559//4559 4558//4558 1851//1851
f 1105//1105 1851//1851 4558//4558
f 4561//4561 458//458 3076//3076
f 458//458 4561//4561 4560//4560
f 458//458 4560//4560 1852//1852
f 1853//1853 1852//1852 4560//4560
f 1107//1107 1848//1848 1854//1854
f 1855//1855 1848//1848 1107//1107
f 1857//1857 1856//1856 4563//4563
f 459//459 460//460 4563//4563
f 1859//1859 99//99 4568//4568
f 99//99 1859//1859 1858//1858
f 4565//4565 462//462 461//461
f 462//462 4565//4565 4564//4564
f 4564//4564 1860//1860 1858//1858
f 4567//4567 1861//1861 4566//4566
f 100//100 4566//4566 4568//4568
f 4570//4570 1862//1862 4569//4569
f 4571//4571 4569//4569 1862//1862
f 4571//4571 463//463 4569//4569
f 464//464 4569//4569 463//463
f 1864//1864 4572//4572 1863//1863
f 465//465 4573//4573 466//466
f 4573//4573 465//465 4572//4572
f 1865//1865 3086//3086 1863//1863
f 3086//3086 1865//1865 4574//4574
f 4575//4575 4562//4562 4574//4574
f 4577//4577 1112//1112 4576//4576
f 1112//1112 4577//4577 1866//1866
f 1867//1867 4576//4576 1112//1112
f 4578//4578 4575//4575 4576//4576
f 4575//4575 4578//4578 100//100
f 4580//4580 1868//1868 4579//4579
f 1868//1868 4580//4580 1869//1869
f 4581//4581 468//468 4579//4579
f 468//468 4581//4581 467//467
f 2501//2501 477//477 471//471
f 3445//3445 1116//1116 472//472
f 3925//3925 3924//3924 3445//3445
f 1876//1876 4584//4584 1875//1875
f 1878//1878 3092//3092 1874//1874
f 490//490 491//491 3213//3213
f 506//506 1126//1126 111//111
f 504//504 111//111 1126//1126
f 4587//4587 504//504 1125//1125
f 1893//1893 4588//4588 4587//4587
f 505//505 4589//4589 1125//1125
f 1894//1894 1126//1126 506//506
f 1127//1127 1126//1126 4590//4590
f 3093//3093 1894//1894 1896//1896
f 3096//3096 3926//3926 1895//1895
f 507//507 1895//1895 3926//3926
f 508//508 3096//3096 1896//1896
f 3926//3926 3095//3095 507//507
f 4591//4591 507//507 3095//3095
f 1897//1897 4150//4150 4591//4591
f 3094//3094 3926//3926 4592//4592
f 4594//4594 4593//4593 3096//3096
f 3926//3926 3096//3096 4593//4593
f 4646//4646 4594//4594 508//508
f 3096//3096 508//508 4594//4594
f 4597//4597 3097//3097 509//509
f 4596//4596 4595//4595 1898//1898
f 1899//1899 4596//4596 3097//3097
f 1129//1129 3098//3098 510//510
f 1902//1902 4598//4598 1901//1901
f 511//511 4599//4599 1129//1129
f 1903//1903 511//511 4597//4597
f 113//113 1903//1903 512//512
f 1905//1905 3202//3202 1904//1904
f 3202//3202 1905//1905 4600//4600
f 513//513 4601//4601 514//514
f 4601//4601 513//513 4600//4600
f 1130//1130 3200//3200 1906//1906
f 3200//3200 1130//1130 4602//4602
f 3102//3102 4602//4602 1130//1130
f 4646//4646 115//115 4602//4602
f 523//523 1912//1912 3928//3928
f 1913//1913 523//523 3104//3104
f 91//91 1913//1913 3198//3198
f 526//526 3105//3105 1211//1211
f 525//525 3959//3959 3105//3105
f 2471//2471 3195//3195 526//526
f 1209//1209 534//534 1205//1205
f 1208//1208 3112//3112 1914//1914
f 118//118 1914//1914 3113//3113
f 1917//1917 1916//1916 4603//4603
f 528//528 529//529 3193//3193
f 3194//3194 530//530 118//118
f 530//530 3194//3194 3116//3116
f 3929//3929 1919//1919 530//530
f 3929//3929 1205//1205 1919//1919
f 1205//1205 3929//3929 1210//1210
f 1210//1210 3929//3929 3961//3961
f 1921//1921 1136//1136 1918//1918
f 1136//1136 1921//1921 3117//3117
f 3117//3117 531//531 1136//1136
f 531//531 3117//3117 4604//4604
f 4605//4605 1920//1920 1921//1921
f 1920//1920 4605//4605 3197//3197
f 4606//4606 521//521 116//116
f 521//521 4606//4606 3118//3118
f 3118//3118 519//519 521//521
f 4607//4607 3118//3118 3119//3119
f 544//544 4609//4609 4608//4608
f 1928//1928 4610//4610 4608//4608
f 1139//1139 519//519 4611//4611
f 1929//1929 519//519 1139//1139
f 1929//1929 545//545 519//519
f 4613//4613 3123//3123 4612//4612
f 3124//3124 4612//4612 3123//3123
f 4614//4614 547//547 4612//4612
f 547//547 4614//4614 546//546
f 541//541 4615//4615 1140//1140
f 1140//1140 116//116 541//541
f 548//548 4617//4617 4616//4616
f 1930//1930 4618//4618 4616//4616
f 549//549 4620//4620 550//550
f 4620//4620 549//549 4619//4619
f 1932//1932 4621//4621 4619//4619
f 121//121 545//545 4621//4621
f 4622//4622 4623//4623 121//121
f 4622//4622 1144//1144 4623//4623
f 1143//1143 1933//1933 4623//4623
f 4625//4625 4624//4624 552//552
f 551//551 552//552 4624//4624
f 4626//4626 4624//4624 1934//1934
f 1935//1935 1934//1934 4624//4624
f 4628//4628 541//541 122//122
f 541//541 4628//4628 4627//4627
f 4627//4627 4628//4628 1936//1936
f 4630//4630 3936//3936 553//553
f 3936//3936 4630//4630 4629//4629
f 4629//4629 1937//1937 1936//1936
f 4631//4631 1938//1938 1148//1148
f 4631//4631 122//122 4623//4623
f 4632//4632 1147//1147 1939//1939
f 1147//1147 4632//4632 4631//4631
f 4634//4634 554//554 555//555
f 554//554 4634//4634 4633//4633
f 4635//4635 1941//1941 1940//1940
f 1941//1941 4635//4635 4633//4633
f 1153//1153 1947//1947 1959//1959
f 557//557 472//472 1152//1152
f 1948//1948 557//557 3141//3141
f 94//94 1948//1948 4637//4637
f 1956//1956 94//94 3142//3142
f 560//560 1956//1956 3142//3142
f 569//569 130//130 3143//3143
f 1962//1962 569//569 3143//3143
f 1166//1166 571//571 2506//2506
f 1967//1967 572//572 3169//3169
f 1978//1978 3165//3165 1979//1979
f 4641//4641 3145//3145 3937//3937
f 4640//4640 3937//3937 3145//3145
f 3937//3937 4640//4640 588//588
f 3937//3937 1980//1980 4641//4641
f 1980//1980 3937//3937 3146//3146
f 111//111 3146//3146 506//506
f 506//506 3146//3146 1894//1894
f 4642//4642 1894//1894 3146//3146
f 1894//1894 4642//4642 1896//1896
f 589//589 2287//2287 4643//4643
f 2507//2507 4643//4643 590//590
f 2507//2507 1981//1981 4644//4644
f 1896//1896 3938//3938 508//508
f 2507//2507 4645//4645 1982//1982
f 3147//3147 508//508 3939//3939
f 4646//4646 508//508 3148//3148
f 1984//1984 1983//1983 3160//3160
f 592//592 3150//3150 1984//1984
f 1986//1986 112//112 3149//3149
f 591//591 1986//1986 3150//3150
f 1987//1987 591//591 3150//3150
f 105//105 1987//1987 4647//4647
f 593//593 4648//4648 1988//1988
f 593//593 3151//3151 2508//2508
f 4649//4649 2508//2508 3152//3152
f 2508//2508 4649//4649 594//594
f 3940//3940 3154//3154 4650//4650
f 3154//3154 3940//3940 1169//1169
f 1990//1990 1170//1170 3941//3941
f 3153//3153 1989//1989 115//115
f 4651//4651 1989//1989 3153//3153
f 1989//1989 4651//4651 112//112
f 1991//1991 4650//4650 3154//3154
f 4650//4650 1991//1991 4652//4652
f 3157//3157 593//593 4652//4652
f 133//133 4653//4653 595//595
f 595//595 1992//1992 134//134
f 1992//1992 595//595 4653//4653
f 4654//4654 115//115 2509//2509
f 1991//1991 3155//3155 1172//1172
f 4654//4654 1172//1172 3155//3155
f 4655//4655 3157//3157 4656//4656
f 1992//1992 3156//3156 1993//1993
f 4655//4655 1993//1993 3156//3156
f 1171//1171 4646//4646 1994//1994
f 1990//1990 1985//1985 4651//4651
f 594//594 3944//3944 1990//1990
f 3945//3945 1983//1983 3944//3944
f 596//596 1995//1995 3945//3945
f 1988//1988 3945//3945 4649//4649
f 1996//1996 596//596 3161//3161
f 133//133 1996//1996 4648//4648
f 592//592 1997//1997 4647//4647
f 2510//2510 597//597 3162//3162
f 1173//1173 1998//1998 3946//3946
f 3160//3160 1998//1998 3163//3163
f 1994//1994 4646//4646 1982//1982
f 1174//1174 4656//4656 3159//3159
f 1174//1174 4645//4645 590//590
f 1174//1174 1993//1993 4656//4656
f 1993//1993 1174//1174 3164//3164
f 3164//3164 134//134 1993//1993
f 134//134 3164//3164 1999//1999
f 4643//4643 3164//3164 3947//3947
f 2287//2287 1999//1999 3164//3164
f 4642//4642 1981//1981 1896//1896
f 1176//1176 589//589 4644//4644
f 1176//1176 4642//4642 588//588
f 2287//2287 2511//2511 598//598
f 4640//4640 1175//1175 3948//3948
f 1175//1175 4640//4640 1979//1979
f 3165//3165 598//598 2511//2511
f 1977//1977 1980//1980 111//111
f 587//587 1177//1177 3166//3166
f 3168//3168 1978//1978 4641//4641
f 2000//2000 3165//3165 3167//3167
f 1971//1971 1966//1966 1186//1186
f 3171//3171 4657//4657 573//573
f 569//569 573//573 4657//4657
f 3172//3172 494//494 1971//1971
f 600//600 494//494 3172//3172
f 2001//2001 600//600 3143//3143
f 3950//3950 2002//2002 3173//3173
f 4638//4638 3950//3950 4639//4639
f 2003//2003 128//128 3950//3950
f 127//127 2003//2003 4638//4638
f 4636//4636 3174//3174 4637//4637
f 601//601 127//127 3174//3174
f 2004//2004 601//601 3174//3174
f 3139//3139 2005//2005 128//128
f 2005//2005 3139//3139 3175//3175
f 3175//3175 2006//2006 2005//2005
f 4634//4634 3175//3175 1941//1941
f 3175//3175 4634//4634 3951//3951
f 3175//3175 126//126 2006//2006
f 126//126 3175//3175 3134//3134
f 1934//1934 3951//3951 4626//4626
f 3951//3951 555//555 3176//3176
f 3176//3176 551//551 3951//3951
f 551//551 3176//3176 3132//3132
f 4623//4623 1933//1933 1938//1938
f 2504//2504 3178//3178 127//127
f 2003//2003 127//127 3178//3178
f 3936//3936 3953//3953 1145//1145
f 3179//3179 3140//3140 2003//2003
f 128//128 2003//2003 3140//3140
f 3952//3952 4635//4635 3953//3953
f 1940//1940 3953//3953 4635//4635
f 3135//3135 3180//3180 3936//3936
f 1193//1193 3936//3936 3180//3180
f 3180//3180 3138//3138 1193//1193
f 554//554 1193//1193 3138//3138
f 1939//1939 4628//4628 4632//4632
f 3133//3133 3181//3181 126//126
f 1957//1957 126//126 3181//3181
f 4625//4625 3954//3954 1935//1935
f 3181//3181 1935//1935 3954//3954
f 3181//3181 2503//2503 1957//1957
f 125//125 1957//1957 2503//2503
f 3954//3954 3932//3932 3181//3181
f 1142//1142 3181//3181 3932//3932
f 3129//3129 3182//3182 552//552
f 1194//1194 552//552 3182//3182
f 3182//3182 3128//3128 1194//1194
f 549//549 1194//1194 3128//3128
f 1932//1932 4622//4622 121//121
f 2502//2502 1950//1950 125//125
f 1950//1950 2502//2502 3183//3183
f 3930//3930 2512//2512 1141//1141
f 2512//2512 124//124 1950//1950
f 124//124 2512//2512 3124//3124
f 3124//3124 2512//2512 4614//4614
f 4620//4620 1195//1195 550//550
f 1195//1195 4620//4620 3184//3184
f 3184//3184 546//546 1195//1195
f 546//546 3184//3184 3122//3122
f 3126//3126 3185//3185 1959//1959
f 2004//2004 1959//1959 3185//3185
f 601//601 2004//2004 3956//3956
f 4617//4617 3957//3957 1930//1930
f 1197//1197 1930//1930 3957//3957
f 3955//3955 3187//3187 601//601
f 3186//3186 2505//2505 601//601
f 127//127 601//601 2505//2505
f 3957//3957 3935//3935 1196//1196
f 1146//1146 1196//1196 3935//3935
f 4615//4615 3188//3188 4617//4617
f 553//553 3188//3188 4630//4630
f 1937//1937 4615//4615 3136//3136
f 3123//3123 1944//1944 124//124
f 1944//1944 3123//3123 1199//1199
f 1199//1199 1942//1942 1944//1944
f 4613//4613 1199//1199 3123//3123
f 3120//3120 1198//1198 547//547
f 1198//1198 3120//3120 3190//3190
f 3189//3189 544//544 1198//1198
f 544//544 3189//3189 3119//3119
f 3119//3119 4611//4611 4607//4607
f 1928//1928 3191//3191 123//123
f 1959//1959 123//123 3191//3191
f 4609//4609 2513//2513 1928//1928
f 3191//3191 3127//3127 1959//1959
f 4606//4606 2513//2513 4609//4609
f 548//548 2513//2513 3125//3125
f 4605//4605 410//410 4661//4661
f 410//410 4605//4605 2514//2514
f 2514//2514 1921//1921 1207//1207
f 2514//2514 92//92 410//410
f 3115//3115 1207//1207 1916//1916
f 1207//1207 3115//3115 2514//2514
f 528//528 1918//1918 4658//4658
f 1918//1918 3113//3113 4658//4658
f 1917//1917 4659//4659 4660//4660
f 525//525 4603//4603 529//529
f 4603//4603 525//525 4659//4659
f 92//92 3195//3195 2471//2471
f 3195//3195 92//92 4660//4660
f 4661//4661 3196//3196 2008//2008
f 4604//4604 527//527 531//531
f 527//527 4604//4604 4662//4662
f 4662//4662 1920//1920 2008//2008
f 2471//2471 2009//2009 4663//4663
f 1915//1915 3962//3962 3108//3108
f 606//606 3201//3201 113//113
f 513//513 3101//3101 605//605
f 4664//4664 605//605 3101//3101
f 2012//2012 4665//4665 1906//1906
f 4664//4664 1906//1906 4665//4665
f 114//114 3099//3099 606//606
f 3201//3201 606//606 3099//3099
f 1989//1989 3205//3205 115//115
f 2012//2012 115//115 3205//3205
f 3205//3205 3964//3964 2012//2012
f 4665//4665 2012//2012 3964//3964
f 2011//2011 605//605 3203//3203
f 1902//1902 4599//4599 3205//3205
f 3965//3965 3205//3205 4599//4599
f 112//112 4598//4598 1989//1989
f 3204//3204 1989//1989 4598//4598
f 1986//1986 3206//3206 112//112
f 591//591 1218//1218 1986//1986
f 1218//1218 3207//3207 510//510
f 1899//1899 4597//4597 1900//1900
f 1987//1987 1218//1218 591//591
f 105//105 4595//4595 1987//1987
f 2013//2013 3208//3208 114//114
f 3100//3100 114//114 3208//3208
f 4601//4601 1905//1905 3966//3966
f 607//607 1220//1220 2013//2013
f 1219//1219 3209//3209 514//514
f 3102//3102 514//514 3209//3209
f 4646//4646 3102//3102 4594//4594
f 4592//4592 4593//4593 1219//1219
f 3209//3209 1219//1219 4593//4593
f 4150//4150 1220//1220 607//607
f 1897//1897 4592//4592 1220//1220
f 3966//3966 1220//1220 4592//4592
f 3968//3968 1221//1221 4591//4591
f 608//608 3968//3968 4150//4150
f 4590//4590 1896//1896 1895//1895
f 505//505 4590//4590 1221//1221
f 2014//2014 3211//3211 608//608
f 3968//3968 608//608 3211//3211
f 1893//1893 4589//4589 3211//3211
f 3967//3967 3211//3211 4589//4589
f 3210//3210 2014//2014 4588//4588
f 2015//2015 4587//4587 4588//4588
f 3969//3969 504//504 4587//4587
f 609//609 3969//3969 3212//3212
f 1891//1891 111//111 504//504
f 503//503 1891//1891 3969//3969
f 1123//1123 503//503 3969//3969
f 494//494 4666//4666 1885//1885
f 2001//2001 3214//3214 4667//4667
f 3214//3214 490//490 4667//4667
f 600//600 4667//4667 490//490
f 2018//2018 3215//3215 104//104
f 1228//1228 3970//3970 2017//2017
f 1877//1877 4586//4586 2019//2019
f 4585//4585 1877//1877 3216//3216
f 1876//1876 4585//4585 2517//2517
f 3218//3218 3971//3971 1875//1875
f 1230//1230 3217//3217 474//474
f 4582//4582 4583//4583 1230//1230
f 477//477 4582//4582 3218//3218
f 3084//3084 3973//3973 103//103
f 613//613 103//103 3973//3973
f 4570//4570 2518//2518 1862//1862
f 1235//1235 1862//1862 2518//2518
f 3219//3219 3090//3090 613//613
f 104//104 613//613 3090//3090
f 3974//3974 4581//4581 1233//1233
f 1868//1868 1233//1233 4581//4581
f 3081//3081 3220//3220 464//464
f 1234//1234 464//464 3220//3220
f 3220//3220 467//467 1234//1234
f 4567//4567 4578//4578 1861//1861
f 1867//1867 1861//1861 4578//4578
f 3089//3089 2018//2018 104//104
f 2018//2018 3089//3089 3221//3221
f 4580//4580 1238//1238 1869//1869
f 1238//1238 4580//4580 1237//1237
f 3221//3221 4584//4584 2018//2018
f 4584//4584 3221//3221 2500//2500
f 1237//1237 1111//1111 1236//1236
f 1111//1111 1237//1237 465//465
f 1866//1866 1237//1237 468//468
f 1237//1237 1866//1866 3222//3222
f 3222//3222 465//465 1237//1237
f 465//465 3222//3222 3088//3088
f 4577//4577 1865//1865 1866//1866
f 1865//1865 4577//4577 4575//4575
f 2497//2497 1879//1879 102//102
f 1879//1879 2497//2497 3223//3223
f 3223//3223 475//475 1879//1879
f 475//475 3223//3223 3976//3976
f 3920//3920 1241//1241 1108//1108
f 1241//1241 3920//3920 3978//3978
f 3975//3975 103//103 475//475
f 103//103 3224//3224 3085//3085
f 3977//3977 4571//4571 1239//1239
f 3080//3080 1240//1240 462//462
f 1240//1240 3080//3080 3226//3226
f 3225//3225 463//463 1240//1240
f 463//463 3225//3225 3083//3083
f 3083//3083 1859//1859 4568//4568
f 4561//4561 3979//3979 1853//1853
f 1243//1243 1853//1853 3979//3979
f 3227//3227 2498//2498 1871//1871
f 102//102 1871//1871 2498//2498
f 3979//3979 3919//3919 1242//1242
f 1109//1109 1242//1242 3919//3919
f 3979//3979 3076//3076 3228//3228
f 3228//3228 4565//4565 3979//3979
f 461//461 3979//3979 4565//4565
f 2499//2499 2020//2020 4584//4584
f 2020//2020 2499//2499 3981//3981
f 3922//3922 3981//3981 1110//1110
f 3981//3981 3922//3922 3980//3980
f 2020//2020 3980//3980 477//477
f 1856//1856 3980//3980 459//459
f 4573//4573 1244//1244 466//466
f 459//459 1244//1244 1855//1855
f 3087//3087 1855//1855 1864//1864
f 1855//1855 3087//3087 4562//4562
f 3075//3075 3229//3229 101//101
f 469//469 101//101 3229//3229
f 3229//3229 3230//3230 469//469
f 3227//3227 469//469 3230//3230
f 3230//3230 1852//1852 3227//3227
f 3229//3229 458//458 3230//3230
f 1852//1852 3230//3230 458//458
f 3072//3072 3231//3231 457//457
f 1245//1245 457//457 3231//3231
f 3231//3231 3077//3077 1245//1245
f 458//458 1245//1245 3077//3077
f 1829//1829 4559//4559 1847//1847
f 1851//1851 1847//1847 4559//4559
f 3232//3232 101//101 477//477
f 3982//3982 1849//1849 1246//1246
f 1849//1849 3982//3982 4557//4557
f 3078//3078 1247//1247 460//460
f 1247//1247 3078//3078 3234//3234
f 3233//3233 456//456 1247//1247
f 456//456 3233//3233 3074//3074
f 3068//3068 1249//1249 4668//4668
f 1249//1249 3068//3068 445//445
f 78//78 4668//4668 415//415
f 1841//1841 4668//4668 1248//1248
f 1841//1841 415//415 4668//4668
f 415//415 1841//1841 76//76
f 1838//1838 1840//1840 4669//4669
f 3235//3235 445//445 4669//4669
f 4552//4552 78//78 77//77
f 78//78 4552//4552 4670//4670
f 78//78 4670//4670 2021//2021
f 442//442 4554//4554 4671//4671
f 442//442 4671//4671 2021//2021
f 3237//3237 4672//4672 2022//2022
f 444//444 4555//4555 447//447
f 4555//4555 444//444 4672//4672
f 76//76 3066//3066 75//75
f 3066//3066 76//76 2022//2022
f 1834//1834 1837//1837 4553//4553
f 1259//1259 614//614 3445//3445
f 3239//3239 94//94 614//614
f 94//94 3239//3239 4544//4544
f 3987//3987 1824//1824 434//434
f 1824//1824 3987//3987 4543//4543
f 3913//3913 1258//1258 434//434
f 1258//1258 3913//3913 3061//3061
f 3061//3061 4543//4543 1258//1258
f 4543//4543 3061//3061 1823//1823
f 4547//4547 1823//1823 3061//3061
f 1823//1823 4547//4547 4542//4542
f 1825//1825 1948//1948 4545//4545
f 1260//1260 557//557 3240//3240
f 428//428 472//472 1260//1260
f 1820//1820 428//428 3241//3241
f 4537//4537 1820//1820 4539//4539
f 1261//1261 3445//3445 472//472
f 3445//3445 1261//1261 4551//4551
f 1261//1261 429//429 3242//3242
f 3242//3242 433//433 1261//1261
f 433//433 3242//3242 4550//4550
f 4535//4535 4550//4550 1818//1818
f 4535//4535 1817//1817 4549//4549
f 1826//1826 4549//4549 1817//1817
f 3243//3243 1262//1262 432//432
f 1262//1262 3243//3243 3912//3912
f 1262//1262 3244//3244 4548//4548
f 3244//3244 425//425 4546//4546
f 3053//3053 4546//4546 425//425
f 425//425 3244//3244 1813//1813
f 1813//1813 3244//3244 93//93
f 1822//1822 3053//3053 4534//4534
f 3245//3245 430//430 4541//4541
f 430//430 3245//3245 3246//3246
f 3988//3988 1821//1821 4540//4540
f 1821//1821 3988//3988 1263//1263
f 3247//3247 4537//4537 1821//1821
f 4537//4537 3247//3247 1810//1810
f 3989//3989 1810//1810 3248//3248
f 1810//1810 3989//3989 422//422
f 3051//3051 1264//1264 3990//3990
f 1264//1264 3051//3051 1812//1812
f 3249//3249 422//422 3989//3989
f 422//422 3249//3249 1094//1094
f 1811//1811 1819//1819 4537//4537
f 3250//3250 4536//4536 1819//1819
f 427//427 4535//4535 3250//3250
f 1816//1816 427//427 3250//3250
f 3653//3653 618//618 135//135
f 3252//3252 2025//2025 4181//4181
f 2025//2025 3252//3252 618//618
f 4181//4181 3251//3251 615//615
f 3648//3648 135//135 137//137
f 135//135 3648//3648 4673//4673
f 3256//3256 3253//3253 3254//3254
f 3253//3253 3256//3256 4673//4673
f 4674//4674 617//617 616//616
f 617//617 4674//4674 3254//3254
f 2630//2630 1268//1268 4675//4675
f 1268//1268 2630//2630 3257//3257
f 2530//2530 2027//2027 4676//4676
f 2027//2027 2530//2530 1268//1268
f 3649//3649 618//618 4676//4676
f 618//618 3649//3649 137//137
f 2029//2029 2028//2028 4677//4677
f 3647//3647 620//620 4677//4677
f 620//620 3647//3647 619//619
f 2627//2627 3263//3263 138//138
f 139//139 138//138 3263//3263
f 2627//2627 2030//2030 3263//3263
f 621//621 3643//3643 4180//4180
f 3262//3262 4180//4180 2030//2030
f 3263//3263 2030//2030 4180//4180
f 4679//4679 4678//4678 2031//2031
f 622//622 4679//4679 623//623
f 4679//4679 622//622 4678//4678
f 1522//1522 4680//4680 2031//2031
f 3264//3264 2031//2031 4680//4680
f 140//140 2628//2628 138//138
f 2628//2628 140//140 4680//4680
f 1520//1520 624//624 3268//3268
f 624//624 1520//1520 4177//4177
f 3639//3639 141//141 3267//3267
f 1523//1523 141//141 139//139
f 141//141 1523//1523 4681//4681
f 4176//4176 626//626 625//625
f 626//626 4176//4176 4682//4682
f 3270//3270 1521//1521 4681//4681
f 1521//1521 3270//3270 4682//4682
f 628//628 4683//4683 627//627
f 3584//3584 627//627 4683//4683
f 2032//2032 4683//4683 2033//2033
f 136//136 4685//4685 655//655
f 4684//4684 655//655 4685//4685
f 2034//2034 4685//4685 2033//2033
f 3272//3272 2033//2033 4685//4685
f 4686//4686 3309//3309 1498//1498
f 4003//4003 2035//2035 3309//3309
f 4688//4688 4003//4003 4686//4686
f 4003//4003 4687//4687 2035//2035
f 4001//4001 629//629 4687//4687
f 630//630 4003//4003 4688//4688
f 4001//4001 4034//4034 629//629
f 4002//4002 1292//1292 4034//4034
f 4002//4002 2550//2550 1292//1292
f 1691//1691 39//39 2550//2550
f 297//297 1691//1691 4002//4002
f 2036//2036 4001//4001 630//630
f 22//22 297//297 2036//2036
f 2036//2036 4479//4479 22//22
f 3274//3274 1705//1705 4479//4479
f 3274//3274 4478//4478 1705//1705
f 2539//2539 304//304 4478//4478
f 630//630 3274//3274 2036//2036
f 2539//2539 4477//4477 304//304
f 2539//2539 1704//1704 4477//4477
f 2539//2539 4476//4476 1704//1704
f 2037//2037 26//26 4476//4476
f 4689//4689 2037//2037 2539//2539
f 4688//4688 4004//4004 630//630
f 2038//2038 4689//4689 4004//4004
f 4686//4686 3275//3275 4688//4688
f 4690//4690 2038//2038 3275//3275
f 1498//1498 4690//4690 4686//4686
f 4691//4691 4197//4197 24//24
f 3276//3276 1537//1537 4197//4197
f 2039//2039 3276//3276 4691//4691
f 1279//1279 4196//4196 1537//1537
f 1279//1279 212//212 4196//4196
f 1279//1279 4195//4195 212//212
f 3277//3277 1536//1536 4195//4195
f 3277//3277 4194//4194 1536//1536
f 4692//4692 23//23 4194//4194
f 2040//2040 4692//4692 3277//3277
f 4693//4693 2040//2040 1279//1279
f 631//631 4693//4693 2540//2540
f 4694//4694 2540//2540 2039//2039
f 4697//4697 3278//3278 4694//4694
f 4695//4695 631//631 2540//2540
f 2041//2041 4695//4695 2540//2540
f 4696//4696 2041//2041 3278//3278
f 662//662 4696//4696 4697//4697
f 4698//4698 4206//4206 26//26
f 4005//4005 1542//1542 4206//4206
f 2042//2042 4005//4005 4698//4698
f 4005//4005 4204//4204 1542//1542
f 3279//3279 1540//1540 4204//4204
f 3279//3279 4202//4202 1540//1540
f 4699//4699 25//25 4202//4202
f 4700//4700 4699//4699 3279//3279
f 632//632 4700//4700 4006//4006
f 4701//4701 4006//4006 2042//2042
f 4703//4703 3280//3280 4701//4701
f 4702//4702 632//632 3280//3280
f 142//142 4702//4702 4703//4703
f 3320//3320 4704//4704 671//671
f 3281//3281 2043//2043 4704//4704
f 2044//2044 3281//3281 3320//3320
f 4008//4008 3617//3617 2043//2043
f 4008//4008 633//633 3617//3617
f 4705//4705 3281//3281 2044//2044
f 634//634 4009//4009 4705//4705
f 4007//4007 4706//4706 633//633
f 3282//3282 2045//2045 4706//4706
f 3282//3282 3619//3619 2045//2045
f 4707//4707 28//28 3619//3619
f 2046//2046 4707//4707 3282//3282
f 4009//4009 3282//3282 4007//4007
f 3318//3318 4009//4009 634//634
f 2047//2047 4009//4009 3318//3318
f 662//662 3283//3283 2047//2047
f 4708//4708 2046//2046 3283//3283
f 4709//4709 4229//4229 25//25
f 1280//1280 1552//1552 4229//4229
f 2048//2048 1280//1280 4709//4709
f 1280//1280 4228//4228 1552//1552
f 1280//1280 219//219 4228//4228
f 1280//1280 4226//4226 219//219
f 3284//3284 2677//2677 4226//4226
f 4710//4710 2677//2677 3284//3284
f 635//635 4710//4710 1280//1280
f 4711//4711 4011//4011 2048//2048
f 3285//3285 1281//1281 4011//4011
f 2050//2050 3285//3285 4711//4711
f 3285//3285 4010//4010 1281//1281
f 2049//2049 635//635 4010//4010
f 4713//4713 3285//3285 2050//2050
f 4712//4712 2049//2049 3285//3285
f 143//143 4712//4712 4713//4713
f 4714//4714 4239//4239 29//29
f 3286//3286 1557//1557 4239//4239
f 2051//2051 3286//3286 4714//4714
f 4013//4013 4238//4238 1557//1557
f 4715//4715 4014//4014 2051//2051
f 3620//3620 28//28 4238//4238
f 2052//2052 3620//3620 3287//3287
f 636//636 2052//2052 4014//4014
f 4716//4716 4014//4014 4715//4715
f 2054//2054 3288//3288 4716//4716
f 3618//3618 636//636 4014//4014
f 2053//2053 3618//3618 3288//3288
f 4718//4718 3288//3288 2054//2054
f 4717//4717 2053//2053 3288//3288
f 2105//2105 4717//4717 4718//4718
f 3623//3623 4015//4015 2677//2677
f 1561//1561 2677//2677 4015//4015
f 4719//4719 4016//4016 3623//3623
f 4015//4015 3623//3623 4016//4016
f 4015//4015 4720//4720 1561//1561
f 4730//4730 1561//1561 4720//4720
f 4720//4720 4015//4015 4721//4721
f 3621//3621 3289//3289 4719//4719
f 4016//4016 4719//4719 3289//3289
f 3289//3289 4722//4722 4016//4016
f 637//637 4016//4016 4722//4722
f 678//678 4723//4723 2056//2056
f 2055//2055 2056//2056 4723//4723
f 3601//3601 3290//3290 30//30
f 1567//1567 30//30 3290//3290
f 4724//4724 4018//4018 2057//2057
f 3290//3290 2057//2057 4018//4018
f 3290//3290 4725//4725 1567//1567
f 29//29 1567//1567 4725//4725
f 4017//4017 4726//4726 3290//3290
f 2058//2058 3290//3290 4726//4726
f 3599//3599 3292//3292 639//639
f 1282//1282 639//639 3292//3292
f 3291//3291 4727//4727 1282//1282
f 638//638 1282//1282 4727//4727
f 4729//4729 4728//4728 2060//2060
f 2059//2059 2060//2060 4728//4728
f 4731//4731 1285//1285 2061//2061
f 1285//1285 4731//4731 4020//4020
f 3293//3293 31//31 4730//4730
f 31//31 3293//3293 3606//3606
f 4019//4019 2062//2062 1283//1283
f 2062//2062 4019//4019 4732//4732
f 4733//4733 1284//1284 641//641
f 640//640 1284//1284 2063//2063
f 2063//2063 2064//2064 4958//4958
f 3595//3595 3294//3294 4266//4266
f 4734//4734 4021//4021 2065//2065
f 3294//3294 3602//3602 4266//4266
f 30//30 4266//4266 3602//3602
f 2066//2066 4021//4021 642//642
f 2068//2068 3295//3295 643//643
f 4021//4021 643//643 3295//3295
f 3295//3295 3600//3600 4021//4021
f 642//642 4021//4021 3600//3600
f 4736//4736 4735//4735 2068//2068
f 2067//2067 2068//2068 4735//4735
f 3605//3605 33//33 31//31
f 33//33 3605//3605 1286//1286
f 4737//4737 1286//1286 2069//2069
f 1286//1286 4737//4737 4023//4023
f 33//33 1286//1286 4738//4738
f 4022//4022 2070//2070 1286//1286
f 2070//2070 4022//4022 4739//4739
f 3603//3603 3296//3296 644//644
f 4739//4739 3296//3296 2071//2071
f 4741//4741 2071//2071 2072//2072
f 2071//2071 4741//4741 4740//4740
f 3590//3590 4025//4025 2693//2693
f 1581//1581 2693//2693 4025//4025
f 230//230 1581//1581 4025//4025
f 646//646 4027//4027 3590//3590
f 4025//4025 3590//3590 4027//4027
f 3297//3297 3596//3596 230//230
f 4266//4266 230//230 3596//3596
f 4026//4026 4742//4742 4025//4025
f 2073//2073 4025//4025 4742//4742
f 2075//2075 3298//3298 646//646
f 1287//1287 646//646 3298//3298
f 3298//3298 3594//3594 1287//1287
f 645//645 1287//1287 3594//3594
f 4744//4744 4743//4743 2075//2075
f 2074//2074 2075//2075 4743//4743
f 4745//4745 1584//1584 33//33
f 1584//1584 4745//4745 3299//3299
f 4746//4746 3300//3300 2076//2076
f 3300//3300 4754//4754 1584//1584
f 4754//4754 3300//3300 4747//4747
f 4747//4747 3300//3300 4748//4748
f 3300//3300 648//648 3301//3301
f 3301//3301 647//647 3300//3300
f 2077//2077 4749//4749 2349//2349
f 4750//4750 4029//4029 36//36
f 1589//1589 36//36 4029//4029
f 234//234 1589//1589 4029//4029
f 649//649 1289//1289 4750//4750
f 4029//4029 4750//4750 1289//1289
f 4028//4028 3303//3303 234//234
f 2693//2693 234//234 3303//3303
f 4030//4030 4751//4751 1288//1288
f 2078//2078 1288//1288 4751//4751
f 2079//2079 3305//3305 649//649
f 1289//1289 649//649 3305//3305
f 3304//3304 3589//3589 1289//1289
f 3553//3553 4752//4752 2079//2079
f 2081//2081 4753//4753 2080//2080
f 650//650 2081//2081 651//651
f 2081//2081 650//650 4753//4753
f 2082//2082 3306//3306 2080//2080
f 3306//3306 2082//2082 4754//4754
f 4754//4754 4755//4755 36//36
f 2035//2035 4756//4756 2083//2083
f 4756//4756 2035//2035 4687//4687
f 652//652 4756//4756 629//629
f 2084//2084 4757//4757 2083//2083
f 4757//4757 2084//2084 3582//3582
f 1498//1498 4757//4757 2536//2536
f 2017//2017 3311//3311 104//104
f 2019//2019 4037//4037 2017//2017
f 653//653 4758//4758 3312//3312
f 2085//2085 4759//4759 4037//4037
f 3578//3578 2092//2092 4760//4760
f 2091//2091 4760//4760 2092//2092
f 3315//3315 147//147 4760//4760
f 145//145 4760//4760 147//147
f 4762//4762 2093//2093 4761//4761
f 2091//2091 4761//4761 2093//2093
f 658//658 4761//4761 659//659
f 4764//4764 2095//2095 4763//4763
f 2094//2094 4763//4763 2095//2095
f 3317//3317 145//145 4763//4763
f 146//146 4763//4763 145//145
f 4766//4766 2096//2096 4765//4765
f 2094//2094 4765//4765 2096//2096
f 660//660 4765//4765 661//661
f 4767//4767 662//662 2047//2047
f 4768//4768 662//662 4767//4767
f 662//662 4768//4768 146//146
f 4705//4705 2098//2098 4769//4769
f 2098//2098 4705//4705 2044//2044
f 4770//4770 634//634 4769//4769
f 634//634 4770//4770 663//663
f 3580//3580 2100//2100 4771//4771
f 2099//2099 4771//4771 2100//2100
f 3324//3324 142//142 4771//4771
f 147//147 4771//4771 142//142
f 4773//4773 2101//2101 4772//4772
f 2099//2099 4772//4772 2101//2101
f 664//664 4772//4772 665//665
f 2108//2108 4774//4774 674//674
f 2107//2107 674//674 4774//4774
f 2108//2108 2102//2102 4774//4774
f 675//675 2109//2109 676//676
f 3327//3327 2102//2102 2109//2109
f 3325//3325 2109//2109 2102//2102
f 677//677 2105//2105 1312//1312
f 4775//4775 2558//2558 2111//2111
f 1312//1312 2111//2111 2558//2558
f 1311//1311 3328//3328 677//677
f 1492//1492 677//677 3328//3328
f 2558//2558 4777//4777 1311//1311
f 4776//4776 1311//1311 4777//4777
f 4778//4778 3330//3330 4775//4775
f 2558//2558 4775//4775 3330//3330
f 3329//3329 4779//4779 2558//2558
f 4777//4777 2558//2558 4779//4779
f 4781//4781 4780//4780 2113//2113
f 2112//2112 2113//2113 4780//4780
f 4046//4046 3569//3569 2114//2114
f 3569//3569 1313//1313 678//678
f 2115//2115 678//678 1313//1313
f 3567//3567 3332//3332 4782//4782
f 2116//2116 4782//4782 3332//3332
f 679//679 680//680 4782//4782
f 4047//4047 2131//2131 2130//2130
f 2133//2133 2132//2132 4047//4047
f 2143//2143 3335//3335 2142//2142
f 3335//3335 3336//3336 699//699
f 2144//2144 2133//2133 699//699
f 700//700 4783//4783 3335//3335
f 2146//2146 4048//4048 2143//2143
f 2150//2150 3337//3337 2147//2147
f 701//701 3553//3553 2148//2148
f 2149//2149 701//701 3337//3337
f 1326//1326 3338//3338 706//706
f 2157//2157 4597//4597 2156//2156
f 2158//2158 4784//4784 1326//1326
f 2159//2159 3339//3339 707//707
f 4952//4952 2158//2158 2159//2159
f 4785//4785 2163//2163 710//710
f 709//709 4786//4786 710//710
f 4785//4785 710//710 4786//4786
f 113//113 2164//2164 606//606
f 3340//3340 606//606 2164//2164
f 2165//2165 4787//4787 3340//3340
f 606//606 3340//3340 114//114
f 2169//2169 3342//3342 2168//2168
f 3342//3342 2169//2169 4789//4789
f 154//154 153//153 4789//4789
f 714//714 4790//4790 715//715
f 4790//4790 714//714 2170//2170
f 2171//2171 4791//4791 2170//2170
f 154//154 3549//3549 155//155
f 3549//3549 154//154 4791//4791
f 155//155 3548//3548 1332//1332
f 1332//1332 153//153 155//155
f 2614//2614 1332//1332 1469//1469
f 3545//3545 716//716 717//717
f 716//716 3545//3545 4792//4792
f 3552//3552 2174//2174 2173//2173
f 2174//2174 3552//3552 4792//4792
f 718//718 4793//4793 719//719
f 3346//3346 3353//3353 4793//4793
f 1466//1466 159//159 157//157
f 159//159 1466//1466 4794//4794
f 3349//3349 4794//4794 2175//2175
f 1466//1466 2175//2175 4794//4794
f 4796//4796 3541//3541 720//720
f 3541//3541 4796//4796 4795//4795
f 4795//4795 2176//2176 2175//2175
f 2177//2177 160//160 3540//3540
f 160//160 2177//2177 3352//3352
f 1465//1465 3350//3350 4143//4143
f 3350//3350 1465//1465 3351//3351
f 722//722 1464//1464 723//723
f 1464//1464 722//722 2178//2178
f 1467//1467 3353//3353 2178//2178
f 156//156 4797//4797 2559//2559
f 4797//4797 156//156 4798//4798
f 2179//2179 4797//4797 2180//2180
f 724//724 4799//4799 725//725
f 4799//4799 724//724 3483//3483
f 2179//2179 4799//4799 2181//2181
f 4420//4420 2580//2580 57//57
f 3357//3357 1362//1362 2580//2580
f 1660//1660 3357//3357 4420//4420
f 3356//3356 4094//4094 1362//1362
f 2569//2569 726//726 4094//4094
f 4422//4422 4061//4061 1660//1660
f 277//277 4061//4061 4422//4422
f 3358//3358 4800//4800 726//726
f 3358//3358 2182//2182 4800//4800
f 3358//3358 3401//3401 2182//2182
f 2183//2183 2242//2242 3401//3401
f 727//727 2183//2183 3358//3358
f 1662//1662 2569//2569 277//277
f 2184//2184 727//727 2569//2569
f 4424//4424 3359//3359 1662//1662
f 4801//4801 2184//2184 3359//3359
f 40//40 4801//4801 4424//4424
f 4802//4802 4317//4317 41//41
f 3360//3360 1605//1605 4317//4317
f 2185//2185 3360//3360 4802//4802
f 4062//4062 4316//4316 1605//1605
f 4062//4062 242//242 4316//4316
f 728//728 4066//4066 2185//2185
f 1340//1340 4314//4314 242//242
f 3363//3363 1603//1603 4314//4314
f 3361//3361 4312//4312 1603//1603
f 4801//4801 40//40 4312//4312
f 2184//2184 4801//4801 3361//3361
f 4063//4063 3362//3362 1340//1340
f 727//727 2184//2184 4063//4063
f 4803//4803 4065//4065 728//728
f 4064//4064 1341//1341 4065//4065
f 2186//2186 4064//4064 4803//4803
f 2183//2183 727//727 4064//4064
f 2242//2242 3364//3364 2186//2186
f 4804//4804 4454//4454 59//59
f 3365//3365 1687//1687 4454//4454
f 2187//2187 3365//3365 4804//4804
f 3365//3365 4453//4453 1687//1687
f 4067//4067 294//294 4453//4453
f 3366//3366 4067//4067 3365//3365
f 4805//4805 3366//3366 2187//2187
f 1342//1342 4452//4452 294//294
f 1342//1342 1686//1686 4452//4452
f 1342//1342 4451//4451 1686//1686
f 2188//2188 44//44 4451//4451
f 729//729 2188//2188 4068//4068
f 4806//4806 4069//4069 4805//4805
f 2190//2190 3368//3368 4806//4806
f 4807//4807 729//729 3368//3368
f 2189//2189 4807//4807 3368//3368
f 4809//4809 3367//3367 2190//2190
f 4808//4808 2189//2189 3367//3367
f 2240//2240 4808//4808 4809//4809
f 4810//4810 1685//1685 47//47
f 4811//4811 4070//4070 4810//4810
f 4070//4070 293//293 1685//1685
f 730//730 4071//4071 4811//4811
f 3369//3369 4450//4450 293//293
f 4812//4812 41//41 4450//4450
f 2191//2191 4812//4812 3369//3369
f 4813//4813 4072//4072 730//730
f 2192//2192 2191//2191 4071//4071
f 4815//4815 4072//4072 4813//4813
f 4814//4814 2192//2192 4072//4072
f 161//161 4814//4814 4815//4815
f 2194//2194 3518//3518 46//46
f 4073//4073 2193//2193 3518//3518
f 4073//4073 4816//4816 2193//2193
f 4073//4073 731//731 4816//4816
f 4817//4817 4073//4073 2194//2194
f 2572//2572 3516//3516 731//731
f 3370//3370 2195//2195 3516//3516
f 2196//2196 3410//3410 3370//3370
f 4818//4818 2196//2196 3370//3370
f 732//732 4818//4818 2572//2572
f 4819//4819 4074//4074 4817//4817
f 2198//2198 4074//4074 4819//4819
f 2197//2197 732//732 2572//2572
f 2240//2240 3371//3371 2198//2198
f 2240//2240 2197//2197 3371//3371
f 2199//2199 3372//3372 3521//3521
f 733//733 3372//3372 2199//2199
f 4820//4820 47//47 291//291
f 2200//2200 4820//4820 3372//3372
f 2201//2201 2200//2200 3373//3373
f 3519//3519 3373//3373 733//733
f 4821//4821 2201//2201 3373//3373
f 4916//4916 4821//4821 3519//3519
f 3517//3517 1682//1682 46//46
f 2202//2202 4075//4075 3517//3517
f 4822//4822 3374//3374 2202//2202
f 735//735 3374//3374 4822//4822
f 4075//4075 4445//4445 1682//1682
f 4823//4823 48//48 4445//4445
f 4824//4824 4823//4823 1343//1343
f 734//734 4824//4824 3374//3374
f 2203//2203 4076//4076 735//735
f 4825//4825 734//734 4076//4076
f 773//773 3375//3375 2203//2203
f 773//773 4825//4825 3375//3375
f 289//289 2204//2204 1344//1344
f 4826//4826 1344//1344 2204//2204
f 1344//1344 4826//4826 4077//4077
f 1344//1344 3521//3521 289//289
f 3521//3521 1344//1344 3522//3522
f 4077//4077 3522//3522 1344//1344
f 3522//3522 4077//4077 736//736
f 4077//4077 737//737 3376//3376
f 3376//3376 736//736 4077//4077
f 736//736 3376//3376 3520//3520
f 4827//4827 2205//2205 2206//2206
f 4828//4828 1681//1681 48//48
f 1681//1681 4828//4828 3377//3377
f 3377//3377 290//290 1681//1681
f 4829//4829 1347//1347 2207//2207
f 1347//1347 4829//4829 4078//4078
f 3377//3377 1680//1680 290//290
f 3377//3377 49//49 1680//1680
f 49//49 3377//3377 3505//3505
f 4078//4078 2208//2208 1345//1345
f 2208//2208 4078//4078 4830//4830
f 2210//2210 1346//1346 739//739
f 1346//1346 2210//2210 3378//3378
f 3378//3378 738//738 1346//1346
f 738//738 3378//3378 3503//3503
f 4832//4832 2209//2209 2210//2210
f 2209//2209 4832//4832 4831//4831
f 3509//3509 3379//3379 1679//1679
f 289//289 1679//1679 3379//3379
f 4833//4833 4081//4081 2211//2211
f 1350//1350 2211//2211 4081//4081
f 4079//4079 3380//3380 289//289
f 3380//3380 4834//4834 289//289
f 4080//4080 4835//4835 1348//1348
f 2212//2212 1348//1348 4835//4835
f 3506//3506 3381//3381 741//741
f 1349//1349 741//741 3381//3381
f 3381//3381 4836//4836 1349//1349
f 740//740 1349//1349 4836//4836
f 4838//4838 4837//4837 2214//2214
f 2213//2213 2214//2214 4837//4837
f 3504//3504 288//288 49//49
f 288//288 3504//3504 4082//4082
f 4839//4839 4083//4083 2215//2215
f 288//288 4082//4082 3383//3383
f 3382//3382 51//51 288//288
f 51//51 3382//3382 3498//3498
f 2216//2216 4083//4083 4840//4840
f 3501//3501 1351//1351 743//743
f 1351//1351 3501//3501 3385//3385
f 3384//3384 742//742 1351//1351
f 742//742 3384//3384 3496//3496
f 4841//4841 2217//2217 2218//2218
f 4842//4842 1353//1353 54//54
f 1678//1678 54//54 1353//1353
f 287//287 1678//1678 1353//1353
f 745//745 1352//1352 2219//2219
f 1353//1353 2219//2219 1352//1352
f 1677//1677 287//287 1353//1353
f 1353//1353 3510//3510 1677//1677
f 1679//1679 1677//1677 3510//3510
f 1352//1352 744//744 1353//1353
f 2220//2220 1353//1353 744//744
f 4843//4843 3386//3386 745//745
f 1352//1352 745//745 3386//3386
f 3386//3386 3508//3508 1352//1352
f 744//744 1352//1352 3508//3508
f 2221//2221 4845//4845 4844//4844
f 3497//3497 1676//1676 51//51
f 1676//1676 3497//3497 3388//3388
f 3387//3387 286//286 1676//1676
f 286//286 3387//3387 4085//4085
f 4846//4846 1356//1356 2222//2222
f 1356//1356 4846//4846 1355//1355
f 4084//4084 1675//1675 286//286
f 1675//1675 4084//4084 3389//3389
f 3389//3389 52//52 1675//1675
f 52//52 3389//3389 3490//3490
f 1355//1355 2223//2223 1354//1354
f 2223//2223 1355//1355 4847//4847
f 3493//3493 1355//1355 747//747
f 1355//1355 3493//3493 3391//3391
f 3390//3390 746//746 1355//1355
f 746//746 3390//3390 3488//3488
f 4849//4849 2224//2224 2225//2225
f 2224//2224 4849//4849 4848//4848
f 4850//4850 3392//3392 56//56
f 285//285 56//56 3392//3392
f 4851//4851 4087//4087 4850//4850
f 3392//3392 4850//4850 4087//4087
f 3392//3392 4852//4852 285//285
f 54//54 285//285 4852//4852
f 4086//4086 4853//4853 3392//3392
f 2226//2226 3392//3392 4853//4853
f 4854//4854 3393//3393 4851//4851
f 748//748 3393//3393 4855//4855
f 2227//2227 4854//4854 3499//3499
f 3489//3489 1674//1674 52//52
f 1674//1674 3489//3489 3394//3394
f 1674//1674 3394//3394 1358//1358
f 1358//1358 2228//2228 4089//4089
f 1358//1358 55//55 1674//1674
f 55//55 1358//1358 4856//4856
f 4088//4088 2229//2229 1358//1358
f 2230//2230 1357//1357 749//749
f 1357//1357 2230//2230 3395//3395
f 3395//3395 2229//2229 1357//1357
f 2229//2229 3395//3395 4857//4857
f 4858//4858 4857//4857 2230//2230
f 4857//4857 4858//4858 3435//3435
f 4860//4860 56//56 55//55
f 56//56 4860//4860 4859//4859
f 4862//4862 751//751 750//750
f 751//751 4862//4862 4861//4861
f 3397//3397 2231//2231 4859//4859
f 2231//2231 3397//3397 4861//4861
f 3484//3484 2233//2233 4863//4863
f 2232//2232 4863//4863 2233//2233
f 1448//1448 4863//4863 2242//2242
f 4800//4800 2182//2182 4864//4864
f 2232//2232 4864//4864 2182//2182
f 3400//3400 726//726 4864//4864
f 726//726 3400//3400 752//752
f 2234//2234 2006//2006 126//126
f 1363//1363 2006//2006 3402//3402
f 2002//2002 128//128 1363//1363
f 2316//2316 2002//2002 3403//3403
f 2244//2244 4865//4865 2243//2243
f 4865//4865 2244//2244 4866//4866
f 759//759 4865//4865 760//760
f 2243//2243 2245//2245 3475//3475
f 166//166 2243//2243 165//165
f 2247//2247 4867//4867 2246//2246
f 4867//4867 2247//2247 4868//4868
f 761//761 4867//4867 762//762
f 2248//2248 4869//4869 2246//2246
f 165//165 4869//4869 4870//4870
f 2249//2249 2585//2585 4870//4870
f 2240//2240 1375//1375 2197//2197
f 4872//4872 732//732 763//763
f 732//732 4872//4872 4871//4871
f 4818//4818 2250//2250 2196//2196
f 2250//2250 4818//4818 4871//4871
f 2252//2252 4873//4873 2251//2251
f 4873//4873 2252//2252 4874//4874
f 764//764 4873//4873 765//765
f 2253//2253 4875//4875 2251//2251
f 4875//4875 2253//2253 3480//3480
f 161//161 4875//4875 166//166
f 3464//3464 3415//3415 168//168
f 167//167 168//168 3415//3415
f 4877//4877 4876//4876 769//769
f 770//770 769//769 4876//4876
f 3414//3414 3415//3415 4876//4876
f 3459//3459 2259//2259 167//167
f 1437//1437 167//167 2259//2259
f 4879//4879 2260//2260 4878//4878
f 2259//2259 4878//4878 2260//2260
f 3417//3417 772//772 4878//4878
f 771//771 4878//4878 772//772
f 773//773 1437//1437 3418//3418
f 4880//4880 1380//1380 2261//2261
f 773//773 1380//1380 2262//2262
f 2262//2262 2263//2263 1383//1383
f 2264//2264 774//774 162//162
f 774//774 2264//2264 1381//1381
f 1381//1381 168//168 774//774
f 168//168 1381//1381 4881//4881
f 3465//3465 4881//4881 2265//2265
f 1381//1381 2265//2265 4881//4881
f 775//775 3452//3452 4882//4882
f 3463//3463 4882//4882 2266//2266
f 2267//2267 2266//2266 4882//4882
f 1393//1393 799//799 4883//4883
f 801//801 1393//1393 3421//3421
f 3422//3422 2284//2284 4884//4884
f 2285//2285 164//164 3450//3450
f 800//800 2285//2285 3422//3422
f 2286//2286 800//800 3422//3422
f 804//804 4885//4885 2289//2289
f 2591//2591 697//697 2135//2135
f 697//697 2591//2591 611//611
f 2301//2301 2300//2300 4105//4105
f 3423//3423 808//808 2300//2300
f 808//808 3423//3423 1399//1399
f 1399//1399 2595//2595 809//809
f 4886//4886 4104//4104 1398//1398
f 3424//3424 2142//2142 4886//4886
f 2142//2142 3424//3424 2143//2143
f 3425//3425 2143//2143 3424//3424
f 2143//2143 3425//3425 2146//2146
f 4887//4887 2146//2146 2302//2302
f 2146//2146 4887//4887 2135//2135
f 2304//2304 810//810 3426//3426
f 4888//4888 2306//2306 3428//3428
f 2306//2306 4888//4888 3427//3427
f 3427//3427 2307//2307 2306//2306
f 2147//2147 3427//3427 2150//2150
f 2142//2142 2150//2150 3427//3427
f 2308//2308 811//811 3435//3435
f 4105//4105 3428//3428 2308//2308
f 614//614 94//94 3429//3429
f 3445//3445 614//614 2311//2311
f 814//814 813//813 3430//3430
f 1401//1401 2313//2313 4106//4106
f 2152//2152 4955//4955 3431//3431
f 705//705 2152//2152 4107//4107
f 2314//2314 1402//1402 3444//3444
f 2155//2155 705//705 3432//3432
f 152//152 2155//2155 4889//4889
f 2320//2320 2319//2319 4890//4890
f 4108//4108 819//819 3433//3433
f 820//820 4108//4108 4891//4891
f 2326//2326 2321//2321 4108//4108
f 2323//2323 2326//2326 4892//4892
f 175//175 2322//2322 4893//4893
f 4894//4894 817//817 2324//2324
f 2324//2324 4895//4895 4894//4894
f 4895//4895 2324//2324 2594//2594
f 2594//2594 2325//2325 4895//4895
f 2325//2325 2594//2594 3434//3434
f 3434//3434 152//152 4896//4896
f 152//152 3434//3434 708//708
f 4903//4903 708//708 3434//3434
f 595//595 4897//4897 133//133
f 4897//4897 595//595 2593//2593
f 2329//2329 2593//2593 1408//1408
f 4898//4898 4900//4900 4899//4899
f 4900//4900 2330//2330 4899//4899
f 134//134 2593//2593 595//595
f 2593//2593 134//134 4901//4901
f 2331//2331 1407//1407 4901//4901
f 2332//2332 3436//3436 176//176
f 3428//3428 3436//3436 2332//2332
f 2307//2307 3437//3437 1409//1409
f 3437//3437 2307//2307 2147//2147
f 2306//2306 1409//1409 3436//3436
f 3436//3436 4902//4902 2334//2334
f 4902//4902 3436//3436 1409//1409
f 3437//3437 826//826 4903//4903
f 826//826 3437//3437 2147//2147
f 4897//4897 2335//2335 4904//4904
f 2335//2335 4897//4897 2329//2329
f 4905//4905 3438//3438 4110//4110
f 4898//4898 4110//4110 3438//3438
f 4110//4110 175//175 4906//4906
f 175//175 4110//4110 824//824
f 4110//4110 4898//4898 2330//2330
f 3439//3439 824//824 4110//4110
f 824//824 3439//3439 3435//3435
f 2330//2330 3435//3435 3439//3439
f 4902//4902 4903//4903 3434//3434
f 2594//2594 3440//3440 2334//2334
f 3440//3440 2327//2327 2334//2334
f 176//176 2334//2334 2327//2327
f 2327//2327 3440//3440 817//817
f 1414//1414 2594//2594 2324//2324
f 4906//4906 4893//4893 2323//2323
f 3441//3441 4905//4905 4906//4906
f 4905//4905 3441//3441 1417//1417
f 4892//4892 1417//1417 3442//3442
f 1417//1417 4892//4892 820//820
f 1415//1415 2335//2335 4905//4905
f 3443//3443 133//133 4904//4904
f 133//133 3443//3443 1996//1996
f 1416//1416 1996//1996 3443//3443
f 1996//1996 1416//1416 596//596
f 4891//4891 1416//1416 1415//1415
f 1416//1416 4891//4891 2320//2320
f 596//596 1416//1416 1995//1995
f 4890//4890 1995//1995 1416//1416
f 1995//1995 4890//4890 3160//3160
f 4889//4889 2325//2325 4896//4896
f 2325//2325 4889//4889 2314//2314
f 817//817 3430//3430 816//816
f 2316//2316 816//816 4907//4907
f 2310//2310 1956//1956 4908//4908
f 560//560 812//812 4908//4908
f 1422//1422 827//827 3445//3445
f 3429//3429 1422//1422 2311//2311
f 2313//2313 4955//4955 3446//3446
f 813//813 2313//2313 4111//4111
f 2309//2309 1422//1422 3429//3429
f 2312//2312 813//813 2309//2309
f 2288//2288 802//802 3447//3447
f 4886//4886 2142//2142 3427//3427
f 3427//3427 808//808 4886//4886
f 4888//4888 3428//3428 4105//4105
f 2305//2305 2293//2293 4885//4885
f 4113//4113 805//805 3448//3448
f 2303//2303 4113//4113 2305//2305
f 4887//4887 2290//2290 2135//2135
f 2290//2290 4887//4887 2302//2302
f 2302//2302 804//804 2290//2290
f 804//804 2302//2302 4114//4114
f 4114//4114 2302//2302 809//809
f 804//804 4114//4114 2595//2595
f 2304//2304 2595//2595 810//810
f 2301//2301 810//810 2595//2595
f 810//810 2301//2301 4105//4105
f 2295//2295 96//96 3449//3449
f 806//806 2295//2295 2289//2289
f 2294//2294 806//806 2289//2289
f 598//598 3165//3165 796//796
f 2281//2281 792//792 4909//4909
f 799//799 4909//4909 792//792
f 4909//4909 799//799 4884//4884
f 174//174 1427//1427 789//789
f 1427//1427 174//174 4883//4883
f 2279//2279 172//172 1428//1428
f 789//789 1428//1428 172//172
f 2267//2267 1434//1434 4910//4910
f 163//163 782//782 1434//1434
f 3419//3419 4912//4912 3452//3452
f 830//830 3452//3452 4912//4912
f 2264//2264 830//830 4912//4912
f 3454//3454 780//780 1383//1383
f 780//780 3454//3454 2596//2596
f 4880//4880 2596//2596 2263//2263
f 2596//2596 170//170 780//780
f 2596//2596 4880//4880 3456//3456
f 3455//3455 771//771 2596//2596
f 771//771 3455//3455 4879//4879
f 1437//1437 2260//2260 2261//2261
f 2589//2589 4913//4913 170//170
f 169//169 170//170 4913//4913
f 3416//3416 4914//4914 772//772
f 769//769 772//772 4914//4914
f 4877//4877 4914//4914 3414//3414
f 3459//3459 3414//3414 4914//4914
f 2588//2588 1435//1435 169//169
f 776//776 169//169 1435//1435
f 4910//4910 776//776 1435//1435
f 3413//3413 4915//4915 770//770
f 775//775 770//770 4915//4915
f 3420//3420 4915//4915 2265//2265
f 2258//2258 2265//2265 4915//4915
f 2586//2586 4916//4916 1439//1439
f 1376//1376 1440//1440 4916//4916
f 1440//1440 2337//2337 4916//4916
f 4874//4874 832//832 765//765
f 832//832 4874//4874 4917//4917
f 4918//4918 4917//4917 2338//2338
f 2252//2252 2338//2338 4917//4917
f 2255//2255 3410//3410 4117//4117
f 4872//4872 2597//2597 2250//2250
f 4117//4117 1378//1378 2255//2255
f 1378//1378 4117//4117 2584//2584
f 4118//4118 1374//1374 4117//4117
f 1374//1374 4118//4118 4098//4098
f 3408//3408 1441//1441 763//763
f 1441//1441 3408//3408 3470//3470
f 3469//3469 761//761 1441//1441
f 761//761 3469//3469 3407//3407
f 4870//4870 2248//2248 2249//2249
f 2583//2583 1377//1377 1378//1378
f 1377//1377 2583//2583 2598//2598
f 1373//1373 1442//1442 2598//2598
f 1377//1377 2598//2598 4919//4919
f 2582//2582 4919//4919 1372//1372
f 1442//1442 1372//1372 4919//4919
f 4868//4868 759//759 762//762
f 759//759 4868//4868 4920//4920
f 3405//3405 4920//4920 2245//2245
f 2247//2247 2245//2245 4920//4920
f 2581//2581 1439//1439 1377//1377
f 1439//1439 2581//2581 4921//4921
f 4921//4921 1371//1371 1444//1444
f 2587//2587 1443//1443 3479//3479
f 1443//1443 2587//2587 4921//4921
f 4866//4866 764//764 760//760
f 764//764 4866//4866 4922//4922
f 3412//3412 2244//2244 2253//2253
f 2244//2244 3412//3412 4922//4922
f 1449//1449 2315//2315 3481//3481
f 561//561 1998//1998 1449//1449
f 2234//2234 1449//1449 2235//2235
f 126//126 561//561 3482//3482
f 3355//3355 2181//2181 4923//4923
f 2342//2342 4923//4923 2181//2181
f 2559//2559 4923//4923 1448//1448
f 3399//3399 2233//2233 4924//4924
f 2342//2342 4924//4924 2233//2233
f 752//752 4924//4924 724//724
f 2577//2577 2331//2331 134//134
f 1359//1359 3485//3485 2577//2577
f 3485//3485 4900//4900 2331//2331
f 4092//4092 3485//3485 1359//1359
f 751//751 3485//3485 4092//4092
f 3485//3485 3435//3435 4900//4900
f 4857//4857 3435//3435 3485//3485
f 2229//2229 4857//4857 4122//4122
f 3396//3396 4122//4122 751//751
f 4860//4860 3487//3487 3396//3396
f 4856//4856 2229//2229 3486//3486
f 55//55 4856//4856 4860//4860
f 4858//4858 4123//4123 4925//4925
f 4123//4123 4858//4858 2230//2230
f 2599//2599 3435//3435 4925//4925
f 3435//3435 2599//2599 803//803
f 2224//2224 2599//2599 4123//4123
f 4848//4848 803//803 2599//2599
f 803//803 4848//4848 164//164
f 2228//2228 2223//2223 4926//4926
f 4847//4847 749//749 4926//4926
f 749//749 4847//4847 746//746
f 3491//3491 4854//4854 2600//2600
f 3491//3491 134//134 3499//3499
f 134//134 3491//3491 2578//2578
f 4124//4124 1360//1360 3491//3491
f 1360//1360 4124//4124 4091//4091
f 750//750 3492//3492 4862//4862
f 2231//2231 4850//4850 3398//3398
f 4849//4849 2225//2225 4927//4927
f 1451//1451 4927//4927 2225//2225
f 164//164 4927//4927 791//791
f 2217//2217 4927//4927 1450//1450
f 2217//2217 4841//4841 4927//4927
f 791//791 4927//4927 4841//4841
f 4846//4846 2222//2222 4928//4928
f 2216//2216 4928//4928 2222//2222
f 4840//4840 742//742 4928//4928
f 747//747 4928//4928 742//742
f 1429//1429 4845//4845 3499//3499
f 4843//4843 1453//1453 4845//4845
f 1453//1453 4843//4843 2601//2601
f 2601//2601 2227//2227 1452//1452
f 2227//2227 2601//2601 4855//4855
f 2601//2601 745//745 3500//3500
f 3500//3500 748//748 2601//2601
f 748//748 3500//3500 4853//4853
f 4842//4842 2226//2226 2219//2219
f 2226//2226 4842//4842 4852//4852
f 1383//1383 2218//2218 1454//1454
f 4831//4831 1454//1454 2209//2209
f 1454//1454 4831//4831 1383//1383
f 4839//4839 738//738 743//743
f 738//738 4839//4839 4929//4929
f 4830//4830 2215//2215 2208//2208
f 2215//2215 4830//4830 4929//4929
f 4838//4838 1456//1456 4930//4930
f 1456//1456 4838//4838 2214//2214
f 163//163 4930//4930 829//829
f 4930//4930 2221//2221 4931//4931
f 2221//2221 4930//4930 1455//1455
f 4844//4844 829//829 4931//4931
f 829//829 4844//4844 1429//1429
f 4833//4833 2220//2220 4932//4932
f 2220//2220 4833//4833 2211//2211
f 744//744 741//741 4932//4932
f 3512//3512 2262//2262 1383//1383
f 2210//2210 3512//3512 4832//4832
f 2604//2604 4128//4128 3511//3511
f 739//739 2603//2603 2210//2210
f 3513//3513 773//773 2262//2262
f 2604//2604 3513//3513 4128//4128
f 734//734 4825//4825 2602//2602
f 4829//4829 2603//2603 739//739
f 2207//2207 3514//3514 4829//4829
f 3514//3514 4129//4129 2603//2603
f 4824//4824 734//734 4129//4129
f 4828//4828 3514//3514 2207//2207
f 4823//4823 4824//4824 3514//3514
f 48//48 4823//4823 4828//4828
f 4827//4827 3453//3453 162//162
f 4130//4130 830//830 3453//3453
f 2206//2206 4130//4130 4827//4827
f 737//737 4133//4133 2206//2206
f 4130//4130 4911//4911 830//830
f 4837//4837 163//163 4911//4911
f 2213//2213 4837//4837 4130//4130
f 4836//4836 2213//2213 4133//4133
f 740//740 4836//4836 4133//4133
f 4826//4826 4132//4132 737//737
f 3515//3515 1457//1457 4132//4132
f 2204//2204 3515//3515 4826//4826
f 3515//3515 4131//4131 1457//1457
f 4835//4835 740//740 4131//4131
f 2212//2212 4835//4835 3515//3515
f 4834//4834 2212//2212 3515//3515
f 289//289 4834//4834 2204//2204
f 3410//3410 773//773 4933//4933
f 1458//1458 2195//2195 4933//4933
f 4822//4822 731//731 735//735
f 731//731 4822//4822 4934//4934
f 4816//4816 2202//2202 2193//2193
f 2202//2202 4816//4816 4934//4934
f 4916//4916 4935//4935 831//831
f 2205//2205 831//831 4935//4935
f 831//831 2205//2205 162//162
f 2199//2199 3522//3522 4936//4936
f 736//736 733//733 4936//4936
f 3525//3525 2189//2189 4808//4808
f 2198//2198 3525//3525 2240//2240
f 3523//3523 4807//4807 2189//2189
f 4135//4135 729//729 4807//4807
f 4819//4819 3524//3524 2198//2198
f 4817//4817 4135//4135 4819//4819
f 4135//4135 2188//2188 729//729
f 4449//4449 44//44 2188//2188
f 1684//1684 4449//4449 3526//3526
f 4448//4448 1684//1684 3526//3526
f 292//292 4448//4448 4135//4135
f 2194//2194 3527//3527 4817//4817
f 4447//4447 292//292 3527//3527
f 1683//1683 4447//4447 3527//3527
f 4446//4446 1683//1683 3527//3527
f 46//46 4446//4446 2194//2194
f 4815//4815 3468//3468 161//161
f 3530//3530 2338//2338 3468//3468
f 4813//4813 3530//3530 4815//4815
f 3528//3528 4918//4918 2338//2338
f 4136//4136 832//832 4918//4918
f 4137//4137 4136//4136 3529//3529
f 730//730 4137//4137 4813//4813
f 4136//4136 2337//2337 832//832
f 3531//3531 4916//4916 2337//2337
f 2201//2201 4821//4821 3531//3531
f 4811//4811 2605//2605 730//730
f 2200//2200 2201//2201 2605//2605
f 4810//4810 2605//2605 4811//4811
f 4820//4820 2200//2200 2605//2605
f 47//47 4820//4820 4810//4810
f 2240//2240 4809//4809 4138//4138
f 4138//4138 758//758 2240//2240
f 4806//4806 1460//1460 2190//2190
f 1460//1460 4806//4806 1459//1459
f 4138//4138 2239//2239 758//758
f 4138//4138 156//156 2239//2239
f 156//156 4138//4138 2343//2343
f 1459//1459 2343//2343 1460//1460
f 2343//2343 1459//1459 4937//4937
f 1459//1459 4805//4805 3532//3532
f 3532//3532 833//833 1459//1459
f 833//833 3532//3532 4938//4938
f 4804//4804 2344//2344 2187//2187
f 2344//2344 4804//4804 4939//4939
f 2339//2339 2242//2242 4140//4140
f 4803//4803 4141//4141 2186//2186
f 1463//1463 2186//2186 4141//4141
f 4139//4139 4814//4814 2339//2339
f 161//161 2339//2339 4814//4814
f 4141//4141 2192//2192 1461//1461
f 4802//4802 4812//4812 2185//2185
f 2191//2191 2185//2185 4812//4812
f 2568//2568 4431//4431 57//57
f 1339//1339 3533//3533 2568//2568
f 2607//2607 280//280 4431//4431
f 4059//4059 3533//3533 1339//1339
f 2606//2606 2607//2607 3533//3533
f 725//725 2606//2606 4059//4059
f 2607//2607 1665//1665 280//280
f 3534//3534 4428//4428 1665//1665
f 4939//4939 59//59 4428//4428
f 2344//2344 4939//4939 3534//3534
f 4938//4938 2344//2344 2607//2607
f 833//833 4938//4938 2606//2606
f 3354//3354 2606//2606 725//725
f 2180//2180 3535//3535 3354//3354
f 4937//4937 833//833 2606//2606
f 2343//2343 4937//4937 3535//3535
f 4798//4798 3535//3535 2180//2180
f 156//156 2343//2343 4798//4798
f 721//721 4056//4056 723//723
f 4056//4056 721//721 4940//4940
f 1448//1448 2566//2566 2559//2559
f 2566//2566 1448//1448 4940//4940
f 2565//2565 834//834 2559//2559
f 834//834 2565//2565 2610//2610
f 2564//2564 2610//2610 1335//1335
f 720//720 3350//3350 4941//4941
f 4796//4796 2177//2177 2176//2176
f 2177//2177 4796//4796 4941//4941
f 2563//2563 158//158 834//834
f 158//158 2563//2563 4942//4942
f 1334//1334 4943//4943 4942//4942
f 4053//4053 3541//3541 718//718
f 3541//3541 4053//4053 4943//4943
f 3542//3542 4944//4944 2345//2345
f 3543//3543 2345//2345 4944//4944
f 722//722 4944//4944 719//719
f 4051//4051 719//719 4944//4944
f 158//158 2345//2345 1448//1448
f 2174//2174 757//757 156//156
f 757//757 2174//2174 4945//4945
f 4945//4945 2174//2174 3546//3546
f 4945//4945 834//834 757//757
f 2561//2561 3546//3546 1331//1331
f 3546//3546 2561//2561 4945//4945
f 2172//2172 714//714 717//717
f 714//714 2172//2172 4946//4946
f 2172//2172 2171//2171 4946//4946
f 2560//2560 1330//1330 4947//4947
f 4146//4146 4947//4947 1330//1330
f 2612//2612 834//834 4947//4947
f 2611//2611 1468//1468 4948//4948
f 1329//1329 4948//4948 1468//1468
f 834//834 4948//4948 2559//2559
f 4790//4790 3344//3344 4949//4949
f 2169//2169 4949//4949 3344//3344
f 3343//3343 713//713 4949//4949
f 715//715 4949//4949 713//713
f 4950//4950 3551//3551 2346//2346
f 716//716 4049//4049 4788//4788
f 4049//4049 716//716 4950//4950
f 2173//2173 4951//4951 2346//2346
f 2559//2559 2173//2173 156//156
f 2173//2173 2559//2559 4951//4951
f 2167//2167 4147//4147 4952//4952
f 712//712 4147//4147 2167//2167
f 4954//4954 4953//4953 1471//1471
f 3553//3553 4147//4147 712//712
f 2163//2163 4786//4786 1472//1472
f 512//512 3554//3554 113//113
f 4954//4954 113//113 3554//3554
f 1475//1475 3555//3555 4954//4954
f 1475//1475 512//512 3556//3556
f 4952//4952 4953//4953 2158//2158
f 4597//4597 3556//3556 512//512
f 2157//2157 4784//4784 1474//1474
f 3555//3555 1474//1474 4784//4784
f 1878//1878 4148//4148 4586//4586
f 4148//4148 4955//4955 704//704
f 694//694 3557//3557 2134//2134
f 3553//3553 3558//3558 694//694
f 3560//3560 4149//4149 2136//2136
f 700//700 2145//2145 4149//4149
f 2144//2144 4783//4783 3560//3560
f 2014//2014 608//608 4956//4956
f 2131//2131 693//693 4151//4151
f 690//690 4957//4957 2130//2130
f 2130//2130 4957//4957 2124//2124
f 151//151 4151//4151 688//688
f 2116//2116 4958//4958 3562//3562
f 4960//4960 2350//2350 4959//4959
f 2115//2115 4959//4959 2350//2350
f 3331//3331 679//679 4959//4959
f 835//835 4959//4959 679//679
f 4044//4044 4152//4152 1309//1309
f 1489//1489 1309//1309 4152//4152
f 1489//1489 3563//3563 681//681
f 2119//2119 681//681 3563//3563
f 3563//3563 4780//4780 2119//2119
f 2615//2615 4779//4779 1489//1489
f 2112//2112 1489//1489 4779//4779
f 2110//2110 3564//3564 676//676
f 4152//4152 676//676 3564//3564
f 3564//3564 4777//4777 4152//4152
f 3326//3326 4776//4776 2110//2110
f 1314//1314 4153//4153 2120//2120
f 3327//3327 4961//4961 2107//2107
f 3327//3327 675//675 4961//4961
f 674//674 4961//4961 675//675
f 1490//1490 684//684 3332//3332
f 1308//1308 684//684 1490//1490
f 2108//2108 4962//4962 2114//2114
f 680//680 4962//4962 2108//2108
f 4964//4964 3570//3570 4963//4963
f 1494//1494 4963//4963 3570//3570
f 2616//2616 143//143 4963//4963
f 143//143 2616//2616 672//672
f 1302//1302 2616//2616 1494//1494
f 2557//2557 672//672 2616//2616
f 672//672 2557//2557 150//150
f 4966//4966 3572//3572 4965//4965
f 2101//2101 4965//4965 3572//3572
f 4773//4773 837//837 4965//4965
f 837//837 4773//4773 664//664
f 2554//2554 4155//4155 149//149
f 669//669 149//149 4155//4155
f 4040//4040 4156//4156 1299//1299
f 1496//1496 1299//1299 4156//4156
f 4155//4155 1496//1496 669//669
f 2103//2103 669//669 1496//1496
f 3573//3573 3321//3321 2103//2103
f 671//671 2103//2103 3321//3321
f 2617//2617 4770//4770 1496//1496
f 2098//2098 1496//1496 4770//4770
f 2095//2095 3575//3575 661//661
f 1495//1495 661//661 3575//3575
f 3574//3574 3319//3319 1495//1495
f 663//663 1495//1495 3319//3319
f 4764//4764 4768//4768 2095//2095
f 2097//2097 2095//2095 4768//4768
f 2552//2552 1297//1297 1497//1497
f 148//148 1497//1497 666//666
f 2555//2555 666//666 1497//1497
f 666//666 2555//2555 149//149
f 3313//3313 2092//2092 4967//4967
f 2096//2096 4967//4967 2092//2092
f 4766//4766 659//659 4967//4967
f 659//659 4766//4766 660//660
f 2556//2556 4158//4158 4968//4968
f 4158//4158 2556//2556 1301//1301
f 1298//1298 4968//4968 4158//4158
f 2553//2553 150//150 4968//4968
f 150//150 2553//2553 148//148
f 3322//3322 2093//2093 4969//4969
f 2093//2093 3322//3322 2100//2100
f 4762//4762 665//665 4969//4969
f 665//665 4762//4762 658//658
f 1504//1504 3581//3581 702//702
f 2085//2085 4586//4586 2151//2151
f 653//653 4759//4759 1504//1504
f 2084//2084 4970//4970 2354//2354
f 4970//4970 2084//2084 3310//3310
f 627//627 3583//3583 652//652
f 4970//4970 652//652 3583//3583
f 2032//2032 4971//4971 2354//2354
f 4971//4971 2032//2032 3271//3271
f 2536//2536 4971//4971 136//136
f 3585//3585 710//710 3553//3553
f 2079//2079 3585//3585 3553//3553
f 649//649 3585//3585 2079//2079
f 3585//3585 3341//3341 710//710
f 3586//3586 2165//2165 3341//3341
f 3586//3586 4787//4787 2165//2165
f 2549//2549 114//114 4787//4787
f 1291//1291 2549//2549 3586//3586
f 4033//4033 1291//1291 3586//3586
f 650//650 4033//4033 3585//3585
f 4750//4750 3587//3587 649//649
f 3308//3308 650//650 3587//3587
f 2082//2082 3308//3308 3587//3587
f 4755//4755 2082//2082 3587//3587
f 36//36 4755//4755 4750//4750
f 4744//4744 3553//3553 1318//1318
f 3553//3553 4744//4744 4972//4972
f 3589//3589 646//646 4973//4973
f 4751//4751 3590//3590 2078//2078
f 3590//3590 4751//4751 4973//4973
f 2548//2548 3591//3591 114//114
f 2349//2349 114//114 3591//3591
f 4031//4031 4160//4160 1290//1290
f 3591//3591 1290//1290 4160//4160
f 4160//4160 647//647 3591//3591
f 2077//2077 3591//3591 647//647
f 2081//2081 3593//3593 651//651
f 4160//4160 651//651 3593//3593
f 3592//3592 4748//4748 4160//4160
f 647//647 4160//4160 4748//4748
f 3307//3307 4747//4747 2081//2081
f 4736//4736 4974//4974 144//144
f 691//691 144//144 4974//4974
f 2619//2619 4974//4974 1505//1505
f 2068//2068 1505//1505 4974//4974
f 2618//2618 4975//4975 691//691
f 1318//1318 691//691 4975//4975
f 4743//4743 4975//4975 2074//2074
f 1505//1505 2074//2074 4975//4975
f 4734//4734 4976//4976 643//643
f 645//645 643//643 4976//4976
f 4742//4742 4976//4976 2073//2073
f 2065//2065 2073//2073 4976//4976
f 4749//4749 3597//3597 2349//2349
f 648//648 4161//4161 4749//4749
f 3597//3597 4749//4749 4161//4161
f 3597//3597 4740//4740 2349//2349
f 1485//1485 2349//2349 4740//4740
f 4161//4161 2071//2071 3597//3597
f 4746//4746 3598//3598 648//648
f 4745//4745 4738//4738 2076//2076
f 2070//2070 2076//2076 4738//4738
f 4729//4729 1506//1506 4977//4977
f 1506//1506 4729//4729 2060//2060
f 2620//2620 2119//2119 4977//4977
f 2119//2119 2620//2620 683//683
f 2067//2067 4978//4978 1506//1506
f 4735//4735 683//683 4978//4978
f 683//683 4735//4735 144//144
f 4724//4724 2066//2066 4979//4979
f 2066//2066 4724//4724 2057//2057
f 642//642 639//639 4979//4979
f 4741//4741 4958//4958 1485//1485
f 4958//4958 4741//4741 4980//4980
f 4958//4958 4980//4980 2063//2063
f 4737//4737 640//640 644//644
f 640//640 4737//4737 4981//4981
f 4732//4732 2069//2069 2062//2062
f 2069//2069 4732//4732 4981//4981
f 4718//4718 2111//2111 2105//2105
f 2054//2054 3607//3607 4718//4718
f 3607//3607 4775//4775 2111//2111
f 4716//4716 3607//3607 2054//2054
f 4715//4715 4164//4164 4716//4716
f 4163//4163 4778//4778 4775//4775
f 4163//4163 2113//2113 4778//4778
f 3608//3608 4781//4781 2113//2113
f 4728//4728 2119//2119 4781//4781
f 2059//2059 4728//4728 3608//3608
f 4727//4727 2059//2059 3609//3609
f 638//638 4727//4727 4164//4164
f 2051//2051 3612//3612 4715//4715
f 4726//4726 638//638 4164//4164
f 2058//2058 4726//4726 3610//3610
f 4714//4714 3611//3611 2051//2051
f 4725//4725 2058//2058 3611//3611
f 29//29 4725//4725 4714//4714
f 1507//1507 3561//3561 4958//4958
f 1507//1507 835//835 3561//3561
f 4733//4733 1507//1507 2064//2064
f 641//641 4167//4167 4733//4733
f 1507//1507 4960//4960 835//835
f 1507//1507 2350//2350 4960//4960
f 3614//3614 678//678 2350//2350
f 2055//2055 4723//4723 3614//3614
f 4167//4167 3615//3615 1507//1507
f 4722//4722 2055//2055 3615//3615
f 637//637 4722//4722 4167//4167
f 4731//4731 4166//4166 641//641
f 3616//3616 1508//1508 4166//4166
f 2061//2061 3616//3616 4731//4731
f 3616//3616 4165//4165 1508//1508
f 4721//4721 637//637 4165//4165
f 4720//4720 4721//4721 3616//3616
f 4730//4730 3616//3616 2061//2061
f 4704//4704 1509//1509 4982//4982
f 1509//1509 4704//4704 2043//2043
f 4717//4717 671//671 4982//4982
f 671//671 4717//4717 2105//2105
f 4706//4706 2052//2052 4983//4983
f 2052//2052 4706//4706 2045//2045
f 636//636 633//633 4983//4983
f 836//836 678//678 2621//2621
f 2621//2621 2056//2056 1510//1510
f 2621//2621 143//143 836//836
f 143//143 2621//2621 4984//4984
f 4712//4712 1510//1510 2049//2049
f 1510//1510 4712//4712 4984//4984
f 635//635 4719//4719 4985//4985
f 3623//3623 4710//4710 4985//4985
f 4213//4213 4691//4691 24//24
f 3625//3625 2039//2039 4691//4691
f 1546//1546 3625//3625 4213//4213
f 4215//4215 3624//3624 1546//1546
f 216//216 2622//2622 4215//4215
f 3626//3626 4694//4694 2039//2039
f 3626//3626 4697//4697 4694//4694
f 4708//4708 662//662 4697//4697
f 2046//2046 4708//4708 3626//3626
f 4217//4217 2622//2622 216//216
f 1548//1548 2622//2622 4217//4217
f 4218//4218 2622//2622 1548//1548
f 4707//4707 2046//2046 2622//2622
f 28//28 4707//4707 4218//4218
f 4713//4713 4964//4964 143//143
f 3627//3627 3570//3570 4964//4964
f 2050//2050 3627//3627 4713//4713
f 3627//3627 837//837 3570//3570
f 4711//4711 3627//3627 2050//2050
f 2048//2048 4170//4170 4711//4711
f 3627//3627 4966//4966 837//837
f 1511//1511 3572//3572 4966//4966
f 4702//4702 142//142 3572//3572
f 632//632 4702//4702 3628//3628
f 3629//3629 4169//4169 1512//1512
f 4700//4700 632//632 4169//4169
f 4699//4699 4700//4700 3629//3629
f 4709//4709 3629//3629 2048//2048
f 25//25 4699//4699 4709//4709
f 4986//4986 1513//1513 655//655
f 657//657 655//655 1513//1513
f 4987//4987 4171//4171 4986//4986
f 1513//1513 3631//3631 657//657
f 2090//2090 657//657 3631//3631
f 3630//3630 4696//4696 2090//2090
f 662//662 2090//2090 4696//4696
f 4171//4171 4695//4695 1513//1513
f 2041//2041 1513//1513 4695//4695
f 4988//4988 3633//3633 839//839
f 1514//1514 839//839 3633//3633
f 3632//3632 4693//4693 1514//1514
f 631//631 1514//1514 4693//4693
f 2040//2040 4989//4989 4692//4692
f 4703//4703 838//838 142//142
f 838//838 4703//4703 1517//1517
f 1517//1517 4701//4701 4173//4173
f 1517//1517 1498//1498 838//838
f 1498//1498 1515//1515 4690//4690
f 4172//4172 2038//2038 1515//1515
f 2038//2038 4172//4172 4689//4689
f 4698//4698 2037//2037 2042//2042
f 4989//4989 4461//4461 23//23
f 1519//1519 4460//4460 4461//4461
f 4988//4988 1519//1519 4989//4989
f 839//839 4174//4174 4988//4988
f 1519//1519 4459//4459 4460//4460
f 2538//2538 39//39 4459//4459
f 1278//1278 2538//2538 3634//3634
f 4000//4000 1278//1278 1518//1518
f 628//628 4000//4000 4174//4174
f 4987//4987 4174//4174 839//839
f 4986//4986 3635//3635 4987//4987
f 3273//3273 628//628 4174//4174
f 2034//2034 3273//3273 3635//3635
f 4684//4684 2034//2034 3635//3635
f 655//655 4684//4684 4986//4986
f 2534//2534 2536//2536 136//136
f 1273//1273 2355//2355 2536//2536
f 3997//3997 4177//4177 625//625
f 4177//4177 3997//3997 4990//4990
f 4990//4990 1276//1276 2355//2355
f 3638//3638 2532//2532 1271//1271
f 2535//2535 840//840 3638//3638
f 840//840 2535//2535 136//136
f 4679//4679 3639//3639 4991//4991
f 3269//3269 623//623 4991//4991
f 623//623 3269//3269 624//624
f 1269//1269 4992//4992 2356//2356
f 3640//3640 2356//2356 4992//4992
f 621//621 622//622 4992//4992
f 1272//1272 4993//4993 2356//2356
f 3644//3644 2533//2533 840//840
f 2533//2533 3644//3644 4993//4993
f 1275//1275 1270//1270 3644//3644
f 2528//2528 3646//3646 4994//4994
f 3646//3646 2528//2528 1266//1266
f 2629//2629 840//840 4994//4994
f 840//840 2629//2629 655//655
f 2028//2028 4995//4995 3646//3646
f 3260//3260 655//655 4995//4995
f 3253//3253 2027//2027 4996//4996
f 3258//3258 617//617 4996//4996
f 617//617 3258//3258 619//619
f 2527//2527 4997//4997 136//136
f 840//840 136//136 4997//4997
f 1265//1265 1524//1524 4997//4997
f 2529//2529 1524//1524 1267//1267
f 616//616 3251//3251 4998//4998
f 4674//4674 4998//4998 2026//2026
f 2025//2025 2026//2026 4998//4998
f 3259//3259 136//136 655//655
f 136//136 3259//3259 4999//4999
f 3992//3992 620//620 615//615
f 620//620 3992//3992 5000//5000
f 4999//4999 3654//3654 5000//5000
# 9996 faces, 0 coords texture

# End of File
