filename,class,vertices,faces,face_type,bounding_box
m1337_copy.obj,AircraftBuoyant,5000,9758,triangles,"{'min_x': 0.025, 'max_x': 0.8892340000000002, 'min_y': 0.025, 'max_y': 0.975, 'min_z': 0.025, 'max_z': 0.8892340000000003}"
m1338_copy.obj,AircraftBuoyant,5000,9438,triangles,"{'min_x': 0.025, 'max_x': 0.933058, 'min_y': 0.025, 'max_y': 0.975, 'min_z': 0.025, 'max_z': 0.937901}"
m1339_copy.obj,AircraftBuoyant,4878,8985,triangles,"{'min_x': 0.025, 'max_x': 0.607072, 'min_y': 0.025, 'max_y': 0.975, 'min_z': 0.025, 'max_z': 0.626812}"
m1340_copy.obj,AircraftBuoyant,5000,9804,triangles,"{'min_x': 0.025, 'max_x': 0.3676860000000002, 'min_y': 0.025, 'max_y': 0.975, 'min_z': 0.025, 'max_z': 0.367689}"
m1341_copy.obj,AircraftBuoyant,5000,9940,triangles,"{'min_x': 0.025, 'max_x': 0.379575, 'min_y': 0.025, 'max_y': 0.9750000000000001, 'min_z': 0.025, 'max_z': 0.379575}"
m1342_copy.obj,AircraftBuoyant,5000,9688,triangles,"{'min_x': 0.025, 'max_x': 0.6115870000000003, 'min_y': 0.025, 'max_y': 0.975000000000001, 'min_z': 0.0249999999999999, 'max_z': 0.6093600000000001}"
m1343_copy.obj,AircraftBuoyant,5000,9988,triangles,"{'min_x': 0.025, 'max_x': 0.710921, 'min_y': 0.025, 'max_y': 0.975, 'min_z': 0.025, 'max_z': 0.7109209999999999}"
m1344_copy.obj,AircraftBuoyant,4981,9532,triangles,"{'min_x': 0.025, 'max_x': 0.674099, 'min_y': 0.025, 'max_y': 0.975, 'min_z': 0.025, 'max_z': 0.6741}"
m1345_copy.obj,AircraftBuoyant,5000,9258,triangles,"{'min_x': 0.025, 'max_x': 0.601277, 'min_y': 0.025, 'max_y': 0.9750000000000001, 'min_z': 0.025, 'max_z': 0.601277}"
m1346_copy.obj,AircraftBuoyant,5000,9759,triangles,"{'min_x': 0.025, 'max_x': 0.322079, 'min_y': 0.025, 'max_y': 0.354725, 'min_z': 0.025, 'max_z': 0.975}"
m1347_copy.obj,AircraftBuoyant,4963,9840,triangles,"{'min_x': 0.025, 'max_x': 0.312086, 'min_y': 0.025, 'max_y': 0.4198809999999999, 'min_z': 0.025, 'max_z': 0.9750000000000003}"
m1348_copy.obj,AircraftBuoyant,5000,9752,triangles,"{'min_x': 0.025, 'max_x': 0.321693, 'min_y': 0.025, 'max_y': 0.354958, 'min_z': 0.025, 'max_z': 0.9749999999999999}"
m1349_copy.obj,AircraftBuoyant,5000,9776,triangles,"{'min_x': 0.025, 'max_x': 0.975, 'min_y': 0.025, 'max_y': 0.3852030000000001, 'min_z': 0.025, 'max_z': 0.273648}"
m1350_copy.obj,AircraftBuoyant,5000,9732,triangles,"{'min_x': 0.025, 'max_x': 0.9750000000000001, 'min_y': 0.025, 'max_y': 0.291317, 'min_z': 0.025, 'max_z': 0.305022}"
m1351_copy.obj,AircraftBuoyant,5000,8494,triangles,"{'min_x': 0.025, 'max_x': 0.2083, 'min_y': 0.025, 'max_y': 0.219243, 'min_z': 0.025, 'max_z': 0.975}"
m1352_copy.obj,AircraftBuoyant,5000,9830,triangles,"{'min_x': 0.025, 'max_x': 0.9750000000000001, 'min_y': 0.025, 'max_y': 0.3766420000000001, 'min_z': 0.025, 'max_z': 0.3326210000000004}"
D00045_copy.obj,Apartment,9507,10305,triangles,"{'min_x': -0.613186, 'max_x': 0.829027, 'min_y': -0.700915, 'max_y': 0.770415, 'min_z': -0.532017, 'max_z': 0.346014}"
D00086_copy.obj,Apartment,5000,7548,triangles,"{'min_x': -0.920883, 'max_x': 0.863162, 'min_y': -0.3437806966265574, 'max_y': 1.32482, 'min_z': -0.415469, 'max_z': 0.293879}"
D00138_copy.obj,Apartment,5000,9700,triangles,"{'min_x': -0.7826820000097381, 'max_x': 0.7763390000274981, 'min_y': -0.514535, 'max_y': 0.6331569963581744, 'min_z': -0.317783, 'max_z': 0.1988849976210079}"
D00156_copy.obj,Apartment,5009,5718,triangles,"{'min_x': -0.8410298824908868, 'max_x': 0.879063985679612, 'min_y': -0.6873675689359161, 'max_y': 0.8353936098747964, 'min_z': -0.6788034132231795, 'max_z': 0.56673}"
D00310_copy.obj,Apartment,5000,7036,triangles,"{'min_x': -0.744656, 'max_x': 1.03298, 'min_y': -0.389316, 'max_y': 0.494357, 'min_z': -0.368775, 'max_z': 0.339434}"
D00348_copy.obj,Apartment,5000,8545,triangles,"{'min_x': -0.94171, 'max_x': 0.725458, 'min_y': -0.40949, 'max_y': 0.566411, 'min_z': -0.813025, 'max_z': 0.205192}"
D00366_copy.obj,Apartment,5000,9856,triangles,"{'min_x': -0.8954670000000002, 'max_x': 0.745644, 'min_y': -0.856715, 'max_y': 0.5910399999999998, 'min_z': -0.663917, 'max_z': 0.5294020000000002}"
D00478_copy.obj,Apartment,8128,8860,triangles,"{'min_x': -0.780623, 'max_x': 0.910492, 'min_y': -0.760414, 'max_y': 0.395431, 'min_z': -0.4579985202922638, 'max_z': 0.451362}"
D00496_copy.obj,Apartment,4987,8948,triangles,"{'min_x': -0.643419, 'max_x': 1.15353, 'min_y': -0.704659, 'max_y': 0.878216, 'min_z': -0.341188, 'max_z': 0.259608}"
D00626_copy.obj,Apartment,9256,17213,triangles,"{'min_x': -0.8843497952825061, 'max_x': 0.9059451817056772, 'min_y': -0.590688, 'max_y': 0.3300387147120924, 'min_z': -0.50091, 'max_z': 0.3735102385319884}"
D00639_copy.obj,Apartment,5000,9174,triangles,"{'min_x': -0.542818, 'max_x': 1.1410800000000003, 'min_y': -0.5442589999999999, 'max_y': 0.5000589759389639, 'min_z': -0.6878790000000006, 'max_z': 0.449116}"
D00651_copy.obj,Apartment,5010,5713,triangles,"{'min_x': -0.9710235567312339, 'max_x': 0.9064343850628631, 'min_y': -0.9695800169510141, 'max_y': 0.8334130811619817, 'min_z': -0.5539478701680081, 'max_z': 0.678567078714002}"
D00681_copy.obj,Apartment,9214,8488,triangles,"{'min_x': -0.674368, 'max_x': 1.09262, 'min_y': -0.7886949548288377, 'max_y': 0.579696, 'min_z': -0.469916, 'max_z': 0.647169}"
D00780_copy.obj,Apartment,5000,6661,triangles,"{'min_x': -0.977731, 'max_x': 0.7892233700820143, 'min_y': -0.618236, 'max_y': 0.449639, 'min_z': -0.188997, 'max_z': 0.3339382145792984}"
D00792_copy.obj,Apartment,5000,9001,triangles,"{'min_x': -0.795163, 'max_x': 1.10354, 'min_y': -0.965409, 'max_y': 0.963376, 'min_z': -0.669296, 'max_z': 0.859246}"
D00859_copy.obj,Apartment,5000,9173,triangles,"{'min_x': -0.8241760000000002, 'max_x': 1.07379, 'min_y': -0.6924730000000002, 'max_y': 0.611025, 'min_z': -0.33128, 'max_z': 0.2118460000000001}"
D00860_copy.obj,Apartment,8151,8968,triangles,"{'min_x': -0.764923, 'max_x': 0.927037, 'min_y': -0.760034, 'max_y': 0.391869, 'min_z': -0.451259, 'max_z': 0.451175}"
D00869_copy.obj,Apartment,5000,7687,triangles,"{'min_x': -0.9845127422728721, 'max_x': 0.6883828964537904, 'min_y': -0.5217671774124092, 'max_y': 0.644962, 'min_z': -0.380646, 'max_z': 0.551785}"
D00921_copy.obj,Apartment,5345,5284,triangles,"{'min_x': -0.8327564023296312, 'max_x': 0.822601, 'min_y': -0.487423, 'max_y': 0.529967, 'min_z': -0.558467, 'max_z': 0.548105}"
D00953_copy.obj,Apartment,5000,7577,triangles,"{'min_x': -0.949201, 'max_x': 0.665321, 'min_y': -0.8267989999999997, 'max_y': 0.896079, 'min_z': -0.4448870000000003, 'max_z': 0.51871}"
m463_copy.obj,Apartment,5000,9567,triangles,"{'min_x': 0.025, 'max_x': 0.785029, 'min_y': 0.025, 'max_y': 0.9750000000000001, 'min_z': 0.025, 'max_z': 0.574765}"
m464_copy.obj,Apartment,5000,6196,triangles,"{'min_x': 0.025, 'max_x': 0.347449, 'min_y': 0.025, 'max_y': 0.9750660804668718, 'min_z': 0.025, 'max_z': 0.296305}"
m465_copy.obj,Apartment,5000,9673,triangles,"{'min_x': 0.025, 'max_x': 0.21702, 'min_y': 0.025, 'max_y': 0.975, 'min_z': 0.025, 'max_z': 0.251523}"
m53_copy.obj,AquaticAnimal,5000,7969,triangles,"{'min_x': 0.025, 'max_x': 0.1633497344141883, 'min_y': 0.025, 'max_y': 0.3487779205620141, 'min_z': 0.025, 'max_z': 0.975}"
m54_copy.obj,AquaticAnimal,5000,7535,triangles,"{'min_x': 0.025, 'max_x': 0.2549351488080828, 'min_y': 0.025, 'max_y': 0.3713996869777375, 'min_z': 0.025465, 'max_z': 0.975}"
m55_copy.obj,AquaticAnimal,5000,7992,triangles,"{'min_x': 0.025, 'max_x': 0.18151, 'min_y': 0.025, 'max_y': 0.380146, 'min_z': 0.025, 'max_z': 0.975}"
m56_copy.obj,AquaticAnimal,5000,9265,triangles,"{'min_x': 0.025, 'max_x': 0.168956, 'min_y': 0.025, 'max_y': 0.367452, 'min_z': 0.025, 'max_z': 0.975}"
m57_copy.obj,AquaticAnimal,5000,8484,triangles,"{'min_x': 0.025, 'max_x': 0.143963, 'min_y': 0.025, 'max_y': 0.389443, 'min_z': 0.025, 'max_z': 0.9750011240651364}"
m58_copy.obj,AquaticAnimal,5000,9996,triangles,"{'min_x': 0.0250000000000001, 'max_x': 0.537049, 'min_y': 0.025, 'max_y': 0.5002109999999999, 'min_z': 0.025, 'max_z': 0.975}"
m59_copy.obj,AquaticAnimal,4996,9966,triangles,"{'min_x': 0.025, 'max_x': 0.225, 'min_y': 0.025, 'max_y': 0.225, 'min_z': 0.025, 'max_z': 0.975}"
m60_copy.obj,AquaticAnimal,5000,9996,triangles,"{'min_x': 0.0249999999999997, 'max_x': 0.3486739999999998, 'min_y': 0.025, 'max_y': 0.407675, 'min_z': 0.025, 'max_z': 0.975}"
m61_copy.obj,AquaticAnimal,5000,9608,triangles,"{'min_x': 0.025, 'max_x': 0.18743, 'min_y': 0.025, 'max_y': 0.443396, 'min_z': 0.025, 'max_z': 0.975}"
m62_copy.obj,AquaticAnimal,5000,9996,triangles,"{'min_x': 0.0249999999999999, 'max_x': 0.131276, 'min_y': 0.025, 'max_y': 0.749178, 'min_z': 0.025, 'max_z': 0.975}"
m63_copy.obj,AquaticAnimal,5000,9454,triangles,"{'min_x': 0.025, 'max_x': 0.975, 'min_y': 0.0249999999999999, 'max_y': 0.724541, 'min_z': 0.025, 'max_z': 0.777238}"
m64_copy.obj,AquaticAnimal,5000,9718,triangles,"{'min_x': 0.025, 'max_x': 0.975, 'min_y': 0.025, 'max_y': 0.545087, 'min_z': 0.025, 'max_z': 0.1789}"
m65_copy.obj,AquaticAnimal,5000,9870,triangles,"{'min_x': 0.025, 'max_x': 0.399816, 'min_y': 0.025, 'max_y': 0.604595, 'min_z': 0.025, 'max_z': 0.975}"
m66_copy.obj,AquaticAnimal,5000,9357,triangles,"{'min_x': 0.0249999999999999, 'max_x': 0.4457050000000001, 'min_y': 0.0249999999999994, 'max_y': 0.547553, 'min_z': 0.0250000000000034, 'max_z': 0.975}"
m67_copy.obj,AquaticAnimal,5000,9996,triangles,"{'min_x': 0.0249988547073708, 'max_x': 0.975, 'min_y': 0.025, 'max_y': 0.2497, 'min_z': 0.0250491324967582, 'max_z': 0.3889215018042438}"
m68_copy.obj,AquaticAnimal,5000,9992,triangles,"{'min_x': 0.025, 'max_x': 0.975, 'min_y': 0.025, 'max_y': 0.278519, 'min_z': 0.025, 'max_z': 0.18743}"
m69_copy.obj,AquaticAnimal,5000,9858,triangles,"{'min_x': 0.025, 'max_x': 0.357325, 'min_y': 0.025, 'max_y': 0.264776, 'min_z': 0.025, 'max_z': 0.975}"
m70_copy.obj,AquaticAnimal,5000,9844,triangles,"{'min_x': 0.025, 'max_x': 0.454415, 'min_y': 0.025, 'max_y': 0.266076, 'min_z': 0.025, 'max_z': 0.9749999999999998}"
m71_copy.obj,AquaticAnimal,5000,9996,triangles,"{'min_x': 0.025, 'max_x': 0.32599, 'min_y': 0.025, 'max_y': 0.3715349999999998, 'min_z': 0.025, 'max_z': 0.975}"
m72_copy.obj,AquaticAnimal,5000,9912,triangles,"{'min_x': 0.025, 'max_x': 0.456203, 'min_y': 0.025, 'max_y': 0.262828, 'min_z': 0.025, 'max_z': 0.975}"
m73_copy.obj,AquaticAnimal,5000,9968,triangles,"{'min_x': 0.025, 'max_x': 0.9749999999999985, 'min_y': 0.025, 'max_y': 0.610865, 'min_z': 0.025, 'max_z': 0.376181}"
m74_copy.obj,AquaticAnimal,5000,9857,triangles,"{'min_x': 0.025, 'max_x': 0.354455, 'min_y': 0.025, 'max_y': 0.321596, 'min_z': 0.025, 'max_z': 0.975}"
m75_copy.obj,AquaticAnimal,5000,9850,triangles,"{'min_x': 0.025, 'max_x': 0.538384, 'min_y': 0.0249999999999999, 'max_y': 0.299311, 'min_z': 0.025, 'max_z': 0.975}"
m76_copy.obj,AquaticAnimal,4999,9996,triangles,"{'min_x': 0.0250000000000001, 'max_x': 0.3959299999999999, 'min_y': 0.025, 'max_y': 0.35314, 'min_z': 0.025, 'max_z': 0.9749999999999999}"
m77_copy.obj,AquaticAnimal,5000,9864,triangles,"{'min_x': 0.025, 'max_x': 0.975, 'min_y': 0.025, 'max_y': 0.407994, 'min_z': 0.025, 'max_z': 0.611203}"
m78_copy.obj,AquaticAnimal,5000,9748,triangles,"{'min_x': 0.025, 'max_x': 0.975, 'min_y': 0.0249999999999755, 'max_y': 0.51665, 'min_z': 0.025, 'max_z': 0.4281810000000191}"
m79_copy.obj,AquaticAnimal,5000,9442,triangles,"{'min_x': 0.025, 'max_x': 0.975, 'min_y': 0.025, 'max_y': 0.256171, 'min_z': 0.025, 'max_z': 0.300958}"
m80_copy.obj,AquaticAnimal,5000,9716,triangles,"{'min_x': 0.025, 'max_x': 0.975, 'min_y': 0.0249999999999998, 'max_y': 0.308883, 'min_z': 0.025, 'max_z': 0.416001}"
m81_copy.obj,AquaticAnimal,4979,9778,triangles,"{'min_x': 0.0250000000000001, 'max_x': 0.4145, 'min_y': 0.025, 'max_y': 0.291, 'min_z': 0.025, 'max_z': 0.975}"
D00031_copy.obj,Bed,5000,9642,triangles,"{'min_x': -0.669666, 'max_x': 0.930426, 'min_y': -0.708463, 'max_y': 0.726534, 'min_z': -0.267503, 'max_z': 0.3121930000000001}"
D00110_copy.obj,Bed,5000,9603,triangles,"{'min_x': -0.8889, 'max_x': 0.7522300000000003, 'min_y': -0.718484, 'max_y': 0.524562, 'min_z': -0.220014, 'max_z': 0.339705}"
D00121_copy.obj,Bed,5000,9844,triangles,"{'min_x': -0.9122826159407096, 'max_x': 0.7857899228186467, 'min_y': -0.5996691651170859, 'max_y': 0.8585040062172804, 'min_z': -0.4820210969244935, 'max_z': 0.4632088880520518}"
D00184_copy.obj,Bed,5000,9766,triangles,"{'min_x': -0.937684, 'max_x': 0.750002, 'min_y': -0.891329, 'max_y': 0.664602, 'min_z': -0.466361, 'max_z': 0.341943}"
D00210_copy.obj,Bed,5000,9651,triangles,"{'min_x': -0.6676200940892634, 'max_x': 0.8174586697245156, 'min_y': -0.5332625590773373, 'max_y': 0.866731, 'min_z': -0.4125549684935157, 'max_z': 0.5462384799319704}"
D00213_copy.obj,Bed,4993,9945,triangles,"{'min_x': -0.955079, 'max_x': 0.747501, 'min_y': -0.365319, 'max_y': 0.50444, 'min_z': -0.375599, 'max_z': 0.275625}"
D00217_copy.obj,Bed,5000,9796,triangles,"{'min_x': -0.842601, 'max_x': 0.881592, 'min_y': -0.54509, 'max_y': 0.411619, 'min_z': -0.3038, 'max_z': 0.422549}"
D00307_copy.obj,Bed,5000,9695,triangles,"{'min_x': -0.820216, 'max_x': 0.991699, 'min_y': -0.833938, 'max_y': 0.8721060000000007, 'min_z': -0.213808, 'max_z': 0.392634}"
D00322_copy.obj,Bed,5000,9912,triangles,"{'min_x': -0.94314, 'max_x': 0.8640010397610086, 'min_y': -0.415536, 'max_y': 0.599245, 'min_z': -0.5209549966981857, 'max_z': 0.5206020781488246}"
D00417_copy.obj,Bed,5000,9928,triangles,"{'min_x': -0.7998223077161214, 'max_x': 0.7960464279427303, 'min_y': -0.5094140912427204, 'max_y': 0.6680828827673986, 'min_z': -0.3747892566316178, 'max_z': 0.302302}"
D00538_copy.obj,Bed,5000,9596,triangles,"{'min_x': -0.8382481424279623, 'max_x': 0.8387951916070447, 'min_y': -0.4797377930894832, 'max_y': 0.7026117184547501, 'min_z': -0.325735, 'max_z': 0.4117723113319418}"
D00545_copy.obj,Bed,5000,9775,triangles,"{'min_x': -0.8327340000000002, 'max_x': 0.8767840000000005, 'min_y': -0.47967, 'max_y': 0.747412, 'min_z': -0.39825, 'max_z': 0.3463339999999999}"
D00552_copy.obj,Bed,5000,9550,triangles,"{'min_x': -1.05698, 'max_x': 0.489625, 'min_y': -0.719045, 'max_y': 0.71651, 'min_z': -0.464456, 'max_z': 0.232915}"
D00565_copy.obj,Bed,5000,9786,triangles,"{'min_x': -1.0858799999999997, 'max_x': 0.602982, 'min_y': -0.605613, 'max_y': 0.718594, 'min_z': -0.375019, 'max_z': 0.180431}"
D00650_copy.obj,Bed,5000,9918,triangles,"{'min_x': -0.863733, 'max_x': 0.833154, 'min_y': -0.550605, 'max_y': 0.3775319999999999, 'min_z': -0.421559, 'max_z': 0.282019}"
D00735_copy.obj,Bed,5000,9295,triangles,"{'min_x': -0.644923, 'max_x': 1.11344, 'min_y': -0.684425, 'max_y': 0.73777, 'min_z': -0.312594, 'max_z': 0.476146}"
D00836_copy.obj,Bed,5000,9730,triangles,"{'min_x': -0.795864, 'max_x': 0.9190970000000002, 'min_y': -0.365307, 'max_y': 0.512459, 'min_z': -0.304602, 'max_z': 0.597853}"
D00839_copy.obj,Bed,5000,9918,triangles,"{'min_x': -0.8007260069276044, 'max_x': 0.864395479678848, 'min_y': -0.877287, 'max_y': 0.5697720428189897, 'min_z': -0.3519170140149726, 'max_z': 0.2909487473972796}"
D00969_copy.obj,Bed,5000,9168,triangles,"{'min_x': -0.9088004348739719, 'max_x': 0.798208, 'min_y': -0.928304, 'max_y': 0.5710528662429584, 'min_z': -0.4668868233132893, 'max_z': 0.379172849407851}"
D00988_copy.obj,Bed,5000,9946,triangles,"{'min_x': -0.8678880000000001, 'max_x': 0.815509, 'min_y': -0.726326, 'max_y': 0.426407, 'min_z': -0.517681, 'max_z': 0.208921}"
m945_copy.obj,Bed,5000,9417,triangles,"{'min_x': 0.025, 'max_x': 0.740004, 'min_y': 0.025, 'max_y': 0.813378, 'min_z': 0.025, 'max_z': 0.975}"
m946_copy.obj,Bed,5000,9578,triangles,"{'min_x': 0.025, 'max_x': 0.494149, 'min_y': 0.025, 'max_y': 0.4941470000000001, 'min_z': 0.025, 'max_z': 0.9750000000000003}"
m947_copy.obj,Bed,5000,9650,triangles,"{'min_x': 0.025, 'max_x': 0.721994, 'min_y': 0.025, 'max_y': 0.445454, 'min_z': 0.025, 'max_z': 0.9750000000000002}"
m948_copy.obj,Bed,5000,9844,triangles,"{'min_x': 0.025, 'max_x': 0.9750000000000001, 'min_y': 0.025, 'max_y': 0.8933820000000043, 'min_z': 0.025, 'max_z': 0.961408}"
m949_copy.obj,Bed,5000,9976,triangles,"{'min_x': 0.025, 'max_x': 0.956207, 'min_y': 0.025, 'max_y': 0.975, 'min_z': 0.025, 'max_z': 0.4899540000000001}"
m950_copy.obj,Bed,5000,9746,triangles,"{'min_x': 0.0249999999999998, 'max_x': 0.769384, 'min_y': 0.025, 'max_y': 0.8892270000000002, 'min_z': 0.025, 'max_z': 0.9750000000000001}"
m951_copy.obj,Bed,5000,9312,triangles,"{'min_x': 0.025, 'max_x': 0.797947, 'min_y': 0.025, 'max_y': 0.536752, 'min_z': 0.025, 'max_z': 0.9750000000000002}"
D00016_copy.obj,Bicycle,5000,9414,triangles,"{'min_x': -0.914299, 'max_x': 0.9599550000000002, 'min_y': -0.44062, 'max_y': 0.8181830000000001, 'min_z': -0.209935, 'max_z': 0.1778469999999999}"
D00033_copy.obj,Bicycle,4926,8838,triangles,"{'min_x': -1.0652, 'max_x': 0.878724, 'min_y': -0.3893079999999999, 'max_y': 0.704617, 'min_z': -0.281626, 'max_z': 0.310015}"
D00040_copy.obj,Bicycle,5473,7489,triangles,"{'min_x': -0.899261, 'max_x': 0.922008, 'min_y': -0.458162, 'max_y': 0.7497300877259028, 'min_z': -0.317615, 'max_z': 0.315559}"
D00077_copy.obj,Bicycle,5000,9269,triangles,"{'min_x': -0.8475809227612844, 'max_x': 1.0451623676337751, 'min_y': -0.6577411284898175, 'max_y': 0.4865589588586823, 'min_z': -0.3637168743130985, 'max_z': 0.2887029179114715}"
D00078_copy.obj,Bicycle,5000,9159,triangles,"{'min_x': -1.01698, 'max_x': 0.86983, 'min_y': -0.5966225370143681, 'max_y': 0.758111, 'min_z': -0.3650673925985616, 'max_z': 0.3584013993411295}"
D00462_copy.obj,Bicycle,5000,7932,triangles,"{'min_x': -0.9834178185428053, 'max_x': 0.9352983049058419, 'min_y': -0.5891512748480703, 'max_y': 0.6114954317243312, 'min_z': -0.2764306149019187, 'max_z': 0.2387307527380668}"
D00514_copy.obj,Bicycle,5000,9037,triangles,"{'min_x': -1.0004069079294842, 'max_x': 0.867701, 'min_y': -0.554131, 'max_y': 0.6977512640059175, 'min_z': -0.218428, 'max_z': 0.17829}"
D00536_copy.obj,Bicycle,5000,7972,triangles,"{'min_x': -0.885555695787972, 'max_x': 1.0228050814614396, 'min_y': -0.5521747576630407, 'max_y': 0.6796899804090318, 'min_z': -0.4594958254919988, 'max_z': 0.4366048452683902}"
D00555_copy.obj,Bicycle,5000,5748,triangles,"{'min_x': -0.9558616720325787, 'max_x': 0.970462, 'min_y': -0.4983848999736827, 'max_y': 0.7548957234791014, 'min_z': -0.3207108705297018, 'max_z': 0.3503714324454172}"
D00558_copy.obj,Bicycle,5000,8743,triangles,"{'min_x': -1.01428, 'max_x': 0.938784, 'min_y': -0.5397099180430078, 'max_y': 0.584583, 'min_z': -0.2829835832769164, 'max_z': 0.2362903970689876}"
D00567_copy.obj,Bicycle,4988,10020,triangles,"{'min_x': -0.9237990000000001, 'max_x': 0.9910989999999996, 'min_y': -0.503743, 'max_y': 0.6896789999999999, 'min_z': -0.288646, 'max_z': 0.2669480000000001}"
D00621_copy.obj,Bicycle,5000,9414,triangles,"{'min_x': -0.914804, 'max_x': 0.9568690000000003, 'min_y': -0.7206609999999998, 'max_y': 0.549773, 'min_z': -0.212118, 'max_z': 0.175426}"
D00708_copy.obj,Bicycle,5000,9096,triangles,"{'min_x': -0.993872, 'max_x': 0.942018, 'min_y': -0.56247, 'max_y': 0.649391, 'min_z': -0.3069869469819447, 'max_z': 0.2805205664551497}"
D00750_copy.obj,Bicycle,5000,9658,triangles,"{'min_x': -0.8115590000000001, 'max_x': 1.10338, 'min_y': -0.818838, 'max_y': 0.7363720000000001, 'min_z': -0.167292, 'max_z': 0.4396559999999999}"
D00838_copy.obj,Bicycle,5000,9115,triangles,"{'min_x': -0.942974, 'max_x': 0.971944, 'min_y': -0.638045, 'max_y': 0.560247, 'min_z': -0.297152886895088, 'max_z': 0.2835539735134657}"
D00847_copy.obj,Bicycle,5000,9152,triangles,"{'min_x': -0.932407, 'max_x': 0.973915, 'min_y': -0.589312101999211, 'max_y': 0.732026, 'min_z': -0.3611763747572207, 'max_z': 0.3618815836763288}"
D00904_copy.obj,Bicycle,5000,9840,triangles,"{'min_x': -0.959896, 'max_x': 0.953013, 'min_y': -0.599316, 'max_y': 0.637406, 'min_z': -0.196088, 'max_z': 0.191298}"
D00930_copy.obj,Bicycle,5000,8876,triangles,"{'min_x': -0.7420200288324534, 'max_x': 0.9939927838663397, 'min_y': -0.5191308865191087, 'max_y': 0.852751, 'min_z': -0.3442066208700616, 'max_z': 0.3373236512815939}"
D00931_copy.obj,Bicycle,5000,8517,triangles,"{'min_x': -0.9209027820534318, 'max_x': 0.8503589835838635, 'min_y': -0.4002065393270564, 'max_y': 0.6839574445883603, 'min_z': -0.4336902880300361, 'max_z': 0.1362866008912667}"
D00974_copy.obj,Bicycle,4976,9734,triangles,"{'min_x': -0.843326, 'max_x': 1.05063, 'min_y': -0.583879, 'max_y': 0.550897, 'min_z': -0.210511, 'max_z': 0.209059}"
m1472_copy.obj,Bicycle,5000,9531,triangles,"{'min_x': 0.025, 'max_x': 0.406458, 'min_y': 0.025, 'max_y': 0.5668160000000001, 'min_z': 0.025, 'max_z': 0.9750000000000002}"
m1473_copy.obj,Bicycle,4927,8838,triangles,"{'min_x': 0.025, 'max_x': 0.975, 'min_y': 0.025, 'max_y': 0.5576430000000007, 'min_z': 0.025, 'max_z': 0.314071}"
m1475_copy.obj,Bicycle,4975,9735,triangles,"{'min_x': 0.025, 'max_x': 0.975, 'min_y': 0.025, 'max_y': 0.513449, 'min_z': 0.025, 'max_z': 0.232333}"
m1476_copy.obj,Bicycle,4988,10020,triangles,"{'min_x': 0.025, 'max_x': 0.2996750000000001, 'min_y': 0.025, 'max_y': 0.574723, 'min_z': 0.025, 'max_z': 0.9750000000000001}"
m1477_copy.obj,Bicycle,5000,9163,triangles,"{'min_x': 0.025, 'max_x': 0.975, 'min_y': 0.025, 'max_y': 0.6161159565145153, 'min_z': 0.0250000671398173, 'max_z': 0.3760268667241638}"
m1478_copy.obj,Bicycle,5000,9414,triangles,"{'min_x': 0.025, 'max_x': 0.975, 'min_y': 0.025, 'max_y': 0.6116660000000025, 'min_z': 0.025, 'max_z': 0.223576}"
D00069_copy.obj,Biplane,5000,9740,triangles,"{'min_x': -1.06342, 'max_x': 0.9051370000000014, 'min_y': -0.446842, 'max_y': 0.553446, 'min_z': -0.1988470000000001, 'max_z': 0.199738}"
D00132_copy.obj,Biplane,5000,9410,triangles,"{'min_x': -0.948872, 'max_x': 0.947322, 'min_y': -0.416782, 'max_y': 0.85261, 'min_z': -0.129309, 'max_z': 0.255501}"
D00178_copy.obj,Biplane,5000,7689,triangles,"{'min_x': -0.580523, 'max_x': 0.487153, 'min_y': -0.469202, 'max_y': 0.5926544660435977, 'min_z': -0.176893, 'max_z': 0.1258550000000016}"
D00199_copy.obj,Biplane,5000,8164,triangles,"{'min_x': -1.01653, 'max_x': 0.915606, 'min_y': -0.38886, 'max_y': 1.07596, 'min_z': -0.234302, 'max_z': 0.339116}"
D00246_copy.obj,Biplane,4976,9154,triangles,"{'min_x': -0.984595, 'max_x': 0.998878, 'min_y': -0.395955, 'max_y': 0.632082, 'min_z': -0.193048, 'max_z': 0.139304}"
D00276_copy.obj,Biplane,5000,9820,triangles,"{'min_x': -1.08018, 'max_x': 0.699036, 'min_y': -0.8648610000000001, 'max_y': 0.766394, 'min_z': -0.468883, 'max_z': 0.4775380000000001}"
D00277_copy.obj,Biplane,5000,6209,triangles,"{'min_x': -0.5654850928608243, 'max_x': 0.8071808595645654, 'min_y': -1.0552553354935865, 'max_y': 0.8134262951301445, 'min_z': -0.2786624359982324, 'max_z': 0.2701443968247437}"
D00320_copy.obj,Biplane,5000,7781,triangles,"{'min_x': -0.990106, 'max_x': 0.984606, 'min_y': -0.7508494628108873, 'max_y': 0.4279009030356994, 'min_z': -0.152266, 'max_z': 0.3029889100505763}"
D00373_copy.obj,Biplane,4856,9117,triangles,"{'min_x': -0.666583, 'max_x': 0.863905, 'min_y': -0.96762, 'max_y': 0.930583, 'min_z': -0.376918, 'max_z': 0.245878}"
D00410_copy.obj,Biplane,5000,9920,triangles,"{'min_x': -1.1498, 'max_x': 0.772427, 'min_y': -0.571534, 'max_y': 0.6080459999999999, 'min_z': -0.231691, 'max_z': 0.173266}"
D00490_copy.obj,Biplane,5000,9484,triangles,"{'min_x': -0.858495, 'max_x': 0.970724, 'min_y': -0.555092593363003, 'max_y': 0.7108802662435153, 'min_z': -0.2669893063281005, 'max_z': 0.214699390982524}"
D00515_copy.obj,Biplane,5000,9752,triangles,"{'min_x': -0.890078, 'max_x': 0.687934, 'min_y': -0.889517, 'max_y': 0.863811, 'min_z': -0.31532, 'max_z': 0.254273}"
D00601_copy.obj,Biplane,5000,9673,triangles,"{'min_x': -0.8079090894460476, 'max_x': 0.8207839546326933, 'min_y': -0.4947208519426862, 'max_y': 0.784118, 'min_z': -0.350501, 'max_z': 0.447235}"
D00616_copy.obj,Biplane,5000,8730,triangles,"{'min_x': -1.0313862197309414, 'max_x': 0.95107, 'min_y': -0.5954146700541189, 'max_y': 0.3398431427115819, 'min_z': -0.1913834527429723, 'max_z': 0.1870575062393161}"
D00632_copy.obj,Biplane,5000,9640,triangles,"{'min_x': -0.845186, 'max_x': 0.628879, 'min_y': -0.93675, 'max_y': 0.935701, 'min_z': -0.236712999999999, 'max_z': 0.317531}"
D00634_copy.obj,Biplane,5781,7064,triangles,"{'min_x': -1.017335847689561, 'max_x': 0.9801680705955444, 'min_y': -0.7389884126190996, 'max_y': 1.5656712179502177, 'min_z': -0.3380785321165278, 'max_z': 0.259283}"
D00666_copy.obj,Biplane,5000,9586,triangles,"{'min_x': -1.22452, 'max_x': 0.693364, 'min_y': -0.946743, 'max_y': 0.962328, 'min_z': -0.266142, 'max_z': 0.179309}"
D00854_copy.obj,Biplane,5000,9362,triangles,"{'min_x': -0.967073, 'max_x': 0.4541341305438456, 'min_y': -0.9531646031354535, 'max_y': 0.979697441255768, 'min_z': -0.1908277826322106, 'max_z': 0.3547738249983953}"
D00890_copy.obj,Biplane,5000,8429,triangles,"{'min_x': -0.8891216445170088, 'max_x': 0.8822385036296747, 'min_y': -0.838597754309266, 'max_y': 0.7660891069747083, 'min_z': -0.2586614200463524, 'max_z': 0.3204642671768606}"
D00900_copy.obj,Biplane,5000,6280,triangles,"{'min_x': -1.1762409422284479, 'max_x': 0.8102454507074066, 'min_y': -0.8932970144956647, 'max_y': 0.4887583404820364, 'min_z': -0.1803279053917044, 'max_z': 0.2740135608188334}"
m1118_copy.obj,Biplane,5000,9056,triangles,"{'min_x': 0.025, 'max_x': 0.975, 'min_y': 0.025, 'max_y': 0.231623, 'min_z': 0.025, 'max_z': 0.5268841317529305}"
m1119_copy.obj,Biplane,5000,9806,triangles,"{'min_x': 0.025, 'max_x': 0.9750000000000001, 'min_y': 0.025, 'max_y': 0.379325, 'min_z': 0.025, 'max_z': 0.815271}"
m1120_copy.obj,Biplane,5000,8416,triangles,"{'min_x': 0.025, 'max_x': 0.9750016477724321, 'min_y': 0.0255045839384748, 'max_y': 0.3700895232846639, 'min_z': 0.0461977848001727, 'max_z': 0.8898506132810887}"
m1121_copy.obj,Biplane,5000,9636,triangles,"{'min_x': 0.025, 'max_x': 0.7922480000000001, 'min_y': 0.025, 'max_y': 0.975, 'min_z': 0.025, 'max_z': 0.3287490000000001}"
m1122_copy.obj,Biplane,5000,8097,triangles,"{'min_x': 0.025, 'max_x': 0.93572, 'min_y': 0.025, 'max_y': 0.975, 'min_z': 0.025, 'max_z': 0.304519}"
m1123_copy.obj,Biplane,5000,9582,triangles,"{'min_x': 0.025, 'max_x': 0.697675, 'min_y': 0.025, 'max_y': 0.975, 'min_z': 0.025, 'max_z': 0.318427}"
m1124_copy.obj,Biplane,5000,9548,triangles,"{'min_x': 0.025, 'max_x': 0.633082, 'min_y': 0.025, 'max_y': 0.975, 'min_z': 0.025, 'max_z': 0.240746}"
m1125_copy.obj,Biplane,5000,9524,triangles,"{'min_x': 0.025, 'max_x': 0.799082, 'min_y': 0.025, 'max_y': 0.975, 'min_z': 0.025, 'max_z': 0.274375}"
m1126_copy.obj,Biplane,5000,9640,triangles,"{'min_x': 0.025, 'max_x': 0.7881340000000001, 'min_y': 0.025, 'max_y': 0.975, 'min_z': 0.025, 'max_z': 0.236106}"
m1127_copy.obj,Biplane,5000,9650,triangles,"{'min_x': 0.025, 'max_x': 0.811053, 'min_y': 0.025, 'max_y': 0.975, 'min_z': 0.025, 'max_z': 0.219704}"
m1128_copy.obj,Biplane,5000,9628,triangles,"{'min_x': 0.025, 'max_x': 0.975, 'min_y': 0.025, 'max_y': 0.967087, 'min_z': 0.025, 'max_z': 0.241951}"
m1129_copy.obj,Biplane,5000,9390,triangles,"{'min_x': 0.0249999999999999, 'max_x': 0.9749999999999995, 'min_y': 0.025, 'max_y': 0.3465510000000001, 'min_z': 0.025, 'max_z': 0.6995079999999999}"
m1131_copy.obj,Biplane,5000,9670,triangles,"{'min_x': 0.025, 'max_x': 0.705618, 'min_y': 0.025, 'max_y': 0.975, 'min_z': 0.025, 'max_z': 0.196732}"
m1132_copy.obj,Biplane,5000,9524,triangles,"{'min_x': 0.025, 'max_x': 0.7227, 'min_y': 0.025, 'max_y': 0.975, 'min_z': 0.025, 'max_z': 0.209765}"
m1133_copy.obj,Biplane,5000,9640,triangles,"{'min_x': 0.025, 'max_x': 0.769747, 'min_y': 0.025, 'max_y': 0.975, 'min_z': 0.025, 'max_z': 0.3112170000000003}"
m1134_copy.obj,Biplane,5000,9644,triangles,"{'min_x': 0.025, 'max_x': 0.542388, 'min_y': 0.025, 'max_y': 0.975, 'min_z': 0.025, 'max_z': 0.1732}"
m1135_copy.obj,Biplane,5000,9544,triangles,"{'min_x': 0.025, 'max_x': 0.545907, 'min_y': 0.025, 'max_y': 0.975, 'min_z': 0.025, 'max_z': 0.181047}"
m1136_copy.obj,Biplane,5000,9740,triangles,"{'min_x': 0.025, 'max_x': 0.559108, 'min_y': 0.025, 'max_y': 0.975, 'min_z': 0.025, 'max_z': 0.233333}"
m1137_copy.obj,Biplane,5000,9492,triangles,"{'min_x': 0.025, 'max_x': 0.461983, 'min_y': 0.025, 'max_y': 0.975, 'min_z': 0.025, 'max_z': 0.199618}"
m1138_copy.obj,Biplane,5000,8998,triangles,"{'min_x': 0.052495, 'max_x': 0.975, 'min_y': 0.025, 'max_y': 0.907034, 'min_z': 0.025, 'max_z': 0.3778869999999999}"
m1139_copy.obj,Biplane,5000,8000,triangles,"{'min_x': 0.025, 'max_x': 0.647434, 'min_y': 0.025, 'max_y': 0.975, 'min_z': 0.025, 'max_z': 0.274384}"
m1141_copy.obj,Biplane,5000,9428,triangles,"{'min_x': 0.025, 'max_x': 0.975, 'min_y': 0.025, 'max_y': 0.310844, 'min_z': 0.0249659258743938, 'max_z': 0.6200300000000001}"
m1143_copy.obj,Biplane,5000,9732,triangles,"{'min_x': 0.0249999999999984, 'max_x': 0.5044950000000009, 'min_y': 0.0249999999999994, 'max_y': 0.9750000000000003, 'min_z': 0.025, 'max_z': 0.209713}"
m1144_copy.obj,Biplane,5000,9315,triangles,"{'min_x': 0.0249999999999998, 'max_x': 0.975, 'min_y': 0.025, 'max_y': 0.716901, 'min_z': 0.025, 'max_z': 0.291304}"
m1146_copy.obj,Biplane,5000,9437,triangles,"{'min_x': 0.025, 'max_x': 0.88836, 'min_y': 0.0249999999999999, 'max_y': 0.32216, 'min_z': 0.025, 'max_z': 0.975}"
D00089_copy.obj,Bird,5000,9996,triangles,"{'min_x': -1.16401, 'max_x': 0.785119, 'min_y': -0.562623, 'max_y': 0.507858, 'min_z': -0.3148170000000001, 'max_z': 0.154772}"
D00113_copy.obj,Bird,5000,9960,triangles,"{'min_x': -0.9899120321042353, 'max_x': 0.7301465128293109, 'min_y': -0.5669895809448485, 'max_y': 0.953950867768404, 'min_z': -0.5581987353160366, 'max_z': 0.6034678441233133}"
D00164_copy.obj,Bird,5000,9738,triangles,"{'min_x': -0.6935477832970683, 'max_x': 1.1895962084770064, 'min_y': -0.497441372997469, 'max_y': 0.6000596424842128, 'min_z': -0.4011921637288376, 'max_z': 0.105716}"
D00234_copy.obj,Bird,5000,9954,triangles,"{'min_x': -0.928219, 'max_x': 0.947521, 'min_y': -0.966801, 'max_y': 0.625768, 'min_z': -0.185647, 'max_z': 0.258145}"
D00271_copy.obj,Bird,5000,9020,triangles,"{'min_x': -1.1751196395988066, 'max_x': 0.7361053152703321, 'min_y': -0.67701, 'max_y': 0.6336539801547802, 'min_z': -0.1930107021488311, 'max_z': 0.2072908064368723}"
D00284_copy.obj,Bird,5000,9971,triangles,"{'min_x': -1.17688, 'max_x': 0.7230137636542373, 'min_y': -0.422593, 'max_y': 0.608828, 'min_z': -0.2677167478989308, 'max_z': 0.202101}"
D00323_copy.obj,Bird,5000,9786,triangles,"{'min_x': -0.777682, 'max_x': 1.19869, 'min_y': -0.188336, 'max_y': 0.343315, 'min_z': -0.049014, 'max_z': 0.043661}"
D00386_copy.obj,Bird,5000,9996,triangles,"{'min_x': -1.057619, 'max_x': 0.810894, 'min_y': -0.286252, 'max_y': 0.353767, 'min_z': -0.132731, 'max_z': 0.073903}"
D00438_copy.obj,Bird,4987,9883,triangles,"{'min_x': -1.18694, 'max_x': 0.786275, 'min_y': -0.545674, 'max_y': 0.371307, 'min_z': -0.194944, 'max_z': 0.064915}"
D00442_copy.obj,Bird,5000,9043,triangles,"{'min_x': -0.8747716111994785, 'max_x': 0.9122698206354283, 'min_y': -0.6169645671872072, 'max_y': 0.5062204705184303, 'min_z': -0.3769714694408428, 'max_z': 0.525607}"
D00546_copy.obj,Bird,5000,9476,triangles,"{'min_x': -1.23614, 'max_x': 0.715362, 'min_y': -0.288082, 'max_y': 0.408477, 'min_z': -0.248996, 'max_z': 0.150496}"
D00599_copy.obj,Bird,4986,9859,triangles,"{'min_x': -1.20739, 'max_x': 0.749861, 'min_y': -0.452237, 'max_y': 0.290011, 'min_z': -0.05299, 'max_z': 0.157614}"
D00625_copy.obj,Bird,5000,8176,triangles,"{'min_x': -0.757887, 'max_x': 1.149855, 'min_y': -0.803401, 'max_y': 0.63741, 'min_z': -0.705727, 'max_z': 0.286246}"
D00689_copy.obj,Bird,5000,9848,triangles,"{'min_x': -1.17894, 'max_x': 0.767141, 'min_y': -0.377306, 'max_y': 0.24427, 'min_z': -0.199, 'max_z': 0.340818}"
D00736_copy.obj,Bird,5000,9798,triangles,"{'min_x': -1.17942, 'max_x': 0.798489, 'min_y': -0.462894, 'max_y': 0.49027, 'min_z': -0.198137, 'max_z': 0.0846830000000005}"
D00762_copy.obj,Bird,5000,9996,triangles,"{'min_x': -1.0453, 'max_x': 0.749594, 'min_y': -0.723664, 'max_y': 0.858881, 'min_z': -0.387123, 'max_z': 0.264739}"
D00862_copy.obj,Bird,5000,9986,triangles,"{'min_x': -0.750402, 'max_x': 1.221329999999979, 'min_y': -0.536856, 'max_y': 0.40871, 'min_z': -0.4067559999999998, 'max_z': 0.099096}"
D00922_copy.obj,Bird,5000,9988,triangles,"{'min_x': -0.724867, 'max_x': 1.03105, 'min_y': -0.536531, 'max_y': 0.78013, 'min_z': -0.391794, 'max_z': 0.503437}"
D00961_copy.obj,Bird,5000,9860,triangles,"{'min_x': -1.190131, 'max_x': 0.793, 'min_y': -0.6843280000000003, 'max_y': 0.4446309999999999, 'min_z': -0.061147, 'max_z': 0.192211}"
D00999_copy.obj,Bird,5000,9993,triangles,"{'min_x': -1.23089, 'max_x': 0.765237, 'min_y': -0.317419, 'max_y': 0.37941, 'min_z': -0.093164, 'max_z': 0.178191}"
m28_copy.obj,Bird,5000,9528,triangles,"{'min_x': 0.025, 'max_x': 0.468681, 'min_y': 0.025, 'max_y': 0.578224, 'min_z': 0.025, 'max_z': 0.975}"
m29_copy.obj,Bird,5000,9934,triangles,"{'min_x': 0.025, 'max_x': 0.3467379999999999, 'min_y': 0.025, 'max_y': 0.9146820000000001, 'min_z': 0.025, 'max_z': 0.975}"
m30_copy.obj,Bird,5000,9687,triangles,"{'min_x': 0.0250000000000001, 'max_x': 0.35945, 'min_y': 0.0250000000000001, 'max_y': 0.524749, 'min_z': 0.025, 'max_z': 0.975}"
m31_copy.obj,Bird,5000,9928,triangles,"{'min_x': 0.025, 'max_x': 0.500847, 'min_y': 0.025, 'max_y': 0.975, 'min_z': 0.0249999999999999, 'max_z': 0.514588}"
m32_copy.obj,Bird,5000,9988,triangles,"{'min_x': 0.0249999999999999, 'max_x': 0.382772, 'min_y': 0.025, 'max_y': 0.658333, 'min_z': 0.025, 'max_z': 0.975}"
m33_copy.obj,Bird,5000,9876,triangles,"{'min_x': 0.025, 'max_x': 0.541498, 'min_y': 0.025, 'max_y': 0.6924560000000002, 'min_z': 0.025, 'max_z': 0.975}"
m34_copy.obj,Bird,5000,9996,triangles,"{'min_x': 0.025, 'max_x': 0.9750000000000234, 'min_y': 0.025, 'max_y': 0.257154, 'min_z': 0.025, 'max_z': 0.544293}"
m35_copy.obj,Bird,5000,9996,triangles,"{'min_x': 0.025, 'max_x': 0.792373, 'min_y': 0.025, 'max_y': 0.63608, 'min_z': 0.025, 'max_z': 0.9749999999999999}"
m36_copy.obj,Bird,5000,9898,triangles,"{'min_x': 0.025, 'max_x': 0.944541, 'min_y': 0.025, 'max_y': 0.808922, 'min_z': 0.025, 'max_z': 0.975}"
m37_copy.obj,Bird,5000,9996,triangles,"{'min_x': 0.025, 'max_x': 0.975, 'min_y': 0.025, 'max_y': 0.437258, 'min_z': 0.0250000000000001, 'max_z': 0.746203}"
m38_copy.obj,Bird,5000,9993,triangles,"{'min_x': 0.025, 'max_x': 0.975, 'min_y': 0.025, 'max_y': 0.260681, 'min_z': 0.025, 'max_z': 0.292609}"
m39_copy.obj,Bird,5000,9810,triangles,"{'min_x': 0.025, 'max_x': 0.883574, 'min_y': 0.025, 'max_y': 0.975, 'min_z': 0.025, 'max_z': 0.259557}"
m40_copy.obj,Bird,5000,9850,triangles,"{'min_x': 0.025, 'max_x': 0.975, 'min_y': 0.025, 'max_y': 0.284845, 'min_z': 0.025, 'max_z': 0.347879}"
m41_copy.obj,Bird,4987,9883,triangles,"{'min_x': 0.025, 'max_x': 0.975, 'min_y': 0.025, 'max_y': 0.147249, 'min_z': 0.025, 'max_z': 0.467716}"
m42_copy.obj,Bird,5000,9798,triangles,"{'min_x': 0.025, 'max_x': 0.975, 'min_y': 0.025, 'max_y': 0.210109, 'min_z': 0.025, 'max_z': 0.497043}"
m43_copy.obj,Bird,4936,9552,triangles,"{'min_x': 0.025, 'max_x': 0.927106, 'min_y': 0.025, 'max_y': 0.606166, 'min_z': 0.025, 'max_z': 0.975}"
m44_copy.obj,Bird,5000,9996,triangles,"{'min_x': 0.025, 'max_x': 0.975, 'min_y': 0.0249999999999997, 'max_y': 0.458833, 'min_z': 0.0249999999999997, 'max_z': 0.2663}"
m45_copy.obj,Bird,5000,9988,triangles,"{'min_x': 0.0250569505133012, 'max_x': 0.974956, 'min_y': 0.0247195527920627, 'max_y': 0.2903358865001065, 'min_z': 0.0248566040802691, 'max_z': 0.486435}"
m47_copy.obj,Bird,5000,9842,triangles,"{'min_x': 0.025, 'max_x': 0.695803, 'min_y': 0.025, 'max_y': 0.148154, 'min_z': 0.025, 'max_z': 0.975}"
m48_copy.obj,Bird,5000,9872,triangles,"{'min_x': 0.025, 'max_x': 0.488025, 'min_y': 0.025, 'max_y': 0.4560930000000001, 'min_z': 0.025, 'max_z': 0.9750000000000002}"
m49_copy.obj,Bird,5000,9579,triangles,"{'min_x': 0.025, 'max_x': 0.975, 'min_y': 0.025, 'max_y': 0.800992, 'min_z': 0.025, 'max_z': 0.691101}"
m50_copy.obj,Bird,5000,9996,triangles,"{'min_x': 0.025, 'max_x': 0.406048, 'min_y': 0.025, 'max_y': 0.564283, 'min_z': 0.025, 'max_z': 0.975}"
m51_copy.obj,Bird,5000,9980,triangles,"{'min_x': 0.025, 'max_x': 0.975, 'min_y': 0.025, 'max_y': 0.479684, 'min_z': 0.025, 'max_z': 0.551688}"
m52_copy.obj,Bird,5000,9972,triangles,"{'min_x': 0.025, 'max_x': 0.9750000000000003, 'min_y': 0.025, 'max_y': 0.620667, 'min_z': 0.025, 'max_z': 0.9099530000000002}"
D01009_copy.obj,Bookset,5000,9514,triangles,"{'min_x': 0.0, 'max_x': 0.42, 'min_y': 0.0, 'max_y': 0.26, 'min_z': 0.0, 'max_z': 0.2700000000000001}"
D01013_copy.obj,Bookset,5000,8184,triangles,"{'min_x': -0.050712, 'max_x': 0.215194, 'min_y': 0.207686, 'max_y': 0.665613, 'min_z': 0.0, 'max_z': 0.2798}"
D01030_copy.obj,Bookset,5000,9829,triangles,"{'min_x': 0.0, 'max_x': 0.421721, 'min_y': 0.0, 'max_y': 0.306934, 'min_z': 0.0, 'max_z': 0.347472}"
D01038_copy.obj,Bookset,4980,9685,triangles,"{'min_x': 4.969709, 'max_x': 5.194114, 'min_y': 3.424974, 'max_y': 4.391839, 'min_z': 0.3746499999999999, 'max_z': 0.73787}"
D01042_copy.obj,Bookset,5000,9257,triangles,"{'min_x': -1.9108490000000002, 'max_x': -1.673169, 'min_y': 0.678389, 'max_y': 0.885973, 'min_z': -0.056548, 'max_z': 0.221452}"
D01050_copy.obj,Bookset,5000,9821,triangles,"{'min_x': -0.0, 'max_x': 0.275274, 'min_y': -0.0, 'max_y': 0.28956, 'min_z': 0.0, 'max_z': 0.3189730000000001}"
D01065_copy.obj,Bookset,5000,7990,triangles,"{'min_x': 3.387116, 'max_x': 3.888541, 'min_y': 0.448335, 'max_y': 0.714241, 'min_z': -0.0004, 'max_z': 0.2794}"
D01078_copy.obj,Bookset,5000,9478,triangles,"{'min_x': 0.273999, 'max_x': 0.580868, 'min_y': 0.229734, 'max_y': 0.350384, 'min_z': 0.0, 'max_z': 0.17145}"
D01096_copy.obj,Bookset,4998,8660,triangles,"{'min_x': 0.0, 'max_x': 0.534848, 'min_y': 0.0, 'max_y': 0.29726, 'min_z': 0.0, 'max_z': 0.300496}"
D01108_copy.obj,Bookset,5000,9443,triangles,"{'min_x': 0.1725979999999974, 'max_x': 0.333604, 'min_y': 0.055124, 'max_y': 0.4539970000000002, 'min_z': 1.616453, 'max_z': 1.889558}"
D01109_copy.obj,Bookset,5000,9419,triangles,"{'min_x': 0.0, 'max_x': 0.21717, 'min_y': 0.0, 'max_y': 0.306869, 'min_z': 0.0, 'max_z': 0.269177}"
D01110_copy.obj,Bookset,4954,9821,triangles,"{'min_x': 0.0, 'max_x': 0.268736, 'min_y': 0.0, 'max_y': 0.28956, 'min_z': 0.0, 'max_z': 0.347472}"
D01122_copy.obj,Bookset,5000,9758,triangles,"{'min_x': 0.0, 'max_x': 0.198004, 'min_y': -0.020638, 'max_y': 0.105497, 'min_z': -0.0, 'max_z': 0.145403}"
D01135_copy.obj,Bookset,5000,9342,triangles,"{'min_x': -0.3210830000000007, 'max_x': 10.181497, 'min_y': -0.215404, 'max_y': 4.381266, 'min_z': -0.0093469999999895, 'max_z': 5.036256000000002}"
D01146_copy.obj,Bookset,5000,7148,triangles,"{'min_x': 2.26339, 'max_x': 2.53892, 'min_y': 2.04349, 'max_y': 2.3333, 'min_z': 0.0, 'max_z': 0.318973}"
D01182_copy.obj,Bookset,5000,9651,triangles,"{'min_x': -0.108086, 'max_x': 0.072563, 'min_y': 0.013947, 'max_y': 0.246285, 'min_z': 0.0, 'max_z': 0.24173}"
D01183_copy.obj,Bookset,5000,8999,triangles,"{'min_x': 1.038993, 'max_x': 2.955486, 'min_y': -0.216593, 'max_y': 0.965678, 'min_z': -8.1e-05, 'max_z': 1.732709}"
D01184_copy.obj,Bookset,5000,9633,triangles,"{'min_x': -0.0, 'max_x': 0.191003, 'min_y': -0.0, 'max_y': 0.230709, 'min_z': -1.206e-13, 'max_z': 0.326618}"
D01190_copy.obj,Bookset,5000,9601,triangles,"{'min_x': -1.3e-05, 'max_x': 0.164425, 'min_y': -2.411233000000001, 'max_y': -1.676628, 'min_z': 0.041233, 'max_z': 0.316375}"
D01199_copy.obj,Bookset,4981,9608,triangles,"{'min_x': 0.0, 'max_x': 13.521808, 'min_y': 0.0, 'max_y': 7.627565, 'min_z': -0.233235, 'max_z': 7.392814}"
D00020_copy.obj,Bottle,5000,9996,triangles,"{'min_x': -0.790026, 'max_x': 0.882518, 'min_y': -0.214855, 'max_y': 0.221754, 'min_z': -0.229202, 'max_z': 0.192811}"
D00123_copy.obj,Bottle,5000,9760,triangles,"{'min_x': -0.7859980000000001, 'max_x': 0.781472, 'min_y': -0.272641, 'max_y': 0.1226410000000001, 'min_z': -0.188644, 'max_z': 0.1751080000000001}"
D00139_copy.obj,Bottle,5000,9890,triangles,"{'min_x': -0.9180610000000001, 'max_x': 0.7282160000000002, 'min_y': -0.211906, 'max_y': 0.193114, 'min_z': -0.194712, 'max_z': 0.203996}"
D00166_copy.obj,Bottle,5000,9652,triangles,"{'min_x': -0.815624792883671, 'max_x': 0.9194909437214854, 'min_y': -0.3875050265887588, 'max_y': 0.4465861004444522, 'min_z': -0.2728934180401409, 'max_z': 0.2841712024560818}"
D00176_copy.obj,Bottle,5000,9996,triangles,"{'min_x': -0.7189211102972498, 'max_x': 0.9873568399905486, 'min_y': -0.22924, 'max_y': 0.32021, 'min_z': -0.268809, 'max_z': 0.262583}"
D00208_copy.obj,Bottle,5000,9992,triangles,"{'min_x': -0.951203, 'max_x': 0.75863, 'min_y': -0.268748, 'max_y': 0.267936, 'min_z': -0.243702, 'max_z': 0.250368}"
D00281_copy.obj,Bottle,5000,9892,triangles,"{'min_x': -0.8038870000000001, 'max_x': 0.904402, 'min_y': -0.3288240000000001, 'max_y': 0.192929, 'min_z': -0.284716, 'max_z': 0.233906}"
D00311_copy.obj,Bottle,5000,9992,triangles,"{'min_x': -0.831219, 'max_x': 0.878387, 'min_y': -0.338461, 'max_y': 0.3490360000000001, 'min_z': -0.336791, 'max_z': 0.344165}"
D00347_copy.obj,Bottle,5000,9936,triangles,"{'min_x': -1.0151900000000003, 'max_x': 0.565986, 'min_y': -0.171, 'max_y': 0.262845, 'min_z': -0.213249, 'max_z': 0.218416}"
D00350_copy.obj,Bottle,5000,9933,triangles,"{'min_x': -0.8946690000000005, 'max_x': 0.867081, 'min_y': -0.219912, 'max_y': 0.226588, 'min_z': -0.214901, 'max_z': 0.262761}"
D00390_copy.obj,Bottle,4999,9958,triangles,"{'min_x': -0.598016, 'max_x': 0.998903, 'min_y': -0.500791, 'max_y': 0.328432, 'min_z': -0.411989, 'max_z': 0.406055}"
D00451_copy.obj,Bottle,5000,9832,triangles,"{'min_x': -0.608839, 'max_x': 0.952938, 'min_y': -0.461541102599798, 'max_y': 0.284476, 'min_z': -0.3563451896408663, 'max_z': 0.3334257803165793}"
D00679_copy.obj,Bottle,5000,9503,triangles,"{'min_x': -0.9069387943374743, 'max_x': 0.8094648298116173, 'min_y': -0.229951, 'max_y': 0.305606, 'min_z': -0.271177, 'max_z': 0.25847}"
D00696_copy.obj,Bottle,5000,9774,triangles,"{'min_x': -1.044412131621746, 'max_x': 0.6530726408560328, 'min_y': -0.155046226252057, 'max_y': 0.3020010567546995, 'min_z': -0.2004598480057035, 'max_z': 0.2098375555576}"
D00711_copy.obj,Bottle,5000,9934,triangles,"{'min_x': -0.859195, 'max_x': 1.04485, 'min_y': -0.381496, 'max_y': 0.4613880000000002, 'min_z': -0.401455, 'max_z': 0.4278990000000001}"
D00716_copy.obj,Bottle,5000,9596,triangles,"{'min_x': -0.881118, 'max_x': 0.9545849999999999, 'min_y': -0.445327, 'max_y': 0.519924, 'min_z': -0.163849, 'max_z': 0.155909}"
D00726_copy.obj,Bottle,5000,9802,triangles,"{'min_x': -1.36136, 'max_x': 0.6006633771403215, 'min_y': -0.3323438505945461, 'max_y': 0.276589, 'min_z': -0.318716, 'max_z': 0.2909571431426454}"
D00892_copy.obj,Bottle,5000,9992,triangles,"{'min_x': -0.674448, 'max_x': 1.01623, 'min_y': -0.151915, 'max_y': 0.287525, 'min_z': -0.214476, 'max_z': 0.213408}"
D00940_copy.obj,Bottle,4999,9984,triangles,"{'min_x': -1.07424, 'max_x': 0.7315910000000002, 'min_y': -0.303107, 'max_y': 0.4757950000000002, 'min_z': -0.398902, 'max_z': 0.372505}"
D00959_copy.obj,Bottle,5000,9814,triangles,"{'min_x': -0.808843, 'max_x': 0.69574, 'min_y': -0.275198, 'max_y': 0.10899, 'min_z': -0.198302, 'max_z': 0.186067}"
m482_copy.obj,Bottle,4982,9588,triangles,"{'min_x': 0.025, 'max_x': 0.289643, 'min_y': 0.025, 'max_y': 0.9750000000000008, 'min_z': 0.025, 'max_z': 0.292987}"
m483_copy.obj,Bottle,5000,9318,triangles,"{'min_x': 0.025, 'max_x': 0.261391, 'min_y': 0.025, 'max_y': 0.9750000000000003, 'min_z': 0.025, 'max_z': 0.261391}"
m484_copy.obj,Bottle,5000,9962,triangles,"{'min_x': 0.025, 'max_x': 0.288882, 'min_y': 0.025, 'max_y': 0.975, 'min_z': 0.025, 'max_z': 0.28906}"
m485_copy.obj,Bottle,4976,9640,triangles,"{'min_x': 0.025, 'max_x': 0.289643, 'min_y': 0.025, 'max_y': 0.9750000000000005, 'min_z': 0.025, 'max_z': 0.289643}"
m486_copy.obj,Bottle,5000,9520,triangles,"{'min_x': 0.025, 'max_x': 0.301499, 'min_y': 0.025, 'max_y': 0.9750000000000004, 'min_z': 0.025, 'max_z': 0.302639}"
m487_copy.obj,Bottle,5000,9710,triangles,"{'min_x': 0.025, 'max_x': 0.313404, 'min_y': 0.025, 'max_y': 0.975000000000001, 'min_z': 0.025, 'max_z': 0.313404}"
m488_copy.obj,Bottle,5000,9996,triangles,"{'min_x': 0.025, 'max_x': 0.975, 'min_y': 0.025, 'max_y': 0.375332, 'min_z': 0.025, 'max_z': 0.375214}"
m489_copy.obj,Bottle,5000,9774,triangles,"{'min_x': 0.025, 'max_x': 0.343244, 'min_y': 0.025, 'max_y': 0.9750000000000003, 'min_z': 0.025, 'max_z': 0.328845}"
m490_copy.obj,Bottle,5000,9768,triangles,"{'min_x': 0.025, 'max_x': 0.363345, 'min_y': 0.025, 'max_y': 0.9750000000000001, 'min_z': 0.025, 'max_z': 0.363345}"
m491_copy.obj,Bottle,5000,9688,triangles,"{'min_x': 0.025, 'max_x': 0.549945, 'min_y': 0.025, 'max_y': 0.975, 'min_z': 0.025, 'max_z': 0.465025}"
m492_copy.obj,Bottle,4999,9996,triangles,"{'min_x': 0.025, 'max_x': 0.295008, 'min_y': 0.025, 'max_y': 0.295005, 'min_z': 0.025, 'max_z': 0.975}"
m382_copy.obj,BuildingNonResidential,5000,9772,triangles,"{'min_x': 0.025, 'max_x': 0.9448170000000001, 'min_y': 0.025, 'max_y': 0.670641, 'min_z': 0.025, 'max_z': 0.9750000000000001}"
m383_copy.obj,BuildingNonResidential,5000,9760,triangles,"{'min_x': 0.025, 'max_x': 0.63328, 'min_y': 0.025, 'max_y': 0.975, 'min_z': 0.025, 'max_z': 0.5881349999999999}"
m384_copy.obj,BuildingNonResidential,5000,7710,triangles,"{'min_x': 0.025, 'max_x': 0.975, 'min_y': 0.0, 'max_y': 0.2899019999999999, 'min_z': 0.025, 'max_z': 0.871086}"
m385_copy.obj,BuildingNonResidential,5000,8400,triangles,"{'min_x': 0.025, 'max_x': 0.899, 'min_y': 0.025, 'max_y': 0.975, 'min_z': 0.025, 'max_z': 0.6265620000000002}"
m386_copy.obj,BuildingNonResidential,5000,9944,triangles,"{'min_x': 0.025, 'max_x': 0.950794, 'min_y': 0.025, 'max_y': 0.975, 'min_z': 0.025, 'max_z': 0.940744}"
m387_copy.obj,BuildingNonResidential,4999,9564,triangles,"{'min_x': 0.025, 'max_x': 0.9750000000000003, 'min_y': 0.025, 'max_y': 0.4229060000000002, 'min_z': 0.025, 'max_z': 0.9203340000000001}"
m389_copy.obj,BuildingNonResidential,5000,9312,triangles,"{'min_x': 0.025, 'max_x': 0.74158, 'min_y': 0.025, 'max_y': 0.975, 'min_z': 0.025, 'max_z': 0.650205}"
m390_copy.obj,BuildingNonResidential,5000,8982,triangles,"{'min_x': 0.025, 'max_x': 0.846817, 'min_y': 0.032235, 'max_y': 0.752337, 'min_z': 0.025, 'max_z': 0.952219}"
m391_copy.obj,BuildingNonResidential,5000,9002,triangles,"{'min_x': 0.025, 'max_x': 0.608136, 'min_y': 0.025, 'max_y': 0.804944, 'min_z': 0.025, 'max_z': 0.975}"
m392_copy.obj,BuildingNonResidential,5000,9742,triangles,"{'min_x': 0.025, 'max_x': 0.816667, 'min_y': 0.025, 'max_y': 0.975, 'min_z': 0.025, 'max_z': 0.341667}"
m393_copy.obj,BuildingNonResidential,5000,9354,triangles,"{'min_x': 0.025, 'max_x': 0.975, 'min_y': 0.025, 'max_y': 0.635937, 'min_z': 0.025, 'max_z': 0.847742}"
m394_copy.obj,BuildingNonResidential,5000,9574,triangles,"{'min_x': 0.025, 'max_x': 0.898423, 'min_y': 0.025, 'max_y': 0.975, 'min_z': 0.025, 'max_z': 0.898642}"
m395_copy.obj,BuildingNonResidential,5000,9152,triangles,"{'min_x': 0.025, 'max_x': 0.928504, 'min_y': 0.025, 'max_y': 0.9739950000000002, 'min_z': 0.025000000000001, 'max_z': 0.9749999999999993}"
m396_copy.obj,BuildingNonResidential,5000,9202,triangles,"{'min_x': 0.025, 'max_x': 0.949627, 'min_y': 0.025, 'max_y': 0.975, 'min_z': 0.025, 'max_z': 0.8257510000000001}"
m397_copy.obj,BuildingNonResidential,5000,9956,triangles,"{'min_x': 0.0249999999999999, 'max_x': 0.975, 'min_y': 0.025, 'max_y': 0.9275040000000002, 'min_z': 0.025, 'max_z': 0.9749990000000011}"
m398_copy.obj,BuildingNonResidential,5000,9940,triangles,"{'min_x': 0.025, 'max_x': 0.870248, 'min_y': 0.025, 'max_y': 0.642704, 'min_z': 0.025, 'max_z': 0.975}"
m399_copy.obj,BuildingNonResidential,5000,8271,triangles,"{'min_x': 0.025, 'max_x': 0.975, 'min_y': 0.025, 'max_y': 0.6077406834879818, 'min_z': 0.025, 'max_z': 0.971631}"
m400_copy.obj,BuildingNonResidential,5000,9652,triangles,"{'min_x': 0.025, 'max_x': 0.778448, 'min_y': 0.025, 'max_y': 0.788603, 'min_z': 0.025, 'max_z': 0.975}"
m401_copy.obj,BuildingNonResidential,5000,9400,triangles,"{'min_x': 0.025, 'max_x': 0.975, 'min_y': 0.025, 'max_y': 0.20617, 'min_z': 0.025, 'max_z': 0.975}"
m402_copy.obj,BuildingNonResidential,5000,8210,triangles,"{'min_x': 0.025, 'max_x': 0.6500300000000001, 'min_y': 0.025, 'max_y': 0.9749996831880682, 'min_z': 0.025, 'max_z': 0.665527}"
m404_copy.obj,BuildingNonResidential,5000,6899,triangles,"{'min_x': 0.025, 'max_x': 0.9750000000000002, 'min_y': 0.025, 'max_y': 0.427949, 'min_z': 0.025, 'max_z': 0.7455060000000001}"
m405_copy.obj,BuildingNonResidential,5000,9703,triangles,"{'min_x': 0.0249978308906016, 'max_x': 0.9750034395209999, 'min_y': 0.025, 'max_y': 0.8694702050502218, 'min_z': 0.0249999406777779, 'max_z': 0.9440470593222222}"
m406_copy.obj,BuildingNonResidential,5000,9026,triangles,"{'min_x': 0.025, 'max_x': 0.703779, 'min_y': 0.0249870385648444, 'max_y': 0.9749774999334883, 'min_z': 0.025481, 'max_z': 0.678021}"
m407_copy.obj,BuildingNonResidential,5000,9592,triangles,"{'min_x': 0.025, 'max_x': 0.799381, 'min_y': 0.025, 'max_y': 0.975, 'min_z': 0.025, 'max_z': 0.756027}"
m408_copy.obj,BuildingNonResidential,5000,9608,triangles,"{'min_x': 0.025, 'max_x': 0.6448120000000002, 'min_y': 0.025, 'max_y': 0.5929350000000002, 'min_z': 0.025, 'max_z': 0.975}"
m409_copy.obj,BuildingNonResidential,5000,7861,triangles,"{'min_x': 0.025, 'max_x': 0.975, 'min_y': 0.025, 'max_y': 0.221457, 'min_z': 0.025, 'max_z': 0.708173}"
m410_copy.obj,BuildingNonResidential,5000,9594,triangles,"{'min_x': 0.025, 'max_x': 0.975, 'min_y': 0.025, 'max_y': 0.441981, 'min_z': 0.025, 'max_z': 0.9457210000000001}"
m412_copy.obj,BuildingNonResidential,5000,8808,triangles,"{'min_x': 0.025, 'max_x': 0.975, 'min_y': 0.025, 'max_y': 0.12811, 'min_z': 0.025, 'max_z': 0.511585}"
m413_copy.obj,BuildingNonResidential,5000,9588,triangles,"{'min_x': 0.025, 'max_x': 0.9750000000000001, 'min_y': 0.025, 'max_y': 0.880604, 'min_z': 0.025, 'max_z': 0.8827940000000001}"
m414_copy.obj,BuildingNonResidential,5000,9800,triangles,"{'min_x': 0.025, 'max_x': 0.975, 'min_y': 0.025, 'max_y': 0.724105, 'min_z': 0.025, 'max_z': 0.975}"
m415_copy.obj,BuildingNonResidential,5000,9900,triangles,"{'min_x': 0.025, 'max_x': 0.695588, 'min_y': 0.025, 'max_y': 0.460882, 'min_z': 0.025, 'max_z': 0.9750000000000002}"
m416_copy.obj,BuildingNonResidential,5000,9256,triangles,"{'min_x': 0.025, 'max_x': 0.515574, 'min_y': 0.025, 'max_y': 0.412632, 'min_z': 0.025, 'max_z': 0.975}"
m418_copy.obj,BuildingNonResidential,5000,9704,triangles,"{'min_x': 0.025, 'max_x': 0.713878, 'min_y': 0.025, 'max_y': 0.643535, 'min_z': 0.025, 'max_z': 0.975}"
m420_copy.obj,BuildingNonResidential,5000,8492,triangles,"{'min_x': 0.025, 'max_x': 0.66475, 'min_y': 0.025, 'max_y': 0.403287, 'min_z': 0.025, 'max_z': 0.975}"
m421_copy.obj,BuildingNonResidential,5000,7295,triangles,"{'min_x': 0.025, 'max_x': 0.587413, 'min_y': 0.025, 'max_y': 0.32854, 'min_z': 0.025, 'max_z': 0.975}"
m470_copy.obj,BuildingNonResidential,5000,9623,triangles,"{'min_x': 0.025, 'max_x': 0.191721, 'min_y': 0.025, 'max_y': 0.659424, 'min_z': 0.025, 'max_z': 0.975}"
m471_copy.obj,BuildingNonResidential,5000,9916,triangles,"{'min_x': 0.025, 'max_x': 0.253, 'min_y': 0.025, 'max_y': 0.975, 'min_z': 0.025, 'max_z': 0.241728}"
m472_copy.obj,BuildingNonResidential,5000,9988,triangles,"{'min_x': 0.025, 'max_x': 0.479545, 'min_y': 0.025, 'max_y': 0.975, 'min_z': 0.025, 'max_z': 0.479545}"
m474_copy.obj,BuildingNonResidential,5000,9948,triangles,"{'min_x': 0.025, 'max_x': 0.968491, 'min_y': 0.025, 'max_y': 0.8290630000000001, 'min_z': 0.025, 'max_z': 0.975}"
m475_copy.obj,BuildingNonResidential,5000,9448,triangles,"{'min_x': 0.025, 'max_x': 0.975, 'min_y': 0.025, 'max_y': 0.531667, 'min_z': 0.025, 'max_z': 0.975}"
m477_copy.obj,BuildingNonResidential,5000,9114,triangles,"{'min_x': 0.025, 'max_x': 0.975, 'min_y': 0.025, 'max_y': 0.305965, 'min_z': 0.025, 'max_z': 0.405}"
m478_copy.obj,BuildingNonResidential,5000,8656,triangles,"{'min_x': 0.025, 'max_x': 0.975, 'min_y': 0.025, 'max_y': 0.167204, 'min_z': 0.025, 'max_z': 0.850572}"
m479_copy.obj,BuildingNonResidential,5000,9416,triangles,"{'min_x': 0.025, 'max_x': 0.975, 'min_y': 0.025, 'max_y': 0.298318, 'min_z': 0.025, 'max_z': 0.51947}"
m481_copy.obj,BuildingNonResidential,5000,9368,triangles,"{'min_x': 0.025, 'max_x': 0.975, 'min_y': 0.025, 'max_y': 0.215, 'min_z': 0.025, 'max_z': 0.975}"
D00084_copy.obj,Bus,5000,8145,triangles,"{'min_x': -1.251994860053432, 'max_x': 4.228804838633002, 'min_y': -10.3559, 'max_y': 14.7305, 'min_z': -0.038539, 'max_z': 6.70683}"
D00114_copy.obj,Bus,4569,8497,triangles,"{'min_x': 0.0074244891007756, 'max_x': 6.85437, 'min_y': 0.0299705, 'max_y': 2.27924, 'min_z': 0.0003304433764503, 'max_z': 3.89766}"
D00151_copy.obj,Bus,5000,7686,triangles,"{'min_x': 2.48649, 'max_x': 5.831823088752384, 'min_y': 0.1856575672866236, 'max_y': 13.4614, 'min_z': 0.00763302, 'max_z': 4.19794}"
D00179_copy.obj,Bus,4592,7541,triangles,"{'min_x': 0.171614, 'max_x': 3.75681, 'min_y': 0.4423699880847797, 'max_y': 14.485, 'min_z': -0.0054111028545122, 'max_z': 4.0961}"
D00182_copy.obj,Bus,6440,9244,triangles,"{'min_x': -5.6355, 'max_x': 36.5421, 'min_y': -7.239270759086124, 'max_y': 1.6006384434176857, 'min_z': 0.0, 'max_z': 161.48124468812523}"
D00264_copy.obj,Bus,5000,9252,triangles,"{'min_x': -0.6413839072335614, 'max_x': 2.9059632971029616, 'min_y': -14.563085172174551, 'max_y': -2.19661, 'min_z': -0.363642, 'max_z': 3.2131}"
D00411_copy.obj,Bus,4491,8512,triangles,"{'min_x': 0.0256566, 'max_x': 16.915700000000005, 'min_y': -0.632451, 'max_y': 5.09987, 'min_z': 0.0, 'max_z': 4.43126}"
D00436_copy.obj,Bus,5000,9673,triangles,"{'min_x': 4.57472, 'max_x': 8.62012, 'min_y': -9.826790000000003, 'max_y': 2.6764099999999997, 'min_z': 0.0347496999999999, 'max_z': 3.8925899999999998}"
D00446_copy.obj,Bus,5000,9206,triangles,"{'min_x': -7.22028, 'max_x': 7.780000000000001, 'min_y': -2.765019999999997, 'max_y': 0.26406, 'min_z': -0.4942840000000001, 'max_z': 4.2705600000000015}"
D00448_copy.obj,Bus,5000,8112,triangles,"{'min_x': 2.53263, 'max_x': 8.80677, 'min_y': 2.136695458507053, 'max_y': 4.29352, 'min_z': -0.465848, 'max_z': 2.1263957639731017}"
D00483_copy.obj,Bus,5000,6311,triangles,"{'min_x': -264.916, 'max_x': 32.4819, 'min_y': -114.81, 'max_y': 580.567, 'min_z': -0.0353950725747655, 'max_z': 286.37017960015186}"
D00516_copy.obj,Bus,5000,9449,triangles,"{'min_x': -9.10837, 'max_x': 0.470615, 'min_y': 2.9880079999999998, 'max_y': 5.816505000000001, 'min_z': 0.013357, 'max_z': 2.9440600000000017}"
D00677_copy.obj,Bus,5000,7449,triangles,"{'min_x': -0.0206829503417513, 'max_x': 5.39972307759881, 'min_y': -1.09583, 'max_y': 1.09583, 'min_z': -0.0152383742573024, 'max_z': 2.4654675973659153}"
D00754_copy.obj,Bus,5000,7897,triangles,"{'min_x': 0.0002322779443616, 'max_x': 2.803669807091096, 'min_y': 0.0005911629849328, 'max_y': 14.1246, 'min_z': -0.0113228093405753, 'max_z': 4.22799}"
D00769_copy.obj,Bus,5000,7519,triangles,"{'min_x': -0.0033382116275823, 'max_x': 2.6033382998325063, 'min_y': 0.0, 'max_y': 12.828, 'min_z': -0.0193703880319072, 'max_z': 4.69562}"
D00775_copy.obj,Bus,5000,7771,triangles,"{'min_x': -0.1645263705820039, 'max_x': 10.500822103090265, 'min_y': -0.2530471496437723, 'max_y': 2.6076467678716724, 'min_z': -0.2081878713307802, 'max_z': 4.000327514131506}"
D00815_copy.obj,Bus,5000,9160,triangles,"{'min_x': -6.017871, 'max_x': 6.017871, 'min_y': -1.359204, 'max_y': 1.359204, 'min_z': -1.900115, 'max_z': 1.900115}"
D00823_copy.obj,Bus,5000,8809,triangles,"{'min_x': 3.06768, 'max_x': 6.76214, 'min_y': -1e-16, 'max_y': 12.3689, 'min_z': -0.064998, 'max_z': 3.37945}"
D00832_copy.obj,Bus,5000,9674,triangles,"{'min_x': 0.374132, 'max_x': 3.5229740000000014, 'min_y': 0.4900719999999997, 'max_y': 6.95378, 'min_z': -1e-16, 'max_z': 2.708755000000001}"
D00857_copy.obj,Bus,4892,8098,triangles,"{'min_x': -2.85392, 'max_x': 7.80611, 'min_y': -2.57347, 'max_y': 0.3048, 'min_z': 0.011314, 'max_z': 3.3021}"
D00168_copy.obj,Car,5000,9014,triangles,"{'min_x': -1.0756800000000002, 'max_x': 0.8175780000000001, 'min_y': -0.297973, 'max_y': 0.423048, 'min_z': -0.326069, 'max_z': 0.3170560000000001}"
D00236_copy.obj,Car,9164,9557,triangles,"{'min_x': -24.162915073602974, 'max_x': 0.799645, 'min_y': -9.09580247755546, 'max_y': 0.4924228554810943, 'min_z': -262.29855434501815, 'max_z': 0.530212}"
D00260_copy.obj,Car,14830,14877,triangles,"{'min_x': -1.0374083604908089, 'max_x': 35.090068769923036, 'min_y': -372.1820234376066, 'max_y': 0.621401, 'min_z': -83.67301258484831, 'max_z': 0.4037876386199282}"
D00265_copy.obj,Car,4922,9085,triangles,"{'min_x': -1.08126, 'max_x': 0.860791, 'min_y': -0.407091, 'max_y': 0.369185, 'min_z': -0.32611, 'max_z': 0.261426}"
D00299_copy.obj,Car,5000,9949,triangles,"{'min_x': -0.8538410644729957, 'max_x': 0.7754352439590746, 'min_y': -0.457605, 'max_y': 0.6489448965503621, 'min_z': -0.4023831391457584, 'max_z': 0.5131776857444735}"
D00377_copy.obj,Car,5000,9995,triangles,"{'min_x': -0.780183, 'max_x': 0.917149, 'min_y': -0.462143, 'max_y': 0.384177, 'min_z': -0.260185, 'max_z': 0.217424}"
D00405_copy.obj,Car,5000,8462,triangles,"{'min_x': -0.795729920337007, 'max_x': 1.0277303717054214, 'min_y': -0.4080052666548845, 'max_y': 0.5020323351203725, 'min_z': -0.3557167643474277, 'max_z': 0.503341}"
D00452_copy.obj,Car,5000,9739,triangles,"{'min_x': -1.0114889317173372, 'max_x': 0.744895, 'min_y': -0.4073097337224077, 'max_y': 0.5621456847320365, 'min_z': -0.3791498452078392, 'max_z': 0.4301098224633006}"
D00504_copy.obj,Car,4865,7713,triangles,"{'min_x': -1.03804, 'max_x': 0.821696, 'min_y': -0.439167, 'max_y': 0.608145, 'min_z': -0.215415, 'max_z': 0.360576}"
D00541_copy.obj,Car,5000,7871,triangles,"{'min_x': -1.09073, 'max_x': 0.789453, 'min_y': -0.3817390000000001, 'max_y': 0.499111, 'min_z': -0.482262, 'max_z': 0.397676}"
D00618_copy.obj,Car,5000,8478,triangles,"{'min_x': -1.10077, 'max_x': 0.832571, 'min_y': -0.397933, 'max_y': 0.426797, 'min_z': -0.2244760000000001, 'max_z': 0.297102}"
D00670_copy.obj,Car,5000,7711,triangles,"{'min_x': -0.9887230000000001, 'max_x': 0.9533729999999999, 'min_y': -0.4356320000000002, 'max_y': 0.289791, 'min_z': -0.303878, 'max_z': 0.2597929999999999}"
D00671_copy.obj,Car,5000,8534,triangles,"{'min_x': -1.0470749639716526, 'max_x': 0.84565, 'min_y': -0.3578740634874631, 'max_y': 0.3526294815918513, 'min_z': -0.3503883362600263, 'max_z': 0.283784}"
D00724_copy.obj,Car,5540,5608,triangles,"{'min_x': -1.02766, 'max_x': 0.8248253012706968, 'min_y': -0.547571, 'max_y': 0.38916, 'min_z': -0.429037275082668, 'max_z': 0.3858601837004891}"
D00767_copy.obj,Car,5000,9748,triangles,"{'min_x': -1.0977211199303425, 'max_x': 0.829673, 'min_y': -0.4823893226047411, 'max_y': 0.364336, 'min_z': -0.356135, 'max_z': 0.3816626228722459}"
D00785_copy.obj,Car,5000,7108,triangles,"{'min_x': -0.938098, 'max_x': 0.9069559852014637, 'min_y': -0.314561, 'max_y': 0.494684, 'min_z': -0.3871188727647282, 'max_z': 0.3578962122955491}"
D00793_copy.obj,Car,5000,9257,triangles,"{'min_x': -0.975232, 'max_x': 0.961661, 'min_y': -0.366168, 'max_y': 0.493747, 'min_z': -0.221939, 'max_z': 0.391463}"
D00803_copy.obj,Car,5000,9610,triangles,"{'min_x': -0.9025542332186347, 'max_x': 1.0137965703899718, 'min_y': -0.2782888848380167, 'max_y': 0.4000481200896075, 'min_z': -0.2269525145335893, 'max_z': 0.2236756733232795}"
D00865_copy.obj,Car,5000,6590,triangles,"{'min_x': -0.934582645234761, 'max_x': 0.952445, 'min_y': -0.293511, 'max_y': 0.4346393852814108, 'min_z': -0.4290861537053104, 'max_z': 0.3114234034185497}"
D00976_copy.obj,Car,5000,6128,triangles,"{'min_x': -0.9118834945886636, 'max_x': 0.8668586953962453, 'min_y': -0.5710581675887066, 'max_y': 0.4018288929289479, 'min_z': -0.286366, 'max_z': 0.4157820600769172}"
m1485_copy.obj,Car,5000,9965,triangles,"{'min_x': 0.025, 'max_x': 0.422203, 'min_y': 0.025, 'max_y': 0.460334, 'min_z': 0.025, 'max_z': 0.975}"
m1486_copy.obj,Car,5000,9822,triangles,"{'min_x': 0.025, 'max_x': 0.442566, 'min_y': 0.025, 'max_y': 0.3966921248029628, 'min_z': 0.025, 'max_z': 0.975}"
m1487_copy.obj,Car,4934,9597,triangles,"{'min_x': 0.025, 'max_x': 0.479235, 'min_y': 0.025, 'max_y': 0.398424, 'min_z': 0.025, 'max_z': 0.975}"
m1488_copy.obj,Car,5000,9111,triangles,"{'min_x': 0.025, 'max_x': 0.5688049999999999, 'min_y': 0.025, 'max_y': 0.5068100000000001, 'min_z': 0.025, 'max_z': 0.9750000000000001}"
m1489_copy.obj,Car,5000,9984,triangles,"{'min_x': 0.025, 'max_x': 0.505159, 'min_y': 0.025, 'max_y': 0.495657, 'min_z': 0.025, 'max_z': 0.975}"
m1490_copy.obj,Car,5000,9162,triangles,"{'min_x': 0.025, 'max_x': 0.9750000000000008, 'min_y': 0.0249999999999997, 'max_y': 0.516427, 'min_z': 0.025, 'max_z': 0.4275010000000001}"
m1492_copy.obj,Car,5000,9052,triangles,"{'min_x': 0.025, 'max_x': 0.4995020000000001, 'min_y': 0.025, 'max_y': 0.5936071785381999, 'min_z': 0.025, 'max_z': 0.975}"
m1495_copy.obj,Car,5000,9487,triangles,"{'min_x': 0.0249949922958363, 'max_x': 0.975, 'min_y': 0.0251614552711716, 'max_y': 0.4517040265627041, 'min_z': 0.025, 'max_z': 0.35359}"
m1496_copy.obj,Car,5000,9932,triangles,"{'min_x': 0.025, 'max_x': 0.3742431990251115, 'min_y': 0.025, 'max_y': 0.356087, 'min_z': 0.0249913275212662, 'max_z': 0.975}"
m1497_copy.obj,Car,5000,9914,triangles,"{'min_x': 0.025, 'max_x': 0.975, 'min_y': 0.025, 'max_y': 0.327574, 'min_z': 0.025, 'max_z': 0.3428920000000001}"
m1498_copy.obj,Car,4857,8789,triangles,"{'min_x': 0.025, 'max_x': 0.375032, 'min_y': 0.025, 'max_y': 0.296635, 'min_z': 0.025, 'max_z': 0.975}"
m1499_copy.obj,Car,5000,9377,triangles,"{'min_x': 0.0250024683836341, 'max_x': 0.9749965516412901, 'min_y': 0.025, 'max_y': 0.3821354854826407, 'min_z': 0.0245353279168798, 'max_z': 0.5221106747011848}"
m1500_copy.obj,Car,5000,9972,triangles,"{'min_x': 0.025, 'max_x': 0.427681, 'min_y': 0.025, 'max_y': 0.380906, 'min_z': 0.025, 'max_z': 0.975}"
m1502_copy.obj,Car,4925,6882,triangles,"{'min_x': 0.025, 'max_x': 0.975, 'min_y': 0.025, 'max_y': 0.206406, 'min_z': 0.025, 'max_z': 0.504835}"
m1503_copy.obj,Car,5000,7507,triangles,"{'min_x': 0.0241328330253562, 'max_x': 0.975, 'min_y': 0.0212853543716585, 'max_y': 0.216294, 'min_z': 0.025, 'max_z': 0.201974}"
m1504_copy.obj,Car,5000,9221,triangles,"{'min_x': 0.025, 'max_x': 0.4504670000000001, 'min_y': 0.025, 'max_y': 0.212706, 'min_z': 0.025, 'max_z': 0.9749999999999998}"
m1505_copy.obj,Car,5000,8890,triangles,"{'min_x': 0.025, 'max_x': 0.391308, 'min_y': 0.0249432961218063, 'max_y': 0.210469, 'min_z': 0.025, 'max_z': 0.9750536911524831}"
m1506_copy.obj,Car,5000,9067,triangles,"{'min_x': 0.025, 'max_x': 0.5629020000000002, 'min_y': 0.0249999999999999, 'max_y': 0.9750000000000001, 'min_z': 0.0249999999999994, 'max_z': 0.2772360000000001}"
m1507_copy.obj,Car,5000,9726,triangles,"{'min_x': 0.025, 'max_x': 0.437739, 'min_y': 0.025, 'max_y': 0.213081, 'min_z': 0.025, 'max_z': 0.975}"
m1508_copy.obj,Car,5000,6213,triangles,"{'min_x': 0.025, 'max_x': 0.975, 'min_y': 0.0249999999999882, 'max_y': 0.2126350000000001, 'min_z': 0.025, 'max_z': 0.419927}"
m1509_copy.obj,Car,4999,9898,triangles,"{'min_x': 0.0249680178577999, 'max_x': 0.5525817371984443, 'min_y': 0.0243642019371488, 'max_y': 0.3871239082205589, 'min_z': 0.0249992001049741, 'max_z': 0.9750065563218098}"
m1510_copy.obj,Car,5000,9937,triangles,"{'min_x': 0.0249999990793665, 'max_x': 0.4880360010641261, 'min_y': 0.0249424284080589, 'max_y': 0.2455629204300701, 'min_z': 0.0249972154094979, 'max_z': 0.9751179213571867}"
m1511_copy.obj,Car,5000,9531,triangles,"{'min_x': 0.0249979866285829, 'max_x': 0.5809110129297109, 'min_y': 0.025, 'max_y': 0.250914, 'min_z': 0.02421979060054, 'max_z': 0.975}"
m1512_copy.obj,Car,5000,7761,triangles,"{'min_x': 0.025, 'max_x': 0.975, 'min_y': 0.025, 'max_y': 0.37961, 'min_z': 0.0861285633884042, 'max_z': 0.308885}"
m1513_copy.obj,Car,5656,5944,triangles,"{'min_x': 0.0531378273017613, 'max_x': 0.975, 'min_y': 0.025, 'max_y': 0.420125, 'min_z': 0.0146371084197845, 'max_z': 0.288298}"
m1514_copy.obj,Car,5000,9532,triangles,"{'min_x': 0.0249681989218915, 'max_x': 0.457041, 'min_y': 0.0249996646768012, 'max_y': 0.2606255523286399, 'min_z': 0.0248164224053597, 'max_z': 0.9749837290601}"
m1515_copy.obj,Car,5000,9604,triangles,"{'min_x': 0.025, 'max_x': 0.496361, 'min_y': 0.025, 'max_y': 0.238391, 'min_z': 0.025, 'max_z': 0.975}"
m1516_copy.obj,Car,4983,9976,triangles,"{'min_x': 0.0247933441049474, 'max_x': 0.4226799845006736, 'min_y': 0.025, 'max_y': 0.975, 'min_z': 0.0249769144359439, 'max_z': 0.288768}"
m1517_copy.obj,Car,5000,9527,triangles,"{'min_x': 0.025, 'max_x': 0.438897, 'min_y': 0.025, 'max_y': 0.324205, 'min_z': 0.025, 'max_z': 0.975}"
m1518_copy.obj,Car,5000,9796,triangles,"{'min_x': 0.0250040560407276, 'max_x': 0.4067352838744938, 'min_y': 0.025, 'max_y': 0.316635, 'min_z': 0.025, 'max_z': 0.975}"
m1519_copy.obj,Car,5000,9692,triangles,"{'min_x': 0.025, 'max_x': 0.377113, 'min_y': 0.025, 'max_y': 0.272796, 'min_z': 0.025, 'max_z': 0.975}"
m1521_copy.obj,Car,5000,9628,triangles,"{'min_x': 0.025, 'max_x': 0.4120610000000001, 'min_y': 0.025, 'max_y': 0.269465, 'min_z': 0.025, 'max_z': 0.975}"
m1522_copy.obj,Car,5000,8904,triangles,"{'min_x': 0.025, 'max_x': 0.408249, 'min_y': 0.025, 'max_y': 0.2859880000000001, 'min_z': 0.025, 'max_z': 0.9750000000000002}"
m1523_copy.obj,Car,5000,9980,triangles,"{'min_x': 0.025, 'max_x': 0.975, 'min_y': 0.025, 'max_y': 0.354228, 'min_z': 0.025, 'max_z': 0.42955}"
m1524_copy.obj,Car,5000,9980,triangles,"{'min_x': 0.0249999999999996, 'max_x': 0.426636, 'min_y': 0.025, 'max_y': 0.3381810000000001, 'min_z': 0.025, 'max_z': 0.9750000000000002}"
m1525_copy.obj,Car,5000,9821,triangles,"{'min_x': 0.0248839603286277, 'max_x': 0.4507288056451225, 'min_y': 0.0250419161075651, 'max_y': 0.975, 'min_z': 0.024975505527048, 'max_z': 0.355389}"
m1526_copy.obj,Car,5000,9840,triangles,"{'min_x': 0.025, 'max_x': 0.43005, 'min_y': 0.025, 'max_y': 0.2868780000000002, 'min_z': 0.025, 'max_z': 0.975}"
m1527_copy.obj,Car,5000,9700,triangles,"{'min_x': 0.0249661665389114, 'max_x': 0.975, 'min_y': 0.025, 'max_y': 0.333125, 'min_z': 0.025, 'max_z': 0.9068130177135163}"
m1528_copy.obj,Car,5000,9220,triangles,"{'min_x': 0.025002092504613, 'max_x': 0.3744288436550395, 'min_y': 0.0252359666530827, 'max_y': 0.280749, 'min_z': 0.0250205355741512, 'max_z': 0.9749742469062344}"
m1529_copy.obj,Car,5000,8264,triangles,"{'min_x': 0.025, 'max_x': 0.428029, 'min_y': 0.025, 'max_y': 0.3326680000000001, 'min_z': 0.025, 'max_z': 0.975}"
m1530_copy.obj,Car,5000,9368,triangles,"{'min_x': 0.025, 'max_x': 0.9750000000000006, 'min_y': 0.025, 'max_y': 0.299075, 'min_z': 0.025, 'max_z': 0.3993}"
m1531_copy.obj,Car,5000,9480,triangles,"{'min_x': 0.025, 'max_x': 0.975, 'min_y': 0.025, 'max_y': 0.323536, 'min_z': 0.025, 'max_z': 0.377685}"
m1532_copy.obj,Car,5000,8766,triangles,"{'min_x': 0.025, 'max_x': 0.452245, 'min_y': 0.025, 'max_y': 0.396482, 'min_z': 0.025, 'max_z': 0.9750000000000001}"
m1533_copy.obj,Car,5000,9686,triangles,"{'min_x': 0.025, 'max_x': 0.384654, 'min_y': 0.025, 'max_y': 0.287474, 'min_z': 0.025, 'max_z': 0.9750783342761347}"
m1535_copy.obj,Car,5000,8881,triangles,"{'min_x': 0.0245227424849013, 'max_x': 0.3744145900468117, 'min_y': 0.025, 'max_y': 0.290989, 'min_z': 0.0243559122917027, 'max_z': 0.9755965368207481}"
m1536_copy.obj,Car,5000,9980,triangles,"{'min_x': 0.025, 'max_x': 0.629503, 'min_y': 0.025, 'max_y': 0.975, 'min_z': 0.025, 'max_z': 0.500356}"
m1538_copy.obj,Car,5000,9980,triangles,"{'min_x': 0.025, 'max_x': 0.975, 'min_y': 0.025, 'max_y': 0.275461, 'min_z': 0.025, 'max_z': 0.417512}"
m1539_copy.obj,Car,4998,10003,triangles,"{'min_x': 0.0248462134311612, 'max_x': 0.47597, 'min_y': 0.025, 'max_y': 0.2810979083717271, 'min_z': 0.025, 'max_z': 0.975}"
m1540_copy.obj,Car,5000,9924,triangles,"{'min_x': 0.025, 'max_x': 0.975, 'min_y': 0.0249999999991271, 'max_y': 0.264994, 'min_z': 0.0249998449867656, 'max_z': 0.4205491028595829}"
m1542_copy.obj,Car,5000,7836,triangles,"{'min_x': 0.025, 'max_x': 0.4751330000000001, 'min_y': 0.025, 'max_y': 0.3455130000000003, 'min_z': 0.025, 'max_z': 0.975}"
m1543_copy.obj,Car,5000,8386,triangles,"{'min_x': 0.025, 'max_x': 0.975, 'min_y': 0.0249999999999999, 'max_y': 0.28357, 'min_z': 0.025, 'max_z': 0.457384}"
m1544_copy.obj,Car,8189,9390,triangles,"{'min_x': 0.0254061348188865, 'max_x': 0.4835034192809037, 'min_y': 0.0123472755185417, 'max_y': 0.2597517019185677, 'min_z': 0.0061114790529217, 'max_z': 0.9525728011679768}"
m1545_copy.obj,Car,5000,8558,triangles,"{'min_x': 0.0246692068786652, 'max_x': 0.975, 'min_y': 0.025, 'max_y': 0.27926, 'min_z': 0.0244770365007819, 'max_z': 0.452067241058664}"
m1546_copy.obj,Car,5000,6782,triangles,"{'min_x': 0.025, 'max_x': 0.975, 'min_y': 0.0250060376663545, 'max_y': 0.5740431898206154, 'min_z': 0.0352382613299186, 'max_z': 0.287257}"
m1547_copy.obj,Car,5000,9678,triangles,"{'min_x': 0.025, 'max_x': 0.975, 'min_y': 0.025, 'max_y': 0.266356, 'min_z': 0.025, 'max_z': 0.57119}"
m1548_copy.obj,Car,5000,8558,triangles,"{'min_x': 0.0246692068786652, 'max_x': 0.975, 'min_y': 0.025, 'max_y': 0.27926, 'min_z': 0.0244770365007819, 'max_z': 0.452067241058664}"
m1550_copy.obj,Car,5000,8790,triangles,"{'min_x': 0.0250700337178172, 'max_x': 0.454087050249813, 'min_y': 0.0249927448228289, 'max_y': 0.268448, 'min_z': 0.025, 'max_z': 0.975}"
m1551_copy.obj,Car,5000,7997,triangles,"{'min_x': 0.0253039334828896, 'max_x': 0.975, 'min_y': 0.0249212607571118, 'max_y': 0.2670049293832893, 'min_z': 0.025, 'max_z': 0.4491671992436096}"
m1552_copy.obj,Car,4999,9978,triangles,"{'min_x': 0.025, 'max_x': 0.975, 'min_y': 0.025, 'max_y': 0.323204, 'min_z': 0.025, 'max_z': 0.418813}"
m1553_copy.obj,Car,5000,8297,triangles,"{'min_x': 0.0249999999999999, 'max_x': 0.975, 'min_y': 0.025, 'max_y': 0.301501, 'min_z': 0.025, 'max_z': 0.472796}"
m1555_copy.obj,Car,5000,7055,triangles,"{'min_x': 0.0274351480783264, 'max_x': 0.9554990404866024, 'min_y': 0.0245775301420873, 'max_y': 0.4183508243858099, 'min_z': 0.0239162243072523, 'max_z': 0.3231755360529657}"
m1556_copy.obj,Car,10553,10789,triangles,"{'min_x': 0.025083, 'max_x': 0.9760996707830666, 'min_y': 0.0303882270466581, 'max_y': 0.3588143183583556, 'min_z': 0.0079087166113208, 'max_z': 0.3827170767565594}"
m1557_copy.obj,Car,5000,9678,triangles,"{'min_x': 0.0248706887158953, 'max_x': 0.9751325442188515, 'min_y': 0.025, 'max_y': 0.3801860000000001, 'min_z': 0.0250001621541219, 'max_z': 0.4110323811773089}"
m1558_copy.obj,Car,5000,7501,triangles,"{'min_x': 0.0251100176505415, 'max_x': 0.3471543380100666, 'min_y': 0.025, 'max_y': 0.3071062925893074, 'min_z': 0.0245421255667821, 'max_z': 0.9754573609079248}"
m1559_copy.obj,Car,5000,8782,triangles,"{'min_x': 0.0248808674218207, 'max_x': 0.4162107821654469, 'min_y': 0.0248484811982827, 'max_y': 0.54161, 'min_z': 0.0247044734896371, 'max_z': 0.9757296803945587}"
m1560_copy.obj,Car,4954,9996,triangles,"{'min_x': 0.025, 'max_x': 0.975, 'min_y': 0.0242904166942705, 'max_y': 0.631542999917084, 'min_z': 0.0250897654808023, 'max_z': 0.6719140562567368}"
m1561_copy.obj,Car,5000,9506,triangles,"{'min_x': 0.025, 'max_x': 0.5235650000000001, 'min_y': 0.025, 'max_y': 0.500844, 'min_z': 0.025, 'max_z': 0.975}"
m1562_copy.obj,Car,5000,8036,triangles,"{'min_x': 0.025, 'max_x': 0.975, 'min_y': 0.025, 'max_y': 0.6611006111061983, 'min_z': 0.0248311841457714, 'max_z': 0.6541347655056061}"
m1563_copy.obj,Car,5000,9714,triangles,"{'min_x': 0.025, 'max_x': 0.6987060000000002, 'min_y': 0.025, 'max_y': 0.5034890000000001, 'min_z': 0.025, 'max_z': 0.9750000000000002}"
D00018_copy.obj,Cellphone,5000,8754,triangles,"{'min_x': -1.217518, 'max_x': 0.6478097280630655, 'min_y': -0.450646, 'max_y': 0.305057, 'min_z': -0.265966, 'max_z': 0.253022}"
D00032_copy.obj,Cellphone,5000,9937,triangles,"{'min_x': -0.6176629999999999, 'max_x': 1.00284, 'min_y': -0.443575, 'max_y': 0.3226370000000001, 'min_z': -0.106936, 'max_z': 0.179809}"
D00079_copy.obj,Cellphone,5000,6744,triangles,"{'min_x': -0.9363466312656957, 'max_x': 1.0208932299512246, 'min_y': -0.4066094371091321, 'max_y': 0.370964, 'min_z': -0.334059, 'max_z': 0.1027882193613092}"
D00152_copy.obj,Cellphone,5000,9237,triangles,"{'min_x': -1.013123689642449, 'max_x': 0.9273720417959167, 'min_y': -0.4849946106700505, 'max_y': 0.417687608581128, 'min_z': -0.0895620274254883, 'max_z': 0.1570309368675613}"
D00192_copy.obj,Cellphone,5000,9920,triangles,"{'min_x': -0.99916, 'max_x': 0.75987, 'min_y': -0.3064540000000001, 'max_y': 0.4853640000000001, 'min_z': -0.123066, 'max_z': 0.1566429999999992}"
D00248_copy.obj,Cellphone,4994,9903,triangles,"{'min_x': -0.799361, 'max_x': 0.781581, 'min_y': -0.383672, 'max_y': 0.335576, 'min_z': -0.147152, 'max_z': 0.086838}"
D00312_copy.obj,Cellphone,4996,9942,triangles,"{'min_x': -0.161981, 'max_x': 0.342809, 'min_y': -0.93762, 'max_y': 0.068043, 'min_z': -0.011327, 'max_z': 0.028113}"
D00327_copy.obj,Cellphone,5000,9221,triangles,"{'min_x': -1.13499, 'max_x': 0.806077, 'min_y': -0.385219, 'max_y': 0.433581, 'min_z': -0.166778, 'max_z': 0.265698}"
D00362_copy.obj,Cellphone,5000,8823,triangles,"{'min_x': -0.8452111877564931, 'max_x': 1.0156547634339894, 'min_y': -0.4109975460971061, 'max_y': 0.5890424144948093, 'min_z': -0.080119344646857, 'max_z': 0.1491613784245546}"
D00369_copy.obj,Cellphone,5000,9724,triangles,"{'min_x': -0.634126, 'max_x': 1.03005, 'min_y': -0.201378, 'max_y': 0.297345, 'min_z': -0.128572, 'max_z': 0.209013}"
D00440_copy.obj,Cellphone,5000,9859,triangles,"{'min_x': -0.5445420000000033, 'max_x': 0.993595, 'min_y': -0.168497, 'max_y': 0.257078, 'min_z': -0.113165, 'max_z': 0.124731}"
D00527_copy.obj,Cellphone,5440,5445,triangles,"{'min_x': -1.0930344368777685, 'max_x': 1.2251860897645483, 'min_y': -32.940484419844665, 'max_y': 0.3800586417006119, 'min_z': -0.275139, 'max_z': 0.109516}"
D00542_copy.obj,Cellphone,5000,9886,triangles,"{'min_x': -0.994816, 'max_x': 0.494167, 'min_y': -0.278201, 'max_y': 0.267312, 'min_z': -0.060892899029702, 'max_z': 0.196652}"
D00554_copy.obj,Cellphone,5000,8258,triangles,"{'min_x': -0.9398226078375483, 'max_x': 0.967266, 'min_y': -0.383001, 'max_y': 0.562863, 'min_z': -0.217155, 'max_z': 0.157361}"
D00559_copy.obj,Cellphone,4737,8237,triangles,"{'min_x': -0.913337, 'max_x': 0.814794, 'min_y': -0.244785, 'max_y': 0.340604, 'min_z': -0.222912, 'max_z': 0.099092}"
D00817_copy.obj,Cellphone,4990,9686,triangles,"{'min_x': -1.0599, 'max_x': 0.813321, 'min_y': -0.592678, 'max_y': 0.446986, 'min_z': -0.150876, 'max_z': 0.182492}"
D00848_copy.obj,Cellphone,5000,8898,triangles,"{'min_x': -0.968237, 'max_x': 0.6565329840599436, 'min_y': -0.220049, 'max_y': 0.365368, 'min_z': -0.136264, 'max_z': 0.093254}"
D00902_copy.obj,Cellphone,4997,9980,triangles,"{'min_x': -0.9073509999999995, 'max_x': 0.967494, 'min_y': -0.522068, 'max_y': 0.439696, 'min_z': -0.274709, 'max_z': 0.159693}"
D00979_copy.obj,Cellphone,4682,8048,triangles,"{'min_x': -0.886632, 'max_x': 0.836031, 'min_y': -0.227436, 'max_y': 0.333309, 'min_z': -0.222432, 'max_z': 0.094299}"
D00997_copy.obj,Cellphone,5000,9988,triangles,"{'min_x': -0.702487, 'max_x': 0.984907, 'min_y': -0.252936, 'max_y': 0.347464, 'min_z': -0.190872, 'max_z': 0.1364300000000001}"
D01017_copy.obj,Chess,5000,9996,triangles,"{'min_x': -0.192571, 'max_x': 0.251959, 'min_y': -0.139346, 'max_y': 0.139498, 'min_z': -0.141458, 'max_z': 0.141575}"
D01019_copy.obj,Chess,5000,9996,triangles,"{'min_x': 0.025, 'max_x': 0.4446710000000001, 'min_y': 0.025, 'max_y': 0.9749999999999995, 'min_z': 0.025, 'max_z': 0.444649}"
D01021_copy.obj,Chess,5000,9996,triangles,"{'min_x': 0.025, 'max_x': 0.975, 'min_y': 0.0249999999999999, 'max_y': 0.512055, 'min_z': 0.025, 'max_z': 0.512055}"
D01043_copy.obj,Chess,4999,9991,triangles,"{'min_x': 0.025, 'max_x': 0.384359, 'min_y': 0.025, 'max_y': 0.975, 'min_z': 0.025, 'max_z': 0.384359}"
D01045_copy.obj,Chess,5000,9996,triangles,"{'min_x': 0.025, 'max_x': 0.405044, 'min_y': 0.025, 'max_y': 0.975, 'min_z': 0.025, 'max_z': 0.405044}"
D01049_copy.obj,Chess,5000,9977,triangles,"{'min_x': 0.025, 'max_x': 0.414079, 'min_y': 0.025, 'max_y': 0.975, 'min_z': 0.025, 'max_z': 0.414079}"
D01053_copy.obj,Chess,5000,9934,triangles,"{'min_x': 0.025, 'max_x': 0.658333, 'min_y': 0.025, 'max_y': 0.975, 'min_z': 0.025, 'max_z': 0.658333}"
D01080_copy.obj,Chess,5000,9996,triangles,"{'min_x': 0.025, 'max_x': 0.449157, 'min_y': 0.025, 'max_y': 0.9749999999999999, 'min_z': 0.025, 'max_z': 0.449157}"
D01081_copy.obj,Chess,5000,9996,triangles,"{'min_x': 0.025, 'max_x': 0.556126, 'min_y': 0.0249996392613091, 'max_y': 0.975, 'min_z': 0.025, 'max_z': 0.55481}"
D01099_copy.obj,Chess,5000,9911,triangles,"{'min_x': 0.025, 'max_x': 0.629581, 'min_y': 0.025, 'max_y': 0.975, 'min_z': 0.025, 'max_z': 0.622556}"
D01105_copy.obj,Chess,5000,9996,triangles,"{'min_x': 0.025, 'max_x': 0.43672, 'min_y': 0.025, 'max_y': 0.9750000000000002, 'min_z': 0.025, 'max_z': 0.43672}"
D01112_copy.obj,Chess,5000,9996,triangles,"{'min_x': 0.025, 'max_x': 0.443287, 'min_y': 0.025, 'max_y': 0.975, 'min_z': 0.025, 'max_z': 0.4432870000000002}"
D01123_copy.obj,Chess,5000,9996,triangles,"{'min_x': 0.025, 'max_x': 0.437937, 'min_y': 0.025, 'max_y': 0.9750000000000002, 'min_z': 0.025, 'max_z': 0.437937}"
D01126_copy.obj,Chess,5000,9996,triangles,"{'min_x': 0.025, 'max_x': 0.5187919999999999, 'min_y': 0.025, 'max_y': 0.975, 'min_z': 0.025, 'max_z': 0.5187920000000001}"
D01130_copy.obj,Chess,5000,9904,triangles,"{'min_x': 0.025, 'max_x': 0.4241499999999999, 'min_y': 0.025, 'max_y': 0.975, 'min_z': 0.025, 'max_z': 0.4241530000000001}"
D01138_copy.obj,Chess,5000,9996,triangles,"{'min_x': -0.225329, 'max_x': 0.3529430000000001, 'min_y': -0.126589, 'max_y': 0.128693, 'min_z': -0.127508, 'max_z': 0.128058}"
D01145_copy.obj,Chess,5000,9996,triangles,"{'min_x': -0.30858, 'max_x': 0.404776, 'min_y': -0.15541, 'max_y': 0.154644, 'min_z': -0.155146, 'max_z': 0.154924}"
D01171_copy.obj,Chess,5000,9996,triangles,"{'min_x': 0.025, 'max_x': 0.646138, 'min_y': 0.025, 'max_y': 0.9750000000000002, 'min_z': 0.025, 'max_z': 0.6458190000000003}"
D01186_copy.obj,Chess,5000,9996,triangles,"{'min_x': 0.025, 'max_x': 0.526367, 'min_y': 0.025, 'max_y': 0.9750000000000001, 'min_z': 0.025, 'max_z': 0.5263670000000004}"
D01188_copy.obj,Chess,5000,9996,triangles,"{'min_x': 0.025, 'max_x': 0.8249999999999996, 'min_y': 0.025, 'max_y': 0.9750000000000002, 'min_z': 0.025, 'max_z': 0.825}"
m1589_copy.obj,Chess,5000,9622,triangles,"{'min_x': 0.025, 'max_x': 0.970478, 'min_y': 0.025, 'max_y': 0.251514, 'min_z': 0.025, 'max_z': 0.975}"
m1591_copy.obj,Chess,5000,9788,triangles,"{'min_x': 0.025, 'max_x': 0.974998, 'min_y': 0.025, 'max_y': 0.2659881481476709, 'min_z': 0.025, 'max_z': 0.975}"
m1593_copy.obj,Chess,5000,9520,triangles,"{'min_x': 0.025, 'max_x': 0.975, 'min_y': 0.025, 'max_y': 0.2660397755591525, 'min_z': 0.025, 'max_z': 0.974993}"
m1595_copy.obj,Chess,5000,9223,triangles,"{'min_x': 0.025, 'max_x': 0.975, 'min_y': 0.025, 'max_y': 0.1936820768833275, 'min_z': 0.025, 'max_z': 0.975}"
m1596_copy.obj,Chess,5000,9388,triangles,"{'min_x': 0.025, 'max_x': 0.559374, 'min_y': 0.025, 'max_y': 0.1510688599570665, 'min_z': 0.025, 'max_z': 0.975}"
m1598_copy.obj,Chess,5000,9996,triangles,"{'min_x': 0.025, 'max_x': 0.4432869999999999, 'min_y': 0.025, 'max_y': 0.975, 'min_z': 0.025, 'max_z': 0.4432870000000002}"
m1599_copy.obj,Chess,5000,9996,triangles,"{'min_x': 0.025, 'max_x': 0.449157, 'min_y': 0.0249999999999999, 'max_y': 0.9750000000000001, 'min_z': 0.025, 'max_z': 0.4491570000000001}"
m1600_copy.obj,Chess,5000,9996,triangles,"{'min_x': 0.025, 'max_x': 0.444671, 'min_y': 0.025, 'max_y': 0.9749999999999995, 'min_z': 0.025, 'max_z': 0.4446490000000001}"
m1601_copy.obj,Chess,5000,9996,triangles,"{'min_x': 0.025, 'max_x': 0.556126, 'min_y': 0.0249996390785946, 'max_y': 0.975, 'min_z': 0.025, 'max_z': 0.55481}"
m1602_copy.obj,Chess,5000,9996,triangles,"{'min_x': 0.025, 'max_x': 0.405044, 'min_y': 0.025, 'max_y': 0.975, 'min_z': 0.025, 'max_z': 0.405044}"
m1603_copy.obj,Chess,4999,9991,triangles,"{'min_x': 0.025, 'max_x': 0.384359, 'min_y': 0.025, 'max_y': 0.975, 'min_z': 0.025, 'max_z': 0.384359}"
m1604_copy.obj,Chess,5000,9977,triangles,"{'min_x': 0.025, 'max_x': 0.414079, 'min_y': 0.025, 'max_y': 0.975, 'min_z': 0.025, 'max_z': 0.414079}"
m1605_copy.obj,Chess,5000,9934,triangles,"{'min_x': 0.025, 'max_x': 0.658333, 'min_y': 0.025, 'max_y': 0.975, 'min_z': 0.025, 'max_z': 0.658333}"
m1606_copy.obj,Chess,5000,9911,triangles,"{'min_x': 0.025, 'max_x': 0.629581, 'min_y': 0.025, 'max_y': 0.975, 'min_z': 0.025, 'max_z': 0.622556}"
m1607_copy.obj,Chess,5000,9996,triangles,"{'min_x': 0.025, 'max_x': 0.518792, 'min_y': 0.025, 'max_y': 0.975, 'min_z': 0.025, 'max_z': 0.5187920000000001}"
m1608_copy.obj,Chess,5000,9996,triangles,"{'min_x': 0.025, 'max_x': 0.8250000000000004, 'min_y': 0.025, 'max_y': 0.9750000000000001, 'min_z': 0.025, 'max_z': 0.8249999999999998}"
m1609_copy.obj,Chess,5000,9996,triangles,"{'min_x': 0.025, 'max_x': 0.526367, 'min_y': 0.025, 'max_y': 0.975, 'min_z': 0.025, 'max_z': 0.526367}"
m1610_copy.obj,Chess,4934,9856,triangles,"{'min_x': 0.025, 'max_x': 0.646138, 'min_y': 0.0249999854432743, 'max_y': 0.975, 'min_z': 0.025, 'max_z': 0.645819}"
m1611_copy.obj,Chess,5000,9996,triangles,"{'min_x': 0.025, 'max_x': 0.975, 'min_y': 0.025, 'max_y': 0.512055, 'min_z': 0.025, 'max_z': 0.512055}"
m1612_copy.obj,Chess,5000,9904,triangles,"{'min_x': 0.025, 'max_x': 0.4241500000000004, 'min_y': 0.025, 'max_y': 0.975, 'min_z': 0.025, 'max_z': 0.4241529999999998}"
m1613_copy.obj,Chess,5000,9996,triangles,"{'min_x': 0.025, 'max_x': 0.43672, 'min_y': 0.025, 'max_y': 0.9750000000000002, 'min_z': 0.025, 'max_z': 0.4367199999999999}"
m1614_copy.obj,Chess,5000,9996,triangles,"{'min_x': 0.025, 'max_x': 0.437937, 'min_y': 0.025, 'max_y': 0.9750000000000002, 'min_z': 0.025, 'max_z': 0.437937}"
D00005_copy.obj,ClassicPiano,4992,9856,triangles,"{'min_x': 1.048408, 'max_x': 2.251403, 'min_y': -0.023757, 'max_y': 1.454393, 'min_z': 0.0, 'max_z': 1.504024}"
D00009_copy.obj,ClassicPiano,5000,9928,triangles,"{'min_x': -0.8186640000000001, 'max_x': 0.801163, 'min_y': -1.3057270000000005, 'max_y': 1.5022570000000004, 'min_z': 0.00244, 'max_z': 1.7633849999999012}"
D00034_copy.obj,ClassicPiano,5000,9702,triangles,"{'min_x': 0.4352220000000002, 'max_x': 12.7, 'min_y': -0.1524, 'max_y': 11.05535, 'min_z': 0.0, 'max_z': 4.276281000000001}"
D00092_copy.obj,ClassicPiano,4996,8837,triangles,"{'min_x': 0.0, 'max_x': 46.1645, 'min_y': -12.6335, 'max_y': 47.2239, 'min_z': -30.5165, 'max_z': 27.78092501452451}"
D00120_copy.obj,ClassicPiano,5000,9824,triangles,"{'min_x': -0.545732, 'max_x': 1.1647760000000005, 'min_y': -0.480204, 'max_y': 0.842196, 'min_z': 0.000497, 'max_z': 1.596637}"
D00190_copy.obj,ClassicPiano,5000,9337,triangles,"{'min_x': -0.1524, 'max_x': 6.190816, 'min_y': -1.5938500000000002, 'max_y': 5.764708, 'min_z': 0.0, 'max_z': 5.139549}"
D00233_copy.obj,ClassicPiano,4933,8446,triangles,"{'min_x': -33.448386, 'max_x': -6.348400999999998, 'min_y': -8.289069, 'max_y': 9.167111, 'min_z': 0.346075, 'max_z': 14.968439}"
D00254_copy.obj,ClassicPiano,5000,9253,triangles,"{'min_x': 1.58635, 'max_x': 4.27963, 'min_y': -8.64678, 'max_y': -4.575509999999946, 'min_z': 0.0127, 'max_z': 2.0696600000000056}"
D00279_copy.obj,ClassicPiano,5000,9195,triangles,"{'min_x': -1.3062805130868012, 'max_x': 0.7407934076533025, 'min_y': -0.467149, 'max_y': 0.514366, 'min_z': 0.107214, 'max_z': 1.4300601551778358}"
D00305_copy.obj,ClassicPiano,5000,9298,triangles,"{'min_x': -0.074943, 'max_x': 1.820722, 'min_y': -0.734221, 'max_y': 2.549052, 'min_z': 5.566782999999999, 'max_z': 6.579608000000003}"
D00314_copy.obj,ClassicPiano,5000,6662,triangles,"{'min_x': 0.553825, 'max_x': 2.55332, 'min_y': 0.314166, 'max_y': 2.72606, 'min_z': -0.1016018872663089, 'max_z': 2.0249524028535206}"
D00561_copy.obj,ClassicPiano,5000,9097,triangles,"{'min_x': 5.55731, 'max_x': 8.15513, 'min_y': 0.381786000000001, 'max_y': 4.204550000000007, 'min_z': 0.009661, 'max_z': 2.2535800000000026}"
D00579_copy.obj,ClassicPiano,5000,9153,triangles,"{'min_x': 5.55969, 'max_x': 7.32157, 'min_y': 1.37708, 'max_y': 4.40191, 'min_z': 0.0898382000000005, 'max_z': 2.12879}"
D00605_copy.obj,ClassicPiano,5000,8835,triangles,"{'min_x': -0.0167748888010073, 'max_x': 1.36991, 'min_y': 0.0, 'max_y': 2.49472, 'min_z': 0.0, 'max_z': 1.856796850057188}"
D00784_copy.obj,ClassicPiano,4844,8753,triangles,"{'min_x': -0.366941, 'max_x': 1.521594, 'min_y': -2.779, 'max_y': -0.294685, 'min_z': -0.0, 'max_z': 1.935681}"
D00789_copy.obj,ClassicPiano,5000,8564,triangles,"{'min_x': 0.091157, 'max_x': 4.589034000000001, 'min_y': 1.065418, 'max_y': 8.490104000000002, 'min_z': -0.044535, 'max_z': 5.149089000000001}"
D00811_copy.obj,ClassicPiano,5000,9716,triangles,"{'min_x': 0.219825, 'max_x': 1.548883, 'min_y': -0.3958280000000001, 'max_y': 1.284801, 'min_z': -0.0, 'max_z': 1.578419}"
D00845_copy.obj,ClassicPiano,5000,9212,triangles,"{'min_x': 1.59715, 'max_x': 3.698476, 'min_y': 8.023478999999998, 'max_y': 10.576479, 'min_z': 0.0, 'max_z': 2.466056}"
D00967_copy.obj,ClassicPiano,5000,9446,triangles,"{'min_x': 1.7458999999999998, 'max_x': 3.8223500000000006, 'min_y': 1.20726, 'max_y': 3.05999, 'min_z': 0.6969, 'max_z': 1.9398600000000021}"
D00983_copy.obj,ClassicPiano,5000,9510,triangles,"{'min_x': -0.892376, 'max_x': 1.245164, 'min_y': -1.3244730000000002, 'max_y': 0.403054, 'min_z': 0.0, 'max_z': 0.9806430000000003}"
D00116_copy.obj,ComputerKeyboard,5000,9105,triangles,"{'min_x': -25.3572, 'max_x': -7.59018, 'min_y': -9.09765, 'max_y': -3.78905, 'min_z': -0.4699, 'max_z': 0.2264630000000097}"
D00127_copy.obj,ComputerKeyboard,5000,8942,triangles,"{'min_x': 0.0, 'max_x': 0.1143, 'min_y': 0.0, 'max_y': 0.43815, 'min_z': 0.0, 'max_z': 0.0363370000000001}"
D00197_copy.obj,ComputerKeyboard,5000,9988,triangles,"{'min_x': 1.37708, 'max_x': 6.04708, 'min_y': 2.18197, 'max_y': 3.86471, 'min_z': 1.00767, 'max_z': 1.35582}"
D00278_copy.obj,ComputerKeyboard,5000,8964,triangles,"{'min_x': 0.244137, 'max_x': 63.8625, 'min_y': 0.407779, 'max_y': 20.779, 'min_z': -0.4699, 'max_z': 2.022570000000007}"
D00360_copy.obj,ComputerKeyboard,5000,9556,triangles,"{'min_x': 0.0, 'max_x': 0.43, 'min_y': -0.000633, 'max_y': 0.116331, 'min_z': -1.4e-05, 'max_z': 0.019035}"
D00382_copy.obj,ComputerKeyboard,5000,6900,triangles,"{'min_x': 0.283546, 'max_x': 0.779882, 'min_y': -0.535187, 'max_y': -0.373283, 'min_z': 0.572214, 'max_z': 0.6065503120837794}"
D00420_copy.obj,ComputerKeyboard,4860,9128,triangles,"{'min_x': 0.0, 'max_x': 0.48, 'min_y': -0.242249, 'max_y': 0.0, 'min_z': 0.0, 'max_z': 0.04}"
D00493_copy.obj,ComputerKeyboard,5000,9327,triangles,"{'min_x': 0.805449, 'max_x': 1.0693500000000005, 'min_y': 0.216073, 'max_y': 0.707306, 'min_z': 0.7369479999999992, 'max_z': 0.7712690000000003}"
D00525_copy.obj,ComputerKeyboard,7639,7341,triangles,"{'min_x': 0.3905516587665541, 'max_x': 45.827782619146674, 'min_y': 1.247359827521841, 'max_y': 13.180909491206378, 'min_z': 0.1641984449197167, 'max_z': 1.574523}"
D00569_copy.obj,ComputerKeyboard,5000,9850,triangles,"{'min_x': 1.171264, 'max_x': 1.317314, 'min_y': -0.787848, 'max_y': -0.419548, 'min_z': 0.77699, 'max_z': 0.801542}"
D00597_copy.obj,ComputerKeyboard,5000,9676,triangles,"{'min_x': 0.890324, 'max_x': 1.021524, 'min_y': 0.870713, 'max_y': 1.150452, 'min_z': 0.52, 'max_z': 0.542157}"
D00600_copy.obj,ComputerKeyboard,5000,7700,triangles,"{'min_x': 0.847416, 'max_x': 1.3054160000000001, 'min_y': -0.0008, 'max_y': 0.159395, 'min_z': 0.004234, 'max_z': 0.041277}"
D00627_copy.obj,ComputerKeyboard,5000,9573,triangles,"{'min_x': 0.0, 'max_x': 0.45, 'min_y': -0.002354, 'max_y': 0.166113, 'min_z': 0.0, 'max_z': 0.048376}"
D00654_copy.obj,ComputerKeyboard,5000,9476,triangles,"{'min_x': 5.5083259999999985, 'max_x': 13.269531, 'min_y': -7.66522100000001, 'max_y': 13.435953000000003, 'min_z': 0.271064, 'max_z': 2.8398560000000024}"
D00673_copy.obj,ComputerKeyboard,5000,9092,triangles,"{'min_x': -0.005, 'max_x': 0.4530000000000001, 'min_y': -0.006406, 'max_y': 0.15633, 'min_z': 0.0, 'max_z': 0.030751}"
D00676_copy.obj,ComputerKeyboard,5000,6585,triangles,"{'min_x': 0.0, 'max_x': 5.60000012704536, 'min_y': -0.180873, 'max_y': 2.6895402478541617, 'min_z': -0.181887, 'max_z': 0.176906}"
D00692_copy.obj,ComputerKeyboard,5000,7189,triangles,"{'min_x': -3.662889886665606, 'max_x': -3.255364178226557, 'min_y': 1.7524454063911235, 'max_y': 1.9102892876538091, 'min_z': -0.0031230808859117, 'max_z': 0.0188279583943435}"
D00805_copy.obj,ComputerKeyboard,5000,9527,triangles,"{'min_x': 1.4707, 'max_x': 153.012, 'min_y': -0.131705, 'max_y': 51.3568, 'min_z': -0.191566, 'max_z': 18.1854}"
D00905_copy.obj,ComputerKeyboard,5000,9989,triangles,"{'min_x': -1.6109659999999995, 'max_x': -1.349154, 'min_y': 1.814205, 'max_y': 2.5255760000000014, 'min_z': 1.1841749999999998, 'max_z': 1.2125190000000003}"
D00990_copy.obj,ComputerKeyboard,5000,9204,triangles,"{'min_x': 0.0, 'max_x': 0.4445000000000081, 'min_y': 0.0, 'max_y': 0.1524, 'min_z': 3.3e-15, 'max_z': 0.044462}"
D01002_copy.obj,Computer,5000,9912,triangles,"{'min_x': 0.025, 'max_x': 0.9750000000000002, 'min_y': 0.025, 'max_y': 0.648602, 'min_z': 0.025, 'max_z': 0.66988}"
D01023_copy.obj,Computer,5000,7811,triangles,"{'min_x': -79.1844, 'max_x': 100.82400002400965, 'min_y': -123.937, 'max_y': 291.2530866341782, 'min_z': -240.26, 'max_z': 213.13928450966702}"
D01026_copy.obj,Computer,5000,9968,triangles,"{'min_x': 0.025, 'max_x': 0.975, 'min_y': 0.025, 'max_y': 0.698854, 'min_z': 0.025, 'max_z': 0.950566}"
D01028_copy.obj,Computer,5000,8489,triangles,"{'min_x': 0.025, 'max_x': 0.975, 'min_y': 0.025, 'max_y': 0.477648, 'min_z': 0.025, 'max_z': 0.724189}"
D01033_copy.obj,Computer,5000,9586,triangles,"{'min_x': 0.025, 'max_x': 0.662817, 'min_y': 0.025, 'max_y': 0.647886, 'min_z': 0.025, 'max_z': 0.975}"
D01037_copy.obj,Computer,5000,9964,triangles,"{'min_x': 0.025, 'max_x': 0.9028300000000004, 'min_y': 0.0297535, 'max_y': 0.853898, 'min_z': 0.025, 'max_z': 0.975}"
D01067_copy.obj,Computer,5000,9476,triangles,"{'min_x': 0.025, 'max_x': 0.975, 'min_y': 0.025, 'max_y': 0.699188, 'min_z': 0.025, 'max_z': 0.950849}"
D01070_copy.obj,Computer,5000,9864,triangles,"{'min_x': -1.2227, 'max_x': 1.2524900000000003, 'min_y': -0.66435, 'max_y': 0.65371, 'min_z': 0.10545, 'max_z': 3.51795}"
D01071_copy.obj,Computer,5000,9736,triangles,"{'min_x': 0.025, 'max_x': 0.806396, 'min_y': 0.025, 'max_y': 0.806392, 'min_z': 0.025, 'max_z': 0.975}"
D01072_copy.obj,Computer,5000,9936,triangles,"{'min_x': 0.025, 'max_x': 0.910416, 'min_y': 0.025, 'max_y': 0.736516, 'min_z': 0.0249999999999999, 'max_z': 0.975}"
D01073_copy.obj,Computer,5000,9464,triangles,"{'min_x': -15.332700000000006, 'max_x': 18.127800000000004, 'min_y': -2.6987600000000005, 'max_y': 27.1292, 'min_z': -0.605204, 'max_z': 23.3661}"
D01082_copy.obj,Computer,5000,7063,triangles,"{'min_x': 0.025, 'max_x': 0.7550850000000001, 'min_y': 0.025, 'max_y': 0.9750000000000002, 'min_z': 0.025, 'max_z': 0.639211}"
D01085_copy.obj,Computer,5000,9984,triangles,"{'min_x': 0.025, 'max_x': 0.7035710000000001, 'min_y': 0.025, 'max_y': 0.975, 'min_z': 0.025, 'max_z': 0.74881}"
D01098_copy.obj,Computer,5000,8953,triangles,"{'min_x': 0.025, 'max_x': 0.975, 'min_y': 0.025, 'max_y': 0.750843, 'min_z': 0.025, 'max_z': 0.897328}"
D01100_copy.obj,Computer,5000,9586,triangles,"{'min_x': -123.448, 'max_x': -103.793, 'min_y': -118.893, 'max_y': -89.6162, 'min_z': 11.320600000000008, 'max_z': 30.5163}"
D01102_copy.obj,Computer,5000,9602,triangles,"{'min_x': 0.025, 'max_x': 0.6289600000000001, 'min_y': 0.025, 'max_y': 0.6083720000000001, 'min_z': 0.025, 'max_z': 0.975}"
D01115_copy.obj,Computer,5000,8174,triangles,"{'min_x': -32.140453, 'max_x': 34.09329104025035, 'min_y': -29.643881, 'max_y': 57.294903, 'min_z': -22.986328, 'max_z': 37.185112}"
D01128_copy.obj,Computer,5000,9478,triangles,"{'min_x': 0.025, 'max_x': 0.9293917473482202, 'min_y': 0.0249978299464274, 'max_y': 0.533106, 'min_z': 0.0249992024643363, 'max_z': 0.974999980285174}"
D01164_copy.obj,Computer,5000,9375,triangles,"{'min_x': 0.025, 'max_x': 0.777486, 'min_y': 0.025, 'max_y': 0.4214, 'min_z': 0.025, 'max_z': 0.975}"
D01185_copy.obj,Computer,5000,9560,triangles,"{'min_x': 0.025, 'max_x': 0.909483, 'min_y': 0.025, 'max_y': 0.852815, 'min_z': 0.025, 'max_z': 0.975}"
m1764_copy.obj,Computer,5000,8959,triangles,"{'min_x': 0.025, 'max_x': 0.975, 'min_y': 0.025, 'max_y': 0.750843, 'min_z': 0.025, 'max_z': 0.897328}"
m1765_copy.obj,Computer,5000,9602,triangles,"{'min_x': 0.025, 'max_x': 0.6289600000000001, 'min_y': 0.025, 'max_y': 0.608372, 'min_z': 0.025, 'max_z': 0.975}"
m1766_copy.obj,Computer,5000,9736,triangles,"{'min_x': 0.025, 'max_x': 0.806396, 'min_y': 0.025, 'max_y': 0.806392, 'min_z': 0.025, 'max_z': 0.975}"
m1767_copy.obj,Computer,5000,9912,triangles,"{'min_x': 0.025, 'max_x': 0.975, 'min_y': 0.025, 'max_y': 0.648602, 'min_z': 0.025, 'max_z': 0.66988}"
m1769_copy.obj,Computer,5000,9984,triangles,"{'min_x': 0.025, 'max_x': 0.7035710000000001, 'min_y': 0.025, 'max_y': 0.975, 'min_z': 0.025, 'max_z': 0.74881}"
m1770_copy.obj,Computer,5000,9586,triangles,"{'min_x': 0.025, 'max_x': 0.6628170000000001, 'min_y': 0.025, 'max_y': 0.647886, 'min_z': 0.025, 'max_z': 0.975}"
m1772_copy.obj,Computer,5000,9478,triangles,"{'min_x': 0.025, 'max_x': 0.9293917473482202, 'min_y': 0.0249967558793472, 'max_y': 0.533106, 'min_z': 0.0249997498638893, 'max_z': 0.9749999642313536}"
m1773_copy.obj,Computer,5000,8489,triangles,"{'min_x': 0.025, 'max_x': 0.975, 'min_y': 0.025, 'max_y': 0.477648, 'min_z': 0.025, 'max_z': 0.724189}"
m1774_copy.obj,Computer,5000,9956,triangles,"{'min_x': 0.025, 'max_x': 0.907078, 'min_y': 0.025, 'max_y': 0.853794, 'min_z': 0.025, 'max_z': 0.975}"
m1775_copy.obj,Computer,5000,9968,triangles,"{'min_x': 0.025, 'max_x': 0.975, 'min_y': 0.025, 'max_y': 0.698854, 'min_z': 0.025, 'max_z': 0.950566}"
m1776_copy.obj,Computer,5000,9560,triangles,"{'min_x': 0.025, 'max_x': 0.909483, 'min_y': 0.025, 'max_y': 0.852815, 'min_z': 0.025, 'max_z': 0.975}"
m1777_copy.obj,Computer,5000,9936,triangles,"{'min_x': 0.025, 'max_x': 0.910416, 'min_y': 0.025, 'max_y': 0.736516, 'min_z': 0.025, 'max_z': 0.975}"
m1778_copy.obj,Computer,5000,9476,triangles,"{'min_x': 0.025, 'max_x': 0.975, 'min_y': 0.025, 'max_y': 0.699188, 'min_z': 0.025, 'max_z': 0.950849}"
D00035_copy.obj,Cup,5000,9776,triangles,"{'min_x': -1.2001100000000005, 'max_x': 0.741275, 'min_y': -1.00923, 'max_y': 0.933018, 'min_z': -0.801552, 'max_z': 0.770052}"
D00067_copy.obj,Cup,5000,9996,triangles,"{'min_x': -0.944876, 'max_x': 0.694881, 'min_y': -0.2493320000000001, 'max_y': 0.46521, 'min_z': -0.353669, 'max_z': 0.3225060000000001}"
D00174_copy.obj,Cup,5000,9996,triangles,"{'min_x': -0.8452084511018043, 'max_x': 0.676689264453283, 'min_y': -0.326983, 'max_y': 0.6249295658865283, 'min_z': -0.476778, 'max_z': 0.4761500184360475}"
D00206_copy.obj,Cup,5000,9916,triangles,"{'min_x': -0.547141, 'max_x': 0.9140930000000002, 'min_y': -0.8384160000000002, 'max_y': 0.568313, 'min_z': -0.6591510000000006, 'max_z': 0.741534}"
D00214_copy.obj,Cup,5000,9996,triangles,"{'min_x': -0.988675, 'max_x': 0.601485, 'min_y': -0.517514, 'max_y': 0.773412, 'min_z': -0.632965, 'max_z': 0.659266}"
D00270_copy.obj,Cup,5000,9938,triangles,"{'min_x': -0.859396, 'max_x': 0.744707, 'min_y': -0.3070580000000001, 'max_y': 0.4746760000000001, 'min_z': -0.394061, 'max_z': 0.3819870000000001}"
D00328_copy.obj,Cup,5000,9996,triangles,"{'min_x': -0.760875, 'max_x': 0.9086460000000002, 'min_y': -0.4331870000000001, 'max_y': 0.281105, 'min_z': -0.3548220000000001, 'max_z': 0.356583}"
D00355_copy.obj,Cup,5000,9996,triangles,"{'min_x': -0.684795, 'max_x': 0.954906, 'min_y': -0.340553, 'max_y': 0.200958, 'min_z': -0.25451, 'max_z': 0.25516}"
D00363_copy.obj,Cup,5000,9996,triangles,"{'min_x': -0.577523, 'max_x': 0.971664, 'min_y': -0.498085, 'max_y': 0.747347, 'min_z': -0.641834, 'max_z': 0.608541}"
D00457_copy.obj,Cup,5000,9996,triangles,"{'min_x': -0.8650362549660523, 'max_x': 0.8331357196727927, 'min_y': -0.2046412574639146, 'max_y': 0.464037, 'min_z': -0.3074620457537028, 'max_z': 0.3072519497206442}"
D00463_copy.obj,Cup,5000,10000,triangles,"{'min_x': -0.8958450000000001, 'max_x': 0.6818859999999999, 'min_y': -0.743936, 'max_y': 0.4980290000000001, 'min_z': -0.57885, 'max_z': 0.657532}"
D00519_copy.obj,Cup,5000,9928,triangles,"{'min_x': -1.07582, 'max_x': 0.644285, 'min_y': -0.354833, 'max_y': 0.467092, 'min_z': -0.405523, 'max_z': 0.376382}"
D00550_copy.obj,Cup,5000,9870,triangles,"{'min_x': -0.714195147177235, 'max_x': 0.774792, 'min_y': -0.516739, 'max_y': 0.344814, 'min_z': -0.396915, 'max_z': 0.380183}"
D00587_copy.obj,Cup,5000,9996,triangles,"{'min_x': -0.665391, 'max_x': 1.03476, 'min_y': -0.34733, 'max_y': 0.602043, 'min_z': -0.479933, 'max_z': 0.407467}"
D00638_copy.obj,Cup,5000,9996,triangles,"{'min_x': -0.5402678463254341, 'max_x': 0.960222, 'min_y': -0.392506, 'max_y': 0.524391, 'min_z': -0.463908, 'max_z': 0.453931}"
D00642_copy.obj,Cup,5000,9914,triangles,"{'min_x': -0.835482, 'max_x': 0.97391, 'min_y': -0.301635, 'max_y': 0.2360739999999999, 'min_z': -0.282773, 'max_z': 0.255214}"
D00738_copy.obj,Cup,5000,9695,triangles,"{'min_x': -1.02336, 'max_x': 0.666301, 'min_y': -0.466564, 'max_y': 0.660126, 'min_z': -0.522179, 'max_z': 0.520628}"
D00843_copy.obj,Cup,4982,9956,triangles,"{'min_x': -0.783894, 'max_x': 0.745375, 'min_y': -0.329732, 'max_y': 0.377492, 'min_z': -0.347978, 'max_z': 0.35917}"
D00874_copy.obj,Cup,5000,9918,triangles,"{'min_x': -0.7571000000000006, 'max_x': 0.784032, 'min_y': -0.688516, 'max_y': 0.68702, 'min_z': -0.758328, 'max_z': 0.615694}"
D00882_copy.obj,Cup,5000,9996,triangles,"{'min_x': -1.0525, 'max_x': 0.604467, 'min_y': -0.37905, 'max_y': 0.637049, 'min_z': -0.486175, 'max_z': 0.474396}"
m494_copy.obj,Cup,5000,9996,triangles,"{'min_x': 0.025, 'max_x': 0.3425, 'min_y': 0.025, 'max_y': 0.3425, 'min_z': 0.025, 'max_z': 0.9750000000000011}"
m495_copy.obj,Cup,5000,9948,triangles,"{'min_x': 0.025, 'max_x': 0.7430520000000022, 'min_y': 0.025, 'max_y': 0.9750000053537116, 'min_z': 0.025, 'max_z': 0.7416340000000031}"
m496_copy.obj,Cup,5000,9998,triangles,"{'min_x': 0.025, 'max_x': 0.639734, 'min_y': 0.025, 'max_y': 0.975, 'min_z': 0.025, 'max_z': 0.61202}"
m497_copy.obj,Cup,5000,9520,triangles,"{'min_x': 0.025, 'max_x': 0.415029, 'min_y': 0.025, 'max_y': 0.415029, 'min_z': 0.025, 'max_z': 0.975}"
m498_copy.obj,Cup,5000,9680,triangles,"{'min_x': 0.025, 'max_x': 0.975, 'min_y': 0.025, 'max_y': 0.8712440000000001, 'min_z': 0.025, 'max_z': 0.975}"
m499_copy.obj,Cup,5000,9766,triangles,"{'min_x': 0.025, 'max_x': 0.727903, 'min_y': 0.025, 'max_y': 0.727903, 'min_z': 0.0249999999999991, 'max_z': 0.9750000000000005}"
m500_copy.obj,Cup,5000,9996,triangles,"{'min_x': 0.025, 'max_x': 0.95964, 'min_y': 0.025, 'max_y': 0.896862, 'min_z': 0.0249999999999999, 'max_z': 0.975}"
m501_copy.obj,Cup,5000,9746,triangles,"{'min_x': 0.025, 'max_x': 0.677538, 'min_y': 0.025, 'max_y': 0.9750000000000005, 'min_z': 0.025, 'max_z': 0.677538}"
m502_copy.obj,Cup,5000,9996,triangles,"{'min_x': 0.0249999999999999, 'max_x': 0.6750070000000005, 'min_y': 0.0249999999999999, 'max_y': 0.9750000000000011, 'min_z': 0.025, 'max_z': 0.6750070000000001}"
m526_copy.obj,Cup,5000,9902,triangles,"{'min_x': 0.025, 'max_x': 0.975, 'min_y': 0.025, 'max_y': 0.658894, 'min_z': 0.025, 'max_z': 0.5}"
D00048_copy.obj,DeskLamp,5000,9838,triangles,"{'min_x': -1.12769, 'max_x': 0.6057, 'min_y': -0.581116, 'max_y': 0.666292, 'min_z': -0.630788, 'max_z': 0.731294}"
D00090_copy.obj,DeskLamp,5000,9824,triangles,"{'min_x': -0.875, 'max_x': 0.735197, 'min_y': -0.686618, 'max_y': 0.781815, 'min_z': -0.296137, 'max_z': 0.30965}"
D00147_copy.obj,DeskLamp,5000,9960,triangles,"{'min_x': -0.725228, 'max_x': 0.962518, 'min_y': -0.407043, 'max_y': 0.4522139999999999, 'min_z': -0.171117, 'max_z': 0.183875}"
D00257_copy.obj,DeskLamp,5000,9934,triangles,"{'min_x': -0.955963, 'max_x': 0.631241, 'min_y': -0.322302, 'max_y': 0.3997080000000001, 'min_z': -0.306709, 'max_z': 0.302267}"
D00268_copy.obj,DeskLamp,5000,9936,triangles,"{'min_x': -0.599151, 'max_x': 0.974827, 'min_y': -0.187466, 'max_y': 0.115978, 'min_z': -0.104204, 'max_z': 0.109359}"
D00330_copy.obj,DeskLamp,5000,9515,triangles,"{'min_x': -1.18276, 'max_x': 0.505399, 'min_y': -0.353165, 'max_y': 0.1815034271960033, 'min_z': -0.191189, 'max_z': 0.183064}"
D00378_copy.obj,DeskLamp,5000,9913,triangles,"{'min_x': -0.9078670000000001, 'max_x': 0.946441, 'min_y': -0.256646, 'max_y': 0.722841, 'min_z': -0.565493, 'max_z': 0.379832}"
D00435_copy.obj,DeskLamp,5000,9972,triangles,"{'min_x': -1.03346, 'max_x': 0.693677, 'min_y': -0.386675, 'max_y': 0.507452, 'min_z': -0.35865, 'max_z': 0.350955}"
D00455_copy.obj,DeskLamp,5000,9932,triangles,"{'min_x': -0.93453, 'max_x': 0.666272, 'min_y': -0.360913920168964, 'max_y': 0.263151, 'min_z': -0.253472, 'max_z': 0.24362}"
D00531_copy.obj,DeskLamp,5000,9946,triangles,"{'min_x': -1.15289, 'max_x': 0.699147, 'min_y': -0.236515, 'max_y': 0.296754, 'min_z': -0.186329, 'max_z': 0.191789}"
D00547_copy.obj,DeskLamp,5000,9910,triangles,"{'min_x': -0.921965, 'max_x': 0.7060131375673829, 'min_y': -0.4121342880862625, 'max_y': 0.3289066627414388, 'min_z': -0.565215, 'max_z': 0.20961987641333}"
D00686_copy.obj,DeskLamp,5000,9839,triangles,"{'min_x': -0.9296690000000001, 'max_x': 0.912698, 'min_y': -0.619726, 'max_y': 0.859064, 'min_z': -0.299398, 'max_z': 0.352642}"
D00693_copy.obj,DeskLamp,5000,9914,triangles,"{'min_x': -1.07987, 'max_x': 0.780756, 'min_y': -0.2313799999999999, 'max_y': 0.4341, 'min_z': -0.309121, 'max_z': 0.2732990000000005}"
D00698_copy.obj,DeskLamp,1469,2568,triangles,"{'min_x': -0.887514, 'max_x': 0.766981, 'min_y': -0.490664, 'max_y': 0.360029, 'min_z': -0.27815, 'max_z': 0.3526}"
D00715_copy.obj,DeskLamp,5000,9988,triangles,"{'min_x': -1.0124, 'max_x': 0.7809669999999999, 'min_y': -0.42488, 'max_y': 0.5873140000000001, 'min_z': -0.4741359999999995, 'max_z': 0.464886}"
D00744_copy.obj,DeskLamp,5176,5186,triangles,"{'min_x': -0.785158, 'max_x': 1.1458027561549327, 'min_y': -0.2354353445773343, 'max_y': 0.270034, 'min_z': -0.2459129817687946, 'max_z': 0.1821850509274627}"
D00759_copy.obj,DeskLamp,5000,9950,triangles,"{'min_x': -0.902994, 'max_x': 0.949175, 'min_y': -0.7568024013425355, 'max_y': 0.698912, 'min_z': -0.499502, 'max_z': 0.542295}"
D00776_copy.obj,DeskLamp,5000,9833,triangles,"{'min_x': -1.0082699999999998, 'max_x': 0.6943799999999998, 'min_y': -0.378761, 'max_y': 0.3260639999999999, 'min_z': -0.26802, 'max_z': 0.196867}"
D00797_copy.obj,DeskLamp,5000,9918,triangles,"{'min_x': -0.773745, 'max_x': 0.899578, 'min_y': -0.6847415456296214, 'max_y': 0.4647120488931084, 'min_z': -0.35179, 'max_z': 0.353095}"
D00912_copy.obj,DeskLamp,5000,9826,triangles,"{'min_x': -0.8266680000000002, 'max_x': 1.01155, 'min_y': -0.8033630000000004, 'max_y': 0.671597, 'min_z': -0.337562, 'max_z': 0.314515}"
m603_copy.obj,DeskLamp,4997,9970,triangles,"{'min_x': 0.025, 'max_x': 0.583322, 'min_y': 0.025, 'max_y': 0.846549, 'min_z': 0.025, 'max_z': 0.975}"
m604_copy.obj,DeskLamp,5000,9639,triangles,"{'min_x': 0.0249999999999978, 'max_x': 0.69906, 'min_y': 0.025, 'max_y': 0.975, 'min_z': 0.025, 'max_z': 0.156056}"
m605_copy.obj,DeskLamp,5000,9772,triangles,"{'min_x': 0.025, 'max_x': 0.502077, 'min_y': 0.025, 'max_y': 0.975, 'min_z': 0.025, 'max_z': 0.836867}"
m606_copy.obj,DeskLamp,5000,9902,triangles,"{'min_x': 0.025, 'max_x': 0.838636, 'min_y': 0.025, 'max_y': 0.975, 'min_z': 0.025, 'max_z': 0.458987}"
m608_copy.obj,DeskLamp,5000,9760,triangles,"{'min_x': 0.025, 'max_x': 0.759984, 'min_y': 0.025, 'max_y': 0.90819, 'min_z': 0.025, 'max_z': 0.975}"
m609_copy.obj,DeskLamp,5000,9955,triangles,"{'min_x': 0.025, 'max_x': 0.212564, 'min_y': 0.025, 'max_y': 0.720676, 'min_z': 0.025, 'max_z': 0.975}"
m611_copy.obj,DeskLamp,5000,9856,triangles,"{'min_x': 0.025, 'max_x': 0.844015, 'min_y': 0.025, 'max_y': 0.975, 'min_z': 0.025, 'max_z': 0.458932}"
m613_copy.obj,DeskLamp,5000,9768,triangles,"{'min_x': 0.025, 'max_x': 0.975, 'min_y': 0.025, 'max_y': 0.934536, 'min_z': 0.025, 'max_z': 0.298021}"
m614_copy.obj,DeskLamp,4997,10006,triangles,"{'min_x': 0.025, 'max_x': 0.396062, 'min_y': 0.025, 'max_y': 0.975, 'min_z': 0.025, 'max_z': 0.9197180000000003}"
m615_copy.obj,DeskLamp,4998,9964,triangles,"{'min_x': 0.025, 'max_x': 0.863495, 'min_y': 0.025, 'max_y': 0.747334, 'min_z': 0.025, 'max_z': 0.975}"
m616_copy.obj,DeskLamp,5000,9890,triangles,"{'min_x': 0.024999687325401, 'max_x': 0.7734163564390223, 'min_y': 0.025, 'max_y': 0.975, 'min_z': 0.025, 'max_z': 0.442888}"
D00118_copy.obj,Deskphone,5000,7064,triangles,"{'min_x': -0.775724, 'max_x': 0.897899, 'min_y': -0.727948, 'max_y': 0.591752, 'min_z': -0.22007, 'max_z': 0.218757}"
D00135_copy.obj,Deskphone,5000,9398,triangles,"{'min_x': -0.847322, 'max_x': 0.8843039999999998, 'min_y': -0.533093, 'max_y': 0.765637, 'min_z': -0.210727, 'max_z': 0.1437610000000001}"
D00154_copy.obj,Deskphone,5000,9734,triangles,"{'min_x': -0.6331789199632741, 'max_x': 0.967745, 'min_y': -0.6371060341873442, 'max_y': 0.4290498696142997, 'min_z': -0.131654, 'max_z': 0.1069474227735332}"
D00220_copy.obj,Deskphone,5000,9932,triangles,"{'min_x': -0.737965, 'max_x': 0.7481979999999931, 'min_y': -0.674884, 'max_y': 0.508508, 'min_z': -0.3771250000000002, 'max_z': 0.498221}"
D00316_copy.obj,Deskphone,5000,8374,triangles,"{'min_x': -0.628642, 'max_x': 0.811874, 'min_y': -0.5935249796380679, 'max_y': 0.701571, 'min_z': -0.2862588535871777, 'max_z': 0.244973}"
D00318_copy.obj,Deskphone,5000,9868,triangles,"{'min_x': -0.714041, 'max_x': 0.810842, 'min_y': -0.660621, 'max_y': 0.614137, 'min_z': -0.5205999999999996, 'max_z': 0.2708389999999997}"
D00403_copy.obj,Deskphone,5000,9800,triangles,"{'min_x': -1.1482922794283894, 'max_x': 0.5421473015073681, 'min_y': -0.4665, 'max_y': 0.5797131353783133, 'min_z': -0.3004350150212992, 'max_z': 0.823005}"
D00486_copy.obj,Deskphone,5000,9916,triangles,"{'min_x': -0.754318, 'max_x': 0.968448, 'min_y': -0.637186, 'max_y': 0.494299, 'min_z': -0.378441, 'max_z': 0.291523}"
D00511_copy.obj,Deskphone,5000,7940,triangles,"{'min_x': -0.8977525794980302, 'max_x': 0.7230511404266605, 'min_y': -0.3500107041378706, 'max_y': 0.2603912426939167, 'min_z': -0.1204123660167312, 'max_z': 0.2643411139562972}"
D00556_copy.obj,Deskphone,5000,9936,triangles,"{'min_x': -0.851434, 'max_x': 0.837127, 'min_y': -0.497319, 'max_y': 0.918088, 'min_z': -0.430833, 'max_z': 0.2556109999999999}"
D00576_copy.obj,Deskphone,5000,9689,triangles,"{'min_x': -0.755345, 'max_x': 0.819921, 'min_y': -0.473597, 'max_y': 0.4710757602194103, 'min_z': -0.179611, 'max_z': 0.1971254481379482}"
D00680_copy.obj,Deskphone,5000,9652,triangles,"{'min_x': -0.77804, 'max_x': 0.777776, 'min_y': -0.498658, 'max_y': 0.848873, 'min_z': -0.222143, 'max_z': 0.191511}"
D00706_copy.obj,Deskphone,34515,32631,triangles,"{'min_x': -0.779021, 'max_x': 0.726768, 'min_y': -0.5755606247936079, 'max_y': 0.751323373312571, 'min_z': -0.2631836079030591, 'max_z': 0.220449421975108}"
D00773_copy.obj,Deskphone,5000,7002,triangles,"{'min_x': -0.706061, 'max_x': 0.8645274169139332, 'min_y': -0.5683711151937411, 'max_y': 0.5294275466875235, 'min_z': -0.1735965774039716, 'max_z': 0.195609579269641}"
D00829_copy.obj,Deskphone,5000,9952,triangles,"{'min_x': -0.90569, 'max_x': 0.924361, 'min_y': -0.9103519999999998, 'max_y': 0.795984, 'min_z': -0.4385720000000004, 'max_z': 0.122189}"
D00894_copy.obj,Deskphone,5000,9910,triangles,"{'min_x': -1.01212, 'max_x': 0.568062, 'min_y': -0.594093, 'max_y': 0.696047, 'min_z': -0.542462, 'max_z': 0.287657}"
D00897_copy.obj,Deskphone,5000,9753,triangles,"{'min_x': -1.018953239384595, 'max_x': 0.8712304981551074, 'min_y': -0.589814, 'max_y': 0.3537355220694087, 'min_z': -0.2422285811922894, 'max_z': 0.1654113432225192}"
D00899_copy.obj,Deskphone,5000,9910,triangles,"{'min_x': -0.714538, 'max_x': 0.7806907853250934, 'min_y': -0.712053, 'max_y': 0.700287518744013, 'min_z': -0.250503, 'max_z': 0.255132}"
D00957_copy.obj,Deskphone,5000,9121,triangles,"{'min_x': -0.6283649394881246, 'max_x': 0.899557, 'min_y': -0.6148653830935336, 'max_y': 0.628953, 'min_z': -0.23102, 'max_z': 0.2172508991165821}"
D00958_copy.obj,Deskphone,6680,6271,triangles,"{'min_x': -0.876625, 'max_x': 0.835401, 'min_y': -0.6944824545642919, 'max_y': 0.7966921912680826, 'min_z': -0.3715209373333201, 'max_z': 0.2701971883176815}"
D01005_copy.obj,Door,5000,9360,triangles,"{'min_x': 0.025, 'max_x': 0.43396, 'min_y': 0.025, 'max_y': 0.975, 'min_z': 0.025, 'max_z': 0.0855039110993892}"
D01029_copy.obj,Door,5000,9870,triangles,"{'min_x': 0.025, 'max_x': 0.545253, 'min_y': 0.025, 'max_y': 0.975, 'min_z': 0.025, 'max_z': 0.2819449999999999}"
D01052_copy.obj,Door,5000,9878,triangles,"{'min_x': 0.025, 'max_x': 0.188867, 'min_y': 0.025, 'max_y': 0.975, 'min_z': 0.025, 'max_z': 0.503665}"
D01058_copy.obj,Door,5000,9776,triangles,"{'min_x': 0.025, 'max_x': 0.521695, 'min_y': 0.025, 'max_y': 0.9750000000000004, 'min_z': 0.025, 'max_z': 0.115777}"
D01062_copy.obj,Door,5000,9610,triangles,"{'min_x': 0.025, 'max_x': 0.8574350000000001, 'min_y': 0.025, 'max_y': 0.9750000000000002, 'min_z': 0.025, 'max_z': 0.104125}"
D01076_copy.obj,Door,4995,10010,triangles,"{'min_x': 0.025, 'max_x': 0.476732, 'min_y': 0.025, 'max_y': 0.975, 'min_z': 0.025, 'max_z': 0.089167}"
D01104_copy.obj,Door,5000,9963,triangles,"{'min_x': 0.025, 'max_x': 0.485632, 'min_y': 0.025, 'max_y': 0.975, 'min_z': 0.025, 'max_z': 0.0670163}"
D01114_copy.obj,Door,5000,9948,triangles,"{'min_x': 0.025, 'max_x': 0.609224, 'min_y': 0.025, 'max_y': 0.975, 'min_z': 0.025, 'max_z': 0.214508}"
D01121_copy.obj,Door,5000,9736,triangles,"{'min_x': 0.025, 'max_x': 0.567857, 'min_y': 0.025, 'max_y': 0.975, 'min_z': 0.025, 'max_z': 0.0521429}"
D01129_copy.obj,Door,5000,8564,triangles,"{'min_x': 0.025, 'max_x': 0.4768460000000001, 'min_y': 0.025, 'max_y': 0.9750000000000002, 'min_z': 0.025, 'max_z': 0.120993}"
D01136_copy.obj,Door,5000,9880,triangles,"{'min_x': 0.0249999999999998, 'max_x': 0.5470130000000001, 'min_y': 0.025, 'max_y': 0.9750000000000001, 'min_z': 0.025, 'max_z': 0.1197320000000021}"
D01139_copy.obj,Door,5000,9582,triangles,"{'min_x': 0.025, 'max_x': 0.5, 'min_y': 0.025, 'max_y': 0.975, 'min_z': 0.025, 'max_z': 0.0566667}"
D01141_copy.obj,Door,5000,9506,triangles,"{'min_x': 0.025, 'max_x': 0.4863500000000002, 'min_y': 0.025, 'max_y': 0.9750000000000001, 'min_z': 0.025, 'max_z': 0.135169}"
D01143_copy.obj,Door,5000,9976,triangles,"{'min_x': 0.025, 'max_x': 0.555623, 'min_y': 0.025, 'max_y': 0.975, 'min_z': 0.025, 'max_z': 0.0776375}"
D01144_copy.obj,Door,5000,9662,triangles,"{'min_x': 0.025, 'max_x': 0.32038, 'min_y': 0.025, 'max_y': 0.975, 'min_z': 0.025, 'max_z': 0.104125}"
D01155_copy.obj,Door,5000,9210,triangles,"{'min_x': 0.025, 'max_x': 0.950965, 'min_y': 0.025, 'max_y': 0.975, 'min_z': 0.025, 'max_z': 0.15807}"
D01158_copy.obj,Door,4998,10010,triangles,"{'min_x': 0.025, 'max_x': 0.566616, 'min_y': 0.025, 'max_y': 0.975, 'min_z': 0.025, 'max_z': 0.125402}"
D01167_copy.obj,Door,5000,9572,triangles,"{'min_x': 0.025, 'max_x': 0.6157600000000001, 'min_y': 0.025, 'max_y': 0.9750000000000003, 'min_z': 0.025, 'max_z': 0.104125}"
D01177_copy.obj,Door,5000,9596,triangles,"{'min_x': 0.025, 'max_x': 0.475837, 'min_y': 0.025, 'max_y': 0.975, 'min_z': 0.025, 'max_z': 0.09054}"
D01194_copy.obj,Door,5000,9606,triangles,"{'min_x': 0.025, 'max_x': 0.0373238, 'min_y': 0.025, 'max_y': 0.975, 'min_z': 0.025, 'max_z': 0.528047}"
m1707_copy.obj,Door,5000,9870,triangles,"{'min_x': 0.025, 'max_x': 0.545253, 'min_y': 0.025, 'max_y': 0.975, 'min_z': 0.025, 'max_z': 0.2819449999999999}"
m1708_copy.obj,Door,5000,9736,triangles,"{'min_x': 0.025, 'max_x': 0.567857, 'min_y': 0.025, 'max_y': 0.975, 'min_z': 0.025, 'max_z': 0.052143}"
m1710_copy.obj,Door,5000,9882,triangles,"{'min_x': 0.025, 'max_x': 0.544423, 'min_y': 0.025, 'max_y': 0.975, 'min_z': 0.025, 'max_z': 0.119998}"
m1711_copy.obj,Door,5000,9652,triangles,"{'min_x': 0.025, 'max_x': 0.32038, 'min_y': 0.025, 'max_y': 0.975, 'min_z': 0.025, 'max_z': 0.104125}"
m1712_copy.obj,Door,4995,10010,triangles,"{'min_x': 0.025, 'max_x': 0.476732, 'min_y': 0.025, 'max_y': 0.975, 'min_z': 0.025, 'max_z': 0.089167}"
m1713_copy.obj,Door,5000,9360,triangles,"{'min_x': 0.025, 'max_x': 0.43396, 'min_y': 0.025, 'max_y': 0.975, 'min_z': 0.025, 'max_z': 0.0855972356234855}"
m1714_copy.obj,Door,5000,9965,triangles,"{'min_x': 0.025, 'max_x': 0.485632, 'min_y': 0.025, 'max_y': 0.975, 'min_z': 0.025, 'max_z': 0.067016}"
m1715_copy.obj,Door,5000,9878,triangles,"{'min_x': 0.025, 'max_x': 0.188867, 'min_y': 0.025, 'max_y': 0.975, 'min_z': 0.025, 'max_z': 0.503665}"
m1716_copy.obj,Door,5000,9506,triangles,"{'min_x': 0.025, 'max_x': 0.4863500000000001, 'min_y': 0.025, 'max_y': 0.975, 'min_z': 0.025, 'max_z': 0.135169}"
m1717_copy.obj,Door,5000,9778,triangles,"{'min_x': 0.025, 'max_x': 0.5216950000000001, 'min_y': 0.025, 'max_y': 0.9750000000000001, 'min_z': 0.025, 'max_z': 0.115777}"
m1718_copy.obj,Door,5000,8564,triangles,"{'min_x': 0.025, 'max_x': 0.4768460000000002, 'min_y': 0.025, 'max_y': 0.975, 'min_z': 0.025, 'max_z': 0.120993}"
m1720_copy.obj,Door,5000,9880,triangles,"{'min_x': 0.025, 'max_x': 0.547013, 'min_y': 0.025, 'max_y': 0.975, 'min_z': 0.025, 'max_z': 0.1197320000000018}"
m1721_copy.obj,Door,4998,10010,triangles,"{'min_x': 0.025, 'max_x': 0.566616, 'min_y': 0.025, 'max_y': 0.975, 'min_z': 0.025, 'max_z': 0.125402}"
m1722_copy.obj,Door,5000,9948,triangles,"{'min_x': 0.025, 'max_x': 0.609224, 'min_y': 0.025, 'max_y': 0.975, 'min_z': 0.025, 'max_z': 0.214508}"
m1723_copy.obj,Door,5000,9578,triangles,"{'min_x': 0.025, 'max_x': 0.8574350000000002, 'min_y': 0.025, 'max_y': 0.9750000000000003, 'min_z': 0.025, 'max_z': 0.104125}"
m1724_copy.obj,Door,5000,9522,triangles,"{'min_x': 0.025, 'max_x': 0.61576, 'min_y': 0.025, 'max_y': 0.9750000000000002, 'min_z': 0.025, 'max_z': 0.104125}"
m1725_copy.obj,Door,4948,9902,triangles,"{'min_x': 0.025, 'max_x': 0.975, 'min_y': 0.025, 'max_y': 0.953723, 'min_z': 0.025, 'max_z': 0.210779}"
m1726_copy.obj,Door,5000,9210,triangles,"{'min_x': 0.025, 'max_x': 0.950965, 'min_y': 0.025, 'max_y': 0.975, 'min_z': 0.025, 'max_z': 0.15807}"
m1727_copy.obj,Door,5000,9884,triangles,"{'min_x': 0.025, 'max_x': 0.7560790000000001, 'min_y': 0.025, 'max_y': 0.975, 'min_z': 0.025, 'max_z': 0.121945}"
m1728_copy.obj,Door,5000,9748,triangles,"{'min_x': 0.025, 'max_x': 0.975, 'min_y': 0.025, 'max_y': 0.972989, 'min_z': 0.025, 'max_z': 0.11953}"
m1729_copy.obj,Door,5000,9892,triangles,"{'min_x': 0.025, 'max_x': 0.691337, 'min_y': 0.025, 'max_y': 0.975, 'min_z': 0.025, 'max_z': 0.190569}"
m1730_copy.obj,Door,5000,9892,triangles,"{'min_x': 0.025, 'max_x': 0.691337, 'min_y': 0.025, 'max_y': 0.975, 'min_z': 0.025, 'max_z': 0.190569}"
m1731_copy.obj,Door,4969,10074,triangles,"{'min_x': 0.025, 'max_x': 0.9750000000000001, 'min_y': 0.025, 'max_y': 0.935516, 'min_z': 0.025, 'max_z': 0.136363}"
m1732_copy.obj,Door,5000,9972,triangles,"{'min_x': 0.025, 'max_x': 0.975, 'min_y': 0.025, 'max_y': 0.874286, 'min_z': 0.025, 'max_z': 0.105008}"
D00026_copy.obj,Drum,4956,9531,triangles,"{'min_x': -0.162762, 'max_x': 0.164431, 'min_y': -0.171664, 'max_y': 0.150061, 'min_z': -0.001215, 'max_z': 0.705}"
D00063_copy.obj,Drum,5000,9302,triangles,"{'min_x': 0.822257, 'max_x': 1.5779300000000005, 'min_y': 0.4540919999999999, 'max_y': 1.2097700000000005, 'min_z': 0.512763, 'max_z': 1.0890300019042167}"
D00115_copy.obj,Drum,5000,9996,triangles,"{'min_x': 0.538248, 'max_x': 1.751362, 'min_y': -0.415186, 'max_y': 0.685989, 'min_z': -0.271338, 'max_z': 0.427939}"
D00163_copy.obj,Drum,5395,5787,triangles,"{'min_x': 0.9749100180258139, 'max_x': 1.7368777434908202, 'min_y': -0.0163905352838564, 'max_y': 0.747382818944092, 'min_z': 0.03171, 'max_z': 0.658813}"
D00189_copy.obj,Drum,5000,9996,triangles,"{'min_x': 1.8151999999999997, 'max_x': 2.2152, 'min_y': 0.87003, 'max_y': 1.27003, 'min_z': 0.4449999999999991, 'max_z': 1.1550000000000002}"
D00193_copy.obj,Drum,4940,9516,triangles,"{'min_x': 0.251542, 'max_x': 1.007219, 'min_y': 0.272348, 'max_y': 1.028025, 'min_z': -0.017463, 'max_z': 1.089025}"
D00297_copy.obj,Drum,4880,8920,triangles,"{'min_x': 1.09723, 'max_x': 1.68205, 'min_y': 0.439181, 'max_y': 0.967894, 'min_z': -0.000222921, 'max_z': 0.6736204644878319}"
D00298_copy.obj,Drum,5000,9908,triangles,"{'min_x': -0.4113410000000002, 'max_x': 0.321155, 'min_y': 0.700202, 'max_y': 1.431571, 'min_z': -3e-16, 'max_z': 1.2509500000000005}"
D00308_copy.obj,Drum,5000,9160,triangles,"{'min_x': 0.457612, 'max_x': 1.499012, 'min_y': 0.326359, 'max_y': 1.367759, 'min_z': -3e-16, 'max_z': 0.7683500000000001}"
D00375_copy.obj,Drum,4556,7538,triangles,"{'min_x': -0.015297, 'max_x': 0.501016, 'min_y': -0.439469, 'max_y': 0.461281, 'min_z': -0.008625, 'max_z': 0.607176}"
D00383_copy.obj,Drum,5000,9342,triangles,"{'min_x': 3.71033, 'max_x': 4.37073, 'min_y': 0.358383, 'max_y': 1.01878, 'min_z': 1.9684999999999997, 'max_z': 2.4384000000000006}"
D00404_copy.obj,Drum,5000,9624,triangles,"{'min_x': 13.758994, 'max_x': 15.762962000000007, 'min_y': 11.728424, 'max_y': 13.732392000000006, 'min_z': -0.06985, 'max_z': 2.4130000000000003}"
D00551_copy.obj,Drum,5000,9572,triangles,"{'min_x': 2.5080199999999997, 'max_x': 3.1649670000000003, 'min_y': 1.0119019999999999, 'max_y': 2.464058, 'min_z': 0.0, 'max_z': 1.452156}"
D00557_copy.obj,Drum,5000,9662,triangles,"{'min_x': -0.030871, 'max_x': 0.5087170000000001, 'min_y': 0.106069, 'max_y': 0.7990670000000001, 'min_z': -0.0254, 'max_z': 0.6604000000000001}"
D00596_copy.obj,Drum,5000,9590,triangles,"{'min_x': -2.290357, 'max_x': 2.271364, 'min_y': -2.290357, 'max_y': 2.2903570000000006, 'min_z': -3.484019000000002, 'max_z': 3.0377680000000016}"
D00709_copy.obj,Drum,5000,9996,triangles,"{'min_x': 1.73893, 'max_x': 1.99154, 'min_y': 1.34997, 'max_y': 1.60258, 'min_z': 0.304391, 'max_z': 0.380591}"
D00939_copy.obj,Drum,5000,9752,triangles,"{'min_x': -0.148802, 'max_x': 0.137049, 'min_y': -0.144365, 'max_y': 0.148128, 'min_z': -5.74852582e-08, 'max_z': 0.262762}"
D00951_copy.obj,Drum,5000,8894,triangles,"{'min_x': 1.665831, 'max_x': 2.184424, 'min_y': 0.82839, 'max_y': 1.323169, 'min_z': 0.392571, 'max_z': 0.940617}"
D00980_copy.obj,Drum,4987,9853,triangles,"{'min_x': 0.0, 'max_x': 0.5834, 'min_y': 0.0, 'max_y': 0.5834, 'min_z': 0.0, 'max_z': 0.9578}"
D00982_copy.obj,Drum,5000,9246,triangles,"{'min_x': -0.159663, 'max_x': 0.002263, 'min_y': -0.080963, 'max_y': 0.080963, 'min_z': -0.020004, 'max_z': 0.020325}"
D00012_copy.obj,Fish,5000,8338,triangles,"{'min_x': -1.05518, 'max_x': 0.713382, 'min_y': -0.391369, 'max_y': 0.393205, 'min_z': -0.333878, 'max_z': 0.301967}"
D00022_copy.obj,Fish,5000,8472,triangles,"{'min_x': -1.13572, 'max_x': 0.686773, 'min_y': -0.372513, 'max_y': 0.440886, 'min_z': -0.253468, 'max_z': 0.241286}"
D00024_copy.obj,Fish,5000,8580,triangles,"{'min_x': -1.10237, 'max_x': 0.679145, 'min_y': -0.254958, 'max_y': 0.312526, 'min_z': -0.27225, 'max_z': 0.252203}"
D00030_copy.obj,Fish,5000,8610,triangles,"{'min_x': -0.692617, 'max_x': 1.06053, 'min_y': -0.307941, 'max_y': 0.336987, 'min_z': -0.194262, 'max_z': 0.197573}"
D00142_copy.obj,Fish,5000,8932,triangles,"{'min_x': -0.587419, 'max_x': 1.10759, 'min_y': -0.527408, 'max_y': 0.443986, 'min_z': -0.336707, 'max_z': 0.301658}"
D00165_copy.obj,Fish,5000,8430,triangles,"{'min_x': -0.721566, 'max_x': 1.05587, 'min_y': -0.289676, 'max_y': 0.333963, 'min_z': -0.300528, 'max_z': 0.315419}"
D00251_copy.obj,Fish,5000,8322,triangles,"{'min_x': -1.12676, 'max_x': 0.56197, 'min_y': -0.621018, 'max_y': 0.484538, 'min_z': -0.40586, 'max_z': 0.376034}"
D00293_copy.obj,Fish,5000,8460,triangles,"{'min_x': -1.10406, 'max_x': 0.686576, 'min_y': -0.484354, 'max_y': 0.454548, 'min_z': -0.325496, 'max_z': 0.302995}"
D00351_copy.obj,Fish,5000,8738,triangles,"{'min_x': -1.118, 'max_x': 0.6074239999999999, 'min_y': -0.417415, 'max_y': 0.470559, 'min_z': -0.311242, 'max_z': 0.312823}"
D00398_copy.obj,Fish,5000,8506,triangles,"{'min_x': -0.659736, 'max_x': 1.04382, 'min_y': -0.352784, 'max_y': 0.415455, 'min_z': -0.256018, 'max_z': 0.226104}"
D00450_copy.obj,Fish,5000,8542,triangles,"{'min_x': -1.0845, 'max_x': 0.656868, 'min_y': -0.375535, 'max_y': 0.3473, 'min_z': -0.333079, 'max_z': 0.322133}"
D00535_copy.obj,Fish,5000,8548,triangles,"{'min_x': -1.10596, 'max_x': 0.668295, 'min_y': -0.428851, 'max_y': 0.492231, 'min_z': -0.313088, 'max_z': 0.30638}"
D00633_copy.obj,Fish,5000,8728,triangles,"{'min_x': -0.767358, 'max_x': 1.02978, 'min_y': -0.369286, 'max_y': 0.346372, 'min_z': -0.335369, 'max_z': 0.28666}"
D00636_copy.obj,Fish,5000,8596,triangles,"{'min_x': -1.07007, 'max_x': 0.622697, 'min_y': -0.396668, 'max_y': 0.339332, 'min_z': -0.327637, 'max_z': 0.327741}"
D00643_copy.obj,Fish,5000,8462,triangles,"{'min_x': -0.670672, 'max_x': 0.983972, 'min_y': -0.416426, 'max_y': 0.362117, 'min_z': -0.38279, 'max_z': 0.358377}"
D00682_copy.obj,Fish,5000,8768,triangles,"{'min_x': -0.825399, 'max_x': 1.08561, 'min_y': -0.373849, 'max_y': 0.291511, 'min_z': -0.388286, 'max_z': 0.370291}"
D00748_copy.obj,Fish,5000,8006,triangles,"{'min_x': -1.05002, 'max_x': 0.736929, 'min_y': -0.40181, 'max_y': 0.303088, 'min_z': -0.263805, 'max_z': 0.253426}"
D00763_copy.obj,Fish,5000,8300,triangles,"{'min_x': -0.667665, 'max_x': 1.15983, 'min_y': -0.438726, 'max_y': 0.643516, 'min_z': -0.410754, 'max_z': 0.396006}"
D00850_copy.obj,Fish,5000,8346,triangles,"{'min_x': -0.6537420000000002, 'max_x': 1.10412, 'min_y': -0.398371, 'max_y': 0.353582, 'min_z': -0.379845, 'max_z': 0.360212}"
D00950_copy.obj,Fish,5000,8657,triangles,"{'min_x': -1.0048, 'max_x': 0.653998, 'min_y': -0.320455, 'max_y': 0.364705, 'min_z': -0.549373, 'max_z': 0.55313}"
D00028_copy.obj,FloorLamp,5000,9938,triangles,"{'min_x': -0.512066, 'max_x': 0.857443, 'min_y': -0.274079, 'max_y': 0.454505, 'min_z': -0.358054, 'max_z': 0.3706}"
D00093_copy.obj,FloorLamp,5000,9902,triangles,"{'min_x': -0.5703330000000001, 'max_x': 0.523427, 'min_y': -0.5737330000000003, 'max_y': 0.5210130000000003, 'min_z': -0.545006, 'max_z': 1.03716}"
D00186_copy.obj,FloorLamp,5000,9928,triangles,"{'min_x': -0.625938, 'max_x': 0.980022, 'min_y': -0.507875, 'max_y': 0.542201, 'min_z': -0.520385, 'max_z': 0.52978}"
D00211_copy.obj,FloorLamp,5000,9776,triangles,"{'min_x': -0.840113, 'max_x': 0.802181, 'min_y': -0.577233, 'max_y': 0.310548, 'min_z': -0.242279, 'max_z': 0.330316}"
D00228_copy.obj,FloorLamp,5000,9988,triangles,"{'min_x': -0.654154, 'max_x': 0.895962, 'min_y': -0.544531, 'max_y': 0.567995, 'min_z': -0.556888, 'max_z': 0.55567}"
D00388_copy.obj,FloorLamp,5000,9628,triangles,"{'min_x': -0.495216, 'max_x': 0.979268, 'min_y': -0.6496540000000001, 'max_y': 0.664287, 'min_z': -0.6736520000000001, 'max_z': 0.6405070000000003}"
D00400_copy.obj,FloorLamp,5000,9806,triangles,"{'min_x': -0.7576129444457472, 'max_x': 0.821496, 'min_y': -0.465739, 'max_y': 0.486915, 'min_z': -0.466686, 'max_z': 0.485898}"
D00408_copy.obj,FloorLamp,5000,9529,triangles,"{'min_x': -0.6160080000000001, 'max_x': 0.925216, 'min_y': -0.632876, 'max_y': 0.6622400000000002, 'min_z': -0.6416959999999999, 'max_z': 0.6373480000000002}"
D00447_copy.obj,FloorLamp,5000,9970,triangles,"{'min_x': -0.9633979999999998, 'max_x': 0.6222390000000001, 'min_y': -0.6712270000000001, 'max_y': 0.6655230000000001, 'min_z': -0.6627059999999999, 'max_z': 0.674666}"
D00495_copy.obj,FloorLamp,5000,9923,triangles,"{'min_x': -0.8726899999999996, 'max_x': 0.400885, 'min_y': -0.515695, 'max_y': 0.357133, 'min_z': -0.3110820000000001, 'max_z': 0.360995}"
D00563_copy.obj,FloorLamp,5000,9700,triangles,"{'min_x': -0.911632, 'max_x': 0.5857508416430901, 'min_y': -0.5094685862521934, 'max_y': 0.5128608707096445, 'min_z': -0.5112062526063837, 'max_z': 0.5109872497880878}"
D00580_copy.obj,FloorLamp,5000,8954,triangles,"{'min_x': -1.1432561416470552, 'max_x': 0.828588, 'min_y': -0.444224, 'max_y': 0.752447, 'min_z': -0.578098, 'max_z': 0.620116}"
D00740_copy.obj,FloorLamp,5000,9984,triangles,"{'min_x': -0.762766, 'max_x': 0.825336, 'min_y': -0.524981, 'max_y': 0.506107, 'min_z': -0.518862, 'max_z': 0.513242}"
D00856_copy.obj,FloorLamp,5000,9992,triangles,"{'min_x': -0.7989349999999916, 'max_x': 0.773809, 'min_y': -0.568265, 'max_y': 0.448329999999991, 'min_z': -0.4899340000000028, 'max_z': 0.5331159999999997}"
D00875_copy.obj,FloorLamp,5000,9748,triangles,"{'min_x': -0.947539, 'max_x': 0.7312680505081723, 'min_y': -0.42432, 'max_y': 0.433591, 'min_z': -0.431938, 'max_z': 0.425882}"
D00876_copy.obj,FloorLamp,5000,9992,triangles,"{'min_x': -0.8682876083417405, 'max_x': 0.6081945353795745, 'min_y': -0.597088, 'max_y': 0.720198, 'min_z': -0.65649, 'max_z': 0.676295}"
D00888_copy.obj,FloorLamp,5000,9992,triangles,"{'min_x': -0.9181199999999999, 'max_x': 0.8264, 'min_y': -0.369781, 'max_y': 0.6119, 'min_z': -0.503533, 'max_z': 0.4876810000000003}"
D00924_copy.obj,FloorLamp,5000,9708,triangles,"{'min_x': -0.817161, 'max_x': 0.860374, 'min_y': -0.425956, 'max_y': 0.464848, 'min_z': -0.449487, 'max_z': 0.439694}"
D00955_copy.obj,FloorLamp,5000,9960,triangles,"{'min_x': -0.7503760472879927, 'max_x': 0.8440380000238239, 'min_y': -0.508289, 'max_y': 0.459079, 'min_z': -0.4986845857356819, 'max_z': 0.4746062794396922}"
D00981_copy.obj,FloorLamp,5000,9761,triangles,"{'min_x': -0.46224, 'max_x': 1.0173, 'min_y': -0.56175, 'max_y': 0.3607429999999999, 'min_z': -0.448819, 'max_z': 0.47492}"
m617_copy.obj,FloorLamp,5000,9948,triangles,"{'min_x': 0.025, 'max_x': 0.381876, 'min_y': 0.025, 'max_y': 0.9749999999999999, 'min_z': 0.025, 'max_z': 0.417182}"
m618_copy.obj,FloorLamp,5000,9988,triangles,"{'min_x': 0.025, 'max_x': 0.134223, 'min_y': 0.025, 'max_y': 0.975, 'min_z': 0.025, 'max_z': 0.134222}"
m619_copy.obj,FloorLamp,5000,9974,triangles,"{'min_x': 0.025, 'max_x': 0.174245, 'min_y': 0.025, 'max_y': 0.9750000000000005, 'min_z': 0.025, 'max_z': 0.174245}"
m620_copy.obj,FloorLamp,5000,9890,triangles,"{'min_x': 0.025, 'max_x': 0.124357, 'min_y': 0.025, 'max_y': 0.975, 'min_z': 0.025, 'max_z': 0.116258}"
m621_copy.obj,FloorLamp,5000,9916,triangles,"{'min_x': 0.025, 'max_x': 0.144523, 'min_y': 0.025, 'max_y': 0.975, 'min_z': 0.025, 'max_z': 0.144523}"
m622_copy.obj,FloorLamp,5000,9972,triangles,"{'min_x': 0.025, 'max_x': 0.099219, 'min_y': 0.025, 'max_y': 0.9750000000000001, 'min_z': 0.025, 'max_z': 0.20127}"
m623_copy.obj,FloorLamp,5000,9950,triangles,"{'min_x': 0.025, 'max_x': 0.2848049999999999, 'min_y': 0.025, 'max_y': 0.9750000000000002, 'min_z': 0.025, 'max_z': 0.249998}"
m624_copy.obj,FloorLamp,5000,9984,triangles,"{'min_x': 0.025, 'max_x': 0.171154, 'min_y': 0.025, 'max_y': 0.975, 'min_z': 0.025, 'max_z': 0.368539}"
D00050_copy.obj,Glasses,5000,9996,triangles,"{'min_x': -0.731417, 'max_x': 0.570185, 'min_y': -0.349702, 'max_y': 0.931312, 'min_z': -0.156199, 'max_z': 0.169875}"
D00201_copy.obj,Glasses,5000,9618,triangles,"{'min_x': -0.487773, 'max_x': 0.639588, 'min_y': -0.4987470002263076, 'max_y': 0.555236, 'min_z': -0.213041, 'max_z': 0.214302}"
D00225_copy.obj,Glasses,5000,9858,triangles,"{'min_x': -0.541097, 'max_x': 0.6805980000000001, 'min_y': -0.533612, 'max_y': 0.6235, 'min_z': -0.1748020000000001, 'max_z': 0.132124}"
D00432_copy.obj,Glasses,5000,9632,triangles,"{'min_x': -0.820419, 'max_x': 0.7442210000000001, 'min_y': -1.05912, 'max_y': 0.462371, 'min_z': -0.1812480000000009, 'max_z': 0.089982}"
D00475_copy.obj,Glasses,5000,9960,triangles,"{'min_x': -0.80163, 'max_x': 0.3105149999999996, 'min_y': -0.587238, 'max_y': 0.393097, 'min_z': -0.108938, 'max_z': 0.2584560000000001}"
D00507_copy.obj,Glasses,5000,9996,triangles,"{'min_x': -0.72408, 'max_x': 0.574905, 'min_y': -0.341379, 'max_y': 0.932688, 'min_z': -0.158945, 'max_z': 0.166407}"
D00560_copy.obj,Glasses,5000,9908,triangles,"{'min_x': -0.6125639999999997, 'max_x': 0.6285170000000001, 'min_y': -0.4500590000000001, 'max_y': 0.642733, 'min_z': -0.1976179999999983, 'max_z': 0.102281}"
D00575_copy.obj,Glasses,5000,9840,triangles,"{'min_x': -0.7220217207396699, 'max_x': 0.4442053768767456, 'min_y': -0.3941452102016891, 'max_y': 0.891785568729035, 'min_z': -0.1028832031798847, 'max_z': 0.123044668458978}"
D00630_copy.obj,Glasses,5000,9872,triangles,"{'min_x': -0.66284, 'max_x': 0.427605, 'min_y': -0.782738, 'max_y': 0.282376, 'min_z': -0.245093, 'max_z': 0.142124}"
D00640_copy.obj,Glasses,5000,9884,triangles,"{'min_x': -0.877076, 'max_x': 0.4190382912169797, 'min_y': -0.454726345536793, 'max_y': 0.8505030401033513, 'min_z': -0.0839605041760576, 'max_z': 0.132443766423303}"
D00656_copy.obj,Glasses,5000,8794,triangles,"{'min_x': -0.692427, 'max_x': 0.71929, 'min_y': -0.563963, 'max_y': 0.838516, 'min_z': -0.17177, 'max_z': 0.188258}"
D00660_copy.obj,Glasses,5000,9918,triangles,"{'min_x': -0.686586, 'max_x': 0.69791, 'min_y': -0.486169, 'max_y': 0.902648, 'min_z': -0.117187, 'max_z': 0.1097906225043234}"
D00717_copy.obj,Glasses,5000,9952,triangles,"{'min_x': -0.721225, 'max_x': 0.5232279999999999, 'min_y': -0.3585979999999999, 'max_y': 0.847668, 'min_z': -0.233443, 'max_z': 0.191492}"
D00730_copy.obj,Glasses,5000,9988,triangles,"{'min_x': -0.483262, 'max_x': 0.648804, 'min_y': -0.868901, 'max_y': 0.380136, 'min_z': -0.127724, 'max_z': 0.09945}"
D00813_copy.obj,Glasses,5000,9944,triangles,"{'min_x': -0.592931, 'max_x': 0.650733, 'min_y': -0.4421660000000001, 'max_y': 0.640606, 'min_z': -0.2203149999999999, 'max_z': 0.23731}"
D00816_copy.obj,Glasses,5000,9916,triangles,"{'min_x': -0.739501, 'max_x': 0.5435585113085399, 'min_y': -0.9508892870703766, 'max_y': 0.3323803423036228, 'min_z': -0.1232463915116903, 'max_z': 0.0881707610733522}"
D00877_copy.obj,Glasses,5000,9610,triangles,"{'min_x': -0.799376, 'max_x': 0.6076670000000001, 'min_y': -0.656955, 'max_y': 0.6601639999999999, 'min_z': -0.262726, 'max_z': 0.14246}"
D00883_copy.obj,Glasses,5000,9840,triangles,"{'min_x': -0.853373, 'max_x': 0.5032239999999999, 'min_y': -0.29359, 'max_y': 1.06823, 'min_z': -0.056078, 'max_z': 0.153361}"
D00937_copy.obj,Glasses,5000,9996,triangles,"{'min_x': -0.525878, 'max_x': 0.778809, 'min_y': -0.3890730000000001, 'max_y': 0.892906, 'min_z': -0.151849, 'max_z': 0.109602}"
D00994_copy.obj,Glasses,4999,9900,triangles,"{'min_x': -0.737751, 'max_x': 0.3122670000000001, 'min_y': -0.996489, 'max_y': 0.253962, 'min_z': -0.122722, 'max_z': 0.137724}"
D00023_copy.obj,Guitar,5000,9701,triangles,"{'min_x': -0.7962320000000004, 'max_x': 0.751486, 'min_y': -0.262497, 'max_y': 0.27479, 'min_z': -0.054427, 'max_z': 0.109924}"
D00041_copy.obj,Guitar,5000,5870,triangles,"{'min_x': -0.9542375151711026, 'max_x': 0.4644295335781371, 'min_y': -0.1808408274180265, 'max_y': 0.2004688665246935, 'min_z': -0.040113344341943, 'max_z': 0.0273725226259876}"
D00076_copy.obj,Guitar,5000,6769,triangles,"{'min_x': -0.7504536042766466, 'max_x': 0.80501, 'min_y': -0.2677530365236273, 'max_y': 0.3040092214168076, 'min_z': -0.0351465284809493, 'max_z': 0.0545892215356308}"
D00097_copy.obj,Guitar,5000,9908,triangles,"{'min_x': -0.736794, 'max_x': 0.808166, 'min_y': -0.21092, 'max_y': 0.246712, 'min_z': -0.120674, 'max_z': 0.02709}"
D00124_copy.obj,Guitar,5000,9486,triangles,"{'min_x': -0.662394, 'max_x': 0.834363, 'min_y': -0.2181930000000001, 'max_y': 0.256949, 'min_z': -0.046556, 'max_z': 0.052156}"
D00222_copy.obj,Guitar,5000,9856,triangles,"{'min_x': -0.802099, 'max_x': 1.00169, 'min_y': -0.3256620000000001, 'max_y': 0.2989170000000002, 'min_z': -0.122863, 'max_z': 0.090693}"
D00232_copy.obj,Guitar,4956,8929,triangles,"{'min_x': -0.669757, 'max_x': 0.860566, 'min_y': -0.33698, 'max_y': 0.302068, 'min_z': -0.054688, 'max_z': 0.112353}"
D00335_copy.obj,Guitar,5000,9469,triangles,"{'min_x': -0.7423218557940704, 'max_x': 0.7749021747259164, 'min_y': -0.2859880750427564, 'max_y': 0.246806393140149, 'min_z': -0.0621539586230333, 'max_z': 0.1297179431626713}"
D00374_copy.obj,Guitar,5000,9536,triangles,"{'min_x': -1.041420000000028, 'max_x': 0.4645430000000003, 'min_y': -0.226905, 'max_y': 0.2071189999999999, 'min_z': -0.08488, 'max_z': 0.083787}"
D00414_copy.obj,Guitar,5000,8875,triangles,"{'min_x': -0.861591, 'max_x': 0.777109, 'min_y': -0.187211, 'max_y': 0.326456, 'min_z': -0.151303, 'max_z': 0.097247}"
D00416_copy.obj,Guitar,5000,9305,triangles,"{'min_x': -0.872283, 'max_x': 0.587531, 'min_y': -0.2888350000000001, 'max_y': 0.2832, 'min_z': -0.093521, 'max_z': 0.055506}"
D00461_copy.obj,Guitar,5000,9658,triangles,"{'min_x': -0.787248, 'max_x': 0.8791, 'min_y': -0.239581, 'max_y': 0.270428, 'min_z': -0.047724, 'max_z': 0.064037}"
D00464_copy.obj,Guitar,5000,9435,triangles,"{'min_x': -0.844418, 'max_x': 0.698593, 'min_y': -0.240079, 'max_y': 0.411624, 'min_z': -0.140326, 'max_z': 0.1112489999999999}"
D00494_copy.obj,Guitar,5000,8054,triangles,"{'min_x': -0.8267768489136101, 'max_x': 0.6403190723034768, 'min_y': -0.1754867602407182, 'max_y': 0.2040344984944354, 'min_z': -0.0696533416890733, 'max_z': 0.063467}"
D00534_copy.obj,Guitar,5000,9785,triangles,"{'min_x': -0.7263619999999998, 'max_x': 0.7206910000000001, 'min_y': -0.239725, 'max_y': 0.227699, 'min_z': -0.08063, 'max_z': 0.07686}"
D00549_copy.obj,Guitar,5000,9558,triangles,"{'min_x': -0.663169, 'max_x': 0.856067, 'min_y': -0.278976, 'max_y': 0.145906, 'min_z': -0.021161, 'max_z': 0.060895}"
D00645_copy.obj,Guitar,5000,9828,triangles,"{'min_x': -1.04426, 'max_x': 0.4314589999999999, 'min_y': -0.2139029999999998, 'max_y': 0.3153750000000001, 'min_z': -0.072762, 'max_z': 0.061381}"
D00655_copy.obj,Guitar,5000,9732,triangles,"{'min_x': -0.774865, 'max_x': 0.791883, 'min_y': -0.305031, 'max_y': 0.309747, 'min_z': -0.015852, 'max_z': 0.029027}"
D00844_copy.obj,Guitar,5000,8407,triangles,"{'min_x': -0.878815, 'max_x': 0.7258284257507489, 'min_y': -0.313658, 'max_y': 0.30587, 'min_z': -0.132861, 'max_z': 0.214252}"
D00849_copy.obj,Guitar,5000,8595,triangles,"{'min_x': -0.6743872505131927, 'max_x': 0.8607963370911296, 'min_y': -0.2865587701275222, 'max_y': 0.219462, 'min_z': -0.0575856202586886, 'max_z': 0.123724}"
D00103_copy.obj,Gun,5000,9948,triangles,"{'min_x': -0.7956719999999999, 'max_x': 0.776603, 'min_y': -0.453606, 'max_y': 0.434456, 'min_z': -0.096347, 'max_z': 0.1514259999999999}"
D00137_copy.obj,Gun,5000,9716,triangles,"{'min_x': -1.04743, 'max_x': 0.796371, 'min_y': -0.362179, 'max_y': 0.405965, 'min_z': -0.112803, 'max_z': 0.104621}"
D00140_copy.obj,Gun,5000,9766,triangles,"{'min_x': -1.01718, 'max_x': 0.834684, 'min_y': -0.329426, 'max_y': 0.3399800000000002, 'min_z': -0.126773, 'max_z': 0.108157}"
D00153_copy.obj,Gun,5000,9976,triangles,"{'min_x': -0.774471, 'max_x': 0.976852, 'min_y': -0.4353659999999997, 'max_y': 0.412921, 'min_z': -0.109726, 'max_z': 0.103612}"
D00161_copy.obj,Gun,5000,9968,triangles,"{'min_x': -0.79135, 'max_x': 1.02624, 'min_y': -0.452913, 'max_y': 0.5460789999999999, 'min_z': -0.153678, 'max_z': 0.101841}"
D00204_copy.obj,Gun,4867,8914,triangles,"{'min_x': -0.781536, 'max_x': 1.0094, 'min_y': -0.608466, 'max_y': 0.451569, 'min_z': -0.128401, 'max_z': 0.146249}"
D00207_copy.obj,Gun,5000,9546,triangles,"{'min_x': -0.482214, 'max_x': 1.0129, 'min_y': -0.4417871714455957, 'max_y': 0.3600135437003654, 'min_z': -0.1503902146107738, 'max_z': 0.1041249671407535}"
D00209_copy.obj,Gun,5000,9918,triangles,"{'min_x': -1.01113, 'max_x': 0.681548, 'min_y': -0.5781260000000018, 'max_y': 0.35909, 'min_z': -0.168384, 'max_z': 0.179591}"
D00239_copy.obj,Gun,5000,9986,triangles,"{'min_x': -0.645559, 'max_x': 1.01275, 'min_y': -0.260866, 'max_y': 0.221899, 'min_z': -0.05666, 'max_z': 0.065709}"
D00244_copy.obj,Gun,5000,9948,triangles,"{'min_x': -0.755681, 'max_x': 1.05437, 'min_y': -0.426545, 'max_y': 0.624702, 'min_z': -0.1665490000000001, 'max_z': 0.122758}"
D00282_copy.obj,Gun,5000,9907,triangles,"{'min_x': -1.081730000000001, 'max_x': 0.778063, 'min_y': -0.268859, 'max_y': 0.456446, 'min_z': -0.1318510000000001, 'max_z': 0.167787}"
D00368_copy.obj,Gun,5000,9968,triangles,"{'min_x': -0.8964679999999999, 'max_x': 1.002750000000002, 'min_y': -0.5487039999999985, 'max_y': 0.480884, 'min_z': -0.142997, 'max_z': 0.157207}"
D00425_copy.obj,Gun,5000,9420,triangles,"{'min_x': -0.8169074811986534, 'max_x': 0.9489110620721861, 'min_y': -0.405542, 'max_y': 0.486052, 'min_z': -0.07611, 'max_z': 0.1065679167706913}"
D00477_copy.obj,Gun,5000,9530,triangles,"{'min_x': -0.88917, 'max_x': 0.967026, 'min_y': -0.142298, 'max_y': 0.2572499999999999, 'min_z': -0.069242, 'max_z': 0.040597}"
D00606_copy.obj,Gun,5000,9984,triangles,"{'min_x': -0.7458330000000001, 'max_x': 1.13767, 'min_y': -0.401651, 'max_y': 0.7032570000000002, 'min_z': -0.222344, 'max_z': 0.1219530000000002}"
D00802_copy.obj,Gun,5000,9964,triangles,"{'min_x': -0.541029, 'max_x': 1.0134, 'min_y': -0.314238, 'max_y': 0.294637, 'min_z': -0.088182, 'max_z': 0.064344}"
D00819_copy.obj,Gun,5000,9530,triangles,"{'min_x': -0.754944, 'max_x': 0.9972529253563477, 'min_y': -0.5853025748237446, 'max_y': 0.3049668686663239, 'min_z': -0.1327034652799935, 'max_z': 0.1364207124578088}"
D00826_copy.obj,Gun,5000,9843,triangles,"{'min_x': -0.842559, 'max_x': 0.9762567806596862, 'min_y': -0.2976119583687761, 'max_y': 0.279812650150122, 'min_z': -0.119141, 'max_z': 0.120482}"
D00929_copy.obj,Gun,5000,9924,triangles,"{'min_x': -0.822144, 'max_x': 1.02365, 'min_y': -0.5517790000000001, 'max_y': 0.602898, 'min_z': -0.112555, 'max_z': 0.070117}"
D00972_copy.obj,Gun,5000,9820,triangles,"{'min_x': -1.2334660818005287, 'max_x': 0.6334956713575756, 'min_y': -0.4055503286135578, 'max_y': 0.5720800542414282, 'min_z': -0.156940454002841, 'max_z': 0.1805454292757152}"
m648_copy.obj,Gun,5000,9952,triangles,"{'min_x': 0.025, 'max_x': 0.975, 'min_y': 0.025, 'max_y': 0.613562, 'min_z': 0.025, 'max_z': 0.128121}"
m649_copy.obj,Gun,5000,9095,triangles,"{'min_x': 0.0249999999999998, 'max_x': 0.975, 'min_y': 0.025, 'max_y': 0.6852500000000001, 'min_z': 0.025, 'max_z': 0.138763}"
m650_copy.obj,Gun,5000,8665,triangles,"{'min_x': 0.025, 'max_x': 0.9750000000000002, 'min_y': 0.025, 'max_y': 0.6600750000000002, 'min_z': 0.0249999999999999, 'max_z': 0.158238}"
m651_copy.obj,Gun,5000,9688,triangles,"{'min_x': 0.025, 'max_x': 0.268671, 'min_y': 0.025, 'max_y': 0.639117, 'min_z': 0.025, 'max_z': 0.975}"
m652_copy.obj,Gun,4847,8521,triangles,"{'min_x': 0.025, 'max_x': 0.194431, 'min_y': 0.025, 'max_y': 0.704267, 'min_z': 0.025, 'max_z': 0.975}"
m653_copy.obj,Gun,5000,9976,triangles,"{'min_x': 0.025, 'max_x': 0.975, 'min_y': 0.025, 'max_y': 0.466906, 'min_z': 0.025, 'max_z': 0.16723}"
m654_copy.obj,Gun,5000,9960,triangles,"{'min_x': 0.025, 'max_x': 0.975, 'min_y': 0.025, 'max_y': 0.555676, 'min_z': 0.025, 'max_z': 0.114499}"
m655_copy.obj,Gun,5000,9958,triangles,"{'min_x': 0.025, 'max_x': 0.1488190000000001, 'min_y': 0.025, 'max_y': 0.5754990000000001, 'min_z': 0.025, 'max_z': 0.9750000000000001}"
m656_copy.obj,Gun,5000,9854,triangles,"{'min_x': 0.0249904387926494, 'max_x': 0.1680499611471873, 'min_y': 0.025, 'max_y': 0.5749463961652083, 'min_z': 0.0246192556791722, 'max_z': 0.975036004389234}"
m657_copy.obj,Gun,5000,9954,triangles,"{'min_x': 0.025, 'max_x': 0.230622, 'min_y': 0.0248949187290604, 'max_y': 0.746679400393516, 'min_z': 0.0250259985360814, 'max_z': 0.9750946561792166}"
m658_copy.obj,Gun,5000,9932,triangles,"{'min_x': 0.025, 'max_x': 0.1899510000000001, 'min_y': 0.025, 'max_y': 0.617093, 'min_z': 0.0249999999999999, 'max_z': 0.975}"
m659_copy.obj,Gun,5000,9836,triangles,"{'min_x': 0.025, 'max_x': 0.9750000000000002, 'min_y': 0.025, 'max_y': 0.497961, 'min_z': 0.025, 'max_z': 0.1653039999999999}"
m660_copy.obj,Gun,5000,9006,triangles,"{'min_x': 0.025, 'max_x': 0.15705, 'min_y': 0.025, 'max_y': 0.5268390000000002, 'min_z': 0.025, 'max_z': 0.975}"
m661_copy.obj,Gun,5000,9791,triangles,"{'min_x': 0.025, 'max_x': 0.9750000000000001, 'min_y': 0.025, 'max_y': 0.151189, 'min_z': 0.025, 'max_z': 0.54785}"
m662_copy.obj,Gun,5000,9850,triangles,"{'min_x': 0.025, 'max_x': 0.975, 'min_y': 0.025, 'max_y': 0.156909, 'min_z': 0.025, 'max_z': 0.960369}"
m663_copy.obj,Gun,5000,9900,triangles,"{'min_x': 0.025, 'max_x': 0.975, 'min_y': 0.025, 'max_y': 0.13951, 'min_z': 0.025, 'max_z': 0.5585440000000003}"
m664_copy.obj,Gun,5000,9968,triangles,"{'min_x': 0.025, 'max_x': 0.9750000000000003, 'min_y': 0.025, 'max_y': 0.7211880000000002, 'min_z': 0.025, 'max_z': 0.199559}"
m665_copy.obj,Gun,5000,9698,triangles,"{'min_x': 0.025, 'max_x': 0.184942, 'min_y': 0.025, 'max_y': 0.685913, 'min_z': 0.025, 'max_z': 0.9750000000000003}"
m666_copy.obj,Gun,4989,9989,triangles,"{'min_x': 0.025, 'max_x': 0.975, 'min_y': 0.025, 'max_y': 0.69407, 'min_z': 0.025, 'max_z': 0.267973}"
m667_copy.obj,Gun,5000,9853,triangles,"{'min_x': 0.025, 'max_x': 0.115473, 'min_y': 0.025, 'max_y': 0.421568, 'min_z': 0.025, 'max_z': 0.975}"
m668_copy.obj,Gun,5000,9612,triangles,"{'min_x': 0.025, 'max_x': 0.095224, 'min_y': 0.025, 'max_y': 0.3075390000000001, 'min_z': 0.025, 'max_z': 0.975}"
m669_copy.obj,Gun,5000,9553,triangles,"{'min_x': 0.025, 'max_x': 0.10005, 'min_y': 0.025, 'max_y': 0.164887, 'min_z': 0.025, 'max_z': 0.975}"
m670_copy.obj,Gun,5000,9968,triangles,"{'min_x': 0.025, 'max_x': 0.975, 'min_y': 0.025, 'max_y': 0.336501, 'min_z': 0.025, 'max_z': 0.071794}"
m671_copy.obj,Gun,5000,9912,triangles,"{'min_x': 0.025, 'max_x': 0.075425, 'min_y': 0.025, 'max_y': 0.237805, 'min_z': 0.025, 'max_z': 0.975}"
m672_copy.obj,Gun,5000,9972,triangles,"{'min_x': 0.025, 'max_x': 0.068667, 'min_y': 0.025, 'max_y': 0.238619, 'min_z': 0.025, 'max_z': 0.975}"
m674_copy.obj,Gun,5000,9755,triangles,"{'min_x': 0.025, 'max_x': 0.071835, 'min_y': 0.025, 'max_y': 0.254259, 'min_z': 0.025, 'max_z': 0.975}"
m675_copy.obj,Gun,5000,9688,triangles,"{'min_x': 0.025, 'max_x': 0.975, 'min_y': 0.025, 'max_y': 0.274906, 'min_z': 0.025, 'max_z': 0.114237}"
m676_copy.obj,Gun,5000,9920,triangles,"{'min_x': 0.025, 'max_x': 0.194667, 'min_y': 0.025, 'max_y': 0.269866, 'min_z': 0.025, 'max_z': 0.975}"
m677_copy.obj,Gun,5000,9955,triangles,"{'min_x': 0.025, 'max_x': 0.975, 'min_y': 0.025, 'max_y': 0.147214, 'min_z': 0.025, 'max_z': 0.060332}"
m678_copy.obj,Gun,5000,9612,triangles,"{'min_x': 0.025, 'max_x': 0.066242, 'min_y': 0.025, 'max_y': 0.212036, 'min_z': 0.025, 'max_z': 0.975}"
m679_copy.obj,Gun,5000,9524,triangles,"{'min_x': 0.025, 'max_x': 0.078136, 'min_y': 0.025, 'max_y': 0.243081, 'min_z': 0.025, 'max_z': 0.975}"
m680_copy.obj,Gun,4983,9807,triangles,"{'min_x': 0.025, 'max_x': 0.060861, 'min_y': 0.025, 'max_y': 0.117672, 'min_z': 0.025, 'max_z': 0.975}"
m681_copy.obj,Gun,5000,9867,triangles,"{'min_x': 0.025, 'max_x': 0.9750000000000001, 'min_y': 0.025, 'max_y': 0.08651, 'min_z': 0.025, 'max_z': 0.284788}"
m682_copy.obj,Gun,5000,9702,triangles,"{'min_x': 0.025, 'max_x': 0.975, 'min_y': 0.0249999999999999, 'max_y': 0.090654, 'min_z': 0.025, 'max_z': 0.2997039999999999}"
m683_copy.obj,Gun,5000,9907,triangles,"{'min_x': 0.025, 'max_x': 0.190799, 'min_y': 0.025, 'max_y': 0.093371, 'min_z': 0.025, 'max_z': 0.975}"
m684_copy.obj,Gun,5000,9898,triangles,"{'min_x': 0.025, 'max_x': 0.9750391665204685, 'min_y': 0.025, 'max_y': 0.5209851831243428, 'min_z': 0.025, 'max_z': 0.330532}"
m685_copy.obj,Gun,5000,9974,triangles,"{'min_x': 0.025, 'max_x': 0.187948000116436, 'min_y': 0.025, 'max_y': 0.337259, 'min_z': 0.025, 'max_z': 0.975}"
m686_copy.obj,Gun,5000,9093,triangles,"{'min_x': 0.025, 'max_x': 0.975, 'min_y': 0.025, 'max_y': 0.10846, 'min_z': 0.025, 'max_z': 0.256575}"
D01006_copy.obj,Hand,5000,9993,triangles,"{'min_x': 0.0252195802540102, 'max_x': 0.5762972066479244, 'min_y': 0.025, 'max_y': 0.975, 'min_z': 0.025, 'max_z': 0.6751809174375085}"
D01020_copy.obj,Hand,5000,9996,triangles,"{'min_x': -0.392205, 'max_x': 0.3248353697398896, 'min_y': -0.7163689562062813, 'max_y': 0.978171, 'min_z': -0.3215485827694931, 'max_z': 0.423278283651064}"
D01022_copy.obj,Hand,5000,9996,triangles,"{'min_x': 0.025, 'max_x': 0.975, 'min_y': 0.0249999999999999, 'max_y': 0.39912, 'min_z': 0.0249999999999999, 'max_z': 0.522038}"
D01024_copy.obj,Hand,5000,9976,triangles,"{'min_x': 0.025, 'max_x': 0.795743, 'min_y': 0.025, 'max_y': 0.9750000000000001, 'min_z': 0.025, 'max_z': 0.40055}"
D01041_copy.obj,Hand,5000,9606,triangles,"{'min_x': 0.025, 'max_x': 0.465624, 'min_y': 0.025, 'max_y': 0.975, 'min_z': 0.025, 'max_z': 0.533065}"
D01060_copy.obj,Hand,5000,9606,triangles,"{'min_x': 0.025, 'max_x': 0.4266909999999999, 'min_y': 0.025, 'max_y': 0.975, 'min_z': 0.025, 'max_z': 0.525357}"
D01074_copy.obj,Hand,5000,9990,triangles,"{'min_x': 0.025, 'max_x': 0.384709, 'min_y': 0.025, 'max_y': 0.975, 'min_z': 0.025, 'max_z': 0.563866}"
D01093_copy.obj,Hand,5000,9996,triangles,"{'min_x': -0.438116, 'max_x': 0.3579293462225205, 'min_y': -0.7633768706318826, 'max_y': 0.989234, 'min_z': -0.2823792987516373, 'max_z': 0.378968}"
D01097_copy.obj,Hand,5000,9996,triangles,"{'min_x': 0.025, 'max_x': 0.87866, 'min_y': 0.025, 'max_y': 0.975, 'min_z': 0.0249582236065035, 'max_z': 0.354297}"
D01106_copy.obj,Hand,5000,9942,triangles,"{'min_x': 0.025, 'max_x': 0.190557, 'min_y': 0.025, 'max_y': 0.134926, 'min_z': 0.025, 'max_z': 0.975}"
D01117_copy.obj,Hand,5000,9996,triangles,"{'min_x': 0.024962695925056, 'max_x': 0.975, 'min_y': 0.025, 'max_y': 0.850934, 'min_z': 0.025, 'max_z': 0.263156}"
D01118_copy.obj,Hand,5000,9996,triangles,"{'min_x': 0.025, 'max_x': 0.5722760000000002, 'min_y': 0.025, 'max_y': 0.346703, 'min_z': 0.025, 'max_z': 0.975}"
D01153_copy.obj,Hand,5000,9996,triangles,"{'min_x': 0.0249183348797364, 'max_x': 0.354708326478505, 'min_y': 0.0249742028944723, 'max_y': 0.2935683711836594, 'min_z': 0.0249955599342538, 'max_z': 0.9752292909008178}"
D01162_copy.obj,Hand,5000,9996,triangles,"{'min_x': 0.0249999999999999, 'max_x': 0.858363, 'min_y': 0.0250000000000001, 'max_y': 0.7832930000000002, 'min_z': 0.025, 'max_z': 0.9750000000000005}"
D01170_copy.obj,Hand,5000,9996,triangles,"{'min_x': 0.025, 'max_x': 0.4893719999999999, 'min_y': 0.025, 'max_y': 0.367234, 'min_z': 0.025, 'max_z': 0.9750000000000002}"
D01172_copy.obj,Hand,5000,9589,triangles,"{'min_x': 0.0250098090946626, 'max_x': 0.3514888867020865, 'min_y': 0.025, 'max_y': 0.975, 'min_z': 0.0250227929606956, 'max_z': 0.370560798242056}"
D01193_copy.obj,Hand,5000,9996,triangles,"{'min_x': 0.025, 'max_x': 0.775154, 'min_y': 0.025, 'max_y': 0.395345, 'min_z': 0.025, 'max_z': 0.9749999999999998}"
D01197_copy.obj,Hand,5000,9996,triangles,"{'min_x': -0.527846, 'max_x': 0.706539, 'min_y': -0.584171, 'max_y': 0.991672, 'min_z': -0.2658626045098065, 'max_z': 0.368778}"
D01198_copy.obj,Hand,5000,9996,triangles,"{'min_x': 0.025, 'max_x': 0.245675, 'min_y': 0.025, 'max_y': 0.179601, 'min_z': 0.025, 'max_z': 0.975}"
D01200_copy.obj,Hand,5000,9996,triangles,"{'min_x': -0.409487, 'max_x': 0.345461, 'min_y': -0.623273, 'max_y': 0.982069, 'min_z': -0.2580688064282387, 'max_z': 0.348208}"
m323_copy.obj,Hand,5000,9589,triangles,"{'min_x': 0.0249959380593367, 'max_x': 0.351527322228499, 'min_y': 0.025, 'max_y': 0.975, 'min_z': 0.0249845900944925, 'max_z': 0.370560798242056}"
m324_copy.obj,Hand,5000,9996,triangles,"{'min_x': 0.0249059627131926, 'max_x': 0.354708326478505, 'min_y': 0.0249741902420511, 'max_y': 0.293588371328231, 'min_z': 0.0249978237409245, 'max_z': 0.9752292909008178}"
m325_copy.obj,Hand,5000,9606,triangles,"{'min_x': 0.025, 'max_x': 0.465624, 'min_y': 0.025, 'max_y': 0.975, 'min_z': 0.025, 'max_z': 0.533065}"
m326_copy.obj,Hand,5000,9606,triangles,"{'min_x': 0.025, 'max_x': 0.426691, 'min_y': 0.025, 'max_y': 0.975, 'min_z': 0.025, 'max_z': 0.525357}"
m327_copy.obj,Hand,5000,9996,triangles,"{'min_x': 0.025, 'max_x': 0.775154, 'min_y': 0.025, 'max_y': 0.395345, 'min_z': 0.025, 'max_z': 0.975}"
m328_copy.obj,Hand,5000,9996,triangles,"{'min_x': 0.0249626028139451, 'max_x': 0.975, 'min_y': 0.025, 'max_y': 0.850934, 'min_z': 0.025, 'max_z': 0.263156}"
m329_copy.obj,Hand,5000,9996,triangles,"{'min_x': 0.025, 'max_x': 0.87866, 'min_y': 0.025, 'max_y': 0.975, 'min_z': 0.024958171047999, 'max_z': 0.354297}"
m330_copy.obj,Hand,5000,9996,triangles,"{'min_x': 0.025, 'max_x': 0.975, 'min_y': 0.025, 'max_y': 0.39912, 'min_z': 0.0249999999999999, 'max_z': 0.522038}"
m331_copy.obj,Hand,5000,9990,triangles,"{'min_x': 0.025, 'max_x': 0.384709, 'min_y': 0.025, 'max_y': 0.975, 'min_z': 0.025, 'max_z': 0.563866}"
m332_copy.obj,Hand,5000,9996,triangles,"{'min_x': 0.025, 'max_x': 0.858363, 'min_y': 0.0250000000000002, 'max_y': 0.783293, 'min_z': 0.025, 'max_z': 0.9750000000000005}"
m333_copy.obj,Hand,5000,9996,triangles,"{'min_x': 0.025, 'max_x': 0.9082440000000002, 'min_y': 0.025, 'max_y': 0.6651050000000006, 'min_z': 0.025, 'max_z': 0.9749999999999999}"
m334_copy.obj,Hand,5000,9976,triangles,"{'min_x': 0.025, 'max_x': 0.795743, 'min_y': 0.025, 'max_y': 0.9750000000000001, 'min_z': 0.025, 'max_z': 0.40055}"
m335_copy.obj,Hand,5000,9993,triangles,"{'min_x': 0.0252196010042739, 'max_x': 0.5762972066479244, 'min_y': 0.025, 'max_y': 0.975, 'min_z': 0.025, 'max_z': 0.6751809080620299}"
m336_copy.obj,Hand,5000,9996,triangles,"{'min_x': 0.025, 'max_x': 0.5722760000000001, 'min_y': 0.025, 'max_y': 0.346703, 'min_z': 0.025, 'max_z': 0.975}"
m337_copy.obj,Hand,5000,9996,triangles,"{'min_x': 0.025, 'max_x': 0.245675, 'min_y': 0.025, 'max_y': 0.179601, 'min_z': 0.025, 'max_z': 0.975}"
m338_copy.obj,Hand,5000,9996,triangles,"{'min_x': 0.025, 'max_x': 0.4893719999999999, 'min_y': 0.025, 'max_y': 0.367234, 'min_z': 0.025, 'max_z': 0.9750000000000002}"
m339_copy.obj,Hand,5000,9942,triangles,"{'min_x': 0.025, 'max_x': 0.190557, 'min_y': 0.025, 'max_y': 0.134926, 'min_z': 0.025, 'max_z': 0.975}"
m1627_copy.obj,Hat,5000,9980,triangles,"{'min_x': 0.0250000000000001, 'max_x': 0.9750000000000002, 'min_y': 0.025, 'max_y': 0.4623610000000001, 'min_z': 0.025, 'max_z': 0.6902030000000002}"
m1628_copy.obj,Hat,5000,8704,triangles,"{'min_x': 0.025, 'max_x': 0.790791, 'min_y': 0.025, 'max_y': 0.5555150000000002, 'min_z': 0.025, 'max_z': 0.9750000000000002}"
m1629_copy.obj,Hat,5000,9419,triangles,"{'min_x': 0.0250000000000001, 'max_x': 0.7296210000000003, 'min_y': 0.025, 'max_y': 0.448129, 'min_z': 0.025, 'max_z': 0.9749999999999993}"
m1630_copy.obj,Hat,5000,9996,triangles,"{'min_x': 0.025, 'max_x': 0.892071, 'min_y': 0.025, 'max_y': 0.4472020000000002, 'min_z': 0.025, 'max_z': 0.975}"
m1631_copy.obj,Hat,5000,8945,triangles,"{'min_x': 0.025, 'max_x': 0.854637, 'min_y': 0.025, 'max_y': 0.4886310000000001, 'min_z': 0.025, 'max_z': 0.975}"
m1632_copy.obj,Hat,5000,9890,triangles,"{'min_x': 0.025, 'max_x': 0.862625, 'min_y': 0.025, 'max_y': 0.795065, 'min_z': 0.025, 'max_z': 0.975}"
m1633_copy.obj,Hat,5000,9584,triangles,"{'min_x': 0.025, 'max_x': 0.505742, 'min_y': 0.025, 'max_y': 0.8491760012547982, 'min_z': 0.025, 'max_z': 0.9749999999999996}"
m1634_copy.obj,Hat,5000,9934,triangles,"{'min_x': 0.025, 'max_x': 0.927438, 'min_y': 0.025, 'max_y': 0.685583, 'min_z': 0.025, 'max_z': 0.975}"
m1635_copy.obj,Hat,4995,10012,triangles,"{'min_x': 0.025, 'max_x': 0.844032, 'min_y': 0.025, 'max_y': 0.698107, 'min_z': 0.025, 'max_z': 0.975}"
m1636_copy.obj,Hat,5000,9996,triangles,"{'min_x': 0.025, 'max_x': 0.893712, 'min_y': 0.025, 'max_y': 0.898678, 'min_z': 0.025, 'max_z': 0.975}"
m1637_copy.obj,Hat,5000,9996,triangles,"{'min_x': 0.025, 'max_x': 0.784695, 'min_y': 0.025, 'max_y': 0.6812050000000001, 'min_z': 0.025, 'max_z': 0.975}"
m1638_copy.obj,Hat,4994,10010,triangles,"{'min_x': 0.025, 'max_x': 0.789762, 'min_y': 0.025, 'max_y': 0.4845385591013424, 'min_z': 0.025, 'max_z': 0.975}"
m1639_copy.obj,Hat,5000,9878,triangles,"{'min_x': 0.025, 'max_x': 0.664693, 'min_y': 0.025, 'max_y': 0.9750000000000002, 'min_z': 0.025, 'max_z': 0.892742}"
m1640_copy.obj,Hat,5000,9996,triangles,"{'min_x': 0.025, 'max_x': 0.727928, 'min_y': 0.0249999999999999, 'max_y': 0.704653, 'min_z': 0.0249999999999999, 'max_z': 0.975}"
m1641_copy.obj,Hat,5000,9988,triangles,"{'min_x': 0.025, 'max_x': 0.558568, 'min_y': 0.025, 'max_y': 0.9750000000000002, 'min_z': 0.025, 'max_z': 0.771103}"
D00038_copy.obj,Helicopter,5000,8138,triangles,"{'min_x': -0.852061, 'max_x': 1.00076, 'min_y': -0.3258434156709318, 'max_y': 0.1836231763372847, 'min_z': -0.1987724669670243, 'max_z': 0.129104}"
D00191_copy.obj,Helicopter,5000,9079,triangles,"{'min_x': -0.9200970000000002, 'max_x': 0.7465139999999996, 'min_y': -0.6237099999999999, 'max_y': 0.7314719999999995, 'min_z': -0.258189, 'max_z': 0.335164}"
D00361_copy.obj,Helicopter,5000,7456,triangles,"{'min_x': -0.8905377291281996, 'max_x': 0.8622891911541304, 'min_y': -0.6483656755514241, 'max_y': 0.7476141854285342, 'min_z': -0.281601926719329, 'max_z': 0.1990588386182324}"
D00397_copy.obj,Helicopter,5000,7553,triangles,"{'min_x': -0.812536, 'max_x': 0.953353, 'min_y': -0.539772, 'max_y': 0.837998, 'min_z': -0.288629, 'max_z': 0.2336100363234675}"
D00423_copy.obj,Helicopter,5000,9944,triangles,"{'min_x': -1.07205, 'max_x': 0.614204, 'min_y': -0.619176, 'max_y': 0.674197, 'min_z': -0.180666, 'max_z': 0.309461}"
D00470_copy.obj,Helicopter,5000,9766,triangles,"{'min_x': -1.04656, 'max_x': 0.761715, 'min_y': -0.470549, 'max_y': 0.804983, 'min_z': -0.440528, 'max_z': 0.212143}"
D00471_copy.obj,Helicopter,5000,8429,triangles,"{'min_x': -1.01771, 'max_x': 0.917997, 'min_y': -0.773587, 'max_y': 0.809146, 'min_z': -0.280863, 'max_z': 0.218150989102315}"
D00473_copy.obj,Helicopter,5000,8675,triangles,"{'min_x': -0.9839729999999999, 'max_x': 0.736932, 'min_y': -0.508541, 'max_y': 0.3697410000000005, 'min_z': -0.8027360000000024, 'max_z': 0.567885}"
D00498_copy.obj,Helicopter,4876,8472,triangles,"{'min_x': -1.05983, 'max_x': 0.718282, 'min_y': -0.649526, 'max_y': 0.6884, 'min_z': -0.184428, 'max_z': 0.297431}"
D00500_copy.obj,Helicopter,5000,8737,triangles,"{'min_x': -1.0299379690899388, 'max_x': 0.754817, 'min_y': -0.9081, 'max_y': 0.459728, 'min_z': -0.2523041018967961, 'max_z': 0.219288}"
D00502_copy.obj,Helicopter,5000,9510,triangles,"{'min_x': -1.0631, 'max_x': 0.87532, 'min_y': -0.309767, 'max_y': 0.274745, 'min_z': -0.6592349999999998, 'max_z': 0.6007959999999994}"
D00644_copy.obj,Helicopter,4994,9999,triangles,"{'min_x': -0.9567656700520691, 'max_x': 0.915133, 'min_y': -0.7975323838434384, 'max_y': 0.9348163261475461, 'min_z': -0.198452, 'max_z': 0.16149111017008}"
D00658_copy.obj,Helicopter,4951,8765,triangles,"{'min_x': -0.730894, 'max_x': 1.0857, 'min_y': -0.551787, 'max_y': 0.834034, 'min_z': -0.328449, 'max_z': 0.248646}"
D00751_copy.obj,Helicopter,5000,8731,triangles,"{'min_x': -0.9699720421688397, 'max_x': 0.797196, 'min_y': -0.744752, 'max_y': 0.770175, 'min_z': -0.202847, 'max_z': 0.258086}"
D00796_copy.obj,Helicopter,5000,9924,triangles,"{'min_x': -0.749979, 'max_x': 0.832151, 'min_y': -0.889721, 'max_y': 0.939418, 'min_z': -0.316135, 'max_z': 0.245196}"
D00820_copy.obj,Helicopter,5000,8256,triangles,"{'min_x': -0.663932, 'max_x': 0.844106, 'min_y': -0.607224, 'max_y': 0.494945, 'min_z': -0.242884, 'max_z': 0.261522}"
D00868_copy.obj,Helicopter,5000,9733,triangles,"{'min_x': -0.633154, 'max_x': 1.0153, 'min_y': -0.5954, 'max_y': 0.654355, 'min_z': -0.13749, 'max_z': 0.174547}"
D00977_copy.obj,Helicopter,5000,7593,triangles,"{'min_x': -0.9477, 'max_x': 0.847368, 'min_y': -0.601495, 'max_y': 0.761031, 'min_z': -0.220123, 'max_z': 0.231861}"
D00986_copy.obj,Helicopter,5000,9636,triangles,"{'min_x': -0.780879, 'max_x': 0.956675, 'min_y': -0.471915, 'max_y': 0.732233, 'min_z': -0.122947, 'max_z': 0.175549}"
D00991_copy.obj,Helicopter,5000,9121,triangles,"{'min_x': -1.03598, 'max_x': 0.65601, 'min_y': -0.30443, 'max_y': 0.543631, 'min_z': -0.255449, 'max_z': 0.384601}"
m1302_copy.obj,Helicopter,5000,9513,triangles,"{'min_x': 0.025, 'max_x': 0.211885, 'min_y': 0.025, 'max_y': 0.289754, 'min_z': 0.025, 'max_z': 0.975}"
m1304_copy.obj,Helicopter,5000,9920,triangles,"{'min_x': 0.025, 'max_x': 0.2665060000000001, 'min_y': 0.025, 'max_y': 0.3732710000000001, 'min_z': 0.025, 'max_z': 0.975}"
m1305_copy.obj,Helicopter,5000,9954,triangles,"{'min_x': 0.025, 'max_x': 0.975, 'min_y': 0.0249999914638173, 'max_y': 0.2710969759761714, 'min_z': 0.025, 'max_z': 0.166684}"
m1306_copy.obj,Helicopter,5000,9558,triangles,"{'min_x': 0.025, 'max_x': 0.751962, 'min_y': 0.0249998891044852, 'max_y': 0.310837, 'min_z': 0.025, 'max_z': 0.975}"
m1307_copy.obj,Helicopter,5000,9648,triangles,"{'min_x': 0.0249999999999999, 'max_x': 0.753955, 'min_y': 0.02490928881177, 'max_y': 0.336938, 'min_z': 0.0250000000000003, 'max_z': 0.9736952694872619}"
m1308_copy.obj,Helicopter,5000,9933,triangles,"{'min_x': 0.0249945143974801, 'max_x': 0.9153350116582051, 'min_y': 0.025, 'max_y': 0.2512649728290728, 'min_z': 0.0249998959209398, 'max_z': 0.975}"
m1309_copy.obj,Helicopter,5000,8997,triangles,"{'min_x': 0.025, 'max_x': 0.975, 'min_y': 0.025, 'max_y': 0.262523, 'min_z': 0.025, 'max_z': 0.652485}"
m1310_copy.obj,Helicopter,5000,9938,triangles,"{'min_x': 0.025, 'max_x': 0.77452, 'min_y': 0.025, 'max_y': 0.29927, 'min_z': 0.025, 'max_z': 0.975}"
m1311_copy.obj,Helicopter,5000,9996,triangles,"{'min_x': 0.025, 'max_x': 0.851879, 'min_y': 0.0249999999999999, 'max_y': 0.20723, 'min_z': 0.025, 'max_z': 0.975}"
m1312_copy.obj,Helicopter,5000,9924,triangles,"{'min_x': 0.025, 'max_x': 0.975, 'min_y': 0.025, 'max_y': 0.311245, 'min_z': 0.025, 'max_z': 0.839692}"
m1313_copy.obj,Helicopter,5000,9632,triangles,"{'min_x': 0.0249999999999999, 'max_x': 0.8135060000000025, 'min_y': 0.025, 'max_y': 0.975, 'min_z': 0.025, 'max_z': 0.29115}"
m1314_copy.obj,Helicopter,4981,9564,triangles,"{'min_x': 0.025, 'max_x': 0.975, 'min_y': 0.025, 'max_y': 0.767999, 'min_z': 0.025, 'max_z': 0.391399}"
m1315_copy.obj,Helicopter,5000,9744,triangles,"{'min_x': 0.025, 'max_x': 0.752246, 'min_y': 0.025, 'max_y': 0.975, 'min_z': 0.025, 'max_z': 0.226254}"
m1316_copy.obj,Helicopter,5000,9418,triangles,"{'min_x': 0.025, 'max_x': 0.975, 'min_y': 0.025, 'max_y': 0.580851, 'min_z': 0.025, 'max_z': 0.258243}"
m1317_copy.obj,Helicopter,5000,9636,triangles,"{'min_x': 0.025, 'max_x': 0.975, 'min_y': 0.025, 'max_y': 0.669317, 'min_z': 0.025, 'max_z': 0.224073}"
m1318_copy.obj,Helicopter,5000,9646,triangles,"{'min_x': 0.025, 'max_x': 0.975, 'min_y': 0.025, 'max_y': 0.75913, 'min_z': 0.025, 'max_z': 0.250313}"
m1319_copy.obj,Helicopter,5000,9796,triangles,"{'min_x': 0.025, 'max_x': 0.687735, 'min_y': 0.025, 'max_y': 0.975, 'min_z': 0.025, 'max_z': 0.178555}"
m1320_copy.obj,Helicopter,5000,8909,triangles,"{'min_x': 0.025, 'max_x': 0.762713, 'min_y': 0.025, 'max_y': 0.3125659384820941, 'min_z': 0.025, 'max_z': 0.975}"
m1321_copy.obj,Helicopter,5000,9572,triangles,"{'min_x': 0.025, 'max_x': 0.658962, 'min_y': 0.025, 'max_y': 0.279761, 'min_z': 0.025, 'max_z': 0.975}"
m1322_copy.obj,Helicopter,5000,9920,triangles,"{'min_x': 0.025, 'max_x': 0.858476, 'min_y': 0.025, 'max_y': 0.9750000000000002, 'min_z': 0.025, 'max_z': 0.2904390000000001}"
m1323_copy.obj,Helicopter,4989,8668,triangles,"{'min_x': 0.025, 'max_x': 0.802266, 'min_y': 0.025, 'max_y': 0.474942, 'min_z': 0.025, 'max_z': 0.975}"
m1325_copy.obj,Helicopter,5000,8596,triangles,"{'min_x': 0.025, 'max_x': 0.837723, 'min_y': 0.026322, 'max_y': 0.975, 'min_z': 0.025, 'max_z': 0.2990620000000001}"
m1326_copy.obj,Helicopter,5000,8581,triangles,"{'min_x': 0.025, 'max_x': 0.97366, 'min_y': 0.025, 'max_y': 0.30347, 'min_z': 0.025, 'max_z': 0.840149}"
m1327_copy.obj,Helicopter,5000,9335,triangles,"{'min_x': 0.025, 'max_x': 0.762712, 'min_y': 0.025, 'max_y': 0.975, 'min_z': 0.0249999201705198, 'max_z': 0.3125589997184944}"
m1328_copy.obj,Helicopter,4998,10006,triangles,"{'min_x': 0.025, 'max_x': 0.975, 'min_y': 0.025, 'max_y': 0.318917, 'min_z': 0.025, 'max_z': 0.789381}"
m1329_copy.obj,Helicopter,5000,9794,triangles,"{'min_x': 0.025, 'max_x': 0.787129, 'min_y': 0.025, 'max_y': 0.5745439999999999, 'min_z': 0.025, 'max_z': 0.9750000000000004}"
m1330_copy.obj,Helicopter,5000,9924,triangles,"{'min_x': 0.025, 'max_x': 0.222571, 'min_y': 0.025, 'max_y': 0.251327, 'min_z': 0.025, 'max_z': 0.967674}"
m1332_copy.obj,Helicopter,5000,9766,triangles,"{'min_x': 0.025, 'max_x': 0.729325, 'min_y': 0.025, 'max_y': 0.320984, 'min_z': 0.025, 'max_z': 0.975}"
m1333_copy.obj,Helicopter,5000,9889,triangles,"{'min_x': 0.025, 'max_x': 0.815941, 'min_y': 0.025, 'max_y': 0.273015, 'min_z': 0.025, 'max_z': 0.9749999999931149}"
m1334_copy.obj,Helicopter,4992,9893,triangles,"{'min_x': 0.025, 'max_x': 0.815539, 'min_y': 0.025, 'max_y': 0.272406, 'min_z': 0.025, 'max_z': 0.975}"
m1336_copy.obj,Helicopter,5000,9918,triangles,"{'min_x': 0.025, 'max_x': 0.740421, 'min_y': 0.025, 'max_y': 0.286153, 'min_z': 0.025, 'max_z': 0.975}"
D00001_copy.obj,House,17553,26603,triangles,"{'min_x': -0.725983, 'max_x': 1.0083, 'min_y': -0.989338, 'max_y': 0.753159, 'min_z': -0.54204, 'max_z': 0.44090924972358}"
D00044_copy.obj,House,5000,8630,triangles,"{'min_x': -0.708583, 'max_x': 0.932177, 'min_y': -0.698916, 'max_y': 0.993506, 'min_z': -0.488624, 'max_z': 0.481474}"
D00091_copy.obj,House,5000,9185,triangles,"{'min_x': -1.13091, 'max_x': 0.54241, 'min_y': -0.742037, 'max_y': 0.5683, 'min_z': -0.3484360000000001, 'max_z': 0.703398}"
D00095_copy.obj,House,5000,9918,triangles,"{'min_x': -0.759361, 'max_x': 1.17385, 'min_y': -0.941489, 'max_y': 0.914965, 'min_z': -0.2293600000000001, 'max_z': 0.4979209999999993}"
D00286_copy.obj,House,15386,23792,triangles,"{'min_x': -0.857416, 'max_x': 0.880342, 'min_y': -0.919802, 'max_y': 0.854694, 'min_z': -0.3887274887624794, 'max_z': 0.521237}"
D00325_copy.obj,House,5000,9500,triangles,"{'min_x': -0.6121320248319438, 'max_x': 1.00306, 'min_y': -0.7827418472708365, 'max_y': 0.7849669396314747, 'min_z': -0.944942, 'max_z': 0.684138}"
D00359_copy.obj,House,16505,24186,triangles,"{'min_x': -1.01194, 'max_x': 0.722748, 'min_y': -0.933903, 'max_y': 0.827164, 'min_z': -0.4211116561207145, 'max_z': 0.609186}"
D00389_copy.obj,House,19619,27452,triangles,"{'min_x': -1.07613, 'max_x': 0.749038, 'min_y': -0.830679, 'max_y': 0.871337, 'min_z': -0.454896, 'max_z': 0.476385}"
D00415_copy.obj,House,5000,6346,triangles,"{'min_x': -0.796194, 'max_x': 0.780989, 'min_y': -0.631622, 'max_y': 0.4462944273676984, 'min_z': -0.968474, 'max_z': 0.3975658818871368}"
D00454_copy.obj,House,5000,9204,triangles,"{'min_x': -0.791773, 'max_x': 1.06149, 'min_y': -0.631246, 'max_y': 0.480165, 'min_z': -0.254815, 'max_z': 0.497624}"
D00568_copy.obj,House,5000,9680,triangles,"{'min_x': -0.568385, 'max_x': 1.0051, 'min_y': -0.573567, 'max_y': 0.685736, 'min_z': -0.87708, 'max_z': 0.441765}"
D00574_copy.obj,House,10956,16360,triangles,"{'min_x': -0.93802, 'max_x': 0.804466, 'min_y': -0.88054, 'max_y': 0.84191, 'min_z': -0.39995, 'max_z': 0.3348356308374151}"
D00665_copy.obj,House,5000,7354,triangles,"{'min_x': -0.808512, 'max_x': 0.8738389999999999, 'min_y': -0.817056, 'max_y': 0.796548, 'min_z': -0.6251940000000002, 'max_z': 0.642041}"
D00873_copy.obj,House,5000,8109,triangles,"{'min_x': -0.727891, 'max_x': 1.06092, 'min_y': -0.804818, 'max_y': 1.00815, 'min_z': -0.470024, 'max_z': 0.369889}"
D00889_copy.obj,House,5000,9980,triangles,"{'min_x': -0.803571, 'max_x': 1.03017, 'min_y': -0.905614, 'max_y': 0.809153, 'min_z': -0.342139, 'max_z': 0.582333}"
D00901_copy.obj,House,14148,21454,triangles,"{'min_x': -0.811374, 'max_x': 0.975421, 'min_y': -1.00023, 'max_y': 0.782342, 'min_z': -0.516602, 'max_z': 0.374393}"
D00903_copy.obj,House,18701,25242,triangles,"{'min_x': -1.05637, 'max_x': 0.729164, 'min_y': -0.789526, 'max_y': 0.677664, 'min_z': -0.459851, 'max_z': 0.436233}"
D00941_copy.obj,House,5000,8774,triangles,"{'min_x': -0.763097, 'max_x': 1.00679, 'min_y': -0.626248, 'max_y': 0.222043, 'min_z': -0.369734, 'max_z': 0.427775}"
D00946_copy.obj,House,4961,9396,triangles,"{'min_x': -0.586741, 'max_x': 0.947118, 'min_y': -0.7919, 'max_y': 0.772569, 'min_z': -0.638984, 'max_z': 0.586171}"
D00965_copy.obj,House,4983,9186,triangles,"{'min_x': -0.924144, 'max_x': 0.785336, 'min_y': -0.920493, 'max_y': 0.799208, 'min_z': -0.397412, 'max_z': 0.337556}"
m423_copy.obj,House,5000,9668,triangles,"{'min_x': 0.025, 'max_x': 0.975, 'min_y': 0.025, 'max_y': 0.309109, 'min_z': 0.025, 'max_z': 0.390835}"
m429_copy.obj,House,5000,9336,triangles,"{'min_x': 0.025, 'max_x': 0.975, 'min_y': 0.025, 'max_y': 0.563535, 'min_z': 0.025, 'max_z': 0.94639}"
m430_copy.obj,House,5000,9037,triangles,"{'min_x': 0.025, 'max_x': 0.975, 'min_y': 0.025, 'max_y': 0.452011, 'min_z': 0.025, 'max_z': 0.72239}"
m431_copy.obj,House,5000,7743,triangles,"{'min_x': 0.025, 'max_x': 0.9750000000000001, 'min_y': 0.025, 'max_y': 0.165267, 'min_z': 0.025, 'max_z': 0.482454}"
m432_copy.obj,House,5000,9371,triangles,"{'min_x': 0.025, 'max_x': 0.975, 'min_y': 0.025, 'max_y': 0.329799, 'min_z': 0.025, 'max_z': 0.956643}"
m433_copy.obj,House,5000,9007,triangles,"{'min_x': 0.025, 'max_x': 0.975, 'min_y': 0.025, 'max_y': 0.224068, 'min_z': 0.025, 'max_z': 0.888636}"
m434_copy.obj,House,5000,9582,triangles,"{'min_x': 0.025, 'max_x': 0.658333, 'min_y': 0.025, 'max_y': 0.975, 'min_z': 0.025, 'max_z': 0.975}"
m435_copy.obj,House,5000,9518,triangles,"{'min_x': 0.025, 'max_x': 0.975, 'min_y': 0.025, 'max_y': 0.345625, 'min_z': 0.025, 'max_z': 0.5}"
m436_copy.obj,House,5000,8808,triangles,"{'min_x': 0.025, 'max_x': 0.975, 'min_y': 0.025, 'max_y': 0.351567, 'min_z': 0.025, 'max_z': 0.485656}"
m439_copy.obj,House,5000,9820,triangles,"{'min_x': 0.025, 'max_x': 0.588834, 'min_y': 0.025, 'max_y': 0.191202, 'min_z': 0.025, 'max_z': 0.975}"
m440_copy.obj,House,4999,10082,triangles,"{'min_x': 0.025, 'max_x': 0.651804, 'min_y': 0.025, 'max_y': 0.465722, 'min_z': 0.025, 'max_z': 0.975}"
m441_copy.obj,House,4976,6166,triangles,"{'min_x': 0.0249999999999971, 'max_x': 0.6778930000000044, 'min_y': 0.0, 'max_y': 0.437597, 'min_z': 0.025, 'max_z': 0.975}"
m443_copy.obj,House,5000,9022,triangles,"{'min_x': 0.025, 'max_x': 0.578512, 'min_y': 0.025, 'max_y': 0.464669, 'min_z': 0.025, 'max_z': 0.9750000000000004}"
m446_copy.obj,House,10387,14462,triangles,"{'min_x': 0.025, 'max_x': 0.975, 'min_y': -0.0586693569857181, 'max_y': 0.3256872085364051, 'min_z': 2.248603e-09, 'max_z': 0.690334}"
m447_copy.obj,House,5000,9086,triangles,"{'min_x': 0.025, 'max_x': 0.9750000000000001, 'min_y': 0.025, 'max_y': 0.4764120000000001, 'min_z': 0.025, 'max_z': 0.465257}"
m448_copy.obj,House,5000,9418,triangles,"{'min_x': 0.025, 'max_x': 0.7145630000000002, 'min_y': 0.025, 'max_y': 0.975, 'min_z': 0.0249999999999999, 'max_z': 0.8993090000000007}"
m449_copy.obj,House,5000,9408,triangles,"{'min_x': 0.025, 'max_x': 0.680584, 'min_y': 0.025, 'max_y': 0.524678, 'min_z': 0.025, 'max_z': 0.975}"
m451_copy.obj,House,5000,9336,triangles,"{'min_x': 0.025, 'max_x': 0.975, 'min_y': 0.025, 'max_y': 0.246661, 'min_z': 0.025, 'max_z': 0.537424}"
m452_copy.obj,House,4991,9990,triangles,"{'min_x': 0.025, 'max_x': 0.975, 'min_y': 0.025, 'max_y': 0.743442, 'min_z': 0.025, 'max_z': 0.766431}"
m453_copy.obj,House,4946,10158,triangles,"{'min_x': 0.025, 'max_x': 0.9750000000000002, 'min_y': 0.025, 'max_y': 0.825198, 'min_z': 0.025, 'max_z': 0.7390609999999997}"
m454_copy.obj,House,5000,8960,triangles,"{'min_x': 0.025, 'max_x': 0.975, 'min_y': 0.025, 'max_y': 0.3874, 'min_z': 0.025, 'max_z': 0.55505}"
m456_copy.obj,House,5000,7099,triangles,"{'min_x': 0.025, 'max_x': 0.975, 'min_y': 0.025, 'max_y': 0.484462, 'min_z': 0.025, 'max_z': 0.9427950000000005}"
m457_copy.obj,House,5000,9022,triangles,"{'min_x': 0.025, 'max_x': 0.578512, 'min_y': 0.025, 'max_y': 0.464669, 'min_z': 0.025, 'max_z': 0.9750000000000004}"
m460_copy.obj,House,4707,7523,triangles,"{'min_x': 0.025, 'max_x': 0.975, 'min_y': 0.025, 'max_y': 0.680991, 'min_z': 0.025, 'max_z': 0.755004}"
m461_copy.obj,House,5000,9952,triangles,"{'min_x': 0.025, 'max_x': 0.975, 'min_y': 0.025, 'max_y': 0.825235, 'min_z': 0.025, 'max_z': 0.716057}"
m462_copy.obj,House,5000,9292,triangles,"{'min_x': 0.025, 'max_x': 0.680247, 'min_y': 0.025, 'max_y': 0.60382, 'min_z': 0.025, 'max_z': 0.975}"
D00013_copy.obj,HumanHead,4944,9625,triangles,"{'min_x': -3.80574, 'max_x': -1.68524, 'min_y': -0.905669, 'max_y': 1.57128, 'min_z': 15.1802, 'max_z': 18.3088}"
D00061_copy.obj,HumanHead,5000,8329,triangles,"{'min_x': 2.83774, 'max_x': 4.05842, 'min_y': 3.5615099999999997, 'max_y': 5.175700000000002, 'min_z': 10.7834, 'max_z': 12.925000000000002}"
D00072_copy.obj,HumanHead,5000,9818,triangles,"{'min_x': -1.97504, 'max_x': -0.280246, 'min_y': -0.950931, 'max_y': 0.917072, 'min_z': 0.004771, 'max_z': 2.4266}"
D00106_copy.obj,HumanHead,5000,9880,triangles,"{'min_x': -0.484285, 'max_x': 0.457483, 'min_y': -0.172062, 'max_y': 0.653258, 'min_z': -0.062946, 'max_z': 1.13525}"
D00131_copy.obj,HumanHead,5000,9900,triangles,"{'min_x': 0.000975659, 'max_x': 3.7345, 'min_y': -7.30314, 'max_y': -2.34325, 'min_z': 5.14742, 'max_z': 11.029}"
D00205_copy.obj,HumanHead,5000,9842,triangles,"{'min_x': -4.163460000000001, 'max_x': 1.0695200000000011, 'min_y': 1.33721, 'max_y': 8.1977, 'min_z': -4.33926, 'max_z': 4.8042}"
D00313_copy.obj,HumanHead,5000,9996,triangles,"{'min_x': 0.154346, 'max_x': 0.463039, 'min_y': 0.153909, 'max_y': 0.461727, 'min_z': 0.164127, 'max_z': 0.492382}"
D00434_copy.obj,HumanHead,5000,9632,triangles,"{'min_x': -2.3327869999999997, 'max_x': 2.516378, 'min_y': -2.775222, 'max_y': 4.088265000000001, 'min_z': -0.345865, 'max_z': 5.562175000000001}"
D00487_copy.obj,HumanHead,5000,9860,triangles,"{'min_x': -0.383864, 'max_x': 0.3906760000000001, 'min_y': -1.3598790000000003, 'max_y': -0.5673430000000002, 'min_z': -0.007895, 'max_z': 0.9737809999999999}"
D00488_copy.obj,HumanHead,5000,9927,triangles,"{'min_x': -0.1068, 'max_x': 0.107003, 'min_y': 1.6164, 'max_y': 1.85664, 'min_z': -0.005186, 'max_z': 0.252218}"
D00566_copy.obj,HumanHead,5000,9786,triangles,"{'min_x': 11598.773808, 'max_x': 11787.050831, 'min_y': -11225.927771, 'max_y': -10979.020938, 'min_z': 7202.7923, 'max_z': 7483.176055}"
D00578_copy.obj,HumanHead,5000,9887,triangles,"{'min_x': -33.6143, 'max_x': 0.060443, 'min_y': -30.334469753554398, 'max_y': 1.37269, 'min_z': -0.288122, 'max_z': 39.2622}"
D00591_copy.obj,HumanHead,5000,9778,triangles,"{'min_x': -1.15729, 'max_x': 1.21417, 'min_y': -1.19965, 'max_y': 2.55813, 'min_z': -2.4486, 'max_z': 2.37437}"
D00610_copy.obj,HumanHead,5000,9771,triangles,"{'min_x': -0.504645, 'max_x': 1.3707000000000003, 'min_y': -0.9954979999999999, 'max_y': 0.99645, 'min_z': -0.378643, 'max_z': 2.1662999999999997}"
D00629_copy.obj,HumanHead,5000,8915,triangles,"{'min_x': -2.239233, 'max_x': -0.9273810000000018, 'min_y': -3.131511000000001, 'max_y': -1.9199310000000007, 'min_z': 0.302381, 'max_z': 1.807713}"
D00653_copy.obj,HumanHead,5000,9839,triangles,"{'min_x': -3.1400910000000004, 'max_x': -1.519674, 'min_y': 3.6998960000000003, 'max_y': 5.596388, 'min_z': -1.581232, 'max_z': 1.432925}"
D00690_copy.obj,HumanHead,5000,9704,triangles,"{'min_x': 8.09076, 'max_x': 11.137100000000006, 'min_y': 9.93734, 'max_y': 13.6901, 'min_z': 0.614052, 'max_z': 4.810929999999999}"
D00758_copy.obj,HumanHead,5000,9704,triangles,"{'min_x': 25.285279, 'max_x': 25.875211000000014, 'min_y': 0.0065410000000024, 'max_y': 0.6671249999999983, 'min_z': 2.474763, 'max_z': 3.2570579999999993}"
D00910_copy.obj,HumanHead,5000,9926,triangles,"{'min_x': -0.934193, 'max_x': 0.934193, 'min_y': -0.3066950000000002, 'max_y': 1.7013100000000008, 'min_z': -3e-16, 'max_z': 2.3157800000000006}"
D00984_copy.obj,HumanHead,5000,9944,triangles,"{'min_x': 0.7022170000000001, 'max_x': 5.718390000000002, 'min_y': -2.2410999999999994, 'max_y': 1.9349000000000007, 'min_z': -1.39246, 'max_z': 5.26677}"
m340_copy.obj,HumanHead,5000,9907,triangles,"{'min_x': 0.025, 'max_x': 0.899009, 'min_y': 0.025, 'max_y': 0.975, 'min_z': 0.025, 'max_z': 0.9484449999999998}"
m341_copy.obj,HumanHead,5000,9740,triangles,"{'min_x': 0.025, 'max_x': 0.677855, 'min_y': 0.025, 'max_y': 0.975, 'min_z': 0.025, 'max_z': 0.821646}"
m342_copy.obj,HumanHead,5000,8938,triangles,"{'min_x': 0.035556, 'max_x': 0.703645, 'min_y': 0.025, 'max_y': 0.9750000000000001, 'min_z': 0.025, 'max_z': 0.8280879999999999}"
m343_copy.obj,HumanHead,5000,9653,triangles,"{'min_x': 0.025, 'max_x': 0.691565, 'min_y': 0.025, 'max_y': 0.975, 'min_z': 0.025, 'max_z': 0.831068}"
m344_copy.obj,HumanHead,5000,9194,triangles,"{'min_x': 0.025, 'max_x': 0.5652710000000001, 'min_y': 0.025, 'max_y': 0.764697, 'min_z': 0.025, 'max_z': 0.975}"
m345_copy.obj,HumanHead,5000,9091,triangles,"{'min_x': 0.025, 'max_x': 0.956833, 'min_y': 0.025, 'max_y': 0.975, 'min_z': 0.025, 'max_z': 0.901069}"
m346_copy.obj,HumanHead,5000,9841,triangles,"{'min_x': 0.025, 'max_x': 0.600914, 'min_y': 0.025, 'max_y': 0.975, 'min_z': 0.025, 'max_z': 0.759248}"
m347_copy.obj,HumanHead,5000,9022,triangles,"{'min_x': 0.025, 'max_x': 0.577333, 'min_y': 0.025, 'max_y': 0.975, 'min_z': 0.025, 'max_z': 0.7613310000000004}"
m348_copy.obj,HumanHead,5000,9712,triangles,"{'min_x': 0.0249936564953082, 'max_x': 0.6018068334783858, 'min_y': 0.025, 'max_y': 0.975, 'min_z': 0.025, 'max_z': 0.746015}"
m349_copy.obj,HumanHead,5000,8303,triangles,"{'min_x': 0.0253177987119816, 'max_x': 0.716161006393041, 'min_y': 0.025, 'max_y': 0.9750633096605462, 'min_z': 0.0252095408303482, 'max_z': 0.7978682337429708}"
m350_copy.obj,HumanHead,5000,9838,triangles,"{'min_x': 0.025, 'max_x': 0.975, 'min_y': 0.025, 'max_y': 0.942992, 'min_z': 0.025, 'max_z': 0.950643}"
m351_copy.obj,HumanHead,5000,9596,triangles,"{'min_x': 0.025, 'max_x': 0.736533, 'min_y': 0.025, 'max_y': 0.975, 'min_z': 0.025, 'max_z': 0.8424550000000004}"
m352_copy.obj,HumanHead,5000,9575,triangles,"{'min_x': 0.025, 'max_x': 0.747311, 'min_y': 0.025, 'max_y': 0.975, 'min_z': 0.025, 'max_z': 0.9410670000000003}"
m353_copy.obj,HumanHead,5000,9996,triangles,"{'min_x': 0.0250009942877551, 'max_x': 0.699801, 'min_y': 0.025, 'max_y': 0.975, 'min_z': 0.025, 'max_z': 0.854086}"
m354_copy.obj,HumanHead,5000,9990,triangles,"{'min_x': 0.025, 'max_x': 0.5484390000000001, 'min_y': 0.0249999999999985, 'max_y': 0.9749999999999998, 'min_z': 0.025, 'max_z': 0.7051570000000001}"
m355_copy.obj,HumanHead,5000,9996,triangles,"{'min_x': 0.0245196653180979, 'max_x': 0.583586246322728, 'min_y': 0.0248910288261031, 'max_y': 0.9753157713437101, 'min_z': 0.0250945819773198, 'max_z': 0.7839146406816871}"
m356_copy.obj,HumanHead,5000,9996,triangles,"{'min_x': 0.025, 'max_x': 0.7434119999999999, 'min_y': 0.025, 'max_y': 0.975, 'min_z': 0.025, 'max_z': 0.920425}"
m357_copy.obj,HumanHead,5000,9996,triangles,"{'min_x': 0.025, 'max_x': 0.7637619999999999, 'min_y': 0.025, 'max_y': 0.975, 'min_z': 0.025, 'max_z': 0.9343320000000003}"
m358_copy.obj,HumanHead,5000,9714,triangles,"{'min_x': 0.025, 'max_x': 0.639618, 'min_y': 0.025, 'max_y': 0.9750000000000001, 'min_z': 0.025, 'max_z': 0.8039679999999998}"
m359_copy.obj,HumanHead,5000,9792,triangles,"{'min_x': 0.025, 'max_x': 0.848333, 'min_y': 0.025, 'max_y': 0.959167, 'min_z': 0.025, 'max_z': 0.975}"
m360_copy.obj,HumanHead,5000,9996,triangles,"{'min_x': 0.025, 'max_x': 0.7457889999999999, 'min_y': 0.025, 'max_y': 0.9749999999999999, 'min_z': 0.025, 'max_z': 0.8846890000000004}"
m361_copy.obj,HumanHead,5000,9722,triangles,"{'min_x': 0.025, 'max_x': 0.675685, 'min_y': 0.025, 'max_y': 0.975, 'min_z': 0.025, 'max_z': 0.740753}"
m362_copy.obj,HumanHead,5000,9988,triangles,"{'min_x': 0.025, 'max_x': 0.724783, 'min_y': 0.025, 'max_y': 0.9750000000000002, 'min_z': 0.025, 'max_z': 0.775748}"
m363_copy.obj,HumanHead,5000,9733,triangles,"{'min_x': 0.025, 'max_x': 0.713112, 'min_y': 0.025, 'max_y': 0.975, 'min_z': 0.025, 'max_z': 0.8950969999999999}"
m364_copy.obj,HumanHead,5000,9521,triangles,"{'min_x': 0.025, 'max_x': 0.671742, 'min_y': 0.025, 'max_y': 0.975, 'min_z': 0.025, 'max_z': 0.9119650000000004}"
m365_copy.obj,HumanHead,5000,9996,triangles,"{'min_x': 0.0246856378826067, 'max_x': 0.823145026585654, 'min_y': 0.0251560781091971, 'max_y': 0.9749278821448243, 'min_z': 0.0251555530059229, 'max_z': 0.6856469348696997}"
m366_copy.obj,HumanHead,5000,9924,triangles,"{'min_x': 0.0249999999999999, 'max_x': 0.465963, 'min_y': 0.26627, 'max_y': 0.975, 'min_z': 0.025, 'max_z': 0.474444}"
m367_copy.obj,HumanHead,5000,9555,triangles,"{'min_x': 0.025, 'max_x': 0.603323, 'min_y': 0.025, 'max_y': 0.9750000000000003, 'min_z': 0.025, 'max_z': 0.630986}"
m368_copy.obj,HumanHead,5000,9648,triangles,"{'min_x': 0.025, 'max_x': 0.7106890000000001, 'min_y': 0.025, 'max_y': 0.975, 'min_z': 0.025, 'max_z': 0.91419}"
m369_copy.obj,HumanHead,5000,9768,triangles,"{'min_x': 0.025, 'max_x': 0.975, 'min_y': 0.025, 'max_y': 0.881148, 'min_z': 0.025, 'max_z': 0.714919}"
m370_copy.obj,HumanHead,4991,9238,triangles,"{'min_x': 0.025, 'max_x': 0.517741, 'min_y': 0.025, 'max_y': 0.975, 'min_z': 0.025, 'max_z': 0.646451670301583}"
m118_copy.obj,Humanoid,4998,9740,triangles,"{'min_x': 0.025, 'max_x': 0.283933, 'min_y': 0.025, 'max_y': 0.975, 'min_z': 0.025, 'max_z': 0.197224}"
m119_copy.obj,Humanoid,5000,9624,triangles,"{'min_x': 0.025, 'max_x': 0.2752789999999999, 'min_y': 0.025, 'max_y': 0.9750000000000003, 'min_z': 0.025, 'max_z': 0.2167209999999999}"
m120_copy.obj,Humanoid,4996,9662,triangles,"{'min_x': 0.025, 'max_x': 0.272396, 'min_y': 0.025, 'max_y': 0.975, 'min_z': 0.025, 'max_z': 0.222875}"
m121_copy.obj,Humanoid,4991,9692,triangles,"{'min_x': 0.025, 'max_x': 0.316116, 'min_y': 0.025, 'max_y': 0.975, 'min_z': 0.025, 'max_z': 0.205277}"
m122_copy.obj,Humanoid,5000,9612,triangles,"{'min_x': 0.025, 'max_x': 0.281675, 'min_y': 0.025, 'max_y': 0.975, 'min_z': 0.025, 'max_z': 0.275883}"
m123_copy.obj,Humanoid,4992,9712,triangles,"{'min_x': 0.025, 'max_x': 0.273174, 'min_y': 0.025, 'max_y': 0.975, 'min_z': 0.025, 'max_z': 0.285059}"
m124_copy.obj,Humanoid,4999,9612,triangles,"{'min_x': 0.025, 'max_x': 0.299149, 'min_y': 0.025, 'max_y': 0.975, 'min_z': 0.025, 'max_z': 0.234196}"
m125_copy.obj,Humanoid,5000,10000,triangles,"{'min_x': 0.025, 'max_x': 0.353075, 'min_y': 0.025, 'max_y': 0.291865, 'min_z': 0.025, 'max_z': 0.975}"
m126_copy.obj,Humanoid,5000,9630,triangles,"{'min_x': 0.025, 'max_x': 0.258991, 'min_y': 0.025, 'max_y': 0.975, 'min_z': 0.025, 'max_z': 0.174844}"
m128_copy.obj,Humanoid,5000,9599,triangles,"{'min_x': 0.025, 'max_x': 0.284853, 'min_y': 0.025, 'max_y': 0.9750000000000001, 'min_z': 0.025, 'max_z': 0.2429420000000003}"
m129_copy.obj,Humanoid,4601,8612,triangles,"{'min_x': 0.025, 'max_x': 0.272453, 'min_y': 0.02962, 'max_y': 0.975, 'min_z': 0.025, 'max_z': 0.205935}"
m130_copy.obj,Humanoid,5000,9812,triangles,"{'min_x': 0.025, 'max_x': 0.292015, 'min_y': 0.025, 'max_y': 0.9750000000000001, 'min_z': 0.025, 'max_z': 0.178544}"
m131_copy.obj,Humanoid,5000,8579,triangles,"{'min_x': 0.025, 'max_x': 0.322927, 'min_y': 0.025, 'max_y': 0.197527, 'min_z': 0.025, 'max_z': 0.975}"
m132_copy.obj,Humanoid,5000,8557,triangles,"{'min_x': 0.025, 'max_x': 0.1963760000000001, 'min_y': 0.025, 'max_y': 0.303506, 'min_z': 0.025, 'max_z': 0.975}"
m133_copy.obj,Humanoid,5000,9391,triangles,"{'min_x': 0.025, 'max_x': 0.334878, 'min_y': 0.025, 'max_y': 0.975, 'min_z': 0.025, 'max_z': 0.215259}"
m134_copy.obj,Humanoid,5000,9365,triangles,"{'min_x': 0.025, 'max_x': 0.237936, 'min_y': 0.025, 'max_y': 0.9749999999999996, 'min_z': 0.025, 'max_z': 0.184611}"
m135_copy.obj,Humanoid,5000,9629,triangles,"{'min_x': 0.025, 'max_x': 0.296721, 'min_y': 0.025, 'max_y': 0.975, 'min_z': 0.025, 'max_z': 0.268929}"
m136_copy.obj,Humanoid,5000,9594,triangles,"{'min_x': 0.025, 'max_x': 0.290972, 'min_y': 0.025, 'max_y': 0.9749999999999993, 'min_z': 0.025, 'max_z': 0.205733}"
m137_copy.obj,Humanoid,5000,9978,triangles,"{'min_x': 0.025, 'max_x': 0.410334, 'min_y': 0.025, 'max_y': 0.975, 'min_z': 0.025, 'max_z': 0.232007}"
m138_copy.obj,Humanoid,5000,9974,triangles,"{'min_x': 0.025, 'max_x': 0.380387, 'min_y': 0.025, 'max_y': 0.2542276954853204, 'min_z': 0.025, 'max_z': 0.975}"
m139_copy.obj,Humanoid,5000,9840,triangles,"{'min_x': 0.025, 'max_x': 0.523247, 'min_y': 0.025, 'max_y': 0.9748613081631693, 'min_z': 0.0248398846889662, 'max_z': 0.2474812980222094}"
m140_copy.obj,Humanoid,5000,9990,triangles,"{'min_x': 0.025, 'max_x': 0.39729, 'min_y': 0.0250030843699182, 'max_y': 0.2213933437482268, 'min_z': 0.0250084241814076, 'max_z': 0.975}"
m141_copy.obj,Humanoid,5000,8588,triangles,"{'min_x': 0.025, 'max_x': 0.325015, 'min_y': 0.025, 'max_y': 0.975, 'min_z': 0.025, 'max_z': 0.324737}"
m143_copy.obj,Humanoid,4887,8557,triangles,"{'min_x': 0.025, 'max_x': 0.408698, 'min_y': 0.025, 'max_y': 0.975, 'min_z': 0.025, 'max_z': 0.189718}"
m144_copy.obj,Humanoid,5000,9900,triangles,"{'min_x': 0.025, 'max_x': 0.3324119999999999, 'min_y': 0.025, 'max_y': 0.9750000000000001, 'min_z': 0.025, 'max_z': 0.2043580000000001}"
m145_copy.obj,Humanoid,5000,9986,triangles,"{'min_x': 0.0249158149670246, 'max_x': 0.3740990692608562, 'min_y': 0.0251046567012969, 'max_y': 0.9743607399350382, 'min_z': 0.0252169052122251, 'max_z': 0.5044003721608699}"
m146_copy.obj,Humanoid,5000,8541,triangles,"{'min_x': 0.025, 'max_x': 0.357379, 'min_y': 0.025, 'max_y': 0.975, 'min_z': 0.025, 'max_z': 0.399115}"
m147_copy.obj,Humanoid,5000,8693,triangles,"{'min_x': 0.025, 'max_x': 0.3559680537355093, 'min_y': 0.025, 'max_y': 0.975, 'min_z': 0.025, 'max_z': 0.235159}"
m148_copy.obj,Humanoid,5000,9557,triangles,"{'min_x': 0.025, 'max_x': 0.537379, 'min_y': 0.025, 'max_y': 0.9750000000000003, 'min_z': 0.025, 'max_z': 0.218602}"
m149_copy.obj,Humanoid,5000,9990,triangles,"{'min_x': 0.0249609469629581, 'max_x': 0.1994178427004735, 'min_y': 0.0247893606144493, 'max_y': 0.9750350125491396, 'min_z': 0.025, 'max_z': 0.31848}"
m150_copy.obj,Humanoid,5000,8576,triangles,"{'min_x': 0.025, 'max_x': 0.237902, 'min_y': 0.025, 'max_y': 0.975, 'min_z': 0.025, 'max_z': 0.384098}"
m151_copy.obj,Humanoid,5000,9962,triangles,"{'min_x': 0.025, 'max_x': 0.298278, 'min_y': 0.025, 'max_y': 0.9750000000000001, 'min_z': 0.025, 'max_z': 0.2397209999999999}"
m152_copy.obj,Humanoid,5000,9003,triangles,"{'min_x': 0.0257532376182233, 'max_x': 0.375511, 'min_y': 0.025, 'max_y': 0.9753345436236538, 'min_z': 0.0252185562048296, 'max_z': 0.249312}"
m153_copy.obj,Humanoid,5000,8096,triangles,"{'min_x': 0.025, 'max_x': 0.326118, 'min_y': 0.025, 'max_y': 0.9757071037883801, 'min_z': 0.025, 'max_z': 0.223441105094155}"
m154_copy.obj,Humanoid,5000,9641,triangles,"{'min_x': 0.025, 'max_x': 0.316961, 'min_y': 0.025, 'max_y': 0.975, 'min_z': 0.025, 'max_z': 0.239042}"
m155_copy.obj,Humanoid,5000,9996,triangles,"{'min_x': 0.025, 'max_x': 0.5110139999999995, 'min_y': 0.025, 'max_y': 0.9750000000000002, 'min_z': 0.025, 'max_z': 0.2017830000000001}"
m156_copy.obj,Humanoid,5000,9772,triangles,"{'min_x': 0.025193542353571, 'max_x': 0.4095096179574152, 'min_y': 0.0246259827876767, 'max_y': 0.9750467704193727, 'min_z': 0.0249203813494611, 'max_z': 0.2109671612240132}"
m157_copy.obj,Humanoid,5000,9936,triangles,"{'min_x': 0.395717, 'max_x': 0.6562389999999999, 'min_y': 0.036707, 'max_y': 0.69296, 'min_z': 0.0249999999999999, 'max_z': 0.197533}"
m158_copy.obj,Humanoid,5000,9813,triangles,"{'min_x': 0.025, 'max_x': 0.3666450000000001, 'min_y': 0.025, 'max_y': 0.9750000000000028, 'min_z': 0.025, 'max_z': 0.23908}"
m159_copy.obj,Humanoid,5000,9740,triangles,"{'min_x': 0.025, 'max_x': 0.317127, 'min_y': 0.025, 'max_y': 0.9750000000000002, 'min_z': 0.025, 'max_z': 0.214102}"
m160_copy.obj,Humanoid,5000,9775,triangles,"{'min_x': 0.025, 'max_x': 0.367933, 'min_y': 0.025, 'max_y': 0.975, 'min_z': 0.025, 'max_z': 0.409963}"
m161_copy.obj,Humanoid,5000,9604,triangles,"{'min_x': 0.025, 'max_x': 0.349692, 'min_y': 0.025, 'max_y': 0.975, 'min_z': 0.025, 'max_z': 0.182098}"
m162_copy.obj,Humanoid,5000,9762,triangles,"{'min_x': 0.025, 'max_x': 0.356469, 'min_y': 0.025, 'max_y': 0.9750000000000006, 'min_z': 0.025, 'max_z': 0.253653}"
m163_copy.obj,Humanoid,5000,9762,triangles,"{'min_x': 0.025, 'max_x': 0.29804, 'min_y': 0.025, 'max_y': 0.975, 'min_z': 0.025, 'max_z': 0.194092}"
m164_copy.obj,Humanoid,5000,9940,triangles,"{'min_x': 0.025, 'max_x': 0.3267650000000001, 'min_y': 0.025, 'max_y': 0.975, 'min_z': 0.025, 'max_z': 0.202706}"
m165_copy.obj,Humanoid,5000,9395,triangles,"{'min_x': 0.025, 'max_x': 0.336125, 'min_y': 0.025, 'max_y': 0.975, 'min_z': 0.025, 'max_z': 0.198377}"
m166_copy.obj,Humanoid,4993,9561,triangles,"{'min_x': 0.025, 'max_x': 0.295275, 'min_y': 0.025, 'max_y': 0.975, 'min_z': 0.025, 'max_z': 0.322111}"
m167_copy.obj,Humanoid,5000,9966,triangles,"{'min_x': 0.025, 'max_x': 0.3560410000000001, 'min_y': 0.025, 'max_y': 0.975, 'min_z': 0.025, 'max_z': 0.500596}"
m168_copy.obj,Humanoid,5000,9996,triangles,"{'min_x': 0.025, 'max_x': 0.3925519999999999, 'min_y': 0.025, 'max_y': 0.9750000000000001, 'min_z': 0.025, 'max_z': 0.212955}"
m169_copy.obj,Humanoid,5000,9812,triangles,"{'min_x': 0.025, 'max_x': 0.3181, 'min_y': 0.025, 'max_y': 0.975, 'min_z': 0.025, 'max_z': 0.190571}"
m170_copy.obj,Humanoid,5000,9936,triangles,"{'min_x': 0.0247141859961269, 'max_x': 0.350072371565484, 'min_y': 0.0250094424574375, 'max_y': 0.975078029215704, 'min_z': 0.0248694692714845, 'max_z': 0.1529502132893443}"
m171_copy.obj,Humanoid,5000,9373,triangles,"{'min_x': 0.025, 'max_x': 0.4886, 'min_y': 0.025, 'max_y': 0.975, 'min_z': 0.025, 'max_z': 0.224737}"
m172_copy.obj,Humanoid,5000,9918,triangles,"{'min_x': 0.025, 'max_x': 0.316299, 'min_y': 0.025, 'max_y': 0.975, 'min_z': 0.025, 'max_z': 0.15938}"
m173_copy.obj,Humanoid,5000,9370,triangles,"{'min_x': 0.025, 'max_x': 0.2869280000000002, 'min_y': 0.025, 'max_y': 0.975, 'min_z': 0.025, 'max_z': 0.177397}"
m174_copy.obj,Humanoid,5000,9916,triangles,"{'min_x': 0.025, 'max_x': 0.405801, 'min_y': 0.025, 'max_y': 0.975, 'min_z': 0.025, 'max_z': 0.233696}"
m175_copy.obj,Humanoid,5000,9196,triangles,"{'min_x': 0.025118, 'max_x': 0.3355919999999999, 'min_y': 0.041787, 'max_y': 0.970208, 'min_z': 0.031331, 'max_z': 0.333036}"
m176_copy.obj,Humanoid,5000,9872,triangles,"{'min_x': 0.025, 'max_x': 0.432787, 'min_y': 0.025, 'max_y': 0.9750000000000001, 'min_z': 0.025, 'max_z': 0.194575}"
m177_copy.obj,Humanoid,5000,9862,triangles,"{'min_x': 0.025, 'max_x': 0.380033, 'min_y': 0.025, 'max_y': 0.975, 'min_z': 0.025, 'max_z': 0.333153}"
m178_copy.obj,Humanoid,5000,9996,triangles,"{'min_x': 0.025, 'max_x': 0.342225, 'min_y': 0.0248567979624918, 'max_y': 0.975, 'min_z': 0.025, 'max_z': 0.1847116508741244}"
m179_copy.obj,Humanoid,5000,9944,triangles,"{'min_x': 0.0255495308768537, 'max_x': 0.3909089076597039, 'min_y': 0.024920190829437, 'max_y': 0.9750304671597262, 'min_z': 0.025, 'max_z': 0.1823718555570438}"
m180_copy.obj,Humanoid,5000,9344,triangles,"{'min_x': 0.0252998045376035, 'max_x': 0.2981171857263958, 'min_y': 0.0243819364306213, 'max_y': 0.975, 'min_z': 0.025, 'max_z': 0.174049852994362}"
m181_copy.obj,Humanoid,5000,9844,triangles,"{'min_x': 0.025, 'max_x': 0.444608, 'min_y': 0.024999853940883, 'max_y': 0.975, 'min_z': 0.025, 'max_z': 0.229084}"
m182_copy.obj,Humanoid,5000,9898,triangles,"{'min_x': 0.0249597316698472, 'max_x': 0.3936043741163194, 'min_y': 0.0248795846534525, 'max_y': 0.975, 'min_z': 0.0250586873294216, 'max_z': 0.1664859188684239}"
m183_copy.obj,Humanoid,5000,9856,triangles,"{'min_x': 0.025, 'max_x': 0.899618, 'min_y': 0.025, 'max_y': 0.975, 'min_z': 0.0250000000000001, 'max_z': 0.383562}"
m184_copy.obj,Humanoid,5000,9612,triangles,"{'min_x': 0.025, 'max_x': 0.283631, 'min_y': 0.025, 'max_y': 0.9750000000000004, 'min_z': 0.025, 'max_z': 0.177975}"
m185_copy.obj,Humanoid,5000,9636,triangles,"{'min_x': 0.025, 'max_x': 0.297162, 'min_y': 0.025, 'max_y': 0.975, 'min_z': 0.025, 'max_z': 0.304865}"
m186_copy.obj,Humanoid,5000,9057,triangles,"{'min_x': 0.025, 'max_x': 0.322825, 'min_y': 0.025, 'max_y': 0.975, 'min_z': 0.025, 'max_z': 0.182462}"
m187_copy.obj,Humanoid,5000,9892,triangles,"{'min_x': 0.025, 'max_x': 0.562915, 'min_y': 0.025, 'max_y': 0.975, 'min_z': 0.025, 'max_z': 0.476143}"
m188_copy.obj,Humanoid,5000,9584,triangles,"{'min_x': 0.025, 'max_x': 0.309395, 'min_y': 0.025, 'max_y': 0.975, 'min_z': 0.025, 'max_z': 0.193661}"
m189_copy.obj,Humanoid,5000,9870,triangles,"{'min_x': 0.025, 'max_x': 0.287813, 'min_y': 0.025, 'max_y': 0.9750000000000001, 'min_z': 0.0249999999999997, 'max_z': 0.173873}"
m190_copy.obj,Humanoid,5000,9545,triangles,"{'min_x': 0.025, 'max_x': 0.462848, 'min_y': 0.025, 'max_y': 0.9749999999999999, 'min_z': 0.025, 'max_z': 0.456327}"
m191_copy.obj,Humanoid,4978,9926,triangles,"{'min_x': 0.025, 'max_x': 0.519, 'min_y': 0.025, 'max_y': 0.975, 'min_z': 0.025, 'max_z': 0.2151}"
m192_copy.obj,Humanoid,5000,9620,triangles,"{'min_x': 0.025, 'max_x': 0.2789909999999999, 'min_y': 0.025, 'max_y': 0.9750000000000001, 'min_z': 0.025, 'max_z': 0.247654}"
m193_copy.obj,Humanoid,5000,9230,triangles,"{'min_x': 0.025, 'max_x': 0.388658, 'min_y': 0.025, 'max_y': 0.9750007322134092, 'min_z': 0.025, 'max_z': 0.519826}"
m194_copy.obj,Humanoid,5000,8533,triangles,"{'min_x': 0.025, 'max_x': 0.237304, 'min_y': 0.025, 'max_y': 0.975, 'min_z': 0.025, 'max_z': 0.396532}"
m195_copy.obj,Humanoid,5000,8826,triangles,"{'min_x': 0.0245938254521643, 'max_x': 0.2926109045422383, 'min_y': 0.025032, 'max_y': 0.97277, 'min_z': 0.0251496241615974, 'max_z': 0.4297527458795264}"
m196_copy.obj,Humanoid,5000,9311,triangles,"{'min_x': 0.025, 'max_x': 0.440896, 'min_y': 0.025, 'max_y': 0.9750000000000008, 'min_z': 0.025, 'max_z': 0.1948260000000001}"
m197_copy.obj,Humanoid,5000,8622,triangles,"{'min_x': 0.025, 'max_x': 0.185681, 'min_y': 0.025, 'max_y': 0.975, 'min_z': 0.025, 'max_z': 0.296899}"
m198_copy.obj,Humanoid,5000,9165,triangles,"{'min_x': 0.025, 'max_x': 0.406444, 'min_y': 0.025, 'max_y': 0.9750000000000004, 'min_z': 0.025, 'max_z': 0.357811}"
m199_copy.obj,Humanoid,5000,9856,triangles,"{'min_x': 0.025, 'max_x': 0.376621, 'min_y': 0.025, 'max_y': 0.225852, 'min_z': 0.025, 'max_z': 0.975}"
m202_copy.obj,Humanoid,5000,9930,triangles,"{'min_x': 0.025, 'max_x': 0.2956230000000001, 'min_y': 0.025, 'max_y': 0.9750000000000002, 'min_z': 0.025, 'max_z': 0.225712}"
m203_copy.obj,Humanoid,5000,9968,triangles,"{'min_x': 0.025, 'max_x': 0.342608, 'min_y': 0.025, 'max_y': 0.975, 'min_z': 0.025, 'max_z': 0.234325}"
m204_copy.obj,Humanoid,5000,9724,triangles,"{'min_x': 0.025, 'max_x': 0.3407559999999998, 'min_y': 0.025, 'max_y': 0.975, 'min_z': 0.025, 'max_z': 0.353742}"
m205_copy.obj,Humanoid,5000,9912,triangles,"{'min_x': 0.025, 'max_x': 0.383616, 'min_y': 0.025, 'max_y': 0.9750000000000002, 'min_z': 0.025, 'max_z': 0.231815}"
m206_copy.obj,Humanoid,5000,9439,triangles,"{'min_x': 0.025, 'max_x': 0.283789, 'min_y': 0.025, 'max_y': 0.260718, 'min_z': 0.025, 'max_z': 0.975}"
m207_copy.obj,Humanoid,5000,9251,triangles,"{'min_x': 0.025, 'max_x': 0.354991, 'min_y': 0.025, 'max_y': 0.975, 'min_z': 0.025, 'max_z': 0.30667}"
m208_copy.obj,Humanoid,5000,9996,triangles,"{'min_x': 0.025, 'max_x': 0.3687320000000001, 'min_y': 0.025, 'max_y': 0.9749999999999999, 'min_z': 0.025, 'max_z': 0.179024}"
m210_copy.obj,Humanoid,5000,9984,triangles,"{'min_x': 0.0249999999999998, 'max_x': 0.622535, 'min_y': 0.025, 'max_y': 0.9750000000000005, 'min_z': 0.025, 'max_z': 0.598927}"
m211_copy.obj,Humanoid,5000,9996,triangles,"{'min_x': 0.025, 'max_x': 0.3399670000000001, 'min_y': 0.025, 'max_y': 0.9749999999999999, 'min_z': 0.025, 'max_z': 0.228073}"
m212_copy.obj,Humanoid,5000,9996,triangles,"{'min_x': 0.025, 'max_x': 0.5563970000000005, 'min_y': 0.025, 'max_y': 0.975, 'min_z': 0.025, 'max_z': 0.183177}"
m213_copy.obj,Humanoid,5000,9914,triangles,"{'min_x': 0.025, 'max_x': 0.2956230000000001, 'min_y': 0.025, 'max_y': 0.975, 'min_z': 0.025, 'max_z': 0.219917}"
m214_copy.obj,Humanoid,5000,9932,triangles,"{'min_x': 0.025, 'max_x': 0.29314, 'min_y': 0.025, 'max_y': 0.9750000000000003, 'min_z': 0.025, 'max_z': 0.225712}"
m215_copy.obj,Humanoid,5000,9928,triangles,"{'min_x': 0.025, 'max_x': 0.294287, 'min_y': 0.025, 'max_y': 0.9750000000000001, 'min_z': 0.025, 'max_z': 0.187245}"
m216_copy.obj,Humanoid,5000,8798,triangles,"{'min_x': 0.025, 'max_x': 0.384915, 'min_y': 0.025, 'max_y': 0.975, 'min_z': 0.025, 'max_z': 0.491858}"
m217_copy.obj,Humanoid,5000,8519,triangles,"{'min_x': 0.025, 'max_x': 0.326559, 'min_y': 0.025, 'max_y': 0.964774, 'min_z': 0.025, 'max_z': 0.291927}"
m218_copy.obj,Humanoid,5000,9948,triangles,"{'min_x': 0.025, 'max_x': 0.7503810000000011, 'min_y': 0.025, 'max_y': 0.975, 'min_z': 0.025, 'max_z': 0.494502}"
m219_copy.obj,Humanoid,4791,8736,triangles,"{'min_x': 0.025, 'max_x': 0.897757, 'min_y': 0.025, 'max_y': 0.975, 'min_z': 0.025, 'max_z': 0.185763}"
m220_copy.obj,Humanoid,5000,9625,triangles,"{'min_x': 0.0242666050718474, 'max_x': 0.9288956573674138, 'min_y': 0.0249872389317381, 'max_y': 0.9752449399764763, 'min_z': 0.025, 'max_z': 0.2250341029575411}"
m221_copy.obj,Humanoid,5000,9953,triangles,"{'min_x': 0.0247299067519891, 'max_x': 0.9266475562634643, 'min_y': 0.0248685444695242, 'max_y': 0.97504643233849, 'min_z': 0.025, 'max_z': 0.211372}"
m222_copy.obj,Humanoid,5000,9908,triangles,"{'min_x': 0.0255186722038627, 'max_x': 0.9747797069921641, 'min_y': 0.0248553834837544, 'max_y': 0.9635976109348875, 'min_z': 0.025, 'max_z': 0.2239898185450788}"
m223_copy.obj,Humanoid,5000,9837,triangles,"{'min_x': 0.0244996407516514, 'max_x': 0.930991778280227, 'min_y': 0.0249908629576598, 'max_y': 0.974935, 'min_z': 0.0245290785665236, 'max_z': 0.19251}"
m224_copy.obj,Humanoid,5000,9783,triangles,"{'min_x': 0.025, 'max_x': 0.975, 'min_y': 0.0248089019656013, 'max_y': 0.954548, 'min_z': 0.0250283945434392, 'max_z': 0.1983188161357256}"
m226_copy.obj,Humanoid,5000,9976,triangles,"{'min_x': 0.0250108692839334, 'max_x': 0.8545961997760202, 'min_y': 0.025, 'max_y': 0.975, 'min_z': 0.025, 'max_z': 0.2630104911758537}"
m227_copy.obj,Humanoid,5000,9006,triangles,"{'min_x': 0.0255436351887232, 'max_x': 0.8911509936465131, 'min_y': 0.0249840125384121, 'max_y': 0.975, 'min_z': 0.025, 'max_z': 0.272048583236382}"
m228_copy.obj,Humanoid,5000,8578,triangles,"{'min_x': 0.0264103706076816, 'max_x': 0.9560081647816809, 'min_y': 0.025, 'max_y': 0.9747793976143538, 'min_z': 0.025, 'max_z': 0.377678}"
m229_copy.obj,Humanoid,5000,9478,triangles,"{'min_x': 0.0252236075769607, 'max_x': 0.9310338833467914, 'min_y': 0.0249020393218936, 'max_y': 0.975, 'min_z': 0.025, 'max_z': 0.2113825746471002}"
m230_copy.obj,Humanoid,5000,9045,triangles,"{'min_x': 0.0254158119742487, 'max_x': 0.9006302374549024, 'min_y': 0.0250321246966361, 'max_y': 0.975, 'min_z': 0.025, 'max_z': 0.2150128607992228}"
m231_copy.obj,Humanoid,5000,8837,triangles,"{'min_x': 0.0254057013572197, 'max_x': 0.9046381167560044, 'min_y': 0.0249788067109214, 'max_y': 0.975, 'min_z': 0.025, 'max_z': 0.348658}"
m232_copy.obj,Humanoid,5000,9996,triangles,"{'min_x': 0.025, 'max_x': 0.892351, 'min_y': 0.025, 'max_y': 0.975, 'min_z': 0.025, 'max_z': 0.292537}"
m233_copy.obj,Humanoid,5000,9936,triangles,"{'min_x': 0.025, 'max_x': 0.9672790000000001, 'min_y': 0.0249999999999999, 'max_y': 0.9750000000000003, 'min_z': 0.025, 'max_z': 0.207388}"
m234_copy.obj,Humanoid,5000,9672,triangles,"{'min_x': 0.025, 'max_x': 0.8432640000000002, 'min_y': 0.025, 'max_y': 0.975, 'min_z': 0.025, 'max_z': 0.214802}"
m235_copy.obj,Humanoid,5000,9996,triangles,"{'min_x': 0.025, 'max_x': 0.8490480000000001, 'min_y': 0.025, 'max_y': 0.975, 'min_z': 0.025, 'max_z': 0.2479279999999999}"
m236_copy.obj,Humanoid,5000,9700,triangles,"{'min_x': 0.025, 'max_x': 0.975, 'min_y': 0.025, 'max_y': 0.956304, 'min_z': 0.025, 'max_z': 0.262472}"
m237_copy.obj,Humanoid,5000,9996,triangles,"{'min_x': 0.025, 'max_x': 0.9255120000000004, 'min_y': 0.025, 'max_y': 0.9750000000000002, 'min_z': 0.025, 'max_z': 0.15042}"
m238_copy.obj,Humanoid,5000,9148,triangles,"{'min_x': 0.025, 'max_x': 0.900705, 'min_y': 0.025, 'max_y': 0.975, 'min_z': 0.025, 'max_z': 0.201636}"
m239_copy.obj,Humanoid,5000,9101,triangles,"{'min_x': 0.025, 'max_x': 0.73491, 'min_y': 0.025, 'max_y': 0.975, 'min_z': 0.025, 'max_z': 0.216618}"
m240_copy.obj,Humanoid,5000,9920,triangles,"{'min_x': 0.0249999999999999, 'max_x': 0.903961, 'min_y': 0.025, 'max_y': 0.975, 'min_z': 0.025, 'max_z': 0.192413}"
m241_copy.obj,Humanoid,5000,9075,triangles,"{'min_x': 0.025, 'max_x': 0.798532, 'min_y': 0.025, 'max_y': 0.9750000000000002, 'min_z': 0.025, 'max_z': 0.336804}"
m242_copy.obj,Humanoid,5000,9023,triangles,"{'min_x': 0.025, 'max_x': 0.868253, 'min_y': 0.025, 'max_y': 0.9750000000000002, 'min_z': 0.025, 'max_z': 0.441164}"
m243_copy.obj,Humanoid,5000,9112,triangles,"{'min_x': 0.025, 'max_x': 0.919047, 'min_y': 0.025, 'max_y': 0.975, 'min_z': 0.025, 'max_z': 0.202954}"
m244_copy.obj,Humanoid,5000,9136,triangles,"{'min_x': 0.025, 'max_x': 0.873235, 'min_y': 0.025, 'max_y': 0.975, 'min_z': 0.025, 'max_z': 0.203622}"
m245_copy.obj,Humanoid,5000,9052,triangles,"{'min_x': 0.025, 'max_x': 0.916742, 'min_y': 0.025, 'max_y': 0.9749999999999998, 'min_z': 0.025, 'max_z': 0.184659}"
m246_copy.obj,Humanoid,5000,9177,triangles,"{'min_x': 0.025, 'max_x': 0.793012, 'min_y': 0.025, 'max_y': 0.9750000000000001, 'min_z': 0.025, 'max_z': 0.181295}"
m248_copy.obj,Humanoid,5000,9588,triangles,"{'min_x': 0.025, 'max_x': 0.917266, 'min_y': 0.025, 'max_y': 0.9749999999999999, 'min_z': 0.0250000000000001, 'max_z': 0.171275}"
m249_copy.obj,Humanoid,5000,9701,triangles,"{'min_x': 0.0250797255410158, 'max_x': 0.7312110457966008, 'min_y': 0.025, 'max_y': 0.975, 'min_z': 0.025, 'max_z': 0.304967}"
m250_copy.obj,Humanoid,5000,9138,triangles,"{'min_x': 0.0249326588014129, 'max_x': 0.7190550014012491, 'min_y': 0.025, 'max_y': 0.975, 'min_z': 0.0249999906475678, 'max_z': 0.185819}"
m251_copy.obj,Humanoid,5000,9972,triangles,"{'min_x': 0.0248509981500291, 'max_x': 0.7423867099995213, 'min_y': 0.025010993268764, 'max_y': 0.975, 'min_z': 0.025, 'max_z': 0.190034}"
m252_copy.obj,Humanoid,5000,9836,triangles,"{'min_x': 0.0247430634781599, 'max_x': 0.9752575672747898, 'min_y': 0.0248938870523624, 'max_y': 0.970692, 'min_z': 0.025, 'max_z': 0.2531828416063552}"
m253_copy.obj,Humanoid,5000,9547,triangles,"{'min_x': 0.0249482684803788, 'max_x': 0.7175517315196214, 'min_y': 0.0249804932497493, 'max_y': 0.975, 'min_z': 0.025, 'max_z': 0.24255}"
m254_copy.obj,Humanoid,5000,9048,triangles,"{'min_x': 0.0252215526134303, 'max_x': 0.6739324982633548, 'min_y': 0.0249890670797414, 'max_y': 0.975, 'min_z': 0.025, 'max_z': 0.169338}"
m255_copy.obj,Humanoid,5000,9677,triangles,"{'min_x': 0.02429841883846, 'max_x': 0.9451616348577716, 'min_y': 0.0248607968447699, 'max_y': 0.9749633434711719, 'min_z': 0.025, 'max_z': 0.1804359463246335}"
m256_copy.obj,Humanoid,5000,9573,triangles,"{'min_x': 0.0250172409010053, 'max_x': 0.5546227206122304, 'min_y': 0.025, 'max_y': 0.975, 'min_z': 0.025, 'max_z': 0.79986}"
m257_copy.obj,Humanoid,5000,9950,triangles,"{'min_x': 0.025, 'max_x': 0.409814, 'min_y': 0.025, 'max_y': 0.899138, 'min_z': 0.025, 'max_z': 0.975}"
m258_copy.obj,Humanoid,5000,9293,triangles,"{'min_x': 0.0249075607531068, 'max_x': 0.6841472383990888, 'min_y': 0.025, 'max_y': 0.9749263171528553, 'min_z': 0.025, 'max_z': 0.1605501989511798}"
m259_copy.obj,Humanoid,5000,9924,triangles,"{'min_x': 0.025, 'max_x': 0.389217, 'min_y': 0.025, 'max_y': 0.975, 'min_z': 0.025, 'max_z': 0.618324}"
m260_copy.obj,Humanoid,5000,9847,triangles,"{'min_x': 0.0249999999999997, 'max_x': 0.4420460000000001, 'min_y': 0.025, 'max_y': 0.975, 'min_z': 0.025, 'max_z': 0.349292}"
m261_copy.obj,Humanoid,5000,9649,triangles,"{'min_x': 0.025, 'max_x': 0.274933, 'min_y': 0.025, 'max_y': 0.975, 'min_z': 0.025, 'max_z': 0.347475}"
m262_copy.obj,Humanoid,5000,9672,triangles,"{'min_x': 0.025, 'max_x': 0.274585, 'min_y': 0.025, 'max_y': 0.9750000000000003, 'min_z': 0.025, 'max_z': 0.344233}"
m263_copy.obj,Humanoid,4999,9694,triangles,"{'min_x': 0.025, 'max_x': 0.313418, 'min_y': 0.025, 'max_y': 0.975, 'min_z': 0.025, 'max_z': 0.528825}"
m264_copy.obj,Humanoid,5000,9942,triangles,"{'min_x': 0.025, 'max_x': 0.335492, 'min_y': 0.0248016776623736, 'max_y': 0.3807358052806948, 'min_z': 0.0250988557894383, 'max_z': 0.975}"
m265_copy.obj,Humanoid,5000,9996,triangles,"{'min_x': 0.0249698256808099, 'max_x': 0.3803625868526629, 'min_y': 0.0244577777985395, 'max_y': 0.8259916915809586, 'min_z': 0.024826396847875, 'max_z': 0.9748071681780595}"
m266_copy.obj,Humanoid,5000,9888,triangles,"{'min_x': 0.025, 'max_x': 0.31278, 'min_y': 0.025, 'max_y': 0.975, 'min_z': 0.025, 'max_z': 0.893268}"
D00081_copy.obj,Insect,5000,9952,triangles,"{'min_x': -0.875191, 'max_x': 0.869178, 'min_y': -0.350645, 'max_y': 1.0443, 'min_z': -0.350236, 'max_z': 0.225886}"
D00082_copy.obj,Insect,5000,9868,triangles,"{'min_x': -0.590599, 'max_x': 0.93829, 'min_y': -0.835046, 'max_y': 0.801546, 'min_z': -0.344072, 'max_z': 0.451949}"
D00102_copy.obj,Insect,5000,9218,triangles,"{'min_x': -0.886803, 'max_x': 0.813473, 'min_y': -0.57891, 'max_y': 0.54971, 'min_z': -0.469734, 'max_z': 0.621806}"
D00109_copy.obj,Insect,5000,8378,triangles,"{'min_x': -0.846761, 'max_x': 0.840154, 'min_y': -0.615379, 'max_y': 0.764062, 'min_z': -0.425006, 'max_z': 0.612028}"
D00117_copy.obj,Insect,4998,9530,triangles,"{'min_x': -1.04016, 'max_x': 0.651547, 'min_y': -0.571054, 'max_y': 0.7902691314217687, 'min_z': -0.604933, 'max_z': 0.257883}"
D00136_copy.obj,Insect,5000,9328,triangles,"{'min_x': -1.0165700000000013, 'max_x': 0.4284869999999999, 'min_y': -0.40694, 'max_y': 0.616101, 'min_z': -0.355477, 'max_z': 0.188065}"
D00160_copy.obj,Insect,5000,9952,triangles,"{'min_x': -0.992786, 'max_x': 0.780602, 'min_y': -0.8973290000000006, 'max_y': 0.987547, 'min_z': -0.2513499999999971, 'max_z': 0.317913}"
D00180_copy.obj,Insect,5000,9218,triangles,"{'min_x': -0.815003, 'max_x': 0.889184, 'min_y': -0.524205, 'max_y': 0.572469, 'min_z': -0.639429, 'max_z': 0.473308}"
D00231_copy.obj,Insect,5000,9946,triangles,"{'min_x': -0.832333, 'max_x': 0.836597, 'min_y': -0.897677, 'max_y': 0.864382, 'min_z': -0.213491, 'max_z': 0.149852}"
D00291_copy.obj,Insect,5000,9956,triangles,"{'min_x': -0.851002, 'max_x': 0.941974, 'min_y': -0.504469, 'max_y': 0.467634, 'min_z': -0.238823, 'max_z': 0.097135}"
D00294_copy.obj,Insect,5000,8144,triangles,"{'min_x': -0.646123, 'max_x': 1.00737, 'min_y': -0.71144, 'max_y': 0.796623, 'min_z': -0.216035, 'max_z': 0.282581}"
D00309_copy.obj,Insect,5000,9562,triangles,"{'min_x': -0.865085, 'max_x': 0.824746, 'min_y': -0.871184, 'max_y': 0.72272, 'min_z': -0.369866, 'max_z': 0.418842}"
D00315_copy.obj,Insect,5000,9944,triangles,"{'min_x': -0.847541, 'max_x': 1.05471, 'min_y': -0.576315, 'max_y': 0.5217829999999993, 'min_z': -0.3869909999999996, 'max_z': 0.3182099999999999}"
D00333_copy.obj,Insect,5000,9433,triangles,"{'min_x': -0.9959320841195546, 'max_x': 0.879448, 'min_y': -0.6695249235303323, 'max_y': 0.782884, 'min_z': -0.196507, 'max_z': 0.1603189818578238}"
D00399_copy.obj,Insect,5000,9668,triangles,"{'min_x': -0.842466, 'max_x': 0.545133, 'min_y': -0.762766, 'max_y': 0.788803, 'min_z': -0.202458, 'max_z': 0.117258}"
D00430_copy.obj,Insect,5000,9718,triangles,"{'min_x': -0.5636304223501658, 'max_x': 0.8744518514084278, 'min_y': -0.733145206618107, 'max_y': 0.6300604210213675, 'min_z': -0.4111997535106634, 'max_z': 0.2300627831399378}"
D00510_copy.obj,Insect,5000,9892,triangles,"{'min_x': -1.1402, 'max_x': 0.579229, 'min_y': -0.783654, 'max_y': 0.707175, 'min_z': -0.249673, 'max_z': 0.37224}"
D00590_copy.obj,Insect,5000,9996,triangles,"{'min_x': -0.85955, 'max_x': 0.805471, 'min_y': -0.525911, 'max_y': 0.632315, 'min_z': -0.110485, 'max_z': 0.154002}"
D00615_copy.obj,Insect,5000,9126,triangles,"{'min_x': -0.845745, 'max_x': 0.841217, 'min_y': -0.766987, 'max_y': 0.61171, 'min_z': -0.416725, 'max_z': 0.589214}"
D00662_copy.obj,Insect,5000,6312,triangles,"{'min_x': -0.619204, 'max_x': 1.10955, 'min_y': -0.648371, 'max_y': 0.862876, 'min_z': -0.4021628444581953, 'max_z': 0.469449}"
D00668_copy.obj,Insect,5000,9944,triangles,"{'min_x': -0.530873, 'max_x': 0.8786387797414493, 'min_y': -0.5396026627049023, 'max_y': 0.3774088866860753, 'min_z': -0.5294715433724944, 'max_z': 0.413600198621722}"
D00672_copy.obj,Insect,5000,8466,triangles,"{'min_x': -1.04573, 'max_x': 0.752024, 'min_y': -0.573711, 'max_y': 0.707397, 'min_z': -0.3022919999999999, 'max_z': 0.35025}"
D00695_copy.obj,Insect,5000,9908,triangles,"{'min_x': -0.5799040000000001, 'max_x': 0.86988, 'min_y': -0.511946, 'max_y': 0.491656, 'min_z': -0.243856, 'max_z': 0.114184}"
D00713_copy.obj,Insect,5000,9768,triangles,"{'min_x': -0.8915729999999978, 'max_x': 0.743563, 'min_y': -0.8588240000000501, 'max_y': 0.4364139999999891, 'min_z': -0.272601, 'max_z': 0.5820139999999828}"
D00732_copy.obj,Insect,5000,9916,triangles,"{'min_x': -0.9249659400126355, 'max_x': 0.772863, 'min_y': -0.900313, 'max_y': 0.6052491101461016, 'min_z': -0.320589, 'max_z': 0.4877488605147656}"
D00734_copy.obj,Insect,5000,9719,triangles,"{'min_x': -0.8248409999999992, 'max_x': 0.8580549999999999, 'min_y': -0.809035000000001, 'max_y': 0.8116390000000002, 'min_z': -0.329979, 'max_z': 0.313494}"
D00746_copy.obj,Insect,5000,9824,triangles,"{'min_x': -0.8555789999999993, 'max_x': 0.842592, 'min_y': -0.5901120000000001, 'max_y': 0.768224, 'min_z': -0.371106, 'max_z': 0.348807}"
D00752_copy.obj,Insect,5000,9944,triangles,"{'min_x': -0.7756361822008181, 'max_x': 0.895249, 'min_y': -0.823453, 'max_y': 0.683624, 'min_z': -0.287331, 'max_z': 0.2891721187641363}"
D00753_copy.obj,Insect,5000,9768,triangles,"{'min_x': -0.6311649935584186, 'max_x': 0.889696122135555, 'min_y': -0.383393, 'max_y': 0.4132136676334751, 'min_z': -0.353821, 'max_z': 0.468904}"
D00774_copy.obj,Insect,5000,9884,triangles,"{'min_x': -0.916614, 'max_x': 0.931469, 'min_y': -0.589496, 'max_y': 0.632748, 'min_z': -0.153404, 'max_z': 0.40017}"
D00786_copy.obj,Insect,5000,9696,triangles,"{'min_x': -1.0366, 'max_x': 0.704783, 'min_y': -0.470075, 'max_y': 0.480628, 'min_z': -0.506521, 'max_z': 0.1940780000000001}"
D00787_copy.obj,Insect,5000,8576,triangles,"{'min_x': -1.03133, 'max_x': 0.943584, 'min_y': -0.269697, 'max_y': 0.241011, 'min_z': -0.015994, 'max_z': 0.015817}"
D00788_copy.obj,Insect,5000,6945,triangles,"{'min_x': -0.8451828877572375, 'max_x': 0.733527589609767, 'min_y': -0.5811677246722534, 'max_y': 0.6666462810204327, 'min_z': -0.4053163995717584, 'max_z': 0.4665869080955205}"
D00806_copy.obj,Insect,5000,9960,triangles,"{'min_x': -0.821831, 'max_x': 0.662518, 'min_y': -0.734649, 'max_y': 0.720388, 'min_z': -0.381115, 'max_z': 0.449918}"
D00814_copy.obj,Insect,5000,9904,triangles,"{'min_x': -0.755762, 'max_x': 0.717292, 'min_y': -0.639358, 'max_y': 0.7179009999999999, 'min_z': -0.1143019999999999, 'max_z': 0.167985}"
D00855_copy.obj,Insect,5000,9956,triangles,"{'min_x': -1.04037, 'max_x': 0.758869, 'min_y': -0.754949, 'max_y': 0.6514220000000007, 'min_z': -0.2026950000000001, 'max_z': 0.334673}"
D00884_copy.obj,Insect,5000,6300,triangles,"{'min_x': -0.6042, 'max_x': 1.04922, 'min_y': -0.664866, 'max_y': 0.802399, 'min_z': -0.3816455167326878, 'max_z': 0.461935}"
D00895_copy.obj,Insect,5000,9342,triangles,"{'min_x': -0.983625, 'max_x': 0.707715, 'min_y': -0.625597, 'max_y': 0.430913, 'min_z': -0.731623, 'max_z': 0.388597}"
D00973_copy.obj,Insect,5000,9869,triangles,"{'min_x': -1.03917, 'max_x': 0.7956996937543037, 'min_y': -0.701223, 'max_y': 0.4166984834971633, 'min_z': -0.30201, 'max_z': 0.4681357626700373}"
D00989_copy.obj,Insect,5000,9958,triangles,"{'min_x': -0.710007, 'max_x': 1.06526, 'min_y': -0.6137, 'max_y': 0.655338, 'min_z': -0.172699, 'max_z': 0.227779}"
m0_copy.obj,Insect,5000,9896,triangles,"{'min_x': 0.025, 'max_x': 0.642549, 'min_y': 0.025, 'max_y': 0.547541, 'min_z': 0.025, 'max_z': 0.975}"
m10_copy.obj,Insect,5000,9904,triangles,"{'min_x': 0.0249999999999972, 'max_x': 0.8941090000000004, 'min_y': 0.025, 'max_y': 0.9749999999999998, 'min_z': 0.025, 'max_z': 0.222438}"
m11_copy.obj,Insect,5000,9988,triangles,"{'min_x': 0.025, 'max_x': 0.975, 'min_y': 0.025, 'max_y': 0.50912, 'min_z': 0.025, 'max_z': 0.100962}"
m12_copy.obj,Insect,5000,9854,triangles,"{'min_x': 0.025, 'max_x': 0.975, 'min_y': 0.025, 'max_y': 0.377544, 'min_z': 0.025, 'max_z': 0.563472}"
m13_copy.obj,Insect,5000,9485,triangles,"{'min_x': 0.025, 'max_x': 0.553288, 'min_y': 0.025, 'max_y': 0.177515, 'min_z': 0.025, 'max_z': 0.975}"
m14_copy.obj,Insect,5000,9620,triangles,"{'min_x': 0.025, 'max_x': 0.975, 'min_y': 0.025, 'max_y': 0.715939, 'min_z': 0.025, 'max_z': 0.773575}"
m15_copy.obj,Insect,5000,9988,triangles,"{'min_x': 0.025, 'max_x': 0.975, 'min_y': 0.025, 'max_y': 0.416924, 'min_z': 0.025, 'max_z': 0.503842}"
m16_copy.obj,Insect,5000,9830,triangles,"{'min_x': 0.025, 'max_x': 0.975, 'min_y': 0.025, 'max_y': 0.2701359999999999, 'min_z': 0.025, 'max_z': 0.718665}"
m17_copy.obj,Insect,5000,9884,triangles,"{'min_x': 0.025, 'max_x': 0.975, 'min_y': 0.025, 'max_y': 0.293822, 'min_z': 0.025, 'max_z': 0.654721}"
m18_copy.obj,Insect,5000,9824,triangles,"{'min_x': 0.025, 'max_x': 0.9749999999999996, 'min_y': 0.0249999999999999, 'max_y': 0.423912, 'min_z': 0.025, 'max_z': 0.786683}"
m19_copy.obj,Insect,5000,8466,triangles,"{'min_x': 0.025, 'max_x': 0.975, 'min_y': 0.025, 'max_y': 0.346508, 'min_z': 0.025, 'max_z': 0.635714}"
m1_copy.obj,Insect,5000,9708,triangles,"{'min_x': 0.025, 'max_x': 0.424855, 'min_y': 0.025, 'max_y': 0.384845, 'min_z': 0.025, 'max_z': 0.975}"
m20_copy.obj,Insect,5000,9709,triangles,"{'min_x': 0.0250000000000001, 'max_x': 0.975, 'min_y': 0.0250000000000004, 'max_y': 0.418756, 'min_z': 0.025, 'max_z': 0.9287919999999996}"
m21_copy.obj,Insect,5000,9900,triangles,"{'min_x': 0.025, 'max_x': 0.975, 'min_y': 0.025, 'max_y': 0.5241330000000001, 'min_z': 0.025, 'max_z': 0.828255}"
m22_copy.obj,Insect,5000,9952,triangles,"{'min_x': 0.025, 'max_x': 0.975, 'min_y': 0.025, 'max_y': 0.42875, 'min_z': 0.025, 'max_z': 0.684062}"
m23_copy.obj,Insect,5000,9952,triangles,"{'min_x': 0.025, 'max_x': 0.475631, 'min_y': 0.025, 'max_y': 0.4259360000000003, 'min_z': 0.025, 'max_z': 0.975}"
m24_copy.obj,Insect,5000,9956,triangles,"{'min_x': 0.025, 'max_x': 0.975, 'min_y': 0.025, 'max_y': 0.42875, 'min_z': 0.025, 'max_z': 0.85625}"
m25_copy.obj,Insect,4998,9992,triangles,"{'min_x': 0.025, 'max_x': 0.817473, 'min_y': 0.025, 'max_y': 0.502402, 'min_z': 0.025, 'max_z': 0.975}"
m26_copy.obj,Insect,5000,9742,triangles,"{'min_x': 0.025, 'max_x': 0.845772, 'min_y': 0.025, 'max_y': 0.424813, 'min_z': 0.025, 'max_z': 0.975}"
m2_copy.obj,Insect,5000,9677,triangles,"{'min_x': 0.025, 'max_x': 0.61683, 'min_y': 0.025, 'max_y': 0.5154430000000001, 'min_z': 0.025, 'max_z': 0.975}"
m3_copy.obj,Insect,5000,9940,triangles,"{'min_x': 0.025, 'max_x': 0.931406, 'min_y': 0.025, 'max_y': 0.556332, 'min_z': 0.025, 'max_z': 0.975}"
m4_copy.obj,Insect,5000,9524,triangles,"{'min_x': 0.0249999999999999, 'max_x': 0.5567449999999999, 'min_y': 0.025, 'max_y': 0.975, 'min_z': 0.025, 'max_z': 0.3322450000000003}"
m6_copy.obj,Insect,5000,9420,triangles,"{'min_x': 0.025, 'max_x': 0.668147, 'min_y': 0.0247873457141617, 'max_y': 0.702228, 'min_z': 0.0246170188767163, 'max_z': 0.9749348333920813}"
m7_copy.obj,Insect,5000,9932,triangles,"{'min_x': 0.025, 'max_x': 0.570829, 'min_y': 0.0250000000000001, 'max_y': 0.577454, 'min_z': 0.025, 'max_z': 0.9750000000000004}"
m8_copy.obj,Insect,5000,9164,triangles,"{'min_x': 0.025, 'max_x': 0.4784889999999999, 'min_y': 0.025, 'max_y': 0.9750000000000002, 'min_z': 0.025, 'max_z': 0.834222}"
m9_copy.obj,Insect,5000,9442,triangles,"{'min_x': 0.025, 'max_x': 0.830435, 'min_y': 0.025, 'max_y': 0.975, 'min_z': 0.025, 'max_z': 0.482593}"
m1147_copy.obj,Jet,5000,9910,triangles,"{'min_x': 0.025, 'max_x': 0.975, 'min_y': 0.0249999999999999, 'max_y': 0.33131, 'min_z': 0.025, 'max_z': 0.884672}"
m1149_copy.obj,Jet,5000,9868,triangles,"{'min_x': 0.0249999999999996, 'max_x': 0.9750000000000096, 'min_y': 0.025, 'max_y': 0.3056340000000011, 'min_z': 0.025, 'max_z': 0.769297}"
m1150_copy.obj,Jet,5000,9992,triangles,"{'min_x': 0.025, 'max_x': 0.743256, 'min_y': 0.025, 'max_y': 0.201238, 'min_z': 0.025, 'max_z': 0.975}"
m1151_copy.obj,Jet,4999,9946,triangles,"{'min_x': 0.025, 'max_x': 0.975, 'min_y': 0.025, 'max_y': 0.267357, 'min_z': 0.025, 'max_z': 0.949829}"
m1152_copy.obj,Jet,5000,9253,triangles,"{'min_x': 0.025, 'max_x': 0.922454, 'min_y': 0.025, 'max_y': 0.4138400000000001, 'min_z': 0.025, 'max_z': 0.975}"
m1153_copy.obj,Jet,5000,9977,triangles,"{'min_x': 0.025, 'max_x': 0.79127, 'min_y': 0.025, 'max_y': 0.364467, 'min_z': 0.025, 'max_z': 0.975}"
m1154_copy.obj,Jet,5000,9960,triangles,"{'min_x': 0.025, 'max_x': 0.849758, 'min_y': 0.025, 'max_y': 0.284141, 'min_z': 0.025, 'max_z': 0.975}"
m1155_copy.obj,Jet,5000,8298,triangles,"{'min_x': 0.025, 'max_x': 0.816625, 'min_y': 0.025, 'max_y': 0.228519, 'min_z': 0.025, 'max_z': 0.975}"
m1156_copy.obj,Jet,5000,9568,triangles,"{'min_x': 0.025, 'max_x': 0.975, 'min_y': 0.025, 'max_y': 0.21293, 'min_z': 0.025, 'max_z': 0.832103}"
m1157_copy.obj,Jet,5000,9472,triangles,"{'min_x': 0.025, 'max_x': 0.975, 'min_y': 0.025, 'max_y': 0.70371, 'min_z': 0.025, 'max_z': 0.185832}"
m1158_copy.obj,Jet,5000,9876,triangles,"{'min_x': 0.0249999999999999, 'max_x': 0.908575, 'min_y': 0.025, 'max_y': 0.453995, 'min_z': 0.0249999999999995, 'max_z': 0.975}"
m1159_copy.obj,Jet,5000,9253,triangles,"{'min_x': 0.025, 'max_x': 0.922454, 'min_y': 0.025, 'max_y': 0.4138400000000001, 'min_z': 0.025, 'max_z': 0.975}"
m1161_copy.obj,Jet,5000,8487,triangles,"{'min_x': 0.025, 'max_x': 0.931591, 'min_y': 0.025, 'max_y': 0.32614, 'min_z': 0.025, 'max_z': 0.975}"
m1162_copy.obj,Jet,5000,9926,triangles,"{'min_x': 0.025, 'max_x': 0.830816, 'min_y': 0.0250000000000002, 'max_y': 0.975, 'min_z': 0.025, 'max_z': 0.2738570000000001}"
m1163_copy.obj,Jet,5000,8801,triangles,"{'min_x': 0.025, 'max_x': 0.931034, 'min_y': 0.025, 'max_y': 0.302749, 'min_z': 0.025, 'max_z': 0.975}"
m1165_copy.obj,Jet,5000,9776,triangles,"{'min_x': 0.025, 'max_x': 0.975, 'min_y': 0.025, 'max_y': 0.794583, 'min_z': 0.025, 'max_z': 0.271841}"
m1166_copy.obj,Jet,5000,9622,triangles,"{'min_x': 0.025, 'max_x': 0.871807, 'min_y': 0.025, 'max_y': 0.251086, 'min_z': 0.025, 'max_z': 0.975}"
m1167_copy.obj,Jet,5000,7179,triangles,"{'min_x': 0.025, 'max_x': 0.697772, 'min_y': 0.025, 'max_y': 0.2834840000000002, 'min_z': 0.0250000000000007, 'max_z': 0.9750000000000003}"
m1168_copy.obj,Jet,4981,9436,triangles,"{'min_x': 0.025, 'max_x': 0.651374, 'min_y': 0.025, 'max_y': 0.244231, 'min_z': 0.025, 'max_z': 0.975}"
m1169_copy.obj,Jet,5000,8617,triangles,"{'min_x': 0.025, 'max_x': 0.663453, 'min_y': 0.025, 'max_y': 0.309501, 'min_z': 0.025, 'max_z': 0.975}"
m1171_copy.obj,Jet,5000,9194,triangles,"{'min_x': 0.025, 'max_x': 0.975000000000001, 'min_y': 0.025, 'max_y': 0.280738, 'min_z': 0.025, 'max_z': 0.7363810000000001}"
m1172_copy.obj,Jet,5000,9586,triangles,"{'min_x': 0.025, 'max_x': 0.975, 'min_y': 0.025, 'max_y': 0.770694, 'min_z': 0.025, 'max_z': 0.204025}"
m1173_copy.obj,Jet,5000,9602,triangles,"{'min_x': 0.025, 'max_x': 0.975, 'min_y': 0.025, 'max_y': 0.790161, 'min_z': 0.025, 'max_z': 0.261539}"
m1174_copy.obj,Jet,5000,9948,triangles,"{'min_x': 0.0249999999999999, 'max_x': 0.512874, 'min_y': 0.025, 'max_y': 0.2175630000000003, 'min_z': 0.025, 'max_z': 0.975}"
m1175_copy.obj,Jet,5000,9904,triangles,"{'min_x': 0.025, 'max_x': 0.665258, 'min_y': 0.025, 'max_y': 0.321351, 'min_z': 0.025, 'max_z': 0.975}"
m1176_copy.obj,Jet,4999,9560,triangles,"{'min_x': 0.025, 'max_x': 0.804891, 'min_y': 0.025, 'max_y': 0.220564, 'min_z': 0.025, 'max_z': 0.975}"
m1177_copy.obj,Jet,5000,9982,triangles,"{'min_x': 0.025, 'max_x': 0.857283, 'min_y': 0.025, 'max_y': 0.307677, 'min_z': 0.025, 'max_z': 0.975}"
m1178_copy.obj,Jet,5000,9526,triangles,"{'min_x': 0.025, 'max_x': 0.468333, 'min_y': 0.0249999999999854, 'max_y': 0.214472, 'min_z': 0.025, 'max_z': 0.975}"
m1179_copy.obj,Jet,5000,9127,triangles,"{'min_x': 0.025, 'max_x': 0.609267, 'min_y': 0.025, 'max_y': 0.217744, 'min_z': 0.025, 'max_z': 0.975}"
m1180_copy.obj,Jet,4998,9992,triangles,"{'min_x': 0.025, 'max_x': 0.6568490000000001, 'min_y': 0.025, 'max_y': 0.231708, 'min_z': 0.025, 'max_z': 0.975}"
m1181_copy.obj,Jet,5000,9976,triangles,"{'min_x': 0.0249999999999996, 'max_x': 0.7492099999999661, 'min_y': 0.025, 'max_y': 0.2388399999999023, 'min_z': 0.025, 'max_z': 0.975}"
m1182_copy.obj,Jet,5000,9996,triangles,"{'min_x': 0.025, 'max_x': 0.950143, 'min_y': 0.025, 'max_y': 0.975, 'min_z': 0.0250000000000001, 'max_z': 0.248351}"
m1183_copy.obj,Jet,5000,9436,triangles,"{'min_x': 0.025, 'max_x': 0.975, 'min_y': 0.025, 'max_y': 0.826917, 'min_z': 0.025, 'max_z': 0.222658}"
m1184_copy.obj,Jet,5000,9836,triangles,"{'min_x': 0.025, 'max_x': 0.510179, 'min_y': 0.025, 'max_y': 0.293601, 'min_z': 0.025, 'max_z': 0.975}"
m1185_copy.obj,Jet,4999,9661,triangles,"{'min_x': 0.025, 'max_x': 0.470517, 'min_y': 0.025, 'max_y': 0.247759, 'min_z': 0.025, 'max_z': 0.975}"
m1187_copy.obj,Jet,5000,9996,triangles,"{'min_x': 0.025, 'max_x': 0.6583330000000001, 'min_y': 0.025, 'max_y': 0.2685900000000001, 'min_z': 0.0249999999999998, 'max_z': 0.9750000000000014}"
m1188_copy.obj,Jet,5000,9980,triangles,"{'min_x': 0.025, 'max_x': 0.787454, 'min_y': 0.025, 'max_y': 0.27522, 'min_z': 0.025, 'max_z': 0.975}"
m1190_copy.obj,Jet,4991,9752,triangles,"{'min_x': 0.025, 'max_x': 0.683603, 'min_y': 0.025, 'max_y': 0.321924, 'min_z': 0.025, 'max_z': 0.975}"
m1191_copy.obj,Jet,5000,9780,triangles,"{'min_x': 0.025, 'max_x': 0.975, 'min_y': 0.025, 'max_y': 0.89012, 'min_z': 0.025, 'max_z': 0.17626}"
m1193_copy.obj,Jet,5000,9995,triangles,"{'min_x': 0.025, 'max_x': 0.5214070000000001, 'min_y': 0.025, 'max_y': 0.2113610000000001, 'min_z': 0.0249999999999996, 'max_z': 0.975}"
m1194_copy.obj,Jet,5000,9364,triangles,"{'min_x': 0.025, 'max_x': 0.975, 'min_y': 0.025, 'max_y': 0.7503780000000001, 'min_z': 0.0249999999999999, 'max_z': 0.251583}"
m1195_copy.obj,Jet,5000,9472,triangles,"{'min_x': 0.0249999999999997, 'max_x': 0.9749999999999999, 'min_y': 0.025, 'max_y': 0.7357, 'min_z': 0.025, 'max_z': 0.237137}"
m1196_copy.obj,Jet,5000,9464,triangles,"{'min_x': 0.0250000000000005, 'max_x': 0.975, 'min_y': 0.025, 'max_y': 0.676429, 'min_z': 0.025, 'max_z': 0.228142}"
m1197_copy.obj,Jet,5000,9682,triangles,"{'min_x': 0.025, 'max_x': 0.685476, 'min_y': 0.02641375, 'max_y': 0.248929, 'min_z': 0.0249999999999999, 'max_z': 0.975}"
m1198_copy.obj,Jet,5000,9608,triangles,"{'min_x': 0.025, 'max_x': 0.664898, 'min_y': 0.025, 'max_y': 0.239022, 'min_z': 0.025, 'max_z': 0.9749999999999999}"
m1199_copy.obj,Jet,5000,9519,triangles,"{'min_x': 0.0249999999999998, 'max_x': 0.9750000000000001, 'min_y': 0.025, 'max_y': 0.2211840000000001, 'min_z': 0.025, 'max_z': 0.557698}"
m1200_copy.obj,Jet,5000,9790,triangles,"{'min_x': 0.025, 'max_x': 0.483721, 'min_y': 0.025, 'max_y': 0.300411, 'min_z': 0.025, 'max_z': 0.975}"
m1201_copy.obj,Jet,5000,7710,triangles,"{'min_x': 0.025, 'max_x': 0.975, 'min_y': 0.0249984641196074, 'max_y': 0.6777625346559589, 'min_z': 0.025, 'max_z': 0.3223859887877469}"
m1202_copy.obj,Jet,5000,9964,triangles,"{'min_x': 0.025, 'max_x': 0.566055, 'min_y': 0.025, 'max_y': 0.23369, 'min_z': 0.025, 'max_z': 0.975}"
m1204_copy.obj,Jet,5000,9623,triangles,"{'min_x': 0.025, 'max_x': 0.666722, 'min_y': 0.025000000000097, 'max_y': 0.333278, 'min_z': 0.025, 'max_z': 0.9676075937499999}"
m1205_copy.obj,Jet,5000,9380,triangles,"{'min_x': 0.025, 'max_x': 0.975, 'min_y': 0.025, 'max_y': 0.774295, 'min_z': 0.025, 'max_z': 0.21695}"
m1207_copy.obj,Jet,5000,9754,triangles,"{'min_x': 0.025, 'max_x': 0.975, 'min_y': 0.025, 'max_y': 0.14863, 'min_z': 0.025, 'max_z': 0.382877}"
m1208_copy.obj,Jet,5000,9638,triangles,"{'min_x': 0.025, 'max_x': 0.718596, 'min_y': 0.025, 'max_y': 0.21885, 'min_z': 0.025, 'max_z': 0.975}"
m1209_copy.obj,Jet,5000,9996,triangles,"{'min_x': 0.025, 'max_x': 0.9366500000000001, 'min_y': 0.025, 'max_y': 0.275186, 'min_z': 0.025, 'max_z': 0.975}"
m1210_copy.obj,Jet,5000,9978,triangles,"{'min_x': 0.025, 'max_x': 0.67786, 'min_y': 0.025, 'max_y': 0.225975, 'min_z': 0.025, 'max_z': 0.975}"
m1211_copy.obj,Jet,5000,9573,triangles,"{'min_x': 0.025, 'max_x': 0.918098, 'min_y': 0.025, 'max_y': 0.317775, 'min_z': 0.025, 'max_z': 0.975}"
m1212_copy.obj,Jet,5000,9107,triangles,"{'min_x': 0.025, 'max_x': 0.625576, 'min_y': 0.025, 'max_y': 0.318204, 'min_z': 0.025, 'max_z': 0.975}"
m1213_copy.obj,Jet,5000,9940,triangles,"{'min_x': 0.025, 'max_x': 0.45763, 'min_y': 0.025, 'max_y': 0.17575, 'min_z': 0.025, 'max_z': 0.975}"
m1214_copy.obj,Jet,5000,9940,triangles,"{'min_x': 0.025, 'max_x': 0.622627, 'min_y': 0.0249999999999999, 'max_y': 0.222624, 'min_z': 0.025, 'max_z': 0.975}"
m1215_copy.obj,Jet,5000,9988,triangles,"{'min_x': 0.025, 'max_x': 0.2416599999999994, 'min_y': 0.025, 'max_y': 0.694913, 'min_z': 0.025, 'max_z': 0.975}"
m1216_copy.obj,Jet,4999,9994,triangles,"{'min_x': 0.025, 'max_x': 0.6698630000000002, 'min_y': 0.025, 'max_y': 0.2213740000000003, 'min_z': 0.0249999999999719, 'max_z': 0.9750000000000002}"
m1217_copy.obj,Jet,5000,9850,triangles,"{'min_x': 0.025, 'max_x': 0.606575, 'min_y': 0.025, 'max_y': 0.27319, 'min_z': 0.025, 'max_z': 0.975}"
m1218_copy.obj,Jet,5000,9485,triangles,"{'min_x': 0.025, 'max_x': 0.692906, 'min_y': 0.025, 'max_y': 0.226508, 'min_z': 0.025, 'max_z': 0.975}"
m1219_copy.obj,Jet,5000,9996,triangles,"{'min_x': 0.025, 'max_x': 0.177789, 'min_y': 0.025, 'max_y': 0.727486, 'min_z': 0.025, 'max_z': 0.975}"
m1220_copy.obj,Jet,5000,9988,triangles,"{'min_x': 0.025, 'max_x': 0.6734300000000001, 'min_y': 0.0249999999999999, 'max_y': 0.2316740000000009, 'min_z': 0.025, 'max_z': 0.975}"
m1221_copy.obj,Jet,5000,9766,triangles,"{'min_x': 0.025, 'max_x': 0.9750000000000003, 'min_y': 0.025, 'max_y': 0.846538, 'min_z': 0.025, 'max_z': 0.219139}"
m1222_copy.obj,Jet,5000,9756,triangles,"{'min_x': 0.025, 'max_x': 0.9750000000000003, 'min_y': 0.025, 'max_y': 0.895296, 'min_z': 0.025, 'max_z': 0.383768}"
m1223_copy.obj,Jet,5000,9996,triangles,"{'min_x': 0.025, 'max_x': 0.685618, 'min_y': 0.025, 'max_y': 0.215578, 'min_z': 0.025, 'max_z': 0.975}"
m1224_copy.obj,Jet,5000,9652,triangles,"{'min_x': 0.025, 'max_x': 0.975, 'min_y': 0.025, 'max_y': 0.436667, 'min_z': 0.025, 'max_z': 0.164967}"
m1225_copy.obj,Jet,5000,9818,triangles,"{'min_x': 0.025, 'max_x': 0.975, 'min_y': 0.025, 'max_y': 0.731328, 'min_z': 0.025, 'max_z': 0.180143}"
m1226_copy.obj,Jet,5000,9996,triangles,"{'min_x': 0.025, 'max_x': 0.9750000000000001, 'min_y': 0.0249999999999996, 'max_y': 0.254792, 'min_z': 0.025, 'max_z': 0.504379}"
m1227_copy.obj,Jet,5000,9562,triangles,"{'min_x': 0.025, 'max_x': 0.975, 'min_y': 0.025, 'max_y': 0.768503, 'min_z': 0.025, 'max_z': 0.158925}"
m1228_copy.obj,Jet,5000,9306,triangles,"{'min_x': 0.025, 'max_x': 0.975, 'min_y': 0.025, 'max_y': 0.705579, 'min_z': 0.025, 'max_z': 0.16931}"
m1229_copy.obj,Jet,5000,9416,triangles,"{'min_x': 0.025, 'max_x': 0.501292, 'min_y': 0.025, 'max_y': 0.975, 'min_z': 0.025, 'max_z': 0.2250430000000004}"
m1230_copy.obj,Jet,5000,9275,triangles,"{'min_x': 0.025, 'max_x': 0.975, 'min_y': 0.025, 'max_y': 0.614959, 'min_z': 0.025, 'max_z': 0.311299}"
m1231_copy.obj,Jet,5000,9578,triangles,"{'min_x': 0.025, 'max_x': 0.635711, 'min_y': 0.025, 'max_y': 0.194645, 'min_z': 0.025, 'max_z': 0.975}"
m1232_copy.obj,Jet,5000,9728,triangles,"{'min_x': 0.025, 'max_x': 0.949324, 'min_y': 0.025, 'max_y': 0.242387, 'min_z': 0.025, 'max_z': 0.975}"
m1233_copy.obj,Jet,5000,9728,triangles,"{'min_x': 0.025, 'max_x': 0.5125, 'min_y': 0.025, 'max_y': 0.2625, 'min_z': 0.025, 'max_z': 0.9750000000000001}"
m1234_copy.obj,Jet,5000,9676,triangles,"{'min_x': 0.025, 'max_x': 0.852419, 'min_y': 0.025, 'max_y': 0.234919, 'min_z': 0.025, 'max_z': 0.975}"
m1235_copy.obj,Jet,5000,9804,triangles,"{'min_x': 0.025, 'max_x': 0.975, 'min_y': 0.025, 'max_y': 0.238805, 'min_z': 0.025, 'max_z': 0.94855}"
m1236_copy.obj,Jet,5000,9481,triangles,"{'min_x': 0.025, 'max_x': 0.6628170000000001, 'min_y': 0.0249999999999999, 'max_y': 0.218923, 'min_z': 0.025, 'max_z': 0.975}"
m1237_copy.obj,Jet,5000,9661,triangles,"{'min_x': 0.047997, 'max_x': 0.952003, 'min_y': 0.025, 'max_y': 0.307304, 'min_z': 0.025, 'max_z': 0.936937}"
m1238_copy.obj,Jet,5000,9904,triangles,"{'min_x': 0.025, 'max_x': 0.507877, 'min_y': 0.025, 'max_y': 0.247735, 'min_z': 0.025, 'max_z': 0.975}"
m1239_copy.obj,Jet,5000,9632,triangles,"{'min_x': 0.0249999999999999, 'max_x': 0.975, 'min_y': 0.025, 'max_y': 0.768339, 'min_z': 0.025, 'max_z': 0.24777}"
m1240_copy.obj,Jet,4994,9918,triangles,"{'min_x': 0.030655, 'max_x': 0.85625, 'min_y': 0.025, 'max_y': 0.293601, 'min_z': 0.025, 'max_z': 0.975}"
m1241_copy.obj,Jet,5000,9424,triangles,"{'min_x': 0.025, 'max_x': 0.9750000000000005, 'min_y': 0.025, 'max_y': 0.703854, 'min_z': 0.025, 'max_z': 0.263759}"
m1242_copy.obj,Jet,5000,9650,triangles,"{'min_x': 0.025, 'max_x': 0.9750000000000006, 'min_y': 0.025, 'max_y': 0.594074, 'min_z': 0.029577, 'max_z': 0.235287}"
m1243_copy.obj,Jet,5000,9630,triangles,"{'min_x': 0.0249999999999995, 'max_x': 0.67727, 'min_y': 0.025, 'max_y': 0.24856, 'min_z': 0.025, 'max_z': 0.975}"
m1245_copy.obj,Jet,5000,9996,triangles,"{'min_x': 0.025, 'max_x': 0.975, 'min_y': 0.025, 'max_y': 0.312895, 'min_z': 0.025, 'max_z': 0.749336}"
m1246_copy.obj,Jet,5000,9605,triangles,"{'min_x': 0.025, 'max_x': 0.8114750000000045, 'min_y': 0.0249999999999999, 'max_y': 0.332582, 'min_z': 0.025, 'max_z': 0.975}"
m1247_copy.obj,Jet,5000,9996,triangles,"{'min_x': 0.025, 'max_x': 0.6805320000000001, 'min_y': 0.025, 'max_y': 0.338948, 'min_z': 0.025, 'max_z': 0.975}"
m1248_copy.obj,Jet,5000,9555,triangles,"{'min_x': 0.025, 'max_x': 0.975, 'min_y': 0.025, 'max_y': 0.388585, 'min_z': 0.025, 'max_z': 0.634879}"
m1249_copy.obj,Jet,5000,9996,triangles,"{'min_x': 0.025, 'max_x': 0.975, 'min_y': 0.025, 'max_y': 0.630429, 'min_z': 0.025, 'max_z': 0.381167}"
m1250_copy.obj,Jet,5000,9886,triangles,"{'min_x': 0.025, 'max_x': 0.874905, 'min_y': 0.025, 'max_y': 0.225855, 'min_z': 0.025, 'max_z': 0.975}"
m1251_copy.obj,Jet,5000,8617,triangles,"{'min_x': 0.025, 'max_x': 0.663453, 'min_y': 0.025, 'max_y': 0.309501, 'min_z': 0.025, 'max_z': 0.975}"
m1252_copy.obj,Jet,5000,8521,triangles,"{'min_x': 0.025, 'max_x': 0.975, 'min_y': 0.025, 'max_y': 0.604361, 'min_z': 0.0249999999999999, 'max_z': 0.239457}"
m1253_copy.obj,Jet,5000,9468,triangles,"{'min_x': 0.025, 'max_x': 0.9750000000000001, 'min_y': 0.025, 'max_y': 0.715337, 'min_z': 0.025, 'max_z': 0.231058}"
m1255_copy.obj,Jet,5000,9335,triangles,"{'min_x': 0.025, 'max_x': 0.975, 'min_y': 0.025, 'max_y': 0.2467250000000001, 'min_z': 0.025, 'max_z': 0.50787}"
m1256_copy.obj,Jet,5000,8457,triangles,"{'min_x': 0.0249332189986286, 'max_x': 0.4780158321092558, 'min_y': 0.025, 'max_y': 0.136758, 'min_z': 0.0243765904464373, 'max_z': 0.975}"
m1257_copy.obj,Jet,5000,9333,triangles,"{'min_x': 0.0247841287716446, 'max_x': 0.4776855319357427, 'min_y': 0.025, 'max_y': 0.9753213682085619, 'min_z': 0.025, 'max_z': 0.136758}"
m1258_copy.obj,Jet,5000,8243,triangles,"{'min_x': 0.025, 'max_x': 0.697772, 'min_y': 0.025, 'max_y': 0.283484, 'min_z': 0.03406203125, 'max_z': 0.975}"
m1259_copy.obj,Jet,5000,7710,triangles,"{'min_x': 0.025, 'max_x': 0.975, 'min_y': 0.0249984641196074, 'max_y': 0.6777625346559589, 'min_z': 0.025, 'max_z': 0.3223859887877469}"
m1260_copy.obj,Jet,4967,8257,triangles,"{'min_x': 0.025032943395232, 'max_x': 0.9755917300841886, 'min_y': 0.0249744730559197, 'max_y': 0.343613, 'min_z': 0.025, 'max_z': 0.593564}"
m1261_copy.obj,Jet,5000,9450,triangles,"{'min_x': 0.025, 'max_x': 0.975, 'min_y': 0.025, 'max_y': 0.719979, 'min_z': 0.025, 'max_z': 0.249154}"
m1262_copy.obj,Jet,5000,9572,triangles,"{'min_x': 0.025, 'max_x': 0.975, 'min_y': 0.025, 'max_y': 0.654949, 'min_z': 0.025, 'max_z': 0.227855}"
m1263_copy.obj,Jet,5000,9432,triangles,"{'min_x': 0.025, 'max_x': 0.975, 'min_y': 0.025, 'max_y': 0.918087, 'min_z': 0.025, 'max_z': 0.273664}"
m1264_copy.obj,Jet,5000,9576,triangles,"{'min_x': 0.025, 'max_x': 0.857277, 'min_y': 0.025, 'max_y': 0.975, 'min_z': 0.025, 'max_z': 0.248069}"
m1265_copy.obj,Jet,5000,9743,triangles,"{'min_x': 0.025, 'max_x': 0.975, 'min_y': 0.025, 'max_y': 0.149523, 'min_z': 0.025, 'max_z': 0.383441}"
m1266_copy.obj,Jet,5000,8912,triangles,"{'min_x': 0.025, 'max_x': 0.975, 'min_y': 0.025, 'max_y': 0.685512, 'min_z': 0.025, 'max_z': 0.200851}"
m1267_copy.obj,Jet,5000,9608,triangles,"{'min_x': 0.0249999999999998, 'max_x': 0.975, 'min_y': 0.025, 'max_y': 0.906445, 'min_z': 0.025, 'max_z': 0.188165}"
m1268_copy.obj,Jet,5000,9838,triangles,"{'min_x': 0.025, 'max_x': 0.571529, 'min_y': 0.025, 'max_y': 0.975, 'min_z': 0.0249999999999999, 'max_z': 0.105528}"
m1269_copy.obj,Jet,5000,9724,triangles,"{'min_x': 0.025, 'max_x': 0.528319, 'min_y': 0.025, 'max_y': 0.975, 'min_z': 0.025, 'max_z': 0.102679}"
m1270_copy.obj,Jet,5000,9788,triangles,"{'min_x': 0.025, 'max_x': 0.448754, 'min_y': 0.025, 'max_y': 0.975, 'min_z': 0.025, 'max_z': 0.12963}"
m1271_copy.obj,Jet,5000,9780,triangles,"{'min_x': 0.025, 'max_x': 0.449345, 'min_y': 0.025, 'max_y': 0.975, 'min_z': 0.025, 'max_z': 0.168981}"
m1273_copy.obj,Jet,4999,9913,triangles,"{'min_x': 0.025, 'max_x': 0.975, 'min_y': 0.025, 'max_y': 0.547667, 'min_z': 0.025, 'max_z': 0.148437}"
m1274_copy.obj,Jet,5000,9728,triangles,"{'min_x': 0.025, 'max_x': 0.651634, 'min_y': 0.025, 'max_y': 0.975, 'min_z': 0.025, 'max_z': 0.156416}"
m1275_copy.obj,Jet,5000,9736,triangles,"{'min_x': 0.025, 'max_x': 0.55428, 'min_y': 0.025, 'max_y': 0.975, 'min_z': 0.025, 'max_z': 0.176995}"
m1276_copy.obj,Jet,5000,9680,triangles,"{'min_x': 0.025, 'max_x': 0.431339, 'min_y': 0.025, 'max_y': 0.975, 'min_z': 0.025, 'max_z': 0.107863}"
m1277_copy.obj,Jet,5000,9732,triangles,"{'min_x': 0.025279, 'max_x': 0.47961, 'min_y': 0.025, 'max_y': 0.975, 'min_z': 0.027794, 'max_z': 0.118603}"
m1278_copy.obj,Jet,5000,9692,triangles,"{'min_x': 0.025, 'max_x': 0.468886, 'min_y': 0.025, 'max_y': 0.975, 'min_z': 0.025, 'max_z': 0.150699}"
m1279_copy.obj,Jet,5000,9648,triangles,"{'min_x': 0.025, 'max_x': 0.455168, 'min_y': 0.025, 'max_y': 0.975, 'min_z': 0.025, 'max_z': 0.160655}"
m1280_copy.obj,Jet,5000,9694,triangles,"{'min_x': 0.025, 'max_x': 0.447754, 'min_y': 0.025, 'max_y': 0.975, 'min_z': 0.025, 'max_z': 0.136879}"
m1281_copy.obj,Jet,5000,9812,triangles,"{'min_x': 0.025, 'max_x': 0.560756, 'min_y': 0.025, 'max_y': 0.975, 'min_z': 0.025, 'max_z': 0.110583}"
m1282_copy.obj,Jet,5000,9832,triangles,"{'min_x': 0.025, 'max_x': 0.689896, 'min_y': 0.025, 'max_y': 0.975, 'min_z': 0.025, 'max_z': 0.126465}"
m1283_copy.obj,Jet,5000,9736,triangles,"{'min_x': 0.025, 'max_x': 0.542551, 'min_y': 0.025, 'max_y': 0.975, 'min_z': 0.030271, 'max_z': 0.196045}"
m1284_copy.obj,Jet,4828,8608,triangles,"{'min_x': 0.025, 'max_x': 0.44402, 'min_y': 0.025, 'max_y': 0.165302, 'min_z': 0.025, 'max_z': 0.975}"
m1285_copy.obj,Jet,5000,9798,triangles,"{'min_x': 0.025, 'max_x': 0.383862, 'min_y': 0.025, 'max_y': 0.352986, 'min_z': 0.025, 'max_z': 0.975}"
m1286_copy.obj,Jet,5000,9720,triangles,"{'min_x': 0.025, 'max_x': 0.584867, 'min_y': 0.025, 'max_y': 0.975, 'min_z': 0.025, 'max_z': 0.139}"
m1287_copy.obj,Jet,5000,9696,triangles,"{'min_x': 0.025, 'max_x': 0.468476, 'min_y': 0.025, 'max_y': 0.975, 'min_z': 0.025, 'max_z': 0.115832}"
m1288_copy.obj,Jet,5000,9298,triangles,"{'min_x': 0.025, 'max_x': 0.690907, 'min_y': 0.025, 'max_y': 0.975, 'min_z': 0.025, 'max_z': 0.240696}"
m1289_copy.obj,Jet,5000,9586,triangles,"{'min_x': 0.048993, 'max_x': 0.740259, 'min_y': 0.025, 'max_y': 0.975, 'min_z': 0.025, 'max_z': 0.235926}"
m1290_copy.obj,Jet,5000,9682,triangles,"{'min_x': 0.0249999999999999, 'max_x': 0.480234, 'min_y': 0.025, 'max_y': 0.975, 'min_z': 0.025, 'max_z': 0.132589}"
m1291_copy.obj,Jet,5000,9720,triangles,"{'min_x': 0.025, 'max_x': 0.612934, 'min_y': 0.025, 'max_y': 0.975, 'min_z': 0.025, 'max_z': 0.185769}"
m1292_copy.obj,Jet,5000,9066,triangles,"{'min_x': 0.025, 'max_x': 0.671475, 'min_y': 0.025, 'max_y': 0.975, 'min_z': 0.025, 'max_z': 0.210654}"
m1293_copy.obj,Jet,5000,9592,triangles,"{'min_x': 0.0249999999999999, 'max_x': 0.667647, 'min_y': 0.025, 'max_y': 0.975, 'min_z': 0.025, 'max_z': 0.221163}"
m1294_copy.obj,Jet,5000,9674,triangles,"{'min_x': 0.025, 'max_x': 0.43938, 'min_y': 0.025, 'max_y': 0.975, 'min_z': 0.025, 'max_z': 0.11004}"
m1295_copy.obj,Jet,5000,9524,triangles,"{'min_x': 0.025, 'max_x': 0.500033, 'min_y': 0.025, 'max_y': 0.975, 'min_z': 0.025, 'max_z': 0.068777}"
m1296_copy.obj,Jet,5000,9860,triangles,"{'min_x': 0.428995, 'max_x': 0.937519, 'min_y': 0.025, 'max_y': 0.975, 'min_z': 0.0249999999999999, 'max_z': 0.129821}"
m1297_copy.obj,Jet,5000,9500,triangles,"{'min_x': 0.064148, 'max_x': 0.339672, 'min_y': 0.025, 'max_y': 0.975, 'min_z': 0.045067, 'max_z': 0.089214}"
m1298_copy.obj,Jet,5000,9940,triangles,"{'min_x': 0.025, 'max_x': 0.726536, 'min_y': 0.025, 'max_y': 0.315065, 'min_z': 0.025, 'max_z': 0.975}"
m1299_copy.obj,Jet,5000,9457,triangles,"{'min_x': 0.0250000000000001, 'max_x': 0.632283, 'min_y': 0.025, 'max_y': 0.5868000000000009, 'min_z': 0.025, 'max_z': 0.974359}"
m1300_copy.obj,Jet,5000,9576,triangles,"{'min_x': 0.025, 'max_x': 0.723517, 'min_y': 0.025, 'max_y': 0.173779, 'min_z': 0.025, 'max_z': 0.975}"
m1301_copy.obj,Jet,5000,9996,triangles,"{'min_x': 0.025, 'max_x': 0.64902, 'min_y': 0.025, 'max_y': 0.136765, 'min_z': 0.025, 'max_z': 0.975}"
D01015_copy.obj,Knife,4935,9430,triangles,"{'min_x': -0.1577450000000001, 'max_x': 0.966448, 'min_y': -0.662873, 'max_y': 2.667893, 'min_z': -0.01905, 'max_z': 0.06985}"
D01025_copy.obj,Knife,4993,9901,triangles,"{'min_x': 1.774911, 'max_x': 11.114611, 'min_y': 7.311093, 'max_y': 9.347743, 'min_z': -0.402575, 'max_z': 0.637525}"
D01032_copy.obj,Knife,5000,9992,triangles,"{'min_x': -0.113, 'max_x': 0.248835, 'min_y': -0.012206, 'max_y': 0.008206, 'min_z': 0.0, 'max_z': 0.055113}"
D01051_copy.obj,Knife,5000,9319,triangles,"{'min_x': -0.0, 'max_x': 0.42, 'min_y': -0.010991, 'max_y': 0.010991, 'min_z': -0.001182, 'max_z': 0.04}"
D01054_copy.obj,Knife,5000,9986,triangles,"{'min_x': 0.003574, 'max_x': 0.210224, 'min_y': -0.033018, 'max_y': 0.003715, 'min_z': 0.0, 'max_z': 0.003175}"
D01057_copy.obj,Knife,4984,9956,triangles,"{'min_x': -0.010521, 'max_x': 0.010521, 'min_y': 0.0, 'max_y': 0.431865, 'min_z': -0.040262, 'max_z': 0.016401}"
D01063_copy.obj,Knife,2465,4133,triangles,"{'min_x': -0.00101, 'max_x': 0.4191, 'min_y': -0.024724, 'max_y': 0.025279, 'min_z': 0.022117, 'max_z': 0.082435}"
D01075_copy.obj,Knife,5000,9988,triangles,"{'min_x': -0.27305, 'max_x': 0.4699, 'min_y': 0.0, 'max_y': 11.342797, 'min_z': 0.0, 'max_z': 7.014756}"
D01077_copy.obj,Knife,5000,9980,triangles,"{'min_x': -61.420729, 'max_x': 51.1937, 'min_y': -0.150406, 'max_y': 20.596342000000003, 'min_z': 9.118599999999997, 'max_z': 14.198600000000006}"
D01107_copy.obj,Knife,5000,9989,triangles,"{'min_x': -0.237856, 'max_x': -0.02193, 'min_y': 0.089163, 'max_y': 0.101532, 'min_z': 0.789931, 'max_z': 0.8313130000000003}"
D01119_copy.obj,Knife,5000,9992,triangles,"{'min_x': -0.038603, 'max_x': -0.000104, 'min_y': -0.037054, 'max_y': 0.032573, 'min_z': 0.002431, 'max_z': 0.005288}"
D01120_copy.obj,Knife,5000,9978,triangles,"{'min_x': 1.6094, 'max_x': 2.068283000000001, 'min_y': -4.32433, 'max_y': -0.26668, 'min_z': -0.1143, 'max_z': 0.10795}"
D01132_copy.obj,Knife,5000,9987,triangles,"{'min_x': 0.054946, 'max_x': 0.404987, 'min_y': 0.061361, 'max_y': 0.124894, 'min_z': -0.010998, 'max_z': 0.006745}"
D01150_copy.obj,Knife,4996,9953,triangles,"{'min_x': 0.357621, 'max_x': 3.550874, 'min_y': -0.13926, 'max_y': 4.40734, 'min_z': 0.076647, 'max_z': 26.530299999999993}"
D01160_copy.obj,Knife,5000,9853,triangles,"{'min_x': 0.037618, 'max_x': 0.48664, 'min_y': 0.125524, 'max_y': 0.223653, 'min_z': 0.587375, 'max_z': 0.61595}"
D01168_copy.obj,Knife,5000,9977,triangles,"{'min_x': 1.5406129999999998, 'max_x': 4.335104, 'min_y': 3.522268, 'max_y': 4.492632, 'min_z': -0.1778, 'max_z': 2.0242998e-09}"
D01174_copy.obj,Knife,5000,9982,triangles,"{'min_x': 0.178714, 'max_x': 3.833533, 'min_y': 0.460678, 'max_y': 0.901198, 'min_z': 0.1397, 'max_z': 0.24765}"
D01175_copy.obj,Knife,5000,9992,triangles,"{'min_x': 0.150967, 'max_x': 0.7309, 'min_y': -0.27264, 'max_y': 0.244003, 'min_z': 0.0, 'max_z': 0.044}"
D01187_copy.obj,Knife,5000,9630,triangles,"{'min_x': 16962.545036, 'max_x': 28346.939381, 'min_y': 13182.377608999994, 'max_y': 31010.106228, 'min_z': 0.0, 'max_z': 569.735899}"
D01189_copy.obj,Knife,5000,9777,triangles,"{'min_x': 0.074995, 'max_x': 0.122721, 'min_y': 0.034983, 'max_y': 0.354732000000001, 'min_z': 0.0, 'max_z': 0.0127}"
m722_copy.obj,Knife,5000,9854,triangles,"{'min_x': 0.0249999999998552, 'max_x': 0.0931510000003471, 'min_y': 0.0249999999999999, 'max_y': 0.1745080000000001, 'min_z': 0.025, 'max_z': 0.9749999999999998}"
m723_copy.obj,Knife,5000,9984,triangles,"{'min_x': 0.025001, 'max_x': 0.3523815, 'min_y': 0.025, 'max_y': 0.088438, 'min_z': 0.025, 'max_z': 0.975}"
m724_copy.obj,Knife,5000,9992,triangles,"{'min_x': 0.025, 'max_x': 0.975, 'min_y': 0.025, 'max_y': 0.154306, 'min_z': 0.025, 'max_z': 0.106656}"
m725_copy.obj,Knife,5000,9992,triangles,"{'min_x': 0.025, 'max_x': 0.975, 'min_y': 0.025, 'max_y': 0.269783, 'min_z': 0.025, 'max_z': 0.087234}"
m726_copy.obj,Knife,5000,9963,triangles,"{'min_x': 0.025, 'max_x': 0.0653400000000001, 'min_y': 0.025, 'max_y': 0.31723, 'min_z': 0.025, 'max_z': 0.975}"
m727_copy.obj,Knife,5000,9981,triangles,"{'min_x': 0.025, 'max_x': 0.442857, 'min_y': 0.025, 'max_y': 0.9750000000000002, 'min_z': 0.0249999999999999, 'max_z': 0.081071}"
m728_copy.obj,Knife,5000,9856,triangles,"{'min_x': 0.025, 'max_x': 0.125536, 'min_y': 0.025, 'max_y': 0.31855, 'min_z': 0.025, 'max_z': 0.975}"
D00017_copy.obj,MilitaryVehicle,7524,7713,triangles,"{'min_x': -0.83624, 'max_x': 0.703754, 'min_y': -0.4788569677733301, 'max_y': 0.587543, 'min_z': -0.305247, 'max_z': 0.25577752172761}"
D00051_copy.obj,MilitaryVehicle,5000,9545,triangles,"{'min_x': -1.17002, 'max_x': 0.696292, 'min_y': -0.608059, 'max_y': 0.732167, 'min_z': -0.5135540000000001, 'max_z': 0.34083}"
D00100_copy.obj,MilitaryVehicle,5000,9163,triangles,"{'min_x': -0.96392, 'max_x': 0.731249, 'min_y': -0.5367020000000001, 'max_y': 0.547387, 'min_z': -0.7054279999999999, 'max_z': 0.602465}"
D00173_copy.obj,MilitaryVehicle,10032,10216,triangles,"{'min_x': -0.9389672122841662, 'max_x': 0.9498053001626122, 'min_y': -0.361023, 'max_y': 0.515284, 'min_z': -0.6609327179697608, 'max_z': 0.424665}"
D00272_copy.obj,MilitaryVehicle,5000,8460,triangles,"{'min_x': -0.9870876337056529, 'max_x': 0.774326, 'min_y': -0.50748, 'max_y': 0.4054814412151776, 'min_z': -0.4169009709951437, 'max_z': 0.2107567137087897}"
D00334_copy.obj,MilitaryVehicle,5000,8180,triangles,"{'min_x': -0.560917, 'max_x': 1.0781649894709562, 'min_y': -0.308145, 'max_y': 0.354905, 'min_z': -0.206032, 'max_z': 0.435779}"
D00458_copy.obj,MilitaryVehicle,5000,7259,triangles,"{'min_x': -0.8371280588820523, 'max_x': 0.9575924723588277, 'min_y': -0.430807, 'max_y': 0.463285, 'min_z': -0.3512391567114068, 'max_z': 0.3176995349102264}"
D00529_copy.obj,MilitaryVehicle,5577,8730,triangles,"{'min_x': -0.6906162181721432, 'max_x': 0.9842863914042835, 'min_y': -0.288458, 'max_y': 0.407071611215469, 'min_z': -0.2824699123044191, 'max_z': 0.2936766200548551}"
D00577_copy.obj,MilitaryVehicle,8707,8971,triangles,"{'min_x': -0.8483044932805678, 'max_x': 0.9478343166985042, 'min_y': -0.355557, 'max_y': 0.5757216625676057, 'min_z': -0.4643651845195714, 'max_z': 0.419408}"
D00611_copy.obj,MilitaryVehicle,5000,8811,triangles,"{'min_x': -0.908293, 'max_x': 0.911727, 'min_y': -0.410172, 'max_y': 0.3870560000000001, 'min_z': -0.271143, 'max_z': 0.394438}"
D00723_copy.obj,MilitaryVehicle,7120,6137,triangles,"{'min_x': -0.942214, 'max_x': 0.8860587785584494, 'min_y': -0.399968, 'max_y': 0.5186233698166769, 'min_z': -0.4479851658632556, 'max_z': 0.3254230938164004}"
D00761_copy.obj,MilitaryVehicle,5000,9872,triangles,"{'min_x': -0.922278, 'max_x': 0.7519319937889, 'min_y': -0.382327, 'max_y': 0.385562, 'min_z': -0.43994, 'max_z': 0.6361796983012236}"
D00778_copy.obj,MilitaryVehicle,5000,8224,triangles,"{'min_x': -0.8307939999999999, 'max_x': 0.78003, 'min_y': -0.312142, 'max_y': 0.322464, 'min_z': -0.5147399999999998, 'max_z': 0.2761750000000001}"
D00799_copy.obj,MilitaryVehicle,5000,9904,triangles,"{'min_x': -0.685841, 'max_x': 1.09352, 'min_y': -0.694964, 'max_y': 0.774278, 'min_z': -0.370122, 'max_z': 0.159248}"
D00801_copy.obj,MilitaryVehicle,5000,9696,triangles,"{'min_x': -0.9554192395765879, 'max_x': 0.6027287044320293, 'min_y': -0.2928811542176954, 'max_y': 0.219907, 'min_z': -0.4337271393211142, 'max_z': 0.2522126133069904}"
D00918_copy.obj,MilitaryVehicle,5000,7984,triangles,"{'min_x': -0.949205, 'max_x': 0.906026, 'min_y': -0.479578, 'max_y': 0.684576, 'min_z': -0.2842647607344116, 'max_z': 0.634273}"
D00932_copy.obj,MilitaryVehicle,5000,6002,triangles,"{'min_x': -0.952886, 'max_x': 0.768164, 'min_y': -0.42808, 'max_y': 0.594246, 'min_z': -0.344615, 'max_z': 0.622693}"
D00933_copy.obj,MilitaryVehicle,9173,8057,triangles,"{'min_x': -0.6196168598926179, 'max_x': 1.019799067642586, 'min_y': -0.2948294446251581, 'max_y': 0.3142665554522356, 'min_z': -0.203635, 'max_z': 0.47311925}"
D00952_copy.obj,MilitaryVehicle,5000,9772,triangles,"{'min_x': -0.766985, 'max_x': 0.817703, 'min_y': -0.578725, 'max_y': 0.699645, 'min_z': -0.692033, 'max_z': 0.345766}"
D00971_copy.obj,MilitaryVehicle,5000,7406,triangles,"{'min_x': -0.653324, 'max_x': 1.00185, 'min_y': -0.348283, 'max_y': 0.36262, 'min_z': -0.323094, 'max_z': 0.322784}"
D00007_copy.obj,Monitor,4992,9936,triangles,"{'min_x': -1.04744, 'max_x': 0.827542, 'min_y': -0.981066, 'max_y': 0.775356, 'min_z': -0.445994, 'max_z': 0.288835}"
D00141_copy.obj,Monitor,5000,9773,triangles,"{'min_x': -0.6330220000000003, 'max_x': 0.9952609999999998, 'min_y': -0.797377, 'max_y': 0.9650540000000001, 'min_z': -0.487189, 'max_z': 0.266302}"
D00229_copy.obj,Monitor,5000,9330,triangles,"{'min_x': -0.569487, 'max_x': 1.00619, 'min_y': -0.807306, 'max_y': 0.635025, 'min_z': -0.423409, 'max_z': 0.386586}"
D00336_copy.obj,Monitor,5000,6541,triangles,"{'min_x': -0.9942810250915434, 'max_x': 0.8552587021418805, 'min_y': -0.905079, 'max_y': 0.7016487226421149, 'min_z': -0.790404, 'max_z': 0.819336}"
D00339_copy.obj,Monitor,5000,9635,triangles,"{'min_x': -0.5308580000000002, 'max_x': 0.8246030000000002, 'min_y': -0.6359849999999999, 'max_y': 0.663914, 'min_z': -0.1147640000000001, 'max_z': 0.394038}"
D00364_copy.obj,Monitor,5000,9483,triangles,"{'min_x': -0.9210854597068269, 'max_x': 0.62895, 'min_y': -0.556375, 'max_y': 1.0701290291628989, 'min_z': -0.8297960540838836, 'max_z': 0.675112}"
D00387_copy.obj,Monitor,5000,9992,triangles,"{'min_x': -0.7784254058530449, 'max_x': 1.0244304989701059, 'min_y': -0.7621339427448464, 'max_y': 0.943531, 'min_z': -0.196281, 'max_z': 0.158471}"
D00391_copy.obj,Monitor,5000,9808,triangles,"{'min_x': -0.866177, 'max_x': 1.02537, 'min_y': -0.702046, 'max_y': 0.634573, 'min_z': -0.177661, 'max_z': 0.203269}"
D00412_copy.obj,Monitor,5000,8927,triangles,"{'min_x': -1.17501, 'max_x': 0.486995, 'min_y': -0.771459, 'max_y': 0.874892, 'min_z': -0.375909, 'max_z': 0.365203}"
D00444_copy.obj,Monitor,5000,9716,triangles,"{'min_x': -0.968978, 'max_x': 0.8029040652179127, 'min_y': -0.8359168742904937, 'max_y': 0.6139260003656093, 'min_z': -0.523531, 'max_z': 0.187307}"
D00469_copy.obj,Monitor,5000,9984,triangles,"{'min_x': -0.592973, 'max_x': 1.16525, 'min_y': -0.9536220000000002, 'max_y': 0.7906410000000001, 'min_z': -0.658623, 'max_z': 0.9133189999999999}"
D00548_copy.obj,Monitor,5000,9592,triangles,"{'min_x': -0.825768, 'max_x': 1.10906, 'min_y': -0.708906, 'max_y': 0.94581, 'min_z': -0.212115, 'max_z': 0.286457}"
D00659_copy.obj,Monitor,5000,9884,triangles,"{'min_x': -0.56154, 'max_x': 1.14164, 'min_y': -0.787957, 'max_y': 0.701244, 'min_z': -0.850963, 'max_z': 0.583626}"
D00852_copy.obj,Monitor,5000,9596,triangles,"{'min_x': -0.644759, 'max_x': 0.871323, 'min_y': -0.729475, 'max_y': 0.724666, 'min_z': -0.820066, 'max_z': 0.490456}"
D00863_copy.obj,Monitor,5000,7411,triangles,"{'min_x': -0.634402, 'max_x': 0.8384582564280582, 'min_y': -0.703741496008627, 'max_y': 0.6387020016903291, 'min_z': -0.501447, 'max_z': 0.1642156478621857}"
D00915_copy.obj,Monitor,4991,9833,triangles,"{'min_x': -1.04248, 'max_x': 0.5474290035836304, 'min_y': -1.20218, 'max_y': 0.388465, 'min_z': -0.4133660000000004, 'max_z': 0.3784839999999954}"
D00919_copy.obj,Monitor,5000,9702,triangles,"{'min_x': -0.6975, 'max_x': 0.857802, 'min_y': -0.7096620000000002, 'max_y': 0.5255740000000001, 'min_z': -0.588155, 'max_z': 0.2211910000000001}"
D00920_copy.obj,Monitor,5000,9807,triangles,"{'min_x': -0.6586990000000003, 'max_x': 1.11174, 'min_y': -0.958221, 'max_y': 0.331279, 'min_z': -0.206781, 'max_z': 0.237776}"
D00978_copy.obj,Monitor,5000,9843,triangles,"{'min_x': -0.7432050964054957, 'max_x': 0.9820152281197511, 'min_y': -0.7782900699496595, 'max_y': 0.779547, 'min_z': -0.4690071727088091, 'max_z': 0.923802}"
D01000_copy.obj,Monitor,5000,8689,triangles,"{'min_x': -0.9708346070677942, 'max_x': 0.8755859157614037, 'min_y': -1.2573317331804637, 'max_y': 0.5137143828461972, 'min_z': -0.1936409958009584, 'max_z': 0.2576672461088024}"
D00011_copy.obj,Monoplane,5000,9686,triangles,"{'min_x': -1.04299, 'max_x': 0.759531, 'min_y': -0.984635, 'max_y': 1.00171, 'min_z': -0.2553539999999938, 'max_z': 0.210928}"
D00019_copy.obj,Monoplane,5000,9852,triangles,"{'min_x': -1.05211, 'max_x': 0.720002, 'min_y': -0.968376, 'max_y': 0.997828, 'min_z': -0.142717, 'max_z': 0.209466}"
D00043_copy.obj,Monoplane,5000,9776,triangles,"{'min_x': -0.983905, 'max_x': 0.780939, 'min_y': -0.892229, 'max_y': 0.886787, 'min_z': -0.137708, 'max_z': 0.310427}"
D00098_copy.obj,Monoplane,5000,9700,triangles,"{'min_x': -0.743406, 'max_x': 0.986698, 'min_y': -0.913099, 'max_y': 0.879603, 'min_z': -0.289175, 'max_z': 0.125429}"
D00167_copy.obj,Monoplane,5000,9806,triangles,"{'min_x': -0.963204, 'max_x': 0.973855, 'min_y': -0.332393, 'max_y': 0.321536, 'min_z': -0.111441, 'max_z': 0.068975}"
D00169_copy.obj,Monoplane,5000,9848,triangles,"{'min_x': -1.18663, 'max_x': 0.722234, 'min_y': -0.841492, 'max_y': 0.826499, 'min_z': -0.1519959999999999, 'max_z': 0.1976930000000001}"
D00262_copy.obj,Monoplane,5000,9408,triangles,"{'min_x': -0.784459, 'max_x': 0.938899, 'min_y': -0.487582, 'max_y': 0.494195, 'min_z': -0.144615, 'max_z': 0.273421}"
D00301_copy.obj,Monoplane,5000,9486,triangles,"{'min_x': -1.02849, 'max_x': 0.750731, 'min_y': -0.62874, 'max_y': 0.629994, 'min_z': -0.142334, 'max_z': 0.130723}"
D00304_copy.obj,Monoplane,5000,9440,triangles,"{'min_x': -1.07151, 'max_x': 0.684274, 'min_y': -0.608389, 'max_y': 0.312835, 'min_z': -0.154208, 'max_z': 0.247232}"
D00319_copy.obj,Monoplane,5000,9894,triangles,"{'min_x': -0.915675, 'max_x': 0.83571, 'min_y': -0.717452, 'max_y': 0.855586, 'min_z': -0.111025, 'max_z': 0.3222969999999999}"
D00402_copy.obj,Monoplane,5000,9698,triangles,"{'min_x': -0.914696, 'max_x': 0.98928, 'min_y': -0.796746, 'max_y': 0.755449, 'min_z': -0.166896, 'max_z': 0.150598}"
D00482_copy.obj,Monoplane,5000,9258,triangles,"{'min_x': -0.616611, 'max_x': 0.71067, 'min_y': -0.978597, 'max_y': 0.983043, 'min_z': -0.200243, 'max_z': 0.154089}"
D00617_copy.obj,Monoplane,5000,9960,triangles,"{'min_x': -1.11851, 'max_x': 0.7324475371721616, 'min_y': -1.04728, 'max_y': 0.895739, 'min_z': -0.152073, 'max_z': 0.352573}"
D00688_copy.obj,Monoplane,5000,8374,triangles,"{'min_x': -0.85044, 'max_x': 0.574102, 'min_y': -0.991503, 'max_y': 0.995217, 'min_z': -0.231137, 'max_z': 0.126262}"
D00798_copy.obj,Monoplane,5000,9354,triangles,"{'min_x': -0.9957130000000002, 'max_x': 0.623013, 'min_y': -0.6938679999999999, 'max_y': 0.448289, 'min_z': -0.098262, 'max_z': 0.303646}"
D00840_copy.obj,Monoplane,5000,9848,triangles,"{'min_x': -0.814967, 'max_x': 0.977381, 'min_y': -0.93704, 'max_y': 0.8662110000000003, 'min_z': -0.183993, 'max_z': 0.13735}"
D00864_copy.obj,Monoplane,5000,9630,triangles,"{'min_x': -0.672871, 'max_x': 0.559821, 'min_y': -0.88147, 'max_y': 0.889466, 'min_z': -0.126342, 'max_z': 0.285313}"
D00925_copy.obj,Monoplane,5000,9863,triangles,"{'min_x': -0.702113, 'max_x': 0.936308, 'min_y': -0.970438, 'max_y': 0.981183, 'min_z': -0.257026, 'max_z': 0.116642}"
D00963_copy.obj,Monoplane,5000,9648,triangles,"{'min_x': -0.98504, 'max_x': 0.991529, 'min_y': -0.519261, 'max_y': 0.473698, 'min_z': -0.131421, 'max_z': 0.091972}"
D00995_copy.obj,Monoplane,5000,9654,triangles,"{'min_x': -1.00277, 'max_x': 0.966309, 'min_y': -0.539285, 'max_y': 0.429996, 'min_z': -0.053564, 'max_z': 0.186259}"
D00021_copy.obj,Motorcycle,5000,8942,triangles,"{'min_x': -0.782274, 'max_x': 0.9638889162536135, 'min_y': -0.599836, 'max_y': 0.58957, 'min_z': -0.4451678373699318, 'max_z': 0.3378102079374684}"
D00039_copy.obj,Motorcycle,5000,9460,triangles,"{'min_x': -0.873376, 'max_x': 0.8479346599404923, 'min_y': -0.6995201958927205, 'max_y': 0.562127, 'min_z': -0.3648767838530055, 'max_z': 0.3767038988924922}"
D00054_copy.obj,Motorcycle,4977,10030,triangles,"{'min_x': -0.8185639999999998, 'max_x': 0.9287970000000002, 'min_y': -0.521296, 'max_y': 0.765906, 'min_z': -0.166306, 'max_z': 0.75693}"
D00224_copy.obj,Motorcycle,5000,9560,triangles,"{'min_x': -0.9902820000000003, 'max_x': 0.8375449999999999, 'min_y': -0.6235140000000002, 'max_y': 0.439533, 'min_z': -0.3711400000000001, 'max_z': 0.3824650000000001}"
D00269_copy.obj,Motorcycle,5000,9146,triangles,"{'min_x': -0.993199, 'max_x': 0.8137760000000159, 'min_y': -0.5469210000000001, 'max_y': 0.530591, 'min_z': -0.388648, 'max_z': 0.361903}"
D00288_copy.obj,Motorcycle,5000,9452,triangles,"{'min_x': -0.943839, 'max_x': 0.971983, 'min_y': -0.468998, 'max_y': 0.448304, 'min_z': -0.3096008369644723, 'max_z': 0.3018756993078073}"
D00342_copy.obj,Motorcycle,5000,9230,triangles,"{'min_x': -0.8996039347807036, 'max_x': 0.8735043063729657, 'min_y': -0.5938721378598297, 'max_y': 0.4068280545676831, 'min_z': -0.3754252192287907, 'max_z': 0.3488849242904525}"
D00345_copy.obj,Motorcycle,5000,6964,triangles,"{'min_x': -0.9152735990464228, 'max_x': 0.8682150997290438, 'min_y': -0.47531, 'max_y': 0.4789426978584913, 'min_z': -0.2382050459793938, 'max_z': 0.325902}"
D00395_copy.obj,Motorcycle,5000,8409,triangles,"{'min_x': -1.00104, 'max_x': 0.946864, 'min_y': -0.429873, 'max_y': 0.605092, 'min_z': -0.304664, 'max_z': 0.359325}"
D00396_copy.obj,Motorcycle,5000,9162,triangles,"{'min_x': -0.9843320000000004, 'max_x': 0.799751, 'min_y': -0.5971260000000002, 'max_y': 0.5159300000000003, 'min_z': -0.312093, 'max_z': 0.302454}"
D00476_copy.obj,Motorcycle,5483,5533,triangles,"{'min_x': -0.984698, 'max_x': 0.9689987083419537, 'min_y': -0.5347234663292038, 'max_y': 0.6456262033921156, 'min_z': -0.6868756083131652, 'max_z': 0.178493}"
D00521_copy.obj,Motorcycle,5000,9492,triangles,"{'min_x': -1.05494, 'max_x': 0.913743, 'min_y': -0.3985853390513289, 'max_y': 0.312155, 'min_z': -0.422959, 'max_z': 0.275225}"
D00544_copy.obj,Motorcycle,5000,7871,triangles,"{'min_x': -0.930140814280863, 'max_x': 0.994115, 'min_y': -0.5270119174400201, 'max_y': 0.665106256587197, 'min_z': -0.480901, 'max_z': 0.461987}"
D00594_copy.obj,Motorcycle,5000,7747,triangles,"{'min_x': -0.964645, 'max_x': 0.9560051988431508, 'min_y': -0.533148, 'max_y': 0.6619950130941941, 'min_z': -0.477072, 'max_z': 0.465384}"
D00703_copy.obj,Motorcycle,5000,7808,triangles,"{'min_x': -0.84832, 'max_x': 0.9606340324385287, 'min_y': -0.546169364083501, 'max_y': 0.4889792728189746, 'min_z': -0.364019, 'max_z': 0.262004}"
D00768_copy.obj,Motorcycle,4974,9971,triangles,"{'min_x': -0.840389, 'max_x': 1.03392, 'min_y': -0.7144051235725565, 'max_y': 0.407357, 'min_z': -0.433906, 'max_z': 0.3954064049731087}"
D00858_copy.obj,Motorcycle,5000,9676,triangles,"{'min_x': -0.747815, 'max_x': 1.04076, 'min_y': -0.68451, 'max_y': 0.681444, 'min_z': -0.344547, 'max_z': 0.385827330391787}"
D00880_copy.obj,Motorcycle,5000,9726,triangles,"{'min_x': -0.937374, 'max_x': 0.92453, 'min_y': -0.575315, 'max_y': 0.682759, 'min_z': -0.472332, 'max_z': 0.355181}"
D00886_copy.obj,Motorcycle,5000,7520,triangles,"{'min_x': -1.0321258685414771, 'max_x': 0.9103910245830413, 'min_y': -0.745913794753991, 'max_y': 0.429771, 'min_z': -0.2937455327034712, 'max_z': 0.2998603154669396}"
D00945_copy.obj,Motorcycle,5000,8499,triangles,"{'min_x': -1.02052, 'max_x': 0.8756999999999999, 'min_y': -0.5166929999999998, 'max_y': 0.566386, 'min_z': -0.2533670000000003, 'max_z': 0.313027}"
m1479_copy.obj,Motorcycle,5000,7863,triangles,"{'min_x': 0.025, 'max_x': 0.9759777583933493, 'min_y': 0.0239177022941668, 'max_y': 0.5752608743625443, 'min_z': 0.025, 'max_z': 0.48223}"
m1480_copy.obj,Motorcycle,5000,8939,triangles,"{'min_x': 0.02555301293052, 'max_x': 0.4458805201920065, 'min_y': 0.025, 'max_y': 0.63483, 'min_z': 0.0250639626434855, 'max_z': 0.975}"
m1481_copy.obj,Motorcycle,5000,9704,triangles,"{'min_x': 0.025, 'max_x': 0.348108, 'min_y': 0.025, 'max_y': 0.578948, 'min_z': 0.025, 'max_z': 0.9750000000000001}"
m1482_copy.obj,Motorcycle,5000,7520,triangles,"{'min_x': 0.024407267156962, 'max_x': 0.9766241521192935, 'min_y': 0.0327706387386181, 'max_y': 0.3230089644725794, 'min_z': 0.025, 'max_z': 0.5882458455101263}"
m1483_copy.obj,Motorcycle,5000,7808,triangles,"{'min_x': 0.025, 'max_x': 0.347864, 'min_y': 0.0266582763302289, 'max_y': 0.546594, 'min_z': 0.025, 'max_z': 0.9823185917767542}"
m1484_copy.obj,Motorcycle,5000,9642,triangles,"{'min_x': 0.025, 'max_x': 0.41663, 'min_y': 0.025, 'max_y': 0.556002, 'min_z': 0.025, 'max_z': 0.975}"
D00172_copy.obj,Mug,5000,10000,triangles,"{'min_x': -0.633302, 'max_x': 1.0380500000000001, 'min_y': -0.904028, 'max_y': 0.6317200000000002, 'min_z': -0.590048, 'max_z': 0.582585}"
D00202_copy.obj,Mug,5000,10000,triangles,"{'min_x': -0.9113606013818633, 'max_x': 0.6231695953622591, 'min_y': -0.7877518876226713, 'max_y': 0.9368470682089384, 'min_z': -0.5083628275800708, 'max_z': 0.6685936179003568}"
D00227_copy.obj,Mug,5000,9192,triangles,"{'min_x': -0.794253, 'max_x': 0.839443, 'min_y': -0.75924021267885, 'max_y': 0.818892, 'min_z': -0.847463, 'max_z': 0.511532}"
D00321_copy.obj,Mug,5000,9992,triangles,"{'min_x': -0.599921, 'max_x': 1.0156700000000003, 'min_y': -0.615485, 'max_y': 0.6582380000000002, 'min_z': -0.5311829999999997, 'max_z': 0.565042}"
D00341_copy.obj,Mug,5000,10000,triangles,"{'min_x': -1.01784, 'max_x': 0.7103603277817213, 'min_y': -0.732671, 'max_y': 0.917877, 'min_z': -0.490505, 'max_z': 0.486158}"
D00372_copy.obj,Mug,5000,9814,triangles,"{'min_x': -0.72196, 'max_x': 1.02774, 'min_y': -0.9124700000000001, 'max_y': 0.870927, 'min_z': -0.84242, 'max_z': 0.707184}"
D00427_copy.obj,Mug,5000,9992,triangles,"{'min_x': -1.13502, 'max_x': 0.670544, 'min_y': -0.74306, 'max_y': 0.668529, 'min_z': -0.34153, 'max_z': 0.557357}"
D00684_copy.obj,Mug,5000,10000,triangles,"{'min_x': -1.00719, 'max_x': 0.689566, 'min_y': -0.672208, 'max_y': 0.699664, 'min_z': -0.6759269999999998, 'max_z': 0.6695300000000003}"
D00685_copy.obj,Mug,5000,9634,triangles,"{'min_x': -0.865433707461176, 'max_x': 0.751615, 'min_y': -0.389794, 'max_y': 0.739635, 'min_z': -0.633452, 'max_z': 0.615811}"
D00705_copy.obj,Mug,5000,10000,triangles,"{'min_x': -0.900868, 'max_x': 0.8514679999999998, 'min_y': -0.52377, 'max_y': 0.6687130000000001, 'min_z': -0.463548, 'max_z': 0.5281689999999999}"
D00728_copy.obj,Mug,5000,9971,triangles,"{'min_x': -0.7181131090924744, 'max_x': 1.01572, 'min_y': -0.816966, 'max_y': 0.829965, 'min_z': -0.56715, 'max_z': 0.55927}"
D00745_copy.obj,Mug,5000,9984,triangles,"{'min_x': -0.9440640000000002, 'max_x': 0.803609, 'min_y': -0.8025700000000001, 'max_y': 0.810591, 'min_z': -0.5096880000000003, 'max_z': 0.573475}"
D00747_copy.obj,Mug,5000,9992,triangles,"{'min_x': -0.926687597446301, 'max_x': 0.78784, 'min_y': -0.674028, 'max_y': 0.726602, 'min_z': -0.3047318726845755, 'max_z': 0.616776}"
D00760_copy.obj,Mug,5000,9988,triangles,"{'min_x': -0.7042490000000002, 'max_x': 0.5221350000000001, 'min_y': -0.6399320000000002, 'max_y': 0.9666530000000005, 'min_z': -0.8698650000000001, 'max_z': 0.674509}"
D00770_copy.obj,Mug,5000,9992,triangles,"{'min_x': -0.672088, 'max_x': 0.993054, 'min_y': -0.9038499999999999, 'max_y': 0.6206719999999999, 'min_z': -0.677665, 'max_z': 0.792155}"
D00825_copy.obj,Mug,5000,9960,triangles,"{'min_x': -0.9628050000000006, 'max_x': 0.814625, 'min_y': -0.7280430000000007, 'max_y': 1.04458, 'min_z': -0.680457, 'max_z': 0.722059}"
D00833_copy.obj,Mug,5000,9870,triangles,"{'min_x': -0.83201, 'max_x': 0.546515, 'min_y': -0.551875, 'max_y': 1.0109, 'min_z': -0.583021, 'max_z': 0.599757}"
D00908_copy.obj,Mug,5000,9640,triangles,"{'min_x': -0.5648370000000003, 'max_x': 0.911897, 'min_y': -0.9418230000000001, 'max_y': 0.7459170000000002, 'min_z': -0.697971, 'max_z': 0.5605829999999999}"
D00913_copy.obj,Mug,5000,10000,triangles,"{'min_x': -1.0473, 'max_x': 0.6975857423233006, 'min_y': -0.609363, 'max_y': 0.791487, 'min_z': -0.596327, 'max_z': 0.505103}"
D00923_copy.obj,Mug,5000,9992,triangles,"{'min_x': -1.1397799999999998, 'max_x': 0.65226, 'min_y': -0.7726459999999995, 'max_y': 0.7983710000000003, 'min_z': -0.633688, 'max_z': 0.5829950000000007}"
m503_copy.obj,Mug,5000,9810,triangles,"{'min_x': 0.025, 'max_x': 0.885303, 'min_y': 0.025, 'max_y': 0.9750000000000001, 'min_z': 0.0249999999999999, 'max_z': 0.5707950000000003}"
m504_copy.obj,Mug,5000,10000,triangles,"{'min_x': 0.025, 'max_x': 0.975, 'min_y': 0.025, 'max_y': 0.7369670000000003, 'min_z': 0.025, 'max_z': 0.7702610000000003}"
m506_copy.obj,Mug,4994,9868,triangles,"{'min_x': 0.0250007197230931, 'max_x': 0.975, 'min_y': 0.025, 'max_y': 0.3899084802952601, 'min_z': 0.0250007782706847, 'max_z': 0.6826840146180178}"
m507_copy.obj,Mug,5000,9916,triangles,"{'min_x': 0.025, 'max_x': 0.9750000000000001, 'min_y': 0.025, 'max_y': 0.695043, 'min_z': 0.025, 'max_z': 0.677239}"
m508_copy.obj,Mug,5000,9992,triangles,"{'min_x': 0.025, 'max_x': 0.975, 'min_y': 0.025, 'max_y': 0.8095060000000002, 'min_z': 0.025, 'max_z': 0.6249250000000007}"
m509_copy.obj,Mug,5000,9972,triangles,"{'min_x': 0.025, 'max_x': 0.975, 'min_y': 0.0249962643840339, 'max_y': 0.889272, 'min_z': 0.025, 'max_z': 0.714346}"
D00036_copy.obj,MultiSeat,5000,9976,triangles,"{'min_x': -0.832857, 'max_x': 0.880015, 'min_y': -0.476089, 'max_y': 0.700437, 'min_z': -0.572738, 'max_z': 0.464139}"
D00046_copy.obj,MultiSeat,5000,9972,triangles,"{'min_x': -1.08795, 'max_x': 0.665682, 'min_y': -0.804888, 'max_y': 0.702764, 'min_z': -0.532844, 'max_z': 0.648293}"
D00053_copy.obj,MultiSeat,5000,9876,triangles,"{'min_x': -1.03515, 'max_x': 0.784886, 'min_y': -0.420945, 'max_y': 0.488523, 'min_z': -0.425434, 'max_z': 0.350467}"
D00145_copy.obj,MultiSeat,5000,9972,triangles,"{'min_x': -0.896267, 'max_x': 0.920748, 'min_y': -0.530211, 'max_y': 0.355447, 'min_z': -0.426733, 'max_z': 0.313458}"
D00146_copy.obj,MultiSeat,5000,9936,triangles,"{'min_x': -0.905882, 'max_x': 0.906829, 'min_y': -0.616201, 'max_y': 0.472717, 'min_z': -0.348134, 'max_z': 0.477922}"
D00237_copy.obj,MultiSeat,5000,9960,triangles,"{'min_x': -0.787628, 'max_x': 1.0597600000000003, 'min_y': -0.332612, 'max_y': 0.6778019999999999, 'min_z': -0.415469, 'max_z': 0.5648990000000002}"
D00245_copy.obj,MultiSeat,5000,9952,triangles,"{'min_x': -0.880585, 'max_x': 0.8567009999999999, 'min_y': -0.549535, 'max_y': 0.388266, 'min_z': -0.4236610000000003, 'max_z': 0.267195}"
D00263_copy.obj,MultiSeat,5000,9056,triangles,"{'min_x': -0.8414651797611957, 'max_x': 0.8216217935222629, 'min_y': -0.6518082640015801, 'max_y': 0.6973342516621993, 'min_z': -0.6978462708124616, 'max_z': 0.3531357157226841}"
D00273_copy.obj,MultiSeat,5000,9710,triangles,"{'min_x': -1.0352077341194585, 'max_x': 0.87142, 'min_y': -0.495059431037801, 'max_y': 0.4089987512581763, 'min_z': -0.416548139190938, 'max_z': 0.298309}"
D00285_copy.obj,MultiSeat,5000,9900,triangles,"{'min_x': -0.9197540000000001, 'max_x': 0.782904, 'min_y': -0.5916479999999998, 'max_y': 0.6744959999999999, 'min_z': -0.552807, 'max_z': 0.3161799999999998}"
D00289_copy.obj,MultiSeat,5000,9950,triangles,"{'min_x': -0.8663862287959069, 'max_x': 1.01841, 'min_y': -0.5201615598344428, 'max_y': 0.40733, 'min_z': -0.349292, 'max_z': 0.2388186725620487}"
D00329_copy.obj,MultiSeat,5000,9984,triangles,"{'min_x': -0.944303, 'max_x': 0.709157, 'min_y': -0.578065, 'max_y': 0.602844, 'min_z': -0.636177, 'max_z': 0.4595490000000001}"
D00586_copy.obj,MultiSeat,5000,9952,triangles,"{'min_x': -0.9082270000000001, 'max_x': 0.964669, 'min_y': -0.4838539999999999, 'max_y': 0.478597999999998, 'min_z': -0.252955000000002, 'max_z': 0.420968}"
D00588_copy.obj,MultiSeat,5000,9380,triangles,"{'min_x': -1.13013, 'max_x': 0.708881, 'min_y': -0.6050449999999998, 'max_y': 0.55404, 'min_z': -0.5484899999999999, 'max_z': 0.234066}"
D00607_copy.obj,MultiSeat,5000,9960,triangles,"{'min_x': -0.8474820000000001, 'max_x': 0.9530500000000002, 'min_y': -0.587563, 'max_y': 0.5961060000000007, 'min_z': -0.327034, 'max_z': 0.517323}"
D00637_copy.obj,MultiSeat,4969,9828,triangles,"{'min_x': -0.93918, 'max_x': 0.866812, 'min_y': -0.461008, 'max_y': 0.7064608144078637, 'min_z': -0.547833, 'max_z': 0.446656}"
D00648_copy.obj,MultiSeat,5000,9924,triangles,"{'min_x': -0.8915191664144059, 'max_x': 0.834915, 'min_y': -0.3098684608949446, 'max_y': 0.549321, 'min_z': -0.402642, 'max_z': 0.391668}"
D00652_copy.obj,MultiSeat,5000,9954,triangles,"{'min_x': -0.9372549999999996, 'max_x': 0.745072, 'min_y': -0.4863029999999999, 'max_y': 0.6603680000000001, 'min_z': -0.5122860000000001, 'max_z': 0.3677920000000002}"
D00749_copy.obj,MultiSeat,5000,8845,triangles,"{'min_x': -0.87159, 'max_x': 0.946049, 'min_y': -0.4789508395674071, 'max_y': 0.3731743242163086, 'min_z': -0.3601640176651839, 'max_z': 0.4770619091273922}"
D00985_copy.obj,MultiSeat,5000,9968,triangles,"{'min_x': -0.749657, 'max_x': 0.968555, 'min_y': -0.853009, 'max_y': 0.58532, 'min_z': -0.495404, 'max_z': 0.51721}"
m774_copy.obj,MultiSeat,5000,9920,triangles,"{'min_x': 0.025, 'max_x': 0.9749999999999999, 'min_y': 0.0249999999999998, 'max_y': 0.975, 'min_z': 0.0249999999999999, 'max_z': 0.500001}"
m775_copy.obj,MultiSeat,5000,9825,triangles,"{'min_x': 0.025, 'max_x': 0.9750000000000001, 'min_y': 0.025, 'max_y': 0.618064, 'min_z': 0.025, 'max_z': 0.3968200000000002}"
m776_copy.obj,MultiSeat,4972,9806,triangles,"{'min_x': 0.025, 'max_x': 0.9750000000000002, 'min_y': 0.025, 'max_y': 0.420835, 'min_z': 0.025, 'max_z': 0.234905}"
m777_copy.obj,MultiSeat,5000,9764,triangles,"{'min_x': 0.025, 'max_x': 0.975, 'min_y': 0.025, 'max_y': 0.395501, 'min_z': 0.025, 'max_z': 0.19682}"
m778_copy.obj,MultiSeat,5000,9960,triangles,"{'min_x': 0.025, 'max_x': 0.545599, 'min_y': 0.025, 'max_y': 0.800831, 'min_z': 0.025, 'max_z': 0.9750000000000001}"
m779_copy.obj,MultiSeat,5000,9948,triangles,"{'min_x': 0.025, 'max_x': 0.9750000000000001, 'min_y': 0.025, 'max_y': 0.369958, 'min_z': 0.025, 'max_z': 0.24294}"
m780_copy.obj,MultiSeat,5000,9704,triangles,"{'min_x': 0.0249999999999999, 'max_x': 0.9750000000000001, 'min_y': 0.025, 'max_y': 0.911266, 'min_z': 0.025, 'max_z': 0.6265710000000001}"
m781_copy.obj,MultiSeat,5000,9612,triangles,"{'min_x': 0.025, 'max_x': 0.9750000000000002, 'min_y': 0.025, 'max_y': 0.640582, 'min_z': 0.0249999999999997, 'max_z': 0.442837}"
m782_copy.obj,MultiSeat,5000,9420,triangles,"{'min_x': 0.025, 'max_x': 0.975, 'min_y': 0.025, 'max_y': 0.42384, 'min_z': 0.025, 'max_z': 0.347871}"
m783_copy.obj,MultiSeat,4929,9946,triangles,"{'min_x': 0.025, 'max_x': 0.975, 'min_y': 0.025, 'max_y': 0.476364, 'min_z': 0.025, 'max_z': 0.607607}"
m784_copy.obj,MultiSeat,5000,9988,triangles,"{'min_x': 0.025, 'max_x': 0.9750000000000002, 'min_y': 0.025, 'max_y': 0.38125, 'min_z': 0.025, 'max_z': 0.277356}"
m829_copy.obj,MultiSeat,5000,9952,triangles,"{'min_x': 0.025, 'max_x': 0.975, 'min_y': 0.025, 'max_y': 0.3213510000000001, 'min_z': 0.025, 'max_z': 0.357589}"
m830_copy.obj,MultiSeat,5000,9944,triangles,"{'min_x': 0.025, 'max_x': 0.439982, 'min_y': 0.025, 'max_y': 0.256592, 'min_z': 0.025, 'max_z': 0.975}"
m831_copy.obj,MultiSeat,5000,9934,triangles,"{'min_x': 0.025, 'max_x': 0.9750000000000001, 'min_y': 0.025, 'max_y': 0.4232340000000001, 'min_z': 0.025, 'max_z': 0.389547}"
m832_copy.obj,MultiSeat,5000,9174,triangles,"{'min_x': 0.025, 'max_x': 0.9750000000000001, 'min_y': 0.025, 'max_y': 0.319782, 'min_z': 0.025, 'max_z': 0.427383}"
m833_copy.obj,MultiSeat,5000,9408,triangles,"{'min_x': 0.025, 'max_x': 0.9750000000000003, 'min_y': 0.025, 'max_y': 0.4272090000000007, 'min_z': 0.025, 'max_z': 0.474877}"
m834_copy.obj,MultiSeat,5000,9832,triangles,"{'min_x': 0.025, 'max_x': 0.975, 'min_y': 0.0249999999999999, 'max_y': 0.5128270000000001, 'min_z': 0.025, 'max_z': 0.33972}"
m835_copy.obj,MultiSeat,5000,9372,triangles,"{'min_x': 0.025, 'max_x': 0.975, 'min_y': 0.025, 'max_y': 0.440625, 'min_z': 0.025, 'max_z': 0.4168730000000001}"
m836_copy.obj,MultiSeat,4996,9738,triangles,"{'min_x': 0.025, 'max_x': 0.975, 'min_y': 0.025, 'max_y': 0.5, 'min_z': 0.025, 'max_z': 0.5}"
m837_copy.obj,MultiSeat,5000,9124,triangles,"{'min_x': 0.025, 'max_x': 0.975, 'min_y': 0.025, 'max_y': 0.396988, 'min_z': 0.025, 'max_z': 0.422022}"
m838_copy.obj,MultiSeat,5000,9968,triangles,"{'min_x': 0.025, 'max_x': 0.975, 'min_y': 0.025, 'max_y': 0.494388, 'min_z': 0.025, 'max_z': 0.4621580000000001}"
m839_copy.obj,MultiSeat,5000,9984,triangles,"{'min_x': 0.025, 'max_x': 0.533164, 'min_y': 0.025, 'max_y': 0.516126, 'min_z': 0.025, 'max_z': 0.975}"
m840_copy.obj,MultiSeat,5000,9696,triangles,"{'min_x': 0.025, 'max_x': 0.9750000000000005, 'min_y': 0.025, 'max_y': 0.8524450000000002, 'min_z': 0.025, 'max_z': 0.8524140000000001}"
m841_copy.obj,MultiSeat,5000,9860,triangles,"{'min_x': 0.025, 'max_x': 0.658333, 'min_y': 0.025, 'max_y': 0.975, 'min_z': 0.025, 'max_z': 0.341667}"
m843_copy.obj,MultiSeat,5000,8958,triangles,"{'min_x': 0.1032430426446973, 'max_x': 0.511488, 'min_y': 0.1119059999622591, 'max_y': 0.48559, 'min_z': 0.0249740673385471, 'max_z': 0.975}"
m625_copy.obj,Musical_Instrument,5000,9698,triangles,"{'min_x': 0.025, 'max_x': 0.9750000000000002, 'min_y': 0.025, 'max_y': 0.3528400000000002, 'min_z': 0.025, 'max_z': 0.098369}"
m626_copy.obj,Musical_Instrument,5000,9641,triangles,"{'min_x': 0.025, 'max_x': 0.9750000000000004, 'min_y': 0.025, 'max_y': 0.640331, 'min_z': 0.025, 'max_z': 0.084578}"
m627_copy.obj,Musical_Instrument,5000,8284,triangles,"{'min_x': 0.025, 'max_x': 0.356581, 'min_y': 0.0249999196255111, 'max_y': 0.975, 'min_z': 0.024999776338163, 'max_z': 0.0912960818191517}"
m628_copy.obj,Musical_Instrument,5000,9558,triangles,"{'min_x': 0.025, 'max_x': 0.975, 'min_y': 0.025, 'max_y': 0.290442, 'min_z': 0.025, 'max_z': 0.0753232513115659}"
m629_copy.obj,Musical_Instrument,5000,9640,triangles,"{'min_x': 0.025, 'max_x': 0.975, 'min_y': 0.025, 'max_y': 0.300208, 'min_z': 0.0250014657128606, 'max_z': 0.0619473950642178}"
m630_copy.obj,Musical_Instrument,5000,9431,triangles,"{'min_x': 0.025, 'max_x': 0.397421, 'min_y': 0.025, 'max_y': 0.9749999999999999, 'min_z': 0.025, 'max_z': 0.118722}"
m631_copy.obj,Musical_Instrument,5000,8914,triangles,"{'min_x': 0.0249313425268985, 'max_x': 0.9752902633515894, 'min_y': 0.0249791393726045, 'max_y': 0.3357011080449392, 'min_z': 0.025, 'max_z': 0.1478794649617063}"
m632_copy.obj,Musical_Instrument,5000,9830,triangles,"{'min_x': 0.025, 'max_x': 0.3634900000000002, 'min_y': 0.025, 'max_y': 0.9750000000000001, 'min_z': 0.025, 'max_z': 0.110594}"
m633_copy.obj,Musical_Instrument,4433,9257,triangles,"{'min_x': 0.060345, 'max_x': 0.483885, 'min_y': 0.057441, 'max_y': 0.975, 'min_z': 0.025, 'max_z': 0.085762}"
m634_copy.obj,Musical_Instrument,5000,9209,triangles,"{'min_x': 0.025, 'max_x': 0.975, 'min_y': 0.025, 'max_y': 0.079825, 'min_z': 0.025, 'max_z': 0.327198}"
m635_copy.obj,Musical_Instrument,5000,6656,triangles,"{'min_x': 0.0249715790911731, 'max_x': 0.3085057898192014, 'min_y': 0.025, 'max_y': 0.110303, 'min_z': 0.0244945773076148, 'max_z': 0.9729347274815445}"
m637_copy.obj,Musical_Instrument,5000,9658,triangles,"{'min_x': 0.025, 'max_x': 0.975, 'min_y': 0.025, 'max_y': 0.082192, 'min_z': 0.025, 'max_z': 0.312649}"
m638_copy.obj,Musical_Instrument,5000,9797,triangles,"{'min_x': 0.025, 'max_x': 0.3048490000000001, 'min_y': 0.025, 'max_y': 0.9749999999999999, 'min_z': 0.025, 'max_z': 0.1164940000000001}"
m639_copy.obj,Musical_Instrument,5000,9300,triangles,"{'min_x': 0.0250781178046, 'max_x': 0.975, 'min_y': 0.025, 'max_y': 0.365667, 'min_z': 0.025, 'max_z': 0.1634318112321493}"
m640_copy.obj,Musical_Instrument,5000,9916,triangles,"{'min_x': 0.025, 'max_x': 0.389521, 'min_y': 0.025, 'max_y': 0.975, 'min_z': 0.025, 'max_z': 0.180773}"
m641_copy.obj,Musical_Instrument,5000,9785,triangles,"{'min_x': 0.025, 'max_x': 0.3306100000000001, 'min_y': 0.025, 'max_y': 0.1199, 'min_z': 0.025, 'max_z': 0.9750000000000002}"
m643_copy.obj,Musical_Instrument,5000,9560,triangles,"{'min_x': 0.025, 'max_x': 0.678291, 'min_y': 0.025, 'max_y': 0.767262, 'min_z': 0.025, 'max_z': 0.975}"
m644_copy.obj,Musical_Instrument,5000,9328,triangles,"{'min_x': 0.025, 'max_x': 0.575796, 'min_y': 0.024858409020133, 'max_y': 0.657836, 'min_z': 0.025, 'max_z': 0.975}"
m645_copy.obj,Musical_Instrument,5000,8430,triangles,"{'min_x': 0.025, 'max_x': 0.635996, 'min_y': 0.025, 'max_y': 0.724688, 'min_z': 0.025, 'max_z': 0.975}"
m646_copy.obj,Musical_Instrument,5000,9722,triangles,"{'min_x': 0.025, 'max_x': 0.667908, 'min_y': 0.025, 'max_y': 0.698324, 'min_z': 0.025, 'max_z': 0.975}"
m647_copy.obj,Musical_Instrument,5000,9093,triangles,"{'min_x': 0.025, 'max_x': 0.563392, 'min_y': 0.025, 'max_y': 0.3951560000000001, 'min_z': 0.0249999999999999, 'max_z': 0.975}"
D00037_copy.obj,NonWheelChair,5000,9932,triangles,"{'min_x': -0.92367, 'max_x': 0.760088, 'min_y': -0.947778, 'max_y': 0.73821, 'min_z': -0.594191, 'max_z': 0.5785760000000001}"
D00101_copy.obj,NonWheelChair,5000,9964,triangles,"{'min_x': -0.7198980499461163, 'max_x': 0.9814395634858896, 'min_y': -0.518472, 'max_y': 0.3422109786344256, 'min_z': -0.6213067663423845, 'max_z': 0.343456}"
D00170_copy.obj,NonWheelChair,5000,9648,triangles,"{'min_x': -1.0006900000000003, 'max_x': 0.871115, 'min_y': -0.496292, 'max_y': 0.69571, 'min_z': -0.619393, 'max_z': 0.64326}"
D00185_copy.obj,NonWheelChair,5000,9546,triangles,"{'min_x': -0.619775, 'max_x': 1.14922, 'min_y': -0.480944, 'max_y': 0.586934, 'min_z': -0.29797, 'max_z': 1.04691}"
D00240_copy.obj,NonWheelChair,5000,9972,triangles,"{'min_x': -1.09625, 'max_x': 0.7787120000000001, 'min_y': -0.3473470000000001, 'max_y': 0.654129, 'min_z': -0.460039, 'max_z': 0.4053620000000001}"
D00306_copy.obj,NonWheelChair,5000,9912,triangles,"{'min_x': -0.6888490000000003, 'max_x': 0.9043940000000008, 'min_y': -0.6116550000000004, 'max_y': 0.4318259999999999, 'min_z': -0.7782679999999997, 'max_z': 0.500124}"
D00357_copy.obj,NonWheelChair,5000,9960,triangles,"{'min_x': -1.17221, 'max_x': 0.602329, 'min_y': -0.53877, 'max_y': 0.598742, 'min_z': -0.34687077597689, 'max_z': 0.824573}"
D00419_copy.obj,NonWheelChair,5000,9956,triangles,"{'min_x': -0.9637311362840735, 'max_x': 0.8965192863046636, 'min_y': -0.5932175558568675, 'max_y': 0.4287536704428667, 'min_z': -0.8008922216789333, 'max_z': 0.4553221874446361}"
D00443_copy.obj,NonWheelChair,5000,9672,triangles,"{'min_x': -0.979185, 'max_x': 0.821411, 'min_y': -0.4067537955899258, 'max_y': 0.5742556702632622, 'min_z': -0.4095174112008029, 'max_z': 0.7901062311408769}"
D00445_copy.obj,NonWheelChair,5000,9920,triangles,"{'min_x': -1.0170200000000005, 'max_x': 0.809153, 'min_y': -0.352544, 'max_y': 0.4191739999999998, 'min_z': -0.4687040000000001, 'max_z': 0.422408}"
D00480_copy.obj,NonWheelChair,5000,9940,triangles,"{'min_x': -0.965515, 'max_x': 0.914101, 'min_y': -0.46328, 'max_y': 0.413728, 'min_z': -0.563212, 'max_z': 0.560941}"
D00481_copy.obj,NonWheelChair,5000,9936,triangles,"{'min_x': -1.1011300000000004, 'max_x': 0.73385, 'min_y': -0.469903, 'max_y': 0.296205, 'min_z': -0.232176, 'max_z': 0.511816}"
D00512_copy.obj,NonWheelChair,5000,9622,triangles,"{'min_x': -0.718442, 'max_x': 1.09822, 'min_y': -0.552481, 'max_y': 0.658637, 'min_z': -0.394843, 'max_z': 1.01663}"
D00694_copy.obj,NonWheelChair,5000,9952,triangles,"{'min_x': -0.5711900000000003, 'max_x': 0.907557, 'min_y': -0.528783, 'max_y': 0.373007, 'min_z': -0.884473, 'max_z': 0.3476000000000001}"
D00707_copy.obj,NonWheelChair,5000,9764,triangles,"{'min_x': -0.9620290000000004, 'max_x': 0.843878, 'min_y': -0.54491, 'max_y': 0.742252, 'min_z': -0.5681210000000002, 'max_z': 0.799961}"
D00741_copy.obj,NonWheelChair,5000,9778,triangles,"{'min_x': -0.790359, 'max_x': 0.969387, 'min_y': -0.402043, 'max_y': 0.580117, 'min_z': -0.420674, 'max_z': 0.7361089999999999}"
D00853_copy.obj,NonWheelChair,5000,9988,triangles,"{'min_x': -0.9126990000000016, 'max_x': 0.6921149999999999, 'min_y': -0.401554, 'max_y': 0.7038630000000003, 'min_z': -0.7098729999999999, 'max_z': 0.417202}"
D00914_copy.obj,NonWheelChair,5000,9854,triangles,"{'min_x': -0.932452, 'max_x': 0.7142479999999999, 'min_y': -0.315392, 'max_y': 0.815853, 'min_z': -0.4329389999999998, 'max_z': 0.446034}"
D00928_copy.obj,NonWheelChair,5000,9964,triangles,"{'min_x': -0.809127, 'max_x': 1.12398, 'min_y': -0.4202150000000002, 'max_y': 0.520974, 'min_z': -0.375911, 'max_z': 0.379983}"
D00936_copy.obj,NonWheelChair,5000,9956,triangles,"{'min_x': -0.9350549999999997, 'max_x': 0.834716, 'min_y': -0.417009, 'max_y': 0.4820690000000001, 'min_z': -0.3626929999999999, 'max_z': 0.8198079999999995}"
m785_copy.obj,NonWheelChair,5000,9868,triangles,"{'min_x': 0.025, 'max_x': 0.5696070000000002, 'min_y': 0.025, 'max_y': 0.9750000000000005, 'min_z': 0.025, 'max_z': 0.569607}"
m786_copy.obj,NonWheelChair,5000,9964,triangles,"{'min_x': 0.025, 'max_x': 0.756678, 'min_y': 0.025, 'max_y': 0.975, 'min_z': 0.025, 'max_z': 0.780612}"
m787_copy.obj,NonWheelChair,5000,9812,triangles,"{'min_x': 0.025, 'max_x': 0.572806, 'min_y': 0.025, 'max_y': 0.975, 'min_z': 0.025, 'max_z': 0.572806}"
m788_copy.obj,NonWheelChair,5000,9972,triangles,"{'min_x': 0.025, 'max_x': 0.340037, 'min_y': 0.025, 'max_y': 0.975, 'min_z': 0.0249999999999999, 'max_z': 0.331296}"
m789_copy.obj,NonWheelChair,5000,9916,triangles,"{'min_x': 0.025, 'max_x': 0.511587, 'min_y': 0.025, 'max_y': 0.975, 'min_z': 0.025, 'max_z': 0.513989}"
m790_copy.obj,NonWheelChair,5000,9846,triangles,"{'min_x': 0.025, 'max_x': 0.6605290000000001, 'min_y': 0.025, 'max_y': 0.975, 'min_z': 0.025, 'max_z': 0.684862}"
m791_copy.obj,NonWheelChair,5000,9932,triangles,"{'min_x': 0.025, 'max_x': 0.510951, 'min_y': 0.025, 'max_y': 0.975, 'min_z': 0.025, 'max_z': 0.5108970000000004}"
m793_copy.obj,NonWheelChair,5000,9284,triangles,"{'min_x': 0.025, 'max_x': 0.884711, 'min_y': 0.025, 'max_y': 0.9750000000000003, 'min_z': 0.025, 'max_z': 0.770083}"
m794_copy.obj,NonWheelChair,5000,9577,triangles,"{'min_x': 0.025, 'max_x': 0.706179, 'min_y': 0.0249999999626989, 'max_y': 0.975, 'min_z': 0.025, 'max_z': 0.674053}"
m795_copy.obj,NonWheelChair,5000,9948,triangles,"{'min_x': 0.0249999999999999, 'max_x': 0.3946450000000001, 'min_y': 0.0249999999999999, 'max_y': 0.9750000000713869, 'min_z': 0.0249999949085038, 'max_z': 0.549344}"
m796_copy.obj,NonWheelChair,5000,9904,triangles,"{'min_x': 0.0250092911175203, 'max_x': 0.7103786447798509, 'min_y': 0.0250294123673707, 'max_y': 0.975, 'min_z': 0.025, 'max_z': 0.6919442107686243}"
m797_copy.obj,NonWheelChair,5000,9199,triangles,"{'min_x': 0.025, 'max_x': 0.63591, 'min_y': 0.025, 'max_y': 0.975, 'min_z': 0.025, 'max_z': 0.610618}"
m798_copy.obj,NonWheelChair,5000,9388,triangles,"{'min_x': 0.025, 'max_x': 0.596759, 'min_y': 0.0249999999999999, 'max_y': 0.975, 'min_z': 0.025, 'max_z': 0.647338}"
m799_copy.obj,NonWheelChair,5000,9876,triangles,"{'min_x': 0.025, 'max_x': 0.6463290000000003, 'min_y': 0.025, 'max_y': 0.975, 'min_z': 0.025, 'max_z': 0.688832}"
m800_copy.obj,NonWheelChair,5000,9810,triangles,"{'min_x': 0.0250000000000004, 'max_x': 0.7277780000000001, 'min_y': 0.025, 'max_y': 0.975, 'min_z': 0.025, 'max_z': 0.727778}"
m801_copy.obj,NonWheelChair,5000,9892,triangles,"{'min_x': 0.025, 'max_x': 0.469361, 'min_y': 0.025, 'max_y': 0.975, 'min_z': 0.025, 'max_z': 0.54502}"
m804_copy.obj,NonWheelChair,5000,9752,triangles,"{'min_x': 0.025, 'max_x': 0.7021839999999999, 'min_y': 0.0249999999999999, 'max_y': 0.975, 'min_z': 0.025, 'max_z': 0.669041}"
m805_copy.obj,NonWheelChair,4997,9909,triangles,"{'min_x': 0.025, 'max_x': 0.729762, 'min_y': 0.025, 'max_y': 0.975, 'min_z': 0.025, 'max_z': 0.729762}"
m806_copy.obj,NonWheelChair,5000,9960,triangles,"{'min_x': 0.025, 'max_x': 0.358289, 'min_y': 0.025, 'max_y': 0.9750000000000001, 'min_z': 0.025, 'max_z': 0.411545}"
m807_copy.obj,NonWheelChair,5000,9976,triangles,"{'min_x': 0.025, 'max_x': 0.405, 'min_y': 0.025, 'max_y': 0.9750000000000002, 'min_z': 0.025, 'max_z': 0.403838}"
m808_copy.obj,NonWheelChair,5000,9476,triangles,"{'min_x': 0.025, 'max_x': 0.5508530000000003, 'min_y': 0.025, 'max_y': 0.9750000000000002, 'min_z': 0.0249999999999999, 'max_z': 0.624579}"
m809_copy.obj,NonWheelChair,5000,9940,triangles,"{'min_x': 0.025, 'max_x': 0.242542, 'min_y': 0.025, 'max_y': 0.975, 'min_z': 0.025, 'max_z': 0.225718}"
m810_copy.obj,NonWheelChair,5000,9944,triangles,"{'min_x': 0.025, 'max_x': 0.382957, 'min_y': 0.025, 'max_y': 0.9750000000000002, 'min_z': 0.025, 'max_z': 0.3994960000000001}"
m811_copy.obj,NonWheelChair,4978,9646,triangles,"{'min_x': 0.025, 'max_x': 0.538252, 'min_y': 0.025, 'max_y': 0.975, 'min_z': 0.025, 'max_z': 0.556733}"
m812_copy.obj,NonWheelChair,4975,9640,triangles,"{'min_x': 0.025, 'max_x': 0.460153, 'min_y': 0.025, 'max_y': 0.975, 'min_z': 0.025, 'max_z': 0.475823}"
m813_copy.obj,NonWheelChair,5000,9566,triangles,"{'min_x': 0.025, 'max_x': 0.402684, 'min_y': 0.025, 'max_y': 0.975, 'min_z': 0.025, 'max_z': 0.416284}"
m814_copy.obj,NonWheelChair,5000,9604,triangles,"{'min_x': 0.025, 'max_x': 0.538252, 'min_y': 0.025, 'max_y': 0.975, 'min_z': 0.025, 'max_z': 0.556733}"
m815_copy.obj,NonWheelChair,5000,9604,triangles,"{'min_x': 0.025, 'max_x': 0.460153, 'min_y': 0.025, 'max_y': 0.975, 'min_z': 0.025, 'max_z': 0.475823}"
m816_copy.obj,NonWheelChair,5000,9592,triangles,"{'min_x': 0.025, 'max_x': 0.402684, 'min_y': 0.025, 'max_y': 0.975, 'min_z': 0.025, 'max_z': 0.416284}"
m817_copy.obj,NonWheelChair,5000,9952,triangles,"{'min_x': 0.025, 'max_x': 0.496386, 'min_y': 0.025, 'max_y': 0.9750000000000006, 'min_z': 0.025, 'max_z': 0.5594850000000001}"
m818_copy.obj,NonWheelChair,4956,9946,triangles,"{'min_x': 0.025, 'max_x': 0.707366, 'min_y': 0.025, 'max_y': 0.975, 'min_z': 0.025, 'max_z': 0.707366}"
m819_copy.obj,NonWheelChair,5000,9112,triangles,"{'min_x': 0.025, 'max_x': 0.483371, 'min_y': 0.0249999999999999, 'max_y': 0.975, 'min_z': 0.025, 'max_z': 0.5056080000000001}"
m820_copy.obj,NonWheelChair,5000,9552,triangles,"{'min_x': 0.025, 'max_x': 0.557, 'min_y': 0.025, 'max_y': 0.975, 'min_z': 0.025, 'max_z': 0.5665}"
m821_copy.obj,NonWheelChair,5000,9835,triangles,"{'min_x': 0.025, 'max_x': 0.444242, 'min_y': 0.025, 'max_y': 0.975, 'min_z': 0.025, 'max_z': 0.397663}"
m822_copy.obj,NonWheelChair,5000,9972,triangles,"{'min_x': 0.025, 'max_x': 0.4979609999999999, 'min_y': 0.025, 'max_y': 0.975, 'min_z': 0.025, 'max_z': 0.528479}"
m823_copy.obj,NonWheelChair,5000,9916,triangles,"{'min_x': 0.025, 'max_x': 0.642458, 'min_y': 0.025, 'max_y': 0.975, 'min_z': 0.025, 'max_z': 0.547596}"
m824_copy.obj,NonWheelChair,5000,9606,triangles,"{'min_x': 0.025, 'max_x': 0.504141, 'min_y': 0.025, 'max_y': 0.9750000000000001, 'min_z': 0.0249999999999996, 'max_z': 0.522758}"
m826_copy.obj,NonWheelChair,5000,9944,triangles,"{'min_x': 0.025, 'max_x': 0.51287, 'min_y': 0.025, 'max_y': 0.975, 'min_z': 0.025, 'max_z': 0.498178}"
m827_copy.obj,NonWheelChair,5000,9956,triangles,"{'min_x': 0.025, 'max_x': 0.463793, 'min_y': 0.025, 'max_y': 0.975, 'min_z': 0.025, 'max_z': 0.389385}"
m828_copy.obj,NonWheelChair,5000,9952,triangles,"{'min_x': 0.025, 'max_x': 0.5089810000000002, 'min_y': 0.025, 'max_y': 0.9749999999999998, 'min_z': 0.025, 'max_z': 0.4704360000000001}"
D00008_copy.obj,PianoBoard,4945,9158,triangles,"{'min_x': 2.4806929999999996, 'max_x': 3.207958, 'min_y': 0.916081, 'max_y': 2.298475, 'min_z': 0.0, 'max_z': 0.95426}"
D00065_copy.obj,PianoBoard,5000,9570,triangles,"{'min_x': 0.177389, 'max_x': 0.546389, 'min_y': 0.165107, 'max_y': 2.7341070000000003, 'min_z': -0.0, 'max_z': 0.9970000000000003}"
D00075_copy.obj,PianoBoard,5000,9723,triangles,"{'min_x': 0.90716, 'max_x': 3.088651, 'min_y': 1.557077, 'max_y': 2.638934, 'min_z': 0.0, 'max_z': 1.486169}"
D00104_copy.obj,PianoBoard,5000,9348,triangles,"{'min_x': 1.706209, 'max_x': 3.774599, 'min_y': 8.733145, 'max_y': 9.488106000000002, 'min_z': -0.000868, 'max_z': 1.496}"
D00122_copy.obj,PianoBoard,4960,9367,triangles,"{'min_x': 3.537639, 'max_x': 5.007639, 'min_y': 3.260587, 'max_y': 3.862587, 'min_z': 0.0, 'max_z': 1.163}"
D00181_copy.obj,PianoBoard,5000,5852,triangles,"{'min_x': 0.975826, 'max_x': 2.486044253064687, 'min_y': 1.456007, 'max_y': 2.064007, 'min_z': -0.0, 'max_z': 1.16905}"
D00212_copy.obj,PianoBoard,4876,8485,triangles,"{'min_x': -4.578950000413311, 'max_x': -3.19895, 'min_y': 2.06493, 'max_y': 2.5896700000000004, 'min_z': 0.0, 'max_z': 0.9623615141669599}"
D00235_copy.obj,PianoBoard,4850,8992,triangles,"{'min_x': 0.0, 'max_x': 0.727266, 'min_y': 0.0, 'max_y': 1.382394, 'min_z': 0.0, 'max_z': 0.78452}"
D00253_copy.obj,PianoBoard,4997,9896,triangles,"{'min_x': -0.0, 'max_x': 1.0244, 'min_y': -0.015, 'max_y': 2.5757, 'min_z': 0.0, 'max_z': 1.3242}"
D00332_copy.obj,PianoBoard,5000,9024,triangles,"{'min_x': 0.0, 'max_x': 1.4732, 'min_y': -0.5588000000000001, 'max_y': 0.0, 'min_z': 0.0, 'max_z': 1.143}"
D00381_copy.obj,PianoBoard,4909,9269,triangles,"{'min_x': 2.082094, 'max_x': 3.43234, 'min_y': 0.258152, 'max_y': 0.571913, 'min_z': 0.0, 'max_z': 0.802186}"
D00441_copy.obj,PianoBoard,5000,9788,triangles,"{'min_x': 0.966469, 'max_x': 2.528569, 'min_y': 0.6069, 'max_y': 1.27193, 'min_z': -0.040571, 'max_z': 1.382716}"
D00460_copy.obj,PianoBoard,5000,9463,triangles,"{'min_x': -0.889, 'max_x': 3.035300000000001, 'min_y': -4.3334980000000005, 'max_y': 4.779546, 'min_z': -0.008093, 'max_z': 5.7277000000000005}"
D00623_copy.obj,PianoBoard,4920,8421,triangles,"{'min_x': -0.00323212, 'max_x': 1.52723, 'min_y': -0.117475, 'max_y': 0.5931951345163274, 'min_z': 0.0, 'max_z': 0.863484}"
D00718_copy.obj,PianoBoard,4947,9006,triangles,"{'min_x': -0.869884, 'max_x': -0.099515, 'min_y': 0.287363, 'max_y': 2.511918, 'min_z': -0.0, 'max_z': 1.028606}"
D00721_copy.obj,PianoBoard,5000,9835,triangles,"{'min_x': 0.0, 'max_x': 2.300288, 'min_y': -0.0254, 'max_y': 3.721943, 'min_z': 0.0, 'max_z': 2.386013}"
D00755_copy.obj,PianoBoard,4973,9431,triangles,"{'min_x': 33.6835, 'max_x': 131.834, 'min_y': -272.329, 'max_y': -55.6096, 'min_z': 1.9399999999999995, 'max_z': 149.102}"
D00885_copy.obj,PianoBoard,5000,9210,triangles,"{'min_x': 1.059895, 'max_x': 2.5330950000000003, 'min_y': 0.3871439999999999, 'max_y': 1.003094, 'min_z': 0.0, 'max_z': 1.402001}"
D00962_copy.obj,PianoBoard,5000,9771,triangles,"{'min_x': 1.5355639999999995, 'max_x': 2.485443, 'min_y': 0.972197, 'max_y': 2.803905, 'min_z': 0.0, 'max_z': 1.52339}"
D00966_copy.obj,PianoBoard,5000,8260,triangles,"{'min_x': 0.0, 'max_x': 1.5231700000000004, 'min_y': 10.1054, 'max_y': 13.900000000000002, 'min_z': 0.0, 'max_z': 2.67668}"
D00049_copy.obj,PlantIndoors,13775,15372,triangles,"{'min_x': -0.589232, 'max_x': 1.01327, 'min_y': -0.512441, 'max_y': 1.12963, 'min_z': -0.661781, 'max_z': 0.664292}"
D00073_copy.obj,PlantIndoors,7064,7850,triangles,"{'min_x': -0.893335, 'max_x': 0.747224, 'min_y': -0.533567, 'max_y': 0.674337, 'min_z': -0.497831, 'max_z': 0.525104}"
D00080_copy.obj,PlantIndoors,61417,29421,triangles,"{'min_x': -1.09466, 'max_x': 0.827319, 'min_y': -0.835933, 'max_y': 0.707009, 'min_z': -0.848245, 'max_z': 0.697203}"
D00087_copy.obj,PlantIndoors,5000,5910,triangles,"{'min_x': -0.642902, 'max_x': 1.0624398871672045, 'min_y': -0.64049, 'max_y': 1.05407, 'min_z': -0.66054, 'max_z': 0.705139}"
D00128_copy.obj,PlantIndoors,13300,14722,triangles,"{'min_x': -13.693954400547046, 'max_x': 0.998715, 'min_y': -3.2439498888106257, 'max_y': 2.259078391182089, 'min_z': -2.108905203422672, 'max_z': 1.2230081467750253}"
D00159_copy.obj,PlantIndoors,15111,17079,triangles,"{'min_x': -12.105570729218718, 'max_x': 1.9340823479468752, 'min_y': -0.9903964766437676, 'max_y': 7.61214926094015, 'min_z': -3.696114272016044, 'max_z': 3.1984364589771683}"
D00238_copy.obj,PlantIndoors,7369,8056,triangles,"{'min_x': -0.760353, 'max_x': 0.767284, 'min_y': -0.874954, 'max_y': 0.899353, 'min_z': -0.778486, 'max_z': 0.877332}"
D00280_copy.obj,PlantIndoors,5261,5592,triangles,"{'min_x': -0.733347, 'max_x': 0.6668103055456791, 'min_y': -0.767352, 'max_y': 0.57333, 'min_z': -0.554708, 'max_z': 0.647612}"
D00370_copy.obj,PlantIndoors,6788,6580,triangles,"{'min_x': -0.956965, 'max_x': 0.860249, 'min_y': -0.686492, 'max_y': 0.613612, 'min_z': -0.774879, 'max_z': 0.588319}"
D00379_copy.obj,PlantIndoors,6743,7124,triangles,"{'min_x': -1.225438606333277, 'max_x': 1.693847971513378, 'min_y': -1.1524459644674105, 'max_y': 0.8572424086416354, 'min_z': -1.057893957440889, 'max_z': 1.10447713815565}"
D00466_copy.obj,PlantIndoors,5000,6720,triangles,"{'min_x': -0.845851, 'max_x': 0.999812, 'min_y': -0.855631, 'max_y': 0.7299780000000001, 'min_z': -0.867733, 'max_z': 0.91146}"
D00491_copy.obj,PlantIndoors,11512,12746,triangles,"{'min_x': -0.988537, 'max_x': 0.640077, 'min_y': -0.895595, 'max_y': 0.625428, 'min_z': -0.9396, 'max_z': 0.589055}"
D00595_copy.obj,PlantIndoors,12234,11802,triangles,"{'min_x': -0.879242, 'max_x': 0.9133024314418688, 'min_y': -0.741142, 'max_y': 0.692175, 'min_z': -0.721075, 'max_z': 0.590735}"
D00609_copy.obj,PlantIndoors,5000,7402,triangles,"{'min_x': -0.849813, 'max_x': 0.820439, 'min_y': -0.826182, 'max_y': 0.821122, 'min_z': -0.831663, 'max_z': 0.78608}"
D00622_copy.obj,PlantIndoors,7448,8021,triangles,"{'min_x': -0.868326, 'max_x': 0.525038, 'min_y': -0.48851, 'max_y': 0.454005, 'min_z': -0.389881, 'max_z': 0.383057}"
D00624_copy.obj,PlantIndoors,9657,9911,triangles,"{'min_x': -0.492148, 'max_x': 0.829882, 'min_y': -0.728902, 'max_y': 0.731508, 'min_z': -0.821446, 'max_z': 0.646299}"
D00657_copy.obj,PlantIndoors,5000,6282,triangles,"{'min_x': -0.70605, 'max_x': 0.889756, 'min_y': -0.511665, 'max_y': 0.434736, 'min_z': -0.272853, 'max_z': 0.233868}"
D00667_copy.obj,PlantIndoors,5000,7339,triangles,"{'min_x': -0.6986529999999997, 'max_x': 0.697893, 'min_y': -0.482997, 'max_y': 0.829917, 'min_z': -0.748313, 'max_z': 0.508933}"
D00800_copy.obj,PlantIndoors,10509,11641,triangles,"{'min_x': -0.559202, 'max_x': 0.793988, 'min_y': -0.894201, 'max_y': 0.878654, 'min_z': -0.898129, 'max_z': 0.686989}"
D00968_copy.obj,PlantIndoors,5000,6258,triangles,"{'min_x': -0.932455, 'max_x': 0.6663040098727071, 'min_y': -0.824703, 'max_y': 0.611696, 'min_z': -0.728657, 'max_z': 0.80668}"
m1000_copy.obj,PlantIndoors,13775,15372,triangles,"{'min_x': 0.025, 'max_x': 0.87974, 'min_y': 0.025027, 'max_y': 0.975, 'min_z': 0.025, 'max_z': 0.812744}"
m1001_copy.obj,PlantIndoors,7064,7850,triangles,"{'min_x': 0.025, 'max_x': 0.662534, 'min_y': 0.025026, 'max_y': 0.975, 'min_z': 0.025, 'max_z': 0.625}"
m1002_copy.obj,PlantIndoors,6370,6404,triangles,"{'min_x': 0.025, 'max_x': 0.974008, 'min_y': 0.025033, 'max_y': 0.759795, 'min_z': 0.025, 'max_z': 0.972462}"
m1003_copy.obj,PlantIndoors,6743,7124,triangles,"{'min_x': -0.2129166461981052, 'max_x': 0.961288, 'min_y': -0.5367235182885327, 'max_y': 1.1792568932691412, 'min_z': -0.1432048968902885, 'max_z': 1.1543813817942716}"
m1004_copy.obj,PlantIndoors,10513,11647,triangles,"{'min_x': 0.025, 'max_x': 0.975, 'min_y': 0.025024, 'max_y': 0.744809, 'min_z': 0.025, 'max_z': 0.882101}"
m1005_copy.obj,PlantIndoors,16492,16934,triangles,"{'min_x': 0.025, 'max_x': 0.485501, 'min_y': 0.025016, 'max_y': 0.975, 'min_z': 0.025, 'max_z': 0.490785}"
m1006_copy.obj,PlantIndoors,8189,9472,triangles,"{'min_x': 0.025, 'max_x': 0.975, 'min_y': -0.7535769000452812, 'max_y': 0.579742, 'min_z': 0.025, 'max_z': 0.919029}"
m1007_copy.obj,PlantIndoors,6788,6580,triangles,"{'min_x': 0.025, 'max_x': 0.758171, 'min_y': 0.025031, 'max_y': 0.975, 'min_z': 0.025, 'max_z': 0.745147}"
m1008_copy.obj,PlantIndoors,5000,7186,triangles,"{'min_x': 0.025, 'max_x': 0.92355, 'min_y': 0.0249976566371972, 'max_y': 0.808322, 'min_z': 0.025, 'max_z': 0.975}"
m1009_copy.obj,PlantIndoors,5000,6069,triangles,"{'min_x': 0.025, 'max_x': 0.640569, 'min_y': 0.0249991067909538, 'max_y': 0.975, 'min_z': 0.025, 'max_z': 0.641004}"
m1010_copy.obj,PlantIndoors,5003,4688,triangles,"{'min_x': 0.025, 'max_x': 0.975, 'min_y': -0.264123607005305, 'max_y': 3.1552830102992555, 'min_z': 0.025, 'max_z': 0.803654}"
m1011_copy.obj,PlantIndoors,5272,6166,triangles,"{'min_x': 0.025, 'max_x': 0.870745, 'min_y': -0.4602156024784371, 'max_y': 0.975, 'min_z': 0.025, 'max_z': 0.857125}"
m1012_copy.obj,PlantIndoors,5000,7686,triangles,"{'min_x': 0.025, 'max_x': 0.975, 'min_y': 0.0249999999999998, 'max_y': 0.581119, 'min_z': 0.025, 'max_z': 0.943566}"
m1013_copy.obj,PlantIndoors,5043,4780,triangles,"{'min_x': 0.025, 'max_x': 0.904141, 'min_y': 0.025023, 'max_y': 0.890785, 'min_z': 0.025, 'max_z': 0.975}"
m1014_copy.obj,PlantIndoors,12232,11802,triangles,"{'min_x': 0.025, 'max_x': 0.719818, 'min_y': 0.02503, 'max_y': 0.975, 'min_z': 0.025, 'max_z': 0.801019}"
m1015_copy.obj,PlantIndoors,5000,8393,triangles,"{'min_x': 0.025, 'max_x': 0.507051, 'min_y': 0.025, 'max_y': 0.9750000000000001, 'min_z': 0.025, 'max_z': 0.546773}"
m1016_copy.obj,PlantIndoors,5000,7239,triangles,"{'min_x': 0.025, 'max_x': 0.741253, 'min_y': 0.0249997307740281, 'max_y': 0.975, 'min_z': 0.025, 'max_z': 0.619754}"
m1017_copy.obj,PlantIndoors,7424,7972,triangles,"{'min_x': 0.025, 'max_x': 0.65488, 'min_y': 0.025024, 'max_y': 0.975, 'min_z': 0.025, 'max_z': 0.611239}"
m1018_copy.obj,PlantIndoors,9651,9905,triangles,"{'min_x': 0.025, 'max_x': 0.944203, 'min_y': 0.025025, 'max_y': 0.876864, 'min_z': 0.025, 'max_z': 0.975}"
m1020_copy.obj,PlantIndoors,7366,8056,triangles,"{'min_x': 0.025, 'max_x': 0.975, 'min_y': 0.025024, 'max_y': 0.836636, 'min_z': 0.025, 'max_z': 0.851268}"
m1021_copy.obj,PlantIndoors,5000,6262,triangles,"{'min_x': 0.025, 'max_x': 0.903845, 'min_y': 0.0249972553712449, 'max_y': 0.975, 'min_z': 0.025, 'max_z': 0.90316}"
m1022_copy.obj,PlantIndoors,5255,5584,triangles,"{'min_x': 0.025, 'max_x': 0.920176, 'min_y': 0.025042, 'max_y': 0.9773181148440407, 'min_z': 0.025, 'max_z': 0.917644}"
m1023_copy.obj,PlantIndoors,5000,6724,triangles,"{'min_x': 0.025, 'max_x': 0.96653, 'min_y': 0.025, 'max_y': 0.813317, 'min_z': 0.025, 'max_z': 0.975}"
m1025_copy.obj,PlantIndoors,5000,7402,triangles,"{'min_x': 0.025, 'max_x': 0.886152, 'min_y': 0.0249996750652755, 'max_y': 0.703415, 'min_z': 0.025, 'max_z': 0.975}"
m1026_copy.obj,PlantIndoors,5000,7361,triangles,"{'min_x': 0.025, 'max_x': 0.950537, 'min_y': 0.0250000000000003, 'max_y': 0.975, 'min_z': 0.025, 'max_z': 0.958601}"
m1027_copy.obj,PlantIndoors,5000,5910,triangles,"{'min_x': 0.025, 'max_x': 0.946513, 'min_y': 0.0249985485566868, 'max_y': 0.975, 'min_z': 0.025, 'max_z': 0.889027}"
m1029_copy.obj,PlantIndoors,5000,9856,triangles,"{'min_x': 0.025, 'max_x': 0.487126, 'min_y': 0.025, 'max_y': 0.975, 'min_z': 0.025, 'max_z': 0.6642940000000003}"
m1030_copy.obj,PlantIndoors,5000,8014,triangles,"{'min_x': 0.025, 'max_x': 0.975, 'min_y': 0.025, 'max_y': 0.664002, 'min_z': 0.025, 'max_z': 0.890516}"
m1031_copy.obj,PlantIndoors,5000,8737,triangles,"{'min_x': 0.025, 'max_x': 0.66757, 'min_y': 0.025, 'max_y': 0.909267, 'min_z': 0.025, 'max_z': 0.975}"
m1032_copy.obj,PlantIndoors,5000,9964,triangles,"{'min_x': 0.025, 'max_x': 0.892086, 'min_y': 0.0249999999999999, 'max_y': 0.897381, 'min_z': 0.025, 'max_z': 0.975}"
m1033_copy.obj,PlantIndoors,5000,8548,triangles,"{'min_x': 0.025, 'max_x': 0.491013, 'min_y': 0.025, 'max_y': 0.975, 'min_z': 0.025, 'max_z': 0.541697}"
m1034_copy.obj,PlantIndoors,5000,9850,triangles,"{'min_x': 0.025, 'max_x': 0.38689, 'min_y': 0.025, 'max_y': 0.975, 'min_z': 0.025, 'max_z': 0.485104}"
m1035_copy.obj,PlantIndoors,5000,9654,triangles,"{'min_x': 0.025, 'max_x': 0.876645, 'min_y': 0.025, 'max_y': 0.9749999999999999, 'min_z': 0.025, 'max_z': 0.750467}"
m1036_copy.obj,PlantIndoors,5000,9874,triangles,"{'min_x': 0.025, 'max_x': 0.58416, 'min_y': 0.025, 'max_y': 0.975, 'min_z': 0.025, 'max_z': 0.364351}"
m989_copy.obj,PlantIndoors,5000,6256,triangles,"{'min_x': 0.025, 'max_x': 0.721648, 'min_y': 0.0249999999999999, 'max_y': 0.975, 'min_z': 0.025, 'max_z': 0.659686}"
m990_copy.obj,PlantIndoors,5000,8034,triangles,"{'min_x': 0.025, 'max_x': 0.927322, 'min_y': 0.025, 'max_y': 0.542965, 'min_z': 0.025, 'max_z': 0.975}"
m991_copy.obj,PlantIndoors,4846,6163,triangles,"{'min_x': 0.025, 'max_x': 0.975, 'min_y': 0.025, 'max_y': 0.814367, 'min_z': 0.025, 'max_z': 0.958696}"
m992_copy.obj,PlantIndoors,5000,8626,triangles,"{'min_x': 0.025, 'max_x': 0.914445, 'min_y': 0.025, 'max_y': 0.510263, 'min_z': 0.025, 'max_z': 0.975}"
m993_copy.obj,PlantIndoors,5000,9884,triangles,"{'min_x': 0.025, 'max_x': 0.293021, 'min_y': 0.025, 'max_y': 0.975, 'min_z': 0.025, 'max_z': 0.225939}"
m994_copy.obj,PlantIndoors,5000,8546,triangles,"{'min_x': 0.025, 'max_x': 0.975, 'min_y': 0.025, 'max_y': 0.64508, 'min_z': 0.025, 'max_z': 0.863712}"
m995_copy.obj,PlantIndoors,6864,3787,triangles,"{'min_x': 0.025, 'max_x': 0.868916, 'min_y': -0.239325709958143, 'max_y': 0.932844, 'min_z': 0.0, 'max_z': 0.975}"
m996_copy.obj,PlantIndoors,5000,8290,triangles,"{'min_x': 0.051044, 'max_x': 0.696157, 'min_y': 0.0249999999999999, 'max_y': 0.951458, 'min_z': 0.049558, 'max_z': 0.630208}"
m997_copy.obj,PlantIndoors,5000,8066,triangles,"{'min_x': 0.025, 'max_x': 0.884369, 'min_y': 0.025, 'max_y': 0.768024, 'min_z': 0.025, 'max_z': 0.975}"
m998_copy.obj,PlantIndoors,4997,9312,triangles,"{'min_x': 0.025, 'max_x': 0.550817, 'min_y': 0.025, 'max_y': 0.975, 'min_z': 0.025, 'max_z': 0.506435}"
m999_copy.obj,PlantIndoors,5000,8210,triangles,"{'min_x': 0.025, 'max_x': 0.805219, 'min_y': 0.025, 'max_y': 0.975, 'min_z': 0.025, 'max_z': 0.646627}"
m1052_copy.obj,PlantWildNonTree,5000,7450,triangles,"{'min_x': 0.025, 'max_x': 0.975, 'min_y': 0.025, 'max_y': 0.928908, 'min_z': 0.025, 'max_z': 0.915534}"
m961_copy.obj,PlantWildNonTree,5000,6401,triangles,"{'min_x': 0.025, 'max_x': 0.975, 'min_y': 0.025, 'max_y': 0.593275, 'min_z': 0.025, 'max_z': 0.892779}"
m962_copy.obj,PlantWildNonTree,11192,11216,triangles,"{'min_x': 0.0250177147171794, 'max_x': 0.975, 'min_y': -0.3134151926992755, 'max_y': 0.9147104301970387, 'min_z': 0.025, 'max_z': 0.96296}"
m963_copy.obj,PlantWildNonTree,9588,11088,triangles,"{'min_x': 0.025, 'max_x': 0.975, 'min_y': 0.025, 'max_y': 0.59748, 'min_z': 0.025, 'max_z': 0.946859}"
m964_copy.obj,PlantWildNonTree,10972,12776,triangles,"{'min_x': -0.5057411701144732, 'max_x': 0.9513192025645789, 'min_y': -4.7490223075274, 'max_y': 0.975, 'min_z': -0.1809690040569533, 'max_z': 1.210513108943916}"
m965_copy.obj,PlantWildNonTree,5786,6677,triangles,"{'min_x': 0.025, 'max_x': 0.623671, 'min_y': 0.025, 'max_y': 0.975, 'min_z': 0.025, 'max_z': 0.778421}"
m966_copy.obj,PlantWildNonTree,7920,5280,triangles,"{'min_x': 0.025, 'max_x': 0.975, 'min_y': 0.025, 'max_y': 0.446096, 'min_z': 0.025, 'max_z': 0.896805}"
m967_copy.obj,PlantWildNonTree,10532,12012,triangles,"{'min_x': -1.5916923745891072, 'max_x': 3.697842848559503, 'min_y': -3.0854693442770524, 'max_y': 2.75062368874662, 'min_z': -3.443725570495782, 'max_z': 4.833940612455363}"
m968_copy.obj,PlantWildNonTree,7488,8652,triangles,"{'min_x': 0.025, 'max_x': 0.688396, 'min_y': 0.025, 'max_y': 0.596846, 'min_z': 0.0246992546723748, 'max_z': 0.975}"
m971_copy.obj,PlantWildNonTree,5509,5425,triangles,"{'min_x': -39.53610513764, 'max_x': 33.61923826353838, 'min_y': -15.192627200954073, 'max_y': 64.36446659740335, 'min_z': -66.047526175396, 'max_z': 42.1819547182595}"
m972_copy.obj,PlantWildNonTree,12021,10869,triangles,"{'min_x': 0.025, 'max_x': 0.975, 'min_y': 0.0248526880213543, 'max_y': 0.634839, 'min_z': 0.025, 'max_z': 0.609769}"
m973_copy.obj,PlantWildNonTree,8098,7658,triangles,"{'min_x': 0.025, 'max_x': 0.679426, 'min_y': 0.025, 'max_y': 0.975, 'min_z': 0.025, 'max_z': 0.557929}"
m974_copy.obj,PlantWildNonTree,5000,9275,triangles,"{'min_x': 0.025, 'max_x': 0.378277, 'min_y': 0.025, 'max_y': 0.975, 'min_z': 0.025, 'max_z': 0.215228}"
m975_copy.obj,PlantWildNonTree,5000,9968,triangles,"{'min_x': 0.025, 'max_x': 0.636954, 'min_y': 0.025, 'max_y': 0.975, 'min_z': 0.025, 'max_z': 0.199078}"
m976_copy.obj,PlantWildNonTree,5000,8551,triangles,"{'min_x': 0.025, 'max_x': 0.747674, 'min_y': 0.025, 'max_y': 0.975, 'min_z': 0.025, 'max_z': 0.708802}"
m977_copy.obj,PlantWildNonTree,5000,9882,triangles,"{'min_x': 0.025, 'max_x': 0.570625, 'min_y': 0.025, 'max_y': 0.975, 'min_z': 0.025, 'max_z': 0.651253}"
m978_copy.obj,PlantWildNonTree,5000,6320,triangles,"{'min_x': 0.025, 'max_x': 0.410114, 'min_y': 0.025, 'max_y': 0.975, 'min_z': 0.025, 'max_z': 0.465016}"
m979_copy.obj,PlantWildNonTree,5000,7107,triangles,"{'min_x': 0.025, 'max_x': 0.480545, 'min_y': 0.025, 'max_y': 0.975, 'min_z': 0.025, 'max_z': 0.460652}"
m980_copy.obj,PlantWildNonTree,5000,8086,triangles,"{'min_x': 0.0255026923827515, 'max_x': 0.4090817515366778, 'min_y': 0.025, 'max_y': 0.975186582037097, 'min_z': 0.0262754373824899, 'max_z': 0.4383347649269642}"
m981_copy.obj,PlantWildNonTree,5000,9551,triangles,"{'min_x': 0.025, 'max_x': 0.422859, 'min_y': 0.025, 'max_y': 0.975, 'min_z': 0.025, 'max_z': 0.30968}"
m982_copy.obj,PlantWildNonTree,5000,9936,triangles,"{'min_x': 0.025, 'max_x': 0.357833, 'min_y': 0.025, 'max_y': 0.975, 'min_z': 0.025, 'max_z': 0.373255}"
m983_copy.obj,PlantWildNonTree,5000,9266,triangles,"{'min_x': 0.025, 'max_x': 0.97343, 'min_y': 0.025, 'max_y': 0.832675, 'min_z': 0.025, 'max_z': 0.975}"
m984_copy.obj,PlantWildNonTree,5000,7952,triangles,"{'min_x': 0.025, 'max_x': 0.555368, 'min_y': 0.025, 'max_y': 0.975, 'min_z': 0.025, 'max_z': 0.403834}"
m985_copy.obj,PlantWildNonTree,15621,16717,triangles,"{'min_x': 0.2499, 'max_x': 0.753489, 'min_y': 0.228993, 'max_y': 0.752244, 'min_z': 0.216044355048638, 'max_z': 0.332549}"
m986_copy.obj,PlantWildNonTree,5000,8531,triangles,"{'min_x': 0.151273, 'max_x': 0.581172, 'min_y': 0.152172, 'max_y': 0.608205, 'min_z': 0.025, 'max_z': 0.913329}"
m987_copy.obj,PlantWildNonTree,5000,7953,triangles,"{'min_x': 0.025, 'max_x': 0.553203, 'min_y': 0.025, 'max_y': 0.400042, 'min_z': 0.025, 'max_z': 0.975}"
m988_copy.obj,PlantWildNonTree,5000,9775,triangles,"{'min_x': 0.0250000000000005, 'max_x': 0.272186, 'min_y': 0.025, 'max_y': 0.975, 'min_z': 0.025, 'max_z': 0.242736}"
D00111_copy.obj,Quadruped,5000,9926,triangles,"{'min_x': -0.740298, 'max_x': 0.96725, 'min_y': -0.5094010000000001, 'max_y': 0.46231, 'min_z': -0.279019, 'max_z': 0.3012370000000001}"
D00150_copy.obj,Quadruped,5000,9604,triangles,"{'min_x': -0.8611533688084801, 'max_x': 0.9195260325907425, 'min_y': -0.690643, 'max_y': 0.573440157875297, 'min_z': -0.322446, 'max_z': 0.381308}"
D00218_copy.obj,Quadruped,5000,9996,triangles,"{'min_x': -0.7466, 'max_x': 1.09075, 'min_y': -0.5242149999999999, 'max_y': 0.518451, 'min_z': -0.269701, 'max_z': 0.3747049999999998}"
D00226_copy.obj,Quadruped,5000,9993,triangles,"{'min_x': -0.9053140000000006, 'max_x': 0.9086290000000002, 'min_y': -0.735275, 'max_y': 0.438284, 'min_z': -0.277114, 'max_z': 0.286821}"
D00261_copy.obj,Quadruped,5000,9996,triangles,"{'min_x': -0.880692, 'max_x': 0.9337769999999997, 'min_y': -0.452002, 'max_y': 0.6817380000000001, 'min_z': -0.3002859999999999, 'max_z': 0.2641559999999999}"
D00326_copy.obj,Quadruped,5000,9950,triangles,"{'min_x': -0.9199659999999996, 'max_x': 0.973387, 'min_y': -0.778218, 'max_y': 0.664503, 'min_z': -0.20676, 'max_z': 0.225014}"
D00380_copy.obj,Quadruped,5000,9850,triangles,"{'min_x': -0.766786, 'max_x': 1.0742, 'min_y': -0.571501, 'max_y': 0.68435, 'min_z': -0.267263, 'max_z': 0.238171}"
D00409_copy.obj,Quadruped,5000,9576,triangles,"{'min_x': -1.0279992907777769, 'max_x': 0.763945, 'min_y': -0.54933, 'max_y': 0.6882113821858955, 'min_z': -0.3811095884894445, 'max_z': 0.159695}"
D00508_copy.obj,Quadruped,5000,9914,triangles,"{'min_x': -0.8883922495610068, 'max_x': 1.0727892393038314, 'min_y': -0.543442, 'max_y': 0.6989012340572262, 'min_z': -0.244184, 'max_z': 0.18994}"
D00509_copy.obj,Quadruped,5000,9996,triangles,"{'min_x': -0.7743130934602965, 'max_x': 1.10078, 'min_y': -0.431179, 'max_y': 0.454522, 'min_z': -0.2291973278586553, 'max_z': 0.207407}"
D00583_copy.obj,Quadruped,5000,9352,triangles,"{'min_x': -1.02481, 'max_x': 0.4777204235480839, 'min_y': -0.34461, 'max_y': 0.4500139088548596, 'min_z': -0.14532, 'max_z': 0.147105}"
D00663_copy.obj,Quadruped,5000,6904,triangles,"{'min_x': -0.9105814181920999, 'max_x': 0.857512, 'min_y': -0.5456374227828287, 'max_y': 0.856800026202603, 'min_z': -0.2609, 'max_z': 0.241974}"
D00700_copy.obj,Quadruped,5000,9860,triangles,"{'min_x': -1.0912918779493588, 'max_x': 0.858057, 'min_y': -0.513618, 'max_y': 0.6641027038785741, 'min_z': -0.230806, 'max_z': 0.222797}"
D00757_copy.obj,Quadruped,5000,9995,triangles,"{'min_x': -0.95819, 'max_x': 0.8568080000000002, 'min_y': -0.5863110000000001, 'max_y': 0.8713679999999999, 'min_z': -0.380385, 'max_z': 0.338153}"
D00794_copy.obj,Quadruped,4998,9992,triangles,"{'min_x': -0.769274, 'max_x': 0.7388457664281924, 'min_y': -0.475478, 'max_y': 0.651342, 'min_z': -0.2013265669055279, 'max_z': 0.1751274337547886}"
D00795_copy.obj,Quadruped,6626,8689,triangles,"{'min_x': -0.7076451955538889, 'max_x': 1.07327, 'min_y': -0.589627, 'max_y': 0.4556030707768384, 'min_z': -0.294906, 'max_z': 0.255381}"
D00831_copy.obj,Quadruped,5000,9926,triangles,"{'min_x': -0.9272100000000002, 'max_x': 0.9525900000000002, 'min_y': -0.994428, 'max_y': 0.527872, 'min_z': -0.458822, 'max_z': 0.2930760000000001}"
D00841_copy.obj,Quadruped,5000,9933,triangles,"{'min_x': -1.00184, 'max_x': 0.787226, 'min_y': -0.5045779999999999, 'max_y': 0.7189400000000006, 'min_z': -0.197082, 'max_z': 0.213429}"
D00867_copy.obj,Quadruped,4999,9986,triangles,"{'min_x': -0.870959, 'max_x': 1.0303800939352683, 'min_y': -0.628516, 'max_y': 0.725330878849238, 'min_z': -0.412555, 'max_z': 0.429695}"
D00934_copy.obj,Quadruped,5000,9936,triangles,"{'min_x': -0.924407, 'max_x': 0.998297, 'min_y': -0.687939, 'max_y': 0.67884, 'min_z': -0.202762, 'max_z': 0.327952}"
m100_copy.obj,Quadruped,5000,9996,triangles,"{'min_x': 0.025, 'max_x': 0.5580309999999999, 'min_y': 0.025, 'max_y': 0.458469, 'min_z': 0.025, 'max_z': 0.9750000000000001}"
m101_copy.obj,Quadruped,5000,9892,triangles,"{'min_x': 0.025, 'max_x': 0.4087860000000001, 'min_y': 0.0249999999999999, 'max_y': 0.6851589999999997, 'min_z': 0.025, 'max_z': 0.9750000000000001}"
m102_copy.obj,Quadruped,5000,9868,triangles,"{'min_x': 0.025, 'max_x': 0.401002, 'min_y': 0.025, 'max_y': 0.450621, 'min_z': 0.025, 'max_z': 0.9749999999999999}"
m103_copy.obj,Quadruped,5000,8934,triangles,"{'min_x': 0.025, 'max_x': 0.2487646586903988, 'min_y': 0.0250192678904501, 'max_y': 0.7289716803993074, 'min_z': 0.025, 'max_z': 0.9751739863015927}"
m104_copy.obj,Quadruped,5000,9981,triangles,"{'min_x': 0.025, 'max_x': 0.975, 'min_y': 0.025, 'max_y': 0.781594, 'min_z': 0.025, 'max_z': 0.282277}"
m105_copy.obj,Quadruped,5000,9878,triangles,"{'min_x': 0.025, 'max_x': 0.269551, 'min_y': 0.025, 'max_y': 0.975, 'min_z': 0.025, 'max_z': 0.9464810000000001}"
m106_copy.obj,Quadruped,5000,9996,triangles,"{'min_x': 0.025, 'max_x': 0.21348, 'min_y': 0.0249999999999999, 'max_y': 0.65884, 'min_z': 0.025, 'max_z': 0.975}"
m107_copy.obj,Quadruped,5000,9950,triangles,"{'min_x': 0.025, 'max_x': 0.263878, 'min_y': 0.025, 'max_y': 0.888063, 'min_z': 0.025, 'max_z': 0.975}"
m108_copy.obj,Quadruped,4996,9987,triangles,"{'min_x': 0.0248448251049086, 'max_x': 0.9749117103604881, 'min_y': 0.025, 'max_y': 0.9071843024842481, 'min_z': 0.025, 'max_z': 0.282553}"
m109_copy.obj,Quadruped,5000,9944,triangles,"{'min_x': 0.0250000000000001, 'max_x': 0.83322, 'min_y': 0.025, 'max_y': 0.9749999999999998, 'min_z': 0.025, 'max_z': 0.465593}"
m110_copy.obj,Quadruped,5000,9996,triangles,"{'min_x': 0.025, 'max_x': 0.47055, 'min_y': 0.025, 'max_y': 0.719399, 'min_z': 0.025, 'max_z': 0.975}"
m111_copy.obj,Quadruped,5000,9948,triangles,"{'min_x': 0.025, 'max_x': 0.4145310000000002, 'min_y': 0.0249999999999999, 'max_y': 0.678081, 'min_z': 0.025, 'max_z': 0.9750000000000002}"
m112_copy.obj,Quadruped,5000,9912,triangles,"{'min_x': 0.025054985044725, 'max_x': 0.937056, 'min_y': 0.025, 'max_y': 0.9748635396041511, 'min_z': 0.0251251635614269, 'max_z': 0.6555196525636537}"
m273_copy.obj,Quadruped,5000,9972,triangles,"{'min_x': 0.0249999999999999, 'max_x': 0.21044, 'min_y': 0.0249999999999998, 'max_y': 0.382048, 'min_z': 0.025, 'max_z': 0.975}"
m274_copy.obj,Quadruped,5000,9938,triangles,"{'min_x': 0.025, 'max_x': 0.9753609954085676, 'min_y': 0.0252473323888771, 'max_y': 0.350047312085841, 'min_z': 0.0253830049396823, 'max_z': 0.912419}"
m275_copy.obj,Quadruped,5000,9996,triangles,"{'min_x': 0.0248071711008572, 'max_x': 0.2196012007103373, 'min_y': 0.0248525243161116, 'max_y': 0.9748590683690224, 'min_z': 0.0250353897340409, 'max_z': 0.4929876309593463}"
m276_copy.obj,Quadruped,5000,9945,triangles,"{'min_x': 0.025, 'max_x': 0.142394, 'min_y': 0.025, 'max_y': 0.37387, 'min_z': 0.025, 'max_z': 0.975}"
m277_copy.obj,Quadruped,5000,9946,triangles,"{'min_x': 0.025, 'max_x': 0.975, 'min_y': 0.025, 'max_y': 0.276023, 'min_z': 0.025, 'max_z': 0.755672}"
m278_copy.obj,Quadruped,5000,9912,triangles,"{'min_x': 0.025, 'max_x': 0.9750000000000002, 'min_y': 0.025, 'max_y': 0.201787, 'min_z': 0.025, 'max_z': 0.9609870000000006}"
m279_copy.obj,Quadruped,5000,9972,triangles,"{'min_x': 0.025, 'max_x': 0.975, 'min_y': 0.025, 'max_y': 0.2510700000000001, 'min_z': 0.025, 'max_z': 0.9487520000000003}"
m280_copy.obj,Quadruped,5000,9649,triangles,"{'min_x': 0.025, 'max_x': 0.761276, 'min_y': 0.025, 'max_y': 0.9750000000000001, 'min_z': 0.025, 'max_z': 0.2099580000000001}"
m281_copy.obj,Quadruped,5000,9931,triangles,"{'min_x': 0.0246549063617456, 'max_x': 0.9751874760570985, 'min_y': 0.0249050740312142, 'max_y': 0.7779772206395137, 'min_z': 0.025, 'max_z': 0.2469271675411928}"
m282_copy.obj,Quadruped,5000,9853,triangles,"{'min_x': 0.025, 'max_x': 0.9750000000000009, 'min_y': 0.0249999999999995, 'max_y': 0.443306, 'min_z': 0.025, 'max_z': 0.9299810000000001}"
m86_copy.obj,Quadruped,5000,9524,triangles,"{'min_x': 0.025, 'max_x': 0.18809, 'min_y': 0.025, 'max_y': 0.627269, 'min_z': 0.025, 'max_z': 0.975}"
m87_copy.obj,Quadruped,5000,9832,triangles,"{'min_x': 0.025, 'max_x': 0.305914, 'min_y': 0.025, 'max_y': 0.811559, 'min_z': 0.025, 'max_z': 0.9750000000000002}"
m88_copy.obj,Quadruped,5000,9984,triangles,"{'min_x': 0.0250000000000001, 'max_x': 0.244397, 'min_y': 0.025, 'max_y': 0.617999, 'min_z': 0.0249999999999999, 'max_z': 0.9750000000000003}"
m89_copy.obj,Quadruped,5000,9960,triangles,"{'min_x': 0.0251686060715715, 'max_x': 0.3664908209616634, 'min_y': 0.0247501993080205, 'max_y': 0.8305610856391196, 'min_z': 0.0243385312340626, 'max_z': 0.974882138553742}"
m90_copy.obj,Quadruped,5000,9930,triangles,"{'min_x': 0.025, 'max_x': 0.485433, 'min_y': 0.025, 'max_y': 0.5735, 'min_z': 0.025, 'max_z': 0.9749999999999989}"
m91_copy.obj,Quadruped,5000,9926,triangles,"{'min_x': 0.025, 'max_x': 0.338336, 'min_y': 0.025, 'max_y': 0.8610700000000001, 'min_z': 0.025, 'max_z': 0.975}"
m92_copy.obj,Quadruped,5000,9936,triangles,"{'min_x': 0.025, 'max_x': 0.335514, 'min_y': 0.025, 'max_y': 0.890256, 'min_z': 0.025, 'max_z': 0.975}"
m93_copy.obj,Quadruped,5000,9908,triangles,"{'min_x': 0.025, 'max_x': 0.9750000000000004, 'min_y': 0.025, 'max_y': 0.6577259999999999, 'min_z': 0.025, 'max_z': 0.2966600000000001}"
m94_copy.obj,Quadruped,5000,9615,triangles,"{'min_x': -39746300.0, 'max_x': 55866200.0, 'min_y': -172210000.0, 'max_y': 21099000.0, 'min_z': -454089488.15703934, 'max_z': 7989860.818165089}"
m95_copy.obj,Quadruped,5000,9996,triangles,"{'min_x': 0.0249999999999999, 'max_x': 0.2547259999999999, 'min_y': 0.025, 'max_y': 0.4132359999999999, 'min_z': 0.025, 'max_z': 0.9750000000000001}"
m96_copy.obj,Quadruped,4994,9695,triangles,"{'min_x': 0.025, 'max_x': 0.272288, 'min_y': 0.025, 'max_y': 0.537454, 'min_z': 0.025, 'max_z': 0.9750010240751718}"
m97_copy.obj,Quadruped,5000,9836,triangles,"{'min_x': 0.025, 'max_x': 0.280377, 'min_y': 0.025, 'max_y': 0.543507, 'min_z': 0.025, 'max_z': 0.975}"
m98_copy.obj,Quadruped,5000,9795,triangles,"{'min_x': 0.025, 'max_x': 0.2796279999999999, 'min_y': 0.025, 'max_y': 0.519559, 'min_z': 0.025, 'max_z': 0.975}"
m99_copy.obj,Quadruped,4999,9981,triangles,"{'min_x': 0.025, 'max_x': 0.337893, 'min_y': 0.025, 'max_y': 0.511845, 'min_z': 0.0249999999999998, 'max_z': 0.975}"
D00134_copy.obj,RectangleTable,5000,9920,triangles,"{'min_x': -0.706206, 'max_x': 0.7281549999999996, 'min_y': -0.369079, 'max_y': 0.485354, 'min_z': -0.100446, 'max_z': 0.6181109999999999}"
D00187_copy.obj,RectangleTable,5000,8608,triangles,"{'min_x': -0.563912, 'max_x': 0.68609, 'min_y': -0.249515, 'max_y': 0.831647, 'min_z': -0.27349, 'max_z': 0.280377}"
D00188_copy.obj,RectangleTable,5000,9960,triangles,"{'min_x': -0.743859, 'max_x': 1.15863, 'min_y': -0.611865, 'max_y': 0.477861, 'min_z': -0.274409, 'max_z': 0.496949}"
D00230_copy.obj,RectangleTable,5000,8383,triangles,"{'min_x': -0.7468420000000003, 'max_x': 0.601798, 'min_y': -0.608928, 'max_y': 0.668799, 'min_z': -0.227047, 'max_z': 0.765292}"
D00243_copy.obj,RectangleTable,5000,9792,triangles,"{'min_x': -0.781242, 'max_x': 0.793694, 'min_y': -0.241336, 'max_y': 0.701575, 'min_z': -0.268941, 'max_z': 0.474889}"
D00295_copy.obj,RectangleTable,5000,9980,triangles,"{'min_x': -0.857241, 'max_x': 0.625113, 'min_y': -0.538196, 'max_y': 0.702653, 'min_z': -0.896021, 'max_z': 0.134432}"
D00302_copy.obj,RectangleTable,5000,9874,triangles,"{'min_x': -0.823771, 'max_x': 0.654156, 'min_y': -0.417113, 'max_y': 0.533716, 'min_z': -0.477013, 'max_z': 0.43961}"
D00317_copy.obj,RectangleTable,5000,8880,triangles,"{'min_x': -1.14798, 'max_x': 0.649039, 'min_y': -0.9230510000000001, 'max_y': 0.875979, 'min_z': -0.032534, 'max_z': 0.5092119999999999}"
D00418_copy.obj,RectangleTable,5755,5831,triangles,"{'min_x': -73.75496159790576, 'max_x': 128.65058728399217, 'min_y': -221.39510222717462, 'max_y': 388.47520587892865, 'min_z': -18744.281392484638, 'max_z': 32991.41084014566}"
D00421_copy.obj,RectangleTable,5000,9976,triangles,"{'min_x': -1.07681, 'max_x': 0.790126, 'min_y': -0.346426, 'max_y': 0.434683, 'min_z': -0.39041, 'max_z': 0.155838}"
D00505_copy.obj,RectangleTable,5000,9956,triangles,"{'min_x': -0.916879, 'max_x': 0.833346, 'min_y': -0.466597, 'max_y': 0.591051, 'min_z': -0.148688, 'max_z': 0.367541}"
D00523_copy.obj,RectangleTable,4969,10020,triangles,"{'min_x': -0.977379, 'max_x': 0.97952, 'min_y': -1.0485, 'max_y': 0.897774, 'min_z': -0.1978376107739012, 'max_z': 0.257849}"
D00530_copy.obj,RectangleTable,5000,9896,triangles,"{'min_x': -0.6188580000000001, 'max_x': 0.463157, 'min_y': -0.626031, 'max_y': 0.491737, 'min_z': -0.6913169999999998, 'max_z': 0.493602}"
D00571_copy.obj,RectangleTable,5000,9889,triangles,"{'min_x': -0.543344, 'max_x': 0.689442, 'min_y': -0.67444, 'max_y': 0.6102080000000002, 'min_z': -0.764934, 'max_z': 0.317304}"
D00603_copy.obj,RectangleTable,5000,9432,triangles,"{'min_x': -0.882731, 'max_x': 0.75784, 'min_y': -0.581945, 'max_y': 0.382795, 'min_z': -0.639173, 'max_z': 0.304299}"
D00678_copy.obj,RectangleTable,5000,9863,triangles,"{'min_x': -0.596297, 'max_x': 0.773898, 'min_y': -0.585292, 'max_y': 0.496706, 'min_z': -0.801175, 'max_z': 0.3704770000000004}"
D00714_copy.obj,RectangleTable,5000,9936,triangles,"{'min_x': -0.8603010000000002, 'max_x': 0.945074, 'min_y': -0.6357890000000003, 'max_y': 0.373294, 'min_z': -0.5683340000000001, 'max_z': 0.479061}"
D00766_copy.obj,RectangleTable,5000,8732,triangles,"{'min_x': -0.938346, 'max_x': 0.751994, 'min_y': -0.843808, 'max_y': 0.846897, 'min_z': -0.048637, 'max_z': 0.637117}"
D00944_copy.obj,RectangleTable,5000,9964,triangles,"{'min_x': -0.877812, 'max_x': 0.630314, 'min_y': -0.662728, 'max_y': 0.717135, 'min_z': -0.506402, 'max_z': 0.839659}"
D00954_copy.obj,RectangleTable,5000,9795,triangles,"{'min_x': -0.7086039999999998, 'max_x': 0.585546, 'min_y': -0.736554, 'max_y': 0.446787, 'min_z': -0.713307, 'max_z': 0.7643190000000002}"
m763_copy.obj,RectangleTable,5000,9136,triangles,"{'min_x': 0.025, 'max_x': 0.975, 'min_y': 0.025, 'max_y': 0.95451, 'min_z': 0.025, 'max_z': 0.658334}"
m764_copy.obj,RectangleTable,5000,9688,triangles,"{'min_x': 0.025, 'max_x': 0.710369, 'min_y': 0.025, 'max_y': 0.648973, 'min_z': 0.025, 'max_z': 0.975}"
m765_copy.obj,RectangleTable,5000,9230,triangles,"{'min_x': 0.025, 'max_x': 0.975, 'min_y': 0.025, 'max_y': 0.570742, 'min_z': 0.025, 'max_z': 0.864273}"
m870_copy.obj,RectangleTable,5000,9996,triangles,"{'min_x': 0.025, 'max_x': 0.570807, 'min_y': 0.025, 'max_y': 0.440659, 'min_z': 0.025, 'max_z': 0.975}"
m871_copy.obj,RectangleTable,4899,9842,triangles,"{'min_x': 0.025, 'max_x': 0.895906, 'min_y': 0.025, 'max_y': 0.975, 'min_z': 0.025, 'max_z': 0.892876}"
m872_copy.obj,RectangleTable,4996,9906,triangles,"{'min_x': 0.025, 'max_x': 0.975, 'min_y': 0.025, 'max_y': 0.369962, 'min_z': 0.025, 'max_z': 0.447246}"
m873_copy.obj,RectangleTable,5000,9814,triangles,"{'min_x': 0.025, 'max_x': 0.678125, 'min_y': 0.025, 'max_y': 0.580156, 'min_z': 0.025, 'max_z': 0.975}"
m874_copy.obj,RectangleTable,5000,9544,triangles,"{'min_x': 0.025, 'max_x': 0.975, 'min_y': 0.025, 'max_y': 0.355804, 'min_z': 0.025, 'max_z': 0.432143}"
m875_copy.obj,RectangleTable,5000,9136,triangles,"{'min_x': 0.025, 'max_x': 0.975, 'min_y': 0.025, 'max_y': 0.263804, 'min_z': 0.025, 'max_z': 0.3844830000000001}"
m876_copy.obj,RectangleTable,5000,9612,triangles,"{'min_x': 0.025, 'max_x': 0.975, 'min_y': 0.025, 'max_y': 0.664286, 'min_z': 0.025, 'max_z': 0.974996}"
m877_copy.obj,RectangleTable,5000,9972,triangles,"{'min_x': 0.025, 'max_x': 0.9750000000000001, 'min_y': 0.025, 'max_y': 0.351352, 'min_z': 0.025, 'max_z': 0.9750000000000001}"
m878_copy.obj,RectangleTable,5000,9830,triangles,"{'min_x': 0.025, 'max_x': 0.8851220000000003, 'min_y': 0.025, 'max_y': 0.975, 'min_z': 0.025, 'max_z': 0.885123}"
m879_copy.obj,RectangleTable,5000,9682,triangles,"{'min_x': 0.025, 'max_x': 0.975, 'min_y': 0.0249999999999999, 'max_y': 0.3812500000000001, 'min_z': 0.025, 'max_z': 0.500002}"
m881_copy.obj,RectangleTable,5000,9786,triangles,"{'min_x': 0.025, 'max_x': 0.975, 'min_y': 0.025, 'max_y': 0.658333, 'min_z': 0.025, 'max_z': 0.341667}"
m882_copy.obj,RectangleTable,5000,9876,triangles,"{'min_x': 0.025, 'max_x': 0.975, 'min_y': 0.025, 'max_y': 0.809783, 'min_z': 0.025, 'max_z': 0.531445}"
m883_copy.obj,RectangleTable,5000,9980,triangles,"{'min_x': 0.025, 'max_x': 0.9750000000000001, 'min_y': 0.025, 'max_y': 0.975, 'min_z': 0.025, 'max_z': 0.9750000000000001}"
m886_copy.obj,RectangleTable,5000,9182,triangles,"{'min_x': 0.025, 'max_x': 0.9750000000000001, 'min_y': 0.025, 'max_y': 0.461865, 'min_z': 0.025, 'max_z': 0.711496}"
m887_copy.obj,RectangleTable,5000,9936,triangles,"{'min_x': 0.025, 'max_x': 0.975, 'min_y': 0.0249999999999999, 'max_y': 0.688021, 'min_z': 0.025, 'max_z': 0.341667}"
m888_copy.obj,RectangleTable,4991,9992,triangles,"{'min_x': 0.025, 'max_x': 0.9750000000000002, 'min_y': 0.025, 'max_y': 0.559375, 'min_z': 0.025, 'max_z': 0.5}"
m889_copy.obj,RectangleTable,5000,9996,triangles,"{'min_x': 0.0249999999999998, 'max_x': 0.5993060047093266, 'min_y': 0.0249999999999999, 'max_y': 0.56505, 'min_z': 0.025, 'max_z': 0.9750000000000008}"
m890_copy.obj,RectangleTable,5000,9944,triangles,"{'min_x': 0.025, 'max_x': 0.975, 'min_y': 0.025, 'max_y': 0.5684160000000003, 'min_z': 0.025, 'max_z': 0.650796}"
m891_copy.obj,RectangleTable,5000,9980,triangles,"{'min_x': 0.025, 'max_x': 0.975, 'min_y': 0.025, 'max_y': 0.3539950000000001, 'min_z': 0.025, 'max_z': 0.575336}"
m892_copy.obj,RectangleTable,5000,9404,triangles,"{'min_x': 0.025, 'max_x': 0.975, 'min_y': 0.025, 'max_y': 0.315248, 'min_z': 0.025, 'max_z': 0.5528}"
m893_copy.obj,RectangleTable,5000,9924,triangles,"{'min_x': 0.025, 'max_x': 0.975, 'min_y': 0.025, 'max_y': 0.91561, 'min_z': 0.025, 'max_z': 0.571286}"
m894_copy.obj,RectangleTable,5000,9732,triangles,"{'min_x': 0.025, 'max_x': 0.975, 'min_y': 0.025, 'max_y': 0.427148, 'min_z': 0.025, 'max_z': 0.975}"
m895_copy.obj,RectangleTable,5000,9732,triangles,"{'min_x': 0.025, 'max_x': 0.975, 'min_y': 0.025, 'max_y': 0.326611, 'min_z': 0.025, 'max_z': 0.618752}"
m896_copy.obj,RectangleTable,5000,9584,triangles,"{'min_x': 0.025, 'max_x': 0.856245, 'min_y': 0.025, 'max_y': 0.975, 'min_z': 0.025, 'max_z': 0.856245}"
m897_copy.obj,RectangleTable,5000,9688,triangles,"{'min_x': 0.025, 'max_x': 0.975, 'min_y': 0.025, 'max_y': 0.617266, 'min_z': 0.025, 'max_z': 0.262502}"
m898_copy.obj,RectangleTable,5000,9772,triangles,"{'min_x': 0.025, 'max_x': 0.9750000000000002, 'min_y': 0.025, 'max_y': 0.380927, 'min_z': 0.025, 'max_z': 0.5000020000000001}"
m901_copy.obj,RectangleTable,5000,9980,triangles,"{'min_x': 0.025, 'max_x': 0.975, 'min_y': 0.025, 'max_y': 0.744646, 'min_z': 0.025, 'max_z': 0.755263}"
m902_copy.obj,RectangleTable,5000,9976,triangles,"{'min_x': 0.025, 'max_x': 0.975, 'min_y': 0.025, 'max_y': 0.596181, 'min_z': 0.025, 'max_z': 0.436849}"
m904_copy.obj,RectangleTable,5000,9544,triangles,"{'min_x': 0.025, 'max_x': 0.405951, 'min_y': 0.025, 'max_y': 0.975, 'min_z': 0.025, 'max_z': 0.405951}"
m905_copy.obj,RectangleTable,5000,9638,triangles,"{'min_x': 0.025, 'max_x': 0.975, 'min_y': 0.025, 'max_y': 0.84105, 'min_z': 0.025, 'max_z': 0.975}"
m906_copy.obj,RectangleTable,5000,9956,triangles,"{'min_x': 0.025, 'max_x': 0.732512, 'min_y': 0.025, 'max_y': 0.350511, 'min_z': 0.025, 'max_z': 0.975}"
m907_copy.obj,RectangleTable,5000,9530,triangles,"{'min_x': 0.025, 'max_x': 0.460914, 'min_y': 0.025, 'max_y': 0.975, 'min_z': 0.025, 'max_z': 0.461116}"
m908_copy.obj,RectangleTable,5000,9772,triangles,"{'min_x': 0.025, 'max_x': 0.9750000000000002, 'min_y': 0.025, 'max_y': 0.380927, 'min_z': 0.025, 'max_z': 0.5000020000000001}"
m910_copy.obj,RectangleTable,4012,9604,triangles,"{'min_x': 0.025, 'max_x': 0.975, 'min_y': 0.025, 'max_y': 0.546104, 'min_z': 0.025, 'max_z': 0.760614}"
m912_copy.obj,RectangleTable,5000,9988,triangles,"{'min_x': 0.025, 'max_x': 0.9750000000000001, 'min_y': 0.025, 'max_y': 0.5, 'min_z': 0.025, 'max_z': 0.5}"
m913_copy.obj,RectangleTable,5000,9980,triangles,"{'min_x': 0.025, 'max_x': 0.684242, 'min_y': 0.025, 'max_y': 0.902915, 'min_z': 0.025, 'max_z': 0.975}"
m914_copy.obj,RectangleTable,5000,9698,triangles,"{'min_x': 0.025, 'max_x': 0.975, 'min_y': 0.025, 'max_y': 0.288203, 'min_z': 0.025, 'max_z': 0.379987}"
m915_copy.obj,RectangleTable,5000,9980,triangles,"{'min_x': 0.025, 'max_x': 0.975, 'min_y': 0.025, 'max_y': 0.636563, 'min_z': 0.025, 'max_z': 0.5}"
m917_copy.obj,RectangleTable,5000,9980,triangles,"{'min_x': 0.025, 'max_x': 0.975, 'min_y': 0.025, 'max_y': 0.405, 'min_z': 0.025, 'max_z': 0.658333}"
m919_copy.obj,RectangleTable,5000,9930,triangles,"{'min_x': 0.025, 'max_x': 0.855996, 'min_y': 0.025, 'max_y': 0.975, 'min_z': 0.025, 'max_z': 0.90372}"
m920_copy.obj,RectangleTable,4927,9462,triangles,"{'min_x': 0.025, 'max_x': 0.975, 'min_y': 0.025, 'max_y': 0.975, 'min_z': 0.025, 'max_z': 0.676806}"
D00015_copy.obj,Rocket,5000,9980,triangles,"{'min_x': -0.376261, 'max_x': 1.17067, 'min_y': -0.194145, 'max_y': 0.232521, 'min_z': -0.207637, 'max_z': 0.219035}"
D00343_copy.obj,Rocket,5000,9902,triangles,"{'min_x': -0.638802, 'max_x': 0.938396, 'min_y': -0.192311, 'max_y': 0.196906, 'min_z': -0.19809, 'max_z': 0.190727}"
D00346_copy.obj,Rocket,5000,9880,triangles,"{'min_x': -1.01735, 'max_x': 0.425072, 'min_y': -0.178134, 'max_y': 0.167429, 'min_z': -0.176754, 'max_z': 0.167208}"
D00354_copy.obj,Rocket,5000,9794,triangles,"{'min_x': -0.956015, 'max_x': 0.933647, 'min_y': -0.3101240000000001, 'max_y': 0.4024220000000001, 'min_z': -0.305138, 'max_z': 0.3105740000000001}"
D00426_copy.obj,Rocket,5000,9800,triangles,"{'min_x': -1.0222400000000005, 'max_x': 0.773607, 'min_y': -0.196216, 'max_y': 0.13698, 'min_z': -0.113511, 'max_z': 0.10123}"
D00428_copy.obj,Rocket,5000,9988,triangles,"{'min_x': -1.05469, 'max_x': 0.894492, 'min_y': -0.115143, 'max_y': 0.217718, 'min_z': -0.150943, 'max_z': 0.179191}"
D00433_copy.obj,Rocket,5000,9964,triangles,"{'min_x': -0.818707, 'max_x': 0.793682, 'min_y': -0.233606, 'max_y': 0.267361, 'min_z': -0.253759, 'max_z': 0.249727}"
D00437_copy.obj,Rocket,3148,6013,triangles,"{'min_x': -1.0896, 'max_x': 0.829451, 'min_y': -0.18998, 'max_y': 0.147994, 'min_z': -0.207735, 'max_z': 0.082673}"
D00472_copy.obj,Rocket,5000,9856,triangles,"{'min_x': -0.940631, 'max_x': 0.91002, 'min_y': -0.214642, 'max_y': 0.156407, 'min_z': -0.175996, 'max_z': 0.171539}"
D00485_copy.obj,Rocket,5000,9824,triangles,"{'min_x': -0.8134400000000003, 'max_x': 0.940178, 'min_y': -0.2214630000000004, 'max_y': 0.2425039999999999, 'min_z': -0.22958, 'max_z': 0.234435}"
D00528_copy.obj,Rocket,5000,9984,triangles,"{'min_x': -1.04818, 'max_x': 0.820302, 'min_y': -0.239429, 'max_y': 0.243583, 'min_z': -0.238561, 'max_z': 0.236202}"
D00564_copy.obj,Rocket,5000,8492,triangles,"{'min_x': -1.19684, 'max_x': 0.594097, 'min_y': -0.1383681672603133, 'max_y': 0.245138, 'min_z': -0.1880861193378763, 'max_z': 0.176884}"
D00585_copy.obj,Rocket,5000,9976,triangles,"{'min_x': -1.01609, 'max_x': 0.786223, 'min_y': -0.310088, 'max_y': 0.472136, 'min_z': -0.387358, 'max_z': 0.396474}"
D00614_copy.obj,Rocket,5000,9424,triangles,"{'min_x': -0.931042, 'max_x': 0.849059, 'min_y': -0.089971, 'max_y': 0.219059, 'min_z': -0.157139, 'max_z': 0.147331}"
D00697_copy.obj,Rocket,5000,9996,triangles,"{'min_x': -0.671248, 'max_x': 0.941028, 'min_y': -0.282161, 'max_y': 0.223494, 'min_z': -0.267608, 'max_z': 0.235476}"
D00719_copy.obj,Rocket,5000,9988,triangles,"{'min_x': -0.699287, 'max_x': 0.990757, 'min_y': -0.1779620042829582, 'max_y': 0.15734, 'min_z': -0.1621719925195301, 'max_z': 0.155736}"
D00764_copy.obj,Rocket,5000,9964,triangles,"{'min_x': -0.5479530000000001, 'max_x': 0.99425, 'min_y': -0.114158, 'max_y': 0.167714, 'min_z': -0.141261, 'max_z': 0.140374}"
D00851_copy.obj,Rocket,5000,9988,triangles,"{'min_x': -1.0605299999999998, 'max_x': 0.888826, 'min_y': -0.111481, 'max_y': 0.221993, 'min_z': -0.173601, 'max_z': 0.157947}"
D00942_copy.obj,Rocket,5000,9996,triangles,"{'min_x': -0.590479, 'max_x': 0.906935, 'min_y': -0.192285, 'max_y': 0.156672, 'min_z': -0.186346, 'max_z': 0.160683}"
D00975_copy.obj,Rocket,5000,9724,triangles,"{'min_x': -0.961595, 'max_x': 0.9693379554035583, 'min_y': -0.1394519841078656, 'max_y': 0.28388, 'min_z': -0.196421, 'max_z': 0.2649211301902907}"
D00083_copy.obj,RoundTable,5000,9896,triangles,"{'min_x': -0.5825310000000004, 'max_x': 0.961607, 'min_y': -0.776936, 'max_y': 0.833361, 'min_z': -0.780501, 'max_z': 0.835638}"
D00094_copy.obj,RoundTable,5000,9896,triangles,"{'min_x': -0.735284, 'max_x': 0.417311, 'min_y': -0.548883, 'max_y': 0.8458241601807004, 'min_z': -0.656372, 'max_z': 0.629085}"
D00107_copy.obj,RoundTable,5000,8908,triangles,"{'min_x': -0.276639, 'max_x': 0.861997, 'min_y': -0.57097, 'max_y': 0.727171, 'min_z': -0.631016, 'max_z': 0.68805}"
D00194_copy.obj,RoundTable,5000,9318,triangles,"{'min_x': -0.674582, 'max_x': 0.995364, 'min_y': -0.7644, 'max_y': 0.597173, 'min_z': -0.747263, 'max_z': 0.8717920000000005}"
D00344_copy.obj,RoundTable,5000,9964,triangles,"{'min_x': -1.0026, 'max_x': 0.709074, 'min_y': -0.851553, 'max_y': 0.865424, 'min_z': -0.194635, 'max_z': 0.766418}"
D00401_copy.obj,RoundTable,5000,8744,triangles,"{'min_x': -1.09992, 'max_x': 0.737442, 'min_y': -1.02134, 'max_y': 0.836857, 'min_z': -0.9940370000000006, 'max_z': 0.4409980000000005}"
D00407_copy.obj,RoundTable,5000,9082,triangles,"{'min_x': -0.815619, 'max_x': 1.17116, 'min_y': -0.958069, 'max_y': 1.0285100000000005, 'min_z': -0.579912, 'max_z': 0.1378399999677159}"
D00492_copy.obj,RoundTable,5000,9980,triangles,"{'min_x': -0.829666198394829, 'max_x': 1.054010232297724, 'min_y': -0.8044286247917465, 'max_y': 0.65674513124528, 'min_z': -0.6544879056172772, 'max_z': 0.2070595022949765}"
D00501_copy.obj,RoundTable,5000,9980,triangles,"{'min_x': -0.724973, 'max_x': 0.919174, 'min_y': -0.822372, 'max_y': 0.803819, 'min_z': -0.185433, 'max_z': 0.583589}"
D00503_copy.obj,RoundTable,5000,9904,triangles,"{'min_x': -0.600342, 'max_x': 0.628093, 'min_y': -0.451238, 'max_y': 0.397175, 'min_z': -0.391328, 'max_z': 0.441497}"
D00524_copy.obj,RoundTable,5000,9980,triangles,"{'min_x': -0.759903, 'max_x': 0.5393770000000004, 'min_y': -0.631271, 'max_y': 0.6061549999999999, 'min_z': -0.482521, 'max_z': 0.7978090000000003}"
D00581_copy.obj,RoundTable,5000,9780,triangles,"{'min_x': -0.748806, 'max_x': 1.19973, 'min_y': -0.952234, 'max_y': 0.993392, 'min_z': -0.71742, 'max_z': 0.404848}"
D00646_copy.obj,RoundTable,5000,9518,triangles,"{'min_x': -0.653058, 'max_x': 0.995817, 'min_y': -0.825887, 'max_y': 0.8208560000000006, 'min_z': -0.345202, 'max_z': 0.692204}"
D00649_copy.obj,RoundTable,5000,9980,triangles,"{'min_x': -0.921891, 'max_x': 0.858846, 'min_y': -0.890336, 'max_y': 0.891407, 'min_z': -0.908957, 'max_z': 0.116575}"
D00702_copy.obj,RoundTable,4997,9937,triangles,"{'min_x': -0.843261, 'max_x': 0.598222, 'min_y': -0.728474, 'max_y': 0.819497, 'min_z': -0.351743, 'max_z': 0.836485}"
D00756_copy.obj,RoundTable,5000,9996,triangles,"{'min_x': -0.852804, 'max_x': 0.421667, 'min_y': -0.269645, 'max_y': 0.513636, 'min_z': -0.384058, 'max_z': 0.39857}"
D00827_copy.obj,RoundTable,5000,9972,triangles,"{'min_x': -0.671223, 'max_x': 1.04606, 'min_y': -0.594336, 'max_y': 1.24015, 'min_z': -0.926859, 'max_z': 0.844353}"
D00866_copy.obj,RoundTable,5000,9928,triangles,"{'min_x': -0.735421, 'max_x': 0.587976, 'min_y': -0.822968, 'max_y': 0.516124, 'min_z': -0.5827, 'max_z': 0.56519}"
D00909_copy.obj,RoundTable,5000,9928,triangles,"{'min_x': -0.747098, 'max_x': 0.765997, 'min_y': -0.735746, 'max_y': 0.627858, 'min_z': -0.557324, 'max_z': 0.766642}"
D00948_copy.obj,RoundTable,5000,9984,triangles,"{'min_x': -0.373726, 'max_x': 0.779868, 'min_y': -0.445699, 'max_y': 0.444198, 'min_z': -0.446052, 'max_z': 0.446541}"
m921_copy.obj,RoundTable,5000,9518,triangles,"{'min_x': 0.025, 'max_x': 0.9750000000000004, 'min_y': 0.025, 'max_y': 0.4686790000000002, 'min_z': 0.025, 'max_z': 0.975}"
m922_copy.obj,RoundTable,5000,9980,triangles,"{'min_x': 0.025, 'max_x': 0.975, 'min_y': 0.025, 'max_y': 0.5356250000000001, 'min_z': 0.025, 'max_z': 0.9285040000000001}"
m923_copy.obj,RoundTable,5000,9964,triangles,"{'min_x': 0.025, 'max_x': 0.97442, 'min_y': 0.025, 'max_y': 0.5262230000000001, 'min_z': 0.025, 'max_z': 0.975}"
m924_copy.obj,RoundTable,5000,9082,triangles,"{'min_x': 0.025, 'max_x': 0.975, 'min_y': 0.025, 'max_y': 0.3363260000000001, 'min_z': 0.025, 'max_z': 0.9750000000000002}"
m925_copy.obj,RoundTable,5000,9064,triangles,"{'min_x': 0.025, 'max_x': 0.974907, 'min_y': 0.025, 'max_y': 0.5685920000000001, 'min_z': 0.025, 'max_z': 0.975}"
m926_copy.obj,RoundTable,5000,9140,triangles,"{'min_x': 0.025, 'max_x': 0.975, 'min_y': 0.025, 'max_y': 0.7916050000000002, 'min_z': 0.025, 'max_z': 0.975}"
m927_copy.obj,RoundTable,5000,9964,triangles,"{'min_x': 0.025, 'max_x': 0.9744240000000005, 'min_y': 0.025, 'max_y': 0.354664, 'min_z': 0.025, 'max_z': 0.9750000000000001}"
m928_copy.obj,RoundTable,5000,9230,triangles,"{'min_x': 0.025, 'max_x': 0.9750000000000003, 'min_y': 0.0249999999999997, 'max_y': 0.8046760000000001, 'min_z': 0.025, 'max_z': 0.975}"
m929_copy.obj,RoundTable,5000,9238,triangles,"{'min_x': 0.025, 'max_x': 0.9750000000000001, 'min_y': 0.0249999999999999, 'max_y': 0.5625540000000001, 'min_z': 0.025, 'max_z': 0.975}"
m930_copy.obj,RoundTable,5000,9976,triangles,"{'min_x': 0.025, 'max_x': 0.6410810000000001, 'min_y': 0.025, 'max_y': 0.975, 'min_z': 0.025, 'max_z': 0.6410810000000005}"
m931_copy.obj,RoundTable,5000,9980,triangles,"{'min_x': 0.025, 'max_x': 0.811207, 'min_y': 0.025, 'max_y': 0.9750000000000001, 'min_z': 0.025, 'max_z': 0.772727}"
m932_copy.obj,RoundTable,5000,8952,triangles,"{'min_x': 0.025, 'max_x': 0.975, 'min_y': 0.0248580606072722, 'max_y': 0.6202067983775592, 'min_z': 0.025, 'max_z': 0.975}"
m933_copy.obj,RoundTable,5000,9988,triangles,"{'min_x': 0.025, 'max_x': 0.975, 'min_y': 0.025, 'max_y': 0.559375, 'min_z': 0.025, 'max_z': 0.928504}"
m934_copy.obj,RoundTable,5000,9980,triangles,"{'min_x': 0.025, 'max_x': 0.975, 'min_y': 0.025, 'max_y': 0.814898, 'min_z': 0.025, 'max_z': 0.975}"
m935_copy.obj,RoundTable,4912,9946,triangles,"{'min_x': 0.025, 'max_x': 0.876203, 'min_y': 0.025, 'max_y': 0.975, 'min_z': 0.025, 'max_z': 0.876186}"
m937_copy.obj,RoundTable,5000,9996,triangles,"{'min_x': 0.0249999999999999, 'max_x': 0.975, 'min_y': 0.025, 'max_y': 0.7638890000000007, 'min_z': 0.025, 'max_z': 0.975}"
m938_copy.obj,RoundTable,4992,9966,triangles,"{'min_x': 0.025, 'max_x': 0.87475, 'min_y': 0.025, 'max_y': 0.876735, 'min_z': 0.025, 'max_z': 0.975}"
D00057_copy.obj,Shelf,5000,9528,triangles,"{'min_x': -0.956341, 'max_x': 0.730087, 'min_y': -0.702769, 'max_y': 0.462335, 'min_z': -0.300438, 'max_z': 0.20203}"
D00074_copy.obj,Shelf,5000,9784,triangles,"{'min_x': -0.7583280000000001, 'max_x': 1.0382000000000002, 'min_y': -0.6353810000000001, 'max_y': 0.8502890000000001, 'min_z': -0.2847870000000001, 'max_z': 0.160204}"
D00129_copy.obj,Shelf,5000,9840,triangles,"{'min_x': -0.760135, 'max_x': 0.7635539999999998, 'min_y': -0.7312210000000002, 'max_y': 0.923977, 'min_z': -0.2802180000000001, 'max_z': 0.19845}"
D00171_copy.obj,Shelf,5000,9032,triangles,"{'min_x': -0.8252290000000003, 'max_x': 0.917115, 'min_y': -0.635851, 'max_y': 0.29728, 'min_z': -0.291628, 'max_z': 0.261916}"
D00198_copy.obj,Shelf,5000,9308,triangles,"{'min_x': -0.799434, 'max_x': 0.744647, 'min_y': -0.750856, 'max_y': 0.6453599999999999, 'min_z': -0.09851, 'max_z': 0.27292}"
D00242_copy.obj,Shelf,5000,9070,triangles,"{'min_x': -1.17163, 'max_x': 0.757996, 'min_y': -1.02622, 'max_y': 0.902776, 'min_z': -0.193852, 'max_z': 0.394703}"
D00337_copy.obj,Shelf,2858,4982,triangles,"{'min_x': -0.741947, 'max_x': 1.12612, 'min_y': -1.09398, 'max_y': 0.705403, 'min_z': -0.30007, 'max_z': 0.108376}"
D00352_copy.obj,Shelf,5000,9996,triangles,"{'min_x': -0.719658, 'max_x': 1.07551, 'min_y': -0.832937, 'max_y': 0.502862, 'min_z': -0.259647, 'max_z': 0.225189}"
D00468_copy.obj,Shelf,4982,9340,triangles,"{'min_x': -1.14697, 'max_x': 0.728744, 'min_y': -1.02188, 'max_y': 0.831612, 'min_z': -0.382021, 'max_z': 0.376543}"
D00592_copy.obj,Shelf,5000,9964,triangles,"{'min_x': -0.764685, 'max_x': 1.21042, 'min_y': -0.890851, 'max_y': 1.06315, 'min_z': -0.315815, 'max_z': 0.177537}"
D00631_copy.obj,Shelf,5000,9792,triangles,"{'min_x': -0.833323, 'max_x': 1.00919, 'min_y': -0.725468, 'max_y': 0.830073, 'min_z': -0.126855, 'max_z': 0.184888}"
D00691_copy.obj,Shelf,5901,5538,triangles,"{'min_x': -117339.26100847925, 'max_x': 190622.58706075684, 'min_y': -4346.98880469367, 'max_y': 7062.4976027219145, 'min_z': -295.3943900209333, 'max_z': 480.0788355131202}"
D00725_copy.obj,Shelf,5000,9912,triangles,"{'min_x': -0.7575760000000001, 'max_x': 1.0932100000000002, 'min_y': -0.746881, 'max_y': 0.8900209999999996, 'min_z': -0.229562, 'max_z': 0.196062}"
D00772_copy.obj,Shelf,5000,9842,triangles,"{'min_x': -0.571215, 'max_x': 0.95787, 'min_y': -0.934896, 'max_y': 0.745017, 'min_z': -0.223388, 'max_z': 0.11265}"
D00781_copy.obj,Shelf,5000,9535,triangles,"{'min_x': -0.793321, 'max_x': 1.15081, 'min_y': -0.897298, 'max_y': 0.9338880000016381, 'min_z': -0.5672110000000002, 'max_z': 0.4788780000000001}"
D00818_copy.obj,Shelf,5000,9653,triangles,"{'min_x': -0.53989, 'max_x': 0.981276, 'min_y': -0.604997, 'max_y': 0.665191, 'min_z': -0.220333, 'max_z': 0.216049}"
D00881_copy.obj,Shelf,593,993,triangles,"{'min_x': -0.767308, 'max_x': 1.17375, 'min_y': -0.963581, 'max_y': 0.960719, 'min_z': -0.190552, 'max_z': 0.128665}"
D00887_copy.obj,Shelf,5000,9586,triangles,"{'min_x': -0.754657, 'max_x': 1.12675, 'min_y': -0.4709230000000001, 'max_y': 0.704412, 'min_z': -0.129496, 'max_z': 0.180283}"
D00917_copy.obj,Shelf,5000,9986,triangles,"{'min_x': -0.946831, 'max_x': 0.8822319999999998, 'min_y': -0.413191, 'max_y': 0.521659, 'min_z': -0.1558, 'max_z': 0.392554}"
D00956_copy.obj,Shelf,5000,9626,triangles,"{'min_x': -0.803797, 'max_x': 0.934691, 'min_y': -0.7210519999999999, 'max_y': 0.5545000000000001, 'min_z': -0.215748, 'max_z': 0.179699}"
m844_copy.obj,Shelf,5000,9850,triangles,"{'min_x': 0.025, 'max_x': 0.975, 'min_y': 0.025, 'max_y': 0.826961, 'min_z': 0.025, 'max_z': 0.204296}"
m845_copy.obj,Shelf,5000,9648,triangles,"{'min_x': 0.025, 'max_x': 0.785639, 'min_y': 0.025, 'max_y': 0.975, 'min_z': 0.025, 'max_z': 0.263024}"
m846_copy.obj,Shelf,5000,9886,triangles,"{'min_x': 0.025, 'max_x': 0.551, 'min_y': 0.025, 'max_y': 0.975, 'min_z': 0.025, 'max_z': 0.267805}"
m847_copy.obj,Shelf,5000,9784,triangles,"{'min_x': 0.025, 'max_x': 0.660413, 'min_y': 0.025, 'max_y': 0.975, 'min_z': 0.025, 'max_z': 0.225022}"
m849_copy.obj,Shelf,5000,9874,triangles,"{'min_x': 0.025, 'max_x': 0.975, 'min_y': 0.025, 'max_y': 0.662127, 'min_z': 0.025, 'max_z': 0.178756}"
m850_copy.obj,Shelf,5000,9852,triangles,"{'min_x': 0.025, 'max_x': 0.975, 'min_y': 0.025, 'max_y': 0.78355, 'min_z': 0.025, 'max_z': 0.198028}"
m851_copy.obj,Shelf,5000,9802,triangles,"{'min_x': 0.025, 'max_x': 0.8392860000000001, 'min_y': 0.025, 'max_y': 0.975, 'min_z': 0.025, 'max_z': 0.296429}"
m852_copy.obj,Shelf,4997,9594,triangles,"{'min_x': 0.025, 'max_x': 0.79527, 'min_y': 0.025, 'max_y': 0.975, 'min_z': 0.025, 'max_z': 0.281757}"
m853_copy.obj,Shelf,5000,9328,triangles,"{'min_x': 0.025, 'max_x': 0.7557690000000001, 'min_y': 0.025, 'max_y': 0.975, 'min_z': 0.025, 'max_z': 0.207692}"
m854_copy.obj,Shelf,5000,9798,triangles,"{'min_x': 0.025, 'max_x': 0.974269, 'min_y': 0.025, 'max_y': 0.9750000000000001, 'min_z': 0.025, 'max_z': 0.1934190000000001}"
m855_copy.obj,Shelf,5000,8672,triangles,"{'min_x': 0.025, 'max_x': 0.9750000000000001, 'min_y': 0.025, 'max_y': 0.816667, 'min_z': 0.025, 'max_z': 0.5}"
m856_copy.obj,Shelf,5000,9968,triangles,"{'min_x': 0.025, 'max_x': 0.975, 'min_y': 0.025, 'max_y': 0.791105, 'min_z': 0.025, 'max_z': 0.4080530000000001}"
m857_copy.obj,Shelf,5000,9944,triangles,"{'min_x': 0.025, 'max_x': 0.9749999999999998, 'min_y': 0.025, 'max_y': 0.6686110000000001, 'min_z': 0.025, 'max_z': 0.331583}"
m858_copy.obj,Shelf,5000,8764,triangles,"{'min_x': 0.025, 'max_x': 0.975, 'min_y': 0.025, 'max_y': 0.5, 'min_z': 0.025, 'max_z': 0.12}"
m859_copy.obj,Shelf,5000,9604,triangles,"{'min_x': 0.025, 'max_x': 0.677822, 'min_y': 0.025, 'max_y': 0.9750000000000001, 'min_z': 0.025, 'max_z': 0.3223130000000001}"
m860_copy.obj,Shelf,5000,9972,triangles,"{'min_x': 0.025, 'max_x': 0.975, 'min_y': 0.025, 'max_y': 0.788295, 'min_z': 0.025, 'max_z': 0.291699}"
m861_copy.obj,Shelf,5000,9899,triangles,"{'min_x': 0.025, 'max_x': 0.975, 'min_y': 0.025, 'max_y': 0.910624, 'min_z': 0.025, 'max_z': 0.176864}"
m862_copy.obj,Shelf,5000,9912,triangles,"{'min_x': 0.025, 'max_x': 0.468246, 'min_y': 0.025, 'max_y': 0.975, 'min_z': 0.025, 'max_z': 0.912536}"
m863_copy.obj,Shelf,5000,9258,triangles,"{'min_x': 0.025, 'max_x': 0.590289, 'min_y': 0.025, 'max_y': 0.9750000000000001, 'min_z': 0.025, 'max_z': 0.213433}"
m864_copy.obj,Shelf,5000,9172,triangles,"{'min_x': 0.025, 'max_x': 0.5000000000000002, 'min_y': 0.025, 'max_y': 0.9750000000000001, 'min_z': 0.025, 'max_z': 0.183336}"
m865_copy.obj,Shelf,5000,9336,triangles,"{'min_x': 0.025, 'max_x': 0.722957, 'min_y': 0.025, 'max_y': 0.975, 'min_z': 0.025, 'max_z': 0.257657}"
m866_copy.obj,Shelf,5000,9422,triangles,"{'min_x': 0.025, 'max_x': 0.936995, 'min_y': 0.025, 'max_y': 0.975, 'min_z': 0.025, 'max_z': 0.329004}"
m868_copy.obj,Shelf,5000,9836,triangles,"{'min_x': 0.025, 'max_x': 0.387727, 'min_y': 0.025, 'max_y': 0.975, 'min_z': 0.025, 'max_z': 0.1977270000000001}"
D00027_copy.obj,Ship,6209,6809,triangles,"{'min_x': -85.25613233569696, 'max_x': 7436.806494194517, 'min_y': -517.4647756851779, 'max_y': 1984.8423423462348, 'min_z': -862.3749309224823, 'max_z': 151.4262446299065}"
D00042_copy.obj,Ship,5000,9368,triangles,"{'min_x': -1.00258, 'max_x': 0.964704, 'min_y': -0.2030190000000001, 'max_y': 0.255754, 'min_z': -0.422159, 'max_z': 0.208107}"
D00099_copy.obj,Ship,5000,10000,triangles,"{'min_x': -0.921394, 'max_x': 0.9508759999999639, 'min_y': -0.256689, 'max_y': 0.4507039999999999, 'min_z': -0.117036, 'max_z': 0.193121}"
D00175_copy.obj,Ship,5000,9544,triangles,"{'min_x': -0.6809021506424187, 'max_x': 0.8651182450158347, 'min_y': -0.2470693156004893, 'max_y': 0.2194902261352895, 'min_z': -0.165009, 'max_z': 0.2170798593182336}"
D00247_copy.obj,Ship,5000,8258,triangles,"{'min_x': -0.942829, 'max_x': 0.990447, 'min_y': -0.249844, 'max_y': 0.193791, 'min_z': -0.127142, 'max_z': 0.149932}"
D00258_copy.obj,Ship,5000,6941,triangles,"{'min_x': -0.964138, 'max_x': 0.895676, 'min_y': -0.368354, 'max_y': 0.321623, 'min_z': -0.13321, 'max_z': 0.119153}"
D00292_copy.obj,Ship,6222,6827,triangles,"{'min_x': -2466.4554951303476, 'max_x': 706.3134341427857, 'min_y': -8075.063118811881, 'max_y': 985.5695740602016, 'min_z': -126.29844853824413, 'max_z': 18.718562122358904}"
D00429_copy.obj,Ship,5000,9478,triangles,"{'min_x': -0.683975638108184, 'max_x': 1.00175, 'min_y': -0.2444508605735832, 'max_y': 0.3001183722431317, 'min_z': -0.3277507478600671, 'max_z': 0.3123994656292678}"
D00467_copy.obj,Ship,5000,7044,triangles,"{'min_x': -1.01228, 'max_x': 0.9518599999999999, 'min_y': -0.269387, 'max_y': 0.150805, 'min_z': -0.093821, 'max_z': 0.100438}"
D00539_copy.obj,Ship,5000,8368,triangles,"{'min_x': -1.031235366723163, 'max_x': 0.8961287873506398, 'min_y': -0.2158261583036721, 'max_y': 0.1485009421719514, 'min_z': -0.1987302715759717, 'max_z': 0.2288435353823712}"
D00543_copy.obj,Ship,5000,9185,triangles,"{'min_x': -0.839794, 'max_x': 1.06456, 'min_y': -0.616998, 'max_y': 0.215636, 'min_z': -0.2308610433098642, 'max_z': 0.2007098086605726}"
D00647_copy.obj,Ship,5000,9896,triangles,"{'min_x': -0.9744209999999996, 'max_x': 0.981983, 'min_y': -0.228144, 'max_y': 0.168889, 'min_z': -0.1432410000000001, 'max_z': 0.1268530000000001}"
D00771_copy.obj,Ship,6839,10059,triangles,"{'min_x': -0.8838539777521575, 'max_x': 19.97955436138473, 'min_y': -0.4701293399919815, 'max_y': 1.7492202089523667, 'min_z': -0.112226, 'max_z': 0.0995603495693805}"
D00791_copy.obj,Ship,6202,6801,triangles,"{'min_x': -727.7924384949124, 'max_x': 434.63727206958833, 'min_y': -544.7412334429147, 'max_y': 7385.581447366428, 'min_z': -314.1872955622796, 'max_z': 734.736153572101}"
D00809_copy.obj,Ship,5000,8834,triangles,"{'min_x': -0.981329, 'max_x': 0.8978225257209747, 'min_y': -0.4331929510073525, 'max_y': 0.2635494743520446, 'min_z': -0.161653, 'max_z': 0.1930156909174801}"
D00837_copy.obj,Ship,5000,8258,triangles,"{'min_x': -0.924, 'max_x': 1.00797, 'min_y': -0.2732659926291242, 'max_y': 0.167856, 'min_z': -0.124809, 'max_z': 0.153832}"
D00896_copy.obj,Ship,4956,9292,triangles,"{'min_x': -1.13694, 'max_x': 0.757844, 'min_y': -0.444753, 'max_y': 0.335244, 'min_z': -0.259955, 'max_z': 0.251197}"
D00907_copy.obj,Ship,5000,9728,triangles,"{'min_x': -0.618782, 'max_x': 0.876617, 'min_y': -0.284349, 'max_y': 0.3479131616868779, 'min_z': -0.264673, 'max_z': 0.31066}"
D00935_copy.obj,Ship,5000,9952,triangles,"{'min_x': -0.9145269999999998, 'max_x': 0.965058, 'min_y': -0.120096, 'max_y': 0.208284, 'min_z': -0.060672, 'max_z': 0.114198}"
D00949_copy.obj,Ship,5000,9728,triangles,"{'min_x': -1.01365, 'max_x': 0.933231, 'min_y': -0.247172, 'max_y': 0.51412, 'min_z': -0.209759, 'max_z': 0.385996}"
m1427_copy.obj,Ship,5000,9152,triangles,"{'min_x': 0.025, 'max_x': 0.9750000000000001, 'min_y': 0.0249999999999999, 'max_y': 0.219739, 'min_z': 0.025, 'max_z': 0.1816}"
m1428_copy.obj,Ship,5000,9046,triangles,"{'min_x': 0.025, 'max_x': 0.9750000000000001, 'min_y': 0.025, 'max_y': 0.239868, 'min_z': 0.025, 'max_z': 0.14634}"
m1429_copy.obj,Ship,5000,9115,triangles,"{'min_x': 0.025, 'max_x': 0.9749999999999999, 'min_y': 0.025, 'max_y': 0.301662, 'min_z': 0.025, 'max_z': 0.13238}"
m1430_copy.obj,Ship,5000,8983,triangles,"{'min_x': 0.025, 'max_x': 0.975, 'min_y': 0.025, 'max_y': 0.367111, 'min_z': 0.025, 'max_z': 0.138905}"
m1431_copy.obj,Ship,5000,9166,triangles,"{'min_x': 0.025, 'max_x': 0.975, 'min_y': 0.025, 'max_y': 0.318517, 'min_z': 0.025, 'max_z': 0.176693}"
m1432_copy.obj,Ship,5000,9486,triangles,"{'min_x': 0.025, 'max_x': 0.975, 'min_y': 0.025, 'max_y': 0.262155, 'min_z': 0.025, 'max_z': 0.119449}"
m1433_copy.obj,Ship,5000,8895,triangles,"{'min_x': 0.025, 'max_x': 0.975, 'min_y': 0.025, 'max_y': 0.313262, 'min_z': 0.025, 'max_z': 0.195429}"
m1434_copy.obj,Ship,5000,9857,triangles,"{'min_x': 0.025, 'max_x': 0.47232, 'min_y': 0.0249999999999999, 'max_y': 0.276558, 'min_z': 0.025, 'max_z': 0.975}"
m1435_copy.obj,Ship,6199,6808,triangles,"{'min_x': -0.2567868735110491, 'max_x': 1.051659386743739, 'min_y': -195.1837697784663, 'max_y': 52.32126311482163, 'min_z': -14.586465937409942, 'max_z': 48.93805763424785}"
m1436_copy.obj,Ship,5000,9930,triangles,"{'min_x': 0.0249999999999991, 'max_x': 0.1559690000000001, 'min_y': 0.025, 'max_y': 0.209796, 'min_z': 0.025, 'max_z': 0.9750000000000003}"
m1437_copy.obj,Ship,5000,9238,triangles,"{'min_x': 0.025, 'max_x': 0.975, 'min_y': 0.025, 'max_y': 0.284961, 'min_z': 0.025, 'max_z': 0.127364}"
m1438_copy.obj,Ship,5000,9500,triangles,"{'min_x': 0.025, 'max_x': 0.975, 'min_y': 0.025, 'max_y': 0.19299, 'min_z': 0.025, 'max_z': 0.187891}"
m1439_copy.obj,Ship,4994,9960,triangles,"{'min_x': 0.025, 'max_x': 0.9750000000000003, 'min_y': 0.025, 'max_y': 0.2687, 'min_z': 0.025, 'max_z': 0.122699}"
m1440_copy.obj,Ship,5000,7173,triangles,"{'min_x': 0.025, 'max_x': 0.9749999999999999, 'min_y': 0.0250000002268971, 'max_y': 0.221908, 'min_z': 0.025, 'max_z': 0.262171}"
m1441_copy.obj,Ship,5000,7275,triangles,"{'min_x': 0.025, 'max_x': 0.9749999999999998, 'min_y': 0.025, 'max_y': 0.425436, 'min_z': 0.0249999999999999, 'max_z': 0.2398589999999996}"
m1442_copy.obj,Ship,5000,8836,triangles,"{'min_x': 0.025, 'max_x': 0.164983, 'min_y': 0.0249998842482997, 'max_y': 0.305256, 'min_z': 0.0250103394676732, 'max_z': 0.9750127401018756}"
m1444_copy.obj,Ship,5000,9220,triangles,"{'min_x': 0.025, 'max_x': 0.231519, 'min_y': 0.025, 'max_y': 0.45932, 'min_z': 0.025, 'max_z': 0.975}"
m1446_copy.obj,Ship,5000,8264,triangles,"{'min_x': 0.025, 'max_x': 0.975, 'min_y': 0.025, 'max_y': 0.159904, 'min_z': 0.025, 'max_z': 0.244612}"
m1447_copy.obj,Ship,4982,9352,triangles,"{'min_x': 0.025, 'max_x': 0.1218770000000001, 'min_y': 0.025, 'max_y': 0.179082, 'min_z': 0.025, 'max_z': 0.975}"
m1448_copy.obj,Ship,5000,9855,triangles,"{'min_x': 0.025, 'max_x': 0.186087, 'min_y': 0.025, 'max_y': 0.975, 'min_z': 0.025, 'max_z': 0.681739}"
m1449_copy.obj,Ship,5000,10000,triangles,"{'min_x': 0.025, 'max_x': 0.223899, 'min_y': 0.025, 'max_y': 0.849298, 'min_z': 0.025, 'max_z': 0.9750000000000002}"
m1450_copy.obj,Ship,5000,9523,triangles,"{'min_x': 0.025, 'max_x': 0.238483, 'min_y': 0.025, 'max_y': 0.843388, 'min_z': 0.025, 'max_z': 0.975}"
m1451_copy.obj,Ship,5000,9840,triangles,"{'min_x': 0.025, 'max_x': 0.181495, 'min_y': 0.025, 'max_y': 0.975, 'min_z': 0.025, 'max_z': 0.691454}"
m1452_copy.obj,Ship,5000,9636,triangles,"{'min_x': 0.0250000000000001, 'max_x': 0.603552, 'min_y': 0.025, 'max_y': 0.975, 'min_z': 0.025, 'max_z': 0.158593}"
m1453_copy.obj,Ship,5000,9812,triangles,"{'min_x': 0.025, 'max_x': 0.440089, 'min_y': 0.025, 'max_y': 0.690945, 'min_z': 0.025, 'max_z': 0.975}"
m1454_copy.obj,Ship,5000,9948,triangles,"{'min_x': 0.025, 'max_x': 0.637377, 'min_y': 0.025, 'max_y': 0.820991, 'min_z': 0.025, 'max_z': 0.975}"
m1455_copy.obj,Ship,5000,9948,triangles,"{'min_x': 0.025, 'max_x': 0.402439, 'min_y': 0.025, 'max_y': 0.706094, 'min_z': 0.025, 'max_z': 0.975}"
m1456_copy.obj,Ship,4997,9910,triangles,"{'min_x': 0.025, 'max_x': 0.882844, 'min_y': 0.025, 'max_y': 0.975, 'min_z': 0.025, 'max_z': 0.270117}"
m1457_copy.obj,Ship,5000,9589,triangles,"{'min_x': 0.025, 'max_x': 0.375197, 'min_y': 0.025, 'max_y': 0.59733, 'min_z': 0.025, 'max_z': 0.975}"
m1458_copy.obj,Ship,5000,9636,triangles,"{'min_x': 0.025, 'max_x': 0.9750000000000005, 'min_y': 0.025, 'max_y': 0.89088, 'min_z': 0.025, 'max_z': 0.554814}"
m1459_copy.obj,Ship,5000,9488,triangles,"{'min_x': 0.025, 'max_x': 0.9750000000000002, 'min_y': 0.0249999999999999, 'max_y': 0.6644050000000001, 'min_z': 0.025, 'max_z': 0.42026}"
m1460_copy.obj,Ship,5000,9722,triangles,"{'min_x': 0.025, 'max_x': 0.6778890000000004, 'min_y': 0.025, 'max_y': 0.5188390000000002, 'min_z': 0.025, 'max_z': 0.975}"
m1461_copy.obj,Ship,5000,5164,triangles,"{'min_x': 0.0, 'max_x': 0.718676, 'min_y': 0.0, 'max_y': 0.513399, 'min_z': -0.109111745838849, 'max_z': 0.9840344659907387}"
m1462_copy.obj,Ship,5000,9576,triangles,"{'min_x': 0.0249999999999987, 'max_x': 0.5483580000000007, 'min_y': 0.025, 'max_y': 0.5249520000000001, 'min_z': 0.025, 'max_z': 0.975}"
m1463_copy.obj,Ship,5000,9962,triangles,"{'min_x': 0.025, 'max_x': 0.975, 'min_y': 0.025, 'max_y': 0.164155, 'min_z': 0.025, 'max_z': 0.12241}"
m1464_copy.obj,Ship,5000,9684,triangles,"{'min_x': 0.025, 'max_x': 0.19372, 'min_y': 0.025, 'max_y': 0.342441, 'min_z': 0.025, 'max_z': 0.975}"
m1465_copy.obj,Ship,5000,6647,triangles,"{'min_x': 0.0250002529037533, 'max_x': 0.975, 'min_y': 0.0249997224067379, 'max_y': 0.227252, 'min_z': 0.025, 'max_z': 0.151762}"
m1466_copy.obj,Ship,5000,9461,triangles,"{'min_x': 0.025, 'max_x': 0.169516, 'min_y': 0.025, 'max_y': 0.212589, 'min_z': 0.0249836564936565, 'max_z': 0.975}"
m1467_copy.obj,Ship,5000,9928,triangles,"{'min_x': 0.025, 'max_x': 0.159527, 'min_y': 0.025, 'max_y': 0.294733, 'min_z': 0.025, 'max_z': 0.975}"
m1468_copy.obj,Ship,5000,9652,triangles,"{'min_x': 0.025, 'max_x': 0.975, 'min_y': 0.025, 'max_y': 0.227148, 'min_z': 0.025, 'max_z': 0.178993}"
m1469_copy.obj,Ship,5000,9608,triangles,"{'min_x': 0.025, 'max_x': 0.129224, 'min_y': 0.025, 'max_y': 0.28801, 'min_z': 0.025, 'max_z': 0.975}"
m1470_copy.obj,Ship,5000,9889,triangles,"{'min_x': 0.025, 'max_x': 0.122405, 'min_y': 0.025, 'max_y': 0.1641540000000001, 'min_z': 0.025, 'max_z': 0.975}"
m1471_copy.obj,Ship,5000,8312,triangles,"{'min_x': 0.025, 'max_x': 0.9750000000000002, 'min_y': 0.025, 'max_y': 0.350313, 'min_z': 0.025, 'max_z': 0.453156}"
m1670_copy.obj,Sign,5000,9272,triangles,"{'min_x': 0.025, 'max_x': 0.335607, 'min_y': 0.025, 'max_y': 0.975, 'min_z': 0.025, 'max_z': 0.068536}"
m1671_copy.obj,Sign,5000,9580,triangles,"{'min_x': 0.025, 'max_x': 0.338838, 'min_y': 0.025, 'max_y': 0.975, 'min_z': 0.025, 'max_z': 0.075532}"
m1672_copy.obj,Sign,5000,9634,triangles,"{'min_x': 0.025, 'max_x': 0.670752, 'min_y': 0.025, 'max_y': 0.975, 'min_z': 0.025, 'max_z': 0.11303}"
m1673_copy.obj,Sign,5000,9562,triangles,"{'min_x': 0.025, 'max_x': 0.429, 'min_y': 0.025, 'max_y': 0.975, 'min_z': 0.025, 'max_z': 0.072555}"
m1674_copy.obj,Sign,5000,9950,triangles,"{'min_x': 0.025, 'max_x': 0.596402, 'min_y': 0.025, 'max_y': 0.975, 'min_z': 0.025, 'max_z': 0.083778}"
m1675_copy.obj,Sign,5000,9726,triangles,"{'min_x': 0.025, 'max_x': 0.318634, 'min_y': 0.025, 'max_y': 0.975, 'min_z': 0.025, 'max_z': 0.044992}"
m1676_copy.obj,Sign,5000,9972,triangles,"{'min_x': 0.025, 'max_x': 0.231959, 'min_y': 0.025, 'max_y': 0.975, 'min_z': 0.025, 'max_z': 0.057745}"
m1678_copy.obj,Sign,5000,9685,triangles,"{'min_x': 0.0249999999999999, 'max_x': 0.209241, 'min_y': 0.025, 'max_y': 0.9750000000000002, 'min_z': 0.025, 'max_z': 0.045404}"
m1679_copy.obj,Sign,5000,9916,triangles,"{'min_x': 0.025, 'max_x': 0.154414, 'min_y': 0.025, 'max_y': 0.975, 'min_z': 0.025, 'max_z': 0.084022}"
m1680_copy.obj,Sign,5000,9988,triangles,"{'min_x': 0.025, 'max_x': 0.377568, 'min_y': 0.025, 'max_y': 0.975, 'min_z': 0.025, 'max_z': 0.052018}"
m1681_copy.obj,Sign,5000,9952,triangles,"{'min_x': 0.025, 'max_x': 0.416613, 'min_y': 0.025, 'max_y': 0.975, 'min_z': 0.025, 'max_z': 0.057631}"
m1682_copy.obj,Sign,5000,9820,triangles,"{'min_x': 0.025, 'max_x': 0.975, 'min_y': 0.025, 'max_y': 0.852742, 'min_z': 0.025, 'max_z': 0.3573070000000002}"
m1683_copy.obj,Sign,5000,9896,triangles,"{'min_x': 0.025, 'max_x': 0.970492, 'min_y': 0.025, 'max_y': 0.975, 'min_z': 0.025, 'max_z': 0.358657}"
m1684_copy.obj,Sign,5000,9988,triangles,"{'min_x': 0.025, 'max_x': 0.975, 'min_y': 0.025, 'max_y': 0.94233, 'min_z': 0.025, 'max_z': 0.104207}"
m1685_copy.obj,Sign,5000,9824,triangles,"{'min_x': 0.025, 'max_x': 0.807462, 'min_y': 0.025, 'max_y': 0.975, 'min_z': 0.025, 'max_z': 0.3069660000000001}"
D00006_copy.obj,Skyscraper,38452,34930,triangles,"{'min_x': -0.861396, 'max_x': 1.0527989443238284, 'min_y': -0.383786, 'max_y': 0.449415, 'min_z': -0.424565, 'max_z': 0.325606}"
D00058_copy.obj,Skyscraper,72872,52169,triangles,"{'min_x': -0.8818689409878165, 'max_x': 0.966261, 'min_y': -0.316891, 'max_y': 0.236562, 'min_z': -0.2380295039620654, 'max_z': 0.2575429159880044}"
D00059_copy.obj,Skyscraper,5000,8320,triangles,"{'min_x': -0.9211680000000001, 'max_x': 0.990169, 'min_y': -0.3693270000000006, 'max_y': 0.2657810000000003, 'min_z': -0.31361, 'max_z': 0.328817}"
D00105_copy.obj,Skyscraper,5000,9345,triangles,"{'min_x': -1.03018, 'max_x': 0.516563, 'min_y': -0.304715, 'max_y': 0.184333, 'min_z': -0.206293, 'max_z': 0.176329}"
D00125_copy.obj,Skyscraper,5000,9384,triangles,"{'min_x': -0.985968, 'max_x': 0.55974, 'min_y': -0.208073, 'max_y': 0.258848, 'min_z': -0.166764, 'max_z': 0.184044}"
D00126_copy.obj,Skyscraper,17697,22023,triangles,"{'min_x': -0.789563, 'max_x': 1.06103, 'min_y': -0.2756099366688911, 'max_y': 0.381102, 'min_z': -0.220346, 'max_z': 0.1512232515812492}"
D00130_copy.obj,Skyscraper,1782,2966,triangles,"{'min_x': -0.941441, 'max_x': 0.876353, 'min_y': -0.179672, 'max_y': 0.229129, 'min_z': -0.185709, 'max_z': 0.207345}"
D00259_copy.obj,Skyscraper,45072,45935,triangles,"{'min_x': -2.1228363491581947, 'max_x': 0.9310583544472735, 'min_y': -0.1732362752518599, 'max_y': 0.107224, 'min_z': -0.119458, 'max_z': 0.130141}"
D00300_copy.obj,Skyscraper,5000,8223,triangles,"{'min_x': -0.881644, 'max_x': 0.9001840454586683, 'min_y': -0.182475, 'max_y': 0.2276449591264991, 'min_z': -0.1923829372721299, 'max_z': 0.19267}"
D00520_copy.obj,Skyscraper,45266,38766,triangles,"{'min_x': -0.8574959926952016, 'max_x': 1.1040406840208907, 'min_y': -0.372815, 'max_y': 0.272382, 'min_z': -0.255194, 'max_z': 0.266699}"
D00532_copy.obj,Skyscraper,8336,7618,triangles,"{'min_x': -0.906344, 'max_x': 1.00349, 'min_y': -0.273579, 'max_y': 0.429776, 'min_z': -0.256408, 'max_z': 0.204741}"
D00584_copy.obj,Skyscraper,8553,10520,triangles,"{'min_x': -0.796026, 'max_x': 1.11754, 'min_y': -0.293214, 'max_y': 0.366264, 'min_z': -0.182036, 'max_z': 0.267066}"
D00589_copy.obj,Skyscraper,5000,9944,triangles,"{'min_x': -0.891001, 'max_x': 0.84234, 'min_y': -0.249752, 'max_y': 0.1854486258656055, 'min_z': -0.2107409458009565, 'max_z': 0.221908}"
D00641_copy.obj,Skyscraper,5000,9673,triangles,"{'min_x': -0.867232, 'max_x': 1.00218, 'min_y': -0.183149, 'max_y': 0.267759, 'min_z': -0.205679, 'max_z': 0.216752}"
D00664_copy.obj,Skyscraper,5000,6188,triangles,"{'min_x': -0.771369, 'max_x': 0.7794075644515457, 'min_y': -0.284353, 'max_y': 0.301205, 'min_z': -0.248051, 'max_z': 0.267771}"
D00729_copy.obj,Skyscraper,24680,34314,triangles,"{'min_x': -6.225408595044008, 'max_x': 0.8273158359020515, 'min_y': -0.9674907633088615, 'max_y': 1.118615133558662, 'min_z': -0.3409794484190604, 'max_z': 0.3695783249710385}"
D00822_copy.obj,Skyscraper,4854,8916,triangles,"{'min_x': -0.9630347815226352, 'max_x': 0.763876, 'min_y': -0.207903, 'max_y': 0.192337, 'min_z': -0.20802, 'max_z': 0.18562}"
D00870_copy.obj,Skyscraper,29501,34257,triangles,"{'min_x': -0.867331, 'max_x': 1.03835, 'min_y': -0.393219, 'max_y': 0.2621004217438804, 'min_z': -0.231486, 'max_z': 0.218357}"
D00872_copy.obj,Skyscraper,5000,9794,triangles,"{'min_x': -1.25123, 'max_x': 0.451695, 'min_y': -0.247287, 'max_y': 0.257228, 'min_z': -0.181341, 'max_z': 0.373556}"
D00998_copy.obj,Skyscraper,5000,7766,triangles,"{'min_x': -1.17797, 'max_x': 0.467106, 'min_y': -0.185787, 'max_y': 0.16659, 'min_z': -0.160495, 'max_z': 0.172304}"
D00014_copy.obj,Spoon,5000,9970,triangles,"{'min_x': 3.419584, 'max_x': 4.279629, 'min_y': 0.835941, 'max_y': 5.102340000000002, 'min_z': -0.025512, 'max_z': 0.2782860000000006}"
D00085_copy.obj,Spoon,5000,9990,triangles,"{'min_x': -1.422137, 'max_x': 3.04557, 'min_y': 1.328523, 'max_y': 2.211927, 'min_z': -0.001013, 'max_z': 0.348922}"
D00144_copy.obj,Spoon,5000,9897,triangles,"{'min_x': 0.121356, 'max_x': 0.186049, 'min_y': 0.300286, 'max_y': 0.618646, 'min_z': 0.031978, 'max_z': 0.055897}"
D00157_copy.obj,Spoon,5000,9324,triangles,"{'min_x': -0.884846, 'max_x': 0.922286, 'min_y': -0.6884, 'max_y': 6.321997, 'min_z': -0.0, 'max_z': 0.455736}"
D00196_copy.obj,Spoon,4996,9899,triangles,"{'min_x': 0.11268, 'max_x': 0.146018, 'min_y': -0.102328, 'max_y': 0.105094, 'min_z': 0.0, 'max_z': 0.01905}"
D00338_copy.obj,Spoon,5000,9805,triangles,"{'min_x': -0.5389770000000002, 'max_x': 13.447720999999998, 'min_y': 0.169091, 'max_y': 12.130920000000005, 'min_z': 0.0, 'max_z': 4.743915}"
D00422_copy.obj,Spoon,5000,9669,triangles,"{'min_x': -0.027843, 'max_x': 0.039432, 'min_y': -0.116957, 'max_y': -0.093315, 'min_z': 0.064647, 'max_z': 0.106098}"
D00474_copy.obj,Spoon,5000,9836,triangles,"{'min_x': -0.150256, 'max_x': -0.01698, 'min_y': 0.020605, 'max_y': 0.04325, 'min_z': 0.0, 'max_z': 0.00685}"
D00497_copy.obj,Spoon,5000,9996,triangles,"{'min_x': 0.006005, 'max_x': 0.054753, 'min_y': 0.035645, 'max_y': 0.058796, 'min_z': -0.0, 'max_z': 0.248042}"
D00517_copy.obj,Spoon,4997,9906,triangles,"{'min_x': -10.1767, 'max_x': 10.1767, 'min_y': -10.1767, 'max_y': 69.7818, 'min_z': 0.0, 'max_z': 10.1767}"
D00562_copy.obj,Spoon,4973,9751,triangles,"{'min_x': -4.91905, 'max_x': -3.81887, 'min_y': 10.8063, 'max_y': 11.7129, 'min_z': 0.344216, 'max_z': 0.4560639999999984}"
D00593_copy.obj,Spoon,5000,9996,triangles,"{'min_x': 1e-16, 'max_x': 1.5975839999999992, 'min_y': 0.0, 'max_y': 0.3118110000000001, 'min_z': 0.0, 'max_z': 8.357558}"
D00661_copy.obj,Spoon,5000,9426,triangles,"{'min_x': 2.737790000000001, 'max_x': 4.41013, 'min_y': -0.591884, 'max_y': -0.2086670000000003, 'min_z': 0.011549, 'max_z': 0.181983}"
D00669_copy.obj,Spoon,5000,9996,triangles,"{'min_x': -0.33655, 'max_x': 0.33655, 'min_y': -0.04445, 'max_y': 1.083619, 'min_z': 0.018273, 'max_z': 0.669657}"
D00674_copy.obj,Spoon,5000,9755,triangles,"{'min_x': -0.559925, 'max_x': 1.050993, 'min_y': -2.178684, 'max_y': 1.516141, 'min_z': -0.257557, 'max_z': 0.263714}"
D00683_copy.obj,Spoon,4983,9841,triangles,"{'min_x': -1.88431, 'max_x': -1.84047, 'min_y': 1.36683, 'max_y': 1.52078, 'min_z': 0.002341, 'max_z': 0.0450626}"
D00790_copy.obj,Spoon,5000,9829,triangles,"{'min_x': -0.018031, 'max_x': 13.033793, 'min_y': -3.277825, 'max_y': 8.968065, 'min_z': -0.0, 'max_z': 11.785623}"
D00842_copy.obj,Spoon,5000,9945,triangles,"{'min_x': 0.482661, 'max_x': 1.210242, 'min_y': 1.835353, 'max_y': 1.964791, 'min_z': -0.29845, 'max_z': -0.258362}"
D00927_copy.obj,Spoon,5000,9996,triangles,"{'min_x': -0.128479, 'max_x': 0.666226, 'min_y': -0.085583, 'max_y': 0.086442, 'min_z': -0.0, 'max_z': 0.117144}"
D00964_copy.obj,Spoon,5000,9700,triangles,"{'min_x': -2.81, 'max_x': 2.81, 'min_y': -5.62, 'max_y': 19.855872, 'min_z': 0.88, 'max_z': 3.13755}"
m1353_copy.obj,Starship,4993,9737,triangles,"{'min_x': 0.0249999999999999, 'max_x': 0.489988, 'min_y': 0.025, 'max_y': 0.9750000000000002, 'min_z': 0.025, 'max_z': 0.3361060000000001}"
m1354_copy.obj,Starship,5000,9920,triangles,"{'min_x': 0.0250000456407884, 'max_x': 0.975, 'min_y': 0.025, 'max_y': 0.279811, 'min_z': 0.025, 'max_z': 0.504878}"
m1355_copy.obj,Starship,5000,7864,triangles,"{'min_x': 0.0249999184040699, 'max_x': 0.859252, 'min_y': 0.025, 'max_y': 0.9749995633076267, 'min_z': 0.0249890876436574, 'max_z': 0.328011}"
m1356_copy.obj,Starship,5000,9077,triangles,"{'min_x': 0.0249999999999994, 'max_x': 0.9750000000000002, 'min_y': 0.025, 'max_y': 0.6144450000000005, 'min_z': 0.0249999999999992, 'max_z': 0.6887680000000005}"
m1357_copy.obj,Starship,5000,6737,triangles,"{'min_x': 0.0249647627308847, 'max_x': 0.975, 'min_y': 0.025, 'max_y': 0.1679883934304446, 'min_z': 0.0249648623224352, 'max_z': 0.4243749491425204}"
m1358_copy.obj,Starship,5000,9199,triangles,"{'min_x': 0.025, 'max_x': 0.45472, 'min_y': 0.025, 'max_y': 0.230642, 'min_z': 0.025, 'max_z': 0.975}"
m1359_copy.obj,Starship,5000,9866,triangles,"{'min_x': 0.025, 'max_x': 0.471212, 'min_y': 0.025, 'max_y': 0.356061, 'min_z': 0.025, 'max_z': 0.975}"
m1360_copy.obj,Starship,4913,7123,triangles,"{'min_x': 0.025, 'max_x': 0.439815, 'min_y': 0.025, 'max_y': 0.2326, 'min_z': 0.025, 'max_z': 0.975}"
m1361_copy.obj,Starship,5000,9918,triangles,"{'min_x': 0.025, 'max_x': 0.8417560000000003, 'min_y': 0.025, 'max_y': 0.21772, 'min_z': 0.025, 'max_z': 0.9750000000000001}"
m1362_copy.obj,Starship,5000,5448,triangles,"{'min_x': 0.025, 'max_x': 0.975, 'min_y': 0.023262388180777, 'max_y': 0.2232521447566564, 'min_z': 0.025, 'max_z': 0.7208029388427314}"
m1364_copy.obj,Starship,5000,6015,triangles,"{'min_x': 0.0249998773906262, 'max_x': 0.859251, 'min_y': 0.0251334826741085, 'max_y': 0.9749998030091718, 'min_z': 0.0247884506043069, 'max_z': 0.3279563995898758}"
m1365_copy.obj,Starship,5000,9501,triangles,"{'min_x': 0.025, 'max_x': 0.9749999999999999, 'min_y': 0.025, 'max_y': 0.7504439999999998, 'min_z': 0.025, 'max_z': 0.201007}"
m1366_copy.obj,Starship,5000,9829,triangles,"{'min_x': 0.025, 'max_x': 0.476787, 'min_y': 0.025, 'max_y': 0.975, 'min_z': 0.025, 'max_z': 0.245535}"
m1368_copy.obj,Starship,5000,6736,triangles,"{'min_x': 0.0233546627719654, 'max_x': 0.3627699699096608, 'min_y': 0.0255960732908824, 'max_y': 0.1361762894541919, 'min_z': 0.0255583408171436, 'max_z': 0.975}"
m1369_copy.obj,Starship,5000,9306,triangles,"{'min_x': 0.025, 'max_x': 0.975, 'min_y': 0.025, 'max_y': 0.4053519999999999, 'min_z': 0.025, 'max_z': 0.200913}"
m1370_copy.obj,Starship,5000,9456,triangles,"{'min_x': 0.025, 'max_x': 0.432507, 'min_y': 0.025, 'max_y': 0.256189, 'min_z': 0.025, 'max_z': 0.975}"
m1371_copy.obj,Starship,5000,8556,triangles,"{'min_x': 0.025, 'max_x': 0.42152, 'min_y': 0.025, 'max_y': 0.220545, 'min_z': 0.025, 'max_z': 0.975}"
m1372_copy.obj,Starship,5000,9305,triangles,"{'min_x': 0.025, 'max_x': 0.7468009999999999, 'min_y': 0.025, 'max_y': 0.9750000000000009, 'min_z': 0.025, 'max_z': 0.187233}"
m1373_copy.obj,Starship,5000,9459,triangles,"{'min_x': 0.025, 'max_x': 0.468557, 'min_y': 0.025, 'max_y': 0.975, 'min_z': 0.025, 'max_z': 0.267043}"
m1374_copy.obj,Starship,5000,9383,triangles,"{'min_x': 0.025, 'max_x': 0.382934, 'min_y': 0.025, 'max_y': 0.975, 'min_z': 0.025, 'max_z': 0.163541844619542}"
m1375_copy.obj,Starship,5000,9836,triangles,"{'min_x': 0.025, 'max_x': 0.827817, 'min_y': 0.025, 'max_y': 0.410352, 'min_z': 0.025, 'max_z': 0.975}"
m1376_copy.obj,Starship,5000,9992,triangles,"{'min_x': 0.025, 'max_x': 0.975, 'min_y': 0.025, 'max_y': 0.171065, 'min_z': 0.025, 'max_z': 0.2530000000000003}"
m1378_copy.obj,Starship,4965,9218,triangles,"{'min_x': 0.025, 'max_x': 0.975, 'min_y': 0.025, 'max_y': 0.151021, 'min_z': 0.025, 'max_z': 0.975}"
m1379_copy.obj,Starship,5000,9158,triangles,"{'min_x': 0.025, 'max_x': 0.9749870000000005, 'min_y': 0.025, 'max_y': 0.113092, 'min_z': 0.025, 'max_z': 0.9750000000000004}"
m1380_copy.obj,Starship,5000,7144,triangles,"{'min_x': 0.025, 'max_x': 0.975, 'min_y': 0.025, 'max_y': 0.386659, 'min_z': 0.025, 'max_z': 0.975}"
m1381_copy.obj,Starship,5000,9481,triangles,"{'min_x': 0.0248535405353916, 'max_x': 0.9749103986614723, 'min_y': 0.025, 'max_y': 0.4495824722548321, 'min_z': 0.0250891722744524, 'max_z': 0.9750491278051712}"
m1382_copy.obj,Starship,5000,9974,triangles,"{'min_x': 0.025, 'max_x': 0.975, 'min_y': 0.025, 'max_y': 0.283379, 'min_z': 0.025, 'max_z': 0.975}"
m1383_copy.obj,Starship,5000,8204,triangles,"{'min_x': 0.025, 'max_x': 0.975, 'min_y': 0.0248814297536618, 'max_y': 0.2417302292855344, 'min_z': 0.025, 'max_z': 0.975}"
m1384_copy.obj,Starship,5000,9745,triangles,"{'min_x': 0.025, 'max_x': 0.956241, 'min_y': 0.025, 'max_y': 0.195205, 'min_z': 0.025, 'max_z': 0.974984}"
m1385_copy.obj,Starship,5000,8391,triangles,"{'min_x': 0.025, 'max_x': 0.975, 'min_y': 0.0249992386141611, 'max_y': 0.31307078931234, 'min_z': 0.025, 'max_z': 0.975}"
m1386_copy.obj,Starship,4999,9968,triangles,"{'min_x': 0.025, 'max_x': 0.975, 'min_y': 0.025, 'max_y': 0.361415, 'min_z': 0.025, 'max_z': 0.931763}"
D00052_copy.obj,SubmachineGun,5000,9760,triangles,"{'min_x': -1.06996, 'max_x': 0.601225, 'min_y': -0.313674, 'max_y': 0.460192, 'min_z': -0.091492, 'max_z': 0.133358}"
D00060_copy.obj,SubmachineGun,5000,9771,triangles,"{'min_x': -0.9093520000000004, 'max_x': 1.05536, 'min_y': -0.195312, 'max_y': 0.3167890015961435, 'min_z': -0.060108, 'max_z': 0.03247}"
D00062_copy.obj,SubmachineGun,5000,9872,triangles,"{'min_x': -0.668179, 'max_x': 0.955436, 'min_y': -0.262206, 'max_y': 0.334199, 'min_z': -0.098315, 'max_z': 0.107242}"
D00064_copy.obj,SubmachineGun,4977,10140,triangles,"{'min_x': -0.812644, 'max_x': 1.087111981652216, 'min_y': -0.302528, 'max_y': 0.449624, 'min_z': -0.2535859281439849, 'max_z': 0.1638690414945096}"
D00068_copy.obj,SubmachineGun,5000,9484,triangles,"{'min_x': -0.800301, 'max_x': 0.8058, 'min_y': -0.1994633533674993, 'max_y': 0.354073, 'min_z': -0.048073, 'max_z': 0.034455}"
D00119_copy.obj,SubmachineGun,5000,9680,triangles,"{'min_x': -1.24448, 'max_x': 0.7425281456445478, 'min_y': -0.1510484617722805, 'max_y': 0.320461, 'min_z': -0.160147, 'max_z': 0.170061}"
D00219_copy.obj,SubmachineGun,5000,9720,triangles,"{'min_x': -0.7976760000000002, 'max_x': 1.15909, 'min_y': -0.254582, 'max_y': 0.5310879999999999, 'min_z': -0.059143, 'max_z': 0.06715}"
D00256_copy.obj,SubmachineGun,5000,9503,triangles,"{'min_x': -0.8765839999999999, 'max_x': 0.919527, 'min_y': -0.762328, 'max_y': 0.2967040000000001, 'min_z': -0.138511, 'max_z': 0.099466}"
D00371_copy.obj,SubmachineGun,5000,5794,triangles,"{'min_x': -0.6879266195021487, 'max_x': 1.0045318821459144, 'min_y': -0.2437794046474716, 'max_y': 0.2308031682280717, 'min_z': -0.1927743257072941, 'max_z': 0.1420443170004802}"
D00384_copy.obj,SubmachineGun,5000,9509,triangles,"{'min_x': -0.9058250000000002, 'max_x': 0.85551, 'min_y': -0.118947, 'max_y': 0.257527, 'min_z': -0.034573, 'max_z': 0.042452}"
D00431_copy.obj,SubmachineGun,5000,9868,triangles,"{'min_x': -0.9022110000000001, 'max_x': 0.965706, 'min_y': -0.4626070000000001, 'max_y': 0.279612, 'min_z': -0.078898, 'max_z': 0.076244}"
D00459_copy.obj,SubmachineGun,5000,9236,triangles,"{'min_x': -0.9287365123409298, 'max_x': 0.8139441022142826, 'min_y': -0.1315618210681609, 'max_y': 0.327694, 'min_z': -0.069973, 'max_z': 0.0671869312465895}"
D00489_copy.obj,SubmachineGun,5000,9934,triangles,"{'min_x': -0.841187, 'max_x': 0.892872, 'min_y': -0.808139, 'max_y': 0.6195030000000001, 'min_z': -0.086458, 'max_z': 0.094444}"
D00537_copy.obj,SubmachineGun,4994,9944,triangles,"{'min_x': -0.948614, 'max_x': 0.747389, 'min_y': -0.237611, 'max_y': 0.19582, 'min_z': -0.030619, 'max_z': 0.029982}"
D00613_copy.obj,SubmachineGun,3322,6540,triangles,"{'min_x': -0.878882, 'max_x': 0.925639, 'min_y': -0.268823, 'max_y': 0.433925, 'min_z': -0.067191, 'max_z': 0.05068}"
D00733_copy.obj,SubmachineGun,5000,8813,triangles,"{'min_x': -0.7793480000000012, 'max_x': 0.942327, 'min_y': -0.617476, 'max_y': 0.191115, 'min_z': -0.075684, 'max_z': 0.147156}"
D00878_copy.obj,SubmachineGun,5000,9835,triangles,"{'min_x': -0.8880969999999999, 'max_x': 0.903131, 'min_y': -0.3946379999999999, 'max_y': 0.181686, 'min_z': -0.065063, 'max_z': 0.061265}"
D00893_copy.obj,SubmachineGun,5000,9826,triangles,"{'min_x': -0.915525, 'max_x': 0.9498850000000003, 'min_y': -0.180775, 'max_y': 0.356856, 'min_z': -0.079507, 'max_z': 0.042732}"
D00960_copy.obj,SubmachineGun,5000,9795,triangles,"{'min_x': -1.0972800000000003, 'max_x': 0.617693, 'min_y': -0.369754, 'max_y': 0.356748, 'min_z': -0.062865, 'max_z': 0.047946}"
D00970_copy.obj,SubmachineGun,5000,9861,triangles,"{'min_x': -0.847672, 'max_x': 0.884832, 'min_y': -0.162623, 'max_y': 0.217642, 'min_z': -0.062191, 'max_z': 0.040208}"
D00066_copy.obj,Sword,5000,9892,triangles,"{'min_x': -1.1688127377419515, 'max_x': 0.365576, 'min_y': -0.167468, 'max_y': 0.149393, 'min_z': -0.0468935776857522, 'max_z': 0.0401709929984667}"
D00071_copy.obj,Sword,4998,9973,triangles,"{'min_x': -1.2506403026593802, 'max_x': 0.370083594074315, 'min_y': -0.36844, 'max_y': 0.212721, 'min_z': -0.039414, 'max_z': 0.0466160007924305}"
D00133_copy.obj,Sword,5000,9873,triangles,"{'min_x': -0.3140529798132156, 'max_x': 1.07516, 'min_y': -0.1799798367905664, 'max_y': 0.189014302288595, 'min_z': -0.08341, 'max_z': 0.079927}"
D00149_copy.obj,Sword,5000,9970,triangles,"{'min_x': -1.1498, 'max_x': 0.690999, 'min_y': -0.152899, 'max_y': 0.22797, 'min_z': -0.050279, 'max_z': 0.061565}"
D00162_copy.obj,Sword,4999,9994,triangles,"{'min_x': -0.528661, 'max_x': 1.3085, 'min_y': -0.173319, 'max_y': 0.183818, 'min_z': -0.041424, 'max_z': 0.024868}"
D00177_copy.obj,Sword,5000,9984,triangles,"{'min_x': -1.0564, 'max_x': 0.214279, 'min_y': -0.22123075, 'max_y': 0.2166495, 'min_z': -0.041104, 'max_z': 0.043766}"
D00195_copy.obj,Sword,5000,9841,triangles,"{'min_x': -0.746991, 'max_x': 0.914549, 'min_y': -0.146119, 'max_y': 0.138769, 'min_z': -0.101896, 'max_z': 0.09907}"
D00249_copy.obj,Sword,5000,9860,triangles,"{'min_x': -0.468680377711347, 'max_x': 0.98383, 'min_y': -0.056973, 'max_y': 0.066356, 'min_z': -0.038520464061688, 'max_z': 0.0342681074240327}"
D00356_copy.obj,Sword,4988,9950,triangles,"{'min_x': -1.2178, 'max_x': 0.238315, 'min_y': -0.092541, 'max_y': 0.107805, 'min_z': -0.106282, 'max_z': 0.09526}"
D00484_copy.obj,Sword,5000,9972,triangles,"{'min_x': -1.0738066723907167, 'max_x': 0.458325, 'min_y': -0.155355, 'max_y': 0.175099, 'min_z': -0.033838, 'max_z': 0.049098}"
D00513_copy.obj,Sword,5000,9013,triangles,"{'min_x': -1.2615699999999999, 'max_x': 0.326411, 'min_y': -0.227727, 'max_y': 0.190218, 'min_z': -0.069613, 'max_z': 0.066442}"
D00540_copy.obj,Sword,4993,9762,triangles,"{'min_x': -0.603417, 'max_x': 0.993437, 'min_y': -0.145486, 'max_y': 0.1392180060501501, 'min_z': -0.032973, 'max_z': 0.035452}"
D00635_copy.obj,Sword,5000,9996,triangles,"{'min_x': -0.823956, 'max_x': 0.921147, 'min_y': -0.3544050000000001, 'max_y': 0.380758, 'min_z': -0.092872, 'max_z': 0.098875}"
D00712_copy.obj,Sword,5000,9822,triangles,"{'min_x': -1.09055, 'max_x': 0.9042590000000001, 'min_y': -0.156613, 'max_y': 0.198897, 'min_z': -0.076891, 'max_z': 0.076708}"
D00807_copy.obj,Sword,5000,9762,triangles,"{'min_x': -0.962635, 'max_x': 0.761381, 'min_y': -0.1259010000000001, 'max_y': 0.111819, 'min_z': -0.035521, 'max_z': 0.026662}"
D00808_copy.obj,Sword,5000,9880,triangles,"{'min_x': -0.940874, 'max_x': 0.67056, 'min_y': -0.166439, 'max_y': 0.161002, 'min_z': -0.158329, 'max_z': 0.169184}"
D00812_copy.obj,Sword,4999,9966,triangles,"{'min_x': -1.05394, 'max_x': 0.386256, 'min_y': -0.114185, 'max_y': 0.114324, 'min_z': -0.03639, 'max_z': 0.072053}"
D00906_copy.obj,Sword,5000,9958,triangles,"{'min_x': -1.214380579199545, 'max_x': 0.3003276443395796, 'min_y': -0.212044, 'max_y': 0.125027, 'min_z': -0.058096043893572, 'max_z': 0.0505974570289256}"
D00916_copy.obj,Sword,5000,9980,triangles,"{'min_x': -0.720276, 'max_x': 0.941206, 'min_y': -0.053847, 'max_y': 0.088122, 'min_z': -0.027381, 'max_z': 0.027282}"
D00992_copy.obj,Sword,5000,9936,triangles,"{'min_x': -0.913541, 'max_x': 0.573817, 'min_y': -0.1497, 'max_y': 0.153792, 'min_z': -0.0288412690290477, 'max_z': 0.0346489293295208}"
m687_copy.obj,Sword,5000,9864,triangles,"{'min_x': 0.025, 'max_x': 0.459071, 'min_y': 0.025, 'max_y': 0.9750000000000004, 'min_z': 0.024999999999999, 'max_z': 0.1122800000000018}"
m688_copy.obj,Sword,5000,9954,triangles,"{'min_x': 0.0250000000000003, 'max_x': 0.11913, 'min_y': 0.025, 'max_y': 0.975, 'min_z': 0.025, 'max_z': 0.375814}"
m689_copy.obj,Sword,5000,9971,triangles,"{'min_x': 0.025, 'max_x': 0.887269, 'min_y': 0.025, 'max_y': 0.975, 'min_z': 0.025, 'max_z': 0.202834}"
m690_copy.obj,Sword,5000,9909,triangles,"{'min_x': 0.025, 'max_x': 0.155249, 'min_y': 0.025, 'max_y': 0.975, 'min_z': 0.025, 'max_z': 0.152246}"
m691_copy.obj,Sword,5000,9324,triangles,"{'min_x': 0.025, 'max_x': 0.115882, 'min_y': 0.025, 'max_y': 0.975, 'min_z': 0.025, 'max_z': 0.236604}"
m692_copy.obj,Sword,4997,9966,triangles,"{'min_x': 0.025, 'max_x': 0.17573, 'min_y': 0.025, 'max_y': 0.975, 'min_z': 0.025, 'max_z': 0.096435}"
m693_copy.obj,Sword,5000,8921,triangles,"{'min_x': 0.025, 'max_x': 0.110751, 'min_y': 0.025, 'max_y': 0.975, 'min_z': 0.025, 'max_z': 0.119326}"
m694_copy.obj,Sword,4971,8867,triangles,"{'min_x': 0.025, 'max_x': 0.325319, 'min_y': 0.025, 'max_y': 0.9750000000000002, 'min_z': 0.0249999999999994, 'max_z': 0.109}"
m695_copy.obj,Sword,5000,9952,triangles,"{'min_x': 0.025, 'max_x': 0.096364780224019, 'min_y': 0.025, 'max_y': 0.26768, 'min_z': 0.025, 'max_z': 0.9749946774119072}"
m696_copy.obj,Sword,4942,9792,triangles,"{'min_x': 0.025, 'max_x': 0.297264, 'min_y': 0.025, 'max_y': 0.139376, 'min_z': 0.025, 'max_z': 0.975}"
m697_copy.obj,Sword,5000,9984,triangles,"{'min_x': 0.0249999999999999, 'max_x': 0.2035310000000001, 'min_y': 0.0250000000000001, 'max_y': 0.065073, 'min_z': 0.025, 'max_z': 0.9750000000000006}"
m698_copy.obj,Sword,4922,9336,triangles,"{'min_x': 0.025, 'max_x': 0.290328, 'min_y': 0.025, 'max_y': 0.975, 'min_z': 0.025, 'max_z': 0.107227}"
m699_copy.obj,Sword,5000,9972,triangles,"{'min_x': 0.025, 'max_x': 0.1969299999999999, 'min_y': 0.0250000000000003, 'max_y': 0.1968310000000001, 'min_z': 0.025, 'max_z': 0.9750000000000002}"
m700_copy.obj,Sword,5000,9863,triangles,"{'min_x': 0.025, 'max_x': 0.418371, 'min_y': 0.025, 'max_y': 0.975, 'min_z': 0.0249999999999989, 'max_z': 0.0977340000000007}"
m701_copy.obj,Sword,4997,9964,triangles,"{'min_x': 0.025, 'max_x': 0.044047, 'min_y': 0.025, 'max_y': 0.30701, 'min_z': 0.025, 'max_z': 0.975}"
m702_copy.obj,Sword,4988,9952,triangles,"{'min_x': 0.0249999999999992, 'max_x': 0.123578, 'min_y': 0.025, 'max_y': 0.123578, 'min_z': 0.025, 'max_z': 0.975}"
m703_copy.obj,Sword,5000,9888,triangles,"{'min_x': 0.025, 'max_x': 0.05076, 'min_y': 0.025, 'max_y': 0.120841, 'min_z': 0.025, 'max_z': 0.975}"
m704_copy.obj,Sword,5000,9996,triangles,"{'min_x': 0.025, 'max_x': 0.054935, 'min_y': 0.025, 'max_y': 0.086127, 'min_z': 0.025, 'max_z': 0.975}"
m705_copy.obj,Sword,5000,9948,triangles,"{'min_x': 0.025, 'max_x': 0.466069, 'min_y': 0.0249997748058412, 'max_y': 0.975404355800612, 'min_z': 0.025, 'max_z': 0.0947112352781495}"
m707_copy.obj,Sword,4960,9798,triangles,"{'min_x': 0.025, 'max_x': 0.269817, 'min_y': 0.0249999999999623, 'max_y': 0.975, 'min_z': 0.025, 'max_z': 0.065561}"
m709_copy.obj,Sword,5000,9972,triangles,"{'min_x': 0.025, 'max_x': 0.229792, 'min_y': 0.025, 'max_y': 0.076431, 'min_z': 0.025, 'max_z': 0.975}"
m710_copy.obj,Sword,5000,9892,triangles,"{'min_x': 0.025, 'max_x': 0.221043, 'min_y': 0.025108705470731, 'max_y': 0.0789049990699295, 'min_z': 0.0247454508132778, 'max_z': 0.975}"
m711_copy.obj,Sword,5000,8787,triangles,"{'min_x': 0.0249999711490744, 'max_x': 0.2287200037421018, 'min_y': 0.025, 'max_y': 0.055602, 'min_z': 0.0249999995800184, 'max_z': 0.975}"
m712_copy.obj,Sword,5000,9558,triangles,"{'min_x': 0.025, 'max_x': 0.975, 'min_y': 0.025, 'max_y': 0.0565, 'min_z': 0.025, 'max_z': 0.209008}"
m713_copy.obj,Sword,5000,9946,triangles,"{'min_x': 0.025, 'max_x': 0.104214, 'min_y': 0.025, 'max_y': 0.1383030000000001, 'min_z': 0.025, 'max_z': 0.975}"
m714_copy.obj,Sword,5000,9984,triangles,"{'min_x': 0.0249999999999999, 'max_x': 0.2035310000000001, 'min_y': 0.0250000000000001, 'max_y': 0.065073, 'min_z': 0.025, 'max_z': 0.9750000000000006}"
m715_copy.obj,Sword,4942,9792,triangles,"{'min_x': 0.025, 'max_x': 0.297264, 'min_y': 0.025, 'max_y': 0.139376, 'min_z': 0.025, 'max_z': 0.975}"
m716_copy.obj,Sword,4983,9954,triangles,"{'min_x': 0.025, 'max_x': 0.210778, 'min_y': 0.025, 'max_y': 0.095698, 'min_z': 0.025, 'max_z': 0.975}"
m717_copy.obj,Sword,5000,9479,triangles,"{'min_x': 0.025, 'max_x': 0.16253, 'min_y': 0.025, 'max_y': 0.053702, 'min_z': 0.0250101654024515, 'max_z': 0.975}"
m718_copy.obj,Sword,5000,9988,triangles,"{'min_x': 0.025, 'max_x': 0.975, 'min_y': 0.025, 'max_y': 0.200968, 'min_z': 0.025, 'max_z': 0.066274}"
m719_copy.obj,Sword,5000,9980,triangles,"{'min_x': 0.025, 'max_x': 0.199046, 'min_y': 0.025, 'max_y': 0.189425, 'min_z': 0.025, 'max_z': 0.975}"
m720_copy.obj,Sword,4993,9970,triangles,"{'min_x': 0.025, 'max_x': 0.15031, 'min_y': 0.025, 'max_y': 0.975, 'min_z': 0.025, 'max_z': 0.088609}"
m721_copy.obj,Sword,5000,9980,triangles,"{'min_x': 0.025, 'max_x': 0.181399, 'min_y': 0.025, 'max_y': 0.104182, 'min_z': 0.025, 'max_z': 0.975}"
D01003_copy.obj,Tool,5000,9996,triangles,"{'min_x': -0.622121, 'max_x': 0.565481, 'min_y': -0.079239, 'max_y': 0.077786, 'min_z': -0.931854, 'max_z': 0.8083800000000002}"
D01012_copy.obj,Tool,5000,9996,triangles,"{'min_x': -0.6004610000000002, 'max_x': 0.61005, 'min_y': -0.0804240000000001, 'max_y': 0.0870980000000001, 'min_z': -0.982011, 'max_z': 0.878773}"
D01040_copy.obj,Tool,5000,9996,triangles,"{'min_x': -0.7418940000000003, 'max_x': 0.5139220000000001, 'min_y': -0.0795800000000001, 'max_y': 0.0842250000000001, 'min_z': -0.960138, 'max_z': 0.854196}"
D01044_copy.obj,Tool,5000,9996,triangles,"{'min_x': -0.6036150000000002, 'max_x': 0.66807, 'min_y': -0.079919, 'max_y': 0.080117, 'min_z': -0.91933, 'max_z': 0.846507}"
D01069_copy.obj,Tool,5000,9996,triangles,"{'min_x': -0.5788010349069882, 'max_x': 0.685155, 'min_y': -0.0784896653606181, 'max_y': 0.0816718968455413, 'min_z': -0.824175, 'max_z': 0.7904}"
D01084_copy.obj,Tool,5000,9996,triangles,"{'min_x': -0.6905590000000003, 'max_x': 0.51102, 'min_y': -0.0796470000000001, 'max_y': 0.0850100000190132, 'min_z': -0.975233, 'max_z': 0.856318}"
D01086_copy.obj,Tool,5000,9996,triangles,"{'min_x': -0.6061, 'max_x': 0.5874980000000001, 'min_y': -0.081305, 'max_y': 0.08305, 'min_z': -0.962181, 'max_z': 0.841194}"
D01111_copy.obj,Tool,5000,9996,triangles,"{'min_x': -0.75344, 'max_x': 0.959852, 'min_y': -0.076081, 'max_y': 0.075916, 'min_z': -0.7358440000000003, 'max_z': 0.682277}"
D01113_copy.obj,Tool,5000,9996,triangles,"{'min_x': -0.768425, 'max_x': 0.968271, 'min_y': -0.075499, 'max_y': 0.0791, 'min_z': -0.698498, 'max_z': 0.6798670000000004}"
D01127_copy.obj,Tool,5000,9996,triangles,"{'min_x': -0.7710513482960162, 'max_x': 0.7249490838817092, 'min_y': -0.0788803605631281, 'max_y': 0.0821937875937891, 'min_z': -0.878836, 'max_z': 0.735470290853579}"
D01131_copy.obj,Tool,5000,9996,triangles,"{'min_x': -0.6757420000000003, 'max_x': 0.51606, 'min_y': -0.0795420000000001, 'max_y': 0.0853900000000001, 'min_z': -0.969787, 'max_z': 0.8659}"
D01140_copy.obj,Tool,5000,9996,triangles,"{'min_x': -0.707768, 'max_x': 0.504725, 'min_y': -0.080493, 'max_y': 0.083869, 'min_z': -0.9752580000000001, 'max_z': 0.8378250000000002}"
D01142_copy.obj,Tool,5000,9996,triangles,"{'min_x': -0.770495, 'max_x': 0.84498, 'min_y': -0.077523, 'max_y': 0.082044, 'min_z': -0.816737, 'max_z': 0.66265}"
D01148_copy.obj,Tool,5000,9996,triangles,"{'min_x': -0.5931880000000003, 'max_x': 0.623641, 'min_y': -0.08099, 'max_y': 0.087471, 'min_z': -0.9868730000000004, 'max_z': 0.883842}"
D01152_copy.obj,Tool,5000,9996,triangles,"{'min_x': -0.7555739999999997, 'max_x': 0.7903389999999999, 'min_y': -0.063137, 'max_y': 0.076423, 'min_z': -0.961139, 'max_z': 0.601456}"
D01154_copy.obj,Tool,5000,9996,triangles,"{'min_x': -0.7664740000000001, 'max_x': 0.6263260000000002, 'min_y': -0.079161, 'max_y': 0.079515, 'min_z': -0.934075, 'max_z': 0.818626}"
D01156_copy.obj,Tool,5000,9996,triangles,"{'min_x': -0.7606130000000001, 'max_x': 0.911473, 'min_y': -0.0795848651035038, 'max_y': 0.0847142061881498, 'min_z': -0.762512, 'max_z': 0.669961}"
D01159_copy.obj,Tool,5000,9996,triangles,"{'min_x': -0.6047760000000002, 'max_x': 0.672128, 'min_y': -0.083685, 'max_y': 0.088202, 'min_z': -0.965804, 'max_z': 0.90787}"
D01165_copy.obj,Tool,5000,9996,triangles,"{'min_x': -0.75925, 'max_x': 0.8141220000000001, 'min_y': -0.065043, 'max_y': 0.078307, 'min_z': -0.8763830000000005, 'max_z': 0.593642}"
D01176_copy.obj,Tool,5000,9996,triangles,"{'min_x': -0.791892, 'max_x': 0.986672, 'min_y': -0.077249, 'max_y': 0.0824880000000001, 'min_z': -0.672792, 'max_z': 0.7032560000000001}"
m1099_copy.obj,Tool,4998,9992,triangles,"{'min_x': 0.025, 'max_x': 0.384703, 'min_y': 0.025, 'max_y': 0.975, 'min_z': 0.025, 'max_z': 0.083757}"
m1100_copy.obj,Tool,5000,9988,triangles,"{'min_x': 0.025, 'max_x': 0.239158, 'min_y': 0.025, 'max_y': 0.975, 'min_z': 0.025, 'max_z': 0.201019}"
m1101_copy.obj,Tool,5000,9992,triangles,"{'min_x': 0.025, 'max_x': 0.228782, 'min_y': 0.025, 'max_y': 0.975, 'min_z': 0.025, 'max_z': 0.054304}"
m1102_copy.obj,Tool,5000,9886,triangles,"{'min_x': 0.025, 'max_x': 0.201067, 'min_y': 0.025, 'max_y': 0.975, 'min_z': 0.025, 'max_z': 0.056667}"
m1103_copy.obj,Tool,5000,9942,triangles,"{'min_x': 0.025, 'max_x': 0.198528, 'min_y': 0.025, 'max_y': 0.975, 'min_z': 0.025, 'max_z': 0.071481}"
m1104_copy.obj,Tool,5000,9984,triangles,"{'min_x': 0.025, 'max_x': 0.278994, 'min_y': 0.025, 'max_y': 0.9750000000000001, 'min_z': 0.025, 'max_z': 0.073793}"
m1105_copy.obj,Tool,5000,9992,triangles,"{'min_x': 0.025, 'max_x': 0.975, 'min_y': 0.025, 'max_y': 0.2809840000000001, 'min_z': 0.025, 'max_z': 0.0975709999999999}"
m1106_copy.obj,Tool,3966,7558,triangles,"{'min_x': 0.025, 'max_x': 0.975, 'min_y': 0.025, 'max_y': 0.296053, 'min_z': 0.025, 'max_z': 0.082378}"
m1107_copy.obj,Tool,5000,9930,triangles,"{'min_x': 0.025, 'max_x': 0.975, 'min_y': 0.025, 'max_y': 0.304248, 'min_z': 0.025, 'max_z': 0.101067}"
m1108_copy.obj,Tool,4999,9293,triangles,"{'min_x': 0.025, 'max_x': 0.975, 'min_y': 0.025, 'max_y': 0.532729, 'min_z': 0.025, 'max_z': 0.099916}"
m1109_copy.obj,Tool,5000,9875,triangles,"{'min_x': 0.025, 'max_x': 0.5864000000000004, 'min_y': 0.025, 'max_y': 0.975, 'min_z': 0.025, 'max_z': 0.1571790000000001}"
m1110_copy.obj,Tool,5000,9978,triangles,"{'min_x': 0.025, 'max_x': 0.146727, 'min_y': 0.0249999999999997, 'max_y': 0.975, 'min_z': 0.025, 'max_z': 0.3928350000000001}"
m1111_copy.obj,Tool,5000,9992,triangles,"{'min_x': 0.025, 'max_x': 0.455275, 'min_y': 0.025, 'max_y': 0.975, 'min_z': 0.025, 'max_z': 0.160898}"
m1112_copy.obj,Tool,5000,9893,triangles,"{'min_x': 0.025, 'max_x': 0.431724, 'min_y': 0.0249999999999999, 'max_y': 0.975, 'min_z': 0.025, 'max_z': 0.118437}"
m1113_copy.obj,Tool,5000,9992,triangles,"{'min_x': 0.025, 'max_x': 0.134803, 'min_y': 0.025, 'max_y': 0.125273, 'min_z': 0.025, 'max_z': 0.9750000000000004}"
m1114_copy.obj,Tool,2944,5796,triangles,"{'min_x': 0.025, 'max_x': 0.118989, 'min_y': 0.025, 'max_y': 0.975, 'min_z': 0.025, 'max_z': 0.118989}"
m1115_copy.obj,Tool,5000,9535,triangles,"{'min_x': 0.025, 'max_x': 0.133451, 'min_y': 0.025, 'max_y': 0.975, 'min_z': 0.025, 'max_z': 0.133451}"
m1116_copy.obj,Tool,5000,9924,triangles,"{'min_x': 0.025, 'max_x': 0.121029, 'min_y': 0.025, 'max_y': 0.9750000000000002, 'min_z': 0.0249999999999999, 'max_z': 0.108164}"
m1117_copy.obj,Tool,5000,9984,triangles,"{'min_x': 0.025, 'max_x': 0.270945, 'min_y': 0.025, 'max_y': 0.1139040000000001, 'min_z': 0.025, 'max_z': 0.9750000000000001}"
m587_copy.obj,Tool,5000,9940,triangles,"{'min_x': 0.025, 'max_x': 0.743971, 'min_y': 0.025, 'max_y': 0.9749999999999994, 'min_z': 0.025, 'max_z': 0.7440309999999999}"
m588_copy.obj,Tool,5000,9866,triangles,"{'min_x': 0.025, 'max_x': 0.739038, 'min_y': 0.025, 'max_y': 0.975, 'min_z': 0.025, 'max_z': 0.725741}"
m589_copy.obj,Tool,5000,9258,triangles,"{'min_x': 0.025, 'max_x': 0.478463, 'min_y': 0.025, 'max_y': 0.975, 'min_z': 0.025, 'max_z': 0.654105}"
m590_copy.obj,Tool,5000,8868,triangles,"{'min_x': 0.025, 'max_x': 0.4534440000000001, 'min_y': 0.025, 'max_y': 0.975, 'min_z': 0.025, 'max_z': 0.3389170000000001}"
m591_copy.obj,Tool,4993,9907,triangles,"{'min_x': 0.0250000000000001, 'max_x': 0.538759, 'min_y': 0.025, 'max_y': 0.974999999393621, 'min_z': 0.025, 'max_z': 0.565938}"
D01008_copy.obj,Train,5000,9203,triangles,"{'min_x': -74.64640000000001, 'max_x': -68.8803, 'min_y': 18.6005, 'max_y': 26.3091, 'min_z': 1.1831299999999854, 'max_z': 4.87077}"
D01014_copy.obj,Train,4028,6817,triangles,"{'min_x': -27.2865, 'max_x': 18.2245, 'min_y': 0.0, 'max_y': 3.55605, 'min_z': 0.0, 'max_z': 5.71526}"
D01016_copy.obj,Train,5522,5828,triangles,"{'min_x': -0.00635, 'max_x': 3.2448500000000005, 'min_y': -3.507874, 'max_y': 42.212126, 'min_z': -0.1016, 'max_z': 4.72074}"
D01027_copy.obj,Train,3907,6801,triangles,"{'min_x': 1.494655, 'max_x': 2.955183, 'min_y': -1.031196, 'max_y': 3.5306000000000006, 'min_z': 0.604199, 'max_z': 2.6142650000000005}"
D01031_copy.obj,Train,5000,9429,triangles,"{'min_x': 2.633926, 'max_x': 14.625887000000004, 'min_y': -3.426536, 'max_y': -1.5506449999999998, 'min_z': -0.0124060000000003, 'max_z': 2.7244370000000004}"
D01035_copy.obj,Train,5000,9032,triangles,"{'min_x': 0.39, 'max_x': 15.536743, 'min_y': 0.0, 'max_y': 2.447101, 'min_z': 0.0, 'max_z': 4.75}"
D01047_copy.obj,Train,4669,8501,triangles,"{'min_x': -3.77581638682766, 'max_x': 0.6262181582408316, 'min_y': 0.514367, 'max_y': 22.293380425948538, 'min_z': 0.02435, 'max_z': 5.88345}"
D01055_copy.obj,Train,5000,7983,triangles,"{'min_x': 0.8260999999999998, 'max_x': 2.501850000000001, 'min_y': 0.8841970534779057, 'max_y': 12.267882903549234, 'min_z': 0.2609558843073607, 'max_z': 2.73104}"
D01059_copy.obj,Train,5000,7878,triangles,"{'min_x': 0.0, 'max_x': 0.134599, 'min_y': 0.0, 'max_y': 0.029667, 'min_z': -7.94197899126e-05, 'max_z': 0.035566}"
D01061_copy.obj,Train,4710,8710,triangles,"{'min_x': -25.6005317397887, 'max_x': -8.08178, 'min_y': 0.150702, 'max_y': 3.42698, 'min_z': 0.456741, 'max_z': 6.78452}"
D01064_copy.obj,Train,4893,9335,triangles,"{'min_x': 0.856797, 'max_x': 2.7568, 'min_y': 0.505879, 'max_y': 5.84332, 'min_z': 0.0, 'max_z': 3.04871}"
D01089_copy.obj,Train,5000,9606,triangles,"{'min_x': 4.046048999999999, 'max_x': 9.630213000000001, 'min_y': -3.0319120000000006, 'max_y': 26.316554000000004, 'min_z': -0.0884650000000002, 'max_z': 5.818727}"
D01094_copy.obj,Train,5000,8492,triangles,"{'min_x': -0.5489790000000001, 'max_x': 0.5489790000000001, 'min_y': 2.088276, 'max_y': 10.534036, 'min_z': 3.0615859999999997, 'max_z': 4.556337}"
D01095_copy.obj,Train,5000,8806,triangles,"{'min_x': -6.92386, 'max_x': -1.10613, 'min_y': -7.38609, 'max_y': 7.00026, 'min_z': 0.0, 'max_z': 5.24168}"
D01134_copy.obj,Train,5000,6955,triangles,"{'min_x': -25.80659271323463, 'max_x': 49.05448845084489, 'min_y': -324.12292188366166, 'max_y': 247.9867573349379, 'min_z': -39.87072838014109, 'max_z': 98.02446317187429}"
D01137_copy.obj,Train,5000,7272,triangles,"{'min_x': 0.538748, 'max_x': 3.829398, 'min_y': 0.907264, 'max_y': 63.678864, 'min_z': -0.993542, 'max_z': 2.88925}"
D01147_copy.obj,Train,5000,9008,triangles,"{'min_x': -1.70524, 'max_x': 2.33107, 'min_y': -3.70966, 'max_y': 23.509400000000003, 'min_z': 0.018803, 'max_z': 3.9848500000000002}"
D01149_copy.obj,Train,5909,7228,triangles,"{'min_x': -1.1579419727265048, 'max_x': 37.4987, 'min_y': 0.4856979997655572, 'max_y': 3.63056, 'min_z': 0.0547331563940063, 'max_z': 4.411158482216751}"
D01163_copy.obj,Train,5000,8365,triangles,"{'min_x': 1.5594799999999998, 'max_x': 3.4502600000000005, 'min_y': 1.3164600000000002, 'max_y': 7.83820639578106, 'min_z': -1e-16, 'max_z': 2.47999}"
D01180_copy.obj,Train,5084,7630,triangles,"{'min_x': 0.4490055729189352, 'max_x': 3.7932862203458906, 'min_y': -5.302235869927836, 'max_y': 12.03239555252659, 'min_z': 0.1372895835977491, 'max_z': 5.447859431890537}"
m1578_copy.obj,Train,5000,9908,triangles,"{'min_x': 0.025, 'max_x': 0.208732, 'min_y': 0.0249999999999999, 'max_y': 0.370015, 'min_z': 0.025, 'max_z': 0.975}"
m1580_copy.obj,Train,5000,9556,triangles,"{'min_x': 0.025, 'max_x': 0.975, 'min_y': 0.025, 'max_y': 0.402336, 'min_z': 0.025, 'max_z': 0.380885}"
m1581_copy.obj,Train,5000,9384,triangles,"{'min_x': 0.025, 'max_x': 0.17244, 'min_y': 0.0248525625958826, 'max_y': 0.2832745497103162, 'min_z': 0.0246891831001146, 'max_z': 0.9753108168998854}"
m1582_copy.obj,Train,5000,9835,triangles,"{'min_x': 0.025, 'max_x': 0.194938, 'min_y': 0.0249457227207265, 'max_y': 0.2729842752279518, 'min_z': 0.0249997209096234, 'max_z': 0.975}"
m1583_copy.obj,Train,5000,9920,triangles,"{'min_x': 0.025, 'max_x': 0.323572, 'min_y': 0.025, 'max_y': 0.5678570000000002, 'min_z': 0.025, 'max_z': 0.975}"
m1584_copy.obj,Train,5000,9968,triangles,"{'min_x': 0.025, 'max_x': 0.975, 'min_y': 0.025, 'max_y': 0.508051, 'min_z': 0.025, 'max_z': 0.376302}"
m1585_copy.obj,Train,5000,9631,triangles,"{'min_x': 0.025, 'max_x': 0.302303, 'min_y': 0.025, 'max_y': 0.399059, 'min_z': 0.025, 'max_z': 0.975}"
m1586_copy.obj,Train,5000,9527,triangles,"{'min_x': 0.025, 'max_x': 0.30341, 'min_y': 0.025, 'max_y': 0.377149, 'min_z': 0.025, 'max_z': 0.975}"
m1587_copy.obj,Train,5000,9469,triangles,"{'min_x': 0.025, 'max_x': 0.3279260000000001, 'min_y': 0.0249999999999997, 'max_y': 0.4731420000000001, 'min_z': 0.025, 'max_z': 0.9750000000000001}"
m1588_copy.obj,Train,5000,8708,triangles,"{'min_x': 0.0250000000000001, 'max_x': 0.2698420000000001, 'min_y': 0.025, 'max_y': 0.4330289999999999, 'min_z': 0.025, 'max_z': 0.9750000000000003}"
D00096_copy.obj,Tree,39227,29050,triangles,"{'min_x': -0.671356, 'max_x': 1.4951755913258158, 'min_y': -0.373399, 'max_y': 0.359227, 'min_z': -0.334295, 'max_z': 0.362451}"
D00200_copy.obj,Tree,18729,9630,triangles,"{'min_x': -0.74025, 'max_x': 0.855705, 'min_y': -0.384577, 'max_y': 0.401581, 'min_z': -0.399645, 'max_z': 0.36556}"
D00221_copy.obj,Tree,36186,24189,triangles,"{'min_x': -0.831774, 'max_x': 0.703098, 'min_y': -0.788205, 'max_y': 0.801397, 'min_z': -0.727623, 'max_z': 0.856509}"
D00223_copy.obj,Tree,43199,23493,triangles,"{'min_x': -0.82818, 'max_x': 0.700241, 'min_y': -0.761249, 'max_y': 0.860203, 'min_z': -0.78434, 'max_z': 0.817519}"
D00367_copy.obj,Tree,5000,6512,triangles,"{'min_x': -1.0802, 'max_x': 0.391319, 'min_y': -0.714574, 'max_y': 0.47318, 'min_z': -0.516723, 'max_z': 0.44629}"
D00385_copy.obj,Tree,11892,6074,triangles,"{'min_x': -1.07678, 'max_x': 0.617585, 'min_y': -0.856072, 'max_y': 0.821101, 'min_z': -0.590222, 'max_z': 0.703101}"
D00393_copy.obj,Tree,11546,9884,triangles,"{'min_x': -1.13003, 'max_x': 0.681653, 'min_y': -0.845961, 'max_y': 0.870651, 'min_z': -0.521846, 'max_z': 1.05061}"
D00439_copy.obj,Tree,28625,12027,triangles,"{'min_x': -0.640132, 'max_x': 0.656279, 'min_y': -0.555664, 'max_y': 0.624018, 'min_z': -0.444136, 'max_z': 0.534239}"
D00456_copy.obj,Tree,5000,6007,triangles,"{'min_x': -0.413466, 'max_x': 0.9739470000000001, 'min_y': -0.20615, 'max_y': 0.226497, 'min_z': -0.209774, 'max_z': 0.221499}"
D00479_copy.obj,Tree,15008,8899,triangles,"{'min_x': -0.714561, 'max_x': 0.688675, 'min_y': -0.753838, 'max_y': 0.649734, 'min_z': -0.743726, 'max_z': 0.746704}"
D00533_copy.obj,Tree,30643,15754,triangles,"{'min_x': -0.658318, 'max_x': 0.697815, 'min_y': -0.307912, 'max_y': 0.368016, 'min_z': -0.338814, 'max_z': 0.309177}"
D00573_copy.obj,Tree,15896,8080,triangles,"{'min_x': -0.676141, 'max_x': 0.589685, 'min_y': -0.504682, 'max_y': 0.530682, 'min_z': -0.511131, 'max_z': 0.533494}"
D00612_copy.obj,Tree,11095,4165,triangles,"{'min_x': -1.0259529503302072, 'max_x': 0.935448, 'min_y': -0.609243, 'max_y': 0.57922, 'min_z': -0.523038, 'max_z': 0.617815}"
D00727_copy.obj,Tree,24333,15840,triangles,"{'min_x': -0.7726, 'max_x': 0.970278, 'min_y': -0.81415, 'max_y': 0.804699, 'min_z': -0.916956, 'max_z': 0.833341}"
D00765_copy.obj,Tree,21390,12736,triangles,"{'min_x': -0.888173, 'max_x': 0.978355, 'min_y': -0.630657, 'max_y': 0.830772, 'min_z': -0.545064, 'max_z': 0.824967}"
D00777_copy.obj,Tree,20095,10210,triangles,"{'min_x': -0.9391666474813418, 'max_x': 0.8324275382012978, 'min_y': -0.501938, 'max_y': 0.484235, 'min_z': -0.492265, 'max_z': 0.500288}"
D00810_copy.obj,Tree,7911,5922,triangles,"{'min_x': -0.832815, 'max_x': 0.585957, 'min_y': -0.630199, 'max_y': 0.977791, 'min_z': -0.378609, 'max_z': 0.540763}"
D00834_copy.obj,Tree,44293,31114,triangles,"{'min_x': -0.593639, 'max_x': 0.915808, 'min_y': -0.375012, 'max_y': 0.401935, 'min_z': -0.387187, 'max_z': 0.390214}"
D00911_copy.obj,Tree,15495,12628,triangles,"{'min_x': -0.722567, 'max_x': 0.846416, 'min_y': -0.857903, 'max_y': 0.836258, 'min_z': -0.689189, 'max_z': 0.977396}"
D00996_copy.obj,Tree,18887,7962,triangles,"{'min_x': -0.931967, 'max_x': 0.727631, 'min_y': -0.999761, 'max_y': 0.83767, 'min_z': -0.892153, 'max_z': 0.908001}"
m1050_copy.obj,Tree,5319,4447,triangles,"{'min_x': 0.025, 'max_x': 0.581102, 'min_y': 0.025, 'max_y': 0.975, 'min_z': 0.025, 'max_z': 0.54077}"
m1062_copy.obj,Tree,5000,9936,triangles,"{'min_x': 0.025, 'max_x': 0.597019, 'min_y': 0.025, 'max_y': 0.904128, 'min_z': 0.025, 'max_z': 0.975}"
m1063_copy.obj,Tree,5000,9678,triangles,"{'min_x': 0.025, 'max_x': 0.784114, 'min_y': 0.025, 'max_y': 0.975, 'min_z': 0.025, 'max_z': 0.7388760000000005}"
m1064_copy.obj,Tree,5002,5065,triangles,"{'min_x': 0.025, 'max_x': 0.516926, 'min_y': 0.025, 'max_y': 0.975, 'min_z': 0.025, 'max_z': 0.537091}"
m1065_copy.obj,Tree,6030,5243,triangles,"{'min_x': -0.0310789168092784, 'max_x': 1.3557396097056338, 'min_y': -3.5929533464695047, 'max_y': 0.9764060180851213, 'min_z': -1.311865450174154, 'max_z': 0.51987}"
m1066_copy.obj,Tree,5000,6592,triangles,"{'min_x': 0.025, 'max_x': 0.467435, 'min_y': 0.025, 'max_y': 0.975, 'min_z': 0.025, 'max_z': 0.370688}"
m1067_copy.obj,Tree,5000,8503,triangles,"{'min_x': 0.025, 'max_x': 0.761366, 'min_y': 0.0249999999999999, 'max_y': 0.975, 'min_z': 0.025, 'max_z': 0.626671}"
m1068_copy.obj,Tree,5000,7088,triangles,"{'min_x': 0.025, 'max_x': 0.975, 'min_y': 0.025, 'max_y': 0.853683, 'min_z': 0.025, 'max_z': 0.901006}"
m1069_copy.obj,Tree,18024,16648,triangles,"{'min_x': 0.025, 'max_x': 0.907191, 'min_y': 0.025, 'max_y': 0.975, 'min_z': 0.025, 'max_z': 0.969888}"
m1070_copy.obj,Tree,5000,8663,triangles,"{'min_x': 0.025, 'max_x': 0.314703, 'min_y': 0.025, 'max_y': 0.975, 'min_z': 0.025, 'max_z': 0.427371}"
m1071_copy.obj,Tree,5000,9126,triangles,"{'min_x': 0.025, 'max_x': 0.954665, 'min_y': 0.025, 'max_y': 0.701217, 'min_z': 0.025, 'max_z': 0.975}"
m1072_copy.obj,Tree,5000,8447,triangles,"{'min_x': 0.025, 'max_x': 0.477147, 'min_y': 0.025, 'max_y': 0.975, 'min_z': 0.025, 'max_z': 0.538707}"
m1075_copy.obj,Tree,5000,9960,triangles,"{'min_x': 0.025, 'max_x': 0.362593, 'min_y': 0.025, 'max_y': 0.975, 'min_z': 0.025, 'max_z': 0.640251}"
m1077_copy.obj,Tree,5000,9762,triangles,"{'min_x': 0.0250000000000001, 'max_x': 0.698488, 'min_y': 0.025, 'max_y': 0.9750000000000006, 'min_z': 0.025, 'max_z': 0.715327}"
m1078_copy.obj,Tree,5000,8364,triangles,"{'min_x': 0.025, 'max_x': 0.271474, 'min_y': 0.025, 'max_y': 0.975, 'min_z': 0.025, 'max_z': 0.398059}"
m1079_copy.obj,Tree,5000,9948,triangles,"{'min_x': 0.025, 'max_x': 0.291, 'min_y': 0.025, 'max_y': 0.975, 'min_z': 0.025, 'max_z': 0.277981}"
m1082_copy.obj,Tree,5000,9976,triangles,"{'min_x': 0.025, 'max_x': 0.4579110000000002, 'min_y': 0.025, 'max_y': 0.975, 'min_z': 0.025, 'max_z': 0.436723}"
m1086_copy.obj,Tree,5385,5132,triangles,"{'min_x': -2.3685649128206685, 'max_x': 3.8412382800031772, 'min_y': 0.025, 'max_y': 0.975, 'min_z': -8.315341109586573, 'max_z': 2.4476812694341157}"
m1089_copy.obj,Tree,5000,9530,triangles,"{'min_x': 0.025, 'max_x': 0.578353, 'min_y': 0.025, 'max_y': 0.975, 'min_z': 0.025, 'max_z': 0.559279}"
m1090_copy.obj,Tree,5000,9964,triangles,"{'min_x': 0.0254140801671631, 'max_x': 0.975, 'min_y': 0.025, 'max_y': 0.69057, 'min_z': 0.0251200454360766, 'max_z': 0.7592581562198687}"
m1091_copy.obj,Tree,5000,7883,triangles,"{'min_x': 0.025, 'max_x': 0.563717, 'min_y': 0.025, 'max_y': 0.975, 'min_z': 0.025, 'max_z': 0.638287}"
m1092_copy.obj,Tree,5000,9964,triangles,"{'min_x': 0.025, 'max_x': 0.975, 'min_y': 0.025, 'max_y': 0.7474080000000002, 'min_z': 0.025, 'max_z': 0.933538}"
m1093_copy.obj,Tree,4902,8146,triangles,"{'min_x': 0.025, 'max_x': 0.875567, 'min_y': 0.025, 'max_y': 0.975, 'min_z': 0.025, 'max_z': 0.793233}"
m1095_copy.obj,Tree,5000,6402,triangles,"{'min_x': 0.025, 'max_x': 0.965689, 'min_y': 0.0249999999999999, 'max_y': 0.975, 'min_z': 0.025, 'max_z': 0.951578}"
m1096_copy.obj,Tree,5000,9192,triangles,"{'min_x': 0.025, 'max_x': 0.565825, 'min_y': 0.025, 'max_y': 0.975, 'min_z': 0.025, 'max_z': 0.563253}"
m1097_copy.obj,Tree,5000,9592,triangles,"{'min_x': 0.025, 'max_x': 0.418527, 'min_y': 0.025, 'max_y': 0.975, 'min_z': 0.025, 'max_z': 0.02842}"
m1098_copy.obj,Tree,5792,5614,triangles,"{'min_x': -9.029880382981418, 'max_x': 805.0500634977069, 'min_y': 0.025, 'max_y': 0.86264, 'min_z': -13.70354757123767, 'max_z': 246.7459905130922}"
D00055_copy.obj,TruckNonContainer,5000,9334,triangles,"{'min_x': 0.0, 'max_x': 2.548206, 'min_y': 0.0, 'max_y': 5.85285, 'min_z': -3.5258561241e-06, 'max_z': 3.757917}"
D00143_copy.obj,TruckNonContainer,5000,7086,triangles,"{'min_x': 0.9783971367049279, 'max_x': 5.282445770863118, 'min_y': 6.844831303250706, 'max_y': 8.74679, 'min_z': -0.00331486, 'max_z': 3.159614567430633}"
D00148_copy.obj,TruckNonContainer,5000,9637,triangles,"{'min_x': 2.858734, 'max_x': 4.643761, 'min_y': 9.622424, 'max_y': 14.173539, 'min_z': 0.0071209999999998, 'max_z': 2.014579}"
D00215_copy.obj,TruckNonContainer,5000,8812,triangles,"{'min_x': -85.72694100000008, 'max_x': 92.94817500000003, 'min_y': -320.108585, 'max_y': 169.11047100000013, 'min_z': -45.55376499999999, 'max_z': 134.995221}"
D00252_copy.obj,TruckNonContainer,4977,9590,triangles,"{'min_x': -4.19512, 'max_x': 16.338683, 'min_y': 0.291034019754141, 'max_y': 12.247429, 'min_z': 0.0, 'max_z': 9.390421}"
D00266_copy.obj,TruckNonContainer,5000,8474,triangles,"{'min_x': -0.1616208180508394, 'max_x': 2.1400880734629593, 'min_y': -0.001006, 'max_y': 5.77523, 'min_z': 0.0, 'max_z': 2.2136}"
D00267_copy.obj,TruckNonContainer,4943,9625,triangles,"{'min_x': 5.122226563366245, 'max_x': 142.42, 'min_y': -5.80774, 'max_y': 56.4549, 'min_z': 1.0354583307627587, 'max_z': 76.1944}"
D00275_copy.obj,TruckNonContainer,4987,9820,triangles,"{'min_x': 12.757, 'max_x': 40.4667, 'min_y': 7.95888, 'max_y': 16.0525, 'min_z': 0.076544, 'max_z': 10.2298}"
D00283_copy.obj,TruckNonContainer,5000,6973,triangles,"{'min_x': 0.8553616250347926, 'max_x': 0.9408532398581918, 'min_y': 0.673984, 'max_y': 0.8546947994635782, 'min_z': 0.0035609, 'max_z': 0.116439}"
D00353_copy.obj,TruckNonContainer,5000,7126,triangles,"{'min_x': 1.10204e-05, 'max_x': 3.326387162099897, 'min_y': -3.26601e-05, 'max_y': 7.411290951022489, 'min_z': -0.0236276206956822, 'max_z': 4.13784327038839}"
D00553_copy.obj,TruckNonContainer,5000,9055,triangles,"{'min_x': -1.336751, 'max_x': 3.696526, 'min_y': -3.125372000000001, 'max_y': 10.824456, 'min_z': -1.8669, 'max_z': 4.137274236693068}"
D00572_copy.obj,TruckNonContainer,4479,8487,triangles,"{'min_x': 0.00195067, 'max_x': 2.75672, 'min_y': 0.0, 'max_y': 9.24579, 'min_z': 0.0, 'max_z': 2.58466}"
D00608_copy.obj,TruckNonContainer,5000,8483,triangles,"{'min_x': -2.338098166392951, 'max_x': -0.3486109357200772, 'min_y': 0.216103, 'max_y': 5.219585000000002, 'min_z': -0.000962, 'max_z': 2.147721}"
D00619_copy.obj,TruckNonContainer,4930,9691,triangles,"{'min_x': -293.268, 'max_x': 191.88, 'min_y': 18.1994, 'max_y': 153.761, 'min_z': -4.22611, 'max_z': 228.3}"
D00699_copy.obj,TruckNonContainer,4848,9117,triangles,"{'min_x': -0.001587, 'max_x': 2.289718500986823, 'min_y': 0.131142, 'max_y': 5.66569, 'min_z': -0.0126997, 'max_z': 2.317320393562472}"
D00731_copy.obj,TruckNonContainer,4597,8964,triangles,"{'min_x': 3.47577, 'max_x': 6.099, 'min_y': -0.133456, 'max_y': 7.71034, 'min_z': 1.276231e-10, 'max_z': 3.05498}"
D00737_copy.obj,TruckNonContainer,5000,8671,triangles,"{'min_x': -72.41589999999998, 'max_x': 72.84220000000002, 'min_y': -245.39800129936975, 'max_y': 48.1026, 'min_z': -1.089630000000007, 'max_z': 140.698}"
D00783_copy.obj,TruckNonContainer,4960,9400,triangles,"{'min_x': 8.06463, 'max_x': 15.866600000000002, 'min_y': -1.39549, 'max_y': 1.47686, 'min_z': -0.000150005, 'max_z': 2.832}"
D00879_copy.obj,TruckNonContainer,5000,9585,triangles,"{'min_x': 1.912669, 'max_x': 9.544557, 'min_y': 1.6656879999999998, 'max_y': 5.952464, 'min_z': -0.0357880000000001, 'max_z': 4.200177}"
D00943_copy.obj,TruckNonContainer,5000,6574,triangles,"{'min_x': 0.7590714944681918, 'max_x': 2.331552851480222, 'min_y': -0.0508, 'max_y': 4.299259, 'min_z': 0.1457978729410634, 'max_z': 2.2845977033449962}"
D00002_copy.obj,Truck,5000,9740,triangles,"{'min_x': 2.679006, 'max_x': 8.419631000000003, 'min_y': -0.899511, 'max_y': 1.422532, 'min_z': -0.0273270000000007, 'max_z': 1.861361}"
D00003_copy.obj,Truck,5000,8326,triangles,"{'min_x': 0.3336805211422161, 'max_x': 3.0920603086554337, 'min_y': -0.829618, 'max_y': 6.45504, 'min_z': -0.018506, 'max_z': 2.97985}"
D00010_copy.obj,Truck,5000,8713,triangles,"{'min_x': 7.217958195561575, 'max_x': 10.904406685933802, 'min_y': 13.3972, 'max_y': 24.31200000000001, 'min_z': -0.279988, 'max_z': 3.68515}"
D00029_copy.obj,Truck,4561,7504,triangles,"{'min_x': 0.0342377, 'max_x': 2.61832, 'min_y': 0.00192095, 'max_y': 15.758200000000002, 'min_z': -0.0042432380370345, 'max_z': 3.87176}"
D00047_copy.obj,Truck,4994,9548,triangles,"{'min_x': 1.5873369999999996, 'max_x': 17.731709, 'min_y': 0.454792, 'max_y': 3.296465, 'min_z': -0.209149, 'max_z': 4.455437}"
D00056_copy.obj,Truck,5000,8238,triangles,"{'min_x': -4.28236, 'max_x': 11.899513000000002, 'min_y': 2.641286, 'max_y': 5.8317, 'min_z': 0.0, 'max_z': 4.455437000000001}"
D00112_copy.obj,Truck,5000,7791,triangles,"{'min_x': -0.00187855, 'max_x': 3.325076124973229, 'min_y': -0.00060713, 'max_y': 13.2481, 'min_z': -0.0111446180407154, 'max_z': 4.50389}"
D00158_copy.obj,Truck,5000,8323,triangles,"{'min_x': -0.569652, 'max_x': 2.18893, 'min_y': -2.11952, 'max_y': 5.28806, 'min_z': 0.005011, 'max_z': 3.20853}"
D00241_copy.obj,Truck,5000,9885,triangles,"{'min_x': -2.99001, 'max_x': 14.432456, 'min_y': -0.1147520000000001, 'max_y': 3.075662000000002, 'min_z': -5e-16, 'max_z': 3.890237}"
D00287_copy.obj,Truck,4983,9267,triangles,"{'min_x': -2.29011, 'max_x': 2.28986, 'min_y': -5.0795322238256615, 'max_y': 5.07441, 'min_z': -2.36981, 'max_z': 2.37038}"
D00303_copy.obj,Truck,5000,7713,triangles,"{'min_x': 0.00538704, 'max_x': 3.0384347274674988, 'min_y': 0.000603553, 'max_y': 17.2463, 'min_z': -0.0434515140342868, 'max_z': 4.6}"
D00331_copy.obj,Truck,4657,8519,triangles,"{'min_x': -1.5801426238117202, 'max_x': 15.5001, 'min_y': -0.17497, 'max_y': 2.58496, 'min_z': 0.0, 'max_z': 3.63161}"
D00406_copy.obj,Truck,5000,8782,triangles,"{'min_x': -0.335624, 'max_x': 0.144946, 'min_y': -0.097085, 'max_y': 0.088676, 'min_z': 0.000198, 'max_z': 0.22267}"
D00424_copy.obj,Truck,5000,7526,triangles,"{'min_x': -0.14057, 'max_x': 19.7564, 'min_y': 0.0788136, 'max_y': 2.55868, 'min_z': -0.0992981, 'max_z': 4.018290000000001}"
D00518_copy.obj,Truck,4827,8353,triangles,"{'min_x': 0.00132611, 'max_x': 2.48132, 'min_y': 0.00748242, 'max_y': 11.0415, 'min_z': 0.000219, 'max_z': 3.82758}"
D00804_copy.obj,Truck,5000,8607,triangles,"{'min_x': -3.0607000135696456, 'max_x': 0.1735447439184672, 'min_y': -3.7659209274275325, 'max_y': 6.75881, 'min_z': -0.034132, 'max_z': 4.26479}"
D00835_copy.obj,Truck,5727,7595,triangles,"{'min_x': 0.0, 'max_x': 8.0375, 'min_y': 0.566501520957173, 'max_y': 10.6044, 'min_z': -0.0565246447510297, 'max_z': 3.0}"
D00926_copy.obj,Truck,4656,7745,triangles,"{'min_x': 9.17465, 'max_x': 11.7069, 'min_y': 0.0003573796893116, 'max_y': 19.3774, 'min_z': -0.0036927409113423, 'max_z': 4.14456}"
D00947_copy.obj,Truck,4978,9460,triangles,"{'min_x': 2.161186, 'max_x': 23.075106, 'min_y': 16.634753, 'max_y': 24.383961020800097, 'min_z': -0.0009530017920358, 'max_z': 9.389467}"
D00987_copy.obj,Truck,6674,9382,triangles,"{'min_x': -0.6363970595296993, 'max_x': 2.4262415757158955, 'min_y': 0.00990819, 'max_y': 10.7131, 'min_z': -0.1185405650112141, 'max_z': 3.3286581651688376}"
m1570_copy.obj,Truck,5000,9032,triangles,"{'min_x': 0.025, 'max_x': 0.233035, 'min_y': 0.025, 'max_y': 0.361782, 'min_z': 0.025, 'max_z': 0.975}"
m1571_copy.obj,Truck,5000,9116,triangles,"{'min_x': 0.025, 'max_x': 0.3169252186626157, 'min_y': 0.025, 'max_y': 0.413022, 'min_z': 0.0250566468333212, 'max_z': 0.975}"
m1572_copy.obj,Truck,5000,9114,triangles,"{'min_x': 0.025, 'max_x': 0.186122, 'min_y': 0.025, 'max_y': 0.265523, 'min_z': 0.025, 'max_z': 0.975}"
m1573_copy.obj,Truck,5000,8896,triangles,"{'min_x': 0.025392, 'max_x': 0.2872000000000001, 'min_y': 0.025, 'max_y': 0.322961, 'min_z': 0.025, 'max_z': 0.975}"
m1574_copy.obj,Truck,5000,9810,triangles,"{'min_x': 0.025, 'max_x': 0.4188470000000003, 'min_y': 0.0, 'max_y': 0.460146, 'min_z': 0.025, 'max_z': 0.975}"
m1575_copy.obj,Truck,5000,7758,triangles,"{'min_x': 0.02601, 'max_x': 0.396194, 'min_y': 0.0245252316476542, 'max_y': 0.472675380831751, 'min_z': 0.0234192481821566, 'max_z': 0.9751877278352925}"
m1576_copy.obj,Truck,5000,9173,triangles,"{'min_x': 0.0249999999999996, 'max_x': 0.975, 'min_y': 0.025, 'max_y': 0.3799270000000001, 'min_z': 0.025, 'max_z': 0.318182}"
m527_copy.obj,Vase,5000,9996,triangles,"{'min_x': 0.025, 'max_x': 0.975, 'min_y': 0.0249999999999999, 'max_y': 0.9750000000000002, 'min_z': 0.025, 'max_z': 0.9749999999999999}"
m528_copy.obj,Vase,5000,9860,triangles,"{'min_x': 0.025, 'max_x': 0.4042990000000001, 'min_y': 0.025, 'max_y': 0.3558829999999999, 'min_z': 0.025, 'max_z': 0.975000000000001}"
m529_copy.obj,Vase,5000,9142,triangles,"{'min_x': 0.025, 'max_x': 0.970642, 'min_y': 0.025, 'max_y': 0.65045, 'min_z': 0.025, 'max_z': 0.9750000000000001}"
m531_copy.obj,Vase,5000,10000,triangles,"{'min_x': 0.025, 'max_x': 0.4951070000000001, 'min_y': 0.0249999999999998, 'max_y': 0.975000000000001, 'min_z': 0.025, 'max_z': 0.4951350000000002}"
m532_copy.obj,Vase,5000,9924,triangles,"{'min_x': 0.025, 'max_x': 0.42287, 'min_y': 0.025, 'max_y': 0.42287, 'min_z': 0.0249999999999949, 'max_z': 0.9750000000000002}"
m533_copy.obj,Vase,5000,9936,triangles,"{'min_x': 0.025, 'max_x': 0.615957, 'min_y': 0.025, 'max_y': 0.975, 'min_z': 0.025, 'max_z': 0.525106}"
m534_copy.obj,Vase,5000,9996,triangles,"{'min_x': 0.025, 'max_x': 0.6397839999999996, 'min_y': 0.0249999999999999, 'max_y': 0.9750000000000035, 'min_z': 0.025, 'max_z': 0.639784}"
m535_copy.obj,Vase,5000,9744,triangles,"{'min_x': 0.025, 'max_x': 0.674141, 'min_y': 0.025, 'max_y': 0.975, 'min_z': 0.025, 'max_z': 0.674141}"
m536_copy.obj,Vase,5000,9996,triangles,"{'min_x': 0.0250000000000001, 'max_x': 0.4999999999999991, 'min_y': 0.025, 'max_y': 0.5000000000000001, 'min_z': 0.0249999999999978, 'max_z': 0.975000000000002}"
m537_copy.obj,Vase,5000,10000,triangles,"{'min_x': 0.025, 'max_x': 0.5716050000000001, 'min_y': 0.025, 'max_y': 0.9749999999999999, 'min_z': 0.025, 'max_z': 0.571721}"
m538_copy.obj,Vase,5000,9711,triangles,"{'min_x': 0.025, 'max_x': 0.975, 'min_y': 0.025, 'max_y': 0.539535, 'min_z': 0.025, 'max_z': 0.974583}"
m539_copy.obj,Vase,5000,9928,triangles,"{'min_x': 0.025, 'max_x': 0.7532970000000004, 'min_y': 0.025, 'max_y': 0.975, 'min_z': 0.025, 'max_z': 0.7528}"
m540_copy.obj,Vase,5000,9996,triangles,"{'min_x': 0.0249999999999997, 'max_x': 0.9319660000000001, 'min_y': 0.0249999999999998, 'max_y': 0.8032610000000003, 'min_z': 0.0250000000000001, 'max_z': 0.9750000000000002}"
m541_copy.obj,Vase,5000,9806,triangles,"{'min_x': 0.025, 'max_x': 0.8903130000000006, 'min_y': 0.0249999999999998, 'max_y': 0.9750000000000003, 'min_z': 0.025, 'max_z': 0.8906989999999999}"
m542_copy.obj,Vase,5000,9932,triangles,"{'min_x': 0.025, 'max_x': 0.642246, 'min_y': 0.025, 'max_y': 0.9385920000000008, 'min_z': 0.0249999999999993, 'max_z': 0.9750000000000002}"
m543_copy.obj,Vase,5000,9804,triangles,"{'min_x': 0.025, 'max_x': 0.8903129999999998, 'min_y': 0.0249999999999999, 'max_y': 0.9750000000000004, 'min_z': 0.0249999999999999, 'max_z': 0.8906969999999997}"
m544_copy.obj,Vase,5000,9996,triangles,"{'min_x': 0.025, 'max_x': 0.6690689999999999, 'min_y': 0.025, 'max_y': 0.9750000000000001, 'min_z': 0.025, 'max_z': 0.669069}"
m545_copy.obj,Vase,5000,9996,triangles,"{'min_x': 0.025, 'max_x': 0.975, 'min_y': 0.025, 'max_y': 0.4096090000000001, 'min_z': 0.0249999999999999, 'max_z': 0.975}"
m546_copy.obj,Vase,5000,9996,triangles,"{'min_x': 0.025, 'max_x': 0.669058, 'min_y': 0.025, 'max_y': 0.9750000000000001, 'min_z': 0.025, 'max_z': 0.669058}"
m547_copy.obj,Vase,5000,9726,triangles,"{'min_x': 0.025, 'max_x': 0.975, 'min_y': 0.0249999999999998, 'max_y': 0.714336, 'min_z': 0.025, 'max_z': 0.975}"
D00108_copy.obj,Violin,5000,9486,triangles,"{'min_x': 2.687619999999999, 'max_x': 4.7081300000000015, 'min_y': -2.4687300000000016, 'max_y': 3.1091700000000007, 'min_z': 0.483871, 'max_z': 1.0828}"
D00216_copy.obj,Violin,5000,9339,triangles,"{'min_x': 0.220861, 'max_x': 0.4287670000000001, 'min_y': -0.259678, 'max_y': -0.1473089999999997, 'min_z': 0.133586, 'max_z': 0.7234910000000002}"
D00250_copy.obj,Violin,5000,8629,triangles,"{'min_x': -0.17854, 'max_x': 0.431319, 'min_y': 0.120517, 'max_y': 0.19606236503129, 'min_z': 0.0625038, 'max_z': 0.2699739999999998}"
D00324_copy.obj,Violin,5000,9323,triangles,"{'min_x': 1.7268400000000006, 'max_x': 2.70567998860099, 'min_y': 2.25604, 'max_y': 5.3374, 'min_z': 0.0957449999999996, 'max_z': 0.6599759999999943}"
D00340_copy.obj,Violin,5000,8798,triangles,"{'min_x': 0.686432, 'max_x': 0.901886, 'min_y': -0.0375250000000001, 'max_y': 0.0263179, 'min_z': 1.09775, 'max_z': 1.70089}"
D00349_copy.obj,Violin,4971,9673,triangles,"{'min_x': -14.737776, 'max_x': -14.282619, 'min_y': 17.900774, 'max_y': 18.740748, 'min_z': 0.42433, 'max_z': 1.501896}"
D00358_copy.obj,Violin,5000,8986,triangles,"{'min_x': 0.48787, 'max_x': 0.695017, 'min_y': -0.0127201, 'max_y': 0.59669, 'min_z': -0.0617799362574141, 'max_z': 0.022873}"
D00376_copy.obj,Violin,5000,9789,triangles,"{'min_x': 3.634775, 'max_x': 4.934042999999999, 'min_y': 2.779451, 'max_y': 4.432217, 'min_z': -0.601902, 'max_z': 3.473981}"
D00506_copy.obj,Violin,5000,9288,triangles,"{'min_x': 4.275601, 'max_x': 10.73377500000001, 'min_y': 12.040584, 'max_y': 19.92248899396198, 'min_z': -1.402598064729073, 'max_z': 18.005328000289985}"
D00570_copy.obj,Violin,5000,9395,triangles,"{'min_x': 1.8882999999999999, 'max_x': 2.600860000988833, 'min_y': 0.7428460000000001, 'max_y': 1.7944700000000002, 'min_z': 0.3413589999999992, 'max_z': 2.13234}"
D00598_copy.obj,Violin,4773,8633,triangles,"{'min_x': -10.669403235181889, 'max_x': 52653.53134300001, 'min_y': -13432.688653, 'max_y': -1.72402, 'min_z': -0.526695, 'max_z': 5949.687947}"
D00602_copy.obj,Violin,5000,9213,triangles,"{'min_x': 9.93669, 'max_x': 10.0376, 'min_y': 20.73199999999999, 'max_y': 20.9391, 'min_z': 1.792919999999998, 'max_z': 2.5404900000000006}"
D00620_copy.obj,Violin,5000,9519,triangles,"{'min_x': -0.3416240000000001, 'max_x': -0.024124, 'min_y': -0.446695, 'max_y': 0.3757440000000001, 'min_z': 0.01905, 'max_z': 0.08255}"
D00675_copy.obj,Violin,5000,9483,triangles,"{'min_x': 0.150585, 'max_x': 0.339725, 'min_y': 0.419612, 'max_y': 0.592532, 'min_z': 0.0008990000000445, 'max_z': 0.577988}"
D00701_copy.obj,Violin,4916,9464,triangles,"{'min_x': 4.581154, 'max_x': 5.563618000000001, 'min_y': 0.039219, 'max_y': 2.816739, 'min_z': -0.082304, 'max_z': 0.119063}"
D00704_copy.obj,Violin,5000,8852,triangles,"{'min_x': 0.323036, 'max_x': 1.01076, 'min_y': 0.0180119999999997, 'max_y': 0.313791, 'min_z': 1.3119600000000007, 'max_z': 1.53282}"
D00743_copy.obj,Violin,5000,9439,triangles,"{'min_x': -14.618173001692227, 'max_x': 0.991073, 'min_y': -6.018688, 'max_y': 54.573811, 'min_z': 6.502399999999986, 'max_z': 13.569950000000002}"
D00891_copy.obj,Violin,4851,9348,triangles,"{'min_x': 36.637, 'max_x': 62.4366, 'min_y': 11.9892, 'max_y': 86.5645, 'min_z': 0.0, 'max_z': 7.19455}"
D00898_copy.obj,Violin,5000,7836,triangles,"{'min_x': -1.1866195281766037, 'max_x': -0.980585, 'min_y': -0.145814, 'max_y': -0.030921, 'min_z': -0.0621985881946653, 'max_z': 0.52223}"
D00993_copy.obj,Violin,4891,8708,triangles,"{'min_x': 4.52953, 'max_x': 4.98731, 'min_y': 0.194657, 'max_y': 0.5209370540655714, 'min_z': -3.4477434190226606, 'max_z': -1.94465}"
D00004_copy.obj,WheelChair,5000,9478,triangles,"{'min_x': -0.5392650539045226, 'max_x': 1.2460223344093144, 'min_y': -0.3958388625028592, 'max_y': 0.435983376315585, 'min_z': -0.4109048703219083, 'max_z': 0.3810820836195153}"
D00070_copy.obj,WheelChair,5000,9880,triangles,"{'min_x': -1.26678, 'max_x': 0.6722189294412306, 'min_y': -0.6566495566501667, 'max_y': 0.525735, 'min_z': -0.6783864555489707, 'max_z': 0.552007}"
D00088_copy.obj,WheelChair,5000,9578,triangles,"{'min_x': -0.860818, 'max_x': 0.8833788662440153, 'min_y': -0.5690279401966304, 'max_y': 0.4254442473416616, 'min_z': -0.6677355341684594, 'max_z': 0.4492598098427502}"
D00183_copy.obj,WheelChair,5000,9304,triangles,"{'min_x': -0.9647590000000001, 'max_x': 0.887096, 'min_y': -0.5349820000000005, 'max_y': 0.6008400000000004, 'min_z': -0.478001, 'max_z': 0.5947060000000001}"
D00203_copy.obj,WheelChair,4975,9176,triangles,"{'min_x': -1.19246, 'max_x': 0.618101, 'min_y': -0.433728, 'max_y': 0.598671, 'min_z': -0.627437, 'max_z': 0.559673}"
D00274_copy.obj,WheelChair,5000,8791,triangles,"{'min_x': -0.702455, 'max_x': 1.16387, 'min_y': -0.458416, 'max_y': 0.5331670000000001, 'min_z': -0.413206, 'max_z': 0.692311}"
D00290_copy.obj,WheelChair,5000,9864,triangles,"{'min_x': -0.8682859809672421, 'max_x': 0.992781, 'min_y': -0.4584829999999997, 'max_y': 0.565172, 'min_z': -0.544037, 'max_z': 0.5036210000000001}"
D00365_copy.obj,WheelChair,5000,9924,triangles,"{'min_x': -0.882627493035541, 'max_x': 0.920881, 'min_y': -0.6424964129989679, 'max_y': 0.388073, 'min_z': -0.5708471302323204, 'max_z': 0.422663}"
D00394_copy.obj,WheelChair,5000,9698,triangles,"{'min_x': -1.1047793005128907, 'max_x': 0.7950302596094495, 'min_y': -0.4850065609932135, 'max_y': 0.5743882134037515, 'min_z': -0.5733109539360788, 'max_z': 0.5361761398278161}"
D00449_copy.obj,WheelChair,5000,9439,triangles,"{'min_x': -0.9845945932237574, 'max_x': 0.794939978175943, 'min_y': -0.3827671002573466, 'max_y': 0.7852142232908216, 'min_z': -0.6351303039531248, 'max_z': 0.6398708623691376}"
D00453_copy.obj,WheelChair,5000,8744,triangles,"{'min_x': -0.587937, 'max_x': 1.04183, 'min_y': -0.7458330000000001, 'max_y': 0.353637, 'min_z': -0.543627, 'max_z': 0.595157}"
D00499_copy.obj,WheelChair,5000,8444,triangles,"{'min_x': -0.6894630000000002, 'max_x': 1.16514, 'min_y': -0.454981, 'max_y': 0.485391, 'min_z': -0.380234, 'max_z': 0.693217}"
D00526_copy.obj,WheelChair,5000,9605,triangles,"{'min_x': -0.883464, 'max_x': 0.9033579999999999, 'min_y': -0.519012, 'max_y': 0.637842, 'min_z': -0.564571, 'max_z': 0.6820279999999999}"
D00604_copy.obj,WheelChair,5000,8718,triangles,"{'min_x': -0.71117, 'max_x': 1.16462, 'min_y': -0.7181890000000001, 'max_y': 0.342901, 'min_z': -0.524783, 'max_z': 0.616596}"
D00628_copy.obj,WheelChair,5000,9622,triangles,"{'min_x': -0.7722072310571557, 'max_x': 0.989284710640914, 'min_y': -0.5486313504006175, 'max_y': 0.5235928421908247, 'min_z': -0.6095992036572664, 'max_z': 0.577485262989385}"
D00687_copy.obj,WheelChair,5000,9892,triangles,"{'min_x': -0.8328542800614261, 'max_x': 0.997014, 'min_y': -0.383821, 'max_y': 0.545195, 'min_z': -0.446596, 'max_z': 0.5252549252386127}"
D00720_copy.obj,WheelChair,5351,6256,triangles,"{'min_x': -1.294881063702061, 'max_x': 0.6293797871059195, 'min_y': -0.5968161480878159, 'max_y': 0.6252067624067179, 'min_z': -0.432210961818702, 'max_z': 0.5219347838648514}"
D00782_copy.obj,WheelChair,5000,9197,triangles,"{'min_x': -1.18257, 'max_x': 0.7008900000000001, 'min_y': -0.425223, 'max_y': 0.7024180000000001, 'min_z': -0.596103, 'max_z': 0.61337}"
D00821_copy.obj,WheelChair,5000,9892,triangles,"{'min_x': -0.824868, 'max_x': 1.00177, 'min_y': -0.346825, 'max_y': 0.528973, 'min_z': -0.468272, 'max_z': 0.5086809966175734}"
D00846_copy.obj,WheelChair,5000,9528,triangles,"{'min_x': -0.9155519204627981, 'max_x': 0.9496656115243584, 'min_y': -0.5602613419888922, 'max_y': 0.5193832602168994, 'min_z': -0.6272023265955, 'max_z': 0.5384640875619278}"
m733_copy.obj,Wheel,5000,9996,triangles,"{'min_x': 0.025, 'max_x': 0.9709480000000003, 'min_y': 0.025, 'max_y': 0.975, 'min_z': 0.025, 'max_z': 0.4380430000000003}"
m734_copy.obj,Wheel,5000,7608,triangles,"{'min_x': 0.025, 'max_x': 0.2039170000000006, 'min_y': 0.025, 'max_y': 0.9750000000000002, 'min_z': 0.025, 'max_z': 0.9697940000000008}"
m735_copy.obj,Wheel,5000,9960,triangles,"{'min_x': 0.025, 'max_x': 0.975, 'min_y': 0.025, 'max_y': 0.975, 'min_z': 0.025, 'max_z': 0.1135170000023584}"
m736_copy.obj,Wheel,4919,9972,triangles,"{'min_x': 0.025, 'max_x': 0.2361120000000001, 'min_y': 0.025, 'max_y': 0.975, 'min_z': 0.025, 'max_z': 0.975}"
m737_copy.obj,Wheel,5000,9320,triangles,"{'min_x': 0.025, 'max_x': 0.5395290000000003, 'min_y': 0.025, 'max_y': 0.9750000000000002, 'min_z': 0.025, 'max_z': 0.9749609999999989}"
m738_copy.obj,Wheel,4986,9442,triangles,"{'min_x': 0.025, 'max_x': 0.975, 'min_y': 0.025, 'max_y': 0.975, 'min_z': 0.025, 'max_z': 0.502082}"
m739_copy.obj,Wheel,4990,10016,triangles,"{'min_x': 0.025, 'max_x': 0.975, 'min_y': 0.025, 'max_y': 0.9750000000000002, 'min_z': 0.0249999996824536, 'max_z': 0.413635001924463}"
m740_copy.obj,Wheel,5000,8140,triangles,"{'min_x': 0.025, 'max_x': 0.9750000000000001, 'min_y': 0.025, 'max_y': 0.9750000000000002, 'min_z': 0.0249999999999999, 'max_z': 0.4778330000000045}"
m741_copy.obj,Wheel,5000,9818,triangles,"{'min_x': 0.025, 'max_x': 0.9750000000000003, 'min_y': 0.025, 'max_y': 0.911667, 'min_z': 0.025, 'max_z': 0.911667}"
m742_copy.obj,Wheel,5000,9996,triangles,"{'min_x': 0.025, 'max_x': 0.9750000000000002, 'min_y': 0.025, 'max_y': 0.9750000000000002, 'min_z': 0.025, 'max_z': 0.2010450000000001}"
m743_copy.obj,Wheel,5000,9996,triangles,"{'min_x': 0.025, 'max_x': 0.975, 'min_y': 0.0249999999999999, 'max_y': 0.9750000000000001, 'min_z': 0.025, 'max_z': 0.111379}"
m744_copy.obj,Wheel,5000,10000,triangles,"{'min_x': 0.025, 'max_x': 0.9747010000000002, 'min_y': 0.025, 'max_y': 0.9750000000000001, 'min_z': 0.0249999999999998, 'max_z': 0.4132260000000023}"
m745_copy.obj,Wheel,5000,10000,triangles,"{'min_x': 0.025, 'max_x': 0.9736610000000001, 'min_y': 0.025, 'max_y': 0.9750000000000003, 'min_z': 0.025, 'max_z': 0.5291960000000001}"
m746_copy.obj,Wheel,5000,9608,triangles,"{'min_x': 0.025, 'max_x': 0.975, 'min_y': 0.025, 'max_y': 0.975, 'min_z': 0.025, 'max_z': 0.690144}"
m747_copy.obj,Wheel,5000,9996,triangles,"{'min_x': 0.025, 'max_x': 0.9750000000000001, 'min_y': 0.025, 'max_y': 0.9750000000000002, 'min_z': 0.025, 'max_z': 0.1529200000000001}"
m748_copy.obj,Wheel,5000,9996,triangles,"{'min_x': 0.025, 'max_x': 0.9750000000000002, 'min_y': 0.0250000000000001, 'max_y': 0.975, 'min_z': 0.0249999999999996, 'max_z': 0.3758980000000004}"
m749_copy.obj,Wheel,5000,9981,triangles,"{'min_x': 0.025, 'max_x': 0.906903, 'min_y': 0.025, 'max_y': 0.9750000000000001, 'min_z': 0.025, 'max_z': 0.7327529999999999}"
