category,object_name,x,y
AircraftBuoyant,m1337_rm.obj,130.43927001953125,-5.580132484436035
AircraftBuoyant,m1340_rm.obj,5.471686363220215,44.32655334472656
AircraftBuoyant,m1341_rm.obj,6.352331638336182,44.156673431396484
AircraftBuoyant,m1338_rm.obj,130.7670440673828,-6.202094554901123
AircraftBuoyant,m1342_rm.obj,106.01480865478516,32.07817077636719
AircraftBuoyant,m1339_rm.obj,95.7626724243164,39.067039489746094
AircraftBuoyant,m1343_rm.obj,105.07646942138672,30.086153030395508
AircraftBuoyant,m1344_rm.obj,115.27395629882812,29.269487380981445
AircraftBuoyant,m1345_rm.obj,91.47352600097656,43.33768844604492
AircraftBuoyant,m1347_rm.obj,29.043188095092773,1.31193208694458
AircraftBuoyant,m1346_rm.obj,-14.2712984085083,-17.5369930267334
AircraftBuoyant,m1349_rm.obj,-15.614283561706543,-16.71293830871582
AircraftBuoyant,m1350_rm.obj,-13.361165046691895,-18.761157989501953
AircraftBuoyant,m1348_rm.obj,-14.58768081665039,-17.13294219970703
Apartment,D00086_rm.obj,91.55777740478516,26.981327056884766
AircraftBuoyant,m1351_rm.obj,-51.559974670410156,-44.78242492675781
Apartment,D00156_rm.obj,105.3615951538086,13.429594993591309
Apartment,D00138_rm.obj,98.91898345947266,-19.00619888305664
Apartment,D00310_rm.obj,41.036949157714844,15.076184272766113
Apartment,D00045_rm.obj,101.7087173461914,35.794734954833984
AircraftBuoyant,m1352_rm.obj,22.185348510742188,4.740705490112305
Apartment,D00348_rm.obj,108.88062286376953,-8.160971641540527
Apartment,D00366_rm.obj,109.80665588378906,8.444642066955566
Apartment,D00478_rm.obj,87.33519744873047,37.349769592285156
Apartment,D00651_rm.obj,105.85791015625,13.31184196472168
Apartment,D00496_rm.obj,98.1268539428711,-4.796241760253906
Apartment,D00639_rm.obj,91.88508605957031,30.71052360534668
Apartment,D00626_rm.obj,40.02519226074219,22.666650772094727
Apartment,D00780_rm.obj,78.7681884765625,-16.4018497467041
Apartment,D00681_rm.obj,82.78592681884766,30.431562423706055
Apartment,D00792_rm.obj,115.30415344238281,10.866971969604492
Apartment,D00859_rm.obj,42.057376861572266,-7.516415119171143
Apartment,D00869_rm.obj,111.5925064086914,-5.505176544189453
Apartment,D00860_rm.obj,87.34870147705078,37.448204040527344
Apartment,D00921_rm.obj,91.87067413330078,37.987545013427734
Apartment,D00953_rm.obj,53.142539978027344,58.54412841796875
Apartment,m463_rm.obj,63.43868637084961,43.635250091552734
Apartment,m464_rm.obj,-42.7685661315918,-15.560853958129883
Apartment,m465_rm.obj,-48.023738861083984,-45.37568283081055
AquaticAnimal,m53_rm.obj,-73.13414764404297,-24.266828536987305
AquaticAnimal,m54_rm.obj,-56.73186492919922,-18.087080001831055
AquaticAnimal,m55_rm.obj,-68.97586822509766,-22.67357635498047
AquaticAnimal,m56_rm.obj,-71.50675964355469,-22.87930679321289
AquaticAnimal,m57_rm.obj,-72.59964752197266,-23.322086334228516
AquaticAnimal,m59_rm.obj,-93.47430419921875,-25.04910659790039
AquaticAnimal,m58_rm.obj,19.3497314453125,53.52098846435547
AquaticAnimal,m60_rm.obj,-50.536075592041016,-14.309467315673828
AquaticAnimal,m62_rm.obj,-47.94881820678711,28.282268524169922
AquaticAnimal,m61_rm.obj,-54.554500579833984,-9.071494102478027
AquaticAnimal,m65_rm.obj,-20.126367568969727,16.47164535522461
AquaticAnimal,m63_rm.obj,59.89459228515625,54.97515106201172
AquaticAnimal,m66_rm.obj,-10.307048797607422,-3.832082986831665
AquaticAnimal,m64_rm.obj,-53.656803131103516,-11.011579513549805
AquaticAnimal,m67_rm.obj,-58.02335739135742,-18.648284912109375
AquaticAnimal,m69_rm.obj,-72.73263549804688,-11.218544006347656
AquaticAnimal,m68_rm.obj,-87.90603637695312,6.888018608093262
AquaticAnimal,m70_rm.obj,-70.63646697998047,-10.656584739685059
AquaticAnimal,m71_rm.obj,-47.55310821533203,-14.548752784729004
AquaticAnimal,m73_rm.obj,7.470402717590332,8.977554321289062
AquaticAnimal,m72_rm.obj,-71.47457122802734,-10.995233535766602
AquaticAnimal,m74_rm.obj,-71.62090301513672,-13.136238098144531
AquaticAnimal,m75_rm.obj,-72.49552917480469,-10.022026062011719
AquaticAnimal,m76_rm.obj,-54.2265625,-18.26376724243164
AquaticAnimal,m77_rm.obj,-62.958534240722656,-15.738435745239258
AquaticAnimal,m78_rm.obj,-53.704917907714844,-16.3912296295166
AquaticAnimal,m79_rm.obj,-97.5518569946289,-25.63156509399414
AquaticAnimal,m80_rm.obj,-68.7132339477539,-18.16916847229004
AquaticAnimal,m81_rm.obj,-72.26233673095703,-12.49632453918457
Bed,D00031_rm.obj,75.27233123779297,-27.255521774291992
Bed,D00110_rm.obj,92.48436737060547,-26.574771881103516
Bed,D00121_rm.obj,75.38606262207031,-23.888751983642578
Bed,D00210_rm.obj,88.16128540039062,-20.453235626220703
Bed,D00184_rm.obj,89.58158111572266,-19.77008056640625
Bed,D00213_rm.obj,57.74176788330078,-22.457866668701172
Bed,D00217_rm.obj,35.02971267700195,-23.08824348449707
Bed,D00307_rm.obj,60.34286117553711,18.564342498779297
Bed,D00322_rm.obj,35.921142578125,-23.713804244995117
Bed,D00417_rm.obj,74.82842254638672,-19.72449493408203
Bed,D00538_rm.obj,76.04566192626953,-20.484371185302734
Bed,D00545_rm.obj,72.97196197509766,-21.240537643432617
Bed,D00552_rm.obj,89.47382354736328,-21.605640411376953
Bed,D00565_rm.obj,71.96894073486328,-27.79669189453125
Bed,D00735_rm.obj,75.97490692138672,-19.374576568603516
Bed,D00650_rm.obj,58.639427185058594,-22.487838745117188
Bed,D00836_rm.obj,52.67869567871094,-19.490148544311523
Bed,D00969_rm.obj,88.91277313232422,-20.224071502685547
Bed,D00988_rm.obj,74.22721099853516,-19.46628761291504
Bed,D00839_rm.obj,90.88423919677734,-23.27018165588379
Bed,m945_rm.obj,90.34333038330078,-2.923316717147827
Bed,m946_rm.obj,60.497337341308594,-22.50114631652832
Bed,m947_rm.obj,92.74525451660156,-26.459657669067383
Bed,m948_rm.obj,111.56060028076172,-13.456650733947754
Bed,m949_rm.obj,102.92183685302734,-21.16365623474121
Bed,m951_rm.obj,68.868896484375,15.188637733459473
Bed,m950_rm.obj,81.99022674560547,15.867728233337402
Bicycle,D00040_rm.obj,-10.418445587158203,-48.13037872314453
Bicycle,D00016_rm.obj,-7.331737995147705,-46.5552864074707
Bicycle,D00033_rm.obj,-30.911775588989258,17.499238967895508
Bicycle,D00077_rm.obj,-5.4712300300598145,-42.919952392578125
Bicycle,D00462_rm.obj,-6.541882514953613,-44.507774353027344
Bicycle,D00078_rm.obj,-4.449422359466553,-44.6346321105957
Bicycle,D00555_rm.obj,-5.633409023284912,-36.74655532836914
Bicycle,D00536_rm.obj,-3.2022781372070312,-44.926605224609375
Bicycle,D00514_rm.obj,-8.978065490722656,-42.35811996459961
Bicycle,D00558_rm.obj,-5.186620235443115,-41.41282272338867
Bicycle,D00567_rm.obj,-7.1492533683776855,-40.27451705932617
Bicycle,D00621_rm.obj,-7.829596042633057,-46.885719299316406
Bicycle,D00708_rm.obj,-6.919562816619873,-41.63006591796875
Bicycle,D00750_rm.obj,-7.7993292808532715,-48.32127380371094
Bicycle,D00847_rm.obj,-4.275374889373779,-45.379032135009766
Bicycle,D00904_rm.obj,-8.268411636352539,-44.608848571777344
Bicycle,D00838_rm.obj,-7.359288215637207,-41.861454010009766
Bicycle,D00930_rm.obj,-0.32107648253440857,-64.94571685791016
Bicycle,D00931_rm.obj,-5.315096378326416,-40.09295654296875
Bicycle,D00974_rm.obj,-10.839889526367188,-47.06687927246094
Bicycle,m1472_rm.obj,-7.123867034912109,-37.749183654785156
Bicycle,m1473_rm.obj,-30.91375160217285,17.499425888061523
Bicycle,m1475_rm.obj,-11.053926467895508,-47.15391159057617
Bicycle,m1476_rm.obj,-6.8597869873046875,-40.31293487548828
Bicycle,m1477_rm.obj,-4.9036865234375,-45.32022476196289
Bicycle,m1478_rm.obj,-7.066702365875244,-47.14338684082031
Biplane,D00132_rm.obj,9.601335525512695,-56.473731994628906
Biplane,D00069_rm.obj,-15.714733123779297,5.445901393890381
Biplane,D00178_rm.obj,-34.930809020996094,50.0252799987793
Biplane,D00199_rm.obj,-4.135881423950195,22.659488677978516
Biplane,D00276_rm.obj,45.923675537109375,43.20113754272461
Biplane,D00246_rm.obj,-74.78742980957031,0.4072089195251465
Biplane,D00277_rm.obj,-33.72576904296875,50.01325225830078
Biplane,D00320_rm.obj,-64.45259857177734,35.157161712646484
Biplane,D00410_rm.obj,-44.239349365234375,20.348369598388672
Biplane,D00373_rm.obj,-27.9172420501709,52.90306091308594
Biplane,D00490_rm.obj,-57.939273834228516,36.8062629699707
Biplane,D00515_rm.obj,-26.68419647216797,51.161842346191406
Biplane,D00601_rm.obj,26.807476043701172,35.23374557495117
Biplane,D00632_rm.obj,-28.499540328979492,52.05816650390625
Biplane,D00616_rm.obj,-63.51710891723633,-34.97629165649414
Biplane,D00634_rm.obj,-35.07600021362305,33.5319709777832
Biplane,D00854_rm.obj,-31.66094207763672,51.5338249206543
Biplane,D00666_rm.obj,22.062896728515625,28.266033172607422
Biplane,D00890_rm.obj,3.8670310974121094,-44.76226806640625
Biplane,D00900_rm.obj,-35.74093246459961,49.83687973022461
Biplane,m1118_rm.obj,-14.188385963439941,5.590023040771484
Biplane,m1119_rm.obj,24.594589233398438,25.591886520385742
Biplane,m1120_rm.obj,3.880990982055664,-44.772586822509766
Biplane,m1122_rm.obj,25.18096351623535,24.354089736938477
Biplane,m1121_rm.obj,-27.140655517578125,52.30376434326172
Biplane,m1123_rm.obj,-29.689979553222656,53.18254852294922
Biplane,m1124_rm.obj,-33.491416931152344,51.485008239746094
Biplane,m1125_rm.obj,25.125104904174805,25.55286407470703
Biplane,m1126_rm.obj,-29.403179168701172,54.755916595458984
Biplane,m1127_rm.obj,-27.06976318359375,54.30476379394531
Biplane,m1128_rm.obj,22.086856842041016,28.3013973236084
Biplane,m1129_rm.obj,-4.712551116943359,23.022260665893555
Biplane,m1131_rm.obj,-30.538103103637695,52.67469024658203
Biplane,m1132_rm.obj,-32.37864685058594,50.70589065551758
Biplane,m1133_rm.obj,-28.320693969726562,51.50743865966797
Biplane,m1135_rm.obj,-18.162986755371094,5.320222854614258
Biplane,m1134_rm.obj,-53.26261520385742,13.470939636230469
Biplane,m1136_rm.obj,-36.70063400268555,51.21595001220703
Biplane,m1138_rm.obj,24.145692825317383,28.85757064819336
Biplane,m1137_rm.obj,-74.94632720947266,0.9723585844039917
Biplane,m1139_rm.obj,-0.5859586000442505,20.51007652282715
Biplane,m1144_rm.obj,-30.251352310180664,51.41229248046875
Biplane,m1143_rm.obj,-15.649744033813477,5.265116214752197
Biplane,m1141_rm.obj,-3.467926502227783,21.48746681213379
Biplane,m1146_rm.obj,-35.32964324951172,26.982166290283203
Bird,D00089_rm.obj,-58.74407196044922,33.08169937133789
Bird,D00113_rm.obj,43.13071060180664,57.118247985839844
Bird,D00164_rm.obj,-68.93089294433594,16.626737594604492
Bird,D00234_rm.obj,-37.88954162597656,36.7560920715332
Bird,D00323_rm.obj,-119.30766296386719,-7.818149566650391
Bird,D00271_rm.obj,-38.91408157348633,25.526845932006836
Bird,D00284_rm.obj,-51.01483154296875,13.590785026550293
Bird,D00386_rm.obj,-101.4083480834961,-16.3460636138916
Bird,D00438_rm.obj,-82.94729614257812,-1.1110581159591675
Bird,D00442_rm.obj,-8.240496635437012,27.60426902770996
Bird,D00599_rm.obj,-85.49727630615234,-2.1545321941375732
Bird,D00546_rm.obj,-95.20391082763672,-19.73457145690918
Bird,D00625_rm.obj,-44.79034423828125,14.342122077941895
Bird,D00689_rm.obj,-72.0290298461914,-18.208120346069336
Bird,D00736_rm.obj,-82.23709869384766,-0.34519267082214355
Bird,D00762_rm.obj,-8.114763259887695,25.20694351196289
Bird,D00862_rm.obj,-68.47599029541016,16.14883041381836
Bird,D00961_rm.obj,-83.23684692382812,-0.2124537229537964
Bird,D00922_rm.obj,-6.9262309074401855,25.820859909057617
Bird,D00999_rm.obj,-87.35040283203125,-4.153526782989502
Bird,m28_rm.obj,4.392131328582764,51.09376907348633
Bird,m29_rm.obj,-53.63972473144531,-7.959694862365723
Bird,m31_rm.obj,46.17681884765625,15.217888832092285
Bird,m30_rm.obj,-47.85418701171875,-11.999845504760742
Bird,m32_rm.obj,-1.5790003538131714,44.996971130371094
Bird,m33_rm.obj,25.08138656616211,56.22450637817383
Bird,m34_rm.obj,-58.773216247558594,33.106239318847656
Bird,m35_rm.obj,101.93668365478516,9.273733139038086
Bird,m37_rm.obj,-7.067054271697998,25.7906494140625
Bird,m36_rm.obj,39.418392181396484,61.6810417175293
Bird,m38_rm.obj,-87.33580017089844,-4.0804972648620605
Bird,m39_rm.obj,-37.79422378540039,40.45520782470703
Bird,m41_rm.obj,-83.73040008544922,-1.065231204032898
Bird,m40_rm.obj,-72.06098937988281,-18.212783813476562
Bird,m42_rm.obj,-91.97095489501953,19.19091033935547
Bird,m43_rm.obj,-78.27767181396484,21.801076889038086
Bird,m44_rm.obj,-72.1413803100586,5.542995452880859
Bird,m45_rm.obj,-51.021339416503906,13.595121383666992
Bird,m47_rm.obj,-77.29884338378906,20.596473693847656
Bird,m48_rm.obj,49.143741607666016,22.757844924926758
Bird,m50_rm.obj,48.52183151245117,23.115066528320312
Bird,m49_rm.obj,113.366455078125,17.870079040527344
Bird,m52_rm.obj,48.2471923828125,55.124473571777344
Bird,m51_rm.obj,48.31305694580078,24.376117706298828
Bookset,D01009_rm.obj,114.87732696533203,-9.418828010559082
Bookset,D01013_rm.obj,75.22698974609375,38.720123291015625
Bookset,D01030_rm.obj,78.12478637695312,42.161468505859375
Bookset,D01038_rm.obj,-3.387803077697754,-2.8315300941467285
Bookset,D01050_rm.obj,107.17257690429688,9.339701652526855
Bookset,D01065_rm.obj,75.5057144165039,38.646663665771484
Bookset,D01042_rm.obj,52.987186431884766,57.71598815917969
Bookset,D01078_rm.obj,78.52942657470703,-4.469215393066406
Bookset,D01096_rm.obj,76.67636108398438,37.13379669189453
Bookset,D01108_rm.obj,77.41725158691406,-4.641280651092529
Bookset,D01109_rm.obj,108.51482391357422,8.37765121459961
Bookset,D01110_rm.obj,95.35506439208984,30.67215919494629
Bookset,D01146_rm.obj,95.69252014160156,30.12175941467285
Bookset,D01135_rm.obj,55.40492630004883,-10.114751815795898
Bookset,D01122_rm.obj,93.37220001220703,32.12166976928711
Bookset,D01182_rm.obj,77.26847839355469,41.90122985839844
Bookset,D01183_rm.obj,114.14762115478516,-10.637601852416992
Bookset,D01184_rm.obj,110.58621978759766,-9.07393741607666
Bookset,D01199_rm.obj,77.31636047363281,40.901519775390625
Bookset,D01190_rm.obj,-2.0252490043640137,-5.552859306335449
Bottle,D00020_rm.obj,-16.769145965576172,-19.07611083984375
Bottle,D00123_rm.obj,-28.4001407623291,-20.162050247192383
Bottle,D00139_rm.obj,-37.640220642089844,-20.618465423583984
Bottle,D00176_rm.obj,19.298124313354492,2.694377899169922
Bottle,D00166_rm.obj,45.77735137939453,12.700674057006836
Bottle,D00208_rm.obj,-9.868864059448242,-14.691088676452637
Bottle,D00281_rm.obj,-9.779150009155273,-14.539898872375488
Bottle,D00311_rm.obj,47.817405700683594,5.81864070892334
Bottle,D00347_rm.obj,-9.917806625366211,-6.015897750854492
Bottle,D00350_rm.obj,-14.780380249023438,-20.536415100097656
Bottle,D00451_rm.obj,45.660919189453125,24.100780487060547
Bottle,D00390_rm.obj,92.12867736816406,40.5173454284668
Bottle,D00696_rm.obj,-20.177047729492188,-20.57517433166504
Bottle,D00679_rm.obj,18.635282516479492,2.3918910026550293
Bottle,D00716_rm.obj,9.498651504516602,-9.635735511779785
Bottle,D00711_rm.obj,51.2510871887207,5.318301200866699
Bottle,D00726_rm.obj,35.16032409667969,-10.392969131469727
Bottle,D00892_rm.obj,-20.71891212463379,-21.14517593383789
Bottle,D00940_rm.obj,53.979705810546875,1.7692493200302124
Bottle,D00959_rm.obj,-29.37071418762207,-19.68222427368164
Bottle,m482_rm.obj,16.368349075317383,-30.086650848388672
Bottle,m484_rm.obj,-10.663392066955566,-15.552309036254883
Bottle,m483_rm.obj,-12.884495735168457,-20.799036026000977
Bottle,m485_rm.obj,17.642486572265625,-30.57162857055664
Bottle,m486_rm.obj,15.780193328857422,-29.84136199951172
Bottle,m487_rm.obj,17.60811996459961,-31.18282699584961
Bottle,m488_rm.obj,47.09900665283203,5.972981929779053
Bottle,m489_rm.obj,21.94940185546875,5.8913373947143555
Bottle,m491_rm.obj,52.420989990234375,4.968304634094238
Bottle,m490_rm.obj,29.27475357055664,3.4848809242248535
Bottle,m492_rm.obj,-14.701194763183594,-19.20170783996582
BuildingNonResidential,m382_rm.obj,120.00279235839844,-5.114453315734863
BuildingNonResidential,m383_rm.obj,54.640281677246094,56.90830612182617
BuildingNonResidential,m385_rm.obj,68.58148956298828,46.517696380615234
BuildingNonResidential,m384_rm.obj,-15.975869178771973,28.63454246520996
BuildingNonResidential,m386_rm.obj,129.64511108398438,-17.614778518676758
BuildingNonResidential,m387_rm.obj,99.8829345703125,-27.389917373657227
BuildingNonResidential,m389_rm.obj,99.08297729492188,33.75717544555664
BuildingNonResidential,m390_rm.obj,112.81523132324219,-7.193657875061035
BuildingNonResidential,m391_rm.obj,84.5077896118164,40.62568283081055
BuildingNonResidential,m393_rm.obj,108.19195556640625,12.658398628234863
BuildingNonResidential,m392_rm.obj,44.73226547241211,32.6284065246582
BuildingNonResidential,m395_rm.obj,130.20811462402344,-13.016329765319824
BuildingNonResidential,m394_rm.obj,131.31967163085938,-13.90523910522461
BuildingNonResidential,m396_rm.obj,122.88147735595703,2.9551727771759033
BuildingNonResidential,m397_rm.obj,124.59913635253906,3.676633834838867
BuildingNonResidential,m398_rm.obj,70.659912109375,39.051387786865234
BuildingNonResidential,m399_rm.obj,28.538877487182617,56.94630432128906
BuildingNonResidential,m400_rm.obj,107.6887435913086,14.905539512634277
BuildingNonResidential,m402_rm.obj,51.37268829345703,60.59597396850586
BuildingNonResidential,m401_rm.obj,63.44192123413086,21.009929656982422
BuildingNonResidential,m404_rm.obj,4.899521350860596,51.555233001708984
BuildingNonResidential,m405_rm.obj,108.77425384521484,15.503156661987305
BuildingNonResidential,m406_rm.obj,60.48512268066406,54.238948822021484
BuildingNonResidential,m407_rm.obj,110.76652526855469,20.828439712524414
BuildingNonResidential,m408_rm.obj,77.0685043334961,35.98947525024414
BuildingNonResidential,m409_rm.obj,6.656182765960693,-13.544557571411133
BuildingNonResidential,m410_rm.obj,65.02922058105469,38.02577209472656
BuildingNonResidential,m412_rm.obj,-56.7900505065918,14.165216445922852
BuildingNonResidential,m413_rm.obj,124.98405456542969,-12.870078086853027
BuildingNonResidential,m414_rm.obj,119.13013458251953,7.421017646789551
BuildingNonResidential,m415_rm.obj,52.53590774536133,59.37650680541992
BuildingNonResidential,m416_rm.obj,43.00244903564453,15.792860984802246
BuildingNonResidential,m418_rm.obj,123.6871109008789,-13.415589332580566
BuildingNonResidential,m421_rm.obj,57.52550506591797,-0.8170710206031799
BuildingNonResidential,m420_rm.obj,85.31398010253906,29.733936309814453
BuildingNonResidential,m470_rm.obj,-33.13301467895508,46.111392974853516
BuildingNonResidential,m471_rm.obj,-51.97405242919922,-42.735355377197266
BuildingNonResidential,m472_rm.obj,11.650754928588867,-23.294809341430664
BuildingNonResidential,m474_rm.obj,41.2359619140625,44.93098831176758
BuildingNonResidential,m475_rm.obj,-13.521109580993652,24.011192321777344
BuildingNonResidential,m477_rm.obj,-15.97219467163086,3.836667776107788
BuildingNonResidential,m478_rm.obj,-26.74704360961914,0.8999173045158386
BuildingNonResidential,m481_rm.obj,-15.076262474060059,24.186586380004883
BuildingNonResidential,m479_rm.obj,4.294674873352051,-5.63290548324585
Bus,D00084_rm.obj,21.735368728637695,-30.841381072998047
Bus,D00114_rm.obj,55.403968811035156,-8.63545036315918
Bus,D00151_rm.obj,-43.76048278808594,-42.483219146728516
Bus,D00179_rm.obj,23.19631004333496,-27.237300872802734
Bus,D00182_rm.obj,-90.9461669921875,32.868431091308594
Bus,D00411_rm.obj,22.726747512817383,-26.301082611083984
Bus,D00264_rm.obj,22.436538696289062,-28.75817108154297
Bus,D00446_rm.obj,-26.144058227539062,-23.492874145507812
Bus,D00436_rm.obj,33.676483154296875,0.18982970714569092
Bus,D00448_rm.obj,31.30512809753418,-17.526611328125
Bus,D00483_rm.obj,44.025760650634766,-6.863826274871826
Bus,D00516_rm.obj,34.74885177612305,-9.061019897460938
Bus,D00677_rm.obj,41.375492095947266,15.504708290100098
Bus,D00754_rm.obj,25.126611709594727,-28.847631454467773
Bus,D00769_rm.obj,32.84590148925781,-24.701059341430664
Bus,D00775_rm.obj,33.49842834472656,-8.482312202453613
Bus,D00823_rm.obj,-4.098508834838867,-9.13465404510498
Bus,D00815_rm.obj,21.2591552734375,-27.324201583862305
Bus,D00832_rm.obj,49.41497802734375,0.34242725372314453
Bus,D00857_rm.obj,22.20184326171875,-27.715845108032227
Car,D00168_rm.obj,28.247360229492188,-19.092470169067383
Car,D00236_rm.obj,-148.12460327148438,-18.37237548828125
Car,D00265_rm.obj,34.4644660949707,-3.6244544982910156
Car,D00377_rm.obj,39.13563919067383,-14.708402633666992
Car,D00299_rm.obj,84.08171081542969,30.245864868164062
Car,D00405_rm.obj,57.28006362915039,3.6375038623809814
Car,D00452_rm.obj,52.025726318359375,-11.066859245300293
Car,D00504_rm.obj,42.91756057739258,-11.16761302947998
Car,D00541_rm.obj,41.198486328125,19.858871459960938
Car,D00670_rm.obj,31.36024284362793,-4.776871681213379
Car,D00618_rm.obj,28.869626998901367,-6.246756553649902
Car,D00671_rm.obj,25.855684280395508,-1.0479377508163452
Car,D00724_rm.obj,45.7375602722168,19.140228271484375
Car,D00785_rm.obj,48.39881134033203,-0.1072663813829422
Car,D00767_rm.obj,47.7479362487793,-2.2083654403686523
Car,D00793_rm.obj,39.76347732543945,-2.9824976921081543
Car,D00865_rm.obj,36.27016830444336,-0.514518678188324
Car,D00803_rm.obj,22.370800018310547,-31.516986846923828
Car,D00976_rm.obj,44.59833526611328,17.03242301940918
Car,m1485_rm.obj,56.16482925415039,3.775233030319214
Car,m1487_rm.obj,58.114322662353516,0.38567879796028137
Car,m1486_rm.obj,48.21839141845703,0.12267355620861053
Car,m1488_rm.obj,58.708431243896484,1.179503083229065
Car,m1490_rm.obj,53.94700622558594,-3.8830931186676025
Car,m1492_rm.obj,34.38627624511719,35.12381362915039
Car,m1489_rm.obj,56.32067108154297,2.9194233417510986
Car,m1495_rm.obj,28.889345169067383,-16.1529598236084
Car,m1497_rm.obj,28.932836532592773,-22.2282772064209
Car,m1496_rm.obj,29.068864822387695,-18.3977108001709
Car,m1498_rm.obj,25.487060546875,-6.6622700691223145
Car,m1499_rm.obj,19.849050521850586,-5.133582592010498
Car,m1500_rm.obj,45.516136169433594,-7.8552117347717285
Car,m1502_rm.obj,7.905966281890869,-11.20495319366455
Car,m1503_rm.obj,-115.9289321899414,-37.91077423095703
Car,m1504_rm.obj,-44.23881530761719,-26.029890060424805
Car,m1505_rm.obj,-43.47993087768555,-26.917421340942383
Car,m1506_rm.obj,39.33987808227539,-31.886228561401367
Car,m1508_rm.obj,-26.0612850189209,-42.0153923034668
Car,m1507_rm.obj,-25.994672775268555,-41.408599853515625
Car,m1509_rm.obj,11.301579475402832,-12.862701416015625
Car,m1510_rm.obj,8.67652702331543,-10.300836563110352
Car,m1511_rm.obj,8.642749786376953,-11.747652053833008
Car,m1512_rm.obj,-42.288326263427734,-21.87303924560547
Car,m1513_rm.obj,-67.82719421386719,0.012693388387560844
Car,m1515_rm.obj,9.695034980773926,-12.308244705200195
Car,m1514_rm.obj,6.646176338195801,-9.519558906555176
Car,m1517_rm.obj,33.61387634277344,-2.791355609893799
Car,m1516_rm.obj,31.741361618041992,-2.8908989429473877
Car,m1518_rm.obj,30.759552001953125,-3.6883504390716553
Car,m1519_rm.obj,30.33041000366211,-5.433328151702881
Car,m1522_rm.obj,35.69842529296875,-4.348064422607422
Car,m1521_rm.obj,39.59482955932617,-6.978825569152832
Car,m1523_rm.obj,32.42240905761719,-4.026346683502197
Car,m1524_rm.obj,39.637298583984375,-2.1029038429260254
Car,m1525_rm.obj,47.073997497558594,-3.428528308868408
Car,m1526_rm.obj,40.26377868652344,-6.160530090332031
Car,m1527_rm.obj,26.262897491455078,1.1290935277938843
Car,m1528_rm.obj,27.55962371826172,-5.01373291015625
Car,m1529_rm.obj,40.88686752319336,-2.1644973754882812
Car,m1530_rm.obj,29.343387603759766,-4.952559947967529
Car,m1531_rm.obj,35.48900604248047,-7.32106876373291
Car,m1533_rm.obj,34.18074417114258,-7.416999816894531
Car,m1532_rm.obj,55.03697204589844,1.857671856880188
Car,m1535_rm.obj,8.171759605407715,3.8825364112854004
Car,m1536_rm.obj,40.22771072387695,-4.345172882080078
Car,m1538_rm.obj,32.89323043823242,-4.585417747497559
Car,m1539_rm.obj,38.87132263183594,-14.664154052734375
Car,m1540_rm.obj,39.44485855102539,-13.785259246826172
Car,m1543_rm.obj,37.006492614746094,-4.9318132400512695
Car,m1542_rm.obj,47.91759490966797,-4.754645824432373
Car,m1544_rm.obj,0.126194566488266,-3.2903082370758057
Car,m1546_rm.obj,43.30842590332031,-12.224160194396973
Car,m1547_rm.obj,69.78829193115234,-7.707054138183594
Car,m1545_rm.obj,11.379121780395508,4.346987724304199
Car,m1548_rm.obj,11.220633506774902,4.308694362640381
Car,m1551_rm.obj,30.451997756958008,-15.358400344848633
Car,m1550_rm.obj,36.047462463378906,-3.0196094512939453
Car,m1552_rm.obj,34.274017333984375,-1.949592113494873
Car,m1553_rm.obj,41.8026237487793,-4.948866844177246
Car,m1557_rm.obj,48.59585189819336,-2.8854377269744873
Car,m1555_rm.obj,12.967777252197266,5.855003833770752
Car,m1558_rm.obj,25.0145320892334,-30.829059600830078
Car,m1559_rm.obj,20.531099319458008,-4.370759963989258
Car,m1560_rm.obj,90.144775390625,-0.5101682543754578
Car,m1561_rm.obj,45.02958297729492,27.167306900024414
Car,m1562_rm.obj,107.22059631347656,5.431825637817383
Cellphone,D00018_rm.obj,-5.230684280395508,-2.0727145671844482
Car,m1563_rm.obj,89.09575653076172,-4.755040645599365
Cellphone,D00032_rm.obj,40.51791763305664,-19.275476455688477
Cellphone,D00079_rm.obj,32.69935607910156,-7.632419586181641
Cellphone,D00192_rm.obj,39.758975982666016,-20.09815788269043
Cellphone,D00152_rm.obj,31.355804443359375,-10.541571617126465
Cellphone,D00312_rm.obj,-98.8795394897461,20.040771484375
Cellphone,D00248_rm.obj,-14.047054290771484,13.947580337524414
Cellphone,D00327_rm.obj,31.8153018951416,-9.314643859863281
Cellphone,D00369_rm.obj,-23.181123733520508,-20.337627410888672
Cellphone,D00440_rm.obj,-41.19463348388672,-18.421049118041992
Cellphone,D00527_rm.obj,-144.0205535888672,-17.337326049804688
Cellphone,D00362_rm.obj,46.56748962402344,-21.26355743408203
Cellphone,D00559_rm.obj,-24.569717407226562,-22.761489868164062
Cellphone,D00554_rm.obj,45.560630798339844,-19.339685440063477
Cellphone,D00542_rm.obj,-15.65214729309082,-3.559485912322998
Cellphone,D00817_rm.obj,45.71098327636719,-20.350391387939453
Cellphone,D00979_rm.obj,-24.502601623535156,-23.00055503845215
Cellphone,D00848_rm.obj,-24.586896896362305,-21.721424102783203
Chess,D01017_rm.obj,94.9970703125,-20.6973819732666
Chess,D01019_rm.obj,35.53083419799805,-33.9980354309082
Cellphone,D00997_rm.obj,-7.28844690322876,-3.4086287021636963
Cellphone,D00902_rm.obj,41.65486526489258,-9.093337059020996
Chess,D01045_rm.obj,9.697698593139648,-19.549715042114258
Chess,D01021_rm.obj,68.39590454101562,-2.0857176780700684
Chess,D01043_rm.obj,32.98078918457031,-34.730079650878906
Chess,D01049_rm.obj,15.530598640441895,-19.786590576171875
Chess,D01053_rm.obj,82.37385559082031,37.20533752441406
Chess,D01080_rm.obj,8.121326446533203,-23.230316162109375
Chess,D01081_rm.obj,70.51660919189453,0.9009546041488647
Chess,D01105_rm.obj,12.497577667236328,-22.109445571899414
Chess,D01112_rm.obj,7.186817646026611,-23.140844345092773
Chess,D01099_rm.obj,67.650390625,3.787487506866455
Chess,D01123_rm.obj,49.89302062988281,-33.1356201171875
Chess,D01126_rm.obj,66.34103393554688,0.04710237681865692
Chess,D01130_rm.obj,11.909542083740234,-21.049190521240234
Chess,D01138_rm.obj,35.48192596435547,-34.64609909057617
Chess,D01188_rm.obj,103.76126098632812,-25.86227798461914
Chess,D01186_rm.obj,67.3494644165039,-0.33147892355918884
Chess,D01145_rm.obj,50.29332733154297,-33.60784149169922
Chess,D01171_rm.obj,74.92237854003906,4.051241397857666
Chess,m1589_rm.obj,84.11050415039062,-30.520076751708984
Chess,m1591_rm.obj,84.7746353149414,-29.866514205932617
Chess,m1593_rm.obj,76.45709991455078,-29.612417221069336
Chess,m1595_rm.obj,-25.38034439086914,0.3520125150680542
Chess,m1596_rm.obj,-15.627568244934082,-54.922630310058594
Chess,m1598_rm.obj,7.29652738571167,-22.54761505126953
Chess,m1599_rm.obj,8.35084056854248,-22.633243560791016
Chess,m1600_rm.obj,36.07332229614258,-34.37553787231445
Chess,m1601_rm.obj,70.55631256103516,0.9103391766548157
Chess,m1602_rm.obj,9.699861526489258,-19.687070846557617
Chess,m1603_rm.obj,33.14851379394531,-34.734195709228516
Chess,m1604_rm.obj,15.514002799987793,-19.803916931152344
Chess,m1605_rm.obj,82.42515563964844,37.07954788208008
Chess,m1606_rm.obj,67.60133361816406,3.8532156944274902
Chess,m1607_rm.obj,66.57405090332031,0.6612565517425537
Chess,m1608_rm.obj,103.77758026123047,-25.89773941040039
Chess,m1609_rm.obj,67.57756805419922,0.17229244112968445
Chess,m1612_rm.obj,11.534636497497559,-21.604413986206055
Chess,m1611_rm.obj,68.50933837890625,-2.147239923477173
Chess,m1610_rm.obj,74.96720886230469,4.043882846832275
Chess,m1613_rm.obj,12.743246078491211,-21.539182662963867
City,D01001_rm.obj,1.0086783170700073,-61.42902374267578
Chess,m1614_rm.obj,49.620235443115234,-33.63454818725586
City,D01007_rm.obj,21.96641731262207,21.799421310424805
City,D01010_rm.obj,61.24258041381836,22.558202743530273
City,D01018_rm.obj,-27.767663955688477,24.48686408996582
City,D01039_rm.obj,-24.022428512573242,-1.4083269834518433
City,D01066_rm.obj,-25.366371154785156,-2.734921932220459
City,D01056_rm.obj,75.32300567626953,-28.49419593811035
City,D01068_rm.obj,-21.08316421508789,23.364032745361328
City,D01079_rm.obj,-25.717788696289062,-6.260801315307617
City,D01090_rm.obj,-25.133150100708008,-0.8538244366645813
City,D01091_rm.obj,-28.837669372558594,11.9426908493042
City,D01092_rm.obj,31.507225036621094,21.52020835876465
City,D01124_rm.obj,69.67655944824219,17.50582504272461
City,D01133_rm.obj,-17.69390296936035,23.412656784057617
City,D01103_rm.obj,-18.768001556396484,-43.366973876953125
City,D01173_rm.obj,-60.795501708984375,10.602362632751465
City,m1652_rm.obj,-18.80936050415039,-43.36505889892578
City,D01181_rm.obj,-145.40750122070312,-17.2373046875
City,m1654_rm.obj,-21.12032699584961,23.345243453979492
City,m1659_rm.obj,-17.637962341308594,23.261293411254883
City,m1660_rm.obj,-60.794559478759766,10.702879905700684
City,m1661_rm.obj,-24.47197151184082,-1.5785589218139648
City,m1662_rm.obj,-25.72271728515625,-6.25900936126709
ClassicPiano,D00005_rm.obj,95.88085174560547,33.5716552734375
City,m1664_rm.obj,61.120819091796875,22.627683639526367
ClassicPiano,D00009_rm.obj,36.29288101196289,26.854026794433594
ClassicPiano,D00034_rm.obj,88.04052734375,-6.371716499328613
ClassicPiano,D00092_rm.obj,101.28268432617188,11.569005966186523
ClassicPiano,D00190_rm.obj,63.787010192871094,42.47287368774414
ClassicPiano,D00120_rm.obj,67.67259216308594,40.1226692199707
ClassicPiano,D00233_rm.obj,36.13365173339844,25.71356773376465
ClassicPiano,D00254_rm.obj,36.7916259765625,26.258119583129883
ClassicPiano,D00279_rm.obj,-2.2131707668304443,36.451698303222656
ClassicPiano,D00305_rm.obj,11.169628143310547,-11.989851951599121
ClassicPiano,D00314_rm.obj,46.952796936035156,54.65434646606445
ClassicPiano,D00561_rm.obj,29.47422981262207,31.93744659423828
ClassicPiano,D00579_rm.obj,29.670862197875977,31.619159698486328
ClassicPiano,D00605_rm.obj,20.84471321105957,33.55213165283203
ClassicPiano,D00784_rm.obj,68.63038635253906,39.80110549926758
ClassicPiano,D00789_rm.obj,36.65229415893555,27.559621810913086
ClassicPiano,D00811_rm.obj,69.13678741455078,41.05583190917969
ClassicPiano,D00845_rm.obj,70.23121643066406,40.45969772338867
ClassicPiano,D00983_rm.obj,71.89546966552734,14.797961235046387
ClassicPiano,D00967_rm.obj,61.92756652832031,41.55476379394531
Computer,D01023_rm.obj,93.10347747802734,23.353797912597656
Computer,D01026_rm.obj,43.11316680908203,52.66383361816406
Computer,D01002_rm.obj,102.94749450683594,-14.47142219543457
Computer,D01028_rm.obj,60.55376052856445,49.159976959228516
Computer,D01033_rm.obj,67.97438049316406,48.52323532104492
Computer,D01037_rm.obj,73.32209014892578,44.839176177978516
Computer,D01067_rm.obj,44.46183776855469,52.27073669433594
Computer,D01070_rm.obj,95.73540496826172,-4.027480125427246
Computer,D01072_rm.obj,73.37333679199219,43.54560089111328
Computer,D01071_rm.obj,63.948726654052734,40.096710205078125
Computer,D01073_rm.obj,95.04425048828125,29.195608139038086
Computer,D01082_rm.obj,69.65928649902344,49.87359619140625
Computer,D01098_rm.obj,124.59407043457031,-17.951377868652344
Computer,D01085_rm.obj,106.98726654052734,6.781652927398682
Computer,D01100_rm.obj,68.5825424194336,48.225059509277344
Computer,D01115_rm.obj,48.079891204833984,52.20931625366211
Computer,D01128_rm.obj,88.7060775756836,17.810531616210938
Computer,D01102_rm.obj,40.42192840576172,6.362944602966309
Computer,D01164_rm.obj,56.89410400390625,25.026975631713867
Computer,m1764_rm.obj,124.82445526123047,-18.264244079589844
Computer,m1765_rm.obj,40.43244171142578,6.3599772453308105
Computer,D01185_rm.obj,51.37336730957031,55.621002197265625
Computer,m1766_rm.obj,81.38545989990234,25.33667755126953
Computer,m1769_rm.obj,107.19539642333984,7.106988906860352
Computer,m1767_rm.obj,102.06355285644531,-14.40027904510498
Computer,m1770_rm.obj,67.99347686767578,47.875877380371094
Computer,m1772_rm.obj,88.69222259521484,17.793519973754883
Computer,m1773_rm.obj,60.635536193847656,49.028594970703125
Computer,m1774_rm.obj,49.73682403564453,56.173641204833984
Computer,m1775_rm.obj,42.72705078125,52.58270263671875
Computer,m1777_rm.obj,73.53763580322266,43.50385665893555
Computer,m1776_rm.obj,51.18606948852539,55.73481750488281
Computer,m1778_rm.obj,44.95201873779297,52.205406188964844
ComputerKeyboard,D00127_rm.obj,-31.268388748168945,-52.486507415771484
ComputerKeyboard,D00197_rm.obj,-28.158437728881836,-51.230499267578125
ComputerKeyboard,D00116_rm.obj,-32.07794189453125,-57.04151153564453
ComputerKeyboard,D00278_rm.obj,-32.1114501953125,-57.431270599365234
ComputerKeyboard,D00382_rm.obj,-30.742868423461914,-54.40167236328125
ComputerKeyboard,D00360_rm.obj,-33.93622970581055,-57.8648681640625
ComputerKeyboard,D00569_rm.obj,-21.127885818481445,-55.12651443481445
ComputerKeyboard,D00493_rm.obj,-24.275672912597656,-54.01546096801758
ComputerKeyboard,D00525_rm.obj,-101.51377868652344,-13.706771850585938
ComputerKeyboard,D00420_rm.obj,-24.72037696838379,-54.392154693603516
ComputerKeyboard,D00600_rm.obj,-28.31908416748047,-50.333595275878906
ComputerKeyboard,D00597_rm.obj,-18.388996124267578,-55.67568588256836
ComputerKeyboard,D00627_rm.obj,-28.684432983398438,-52.84959411621094
ComputerKeyboard,D00654_rm.obj,-29.200780868530273,-50.256900787353516
ComputerKeyboard,D00676_rm.obj,-25.596431732177734,-53.329593658447266
ComputerKeyboard,D00692_rm.obj,-28.180124282836914,-55.255348205566406
ComputerKeyboard,D00673_rm.obj,-29.246288299560547,-54.79319381713867
ComputerKeyboard,D00905_rm.obj,-27.122404098510742,-51.4798583984375
ComputerKeyboard,D00805_rm.obj,-29.95915412902832,-53.43936538696289
ComputerKeyboard,D00990_rm.obj,-28.406808853149414,-53.87024688720703
Cup,D00035_rm.obj,130.47344970703125,-21.295644760131836
Cup,D00067_rm.obj,27.61277198791504,12.64822769165039
Cup,D00206_rm.obj,129.42941284179688,-23.215160369873047
Cup,D00174_rm.obj,106.35504913330078,-30.28049659729004
Cup,D00214_rm.obj,126.20720672607422,-15.079391479492188
Cup,D00328_rm.obj,29.46297264099121,12.793314933776855
Cup,D00270_rm.obj,75.6412582397461,26.398479461669922
Cup,D00355_rm.obj,-22.25440788269043,-36.489479064941406
Cup,D00363_rm.obj,101.63984680175781,-28.32575225830078
Cup,D00457_rm.obj,26.80510139465332,12.7443208694458
Cup,D00463_rm.obj,122.46261596679688,-12.782047271728516
Cup,D00519_rm.obj,49.52800750732422,-35.0345344543457
Cup,D00587_rm.obj,64.07140350341797,-8.840123176574707
Cup,D00638_rm.obj,107.2212905883789,-30.512935638427734
Cup,D00642_rm.obj,-36.68093490600586,-21.02034568786621
Cup,D00738_rm.obj,95.33850860595703,-21.719209671020508
Cup,D00550_rm.obj,76.57720184326172,26.52872657775879
Cup,D00843_rm.obj,28.637950897216797,12.84470272064209
Cup,D00874_rm.obj,128.95594787597656,-23.13549041748047
Cup,D00882_rm.obj,108.1957778930664,-30.57916831970215
Cup,m494_rm.obj,25.930343627929688,13.865887641906738
Cup,m495_rm.obj,104.00397491455078,-28.28046417236328
Cup,m496_rm.obj,106.49653625488281,-25.90350341796875
Cup,m497_rm.obj,52.67633056640625,-8.046751022338867
Cup,m498_rm.obj,130.8098602294922,-21.987972259521484
Cup,m499_rm.obj,105.55118560791016,-30.194852828979492
Cup,m500_rm.obj,125.81983184814453,-13.796024322509766
Cup,m501_rm.obj,105.89686584472656,-26.414108276367188
Cup,m502_rm.obj,107.53587341308594,-26.038143157958984
Cup,m526_rm.obj,96.00157165527344,36.8285026550293
DeskLamp,D00048_rm.obj,101.56044006347656,10.533805847167969
DeskLamp,D00147_rm.obj,44.43186569213867,-47.57182693481445
DeskLamp,D00090_rm.obj,19.52684211730957,-13.705792427062988
DeskLamp,D00257_rm.obj,24.7491397857666,14.855172157287598
DeskLamp,D00268_rm.obj,43.62630844116211,-49.94524002075195
DeskLamp,D00378_rm.obj,46.67075729370117,-42.829368591308594
DeskLamp,D00330_rm.obj,44.28667068481445,-48.43380355834961
DeskLamp,D00435_rm.obj,39.66020202636719,-36.78909683227539
DeskLamp,D00531_rm.obj,-116.04751586914062,-40.69661331176758
DeskLamp,D00455_rm.obj,41.912174224853516,-47.66868591308594
DeskLamp,D00547_rm.obj,44.60122299194336,-41.7799072265625
DeskLamp,D00686_rm.obj,48.11003112792969,-42.432373046875
DeskLamp,D00693_rm.obj,41.99525451660156,-44.55247116088867
DeskLamp,D00759_rm.obj,93.2095947265625,-14.587141036987305
DeskLamp,D00776_rm.obj,43.81513595581055,-45.30733871459961
DeskLamp,D00715_rm.obj,48.35444641113281,-40.703243255615234
DeskLamp,D00744_rm.obj,-115.89483642578125,-39.26200866699219
DeskLamp,D00797_rm.obj,46.04591369628906,-44.394840240478516
DeskLamp,D00912_rm.obj,48.0621223449707,-43.088897705078125
DeskLamp,m603_rm.obj,91.22223663330078,0.250978022813797
DeskLamp,m604_rm.obj,51.455772399902344,-47.12522506713867
DeskLamp,m606_rm.obj,46.810089111328125,-41.93632507324219
DeskLamp,m608_rm.obj,91.94160461425781,-13.203527450561523
DeskLamp,m605_rm.obj,44.02400207519531,-42.842857360839844
DeskLamp,m609_rm.obj,-98.59920501708984,3.595113515853882
DeskLamp,m613_rm.obj,-13.755428314208984,-46.35006332397461
DeskLamp,m611_rm.obj,46.146907806396484,-42.29256057739258
DeskLamp,m614_rm.obj,50.844173431396484,-46.6995964050293
DeskLamp,m615_rm.obj,-55.260128021240234,7.083505630493164
DeskLamp,m616_rm.obj,46.575313568115234,-44.659637451171875
DeskPhone,D00118_rm.obj,43.581207275390625,34.61597442626953
DeskPhone,D00135_rm.obj,-17.31482696533203,30.95207405090332
DeskPhone,D00154_rm.obj,-20.620624542236328,25.934167861938477
DeskPhone,D00220_rm.obj,48.190582275390625,32.324684143066406
DeskPhone,D00316_rm.obj,61.06511306762695,19.006166458129883
DeskPhone,D00318_rm.obj,32.57524490356445,34.109344482421875
DeskPhone,D00486_rm.obj,44.720821380615234,-11.103316307067871
DeskPhone,D00403_rm.obj,56.4136962890625,35.5970344543457
DeskPhone,D00511_rm.obj,-42.09483337402344,-19.689727783203125
DeskPhone,D00556_rm.obj,62.235084533691406,15.372404098510742
DeskPhone,D00576_rm.obj,-15.027379989624023,35.28077697753906
DeskPhone,D00680_rm.obj,76.11663055419922,-5.5809478759765625
DeskPhone,D00773_rm.obj,-20.76827049255371,17.99407958984375
DeskPhone,D00894_rm.obj,46.38059997558594,33.239315032958984
DeskPhone,D00829_rm.obj,-18.87605857849121,25.48202133178711
DeskPhone,D00897_rm.obj,-13.840527534484863,36.363365173339844
DeskPhone,D00958_rm.obj,63.603065490722656,14.61586856842041
DeskPhone,D00899_rm.obj,37.741607666015625,32.198421478271484
DeskPhone,D00957_rm.obj,-16.021421432495117,34.259552001953125
Door,D01005_rm.obj,-18.186283111572266,-57.10517501831055
Door,D01052_rm.obj,47.83524703979492,-21.035751342773438
Door,D01029_rm.obj,-10.165851593017578,-38.90263366699219
Door,D01058_rm.obj,-12.462453842163086,-56.276676177978516
Door,D01062_rm.obj,73.518310546875,-32.71626281738281
Door,D01114_rm.obj,-8.064530372619629,-55.33890914916992
Door,D01104_rm.obj,-20.42743492126465,-56.999629974365234
Door,D01121_rm.obj,-13.494142532348633,-57.50498962402344
Door,D01136_rm.obj,-12.892428398132324,-53.38370132446289
Door,D01129_rm.obj,-22.923242568969727,-57.95486068725586
Door,D01139_rm.obj,-61.236202239990234,9.10804557800293
Door,D01141_rm.obj,-9.403230667114258,-58.75334167480469
Door,D01143_rm.obj,-18.177207946777344,-59.030025482177734
Door,D01155_rm.obj,-23.12351417541504,21.51520347595215
Door,D01158_rm.obj,67.76570892333984,-34.04069137573242
Door,D01144_rm.obj,-30.040685653686523,-55.603248596191406
Door,D01167_rm.obj,-10.664710998535156,-56.54816436767578
Door,D01177_rm.obj,-16.578062057495117,-55.81592559814453
Door,D01194_rm.obj,-20.7895450592041,-58.900108337402344
Door,m1707_rm.obj,-9.858786582946777,-39.09641647338867
Door,m1708_rm.obj,-12.886144638061523,-57.750003814697266
Door,m1710_rm.obj,-19.009742736816406,-59.11949157714844
Door,m1711_rm.obj,-29.490936279296875,-55.99764633178711
Door,m1713_rm.obj,-18.77689552307129,-57.05049133300781
Door,m1714_rm.obj,-20.08879280090332,-56.40439224243164
Door,m1715_rm.obj,48.01263427734375,-21.30145835876465
Door,m1716_rm.obj,-9.40754508972168,-58.40184020996094
Door,m1717_rm.obj,-12.746049880981445,-55.983802795410156
Door,m1720_rm.obj,-12.672893524169922,-53.411590576171875
Door,m1718_rm.obj,-22.864971160888672,-57.69940948486328
Door,m1721_rm.obj,67.83328247070312,-33.82815170288086
Door,m1722_rm.obj,-7.754571914672852,-55.04692077636719
Door,m1723_rm.obj,72.95458221435547,-32.97104263305664
Door,m1724_rm.obj,-10.666553497314453,-56.10832595825195
Door,m1727_rm.obj,-26.835229873657227,0.03447338566184044
Door,m1726_rm.obj,83.6055679321289,-29.200586318969727
Door,m1725_rm.obj,-48.88687515258789,33.74806213378906
Door,m1728_rm.obj,82.01494598388672,-30.020526885986328
Door,m1729_rm.obj,-4.9759626388549805,-55.27585220336914
Door,m1730_rm.obj,-5.162735939025879,-54.98268508911133
Door,m1732_rm.obj,73.30901336669922,-33.86103439331055
Drum,D00115_rm.obj,126.6137466430664,-11.264732360839844
Drum,D00063_rm.obj,125.14395904541016,4.722585201263428
Drum,D00163_rm.obj,119.8414306640625,5.081312656402588
Drum,D00026_rm.obj,48.64194869995117,5.735747814178467
Drum,D00189_rm.obj,63.26469039916992,-7.101869583129883
Drum,D00193_rm.obj,111.37529754638672,-4.289960861206055
Drum,D00297_rm.obj,106.58375549316406,34.095035552978516
Drum,D00375_rm.obj,117.196044921875,28.3044490814209
Drum,D00308_rm.obj,127.0590591430664,-8.495454788208008
Drum,D00298_rm.obj,88.39715576171875,32.78746032714844
Drum,D00383_rm.obj,129.7718963623047,-11.234325408935547
Drum,D00404_rm.obj,125.63521575927734,-10.564926147460938
Drum,D00551_rm.obj,124.79792022705078,-1.0595325231552124
Drum,D00557_rm.obj,118.56526947021484,22.464893341064453
Drum,D00596_rm.obj,105.30731201171875,-25.14240264892578
Drum,D00709_rm.obj,105.64871978759766,-3.548419713973999
Drum,D00939_rm.obj,124.3910140991211,-5.902018070220947
Drum,D00951_rm.obj,129.0093536376953,-9.10839557647705
Drum,D00980_rm.obj,113.2370376586914,-5.430747985839844
Drum,D00982_rm.obj,80.73209381103516,-7.7953057289123535
Fish,D00012_rm.obj,-47.7183952331543,-15.891395568847656
Fish,D00022_rm.obj,-51.294097900390625,-14.856865882873535
Fish,D00030_rm.obj,-66.24419403076172,-21.733135223388672
Fish,D00024_rm.obj,-66.89832305908203,-27.599040985107422
Fish,D00142_rm.obj,-19.14161491394043,11.735254287719727
Fish,D00165_rm.obj,-58.25150680541992,-26.335832595825195
Fish,D00251_rm.obj,18.84842872619629,54.061737060546875
Fish,D00293_rm.obj,-19.086811065673828,10.115026473999023
Fish,D00398_rm.obj,-49.44762420654297,-10.785442352294922
Fish,D00351_rm.obj,-19.9708309173584,11.551945686340332
Fish,D00450_rm.obj,-50.131343841552734,-13.22672176361084
Fish,D00535_rm.obj,-48.3370361328125,-17.430219650268555
Fish,D00633_rm.obj,-52.355567932128906,-16.96480369567871
Fish,D00643_rm.obj,-45.878395080566406,-15.02964973449707
Fish,D00636_rm.obj,-48.93870544433594,-12.846880912780762
Fish,D00748_rm.obj,-53.28112030029297,-17.73371124267578
Fish,D00682_rm.obj,-58.6722526550293,-27.750734329223633
Fish,D00763_rm.obj,9.322012901306152,42.3528938293457
Fish,D00950_rm.obj,-45.761497497558594,-12.56649112701416
Fish,D00850_rm.obj,-46.34958267211914,-14.173327445983887
FloorLamp,D00028_rm.obj,11.356623649597168,32.020023345947266
FloorLamp,D00093_rm.obj,83.32742309570312,20.342649459838867
FloorLamp,D00211_rm.obj,12.26872730255127,36.4149055480957
FloorLamp,D00186_rm.obj,104.7772216796875,39.2840690612793
FloorLamp,D00228_rm.obj,59.811195373535156,59.78540802001953
FloorLamp,D00400_rm.obj,59.64397048950195,60.083396911621094
FloorLamp,D00388_rm.obj,98.89495086669922,13.020124435424805
FloorLamp,D00408_rm.obj,111.97027587890625,13.261493682861328
FloorLamp,D00447_rm.obj,119.31901550292969,26.3602352142334
FloorLamp,D00563_rm.obj,99.72154998779297,44.985023498535156
FloorLamp,D00580_rm.obj,98.56707000732422,46.642120361328125
FloorLamp,D00495_rm.obj,19.600954055786133,57.113075256347656
FloorLamp,D00740_rm.obj,105.15818786621094,39.81062698364258
FloorLamp,D00856_rm.obj,99.05939483642578,45.609344482421875
FloorLamp,D00875_rm.obj,11.816838264465332,38.303314208984375
FloorLamp,D00876_rm.obj,108.6253662109375,-18.422649383544922
FloorLamp,D00888_rm.obj,98.49757385253906,44.425636291503906
FloorLamp,D00955_rm.obj,61.05622863769531,59.651145935058594
FloorLamp,D00924_rm.obj,42.60026931762695,-40.030452728271484
FloorLamp,D00981_rm.obj,62.22917175292969,59.55793380737305
FloorLamp,m617_rm.obj,40.80366897583008,-44.690731048583984
FloorLamp,m618_rm.obj,-131.32037353515625,-33.05824279785156
FloorLamp,m619_rm.obj,-125.38729095458984,-33.05134582519531
FloorLamp,m620_rm.obj,-129.84483337402344,-33.3453254699707
FloorLamp,m621_rm.obj,-130.7488250732422,-34.784645080566406
FloorLamp,m622_rm.obj,-132.6220703125,-32.465633392333984
FloorLamp,m623_rm.obj,-84.8206787109375,-47.342586517333984
FloorLamp,m624_rm.obj,-83.19544219970703,-48.50595474243164
Glasses,D00050_rm.obj,87.47277069091797,-45.53178024291992
Glasses,D00432_rm.obj,88.59602355957031,-45.611534118652344
Glasses,D00201_rm.obj,88.7803955078125,-41.34724807739258
Glasses,D00225_rm.obj,90.09688568115234,-44.73960876464844
Glasses,D00475_rm.obj,94.18679809570312,-45.848899841308594
Glasses,D00507_rm.obj,87.28535461425781,-45.32200622558594
Glasses,D00560_rm.obj,90.82555389404297,-45.153018951416016
Glasses,D00575_rm.obj,90.42185974121094,-43.66908264160156
Glasses,D00656_rm.obj,87.93103790283203,-42.81093215942383
Glasses,D00630_rm.obj,93.68638610839844,-45.43861770629883
Glasses,D00640_rm.obj,86.30833435058594,-45.535072326660156
Glasses,D00660_rm.obj,94.05359649658203,-47.17155075073242
Glasses,D00717_rm.obj,88.18621826171875,-42.049800872802734
Glasses,D00730_rm.obj,86.165283203125,-47.43486022949219
Glasses,D00813_rm.obj,92.19563293457031,-40.60532760620117
Glasses,D00937_rm.obj,87.92247009277344,-46.81478500366211
Glasses,D00877_rm.obj,91.46759033203125,-41.351505279541016
Glasses,D00816_rm.obj,87.13597869873047,-43.75810623168945
Glasses,D00883_rm.obj,92.56342315673828,-45.97318649291992
Glasses,D00994_rm.obj,7.40000057220459,-68.65840911865234
Guitar,D00041_rm.obj,-110.57537841796875,-2.593489646911621
Guitar,D00023_rm.obj,-98.60743713378906,-2.2120120525360107
Guitar,D00076_rm.obj,-105.1738052368164,-4.340462684631348
Guitar,D00097_rm.obj,-94.26559448242188,-1.2641602754592896
Guitar,D00222_rm.obj,-57.610595703125,-6.44373893737793
Guitar,D00124_rm.obj,-100.29597473144531,-1.559404969215393
Guitar,D00232_rm.obj,-58.83491134643555,-5.56573486328125
Guitar,D00374_rm.obj,-107.70950317382812,-3.9276018142700195
Guitar,D00335_rm.obj,-61.28871536254883,-5.040966987609863
Guitar,D00416_rm.obj,-93.63690185546875,2.106776237487793
Guitar,D00414_rm.obj,-81.56172180175781,-23.00492286682129
Guitar,D00464_rm.obj,-60.6823616027832,-4.671239852905273
Guitar,D00461_rm.obj,-109.56478118896484,-7.387858867645264
Guitar,D00494_rm.obj,-102.78007507324219,-1.4747859239578247
Guitar,D00549_rm.obj,-108.8074951171875,-4.660831451416016
Guitar,D00534_rm.obj,-61.31873321533203,-3.0257949829101562
Guitar,D00655_rm.obj,-106.7209701538086,-5.345902442932129
Guitar,D00645_rm.obj,-94.87667846679688,7.383095741271973
Guitar,D00849_rm.obj,-101.79618072509766,-2.670989751815796
Guitar,D00844_rm.obj,-51.204803466796875,-7.129377365112305
Gun,D00103_rm.obj,-34.4654426574707,-31.2801456451416
Gun,D00137_rm.obj,-71.02824401855469,-38.79143142700195
Gun,D00140_rm.obj,-78.29032135009766,-11.575209617614746
Gun,D00161_rm.obj,-63.609519958496094,-16.999135971069336
Gun,D00207_rm.obj,-75.43289184570312,12.87547492980957
Gun,D00153_rm.obj,-64.48719787597656,-41.27953338623047
Gun,D00204_rm.obj,-32.2508430480957,-32.18794250488281
Gun,D00209_rm.obj,-56.793556213378906,-13.609231948852539
Gun,D00239_rm.obj,-119.85087585449219,-11.95167350769043
Gun,D00244_rm.obj,-30.883726119995117,-31.58677864074707
Gun,D00282_rm.obj,-71.46987915039062,-39.5794677734375
Gun,D00368_rm.obj,-35.786380767822266,-35.136924743652344
Gun,D00425_rm.obj,-35.0649299621582,-38.075069427490234
Gun,D00477_rm.obj,-125.21236419677734,-26.114938735961914
Gun,D00606_rm.obj,-32.8358039855957,-38.39638137817383
Gun,D00802_rm.obj,-95.439697265625,-6.922224998474121
Gun,D00819_rm.obj,-39.088897705078125,-31.51768684387207
Gun,D00929_rm.obj,-33.290409088134766,-36.13394546508789
Gun,D00826_rm.obj,-84.3813705444336,-45.564170837402344
Gun,m648_rm.obj,-35.99544143676758,-39.284141540527344
Gun,D00972_rm.obj,-77.66596984863281,-10.955732345581055
Gun,m650_rm.obj,-55.140098571777344,18.901094436645508
Gun,m649_rm.obj,-33.62432098388672,-37.32992935180664
Gun,m651_rm.obj,10.841651916503906,-14.377806663513184
Gun,m652_rm.obj,-32.527488708496094,-31.713130950927734
Gun,m653_rm.obj,-71.8134994506836,-38.208213806152344
Gun,m654_rm.obj,-33.72892379760742,-35.61821365356445
Gun,m655_rm.obj,-64.46817779541016,-41.187156677246094
Gun,m656_rm.obj,-75.49827575683594,12.73124885559082
Gun,m658_rm.obj,-31.197710037231445,-31.20931053161621
Gun,m657_rm.obj,11.971369743347168,-10.412867546081543
Gun,m659_rm.obj,-117.21825408935547,-26.4874267578125
Gun,m660_rm.obj,-95.81216430664062,-18.962697982788086
Gun,m661_rm.obj,-35.64126968383789,-31.956239700317383
Gun,m662_rm.obj,-33.713497161865234,-32.81122589111328
Gun,m663_rm.obj,-34.554317474365234,-36.93202590942383
Gun,m664_rm.obj,-35.9104118347168,-35.35592269897461
Gun,m665_rm.obj,5.960306644439697,-13.950634002685547
Gun,m667_rm.obj,-96.84098052978516,-18.133996963500977
Gun,m666_rm.obj,-40.422576904296875,-31.153207778930664
Gun,m668_rm.obj,-111.60606384277344,-17.46847152709961
Gun,m669_rm.obj,-139.56480407714844,-24.365859985351562
Gun,m670_rm.obj,-112.52854919433594,-12.30102252960205
Gun,m671_rm.obj,-119.32400512695312,-8.878665924072266
Gun,m672_rm.obj,-113.34507751464844,-14.417349815368652
Gun,m675_rm.obj,-121.16764068603516,-25.668432235717773
Gun,m674_rm.obj,-113.19638061523438,-15.829424858093262
Gun,m676_rm.obj,-114.2190933227539,-34.94438552856445
Gun,m678_rm.obj,-126.50857543945312,-22.87594985961914
Gun,m677_rm.obj,-139.3387451171875,-25.270233154296875
Gun,m679_rm.obj,-124.65316772460938,-26.452747344970703
Gun,m680_rm.obj,-142.29751586914062,-23.961339950561523
Gun,m681_rm.obj,-118.7341537475586,-6.448638439178467
Gun,m682_rm.obj,-110.59953308105469,-15.90321159362793
Gun,m683_rm.obj,-120.87760925292969,-9.877535820007324
Gun,m685_rm.obj,-68.14712524414062,-34.13649368286133
Gun,m684_rm.obj,-90.56468963623047,20.563138961791992
Gun,m686_rm.obj,-120.18396759033203,-9.907869338989258
Hand,D01006_rm.obj,48.636497497558594,20.70167350769043
Hand,D01022_rm.obj,17.999130249023438,-12.39620304107666
Hand,D01020_rm.obj,0.4257861375808716,44.73855209350586
Hand,D01024_rm.obj,62.34720993041992,13.141098976135254
Hand,D01041_rm.obj,12.056575775146484,11.826682090759277
Hand,D01060_rm.obj,11.345709800720215,10.90295124053955
Hand,D01074_rm.obj,45.72725296020508,28.28110122680664
Hand,D01093_rm.obj,11.86276912689209,43.03000259399414
Hand,D01106_rm.obj,-114.81395721435547,-26.985843658447266
Hand,D01097_rm.obj,63.432350158691406,11.832334518432617
Hand,D01118_rm.obj,6.629698276519775,6.243882179260254
Hand,D01153_rm.obj,-47.46581268310547,-38.70097732543945
Hand,D01117_rm.obj,61.15414810180664,17.407150268554688
Hand,D01162_rm.obj,114.3038558959961,16.45132064819336
Hand,D01170_rm.obj,-7.9897966384887695,3.358004331588745
Hand,D01193_rm.obj,48.21347427368164,29.74742317199707
Hand,D01172_rm.obj,2.4423699378967285,5.760649681091309
Hand,D01198_rm.obj,-78.8847427368164,-45.026023864746094
Hand,D01197_rm.obj,14.678413391113281,51.65956497192383
Hand,m323_rm.obj,2.4180004596710205,5.963881015777588
Hand,D01200_rm.obj,11.073277473449707,42.9422607421875
Hand,m324_rm.obj,-47.31324005126953,-38.73061752319336
Hand,m325_rm.obj,11.371914863586426,11.693760871887207
Hand,m326_rm.obj,12.046693801879883,10.785412788391113
Hand,m327_rm.obj,48.533382415771484,29.493350982666016
Hand,m328_rm.obj,60.920623779296875,17.096147537231445
Hand,m330_rm.obj,17.953481674194336,-12.369231224060059
Hand,m329_rm.obj,63.81973648071289,12.289445877075195
Hand,m331_rm.obj,45.9439582824707,28.17345428466797
Hand,m332_rm.obj,114.36167907714844,16.250337600708008
Hand,m333_rm.obj,91.33898162841797,38.58712387084961
Hand,m334_rm.obj,62.55256271362305,12.418283462524414
Hand,m336_rm.obj,6.80910062789917,6.534046649932861
Hand,m335_rm.obj,48.6234130859375,20.56407928466797
Hand,m337_rm.obj,-78.63053131103516,-44.8294792175293
Hand,m338_rm.obj,-8.018023490905762,3.490905284881592
Hand,m339_rm.obj,-115.2822265625,-27.098634719848633
Hat,m1627_rm.obj,94.11585235595703,-1.8676398992538452
Hat,m1628_rm.obj,108.18512725830078,30.992355346679688
Hat,m1630_rm.obj,83.5926513671875,40.51502227783203
Hat,m1629_rm.obj,60.844642639160156,44.30280685424805
Hat,m1631_rm.obj,62.279632568359375,43.12408447265625
Hat,m1632_rm.obj,122.54666137695312,27.111379623413086
Hat,m1633_rm.obj,100.31006622314453,9.936637878417969
Hat,m1634_rm.obj,103.77433013916016,10.557774543762207
Hat,m1636_rm.obj,101.03366088867188,24.150615692138672
Hat,m1635_rm.obj,119.43896484375,9.471219062805176
Hat,m1637_rm.obj,121.81312561035156,27.04607391357422
Hat,m1639_rm.obj,100.53675079345703,34.35561752319336
Hat,m1640_rm.obj,120.43954467773438,9.605742454528809
Hat,m1641_rm.obj,99.51659393310547,36.03581237792969
Hat,m1638_rm.obj,101.72369384765625,23.83405303955078
Helicopter,D00038_rm.obj,-96.76905059814453,17.909015655517578
Helicopter,D00191_rm.obj,-71.60855865478516,42.32281494140625
Helicopter,D00361_rm.obj,-74.0195083618164,33.89851760864258
Helicopter,D00397_rm.obj,-73.29869079589844,37.511871337890625
Helicopter,D00470_rm.obj,-78.4933853149414,-6.380401134490967
Helicopter,D00423_rm.obj,-67.06668853759766,33.14213562011719
Helicopter,D00471_rm.obj,-76.73762512207031,-5.003574371337891
Helicopter,D00498_rm.obj,-68.56121063232422,36.54561996459961
Helicopter,D00500_rm.obj,-73.9876480102539,36.64540100097656
Helicopter,D00473_rm.obj,-75.09626007080078,40.629859924316406
Helicopter,D00502_rm.obj,-75.46746826171875,-4.130892753601074
Helicopter,D00658_rm.obj,-74.8034896850586,37.580848693847656
Helicopter,D00644_rm.obj,-70.7684555053711,33.415706634521484
Helicopter,D00751_rm.obj,-40.290191650390625,4.2111663818359375
Helicopter,D00796_rm.obj,-20.339603424072266,46.757972717285156
Helicopter,D00820_rm.obj,-71.81521606445312,34.57283401489258
Helicopter,D00868_rm.obj,-90.01748657226562,24.340930938720703
Helicopter,D00977_rm.obj,-72.5103988647461,36.68647384643555
Helicopter,D00991_rm.obj,-67.1294174194336,6.114387035369873
Helicopter,D00986_rm.obj,-72.35363006591797,30.219470977783203
Helicopter,m1302_rm.obj,-87.6091079711914,8.269853591918945
Helicopter,m1304_rm.obj,-3.231647491455078,44.473182678222656
Helicopter,m1305_rm.obj,-88.12982177734375,8.132909774780273
Helicopter,m1306_rm.obj,-77.31686401367188,37.4965934753418
Helicopter,m1307_rm.obj,-68.0367202758789,36.05284881591797
Helicopter,m1308_rm.obj,-70.78714752197266,33.72336196899414
Helicopter,m1309_rm.obj,-67.1944351196289,6.065318584442139
Helicopter,m1310_rm.obj,-66.98555755615234,33.18358612060547
Helicopter,m1311_rm.obj,-68.96399688720703,34.12175750732422
Helicopter,m1312_rm.obj,-20.34994888305664,46.75593566894531
Helicopter,m1313_rm.obj,-90.10950469970703,26.34356689453125
Helicopter,m1314_rm.obj,-72.21892547607422,41.735355377197266
Helicopter,m1316_rm.obj,-63.62067794799805,-35.432861328125
Helicopter,m1315_rm.obj,-90.3586196899414,27.492597579956055
Helicopter,m1317_rm.obj,-72.3790512084961,30.097068786621094
Helicopter,m1318_rm.obj,-90.04556274414062,24.191802978515625
Helicopter,m1319_rm.obj,-89.84124755859375,28.020992279052734
Helicopter,m1320_rm.obj,-77.37708282470703,36.50029754638672
Helicopter,m1321_rm.obj,-75.38729095458984,-4.090319633483887
Helicopter,m1322_rm.obj,-73.36754608154297,32.807552337646484
Helicopter,m1323_rm.obj,-73.69931030273438,39.59365463256836
Helicopter,m1325_rm.obj,-38.008392333984375,16.64691925048828
Helicopter,m1326_rm.obj,-37.97671127319336,16.677005767822266
Helicopter,m1327_rm.obj,-77.5477066040039,36.277713775634766
Helicopter,m1328_rm.obj,-69.4432144165039,34.95843505859375
Helicopter,m1329_rm.obj,49.64363479614258,54.485347747802734
Helicopter,m1330_rm.obj,-85.63218688964844,-10.518658638000488
Helicopter,m1332_rm.obj,-78.48204803466797,-6.396958351135254
Helicopter,m1333_rm.obj,-13.66657829284668,22.794559478759766
Helicopter,m1334_rm.obj,-13.548900604248047,22.724506378173828
Helicopter,m1336_rm.obj,-71.24673461914062,45.02238845825195
House,D00044_rm.obj,93.8904800415039,26.87207794189453
House,D00091_rm.obj,110.90673065185547,-6.902864933013916
House,D00095_rm.obj,90.9655990600586,28.128305435180664
House,D00415_rm.obj,116.98017883300781,1.2207658290863037
House,D00325_rm.obj,100.09146118164062,31.464866638183594
House,D00454_rm.obj,60.812896728515625,-4.648959636688232
House,D00665_rm.obj,93.4070053100586,30.288679122924805
House,D00568_rm.obj,108.9845962524414,14.5927095413208
House,D00873_rm.obj,17.689565658569336,56.366512298583984
House,D00941_rm.obj,60.679317474365234,-4.462131023406982
House,D00889_rm.obj,97.09783935546875,-3.9131386280059814
House,D00946_rm.obj,109.21421813964844,13.622838973999023
House,D00965_rm.obj,109.16419219970703,6.857941627502441
House,m430_rm.obj,60.64495086669922,39.447635650634766
House,m429_rm.obj,93.2022933959961,26.407018661499023
House,m423_rm.obj,51.142425537109375,-21.157197952270508
House,m431_rm.obj,-24.552160263061523,13.318609237670898
House,m432_rm.obj,5.71629524230957,52.744258880615234
House,m433_rm.obj,-16.615158081054688,25.970735549926758
House,m434_rm.obj,128.97804260253906,-14.048474311828613
House,m436_rm.obj,33.2939338684082,-14.945003509521484
House,m435_rm.obj,18.86652946472168,55.94989776611328
House,m439_rm.obj,-11.315515518188477,-38.44367599487305
House,m441_rm.obj,59.70268249511719,38.51322555541992
House,m443_rm.obj,87.4999771118164,28.0487003326416
House,m447_rm.obj,40.743896484375,20.58405303955078
House,m448_rm.obj,96.89546203613281,33.362998962402344
House,m449_rm.obj,92.09117889404297,29.072566986083984
House,m451_rm.obj,-1.0160239934921265,-2.1992814540863037
House,m452_rm.obj,121.1043472290039,-3.8425753116607666
House,m453_rm.obj,102.05461883544922,11.489380836486816
House,m454_rm.obj,42.67147445678711,26.4174747467041
House,m456_rm.obj,44.78118896484375,30.686321258544922
House,m457_rm.obj,87.495361328125,28.1632022857666
House,m460_rm.obj,-146.51307678222656,-11.714627265930176
House,m461_rm.obj,126.58982849121094,-12.525612831115723
House,m462_rm.obj,112.2901840209961,-5.880484580993652
HumanHead,D00061_rm.obj,113.77978515625,28.069290161132812
HumanHead,D00013_rm.obj,114.26822662353516,25.140003204345703
HumanHead,D00205_rm.obj,117.1100082397461,17.830541610717773
HumanHead,D00072_rm.obj,117.70137786865234,16.014827728271484
HumanHead,D00106_rm.obj,83.10330963134766,35.75692367553711
HumanHead,D00131_rm.obj,118.25518798828125,12.679749488830566
HumanHead,D00313_rm.obj,126.02921295166016,5.653701305389404
HumanHead,D00434_rm.obj,114.35588836669922,27.076763153076172
HumanHead,D00487_rm.obj,124.45887756347656,9.577439308166504
HumanHead,D00488_rm.obj,115.4144515991211,18.077064514160156
HumanHead,D00566_rm.obj,114.14778137207031,23.458621978759766
HumanHead,D00578_rm.obj,118.94734191894531,3.732544422149658
HumanHead,D00591_rm.obj,117.134765625,12.624990463256836
HumanHead,D00610_rm.obj,116.21332550048828,16.934860229492188
HumanHead,D00653_rm.obj,92.73278045654297,39.67695236206055
HumanHead,D00629_rm.obj,124.88858795166016,11.845084190368652
HumanHead,D00758_rm.obj,118.68609619140625,11.067933082580566
HumanHead,D00690_rm.obj,121.29338836669922,11.304101943969727
HumanHead,D00910_rm.obj,112.35257720947266,7.730649471282959
HumanHead,m340_rm.obj,125.87738037109375,8.812788963317871
HumanHead,D00984_rm.obj,84.7067642211914,33.68490219116211
HumanHead,m342_rm.obj,119.01625061035156,23.97209358215332
HumanHead,m341_rm.obj,112.46952056884766,24.72525978088379
HumanHead,m343_rm.obj,110.54328918457031,26.064224243164062
HumanHead,m344_rm.obj,106.09530639648438,30.79100227355957
HumanHead,m345_rm.obj,121.13182067871094,24.859975814819336
HumanHead,m346_rm.obj,103.08190155029297,32.915401458740234
HumanHead,m347_rm.obj,119.66985321044922,25.149486541748047
HumanHead,m348_rm.obj,106.48006439208984,29.13553237915039
HumanHead,m349_rm.obj,115.6513442993164,26.386274337768555
HumanHead,m350_rm.obj,123.32086181640625,12.398595809936523
HumanHead,m351_rm.obj,124.32637023925781,7.596874237060547
HumanHead,m352_rm.obj,123.20213317871094,5.0788068771362305
HumanHead,m354_rm.obj,94.87875366210938,38.10495376586914
HumanHead,m353_rm.obj,123.2924575805664,6.614144802093506
HumanHead,m356_rm.obj,123.54103088378906,9.983281135559082
HumanHead,m357_rm.obj,123.76918029785156,8.449753761291504
HumanHead,m358_rm.obj,117.01759338378906,13.708747863769531
HumanHead,m355_rm.obj,106.72944641113281,28.18671417236328
HumanHead,m359_rm.obj,122.60662078857422,16.575164794921875
HumanHead,m361_rm.obj,116.92108917236328,26.10187530517578
HumanHead,m360_rm.obj,121.04027557373047,17.55284309387207
HumanHead,m362_rm.obj,97.06636047363281,29.472766876220703
HumanHead,m364_rm.obj,92.1462173461914,42.42681884765625
HumanHead,m363_rm.obj,111.19947052001953,25.705183029174805
HumanHead,m366_rm.obj,86.88607025146484,31.65463638305664
HumanHead,m365_rm.obj,122.76280212402344,16.00370216369629
HumanHead,m367_rm.obj,100.11759185791016,37.17213821411133
HumanHead,m368_rm.obj,117.46202850341797,10.159764289855957
Humanoid,m118_rm.obj,-72.57646179199219,-28.605180740356445
HumanHead,m370_rm.obj,92.78323364257812,39.01313018798828
HumanHead,m369_rm.obj,114.10330963134766,24.230478286743164
Humanoid,m119_rm.obj,-66.39434814453125,-26.59336280822754
Humanoid,m120_rm.obj,-74.00009155273438,-27.91092872619629
Humanoid,m121_rm.obj,-73.43074798583984,-29.597484588623047
Humanoid,m122_rm.obj,-66.35601043701172,-23.782821655273438
Humanoid,m124_rm.obj,-64.03435516357422,-22.281963348388672
Humanoid,m123_rm.obj,-72.97744750976562,-28.00086784362793
Humanoid,m125_rm.obj,-56.07612609863281,-29.811071395874023
Humanoid,m128_rm.obj,-64.99857330322266,-25.198848724365234
Humanoid,m129_rm.obj,-92.69456481933594,-18.574642181396484
Humanoid,m126_rm.obj,-90.08018493652344,-26.001989364624023
Humanoid,m130_rm.obj,-75.70596313476562,-28.67059326171875
Humanoid,m132_rm.obj,-63.481971740722656,-23.3609676361084
Humanoid,m131_rm.obj,-69.51097106933594,-28.445545196533203
Humanoid,m133_rm.obj,-62.56949234008789,-19.06598663330078
Humanoid,m134_rm.obj,-90.18389129638672,-25.277111053466797
Humanoid,m136_rm.obj,-63.94917678833008,-32.08502960205078
Humanoid,m135_rm.obj,-63.79977798461914,-29.397436141967773
Humanoid,m137_rm.obj,-49.5275993347168,-26.00877571105957
Humanoid,m139_rm.obj,-15.679625511169434,14.490550994873047
Humanoid,m138_rm.obj,-51.050559997558594,-25.46695327758789
Humanoid,m140_rm.obj,-47.975486755371094,-23.21830177307129
Humanoid,m141_rm.obj,-62.52238845825195,-23.876171112060547
Humanoid,m143_rm.obj,-48.27794647216797,-20.874252319335938
Humanoid,m144_rm.obj,-59.45098876953125,-22.352571487426758
Humanoid,m145_rm.obj,-35.797245025634766,-12.774798393249512
Humanoid,m146_rm.obj,-51.768211364746094,-21.273582458496094
Humanoid,m147_rm.obj,-45.49864196777344,-20.22034454345703
Humanoid,m148_rm.obj,-47.92656326293945,-29.11832618713379
Humanoid,m150_rm.obj,-51.14564895629883,-24.474651336669922
Humanoid,m151_rm.obj,-60.766178131103516,-25.15682029724121
Humanoid,m149_rm.obj,-52.42598342895508,-25.09394645690918
Humanoid,m152_rm.obj,-55.79435729980469,-23.293567657470703
Humanoid,m153_rm.obj,-56.532554626464844,-23.150127410888672
Humanoid,m154_rm.obj,-65.24738311767578,-20.088092803955078
Humanoid,m155_rm.obj,-37.17203903198242,-15.95228385925293
Humanoid,m156_rm.obj,-49.72496032714844,-25.363576889038086
Humanoid,m158_rm.obj,-42.48770523071289,-20.179065704345703
Humanoid,m157_rm.obj,-52.4197883605957,-30.701913833618164
Humanoid,m159_rm.obj,-62.59575271606445,-27.01715850830078
Humanoid,m160_rm.obj,-47.275814056396484,-19.7477970123291
Humanoid,m161_rm.obj,-49.15787887573242,-33.91102981567383
Humanoid,m162_rm.obj,-58.098731994628906,-31.904630661010742
Humanoid,m163_rm.obj,-62.4453125,-32.154876708984375
Humanoid,m165_rm.obj,-61.17704391479492,-30.38896942138672
Humanoid,m164_rm.obj,-54.70240020751953,-32.12832260131836
Humanoid,m166_rm.obj,-61.56276321411133,-31.467090606689453
Humanoid,m167_rm.obj,13.636802673339844,11.1430082321167
Humanoid,m169_rm.obj,-71.08379364013672,-29.693674087524414
Humanoid,m168_rm.obj,-53.92866516113281,-30.23694610595703
Humanoid,m170_rm.obj,-77.5372085571289,-28.35207176208496
Humanoid,m172_rm.obj,-75.00054168701172,-30.20493507385254
Humanoid,m171_rm.obj,-49.63144302368164,-27.449474334716797
Humanoid,m173_rm.obj,-74.7018051147461,-29.12930679321289
Humanoid,m175_rm.obj,-52.75213623046875,-31.464067459106445
Humanoid,m174_rm.obj,-46.13855743408203,-27.387624740600586
Humanoid,m176_rm.obj,-46.070892333984375,-26.144065856933594
Humanoid,m177_rm.obj,-9.23206615447998,1.5332742929458618
Humanoid,m178_rm.obj,-54.90842056274414,-29.72774314880371
Humanoid,m179_rm.obj,-58.94961929321289,-21.570627212524414
Humanoid,m180_rm.obj,-86.41175079345703,-20.23349952697754
Humanoid,m181_rm.obj,-38.550167083740234,-16.0137882232666
Humanoid,m182_rm.obj,-75.5831069946289,-25.190404891967773
Humanoid,m183_rm.obj,46.63735580444336,31.765663146972656
Humanoid,m184_rm.obj,-65.75724792480469,-24.90312957763672
Humanoid,m185_rm.obj,-64.76683044433594,-29.304616928100586
Humanoid,m186_rm.obj,-62.88479232788086,-29.13735580444336
Humanoid,m187_rm.obj,10.721711158752441,50.35786437988281
Humanoid,m188_rm.obj,-92.8930892944336,7.332897186279297
Humanoid,m189_rm.obj,-75.81655883789062,-32.42698287963867
Humanoid,m190_rm.obj,26.632169723510742,-19.11934471130371
Humanoid,m191_rm.obj,30.757665634155273,-8.766887664794922
Humanoid,m192_rm.obj,-65.63349914550781,-26.540193557739258
Humanoid,m193_rm.obj,4.11480188369751,4.311050891876221
Humanoid,m194_rm.obj,-51.8806037902832,-21.893415451049805
Humanoid,m195_rm.obj,-62.149131774902344,-39.56710433959961
Humanoid,m197_rm.obj,-75.4444351196289,-27.317127227783203
Humanoid,m196_rm.obj,-64.38900756835938,-18.75901222229004
Humanoid,m198_rm.obj,-50.97604751586914,-10.317045211791992
Humanoid,m199_rm.obj,-46.5356559753418,-24.460283279418945
Humanoid,m202_rm.obj,-78.17865753173828,-32.257930755615234
Humanoid,m203_rm.obj,-73.23344421386719,-26.12179946899414
Humanoid,m204_rm.obj,-52.19615936279297,-26.804323196411133
Humanoid,m205_rm.obj,-44.86068344116211,-24.279212951660156
Humanoid,m206_rm.obj,-77.16477966308594,-24.9554386138916
Humanoid,m207_rm.obj,-61.83189392089844,-22.456199645996094
Humanoid,m210_rm.obj,34.197608947753906,27.917848587036133
Humanoid,m208_rm.obj,-67.00834655761719,-22.516315460205078
Humanoid,m211_rm.obj,-63.295509338378906,-25.944143295288086
Humanoid,m212_rm.obj,-36.38907241821289,-14.573205947875977
Humanoid,m213_rm.obj,-77.66954803466797,-32.81572723388672
Humanoid,m214_rm.obj,-77.41373443603516,-33.47504806518555
Humanoid,m215_rm.obj,-77.38968658447266,-30.573463439941406
Humanoid,m217_rm.obj,-74.03223419189453,-13.945820808410645
Humanoid,m216_rm.obj,-36.27436447143555,1.5018802881240845
Humanoid,m218_rm.obj,-1.4213451147079468,-71.89990997314453
Humanoid,m219_rm.obj,4.556187629699707,-69.72640228271484
Humanoid,m220_rm.obj,2.193629741668701,-68.72533416748047
Humanoid,m221_rm.obj,2.324289560317993,-69.67633056640625
Humanoid,m222_rm.obj,0.9695554971694946,-63.44180679321289
Humanoid,m223_rm.obj,2.1748077869415283,-70.94354248046875
Humanoid,m224_rm.obj,-0.25331446528434753,-71.04286193847656
Humanoid,m226_rm.obj,-8.255542755126953,9.440529823303223
Humanoid,m227_rm.obj,7.883328437805176,-6.213305473327637
Humanoid,m228_rm.obj,17.7877254486084,24.290037155151367
Humanoid,m229_rm.obj,0.847166121006012,-76.32601928710938
Humanoid,m230_rm.obj,3.4891350269317627,-76.64292907714844
Humanoid,m232_rm.obj,1.2465085983276367,-53.083431243896484
Humanoid,m231_rm.obj,16.51934814453125,24.45591926574707
Humanoid,m233_rm.obj,1.2129828929901123,-67.23212432861328
Humanoid,m234_rm.obj,-3.356475591659546,-74.07807922363281
Humanoid,m236_rm.obj,-1.2198894023895264,-70.67784118652344
Humanoid,m235_rm.obj,0.5633495450019836,-63.93561935424805
Humanoid,m237_rm.obj,3.638786554336548,-71.71930694580078
Humanoid,m238_rm.obj,1.784355640411377,-74.01795196533203
Humanoid,m239_rm.obj,3.743335485458374,-74.47869110107422
Humanoid,m240_rm.obj,2.647063970565796,-74.9757080078125
Humanoid,m241_rm.obj,0.6173670887947083,-51.259727478027344
Humanoid,m242_rm.obj,-4.2938551902771,20.23067855834961
Humanoid,m244_rm.obj,1.3715405464172363,-75.19622802734375
Humanoid,m243_rm.obj,1.5312879085540771,-71.99494934082031
Humanoid,m245_rm.obj,2.0017590522766113,-73.08302307128906
Humanoid,m246_rm.obj,3.1822829246520996,-72.91451263427734
Humanoid,m248_rm.obj,0.7308164238929749,-71.82511138916016
Humanoid,m249_rm.obj,-7.744340419769287,7.811955451965332
Humanoid,m250_rm.obj,-3.9531514644622803,-74.24836730957031
Humanoid,m252_rm.obj,10.735673904418945,24.46698570251465
Humanoid,m251_rm.obj,-0.6512294411659241,-75.06279754638672
Humanoid,m253_rm.obj,-35.43155288696289,-11.699151992797852
Humanoid,m254_rm.obj,-47.19197082519531,13.524665832519531
Humanoid,m255_rm.obj,-0.10164523869752884,-73.09314727783203
Humanoid,m256_rm.obj,-73.5408706665039,13.044795989990234
Humanoid,m257_rm.obj,-25.419445037841797,50.29684829711914
Humanoid,m260_rm.obj,-54.42142868041992,-26.496007919311523
Humanoid,m259_rm.obj,-5.10911750793457,8.826582908630371
Humanoid,m258_rm.obj,-5.118015289306641,-74.8906021118164
Humanoid,m261_rm.obj,-64.64337158203125,-28.258647918701172
Humanoid,m262_rm.obj,-71.60000610351562,-27.33881378173828
Humanoid,m263_rm.obj,-47.551631927490234,-18.478412628173828
Humanoid,m264_rm.obj,-46.57762145996094,-20.225990295410156
Humanoid,m266_rm.obj,15.156630516052246,26.978275299072266
Humanoid,m265_rm.obj,-43.0406608581543,20.779293060302734
Insect,D00081_rm.obj,-32.77881622314453,23.630107879638672
Insect,D00082_rm.obj,62.91446304321289,41.29458999633789
Insect,D00102_rm.obj,-18.669641494750977,58.12782287597656
Insect,D00109_rm.obj,-16.790281295776367,59.27577590942383
Insect,D00117_rm.obj,-8.74402141571045,45.01630783081055
Insect,D00136_rm.obj,20.302963256835938,36.65491485595703
Insect,D00160_rm.obj,43.293235778808594,32.808128356933594
Insect,D00180_rm.obj,-18.780597686767578,58.06797409057617
Insect,D00231_rm.obj,-34.747581481933594,22.218971252441406
Insect,D00291_rm.obj,-65.03883361816406,-16.123212814331055
Insect,D00294_rm.obj,14.49850082397461,25.340734481811523
Insect,D00309_rm.obj,27.258544921875,33.275577545166016
Insect,D00315_rm.obj,-3.9407763481140137,1.0925027132034302
Insect,D00399_rm.obj,-80.604248046875,20.579879760742188
Insect,D00333_rm.obj,-68.28266906738281,28.88884925842285
Insect,D00430_rm.obj,22.45804214477539,23.581449508666992
Insect,D00510_rm.obj,-30.411296844482422,32.543190002441406
Insect,D00590_rm.obj,-57.61164093017578,28.892417907714844
Insect,D00615_rm.obj,-17.28353500366211,58.973575592041016
Insect,D00662_rm.obj,25.296037673950195,31.019956588745117
Insect,D00668_rm.obj,-70.38619232177734,44.78538513183594
Insect,D00695_rm.obj,-92.44110870361328,20.28642463684082
Insect,D00672_rm.obj,-3.919922351837158,36.35206604003906
Insect,D00732_rm.obj,-24.008947372436523,54.40074920654297
Insect,D00713_rm.obj,43.603233337402344,63.328067779541016
Insect,D00734_rm.obj,-9.733391761779785,45.883209228515625
Insect,D00752_rm.obj,14.205028533935547,25.55251693725586
Insect,D00774_rm.obj,3.444030523300171,26.01482391357422
Insect,D00746_rm.obj,-14.730364799499512,45.48812484741211
Insect,D00753_rm.obj,-70.98907470703125,41.06654357910156
Insect,D00788_rm.obj,10.187278747558594,54.56410217285156
Insect,D00786_rm.obj,-51.138885498046875,19.21681022644043
Insect,D00787_rm.obj,-120.46087646484375,1.682839035987854
Insect,D00806_rm.obj,61.59931182861328,31.729530334472656
Insect,D00814_rm.obj,1.134756088256836,-59.05113220214844
Insect,D00855_rm.obj,-7.435513973236084,40.861820220947266
Insect,D00884_rm.obj,25.208253860473633,30.923511505126953
Insect,D00973_rm.obj,-2.6254029273986816,1.252753734588623
Insect,D00989_rm.obj,-7.861824989318848,40.17867660522461
Insect,D00895_rm.obj,-35.430301666259766,51.977203369140625
Insect,m0_rm.obj,-50.48444747924805,19.65192985534668
Insect,m10_rm.obj,1.1624493598937988,-59.07990646362305
Insect,m12_rm.obj,3.847490072250366,0.40737849473953247
Insect,m11_rm.obj,-63.74146270751953,11.214656829833984
Insect,m13_rm.obj,-62.34727096557617,19.56560707092285
Insect,m14_rm.obj,-26.029155731201172,-8.085827827453613
Insect,m15_rm.obj,-63.711387634277344,11.195820808410645
Insect,m16_rm.obj,-74.32081604003906,43.324241638183594
Insect,m19_rm.obj,-3.759183645248413,36.34600067138672
Insect,m17_rm.obj,3.4291818141937256,26.024290084838867
Insect,m18_rm.obj,-14.700392723083496,45.480445861816406
Insect,m1_rm.obj,-35.1445426940918,4.320524215698242
Insect,m20_rm.obj,-9.822758674621582,45.859214782714844
Insect,m21_rm.obj,25.61103630065918,36.39546585083008
Insect,m22_rm.obj,12.241913795471191,53.0052490234375
Insect,m23_rm.obj,-5.189839839935303,44.297576904296875
Insect,m24_rm.obj,27.84278678894043,33.80876922607422
Insect,m25_rm.obj,-69.39942169189453,41.01290512084961
Insect,m2_rm.obj,-51.291542053222656,19.636613845825195
Insect,m3_rm.obj,25.440391540527344,33.34618377685547
Insect,m26_rm.obj,-2.0500831604003906,38.18840026855469
Insect,m4_rm.obj,-53.25099182128906,19.78223991394043
Insect,m7_rm.obj,9.639670372009277,9.523496627807617
Insect,m8_rm.obj,27.898366928100586,35.15089416503906
Insect,m6_rm.obj,61.286319732666016,32.93880844116211
Jet,m1147_rm.obj,-33.01116180419922,25.890430450439453
Insect,m9_rm.obj,-24.671506881713867,53.73414993286133
Jet,m1149_rm.obj,-44.79077911376953,16.224822998046875
Jet,m1150_rm.obj,-48.17173385620117,15.678396224975586
Jet,m1151_rm.obj,-28.088306427001953,27.712417602539062
Jet,m1152_rm.obj,-30.15034294128418,26.09491729736328
Jet,m1153_rm.obj,-32.277042388916016,25.156442642211914
Jet,m1154_rm.obj,-32.690704345703125,28.124948501586914
Jet,m1155_rm.obj,-47.24137496948242,15.015533447265625
Jet,m1156_rm.obj,-35.76839828491211,29.624046325683594
Jet,m1157_rm.obj,-81.83790588378906,3.2666823863983154
Jet,m1158_rm.obj,-34.58662033081055,39.70338821411133
Jet,m1159_rm.obj,-29.778785705566406,26.141368865966797
Jet,m1161_rm.obj,-34.66642761230469,27.333913803100586
Jet,m1162_rm.obj,-32.19891357421875,29.06528091430664
Jet,m1165_rm.obj,-37.74920654296875,27.08907127380371
Jet,m1163_rm.obj,-36.14457321166992,28.029165267944336
Jet,m1166_rm.obj,-66.09475708007812,31.849411010742188
Jet,m1167_rm.obj,-48.683109283447266,24.54227638244629
Jet,m1168_rm.obj,-55.30732345581055,21.32076644897461
Jet,m1169_rm.obj,-54.51404571533203,23.20536231994629
Jet,m1171_rm.obj,-55.50007247924805,26.866195678710938
Jet,m1172_rm.obj,-75.90430450439453,17.814674377441406
Jet,m1173_rm.obj,-69.37258911132812,22.953298568725586
Jet,m1174_rm.obj,-58.301170349121094,21.05549430847168
Jet,m1175_rm.obj,-50.653465270996094,24.729921340942383
Jet,m1176_rm.obj,-47.096858978271484,17.19133186340332
Jet,m1177_rm.obj,-36.34953308105469,34.11785888671875
Jet,m1178_rm.obj,-78.61465454101562,2.7274680137634277
Jet,m1180_rm.obj,-59.416107177734375,26.563976287841797
Jet,m1179_rm.obj,-65.31376647949219,19.949636459350586
Jet,m1181_rm.obj,-54.655757904052734,27.119123458862305
Jet,m1182_rm.obj,-59.18758010864258,24.70452880859375
Jet,m1183_rm.obj,-52.7393913269043,27.530622482299805
Jet,m1184_rm.obj,-69.59880065917969,1.4166368246078491
Jet,m1185_rm.obj,-76.58712005615234,3.0336127281188965
Jet,m1188_rm.obj,-54.65803909301758,28.37478256225586
Jet,m1187_rm.obj,-54.369441986083984,25.28997230529785
Jet,m1190_rm.obj,-46.742103576660156,20.943574905395508
Jet,m1191_rm.obj,-39.40019226074219,39.57101821899414
Jet,m1193_rm.obj,-77.49440002441406,15.363759994506836
Jet,m1194_rm.obj,-70.149169921875,20.87251853942871
Jet,m1195_rm.obj,-73.04683685302734,19.710172653198242
Jet,m1196_rm.obj,-72.27804565429688,19.739925384521484
Jet,m1198_rm.obj,-58.524723052978516,25.547468185424805
Jet,m1197_rm.obj,-72.48387145996094,18.174028396606445
Jet,m1199_rm.obj,-76.15904235839844,5.654547214508057
Jet,m1200_rm.obj,-72.58666229248047,4.482224464416504
Jet,m1201_rm.obj,-61.28022003173828,35.55814743041992
Jet,m1202_rm.obj,-77.51104736328125,4.4295125007629395
Jet,m1205_rm.obj,-53.109092712402344,26.53350067138672
Jet,m1207_rm.obj,-96.3025131225586,13.630399703979492
Jet,m1204_rm.obj,-50.71345901489258,23.56855583190918
Jet,m1208_rm.obj,-55.42738723754883,29.8978214263916
Jet,m1209_rm.obj,-23.09867286682129,27.561790466308594
Jet,m1210_rm.obj,-45.803443908691406,30.358789443969727
Jet,m1211_rm.obj,-35.5994987487793,39.11701583862305
Jet,m1214_rm.obj,-56.83926773071289,21.5849609375
Jet,m1213_rm.obj,-81.16168975830078,6.287259578704834
Jet,m1212_rm.obj,-57.18461227416992,23.682607650756836
Jet,m1215_rm.obj,-48.06275939941406,30.958885192871094
Jet,m1216_rm.obj,-58.40730285644531,23.52979850769043
Jet,m1218_rm.obj,-52.8221549987793,24.625741958618164
Jet,m1217_rm.obj,-56.099754333496094,24.349925994873047
Jet,m1219_rm.obj,-49.36058044433594,30.23695182800293
Jet,m1220_rm.obj,-68.5538101196289,18.775737762451172
Jet,m1221_rm.obj,-71.06249237060547,36.5995979309082
Jet,m1222_rm.obj,-7.199250221252441,42.541038513183594
Jet,m1223_rm.obj,-60.52495574951172,25.69803237915039
Jet,m1225_rm.obj,-77.32845306396484,18.65159797668457
Jet,m1224_rm.obj,-93.26995849609375,13.876899719238281
Jet,m1226_rm.obj,-78.34072875976562,13.770252227783203
Jet,m1227_rm.obj,-78.41201782226562,19.794198989868164
Jet,m1228_rm.obj,-79.5412368774414,18.640771865844727
Jet,m1230_rm.obj,-55.96908950805664,23.526777267456055
Jet,m1229_rm.obj,-82.80802917480469,15.675525665283203
Jet,m1231_rm.obj,-56.757266998291016,27.40369415283203
Jet,m1233_rm.obj,-75.31414031982422,2.9959259033203125
Jet,m1234_rm.obj,-34.05663299560547,28.803428649902344
Jet,m1232_rm.obj,-30.695466995239258,28.069658279418945
Jet,m1235_rm.obj,-37.12818908691406,35.0106086730957
Jet,m1236_rm.obj,-58.00948715209961,22.720317840576172
Jet,m1237_rm.obj,-29.55219078063965,27.551939010620117
Jet,m1238_rm.obj,-78.77472686767578,13.46779727935791
Jet,m1239_rm.obj,-50.83161163330078,26.661447525024414
Jet,m1240_rm.obj,-37.36207962036133,33.09804153442383
Jet,m1241_rm.obj,-46.86857604980469,24.503021240234375
Jet,m1242_rm.obj,-77.14714050292969,16.26076316833496
Jet,m1243_rm.obj,-57.658477783203125,25.411375045776367
Jet,m1245_rm.obj,-36.63504409790039,42.82270431518555
Jet,m1246_rm.obj,-42.016998291015625,22.946327209472656
Jet,m1247_rm.obj,-42.78755187988281,22.394800186157227
Jet,m1248_rm.obj,-47.153751373291016,23.23667335510254
Jet,m1249_rm.obj,-18.34958839416504,15.603951454162598
Jet,m1250_rm.obj,-40.052589416503906,30.513193130493164
Jet,m1251_rm.obj,-54.583030700683594,22.773326873779297
Jet,m1252_rm.obj,-82.78781127929688,18.256210327148438
Jet,m1253_rm.obj,-73.70635986328125,19.009695053100586
Jet,m1255_rm.obj,-69.17913055419922,1.00977623462677
Jet,m1257_rm.obj,-93.44483947753906,18.43040657043457
Jet,m1256_rm.obj,-93.94032287597656,18.624671936035156
Jet,m1258_rm.obj,-48.15200424194336,24.46452522277832
Jet,m1259_rm.obj,-61.09141540527344,35.49465560913086
Jet,m1260_rm.obj,-61.274009704589844,37.024662017822266
Jet,m1261_rm.obj,-67.29168701171875,25.904773712158203
Jet,m1262_rm.obj,-75.8884048461914,16.58685302734375
Jet,m1263_rm.obj,-39.221961975097656,36.0534553527832
Jet,m1264_rm.obj,-36.039066314697266,40.791656494140625
Jet,m1265_rm.obj,-96.0845718383789,14.06544017791748
Jet,m1266_rm.obj,-78.25851440429688,18.422582626342773
Jet,m1267_rm.obj,-32.634315490722656,30.571136474609375
Jet,m1268_rm.obj,-107.26705169677734,17.093374252319336
Jet,m1269_rm.obj,-109.31258392333984,17.015758514404297
Jet,m1270_rm.obj,-92.6482925415039,32.50149917602539
Jet,m1271_rm.obj,-85.2997055053711,-1.1476972103118896
Jet,m1273_rm.obj,-108.02308654785156,17.61776351928711
Jet,m1274_rm.obj,-38.02403259277344,49.05190658569336
Jet,m1275_rm.obj,-54.07961654663086,14.033707618713379
Jet,m1276_rm.obj,-109.547119140625,14.858962059020996
Jet,m1277_rm.obj,-93.3176498413086,32.908409118652344
Jet,m1278_rm.obj,-106.91122436523438,15.222804069519043
Jet,m1279_rm.obj,-105.25983428955078,14.963922500610352
Jet,m1280_rm.obj,-109.0774154663086,15.39627742767334
Jet,m1281_rm.obj,-108.11466979980469,18.14811134338379
Jet,m1282_rm.obj,-41.363525390625,49.16062927246094
Jet,m1283_rm.obj,-60.63436508178711,15.862419128417969
Jet,m1284_rm.obj,-92.35613250732422,31.261632919311523
Jet,m1285_rm.obj,-106.7724609375,13.952341079711914
Jet,m1286_rm.obj,-40.12164306640625,49.22867965698242
Jet,m1287_rm.obj,-86.68610382080078,14.571696281433105
Jet,m1288_rm.obj,-35.15526580810547,43.826751708984375
Jet,m1289_rm.obj,-35.87550735473633,45.403507232666016
Jet,m1290_rm.obj,-61.25587463378906,15.950000762939453
Jet,m1291_rm.obj,-46.589839935302734,31.81476593017578
Jet,m1292_rm.obj,-67.08960723876953,22.118223190307617
Jet,m1293_rm.obj,-91.41276550292969,15.71391487121582
Jet,m1295_rm.obj,-90.2204360961914,14.941035270690918
Jet,m1294_rm.obj,-92.31145477294922,15.276878356933594
Jet,m1296_rm.obj,-83.5218276977539,18.274911880493164
Jet,m1297_rm.obj,-114.92674255371094,-11.965929985046387
Jet,m1298_rm.obj,-20.60590934753418,16.62538719177246
Jet,m1300_rm.obj,-51.276607513427734,30.947933197021484
Jet,m1299_rm.obj,-50.4611930847168,28.710695266723633
Jet,m1301_rm.obj,-50.77296829223633,29.219844818115234
Knife,D01015_rm.obj,-116.8780288696289,-12.678291320800781
Knife,D01025_rm.obj,-95.04707336425781,-26.953044891357422
Knife,D01032_rm.obj,-125.12213897705078,-22.312419891357422
Knife,D01051_rm.obj,-130.16795349121094,-24.072586059570312
Knife,D01054_rm.obj,-137.8349609375,-26.16586685180664
Knife,D01057_rm.obj,-128.20668029785156,-22.99842643737793
Knife,D01075_rm.obj,-128.21205139160156,-26.07693862915039
Knife,D01077_rm.obj,-112.03076171875,-15.223960876464844
Knife,D01107_rm.obj,-114.81253814697266,-15.640328407287598
Knife,D01119_rm.obj,-118.8602523803711,-18.86056900024414
Knife,D01120_rm.obj,-120.12626647949219,-20.918987274169922
Knife,D01150_rm.obj,-92.89768981933594,-28.8264217376709
Knife,D01132_rm.obj,-124.305908203125,-21.643739700317383
Knife,D01160_rm.obj,-115.17667388916016,-16.787878036499023
Knife,D01168_rm.obj,-124.94149780273438,-23.60910987854004
Knife,D01175_rm.obj,-117.16129302978516,-15.577171325683594
Knife,D01174_rm.obj,-136.73146057128906,-26.0629940032959
Knife,D01187_rm.obj,-108.99543762207031,-9.116985321044922
Knife,D01189_rm.obj,-118.86573028564453,-13.063270568847656
Knife,m722_rm.obj,-136.44955444335938,-19.625755310058594
Knife,m723_rm.obj,-123.80316162109375,1.1392827033996582
Knife,m724_rm.obj,-119.22454071044922,-21.081836700439453
Knife,m725_rm.obj,-100.49075317382812,-13.738511085510254
Knife,m726_rm.obj,-100.09439849853516,-12.507051467895508
Knife,m727_rm.obj,-92.56037139892578,-11.563570976257324
Knife,m728_rm.obj,-99.34954833984375,-13.478986740112305
MilitaryVehicle,D00017_rm.obj,13.42824935913086,51.16455841064453
MilitaryVehicle,D00051_rm.obj,86.3982162475586,33.03350830078125
MilitaryVehicle,D00100_rm.obj,95.13970184326172,34.69041442871094
MilitaryVehicle,D00272_rm.obj,44.006439208984375,20.315364837646484
MilitaryVehicle,D00334_rm.obj,0.10864909738302231,47.34595489501953
MilitaryVehicle,D00458_rm.obj,39.60073471069336,20.947181701660156
MilitaryVehicle,D00529_rm.obj,0.7782398462295532,46.22670364379883
MilitaryVehicle,D00611_rm.obj,14.071366310119629,48.25104522705078
MilitaryVehicle,D00577_rm.obj,44.61152267456055,18.422536849975586
MilitaryVehicle,D00723_rm.obj,44.178062438964844,17.531085968017578
MilitaryVehicle,D00761_rm.obj,14.742581367492676,49.03757858276367
MilitaryVehicle,D00778_rm.obj,44.11919021606445,21.485231399536133
MilitaryVehicle,D00799_rm.obj,64.91204833984375,14.279367446899414
MilitaryVehicle,D00801_rm.obj,0.13122008740901947,48.52019500732422
MilitaryVehicle,D00918_rm.obj,59.932186126708984,40.886348724365234
MilitaryVehicle,D00932_rm.obj,43.55939865112305,63.56089401245117
MilitaryVehicle,D00933_rm.obj,-0.4319535493850708,47.975196838378906
MilitaryVehicle,D00971_rm.obj,13.98501968383789,47.75360870361328
MilitaryVehicle,D00952_rm.obj,91.01797485351562,-3.705284833908081
Monitor,D00007_rm.obj,45.99150466918945,34.06618118286133
Monitor,D00141_rm.obj,76.86785125732422,-27.279460906982422
Monitor,D00229_rm.obj,77.6960678100586,-27.213979721069336
Monitor,D00336_rm.obj,108.163818359375,9.899002075195312
Monitor,D00339_rm.obj,78.81615447998047,-27.436492919921875
Monitor,D00391_rm.obj,-9.04024600982666,-38.228519439697266
Monitor,D00387_rm.obj,59.16608810424805,15.444472312927246
Monitor,D00364_rm.obj,106.3997573852539,9.675350189208984
Monitor,D00444_rm.obj,46.38501739501953,36.008575439453125
Monitor,D00412_rm.obj,80.19427490234375,-26.734968185424805
Monitor,D00469_rm.obj,123.75814819335938,-7.466276168823242
Monitor,D00548_rm.obj,71.29357147216797,-29.465625762939453
Monitor,D00659_rm.obj,109.51024627685547,27.58753204345703
Monitor,D00863_rm.obj,91.65718078613281,-21.587156295776367
Monitor,D00852_rm.obj,96.24774169921875,28.456314086914062
Monitor,D00920_rm.obj,-6.197368621826172,-54.03085708618164
Monitor,D00915_rm.obj,62.78749084472656,22.56190299987793
Monitor,D00919_rm.obj,91.10829162597656,29.679298400878906
Monitor,D00978_rm.obj,120.29730987548828,4.654519557952881
Monitor,D01000_rm.obj,75.50275421142578,-31.976383209228516
Monoplane,D00011_rm.obj,-38.633296966552734,40.97377395629883
Monoplane,D00019_rm.obj,-40.826114654541016,31.82370376586914
Monoplane,D00167_rm.obj,-91.82849884033203,12.395495414733887
Monoplane,D00043_rm.obj,-34.68716049194336,31.76866340637207
Monoplane,D00098_rm.obj,-27.79703140258789,29.04861831665039
Monoplane,D00169_rm.obj,-29.764158248901367,29.648427963256836
Monoplane,D00262_rm.obj,-75.82814025878906,3.954444169998169
Monoplane,D00301_rm.obj,-81.82637023925781,3.4222264289855957
Monoplane,D00304_rm.obj,-81.3916244506836,1.0358606576919556
Monoplane,D00482_rm.obj,-38.729793548583984,49.611244201660156
Monoplane,D00319_rm.obj,-32.81951904296875,26.42918586730957
Monoplane,D00402_rm.obj,-38.75995635986328,28.6114444732666
Monoplane,D00617_rm.obj,-27.542081832885742,30.05461883544922
Monoplane,D00798_rm.obj,-59.92882537841797,21.77985191345215
Monoplane,D00688_rm.obj,-39.41172409057617,28.63521957397461
Monoplane,D00840_rm.obj,-35.331478118896484,25.37587547302246
Monoplane,D00864_rm.obj,-37.8073616027832,50.74494552612305
Monoplane,D00925_rm.obj,-37.688743591308594,41.7620964050293
Monoplane,D00963_rm.obj,-62.87981414794922,15.925768852233887
Monoplane,D00995_rm.obj,-86.9600830078125,14.876091957092285
Motorcycle,D00039_rm.obj,8.841140747070312,-3.416315793991089
Motorcycle,D00021_rm.obj,10.971242904663086,-3.0223045349121094
Motorcycle,D00054_rm.obj,-39.736061096191406,5.6487908363342285
Motorcycle,D00224_rm.obj,-3.5590598583221436,5.1760993003845215
Motorcycle,D00269_rm.obj,-3.9962499141693115,5.36362886428833
Motorcycle,D00288_rm.obj,-7.589939594268799,0.9958592653274536
Motorcycle,D00342_rm.obj,-35.79033660888672,5.264620780944824
Motorcycle,D00345_rm.obj,14.54557991027832,-8.2955904006958
Motorcycle,D00395_rm.obj,-38.35531997680664,2.3342857360839844
Motorcycle,D00396_rm.obj,-7.944691181182861,6.439061164855957
Motorcycle,D00476_rm.obj,-38.71858596801758,8.432331085205078
Motorcycle,D00521_rm.obj,-43.78185272216797,-37.39711380004883
Motorcycle,D00544_rm.obj,-38.54775619506836,6.83432149887085
Motorcycle,D00594_rm.obj,-38.225372314453125,6.277182102203369
Motorcycle,D00703_rm.obj,5.558913707733154,-0.024262242019176483
Motorcycle,D00768_rm.obj,7.506329536437988,-4.890516757965088
Motorcycle,D00858_rm.obj,-3.310497760772705,7.78161096572876
Motorcycle,D00886_rm.obj,-42.162376403808594,-31.817136764526367
Motorcycle,D00880_rm.obj,8.773112297058105,-5.04840612411499
Motorcycle,D00945_rm.obj,-2.705002546310425,0.2842850685119629
Motorcycle,m1479_rm.obj,-37.84218215942383,6.847245693206787
Motorcycle,m1481_rm.obj,5.077617645263672,-5.252793312072754
Motorcycle,m1482_rm.obj,-42.03181838989258,-31.678653717041016
Motorcycle,m1480_rm.obj,10.854461669921875,-3.033905029296875
Motorcycle,m1484_rm.obj,5.913715362548828,1.2359637022018433
Motorcycle,m1483_rm.obj,5.575701713562012,-0.010859781876206398
Mug,D00172_rm.obj,117.7020492553711,24.46562957763672
Mug,D00202_rm.obj,117.92891693115234,23.78778076171875
Mug,D00321_rm.obj,115.6629867553711,-7.35845947265625
Mug,D00341_rm.obj,107.00518035888672,17.642000198364258
Mug,D00227_rm.obj,119.19982147216797,14.858762741088867
Mug,D00372_rm.obj,123.2992172241211,-5.839158535003662
Mug,D00427_rm.obj,52.14493179321289,6.956762313842773
Mug,D00684_rm.obj,120.57247161865234,12.598402976989746
Mug,D00685_rm.obj,118.9914779663086,21.465091705322266
Mug,D00745_rm.obj,125.62210083007812,0.046095605939626694
Mug,D00705_rm.obj,103.52582550048828,36.974491119384766
Mug,D00728_rm.obj,109.279052734375,30.228357315063477
Mug,D00760_rm.obj,120.95361328125,22.32175064086914
Mug,D00747_rm.obj,102.98380279541016,23.025487899780273
Mug,D00825_rm.obj,126.91838836669922,9.610109329223633
Mug,D00770_rm.obj,125.66815948486328,2.133181095123291
Mug,D00833_rm.obj,122.1302719116211,-5.278294563293457
Mug,D00908_rm.obj,103.63005065917969,33.11427307128906
Mug,D00913_rm.obj,96.01435852050781,-16.02259063720703
Mug,D00923_rm.obj,109.6771240234375,18.621570587158203
Mug,m503_rm.obj,125.74952697753906,-0.9555571675300598
Mug,m504_rm.obj,120.3680191040039,12.467260360717773
Mug,m506_rm.obj,101.04617309570312,38.36388397216797
Mug,m507_rm.obj,116.75989532470703,21.349201202392578
Mug,m508_rm.obj,98.20848083496094,35.93862533569336
MultiSeat,D00036_rm.obj,76.92413330078125,-15.04093074798584
MultiSeat,D00046_rm.obj,123.43975830078125,-14.457487106323242
Mug,m509_rm.obj,121.76022338867188,-4.696514129638672
MultiSeat,D00053_rm.obj,43.73395919799805,-8.997634887695312
MultiSeat,D00145_rm.obj,32.770469665527344,-23.40074920654297
MultiSeat,D00146_rm.obj,54.57057571411133,-11.711954116821289
MultiSeat,D00237_rm.obj,47.48177719116211,-9.61038589477539
MultiSeat,D00245_rm.obj,56.1899299621582,-11.864662170410156
MultiSeat,D00263_rm.obj,92.32837677001953,-15.101927757263184
MultiSeat,D00273_rm.obj,26.677417755126953,-14.729633331298828
MultiSeat,D00285_rm.obj,60.549407958984375,8.882746696472168
MultiSeat,D00289_rm.obj,52.17225646972656,-20.451265335083008
MultiSeat,D00329_rm.obj,84.6020736694336,-3.92675518989563
MultiSeat,D00586_rm.obj,31.65308380126953,-23.453685760498047
MultiSeat,D00588_rm.obj,55.41437530517578,-2.727997064590454
MultiSeat,D00607_rm.obj,56.871253967285156,-7.270188808441162
MultiSeat,D00637_rm.obj,56.6856689453125,-4.282332897186279
MultiSeat,D00648_rm.obj,56.04245376586914,-11.207183837890625
MultiSeat,D00652_rm.obj,71.79129028320312,-15.695516586303711
MultiSeat,D00749_rm.obj,51.99037551879883,-17.663597106933594
MultiSeat,D00985_rm.obj,92.95618438720703,-16.703954696655273
MultiSeat,m774_rm.obj,87.18818664550781,-22.074068069458008
MultiSeat,m775_rm.obj,71.32695770263672,-17.591428756713867
MultiSeat,m776_rm.obj,-26.65460968017578,-45.86382293701172
MultiSeat,m777_rm.obj,-25.803749084472656,-46.16324996948242
MultiSeat,m778_rm.obj,102.27598571777344,-15.345067977905273
MultiSeat,m779_rm.obj,-26.46445083618164,-43.22695541381836
MultiSeat,m780_rm.obj,103.35176849365234,-16.256181716918945
MultiSeat,m781_rm.obj,70.54997253417969,-16.34912872314453
MultiSeat,m782_rm.obj,38.69331359863281,-34.372032165527344
MultiSeat,m783_rm.obj,35.83143997192383,-24.733722686767578
MultiSeat,m829_rm.obj,-27.83213233947754,-28.554471969604492
MultiSeat,m784_rm.obj,24.502710342407227,-26.98271942138672
MultiSeat,m830_rm.obj,31.076648712158203,-25.52740478515625
MultiSeat,m831_rm.obj,33.11982727050781,-22.735313415527344
MultiSeat,m833_rm.obj,55.61978530883789,-2.7370498180389404
MultiSeat,m832_rm.obj,17.100921630859375,-6.273750305175781
MultiSeat,m834_rm.obj,49.08873748779297,-12.197444915771484
MultiSeat,m835_rm.obj,49.66645050048828,-12.915534019470215
MultiSeat,m836_rm.obj,92.40341186523438,-17.249853134155273
MultiSeat,m837_rm.obj,48.26408004760742,-7.769314289093018
MultiSeat,m838_rm.obj,45.51148986816406,-10.328011512756348
MultiSeat,m839_rm.obj,84.57439422607422,-3.9068408012390137
MultiSeat,m840_rm.obj,113.50066375732422,-9.67090129852295
MultiSeat,m841_rm.obj,77.87757110595703,-19.372180938720703
MultiSeat,m843_rm.obj,43.26910400390625,-9.229942321777344
Musical_Instrument,m625_rm.obj,-98.20830535888672,-1.9162979125976562
Musical_Instrument,m626_rm.obj,-109.52747344970703,-3.395404577255249
Musical_Instrument,m629_rm.obj,-109.29423522949219,-6.3216962814331055
Musical_Instrument,m628_rm.obj,-108.32200622558594,-5.14926815032959
Musical_Instrument,m627_rm.obj,-95.13572692871094,-0.8473244309425354
Musical_Instrument,m630_rm.obj,-93.31514739990234,2.20756196975708
Musical_Instrument,m632_rm.obj,-94.78582763671875,7.12935733795166
Musical_Instrument,m631_rm.obj,-101.6180648803711,-2.2557196617126465
Musical_Instrument,m633_rm.obj,-97.64714813232422,-3.6405365467071533
Musical_Instrument,m634_rm.obj,-99.53040313720703,-0.8632388710975647
Musical_Instrument,m637_rm.obj,-109.04308319091797,-7.505984783172607
Musical_Instrument,m635_rm.obj,-96.71810150146484,8.466736793518066
Musical_Instrument,m639_rm.obj,-59.7318229675293,-2.9255011081695557
Musical_Instrument,m638_rm.obj,-91.65242767333984,2.9496078491210938
Musical_Instrument,m640_rm.obj,-15.761353492736816,-4.128961563110352
Musical_Instrument,m641_rm.obj,-61.203147888183594,-3.062960147857666
Musical_Instrument,m643_rm.obj,55.31934356689453,33.897499084472656
Musical_Instrument,m644_rm.obj,39.4599609375,42.664772033691406
Musical_Instrument,m645_rm.obj,38.86219024658203,43.5413818359375
Musical_Instrument,m647_rm.obj,11.695727348327637,14.06754207611084
Musical_Instrument,m646_rm.obj,57.409542083740234,35.44963073730469
NonWheelChair,D00037_rm.obj,84.17987823486328,17.257884979248047
NonWheelChair,D00101_rm.obj,-0.9780031442642212,23.67853546142578
NonWheelChair,D00170_rm.obj,34.120086669921875,51.738895416259766
NonWheelChair,D00185_rm.obj,52.31096267700195,45.7469367980957
NonWheelChair,D00240_rm.obj,21.67909812927246,42.39958953857422
NonWheelChair,D00306_rm.obj,55.458377838134766,43.39925765991211
NonWheelChair,D00419_rm.obj,30.329187393188477,51.68495178222656
NonWheelChair,D00357_rm.obj,42.86824417114258,65.65132904052734
NonWheelChair,D00445_rm.obj,26.359033584594727,47.780128479003906
NonWheelChair,D00443_rm.obj,20.611635208129883,44.16537094116211
NonWheelChair,D00481_rm.obj,29.36110496520996,49.30976867675781
NonWheelChair,D00480_rm.obj,27.512577056884766,53.688777923583984
NonWheelChair,D00512_rm.obj,53.643375396728516,46.0709228515625
NonWheelChair,D00694_rm.obj,83.99243927001953,17.921701431274414
NonWheelChair,D00707_rm.obj,55.78382110595703,41.216583251953125
NonWheelChair,D00853_rm.obj,39.73566436767578,46.642452239990234
NonWheelChair,D00741_rm.obj,27.51238250732422,51.117252349853516
NonWheelChair,D00914_rm.obj,42.47004318237305,67.08045196533203
NonWheelChair,D00928_rm.obj,-12.214180946350098,5.0313591957092285
NonWheelChair,D00936_rm.obj,32.99209976196289,49.36933517456055
NonWheelChair,m785_rm.obj,78.88416290283203,26.26293182373047
NonWheelChair,m786_rm.obj,102.63131713867188,-22.4549617767334
NonWheelChair,m787_rm.obj,10.657105445861816,33.152183532714844
NonWheelChair,m789_rm.obj,65.42366790771484,1.706492304801941
NonWheelChair,m788_rm.obj,13.070656776428223,35.5362663269043
NonWheelChair,m790_rm.obj,101.87454986572266,-32.941978454589844
NonWheelChair,m791_rm.obj,105.396240234375,18.378646850585938
NonWheelChair,m793_rm.obj,65.71508026123047,41.96110534667969
NonWheelChair,m794_rm.obj,38.13201141357422,46.79683303833008
NonWheelChair,m795_rm.obj,17.507308959960938,43.66499328613281
NonWheelChair,m797_rm.obj,27.43575096130371,55.62257385253906
NonWheelChair,m796_rm.obj,22.16267967224121,48.0903434753418
NonWheelChair,m798_rm.obj,36.466129302978516,48.464759826660156
NonWheelChair,m799_rm.obj,36.982975006103516,46.33352279663086
NonWheelChair,m800_rm.obj,36.9539909362793,47.52549362182617
NonWheelChair,m801_rm.obj,18.890342712402344,44.17539596557617
NonWheelChair,m804_rm.obj,33.2196159362793,45.48000717163086
NonWheelChair,m805_rm.obj,33.30924987792969,41.935752868652344
NonWheelChair,m806_rm.obj,2.210322141647339,-49.9378662109375
NonWheelChair,m807_rm.obj,29.49122428894043,47.77822494506836
NonWheelChair,m808_rm.obj,37.874717712402344,41.62605285644531
NonWheelChair,m809_rm.obj,-38.359493255615234,-22.96881103515625
NonWheelChair,m810_rm.obj,28.202428817749023,48.34304428100586
NonWheelChair,m811_rm.obj,52.774898529052734,45.16691207885742
NonWheelChair,m813_rm.obj,30.090669631958008,53.266151428222656
NonWheelChair,m812_rm.obj,32.07337188720703,53.310359954833984
NonWheelChair,m814_rm.obj,52.96287155151367,46.65859603881836
NonWheelChair,m815_rm.obj,32.826576232910156,53.86960983276367
NonWheelChair,m816_rm.obj,30.60165786743164,53.76646041870117
NonWheelChair,m817_rm.obj,54.34217834472656,47.04718780517578
NonWheelChair,m818_rm.obj,54.20405960083008,44.531898498535156
NonWheelChair,m820_rm.obj,54.77359390258789,45.05195617675781
NonWheelChair,m819_rm.obj,34.196075439453125,48.81441879272461
NonWheelChair,m821_rm.obj,27.218238830566406,48.18993377685547
NonWheelChair,m822_rm.obj,9.574028015136719,53.65095901489258
NonWheelChair,m823_rm.obj,51.080711364746094,46.04634094238281
NonWheelChair,m824_rm.obj,33.86906814575195,51.79812240600586
NonWheelChair,m826_rm.obj,31.06414031982422,49.50822830200195
NonWheelChair,m827_rm.obj,19.284849166870117,41.27748107910156
NonWheelChair,m828_rm.obj,30.7031307220459,49.936885833740234
PianoBoard,D00065_rm.obj,-28.47396469116211,-46.17099380493164
PianoBoard,D00008_rm.obj,81.82306671142578,-18.700321197509766
PianoBoard,D00075_rm.obj,108.12312316894531,-8.489714622497559
PianoBoard,D00104_rm.obj,93.3147964477539,-19.016380310058594
PianoBoard,D00122_rm.obj,98.1688461303711,-20.654008865356445
PianoBoard,D00181_rm.obj,48.48236846923828,34.1745491027832
PianoBoard,D00212_rm.obj,67.53966522216797,-18.15826416015625
PianoBoard,D00235_rm.obj,81.6833724975586,-18.70578956604004
PianoBoard,D00253_rm.obj,80.2425537109375,-15.551766395568848
PianoBoard,D00332_rm.obj,97.86682891845703,-19.72638511657715
PianoBoard,D00381_rm.obj,58.88346481323242,-20.10570526123047
PianoBoard,D00460_rm.obj,94.79612731933594,-17.235164642333984
PianoBoard,D00441_rm.obj,99.61891174316406,-23.21741485595703
PianoBoard,D00718_rm.obj,58.14593505859375,-12.372203826904297
PianoBoard,D00623_rm.obj,66.22418212890625,-17.09255599975586
PianoBoard,D00721_rm.obj,111.44625854492188,-7.590940475463867
PianoBoard,D00755_rm.obj,94.89263916015625,-18.336017608642578
PianoBoard,D00885_rm.obj,91.51311492919922,-19.909711837768555
PianoBoard,D00962_rm.obj,112.87733459472656,-10.53604793548584
PianoBoard,D00966_rm.obj,94.22772979736328,-18.86534309387207
PlantIndoors,D00073_rm.obj,2.6052584648132324,35.45235824584961
PlantIndoors,D00087_rm.obj,66.59048461914062,32.94634246826172
PlantIndoors,D00238_rm.obj,13.471930503845215,59.854183197021484
PlantIndoors,D00280_rm.obj,67.93281555175781,31.91679573059082
PlantIndoors,D00370_rm.obj,45.327274322509766,54.44145584106445
PlantIndoors,D00379_rm.obj,-74.7391128540039,47.264949798583984
PlantIndoors,D00466_rm.obj,9.11117935180664,63.37062072753906
PlantIndoors,D00609_rm.obj,53.76655578613281,53.498863220214844
PlantIndoors,D00622_rm.obj,-48.55200958251953,2.010471820831299
PlantIndoors,D00624_rm.obj,38.8272705078125,60.40617370605469
PlantIndoors,D00657_rm.obj,-46.67795944213867,-9.815285682678223
PlantIndoors,D00667_rm.obj,65.70106506347656,29.19955825805664
PlantIndoors,D00968_rm.obj,11.58144474029541,61.529808044433594
PlantIndoors,m1001_rm.obj,2.652101516723633,35.450443267822266
PlantIndoors,m1002_rm.obj,14.171693801879883,61.13115692138672
PlantIndoors,m1003_rm.obj,-74.90177917480469,47.08319091796875
PlantIndoors,m1007_rm.obj,45.055870056152344,54.69506072998047
PlantIndoors,m1006_rm.obj,-75.78019714355469,46.68996810913086
PlantIndoors,m1009_rm.obj,-91.65827178955078,21.82826042175293
PlantIndoors,m1008_rm.obj,12.873634338378906,62.412349700927734
PlantIndoors,m1010_rm.obj,-123.39454650878906,6.528101921081543
PlantIndoors,m1011_rm.obj,-71.82005310058594,39.910621643066406
PlantIndoors,m1012_rm.obj,6.174064636230469,59.04879379272461
PlantIndoors,m1013_rm.obj,13.944497108459473,62.79881286621094
PlantIndoors,m1015_rm.obj,18.03750228881836,11.863532066345215
PlantIndoors,m1016_rm.obj,3.7215323448181152,33.152854919433594
PlantIndoors,m1017_rm.obj,-48.64604187011719,2.0321686267852783
PlantIndoors,m1018_rm.obj,38.78159713745117,60.42371368408203
PlantIndoors,m1020_rm.obj,12.896244049072266,60.16545104980469
PlantIndoors,m1021_rm.obj,11.588268280029297,61.838409423828125
PlantIndoors,m1022_rm.obj,68.1059799194336,31.813928604125977
PlantIndoors,m1023_rm.obj,9.168563842773438,63.30216598510742
PlantIndoors,m1026_rm.obj,65.71238708496094,29.203046798706055
PlantIndoors,m1025_rm.obj,53.97287368774414,53.398284912109375
PlantIndoors,m1027_rm.obj,66.59581756591797,32.94879150390625
PlantIndoors,m1029_rm.obj,-20.295520782470703,57.148250579833984
PlantIndoors,m1030_rm.obj,26.74449920654297,58.71083068847656
PlantIndoors,m1031_rm.obj,50.886009216308594,61.433902740478516
PlantIndoors,m1032_rm.obj,100.56529235839844,5.4664812088012695
PlantIndoors,m1034_rm.obj,-66.38697814941406,0.08253512531518936
PlantIndoors,m1033_rm.obj,15.704164505004883,15.044130325317383
PlantIndoors,m1035_rm.obj,111.015380859375,13.103621482849121
PlantIndoors,m1036_rm.obj,-5.262347221374512,4.701737403869629
PlantIndoors,m989_rm.obj,0.2568795084953308,37.25469207763672
PlantIndoors,m990_rm.obj,12.44113826751709,63.52239227294922
PlantIndoors,m991_rm.obj,72.39926147460938,40.94910430908203
PlantIndoors,m992_rm.obj,71.21408081054688,42.9540901184082
PlantIndoors,m993_rm.obj,-72.7137680053711,-32.084877014160156
PlantIndoors,m995_rm.obj,13.980022430419922,56.941829681396484
PlantIndoors,m994_rm.obj,30.575666427612305,39.003883361816406
PlantIndoors,m996_rm.obj,14.83911418914795,15.777926445007324
PlantIndoors,m997_rm.obj,70.9265365600586,46.383094787597656
PlantIndoors,m998_rm.obj,-66.59959411621094,44.16407775878906
PlantIndoors,m999_rm.obj,70.11572265625,44.545074462890625
PlantWildNonTree,m1052_rm.obj,103.98377227783203,5.877726078033447
PlantWildNonTree,m961_rm.obj,42.24349594116211,48.562286376953125
PlantWildNonTree,m965_rm.obj,23.602188110351562,31.712566375732422
PlantWildNonTree,m966_rm.obj,43.1047477722168,54.1526985168457
PlantWildNonTree,m963_rm.obj,14.887603759765625,60.96266174316406
PlantWildNonTree,m968_rm.obj,-2.322270154953003,35.30219650268555
PlantWildNonTree,m971_rm.obj,-126.92340087890625,4.006324291229248
PlantWildNonTree,m973_rm.obj,52.189205169677734,53.572330474853516
PlantWildNonTree,m974_rm.obj,-97.41072082519531,12.139723777770996
PlantWildNonTree,m975_rm.obj,-80.89131164550781,16.879655838012695
PlantWildNonTree,m976_rm.obj,13.101662635803223,56.72933578491211
PlantWildNonTree,m977_rm.obj,-47.289127349853516,1.742138385772705
PlantWildNonTree,m978_rm.obj,-94.79315948486328,21.687515258789062
PlantWildNonTree,m979_rm.obj,-8.299582481384277,-1.1300395727157593
PlantWildNonTree,m980_rm.obj,-80.3779067993164,14.317540168762207
PlantWildNonTree,m982_rm.obj,-41.055992126464844,-29.571346282958984
PlantWildNonTree,m981_rm.obj,-57.65021514892578,-46.19639205932617
PlantWildNonTree,m983_rm.obj,42.478485107421875,59.540523529052734
PlantWildNonTree,m984_rm.obj,-64.88679504394531,45.760807037353516
PlantWildNonTree,m986_rm.obj,-63.724525451660156,46.81146240234375
PlantWildNonTree,m987_rm.obj,-64.87101745605469,45.76875305175781
PlantWildNonTree,m988_rm.obj,-123.96599578857422,6.562966823577881
Quadruped,D00111_rm.obj,41.877899169921875,21.56863021850586
Quadruped,D00218_rm.obj,25.59201431274414,-12.102889060974121
Quadruped,D00150_rm.obj,60.455589294433594,41.87661361694336
Quadruped,D00226_rm.obj,15.885866165161133,8.803156852722168
Quadruped,D00326_rm.obj,7.044600486755371,19.235389709472656
Quadruped,D00261_rm.obj,15.978358268737793,8.737531661987305
Quadruped,D00380_rm.obj,11.579139709472656,20.086496353149414
Quadruped,D00508_rm.obj,3.087280035018921,16.2901554107666
Quadruped,D00409_rm.obj,12.316230773925781,19.747894287109375
Quadruped,D00509_rm.obj,-14.000181198120117,12.179964065551758
Quadruped,D00663_rm.obj,54.98430252075195,18.59873390197754
Quadruped,D00583_rm.obj,-14.226560592651367,34.97675323486328
Quadruped,D00700_rm.obj,4.495976448059082,10.376484870910645
Quadruped,D00757_rm.obj,64.19852447509766,9.968342781066895
Quadruped,D00794_rm.obj,6.584438800811768,17.364322662353516
Quadruped,D00831_rm.obj,9.655214309692383,21.235031127929688
Quadruped,D00795_rm.obj,-2.477461814880371,2.9168527126312256
Quadruped,D00841_rm.obj,9.94676399230957,18.63292121887207
Quadruped,D00867_rm.obj,12.07665729522705,21.060701370239258
Quadruped,D00934_rm.obj,5.011648178100586,19.268112182617188
Quadruped,m100_rm.obj,42.9968147277832,23.87628173828125
Quadruped,m101_rm.obj,43.84426498413086,29.62929916381836
Quadruped,m102_rm.obj,45.073699951171875,23.452831268310547
Quadruped,m103_rm.obj,-41.15269470214844,20.914091110229492
Quadruped,m104_rm.obj,5.344908237457275,15.457624435424805
Quadruped,m105_rm.obj,5.0482892990112305,17.039838790893555
Quadruped,m106_rm.obj,-10.094099998474121,6.682478427886963
Quadruped,m107_rm.obj,7.3151116371154785,19.447290420532227
Quadruped,m108_rm.obj,4.455911159515381,17.23223304748535
Quadruped,m109_rm.obj,49.8515510559082,51.40214920043945
Quadruped,m110_rm.obj,87.16979217529297,30.972640991210938
Quadruped,m111_rm.obj,43.73517608642578,26.23004722595215
Quadruped,m273_rm.obj,-96.31797790527344,19.234100341796875
Quadruped,m112_rm.obj,93.85546112060547,35.46734619140625
Quadruped,m274_rm.obj,-5.103621959686279,43.56354904174805
Quadruped,m275_rm.obj,-81.8318862915039,9.939603805541992
Quadruped,m276_rm.obj,-97.179443359375,17.542150497436523
Quadruped,m277_rm.obj,43.061553955078125,33.97361755371094
Quadruped,m278_rm.obj,-16.57939338684082,28.9796199798584
Quadruped,m279_rm.obj,-62.08332443237305,34.04423141479492
Quadruped,m280_rm.obj,-19.178298950195312,26.824485778808594
Quadruped,m281_rm.obj,41.741607666015625,34.72587203979492
Quadruped,m282_rm.obj,61.99314498901367,45.24131774902344
Quadruped,m86_rm.obj,-9.991168022155762,9.072168350219727
Quadruped,m87_rm.obj,55.95302200317383,18.290210723876953
Quadruped,m89_rm.obj,10.61716365814209,19.89426040649414
Quadruped,m88_rm.obj,4.582815647125244,14.824007034301758
Quadruped,m90_rm.obj,63.14738845825195,8.145381927490234
Quadruped,m91_rm.obj,9.319537162780762,21.30167007446289
Quadruped,m92_rm.obj,5.305542945861816,19.296199798583984
Quadruped,m93_rm.obj,0.35305339097976685,16.833101272583008
Quadruped,m94_rm.obj,-54.01485061645508,7.250491619110107
Quadruped,m95_rm.obj,-14.145709991455078,12.47797679901123
Quadruped,m96_rm.obj,5.808232307434082,14.068805694580078
Quadruped,m98_rm.obj,7.022046089172363,13.896120071411133
Quadruped,m97_rm.obj,6.518394947052002,14.36341667175293
Quadruped,m99_rm.obj,47.38937759399414,-12.797986030578613
RectangleTable,D00134_rm.obj,67.337158203125,-25.505043029785156
RectangleTable,D00188_rm.obj,18.026601791381836,-6.0442986488342285
RectangleTable,D00187_rm.obj,66.2807388305664,-15.911097526550293
RectangleTable,D00230_rm.obj,123.35760498046875,-24.295602798461914
RectangleTable,D00243_rm.obj,51.30243682861328,-14.180791854858398
RectangleTable,D00295_rm.obj,128.66537475585938,-17.307849884033203
RectangleTable,D00317_rm.obj,71.68427276611328,17.457006454467773
RectangleTable,D00302_rm.obj,67.23870086669922,-23.971664428710938
RectangleTable,D00421_rm.obj,27.129297256469727,-21.017292022705078
RectangleTable,D00418_rm.obj,-149.00706481933594,-16.5953311920166
RectangleTable,D00505_rm.obj,65.49465942382812,-25.05844497680664
RectangleTable,D00530_rm.obj,109.40792083740234,-15.842730522155762
RectangleTable,D00523_rm.obj,85.66605377197266,-29.89094352722168
RectangleTable,D00571_rm.obj,80.61579895019531,16.925281524658203
RectangleTable,D00603_rm.obj,77.5288314819336,-16.328155517578125
RectangleTable,D00678_rm.obj,59.160892486572266,33.36867904663086
RectangleTable,D00714_rm.obj,36.25601577758789,-27.59878921508789
RectangleTable,D00766_rm.obj,72.54902648925781,16.97178840637207
RectangleTable,D00944_rm.obj,78.76036834716797,17.16733169555664
RectangleTable,D00954_rm.obj,81.66675567626953,16.505380630493164
RectangleTable,m763_rm.obj,105.33123779296875,-20.528650283813477
RectangleTable,m764_rm.obj,105.64498138427734,-13.841548919677734
RectangleTable,m870_rm.obj,72.3510513305664,-19.895235061645508
RectangleTable,m765_rm.obj,104.33979034423828,-20.53160285949707
RectangleTable,m871_rm.obj,79.5298080444336,25.576326370239258
RectangleTable,m872_rm.obj,61.982662200927734,-23.307584762573242
RectangleTable,m873_rm.obj,70.97632598876953,-23.568527221679688
RectangleTable,m875_rm.obj,0.24992986023426056,-5.029892444610596
RectangleTable,m874_rm.obj,57.16661834716797,-10.184715270996094
RectangleTable,m877_rm.obj,-26.260454177856445,1.5444471836090088
RectangleTable,m876_rm.obj,71.35456848144531,36.905696868896484
RectangleTable,m878_rm.obj,118.83097839355469,-7.2712626457214355
RectangleTable,m879_rm.obj,74.50374603271484,-15.564910888671875
RectangleTable,m881_rm.obj,65.08769226074219,-17.813188552856445
RectangleTable,m883_rm.obj,119.0904541015625,-6.933963298797607
RectangleTable,m882_rm.obj,74.42586517333984,-24.19683265686035
RectangleTable,m886_rm.obj,56.18568801879883,45.79488754272461
RectangleTable,m887_rm.obj,66.53282165527344,15.331024169921875
RectangleTable,m888_rm.obj,94.86959075927734,-23.604719161987305
RectangleTable,m889_rm.obj,95.48443603515625,0.48706236481666565
RectangleTable,m890_rm.obj,89.3548583984375,-3.206911563873291
RectangleTable,m891_rm.obj,72.9517822265625,-16.83776092529297
RectangleTable,m892_rm.obj,14.688718795776367,41.405033111572266
RectangleTable,m893_rm.obj,126.53741455078125,-24.74481773376465
RectangleTable,m894_rm.obj,70.734375,17.862674713134766
RectangleTable,m895_rm.obj,69.87214660644531,-28.533823013305664
RectangleTable,m897_rm.obj,85.8860092163086,-17.654714584350586
RectangleTable,m896_rm.obj,125.89986419677734,-22.763530731201172
RectangleTable,m901_rm.obj,128.75796508789062,-16.70949935913086
RectangleTable,m898_rm.obj,64.0299301147461,-26.461349487304688
RectangleTable,m902_rm.obj,95.08479309082031,-13.34830093383789
RectangleTable,m904_rm.obj,83.64689636230469,-2.6926889419555664
RectangleTable,m905_rm.obj,75.48400115966797,17.056962966918945
RectangleTable,m906_rm.obj,-6.272789001464844,-53.17074203491211
RectangleTable,m907_rm.obj,69.13561248779297,-21.178606033325195
RectangleTable,m908_rm.obj,64.01651763916016,-26.37935447692871
RectangleTable,m910_rm.obj,26.172460556030273,28.671836853027344
RectangleTable,m912_rm.obj,67.9179916381836,-23.523305892944336
RectangleTable,m913_rm.obj,125.99524688720703,-25.103029251098633
RectangleTable,m914_rm.obj,35.04595947265625,-26.69005584716797
RectangleTable,m915_rm.obj,70.26091003417969,-22.538818359375
RectangleTable,m917_rm.obj,71.7868881225586,-23.23296546936035
RectangleTable,m919_rm.obj,123.17357635498047,-24.345563888549805
RectangleTable,m920_rm.obj,73.94094848632812,17.15064811706543
Rocket,D00346_rm.obj,-103.50419616699219,-27.595905303955078
Rocket,D00015_rm.obj,-73.67680358886719,-41.9586067199707
Rocket,D00343_rm.obj,-103.01497650146484,-26.891803741455078
Rocket,D00354_rm.obj,22.352689743041992,4.738377571105957
Rocket,D00426_rm.obj,-79.44718170166016,-44.1154899597168
Rocket,D00433_rm.obj,-54.73839569091797,-21.856964111328125
Rocket,D00428_rm.obj,-76.5549087524414,-41.695865631103516
Rocket,D00472_rm.obj,-74.91687774658203,-45.992027282714844
Rocket,D00485_rm.obj,-122.40345764160156,-22.595247268676758
Rocket,D00528_rm.obj,-15.320821762084961,-18.090652465820312
Rocket,D00585_rm.obj,-49.914939880371094,-40.23833084106445
Rocket,D00564_rm.obj,-51.319087982177734,-44.9007568359375
Rocket,D00614_rm.obj,-121.87067413330078,-11.67821216583252
Rocket,D00697_rm.obj,-113.56613159179688,-37.11343002319336
Rocket,D00764_rm.obj,-119.15025329589844,-14.128893852233887
Rocket,D00719_rm.obj,-93.2784194946289,-30.670330047607422
Rocket,D00851_rm.obj,-76.6127700805664,-41.86897277832031
Rocket,D00942_rm.obj,-117.22657012939453,-36.665870666503906
RoundTable,D00083_rm.obj,128.1252899169922,-19.328575134277344
Rocket,D00975_rm.obj,-48.944374084472656,-43.11235046386719
RoundTable,D00094_rm.obj,111.44017028808594,-17.969087600708008
RoundTable,D00107_rm.obj,78.96054077148438,19.06123924255371
RoundTable,D00194_rm.obj,87.5683822631836,13.27602767944336
RoundTable,D00344_rm.obj,84.9035415649414,9.106253623962402
RoundTable,D00407_rm.obj,68.67201232910156,23.342323303222656
RoundTable,D00401_rm.obj,103.46422576904297,7.338979721069336
RoundTable,D00492_rm.obj,70.88361358642578,16.217676162719727
RoundTable,D00501_rm.obj,78.10620880126953,-24.752111434936523
RoundTable,D00581_rm.obj,83.66197204589844,10.70927619934082
RoundTable,D00503_rm.obj,106.30528259277344,-33.64399719238281
RoundTable,D00524_rm.obj,109.37928771972656,-16.39124870300293
RoundTable,D00646_rm.obj,87.37445831298828,7.171634197235107
RoundTable,D00649_rm.obj,86.97748565673828,8.864505767822266
RoundTable,D00702_rm.obj,74.54997253417969,46.43795394897461
RoundTable,D00909_rm.obj,127.6521224975586,-20.187637329101562
RoundTable,D00827_rm.obj,115.60038757324219,-13.217979431152344
RoundTable,D00756_rm.obj,106.38090515136719,-34.231170654296875
RoundTable,D00866_rm.obj,78.39442443847656,17.948650360107422
RoundTable,D00948_rm.obj,107.28475189208984,-21.439531326293945
RoundTable,m921_rm.obj,87.38298034667969,7.172964096069336
RoundTable,m922_rm.obj,99.82390594482422,4.5798726081848145
RoundTable,m923_rm.obj,84.91278076171875,8.972970962524414
RoundTable,m925_rm.obj,87.19760131835938,11.771240234375
RoundTable,m924_rm.obj,68.69183349609375,23.33621597290039
RoundTable,m926_rm.obj,112.78176879882812,-16.89996337890625
RoundTable,m927_rm.obj,83.88369750976562,8.161044120788574
RoundTable,m928_rm.obj,112.98275756835938,-16.672983169555664
RoundTable,m929_rm.obj,87.64424896240234,12.943511962890625
RoundTable,m931_rm.obj,127.77530670166016,-15.080589294433594
RoundTable,m930_rm.obj,105.52725982666016,-32.150360107421875
RoundTable,m932_rm.obj,74.82703399658203,47.057762145996094
RoundTable,m933_rm.obj,91.6477279663086,11.938085556030273
RoundTable,m934_rm.obj,101.81332397460938,3.982038974761963
RoundTable,m935_rm.obj,124.72184753417969,-19.566328048706055
RoundTable,m937_rm.obj,113.54582977294922,6.745237350463867
Shelf,D00057_rm.obj,75.38121032714844,-17.758419036865234
RoundTable,m938_rm.obj,103.37588500976562,-29.54357147216797
Shelf,D00074_rm.obj,79.25601959228516,-8.79456901550293
Shelf,D00129_rm.obj,87.1321029663086,-6.85567569732666
Shelf,D00198_rm.obj,84.78253173828125,-23.45746421813965
Shelf,D00171_rm.obj,55.337554931640625,-23.52432632446289
Shelf,D00242_rm.obj,99.76237487792969,-20.656442642211914
Shelf,D00352_rm.obj,74.75325012207031,-10.360057830810547
Shelf,D00468_rm.obj,73.8665771484375,33.38105773925781
Shelf,D00592_rm.obj,69.95635986328125,12.10824966430664
Shelf,D00631_rm.obj,57.75334930419922,18.689043045043945
Shelf,D00725_rm.obj,76.19769287109375,-8.62054443359375
Shelf,D00691_rm.obj,-149.97691345214844,-15.529891014099121
Shelf,D00772_rm.obj,85.12983703613281,-24.482521057128906
Shelf,D00781_rm.obj,73.91552734375,33.94899368286133
Shelf,D00818_rm.obj,84.2373275756836,-24.679485321044922
Shelf,D00887_rm.obj,44.94990158081055,-21.88241958618164
Shelf,D00917_rm.obj,40.55311584472656,17.730934143066406
Shelf,m844_rm.obj,87.1572494506836,-27.15406036376953
Shelf,D00956_rm.obj,73.78510284423828,-7.119669437408447
Shelf,m845_rm.obj,88.01885986328125,-24.922893524169922
Shelf,m846_rm.obj,41.59245681762695,-10.79458236694336
Shelf,m847_rm.obj,74.30657958984375,-7.739221572875977
Shelf,m849_rm.obj,71.18485260009766,-26.961183547973633
Shelf,m850_rm.obj,86.78490447998047,-26.621997833251953
Shelf,m852_rm.obj,77.2023696899414,-9.985119819641113
Shelf,m851_rm.obj,77.80146789550781,-10.002209663391113
Shelf,m853_rm.obj,75.60562133789062,-9.046480178833008
Shelf,m854_rm.obj,59.104103088378906,17.255823135375977
Shelf,m855_rm.obj,92.0934829711914,24.61381721496582
Shelf,m857_rm.obj,77.42667388916016,-5.349434852600098
Shelf,m856_rm.obj,99.51519775390625,-22.06887435913086
Shelf,m858_rm.obj,45.235233306884766,-23.060962677001953
Shelf,m859_rm.obj,73.45939636230469,-9.591169357299805
Shelf,m860_rm.obj,89.48989868164062,-17.16800880432129
Shelf,m861_rm.obj,84.4379653930664,-26.39190673828125
Shelf,m862_rm.obj,123.40804290771484,-19.78929901123047
Shelf,m863_rm.obj,74.4869613647461,-12.305315971374512
Shelf,m864_rm.obj,56.9292106628418,-25.106014251708984
Shelf,m865_rm.obj,88.8262710571289,-25.225770950317383
Ship,D00027_rm.obj,-137.1656494140625,-7.643026351928711
Shelf,m868_rm.obj,29.233827590942383,-12.945143699645996
Shelf,m866_rm.obj,98.86566162109375,-24.070030212402344
Ship,D00042_rm.obj,-81.91371154785156,-28.588348388671875
Ship,D00099_rm.obj,-48.89915084838867,-36.26958084106445
Ship,D00247_rm.obj,-95.34090423583984,-23.736894607543945
Ship,D00175_rm.obj,-40.99205780029297,-22.179889678955078
Ship,D00292_rm.obj,-147.78924560546875,-15.324387550354004
Ship,D00258_rm.obj,-93.96275329589844,-19.778837203979492
Ship,D00429_rm.obj,-9.572724342346191,-4.1132354736328125
Ship,D00467_rm.obj,-116.36152648925781,-22.224563598632812
Ship,D00539_rm.obj,-77.30162048339844,-36.71599578857422
Ship,D00543_rm.obj,-69.67448425292969,-25.484121322631836
Ship,D00791_rm.obj,-148.46861267089844,-17.747507095336914
Ship,D00647_rm.obj,-97.26173400878906,-23.19186019897461
Ship,D00771_rm.obj,-146.8367462158203,-12.633569717407227
Ship,D00809_rm.obj,-68.36376953125,-25.92314910888672
Ship,D00837_rm.obj,-94.59896850585938,-23.4586181640625
Ship,D00896_rm.obj,-26.91791534423828,-23.065160751342773
Ship,D00907_rm.obj,4.927311420440674,5.357490062713623
Ship,D00935_rm.obj,-115.9134292602539,-18.300525665283203
Ship,m1427_rm.obj,-113.08573913574219,-18.634687423706055
Ship,m1428_rm.obj,-112.64167785644531,-19.09050750732422
Ship,D00949_rm.obj,-92.48950958251953,-23.235883712768555
Ship,m1429_rm.obj,-114.0322265625,-19.689916610717773
Ship,m1431_rm.obj,-102.53915405273438,-26.465730667114258
Ship,m1430_rm.obj,-114.70203399658203,-19.144851684570312
Ship,m1432_rm.obj,-116.24137115478516,-20.146846771240234
Ship,m1434_rm.obj,-49.37797927856445,-18.191669464111328
Ship,m1433_rm.obj,-95.89443969726562,-24.963037490844727
Ship,m1435_rm.obj,-147.52841186523438,-14.691484451293945
Ship,m1436_rm.obj,-96.36795806884766,-23.22968864440918
Ship,m1437_rm.obj,-117.79254150390625,-20.480100631713867
Ship,m1438_rm.obj,-75.20328521728516,-40.33995819091797
Ship,m1439_rm.obj,-97.01014709472656,-24.54595947265625
Ship,m1440_rm.obj,-89.4393310546875,-23.616243362426758
Ship,m1441_rm.obj,-54.4030876159668,-14.092191696166992
Ship,m1442_rm.obj,-73.05303192138672,-45.12543869018555
Ship,m1444_rm.obj,-59.625274658203125,-27.838098526000977
Ship,m1446_rm.obj,-95.15839385986328,-22.76365089416504
Ship,m1447_rm.obj,-113.46935272216797,-27.737573623657227
Ship,m1448_rm.obj,-34.68954086303711,45.25492477416992
Ship,m1449_rm.obj,-17.328365325927734,25.952129364013672
Ship,m1450_rm.obj,-31.884159088134766,23.240049362182617
Ship,m1451_rm.obj,-48.24838638305664,32.32684326171875
Ship,m1452_rm.obj,-61.316532135009766,23.974918365478516
Ship,m1453_rm.obj,39.51106262207031,54.38340759277344
Ship,m1455_rm.obj,4.371950149536133,20.60960578918457
Ship,m1454_rm.obj,65.26241302490234,40.517024993896484
Ship,m1457_rm.obj,10.04323959350586,14.212922096252441
Ship,m1456_rm.obj,55.8477668762207,16.509479522705078
Ship,m1459_rm.obj,22.45354652404785,53.3880615234375
Ship,m1458_rm.obj,61.718345642089844,39.04602813720703
Ship,m1461_rm.obj,-73.13764190673828,21.447509765625
Ship,m1460_rm.obj,-4.624885082244873,28.34681510925293
Ship,m1462_rm.obj,20.286935806274414,49.73583221435547
Ship,m1464_rm.obj,-99.61900329589844,-22.86711311340332
Ship,m1463_rm.obj,-113.91451263427734,-25.867284774780273
Ship,m1465_rm.obj,-117.4296875,-22.22596549987793
Ship,m1466_rm.obj,-92.26338195800781,-29.18641471862793
Ship,m1467_rm.obj,-98.88321685791016,-26.042617797851562
Ship,m1468_rm.obj,-110.29707336425781,-17.871219635009766
Ship,m1469_rm.obj,-113.78618621826172,-24.963420867919922
Ship,m1470_rm.obj,-114.72767639160156,-25.311511993408203
Ship,m1471_rm.obj,8.477388381958008,6.571275234222412
Sign,m1670_rm.obj,-101.26886749267578,0.28941938281059265
Sign,m1671_rm.obj,-123.95600128173828,-30.938560485839844
Sign,m1672_rm.obj,-110.38813781738281,-37.178558349609375
Sign,m1673_rm.obj,-125.48829650878906,-32.214027404785156
Sign,m1675_rm.obj,-111.12461853027344,-0.22133828699588776
Sign,m1674_rm.obj,-57.81756591796875,18.967391967773438
Sign,m1676_rm.obj,-121.4779052734375,2.0565056800842285
Sign,m1678_rm.obj,-132.71414184570312,-15.776937484741211
Sign,m1679_rm.obj,-131.0512237548828,-15.893933296203613
Sign,m1680_rm.obj,-86.65834045410156,16.220632553100586
Sign,m1681_rm.obj,-93.81785583496094,12.644050598144531
Sign,m1682_rm.obj,67.03268432617188,-28.555519104003906
Sign,m1684_rm.obj,70.72193908691406,-31.08979034423828
Sign,m1683_rm.obj,77.12385559082031,-28.961824417114258
Sign,m1685_rm.obj,-24.625499725341797,51.427459716796875
Skyscraper,D00059_rm.obj,23.489938735961914,-23.741666793823242
Skyscraper,D00105_rm.obj,-57.931640625,-36.159217834472656
Skyscraper,D00125_rm.obj,-57.945335388183594,-36.203834533691406
Skyscraper,D00300_rm.obj,-55.88695526123047,-39.51222610473633
Skyscraper,D00532_rm.obj,23.093671798706055,-25.659530639648438
Skyscraper,D00584_rm.obj,-46.8026008605957,-43.198551177978516
Skyscraper,D00589_rm.obj,-55.470191955566406,-37.828670501708984
Skyscraper,D00641_rm.obj,-47.804420471191406,-44.878135681152344
Skyscraper,D00664_rm.obj,-42.72239685058594,-15.482669830322266
Skyscraper,D00822_rm.obj,-54.79499053955078,-39.4002685546875
Skyscraper,D00872_rm.obj,-23.345813751220703,-19.639135360717773
Skyscraper,D00998_rm.obj,-78.17912292480469,-25.50770378112793
Spoon,D00014_rm.obj,-121.2939453125,-31.691844940185547
Spoon,D00085_rm.obj,-123.77875518798828,-33.145877838134766
Spoon,D00157_rm.obj,-121.5873031616211,-26.310871124267578
Spoon,D00144_rm.obj,-123.05770111083984,-27.29652214050293
Spoon,D00196_rm.obj,-129.09799194335938,-29.21690559387207
Spoon,D00422_rm.obj,-99.7095947265625,-11.201925277709961
Spoon,D00338_rm.obj,-96.61878204345703,-6.941370964050293
Spoon,D00474_rm.obj,-127.5394058227539,-26.6395263671875
Spoon,D00497_rm.obj,-122.58543395996094,-34.15199661254883
Spoon,D00517_rm.obj,-112.676513671875,-36.75294494628906
Spoon,D00562_rm.obj,-128.47157287597656,-31.04519271850586
Spoon,D00593_rm.obj,-128.94151306152344,-30.9533634185791
Spoon,D00661_rm.obj,-123.51628112792969,-36.46839141845703
Spoon,D00669_rm.obj,7.758574962615967,39.57243728637695
Spoon,D00674_rm.obj,-65.44253540039062,-42.695369720458984
Spoon,D00683_rm.obj,-69.21292877197266,-19.807510375976562
Spoon,D00842_rm.obj,-125.4953842163086,-28.052711486816406
Spoon,D00790_rm.obj,-112.39038848876953,-26.874006271362305
Spoon,D00927_rm.obj,-121.59723663330078,-33.59185791015625
Spoon,D00964_rm.obj,-120.4218521118164,-31.978984832763672
Starship,m1353_rm.obj,-24.136987686157227,12.09414291381836
Starship,m1355_rm.obj,-24.77000617980957,11.176610946655273
Starship,m1354_rm.obj,-74.64353942871094,42.92085647583008
Starship,m1357_rm.obj,-70.0776138305664,-2.8349642753601074
Starship,m1356_rm.obj,-2.4578280448913574,-52.511810302734375
Starship,m1358_rm.obj,-26.988861083984375,9.464821815490723
Starship,m1360_rm.obj,-48.88450622558594,7.630221843719482
Starship,m1359_rm.obj,13.392481803894043,43.13789367675781
Starship,m1362_rm.obj,-0.8235781192779541,-53.331783294677734
Starship,m1361_rm.obj,-1.646427869796753,-53.41812515258789
Starship,m1364_rm.obj,-22.09421730041504,14.739809036254883
Starship,m1365_rm.obj,-0.6640454530715942,-51.913333892822266
Starship,m1366_rm.obj,-26.03278160095215,9.86156940460205
Starship,m1368_rm.obj,-70.31686401367188,-2.9429514408111572
Starship,m1369_rm.obj,-61.600955963134766,-38.503692626953125
Starship,m1371_rm.obj,-26.24825096130371,11.9534912109375
Starship,m1370_rm.obj,-25.200103759765625,11.079381942749023
Starship,m1372_rm.obj,-2.642423391342163,-53.113014221191406
Starship,m1374_rm.obj,-93.66508483886719,-5.938934803009033
Starship,m1373_rm.obj,-27.425874710083008,10.345726013183594
Starship,m1375_rm.obj,15.373690605163574,53.127254486083984
Starship,m1376_rm.obj,-86.78449249267578,-21.571550369262695
Starship,m1378_rm.obj,-24.14872169494629,25.910415649414062
Starship,m1379_rm.obj,-23.77147674560547,26.263795852661133
Starship,m1380_rm.obj,51.36435317993164,29.65642547607422
Starship,m1381_rm.obj,76.35182189941406,31.924036026000977
Starship,m1383_rm.obj,58.25461959838867,13.533592224121094
Starship,m1382_rm.obj,66.85942840576172,9.416435241699219
Starship,m1384_rm.obj,-16.117944717407227,36.34120559692383
Starship,m1385_rm.obj,52.345523834228516,29.099306106567383
SubmachineGun,D00052_rm.obj,-62.727508544921875,25.924243927001953
Starship,m1386_rm.obj,53.32144546508789,29.70050621032715
SubmachineGun,D00062_rm.obj,-89.26683807373047,-9.532320976257324
SubmachineGun,D00060_rm.obj,-115.40940856933594,-14.063151359558105
SubmachineGun,D00068_rm.obj,-102.27222442626953,-11.250773429870605
SubmachineGun,D00119_rm.obj,-114.9786148071289,-10.56398868560791
SubmachineGun,D00219_rm.obj,-96.11381530761719,-12.97956371307373
SubmachineGun,D00064_rm.obj,-100.28336334228516,-16.590850830078125
SubmachineGun,D00371_rm.obj,-96.02415466308594,-26.215221405029297
SubmachineGun,D00384_rm.obj,-126.48140716552734,-23.382007598876953
SubmachineGun,D00431_rm.obj,-91.65077209472656,14.549261093139648
SubmachineGun,D00256_rm.obj,-31.878511428833008,-39.69970703125
SubmachineGun,D00489_rm.obj,-36.294822692871094,22.900876998901367
SubmachineGun,D00459_rm.obj,-116.96382141113281,-10.078241348266602
SubmachineGun,D00537_rm.obj,-113.73577117919922,-13.223658561706543
SubmachineGun,D00733_rm.obj,-94.32870483398438,-9.656318664550781
SubmachineGun,D00878_rm.obj,-110.41275787353516,-13.493268966674805
SubmachineGun,D00893_rm.obj,-109.56631469726562,-15.340965270996094
SubmachineGun,D00960_rm.obj,-91.26587677001953,-9.564058303833008
SubmachineGun,D00970_rm.obj,-118.51933288574219,-9.922636032104492
Sword,D00066_rm.obj,-137.1304931640625,-15.413334846496582
Sword,D00071_rm.obj,-134.0469512939453,-19.28329849243164
Sword,D00133_rm.obj,-111.92485046386719,-3.0207016468048096
Sword,D00149_rm.obj,-135.37576293945312,-23.940671920776367
Sword,D00162_rm.obj,-136.073974609375,-22.777070999145508
Sword,D00177_rm.obj,-123.49971771240234,1.378098726272583
Sword,D00195_rm.obj,-131.56549072265625,-23.672428131103516
Sword,D00249_rm.obj,-139.17669677734375,-20.796817779541016
Sword,D00356_rm.obj,-133.9271697998047,-10.025842666625977
Sword,D00484_rm.obj,-137.0655059814453,-17.058683395385742
Sword,D00513_rm.obj,-138.65138244628906,-17.293498992919922
Sword,D00540_rm.obj,-137.09471130371094,-21.277572631835938
Sword,D00635_rm.obj,-121.47027587890625,-17.603500366210938
Sword,D00712_rm.obj,-135.53456115722656,-22.431821823120117
Sword,D00807_rm.obj,-144.94097900390625,-22.999929428100586
Sword,D00808_rm.obj,-136.2667236328125,-11.512784004211426
Sword,D00906_rm.obj,-136.07162475585938,-12.497852325439453
Sword,D00812_rm.obj,-138.5476531982422,-9.29775333404541
Sword,D00916_rm.obj,-145.337646484375,-21.941694259643555
Sword,D00992_rm.obj,-137.59304809570312,-10.662293434143066
Sword,m687_rm.obj,-132.99130249023438,-18.420791625976562
Sword,m688_rm.obj,-123.95113372802734,-0.40031903982162476
Sword,m689_rm.obj,-121.80705261230469,3.971306800842285
Sword,m691_rm.obj,-141.607177734375,-17.8127384185791
Sword,m690_rm.obj,-124.07504272460938,4.832038402557373
Sword,m692_rm.obj,-138.7967529296875,-9.233391761779785
Sword,m693_rm.obj,-138.34286499023438,-10.941160202026367
Sword,m694_rm.obj,-135.0904083251953,-13.831926345825195
Sword,m695_rm.obj,-121.69509887695312,-6.1215033531188965
Sword,m697_rm.obj,-144.09756469726562,-23.683412551879883
Sword,m696_rm.obj,-123.02610778808594,3.699312448501587
Sword,m698_rm.obj,-138.51748657226562,-16.897369384765625
Sword,m699_rm.obj,-134.76971435546875,-7.503100872039795
Sword,m700_rm.obj,-136.4389190673828,-20.033348083496094
Sword,m701_rm.obj,-138.21649169921875,-22.541078567504883
Sword,m702_rm.obj,-141.16836547851562,-16.04580307006836
Sword,m704_rm.obj,-144.31753540039062,-21.89349937438965
Sword,m703_rm.obj,-137.8553924560547,-24.77524757385254
Sword,m705_rm.obj,-91.09786224365234,30.788381576538086
Sword,m707_rm.obj,-143.3232879638672,-19.5803165435791
Sword,m709_rm.obj,-136.50619506835938,-17.044376373291016
Sword,m710_rm.obj,-136.61264038085938,-15.447508811950684
Sword,m711_rm.obj,-126.39153289794922,-19.060028076171875
Sword,m712_rm.obj,-144.2397918701172,-20.428417205810547
Sword,m713_rm.obj,-140.66705322265625,-22.219945907592773
Sword,m714_rm.obj,-143.6634521484375,-23.17291259765625
Sword,m715_rm.obj,-123.57596588134766,3.497828245162964
Sword,m716_rm.obj,-134.46530151367188,-27.890260696411133
Sword,m718_rm.obj,-134.32015991210938,-23.251237869262695
Sword,m717_rm.obj,-143.17691040039062,-21.96788215637207
Sword,m720_rm.obj,-133.4469451904297,-23.205881118774414
Sword,m719_rm.obj,-111.08794403076172,-20.195079803466797
Sword,m721_rm.obj,-120.98499298095703,-7.464747905731201
Tool,D01003_rm.obj,-73.57218170166016,-36.82991027832031
Tool,D01012_rm.obj,-32.638423919677734,-47.894065856933594
Tool,D01044_rm.obj,7.5580220222473145,-59.54861068725586
Tool,D01040_rm.obj,8.48366641998291,-60.74980926513672
Tool,D01069_rm.obj,8.000996589660645,-62.49521255493164
Tool,D01084_rm.obj,8.697103500366211,-57.98651885986328
Tool,D01086_rm.obj,-32.9675407409668,-48.8800163269043
Tool,D01111_rm.obj,5.663516044616699,-66.0522232055664
Tool,D01113_rm.obj,-31.289335250854492,-45.00074768066406
Tool,D01127_rm.obj,8.65061092376709,-63.83115768432617
Tool,D01131_rm.obj,8.250664710998535,-57.58381652832031
Tool,D01140_rm.obj,8.813068389892578,-59.128196716308594
Tool,D01142_rm.obj,7.932247161865234,-64.24842071533203
Tool,D01148_rm.obj,-32.477638244628906,-47.32087707519531
Tool,D01154_rm.obj,8.209397315979004,-61.367977142333984
Tool,D01156_rm.obj,6.845285415649414,-65.3105239868164
Tool,D01152_rm.obj,7.181841850280762,-66.34415435791016
Tool,D01165_rm.obj,6.6296162605285645,-66.97217559814453
Tool,D01159_rm.obj,7.18950080871582,-58.21967697143555
Tool,D01176_rm.obj,-69.42219543457031,-39.000526428222656
Tool,m1099_rm.obj,-99.02500915527344,2.313687801361084
Tool,m1101_rm.obj,-130.3625946044922,-29.36519432067871
Tool,m1100_rm.obj,-101.17464447021484,-4.15549373626709
Tool,m1102_rm.obj,-135.2129364013672,-27.432451248168945
Tool,m1103_rm.obj,-128.90553283691406,-33.6575927734375
Tool,m1104_rm.obj,-124.46090698242188,-34.50791931152344
Tool,m1105_rm.obj,-119.95884704589844,-33.65789031982422
Tool,m1107_rm.obj,-98.62129974365234,-14.329834938049316
Tool,m1108_rm.obj,-119.20287322998047,-33.83369445800781
Tool,m1110_rm.obj,-81.50545501708984,-47.288692474365234
Tool,m1109_rm.obj,-22.975196838378906,-37.553733825683594
Tool,m1111_rm.obj,-82.56597900390625,-47.784881591796875
Tool,m1112_rm.obj,-111.89794158935547,-37.583213806152344
Tool,m1113_rm.obj,-118.43700408935547,-5.255485534667969
Tool,m1115_rm.obj,-123.48743438720703,-24.530900955200195
Tool,m1117_rm.obj,-117.76899719238281,-16.812524795532227
Tool,m1116_rm.obj,-129.681640625,-22.327733993530273
Tool,m587_rm.obj,30.078899383544922,34.49436950683594
Tool,m589_rm.obj,31.251728057861328,32.85737991333008
Tool,m588_rm.obj,30.222801208496094,36.8142204284668
Tool,m590_rm.obj,-48.16474914550781,-10.451733589172363
Tool,m591_rm.obj,-26.025672912597656,-28.70505714416504
Train,D01008_rm.obj,12.951985359191895,3.9123284816741943
Train,D01016_rm.obj,-124.75407409667969,1.9179930686950684
Train,D01014_rm.obj,-121.93310546875,-14.262968063354492
Train,D01027_rm.obj,-8.621758460998535,43.71184539794922
Train,D01031_rm.obj,-46.41200256347656,-45.124114990234375
Train,D01047_rm.obj,-47.59146499633789,-42.786922454833984
Train,D01035_rm.obj,-40.91812515258789,-42.99921798706055
Train,D01059_rm.obj,-48.95447540283203,-40.403812408447266
Train,D01055_rm.obj,-75.83297729492188,-37.85889434814453
Train,D01061_rm.obj,-43.99754333496094,-38.829345703125
Train,D01064_rm.obj,26.255245208740234,-12.825060844421387
Train,D01095_rm.obj,21.007429122924805,-28.145551681518555
Train,D01089_rm.obj,-44.10847091674805,-46.41530990600586
Train,D01094_rm.obj,-75.28399658203125,-44.147640228271484
Train,D01137_rm.obj,-129.63502502441406,-25.47646713256836
Train,D01134_rm.obj,-74.77159118652344,-45.05607604980469
Train,D01147_rm.obj,-75.11788177490234,-48.027584075927734
Train,D01149_rm.obj,-121.36914825439453,-27.701696395874023
Train,m1578_rm.obj,20.24852752685547,-24.962099075317383
Train,D01163_rm.obj,32.63048553466797,2.564741373062134
Train,D01180_rm.obj,-49.07939910888672,-44.61594009399414
Train,m1580_rm.obj,-2.706084728240967,-1.460669755935669
Train,m1581_rm.obj,-44.804317474365234,-44.350830078125
Train,m1582_rm.obj,-45.357975006103516,-44.4879264831543
Train,m1583_rm.obj,56.339359283447266,24.47016716003418
Train,m1585_rm.obj,14.327814102172852,2.356872797012329
Train,m1586_rm.obj,-3.7601773738861084,-5.796683311462402
Train,m1584_rm.obj,56.19610595703125,5.576872825622559
Train,m1587_rm.obj,43.11867904663086,15.030598640441895
Tree,D00367_rm.obj,19.301776885986328,33.80009460449219
Train,m1588_rm.obj,14.411149024963379,7.235215663909912
Tree,D00456_rm.obj,-122.7794418334961,2.519702911376953
Tree,m1050_rm.obj,13.598109245300293,55.694828033447266
Tree,D00810_rm.obj,8.441075325012207,58.18656539916992
Tree,m1062_rm.obj,-34.304473876953125,35.35086441040039
Tree,m1063_rm.obj,61.76510238647461,30.981414794921875
Tree,m1064_rm.obj,38.6652717590332,49.31318664550781
Tree,m1065_rm.obj,-127.77933502197266,4.62147331237793
Tree,m1066_rm.obj,-61.33488845825195,39.97730255126953
Tree,m1067_rm.obj,-2.6051204204559326,8.954938888549805
Tree,m1068_rm.obj,72.43222045898438,41.907676696777344
Tree,m1070_rm.obj,-78.45543670654297,-0.5509390830993652
Tree,m1071_rm.obj,21.257627487182617,48.63630676269531
Tree,m1072_rm.obj,-32.936317443847656,35.84770584106445
Tree,m1075_rm.obj,8.586986541748047,33.427940368652344
Tree,m1077_rm.obj,66.93402862548828,41.13600540161133
Tree,m1078_rm.obj,-78.681640625,0.06257843971252441
Tree,m1079_rm.obj,-85.69546508789062,7.559277534484863
Tree,m1082_rm.obj,-12.86798095703125,-3.8054609298706055
Tree,m1086_rm.obj,-128.4064483642578,5.018031120300293
Tree,m1089_rm.obj,-109.27355194091797,-37.436744689941406
Tree,m1090_rm.obj,-76.40520477294922,40.87669372558594
Tree,m1093_rm.obj,18.39792823791504,33.66270446777344
Tree,m1091_rm.obj,9.836389541625977,33.42810821533203
Tree,m1092_rm.obj,39.102439880371094,63.18646240234375
Tree,m1095_rm.obj,107.77326965332031,-18.897809982299805
Tree,m1096_rm.obj,8.17081069946289,-25.146129608154297
Tree,m1097_rm.obj,-111.07875061035156,0.4160413444042206
Tree,m1098_rm.obj,-149.13018798828125,-17.90459632873535
Truck,D00003_rm.obj,-0.702296793460846,-0.14601248502731323
Truck,D00002_rm.obj,29.188255310058594,-14.037803649902344
Truck,D00029_rm.obj,-72.69503021240234,-44.02953338623047
Truck,D00010_rm.obj,38.15727233886719,-8.940805435180664
Truck,D00047_rm.obj,-42.375099182128906,-47.599544525146484
Truck,D00112_rm.obj,25.94685935974121,-28.41596221923828
Truck,D00056_rm.obj,-41.424827575683594,-47.420528411865234
Truck,D00241_rm.obj,-45.36103057861328,-46.82969665527344
Truck,D00158_rm.obj,29.10477066040039,-20.579654693603516
Truck,D00303_rm.obj,-40.45487976074219,-47.55132293701172
Truck,D00287_rm.obj,50.97486877441406,-8.27746868133545
Truck,D00331_rm.obj,-76.56752014160156,-46.26885223388672
Truck,D00424_rm.obj,-72.58494567871094,-47.2933464050293
Truck,D00406_rm.obj,60.41719436645508,-1.2029147148132324
Truck,D00518_rm.obj,-0.7093388438224792,-7.229337692260742
Truck,D00835_rm.obj,22.471954345703125,-37.212154388427734
Truck,D00804_rm.obj,0.6357113122940063,-9.295197486877441
Truck,D00926_rm.obj,-76.30913543701172,-37.51065444946289
Truck,D00947_rm.obj,38.80298614501953,19.96707534790039
Truck,D00987_rm.obj,-42.50581359863281,-42.730770111083984
Truck,m1570_rm.obj,28.52446746826172,-27.76374053955078
Truck,m1571_rm.obj,0.4987398684024811,-9.699445724487305
Truck,m1572_rm.obj,-42.66960906982422,-46.666969299316406
Truck,m1573_rm.obj,27.35320281982422,-27.824888229370117
Truck,m1574_rm.obj,37.99680709838867,19.66462516784668
Truck,m1575_rm.obj,56.453426361083984,-9.161394119262695
TruckNonContainer,D00055_rm.obj,58.85297393798828,9.296245574951172
Truck,m1576_rm.obj,-0.22418054938316345,-9.216853141784668
TruckNonContainer,D00143_rm.obj,83.06210327148438,26.66058349609375
TruckNonContainer,D00215_rm.obj,31.237607955932617,-21.114778518676758
TruckNonContainer,D00148_rm.obj,31.63448143005371,-14.756169319152832
TruckNonContainer,D00252_rm.obj,49.30727005004883,-10.880999565124512
TruckNonContainer,D00266_rm.obj,15.07780933380127,-8.76095199584961
TruckNonContainer,D00275_rm.obj,-4.88400411605835,-5.938615322113037
TruckNonContainer,D00267_rm.obj,54.461307525634766,-13.370187759399414
TruckNonContainer,D00283_rm.obj,41.28205108642578,52.10531997680664
TruckNonContainer,D00353_rm.obj,15.997947692871094,-12.595152854919434
TruckNonContainer,D00553_rm.obj,30.356271743774414,-19.410762786865234
TruckNonContainer,D00572_rm.obj,-43.318748474121094,-29.390695571899414
TruckNonContainer,D00608_rm.obj,48.985870361328125,-9.733003616333008
TruckNonContainer,D00699_rm.obj,18.60698699951172,-4.949860095977783
TruckNonContainer,D00619_rm.obj,27.975154876708984,-7.794583320617676
TruckNonContainer,D00731_rm.obj,26.54976463317871,-33.40984344482422
TruckNonContainer,D00737_rm.obj,29.2867431640625,43.76413345336914
TruckNonContainer,D00783_rm.obj,26.158052444458008,-33.60322952270508
TruckNonContainer,D00879_rm.obj,60.13295364379883,7.662987232208252
TruckNonContainer,D00943_rm.obj,14.191022872924805,-12.598981857299805
Vase,m527_rm.obj,129.81785583496094,-20.11214256286621
Vase,m528_rm.obj,30.665843963623047,1.556128978729248
Vase,m531_rm.obj,6.454492568969727,-21.42118263244629
Vase,m529_rm.obj,125.25338745117188,-8.21960735321045
Vase,m532_rm.obj,26.92606544494629,2.9396955966949463
Vase,m533_rm.obj,84.97444915771484,30.849340438842773
Vase,m534_rm.obj,104.85961151123047,16.588993072509766
Vase,m535_rm.obj,104.52044677734375,35.60587692260742
Vase,m538_rm.obj,118.60285186767578,5.61118221282959
Vase,m540_rm.obj,115.75911712646484,-11.231046676635742
Vase,m537_rm.obj,85.51788330078125,34.814796447753906
Vase,m536_rm.obj,62.51109313964844,-6.428755760192871
Vase,m541_rm.obj,130.076416015625,-7.05679988861084
Vase,m542_rm.obj,107.42093658447266,18.442392349243164
Vase,m539_rm.obj,123.88452911376953,19.488487243652344
Vase,m545_rm.obj,100.60845947265625,21.726383209228516
Vase,m543_rm.obj,130.64389038085938,-7.581367492675781
Vase,m544_rm.obj,122.85318756103516,21.649965286254883
Vase,m546_rm.obj,123.00318145751953,21.33700942993164
Vase,m547_rm.obj,124.81951904296875,-9.191283226013184
Violin,D00108_rm.obj,-92.5425796508789,-9.722918510437012
Violin,D00216_rm.obj,-78.848876953125,-18.538808822631836
Violin,D00250_rm.obj,-79.12747955322266,-20.58194923400879
Violin,D00324_rm.obj,-56.42222595214844,-7.144953727722168
Violin,D00349_rm.obj,-78.05581665039062,-19.995452880859375
Violin,D00376_rm.obj,-94.10002136230469,0.9106235504150391
Violin,D00358_rm.obj,-80.58480072021484,-17.627187728881836
Violin,D00340_rm.obj,-80.11012268066406,-18.03743553161621
Violin,D00506_rm.obj,-78.94416809082031,-17.47423553466797
Violin,D00570_rm.obj,-80.51668548583984,-20.114994049072266
Violin,D00620_rm.obj,-95.72850036621094,-0.3008466958999634
Violin,D00598_rm.obj,-123.93212127685547,-35.73332977294922
Violin,D00602_rm.obj,-86.22380065917969,-11.159002304077148
Violin,D00701_rm.obj,-100.83739471435547,-10.721898078918457
Violin,D00704_rm.obj,-81.59989166259766,-23.005084991455078
Violin,D00675_rm.obj,-79.84789276123047,11.89646053314209
Violin,D00743_rm.obj,-78.19918823242188,-46.392906188964844
Violin,D00898_rm.obj,-76.76578521728516,-19.629880905151367
Violin,D00891_rm.obj,-79.8873519897461,-19.087724685668945
Violin,D00993_rm.obj,-81.29391479492188,10.376693725585938
Wheel,m734_rm.obj,84.90662384033203,-10.33182144165039
Wheel,m733_rm.obj,64.93903350830078,7.696147441864014
Wheel,m735_rm.obj,84.95987701416016,-13.392196655273438
Wheel,m736_rm.obj,83.60093688964844,-12.813305854797363
Wheel,m740_rm.obj,117.48922729492188,-2.2392539978027344
Wheel,m738_rm.obj,105.12434387207031,-3.447896718978882
Wheel,m737_rm.obj,107.70211029052734,-3.82226824760437
Wheel,m742_rm.obj,85.55265045166016,-11.697958946228027
Wheel,m741_rm.obj,129.36520385742188,-13.018899917602539
Wheel,m743_rm.obj,84.80848693847656,-11.20361042022705
Wheel,m746_rm.obj,55.960968017578125,57.26969528198242
Wheel,m744_rm.obj,116.40471649169922,-0.018969735130667686
Wheel,m747_rm.obj,83.05036926269531,-10.288030624389648
Wheel,m745_rm.obj,119.89177703857422,-0.38935649394989014
Wheel,m748_rm.obj,67.67295837402344,8.376818656921387
Wheel,m749_rm.obj,82.94242095947266,-10.252979278564453
WheelChair,D00004_rm.obj,25.263385772705078,-36.09024429321289
WheelChair,D00070_rm.obj,29.785547256469727,44.397705078125
WheelChair,D00274_rm.obj,24.83539390563965,50.16664123535156
WheelChair,D00183_rm.obj,23.061174392700195,43.20835876464844
WheelChair,D00203_rm.obj,27.434627532958984,55.779518127441406
WheelChair,D00088_rm.obj,11.29640007019043,53.34227752685547
WheelChair,D00290_rm.obj,-0.2837201952934265,24.07972526550293
WheelChair,D00365_rm.obj,-0.21587635576725006,25.356462478637695
WheelChair,D00453_rm.obj,24.831851959228516,51.24722671508789
WheelChair,D00394_rm.obj,21.794179916381836,47.16071319580078
WheelChair,D00499_rm.obj,22.112735748291016,44.82482147216797
WheelChair,D00526_rm.obj,38.21662521362305,47.238441467285156
WheelChair,D00449_rm.obj,22.959386825561523,44.87997055053711
WheelChair,D00604_rm.obj,23.154630661010742,51.40996551513672
WheelChair,D00628_rm.obj,24.27764129638672,43.51472854614258
WheelChair,D00720_rm.obj,17.879884719848633,48.98271560668945
WheelChair,D00687_rm.obj,19.114259719848633,44.95145797729492
WheelChair,D00782_rm.obj,32.39155960083008,46.18574523925781
WheelChair,D00821_rm.obj,18.551698684692383,44.71977233886719
WheelChair,D00846_rm.obj,35.167884826660156,45.35931396484375
