####
#
# OBJ File Generated by Meshlab
#
####
# Object m1284_rm.obj
#
# Vertices: 5000
# Faces: 8906
#
####
vn -2.8314939025137971 -3.6521295438427694 -1.0817559531417176
v -0.0212743900000000 -0.0266841600000000 0.0277711000000000
vn -1.8853499243364196 -3.6085503730688062 -2.3929270934673603
v -0.0217991900000000 -0.0266888400000000 0.0284887100000000
vn -0.4585468418583242 -3.7035528451921600 -2.9975245890729294
v -0.0225709400000000 -0.0266938300000000 0.0288454500000000
vn 0.7174501037967980 -3.3571072522029097 -3.0509376294535220
v -0.0435703000000000 -0.0267966000000000 0.0264741000000000
vn 1.6610378617346577 -3.5786267208508402 -2.5934055099335396
v -0.0442129100000000 -0.0267993200000000 0.0262468400000000
vn 2.6259474581488096 -3.5768965474674412 -1.6138817210194072
v -0.0446899100000000 -0.0268004900000000 0.0257629300000000
vn 3.0657232980182294 -3.5731226144417918 -0.3799919568257316
v -0.0449080000000000 -0.0267998700000000 0.0251155200000000
vn 2.8401251528368330 -3.6003883043544529 1.1768343479204528
v -0.0448191100000000 -0.0267975700000000 0.0244413700000000
vn 1.4850793776817031 -3.6616636893630843 2.6501163845731934
v -0.0207753500000000 -0.0266097400000000 0.0013436300000000
vn -0.0780295502253216 -3.5822239368661117 3.0502729457195925
v -0.0198761800000000 -0.0266045100000000 0.0011424900000000
vn -1.3502701952118177 -3.5635463797080562 2.7457660541161784
v -0.0192837500000000 -0.0266018500000000 0.0012984100000000
vn -2.3614456210236900 -3.6105089147433875 1.9163133849750951
v -0.0188021500000000 -0.0266003800000000 0.0016758700000000
vn -2.9517426463120762 -3.7345853455702831 0.5038696199000026
v -0.0184148000000000 -0.0266005200000000 0.0024682700000000
vn -2.4018457029056206 -3.4231514829803009 -1.9715958905256223
v -0.0278349700000000 -0.0266419700000000 -0.0003045500000000
vn -0.9618404510352181 -3.6001660203257138 -2.9065817757352157
v -0.0517955500000000 -0.0268281300000000 0.0223332600000000
vn 0.6795450610329148 -3.7744463107418769 -2.9137082927049769
v -0.0526578600000000 -0.0268328300000000 0.0224160400000000
vn 2.2563079649672968 -3.6353476104729445 -2.0751605338317969
v -0.0534760700000000 -0.0268356600000000 0.0218902000000000
vn 3.0127290595474965 -3.6906558018255597 -0.4680773447445207
v -0.0538647000000000 -0.0268355300000000 0.0210998400000000
vn 1.5072112592029836 -3.7882310723293808 2.5649019531550605
v -0.0502901400000000 -0.0267457900000000 -0.0050786800000000
vn 0.0851045024174094 -3.4065061716095202 3.1032419971029173
v -0.0493648200000000 -0.0267405300000000 -0.0052415400000000
vn -0.6825410220981523 -3.3808493492644955 3.0326010715903990
v -0.0287090800000000 -0.0266394500000000 -0.0029071000000000
vn -1.6225956501838463 -3.6088296575346783 2.5749691023334940
v -0.0280664600000000 -0.0266367200000000 -0.0026798400000000
vn -2.5881594045452840 -3.6150795778305307 1.5933669693977528
v -0.0275884300000000 -0.0266355500000000 -0.0021958100000000
vn -3.0293055171986736 -3.6046063831618524 0.3605479086098581
v -0.0273713800000000 -0.0266361800000000 -0.0015485200000000
vn -2.8020705510569832 -3.6249842151822551 -1.1953257808316553
v -0.0274592200000000 -0.0266384700000000 -0.0008742500000000
vn 2.3303514918996040 -3.7410332576642440 1.8828265771882831
v -0.0121206700000000 -0.0265684100000000 0.0027004600000000
vn -0.5055668932579032 -3.5593439895174934 3.0219616959511928
v -0.0106693600000000 -0.0265594600000000 0.0021830200000000
vn -1.6137964505662907 -3.5238130299939354 2.6093850096919886
v -0.0100984400000000 -0.0265571000000000 0.0024074700000000
vn -2.4435106819798205 -3.2868856816394318 1.9251875497517810
v -0.0096642400000000 -0.0265560100000000 0.0028388800000000
vn -3.0154731846533886 -3.6039339473156797 0.4625107717743279
v 0.0084453300000000 -0.0265369000000000 0.0304611600000000
vn -2.8412958900592993 -3.6247610701678270 -1.0977908595409820
v 0.0083804900000000 -0.0265390800000000 0.0311380200000000
vn -2.1885075495566291 -3.6501976317177509 -2.1135358504249124
v 0.0080244700000000 -0.0265425100000000 0.0317205500000000
vn -1.0827873298555919 -3.5494374579203858 -2.8791712700540488
v 0.0074504800000000 -0.0265464900000000 0.0320856800000000
vn 1.0936584492183201 -3.6264142553835397 -2.8590529626511714
v -0.0141835400000000 -0.0266527800000000 0.0297919900000000
vn 2.4019638830390657 -3.5847552406446814 -1.9153781454831722
v -0.0148972100000000 -0.0266550700000000 0.0292687500000000
vn 3.0039632591106047 -3.6791734187657510 -0.4964177953148097
v -0.0152545200000000 -0.0266548300000000 0.0284993600000000
vn 0.0206010001655292 -3.3770326337094385 3.1122145024594632
v -0.0011555500000000 -0.0265046000000000 0.0002069200000000
vn -1.1170829051665945 -3.7336982530718128 2.7903943447862556
v 0.0198457400000000 -0.0264019000000000 0.0025852800000000
vn -2.5902993948909527 -3.7433858216415823 1.4743336520253423
v 0.0206721000000000 -0.0263994600000000 0.0032909700000000
vn -1.9404796893433043 -3.6167581246907963 -2.3654802142580298
v 0.0174532500000000 -0.0264885400000000 0.0299064200000000
vn -0.6017837243842888 -3.5554790739311826 -3.0222870936422215
v 0.0168994500000000 -0.0264921300000000 0.0301679200000000
vn 0.5574591560629172 -3.6149601992340150 -3.0173192539350842
v 0.0162871600000000 -0.0264953700000000 0.0301876900000000
vn 2.8295978072188408 -3.4117283888403569 -1.3357748529536053
v -0.0025894200000000 -0.0265184200000000 0.0025486200000000
vn 2.9702177005980537 -3.7954625286142845 0.1493176968901351
v -0.0028703300000000 -0.0265173900000000 0.0016294100000000
vn 2.2525362254091350 -3.6239860577892831 2.0459774442482814
v -0.0024066700000000 -0.0265123100000000 0.0006501600000000
vn 1.0425468762794288 -3.5970688936547850 2.8751988839387463
v -0.0018337200000000 -0.0265083400000000 0.0002849100000000
vn -1.7290527171250125 -1.5835752488960508 1.3802012461775173
v 0.0000433200000000 -0.0266106100000000 0.0415029300000000
vn 1.9285650202918774 -3.1615504007292325 3.0536875132576395
v 0.0223795200000000 -0.0264888700000000 0.0394540200000000
vn 0.1772984370199003 -6.1817520474729681 -0.0006983305847739
v 0.0269721600000000 -0.0263545200000000 -0.0011885000000000
vn -1.3762958274550745 -1.5732497709134621 -1.7415255167327637
v -0.0548805700000000 -0.0267323000000000 -0.0188232300000000
vn 1.3926403397824456 -1.5682836975855150 1.7329875468293605
v -0.0225355600000000 -0.0267211100000000 0.0389511300000000
vn -2.4024852766735449 3.5776994231020831 1.9283466616659726
v -0.0190779000000000 0.0264177300000000 0.0018199800000000
vn -1.3871868453352443 3.5343413736919360 2.7650421421578169
v -0.0195595000000000 0.0264162500000000 0.0014425200000000
vn -0.1842758396721388 3.5391737752365007 3.0820575893921407
v -0.0201519300000000 0.0264135900000000 0.0012866000000000
vn 0.9867484174849865 3.5047810327865969 2.9274604590418041
v -0.0207585300000000 0.0264101900000000 0.0013779700000000
vn 1.9485778038508836 3.2733176677152924 2.4441870155863885
v -0.0212791000000000 0.0264066000000000 0.0017014800000000
vn 2.8783863101538865 3.8704886888880328 0.5068779916988881
v -0.0452000800000000 0.0262192700000000 0.0248513700000000
vn 2.6243101351642903 3.6821444530549128 -1.4691432248417606
v -0.0449656600000000 0.0262176200000000 0.0259070400000000
vn 1.6965036974069301 3.5682174995548226 -2.5406160407460674
v -0.0444886600000000 0.0262187800000000 0.0263909500000000
vn 0.6060807801442327 3.2944729509128514 -3.0552517589100341
v -0.0438460500000000 0.0262215100000000 0.0266182000000000
vn -1.8364820585880286 3.5444741336817529 -2.4685954359869178
v -0.0220749400000000 0.0263292600000000 0.0286328200000000
vn -2.7625044941444998 3.5304584618036450 -1.3934603292287933
v -0.0216944000000000 0.0263324700000000 0.0281801600000000
vn -3.0621936929223348 3.3640985587326400 -0.6819494709715707
v -0.0215143700000000 0.0263349400000000 0.0276179900000000
vn -2.4616386486387913 3.4210389314281278 -1.9130557056601538
v -0.0281107200000000 0.0263761300000000 -0.0001604400000000
vn -2.9304660264043254 3.7977082532657489 -0.4947779192428888
v -0.0276307800000000 0.0263808900000000 -0.0009928200000000
vn -2.6539227266558005 3.6132541553453836 1.5161979167388080
v -0.0278641800000000 0.0263825600000000 -0.0020517000000000
vn -0.7175658308957404 3.3570651108406628 3.0510374020230637
v -0.0289848300000000 0.0263786600000000 -0.0027629900000000
vn 2.1908404078056569 3.7316282545018038 2.0422434035328894
v -0.0509494900000000 0.0262694900000000 -0.0046289100000000
vn 2.9591857684080756 3.6899092043154122 -0.4916248164022909
v -0.0541341500000000 0.0261827300000000 0.0211997100000000
vn 1.9019823390446899 3.9534156868160544 -2.1729868365763694
v -0.0536189700000000 0.0261825400000000 0.0222332600000000
vn -0.1772165200037428 3.8524960327517190 -2.9334879465719546
v -0.0524847600000000 0.0261875300000000 0.0226042100000000
vn -1.8687424020452563 3.3294397722608666 -2.4949993056723399
v -0.0515517800000000 0.0261935600000000 0.0221537400000000
vn 2.9973419598583257 3.6576684811478342 -0.4042151001791844
v -0.0155237400000000 0.0263634200000000 0.0286032800000000
vn 2.3687863592206786 3.6199985065705453 -1.8905370857247337
v -0.0151729600000000 0.0263630400000000 0.0294128600000000
vn -0.0209912592558069 3.3774574866850573 -3.1121170518112362
v 0.0064976100000000 0.0264678800000000 0.0323078900000000
vn -1.0417971773351096 3.5957682801548243 -2.8760597250321411
v 0.0071747300000000 0.0264716100000000 0.0322297900000000
vn -2.2298149061470878 3.6492586405132243 -2.0466844259610393
v 0.0077487200000000 0.0264755900000000 0.0318646600000000
vn -2.9183474524586490 3.9026520809750105 -0.3374418141013341
v 0.0082176300000000 0.0264802000000000 0.0309866900000000
vn -2.0410123187708979 3.6458394465895720 2.2761671121969451
v -0.0101153000000000 0.0264618900000000 0.0027226400000000
vn -0.6068954916276412 3.5620592629454810 3.0142479808976796
v -0.0109451100000000 0.0264586500000000 0.0023271300000000
vn 0.7008616519373827 3.5445212498333936 3.0010462946619185
v -0.0115573900000000 0.0264554100000000 0.0023469000000000
vn 1.8698480799109338 3.5943944900765614 2.4206577683281307
v -0.0121110800000000 0.0264518300000000 0.0026073500000000
vn 1.0051564677802947 3.5920232462540564 2.8948338968588576
v -0.0021094700000000 0.0265097600000000 0.0004290200000000
vn 2.1659684145596727 3.6017115270294831 2.1534695949947120
v -0.0026824200000000 0.0265057900000000 0.0007942700000000
vn 2.8698189030547954 3.5997597142575977 1.0509057558882708
v -0.0030384400000000 0.0265023600000000 0.0013767900000000
vn 2.9963036078419458 3.6295064054356412 -0.5141920006286775
v -0.0031032700000000 0.0265001800000000 0.0020536500000000
vn 2.7793828427080887 3.4355879688061250 -1.3614813860564703
v -0.0028651700000000 0.0264996800000000 0.0026927300000000
vn 0.5660318090917160 3.5988470093743921 -2.9895573808511298
v 0.0160114200000000 0.0265227300000000 0.0303317900000000
vn -1.2756114696182062 3.7302435710263384 -2.7074538709125582
v 0.0168700400000000 0.0265274000000000 0.0302581600000000
vn -2.0442232389803672 3.7721669670865365 2.1888443074919941
v 0.0200900700000000 0.0266181000000000 0.0030507500000000
vn -0.7779591608733138 3.3862521552881222 3.0281662830069873
v 0.0192244400000000 0.0266145900000000 0.0026854800000000
vn 1.3619686339512558 4.7148044808831111 1.7502552916829766
v -0.0227263500000000 0.0262994800000000 0.0383433300000000
vn 1.3762951565297490 1.5732394949404063 1.7415113644331581
v -0.0228113100000000 0.0262970000000000 0.0390952400000000
vn 0.6382889233166491 6.1874591895059421 0.0967913779037086
v 0.0266964100000000 0.0266635900000000 -0.0010443900000000
vn -0.1315536638967821 3.1548747803426163 2.8417831871288421
v 0.0221037700000000 0.0265292300000000 0.0395981300000000
vn -3.4850728558760831 3.0767186073077428 -0.3834978883028970
v -0.0581781200000000 -0.0059974400000000 0.0094564300000000
vn -3.3648491550727160 2.8934888749408794 -1.4361851186747121
v -0.0583981700000000 -0.0056607400000000 0.0113888900000000
vn -3.2568939566338329 2.3598715903968581 -2.3614987575060278
v -0.0585949800000000 -0.0046802400000000 0.0130877900000000
vn -3.1763669214556591 1.5390188954205724 -3.0499296484158371
v -0.0587453500000000 -0.0031731600000000 0.0143530900000000
vn -3.1290552383935344 0.5300452117452463 -3.4181655898327103
v -0.0588307500000000 -0.0013210300000000 0.0150284700000000
vn -3.1234637367555136 -0.5439729525248775 -3.4211068776673685
v -0.0588410000000000 0.0006511800000000 0.0150338300000000
vn -3.1602562631891864 -1.5553677667343218 -3.0583292447948311
v -0.0587749000000000 0.0025077300000000 0.0143685300000000
vn -3.2322490862617625 -2.3807650395108824 -2.3743886905060423
v -0.0586402400000000 0.0040231600000000 0.0131114500000000
vn -3.3346138147491642 -2.9204850853460695 -1.4519740053795385
v -0.0584537000000000 0.0050148700000000 0.0114179000000000
vn -3.4528994680524043 -3.1106663398380596 -0.4003153355878888
v -0.0582372200000000 0.0053643400000000 0.0094873100000000
vn -3.5719663719264698 -2.9276257567261421 0.6519769081656867
v -0.0580172900000000 0.0050276300000000 0.0075559000000000
vn -3.6794989941599603 -2.3935390196787929 1.5776206281128224
v -0.0578203700000000 0.0040471400000000 0.0058559500000000
vn -3.7615263067921605 -1.5724803998881909 2.2662406347929402
v -0.0576701100000000 0.0025400500000000 0.0045917000000000
vn -3.8077104954304049 -0.5639784066850574 2.6341963750719621
v -0.0575847200000000 0.0006879300000000 0.0039163200000000
vn -3.8132944706701384 0.5100101749101160 2.6371408157703611
v -0.0575744600000000 -0.0012842800000000 0.0039109600000000
vn -3.7776592398760274 1.5209247325614350 2.2746411790936785
v -0.0576405600000000 -0.0031408400000000 0.0045762500000000
vn -3.7041589982088907 2.3465213581050319 1.5905033671510278
v -0.0577751000000000 -0.0046562600000000 0.0058322900000000
vn -3.6022393009653140 2.8867206655137507 0.6677798179437374
v -0.0579617600000000 -0.0056479700000000 0.0075268800000000
vn -3.4849946242385745 3.0767396061597014 -0.3836381281916689
v -0.0594679000000000 0.0089260000000000 0.0202224300000000
vn -3.3648564994837860 2.8934650516909901 -1.4361496995941472
v -0.0596879500000000 0.0092627000000000 0.0221548900000000
vn -3.2572536832684378 2.3593895081685528 -2.3619675112936345
v -0.0598847500000000 0.0102432000000000 0.0238538000000000
vn -3.1754337988127137 1.5392630159907990 -3.0499615338042045
v -0.0600350100000000 0.0117502900000000 0.0251180500000000
vn -3.1295772146485921 0.5307732103185808 -3.4179757356501681
v -0.0601205200000000 0.0136024100000000 0.0257944700000000
vn -3.1593464728687386 -1.5556097355121270 -3.0583695369099217
v -0.0600645600000000 0.0174311800000000 0.0251334900000000
vn -3.2326074579453965 -2.3802595496404679 -2.3748414989178768
v -0.0599300200000000 0.0189466000000000 0.0238774500000000
vn -3.3346141973359948 -2.9204824781900620 -1.4519830488957484
v -0.0597434700000000 0.0199383100000000 0.0221839100000000
vn -3.4527868104282557 -3.1106956536680923 -0.4004512354722738
v -0.0595269900000000 0.0202877800000000 0.0202533200000000
vn -3.5723815640702563 -2.9274530575839117 0.6521527902035725
v -0.0593069400000000 0.0199510800000000 0.0183208600000000
vn -3.6788212389448400 -2.3938208169429327 1.5776412834126066
v -0.0591101400000000 0.0189705800000000 0.0166219500000000
vn -3.7618947526352118 -1.5729695006962534 2.2657889710861356
v -0.0589597600000000 0.0174635000000000 0.0153566500000000
vn -3.8077054424356280 -0.5639791534897689 2.6342189045651430
v -0.0588743700000000 0.0156113700000000 0.0146812800000000
vn -3.8132957053786010 0.5100208928447290 2.6371416978114923
v -0.0588641100000000 0.0136391700000000 0.0146759200000000
vn -3.7779810616216025 1.5214025602752548 2.2741906315207041
v -0.0589302200000000 0.0117826100000000 0.0153412100000000
vn -3.7034920465372148 2.3468193735499168 1.5905321569441320
v -0.0590648700000000 0.0102671900000000 0.0165982900000000
vn -3.6026450765400471 2.8865371056341695 0.6679482294770522
v -0.0592514200000000 0.0092754700000000 0.0182918400000000
vn -3.4850359449572106 3.0767185834898605 -0.3837798197489765
v -0.0570228000000000 0.0089975400000000 -0.0014154500000000
vn -3.3645167320680325 2.8936841614066364 -1.4359117842918678
v -0.0572427300000000 0.0093342400000000 0.0005159700000000
vn -3.2575627630727531 2.3595978868579630 -2.3616295297663474
v -0.0574396500000000 0.0103147300000000 0.0022159200000000
vn -3.1290110870229668 0.5300492111856407 -3.4181876294766544
v -0.0576753000000000 0.0136739400000000 0.0041555400000000
vn -3.1234625100567035 -0.5439720968427905 -3.4211058562235159
v -0.0576855600000000 0.0156461500000000 0.0041609100000000
vn -3.1598113791492839 -1.5548701131808664 -3.0586931252554757
v -0.0576194600000000 0.0175027100000000 0.0034956100000000
vn -3.2329192883115763 -2.3804905684123656 -2.3745085085647917
v -0.0574849200000000 0.0190181300000000 0.0022395800000000
vn -3.3342754370940710 -2.9206110289597387 -1.4517187873359776
v -0.0572982600000000 0.0200098400000000 0.0005449800000000
vn -3.4528649048284747 -3.1106704631785975 -0.4006064921899311
v -0.0570818900000000 0.0203593100000000 -0.0013845600000000
vn -3.5723805784497409 -2.9274183579644735 0.6521547109956500
v -0.0568618500000000 0.0200226100000000 -0.0033170200000000
vn -3.6788263421754084 -2.3938292388250773 1.5776486622248405
v -0.0566650400000000 0.0190421100000000 -0.0050159300000000
vn -3.7618794263017739 -1.5729713758718931 2.2657778462990583
v -0.0565146700000000 0.0175350300000000 -0.0062812200000000
vn -3.7780096872378923 1.5214163654879520 2.2741929426745937
v -0.0564851200000000 0.0118541400000000 -0.0062966700000000
vn -3.7034728604407228 2.3468136841571212 1.5905281672004976
v -0.0566197800000000 0.0103387200000000 -0.0050395800000000
vn -3.6026154876674421 2.8865382287898349 0.6679605708986112
v -0.0568063200000000 0.0093470100000000 -0.0033460400000000
vn -3.4850361744252929 3.0767136295383750 -0.3837834649746594
v -0.0568672000000000 -0.0209202600000000 -0.0014967600000000
vn -3.3645213915323549 2.8936664267154537 -1.4359182069019025
v -0.0570871300000000 -0.0205835600000000 0.0004346500000000
vn -3.2575554691633224 2.3595975926692589 -2.3616279289050510
v -0.0572840500000000 -0.0196030600000000 0.0021346000000000
vn -3.1759162877660736 1.5385245929842208 -3.0502818704691732
v -0.0574343100000000 -0.0180959800000000 0.0033988500000000
vn -3.1290490091761995 0.5300400939452526 -3.4181875293575756
v -0.0575197000000000 -0.0162438500000000 0.0040742300000000
vn -3.1234679058384884 -0.5439717022516156 -3.4211029628683916
v -0.0575299600000000 -0.0142716400000000 0.0040795900000000
vn -3.1598052947703170 -1.5548763054028933 -3.0587024870988699
v -0.0574638500000000 -0.0124150900000000 0.0034142900000000
vn -3.2329175788309064 -2.3804688095699529 -2.3745069768234579
v -0.0573293200000000 -0.0108996700000000 0.0021582600000000
vn -3.3342833550458533 -2.9206697557618462 -1.4517182833220192
v -0.0571426500000000 -0.0099079500000000 0.0004636600000000
vn -3.6788113581984478 -2.3936872012391888 1.5774820990897771
v -0.0565094400000000 -0.0108756800000000 -0.0050972500000000
vn -3.7618824733676401 -1.5729781576411030 2.2658017445542034
v -0.0563590600000000 -0.0123827700000000 -0.0063625400000000
vn -3.7780002627598748 1.5214114689341467 2.2741828696367321
v -0.0563295200000000 -0.0180636500000000 -0.0063779900000000
vn -3.7034795823074291 2.3468192057862574 1.5905370718260294
v -0.0564641700000000 -0.0195790800000000 -0.0051209000000000
vn -3.6026153682238289 2.8865360995077918 0.6679518791782936
v -0.0566507200000000 -0.0205707900000000 -0.0034273600000000
vn -3.4849622414291312 3.0767324232083402 -0.3836323113003890
v -0.0593123000000000 -0.0209917900000000 0.0201411100000000
vn -3.3648445630939579 2.8935158549914721 -1.4361653423135052
v -0.0595323400000000 -0.0206550900000000 0.0220735700000000
vn -3.2572833107734640 2.3593779864482025 -2.3619527388718300
v -0.0597291500000000 -0.0196746000000000 0.0237724800000000
vn -3.1754352033312236 1.5392686015859518 -3.0499715747316962
v -0.0598794000000000 -0.0181675100000000 0.0250367300000000
vn -3.1295819132575899 0.5307664835933982 -3.4179711890139592
v -0.0599649200000000 -0.0163153900000000 0.0257131500000000
vn -3.1239784430105306 -0.5446991642659087 -3.4209500152308654
v -0.0599751700000000 -0.0143431800000000 0.0257185100000000
vn -3.1593433143655254 -1.5556116630072396 -3.0583683304450346
v -0.0599089500000000 -0.0124866200000000 0.0250521700000000
vn -3.2326046650140086 -2.3802715133860253 -2.3748407736327013
v -0.0597744100000000 -0.0109712000000000 0.0237961300000000
vn -3.3346162688236056 -2.9204836637260216 -1.4519749104789503
v -0.0595878700000000 -0.0099794900000000 0.0221025900000000
vn -3.4527867421777803 -3.1106939665879687 -0.4004529488764431
v -0.0593713900000000 -0.0096300200000000 0.0201720000000000
vn -3.5723763715356895 -2.9274463579333867 0.6521457408943093
v -0.0591513400000000 -0.0099667200000000 0.0182395400000000
vn -3.6788263334399987 -2.3938187669996744 1.5776356349787635
v -0.0589545400000000 -0.0109472100000000 0.0165406300000000
vn -3.7618890407026786 -1.5729658336144816 2.2657864455992787
v -0.0588041600000000 -0.0124543000000000 0.0152753300000000
vn -3.8077110071178426 -0.5639814704449146 2.6342155604244555
v -0.0587187700000000 -0.0143064200000000 0.0145999600000000
vn -3.8132947618453139 0.5100100033591076 2.6371386726072368
v -0.0587085100000000 -0.0162786300000000 0.0145946000000000
vn -3.7779973456789930 1.5214178383888695 2.2741946487954983
v -0.0587746100000000 -0.0181351900000000 0.0152598900000000
vn -3.7034980696073276 2.3468241074271678 1.5905232873884629
v -0.0589092700000000 -0.0196506100000000 0.0165169700000000
vn -3.6026131581209735 2.8865355148098488 0.6679518440077989
v -0.0590958200000000 -0.0206423200000000 0.0182105200000000
vn 0.9531827325150376 3.0842842592835202 0.5532488742742315
v 0.0261820200000000 -0.0216431900000000 0.0055988200000000
vn 3.6095215716854887 2.4086995433979719 2.1480423907224981
v 0.0262817800000000 -0.0213821300000000 0.0047048200000000
vn 3.2970640270546356 0.8622169383507314 3.3059098923022674
v 0.0263411300000000 -0.0204901800000000 0.0041410100000000
vn 3.1567715081978762 -2.5685920329654053 2.1194241820917004
v 0.0262470700000000 -0.0187888300000000 0.0048996300000000
vn 3.6629423272377983 -2.9543835785090189 -0.3228273332779431
v 0.0242133900000000 -0.0098846700000000 0.0225084900000000
vn 3.8807164125822706 -2.2576036471542418 -1.5869765122898958
v 0.0241366000000000 -0.0102388700000000 0.0232033400000000
vn 4.0940802913214078 -0.7786726890650363 -2.4312491918215029
v 0.0234760200000000 -0.0196933500000000 0.0294577000000000
vn 4.0847324611699163 1.3286211600390050 -2.1809733896377099
v 0.0234914000000000 -0.0208798300000000 0.0293729700000000
vn 3.1419816619375505 -2.5457274234370026 2.1352328725886265
v 0.0235617300000000 -0.0064607900000000 0.0281262800000000
vn 3.5655588799585134 -2.9397389379080026 1.0711440492496465
v 0.0230975600000000 -0.0043400700000000 0.0321415000000000
vn 3.6930609172346291 -2.8929825378159499 -0.5270783838045007
v 0.0229953900000000 -0.0043985400000000 0.0330480600000000
vn 3.7772985417053206 -2.2326041461932169 -1.6822969921618647
v 0.0229376100000000 -0.0047181100000000 0.0335732100000000
vn 3.8546064120711363 -1.2040506783352116 -2.4045391053145266
v 0.0228998200000000 -0.0052255000000000 0.0339294900000000
vn 3.6771809668442765 -0.2927361093492384 -2.7138018063757321
v 0.0228888000000000 -0.0058321000000000 0.0340533300000000
vn 3.9822357764888205 0.8323469955375118 -2.4859489027827593
v 0.0229305600000000 -0.0137389500000000 0.0340262200000000
vn 3.8415251052923227 2.3178480373674017 -1.5515365864429014
v 0.0229918900000000 -0.0145411700000000 0.0335182800000000
vn 3.8574440843229296 2.9538386510719183 0.1764834384506802
v 0.0230899300000000 -0.0149460800000000 0.0326697100000000
vn 3.5009476728224120 2.3508651702877836 2.2929329900960416
v 0.0232189100000000 -0.0145626800000000 0.0315104800000000
vn 3.3667406330850600 0.8831991863095822 3.2742921166372798
v 0.0236532400000000 -0.0083616100000000 0.0273988600000000
vn 3.4867327831262624 -1.1048769699450016 3.1473798038610523
v 0.0236441100000000 -0.0071735300000000 0.0274282100000000
vn 3.3198822256351739 0.6569473540431561 3.3583197249294598
v 0.0235740900000000 0.0075481700000000 0.0274103500000000
vn 3.4438228264550226 -0.8093463192852486 3.2848782572876249
v 0.0235690800000000 0.0084272200000000 0.0274165300000000
vn 3.0414847564068586 -1.9805814729890030 2.7572000496218907
v 0.0230948800000000 0.0143326700000000 0.0313567100000000
vn 3.6371779187658744 -2.7863743967416474 1.4740210446891360
v 0.0230153700000000 0.0149181500000000 0.0320349000000000
vn 3.7326345634821951 -2.8868091289594191 -0.4832863536273312
v 0.0229012400000000 0.0149322300000000 0.0330441300000000
vn 3.8284529732044374 -2.3063671830188266 -1.5712791847057961
v 0.0228402100000000 0.0146209900000000 0.0335975400000000
vn 3.8210307763584437 -1.3066136214634279 -2.3683081459950790
v 0.0228002300000000 0.0141061700000000 0.0339736700000000
vn 1.0223587886628820 -0.2465709231917126 -3.0225465799367042
v 0.0227883400000000 0.0134827100000000 0.0341058300000000
vn 3.9685285064096707 0.8111983406674157 -2.4994482412879955
v 0.0228299700000000 0.0055844100000000 0.0340794300000000
vn 3.7828849829823086 2.2237663071588383 -1.7060863229619256
v 0.0228881100000000 0.0047977400000000 0.0335990800000000
vn -2.5856355580402144 2.9000741035297919 -1.2444182691450196
v 0.0229492100000000 0.0044816600000000 0.0330721900000000
vn 3.8015331686941449 2.2703637567621708 -1.6426476674600661
v 0.0240257600000000 0.0104256700000000 0.0232892300000000
vn 3.6368950019252679 2.9833303773055544 -0.3488266629838200
v 0.0241097800000000 0.0100373700000000 0.0225626400000000
vn 3.1299536582258827 2.5897023760592162 2.1334150945068688
v 0.0260502300000000 0.0190577900000000 0.0050025000000000
vn 3.2759843339943271 1.8405482206876600 2.8497131268454350
v 0.0261045800000000 0.0194919900000000 0.0045027600000000
vn 3.2210892835348406 0.6093564594031008 3.3904307166546843
v 0.0261317900000000 0.0201001100000000 0.0042356500000000
vn 3.2938926693345314 -0.8150618974278607 3.3186130280669639
v 0.0261265700000000 0.0207641300000000 0.0042531400000000
vn 3.5683091052288018 -2.2462087117328058 2.3253165953852220
v 0.0260697400000000 0.0215735600000000 0.0047209300000000
vn 0.8137974116396451 -3.1002629774073602 -0.2568666544725959
v 0.0234253300000000 0.0218334500000000 0.0281080200000000
vn 3.7094849329171149 -2.7653873902891175 -0.8823290010548634
v 0.0233549100000000 0.0216924500000000 0.0287371900000000
vn 3.8097618186831772 -2.0228801084603276 -1.8868809402767528
v 0.0232986900000000 0.0212982000000000 0.0292516800000000
vn 3.9039307888119774 -0.6901674765456617 -2.5628334005667703
v 0.0232674000000000 0.0207246900000000 0.0295534000000000
vn 3.8766744688732500 0.3824773153654878 -2.6302870434493513
v 0.0232665200000000 0.0200752300000000 0.0295892800000000
vn 3.5468631650111266 1.5511635714161220 -2.3427113128108608
v 0.0232963700000000 0.0194719300000000 0.0293513000000000
vn 1.9613974479348719 2.6517192353591645 0.3617818058233684
v 0.0235700200000000 -0.0014187600000000 0.0278346200000000
vn 3.4511859012112343 2.8758199702155598 -0.8793716288155458
v 0.0239840400000000 -0.0034644200000000 0.0242598400000000
vn 3.3114772120475511 3.1415447250807698 0.3435648747480634
v 0.0248968800000000 -0.0052028600000000 0.0162580900000000
vn 3.2411137698274679 3.0836069867863980 0.9697724065842345
v 0.0253579800000000 -0.0048241300000000 0.0121617800000000
vn 3.1736083331819231 2.9004189439293606 1.5712210430845870
v 0.0257973000000000 -0.0036218800000000 0.0082224900000000
vn 2.1675242925051763 2.8121267080561285 0.3241703116212401
v 0.0261964500000000 -0.0016482200000000 0.0046053000000000
vn 3.6265702545509297 3.0088559053289270 -0.2527733484701348
v 0.0263010400000000 -0.0020788200000000 0.0036984900000000
vn 3.4721912135906523 2.9999317008829967 1.0972909057696267
v 0.0264142300000000 -0.0020713000000000 0.0026966600000000
vn 3.3399242824290334 2.4028422589610412 2.3110391737299700
v 0.0265138100000000 -0.0016294600000000 0.0017964100000000
vn 3.2505161612009648 1.3337444168631982 3.1505887983367327
v 0.0265803600000000 -0.0008359900000000 0.0011731900000000
vn 0.2554649667739393 -0.0071380902528740 3.1120202773597607
v 0.0266003000000000 0.0001476900000000 0.0009541600000000
vn 3.2642973349732394 -1.3169592733097248 3.1433303592277664
v 0.0265701400000000 0.0011299100000000 0.0011785400000000
vn 3.6576714691017069 -2.9695245264472936 -0.2690238238186159
v 0.0262779800000000 0.0023560200000000 0.0037105500000000
vn 2.1966609398071806 -2.7911854729588290 0.3089472222887805
v 0.0261778900000000 0.0019194300000000 0.0046150000000000
vn 3.2036504779369985 -2.8755224600283307 1.5554601074811212
v 0.0257583400000000 0.0038691400000000 0.0082428500000000
vn 3.2730360361883095 -3.0549502242301982 0.9530881577154905
v 0.0253066500000000 0.0050453300000000 0.0121886100000000
vn 3.3439813892973556 -3.1087462745767933 0.3265739197692678
v 0.0248417500000000 0.0053969700000000 0.0162869000000000
vn 3.4142612537764481 -3.0344190687793708 -0.2978372032550720
v 0.0243825100000000 0.0049109300000000 0.0203714100000000
vn 3.4808678864972054 -2.8348858210899142 -0.8948811086721572
v 0.0239472700000000 0.0036056500000000 0.0242790500000000
vn 1.9888774941323926 -2.6330777523169289 0.3474238441968199
v 0.0235546500000000 0.0015363900000000 0.0278426500000000
vn 3.4934938376464548 -2.8223384366823780 1.5122595718620455
v 0.0234511300000000 0.0021691200000000 0.0287311800000000
vn 3.6598363971903174 -3.0111142441383745 0.0644625778591001
v 0.0233285400000000 0.0023107800000000 0.0298097600000000
vn 3.8102685761464765 -2.4975585101666624 -1.3041782617933990
v 0.0232153000000000 0.0019275000000000 0.0308283500000000
vn 3.9153080881506868 -1.4001709403002196 -2.2738797644115967
v 0.0231375300000000 0.0011094800000000 0.0315518900000000
vn 3.9481166689996545 0.0277016357174602 -2.6219561381736507
v 0.0231134000000000 0.0000456800000000 0.0318114900000000
vn 3.9004843852770685 1.4531998302612030 -2.2662075589253114
v 0.0231485900000000 -0.0010163800000000 0.0315461100000000
vn 3.7839780959819498 2.5442029165783770 -1.2905319233841444
v 0.0232348400000000 -0.0018295900000000 0.0308181300000000
vn 3.6283330709092776 3.0486713167582837 0.0809192252207852
v 0.0233520400000000 -0.0022061400000000 0.0297974800000000
vn 3.4639805192063737 2.8502437241716900 1.5276626864967984
v 0.0234731200000000 -0.0020573500000000 0.0287197000000000
vn -0.0223002365974118 6.0961431506921873 -0.0528881995577700
v -0.0106821600000000 -0.0164226400000000 0.0347980900000000
vn 1.9056289412823004 2.6472855694791932 -3.4643837029378624
v -0.0112487100000000 -0.0162728100000000 0.0347345600000000
vn 2.9286103728075661 1.4553495970274444 -3.3522464347443588
v -0.0116628900000000 -0.0158601800000000 0.0346891300000000
vn 3.4265429246616756 0.0267828397121847 -3.3023152896664829
v -0.0118174800000000 -0.0152926300000000 0.0346735300000000
vn 2.9128790559211724 -1.4603332898903665 -3.3624014604810584
v -0.0116688000000000 -0.0147235800000000 0.0346922100000000
vn 1.8472939873174328 -2.5203762487371750 -3.4893250870706698
v -0.0112589400000000 -0.0143058700000000 0.0347399100000000
vn 0.2372385231613777 -6.0897096216668372 -1.8882336253490890
v -0.0106939800000000 -0.0141505000000000 0.0348042700000000
vn -1.0840298343154962 -2.6228612125900646 -3.8187100896469559
v -0.0101295200000000 -0.0143003400000000 0.0348675500000000
vn -2.1918286192043510 -1.5188005120126944 -3.9406958584680081
v -0.0097142900000000 -0.0147140200000000 0.0349131100000000
vn -2.4847242582834022 0.0299353163622190 -3.9702806972709803
v -0.0095597000000000 -0.0152815800000000 0.0349287000000000
vn -2.0871863789253808 1.4872334034142587 -3.9202028611781947
v -0.0097083800000000 -0.0158506200000000 0.0349100200000000
vn -1.1101210521826304 2.6336155497333116 -3.8030213007659217
v -0.0101192900000000 -0.0162672900000000 0.0348622100000000
vn 0.1813673456245100 6.1020646578647897 -1.8537284506154181
v -0.0108397300000000 0.0138729700000000 0.0348804400000000
vn 1.9072055832805379 2.6459466540607650 -3.4654752276688257
v -0.0114062800000000 0.0140228000000000 0.0348169100000000
vn 3.0159149669300378 1.5414570724154928 -3.3408419493410002
v -0.0118204700000000 0.0144364800000000 0.0347714700000000
vn 3.3080751496889027 -0.0058661160527828 -3.3158163690480622
v -0.0119750600000000 0.0150040400000000 0.0347558800000000
vn 2.9113541956771827 -1.4613925913897416 -3.3638574617971471
v -0.0118263800000000 0.0155730800000000 0.0347745600000000
vn 1.9329625576584066 -2.6085580598039613 -3.4786591693617885
v -0.0114165100000000 0.0159897400000000 0.0348222600000000
vn 0.0338773056316624 -6.0956895245838778 -0.0868486806259487
v -0.0108515500000000 0.0161451100000000 0.0348866100000000
vn -1.0827843875635392 -2.6243045020165265 -3.8172958565530060
v -0.0102870900000000 0.0159952700000000 0.0349499000000000
vn -2.1902004168825502 -1.5201965358279985 -3.9417940649562304
v -0.0098718600000000 0.0155826400000000 0.0349954600000000
vn -2.6032145511676208 -0.0027109684019273 -3.9837837218763532
v -0.0097172700000000 0.0150150900000000 0.0350110500000000
vn -2.0887713137739299 1.4858418854218498 -3.9191306657591962
v -0.0098659500000000 0.0144460400000000 0.0349923700000000
vn -1.1113355351468193 2.6321784978474212 -3.8044301683089712
v -0.0102768600000000 0.0140283200000000 0.0349445500000000
vn -3.0023114945679490 3.6650986312517793 0.5024289807248888
v -0.0184225800000000 -0.0256545200000000 0.0024854400000000
vn -2.4023809622765917 3.5776551815491366 1.9285305588549668
v -0.0188070700000000 -0.0256542600000000 0.0016784400000000
vn -1.3871709399590424 3.5343416299021944 2.7649990473141504
v -0.0192886700000000 -0.0256557400000000 0.0013009800000000
vn -0.1842713606468706 3.5391738502120713 3.0820387564062779
v -0.0198811000000000 -0.0256584000000000 0.0011450600000000
vn 0.9867474721851870 3.5047812841285215 2.9274540516193417
v -0.0204877000000000 -0.0256618000000000 0.0012364300000000
vn 1.9485762438020888 3.2733182262567024 2.4441839115337460
v -0.0210082700000000 -0.0256653900000000 0.0015599400000000
vn 2.8917672330300461 3.8249047934192424 0.5107142601413885
v -0.0449292500000000 -0.0258527300000000 0.0247098300000000
vn 2.6166705960769945 3.6464178342080356 -1.4977453513199877
v -0.0446948300000000 -0.0258543800000000 0.0257655000000000
vn 1.6236597076604944 3.6097836632415063 -2.5737924229901630
v -0.0442178400000000 -0.0258532100000000 0.0262494100000000
vn 0.6824146918044471 3.3809105792450116 -3.0326266915357722
v -0.0435752200000000 -0.0258504900000000 0.0264766700000000
vn -0.9670333606758538 3.5105136930016059 -2.9268971497256908
v -0.0223302700000000 -0.0257462000000000 0.0287612000000000
vn -1.9110071017285575 3.5669102722752339 -2.4120428788981236
v -0.0218041100000000 -0.0257427300000000 0.0284912800000000
vn -2.6941379746408378 3.4816923293102304 -1.5368324904030011
v -0.0214235700000000 -0.0257395200000000 0.0280386200000000
vn -3.0896910021002695 3.2530024135670197 -0.5886244644306678
v -0.0212435500000000 -0.0257370600000000 0.0274764500000000
vn -2.9304478038352331 3.7977053042430344 -0.4948006736718562
v -0.0273599500000000 -0.0256911000000000 -0.0011343600000000
vn -2.6539266730119611 3.6132637333798305 1.5162147375066155
v -0.0275933500000000 -0.0256894400000000 -0.0021932400000000
vn -1.6599544892500779 3.5776822243007378 2.5944643110383470
v -0.0280713900000000 -0.0256906100000000 -0.0026772700000000
vn -0.7175320934095979 3.3569767696465136 3.0508450411966059
v -0.0287140000000000 -0.0256933300000000 -0.0029045200000000
vn 0.0162302692560690 3.3800110754511086 3.1267229932355241
v -0.0493697400000000 -0.0257944200000000 -0.0052389700000000
vn 1.2825011907717727 3.7797790171406298 2.6896461246919117
v -0.0501954700000000 -0.0257990200000000 -0.0051274600000000
vn 2.6804711701160939 3.8136363062427607 1.2664598629128037
v -0.0509993500000000 -0.0258054800000000 -0.0043024800000000
vn 3.1060373391108351 3.3035727637232291 0.0510087358451632
v -0.0538309900000000 -0.0258882500000000 0.0207443200000000
vn 2.5918881896803061 3.7442982073458384 -1.4406518282968346
v -0.0537064300000000 -0.0258899200000000 0.0215976600000000
vn 0.9020645264316868 3.8206678217488297 -2.7938288000084452
v -0.0527753100000000 -0.0258872300000000 0.0223889000000000
vn -0.9653038006223272 3.6158314590223943 -2.8897757128925354
v -0.0518004700000000 -0.0258820100000000 0.0223358300000000
vn -1.9309633982395549 3.3419508383980392 -2.4619224940263722
v -0.0512809500000000 -0.0258784300000000 0.0220122000000000
vn 3.0236897643484322 3.3987360073952591 0.7096855700078485
v -0.0124367800000000 -0.0256261000000000 0.0035083500000000
vn 2.9765675077693756 3.6812852571937054 -0.4537784455548514
v -0.0152572700000000 -0.0257086900000000 0.0284864600000000
vn 2.4213924823861088 3.5976789334211894 -1.8456789791391268
v -0.0149021300000000 -0.0257089500000000 0.0292713200000000
vn 1.5284575962565978 3.5080548363560315 -2.6658663674597087
v -0.0144505100000000 -0.0257076400000000 0.0296517500000000
vn 0.5795464278904413 3.2812982186949973 -3.0641938165939875
v -0.0138873000000000 -0.0257052000000000 0.0298319100000000
vn -2.1849270117419821 3.6766152907021343 -2.0911113851194219
v 0.0080195500000000 -0.0255964000000000 0.0317231200000000
vn -2.9464049072764062 3.7963448280762968 -0.3964055552622389
v 0.0084705900000000 -0.0255917500000000 0.0308749300000000
vn -2.8305787191076419 3.3855884585679328 1.3291578388402181
v 0.0082023100000000 -0.0255902900000000 0.0298246500000000
vn -0.6069020526404789 3.5620631317615441 3.0142330190993039
v -0.0106742800000000 -0.0256133400000000 0.0021855900000000
vn 0.7008566143390937 3.5445423684587158 3.0010389303051253
v -0.0112865600000000 -0.0256165800000000 0.0022053600000000
vn 1.7832257233858959 3.5374773455952453 2.5128473428782017
v -0.0118402500000000 -0.0256201700000000 0.0024658100000000
vn 2.7017323746920554 3.5715206137633326 1.4449886007790045
v -0.0122470700000000 -0.0256235400000000 0.0029260900000000
vn -0.0144221176178969 3.3601069371902144 3.1305177435052367
v -0.0011604700000000 -0.0255584900000000 0.0002094900000000
vn 1.0051624765676461 3.5920438533836418 2.8948291434627356
v -0.0018386400000000 -0.0255622300000000 0.0002874800000000
vn 2.1659439025734399 3.6017339812373583 2.1534814655555925
v -0.0024115900000000 -0.0255662000000000 0.0006527300000000
vn 2.8698305580904631 3.5997650626379389 1.0509381034351695
v -0.0027676100000000 -0.0255696400000000 0.0012352500000000
vn 2.9962705306493307 3.6295671458901415 -0.5142217767306030
v -0.0028324500000000 -0.0255718100000000 0.0019121200000000
vn 0.5002468016464185 3.6575196587582317 -2.9834397943846094
v 0.0162822400000000 -0.0255492600000000 0.0301902600000000
vn -1.2347836563640613 3.7751029271815097 -2.6975683327763571
v 0.0171408700000000 -0.0255445900000000 0.0301166200000000
vn -2.7493546704506961 3.7430694200183505 -1.2134751641720123
v 0.0180022400000000 -0.0255377000000000 0.0292273600000000
vn -3.0029019967583714 3.7044541272053197 0.4915879822598898
v 0.0208650000000000 -0.0254538700000000 0.0038740900000000
vn -2.0487308845002152 3.7091964552547845 2.2225650288932250
v 0.0203609000000000 -0.0254538900000000 0.0029092200000000
vn 3.4528651272191029 3.1106520482046869 0.4006047472050234
v -0.0572379900000000 -0.0059928400000000 0.0095626800000000
vn 3.3342644153487608 2.9206727410094615 1.4517101204653864
v -0.0570216300000000 -0.0056433700000000 0.0076331400000000
vn 3.2329191799257950 2.3804814274356225 2.3745139884033479
v -0.0568349700000000 -0.0046516600000000 0.0059385400000000
vn 3.1597653672958912 1.5548755899398268 3.0586946003533200
v -0.0567004300000000 -0.0031362300000000 0.0046825100000000
vn 3.2575611082889950 -2.3595941164655314 2.3616249427222216
v -0.0568802300000000 0.0040517400000000 0.0059622000000000
vn 3.3645485826075121 -2.8936721339043179 1.4359152743271844
v -0.0570771500000000 0.0050322400000000 0.0076621500000000
vn 3.6026102025726798 -2.8865345465947949 -0.6679493212570046
v -0.0575135600000000 0.0050194700000000 0.0115241500000000
vn 3.7034806986492699 -2.3468185888749011 -1.5905249221081397
v -0.0577001100000000 0.0040277600000000 0.0132177000000000
vn 3.7779738729281318 -1.5214159194871120 -2.2742039456952234
v -0.0578347700000000 0.0025123300000000 0.0144747800000000
vn 3.8133008884283641 -0.5100212371269951 -2.6371349267163811
v -0.0579008700000000 0.0006557800000000 0.0151400800000000
vn 3.8077121518539281 0.5639894493590480 -2.6342111474009151
v -0.0578906100000000 -0.0013164300000000 0.0151347200000000
vn 3.7618700764836110 1.5729715428213882 -2.2657938087397507
v -0.0578052200000000 -0.0031685500000000 0.0144593400000000
vn 3.6788176908087404 2.3938200538343750 -1.5776466121510924
v -0.0576548400000000 -0.0046756400000000 0.0131940400000000
vn 3.5723840738525285 2.9274413102975041 -0.6521543190875354
v -0.0574580400000000 -0.0056561400000000 0.0114951400000000
vn 3.4527550421977868 3.1107144137599967 0.4004373865055781
v -0.0585277700000000 0.0089306100000000 0.0203286800000000
vn 3.2322187547379455 2.3807520551857042 2.3743765838966966
v -0.0581247400000000 0.0102717900000000 0.0167045500000000
vn 3.1602640204518329 1.5553731541397025 3.0583401965590702
v -0.0579900900000000 0.0117872100000000 0.0154474600000000
vn 3.1234582660102590 0.5439578214842271 3.4211036548706728
v -0.0579239800000000 0.0136437700000000 0.0147821700000000
vn 3.2568937326206662 -2.3598950664095826 2.3615003596151660
v -0.0581700100000000 0.0189751800000000 0.0167282000000000
vn 3.3648479229218102 -2.8934810283817827 1.4361756695272401
v -0.0583668100000000 0.0199556800000000 0.0184271100000000
vn 3.4849622954087041 -3.0767430670570688 0.3836331594400765
v -0.0585868600000000 0.0202923800000000 0.0203595700000000
vn 3.6026155362738992 -2.8865377432511137 -0.6679584669512474
v -0.0588033400000000 0.0199429100000000 0.0222901600000000
vn 3.7039217933816642 -2.3463162425018584 -1.5908924341168682
v -0.0589898800000000 0.0189512000000000 0.0239837000000000
vn 3.7770913554293322 -1.5216664691563808 -2.2744417887546082
v -0.0591244200000000 0.0174357800000000 0.0252397400000000
vn 3.8137641719280801 -0.5107571466528572 -2.6368110102742510
v -0.0591906400000000 0.0155792200000000 0.0259060800000000
vn 3.8081920000390310 0.5647135962893269 -2.6340273124008706
v -0.0591803900000000 0.0136070100000000 0.0259007200000000
vn 3.7609985814813287 1.5732121338522833 -2.2660328645061569
v -0.0590948800000000 0.0117548900000000 0.0252243000000000
vn 3.6792798694488162 2.3933363771641023 -1.5780042601092907
v -0.0589446200000000 0.0102478000000000 0.0239600500000000
vn 3.4528921554570968 3.1106777244843595 0.4003177095280356
v -0.0560826700000000 0.0090021400000000 -0.0013091900000000
vn 3.3346116353021613 2.9205127388437990 1.4520023853139379
v -0.0558661900000000 0.0093516100000000 -0.0032397900000000
vn 3.2322713256149851 2.3805885097128763 2.3741743809487628
v -0.0556796400000000 0.0103433200000000 -0.0049333300000000
vn 3.1602360981912230 1.5553759955951476 3.0583275381845105
v -0.0555449900000000 0.0118587400000000 -0.0061904100000000
vn 3.1234634494823301 0.5439513680394849 3.4210888653186777
v -0.0554788800000000 0.0137153000000000 -0.0068557100000000
vn 3.1290490308233014 -0.5300390876964002 3.4181887071835231
v -0.0554891400000000 0.0156875100000000 -0.0068503500000000
vn 3.2568975371244759 -2.3598826855497772 2.3615038915698214
v -0.0557249100000000 0.0190467100000000 -0.0049096800000000
vn 3.3648488322451966 -2.8934854176189213 1.4361754041822401
v -0.0559217100000000 0.0200272100000000 -0.0032107700000000
vn 3.4850730368858107 -3.0767134459732981 0.3834972039381938
v -0.0561417600000000 0.0203639100000000 -0.0012783100000000
vn 3.7776086308368200 -1.5209129880557695 -2.2746468246895706
v -0.0566793200000000 0.0175073100000000 0.0036018600000000
vn 3.8132996452597179 -0.5100265559614232 -2.6371386576273057
v -0.0567454300000000 0.0156507500000000 0.0042671600000000
vn 3.8077420069217962 0.5639911179104193 -2.6342051893710452
v -0.0567351700000000 0.0136785400000000 0.0042618000000000
vn 3.5719978897365898 2.9276288612376922 -0.6519692113968404
v -0.0563026000000000 0.0093388400000000 0.0006222200000000
vn 3.4528933260899626 3.1106636900034954 0.4003185213355369
v -0.0559270600000000 -0.0209156600000000 -0.0013905100000000
vn 3.3346157769907157 2.9205186763273452 1.4519727849878883
v -0.0557105900000000 -0.0205661900000000 -0.0033211100000000
vn 3.2322464245333413 2.3807446789462441 2.3743933065016058
v -0.0555240400000000 -0.0195744800000000 -0.0050146500000000
vn 3.1602347985544439 1.5553715275142803 3.0583254662623705
v -0.0553893800000000 -0.0180590500000000 -0.0062717300000000
vn 3.1234599682152240 0.5439711041760189 3.4211058279084106
v -0.0553232800000000 -0.0162025000000000 -0.0069370300000000
vn 3.1290473192249331 -0.5300379318136355 3.4181990745501496
v -0.0553335400000000 -0.0142302900000000 -0.0069316700000000
vn 3.1763463842380579 -1.5390105964866510 3.0499177074942780
v -0.0554189300000000 -0.0123781700000000 -0.0062562900000000
vn 3.2568995272878372 -2.3598768833965433 2.3615116843911026
v -0.0555693100000000 -0.0108710800000000 -0.0049910000000000
vn 3.3648812921170936 -2.8934913706637131 1.4361626997943135
v -0.0557661100000000 -0.0098905800000000 -0.0032920900000000
vn 3.4850669872102755 -3.0767180517543928 0.3835029042411534
v -0.0559861600000000 -0.0095538900000000 -0.0013596300000000
vn 3.6022356779446452 -2.8867178468783825 -0.6677736197562714
v -0.0562025200000000 -0.0099033500000000 0.0005699100000000
vn 3.8132962234867400 -0.5100247625778397 -2.6371265148608405
v -0.0565898200000000 -0.0142670400000000 0.0041858400000000
vn 3.8077168434526278 0.5639907622901447 -2.6342204827509086
v -0.0565795700000000 -0.0162392500000000 0.0041804800000000
vn 3.7615083224259811 1.5724651391987310 -2.2662408536998777
v -0.0564941700000000 -0.0180913700000000 0.0035051000000000
vn 3.6794992276323462 2.3935763284674767 -1.5776316785647881
v -0.0563439200000000 -0.0195984600000000 0.0022408500000000
vn 3.4527867318763543 3.1106965858116480 0.4004540098728392
v -0.0583721600000000 -0.0209871900000000 0.0202473600000000
vn 3.2322247401652389 2.3807800976750291 2.3743834929015346
v -0.0579691400000000 -0.0196460100000000 0.0166232300000000
vn 3.1234571546200183 0.5439683989138570 3.4211092212809810
v -0.0577683800000000 -0.0162740300000000 0.0147008500000000
vn 3.1290432644256891 -0.5300337312972799 3.4181926735586710
v -0.0577786400000000 -0.0143018200000000 0.0147062100000000
vn 3.1763535535007756 -1.5390214576702108 3.0499273648872141
v -0.0578640300000000 -0.0124497000000000 0.0153815800000000
vn 3.2569047352913754 -2.3598655843525949 2.3614924852766794
v -0.0580144000000000 -0.0109426100000000 0.0166468800000000
vn 3.3648438388565820 -2.8934934621768553 1.4361730011521203
v -0.0582112100000000 -0.0099621200000000 0.0183457900000000
vn 3.4849655267538209 -3.0768037672225073 0.3836083015128433
v -0.0584312600000000 -0.0096254200000000 0.0202782500000000
vn 3.7039235521763634 -2.3463224504294513 -1.5908879177140842
v -0.0588342800000000 -0.0109666000000000 0.0239023800000000
vn 3.7770964277739507 -1.5216706453589808 -2.2744574194603029
v -0.0589688200000000 -0.0124820200000000 0.0251584200000000
vn 3.8081720010417262 0.5647276666494007 -2.6338784885875901
v -0.0590247800000000 -0.0163107900000000 0.0258194000000000
vn 3.7610005949382388 1.5732163385276501 -2.2660260992833443
v -0.0589392700000000 -0.0181629100000000 0.0251429800000000
vn 3.6792535739594330 2.3933300035537886 -1.5780156513024153
v -0.0587890100000000 -0.0196699900000000 0.0238787300000000
vn 3.5723767182146102 2.9274470432025925 -0.6521483629334706
v -0.0585922100000000 -0.0206504900000000 0.0221798200000000
vn -3.0121570379008658 -3.4048949915146576 -0.7418799773377666
v -0.0215094500000000 0.0253888200000000 0.0276154200000000
vn -2.3316881532784621 -3.7348274445430407 -1.8689657299773736
v -0.0218062200000000 0.0253851500000000 0.0283989900000000
vn -0.9720361995931914 -3.5224158068024689 -2.9184963537343980
v -0.0225961800000000 0.0253796800000000 0.0289001700000000
vn 0.1205940402460079 -3.2612088493326090 -3.1365879677918782
v -0.0231843400000000 0.0253764800000000 0.0289502000000000
vn 2.5994594601735614 -3.6619910447771886 -1.5762290516744464
v -0.0449607300000000 0.0252715000000000 0.0259044600000000
vn 2.9494537323118495 -3.8427292721451831 0.2440331926705023
v -0.0452120500000000 0.0252727100000000 0.0249793800000000
vn 1.4850671595663461 -3.6616639595495446 2.6501757157778063
v -0.0210461800000000 0.0254622600000000 0.0014851700000000
vn -0.0780345215302177 -3.5822241326826489 3.0502728194165605
v -0.0201470100000000 0.0254674800000000 0.0012840300000000
vn -2.3614472631713159 -3.6104991973568068 1.9164024615234549
v -0.0190729800000000 0.0254716200000000 0.0018174100000000
vn -2.9517918085462087 -3.7336073503381439 0.5046612381337259
v -0.0186856200000000 0.0254714800000000 0.0026098100000000
vn -1.4570554339415982 -3.7018412300556709 -2.6650177693829846
v -0.0517760800000000 0.0252456700000000 0.0223660600000000
vn 0.2622645463758480 -3.5980187923933729 -3.0429039355120953
v -0.0526740300000000 0.0252404600000000 0.0225660400000000
vn 1.7788618295956748 -3.7936704586974432 -2.3838502153845171
v -0.0534937100000000 0.0252369100000000 0.0223025700000000
vn 2.8204105587413792 -3.7096180126399902 1.1248360239144595
v -0.0512689600000000 0.0253202100000000 -0.0041070200000000
vn 1.5049236491129798 -3.7257286188023304 2.5989063394488183
v -0.0505609600000000 0.0253262100000000 -0.0049371400000000
vn -0.6824662908427634 -3.3808711713972195 3.0326229315047950
v -0.0289799100000000 0.0254325500000000 -0.0027655600000000
vn -1.6226037750522500 -3.6088058343932028 2.5748660539703474
v -0.0283372900000000 0.0254352700000000 -0.0025383000000000
vn -2.5881640056146131 -3.6150722754388767 1.5933624010448488
v -0.0278592600000000 0.0254364400000000 -0.0020542700000000
vn -3.0293039834129791 -3.6046065490700903 0.3605469260046676
v -0.0276422100000000 0.0254358100000000 -0.0014069800000000
vn -2.8020775914861717 -3.6249570359137180 -1.1953113894708836
v -0.0277300500000000 0.0254335200000000 -0.0007327200000000
vn 2.8153799213957651 -3.6724264692885717 1.1380563011044516
v -0.0126606700000000 0.0255009900000000 0.0033025400000000
vn 1.9123257930329012 -3.5901634321736013 2.3947738401336256
v -0.0121061600000000 0.0255057100000000 0.0026047800000000
vn -0.5055253549650511 -3.5593389430287901 3.0222638450621120
v -0.0109401900000000 0.0255125400000000 0.0023245600000000
vn -1.6138092740365308 -3.5237971915823474 2.6093893495681093
v -0.0103692700000000 0.0255149000000000 0.0025490100000000
vn -2.4435114777240639 -3.2868664401125081 1.9251402135910078
v -0.0099350700000000 0.0255159800000000 0.0029804200000000
vn -2.7939377441828324 -3.4481737243942763 1.3170819309993504
v 0.0079364000000000 0.0255355900000000 0.0299636200000000
vn -2.9202753955788201 -3.8413252422412261 -0.1722053138178996
v 0.0082173000000000 0.0255345500000000 0.0308828300000000
vn -2.2263442743021642 -3.6710240763356676 -2.0426740932138587
v 0.0077536400000000 0.0255294800000000 0.0318620800000000
vn -1.0044271114233785 -3.5907352069135712 -2.8955376021050516
v 0.0071796500000000 0.0255255000000000 0.0322272200000000
vn 1.1398547341963492 -3.6489607279536638 -2.8272648089348298
v -0.0144828200000000 0.0254192200000000 0.0299303900000000
vn 2.3703211878246799 -3.5627790176907697 -1.9748705856019033
v -0.0151680400000000 0.0254169300000000 0.0294102900000000
vn 2.9710969809872689 -3.4763519659089499 -0.9184484812689172
v -0.0154390100000000 0.0254169500000000 0.0288840000000000
vn 0.0206058834225084 -3.3770277486887652 3.1122049174677895
v -0.0014263800000000 0.0255673900000000 0.0003484600000000
vn -0.7110664424670573 -3.4003307673408605 3.0221252746337592
v 0.0192293600000000 0.0256684800000000 0.0026829100000000
vn -1.8472606116050196 -3.7959860710644997 2.3113671583521604
v 0.0200093800000000 0.0256717400000000 0.0029759000000000
vn -2.8154794659852329 -3.6212676259211856 -1.1053306152943834
v 0.0177387500000000 0.0255883100000000 0.0293243500000000
vn -1.8692106561501083 -3.6132122270576881 -2.4110609295644365
v 0.0171824300000000 0.0255834500000000 0.0300479500000000
vn -0.1310328749259284 -3.7083610782320648 -3.0097238004199385
v 0.0163836300000000 0.0255784100000000 0.0303740500000000
vn 1.5611415166218046 -3.5266952216729148 -2.6599345977613420
v 0.0154454200000000 0.0255742600000000 0.0301047700000000
vn 2.4775184104116708 -3.2507413300365777 -1.9429652805819286
v 0.0150112200000000 0.0255731800000000 0.0296733600000000
vn 2.9702418373002213 -3.7954770408801441 0.1493295025967928
v -0.0031411600000000 0.0255546100000000 0.0017709400000000
vn 2.2525264574361357 -3.6240089730286993 2.0459827935208237
v -0.0026775000000000 0.0255596800000000 0.0007916900000000
vn 1.0425218189721830 -3.5971140797834180 2.8752021324710397
v -0.0021045500000000 0.0255636500000000 0.0004264400000000
vn -3.5712218064037744 2.8913207383211454 -1.2234022949267573
v 0.0226744900000000 -0.0217208300000000 0.0282126500000000
vn -3.3913594858207210 2.0950946257210279 -2.6003744133452926
v 0.0225795400000000 -0.0211941300000000 0.0290299500000000
vn -3.2340687451442851 0.7097486337313430 -3.3647819824967353
v 0.0225422900000000 -0.0206226200000000 0.0293347700000000
vn -3.1917092984265585 -0.3624249708392618 -3.4314646450744291
v 0.0225346600000000 -0.0199734100000000 0.0293741900000000
vn -2.9334879776713407 -1.5332175251307223 -3.0852165821689321
v 0.0225582300000000 -0.0193685500000000 0.0291394900000000
vn -3.3374351551930683 -2.2567874275343502 -2.4643326605396831
v 0.0231933100000000 -0.0102823800000000 0.0231267100000000
vn -3.4651184038974248 -2.9784163891421893 -1.1710484524219285
v 0.0232732600000000 -0.0098892800000000 0.0224022400000000
vn -3.7068260070799020 -2.9782589667263446 0.2679912211512614
v 0.0233618300000000 -0.0098668800000000 0.0216175700000000
vn -3.8279160744541567 -1.8567022963890785 2.0347480031500025
v 0.0253657900000000 -0.0192243200000000 0.0042912900000000
vn -3.8960050006871914 -0.6290751503238806 2.5820671582420802
v 0.0253993200000000 -0.0198306700000000 0.0040208700000000
vn -3.9519695689501071 0.7958106355955757 2.5051843572386945
v 0.0254010000000000 -0.0204947900000000 0.0040347600000000
vn -4.0411259924865144 2.2254775220517171 1.4701376657755789
v 0.0253526100000000 -0.0213073000000000 0.0044981400000000
vn -3.9850712260476779 -0.6764174333746453 2.5284726279059990
v 0.0227118400000000 -0.0074321700000000 0.0272634000000000
vn -4.0905909570360492 0.7904247050059779 2.4387695583736324
v 0.0227159900000000 -0.0083112400000000 0.0272648000000000
vn -3.5814975501080832 1.9647778262402502 2.0218466209658681
v 0.0223033400000000 -0.0142426400000000 0.0311728100000000
vn -3.8764688327400854 2.7793511067783583 0.6433926477792955
v 0.0222299400000000 -0.0148326000000000 0.0318478000000000
vn -3.5327782227335702 2.8927414218982834 -1.2852383914751946
v 0.0221160000000000 -0.0148533500000000 0.0328569300000000
vn -3.3830313702270258 2.3193945941116212 -2.3709178309258094
v 0.0220517600000000 -0.0145457800000000 0.0334120300000000
vn -2.9117908147850953 0.2555800209874257 -3.4654641275180760
v 0.0219880600000000 -0.0134108700000000 0.0339264900000000
vn -2.9758462208277736 -0.3252445972839537 -3.4650920417304412
v 0.0219486600000000 -0.0058367000000000 0.0339470800000000
vn -3.5411011434553368 2.5340529347026273 1.3968302510963202
v 0.0225537900000000 0.0065718100000000 0.0280554600000000
vn -3.4844074816326907 2.8989263097187852 -1.3188406557360097
v 0.0220090800000000 0.0044770600000000 0.0329659400000000
vn -3.3082944430418189 2.2465410126936707 -2.4685610037325301
v 0.0219479800000000 0.0047931400000000 0.0334928300000000
vn -3.1835206019887163 1.2860279725642487 -3.1729775454554332
v 0.0219049300000000 0.0052981700000000 0.0338518500000000
vn -3.3268063883655095 -0.8124662534732645 -3.3173151301875818
v 0.0218471100000000 0.0138108300000000 0.0339948600000000
vn -3.3967377665159013 -2.3047764686575545 -2.3847268198054219
v 0.0219000800000000 0.0146163900000000 0.0334912900000000
vn -3.7973905588588703 -2.9520766302670052 -0.7080065187890849
v 0.0219935600000000 0.0150269000000000 0.0326449100000000
vn -3.9226016933341441 -2.3632257041878626 1.4384496910659084
v 0.0221268100000000 0.0146511800000000 0.0314836500000000
vn -4.0118404162491039 -0.9020573663937413 2.4346087606649940
v 0.0226255100000000 0.0084774000000000 0.0273383900000000
vn -4.1019690969872142 1.0868817146150753 2.2970735295241078
v 0.0226287300000000 0.0072891400000000 0.0273612800000000
vn -3.4303895195339509 2.2708437667169750 -2.3981620971920332
v 0.0230891900000000 0.0103823700000000 0.0231531600000000
vn -3.4488696817242324 0.7975571463126065 -3.2784384704368001
v 0.0223304800000000 0.0197953200000000 0.0294587900000000
vn -3.4618365543417724 -1.2677677339668598 -3.0883588415389109
v 0.0223335100000000 0.0209823500000000 0.0293805200000000
vn -3.4175490288767301 -2.7379519558890988 -1.7639296826014144
v 0.0224147800000000 0.0216878500000000 0.0286309400000000
vn -3.6786307788465749 -2.8292247228208329 0.8332849276016240
v 0.0250889200000000 0.0217597700000000 0.0049663600000000
vn -3.8433749820227456 -1.8715385954805210 2.0203410604178220
v 0.0251499000000000 0.0213521100000000 0.0044444500000000
vn -3.9334180530938969 -0.8097171994613344 2.5245118743932955
v 0.0251864300000000 0.0207595300000000 0.0041468900000000
vn -3.9022392505656724 0.5744543798376657 2.5853372263282286
v 0.0251916600000000 0.0200955100000000 0.0041294000000000
vn -3.8470157343358222 1.8056987024361799 2.0446754974817689
v 0.0251644500000000 0.0194873800000000 0.0043965100000000
vn -3.5520035564478518 2.5570325284487190 1.3782552135572499
v 0.0251100900000000 0.0190531900000000 0.0048962500000000
vn -3.5006827377519412 2.9590224871785717 -1.1127901264506275
v 0.0231696400000000 0.0100327700000000 0.0224563900000000
vn -2.0181952852886895 2.6322516323775238 -0.0879762896826188
v 0.0226298900000000 -0.0014233600000000 0.0277283700000000
vn -3.7449461931156862 2.8149631598384661 0.7129371902185535
v 0.0225329800000000 -0.0020619500000000 0.0286134400000000
vn -3.5841623572933772 3.0132999007060333 -0.7341911710371745
v 0.0224119000000000 -0.0022107400000000 0.0296912300000000
vn -3.4249867401456853 2.5088346719796704 -2.1051897992656308
v 0.0222947100000000 -0.0018342000000000 0.0307118800000000
vn -3.3102060203352806 1.4178585253750586 -3.0810461833503826
v 0.0222084600000000 -0.0010209800000000 0.0314398600000000
vn -3.2633774225742576 -0.0076220808929977 -3.4370816459060096
v 0.0221732700000000 0.0000410800000000 0.0317052300000000
vn -3.2953564216305145 -1.4355045086760365 -3.0888933800834382
v 0.0221974000000000 0.0011048800000000 0.0314456400000000
vn -3.3986898655304820 -2.5329215117266908 -2.1189621543810304
v 0.0222751700000000 0.0019228900000000 0.0307220900000000
vn -3.5526436775947929 -3.0464717807676087 -0.7506945302080199
v 0.0223884100000000 0.0023061800000000 0.0297035100000000
vn -3.7154433153682542 -2.8575939746713561 0.6975197371527847
v 0.0225110000000000 0.0021645200000000 0.0286249300000000
vn -1.9907135371160944 -2.6525780742293703 -0.1023402122685337
v 0.0226145200000000 0.0015317900000000 0.0277364000000000
vn -3.1657959392610167 -2.8674767508319112 -1.6460856911199802
v 0.0230071400000000 0.0036010500000000 0.0241728000000000
vn -3.2321928560713644 -3.0669498391880761 -1.0490020038513677
v 0.0234423800000000 0.0049063300000000 0.0202651600000000
vn -3.3735164177505190 -3.0874984119226379 0.2019225239163451
v 0.0243665200000000 0.0050407300000000 0.0120823600000000
vn -3.4420511714521922 -2.9079937880815017 0.8043687780093068
v 0.0248182100000000 0.0038645400000000 0.0081366000000000
vn -2.1831326472796522 -2.8126032815496718 -0.1860448151263575
v 0.0252377600000000 0.0019148300000000 0.0045087500000000
vn -3.4764975931676090 -3.0044426435984231 -1.0753001695115492
v 0.0253378400000000 0.0023514200000000 0.0036042900000000
vn -3.6272649727492201 -3.0044745040375802 0.2751795745370834
v 0.0254510700000000 0.0023505200000000 0.0026024400000000
vn -3.7696799290691985 -2.4154081714416997 1.4917376128357265
v 0.0255552200000000 0.0019146500000000 0.0016998000000000
vn -3.8705668696339273 -1.3518237266789881 2.3367168198003574
v 0.0256300000000000 0.0011253100000000 0.0010722900000000
vn -3.9092590221854264 -0.0275195993336657 2.6413389074712907
v 0.0256601700000000 0.0001430900000000 0.0008479100000000
vn -3.8843996840003685 1.2988215976080235 2.3442276723433682
v 0.0256402300000000 -0.0008405900000000 0.0010669400000000
vn -3.7945645754308206 2.3679258841945856 1.5047249447518216
v 0.0255736800000000 -0.0016340700000000 0.0016901600000000
vn -3.6583222330563392 2.9650473615163855 0.2914160505644130
v 0.0254741000000000 -0.0020759000000000 0.0025904100000000
vn -3.5075844867493231 2.9739199831481371 -1.0590653251732334
v 0.0253609100000000 -0.0020834200000000 0.0035922400000000
vn -2.2122700131877311 2.7907134836514449 -0.1708175633536148
v 0.0252563200000000 -0.0016528200000000 0.0044990500000000
vn -3.4720868487745102 2.8676671403104188 0.8200768592650701
v 0.0248571700000000 -0.0036264800000000 0.0081162400000000
vn -3.3348258226802949 3.1090144826375896 -0.4075822183078670
v 0.0239567500000000 -0.0052074600000000 0.0161518400000000
vn -3.2639464724907779 3.0388034660870389 -1.0324012959115270
v 0.0234925900000000 -0.0047484400000000 0.0202389200000000
vn -3.1954816927266267 2.8432363724065737 -1.6305363699968587
v 0.0230439100000000 -0.0034690200000000 0.0241535800000000
vn -0.4288003688932730 3.0219307739188128 3.6511531620730837
v -0.0112138200000000 -0.0164382000000000 0.0395029800000000
vn -1.9327413449247264 2.6095418521495750 3.4764764259717991
v -0.0106509500000000 -0.0162828400000000 0.0395670900000000
vn -3.0226105615114180 2.3705636521297118 -0.9202778535967373
v -0.0102400300000000 -0.0158661700000000 0.0396149100000000
vn -1.0772009256878072 -0.2325839960372199 -0.1225081294894830
v -0.0100913500000000 -0.0152971300000000 0.0396335900000000
vn -2.0898903697064695 -2.4354152589600515 -0.4249855733817567
v -0.0102459400000000 -0.0147295700000000 0.0396179900000000
vn -1.9069053966103229 -2.6469622050957291 3.4633007567065928
v -0.0106611800000000 -0.0143158900000000 0.0395724400000000
vn -0.3972757791750076 -3.0461135550889806 3.6346530511883515
v -0.0112256300000000 -0.0141660500000000 0.0395091500000000
vn 1.5528674130089102 -3.5947012578646000 -0.4622632163015545
v -0.0117905900000000 -0.0143214200000000 0.0394448000000000
vn 1.0482674125211449 -0.3413406028410045 0.1173173844786115
v -0.0122004600000000 -0.0147391400000000 0.0393971000000000
vn 2.2502640081370275 0.6375571018841145 3.2338180679071122
v -0.0123491400000000 -0.0153081800000000 0.0393784200000000
vn 2.1843583068424461 1.1243724370110231 0.4265239051592035
v -0.0121945500000000 -0.0158757400000000 0.0393940100000000
vn 0.6335382812040167 3.1692666858345655 -0.0969605433233791
v -0.0117803600000000 -0.0162883700000000 0.0394394500000000
vn -1.9342277001986494 2.6081067839593883 3.4775841393777949
v -0.0108085200000000 0.0140127700000000 0.0396494400000000
vn -3.0233447185259292 2.3689508692062242 -0.9231229920339870
v -0.0103976100000000 0.0144304900000000 0.0396972500000000
vn -2.9146227356697318 -0.6570259314322177 2.6458857107770664
v -0.0102489300000000 0.0149995300000000 0.0397159400000000
vn -3.7195451420341721 -2.6488769109784824 -0.2517726161034182
v -0.0104035200000000 0.0155670900000000 0.0397003400000000
vn -1.9053690644423493 -2.6483496074545152 3.4622008809379556
v -0.0108187500000000 0.0159797200000000 0.0396547900000000
vn 0.8954434255291877 -2.8172420412888415 -3.9690056060924244
v -0.0117385200000000 0.0161022600000000 0.0395512600000000
vn 1.1099049795542935 -2.6325715623532724 3.8051912951645814
v -0.0119481600000000 0.0159741900000000 0.0395271400000000
vn 3.1545458659639602 -2.3657338514660293 -0.2397480080014445
v -0.0123580300000000 0.0155575200000000 0.0394794500000000
vn 1.0771824251442452 0.2325768144024575 0.1225059489788758
v -0.0125067100000000 0.0149884800000000 0.0394607700000000
vn 2.3158723498685729 2.2634301751543360 0.2679061178280029
v -0.0123521200000000 0.0144209300000000 0.0394763600000000
vn 1.0838083645501353 2.6218360124374764 3.8208857729360592
v -0.0119379300000000 0.0140072400000000 0.0395218000000000
vn -2.6413806238397082 3.0330267548885663 -0.3328247472523086
v 0.0253951900000000 0.0020289100000000 0.0031108600000000
vn -4.3278145696088863 2.5785010219698963 -0.1920538180944518
v 0.0252288500000000 0.0012640900000000 0.0046157400000000
vn -2.6284163551112925 2.8335535257030298 -1.5482966899577839
v 0.0247283100000000 0.0036293000000000 0.0089422500000000
vn -2.3867826829273202 2.9879381525560791 -0.8483751690836892
v 0.0241826300000000 0.0048553600000000 0.0137174400000000
vn -2.0498078483117048 2.9184093395546489 -0.0987375606769922
v 0.0236253100000000 0.0048653700000000 0.0186482900000000
vn -1.7518858580580987 2.6424285507284537 0.5902673863894518
v 0.0230908700000000 0.0036592800000000 0.0234294200000000
vn -3.3720398592782059 3.9080031768194674 -2.2592381277646112
v 0.0226119900000000 0.0013127900000000 0.0277682200000000
vn -5.0564065075805393 -0.2613279937573367 -2.7757056254087513
v 0.0226803700000000 0.0000337300000000 0.0272264400000000
vn -2.4008396927452433 -4.5007064860570560 -2.6292236734370746
v 0.0226250800000000 -0.0012045700000000 0.0277613800000000
vn -2.7597247565442768 -2.8529958019264896 0.9152870754156048
v 0.0231282200000000 -0.0035223400000000 0.0234099000000000
vn -2.4258198503896620 -3.0027523174573383 0.2785667865742847
v 0.0236750500000000 -0.0046967900000000 0.0186223000000000
vn -1.9834942458208851 -2.9350822029107779 -0.3815286738429664
v 0.0242320900000000 -0.0046541800000000 0.0136916000000000
vn -1.5200275457027626 -2.6382942191508327 -0.9741608316631716
v 0.0247648500000000 -0.0033965700000000 0.0089231600000000
vn -4.3263450712214349 -2.6048048766725280 -0.2424142625089433
v 0.0252406400000000 -0.0010028000000000 0.0046095800000000
vn -2.6097896026668286 -3.0584889682392467 -0.3494620766193716
v 0.0254148800000000 -0.0017576500000000 0.0031005700000000
vn -2.4172293709094217 -2.6357690119139097 -1.8085629403323173
v 0.0255199200000000 -0.0015009100000000 0.0021600700000000
vn -2.2993341247629036 -1.5226713082280083 -2.9092084126953264
v 0.0255940700000000 -0.0008061500000000 0.0014738400000000
vn -2.2590078837881338 -0.0027539258144842 -3.3084021756105777
v 0.0256177400000000 0.0001418500000000 0.0012233400000000
vn -2.3151249545773336 1.5144703817332219 -2.9009827949439684
v 0.0255842200000000 0.0010881800000000 0.0014789900000000
vn -2.4445630863955898 2.6202543401665066 -1.7942687321945212
v 0.0255028600000000 0.0017783900000000 0.0021689800000000
vn 2.7317062705030648 -3.1413723602032495 0.0622787371535600
v 0.2963593300000000 -0.0004316900000000 0.0337218900000000
vn 2.7852446473905563 -2.6102473479313248 -1.2205582394502079
v 0.2964643700000000 -0.0001749500000000 0.0327813900000000
vn 1.3611736336326803 -4.3181003964988465 3.1707424494600898
v 0.2510283800000000 0.0001021800000000 0.0301274200000000
vn -0.3278284372430347 -0.9839421553791972 2.9231475627665748
v 0.2509941600000000 0.0006379900000000 0.0304070600000000
vn 3.4126390471123331 0.0062882953347003 3.5062104246453010
v 0.2509801800000000 0.0012343800000000 0.0305048900000000
vn -0.3381647487355210 0.9676204130901764 2.9275010758871209
v 0.2509879500000000 0.0018314100000000 0.0304103000000000
vn 1.2775439100145209 4.0821177973872373 3.4090817165249891
v 0.2510165900000000 0.0023690600000000 0.0301335900000000
vn -0.0481155035964346 6.2745156956888053 -0.0223331104738285
v 0.2918207100000000 0.0033195300000000 0.0334396000000000
vn -0.1386058649677179 5.8912487456475162 0.0333291534027696
v 0.2808245700000000 0.0031243000000000 0.0327280700000000
vn -0.2089828828382114 4.9762295688063176 -0.0256217755810008
v 0.2711097800000000 0.0027892200000000 0.0320994300000000
vn -0.2938335829311358 3.5547965661905172 0.1548766690525788
v 0.2621702700000000 0.0022222400000000 0.0315144900000000
vn -0.2970609952490501 2.7895341588844276 -0.0808274035859091
v 0.2589953200000000 0.0018957000000000 0.0313146400000000
vn -0.5587007422510885 1.0970912016633068 -0.0714504949181971
v 0.2568712500000000 0.0013970500000000 0.0311838100000000
vn -0.3879170138124964 -2.3220294928753287 0.1163741325003609
v 0.2573801700000000 0.0009412100000000 0.0312055700000000
vn -0.2451985665263261 -3.5670411636908286 0.0517748079926132
v 0.2613110200000000 0.0004043200000000 0.0314530300000000
vn -0.2263599495666241 -4.5667075493744385 0.2275921589766488
v 0.2667646400000000 0.0000615800000000 0.0318101800000000
vn -0.0830686323028357 -5.8272855812748343 -0.0444287285138701
v 0.2798794600000000 -0.0003419000000000 0.0326564100000000
vn -1.3568511242184116 0.8796980530172303 -2.4310626514412941
v 0.0224865900000000 0.0004918200000000 0.0272952800000000
vn -2.6572059555104341 2.6118868812951184 1.4816423152852731
v 0.0224346500000000 0.0016864400000000 0.0301271600000000
vn -2.6672182578620793 -0.0222317014116251 2.9906553489257877
v 0.0224271100000000 0.0000441300000000 0.0310709200000000
vn -2.6541758868244547 -1.5392866661653830 2.5802286452069594
v 0.0224363400000000 -0.0009002200000000 0.0308146500000000
vn -2.6301340591366773 -2.6464959136296975 1.4670228885094430
v 0.0224517000000000 -0.0015928600000000 0.0301182500000000
vn -2.6013702577409794 -3.0476881018457114 -0.0519571346552030
v 0.0224687300000000 -0.0018438400000000 0.0291724800000000
vn -1.6043655307842097 -1.2159345380337439 -2.4954499562336232
v 0.0224902200000000 -0.0008910300000000 0.0275353500000000
vn 2.7075294585148733 -1.1729299550432606 2.8849548961468265
v 0.2963251200000000 0.0007315800000000 0.0354736700000000
vn -0.0265587628885544 5.2899813393340667 -0.5446113876711165
v 0.0722270000000000 0.0016630700000000 0.0286829200000000
vn -0.0272935344166538 5.3416165774955715 -0.5147411750643558
v 0.1149116100000000 0.0019576500000000 0.0294730700000000
vn -0.0266434307854752 5.4106274817817930 -0.4952371304616284
v 0.1515496000000000 0.0022053000000000 0.0301527800000000
vn -0.0263705011852310 5.4782351803181450 -0.5030377710877973
v 0.1828898900000000 0.0024098800000000 0.0307304400000000
vn -0.0251248897776524 5.5909299879703571 -0.4566069419355503
v 0.2095713100000000 0.0025757500000000 0.0312136300000000
vn -0.0164528944619665 5.5872132286973493 -0.6163394851120139
v 0.2320856200000000 0.0026991700000000 0.0315996700000000
vn 0.9001051368097037 5.2293448386703769 -2.8495192076841711
v 0.2508202800000000 0.0027559200000000 0.0318538900000000
vn 3.6351975511983352 0.0226534296835719 -2.6935022741879497
v 0.2509154300000000 0.0012324900000000 0.0310779700000000
vn 0.9227047582980301 -5.2138574378820666 -2.8951644810615114
v 0.2508361600000000 -0.0002971100000000 0.0318455900000000
vn 0.0149258515517723 -6.0979643387609919 0.9226304250423329
v 0.2296133900000000 -0.0004466800000000 0.0315503300000000
vn 0.0345090288718379 -5.5282677919765755 -0.5619681744474034
v 0.2029919100000000 -0.0005691400000000 0.0310878200000000
vn 0.0298656307405880 -5.4369074427995034 -0.4938879334065842
v 0.1701772200000000 -0.0006992500000000 0.0304889100000000
vn 0.0288556387869857 -5.3707797731454967 -0.5406808223784082
v 0.1301056000000000 -0.0008456600000000 0.0297477400000000
vn 0.0285166613458381 -5.2998949599391754 -0.5679893961974711
v 0.0814572800000000 -0.0010130900000000 0.0288465000000000
vn 2.7387637061282319 -2.9499440212967545 -0.4855129705782179
v 0.2509376700000000 -0.0002730800000000 0.0309462900000000
vn 2.7847311705416109 3.0207927377072181 -0.3429571423099343
v 0.2509220100000000 0.0027389000000000 0.0309544800000000
vn 0.1854847342749210 -2.9542389895253840 -1.0285007065803378
v 0.0246316300000000 -0.0037109700000000 0.0101155300000000
vn 0.2694689526167171 -5.8965197408966263 -1.9222708437855009
v 0.1414046200000000 -0.0019634900000000 0.0207490300000000
vn 0.0929759267889472 -2.8905570848898621 -1.2237321358818032
v 0.2509578000000000 -0.0001893400000000 0.0307645500000000
vn 0.1739528955436717 -2.7979767268331335 -1.4179855604082396
v 0.2487925600000000 0.0000912400000000 0.0298747400000000
vn 0.1739405408593300 -2.7979958968216092 -1.4179407701915225
v 0.2465567400000000 0.0000802900000000 0.0296220500000000
vn 0.1739363422583444 -2.7980072125429314 -1.4179319668640697
v 0.2443209200000000 0.0000693500000000 0.0293693700000000
vn 0.1739719513701842 -2.7979238678188345 -1.4180787487888766
v 0.2420861400000000 0.0000584200000000 0.0291168000000000
vn 0.1739340909609316 -2.7980191948893545 -1.4178955866326937
v 0.2398503200000000 0.0000474700000000 0.0288641100000000
vn 0.1739300881302066 -2.7980360811912495 -1.4178757660653827
v 0.2376145000000000 0.0000365300000000 0.0286114300000000
vn 0.1739835437872900 -2.7978716287597907 -1.4181803911166095
v 0.2353797200000000 0.0000256000000000 0.0283588600000000
vn 0.1739265262586169 -2.7980493510320685 -1.4178360405082329
v 0.2331439000000000 0.0000146500000000 0.0281061700000000
vn 0.1739490811703469 -2.7979830445410427 -1.4179790027485568
v 0.2309080700000000 0.0000037100000000 0.0278534900000000
vn 0.1739660321979384 -2.7979191677263331 -1.4180888554715734
v 0.2286722500000000 -0.0000072300000000 0.0276008000000000
vn 0.1739236342494503 -2.7980659974846827 -1.4178044548292690
v 0.2264374700000000 -0.0000181700000000 0.0273482300000000
vn 0.1739495557209466 -2.7979804941753676 -1.4179830137564156
v 0.2242016500000000 -0.0000291100000000 0.0270955500000000
vn 0.1739425176663495 -2.7979951920677077 -1.4179330118656412
v 0.2219658300000000 -0.0000400500000000 0.0268428600000000
vn 0.1739503051523524 -2.7979795317169662 -1.4179892500292275
v 0.2197310500000000 -0.0000509900000000 0.0265903000000000
vn 0.1739500366447791 -2.7979740265234172 -1.4179870002016857
v 0.2174952300000000 -0.0000619300000000 0.0263376100000000
vn 0.1739416323023084 -2.7979992949096886 -1.4179250243410726
v 0.2152594100000000 -0.0000728700000000 0.0260849200000000
vn 0.1739507488663894 -2.7979774801253665 -1.4179932437934506
v 0.2130246300000000 -0.0000838100000000 0.0258323600000000
vn 0.1739504780109364 -2.7979719749264240 -1.4179909942645810
v 0.2107888100000000 -0.0000947500000000 0.0255796700000000
vn 0.1739066213163871 -2.7981383510316924 -1.4176583521864661
v 0.2085529900000000 -0.0001056900000000 0.0253269800000000
vn 0.1739882670191210 -2.7978248118557549 -1.4182829191113497
v 0.2063171600000000 -0.0001166300000000 0.0250743000000000
vn 0.1739459697079585 -2.7979908150923087 -1.4179568695403026
v 0.2040823900000000 -0.0001275700000000 0.0248217300000000
vn 0.1739065949447966 -2.7981429725154641 -1.4176511605963293
v 0.2018465600000000 -0.0001385100000000 0.0245690400000000
vn 0.1739935434961140 -2.7977998411126959 -1.4183305671180719
v 0.1996107400000000 -0.0001494500000000 0.0243163600000000
vn 0.1739558348664441 -2.7979466190829760 -1.4180341000858163
v 0.1973759700000000 -0.0001603900000000 0.0240637900000000
vn 0.1738908961838267 -2.7982187681175796 -1.4175210148257971
v 0.1951391000000000 -0.0001713400000000 0.0238109900000000
vn 0.1739531365500308 -2.7979594367816651 -1.4180153535928883
v 0.1929043200000000 -0.0001822700000000 0.0235584200000000
vn 0.1739401449646091 -2.7980061871170125 -1.4179116062807511
v 0.1906685000000000 -0.0001932100000000 0.0233057300000000
vn 0.1742041443767680 -2.7969265391097458 -1.4200339891717135
v 0.1884337200000000 -0.0002041500000000 0.0230531700000000
vn 0.1742150636036009 -2.7967398118676443 -1.4203827717685098
v 0.1861979000000000 -0.0002150900000000 0.0228004800000000
vn 0.1742114929072328 -2.7968096396331634 -1.4202460209028482
v 0.1839620800000000 -0.0002260400000000 0.0225477900000000
vn 0.1742179969900677 -2.7966686660448015 -1.4205356083118619
v 0.1817273000000000 -0.0002369700000000 0.0222952300000000
vn 0.1742151951599512 -2.7967388418106141 -1.4203837045684127
v 0.1794914800000000 -0.0002479100000000 0.0220425400000000
vn 0.1742140075905138 -2.7967954054169102 -1.4202746494224834
v 0.1772556500000000 -0.0002588600000000 0.0217898500000000
vn 0.1742151412036799 -2.7967161747723477 -1.4204434982251526
v 0.1750198300000000 -0.0002698000000000 0.0215371700000000
vn 0.1742147784323045 -2.7967098197328304 -1.4204398779890737
v 0.1727850600000000 -0.0002807300000000 0.0212846000000000
vn 0.1742162732099552 -2.7967842796998483 -1.4202962800925691
v 0.1705492300000000 -0.0002916800000000 0.0210319100000000
vn 0.1742139672250899 -2.7967209811504321 -1.4204332173348007
v 0.1683134100000000 -0.0003026200000000 0.0207792300000000
vn 0.1742133575758728 -2.7967105182123588 -1.4204363244081275
v 0.1660786300000000 -0.0003135500000000 0.0205266600000000
vn 0.1742161633771748 -2.7967448649084448 -1.4203814971865156
v 0.1638417700000000 -0.0003245000000000 0.0202738600000000
vn 0.1742171926980528 -2.7967540491481899 -1.4203633749255913
v 0.1616069900000000 -0.0003354400000000 0.0200212900000000
vn 0.1742147764516515 -2.7967351353818097 -1.4203868332464933
v 0.1593711700000000 -0.0003463800000000 0.0197686000000000
vn 0.1742124593400847 -2.7967273171480458 -1.4204183702941473
v 0.1571353400000000 -0.0003573200000000 0.0195159200000000
vn 0.1742185153551723 -2.7967501115465079 -1.4203700043984553
v 0.1549005700000000 -0.0003682600000000 0.0192633500000000
vn 0.1742148939349004 -2.7967340688217908 -1.4203854554844393
v 0.1526647500000000 -0.0003792000000000 0.0190106600000000
vn 0.1742147446222795 -2.7967427702863050 -1.4203945855722040
v 0.1504299700000000 -0.0003901400000000 0.0187581000000000
vn 0.1742153030953200 -2.7967386070194724 -1.4203886309484339
v 0.1481941500000000 -0.0004010800000000 0.0185054100000000
vn 0.1742145194868263 -2.7967339114270002 -1.4203877339651272
v 0.1459583200000000 -0.0004120200000000 0.0182527200000000
vn 0.1742137272980699 -2.7967442893583523 -1.4203942134192993
v 0.1437235500000000 -0.0004229600000000 0.0180001600000000
vn 0.1742155454180503 -2.7967337711547664 -1.4203912080446988
v 0.1414866800000000 -0.0004339000000000 0.0177473500000000
vn 0.1742122411935070 -2.7967377075431408 -1.4203874611423453
v 0.1392519000000000 -0.0004448400000000 0.0174947800000000
vn 0.1742190366179775 -2.7967365020017021 -1.4203975563790670
v 0.1370160800000000 -0.0004557800000000 0.0172421000000000
vn 0.1742099014894620 -2.7967407095676999 -1.4203818371040904
v 0.1347813000000000 -0.0004667200000000 0.0169895300000000
vn 0.1742154209703149 -2.7967403782348699 -1.4203947880522989
v 0.1325454800000000 -0.0004776600000000 0.0167368500000000
vn 0.1742217433117672 -2.7967274304001872 -1.4204063882362787
v 0.1303096600000000 -0.0004886000000000 0.0164841600000000
vn 0.1742168842724452 -2.7967336563271150 -1.4203938529658089
v 0.1280748800000000 -0.0004995400000000 0.0162315900000000
vn 0.1742066761299327 -2.7967558412186495 -1.4203674498561221
v 0.1258380100000000 -0.0005104900000000 0.0159787900000000
vn 0.1742144179555521 -2.7967375251318578 -1.4203898491825295
v 0.1236032400000000 -0.0005214200000000 0.0157262200000000
vn 0.1742250910604364 -2.7967143452121412 -1.4204239480069258
v 0.1213674100000000 -0.0005323600000000 0.0154735300000000
vn 0.1742045529866945 -2.7967641501187814 -1.4203538498248840
v 0.1191315900000000 -0.0005433100000000 0.0152208500000000
vn 0.1742157774505739 -2.7967359022755196 -1.4203948005090559
v 0.1168968100000000 -0.0005542400000000 0.0149682800000000
vn 0.1742147188108228 -2.7967326497354117 -1.4203892326570262
v 0.1146609900000000 -0.0005651800000000 0.0147155900000000
vn 0.1742288979479228 -2.7967126401830291 -1.4204501927942754
v 0.1124262200000000 -0.0005761200000000 0.0144630300000000
vn 0.1742251428544497 -2.7967144481973123 -1.4204325520665018
v 0.1101893500000000 -0.0005870700000000 0.0142102200000000
vn 0.1742036937316960 -2.7967639285154124 -1.4203368791937929
v 0.1079545700000000 -0.0005980100000000 0.0139576500000000
vn 0.1742434584698308 -2.7966726269085616 -1.4205247426761700
v 0.1057187500000000 -0.0006089500000000 0.0137049700000000
vn 0.1742476558839438 -2.7965819204208149 -1.4206809776481755
v 0.1034829300000000 -0.0006198900000000 0.0134522800000000
vn 0.1742486451264586 -2.7965841707948447 -1.4207026656218116
v 0.1012481500000000 -0.0006308300000000 0.0131997200000000
vn 0.1742480105068883 -2.7965866685573908 -1.4206837462994029
v 0.0990123300000000 -0.0006417700000000 0.0129470300000000
vn 0.1742478694370773 -2.7965785245037420 -1.4206895583497603
v 0.0967765000000000 -0.0006527100000000 0.0126943400000000
vn 0.1742484527705682 -2.7965880668593632 -1.4206940587212624
v 0.0945417300000000 -0.0006636500000000 0.0124417800000000
vn 0.1742480636459526 -2.7965864109793888 -1.4206842468188239
v 0.0923059100000000 -0.0006745900000000 0.0121890900000000
vn 0.1742478414875426 -2.7965786548211065 -1.4206893052525000
v 0.0900700800000000 -0.0006855300000000 0.0119364000000000
vn 0.1742484031408170 -2.7965876955801994 -1.4206938348002280
v 0.0878353100000000 -0.0006964700000000 0.0116838400000000
vn 0.1742481478222848 -2.7965836611294113 -1.4206915712221075
v 0.0855994800000000 -0.0007074100000000 0.0114311500000000
vn 0.1742479303795869 -2.7965821111945792 -1.4206849923745835
v 0.0833636600000000 -0.0007183500000000 0.0111784600000000
vn 0.1742477157207914 -2.7965635005945098 -1.4207346235497760
v 0.0811278400000000 -0.0007292900000000 0.0109257800000000
vn 0.1742488540176240 -2.7966012659650876 -1.4206515926672243
v 0.0788930600000000 -0.0007402300000000 0.0106732100000000
vn 0.1742474269398409 -2.7965664417193694 -1.4207332894670570
v 0.0766572400000000 -0.0007511700000000 0.0104205300000000
vn 0.1742483877038541 -2.7965841186045233 -1.4206852605463924
v 0.0744214200000000 -0.0007621100000000 0.0101678400000000
vn 0.1742493607102815 -2.7965986194825159 -1.4206567402131487
v 0.0721866400000000 -0.0007730500000000 0.0099152700000000
vn 0.1742468420846163 -2.7965693458014003 -1.4207276448070267
v 0.0699508200000000 -0.0007839900000000 0.0096625900000000
vn 0.1742484696396114 -2.7965844546860130 -1.4206880479391020
v 0.0677150000000000 -0.0007949300000000 0.0094099000000000
vn 0.1742479562642036 -2.7965781205234226 -1.4206903429214786
v 0.0654791700000000 -0.0008058700000000 0.0091572100000000
vn 0.1742485199708838 -2.7965871505736697 -1.4206948932973846
v 0.0632444000000000 -0.0008168100000000 0.0089046500000000
vn 0.1742482810958104 -2.7965831259421190 -1.4206926083736040
v 0.0610085700000000 -0.0008277500000000 0.0086519600000000
vn 0.1742484432768290 -2.7965801368605301 -1.4206843385573467
v 0.0587727500000000 -0.0008386900000000 0.0083992700000000
vn 0.1742514494024644 -2.7966022055393340 -1.4206669334689062
v 0.0565369300000000 -0.0008496400000000 0.0081465900000000
vn 0.1742446354415529 -2.7965700447510784 -1.4207177846238488
v 0.0543021500000000 -0.0008605700000000 0.0078940200000000
vn 0.1742485977807185 -2.7965798721781372 -1.4206848406266530
v 0.0520663300000000 -0.0008715100000000 0.0076413300000000
vn 0.1742518994019354 -2.7965989043425639 -1.4206733767283506
v 0.0498305100000000 -0.0008824600000000 0.0073886500000000
vn 0.1742434267352505 -2.7965692241143758 -1.4207108527851329
v 0.0475957300000000 -0.0008933900000000 0.0071360800000000
vn 0.1742459547521744 -2.7965788882024718 -1.4207044928478112
v 0.0453599100000000 -0.0009043300000000 0.0068834000000000
vn 0.1742566387790455 -2.7965991590703241 -1.4206625777337012
v 0.0431240900000000 -0.0009152800000000 0.0066307100000000
vn 0.1742464257081117 -2.7965797808008346 -1.4206917418773823
v 0.0408882600000000 -0.0009262200000000 0.0063780200000000
vn 0.1742415010023363 -2.7965759382888602 -1.4207088681466438
v 0.0386534900000000 -0.0009371500000000 0.0061254600000000
vn 0.1742567225860109 -2.7965931490240257 -1.4206763200450334
v 0.0364176600000000 -0.0009481000000000 0.0058727700000000
vn 0.1742480996407451 -2.7965797007035769 -1.4206862539430420
v 0.0341818400000000 -0.0009590400000000 0.0056200800000000
vn 0.1742481626215937 -2.7965888092091529 -1.4206916721569751
v 0.0319470700000000 -0.0009699800000000 0.0053675200000000
vn 0.1742481891123627 -2.7965847361617149 -1.4206894499912663
v 0.0297112400000000 -0.0009809200000000 0.0051148300000000
vn 0.2006105602714024 -2.7875298479467054 -1.4343368655013444
v 0.0274754200000000 -0.0009918600000000 0.0048621400000000
vn 0.0053401527069318 -3.1304852478946321 -0.2105850782012564
v 0.0239529200000000 -0.0046760300000000 0.0161627000000000
vn 0.0253859087274382 -6.1943019389692004 -0.1383190723740987
v 0.0261761500000000 -0.0047864400000000 0.0163145300000000
vn 0.1545036455012583 -6.2207110797568728 -0.1485091291119083
v 0.2485364900000000 -0.0003783500000000 0.0312929100000000
vn 0.0875738474113648 -3.1398830270408400 -0.0445925503467942
v 0.2508810100000000 -0.0002863200000000 0.0314482200000000
vn -0.0516225886798722 -3.0743729388749204 0.6373792471324445
v 0.0232635200000000 -0.0038131000000000 0.0222252900000000
vn 0.0155876602087909 -5.9395870368509129 1.8233133236274086
v 0.0997237000000000 -0.0026815000000000 0.0255753100000000
vn 0.0158810516972411 -5.9441735837603824 1.8140319610952331
v 0.1151847900000000 -0.0024298300000000 0.0262472300000000
vn 0.0231173725398832 -6.0220450804743866 1.6387601147836215
v 0.2159466200000000 -0.0007906100000000 0.0306264700000000
vn 0.0287536325559572 -6.0597671197201297 1.5403250659090582
v 0.2317062600000000 -0.0005342000000000 0.0313114500000000
vn 0.0284508347473319 -3.1036156879695063 0.4845973403912830
v 0.2414048500000000 -0.0003763800000000 0.0317338600000000
vn 0.0183937971223034 -3.1243843404211313 0.3113841962251607
v 0.2429551600000000 -0.0003652100000000 0.0317544500000000
vn 0.0189822041488044 -3.1254681349218214 0.3181523129452409
v 0.2450018400000000 -0.0003504200000000 0.0317781800000000
vn 0.0211078347438534 -3.1237877528736004 0.3311771724757239
v 0.2469966700000000 -0.0003348500000000 0.0318013600000000
vn 0.0767120667411546 -3.1287377425570182 0.2797120453154955
v 0.2489418700000000 -0.0003163700000000 0.0318231700000000
vn -0.0168050724833067 -2.8177854091850136 1.3882862229191923
v 0.0250031100000000 -0.0011965300000000 0.0278055900000000
vn -0.0165155183338901 -2.8182747145743523 1.3881849714210086
v 0.0273663700000000 -0.0011896200000000 0.0278491900000000
vn -0.0170753920134293 -2.8179424742768364 1.3886887380885593
v 0.0297148800000000 -0.0011817300000000 0.0278921800000000
vn -0.0164570877670785 -2.8183783906789013 1.3879737219032460
v 0.0320464200000000 -0.0011749800000000 0.0279353700000000
vn -0.0159672069387862 -2.8184557954028762 1.3873813827557413
v 0.0343632000000000 -0.0011672600000000 0.0279779500000000
vn -0.0149170773417523 -2.8200116316768935 1.3850454828422059
v 0.0366652100000000 -0.0011596100000000 0.0280199300000000
vn -0.0161812275935779 -2.8215553228984396 1.3809722062045524
v 0.0389513100000000 -0.0011520500000000 0.0280622200000000
vn -0.0162793658803459 -2.8217683358309560 1.3809907084636099
v 0.0412216000000000 -0.0011445600000000 0.0281037900000000
vn -0.0173487860844089 -2.8226600673585365 1.3792454362124447
v 0.0434759700000000 -0.0011382100000000 0.0281456700000000
vn -0.0161507308593243 -2.8217923108418734 1.3804693944642010
v 0.0457155800000000 -0.0011308900000000 0.0281869500000000
vn -0.0161380633613478 -2.8221321614294208 1.3807247472171413
v 0.0479393900000000 -0.0011236400000000 0.0282275000000000
vn -0.0162721277063992 -2.8218053159203373 1.3804456663502618
v 0.0501472700000000 -0.0011164800000000 0.0282683600000000
vn -0.0164386170144279 -2.8221324978394917 1.3807341159313311
v 0.0523393500000000 -0.0011093900000000 0.0283085000000000
vn -0.0153721493051952 -2.8223148253036516 1.3798012653891725
v 0.0545155000000000 -0.0011024000000000 0.0283489600000000
vn -0.0158991261741337 -2.8216719934413019 1.3803899589725772
v 0.0566748000000000 -0.0010944300000000 0.0283885800000000
vn -0.0165559988079923 -2.8217875002250330 1.3814668461405100
v 0.0588203900000000 -0.0010875900000000 0.0284277000000000
vn -0.0164605615553779 -2.8215143219967107 1.3810994527363190
v 0.0609500600000000 -0.0010808300000000 0.0284671500000000
vn -0.0144496503035307 -2.8247171927599366 1.3756844285648584
v 0.0630649700000000 -0.0010741400000000 0.0285059800000000
vn -0.0165523237042208 -2.8281333535009607 1.3680037882988410
v 0.0651660500000000 -0.0010675300000000 0.0285453700000000
vn -0.0153872670964468 -2.8264174888729117 1.3706428644590867
v 0.0672523700000000 -0.0010599400000000 0.0285841500000000
vn -0.0162084551974564 -2.8276664211574114 1.3691796772543212
v 0.0693249800000000 -0.0010534800000000 0.0286224400000000
vn -0.0152681052626816 -2.8264177247139073 1.3704260280745837
v 0.0713849100000000 -0.0010460200000000 0.0286603600000000
vn -0.0163385934218998 -2.8275875999861988 1.3696786826668716
v 0.0734290500000000 -0.0010397000000000 0.0286975500000000
vn -0.0159766301282875 -2.8273613558216901 1.3695020530319497
v 0.0754583100000000 -0.0010334600000000 0.0287351800000000
vn -0.0153368246719114 -2.8275595017389064 1.3699675297842808
v 0.0774717500000000 -0.0010262500000000 0.0287720800000000
vn -0.0164692191022009 -2.8265691357214275 1.3700873389202053
v 0.0794724200000000 -0.0010191000000000 0.0288096500000000
vn -0.0156533699659292 -2.8274011670008661 1.3694441091821270
v 0.0838755200000000 -0.0010048400000000 0.0288910200000000
vn -0.0158863370644841 -2.8272751387404660 1.3698831925653518
v 0.0862726000000000 -0.0009967000000000 0.0289352600000000
vn -0.0155005650060161 -2.8273032869625156 1.3688346507638596
v 0.0886506200000000 -0.0009886700000000 0.0289794700000000
vn -0.0138352877630509 -2.8309878439305018 1.3630548564642115
v 0.0910086500000000 -0.0009807300000000 0.0290224800000000
vn -0.0159109501853395 -2.8327836293804811 1.3573563867809975
v 0.0933464600000000 -0.0009729000000000 0.0290663800000000
vn -0.0155584295923200 -2.8329152647924500 1.3580941786699319
v 0.0956632400000000 -0.0009651700000000 0.0291089700000000
vn -0.0152752861042203 -2.8330795828403121 1.3582278829559076
v 0.0979599100000000 -0.0009575500000000 0.0291514000000000
vn -0.0153492943394794 -2.8325067212441355 1.3584063756003759
v 0.1002364700000000 -0.0009489900000000 0.0291936800000000
vn -0.0157130363446106 -2.8324251522054804 1.3582478502921242
v 0.1024918800000000 -0.0009415800000000 0.0292356800000000
vn -0.0152313984445774 -2.8336080667312968 1.3582272648116096
v 0.1047283600000000 -0.0009342700000000 0.0292766000000000
vn -0.0153645030520738 -2.8319483217857728 1.3577628087463500
v 0.1069456400000000 -0.0009260100000000 0.0293185400000000
vn -0.0133614987862309 -2.8361553314790369 1.3530400715517803
v 0.1091441100000000 -0.0009188900000000 0.0293583400000000
vn -0.0150654896659433 -2.8368135482738213 1.3486430213944545
v 0.1113244500000000 -0.0009108200000000 0.0293992800000000
vn -0.0153880060092832 -2.8377855393249551 1.3484178215213491
v 0.1134868900000000 -0.0009038900000000 0.0294392400000000
vn -0.0151713565278089 -2.8368514260153015 1.3484502774689391
v 0.1156292200000000 -0.0008960100000000 0.0294790600000000
vn -0.0152674563331971 -2.8381276692292619 1.3488332100980929
v 0.1177526200000000 -0.0008892900000000 0.0295178000000000
vn -0.0147101206918192 -2.8373610624952241 1.3477847743726001
v 0.1198568300000000 -0.0008816100000000 0.0295575400000000
vn -0.0143351543782732 -2.8377382536826774 1.3472659965478588
v 0.1219410500000000 -0.0008740300000000 0.0295960900000000
vn -0.0165314724602456 -2.8360785134704347 1.3522514810508577
v 0.1240084200000000 -0.0008665400000000 0.0296337900000000
vn -0.0126644273273792 -2.8405942612789921 1.3406841306415225
v 0.1260576700000000 -0.0008601900000000 0.0296726100000000
vn -0.0140728924317217 -2.8458593960316994 1.3322379291509301
v 0.1280901800000000 -0.0008528800000000 0.0297095500000000
vn -0.0145376362779638 -2.8465126380882295 1.3301093465575551
v 0.1325449900000000 -0.0008373000000000 0.0297925300000000
vn -0.0140740699238624 -2.8453763814760560 1.3308561596700246
v 0.1349568200000000 -0.0008280400000000 0.0298373800000000
vn -0.0145617940241148 -2.8464228498245996 1.3304081086530097
v 0.1373422800000000 -0.0008199600000000 0.0298813800000000
vn -0.0144364928412632 -2.8452488468826904 1.3302373214166803
v 0.1397012400000000 -0.0008109700000000 0.0299255500000000
vn -0.0140373278042242 -2.8466402699237623 1.3301558239061757
v 0.1420349800000000 -0.0008031600000000 0.0299679400000000
vn -0.0149893187077106 -2.8450650879886092 1.3316504002047069
v 0.1443443100000000 -0.0007944200000000 0.0300107400000000
vn -0.0144592328229266 -2.8464632929604803 1.3305629213688364
v 0.1466293600000000 -0.0007868600000000 0.0300529200000000
vn -0.0137187306213021 -2.8465654128664535 1.3279191590553709
v 0.1488900000000000 -0.0007783700000000 0.0300955100000000
vn -0.0141027274888557 -2.8465836962974365 1.3296773611566712
v 0.1511264700000000 -0.0007700100000000 0.0301364400000000
vn -0.0111400485831323 -2.8529181402531982 1.3152284059656769
v 0.1533364400000000 -0.0007617800000000 0.0301775500000000
vn -0.0135302094720942 -2.8589116947578015 1.3023266378025840
v 0.1555221100000000 -0.0007536800000000 0.0302180300000000
vn -0.0135683822030517 -2.8588669745082314 1.3021205480546574
v 0.1576856000000000 -0.0007457000000000 0.0302581200000000
vn -0.0134740330776084 -2.8589010872128346 1.3024553557853984
v 0.1598237500000000 -0.0007378400000000 0.0302974600000000
vn -0.0135886211189785 -2.8589413375062960 1.3022697690295462
v 0.1619407400000000 -0.0007300900000000 0.0303365300000000
vn -0.0135949579454083 -2.8588736362640379 1.3021878364104613
v 0.1640355400000000 -0.0007224600000000 0.0303752200000000
vn -0.0135747336912112 -2.8589142799219629 1.3022164023862730
v 0.1661060500000000 -0.0007149500000000 0.0304132700000000
vn -0.0128504637358463 -2.8601319424987364 1.3012061612184187
v 0.1681533200000000 -0.0007075700000000 0.0304508200000000
vn -0.0127948741823826 -2.8594389881965432 1.3004503620182919
v 0.1725763900000000 -0.0006900500000000 0.0305333900000000
vn -0.0095598642285037 -2.8666091377308467 1.2855604465197856
v 0.1749449900000000 -0.0006810000000000 0.0305765400000000
vn -0.0120249396660161 -2.8812000809705807 1.2525131647750380
v 0.1772829100000000 -0.0006721200000000 0.0306194000000000
vn -0.0121579485802744 -2.8813298640000542 1.2509471211859597
v 0.1795901600000000 -0.0006633900000000 0.0306619700000000
vn -0.0118030275567286 -2.8809352345244639 1.2542043187794882
v 0.1818647400000000 -0.0006548300000000 0.0307029600000000
vn -0.0123589508804482 -2.8818940187666207 1.2504034400511272
v 0.1841085300000000 -0.0006464300000000 0.0307447200000000
vn -0.0110790728798573 -2.8794453165852429 1.2561926073696954
v 0.1863227900000000 -0.0006371300000000 0.0307852500000000
vn -0.0121134663308416 -2.8808685475360076 1.2528831990585816
v 0.1885074300000000 -0.0006290300000000 0.0308256100000000
vn -0.0106193650562658 -2.8799750016358203 1.2543348437744664
v 0.1906635800000000 -0.0006200300000000 0.0308648800000000
vn -0.0118923689363313 -2.8793058745521956 1.2564757272283567
v 0.1927902200000000 -0.0006111800000000 0.0309029300000000
vn -0.0111378288113818 -2.8807571573225079 1.2542864086445953
v 0.1948872300000000 -0.0006035300000000 0.0309408000000000
vn -0.0112886417336731 -2.8802296739584308 1.2548988989535579
v 0.1969556500000000 -0.0005949800000000 0.0309786200000000
vn -0.0104245620890802 -2.8813087917903619 1.2503742411832370
v 0.1989944200000000 -0.0005865800000000 0.0310162700000000
vn -0.0063972566140558 -2.8928592250295981 1.2263090469282993
v 0.2010069400000000 -0.0005783200000000 0.0310520100000000
vn -0.0090239430462237 -2.9240487659547263 1.1502049761471733
v 0.2054357000000000 -0.0005597100000000 0.0311310000000000
vn -0.0084620464108048 -2.9195481322331513 1.1596203321743963
v 0.2078349800000000 -0.0005494500000000 0.0311744400000000
vn -0.0072248907467784 -2.9133374934899749 1.1754660535179735
v 0.2101920700000000 -0.0005383600000000 0.0312162900000000
vn -0.0084149118026957 -2.9168565762349665 1.1651696318964087
v 0.2125079100000000 -0.0005285300000000 0.0312577200000000
vn -0.0076864196682679 -2.9168512851406825 1.1686860017831646
v 0.2147858700000000 -0.0005189000000000 0.0312969800000000
vn -0.0068822484567622 -2.9157743201253483 1.1687927305419450
v 0.2170214000000000 -0.0005084300000000 0.0313367500000000
vn -0.0064855945650081 -2.9163100503939972 1.1674457617166727
v 0.2192168300000000 -0.0004981700000000 0.0313751600000000
vn -0.0021403353012908 -2.9271082917263076 1.1408125071604585
v 0.2213721700000000 -0.0004881100000000 0.0314122200000000
vn -0.0028232325728591 -2.9560020921663637 1.0627922098634879
v 0.2234895100000000 -0.0004772000000000 0.0314481600000000
vn -0.0034592029023808 -2.9685241222468757 1.0295032890028337
v 0.2255698900000000 -0.0004675200000000 0.0314831000000000
vn -0.0026732061923871 -2.9588348385208327 1.0536061356668176
v 0.2276111000000000 -0.0004570000000000 0.0315178600000000
vn -0.0013600635288517 -2.9524707295422314 1.0697043671323030
v 0.2319675700000000 -0.0004334900000000 0.0315897500000000
vn 0.0016806246432852 -2.9618909727191602 1.0482792466062132
v 0.2342702700000000 -0.0004216100000000 0.0316254600000000
vn 0.0017312424217128 -2.9616992679711602 1.0481487078851983
v 0.2365190400000000 -0.0004079000000000 0.0316603800000000
vn 0.0070931635051925 -2.9905409408698627 0.9605956506771457
v 0.2387159800000000 -0.0003944600000000 0.0316947300000000
vn 0.0000177090799057 -2.9415901775269986 1.0986906368283951
v 0.2408602600000000 -0.0003791900000000 0.0317263200000000
vn 0.1606319427477506 2.8590754148475890 -1.2917948925961351
v 0.2509431300000000 0.0026553100000000 0.0307712400000000
vn 0.1581671747305342 5.9297514190218168 -1.8153099841420151
v 0.0268159800000000 0.0040312200000000 0.0102995400000000
vn 0.0062511916670050 3.0683829418450825 -0.6673442467053192
v 0.0245931800000000 0.0039326900000000 0.0101248000000000
vn 0.1452130108696084 2.8054618482559404 -1.4063788017950487
v 0.0274636300000000 0.0012750200000000 0.0048683100000000
vn 0.1452123362754554 2.8054620188835138 -1.4063742151876064
v 0.0296994500000000 0.0012859700000000 0.0051209900000000
vn 0.1452223979011505 2.8054678273898519 -1.4063702918391843
v 0.0319352700000000 0.0012969100000000 0.0053736800000000
vn 0.1452078448623890 2.8054575687562000 -1.4063878719129588
v 0.0341700500000000 0.0013078400000000 0.0056262500000000
vn 0.1452153124040526 2.8054632838587006 -1.4063724017197528
v 0.0364058700000000 0.0013187900000000 0.0058789300000000
vn 0.1452223048574744 2.8054719541191351 -1.4063600343418701
v 0.0386417000000000 0.0013297300000000 0.0061316200000000
vn 0.1452067258875969 2.8054513763564701 -1.4064023747287902
v 0.0408764700000000 0.0013406600000000 0.0063841900000000
vn 0.1452164835082828 2.8054649786893893 -1.4063668654342809
v 0.0431123000000000 0.0013516100000000 0.0066368700000000
vn 0.1452145679063970 2.8054658587083243 -1.4063794716327633
v 0.0453481200000000 0.0013625500000000 0.0068895600000000
vn 0.1452127791312781 2.8054556923323046 -1.4063822154040222
v 0.0475839400000000 0.0013734900000000 0.0071422400000000
vn 0.1452173199640232 2.8054710497917821 -1.4063601316642709
v 0.0498187200000000 0.0013844300000000 0.0073948100000000
vn 0.1452145697794351 2.8054651095456458 -1.4063809658766204
v 0.0520545400000000 0.0013953700000000 0.0076475000000000
vn 0.1452131004129501 2.8054541207981400 -1.4063853171265239
v 0.0542903600000000 0.0014063100000000 0.0079001800000000
vn 0.1452169382546040 2.8054733763282802 -1.4063555299794970
v 0.0565251400000000 0.0014172500000000 0.0081527500000000
vn 0.1452146421959103 2.8054643526357097 -1.4063824682888038
v 0.0587609600000000 0.0014281900000000 0.0084054400000000
vn 0.1452163866336687 2.8054699688154185 -1.4063544877110401
v 0.0609967800000000 0.0014391300000000 0.0086581200000000
vn 0.1452141995035788 2.8054564750786071 -1.4063872794431875
v 0.0632326100000000 0.0014500700000000 0.0089108100000000
vn 0.1452144478110050 2.8054616928324956 -1.4063899357596934
v 0.0654673800000000 0.0014610100000000 0.0091633800000000
vn 0.1452160982219954 2.8054730167710438 -1.4063464027780104
v 0.0677032100000000 0.0014719500000000 0.0094160600000000
vn 0.1452149275234183 2.8054626674647256 -1.4063858004116194
v 0.0699390300000000 0.0014828900000000 0.0096687500000000
vn 0.1452141054616099 2.8054495070633991 -1.4063944167785773
v 0.0721748500000000 0.0014938300000000 0.0099214300000000
vn 0.1452158101031909 2.8054791802225547 -1.4063440684685760
v 0.0744096300000000 0.0015047700000000 0.0101740000000000
vn 0.1452150629846376 2.8054619057781771 -1.4063873058359868
v 0.0766454500000000 0.0015157100000000 0.0104266900000000
vn 0.1452144547751656 2.8054479331435678 -1.4063975203314478
v 0.0788812700000000 0.0015266500000000 0.0106793700000000
vn 0.1452153182530032 2.8054815153353871 -1.4063394609812925
v 0.0811160500000000 0.0015375900000000 0.0109319400000000
vn 0.1452152075365474 2.8054611436213213 -1.4063888112578256
v 0.0833518700000000 0.0015485300000000 0.0111846300000000
vn 0.1452146622893274 2.8054232699613384 -1.4064433517225319
v 0.0855876900000000 0.0015594700000000 0.0114373100000000
vn 0.1452146469632774 2.8055092851382315 -1.4062908205413069
v 0.0878235200000000 0.0015704200000000 0.0116900000000000
vn 0.1452153381902023 2.8054572995572151 -1.4063941377293010
v 0.0900582900000000 0.0015813500000000 0.0119425700000000
vn 0.1452154615118225 2.8054213109454125 -1.4064451425226558
v 0.0922941200000000 0.0015922900000000 0.0121952500000000
vn 0.1452136009082670 2.8055147141101378 -1.4062811151523102
v 0.0945299400000000 0.0016032400000000 0.0124479400000000
vn 0.1452175578971944 2.8053922399839029 -1.4065192130501945
v 0.0967647100000000 0.0016141700000000 0.0127005100000000
vn 0.1452135482507297 2.8054855616405190 -1.4063261080603846
v 0.0990005400000000 0.0016251200000000 0.0129531900000000
vn 0.1452142245995097 2.8054868838911711 -1.4063419322171811
v 0.1012363600000000 0.0016360600000000 0.0132058800000000
vn 0.1452166119664620 2.8054150891923704 -1.4064540842831139
v 0.1034711400000000 0.0016469900000000 0.0134584400000000
vn 0.1452132089714460 2.8054928111306774 -1.4063215057794038
v 0.1057069600000000 0.0016579400000000 0.0137111300000000
vn 0.1452033077595726 2.8056335726929902 -1.4060503947362724
v 0.1079427800000000 0.0016688800000000 0.0139638200000000
vn 0.1451636873127236 2.8056932132259380 -1.4059057731223936
v 0.1101775600000000 0.0016798100000000 0.0142163800000000
vn 0.1451585014977889 2.8057099022431324 -1.4058917432243510
v 0.1124144300000000 0.0016907600000000 0.0144691900000000
vn 0.1451558618090308 2.8057173095929397 -1.4058849491281982
v 0.1146492000000000 0.0017017000000000 0.0147217600000000
vn 0.1451566521857159 2.8057080797512555 -1.4058844357900981
v 0.1168850200000000 0.0017126400000000 0.0149744400000000
vn 0.1451556832315574 2.8057133089116237 -1.4058831225567940
v 0.1191198000000000 0.0017235800000000 0.0152270100000000
vn 0.1451645179002257 2.8057072569799795 -1.4059040108288294
v 0.1213556200000000 0.0017345200000000 0.0154797000000000
vn 0.1451562014469615 2.8057065880115624 -1.4058854236072018
v 0.1235914500000000 0.0017454600000000 0.0157323800000000
vn 0.1451580491694209 2.8057146352369013 -1.4058911791973214
v 0.1258262200000000 0.0017564000000000 0.0159849500000000
vn 0.1451627297463757 2.8057026137217114 -1.4058935979726659
v 0.1280630900000000 0.0017673400000000 0.0162377500000000
vn 0.1451592486551117 2.8057088592934081 -1.4058916344884933
v 0.1302978700000000 0.0017782800000000 0.0164903200000000
vn 0.1451604847746577 2.8057111789135263 -1.4058955827819555
v 0.1325336900000000 0.0017892200000000 0.0167430100000000
vn 0.1451566860218076 2.8057031456627133 -1.4058942791554399
v 0.1347695100000000 0.0018001600000000 0.0169956900000000
vn 0.1451618815871597 2.8057112758943790 -1.4058865398538218
v 0.1370042900000000 0.0018111000000000 0.0172482600000000
vn 0.1451538527274710 2.8057034116410891 -1.4059116666246030
v 0.1392401100000000 0.0018220400000000 0.0175009500000000
vn 0.1451575480494277 2.8057034363052056 -1.4058904749092589
v 0.1414748900000000 0.0018329800000000 0.0177535100000000
vn 0.1451646837940322 2.8057270994174721 -1.4058612540615625
v 0.1437117600000000 0.0018439300000000 0.0180063200000000
vn 0.1451588465164892 2.8057077730004236 -1.4059002207914033
v 0.1459465300000000 0.0018548600000000 0.0182588900000000
vn 0.1451552327221165 2.8056866784807517 -1.4059219124103113
v 0.1481823600000000 0.0018658000000000 0.0185115700000000
vn 0.1451626809653015 2.8057338151458469 -1.4058502010137228
v 0.1504181800000000 0.0018767500000000 0.0187642600000000
vn 0.1451718960014617 2.8058170017387840 -1.4056788324420288
v 0.1526529600000000 0.0018876800000000 0.0190168300000000
vn 0.1450557584017861 2.8061508385022482 -1.4050098809670988
v 0.1548887800000000 0.0018986200000000 0.0192695100000000
vn 0.1450534810422682 2.8061668286371768 -1.4049990798415846
v 0.1571235500000000 0.0019095600000000 0.0195220800000000
vn 0.1450543431891150 2.8061549853833445 -1.4050018492863012
v 0.1593593800000000 0.0019205000000000 0.0197747600000000
vn 0.1450714506482364 2.8061133842324191 -1.4050928998464600
v 0.1615952000000000 0.0019314400000000 0.0200274500000000
vn 0.1450523970663095 2.8061652943733613 -1.4049958530244280
v 0.1638299800000000 0.0019423800000000 0.0202800200000000
vn 0.1450464432098310 2.8061783570288852 -1.4049657345679063
v 0.1660668400000000 0.0019533300000000 0.0205328200000000
vn 0.1450789525311825 2.8060948747697929 -1.4051203611292200
v 0.1683016200000000 0.0019642600000000 0.0207853900000000
vn 0.1450443459696670 2.8061864519398103 -1.4049641738708705
v 0.1705374400000000 0.0019752100000000 0.0210380800000000
vn 0.1450547772381049 2.8061518556849414 -1.4050069322954222
v 0.1727732700000000 0.0019861500000000 0.0212907600000000
vn 0.1450548927108979 2.8061570360899588 -1.4050086560676327
v 0.1750080400000000 0.0019970900000000 0.0215433300000000
vn 0.1450671543778714 2.8061364994740225 -1.4050571191311585
v 0.1772438600000000 0.0020080300000000 0.0217960200000000
vn 0.1450561185570342 2.8061481830635868 -1.4050152519425927
v 0.1794796900000000 0.0020189700000000 0.0220487000000000
vn 0.1450659781761950 2.8061359248744111 -1.4050484481026400
v 0.1817155100000000 0.0020299100000000 0.0223013900000000
vn 0.1450553613530383 2.8061553259525547 -1.4050198221757222
v 0.1839502900000000 0.0020408500000000 0.0225539600000000
vn 0.1450579653781909 2.8061448248832002 -1.4050227867378557
v 0.1861861100000000 0.0020517900000000 0.0228066400000000
vn 0.1450625838580639 2.8061468439420518 -1.4050358128086300
v 0.1884219300000000 0.0020627300000000 0.0230593300000000
vn 0.1450533563248802 2.8061474285658878 -1.4050181623981182
v 0.1906567100000000 0.0020736700000000 0.0233118900000000
vn 0.1450589858948549 2.8061472317104101 -1.4050265880423867
v 0.1928925300000000 0.0020846100000000 0.0235645800000000
vn 0.1450624666097519 2.8061555237716718 -1.4050198113227770
v 0.1951273100000000 0.0020955500000000 0.0238171500000000
vn 0.1450581257098840 2.8061399378207992 -1.4050302898616640
v 0.1973641800000000 0.0021064900000000 0.0240699500000000
vn 0.1450617958299567 2.8061543668666258 -1.4050132744760122
v 0.1995989500000000 0.0021174300000000 0.0243225200000000
vn 0.1450590389341284 2.8061454370634111 -1.4050401070216330
v 0.2018347700000000 0.0021283700000000 0.0245752100000000
vn 0.1450582315283786 2.8061353033929830 -1.4050396342705109
v 0.2040706000000000 0.0021393100000000 0.0248278900000000
vn 0.1450603957655226 2.8061595824549554 -1.4050040206065006
v 0.2063053700000000 0.0021502500000000 0.0250804600000000
vn 0.1450595613072090 2.8061439203984113 -1.4050410453779272
v 0.2085412000000000 0.0021611900000000 0.0253331500000000
vn 0.1450585623492351 2.8061107770742195 -1.4050862566045235
v 0.2107770200000000 0.0021721300000000 0.0255858300000000
vn 0.1450589570831934 2.8061689193154611 -1.4050010348544977
v 0.2130128400000000 0.0021830800000000 0.0258385200000000
vn 0.1450581045876222 2.8061660735242340 -1.4049759633878871
v 0.2152476200000000 0.0021940100000000 0.0260910800000000
vn 0.1450611606708797 2.8061041653815675 -1.4051080096254043
v 0.2174834400000000 0.0022049500000000 0.0263437700000000
vn 0.1450580514543455 2.8061732561929738 -1.4049924663762772
v 0.2197192600000000 0.0022159000000000 0.0265964600000000
vn 0.1450565898511910 2.8061727647346260 -1.4049627553032766
v 0.2219540400000000 0.0022268300000000 0.0268490200000000
vn 0.1450636060310405 2.8060931386477717 -1.4051297780864993
v 0.2241898600000000 0.0022377700000000 0.0271017100000000
vn 0.1450571134059720 2.8061775941710976 -1.4049838989806485
v 0.2264256800000000 0.0022487200000000 0.0273544000000000
vn 0.1450550712220881 2.8061794559365736 -1.4049495474797618
v 0.2286604600000000 0.0022596500000000 0.0276069600000000
vn 0.1450666566245135 2.8060772932112621 -1.4051621248172310
v 0.2308962800000000 0.0022705900000000 0.0278596500000000
vn 0.1450604705114854 2.8061406371963362 -1.4050519763100273
v 0.2331321100000000 0.0022815400000000 0.0281123400000000
vn 0.1450475472459561 2.8062384402438516 -1.4048402226917829
v 0.2353679300000000 0.0022924800000000 0.0283650200000000
vn 0.1450691829355936 2.8060647616642762 -1.4051835423061043
v 0.2376027000000000 0.0023034100000000 0.0286175900000000
vn 0.1449415392646699 2.8070299497035114 -1.4032867400341564
v 0.2398385300000000 0.0023143600000000 0.0288702800000000
vn 0.1447508821242095 2.8074912008540873 -1.4023666457091446
v 0.2420743500000000 0.0023253000000000 0.0291229600000000
vn 0.1447689089457633 2.8074545727529561 -1.4024425783145282
v 0.2443091300000000 0.0023362300000000 0.0293755300000000
vn 0.1447359473741841 2.8075090150202389 -1.4023326199671380
v 0.2465449500000000 0.0023471800000000 0.0296282100000000
vn 0.1613083142379536 2.8136194795604768 -1.3881275003687437
v 0.2487807700000000 0.0023581200000000 0.0298809000000000
vn -0.0038294817908251 3.1200488998787153 0.3752223462121435
v 0.2489239100000000 0.0027566500000000 0.0318302400000000
vn -0.0097577862272085 3.1185393791432974 0.3846087366897541
v 0.2469797900000000 0.0027550200000000 0.0318075500000000
vn -0.0140363494892087 3.1179887228927017 0.3780871524702830
v 0.2449911800000000 0.0027500000000000 0.0317851100000000
vn -0.0162126046027254 3.1202261494755774 0.3635493838305167
v 0.2429551500000000 0.0027436900000000 0.0317604900000000
vn -0.0032534897810699 3.1020696932413041 0.4991496298950904
v 0.2414289900000000 0.0027379100000000 0.0317415800000000
vn -0.0326797268968634 6.0460571482328742 1.5930462719802274
v 0.2296012600000000 0.0028108900000000 0.0312275000000000
vn -0.0437483718334166 5.9646667011824102 1.7815405319253426
v 0.1757695700000000 0.0031403400000000 0.0288889800000000
vn -0.0461783084946817 5.9321881398732907 1.8497256148598593
v 0.1072980200000000 0.0035590100000000 0.0259144700000000
vn -0.0462694924103753 5.9271688612587692 1.8583624695065177
v 0.0882389100000000 0.0036761300000000 0.0250869600000000
vn 0.0249601725167309 2.9591152335427839 1.0305569257156060
v 0.0232245100000000 0.0039610700000000 0.0222338700000000
vn -0.0480466597021187 3.1316416402837115 0.1842232457714630
v 0.0239046200000000 0.0048609100000000 0.0161771100000000
vn 0.0255474050161107 3.1399064374102381 -0.0928230050537341
v 0.2508654600000000 0.0027488300000000 0.0314543800000000
vn -0.0206414660919313 3.0073973749416218 0.9018110031903234
v 0.2408737000000000 0.0027360900000000 0.0317349600000000
vn -0.0248236661611674 2.9798214017028073 0.9904796055018009
v 0.2387461100000000 0.0027282600000000 0.0317052800000000
vn -0.0289778264609827 2.9546146801855717 1.0655806873232927
v 0.2365723900000000 0.0027191500000000 0.0316714500000000
vn -0.0298870207295787 2.9508688454629395 1.0789573648735657
v 0.2343523100000000 0.0027098100000000 0.0316355500000000
vn -0.0317739009858336 2.9415299235953221 1.0992930450514562
v 0.2300091900000000 0.0026884600000000 0.0315672900000000
vn -0.0347464211740936 2.9153494307591501 1.1692763907850916
v 0.2278939500000000 0.0026775500000000 0.0315315900000000
vn -0.0332786782112859 2.9231130478373517 1.1509197395519137
v 0.2257427900000000 0.0026675200000000 0.0314950000000000
vn -0.0369301561738112 2.9078113387132216 1.1901012783472431
v 0.2235525900000000 0.0026551700000000 0.0314571700000000
vn -0.0360884102672833 2.9101019283293978 1.1825108148464962
v 0.2213210200000000 0.0026426200000000 0.0314199700000000
vn -0.0364087095577137 2.9088179662334239 1.1843573125940832
v 0.2190514500000000 0.0026298600000000 0.0313816400000000
vn -0.0372922202434420 2.9077344192614643 1.1882275117392633
v 0.2167419000000000 0.0026169100000000 0.0313409200000000
vn -0.0373938475130531 2.9078350735467438 1.1889014374343980
v 0.2143933100000000 0.0026037600000000 0.0312989500000000
vn -0.0383474672455937 2.9095737916132314 1.1848948564382580
v 0.2120034600000000 0.0025903900000000 0.0312565700000000
vn -0.0392830321800107 2.9124257688144306 1.1752349860946700
v 0.2075111600000000 0.0025630300000000 0.0311777900000000
vn -0.0390932126229795 2.9120936723889614 1.1785846836104825
v 0.2054226700000000 0.0025501700000000 0.0311398000000000
vn -0.0362341177219059 2.8886151070275377 1.2349575345667596
v 0.2033055800000000 0.0025371500000000 0.0311017600000000
vn -0.0401111724685097 2.8764476344020826 1.2618179322575507
v 0.2011588600000000 0.0025239900000000 0.0310635500000000
vn -0.0404955217418097 2.8758623053131047 1.2640295751623991
v 0.1989826200000000 0.0025106700000000 0.0310241200000000
vn -0.0403339887693727 2.8762273677760790 1.2634064769975701
v 0.1967746500000000 0.0024971900000000 0.0309842800000000
vn -0.0403739644386016 2.8761135361902448 1.2630665711660845
v 0.1945370500000000 0.0024835600000000 0.0309442700000000
vn -0.0413980960550011 2.8747646844749020 1.2651848179054968
v 0.1922699300000000 0.0024687200000000 0.0309030400000000
vn -0.0417585112774499 2.8759960129422959 1.2641477689543323
v 0.1899732900000000 0.0024547900000000 0.0308605900000000
vn -0.0407828577272140 2.8742375035356011 1.2671650424741121
v 0.1876449300000000 0.0024396300000000 0.0308177300000000
vn -0.0416965894932705 2.8764929587772978 1.2628997478821955
v 0.1852837900000000 0.0024253700000000 0.0307743500000000
vn -0.0389295606041508 2.8643980205677426 1.2890971751262679
v 0.1808119700000000 0.0023960200000000 0.0306925800000000
vn -0.0415391062872452 2.8613828682971008 1.2966841098061899
v 0.1787108100000000 0.0023830900000000 0.0306542200000000
vn -0.0427647808531019 2.8603768088340984 1.2982637760655198
v 0.1765864100000000 0.0023689900000000 0.0306153500000000
vn -0.0419279351569029 2.8599012642061057 1.2987598898652295
v 0.1744377100000000 0.0023547600000000 0.0305758500000000
vn -0.0427794348985147 2.8611231380609494 1.2970212248761275
v 0.1722636800000000 0.0023414600000000 0.0305356100000000
vn -0.0425777424203478 2.8609394157299048 1.2979700604917312
v 0.1700643200000000 0.0023269700000000 0.0304946300000000
vn -0.0399521079830209 2.8547563827013067 1.3104919117593314
v 0.1678395100000000 0.0023123600000000 0.0304539400000000
vn -0.0431110176689659 2.8486685409524988 1.3238509864293120
v 0.1655883200000000 0.0022976000000000 0.0304123900000000
vn -0.0430538599056097 2.8490010795964946 1.3238442892820530
v 0.1633138800000000 0.0022827300000000 0.0303703300000000
vn -0.0430455782149897 2.8486474586204946 1.3232904445359974
v 0.1610129500000000 0.0022677200000000 0.0303284500000000
vn -0.0440249204586788 2.8481450492496876 1.3251983579656279
v 0.1586878500000000 0.0022515400000000 0.0302849000000000
vn -0.0430976962277137 2.8481313340403407 1.3245687245768927
v 0.1563362500000000 0.0022362600000000 0.0302415300000000
vn -0.0428675349984388 2.8483661172697770 1.3251851755236923
v 0.1539561700000000 0.0022208500000000 0.0301970700000000
vn -0.0437477174278396 2.8490530612974898 1.3226164832640903
v 0.1495457100000000 0.0021918200000000 0.0301158800000000
vn -0.0410140170360805 2.8433936036700653 1.3357372833619041
v 0.1475260200000000 0.0021782600000000 0.0300782500000000
vn -0.0439088456806057 2.8362841530998413 1.3493668622741199
v 0.1454883200000000 0.0021646000000000 0.0300407100000000
vn -0.0443146889013452 2.8365022123226238 1.3512543190258475
v 0.1434306300000000 0.0021508500000000 0.0300019600000000
vn -0.0434062651147503 2.8369587616398300 1.3480935342171452
v 0.1413548000000000 0.0021370000000000 0.0299643400000000
vn -0.0440717379014688 2.8364313701650539 1.3496867557526357
v 0.1392600300000000 0.0021230500000000 0.0299256400000000
vn -0.0454109421123728 2.8350567518361829 1.3523925048108125
v 0.1371463300000000 0.0021079600000000 0.0298858600000000
vn -0.0439227427094277 2.8365760468961128 1.3508451090997111
v 0.1350114700000000 0.0020938000000000 0.0298458100000000
vn -0.0434658230648300 2.8360744906516628 1.3500855764249091
v 0.1328563900000000 0.0020795400000000 0.0298066400000000
vn -0.0448685786426351 2.8364618901087342 1.3495007920752258
v 0.1306834100000000 0.0020651900000000 0.0297665200000000
vn -0.0442444218430725 2.8359879575181468 1.3506805581448535
v 0.1284904500000000 0.0020496900000000 0.0297251900000000
vn -0.0443187868251202 2.8368962348203777 1.3506954571291732
v 0.1262784200000000 0.0020351400000000 0.0296838300000000
vn -0.0442125476646066 2.8351894019090405 1.3501972421124004
v 0.1240472200000000 0.0020194400000000 0.0296434800000000
vn -0.0447116528530496 2.8374397527385558 1.3493350892087965
v 0.1217951000000000 0.0020046800000000 0.0296007600000000
vn -0.0434647633881965 2.8343586247968364 1.3540160829074170
v 0.1195217200000000 0.0019887600000000 0.0295588200000000
vn -0.0424248372752156 2.8305160283708863 1.3617747552440713
v 0.1172282200000000 0.0019737900000000 0.0295167200000000
vn -0.0440995520820103 2.8282866179476640 1.3668787410039882
v 0.1128220700000000 0.0019437300000000 0.0294349600000000
vn -0.0452096597823479 2.8271498967534514 1.3682816399126128
v 0.1107156900000000 0.0019286700000000 0.0293960100000000
vn -0.0447372798858814 2.8282301727433783 1.3680963281195149
v 0.1085934900000000 0.0019145800000000 0.0293563200000000
vn -0.0447316982186002 2.8272242452620997 1.3679716914560576
v 0.1064553800000000 0.0018993600000000 0.0293169600000000
vn -0.0450091408279961 2.8282439206182932 1.3679477243850064
v 0.1042993700000000 0.0018851000000000 0.0292766300000000
vn -0.0440062441003901 2.8271540127190349 1.3691454567410180
v 0.1021264000000000 0.0018697000000000 0.0292365100000000
vn -0.0451195758072140 2.8281511824547882 1.3669429274876570
v 0.0999354100000000 0.0018552500000000 0.0291964600000000
vn -0.0431475851094769 2.8247322743527019 1.3737567857359347
v 0.0977254800000000 0.0018396600000000 0.0291553400000000
vn -0.0455249017417121 2.8221118714614910 1.3802591083582960
v 0.0954986900000000 0.0018239800000000 0.0291133600000000
vn -0.0440390088187359 2.8230211549709234 1.3778029915762300
v 0.0932516900000000 0.0018092500000000 0.0290722900000000
vn -0.0453704008940879 2.8221165424816435 1.3789910893157891
v 0.0909888800000000 0.0017933900000000 0.0290304800000000
vn -0.0451971066559832 2.8228057383807590 1.3794450938237344
v 0.0887081700000000 0.0017774300000000 0.0289877100000000
vn -0.0452760700144224 2.8218424720893394 1.3786341722206665
v 0.0864093400000000 0.0017613800000000 0.0289460600000000
vn -0.0449929958662350 2.8227269292824317 1.3796080910381550
v 0.0840927200000000 0.0017452400000000 0.0289024100000000
vn -0.0450574525211850 2.8220672948671082 1.3790123976622790
v 0.0817579700000000 0.0017290000000000 0.0288598900000000
vn -0.0454496647299896 2.8224145148873507 1.3783121405208478
v 0.0794042800000000 0.0017126700000000 0.0288162800000000
vn -0.0448571579764674 2.8223778283492811 1.3801309239373056
v 0.0770316500000000 0.0016962400000000 0.0287715900000000
vn -0.0433728887546447 2.8189905649640354 1.3853631010270311
v 0.0746388000000000 0.0016797000000000 0.0287278000000000
vn -0.0453524784155411 2.8152749392354788 1.3917384523192646
v 0.0701279400000000 0.0016480500000000 0.0286447900000000
vn -0.0449630437841706 2.8169111671529166 1.3914323014312635
v 0.0680152800000000 0.0016340100000000 0.0286051300000000
vn -0.0457060602232092 2.8156665833122880 1.3924396889638424
v 0.0658887900000000 0.0016188500000000 0.0285660200000000
vn -0.0457084295395413 2.8159976333304995 1.3926480587416112
v 0.0637485900000000 0.0016036100000000 0.0285264200000000
vn -0.0455465134237969 2.8153458468493660 1.3920212371945262
v 0.0615935100000000 0.0015883000000000 0.0284872500000000
vn -0.0459761801335652 2.8159472156509366 1.3927552182027410
v 0.0594237900000000 0.0015729200000000 0.0284464300000000
vn -0.0447157375598240 2.8157758554764252 1.3926426865061436
v 0.0572392000000000 0.0015574500000000 0.0284060500000000
vn -0.0452652845518188 2.8156417043984168 1.3918400992602726
v 0.0550397200000000 0.0015429700000000 0.0283661100000000
vn -0.0452986371477423 2.8164494955459869 1.3926073886257513
v 0.0528245600000000 0.0015273500000000 0.0283243900000000
vn -0.0443239798217103 2.8140706065735204 1.3950452202588823
v 0.0505933600000000 0.0015116400000000 0.0282840400000000
vn -0.0469783841375811 2.8118615472546056 1.4002761438091960
v 0.0483464800000000 0.0014948100000000 0.0282419100000000
vn -0.0454881976818814 2.8130213557791790 1.3987239115719614
v 0.0460826300000000 0.0014789400000000 0.0281999800000000
vn -0.0451637693266457 2.8127298370160010 1.3982145807243460
v 0.0438049400000000 0.0014630000000000 0.0281586100000000
vn -0.0454225341717939 2.8126848254698267 1.3983022363939166
v 0.0415114500000000 0.0014469700000000 0.0281165100000000
vn -0.0460284217649754 2.8133075860100254 1.3984783280426378
v 0.0392021600000000 0.0014308700000000 0.0280736900000000
vn -0.0455981185478008 2.8123945486637574 1.3985089448468879
v 0.0368779900000000 0.0014136300000000 0.0280313000000000
vn -0.0454345399098840 2.8125302420459728 1.3986209440123731
v 0.0345390600000000 0.0013973800000000 0.0279883000000000
vn -0.0461776598142548 2.8135533974370315 1.3978871261879324
v 0.0321843300000000 0.0013810400000000 0.0279445700000000
vn -0.0454225751894894 2.8121893148820760 1.3989346533439939
v 0.0298136700000000 0.0013635600000000 0.0279011700000000
vn -0.0449577892605469 2.8113383885203400 1.4024423421599033
v 0.0274282600000000 0.0013470700000000 0.0278571500000000
vn -0.0200163197015746 2.8002328672551950 1.4217483880015669
v 0.0250279700000000 0.0013294400000000 0.0278135700000000
vn -5.8549668264209291 0.6933962976761809 0.3787235320291801
v -0.0274066800000000 -0.0567101800000000 0.0833504900000000
vn -5.8750944231265985 -0.9979980444153107 0.3016660292696380
v -0.0274058900000000 -0.0568617300000000 0.0833500800000000
vn -5.8464511635128833 -0.0526819027368149 -0.7514845187583564
v -0.0225473100000000 -0.0326193000000000 0.0391458300000000
vn -5.8512489370952752 0.0355197342620025 -1.9089199414728122
v -0.0227602600000000 0.0262984900000000 0.0386434700000000
vn -5.8538254323107113 0.0749431406820313 -0.7314153470665681
v -0.0244083200000000 0.0511278100000000 0.0519937000000000
vn -5.8553516437319129 0.0839135722297605 -0.7095962322503644
v -0.0250025000000000 0.0538724400000000 0.0571318600000000
vn -5.8528722865874308 0.0665258319987558 -0.6865183033446450
v -0.0256369400000000 0.0555452200000000 0.0626657500000000
vn -5.9931915609803665 1.2027274230080738 -0.7341720491401074
v -0.0262841600000000 0.0561935300000000 0.0685292300000000
vn -5.8863919969800129 0.8623301169321764 0.1936501708187879
v -0.0279936400000000 0.0561435200000000 0.0836572400000000
vn -5.8802056953204058 -0.8856798455383270 0.2281388527665817
v -0.0279928500000000 0.0559919700000000 0.0836568300000000
vn -5.8583152755476613 0.0911732372397411 -0.7874915836749312
v -0.0238725500000000 0.0473840000000000 0.0474328000000000
vn -5.8657510278674536 0.0172351100981195 -0.7383295981336336
v -0.0234336500000000 0.0428505500000000 0.0437446700000000
vn -5.8470202082086864 0.0214645015134642 -0.7783572216366219
v -0.0231022500000000 0.0377515000000000 0.0410160200000000
vn -5.8362359738100871 0.0029217265685528 -0.8191229796593354
v -0.0228804000000000 0.0320898900000000 0.0392908200000000
vn -6.1518341255799109 -0.0942507956165116 0.4763208599083218
v -0.0227772800000000 0.0262979900000000 0.0387940600000000
vn -5.8465918459252588 -0.0785871363709892 -0.7799350634602267
v -0.0227072200000000 -0.0381885500000000 0.0408094700000000
vn -5.8473794485684358 -0.0980785942218080 -0.7656548570571939
v -0.0229906400000000 -0.0433619600000000 0.0435404700000000
vn -5.8567166939693385 -0.1541517009882155 -0.7832814389053985
v -0.0233870300000000 -0.0479544800000000 0.0472640700000000
vn -5.8676753985049332 -0.1065724462177257 -0.7111714210094513
v -0.0238783700000000 -0.0516685800000000 0.0517719200000000
vn -5.8536924743492573 -0.1457725455460339 -0.7122088760264113
v -0.0244394300000000 -0.0544168700000000 0.0568387600000000
vn -5.8478992253556425 -0.1922775143414593 -0.6938138523839379
v -0.0250675100000000 -0.0561560600000000 0.0624640700000000
vn -2.8481172279608415 -3.3984474054969755 -1.2354040312014587
v -0.0113016100000000 -0.0560617300000000 0.0622286300000000
vn -2.4474142457346928 -3.4247342519792943 -2.0633133931411658
v -0.0118247300000000 -0.0564797100000000 0.0639983100000000
vn -1.9830975878005670 -3.4643441095676750 -2.7001267074733226
v -0.0129256800000000 -0.0567547000000000 0.0654860500000000
vn -1.1236013784225913 -3.4825482244932009 -3.0484074927294520
v -0.0144505800000000 -0.0569053400000000 0.0664931000000000
vn -0.1397982066303529 -3.4787173351226706 -3.2196030252493086
v -0.0162507600000000 -0.0569706000000000 0.0669238800000000
vn 0.8909521059450337 -3.4746019837180184 -3.1031483489385763
v -0.0180546900000000 -0.0569794300000000 0.0667200100000000
vn 1.7842009983221412 -3.4639745215212132 -2.7395551605651556
v -0.0197137500000000 -0.0569300400000000 0.0658972200000000
vn 2.4142969865962995 -3.4612831592494024 -2.0127824088493389
v -0.0209769400000000 -0.0567941000000000 0.0645761200000000
vn 3.0095094668804920 -3.4077375549775240 -1.4215868382360701
v -0.0217204700000000 -0.0565270800000000 0.0628778100000000
vn 3.0427236175358958 -3.3376575674782525 -0.6808980878949030
v -0.0218386300000000 -0.0561132900000000 0.0610377700000000
vn 2.8232926714756257 -3.2834163391865796 0.2087175684712527
v -0.0212916200000000 -0.0555582400000000 0.0592193500000000
vn 2.3679433803459533 -3.2213560946831779 0.9493238962945817
v -0.0201884500000000 -0.0549802000000000 0.0577551100000000
vn 1.4706814315798076 -3.1151036539459063 1.3350102446429728
v -0.0186826500000000 -0.0544939900000000 0.0567713700000000
vn 0.4105041428869188 -3.0774639213066095 1.5390975096955650
v -0.0168948200000000 -0.0542014800000000 0.0563463000000000
vn -0.7367098452359895 -3.0934659437724967 1.4192252200336548
v -0.0150960100000000 -0.0541916200000000 0.0565485400000000
vn -1.7398260627752382 -3.2066092836686182 1.1376360408445214
v -0.0134454000000000 -0.0544673000000000 0.0573622100000000
vn -1.5183142934337708 -2.5602923934268329 -0.3214834383262598
v -0.0121921500000000 -0.0549400000000000 0.0586546000000000
vn -2.7912469154204977 -3.2902501270999727 -0.5042919016090095
v -0.0114350400000000 -0.0555089400000000 0.0603301400000000
vn -0.5252269848722071 -0.2602669797004286 -6.0985785832453931
v -0.0221494200000000 -0.0267171500000000 0.0382332600000000
vn -0.5441457709065067 -1.1385313602607245 -5.9443587608110855
v -0.0221841100000000 -0.0326367500000000 0.0387965300000000
vn -0.5854986897205244 -2.2808091966173527 -5.6016235668759498
v -0.0223482400000000 -0.0383243500000000 0.0404950900000000
vn -0.7834491985798248 -4.9371004743422660 -3.4371945990692954
v -0.0235300700000000 -0.0519507100000000 0.0515421900000000
vn -0.9301745631038921 -5.4848761676694933 -2.4469850852624235
v -0.0241032900000000 -0.0547673100000000 0.0567362100000000
vn -1.0819797238856734 -5.8400331855705039 -1.3026474575886067
v -0.0247323300000000 -0.0565108700000000 0.0623775900000000
vn 1.1867427422044565 -6.0206792423050839 0.2373894395441098
v -0.0114945400000000 -0.0570453100000000 0.0698261200000000
vn 2.4369162928825419 -4.9036064049355934 0.3156589006052648
v -0.0100998800000000 -0.0567999500000000 0.0662468700000000
vn 2.4966396208379806 -4.8713890465811938 -0.5534637355176562
v -0.0084422500000000 -0.0558957100000000 0.0619899000000000
vn 2.4513145268542043 -4.3981403061159297 -2.5885696674313508
v -0.0048347100000000 -0.0511840700000000 0.0526850400000000
vn 2.5188837862227258 -3.7413482747318865 -3.4579556100879483
v -0.0032147400000000 -0.0473060000000000 0.0484918900000000
vn 2.5208744557188294 -2.9585971221160903 -4.2585012784852045
v -0.0019262100000000 -0.0427541600000000 0.0451404800000000
vn 2.3959188153231201 -2.0128505012974629 -4.9920031337889439
v -0.0009920500000000 -0.0376761800000000 0.0426902000000000
vn 2.1051051822044755 -0.8963600168519044 -5.5644273836822675
v -0.0004326900000000 -0.0322333500000000 0.0411975400000000
vn 1.7281963940537088 -0.2533347831460977 -5.8708703523967856
v -0.0002638800000000 -0.0266100500000000 0.0407067000000000
vn 0.0180816798459351 -0.0003448239696847 -0.1599759248823212
v -0.0111595900000000 -0.0266633700000000 0.0394753000000000
vn -0.5592105195820343 -2.9566462666206883 -3.5546669096499977
v -0.0087881300000000 -0.0270390600000000 0.0397441500000000
vn -1.3717712178502621 -2.6087941833891986 -3.6429156880008393
v -0.0066539200000000 -0.0281474500000000 0.0400166100000000
vn -1.8423735018899534 -1.8820760243511199 -3.6798944428072877
v -0.0050202600000000 -0.0298342400000000 0.0403290900000000
vn -2.4554327416463231 -1.5263031607168860 -3.7130539644680525
v -0.0039825500000000 -0.0320138100000000 0.0407537000000000
vn -2.5578919207440820 -0.9226564847134245 -3.6376104622910854
v -0.0037098200000000 -0.0344008500000000 0.0413114900000000
vn -2.5154416408260944 -0.2107971854362265 -3.5458772282674302
v -0.0042244000000000 -0.0367786100000000 0.0419847500000000
vn -2.1100986945464499 0.3516093816305634 -3.3567739214192622
v -0.0054685200000000 -0.0388960700000000 0.0426823500000000
vn -1.4756601663628577 0.9651340066185314 -3.2212513538673004
v -0.0072428200000000 -0.0404981100000000 0.0432412500000000
vn -0.6368416349249660 1.3716959219206921 -3.0885396794832438
v -0.0093752700000000 -0.0414992900000000 0.0435318300000000
vn 1.2778788875482854 1.3555745838469753 -2.8573294738341777
v -0.0136628600000000 -0.0415202700000000 0.0430472600000000
vn 1.9760617829179443 0.6888384115567281 -2.6432289289475461
v -0.0156883400000000 -0.0405383900000000 0.0422867700000000
vn 2.8475420876683195 0.4238859385623366 -2.8176635894120299
v -0.0173084400000000 -0.0389519100000000 0.0413431900000000
vn 3.2108043056649427 -0.1715287605783651 -2.8986472994913406
v -0.0183848500000000 -0.0368458000000000 0.0403833300000000
vn 3.2914770196528362 -0.9254622984907697 -2.9657546989856707
v -0.0187591600000000 -0.0344723900000000 0.0396096100000000
vn 3.1832828481183695 -1.4262199906678787 -3.0832357313969045
v -0.0183918900000000 -0.0320832700000000 0.0391241500000000
vn 2.7474341683481480 -2.0736627394159663 -3.1595436043074523
v -0.0173056700000000 -0.0298922500000000 0.0389395800000000
vn 2.1927619377907455 -2.5853835401167835 -3.2388431758252749
v -0.0156589200000000 -0.0281904700000000 0.0389989000000000
vn 1.3673060433136532 -2.9467752410062640 -3.3415427330988861
v -0.0135316700000000 -0.0270622800000000 0.0392080500000000
vn 0.0180586809072141 -0.0003455152532651 -0.1597724901305037
v -0.0111606300000000 -0.0266633700000000 0.0394751800000000
vn -6.0771133401977862 -0.1629208693204445 -0.6872149333113160
v -0.0198642900000000 -0.0571074100000000 0.0766551900000000
vn -2.4218725607083496 -3.6728551927908000 -1.8129045053001893
v -0.0201512000000000 -0.0571108800000000 0.0773853300000000
vn -1.1956718337962238 -3.6624783095607989 -2.7913981776926517
v -0.0207634300000000 -0.0571153900000000 0.0778732300000000
vn 0.8625267741318764 3.7751266882284442 -2.8279412536379436
v -0.0218892300000000 -0.0571214200000000 0.0779346400000000
vn 1.8244160202091257 -3.6476935896533416 -2.4505699462731418
v -0.0222693100000000 -0.0571227600000000 0.0777030400000000
vn 2.8007415362948818 -3.6472397574863069 -1.2226657594355475
v -0.0227572200000000 -0.0571236400000000 0.0770908000000000
vn 6.0786110894000034 -0.1034597748563861 0.6865049415586901
v -0.0228739700000000 -0.0571221400000000 0.0763150400000000
vn 2.4599880461647241 -3.6572311624910410 1.7929772794921068
v -0.0225870500000000 -0.0571186600000000 0.0755849000000000
vn 1.2317829607209254 -3.6662930374207159 2.7717671433018065
v -0.0219748300000000 -0.0571141500000000 0.0750970000000000
vn -0.9018863002231656 3.7504231111688120 2.8483758228600209
v -0.0208491400000000 -0.0571081300000000 0.0750366400000000
vn -1.7839960054937718 -3.6810581258311128 2.4310621806502586
v -0.0204689400000000 -0.0571067800000000 0.0752671900000000
vn -2.7626170985101663 -3.6828233722160912 1.2027197902172952
v -0.0199810300000000 -0.0571059100000000 0.0758794300000000
vn -1.0294586912605319 -5.8207877482556434 0.8328180704238450
v -0.0271031400000000 -0.0571633400000000 0.0833832900000000
vn 0.7416446686935192 -5.8560423920860680 1.1628262000456919
v -0.0172573600000000 -0.0571151600000000 0.0844960300000000
vn -1.6695833352814387 -0.7468538973148138 5.6185536564761094
v -0.0271387500000000 -0.0568612500000000 0.0836853000000000
vn -1.6127007192563194 0.9524511056555741 5.6609193459986979
v -0.0271395400000000 -0.0567097000000000 0.0836857100000000
vn 0.0555580885555037 1.0993202278162064 5.9404710371885372
v -0.0172937600000000 -0.0566615200000000 0.0847984500000000
vn 0.0705641120506200 -0.8611543889009934 5.9570824014366410
v -0.0172929700000000 -0.0568130600000000 0.0847980400000000
vn -2.8007546553642539 3.6472496490330788 1.2226637921260175
v -0.0199849700000000 -0.0563492300000000 0.0758814900000000
vn 2.1945926990855815 2.4653080985333653 -1.9366041404612828
v -0.0201950700000000 -0.0563492400000000 0.0754839100000000
vn -1.8717818008326619 2.4686201295130932 -2.2807921207336603
v -0.0223781700000000 -0.0563601200000000 0.0753106200000000
vn 2.4218549021198714 3.6728380697544494 1.8128950317267483
v -0.0225909900000000 -0.0563619800000000 0.0755869600000000
vn -2.9576592559698192 2.6177304268581869 -0.7095989667257564
v -0.0228623900000000 -0.0563649400000000 0.0761556300000000
vn 2.7626118030831091 3.6828134678913438 -1.2027483355732578
v -0.0227611600000000 -0.0563669600000000 0.0770928600000000
vn 1.7857050673661146 3.6797789169718453 -2.4302007728351063
v -0.0222732500000000 -0.0563660800000000 0.0777051000000000
vn -1.2337817631837977 3.6650087621196659 -2.7714245811454670
v -0.0207673600000000 -0.0563587100000000 0.0778752900000000
vn -2.4599716188916649 3.6571977043270945 -1.7929973214829951
v -0.0201551400000000 -0.0563542000000000 0.0773873800000000
vn -1.0879483871856437 5.8061218143483648 0.8604652658668367
v -0.0271070800000000 -0.0564066600000000 0.0833853500000000
vn -1.2383695766570317 6.0619646217469940 0.1662580932645841
v -0.0253976000000000 -0.0563566500000000 0.0682573400000000
vn 0.6717594822762964 5.8533117001954356 1.2064515271600806
v -0.0172613000000000 -0.0563584800000000 0.0844980900000000
vn 3.1134066871236517 3.3593711990682338 1.4201219126015516
v -0.0218427100000000 -0.0553303000000000 0.0610399000000000
vn 3.0814948006744380 3.4553052157067938 -0.1156828656688165
v -0.0217244800000000 -0.0557556700000000 0.0628799100000000
vn 2.7470795470327372 3.4788620853499581 -1.2999372438376573
v -0.0209798700000000 -0.0560300500000000 0.0645783100000000
vn 1.8768926986134153 3.4964844779622277 -2.2395906345072616
v -0.0197177100000000 -0.0561691500000000 0.0658992900000000
vn 0.8577768451975234 3.4981974490301857 -2.8301274109514045
v -0.0180575900000000 -0.0562206400000000 0.0667221900000000
vn -0.3814225872132284 3.3524611125151433 -4.0090099014564382
v -0.0162547100000000 -0.0562118200000000 0.0669259500000000
vn -1.3343456670309826 3.4780665216771260 -2.5862572416860443
v -0.0144555900000000 -0.0561434000000000 0.0664950600000000
vn -2.3073305836494846 3.4497795379092295 -1.7703447038670792
v -0.0129296500000000 -0.0559906500000000 0.0654881200000000
vn -3.1821569649581822 3.4229986707043136 -0.8876927118524495
v -0.0118287400000000 -0.0557072400000000 0.0640004100000000
vn -3.2697162834843470 3.3533211313119717 0.6294414171360632
v -0.0113056900000000 -0.0552787400000000 0.0622307600000000
vn -3.1893399368654167 3.2483249418875890 2.0197375957210020
v -0.0114408100000000 -0.0547091100000000 0.0603278900000000
vn -2.6662431739582773 3.1887747545119067 3.1114367910734426
v -0.0121982500000000 -0.0541233400000000 0.0586544900000000
vn -1.8845423982649327 3.1579186663085888 3.9098466149582118
v -0.0134506400000000 -0.0536380100000000 0.0573633000000000
vn -1.0101253554069114 3.0531642344872552 4.5436838416408083
v -0.0151014100000000 -0.0533539100000000 0.0565507000000000
vn -0.0439420409591123 3.0616924971565811 4.6532730063102470
v -0.0168990600000000 -0.0533627100000000 0.0563475300000000
vn 0.9505423039457241 3.1395419821153339 4.2947495945005834
v -0.0186847500000000 -0.0536646800000000 0.0567728100000000
vn 1.9002438963126982 3.2265873705419672 3.5810268389175350
v -0.0201903600000000 -0.0541645700000000 0.0577554700000000
vn 3.5467817610163515 2.8559087497192026 3.2331344293393927
v -0.0212942600000000 -0.0547583900000000 0.0592174600000000
vn -1.3478690797185868 5.9617299319264792 1.0514244291409969
v -0.0247519200000000 -0.0557662200000000 0.0625187100000000
vn -1.4746302401948015 5.6101253809833667 2.2012787255597277
v -0.0241386200000000 -0.0540652300000000 0.0570183800000000
vn -1.6981156633994243 4.2869306920996131 4.1575266079625273
v -0.0230972400000000 -0.0476362100000000 0.0475256100000000
vn -1.8011027958325794 2.3341500367137460 5.4558133394348882
v -0.0224286500000000 -0.0380446200000000 0.0411944300000000
vn -1.8264160636536784 1.1614883956585249 5.8115949199442047
v -0.0222683800000000 -0.0324992200000000 0.0395362700000000
vn 0.6080114263224384 -2.9215292269488335 3.5397568302265863
v -0.0136209300000000 -0.0270668900000000 0.0399605200000000
vn 1.5360202287568649 -2.3616110174703162 3.6423803147540208
v -0.0157524500000000 -0.0281993200000000 0.0397519300000000
vn 2.4493604870302472 -1.6934086769889025 3.7351206191015685
v -0.0174008000000000 -0.0299084900000000 0.0396977000000000
vn 2.6790313461176538 -0.2503252402372417 3.7282353020298800
v -0.0184850300000000 -0.0321069000000000 0.0398930600000000
vn 2.8423931515170473 1.1278312635616305 3.6584529258260718
v -0.0188468500000000 -0.0345002400000000 0.0403960700000000
vn 2.5441916449044313 2.3612849249583108 3.5432117405242076
v -0.0184668800000000 -0.0368758000000000 0.0411947900000000
vn 2.0250470908328770 3.5191408376238082 3.3329144755728901
v -0.0173819300000000 -0.0389808800000000 0.0421820900000000
vn 1.2806954034131230 4.2280569233758722 3.1912199299556354
v -0.0157529500000000 -0.0405631700000000 0.0431499900000000
vn 0.4501462103212662 4.6331107922565984 3.0569183338874968
v -0.0137474500000000 -0.0415272900000000 0.0439178100000000
vn -0.3528271325615071 4.7670956621084022 2.9465797718763143
v -0.0116372400000000 -0.0418279300000000 0.0443395600000000
vn -1.1617700083810050 4.5996097874835034 2.8886323046000926
v -0.0094837900000000 -0.0415053700000000 0.0443986200000000
vn -1.9941841036260499 4.1883338634872409 2.8362730495658606
v -0.0073679800000000 -0.0405210800000000 0.0440965700000000
vn -2.7918008999941759 3.5223984852011752 2.7683895716473059
v -0.0055815300000000 -0.0389210200000000 0.0435146800000000
vn -3.3118588979091683 2.3076830810009690 2.8846138718778631
v -0.0043240000000000 -0.0368034200000000 0.0427921200000000
vn -3.7009926277868788 1.1451604400312645 2.8962534753879732
v -0.0037994900000000 -0.0344266000000000 0.0420966800000000
vn -3.4851695827154181 -0.3468151488211884 3.0372682445276746
v -0.0040640800000000 -0.0320352700000000 0.0415228800000000
vn -3.0787046273942513 -1.4873434960269543 3.1095624167131710
v -0.0050975000000000 -0.0298482800000000 0.0410881800000000
vn -2.2672873028500877 -2.3884316578369909 3.2121787016933649
v -0.0067328200000000 -0.0281551700000000 0.0407713000000000
vn -1.3544509287898470 -2.9308093395268169 3.3216919364399193
v -0.0088690300000000 -0.0270425900000000 0.0404975700000000
vn 0.2982076550595608 0.2457539998192479 6.2075213984841779
v -0.0003896300000000 -0.0266127300000000 0.0414540000000000
vn -0.4976974004147180 0.8942902668969612 6.1854035235074543
v -0.0005541800000000 -0.0320665300000000 0.0419278700000000
vn -1.1511496764590836 2.0631877918930415 5.7603550783812763
v -0.0011017400000000 -0.0373439100000000 0.0433652200000000
vn -1.4541356948868196 3.1593515894913415 5.0902478068165751
v -0.0020146700000000 -0.0422689200000000 0.0457241400000000
vn -1.4412165824230931 4.0936016087738576 4.3444037283034369
v -0.0032737800000000 -0.0466897600000000 0.0489501000000000
vn -1.2576224420801676 4.9065628704324329 3.5078130650489570
v -0.0048551700000000 -0.0504640700000000 0.0529848400000000
vn -1.1288146230947518 5.5160539482544166 2.5375241397508774
v -0.0066338200000000 -0.0533124700000000 0.0575066200000000
vn -1.0575995370328952 5.9141506935516865 1.4490282278899662
v -0.0084274300000000 -0.0551275400000000 0.0620597800000000
vn 0.6747392124275035 -2.9136901802024306 3.5789740112441533
v -0.0139961800000000 0.0069469600000000 0.0400273900000000
vn 1.5959845163702171 -2.3720293644847286 3.6856415269453686
v -0.0162513200000000 0.0056224800000000 0.0397681800000000
vn 2.2785001872050445 -1.5451972187315721 3.7654260921627634
v -0.0179213600000000 0.0035989000000000 0.0395727700000000
vn 2.6328508676597719 0.5405972631194067 3.8121882081085330
v -0.0187889400000000 -0.0015075400000000 0.0394578500000000
vn 2.2626309587461657 1.5482244444251128 3.7734624193007997
v -0.0178819700000000 -0.0039752600000000 0.0395521800000000
vn 1.5715979256859476 2.3681582092189157 3.6988156224934876
v -0.0161909500000000 -0.0059834500000000 0.0397366300000000
vn 0.6446177019889837 2.9010422536531526 3.5946789640634509
v -0.0139221600000000 -0.0072857800000000 0.0399887000000000
vn -0.4080109524430636 3.0821511959089616 3.4776213813136510
v -0.0113451300000000 -0.0077309800000000 0.0402784400000000
vn -1.4585111711508254 2.8907574441803994 3.3570881036779325
v -0.0087718200000000 -0.0072605800000000 0.0405707800000000
vn -2.3802578160024219 2.3488128392784793 3.2521626808183317
v -0.0065166800000000 -0.0059361000000000 0.0408299900000000
vn -3.0625723777473426 1.5221498206709716 3.1716475681816183
v -0.0048466400000000 -0.0039114700000000 0.0410254000000000
vn -3.4222873626749908 0.5109747379438012 3.1278582950653107
v -0.0039653800000000 -0.0014349900000000 0.0411331700000000
vn -3.4168378441092138 -0.5633306239453540 3.1248226402432273
v -0.0039790500000000 0.0011939200000000 0.0411403100000000
vn -3.0463448888096112 -1.5712654602214557 3.1636552447815984
v -0.0048860300000000 0.0036627000000000 0.0410459800000000
vn -2.3553272203641908 -2.3914019568979694 3.2391097773196003
v -0.0065770400000000 0.0056698300000000 0.0408615300000000
vn -1.4283750443226386 -2.9239747034418597 3.3411783695072987
v -0.0088458400000000 0.0069721600000000 0.0406094600000000
vn -0.6427980322884790 1.1549147899233194 6.0150884454217497
v -0.0112958900000000 -0.0171984200000000 0.0402527000000000
vn -0.6996584789833913 -1.3620070369113559 5.9228067807518130
v -0.0113155800000000 -0.0134118600000000 0.0402629900000000
vn -0.1118452852228465 -0.9817269352526443 6.0926622917669802
v -0.0121302900000000 -0.0136031800000000 0.0401703000000000
vn 0.1860586951297744 -0.5275741645194001 6.1573694240021872
v -0.0130115700000000 -0.0143647400000000 0.0400679100000000
vn 0.4699058270744835 0.2446181027276448 6.1302954084636845
v -0.0131378000000000 -0.0157350800000000 0.0400494000000000
vn -0.0038979681435228 0.8540592881514919 6.1071675961074563
v -0.0124920700000000 -0.0168199300000000 0.0401186400000000
vn -0.7148098872867097 -1.1946568045760886 5.9991757810466542
v -0.0114721100000000 0.0168848000000000 0.0403454600000000
vn 0.0427669927980807 -0.8462474830774470 6.1051967589425589
v -0.0126340400000000 0.0165337300000000 0.0402129500000000
vn 0.0024254418251526 0.8284058158570682 6.1115649967516816
v -0.0126493600000000 0.0134765300000000 0.0402009800000000
vn -1.2766075433395954 1.1605031529082119 5.8738745707670486
v -0.0106377000000000 0.0132895700000000 0.0404278700000000
vn -1.8537635393178786 -0.3093991281459514 5.8968949967012296
v -0.0225101400000000 0.0262984700000000 0.0391292800000000
vn -0.4058285967241805 3.0893738954877019 3.4503486511220260
v -0.0115213500000000 0.0263522500000000 0.0403712000000000
vn 0.2917048306795255 -0.2865152014222876 6.2077436852657746
v -0.0006653800000000 0.0264053700000000 0.0415981000000000
vn -3.2651733385927963 -3.3988489262870276 0.5635215602107513
v -0.0118784300000000 0.0548429200000000 0.0625300800000000
vn -3.0612877665643978 -3.4277500358708819 -0.7005191063130873
v -0.0124058700000000 0.0552563300000000 0.0643020200000000
vn -2.2411709566461653 -3.4668554292719853 -1.8015672044459932
v -0.0135096300000000 0.0555201800000000 0.0657912200000000
vn -1.3039745011669344 -3.4797930788407641 -2.6394471132756041
v -0.0150370400000000 0.0556515800000000 0.0667989300000000
vn -0.2045332641251593 -3.4796492202671070 -2.9734854253639345
v -0.0168367600000000 0.0556989300000000 0.0672301300000000
vn 0.8940229735587587 -3.4736341217458251 -2.8490805051801598
v -0.0186396400000000 0.0556901000000000 0.0670263700000000
vn 1.9195193638423691 -3.4642189331341564 -2.2563853541080281
v -0.0202991600000000 0.0556258300000000 0.0662031600000000
vn 2.7469770414245396 -3.4527851435144168 -1.4001703810916879
v -0.0215598400000000 0.0554807800000000 0.0648814100000000
vn 3.0402205470579249 -3.4072341046049046 -0.0302178509122033
v -0.0223016100000000 0.0552079100000000 0.0631815200000000
vn 3.1350084256241173 -3.3384559820833113 1.3903760418207185
v -0.0224154500000000 0.0547913500000000 0.0613392200000000
vn 2.6997244635056608 -3.2855884307709191 2.6023009196637874
v -0.0218611400000000 0.0542350800000000 0.0595137200000000
vn 1.8798889812184154 -3.2149134551229470 3.5923473739583169
v -0.0207511700000000 0.0536607300000000 0.0580485500000000
vn 1.0013389012545144 -3.1143967149168024 4.3548879112393939
v -0.0192404700000000 0.0531818800000000 0.0570632300000000
vn -0.0084593125366807 -3.0877092051080091 4.6368238273686426
v -0.0174517500000000 0.0529008200000000 0.0566363700000000
vn -0.9778878940036698 -3.0883605519984996 4.5276625996252591
v -0.0156540900000000 0.0529096200000000 0.0568395300000000
vn -1.8754587971977905 -3.2027786452863003 3.8792167762405541
v -0.0140063400000000 0.0532064500000000 0.0576537100000000
vn -3.6966315909861125 -2.4362066440649790 3.8708688311845729
v -0.0127590400000000 0.0536988100000000 0.0589475600000000
vn -3.1859359150747091 -3.2810353348142360 2.0252975429873601
v -0.0120076800000000 0.0542822600000000 0.0606241400000000
vn -1.8310046605890751 -1.2100953837442299 5.8023762062041051
v -0.0226042300000000 0.0320743000000000 0.0397117800000000
vn -1.7850017671270373 -2.3755828299644812 5.4440500789172548
v -0.0228221200000000 0.0376086400000000 0.0414000600000000
vn -1.6619016347196598 -4.3243387712072483 4.1313907375974344
v -0.0235902600000000 0.0471571500000000 0.0477832600000000
vn -1.3888783261636166 -5.6262018826941436 2.2059353246864610
v -0.0246982000000000 0.0535243400000000 0.0573108200000000
vn -1.2490509331753041 -5.9819744132623587 1.0342117064659220
v -0.0253290100000000 0.0551889400000000 0.0628202900000000
vn -0.5654916104316972 -6.1834134855052110 0.5171652302804778
v -0.0106735700000000 0.0555948900000000 0.0665779600000000
vn -0.9858664855907163 -5.9254745643634141 1.4299445645085982
v -0.0090004200000000 0.0547246800000000 0.0623634800000000
vn -1.0518394936064510 -5.5461482148770855 2.5016783215424905
v -0.0071883900000000 0.0529541900000000 0.0578026600000000
vn -1.2020444654700806 -4.9395334500350794 3.4823604592329174
v -0.0053811500000000 0.0501501200000000 0.0532633100000000
vn -1.4000965552068885 -4.1321557665780544 4.3204797620247106
v -0.0037594200000000 0.0464144700000000 0.0492061800000000
vn -1.4091027363646456 -3.2065287432665079 5.0777782990308911
v -0.0024543600000000 0.0420235200000000 0.0459552300000000
vn -1.1426033825016462 -2.1248734786349726 5.7437390376634783
v -0.0014891500000000 0.0371201200000000 0.0435686700000000
vn -0.5781539807667313 -0.9179408188741429 6.1739473298327550
v -0.0008867700000000 0.0318566100000000 0.0421026700000000
vn -1.3843564245465489 2.8989908019850352 3.3343883162634329
v -0.0091477800000000 0.0267532500000000 0.0406439100000000
vn -2.3088338130854060 2.3404958703188128 3.2193309493919537
v -0.0070242900000000 0.0278854400000000 0.0409236200000000
vn -3.1735885106566921 1.6198532487800157 3.1136502895206419
v -0.0054056200000000 0.0295947700000000 0.0412498700000000
vn -3.4400940665362403 0.2162804476550396 3.0378886285549171
v -0.0043950000000000 0.0317910500000000 0.0416964800000000
vn -3.5919243553736124 -1.1372719059030403 2.9288157563136483
v -0.0041563200000000 0.0341807900000000 0.0422831600000000
vn -3.2505375257061551 -2.3919596724616166 2.8729534790622560
v -0.0047066900000000 0.0365513700000000 0.0429924400000000
vn -2.7175497537587927 -3.5228904869097928 2.7843236787832524
v -0.0059873100000000 0.0386507500000000 0.0437273900000000
vn -1.9387279880327473 -4.2281012890559797 2.8130680133576602
v -0.0077923700000000 0.0402278900000000 0.0443176800000000
vn -1.1106228254038917 -4.6260907525543020 2.8666088560531198
v -0.0099181800000000 0.0411874100000000 0.0446239600000000
vn 0.5127380547654374 -4.6430722311853732 3.0329258570845878
v -0.0141816000000000 0.0411654900000000 0.0441410600000000
vn 1.6672351127530916 -4.7247590336343981 2.8258567760395077
v -0.0161750100000000 0.0401847700000000 0.0433692300000000
vn 2.0355320812637037 -3.4811953920979692 3.3305009954368026
v -0.0177864300000000 0.0385909000000000 0.0423928200000000
vn 2.5935801621397188 -2.3368771067642289 3.5326978690993012
v -0.0188482900000000 0.0364790000000000 0.0413931300000000
vn 2.9048932292707716 -1.1528270660751452 3.6450136330649885
v -0.0192036800000000 0.0341071600000000 0.0405825500000000
vn 2.7245006313370639 0.3271253059998633 3.7395222991626076
v -0.0188159500000000 0.0317194300000000 0.0400666700000000
vn 2.3041312504703884 1.4642021964664313 3.7259127293416650
v -0.0177099600000000 0.0295335000000000 0.0398592700000000
vn 1.4913007107866683 2.3655331270130855 3.6537449418101025
v -0.0160439200000000 0.0278413000000000 0.0399042500000000
vn 0.5769033852555063 2.9079303579118871 3.5604696737340853
v -0.0138996800000000 0.0267289500000000 0.0401068600000000
vn 3.0239037377820757 -2.5772947503866175 0.0188308173885722
v -0.0204303300000000 0.0557478900000000 0.0768010700000000
vn -2.4218725333534477 -3.6728551926913422 -1.8129044896676869
v -0.0207381600000000 0.0557438700000000 0.0776920800000000
vn -1.1956886393587667 -3.6624677186391192 -2.7913954104042311
v -0.0213503900000000 0.0557393600000000 0.0781799800000000
vn 1.8244274284506496 -3.6476901663437045 -2.4505649148623418
v -0.0228562700000000 0.0557319900000000 0.0780097900000000
vn 2.8007411860297271 -3.6472398256140455 -1.2226674101305539
v -0.0233441800000000 0.0557311100000000 0.0773975500000000
vn -2.8777433765020399 -2.5858329382095566 -0.8283609654995855
v -0.0234281500000000 0.0557334100000000 0.0763905400000000
vn 2.4599395788209799 -3.6572298747132792 1.7929823469524011
v -0.0231740200000000 0.0557360900000000 0.0758916600000000
vn -1.7047126124010052 -2.4460333290631855 -2.3905183040578533
v -0.0228805000000000 0.0557385400000000 0.0755509900000000
vn -2.7626273189182569 -3.6827722078676350 1.2027392613290857
v -0.0205680000000000 0.0557488500000000 0.0761861800000000
vn -1.0304296817573722 -5.8156915495986459 0.8411001377299437
v -0.0276901000000000 0.0556914100000000 0.0836900400000000
vn 0.7491114058004051 -5.8561029211550188 1.1606643672041996
v -0.0178443300000000 0.0557395900000000 0.0848027800000000
vn -1.6033197986852523 -0.9899130687945417 5.6604189529811588
v -0.0277257100000000 0.0559924500000000 0.0839920400000000
vn -1.6145404687822049 0.9483228780448824 5.6622911911203841
v -0.0277265000000000 0.0561440000000000 0.0839924600000000
vn 0.0540216858171955 1.0961293085081736 5.9428560766197620
v -0.0178807200000000 0.0561921800000000 0.0851052000000000
vn 0.0607855021732311 -0.8707617242739669 5.9535220842324685
v -0.0178799300000000 0.0560406400000000 0.0851047800000000
vn -2.8007178675709139 3.6472767154658174 1.2226647098374077
v -0.0205719300000000 0.0565055300000000 0.0761882400000000
vn -1.8219737290077105 3.6490029530096137 2.4508569357133125
v -0.0210598400000000 0.0565046500000000 0.0755760000000000
vn 0.2463006722891329 -3.7696128316770405 2.9532716495008566
v -0.0221436600000000 0.0564998600000000 0.0752659200000000
vn 2.4218498685392937 3.6728144471620006 1.8129158249506421
v -0.0231779500000000 0.0564927700000000 0.0758937100000000
vn 6.0768673298162597 0.1629412804080220 0.6872422176548563
v -0.0234648700000000 0.0564892900000000 0.0766238500000000
vn 2.7626106411637297 3.6828109666580198 -1.2027577293154703
v -0.0233481200000000 0.0564877900000000 0.0773996100000000
vn 1.7857050673661492 3.6797789169718209 -2.4302007728351129
v -0.0228602100000000 0.0564886700000000 0.0780118500000000
vn -0.2069271988313218 -3.7559433455031010 -2.9736922949339517
v -0.0217765100000000 0.0564934600000000 0.0783229700000000
vn -1.2337902085134498 3.6650002127290646 -2.7714233155082608
v -0.0213543200000000 0.0564960400000000 0.0781820400000000
vn -2.4598912241774444 3.6571981353163929 -1.7930024793195802
v -0.0207421000000000 0.0565005500000000 0.0776941300000000
vn -1.0949642396687045 5.8031144890965534 0.8605358468733697
v -0.0276940400000000 0.0564480900000000 0.0836921000000000
vn 1.1495666078222830 6.0183340365796116 0.2257598106905086
v -0.0120854400000000 0.0565661200000000 0.0701349300000000
vn 0.6753386771148358 5.8520395154437495 1.2049723839678745
v -0.0178482600000000 0.0564962700000000 0.0848048400000000
vn 3.0132307770395856 3.3745934687957146 -0.6574233990230132
v -0.0224195300000000 0.0555743400000000 0.0613413500000000
vn 2.8966181422610990 3.4606405118697561 -1.3024455546846836
v -0.0223056200000000 0.0559793200000000 0.0631836200000000
vn 2.3713684119687817 3.4869457320135484 -2.1019011781338421
v -0.0215648600000000 0.0562448200000000 0.0648833700000000
vn 1.7558947359214596 3.4977589638061612 -2.7152815690276300
v -0.0203031200000000 0.0563877700000000 0.0662052300000000
vn 0.8550451435279216 3.5005235113921755 -3.0841265990572668
v -0.0186446300000000 0.0564488800000000 0.0670283200000000
vn -0.0217531671771363 3.3219285323094052 -2.0684730283937598
v -0.0168407100000000 0.0564577100000000 0.0672321900000000
vn -1.1622894311141179 3.4863965326388113 -3.0433770565840312
v -0.0150399600000000 0.0564135200000000 0.0668011100000000
vn -1.9884322482328978 3.4551173122356076 -2.6949637489903675
v -0.0135136000000000 0.0562842300000000 0.0657933000000000
vn -2.3778285822394096 3.4320528370590977 -1.8251858236187899
v -0.0124098900000000 0.0560288000000000 0.0643041200000000
vn -2.9148649740710693 3.3664046849724811 -1.2623115201305946
v -0.0118825100000000 0.0556259100000000 0.0625322100000000
vn -2.8453955092559227 3.2700780819513446 -0.4698056427600719
v -0.0120102200000000 0.0550820900000000 0.0606307400000000
vn -2.4859087650466187 3.2110126986746250 0.4096503055277499
v -0.0127614200000000 0.0545144200000000 0.0589521000000000
vn -1.7969197470426534 3.1781638099376912 1.1420572704765670
v -0.0140097300000000 0.0540357500000000 0.0576571300000000
vn -0.7917641368321542 3.2009241397958883 1.6804189874048392
v -0.0156574000000000 0.0537473400000000 0.0568419300000000
vn 0.3830919307795630 3.0773636708134346 1.5624969768131960
v -0.0174562300000000 0.0537395900000000 0.0566396900000000
vn 1.4657423846982380 3.1866624522931670 1.4854370714262661
v -0.0192469900000000 0.0540111700000000 0.0570662900000000
vn 2.2806306414023130 3.2508173018574200 0.9940321383629154
v -0.0207577400000000 0.0544763300000000 0.0580526200000000
vn 2.0759573037169892 2.9606237014500709 -0.3151676587946287
v -0.0218668200000000 0.0550348900000000 0.0595199500000000
vn -1.1127293782521073 5.8349261718167806 -1.2574054301609423
v -0.0253171700000000 0.0559345000000000 0.0626832300000000
vn -0.9747427556776936 5.4957481598603595 -2.3874746068574986
v -0.0246700700000000 0.0542282800000000 0.0570314200000000
vn -0.6081201086884063 2.3126225638123663 -5.5859243882592393
v -0.0227446500000000 0.0378929900000000 0.0407022600000000
vn -0.5651495596074972 1.1658897935175678 -5.9409376274721168
v -0.0225214100000000 0.0322156700000000 0.0389728100000000
vn -0.5226168236717931 0.2901929281045653 -6.0964064146719679
v -0.0224251700000000 0.0263009500000000 0.0383773700000000
vn 0.0180810964295915 0.0014024158484209 -0.1600439835685556
v -0.0114384800000000 0.0263547200000000 0.0396190600000000
vn 1.3354126168863718 2.9797410163128961 -3.3193724205980404
v -0.0138093600000000 0.0267304100000000 0.0393545000000000
vn 2.1434277126712651 2.6343529329263582 -3.2259452177321211
v -0.0159503200000000 0.0278375200000000 0.0391511800000000
vn 2.5570698370386702 1.8466685704693233 -3.1666883423122281
v -0.0176146900000000 0.0295223800000000 0.0391010700000000
vn 3.2133929743833600 1.5411856728687525 -3.0657127047524613
v -0.0187225700000000 0.0316978000000000 0.0392976300000000
vn 3.3082951217233072 0.9586859996845351 -2.9648337542441823
v -0.0191155800000000 0.0340802900000000 0.0397949000000000
vn 3.2249734054780599 0.2326723334181321 -2.8979978955825256
v -0.0187680500000000 0.0364521600000000 0.0405812800000000
vn 2.8096844858097318 -0.3147845624996343 -2.7919465118998481
v -0.0177145100000000 0.0385641000000000 0.0415514400000000
vn 2.1437499473649906 -0.9245678582682083 -2.8100838515611866
v -0.0161130700000000 0.0401632400000000 0.0425034400000000
vn 1.3033540820091802 -1.3235436277785628 -2.8613886500098289
v -0.0140969700000000 0.0411640900000000 0.0432704900000000
vn 0.3357225182635575 -1.4525433816321585 -2.9512773981267011
v -0.0119708400000000 0.0414897300000000 0.0436929300000000
vn -0.6079565820435193 -1.3665800903557614 -3.0972533734662493
v -0.0098032200000000 0.0411851000000000 0.0437568100000000
vn -0.7148863310856273 0.2602686618790870 -1.5620223477210184
v -0.0076548800000000 0.0402035800000000 0.0434582900000000
vn -2.1156999035570410 -0.3619443612127812 -3.3598728542810874
v -0.0058659800000000 0.0386199800000000 0.0428894600000000
vn -2.4902575174299817 0.1865170738529599 -3.5435180906517463
v -0.0046031800000000 0.0365193800000000 0.0421810900000000
vn -2.5074839695327693 0.9629482519931123 -3.6081388768202505
v -0.0040661200000000 0.0341507800000000 0.0414957300000000
vn -2.4221035140512175 1.4537693959153153 -3.7040764489883191
v -0.0043162600000000 0.0317672500000000 0.0409257900000000
vn -1.9719605691928457 2.0973659461332472 -3.6795402162715796
v -0.0053312500000000 0.0295803900000000 0.0404893000000000
vn -1.4147535392569806 2.6085382639125374 -3.6336725796931186
v -0.0069484600000000 0.0278794700000000 0.0401685400000000
vn -0.5883000405343778 2.9703570935212453 -3.5408060663793703
v -0.0090679100000000 0.0267536100000000 0.0398903700000000
vn 0.0180570190552420 0.0014045202243111 -0.1598329749957605
v -0.0114374300000000 0.0263547300000000 0.0396191700000000
vn 1.7265137599486371 0.3005744465789735 -5.8703705488906790
v -0.0005396300000000 0.0264080600000000 0.0408508100000000
vn 2.0646661388712939 0.9505062679571560 -5.5678925455185135
v -0.0007669200000000 0.0320276100000000 0.0413722100000000
vn 2.4278427571956622 2.0595845319925572 -4.9090536564400313
v -0.0013829400000000 0.0374571800000000 0.0428954700000000
vn 2.4632656991226174 3.0170975614941762 -4.2580595851021545
v -0.0023709700000000 0.0425128100000000 0.0453742100000000
vn 2.4463493829537133 3.8112668083142109 -3.4696315443002952
v -0.0037068100000000 0.0470337600000000 0.0487513400000000
vn 2.3971405403010349 4.4448966138457191 -2.5734379514252712
v -0.0053671400000000 0.0508708700000000 0.0529675500000000
vn 2.4056178641146873 4.8157158049954161 -1.5667216867439824
v -0.0072032400000000 0.0537196600000000 0.0576478300000000
vn 2.4631831849263000 4.8979317967474980 -0.5076846766025793
v -0.0090232300000000 0.0554930200000000 0.0622977700000000
vn 0.4080067448318716 -3.0821705336968610 -3.4775812370535686
v -0.0113379000000000 0.0074198400000000 0.0395678200000000
vn -0.6446098312128150 -2.9010388548872550 -3.5947030510534264
v -0.0087608800000000 0.0069746500000000 0.0398575600000000
vn -1.5713735065961396 -2.3684675675960873 -3.6985018565035612
v -0.0064920800000000 0.0056723100000000 0.0401096300000000
vn -2.2633133097837090 -1.5483583515564721 -3.7657166196850662
v -0.0048010700000000 0.0036651800000000 0.0402940800000000
vn -2.6383742528548124 0.5339139790431282 -3.8093005640659996
v -0.0038804100000000 -0.0014325100000000 0.0403812600000000
vn -2.2787280128565839 1.5450913610255221 -3.7650154558676667
v -0.0047616800000000 -0.0039089800000000 0.0402734900000000
vn -1.5962417895402097 2.3717489307877151 -3.6859597441474237
v -0.0064317100000000 -0.0059336200000000 0.0400780800000000
vn -0.6747449112214940 2.9136919935454175 -3.5789359640807308
v -0.0086868500000000 -0.0072580900000000 0.0398188700000000
vn 0.3760255810937247 3.1051081899312596 -3.4607462877183526
v -0.0112601600000000 -0.0077284900000000 0.0395265300000000
vn 1.4283701264714574 2.9239645637625720 -3.3412041783197397
v -0.0138371900000000 -0.0072833000000000 0.0392368000000000
vn 3.0455610326019587 1.5711352224928132 -3.1551278527562694
v -0.0177970000000000 -0.0039727800000000 0.0388002800000000
vn 3.4173488146669682 0.5635265770160115 -3.1248971102740519
v -0.0187039800000000 -0.0015050500000000 0.0387059500000000
vn 3.4223426209977101 -0.5107697132878890 -3.1277217723736528
v -0.0187176500000000 0.0011238600000000 0.0387130900000000
vn 3.0624402504700670 -1.5222760170621141 -3.1720204334780910
v -0.0178363900000000 0.0036013900000000 0.0388208700000000
vn 1.4585118488251894 -2.8907670724835279 -3.3570493737334011
v -0.0139112100000000 0.0069494400000000 0.0392754800000000
vn -0.5603975130689816 -2.6621284833731500 -4.1346230272483435
v -0.0109829500000000 -0.0141601100000000 0.0395366000000000
vn 0.0076084622673215 2.8433131167937988 -4.0493616596461646
v -0.0108583500000000 -0.0164107800000000 0.0395432400000000
vn -0.8004777719719943 -2.6681855406172197 -3.9667899431138496
v -0.0108177000000000 0.0159797200000000 0.0396549100000000
vn 1.6623956937596880 2.6935630613407167 -3.6739847546196702
v -0.0119368900000000 0.0140072500000000 0.0395219200000000
vn 5.2304463163723636 0.8686044260732594 2.8478855183687357
v -0.0169778700000000 -0.0566593600000000 0.0846085600000000
vn 5.6333694755542263 -0.0283987131418245 2.2394317479849710
v -0.0098040100000000 -0.0563366600000000 0.0663453800000000
vn 5.6122558377487124 -0.2716884043507548 1.9525762833513964
v -0.0045105500000000 -0.0507039000000000 0.0528480000000000
vn 5.6302554845752129 -0.2331576728892311 1.8860644508530764
v -0.0029122500000000 -0.0468461100000000 0.0487398400000000
vn 5.3375751607221247 0.0695370486922460 3.1643517950362088
v -0.0000737400000000 -0.0266105700000000 0.0412641000000000
vn 5.3925368256003212 -0.0929505203382423 2.9365647298720829
v -0.0005716300000000 0.0319124200000000 0.0419171000000000
vn 5.5845920114033998 0.3864183111953549 1.5228437144214353
v -0.0020907100000000 0.0421111800000000 0.0457131600000000
vn 5.4730386728120752 0.7689349256090942 1.9224560637327659
v -0.0087114300000000 0.0550932000000000 0.0624278600000000
vn 5.2198849391967466 -1.0890267297967351 2.8358266943574173
v -0.0175640400000000 0.0560427900000000 0.0849148900000000
vn 5.2330210125361969 0.8649505564709059 2.8464746323369505
v -0.0175648300000000 0.0561943400000000 0.0849153000000000
vn 5.6243804722975010 1.2440260539639483 2.1843178849232876
v -0.0118020100000000 0.0562641900000000 0.0702454000000000
vn 5.1026965423582311 1.6000857727382107 1.8374054381512042
v -0.0106447300000000 0.0560735000000000 0.0673366600000000
vn 5.5687542672322889 0.4793725719803770 1.9395712800015212
v -0.0068602300000000 0.0532602000000000 0.0577368500000000
vn 5.6087297563278966 0.3245090681471512 1.9496810298944685
v -0.0050385400000000 0.0503957300000000 0.0531285100000000
vn 5.6138624805324939 0.3537836736233742 1.7674840861647119
v -0.0033994900000000 0.0465747600000000 0.0489970600000000
vn 5.5978049173747699 0.1960959220375011 1.7101654532103161
v -0.0011282100000000 0.0371454100000000 0.0433180600000000
vn 6.0346781852403097 0.0976040093053663 1.2130344259210493
v -0.0002916800000000 0.0264082300000000 0.0412622300000000
vn 6.0367328081394378 -0.0432928155934929 1.2012199236901220
v -0.0000159300000000 -0.0266098800000000 0.0411181200000000
vn 5.6344955262668011 0.0115847723635484 1.9867464864896367
v -0.0001842400000000 -0.0318796200000000 0.0416390200000000
vn 5.6178658956759975 -0.0215052851361565 2.0353739744130439
v -0.0007406300000000 -0.0373632900000000 0.0431146100000000
vn 5.6355453505287763 -0.1331185101956202 1.9060955130032708
v -0.0016496000000000 -0.0423493900000000 0.0454804200000000
vn 5.5807582611853253 -0.4241952406711654 1.9441455669893992
v -0.0063036100000000 -0.0536155000000000 0.0574416100000000
vn 5.5233025503458570 -0.6036659055872836 1.9660952980184867
v -0.0081304400000000 -0.0554912800000000 0.0621143000000000
vn 5.6438486575454725 -1.1965701186567645 2.1493562772405523
v -0.0112142600000000 -0.0567410600000000 0.0699382400000000
vn 5.2214226241289943 -1.0845692020690965 2.8373332818142236
v -0.0169770800000000 -0.0568109000000000 0.0846081400000000
vn -3.2064935232116691 -2.3355770985227302 3.0002767392592053
v -0.0102883700000000 -0.0147308100000000 0.0399934200000000
vn 1.0560183871151789 0.0056710550971775 0.4948875238207620
v -0.0101337800000000 -0.0152983700000000 0.0400090200000000
vn -2.5393501373848806 3.8483760254725214 3.5237015534318448
v -0.0106936400000000 -0.0163737500000000 0.0399312900000000
vn 0.7906128877347602 3.3966016461554629 3.5236526384651938
v -0.0118217400000000 -0.0162906600000000 0.0398150000000000
vn 2.6564738517326534 2.0527677047018273 3.5437241993482615
v -0.0122369700000000 -0.0158769800000000 0.0397694400000000
vn -0.8462779565755155 0.2007258126320659 0.1498801411528685
v -0.0123915600000000 -0.0153094200000000 0.0397538500000000
vn 2.6960453024026272 -1.8774622906060590 3.5369503175321428
v -0.0122428800000000 -0.0147403800000000 0.0397725300000000
vn -0.5469228665635910 -4.4559460511479436 3.6832752141527667
v -0.0112117200000000 -0.0140947400000000 0.0398702200000000
vn 0.3428361161631855 4.5959648393075119 -2.8829625883352681
v -0.0114256300000000 0.0161283100000000 0.0399669300000000
vn -2.2503390145861082 -4.1264182771473754 3.1551813897140977
v -0.0108611800000000 0.0159795300000000 0.0400302200000000
vn -3.3787505074544426 -2.0738982981646408 2.8481384069140168
v -0.0104459400000000 0.0155658500000000 0.0400757700000000
vn 0.8460168110741766 0.0025087366361680 0.3603614736211389
v -0.0102913500000000 0.0149982900000000 0.0400913700000000
vn -2.5042101640609493 3.8720669545860993 3.5408468123885117
v -0.0108522200000000 0.0139220100000000 0.0400134100000000
vn 0.2767618976548665 -4.7730996676296975 -2.8239901609793612
v -0.0114138100000000 0.0138561700000000 0.0399607500000000
vn 1.4912274389265050 4.1037301196586426 3.6002570732396397
v -0.0119793100000000 0.0140060100000000 0.0398973400000000
vn 2.7231893111591403 2.0747549938433334 3.5129261544992154
v -0.0123945400000000 0.0144196800000000 0.0398517900000000
vn -1.1398178620742769 -0.0082287520630065 0.2467787336176309
v -0.0125491400000000 0.0149872400000000 0.0398362000000000
vn 1.6915349591427626 -3.8728175330023769 3.9778082950330709
v -0.0119866900000000 0.0160626500000000 0.0398923700000000
vn -0.0166896769778511 3.0991209186462867 0.0078415215899134
v -0.0114363800000000 0.0263547300000000 0.0396192900000000
vn 0.0169008588148185 -3.0991403834925686 -0.0089145036551515
v -0.0111616800000000 -0.0266633800000000 0.0394750600000000
vn -2.1462759536513905 2.3272785867287769 2.1155962603379281
v -0.0273168300000000 -0.0564929400000000 0.0833613600000000
vn -2.8254478304018447 1.1784930667580620 -0.3153199138900556
v -0.0273842800000000 -0.0565932500000000 0.0833534100000000
vn -4.6899248384405334 0.7201728741380187 3.4223726991410399
v -0.0224716600000000 -0.0325031300000000 0.0394232600000000
vn -4.6813494083067972 1.4719499853709879 3.1657585386612781
v -0.0226320600000000 -0.0380664200000000 0.0410834600000000
vn -4.6484385615505639 2.1659248529135398 2.8008598909023679
v -0.0229127900000000 -0.0431974700000000 0.0437895700000000
vn -4.5926177454569892 2.7413330076666962 2.2987161284497937
v -0.0233032800000000 -0.0476991400000000 0.0474396300000000
vn -4.5212197639969727 3.2683005432217875 1.7303831648614281
v -0.0237882300000000 -0.0513983600000000 0.0518908400000000
vn -4.4496601839771923 3.6415035849911881 1.0241039365595110
v -0.0243491400000000 -0.0541535500000000 0.0569731200000000
vn -4.3775645582828586 3.8557281516524218 0.2917006434271312
v -0.0249644300000000 -0.0558577600000000 0.0624912100000000
vn -4.5999349001347092 -0.2353709241914750 3.6002878530450237
v -0.0227135400000000 0.0262977200000000 0.0390173200000000
vn -4.3207914060475163 -3.9422305088554479 0.2563163692247086
v -0.0255424600000000 0.0552784100000000 0.0627932900000000
vn -4.4105612975508661 -3.6956780896460995 1.0049972451558853
v -0.0249096200000000 0.0536107100000000 0.0572660400000000
vn -4.4876973292951670 -3.3278708256254452 1.6949456224018242
v -0.0243202400000000 0.0508891800000000 0.0521688700000000
vn -4.5692197553699438 -2.8180844259232449 2.2598305763492723
v -0.0237969500000000 0.0472194500000000 0.0476976300000000
vn -4.6228627867347267 -2.2455024668279182 2.7848941328013388
v -0.0233597600000000 0.0427420000000000 0.0440231600000000
vn -4.6652589314192010 -1.5382511458527577 3.1587570499793500
v -0.0230257600000000 0.0376289300000000 0.0412892100000000
vn -4.6916992997463716 -0.8041644986972395 3.3773074942222685
v -0.0228075400000000 0.0320767100000000 0.0395987900000000
vn -2.8131359343007576 -1.2031647715676828 -0.3264823659175262
v -0.0279692400000000 0.0558752700000000 0.0836591100000000
vn -3.8054277369671752 -4.0672684129233678 0.4431049719101791
v -0.0279007400000000 0.0557756200000000 0.0836665200000000
vn -2.1289129733324001 -2.3776748732925661 2.1082781678421854
v -0.0279262100000000 0.0559917100000000 0.0838825400000000
vn -2.0776257563956237 -1.3919733785406172 1.7539201819378012
v -0.0278923100000000 0.0559918300000000 0.0839011900000000
vn -1.1729600134739906 -2.8862506916149058 0.4323193074744850
v -0.0278651200000000 0.0557621200000000 0.0836705000000000
vn -2.2712000501951111 -2.9764446050155557 2.7779922008483182
v -0.0278288600000000 0.0557803100000000 0.0838903200000000
vn -2.9530669869394197 -0.0177375719177479 0.8662279489971672
v -0.0279837500000000 0.0561432500000000 0.0837759200000000
vn -4.2239063518334010 0.8554900610321704 3.5876103658060057
v -0.0279270000000000 0.0561432500000000 0.0838829500000000
vn -2.9530772675341588 -0.0177373039263652 0.8662374845921573
v -0.0279829600000000 0.0559917000000000 0.0837755100000000
vn -2.1551415758307177 2.3245735022874676 2.1403028316661850
v -0.0279037900000000 0.0563607600000000 0.0836681100000000
vn -2.0283718482509969 1.9685891732395107 1.1569231564087026
v -0.0278683100000000 0.0563756700000000 0.0836721700000000
vn -1.4868028606362178 0.5670568410274298 2.7080492542785812
v -0.0278931000000000 0.0561433800000000 0.0839016100000000
vn -2.2941320593381560 3.0055890820376328 2.7185545072249120
v -0.0278317300000000 0.0563583500000000 0.0838902900000000
vn -2.8254765551137377 1.1784598441978700 -0.3152623906086129
v -0.0279712400000000 0.0562604500000000 0.0836601600000000
vn -3.5236051690739623 0.7771934352458671 -4.3406129479356848
v -0.0227441900000000 0.0321911900000000 0.0390333400000000
vn -3.5695942890004035 1.5084069298396734 -4.0975685161203454
v -0.0229667600000000 0.0378527500000000 0.0407575200000000
vn -3.6331359881800993 2.1857631623224938 -3.6960375413757793
v -0.0233073200000000 0.0430656200000000 0.0435450800000000
vn -3.6718575007829046 2.8100615212031839 -3.2263630713034464
v -0.0237530000000000 0.0476312400000000 0.0472908900000000
vn -3.7443524939773845 3.2938354146699300 -2.6307606919045314
v -0.0242865900000000 0.0513732900000000 0.0518501700000000
vn -3.8293224616934478 3.6579260033160539 -1.9435886902032118
v -0.0248874700000000 0.0541471200000000 0.0570468400000000
vn -3.9188318934562605 3.8753697953020159 -1.1946372577538653
v -0.0255327700000000 0.0558470800000000 0.0626829400000000
vn -3.8649627197881902 -3.9362877852982145 -1.2371888861100637
v -0.0249488300000000 -0.0564256900000000 0.0623777700000000
vn -3.7849703221960889 -3.6901211054585010 -1.9657275198036159
v -0.0243214200000000 -0.0546885000000000 0.0567510100000000
vn -3.7250874742484648 -3.2855865226305836 -2.6416698745125227
v -0.0237495700000000 -0.0518793100000000 0.0515695200000000
vn -3.6399786795964202 -2.8148917138496712 -3.2590981158585199
v -0.0232550500000000 -0.0481082300000000 0.0470306600000000
vn -3.5838587765575278 -2.2162813961904453 -3.7429393681209633
v -0.0228569900000000 -0.0435179300000000 0.0433097400000000
vn -3.5538350303828765 -1.5233239854769784 -4.1060383011606305
v -0.0225707600000000 -0.0382867200000000 0.0405505700000000
vn -3.5314412643398292 -0.7665296479000469 -4.3192583103887205
v -0.0224071400000000 -0.0326138600000000 0.0388571900000000
vn -2.5568370830819633 -2.3594553929098541 1.6054901137187916
v -0.0271273400000000 -0.0570777400000000 0.0835937300000000
vn -1.5646886517970846 -1.9855756202162169 1.7021895231394226
v -0.0271233700000000 -0.0570923600000000 0.0835591800000000
vn -2.9588318651706373 -0.6024231724321754 0.8555238806288556
v -0.0273546400000000 -0.0568619600000000 0.0835338000000000
vn -4.4138634799272749 -1.0337131644873028 3.3740884904930577
v -0.0273438900000000 -0.0568620000000000 0.0835699700000000
vn -2.8835180855173563 -0.6042914865154213 0.6047394041910863
v -0.0273967900000000 -0.0567104500000000 0.0834691700000000
vn -4.2709168857715500 0.9626282475878715 3.5644602118997408
v -0.0273400400000000 -0.0567104500000000 0.0835762000000000
vn -1.2383615145791023 0.5739133271581349 2.6801133597501376
v -0.0272522300000000 -0.0568617400000000 0.0836491700000000
vn -2.0305505083307658 1.9746088492388316 1.1736317929359896
v -0.0272813400000000 -0.0564790800000000 0.0833654200000000
vn -1.4868962964778827 0.5658790829138372 2.7082460285945946
v -0.0273061400000000 -0.0567103200000000 0.0835948600000000
vn -2.2967206870991248 3.0048330078330747 2.7126248632668153
v -0.0272455600000000 -0.0564963900000000 0.0835834200000000
vn 0.9555742986170603 2.8721917330146995 0.8522123849127414
v -0.0170935700000000 -0.0564304000000000 0.0845634100000000
vn 1.3948492690218202 3.1487653711947825 3.4503858579747559
v -0.0171811300000000 -0.0564486300000000 0.0847230300000000
vn 1.3500144798412299 1.3478656054952314 2.4175664077411509
v -0.0171342500000000 -0.0566606000000000 0.0847645800000000
vn 3.3641642184008269 4.1369730342325042 2.0410831174538218
v -0.0170620200000000 -0.0564450100000000 0.0845754000000000
vn 1.4142319490954127 2.5969013266700061 2.7219776603720631
v -0.0171049500000000 -0.0566604300000000 0.0847583600000000
vn 2.6413415479314599 1.1891265565828089 1.0384687366637482
v -0.0169997300000000 -0.0565436800000000 0.0846001100000000
vn 0.6579993114367302 0.2590674647257449 3.0614580762456001
v -0.0002376700000000 -0.0266118500000000 0.0414213900000000
vn 3.2314156301926347 0.9707998164901784 5.1221518408513349
v -0.0004268900000000 -0.0324933000000000 0.0419821500000000
vn 3.4608590062084978 1.6499995174191502 4.8955408579557034
v -0.0010550600000000 -0.0381306000000000 0.0436422100000000
vn 3.6099934532659930 2.2745856201458485 4.5784072157353108
v -0.0020895100000000 -0.0432949800000000 0.0463276400000000
vn 3.7154731743317360 2.8636568158809617 4.1642132116608472
v -0.0034789900000000 -0.0477837800000000 0.0499135800000000
vn 3.8630368850430536 3.3318399154485840 3.6399488571207881
v -0.0051654600000000 -0.0514384100000000 0.0542450500000000
vn 4.0636274454509937 3.6210956568774399 3.0544243422654178
v -0.0070798400000000 -0.0541380500000000 0.0591459700000000
vn 4.1281047101428134 3.9317115636652851 2.4497256779075287
v -0.0091495600000000 -0.0557997200000000 0.0644299500000000
vn 1.6013524799145700 0.1846103358831431 2.5470569632791462
v -0.0001996500000000 -0.0266116300000000 0.0414129800000000
vn 3.0999909677234023 -0.1381693857143030 5.0983400627595827
v -0.0004743500000000 0.0264064800000000 0.0415572100000000
vn 4.2136262241459805 -3.8130290007663952 2.4372426825011972
v -0.0097267400000000 0.0553743400000000 0.0647322500000000
vn 4.1001114290087504 -3.5972437105437729 3.0358365893547767
v -0.0076410400000000 0.0537630300000000 0.0594392600000000
vn 3.8990738839513943 -3.3106344276412165 3.6194909215026900
v -0.0056988200000000 0.0511101300000000 0.0545237800000000
vn 3.7401272174719549 -2.8511660492476372 4.1498005742858508
v -0.0039745500000000 0.0474968400000000 0.0501725600000000
vn 3.6357963397231385 -2.2587517595916884 4.5617775288475597
v -0.0025375100000000 0.0430423000000000 0.0465624300000000
vn 3.4799972910003598 -1.6395035430093872 4.8858382652413903
v -0.0014505200000000 0.0379036300000000 0.0438488800000000
vn 3.1759551445465264 -0.9766900862751795 5.1821215616546370
v -0.0007637900000000 0.0322822800000000 0.0421582200000000
vn 0.6834488593641173 -0.2323956760703870 3.0570584033685781
v -0.0005134200000000 0.0264062500000000 0.0415655000000000
vn 1.7479216112881106 -2.5578829353094252 2.5226411422197348
v -0.0176877400000000 0.0560417500000000 0.0850629600000000
vn 1.4994645412507339 -1.3735966717632269 2.3312970697513640
v -0.0176692200000000 0.0560419100000000 0.0850396300000000
vn 2.4034328016010962 -3.1507346898693389 2.8427454733286526
v -0.0176827000000000 0.0558293300000000 0.0849777800000000
vn 0.3059671104011055 -2.8658897304004740 1.2395434393993257
v -0.0178649100000000 0.0558116200000000 0.0849818100000000
vn 0.2425536158535074 -4.1271123712533964 3.9341567940172544
v -0.0178687700000000 0.0558262400000000 0.0850153100000000
vn -0.3207315326480410 -1.1875279422459433 2.8239551602490236
v -0.0178767300000000 0.0559249500000000 0.0850814600000000
vn 1.4161980747454423 2.5998375173164479 2.7212510796688325
v -0.0176919100000000 0.0561932700000000 0.0850651100000000
vn 2.3627708239734178 -0.1030432330555263 1.9949586528672212
v -0.0176157800000000 0.0561938400000000 0.0850006300000000
vn 0.6554380790387021 0.1136323722400976 3.0183754587895284
v -0.0177798600000000 0.0560411700000000 0.0851002100000000
vn 0.9339373286763719 2.8928701114052071 0.8224287733965372
v -0.0176805300000000 0.0564232900000000 0.0848701500000000
vn 1.3507393626955007 1.3430274907938173 2.4196474608301530
v -0.0177212000000000 0.0561931000000000 0.0850713300000000
vn 1.3976987832633003 3.1434768733346985 3.4437280321016961
v -0.0177678900000000 0.0564061000000000 0.0850298200000000
vn 3.3402606285246530 4.1455945147567110 2.0192316571760252
v -0.0176489900000000 0.0564097400000000 0.0848821500000000
vn 3.8098431554787826 4.1085829897398378 1.3063830336789684
v -0.0118852300000000 0.0564785400000000 0.0702134000000000
vn 2.6427837576983633 1.1855512125585257 1.0352681032262203
v -0.0175866900000000 0.0563110700000000 0.0849068700000000
vn 1.6835570519946721 0.3160844772282322 -2.6341156009988769
v -0.0003895300000000 0.0264085800000000 0.0409472100000000
vn 3.4756144294160536 1.2727153550006662 -4.2420181022743586
v -0.0006320800000000 0.0324162500000000 0.0415211200000000
vn 1.7320239932663561 3.8442460355562158 -3.0053076935060270
v -0.0039139400000000 0.0479667500000000 0.0497096500000000
vn 1.3720190173631450 4.3805833871957995 -2.2729758459107261
v -0.0056744800000000 0.0516585300000000 0.0541534200000000
vn 1.0114851016458968 4.7734123241468600 -1.5081166595825033
v -0.0076584400000000 0.0543677600000000 0.0591734500000000
vn 0.7824976744069755 5.0493495029603217 -0.6928392342581009
v -0.0097886900000000 0.0560132700000000 0.0645780300000000
vn 1.1958905417879964 2.8915175158502215 0.1934913934890709
v -0.0119960500000000 0.0565275500000000 0.0701703200000000
vn 4.9434941216865926 0.2676324202192956 -3.0315373683141167
v -0.0003144300000000 0.0264088400000000 0.0409948800000000
vn 3.1242264690462758 0.1676992601162549 -0.2823940891480209
v -0.0003065800000000 0.0264086400000000 0.0410847400000000
vn 5.6606404882093830 0.6055211910723515 -0.5992946915534316
v -0.0005239300000000 0.0324249800000000 0.0417335800000000
vn 3.8979852217407185 1.8479473179909225 -2.3763950929283157
v -0.0012826600000000 0.0381990400000000 0.0433327700000000
vn 3.4887357149631413 2.4940111007443231 -2.0370237329917598
v -0.0024006800000000 0.0434396200000000 0.0461091000000000
vn 5.3100849500754457 2.3041141380546124 -0.1931608370605840
v -0.0038067100000000 0.0478859400000000 0.0498327100000000
vn 5.1434537827908260 2.6602185380209153 0.2549901663355943
v -0.0055612200000000 0.0515641100000000 0.0542612200000000
vn 4.9392134014416840 2.9506086636748377 0.7279503397011285
v -0.0075379000000000 0.0542650000000000 0.0592640500000000
vn 4.7334912449275226 3.1293103978080499 1.2483360138804993
v -0.0096606500000000 0.0559042900000000 0.0646493300000000
vn 2.7242186502217178 1.2107772732560875 0.9829470658709771
v -0.0118667500000000 0.0564302000000000 0.0702206200000000
vn 1.6467142963150541 0.0159478308431959 -2.5762353636857545
v -0.0001344900000000 -0.0266095000000000 0.0407520400000000
vn 4.9332474738667473 -0.2027816863156059 -3.0513637433397260
v -0.0000386800000000 -0.0266092700000000 0.0408507700000000
vn 3.0489973078240173 0.0169418933893409 -0.2603458220681043
v 0.0000037300000000 -0.0266094000000000 0.0409816000000000
vn 3.0489770606289857 0.0161893253386893 -0.2603510687114148
v -0.0002720200000000 0.0264087000000000 0.0411257100000000
vn 1.6467174259343296 0.0151865529945816 -2.5762341223388283
v -0.0004102400000000 0.0264086100000000 0.0408961500000000
vn 1.2236435891802886 -2.8766246502904060 0.2349253189305658
v -0.0114055600000000 -0.0570060100000000 0.0698617300000000
vn 0.8492285298577560 -5.0252110134464933 -0.7332476262278199
v -0.0092038200000000 -0.0564384100000000 0.0642723700000000
vn 1.0564891653045549 -4.7516642543587126 -1.5340961583579145
v -0.0070909600000000 -0.0547414800000000 0.0588768800000000
vn 1.4280156733506673 -4.3676081197134238 -2.3028545701262617
v -0.0051354300000000 -0.0519834600000000 0.0538717100000000
vn 1.7662439670118719 -3.8008547241362280 -3.0279762161957207
v -0.0034135100000000 -0.0482505100000000 0.0494481200000000
vn 2.2769915747702720 -3.1218741394959122 -3.6447556439494391
v -0.0019923200000000 -0.0436624000000000 0.0457834900000000
vn 2.8064603807087933 -2.2827292165994062 -4.1325570201827082
v -0.0009369600000000 -0.0383851400000000 0.0430393600000000
vn 3.4072165879662384 -1.2595160002889147 -4.3913883158868456
v -0.0002938100000000 -0.0326224300000000 0.0413443400000000
vn 1.6948975011558367 -0.3078039790377574 -2.6277717925491713
v -0.0001137800000000 -0.0266095300000000 0.0408031000000000
vn 3.8660247881744763 -4.0594682906382928 1.2817786898210071
v -0.0112952500000000 -0.0569560900000000 0.0699050700000000
vn 2.7476082026953490 -1.1926060165048944 0.9388059781333320
v -0.0112772700000000 -0.0569076000000000 0.0699125600000000
vn 4.7799235817018397 -2.8356802758956579 1.3207536992218711
v -0.0090660400000000 -0.0563149800000000 0.0643784300000000
vn 4.9695039349324990 -2.9000213350427839 0.7130583996906981
v -0.0069714900000000 -0.0546379600000000 0.0589680400000000
vn 5.1626723055180959 -2.6103792786003441 0.2362921489904165
v -0.0050231600000000 -0.0518895000000000 0.0539800300000000
vn 5.3326649496170049 -2.2459004090253316 -0.2105386083095176
v -0.0033071200000000 -0.0481692600000000 0.0495716200000000
vn 5.4851909577277791 -1.7968843395569041 -0.6035004193506912
v -0.0018916800000000 -0.0435980500000000 0.0459211100000000
vn 5.5925045340414368 -1.2687173580707882 -0.9397819394127972
v -0.0008394900000000 -0.0383408300000000 0.0431871500000000
vn 5.6688012233448042 -0.6549593878306365 -1.1740064805171884
v -0.0001990300000000 -0.0325992000000000 0.0414981100000000
vn 3.1279899376025764 -0.1186555284837320 -0.2642208285603816
v -0.0000308300000000 -0.0266094700000000 0.0409406300000000
vn 1.7407095794339160 -2.5585250365732120 2.5255942871918409
v -0.0171007900000000 -0.0568119500000000 0.0847562100000000
vn 1.5010978268049586 -1.3692648084321180 2.3325463811697018
v -0.0170822600000000 -0.0568117900000000 0.0847328800000000
vn 0.2847026585200184 -2.8869602818854845 1.2064160783034530
v -0.0172779600000000 -0.0570420800000000 0.0846750600000000
vn 0.2328808834879287 -4.1361655158833299 3.9030882509610039
v -0.0172818100000000 -0.0570285100000000 0.0847085600000000
vn -0.3133984207326228 -1.1892917612723548 2.8245239129287563
v -0.0172897700000000 -0.0569298000000000 0.0847747100000000
vn -0.3125649615897043 -1.2016477161084818 2.8160857603425136
v -0.0271355400000000 -0.0569779900000000 0.0836619700000000
vn 2.3625622099406183 -0.1031457661224008 1.9948972462706034
v -0.0170288200000000 -0.0566598500000000 0.0846938800000000
vn 0.6512467815475866 0.1110969826150197 3.0213553102921153
v -0.0171939500000000 -0.0568125400000000 0.0847933400000000
vn 0.9613838120976310 -0.5198658206788320 0.3315008381728293
v -0.0095857900000000 -0.0161630700000000 0.0404491700000000
vn 0.2364946426715148 -1.0229471226685116 0.2253912313534016
v -0.0108039800000000 -0.0171941400000000 0.0403056500000000
vn -0.6897706451870376 -0.7748049598655069 0.1172940285254888
v -0.0125619000000000 -0.0168011400000000 0.0401103600000000
vn -0.9581521216834848 0.1979891209272976 0.0698263959236124
v -0.0132456200000000 -0.0148725400000000 0.0400387900000000
vn -0.4190612270714271 1.0075356814226846 0.1732848549348986
v -0.0120072100000000 -0.0135098300000000 0.0401836800000000
vn 0.5198557165464779 0.8174138166026850 0.2448398310576150
v -0.0102022400000000 -0.0136502900000000 0.0403865700000000
vn 1.1596832880767531 0.1981141959220566 0.3952146418886598
v -0.0094522700000000 -0.0150692700000000 0.0404680700000000
vn 0.6631658768690131 -2.0456482643644223 4.6647121422984750
v -0.0116086200000000 -0.0147762000000000 0.0402253700000000
vn 1.5600149042746065 0.8489466359691584 4.8926483595348040
v -0.0118689100000000 -0.0155571600000000 0.0401933800000000
vn -1.6448116894410836 2.0200231688315702 4.4250489444437910
v -0.0110018000000000 -0.0158340800000000 0.0402904400000000
vn -2.4987785794879582 -0.9386527608226972 4.5952831103246190
v -0.0107240000000000 -0.0150029800000000 0.0403152500000000
vn -0.9637660623166647 0.2009043529969322 -3.1364030483663630
v -0.0123788900000000 -0.0151315000000000 0.0397558700000000
vn -3.8512203388307356 1.3794581354910904 -3.4540370966480425
v -0.0123379600000000 -0.0149576500000000 0.0397610700000000
vn -0.9054551626611298 0.6754007348932567 -3.0750130387191321
v -0.0122708400000000 -0.0147931400000000 0.0397692000000000
vn -3.4461364650218202 2.8183723938892071 -3.2600213922725341
v -0.0121796100000000 -0.0146400900000000 0.0397800100000000
vn -0.8997052957656475 1.1756291789362274 -2.9182193858919083
v -0.0120652800000000 -0.0145048200000000 0.0397933800000000
vn -2.4403151168198818 3.7181395071896297 -3.1716714161369768
v -0.0119309800000000 -0.0143883900000000 0.0398089400000000
vn -0.3388410562580227 1.2736504198729270 -3.0084639536476785
v -0.0117808800000000 -0.0142939900000000 0.0398262100000000
vn -1.0649479491359526 4.3081360144650160 -3.0857221915990669
v -0.0116170500000000 -0.0142247800000000 0.0398449500000000
vn 0.1212872343717493 1.4833806436433257 -2.9149199544874014
v -0.0114447100000000 -0.0141828900000000 0.0398645700000000
vn 0.3588337409016984 4.7917808419855330 -2.7830429143881568
v -0.0112680600000000 -0.0141672900000000 0.0398845800000000
vn 0.4987445778514210 1.6726673374234640 -2.7622897476160531
v -0.0110922900000000 -0.0141811700000000 0.0399044000000000
vn 1.6666894641352326 4.3700693762938849 -2.7560392800118647
v -0.0109195300000000 -0.0142213700000000 0.0399237900000000
vn 0.9241681828968806 1.2231286436475710 -2.9072742855045650
v -0.0107549900000000 -0.0142889700000000 0.0399421600000000
vn 2.9065205208467835 3.6026646200300387 -2.6749823040136551
v -0.0106039200000000 -0.0143819000000000 0.0399589200000000
vn 1.3167610107853878 0.9718514216231053 -2.8429894248964165
v -0.0104684100000000 -0.0144970000000000 0.0399738500000000
vn 4.0796920516855595 2.7048044859666769 -2.4488570957440507
v -0.0103526800000000 -0.0146311500000000 0.0399864900000000
vn 1.7698744235907455 0.7640273496640708 -2.6413681472374311
v -0.0102598600000000 -0.0147833000000000 0.0399964700000000
vn 4.7110413425902742 1.5099180638866108 -2.3663405454401221
v -0.0101910300000000 -0.0149471400000000 0.0400037100000000
vn 1.7914797809652403 0.2572865266660740 -2.7387473509127687
v -0.0101483000000000 -0.0151205800000000 0.0400079600000000
vn -3.7978920219734746 3.3030293827664603 -2.2541384623648701
v -0.0111846000000000 -0.0146109800000000 0.0309746900000000
vn -1.5644176101451404 3.8006921680175165 -2.5767034693296704
v -0.0107601400000000 -0.0142390200000000 0.0310198700000000
vn 1.9073893134123274 5.3031238476823628 -1.2712066889234568
v -0.0099245200000000 -0.0141922600000000 0.0311184600000000
vn 4.0134402094046813 3.4044512915294303 -1.3427805612434198
v -0.0094405100000000 -0.0144834000000000 0.0311681600000000
vn 4.4337574085584723 1.1779813510531221 -1.9540312852750863
v -0.0091960200000000 -0.0149180300000000 0.0311983900000000
vn -0.0321298421606586 4.5975825202722556 -2.3943195206771488
v -0.0102698000000000 -0.0141387600000000 0.0310612400000000
vn 1.8426036413270290 2.3596262120820368 -3.8398704754111970
v -0.0097291700000000 -0.0143912400000000 0.0309047500000000
vn -2.4710094000052272 0.3831106681512559 -2.8407290776053244
v -0.0113672500000000 -0.0150982900000000 0.0307287100000000
vn 1.8749780825394669 -2.3195037956285183 -3.5149785103880617
v -0.0096720000000000 -0.0161595100000000 0.0309033800000000
vn 1.8913699715445573 -0.1775955017032767 -2.6740496345431621
v -0.0101464500000000 -0.0154762900000000 0.0400070000000000
vn 4.6448684704346732 -1.3611332338371354 -2.4402178769342169
v -0.0101873700000000 -0.0156501500000000 0.0400018000000000
vn 1.5828640896705890 -0.6255028395362314 -2.8021930101294039
v -0.0102544900000000 -0.0158146500000000 0.0399936700000000
vn 3.9973593357977597 -2.6699210129353546 -2.5146175886411171
v -0.0103457300000000 -0.0159666500000000 0.0399828600000000
vn 1.4143826428121886 -1.1721133178878056 -2.7140677753465789
v -0.0104600600000000 -0.0161029700000000 0.0399694900000000
vn 3.1504689125569008 -3.7667867718535835 -2.5120666591575440
v -0.0105943600000000 -0.0162194000000000 0.0399539300000000
vn 1.0275629964643838 -1.2645764808207722 -2.8512105950574433
v -0.0107444600000000 -0.0163138000000000 0.0399366500000000
vn 1.7406865479747369 -4.2406787486520869 -2.8224303971361553
v -0.0109082900000000 -0.0163830100000000 0.0399179100000000
vn 0.5376911318421664 -1.3611851735059279 -2.9356203696588090
v -0.0110806200000000 -0.0164249000000000 0.0398983000000000
vn 0.3147759094487728 -4.5763677251810648 -2.9167649000603895
v -0.0112562400000000 -0.0164394400000000 0.0398784100000000
vn 0.0051251128524365 -1.6404412477122412 -2.8319232330099302
v -0.0114330400000000 -0.0164266200000000 0.0398584700000000
vn -1.0579413579361217 -4.5529144736141873 -2.9734286397426724
v -0.0116058100000000 -0.0163864200000000 0.0398390800000000
vn -0.2927177770668026 -1.3173625286797264 -2.9935820862076437
v -0.0117703500000000 -0.0163188200000000 0.0398207100000000
vn -2.2563203800009752 -3.6339352577122126 -3.2637452060602783
v -0.0119214200000000 -0.0162258900000000 0.0398039400000000
vn -0.6398227593310775 -0.9626922758790992 -3.0735519260387618
v -0.0120569300000000 -0.0161107900000000 0.0397890100000000
vn -3.3523972165322435 -2.6650227589531190 -3.3361697070974099
v -0.0121726700000000 -0.0159755900000000 0.0397763800000000
vn -1.2915397566122402 -0.6719856139134530 -2.9260825437728473
v -0.0122654800000000 -0.0158245000000000 0.0397663900000000
vn -4.3916626449594336 -1.6533525281126631 -3.1727964211732385
v -0.0123343100000000 -0.0156606500000000 0.0397591600000000
vn -1.2091550147491976 -0.3072398980517532 -3.0342622655796299
v -0.0123770400000000 -0.0154872100000000 0.0397549000000000
vn 4.2975441442918880 -0.6735018603505813 -1.8881379736844039
v -0.0091445400000000 -0.0154802100000000 0.0311986200000000
vn 4.1633712429154528 -3.5979795125126532 -0.9792706670767570
v -0.0094784900000000 -0.0161043800000000 0.0311587500000000
vn 1.5892765007417928 -5.3237104174340155 -1.3505237418164864
v -0.0099132800000000 -0.0163539000000000 0.0311125900000000
vn -0.6033927255796984 -4.0750000408908642 -2.5026838945831273
v -0.0104745200000000 -0.0164038000000000 0.0310448100000000
vn -2.0790355409771561 -3.2629342371097576 -2.8268524356078686
v -0.0109264100000000 -0.0161967800000000 0.0309986200000000
vn -3.7035350631888608 -2.1300962196546189 -2.6117117829148651
v -0.0112953300000000 -0.0157724500000000 0.0309545900000000
vn -1.9577493998938009 -1.4541412058717449 1.4861844521897190
v -0.0107588800000000 -0.0149087300000000 0.0397490200000000
vn -1.4314974586533196 1.9712646224819270 1.5674901013893707
v -0.0109379900000000 -0.0158322100000000 0.0397257300000000
vn 1.5656422086206068 1.4189103629519213 1.7701122682936048
v -0.0117239200000000 -0.0156978200000000 0.0396373700000000
vn 1.0484588171416160 -1.9781800325899015 1.8328957348810864
v -0.0115448100000000 -0.0147743300000000 0.0396606600000000
vn -0.1119761033233873 -3.0789257665368277 -3.3689702133226729
v 0.0352079800000000 0.0186278200000000 -0.0001091400000000
vn -0.7110306526242957 -2.9127053620175247 -3.4729705919101428
v 0.0975053700000000 0.0026999800000000 0.0068778600000000
vn -1.5320302274397444 -2.3569563744770385 -3.7838493283112924
v 0.0983830100000000 0.0022527800000000 0.0069755500000000
vn -2.3488838120589102 -1.3054163005169497 -3.8730640509071992
v 0.0989883900000000 0.0014737800000000 0.0070413900000000
vn -2.6445723888504395 -0.0031274088783218 -3.9026529008693278
v 0.0992077900000000 0.0005087200000000 0.0070629900000000
vn -2.3623549808555095 1.3018720369473633 -3.8659528667337937
v 0.0989984400000000 -0.0004584300000000 0.0070361300000000
vn -1.5565797741236671 2.3614387904966940 -3.7710280713488133
v 0.0984011900000000 -0.0012433200000000 0.0069660500000000
vn -0.7413756204854252 2.9239928970709288 -3.4570722113542454
v 0.0975282500000000 -0.0016990800000000 0.0068659000000000
vn -0.1440760208510269 3.0958567717353365 -3.3521989857223264
v 0.0353997100000000 -0.0182358500000000 -0.0002093400000000
vn 2.1474133335272598 2.4675251621061438 -3.4956946754286817
v 0.0334915400000000 -0.0179140900000000 -0.0004239000000000
vn 3.4675494464120611 0.3109387772444416 -2.9522523021793923
v 0.0325636900000000 -0.0160501500000000 -0.0005225900000000
vn 3.2326574975124194 -1.1399182928973823 -3.2154491777401613
v 0.0325391200000000 0.0172255500000000 -0.0004153600000000
vn 2.3449660380337569 -2.2906566144399987 -3.4891259571135551
v 0.0331823000000000 0.0181923000000000 -0.0003394900000000
vn 0.8509466944168165 -3.0247573332473574 -3.4951748703850365
v 0.0343909400000000 0.0186817100000000 -0.0002012900000000
vn 0.8399984589911387 3.2305549760795738 3.2225940425388249
v 0.0473244900000000 0.0211480400000000 0.0088909100000000
vn 3.8402554392966914 3.4578954809012354 0.3081853028958437
v 0.0447996000000000 0.0217174800000000 0.0110021600000000
vn 3.7060352878021163 3.4569635950648059 -0.8274611315093077
v 0.0449195600000000 0.0216588500000000 0.0118924800000000
vn 3.3308051460220667 3.2576986778709731 -1.6998373133185205
v 0.0453816300000000 0.0215170500000000 0.0126739700000000
vn 2.9445781066684718 3.2344535411106494 -2.1558318221708626
v 0.0599711200000000 0.0173267600000000 0.0287785400000000
vn 2.3277325463266143 3.4021527193284102 -2.5713904375639438
v 0.0606170800000000 0.0171488100000000 0.0292746000000000
vn 1.2905321364011157 3.3967759711288892 -2.9539192120065554
v 0.0614036000000000 0.0169428200000000 0.0295121300000000
vn 0.1634359334747060 3.3917383047582490 -2.9404346209175203
v 0.0622234400000000 0.0167378000000000 0.0294547600000000
vn -1.7959526159853971 3.4312652193815172 -1.6077976535259366
v 0.0814072700000000 0.0123297400000000 0.0159847800000000
vn -2.6258685879992973 3.4953794928842385 -0.3819135178743433
v 0.0817229300000000 0.0122768400000000 0.0151433200000000
vn -2.2057847282719631 3.4221816471370978 0.8903435574328556
v 0.0816874600000000 0.0123148800000000 0.0142465900000000
vn -1.6163707006504264 3.4203732969917655 2.0463269719836497
v 0.0813028600000000 0.0124371900000000 0.0134271900000000
vn -0.6112446117480510 3.4164531261690696 2.8558886326887372
v 0.0806147300000000 0.0126299700000000 0.0128162700000000
vn -0.4202848881432096 3.3943084002937658 2.9551986247382471
v 0.0348243600000000 0.0242176600000000 0.0114306000000000
vn 0.7615066812668778 3.4009158231486860 3.1839928856591033
v 0.0339768400000000 0.0244390800000000 0.0112074100000000
vn 2.8658433658293365 3.4202368074497902 2.3622159174659410
v 0.0323548000000000 0.0248312100000000 0.0117477400000000
vn 3.4911696175634797 3.3892600631811347 1.5622011418242598
v 0.0318213600000000 0.0249445000000000 0.0124144000000000
vn 3.1958507941809819 3.6328116508323012 -1.6910142911506245
v 0.0303335200000000 0.0247401600000000 0.0306281000000000
vn 1.9281437362526224 3.4331998324790916 -2.7551138216236581
v 0.0314090900000000 0.0244479800000000 0.0312843100000000
vn 0.3659726982960049 3.2312059706411227 -3.0059314547634202
v 0.0472795700000000 0.0204735800000000 0.0304315500000000
vn -0.4102388853428930 3.4067060156299420 -2.7548063682028414
v 0.0481152800000000 0.0202701300000000 0.0302149900000000
vn 2.8800968846104267 3.2584016204260431 2.4006142595395108
v 0.0821207900000000 0.0118937700000000 0.0240286100000000
vn 3.4640724833387351 3.4774601936255638 1.5756879750891786
v 0.0814608800000000 0.0120378400000000 0.0247446200000000
vn 3.7065312863779627 3.4865142558021320 -0.7908552621164913
v 0.0812679800000000 0.0120275500000000 0.0266112200000000
vn 3.1138255518834268 3.4801352693061780 -1.8898988182322747
v 0.0817675400000000 0.0118742300000000 0.0274456200000000
vn 1.0261859277881062 3.2626146534610503 -3.0161067061217790
v 0.0835673400000000 0.0113985800000000 0.0281568700000000
vn -2.0672995197800166 3.5434608148699458 -1.0162028948087829
v 0.0938845800000000 0.0088630800000000 0.0260962300000000
vn -2.1748360591346119 3.3959130061046250 0.9554134398509906
v 0.0945309300000000 0.0089239300000000 0.0190663800000000
vn 0.2305501807118462 -3.2421531253299891 3.1543969408650820
v 0.0798610700000000 -0.0120759000000000 0.0124577300000000
vn -0.5766261400071220 -3.4392339072345619 2.8348419626655450
v 0.0807419800000000 -0.0118363600000000 0.0127497700000000
vn -2.2353805909340219 -3.4492336491286650 -0.4187600040541600
v 0.0818465100000000 -0.0114843800000000 0.0150787300000000
vn -1.7601444367874499 -3.4409645479970830 -1.6264815288262420
v 0.0815314400000000 -0.0115451400000000 0.0159198900000000
vn -0.6950632832182225 -3.2102633680920079 -2.6766978407612587
v 0.0631335100000000 -0.0160398700000000 0.0290255900000000
vn 0.1979863684745284 -3.3739109130459446 -2.9563414069402447
v 0.0623948900000000 -0.0162256600000000 0.0293651600000000
vn 1.3262785923644747 -3.3667782760907126 -2.9676009578585711
v 0.0615772200000000 -0.0164395000000000 0.0294213900000000
vn 3.3600197829486986 -3.2147292952300135 -1.7156454146026112
v 0.0456032200000000 -0.0210885500000000 0.0125581600000000
vn 3.7412245152829051 -3.4137893329881139 -0.8448189708157015
v 0.0451426300000000 -0.0212309000000000 0.0117759000000000
vn 3.8753590142442009 -3.4195920998852389 0.2888763353955505
v 0.0450232600000000 -0.0212859300000000 0.0108852700000000
vn 3.5902998686825263 -3.4211023623362649 1.3979678450541244
v 0.0452576000000000 -0.0212465700000000 0.0100190400000000
vn 2.9018252143311511 -3.4256349278993157 2.3354464397518653
v 0.0458141700000000 -0.0211196600000000 0.0093060100000000
vn 1.8821224405017796 -3.4256682908388232 2.9650340179014605
v 0.0466193800000000 -0.0209195600000000 0.0088638600000000
vn -2.0626624996671570 -3.4690572092093062 1.1802936065736214
v 0.0494738100000000 -0.0196823000000000 0.0272528700000000
vn -2.1682245287751925 -3.5992240053331566 -0.4086905592448882
v 0.0496236300000000 -0.0196115900000000 0.0284222700000000
vn -1.4069957851726569 -3.4356537644422458 -2.0520668409166642
v 0.0490102700000000 -0.0197416200000000 0.0296045100000000
vn 1.9393040226284630 -3.3968995008203349 -2.7878361231373345
v 0.0316624500000000 -0.0242657800000000 0.0311519000000000
vn -0.6564258447877727 -3.4187840488724826 2.8002640754519810
v 0.0936104000000000 -0.0083202700000000 0.0176682900000000
vn -2.1572906912749126 -3.4280211242235130 0.9482134317188459
v 0.0946190600000000 -0.0080198000000000 0.0190203300000000
vn -2.3269713418865257 -3.2414700693305587 0.0262547912813470
v 0.0946814300000000 -0.0079807300000000 0.0198631500000000
vn -2.0676446479963198 -3.4600252271952563 -0.9897429488494550
v 0.0939700600000000 -0.0080056700000000 0.0260132500000000
vn -1.2980162249361289 -3.4184538415433932 -2.1782782308558941
v 0.0933572300000000 -0.0081416100000000 0.0269574200000000
vn -0.4011315946863793 -3.3281056416772916 -2.7789343914408202
v 0.0926999900000000 -0.0083030400000000 0.0274005300000000
vn 3.4997268941872477 -3.4498519274937993 1.5575343347080635
v 0.0815822600000000 -0.0113003200000000 0.0246811900000000
vn -0.5740882442850476 -1.5269525368928303 1.2555954120236847
v 0.0265951400000000 0.0256827900000000 -0.0001058600000000
vn 4.0938330763498509 -1.5054780501380431 2.2937303651406786
v 0.1058085600000000 0.0054301400000000 0.0087783600000000
vn 0.0290593932130145 -3.0569109449561713 3.5685684905415722
v 0.0342845900000000 0.0186786000000000 0.0007399000000000
vn 1.3368325503342564 -2.4504749864453954 3.8894509060892295
v 0.0331969000000000 0.0182842900000000 0.0006156800000000
vn 2.4196435188514505 -1.1839930240952954 3.8524059261407189
v 0.0324327700000000 0.0172224400000000 0.0005258200000000
vn 2.7240458103588701 -0.2806388046350833 3.6520401912563019
v 0.0322884800000000 0.0164113600000000 0.0005068400000000
vn 2.7210800811500997 0.2891002351793450 3.6535865257603097
v 0.0324573300000000 -0.0160532600000000 0.0004186000000000
vn 2.4223047057403440 1.1675919943175628 3.8545715277013120
v 0.0326100400000000 -0.0168628800000000 0.0004331800000000
vn 1.4849078419905988 2.3094087610629646 3.9219367672987975
v 0.0332632500000000 -0.0178232800000000 0.0005038100000000
vn 0.0201632781566860 3.0290150693241387 3.5936177245177361
v 0.0344769200000000 -0.0183008400000000 0.0006393800000000
vn -0.8907710367107055 3.0740122630852538 3.2556414137161123
v 0.0352933500000000 -0.0182389600000000 0.0007318400000000
vn -1.4962752646656066 2.9019093997171650 3.2234542616422281
v 0.0974218900000000 -0.0017021900000000 0.0078070900000000
vn -2.3605708334701405 2.3379165262894128 3.3439381797573553
v 0.0982948400000000 -0.0012464300000000 0.0079072400000000
vn -3.1665015382613286 1.2784521334803225 3.2497115425751613
v 0.0988920800000000 -0.0004615500000000 0.0079773200000000
vn -3.4487473028751978 -0.0266843729943610 3.2140342152615369
v 0.0991014400000000 0.0005056100000000 0.0080041700000000
vn -3.1529786601592900 -1.3289600955890886 3.2426059330183596
v 0.0988820300000000 0.0014706700000000 0.0079825700000000
vn -2.3360296688618778 -2.3804742890928603 3.3311275752502612
v 0.0982766600000000 0.0022496700000000 0.0079167400000000
vn -1.4659251403791862 -2.9347986690978560 3.2075719124646831
v 0.0973990100000000 0.0026968600000000 0.0078190400000000
vn -0.4811303117867490 1.3580872051280581 -1.3589283631719373
v 0.0224823200000000 -0.0255080300000000 0.0385019000000000
vn -1.5355796336289029 -3.2509193303068660 2.9336116304917872
v 0.0797375000000000 0.0118842300000000 0.0125229800000000
vn -2.4631920223323971 -3.4469109512196905 2.4739341576816525
v 0.0806198200000000 0.0116522800000000 0.0128136200000000
vn -3.8104817092693555 -3.4568172764259897 -0.5777960128756153
v 0.0817280100000000 0.0112991500000000 0.0151406600000000
vn -3.4254910371491221 -3.4493822854855076 -1.6582269156446547
v 0.0814123600000000 0.0113520600000000 0.0159821200000000
vn -2.3860408598386273 -3.2186940246961817 -2.7694112868419616
v 0.0629690300000000 0.0155838700000000 0.0291115400000000
vn -1.6938420300030004 -3.3830484053514325 -3.0555942720079554
v 0.0622285300000000 0.0157601100000000 0.0294521000000000
vn -0.5966706652433513 -3.3762915388140873 -3.1918270150507180
v 0.0614086800000000 0.0159651300000000 0.0295094700000000
vn 0.4996620365284630 -3.3727281170426351 -2.9153412782092922
v 0.0606221700000000 0.0161700700000000 0.0292719400000000
vn 1.7105958596353763 -3.2227373760732361 -2.0042774718876610
v 0.0453867100000000 0.0205393700000000 0.0126713100000000
vn 2.1123581428325977 -3.4210809315296582 -1.1851457883472953
v 0.0449246500000000 0.0206801200000000 0.0118898200000000
vn 2.3046493580934526 -3.4266947124688243 0.0923304377510669
v 0.0448046900000000 0.0207387500000000 0.0109995000000000
vn 1.9558865259239049 -3.4301527560792060 1.3418079196376129
v 0.0450393900000000 0.0207075900000000 0.0101330700000000
vn 1.1211662481914269 -3.4348052947120120 2.3356969668044698
v 0.0455972400000000 0.0205893000000000 0.0094193800000000
vn -0.0385570147776434 -3.4355389872713156 2.8959704198771523
v 0.0464045000000000 0.0203997500000000 0.0089761600000000
vn -3.6972992021007758 -3.4770665951049038 0.8331028104641884
v 0.0492721400000000 0.0190925400000000 0.0273582600000000
vn -3.7525206032172571 -3.6145645833536748 -0.5650196310559648
v 0.0494227200000000 0.0190175900000000 0.0285272800000000
vn 0.0067729341951707 -3.4063143487726273 -3.0866569367056744
v 0.0314141700000000 0.0234703000000000 0.0312816500000000
vn -2.2694977360477395 -3.4221770601985457 2.5962081861601192
v 0.0348294500000000 0.0232399800000000 0.0114279400000000
vn 1.2362063884943362 -3.2508052193918155 2.3020712577775573
v 0.0821258800000000 0.0109160900000000 0.0240259500000000
vn 0.7051545263405322 -3.2283522596941299 2.6629656990511452
v 0.0910327600000000 0.0088692100000000 0.0177928900000000
vn -0.2601358754403382 -3.4127782399851614 2.9309556544787982
v 0.0918267000000000 0.0086795900000000 0.0174392600000000
vn -1.4456759115605728 -3.4194903285479956 2.9175066266432750
v 0.0927027000000000 0.0084600600000000 0.0174104300000000
vn -2.5196975201809764 -3.4270505428684070 2.4459597879195707
v 0.0935242500000000 0.0082435500000000 0.0177133100000000
vn -3.8934481036979607 -3.2490712165204925 -0.1693096749368809
v 0.0945988200000000 0.0079021900000000 0.0199063300000000
vn -3.0379611744447566 -3.4251289731150552 -2.1853347693003071
v 0.0932732200000000 0.0080107200000000 0.0270013200000000
vn -2.2046209976085573 -3.3675611408837600 -2.8461331609168545
v 0.0926143500000000 0.0081629000000000 0.0274452900000000
vn -1.2241592354113568 -3.1232686319426324 -3.1973797435470375
v 0.0918335000000000 0.0083540700000000 0.0276362300000000
vn -0.7254355461854128 -3.2442246817982037 -3.2198600356761959
v 0.0835724300000000 0.0104198500000000 0.0281542100000000
vn 0.1742749384003186 -3.4455389317102196 -3.0229198901430951
v 0.0825880500000000 0.0106730000000000 0.0279972100000000
vn 1.3532063192672079 -3.4455942705784919 -2.3213917061706653
v 0.0817726300000000 0.0108965400000000 0.0274429600000000
vn 2.1124155125286346 -3.4508508062412164 -1.1603668688126318
v 0.0812730700000000 0.0110488100000000 0.0266085600000000
vn 1.8320475429528700 -3.4581541276956482 1.5278290715456349
v 0.0814659700000000 0.0110591000000000 0.0247419600000000
vn -0.9307566365718118 3.2218483964512021 3.0437078103360728
v 0.0475369400000000 -0.0197000500000000 0.0087798800000000
vn -0.0745491578141549 3.4190850410581621 2.9162666072582342
v 0.0466142900000000 -0.0199408300000000 0.0088665200000000
vn 1.0851216596608779 3.4334174644690973 2.3529565801227528
v 0.0458090800000000 -0.0201409200000000 0.0093086700000000
vn 1.9202731353441140 3.4429831353306977 1.3595980606187128
v 0.0452525100000000 -0.0202688900000000 0.0100217000000000
vn 2.2694359549752412 3.4500953834589199 0.1115236439992133
v 0.0450181700000000 -0.0203071900000000 0.0108879300000000
vn 1.6827200159907010 3.2526432581348765 -1.9889650016323501
v 0.0455981400000000 -0.0201108600000000 0.0125608200000000
vn 0.4647225462864192 3.3933636571542829 -2.9059699200512852
v 0.0607878000000000 -0.0156746800000000 0.0291853800000000
vn -0.6312166254310128 3.3873479057520788 -3.1747998923295926
v 0.0615721400000000 -0.0154618200000000 0.0294240500000000
vn -1.7285599344237881 3.3821322889356802 -3.0294297065219435
v 0.0623898000000000 -0.0152479700000000 0.0293678200000000
vn -2.8942669304518618 3.2272498156227893 -2.4030660686249794
v 0.0809018900000000 -0.0107145700000000 0.0165812300000000
vn -3.4614791309408344 3.4224711560223899 -1.6387932776735850
v 0.0815263600000000 -0.0105674500000000 0.0159225400000000
vn -4.1371098522695160 3.3286066565525716 -0.5434967059024978
v 0.0818414300000000 -0.0105067000000000 0.0150813900000000
vn -3.8112694176734920 3.4161290000615550 0.5824525104583629
v 0.0818063300000000 -0.0105391700000000 0.0141844700000000
vn -3.3513707463491116 3.4109620416970938 1.6495558032167712
v 0.0814219500000000 -0.0106620800000000 0.0133642900000000
vn -2.4995415155765746 3.4085270478253600 2.4936714441030512
v 0.0807369000000000 -0.0108586800000000 0.0127524300000000
vn -2.9654108248330933 3.2045359577385639 2.1780951151076828
v 0.0357627500000000 -0.0227185000000000 0.0118231300000000
vn -2.3029990693705367 3.3856184210753426 2.6163876621946458
v 0.0350695000000000 -0.0229143400000000 0.0113024900000000
vn 0.0138504551674092 3.3969899634534073 2.8998236347007809
v 0.0333589500000000 -0.0233681200000000 0.0111913700000000
vn 1.9779805563936070 3.6199357712363458 1.1060924949665603
v 0.0318849600000000 -0.0237189500000000 0.0125820500000000
vn -2.2654094378077558 3.3971711063206627 -2.8053136246803421
v 0.0483191600000000 -0.0189309400000000 0.0301084400000000
vn -3.6666273392027624 3.3930405397522763 -1.2469941147536954
v 0.0494534600000000 -0.0186639000000000 0.0288977000000000
vn -3.7280182553720076 3.4275955203804367 0.8877484975560436
v 0.0494687200000000 -0.0187035600000000 0.0272555300000000
vn 1.1984271881465260 3.2498789182337435 2.3192492395288022
v 0.0822355400000000 -0.0101678200000000 0.0239686400000000
vn 1.8075721856472589 3.4717190639842643 1.5482920885128046
v 0.0815771800000000 -0.0103226300000000 0.0246838500000000
vn 2.0763436705783964 3.4788787799253109 -1.1415152369938706
v 0.0813842300000000 -0.0103234500000000 0.0265504600000000
vn 1.3172916284275473 3.4720858134671486 -2.3027973283030740
v 0.0818822000000000 -0.0101705200000000 0.0273857000000000
vn -3.8125672846237859 3.3902820274178151 0.6618186751683894
v 0.0946139700000000 -0.0070410700000000 0.0190229900000000
vn -3.3539618151553596 3.3864246053337004 1.6601109543425914
v 0.0942427200000000 -0.0071587800000000 0.0182551400000000
vn -2.5554056971052250 3.3872229942741212 2.4637563546605845
v 0.0936053200000000 -0.0073425800000000 0.0176709500000000
vn -1.4558846496031657 3.3920793357498455 2.8618150261709276
v 0.0927860500000000 -0.0075659800000000 0.0173668700000000
vn -0.2864592817999188 3.3966827774600605 2.9619615973557236
v 0.0919123800000000 -0.0077947700000000 0.0173944800000000
vn -1.7453889220332688 1.5579710773747215 1.3887221296938106
v -0.0530331100000000 0.0223774600000000 0.0301406600000000
vn 0.9301162795432448 -2.7663011071236205 3.7056667674039367
v -0.0111838500000000 -0.0142655100000000 0.0347485300000000
vn 1.9879251391089277 -1.9116031127338928 3.8212193785933231
v -0.0115754100000000 -0.0145831500000000 0.0347032300000000
vn 2.5709239406528570 -0.6797574448228969 3.8878535987124034
v -0.0117905600000000 -0.0150388600000000 0.0346774100000000
vn 2.5638194375342671 0.6853211392210780 3.8916256696911353
v -0.0117879300000000 -0.0155461200000000 0.0346760300000000
vn 1.9659932862871834 1.9129461674723942 3.8327975160976124
v -0.0115680400000000 -0.0159996900000000 0.0346993800000000
vn 0.8952466860974287 2.7579976050889590 3.7238404053590908
v -0.0111732000000000 -0.0163124400000000 0.0347429700000000
vn -1.7340142167030712 2.7441986203415443 3.4205472756999526
v -0.0101933300000000 -0.0163076400000000 0.0348537100000000
vn -2.7901991641328054 1.8896267668319549 3.2952809467559820
v -0.0098017700000000 -0.0159910500000000 0.0348990000000000
vn -3.3741683755088516 0.6562408919800358 3.2205084179451449
v -0.0095866100000000 -0.0155353400000000 0.0349248200000000
vn -3.3670554163530877 -0.7087907217509199 3.2167876349228903
v -0.0095892500000000 -0.0150280800000000 0.0349262000000000
vn -2.7720450203596747 -1.9349047554616721 3.2832465644402409
v -0.0098091300000000 -0.0145745100000000 0.0349028500000000
vn -1.5552544691107750 -2.7755280599420522 2.0932693161469969
v -0.0102039800000000 -0.0142607100000000 0.0348592700000000
vn 0.9282695133756822 -2.7678501278744916 3.7036080841560293
v -0.0113414200000000 0.0160301000000000 0.0348308800000000
vn 1.9858847010584566 -1.9131681724791187 3.8224436894400853
v -0.0117329900000000 0.0157135100000000 0.0347855800000000
vn 2.5709205717794705 -0.6797325741968130 3.8878758008421812
v -0.0119481400000000 0.0152578000000000 0.0347597600000000
vn 2.5638246564762674 0.6853212903808424 3.8915916602328644
v -0.0119455000000000 0.0147505400000000 0.0347583800000000
vn 1.9680455259264207 1.9113607471067433 3.8315960336475352
v -0.0117256200000000 0.0142969700000000 0.0347817300000000
vn 1.0461481828226438 2.7608171792517493 2.4055803322870410
v -0.0113307700000000 0.0139831700000000 0.0348253100000000
vn -1.7362713797688230 2.7425840118691291 3.4221184444002337
v -0.0103509000000000 0.0139879700000000 0.0349360500000000
vn -2.7919326517591476 1.8880531939464176 3.2936562964839462
v -0.0099593400000000 0.0143056100000000 0.0349813500000000
vn -3.3741874652490242 0.6562127225193096 3.2204898836256883
v -0.0097441900000000 0.0147613200000000 0.0350071700000000
vn -3.3669498427583160 -0.7087321190828375 3.2167997554785064
v -0.0097468300000000 0.0152685800000000 0.0350085500000000
vn -2.7703100984571005 -1.9364186562828418 3.2848823595437913
v -0.0099667100000000 0.0157221500000000 0.0349852000000000
vn -1.7022891090023260 -2.7814299061620069 3.4115202001501448
v -0.0103615500000000 0.0160349000000000 0.0349416200000000
vn -0.2825203352030721 -3.0432803271826172 2.5962036184848714
v -0.0100562000000000 -0.0141318400000000 0.0291602800000000
vn -1.7865494597381151 -2.6474731262272622 2.4336383551050051
v -0.0094917500000000 -0.0142816800000000 0.0292235700000000
vn -2.9014946663695493 -1.5420106381422309 2.3208479900127119
v -0.0090765100000000 -0.0146953600000000 0.0292691300000000
vn -3.3143954970738041 -0.0234291852296897 2.2792773501284498
v -0.0089219200000000 -0.0152629200000000 0.0292847200000000
vn -2.9173142861532333 1.4991137365203957 2.3291206006854708
v -0.0090706000000000 -0.0158319600000000 0.0292660400000000
vn -1.8147156261414124 2.6152978066865291 2.4508065020620515
v -0.0094815100000000 -0.0162496800000000 0.0292182200000000
vn -0.3080864149810468 3.0275547587670881 2.6166009778811623
v -0.0100443900000000 -0.0164039900000000 0.0291541100000000
vn 1.1934383321477489 2.6311374801529337 2.7856079730015635
v -0.0106098800000000 -0.0162552000000000 0.0290907000000000
vn 2.3092647578927474 1.5246808724283922 2.9198096299156711
v -0.0110251200000000 -0.0158415200000000 0.0290451400000000
vn 2.7221875036657659 0.0061048592482620 2.9615076935916695
v -0.0111797100000000 -0.0152739700000000 0.0290295500000000
vn 2.3250975560724951 -1.5164058366848490 2.9115595818930848
v -0.0110310300000000 -0.0147049300000000 0.0290482300000000
vn 1.2259146223275192 -2.6321145599573672 2.7785642309904119
v -0.0106201200000000 -0.0142872000000000 0.0290960500000000
vn -0.2827187157918988 -3.0447185872119826 2.5994205912001749
v -0.0102137700000000 0.0161637700000000 0.0292426300000000
vn -1.7837518379997201 -2.6481391034493784 2.4321729430975454
v -0.0096493200000000 0.0160149800000000 0.0293059200000000
vn -2.9015115799770008 -1.5419975778302253 2.3208575576228148
v -0.0092340900000000 0.0156013000000000 0.0293514800000000
vn -3.3143968616035799 -0.0234292398881162 2.2792771957553328
v -0.0090795000000000 0.0150337400000000 0.0293670700000000
vn -2.9173165681848707 1.4991136720595237 2.3291223779358932
v -0.0092281800000000 0.0144647000000000 0.0293483900000000
vn -1.8176959285937400 2.6145271097672089 2.4524641598986956
v -0.0096390900000000 0.0140469800000000 0.0293005700000000
vn -0.3075931770889253 3.0260289123862263 2.6134079408244517
v -0.0102019500000000 0.0138916200000000 0.0292364500000000
vn 1.1958553952151787 2.6304392655194615 2.7876245479229769
v -0.0107674600000000 0.0140414600000000 0.0291730500000000
vn 2.3092743003548613 1.5246671682711697 2.9198240895746093
v -0.0111826900000000 0.0144551400000000 0.0291274900000000
vn 2.7221874768607988 0.0061128662875308 2.9615144551790462
v -0.0113372800000000 0.0150226900000000 0.0291119000000000
vn 2.3250862464866886 -1.5164128680382216 2.9115447813939368
v -0.0111886000000000 0.0155917400000000 0.0291305800000000
vn 1.2233818607949065 -2.6328804949852880 2.7763047626614985
v -0.0107776900000000 0.0160094600000000 0.0291784000000000
vn 0.9185670800208374 -0.1991442369920054 0.2805924065500602
v -0.0095221000000000 0.0145589300000000 0.0405568500000000
vn 0.3706315358561298 -1.0089621457104632 0.2558567284609436
v -0.0107604800000000 0.0131962900000000 0.0404128400000000
vn -0.5606627821435743 -0.8186217115633135 0.1173083545930659
v -0.0125652900000000 0.0133365500000000 0.0402087500000000
vn -1.2184826857635225 -0.1998508209309836 0.1251598314020440
v -0.0133157300000000 0.0147556500000000 0.0401300900000000
vn -1.0115001670891859 0.5184100683455009 0.1119900603370217
v -0.0131821600000000 0.0158494600000000 0.0401486000000000
vn -0.2815768615829937 1.0216287923883978 0.1735996230197732
v -0.0119634200000000 0.0168805400000000 0.0402872700000000
vn 0.6456354613048182 0.7735166948885126 0.2733176954794014
v -0.0102059700000000 0.0164875200000000 0.0404866300000000
vn -2.6118348963522116 -0.8797363150540680 4.4155446764259585
v -0.0108990800000000 0.0152435400000000 0.0404047900000000
vn 0.6173668539869612 -2.0500591112817323 4.6671954532336990
v -0.0117662000000000 0.0155204600000000 0.0403077200000000
vn 1.4096210570385039 0.9067554482697139 5.0430450369602191
v -0.0120419200000000 0.0146894200000000 0.0402644900000000
vn -1.6889018704886907 2.0156415915044676 4.4123739587324708
v -0.0111593700000000 0.0144625800000000 0.0403727900000000
vn -1.2470843088379211 0.1964765646061713 -3.0275107305031388
v -0.0125364700000000 0.0151651600000000 0.0398382200000000
vn -3.9841084461647727 1.3805591243172701 -3.4062115223027138
v -0.0124955400000000 0.0153390200000000 0.0398434200000000
vn -0.9180876979902998 0.6449230447483525 -3.0806399582004791
v -0.0124284200000000 0.0155035200000000 0.0398515500000000
vn -3.3373876601563168 2.6891783882725520 -3.3257348394657402
v -0.0123371800000000 0.0156555200000000 0.0398623600000000
vn -0.7739329292873280 1.1908376111209611 -2.9535506805191729
v -0.0122228500000000 0.0157918400000000 0.0398757300000000
vn -2.5132450769429653 3.7854141231492866 -3.1270917311763777
v -0.0120885500000000 0.0159082700000000 0.0398912900000000
vn -0.3663184401835701 1.2839110233086206 -3.0003272728032799
v -0.0119384500000000 0.0160026700000000 0.0399085600000000
vn -1.0693575843278023 4.2604031902337010 -3.1118482585125138
v -0.0117746200000000 0.0160718800000000 0.0399273000000000
vn 0.1303533632357572 1.3810196865258826 -2.9729688701986552
v -0.0116022900000000 0.0161137700000000 0.0399469200000000
vn 0.6258932020422225 1.6588407114501613 -2.7504900201263283
v -0.0112498700000000 0.0161154900000000 0.0399867500000000
vn 1.6920830789681607 4.5713655734841083 -2.6325146095733056
v -0.0110771100000000 0.0160752900000000 0.0400061400000000
vn 0.9523299165996668 1.3366966447176307 -2.8440124426117483
v -0.0109125700000000 0.0160076900000000 0.0400245000000000
vn 2.9251330345567617 3.6534411589845490 -2.6542274725632380
v -0.0107614900000000 0.0159147600000000 0.0400412700000000
vn 1.3088015531013655 0.9822759049742227 -2.8468999194507729
v -0.0106259900000000 0.0157996600000000 0.0400562000000000
vn 4.0103208542571611 2.6843150044846178 -2.4864436699084624
v -0.0105102500000000 0.0156644600000000 0.0400688300000000
vn 1.9114755887139139 0.6901532847418683 -2.5596616176770457
v -0.0104174300000000 0.0155133700000000 0.0400788200000000
vn 4.9877636220579857 1.6708965068221717 -2.1018573238403322
v -0.0103486000000000 0.0153495200000000 0.0400860600000000
vn 1.8555417881152931 0.3261349594062427 -2.6858228599338876
v -0.0103058700000000 0.0151760800000000 0.0400903100000000
vn -3.7687622627483228 0.6888382491630958 -2.7949395838689273
v -0.0115475300000000 0.0152273200000000 0.0310285900000000
vn -3.8426507814169701 3.6082640250195586 -1.8593656298576637
v -0.0112135600000000 0.0158514900000000 0.0310683300000000
vn -1.2502715583285566 5.3309775022057355 -1.6398043766119279
v -0.0107796200000000 0.0161009900000000 0.0311219800000000
vn 1.1432141292509623 4.0916926059682215 -2.2778594068865652
v -0.0102174000000000 0.0161509500000000 0.0311817100000000
vn 2.6546113561510665 3.2794913254259477 -2.2705904294658601
v -0.0097664800000000 0.0159438700000000 0.0312359500000000
vn 4.1913765115990653 2.1443796124810732 -1.7054445753267422
v -0.0093967300000000 0.0155195700000000 0.0312725800000000
vn -1.0458718988678641 2.3425276270599520 -3.8319424445953176
v -0.0109684800000000 0.0159076200000000 0.0308629000000000
vn -0.9373733782072523 -2.3332943326751687 -4.1695206435997534
v -0.0109112300000000 0.0141398500000000 0.0308655000000000
vn 1.6395190360682652 -0.1811343379793910 -2.8434833925215877
v -0.0103040200000000 0.0148203700000000 0.0400893500000000
vn 4.5259107000545349 -1.3596965111671842 -2.5164707886442717
v -0.0103449500000000 0.0146465200000000 0.0400841500000000
vn 1.5693333647730303 -0.6559810033926835 -2.7997453483894210
v -0.0104120700000000 0.0144820100000000 0.0400760200000000
vn 4.0888018254777183 -2.7996287280695604 -2.4270865418379906
v -0.0105033000000000 0.0143289600000000 0.0400652000000000
vn 1.5291327394321330 -1.1571893606398667 -2.6515130679413379
v -0.0106176300000000 0.0141936900000000 0.0400518400000000
vn 3.0892969049137533 -3.6991571062134652 -2.5713328180300885
v -0.0107519300000000 0.0140772600000000 0.0400362700000000
vn 1.0024444111475879 -1.2542364729603310 -2.8652519129048928
v -0.0109020400000000 0.0139828600000000 0.0400190000000000
vn 1.7305552051182467 -4.2885500356349819 -2.7982877457054749
v -0.0110658600000000 0.0139136500000000 0.0400002600000000
vn 0.5337359430613963 -1.4638262059765941 -2.8777783430211370
v -0.0112382000000000 0.0138717600000000 0.0399806500000000
vn 0.1320923532908491 -1.6549837510694747 -2.8148054617850269
v -0.0115906200000000 0.0138700400000000 0.0399408200000000
vn -1.0056197678035645 -4.3507411616167673 -3.0869139700990766
v -0.0117633800000000 0.0139102400000000 0.0399214300000000
vn -0.2511462017030079 -1.2033667119852449 -3.0481209503367785
v -0.0119279200000000 0.0139778400000000 0.0399030600000000
vn -2.2336805101909434 -3.5829461650827072 -3.2796411883905554
v -0.0120790000000000 0.0140707700000000 0.0398862900000000
vn -0.6484610795929502 -0.9522760800107788 -3.0714033681649280
v -0.0122145000000000 0.0141858700000000 0.0398713600000000
vn -3.4284627138330452 -2.6857490160216240 -3.3150442730360559
v -0.0123302300000000 0.0143200200000000 0.0398587300000000
vn -1.1352836447319921 -0.7454899243062922 -2.9746315030074939
v -0.0124230500000000 0.0144721700000000 0.0398487400000000
vn -4.0630219632773912 -1.4909766528833432 -3.3677025905044045
v -0.0124918800000000 0.0146360100000000 0.0398415100000000
vn -1.1349764702251635 -0.2381468084168401 -3.0711438633738397
v -0.0125346200000000 0.0148094500000000 0.0398372500000000
vn 3.0428031770222859 -0.3663137064270623 -2.2201434646293992
v -0.0092757200000000 0.0148468400000000 0.0310640400000000
vn 4.2078747590666499 -3.2909976023295666 -1.3711628453027149
v -0.0095082900000000 0.0143580700000000 0.0312598800000000
vn 2.1041494139636372 -3.7847431201238857 -2.1877140918546059
v -0.0099316000000000 0.0139863000000000 0.0312068100000000
vn 0.5716505181903309 -4.5797976274774310 -2.3572686420251472
v -0.0104179400000000 0.0138859700000000 0.0311371500000000
vn -1.5699237190677746 -5.2930336303316281 -1.6995727670883831
v -0.0107683700000000 0.0139393500000000 0.0311161100000000
vn -3.6099499425174058 -3.3925305990718804 -2.2267992392871352
v -0.0112514900000000 0.0142305100000000 0.0310584400000000
vn -3.8849570993088447 -1.1619094751036168 -2.9018798462367146
v -0.0114968700000000 0.0146651200000000 0.0310361800000000
vn -1.9200974157606374 -1.4292656063190514 1.3668323723284188
v -0.0109164500000000 0.0153879300000000 0.0398313700000000
vn -1.4325000741778555 1.9669516695153269 1.5656355855353565
v -0.0110955600000000 0.0144644500000000 0.0398080800000000
vn 1.5756842236763364 1.4430119416325389 1.8950557433093083
v -0.0118814900000000 0.0145988400000000 0.0397197200000000
vn 1.0470755752075620 -1.9825027162262432 1.8344551087222558
v -0.0117023900000000 0.0155223300000000 0.0397430100000000
vn 2.7148660358980381 -3.5262550359006997 1.4814807549888811
v -0.0232857700000000 0.0564917600000000 0.0760605200000000
vn 1.8927752350256204 -3.5473022569702946 2.4228331955405351
v -0.0229044200000000 0.0564949700000000 0.0756100700000000
vn -1.7482141997086873 -3.8304519940076429 2.3517210225141576
v -0.0210099700000000 0.0565048900000000 0.0755834300000000
vn -2.8775701698363187 -3.6273757319174642 0.9541685393016961
v -0.0205040600000000 0.0565053700000000 0.0763749000000000
vn -2.6786716811150182 -3.5452119592438884 -1.4994054177459564
v -0.0206342800000000 0.0565015600000000 0.0775273300000000
vn -1.8568477230106888 -3.5545489288799894 -2.4409208974733363
v -0.0210157500000000 0.0564983500000000 0.0779788300000000
vn 1.7890266907784484 -3.8000714969340499 -2.3710329672039112
v -0.0229108000000000 0.0564884200000000 0.0780051100000000
vn 2.9160615064026962 -3.5909425397651984 -0.9723848977493326
v -0.0234159900000000 0.0564879500000000 0.0772129500000000
vn 0.0600489028300729 -6.1164072627794344 -0.2676801447424864
v -0.0215773800000000 0.0565078500000000 0.0734077400000000
vn -0.0189450469389005 -6.1169128015544123 -0.2647146596818875
v -0.0226428600000000 0.0565021800000000 0.0734546700000000
vn -0.0907519456699074 -6.1160861944513707 -0.2360110975392229
v -0.0236404800000000 0.0564959800000000 0.0738291100000000
vn -0.1545675056597623 -6.1141530995691804 -0.1901423132973881
v -0.0244750200000000 0.0564898300000000 0.0744941800000000
vn -0.1986542986900898 -6.1152956815447848 -0.1225381749050071
v -0.0250627800000000 0.0564843500000000 0.0753841400000000
vn -0.2196288471234316 -6.1164619028928806 -0.0450651805042830
v -0.0253472200000000 0.0564800800000000 0.0764111100000000
vn -0.2152869331029613 -6.1157864207841559 0.0331486085152361
v -0.0252992400000000 0.0564774400000000 0.0774767100000000
vn -0.1872635211427753 -6.1159135878281461 0.1079421416242598
v -0.0249249000000000 0.0564766700000000 0.0784754000000000
vn -0.1373354693007683 -6.1163939130253020 0.1699836077511546
v -0.0242597100000000 0.0564778600000000 0.0793089100000000
vn -0.0729188800262925 -6.1157631900090008 0.2136624189766437
v -0.0233707900000000 0.0564808900000000 0.0798965700000000
vn 0.0031322794088780 -6.1161052818483448 0.2344731143827586
v -0.0223427800000000 0.0564854600000000 0.0801811500000000
vn 0.0844467259664854 -6.1150121071263648 0.2305817265747239
v -0.0212771900000000 0.0564911300000000 0.0801331800000000
vn 0.1582065839089379 -6.1148501895823868 0.2025931004696714
v -0.0202795700000000 0.0564973400000000 0.0797587300000000
vn 0.2183668171340314 -6.1138479067049403 0.1542951408100574
v -0.0194451500000000 0.0565034900000000 0.0790947100000000
vn 0.2606754896114676 -6.1125106076990567 0.0883824166942712
v -0.0188573900000000 0.0565089600000000 0.0782047500000000
vn 0.2842267147637553 -6.1119541901450170 0.0127138501749153
v -0.0185738700000000 0.0565132300000000 0.0771766200000000
vn 0.2785289974167356 -6.1121335417734377 -0.0677225041580180
v -0.0186209300000000 0.0565158800000000 0.0761121800000000
vn 0.2518111486963698 -6.1122968802171362 -0.1414012741882565
v -0.0189952700000000 0.0565166500000000 0.0751134900000000
vn 0.2024450699034063 -6.1145409918741471 -0.2026923406520990
v -0.0196603400000000 0.0565154600000000 0.0742789400000000
vn 0.1377317262441875 -6.1161737165331456 -0.2463896284995039
v -0.0205492600000000 0.0565124300000000 0.0736912800000000
vn 2.9039641391555682 3.6042915011318741 -0.9112292401348343
v -0.0234278100000000 0.0587600900000000 0.0772191200000000
vn -2.6343740464307377 3.5859355416768350 -1.5685443004034045
v -0.0206461000000000 0.0587737100000000 0.0775335000000000
vn -2.9397917296062497 3.5699548540982353 0.9321862261854368
v -0.0205158800000000 0.0587775200000000 0.0763810700000000
vn -2.0020363982168496 3.7499566455907440 2.2428520423146026
v -0.0209362000000000 0.0587772800000000 0.0756618900000000
vn 1.3076235141622590 3.7177066868508888 2.6977598675214001
v -0.0226278200000000 0.0587691800000000 0.0754081000000000
vn 2.5958711118225550 3.6056193113712887 1.5892635212621400
v -0.0232975800000000 0.0587639000000000 0.0760666900000000
vn -0.0038184665936688 6.1180934400640199 -0.2339762830746511
v -0.0215892000000000 0.0587800000000000 0.0734139200000000
vn 0.0746796919267569 6.1186205460428775 -0.2115397184127636
v -0.0205610700000000 0.0587845700000000 0.0736974600000000
vn 0.1385178659137800 6.1173521728420699 -0.1693687378268466
v -0.0196721600000000 0.0587876000000000 0.0742851100000000
vn 0.1878898106857991 6.1152697571624639 -0.1080203393689167
v -0.0190070900000000 0.0587887900000000 0.0751196700000000
vn 0.2135416194765460 6.1150606991911562 -0.0349101772524941
v -0.0186327500000000 0.0587880200000000 0.0761183600000000
vn 0.2193870463263431 6.1145284144195715 0.0442506430159190
v -0.0185856900000000 0.0587853800000000 0.0771827900000000
vn 0.1961745197696266 6.1143995539313485 0.1211031718002936
v -0.0188692100000000 0.0587811100000000 0.0782109300000000
vn 0.1545409085065767 6.1148758484025736 0.1873061656527376
v -0.0194569700000000 0.0587756300000000 0.0791008800000000
vn 0.0929861540424897 6.1151035682091495 0.2347135494493451
v -0.0202913800000000 0.0587694900000000 0.0797649100000000
vn 0.0180545281877765 6.1143708818773357 0.2620224182550331
v -0.0212890100000000 0.0587632800000000 0.0801393500000000
vn -0.0620300715921922 6.1144509347332665 0.2671166201179017
v -0.0223546000000000 0.0587576100000000 0.0801873200000000
vn -0.1363963992997106 6.1134549297128267 0.2465865248173267
v -0.0233826100000000 0.0587530300000000 0.0799027400000000
vn -0.2008234915345944 6.1136682605938537 0.2026772364279077
v -0.0242715200000000 0.0587500100000000 0.0793150900000000
vn -0.2499268090735959 6.1131154029697541 0.1393328534130483
v -0.0249367200000000 0.0587488100000000 0.0784815800000000
vn -0.2788076738993125 6.1129582801622728 0.0668642876495539
v -0.0253110600000000 0.0587495800000000 0.0774828900000000
vn -0.2829166288710661 6.1140397795176522 -0.0117842427031805
v -0.0253590400000000 0.0587522300000000 0.0764172900000000
vn -0.2612840096199983 6.1136031615532413 -0.0872089034477839
v -0.0250745900000000 0.0587565000000000 0.0753903200000000
vn -0.2169567943222240 6.1134170077011269 -0.1529956511808664
v -0.0244868400000000 0.0587619700000000 0.0745003600000000
vn -0.1548431705610661 6.1160265187406591 -0.2020729591611551
v -0.0236523000000000 0.0587681200000000 0.0738352900000000
vn -0.0824574099017309 6.1177817588189631 -0.2311242063602019
v -0.0226546700000000 0.0587743300000000 0.0734608400000000
vn -3.3548048123738403 2.9597970564072602 -0.3693176534507833
v -0.0351391800000000 0.0579476700000000 0.0753094600000000
vn -3.3726400224963573 2.9579303940736388 0.1581522293000135
v -0.0352098900000000 0.0579416500000000 0.0773879400000000
vn -3.3084540329284442 2.9575539791635750 0.6811413849673644
v -0.0349538800000000 0.0579373700000000 0.0794525000000000
vn -3.1634824788627069 2.9560717309767730 1.1878733354876698
v -0.0343790700000000 0.0579349200000000 0.0814514100000000
vn -2.9405710671822347 2.9566873097001674 1.6665247425947036
v -0.0334979200000000 0.0579343900000000 0.0833356100000000
vn -2.6446617231684773 2.9565172409127602 2.1027972794223535
v -0.0323338300000000 0.0579357600000000 0.0850590200000000
vn -2.2833878549439395 2.9571491317032841 2.4885997618495139
v -0.0309138000000000 0.0579390100000000 0.0865794200000000
vn -1.8671890534758417 2.9589004846985700 2.8125438358026478
v -0.0292736600000000 0.0579440600000000 0.0878577900000000
vn -1.4064841050855938 2.9609865331414724 3.0673785670074305
v -0.0274534500000000 0.0579508000000000 0.0888642000000000
vn -0.9109634751060210 2.9623379472858167 3.2471059607127142
v -0.0254981000000000 0.0579590400000000 0.0895745000000000
vn -0.3665472453468789 2.9457907100881831 3.3481127551189389
v -0.0234562800000000 0.0579685800000000 0.0899694200000000
vn 0.0022255015640394 2.8542049583492943 3.3627950082004316
v -0.0213778300000000 0.0579792000000000 0.0900401600000000
vn 0.7354580476635901 2.8138207234259305 3.2757276173154368
v -0.0193133000000000 0.0579906300000000 0.0897841800000000
vn 1.1643005217309941 2.9736668032990456 3.1561013747828843
v -0.0173144100000000 0.0580025900000000 0.0892093900000000
vn 1.6424006934654687 2.9763693421651549 2.9317390856267052
v -0.0154303600000000 0.0580147800000000 0.0883293100000000
vn 2.0793852456301538 2.9797042380026819 2.6358254854070569
v -0.0137068600000000 0.0580269100000000 0.0871641900000000
vn 2.4644397631600308 2.9833031524439519 2.2762026685617740
v -0.0121875500000000 0.0580386800000000 0.0857440400000000
vn 2.7884931908125092 2.9852863800670932 1.8603847744938926
v -0.0109081600000000 0.0580497900000000 0.0841040200000000
vn 3.0526988876042442 2.9693663462609368 1.3746273794261497
v -0.0099017900000000 0.0580599700000000 0.0822838100000000
vn 3.1813215676950630 2.8763554573462438 1.0299325037111347
v -0.0091916400000000 0.0580689800000000 0.0803295000000000
vn 3.3255162747325273 2.8345432919152533 0.3037433000788740
v -0.0087966300000000 0.0580765800000000 0.0782866200000000
vn 3.2807374068170154 -2.7616324343514793 0.6683969280600217
v -0.0089500100000000 0.0573146700000000 0.0795018300000000
vn 3.0852224619987472 -2.9444725607639337 1.3521435887055715
v -0.0098978500000000 0.0573022400000000 0.0822817500000000
vn 2.8197163920801360 -2.9661760700108326 1.8442998589714399
v -0.0109042200000000 0.0572920600000000 0.0841019600000000
vn 2.4956456930234134 -2.9697593877791926 2.2602324995699292
v -0.0121836000000000 0.0572809400000000 0.0857419800000000
vn 2.1105851292650422 -2.9721816032754296 2.6198738842324820
v -0.0137029200000000 0.0572691800000000 0.0871621300000000
vn 1.6740937080628935 -2.9749568325197839 2.9161774586713483
v -0.0154264200000000 0.0572570500000000 0.0883272500000000
vn 1.1808329143235334 -2.9771602729346771 3.1440415923581466
v -0.0173104700000000 0.0572448600000000 0.0892073300000000
vn 0.3811225986661537 -2.7846147969194144 3.3083981666695252
v -0.0205160800000000 0.0572254000000000 0.0900088200000000
vn -0.3296799155944179 -2.9670563332955067 3.3322812637088775
v -0.0234523400000000 0.0572108500000000 0.0899673700000000
vn -0.8800680491346731 -2.9892388487811781 3.2312517675594514
v -0.0254941600000000 0.0572013000000000 0.0895724400000000
vn -1.3756528738316371 -2.9920640834464249 3.0514890475582144
v -0.0274495100000000 0.0571930600000000 0.0888621400000000
vn -1.8363741618552909 -2.9934327345380431 2.7966102524764049
v -0.0292697100000000 0.0571863300000000 0.0878557300000000
vn -2.2527697578599524 -2.9941765439680843 2.4730082061488670
v -0.0309098600000000 0.0571812800000000 0.0865773600000000
vn -2.6144512285611019 -2.9951950660040145 2.0869399446406125
v -0.0323298900000000 0.0571780200000000 0.0850569600000000
vn -2.9097028742181532 -2.9961183714870598 1.6503315622988033
v -0.0334939800000000 0.0571766500000000 0.0833335500000000
vn -3.1323310150218795 -2.9952308457028707 1.1720086871940274
v -0.0343751300000000 0.0571771900000000 0.0814493500000000
vn -3.2783012100291895 -2.9954025836791738 0.6652125196505200
v -0.0349499400000000 0.0571796400000000 0.0794504400000000
vn -3.3423550127093340 -2.9936143230646621 0.1417801099259186
v -0.0352059500000000 0.0571839200000000 0.0773858800000000
vn -3.3241610802696462 -2.9924602161569833 -0.3855242109128577
v -0.0351352400000000 0.0571899300000000 0.0753074100000000
vn 0.3614942591460399 2.9871390880504731 -3.3318894269605974
v -0.0204796500000000 0.0580556600000000 0.0636277100000000
vn -0.1647474863416070 2.9846328982906609 -3.3492609994908342
v -0.0225581000000000 0.0580450400000000 0.0635569700000000
vn -0.6878719809906618 2.9815053155921207 -3.2845689507767579
v -0.0246225200000000 0.0580336100000000 0.0638119100000000
vn -1.1952801461532288 2.9781636642797058 -3.1385335364030555
v -0.0266214000000000 0.0580216600000000 0.0643866900000000
vn -1.6728507103900041 2.9758181098816934 -2.9163859542461341
v -0.0285055700000000 0.0580094600000000 0.0652678200000000
vn -2.1107097923822544 2.9717057808716438 -2.6214982738621480
v -0.0302289500000000 0.0579973300000000 0.0664319000000000
vn -2.4970571247610658 2.9696446481163474 -2.2613610715782495
v -0.0317482700000000 0.0579855700000000 0.0678520400000000
vn -2.8207145779278315 2.9661117036322366 -1.8444598736521882
v -0.0330276500000000 0.0579744600000000 0.0694920700000000
vn -3.0753853394119566 2.9643194358915101 -1.3832734501937454
v -0.0340340300000000 0.0579642800000000 0.0713122800000000
vn -3.2548571166331710 2.9613628366292297 -0.8873226078234715
v -0.0347442900000000 0.0579552700000000 0.0732676300000000
vn -3.2238328182387987 -2.9901819528444964 -0.9037213752788092
v -0.0347403500000000 0.0571975400000000 0.0732655700000000
vn -3.0443250774454458 -2.9886641323302152 -1.3992686460376929
v -0.0340300800000000 0.0572065500000000 0.0713102200000000
vn -2.7899703738315909 -2.9851915028949358 -1.8608190042929373
v -0.0330237100000000 0.0572167300000000 0.0694900100000000
vn -2.4654882272420360 -2.9831658737446274 -2.2771112037268022
v -0.0317443300000000 0.0572278400000000 0.0678499800000000
vn -2.0793992219257751 -2.9792452090320114 -2.6371332542334942
v -0.0302250100000000 0.0572396000000000 0.0664298400000000
vn -1.6421834132893971 -2.9771483585115508 -2.9325000810050654
v -0.0285016300000000 0.0572517300000000 0.0652657600000000
vn -1.1644152227674274 -2.9732920332513757 -3.1551375690166212
v -0.0266174600000000 0.0572639200000000 0.0643846300000000
vn -0.6569915932857664 -2.9705720275383420 -3.3010462731020684
v -0.0246185800000000 0.0572758800000000 0.0638098500000000
vn -0.1338192019782715 -2.9679080720504527 -3.3657402666901546
v -0.0225541600000000 0.0572873100000000 0.0635549100000000
vn 0.3927757697157540 -2.9650620402692840 -3.3479624643925616
v -0.0204757100000000 0.0572979300000000 0.0636256500000000
vn 0.9101765599636134 -2.9627325230401986 -3.2487082079154330
v -0.0184338900000000 0.0573074800000000 0.0640205700000000
vn 1.4064523256341601 -2.9604168369691917 -3.0684410924350054
v -0.0164784300000000 0.0573157200000000 0.0647298200000000
vn 1.8681619822228595 -2.9584584263182139 -2.8122780971525447
v -0.0146582200000000 0.0573224500000000 0.0657362300000000
vn 2.2841321873228955 -2.9575938955893371 -2.4877453325915746
v -0.0130181900000000 0.0573275000000000 0.0670156500000000
vn 2.6438828601164039 -2.9569006100977955 -2.1026787877577502
v -0.0115981600000000 0.0573307600000000 0.0685360500000000
vn 2.9391026461009440 -2.9562214395934530 -1.6657122203273158
v -0.0104339500000000 0.0573321300000000 0.0702584200000000
vn 3.1625009107258295 -2.9566002795279891 -1.1879001432051044
v -0.0095529200000000 0.0573315900000000 0.0721436600000000
vn 3.3087639250332397 -2.9573208389108148 -0.6822074913838333
v -0.0089780000000000 0.0573291500000000 0.0741415300000000
vn 3.3720675411109928 -2.9565358983093981 -0.1428604147319173
v -0.0087219900000000 0.0573248700000000 0.0762060900000000
vn 3.3425530639714141 2.9936069419275708 -0.1419755271589687
v -0.0087259300000000 0.0580826000000000 0.0762081500000000
vn 3.2778234457035231 2.9952359795356500 -0.6658518831824970
v -0.0089819400000000 0.0580868800000000 0.0741435900000000
vn 3.1314352852896921 2.9957468009975594 -1.1718591279806647
v -0.0095568600000000 0.0580893200000000 0.0721457200000000
vn 2.9078762259902158 2.9956597618607601 -1.6493874897963459
v -0.0104378900000000 0.0580898600000000 0.0702604800000000
vn 2.6127018699397846 2.9956455476868431 -2.0862667018137335
v -0.0116021000000000 0.0580884900000000 0.0685381100000000
vn 2.2537530301922981 2.9946455374495500 -2.4715405766063410
v -0.0130221300000000 0.0580852400000000 0.0670177100000000
vn 1.8378409717422504 2.9928976559399429 -2.7970282765873504
v -0.0146621600000000 0.0580801800000000 0.0657382900000000
vn 1.3753746814683645 2.9914832717167732 -3.0529423511291167
v -0.0164823700000000 0.0580734500000000 0.0647318800000000
vn 0.8793693657419248 2.9896255206357396 -3.2329633133398827
v -0.0184378300000000 0.0580652100000000 0.0640226300000000
vn 2.7305018157530387 3.8133715217212716 -0.4595894623366628
v -0.0311344000000000 0.0581926400000000 0.0811262400000000
vn 1.9586239583727134 3.8872470441235567 -1.8787299660714796
v -0.0305888200000000 0.0581861300000000 0.0822793400000000
vn 0.3357328204508330 3.8563985793653979 -2.7446779002485693
v -0.0290071600000000 0.0582463900000000 0.0831786800000000
vn -1.2247154365825459 3.5554139837496228 -2.6957020343869393
v -0.0275804200000000 0.0583418000000000 0.0829984100000000
vn -2.1423516643019780 3.3834772497210506 -2.1884935326755013
v -0.0268586900000000 0.0584088100000000 0.0825696800000000
vn -2.7384847811820068 3.2799004748221234 -1.5536489452546307
v -0.0263675200000000 0.0584686300000000 0.0820259200000000
vn -3.1150638984486179 3.2258075848072774 -0.8382124126691493
v -0.0260695000000000 0.0585212400000000 0.0814391200000000
vn -3.2738587949375839 3.3018126775360308 0.2937749193370327
v -0.0258978700000000 0.0585826600000000 0.0805585700000000
vn -2.9910118025995995 3.3247533497893733 1.4679057599807259
v -0.0261911000000000 0.0586251700000000 0.0793270000000000
vn -2.3258371475347621 3.1910892263732564 2.3928867679134664
v -0.0268132100000000 0.0586052000000000 0.0785507900000000
vn -1.2651659623948261 3.3435571067552803 2.9611981185162284
v -0.0276646400000000 0.0585508000000000 0.0780193700000000
vn -0.0044334424147161 3.3688637193960407 3.0399289320602696
v -0.0288498800000000 0.0584564000000000 0.0779007400000000
vn 1.0771130479078697 3.4507696336636888 2.8701929641438775
v -0.0297075600000000 0.0583828700000000 0.0781456700000000
vn 1.9663853452287707 3.5938708304704519 2.1674903657163993
v -0.0304388900000000 0.0583155500000000 0.0786686300000000
vn 2.6344406017203283 3.7765488148703348 0.9157236677536483
v -0.0311216100000000 0.0582346400000000 0.0797994500000000
vn 2.7783873662270757 3.7893984316807776 -0.2652473723095276
v -0.0302363400000000 0.0582568300000000 0.0717641100000000
vn 2.4000530079446429 3.5788973439490133 -1.6760456351932440
v -0.0298028700000000 0.0583340000000000 0.0730964700000000
vn 1.6977836492278726 3.4553121566245437 -2.4842687752617909
v -0.0292303900000000 0.0583962600000000 0.0737449500000000
vn 0.7827736422096019 3.3887267526253457 -2.9954760717801863
v -0.0284795900000000 0.0584642500000000 0.0741742300000000
vn -0.4374106751652500 3.3990393054515136 -3.1433327112180534
v -0.0274155200000000 0.0585514200000000 0.0743547200000000
vn -1.5948075220432867 3.2186484125798041 -2.9006099423992970
v -0.0263589700000000 0.0586177100000000 0.0740436700000000
vn -2.5033464839465971 3.2936614230518320 -2.1971280832477249
v -0.0256070400000000 0.0586438900000000 0.0734954500000000
vn -3.1157620529268892 3.3194247319386903 -1.0227354166693385
v -0.0249886200000000 0.0586161100000000 0.0723769800000000
vn -3.2248877400517211 3.2638557268411779 0.0682780220743269
v -0.0249306800000000 0.0585545500000000 0.0713611000000000
vn -2.9959647960767999 3.2708136548223696 0.9122601126629732
v -0.0250912400000000 0.0585059900000000 0.0707221500000000
vn -2.4658656522355091 3.3691990454468721 1.6063658326022652
v -0.0254495600000000 0.0584490400000000 0.0700809500000000
vn -1.7825337646931856 3.5463956679764190 2.3865401782492968
v -0.0260585500000000 0.0583864000000000 0.0695024800000000
vn -0.2047857356641693 3.8648517144365333 2.7638587993590549
v -0.0274916100000000 0.0582887600000000 0.0689955000000000
vn 1.4634420996345801 3.8615384400268709 2.3052719691807364
v -0.0290716000000000 0.0582313500000000 0.0694934600000000
vn 2.4624995371858720 3.8153090062789636 1.2714078971106593
v -0.0299377900000000 0.0582276500000000 0.0705368500000000
vn -0.0282441301298934 3.2876850300511387 -0.2434532048948749
v -0.0221241300000000 0.0587772600000000 0.0733958300000000
vn -0.1054313504525597 3.2866968213513137 -0.2272689669781726
v -0.0231681700000000 0.0587712500000000 0.0736093400000000
vn -0.1745550644344727 3.2897874487375942 -0.1875345701588190
v -0.0240960100000000 0.0587650000000000 0.0741346500000000
vn -0.2271831739070813 3.2901111668075056 -0.1296732405620850
v -0.0248161800000000 0.0587591200000000 0.0749217400000000
vn -0.2606852057590537 3.2877575462236219 -0.0585225295351113
v -0.0252574200000000 0.0587541800000000 0.0758928600000000
vn -0.2694747362533131 3.2876156897500852 0.0202393921488584
v -0.0253771200000000 0.0587506800000000 0.0769522200000000
vn -0.2533638297195943 3.2892916808526240 0.0974631149852270
v -0.0251637200000000 0.0587489500000000 0.0779973300000000
vn -0.2128893680278110 3.2874116257074526 0.1656522584984462
v -0.0246372300000000 0.0587491700000000 0.0789242500000000
vn -0.1565178395601110 3.2886766265248717 0.2198602153532153
v -0.0238501500000000 0.0587513000000000 0.0796444300000000
vn -0.0841254194423872 3.2879206625604929 0.2531017226768720
v -0.0228800700000000 0.0587551500000000 0.0800855700000000
vn 2.7826146145267705 3.2895122411205486 1.5184514779377585
v -0.0229094600000000 0.0585096700000000 0.0832238700000000
vn 2.8363164852524836 3.2981256708213400 0.7036861787927485
v -0.0230740800000000 0.0584598300000000 0.0838204600000000
vn 3.0978216252248369 3.4251404660213685 -0.1056300787185599
v -0.0230911000000000 0.0584063500000000 0.0844887900000000
vn 2.9388197282184962 3.4506965670595151 0.7519905982626967
v -0.0213468800000000 0.0584573800000000 0.0690533300000000
vn 3.0516924148013285 3.4627407678892430 -0.4093142598201874
v -0.0215103500000000 0.0585298300000000 0.0700194600000000
vn -3.1006820197611442 -3.9058857227601549 0.0781193479293348
v -0.0257312500000000 0.0566189400000000 0.0806604200000000
vn -2.7770437248527022 -3.5680188366235024 -1.4048306081128294
v -0.0262380800000000 0.0567140300000000 0.0819500100000000
vn -1.6971614132962656 2.7815599841471754 -2.3457509866590129
v -0.0267357800000000 0.0567667800000000 0.0824997700000000
vn -1.2773364968505103 -3.4652974413801476 -2.7036770670998154
v -0.0274651400000000 0.0568239000000000 0.0829343900000000
vn 0.0883260090611933 -3.5395335743960374 -2.8670823764807833
v -0.0287388400000000 0.0568962100000000 0.0831475200000000
vn 1.5967098080168598 -3.3473997227561418 -2.3903633102993593
v -0.0300914800000000 0.0569438400000000 0.0825702300000000
vn 2.6243138228363154 -3.3934588725927881 -1.0451854505977409
v -0.0309037700000000 0.0569550200000000 0.0815964000000000
vn 2.6724653988502363 -3.5785941755945290 0.9302859659022653
v -0.0310487400000000 0.0569141200000000 0.0797232800000000
vn 1.9614115533631928 -3.4404449474481251 2.2322879547922110
v -0.0303196500000000 0.0568440000000000 0.0785956900000000
vn 1.0668775170349523 -3.4832621068127159 2.8348862722785015
v -0.0295995500000000 0.0567870400000000 0.0780837600000000
vn 0.0970295038921997 -3.5493462241325999 3.0829243370645019
v -0.0287521900000000 0.0567247800000000 0.0778329700000000
vn -0.8406357131530370 -3.5814910036625638 3.0648173240425232
v -0.0279245500000000 0.0566669100000000 0.0778595800000000
vn -1.9184435388633243 -3.7511841052191959 2.5606943941484861
v -0.0270126100000000 0.0566077200000000 0.0781899100000000
vn -2.8081071725749593 -3.8603724449232146 1.5439815314751311
v -0.0261031700000000 0.0565720700000000 0.0791313400000000
vn -2.8856103309188574 -3.9050410716949155 -1.2645233396624043
v -0.0248875000000000 0.0566194900000000 0.0726537500000000
vn -1.9985898405192857 -3.8182127353838169 -2.5205282419709727
v -0.0258499400000000 0.0565931500000000 0.0739280400000000
vn -0.6716279333864665 -3.7586592291474208 -3.0813245825010132
v -0.0271170100000000 0.0566500800000000 0.0744333900000000
vn 0.5714427681416127 -3.5573484956427572 -2.8704777953834082
v -0.0282993800000000 0.0567336200000000 0.0742852500000000
vn 1.5820697488015134 -3.4591543889319203 -2.4408996935088991
v -0.0290950400000000 0.0567990600000000 0.0738534600000000
vn 2.3865901794393327 -3.3905519948056768 -1.8125755507618919
v -0.0297090200000000 0.0568619200000000 0.0731731700000000
vn 2.8092078245901941 -3.3241564122870946 -0.8487779955177013
v -0.0300591600000000 0.0569160800000000 0.0723235500000000
vn 2.7505337533142189 -3.4172173302355264 0.6826478274033524
v -0.0300742100000000 0.0569702500000000 0.0710874700000000
vn 1.5419645998988105 -3.5682807263694478 2.2936661666673288
v -0.0290131200000000 0.0569967000000000 0.0695322700000000
vn -0.3919687480528252 -3.6650434448138904 2.7744201493894218
v -0.0272853400000000 0.0569519400000000 0.0690483100000000
vn -1.8275480345697419 -3.4878094960781647 2.3271696272040825
v -0.0259593400000000 0.0568680300000000 0.0695806900000000
vn -2.5716581720599847 -3.4881109233045842 1.6165882778524843
v -0.0253442700000000 0.0568075400000000 0.0701668500000000
vn -2.9812123553336938 -3.5148870049388932 0.8634547658089556
v -0.0249807100000000 0.0567508400000000 0.0708135700000000
vn -3.1760469309060619 -3.6191358271349641 0.0016839044718067
v -0.0248158100000000 0.0567004900000000 0.0714558600000000
vn 2.6276589354755560 -3.4840217201632320 -1.3056600400865150
v -0.0227580500000000 0.0568771600000000 0.0854862300000000
vn 3.0497243672165952 -3.4411907005084408 -0.1202792519436932
v -0.0231050900000000 0.0567984400000000 0.0843823300000000
vn 3.0276869108030455 -3.4539339191610456 0.7585365993721734
v -0.0230878800000000 0.0567457600000000 0.0836607200000000
vn 2.7710824599272672 -3.5529098071166909 1.5853358434541898
v -0.0229033900000000 0.0566979400000000 0.0830236900000000
vn -0.0504305928610755 -3.2899586265939931 0.2349745297815968
v -0.0228682500000000 0.0564830100000000 0.0800794000000000
vn -0.1226318999635427 -3.2912439209500572 0.2022540251351234
v -0.0238383300000000 0.0564791600000000 0.0796382600000000
vn -0.1814035558593056 -3.2901282998526273 0.1484299970197734
v -0.0246254200000000 0.0564770200000000 0.0789180700000000
vn -0.2198461129161232 -3.2921639525545796 0.0803013492026778
v -0.0251519000000000 0.0564768000000000 0.0779911500000000
vn -0.2357449701286453 -3.2903010849681982 0.0024772843426751
v -0.0253653100000000 0.0564785300000000 0.0769460400000000
vn -0.2266974493106451 -3.2898929980408518 -0.0763446739804452
v -0.0252456000000000 0.0564820400000000 0.0758866800000000
vn -0.1957281635221202 -3.2913966658527745 -0.1466613787718760
v -0.0248043600000000 0.0564869700000000 0.0749155600000000
vn -0.1422250556402455 -3.2902647811753556 -0.2050513787567075
v -0.0240841900000000 0.0564928600000000 0.0741284800000000
vn -0.0717880339535843 -3.2862966972138068 -0.2457330809008017
v -0.0231563600000000 0.0564991100000000 0.0736031600000000
vn 0.0058324011112781 -3.2864314108496639 -0.2614807095758419
v -0.0221123100000000 0.0565051200000000 0.0733896500000000
vn 2.9182213153536773 -3.6406458438739979 -1.2734798686559259
v -0.0214199400000000 0.0567114400000000 0.0708707900000000
vn 2.6614356710466929 2.7570951089432869 0.3064155465015260
v -0.0215271800000000 0.0567914200000000 0.0698493300000000
vn 2.9251851909967299 -3.4657768127714039 0.7516079553302699
v -0.0213830800000000 0.0568488200000000 0.0691434800000000
vn 0.5317276972614797 3.2353010652076981 -3.2635762185304751
v -0.0191334800000000 0.0586636100000000 0.0725323500000000
vn -0.6674271540513856 3.3806681608630211 -3.1369322256817402
v -0.0181212200000000 0.0586184600000000 0.0724838100000000
vn -1.7053819618416983 3.3336961202058237 -2.6325066030210555
v -0.0172093200000000 0.0585487800000000 0.0719963600000000
vn -2.2563843678493125 3.3996886917702205 -1.8023804068101263
v -0.0166535400000000 0.0584911700000000 0.0714107900000000
vn -2.8264747373386911 3.4999332874791813 -0.9939984775613532
v -0.0162796900000000 0.0584311000000000 0.0706076500000000
vn -2.9350879725127808 3.5709632099988147 0.0376738459794406
v -0.0161946100000000 0.0583771600000000 0.0697072900000000
vn -2.6842795316854327 3.6388368257226422 1.0385955454157905
v -0.0164147400000000 0.0583352300000000 0.0688360400000000
vn -1.6828210065020277 3.8561120563198052 2.1856503428344611
v -0.0171733600000000 0.0582969300000000 0.0678034500000000
vn -0.0041975295196479 3.8767475589294995 2.7500860765959816
v -0.0188485900000000 0.0582996400000000 0.0672226300000000
vn 1.3344855574414614 3.6346356447471604 2.5466801517820139
v -0.0199511000000000 0.0583351900000000 0.0675043900000000
vn 2.3248564083245311 3.6326519990157204 1.7447335133935509
v -0.0208657000000000 0.0583916600000000 0.0681653500000000
vn 2.6672913215201763 3.6414391145009914 -1.1583841196114748
v -0.0228203300000000 0.0583334500000000 0.0854609800000000
vn 1.9029011249929013 3.6303318097829309 -2.1325919612387683
v -0.0220751400000000 0.0582730300000000 0.0863104600000000
vn 0.6284624851260001 3.9345627095624791 -2.6648202716868479
v -0.0211164500000000 0.0582357800000000 0.0868089600000000
vn -1.1811686876909235 3.9801410841608957 -2.4222411990464541
v -0.0193754400000000 0.0582314200000000 0.0866881300000000
vn -2.3267823431806836 3.6894105330292084 -1.6201619950223689
v -0.0183306800000000 0.0582791500000000 0.0858005200000000
vn -2.9028967206207716 3.6775740046109981 -0.1285498947420579
v -0.0178032000000000 0.0583558900000000 0.0845538400000000
vn -2.7793788152316212 3.4262771923903852 1.2863264471083442
v -0.0179901800000000 0.0584520700000000 0.0832394100000000
vn -2.2982239580923922 3.2868874436532849 2.1647821571713228
v -0.0184002800000000 0.0585139200000000 0.0825450900000000
vn -1.6899386689490901 3.2302117071066667 2.7683052993533410
v -0.0189100900000000 0.0585641300000000 0.0820682300000000
vn -0.6398084780743626 3.2860997952139961 3.2273214814356734
v -0.0197254400000000 0.0586180500000000 0.0816621300000000
vn 0.6164015401089534 3.3747514843977617 3.2485789567110368
v -0.0209489600000000 0.0586462400000000 0.0816080900000000
vn 1.9796023011857664 3.4715175808292615 2.5279024293643517
v -0.0222978800000000 0.0585948400000000 0.0822605600000000
vn -0.0050694168011680 3.2884640266511336 0.2604339709154821
v -0.0218196800000000 0.0587603400000000 0.0802054200000000
vn 0.0709864936207518 3.2899427170621971 0.2441666107714193
v -0.0207756300000000 0.0587663500000000 0.0799919100000000
vn 0.1403004259479391 3.2889953572514905 0.2066837799532863
v -0.0198476800000000 0.0587726100000000 0.0794655500000000
vn 0.1934651336974351 3.2914683728574126 0.1483876121566629
v -0.0191276300000000 0.0587784900000000 0.0786795100000000
vn 0.2255525309416711 3.2921064069517390 0.0748202228447070
v -0.0186863900000000 0.0587834200000000 0.0777083800000000
vn 0.2346665058239650 3.2921816714293701 -0.0001050314224203
v -0.0185666800000000 0.0587869200000000 0.0766490300000000
vn 0.2196808138926423 3.2922193571088174 -0.0797851418948316
v -0.0187800800000000 0.0587886600000000 0.0756039200000000
vn 0.1805737734131786 3.2914488441088077 -0.1485614892500285
v -0.0193064500000000 0.0587884400000000 0.0746759500000000
vn 0.1214314296170885 3.2877775661238156 -0.2023655398327810
v -0.0200936600000000 0.0587863000000000 0.0739568100000000
vn 0.0482565898866933 3.2882292144296654 -0.2331588119449524
v -0.0210637300000000 0.0587824500000000 0.0735156700000000
vn 2.6573518116029917 3.3677445366918342 -1.8135713919806276
v -0.0211564100000000 0.0586162000000000 0.0712150900000000
vn 1.6491447944547244 3.3591315819192173 -2.8395808013836388
v -0.0201870200000000 0.0586748200000000 0.0722018100000000
vn 3.2955537611417691 3.2646454499755624 0.4035799891538147
v -0.0170718800000000 0.0586759600000000 0.0773534900000000
vn 3.1646371576650414 3.3933923178474963 -0.7641231799242594
v -0.0170082500000000 0.0586519300000000 0.0784150100000000
vn 2.6496687239202186 3.2880714489071403 -1.8010420166045573
v -0.0164957700000000 0.0585894000000000 0.0793258000000000
vn 1.9408482395868907 3.3362001489855269 -2.4109779415668968
v -0.0159499600000000 0.0585361400000000 0.0798310700000000
vn 1.0069415922265905 3.4349752830322351 -2.7275381600228719
v -0.0151776800000000 0.0584728600000000 0.0801977400000000
vn 0.0126186511886444 3.5292702437794268 -2.9626352419188509
v -0.0142732100000000 0.0584120500000000 0.0802944500000000
vn -1.0750454745788485 3.6532871657246715 -2.6677794333156255
v -0.0133751700000000 0.0583594400000000 0.0800727200000000
vn -2.1432747930666727 3.9301962320971180 -1.6990544753792938
v -0.0122883500000000 0.0583085100000000 0.0792654600000000
vn -2.7273710801807889 3.8867565745183108 0.1730956778773351
v -0.0117665900000000 0.0582952500000000 0.0775667100000000
vn -2.0099169891589677 3.8438566500787723 1.9351646892854137
v -0.0124464300000000 0.0583472500000000 0.0758591700000000
vn -0.7336393395638553 3.5638225153403664 2.8691234833188601
v -0.0136863900000000 0.0584291900000000 0.0751107200000000
vn 0.3924956834182720 3.4216924999878708 3.0427959365469679
v -0.0145895500000000 0.0584900400000000 0.0750025100000000
vn 1.3525701593941761 3.3199581293044984 2.8287412014556814
v -0.0154242300000000 0.0585515000000000 0.0751880000000000
vn 2.1749954840533996 3.2698178733363505 2.3770258450371067
v -0.0160690700000000 0.0586018600000000 0.0755590800000000
vn 2.8886178736895016 3.3508761123624882 1.5201987779443449
v -0.0167343500000000 0.0586563000000000 0.0762844600000000
vn 0.0839308035145703 -3.2860416195197013 -0.2525534275058459
v -0.0210519100000000 0.0565103100000000 0.0735095000000000
vn 0.1561881115211355 -3.2851062226868453 -0.2214005977045255
v -0.0200818400000000 0.0565141600000000 0.0739506300000000
vn 0.2150870734508188 -3.2884908745838515 -0.1667393093709858
v -0.0192946300000000 0.0565163000000000 0.0746697800000000
vn 0.2540904550545951 -3.2892189647142969 -0.0978766914084991
v -0.0187682700000000 0.0565165100000000 0.0755977400000000
vn 0.2695946853480882 -3.2894454868091545 -0.0190801916808426
v -0.0185548600000000 0.0565147800000000 0.0766428500000000
vn 0.2621577952166984 -3.2897535572466516 0.0565506790614419
v -0.0186745700000000 0.0565112800000000 0.0777022100000000
vn 0.2284169532669695 -3.2899649062807645 0.1306141474925746
v -0.0191158100000000 0.0565063400000000 0.0786733300000000
vn 0.1744948028570945 -3.2883589075828823 0.1899316910178344
v -0.0198358600000000 0.0565004600000000 0.0794593700000000
vn 0.1048970008309030 -3.2900065724581609 0.2303938927513700
v -0.0207638100000000 0.0564942100000000 0.0799857300000000
vn 0.0276338629036602 -3.2896165072962287 0.2433814315905252
v -0.0218078600000000 0.0564881900000000 0.0801992400000000
vn 2.0448685218392000 -3.7377672205104941 2.4673921603924032
v -0.0223414400000000 0.0566328900000000 0.0821688100000000
vn 0.8210166620553661 -3.8692409754129056 3.1057938848024516
v -0.0212053100000000 0.0565917300000000 0.0815001600000000
vn -0.7350119233050210 -3.9166803399935977 3.0227201511886741
v -0.0195729400000000 0.0566411700000000 0.0815244200000000
vn -2.0969870720724324 -3.6010979952017248 2.2643266555700041
v -0.0184267300000000 0.0567471300000000 0.0823964500000000
vn -2.6887422574433564 2.7373169358096501 0.8480150165010170
v -0.0180101000000000 0.0568105300000000 0.0831025200000000
vn -2.9486574019629632 -3.4857525792207236 0.3419688978344396
v -0.0178209100000000 0.0568754200000000 0.0839841200000000
vn -2.4636330347270388 -3.6189291902548155 -1.3178635160283025
v -0.0181507000000000 0.0569609400000000 0.0855053700000000
vn -0.6952388344147539 -3.5803333851799217 -2.6519396172281131
v -0.0197498500000000 0.0570003000000000 0.0867343200000000
vn 1.4378254605690630 -3.4012869981033624 -2.4590761314487057
v -0.0217138000000000 0.0569539400000000 0.0864746500000000
vn 2.3274188792639761 -3.4747491315346175 1.8150335650652516
v -0.0207984800000000 0.0569359200000000 0.0681463600000000
vn 1.3424830629483639 -3.3167098478503543 2.5750569210880414
v -0.0199496200000000 0.0569962900000000 0.0675774500000000
vn 0.0794551184579462 -3.3494346696479540 2.8357064209312610
v -0.0188559300000000 0.0570434600000000 0.0673255700000000
vn -1.1949419413291626 -3.3272942721787042 2.5706396570918466
v -0.0176924100000000 0.0570605400000000 0.0676198400000000
vn -2.3922803390873932 -3.4354744112406350 1.4818984650262299
v -0.0166876600000000 0.0570444200000000 0.0684338400000000
vn -2.9039590166879328 -3.4036313652361470 0.0434042391346501
v -0.0162309900000000 0.0569790800000000 0.0697991800000000
vn -2.7816706064696124 -3.4446181172965948 -1.0680087436538921
v -0.0163210700000000 0.0569193000000000 0.0707113000000000
vn -2.3194039112744704 -3.5007204030499244 -1.9762428352632013
v -0.0167021700000000 0.0568487900000000 0.0715280200000000
vn -1.6492674322955856 -3.5517218302556177 -2.6444980757556329
v -0.0172659300000000 0.0567810900000000 0.0721239200000000
vn -0.9301337155804712 -3.5768260581673936 -3.0726715646443932
v -0.0178733300000000 0.0567254000000000 0.0724776900000000
vn 0.2399639502879635 -3.7141135834715797 -3.2373150330569982
v -0.0188603300000000 0.0566575300000000 0.0726959500000000
vn 1.4511467708815826 -3.7826774890229435 -2.9265055661610817
v -0.0201069200000000 0.0566217300000000 0.0724129900000000
vn 2.3747577810788356 -3.6458524994339432 -2.2624213414662133
v -0.0209300500000000 0.0566526200000000 0.0717221600000000
vn -2.6930642690282536 -3.4534996300415925 -0.7999705706996031
v -0.0119401600000000 0.0570625300000000 0.0783144600000000
vn -1.8307025868373901 -3.3694138847992647 -2.2176122946515102
v -0.0127134700000000 0.0570182200000000 0.0795520700000000
vn -0.9779545653692151 -3.3931232961198976 -2.7641971138513175
v -0.0134757800000000 0.0569697300000000 0.0800578200000000
vn 0.1078121490238823 -3.4283842660319359 -2.9937309305332409
v -0.0143868100000000 0.0569065100000000 0.0802776900000000
vn 1.1567575168081714 -3.4924199517034160 -2.8472329290912444
v -0.0153080100000000 0.0568346400000000 0.0801754800000000
vn 2.0222048365288621 -3.5263645246745687 -2.4008627499340358
v -0.0160914400000000 0.0567642300000000 0.0798007500000000
vn 2.7088693554533001 -3.5958671021529174 -1.7537947450930278
v -0.0166405000000000 0.0567080300000000 0.0792915700000000
vn 3.1686345061545746 -3.7257843790111447 -0.7373843872450432
v -0.0171378500000000 0.0566453700000000 0.0783787700000000
vn 3.2875216753625018 -3.7014418660951351 0.3392117620435309
v -0.0172180800000000 0.0566251100000000 0.0773301900000000
vn 2.9427706678426415 -3.7603175504419433 1.3597255110237809
v -0.0169397900000000 0.0566490600000000 0.0763734200000000
vn 2.2489083954100728 -3.6091155668285264 2.2794602033418432
v -0.0162152400000000 0.0567204200000000 0.0755469300000000
vn 1.4345739414061676 -3.5433181932645352 2.7434948239412948
v -0.0155676000000000 0.0567795300000000 0.0751744200000000
vn -0.0419778730187145 2.7450442220955260 2.9016158878511984
v -0.0147215200000000 0.0568518000000000 0.0749853600000000
vn -0.6105619622586519 -3.4864934380519066 2.9035429888237299
v -0.0138017300000000 0.0569236500000000 0.0750905900000000
vn -1.8167047031988761 -3.5579598751036814 2.1749585152781079
v -0.0126601000000000 0.0570065100000000 0.0757205400000000
vn -2.6997798770566344 -3.3805146493823952 0.8517458054229677
v -0.0119613500000000 0.0570553300000000 0.0770190100000000
vn -2.9786741502399314 3.5185080463929785 0.8612450274194288
v -0.0199131600000000 -0.0571060600000000 0.0760660900000000
vn -2.3883229633401140 3.5328124627507815 1.9624687495375541
v -0.0201843700000000 -0.0571060500000000 0.0755418900000000
vn 1.1765269889191561 3.8137170330351067 2.7075014515534543
v -0.0220251000000000 -0.0571144000000000 0.0750931200000000
vn 2.5893017771929370 3.6189590170475561 1.5959065268239678
v -0.0226948700000000 -0.0571196700000000 0.0757517100000000
vn 2.9422580431497742 3.5529210964036451 -0.8406523314117553
v -0.0228250900000000 -0.0571234800000000 0.0769041400000000
vn 2.3521111260782019 3.5690346145868963 -1.9417353835944371
v -0.0225540000000000 -0.0571235000000000 0.0774293900000000
vn -1.2176246638333406 3.8167797761791307 -2.6856023214836080
v -0.0207126100000000 -0.0571151400000000 0.0778779500000000
vn -2.6280719884855275 3.5993665543903322 -1.5751115881447850
v -0.0200433900000000 -0.0571098700000000 0.0772185200000000
vn -0.0033153152189990 6.1180676977038786 -0.2344011975898310
v -0.0209864900000000 -0.0571035800000000 0.0730989400000000
vn 0.0730050364306180 6.1185027090838808 -0.2138900003338133
v -0.0199583600000000 -0.0570990000000000 0.0733824700000000
vn 0.1366136646755944 6.1174263288890840 -0.1698882232658001
v -0.0190694500000000 -0.0570959700000000 0.0739701300000000
vn 0.1886223219363582 6.1151525943594285 -0.1109305769561137
v -0.0184043700000000 -0.0570947800000000 0.0748046800000000
vn 0.2166394178849124 6.1148444498728569 -0.0351912263011445
v -0.0180300300000000 -0.0570955500000000 0.0758033700000000
vn 0.2194308750448880 6.1145266057069696 0.0449577563065093
v -0.0179829700000000 -0.0570982000000000 0.0768678100000000
vn 0.1979260248597799 6.1143132325421616 0.1202884132652071
v -0.0182664900000000 -0.0571024700000000 0.0778959400000000
vn 0.1539320548546642 6.1149461495259221 0.1869168112959276
v -0.0188542500000000 -0.0571079500000000 0.0787859000000000
vn 0.0917582795735719 6.1150099459674703 0.2368601243396340
v -0.0196886700000000 -0.0571140900000000 0.0794499300000000
vn 0.0189026364099974 6.1141911912588816 0.2644669377597544
v -0.0206863000000000 -0.0571203000000000 0.0798243700000000
vn -0.0599128723965857 6.1144450066667186 0.2677811865420400
v -0.0217518900000000 -0.0571259700000000 0.0798723400000000
vn -0.1382369435262030 6.1134396478812087 0.2458367357794084
v -0.0227799000000000 -0.0571305400000000 0.0795877600000000
vn -0.2039585513123950 6.1135235095209453 0.2020807032127195
v -0.0236688100000000 -0.0571335700000000 0.0790001000000000
vn -0.2517779489997807 6.1128795702638090 0.1415717600678306
v -0.0243340000000000 -0.0571347600000000 0.0781666000000000
vn -0.2783558067868921 6.1129617279125625 0.0678818879425823
v -0.0247083400000000 -0.0571339900000000 0.0771679100000000
vn -0.2847195813263594 6.1138878326010868 -0.0111920067950995
v -0.0247563200000000 -0.0571313500000000 0.0761023100000000
vn -0.2609468990219254 6.1136198584751886 -0.0882817223471130
v -0.0244718800000000 -0.0571270800000000 0.0750753300000000
vn -0.2184419012509845 6.1132693654619334 -0.1540982129936596
v -0.0238841200000000 -0.0571216000000000 0.0741853800000000
vn -0.1565970091259283 6.1158820375702003 -0.2028482924659517
v -0.0230495900000000 -0.0571154500000000 0.0735203100000000
vn -0.0837594609407631 6.1177521302128319 -0.2309815481425943
v -0.0220519600000000 -0.0571092500000000 0.0731458600000000
vn 2.8919791545333480 3.8694182746370132 -0.3440869235528180
v -0.0198210700000000 -0.0593784400000000 0.0763002500000000
vn -2.6247838448157177 -3.5961294748834134 -1.5597998554662653
v -0.0200315700000000 -0.0593820100000000 0.0772123500000000
vn -2.2607316426922059 3.6245997930860732 2.0560948943473494
v -0.0224414500000000 -0.0593954800000000 0.0775539000000000
vn 2.9205904388208754 -3.5775560811244236 -0.9645168507573525
v -0.0228132700000000 -0.0593956300000000 0.0768979700000000
vn 2.6603983112914635 -3.5781498278935531 1.5413990618578457
v -0.0226830500000000 -0.0593918200000000 0.0757455300000000
vn 1.4538039360269672 -3.7659886103110343 2.6085201413594525
v -0.0221128400000000 -0.0593872000000000 0.0751383000000000
vn -1.8739287420632917 -3.7342672564654285 2.3136394664026279
v -0.0204072500000000 -0.0593786800000000 0.0752684500000000
vn -2.8824138776119574 -3.6140177452201270 0.9463412049318783
v -0.0199013400000000 -0.0593782000000000 0.0760599100000000
vn 0.0604238021346145 -6.1164387518512511 -0.2671655474598555
v -0.0209746700000000 -0.0593757200000000 0.0730927600000000
vn -0.0210216978317896 -6.1170732990501744 -0.2627657674395056
v -0.0220401400000000 -0.0593813900000000 0.0731396800000000
vn -0.0927308985710887 -6.1160231499276794 -0.2359392274245636
v -0.0230377700000000 -0.0593876000000000 0.0735141300000000
vn -0.1545522958775129 -6.1143150355414306 -0.1871177145968609
v -0.0238723000000000 -0.0593937500000000 0.0741792000000000
vn -0.1958534442675929 -6.1155400050205122 -0.1216331670437593
v -0.0244600600000000 -0.0593992200000000 0.0750691600000000
vn -0.2196891363417599 -6.1164757759248705 -0.0457039170257620
v -0.0247445100000000 -0.0594034900000000 0.0760961300000000
vn -0.2137753142079901 -6.1158712330007781 0.0343561856042398
v -0.0246965200000000 -0.0594061400000000 0.0771617300000000
vn -0.1879027171579433 -6.1158412092281438 0.1081918987310205
v -0.0243221800000000 -0.0594069100000000 0.0781604200000000
vn -0.1385311416950254 -6.1164409868738492 0.1680983241321370
v -0.0236569900000000 -0.0594057100000000 0.0789939300000000
vn -0.0715378324179647 -6.1159613796482555 0.2114613982533495
v -0.0227680800000000 -0.0594026900000000 0.0795815800000000
vn 0.0053633902080558 -6.1161394896353718 0.2342948997144944
v -0.0217400700000000 -0.0593981100000000 0.0798661700000000
vn 0.0824235522795695 -6.1150301378312371 0.2308913107465828
v -0.0206744800000000 -0.0593924400000000 0.0798182000000000
vn 0.1550913554714429 -6.1150080898523260 0.2024665314598701
v -0.0196768500000000 -0.0593862300000000 0.0794437500000000
vn 0.2170112669506375 -6.1140705927176064 0.1516916801037881
v -0.0188424300000000 -0.0593800900000000 0.0787797300000000
vn 0.2613941501330607 -6.1124597710602329 0.0875124988801716
v -0.0182546800000000 -0.0593746100000000 0.0778897700000000
vn 0.2827462341009932 -6.1120865887412767 0.0117439197304867
v -0.0179711600000000 -0.0593703400000000 0.0768616300000000
vn 0.2786870275352058 -6.1121463977768666 -0.0666258553344689
v -0.0180182100000000 -0.0593677000000000 0.0757972000000000
vn 0.2501315852904082 -6.1124585615132343 -0.1406113262758940
v -0.0183925500000000 -0.0593669300000000 0.0747985100000000
vn 0.2005672380431801 -6.1146766811398070 -0.2023313148366989
v -0.0190576300000000 -0.0593681200000000 0.0739639500000000
vn 0.1364682459437232 -6.1161787748225835 -0.2468134996215580
v -0.0199465400000000 -0.0593711500000000 0.0733763000000000
vn 3.3547914416330311 -2.9598035165498051 0.3693169243532700
v -0.0081899700000000 -0.0585657800000000 0.0779695700000000
vn 3.2544752474556566 -2.9613848705495043 0.8874501628672010
v -0.0085848600000000 -0.0585733800000000 0.0800114100000000
vn 3.0752177653258856 -2.9643831635347704 1.3829249829862982
v -0.0092951300000000 -0.0585823900000000 0.0819667600000000
vn 2.8208913121583135 -2.9660953073838470 1.8445661329225860
v -0.0103015000000000 -0.0585925700000000 0.0837869700000000
vn 2.4967256104464286 -2.9696645670277029 2.2613562653748192
v -0.0115808800000000 -0.0586036800000000 0.0854270000000000
vn 2.1109190548883681 -2.9721356353779376 2.6205756349932603
v -0.0131002000000000 -0.0586154500000000 0.0868471400000000
vn 1.6726676291653386 -2.9750211865169187 2.9160236889778721
v -0.0148237000000000 -0.0586275800000000 0.0880122700000000
vn 1.1946595430512126 -2.9785953332723603 3.1389041389599814
v -0.0167077500000000 -0.0586397700000000 0.0888923500000000
vn 0.6887115380353638 -2.9819919969087367 3.2844962855542392
v -0.0187066300000000 -0.0586517300000000 0.0894671300000000
vn 0.1655894784392261 -2.9841385346036970 3.3491057037550016
v -0.0207711700000000 -0.0586631600000000 0.0897231200000000
vn -0.3876466227205986 -2.9678200890950164 3.3261688218103806
v -0.0228496200000000 -0.0586737800000000 0.0896523800000000
vn -0.7504727836568882 -2.8760918330600638 3.2588022898386200
v -0.0248914400000000 -0.0586833200000000 0.0892574600000000
vn -1.4458158244859902 -2.8346331468781361 3.0105758454190061
v -0.0268467800000000 -0.0586915600000000 0.0885471600000000
vn -1.8370258189670663 -2.9933486000468692 2.7972194865209770
v -0.0286669900000000 -0.0586983000000000 0.0875407500000000
vn -2.2530122584899415 -2.9942341924736664 2.4718109310797232
v -0.0303071400000000 -0.0587033500000000 0.0862623700000000
vn -2.6129383172598759 -2.9953150338222425 2.0858275572546532
v -0.0317271700000000 -0.0587066000000000 0.0847419800000000
vn -2.9080333411285975 -2.9962515320503869 1.6493534285257319
v -0.0328912600000000 -0.0587079700000000 0.0830185600000000
vn -3.1311140744633068 -2.9953089520677647 1.1716872743067306
v -0.0337724100000000 -0.0587074400000000 0.0811343600000000
vn -3.2802921296480441 -2.9759367182933247 0.6391666632135685
v -0.0343472100000000 -0.0587049900000000 0.0791354500000000
vn -3.3288793241742134 -2.8808959805971912 0.2750397647964211
v -0.0346032300000000 -0.0587007100000000 0.0770708900000000
vn -3.3073719737372040 -2.8343023684916666 -0.4645024903143124
v -0.0345325200000000 -0.0586946900000000 0.0749924200000000
vn -3.3492187188854321 2.7597080788005650 -0.0626861343676582
v -0.0346546300000000 -0.0579408400000000 0.0762146600000000
vn -3.3113413676336751 2.9377703615142909 0.6486142436171973
v -0.0343511500000000 -0.0579472600000000 0.0791375100000000
vn -3.1623481876604633 2.9561495309994834 1.1878947981856798
v -0.0337763500000000 -0.0579497000000000 0.0811364200000000
vn -2.9392772641871416 2.9568106582853444 1.6656886459224025
v -0.0328952000000000 -0.0579502400000000 0.0830206200000000
vn -2.6441810445030476 2.9565692964287580 2.1021780525585143
v -0.0317311100000000 -0.0579488700000000 0.0847440400000000
vn -2.2848237470788297 2.9570874538230676 2.4884269321811066
v -0.0303110800000000 -0.0579456200000000 0.0862644300000000
vn -1.8548498570475609 2.9574389723877412 2.8206241384772062
v -0.0286709300000000 -0.0579405600000000 0.0875428100000000
vn -1.1118434298783459 2.7632075302957233 3.1580501338841600
v -0.0257250400000000 -0.0579287100000000 0.0890395300000000
vn -0.4244162426078734 2.9450370203245422 3.3411302663227342
v -0.0228535600000000 -0.0579160500000000 0.0896544400000000
vn 0.1346147822182161 2.9674207788696991 3.3656093133374316
v -0.0207751100000000 -0.0579054300000000 0.0897251800000000
vn 0.6578180493765056 2.9710676743679114 3.3009806766015659
v -0.0187105700000000 -0.0578939900000000 0.0894691900000000
vn 1.1637912990766983 2.9737254181427510 3.1553694344061114
v -0.0167116900000000 -0.0578820400000000 0.0888944100000000
vn 1.6418973630604154 2.9763084845056325 2.9328312807732297
v -0.0148276400000000 -0.0578698400000000 0.0880143300000000
vn 2.0806176210986411 2.9795781241089774 2.6372373277766523
v -0.0131041400000000 -0.0578577100000000 0.0868492000000000
vn 2.4658461840733037 2.9831262346602863 2.2775037369330282
v -0.0115848200000000 -0.0578459500000000 0.0854290600000000
vn 2.7895803805778439 2.9852096503939092 1.8609467892769631
v -0.0103054400000000 -0.0578348400000000 0.0837890300000000
vn 3.0449543678957713 2.9885837114456795 1.3995173149981055
v -0.0092990700000000 -0.0578246600000000 0.0819688200000000
vn 3.2241989850258905 2.9901564614631120 0.9035958543725118
v -0.0085888000000000 -0.0578156500000000 0.0800134700000000
vn 3.3241596906614674 2.9924568702977092 0.3855188730653990
v -0.0081939100000000 -0.0578080500000000 0.0779716300000000
vn 0.3933326962618726 -2.9650544392485871 -3.3479666655091713
v -0.0198729900000000 -0.0585867000000000 0.0633106600000000
vn 0.9101853164585560 -2.9628193846578874 -3.2474560906740781
v -0.0178311700000000 -0.0585771500000000 0.0637055800000000
vn 1.4056859122839869 -2.9604856878266608 -3.0676285908680647
v -0.0158757000000000 -0.0585689100000000 0.0644148400000000
vn 1.8677104814951697 -2.9584973737839380 -2.8120391006744487
v -0.0140555000000000 -0.0585621800000000 0.0654212500000000
vn 2.2840727631515749 -2.9575619945046561 -2.4884368452827221
v -0.0124154700000000 -0.0585571200000000 0.0667006700000000
vn 2.6448555869535091 -2.9567850668617028 -2.1037697832857760
v -0.0109954400000000 -0.0585538700000000 0.0682210600000000
vn 2.9407523463405694 -2.9560759817246751 -1.6664963279984526
v -0.0098312300000000 -0.0585525000000000 0.0699434300000000
vn 3.1635182952665941 -2.9565333143095618 -1.1877632011589789
v -0.0089502000000000 -0.0585530400000000 0.0718286800000000
vn 3.3086122172678833 -2.9573439727532072 -0.6817450123627840
v -0.0083752800000000 -0.0585554800000000 0.0738265400000000
vn 3.3729700837615049 -2.9579009084470407 -0.1579480712094607
v -0.0081192600000000 -0.0585597600000000 0.0758911000000000
vn 3.3419838980706600 2.9936343558214387 -0.1419869977706914
v -0.0081232000000000 -0.0578020300000000 0.0758931600000000
vn 3.2774998209001156 2.9952660514892635 -0.6654076697136800
v -0.0083792200000000 -0.0577977500000000 0.0738286000000000
vn 3.1328018257501160 2.9956664270582003 -1.1717152501375079
v -0.0089541400000000 -0.0577953100000000 0.0718307400000000
vn 2.9090855270782803 2.9955668458821068 -1.6500461168718856
v -0.0098351700000000 -0.0577947700000000 0.0699454900000000
vn 2.6134387020581995 2.9955689069610751 -2.0871189512165875
v -0.0109993800000000 -0.0577961400000000 0.0682231200000000
vn 2.2533860430351762 2.9946354047093706 -2.4721264119691302
v -0.0124194100000000 -0.0577993900000000 0.0667027300000000
vn 1.8369245769942943 2.9929757753058190 -2.7962626177153802
v -0.0140594400000000 -0.0578044400000000 0.0654233100000000
vn 1.3748654205900701 2.9915912053260447 -3.0517414511699918
v -0.0158796500000000 -0.0578111800000000 0.0644169000000000
vn 0.8793318506597315 2.9897165519025792 -3.2315595596789626
v -0.0178351100000000 -0.0578194200000000 0.0637076400000000
vn 0.3620422340446747 2.9871467338461697 -3.3317530434099933
v -0.0198769300000000 -0.0578289600000000 0.0633127200000000
vn -0.1644647221167774 2.9845496660995150 -3.3504787938607752
v -0.0219553800000000 -0.0578395800000000 0.0632419800000000
vn -0.6884554289628926 2.9814226714854026 -3.2855357033696704
v -0.0240198000000000 -0.0578510100000000 0.0634969200000000
vn -1.1956939281233419 2.9781367981643445 -3.1388767459822247
v -0.0260186800000000 -0.0578629700000000 0.0640717100000000
vn -1.6735827913726706 2.9754548641463625 -2.9153697265985348
v -0.0279028500000000 -0.0578751700000000 0.0649528300000000
vn -2.1101802188349796 2.9725160366685159 -2.6202892685072281
v -0.0296263500000000 -0.0578873000000000 0.0661179600000000
vn -2.4954766732934552 2.9691964901004817 -2.2602361821397672
v -0.0311455500000000 -0.0578990600000000 0.0675370600000000
vn -2.8198530944965072 2.9666328765680432 -1.8443298605253957
v -0.0324250500000000 -0.0579101700000000 0.0691781300000000
vn -3.0753095293385053 2.9641483999041789 -1.3840406120168645
v -0.0334313000000000 -0.0579203500000000 0.0709972900000000
vn -3.2573050145504414 2.9598910550205719 -0.8724530574612833
v -0.0341415700000000 -0.0579293600000000 0.0729526500000000
vn -3.2243996992248407 -2.9901425179123926 -0.9038164562895171
v -0.0341376300000000 -0.0586870900000000 0.0729505900000000
vn -3.0443857972065458 -2.9884030239782042 -1.4000741435157533
v -0.0334273600000000 -0.0586780800000000 0.0709952300000000
vn -2.7887700851055954 -2.9857276728234572 -1.8606199758269140
v -0.0324211100000000 -0.0586679000000000 0.0691760700000000
vn -2.4642809912395349 -2.9826772487551354 -2.2761968076697068
v -0.0311416100000000 -0.0586567900000000 0.0675350000000000
vn -2.0790571300227034 -2.9800321236184453 -2.6361995153680216
v -0.0296224100000000 -0.0586450300000000 0.0661159000000000
vn -1.6431867693705109 -2.9767802100976724 -2.9316415333283965
v -0.0278989100000000 -0.0586329000000000 0.0649507700000000
vn -1.1651429319612931 -2.9732187721240066 -3.1560932645785105
v -0.0260147400000000 -0.0586207000000000 0.0640696500000000
vn -0.6572283276050921 -2.9704718756540229 -3.3023231978573904
v -0.0240158600000000 -0.0586087500000000 0.0634948600000000
vn -0.1335595891863882 -2.9678035394000903 -3.3671152055037790
v -0.0219514400000000 -0.0585973200000000 0.0632399200000000
vn -2.5566069288651194 -3.8098285483867507 -1.0817871181521488
v -0.0133916000000000 -0.0588457700000000 0.0827442800000000
vn -1.4876259875239775 -3.8736960512917147 -2.2932960001427452
v -0.0141803300000000 -0.0588463600000000 0.0837463300000000
vn 0.2880222574166209 -3.8381701129680712 -2.7754669318762173
v -0.0159231600000000 -0.0589113500000000 0.0842698800000000
vn 1.7976750329671674 -3.5378855458164331 -2.3779237577126580
v -0.0172736200000000 -0.0590045200000000 0.0837751600000000
vn 2.5793529921044094 -3.3702345849741810 -1.6770310234460872
v -0.0178814400000000 -0.0590682000000000 0.0831957600000000
vn 3.0185803481196261 -3.2717370593254302 -0.9247402342659363
v -0.0182388400000000 -0.0591241000000000 0.0825557300000000
vn 3.2258983066244662 -3.2227347387538616 -0.1426747083809642
v -0.0183983500000000 -0.0591726600000000 0.0819168900000000
vn 3.1270428618611175 -3.3086087673097402 0.9987213029823344
v -0.0183687700000000 -0.0592284500000000 0.0810152700000000
vn 2.5895446097383599 -3.3357281471406304 2.0782064478626632
v -0.0178079400000000 -0.0592628900000000 0.0798840200000000
vn 1.7354831867622404 -3.2083139254836044 2.8307229391287541
v -0.0170288100000000 -0.0592383200000000 0.0792668600000000
vn 0.5749351466378281 -3.3637623460211534 3.1469447729412412
v -0.0160803000000000 -0.0591810800000000 0.0789392000000000
vn -0.6721137051998032 -3.3891420520982116 2.9418326674600204
v -0.0148985500000000 -0.0590867800000000 0.0790886700000000
vn -1.6917264710425135 -3.4673846628397129 2.5429849215070970
v -0.0141182500000000 -0.0590154900000000 0.0795191800000000
vn -2.3970260364259701 -3.6080806036701722 1.6499292247082269
v -0.0135210700000000 -0.0589521200000000 0.0801926900000000
vn -2.7664838629039634 -3.7811233304635894 0.2794704290057722
v -0.0131080400000000 -0.0588797000000000 0.0814481200000000
vn -2.6463122127166674 -3.7855744387958459 -0.9033257812977704
v -0.0121778100000000 -0.0588481800000000 0.0734176100000000
vn -1.9628794891299164 -3.5661292375759568 -2.1926736492861596
v -0.0128976000000000 -0.0589337200000000 0.0746191100000000
vn -1.0980532236183529 -3.4377848514641363 -2.8230125759910187
v -0.0136003100000000 -0.0589997900000000 0.0751230700000000
vn -0.0920944034387592 -3.3685524280297487 -3.1166638857281632
v -0.0144279200000000 -0.0590700300000000 0.0753735300000000
vn 1.1302534786227318 -3.3787991157208714 -2.9887281382312203
v -0.0155053300000000 -0.0591575800000000 0.0753114700000000
vn 2.2040540858622846 -3.2006885893818802 -2.4926649206409994
v -0.0164658200000000 -0.0592210700000000 0.0747720500000000
vn 2.9321528372527688 -3.2802336276291229 -1.6064480176490108
v -0.0170756400000000 -0.0592431100000000 0.0740708800000000
vn 3.2675768014327637 -3.3166076311196857 -0.3262891227041479
v -0.0174301100000000 -0.0592077700000000 0.0728452200000000
vn 3.1307035161631882 -3.2666974645658065 0.7646281740747268
v -0.0172595300000000 -0.0591393500000000 0.0718388700000000
vn 2.7193453465447073 -3.2789179622909188 1.5365102998011551
v -0.0169604700000000 -0.0590867300000000 0.0712521900000000
vn 2.0478839671053075 -3.3814515772112652 2.0942660149480621
v -0.0164681400000000 -0.0590258600000000 0.0707075000000000
vn 1.2077200299511559 -3.5631850913236129 2.7009739217702320
v -0.0157454700000000 -0.0589598900000000 0.0702799400000000
vn -0.4140112419355322 -3.8828001231081770 2.7147243631199087
v -0.0142356500000000 -0.0588600000000000 0.0701061700000000
vn -1.9383037484794290 -3.8767229069394022 1.8945367619042830
v -0.0128065700000000 -0.0588070100000000 0.0709443100000000
vn -2.6809721902656598 -3.8221283063017912 0.6655343687595594
v -0.0121949900000000 -0.0588107600000000 0.0721548900000000
vn 0.0842595816901118 -3.2860635752918022 -0.2524750042388603
v -0.0204492000000000 -0.0593732700000000 0.0731945100000000
vn 0.1559105922376607 -3.2852510873807095 -0.2194657094859597
v -0.0194791200000000 -0.0593694200000000 0.0736356500000000
vn 0.2144424030429395 -3.2886065644269356 -0.1653575785517357
v -0.0186919200000000 -0.0593672800000000 0.0743547900000000
vn 0.2528223282447243 -3.2893480781061033 -0.0971650225044587
v -0.0181655500000000 -0.0593670600000000 0.0752827600000000
vn 0.2697161109034359 -3.2894115143333797 -0.0200903193511508
v -0.0179521500000000 -0.0593687900000000 0.0763278700000000
vn 0.2608157849907929 -3.2898714115990995 0.0581645673851707
v -0.0180718500000000 -0.0593723000000000 0.0773872300000000
vn 0.2276577198489231 -3.2900626861952595 0.1300506548210762
v -0.0185130900000000 -0.0593772300000000 0.0783583500000000
vn 0.1729631639112767 -3.2885727644016911 0.1875486280910583
v -0.0192331500000000 -0.0593831100000000 0.0791443900000000
vn 0.1059642931718899 -3.2901620153300728 0.2277581531170321
v -0.0201610900000000 -0.0593893700000000 0.0796707500000000
vn 0.0279272656813612 -3.2895595130428630 0.2440182561496283
v -0.0212051400000000 -0.0593953800000000 0.0798842600000000
vn -3.0489320769000177 -3.2973073166789884 0.8377032669881073
v -0.0218769900000000 -0.0591704100000000 0.0829515100000000
vn -2.9200048160799748 -3.3005760912128599 0.0313754989276477
v -0.0218496900000000 -0.0591245900000000 0.0835701000000000
vn -2.9932909544821618 -3.4221132706759398 -0.8165554240005114
v -0.0219822700000000 -0.0590754900000000 0.0842257100000000
vn -3.0299338532559492 -3.4532030543430143 0.0545083113379248
v -0.0202380600000000 -0.0590244700000000 0.0687902500000000
vn -2.8807721553397641 -3.4578280799857590 -1.1028521802221778
v -0.0202942800000000 -0.0591033500000000 0.0697682000000000
vn 3.0039360392533974 3.9029013919883888 0.7936539748253323
v -0.0185556400000000 -0.0572654100000000 0.0810936900000000
vn 3.0180935134548088 3.5751650732434634 -0.7264174288729027
v -0.0183493600000000 -0.0573689600000000 0.0824643100000000
vn 2.1812926161147108 -2.7681645512882342 -1.9257015484590359
v -0.0179868600000000 -0.0574256600000000 0.0831109000000000
vn 1.8469951441794059 3.4834951308219106 -2.3274722936533561
v -0.0173738700000000 -0.0574861600000000 0.0836968300000000
vn 0.5506518109053267 3.5581855385403891 -2.7913575713661318
v -0.0161786300000000 -0.0575608000000000 0.0841884600000000
vn -1.0253112747848860 3.3640840396163130 -2.6646177302292329
v -0.0147313700000000 -0.0576056500000000 0.0839272500000000
vn -2.3262972511154647 3.3996728464867076 -1.5847732668709555
v -0.0137246400000000 -0.0576111000000000 0.0831613000000000
vn -2.8156981099186309 3.5731424809538419 0.3310117788474767
v -0.0131633800000000 -0.0575581700000000 0.0813689000000000
vn -2.4119293047303048 3.4290646583970412 1.7599447255720468
v -0.0136221100000000 -0.0574800400000000 0.0801045900000000
vn -1.6753518867598369 3.4642609281868801 2.5492006071314299
v -0.0142109000000000 -0.0574192100000000 0.0794451400000000
vn -0.7856733606439230 3.5296206763513602 3.0063585986925112
v -0.0149799300000000 -0.0573546800000000 0.0790121200000000
vn 0.1328175681497113 3.5607610450299907 3.1986040476412700
v -0.0157926800000000 -0.0572963800000000 0.0788537500000000
vn 1.2958887072777878 3.7329845836847682 2.9486396376444417
v -0.0167553800000000 -0.0572386700000000 0.0789726200000000
vn 2.3894032062990811 3.8479964252063681 2.1573371222100191
v -0.0178519900000000 -0.0572084900000000 0.0796875900000000
vn 3.0920929892589588 3.9111595062113511 -0.5635387422763086
v -0.0175915700000000 -0.0572127200000000 0.0731024200000000
vn 2.5078218390996092 3.8331022499094654 -1.9859736926290328
v -0.0169377100000000 -0.0571954200000000 0.0745589700000000
vn 1.3375840106902732 3.7783173542363393 -2.8348731170403214
v -0.0158152600000000 -0.0572566900000000 0.0753339600000000
vn 0.1647114698194863 3.5313311398624085 -2.5671350817227965
v -0.0146296400000000 -0.0573389700000000 0.0754528400000000
vn -1.0421060010838650 3.4812704179997946 -2.8750114791826658
v -0.0137576500000000 -0.0574032300000000 0.0752090600000000
vn -1.9244195509299749 3.4040398484390746 -2.2772765123967806
v -0.0130073000000000 -0.0574621000000000 0.0746825400000000
vn -2.5513989558512189 3.3317645850505246 -1.4323643626142983
v -0.0124763500000000 -0.0575109700000000 0.0739321500000000
vn -2.8356919994065155 3.4154157879279006 0.0753652555225463
v -0.0121857200000000 -0.0575571200000000 0.0727292000000000
vn -2.0165887926077692 3.5532256724665787 1.9164992014472491
v -0.0128748000000000 -0.0575726000000000 0.0709760800000000
vn -0.2392943196252477 3.6463254889702190 2.8159284273734597
v -0.0144496100000000 -0.0575233800000000 0.0701203600000000
vn 1.2595840490360248 3.4711652855491346 2.6990001136812980
v -0.0158607500000000 -0.0574419900000000 0.0703439500000000
vn 2.1434433953787035 3.4755879344038658 2.1723904591011580
v -0.0165911600000000 -0.0573848800000000 0.0707784600000000
vn 2.7108446829493196 3.5069459952002124 1.5299100900322222
v -0.0170899000000000 -0.0573321400000000 0.0713281000000000
vn 3.0929200586125658 3.6167088427504770 0.7339916568615599
v -0.0173940100000000 -0.0572858600000000 0.0719177100000000
vn -2.2725880747836893 3.4944166030538208 -1.8363113342054951
v -0.0225306300000000 -0.0575525900000000 0.0851336400000000
vn -2.9484799877962056 3.4441344623021237 -0.7753526157696670
v -0.0219460700000000 -0.0574669300000000 0.0841355600000000
vn -3.1231534938917007 3.4511610311910190 0.0863293698818046
v -0.0218018500000000 -0.0574095300000000 0.0834286600000000
vn -3.0571355397866737 3.5445010325882471 0.9501646313237769
v -0.0218395800000000 -0.0573574100000000 0.0827668600000000
vn -0.0057055884971997 3.2883111443244966 0.2617744814695057
v -0.0212169600000000 -0.0571232400000000 0.0798904300000000
vn 0.0722435850483960 3.2897347124228782 0.2461124570999910
v -0.0201729100000000 -0.0571172300000000 0.0796769200000000
vn 0.1413356478481763 3.2889104301721650 0.2070610419685784
v -0.0192449600000000 -0.0571109700000000 0.0791505600000000
vn 0.1939404293468631 3.2914104139889240 0.1488301786205427
v -0.0185249100000000 -0.0571050900000000 0.0783645200000000
vn 0.2269740988417601 3.2919693912765600 0.0762978211443668
v -0.0180836700000000 -0.0571001500000000 0.0773934000000000
vn 0.2357320502970238 3.2920973514956877 -0.0021217371917204
v -0.0179639600000000 -0.0570966500000000 0.0763340400000000
vn 0.2210949025466463 3.2921256219795549 -0.0777787006561341
v -0.0181773700000000 -0.0570949200000000 0.0752889400000000
vn 0.1820126756777956 3.2914286655228482 -0.1466847239047006
v -0.0187037400000000 -0.0570951300000000 0.0743609700000000
vn 0.1223637497125554 3.2877657959767506 -0.2020713631591629
v -0.0194909400000000 -0.0570972700000000 0.0736418300000000
vn 0.0502335750445900 3.2880674576676854 -0.2347239655622546
v -0.0204610100000000 -0.0571011200000000 0.0732006900000000
vn -2.5631541401754077 3.6509856600878328 -1.8687507466745701
v -0.0205736900000000 -0.0572904800000000 0.0705895400000000
vn -2.6615182345811323 -2.7571614051775910 -0.3132508913444246
v -0.0202411500000000 -0.0573638700000000 0.0696172800000000
vn -3.0211512008137484 3.4629479616793120 0.1024928327523945
v -0.0202240600000000 -0.0574165500000000 0.0688967100000000
vn 0.2125182450773205 -3.2133949758218541 -3.3210102691331906
v -0.0231718300000000 -0.0592517700000000 0.0716862000000000
vn 1.3531577583234338 -3.3606108300404260 -2.9309453785331256
v -0.0241477700000000 -0.0592055500000000 0.0714133000000000
vn 2.2519399470372314 -3.3177010748175446 -2.2071009393171797
v -0.0249279500000000 -0.0591320300000000 0.0707351200000000
vn 2.6043669817179551 -3.3895374129570621 -1.2756738841662782
v -0.0253390900000000 -0.0590701800000000 0.0700406800000000
vn 2.9796188759269526 -3.4954854072778319 -0.3610406512444301
v -0.0255243400000000 -0.0590045900000000 0.0691747800000000
vn 2.8561085490760800 -3.5720774105669912 0.6669452293978413
v -0.0254063900000000 -0.0589447100000000 0.0682785100000000
vn 2.3871368072082721 -3.6501612960857672 1.5866082174150429
v -0.0249984700000000 -0.0588972700000000 0.0674785200000000
vn 1.1551180505620500 -3.8703253828246029 2.4814556840989885
v -0.0240275400000000 -0.0588527800000000 0.0666416500000000
vn -0.6068939964179959 -3.8945211863227005 2.6563326521366011
v -0.0222649000000000 -0.0588529300000000 0.0664493000000000
vn -1.8672269138565942 -3.6506219945927048 2.1599749384242921
v -0.0212530800000000 -0.0588911400000000 0.0669697400000000
vn -2.6543493828355991 -3.6404007148606121 1.1564569030806380
v -0.0205080600000000 -0.0589528100000000 0.0678206100000000
vn -2.3388480407755616 -3.6318147867959816 -1.7481271323237022
v -0.0224632200000000 -0.0590087400000000 0.0851134200000000
vn -1.3763918886645847 -3.6149248281265591 -2.5271157050289164
v -0.0233792200000000 -0.0589533100000000 0.0857755700000000
vn -0.0151749206262093 -3.9164678050320978 -2.7635427671221060
v -0.0244250000000000 -0.0589186100000000 0.0860478000000000
vn 1.6948163854727736 -3.9647685216885913 -2.1236231001219346
v -0.0260949300000000 -0.0589121800000000 0.0855417000000000
vn 2.6322827005924738 -3.6805706334083088 -1.0842250959733613
v -0.0269154600000000 -0.0589533500000000 0.0844428800000000
vn 2.8611111623402694 -3.6787808616607722 0.4984785329965158
v -0.0271513800000000 -0.0590215500000000 0.0831094600000000
vn 2.4247227710905253 -3.4366403181320697 1.8516083569164981
v -0.0266757300000000 -0.0591092900000000 0.0818693000000000
vn 1.7596444819843868 -3.3026425022620152 2.6015481072465230
v -0.0261209900000000 -0.0591669000000000 0.0812836100000000
vn 1.0318414178071678 -3.2494831183822748 3.0543407968657128
v -0.0255175900000000 -0.0592143800000000 0.0809322200000000
vn -0.0941619609206712 -3.3076040976604784 3.2671656463977765
v -0.0246321400000000 -0.0592662500000000 0.0807179700000000
vn -1.3232526414547565 -3.3954877233863945 3.0070405296484770
v -0.0234274200000000 -0.0592949900000000 0.0809381800000000
vn -2.4911939558121277 -3.4864963153164572 1.9997196487242224
v -0.0222581200000000 -0.0592488400000000 0.0818754800000000
vn -0.0507207193282419 -3.2900474790245386 0.2335239762451541
v -0.0222655400000000 -0.0594005700000000 0.0797644100000000
vn -0.1212747694735130 -3.2914099827067118 0.2006634752865336
v -0.0232356100000000 -0.0594044200000000 0.0793232800000000
vn -0.1804433939881948 -3.2901666406353409 0.1487130248404097
v -0.0240227000000000 -0.0594065500000000 0.0786030900000000
vn -0.2192743884018471 -3.2922467297310676 0.0799654402266420
v -0.0245491900000000 -0.0594067700000000 0.0776761700000000
vn -0.2340632078511194 -3.2904130575567878 0.0012961362496763
v -0.0247625900000000 -0.0594050400000000 0.0766310600000000
vn -0.2260756291465661 -3.2899695241857243 -0.0741560746744654
v -0.0246428800000000 -0.0594015400000000 0.0755717000000000
vn -0.1939146199606895 -3.2914351335873713 -0.1482825140240469
v -0.0242016400000000 -0.0593966000000000 0.0746005800000000
vn -0.1404326787538489 -3.2902620610983888 -0.2066066962658651
v -0.0234814700000000 -0.0593907200000000 0.0738134900000000
vn -0.0708068990850892 -3.2862855851416435 -0.2457935797216614
v -0.0225536400000000 -0.0593844700000000 0.0732881800000000
vn 0.0074399585736214 -3.2865787688353052 -0.2595014000692995
v -0.0215095900000000 -0.0593784500000000 0.0730746700000000
vn -2.1818536329138900 -3.3544372078124245 -2.3838043327878489
v -0.0209066600000000 -0.0591973300000000 0.0708547600000000
vn -0.9699881216994953 -3.3385452931933699 -3.1584865446354713
v -0.0220732000000000 -0.0592616300000000 0.0715994100000000
vn -3.3001761731307351 -3.2655128072538355 -0.3635289169763439
v -0.0262572700000000 -0.0592940800000000 0.0759255500000000
vn -2.9121716474956596 -3.3866240439976596 -1.4724057293732873
v -0.0265558300000000 -0.0592769500000000 0.0769457100000000
vn -2.1786066730308722 -3.2743302712004629 -2.3681558689105744
v -0.0272590400000000 -0.0592199700000000 0.0777200800000000
vn -1.3513109039220050 -3.3192305779274491 -2.8052159271343307
v -0.0279038700000000 -0.0591696000000000 0.0780911600000000
vn -0.3704655349794480 -3.4166145394171559 -2.9050298810577004
v -0.0287385500000000 -0.0591081500000000 0.0782766500000000
vn 0.6514049678136410 -3.5098204545587990 -2.9137914098939630
v -0.0296418300000000 -0.0590473000000000 0.0781694800000000
vn 1.6458764725538169 -3.6365796672737054 -2.3843835044532229
v -0.0304677900000000 -0.0589925800000000 0.0777533000000000
vn 2.4712132513008740 -3.9204912287988956 -1.2037723266531120
v -0.0313470000000000 -0.0589355900000000 0.0767243900000000
vn 2.6236356999314729 -3.8891102091384009 0.7505680082081039
v -0.0314767900000000 -0.0589108500000000 0.0749530300000000
vn 1.5320476066722422 -3.8588663114087267 2.3081136976323515
v -0.0304353300000000 -0.0589521200000000 0.0734402400000000
vn 0.0786437792343985 -3.5836106698860761 2.9360319588333761
v -0.0290581500000000 -0.0590301700000000 0.0729854000000000
vn -1.0590132235755885 -3.4411986116372466 2.8560156708134672
v -0.0281525200000000 -0.0590909800000000 0.0730811800000000
vn -1.9472744047722257 -3.3373638440258384 2.4338595200694528
v -0.0273802300000000 -0.0591542600000000 0.0734478500000000
vn -2.6481530873241477 -3.2836485847161150 1.8103032969561554
v -0.0268344300000000 -0.0592075200000000 0.0739531300000000
vn -3.1525670347585688 -3.3585054920548703 0.8154420879583777
v -0.0263477500000000 -0.0592671800000000 0.0748083000000000
vn -0.0278702573686420 3.2876870604621402 -0.2434523941776831
v -0.0215214100000000 -0.0571063100000000 0.0730808500000000
vn -0.1052480883863122 3.2865947579057568 -0.2292293388783144
v -0.0225654600000000 -0.0571123200000000 0.0732943500000000
vn -0.1748865369250292 3.2896632972243460 -0.1890565106073623
v -0.0234932900000000 -0.0571185700000000 0.0738196700000000
vn -0.2282789695736689 3.2899879347766854 -0.1306179991452546
v -0.0242134600000000 -0.0571244600000000 0.0746067500000000
vn -0.2607650530420637 3.2877441001967433 -0.0574842432556638
v -0.0246547000000000 -0.0571293900000000 0.0755778800000000
vn -0.2704023979330870 3.2875846122715311 0.0183650106493268
v -0.0247744100000000 -0.0571329000000000 0.0766372300000000
vn -0.2542353008637170 3.2891993809630451 0.0978220452053448
v -0.0245610000000000 -0.0571346300000000 0.0776823400000000
vn -0.2148852769340716 3.2871674561067117 0.1676892683906970
v -0.0240345200000000 -0.0571344100000000 0.0786092600000000
vn -0.1560932778822890 3.2884977791788108 0.2226440581543476
v -0.0232474300000000 -0.0571322700000000 0.0793294500000000
vn -0.0836558725391127 3.2879874127680093 0.2525299619866642
v -0.0222773600000000 -0.0571284300000000 0.0797705900000000
vn -2.5467406353511981 3.7230441760978601 1.9731399694950476
v -0.0221966300000000 -0.0572863700000000 0.0818085800000000
vn -1.4968048676315022 3.8490144447505914 2.8692971932790146
v -0.0231541200000000 -0.0572400200000000 0.0809042200000000
vn 0.0387220364829517 3.8964296539616274 3.1359431185465412
v -0.0247515000000000 -0.0572884000000000 0.0805626100000000
vn 1.5365296373206512 3.5846920215472027 2.6989465022530745
v -0.0260633400000000 -0.0573992100000000 0.0811561600000000
vn 2.4321340289014124 -2.7445541776186069 1.4074545570279902
v -0.0266269800000000 -0.0574669000000000 0.0817510200000000
vn 2.7954664063224319 3.4812682405345288 1.0141239488068337
v -0.0270080800000000 -0.0575374100000000 0.0825677400000000
vn 2.6929428227047976 3.6256527529603777 -0.7111843358984959
v -0.0270260200000000 -0.0576331000000000 0.0841235900000000
vn 1.2669356524264139 3.5975767153262925 -2.4062552711875558
v -0.0257415600000000 -0.0576816600000000 0.0856782800000000
vn -0.8554056207687326 3.4183139274212992 -2.6956443147898330
v -0.0237690600000000 -0.0576350500000000 0.0858636000000000
vn -2.6765362027294302 3.4647689122453533 1.2723513725544404
v -0.0205711600000000 -0.0574966700000000 0.0677943100000000
vn -1.8860124692586766 3.3010886280297020 2.2318373434215584
v -0.0212718100000000 -0.0575527400000000 0.0670493600000000
vn -0.7129138827531588 3.3307758917865269 2.7682590749070277
v -0.0222816200000000 -0.0575974500000000 0.0665594900000000
vn 0.5888961011081891 3.3103990278656368 2.7939879723521570
v -0.0234825600000000 -0.0576156100000000 0.0665864500000000
vn 1.9979625388515538 3.4232301189983558 2.0015837067214708
v -0.0246419600000000 -0.0576040800000000 0.0671550300000000
vn 2.8187619289460821 3.4005454628728615 0.7120555819551390
v -0.0253924700000000 -0.0575472900000000 0.0683853200000000
vn 2.9472903635947709 3.4494561927749405 -0.3978325724593124
v -0.0255082400000000 -0.0574935300000000 0.0692949200000000
vn 2.6993254558836099 3.5118084927613804 -1.3859089011691150
v -0.0253190500000000 -0.0574286400000000 0.0701765200000000
vn 2.1952327220034835 3.5677081787956797 -2.1865753358438726
v -0.0249025400000000 -0.0573652500000000 0.0708836300000000
vn 1.5897622381819880 3.5961095920917181 -2.7642864594522303
v -0.0243894300000000 -0.0573123200000000 0.0713643800000000
vn 0.4857952751276549 3.7353188303370928 -3.1849232045365392
v -0.0234760800000000 -0.0572466000000000 0.0717978200000000
vn -0.7645364311271265 3.8032404931999788 -3.1515955275203877
v -0.0221978200000000 -0.0572098700000000 0.0718004600000000
vn -1.8124273182538422 3.6626099001837837 -2.7115779933960367
v -0.0212412600000000 -0.0572368600000000 0.0713105000000000
vn 2.8010993028121458 3.4565974425554167 -0.1562749110303008
v -0.0314752200000000 -0.0576831600000000 0.0757276600000000
vn 2.2769516478712237 3.3824002964961184 -1.7310962831537511
v -0.0309976100000000 -0.0576475100000000 0.0771068800000000
vn 1.5676082897391825 3.4103467241444538 -2.4540645965225441
v -0.0303674200000000 -0.0576028800000000 0.0777702900000000
vn 0.5602773628768104 3.4479526230346926 -2.9201793108837970
v -0.0295284700000000 -0.0575417700000000 0.0781883300000000
vn -0.4937157023607454 3.5112377088016928 -3.0099805284251744
v -0.0286087900000000 -0.0574699200000000 0.0782946100000000
vn -1.4375142808243884 3.5438106846811204 -2.7686086610742149
v -0.0277605000000000 -0.0573976300000000 0.0781047400000000
vn -2.2520589500992432 3.6093864715340862 -2.2904699925557335
v -0.0271117000000000 -0.0573385200000000 0.0777313000000000
vn -2.9278757603184085 3.7341154351191950 -1.3990673489496583
v -0.0264224800000000 -0.0572702100000000 0.0769517500000000
vn -3.2838103770364198 3.6981609971052585 -0.3792571618416437
v -0.0261121200000000 -0.0572432300000000 0.0759487300000000
vn -3.1749172876521365 3.7541072294663316 0.6915594138338714
v -0.0261686000000000 -0.0572606900000000 0.0749545800000000
vn -2.7035711234038668 3.5958471297184618 1.7435513275574026
v -0.0266906200000000 -0.0573261500000000 0.0739861900000000
vn -2.0132271306402370 3.5263949355076076 2.3772531175081850
v -0.0272387600000000 -0.0573823500000000 0.0734781700000000
vn -0.6044714417803829 -2.7639895184687773 2.8204816630310070
v -0.0280212600000000 -0.0574527600000000 0.0731046100000000
vn -0.0503211521437037 3.4673871908095895 2.9751898671301866
v -0.0289423400000000 -0.0575235700000000 0.0730013500000000
vn 1.2821493407098283 3.5409936204995978 2.5518818093507196
v -0.0301950300000000 -0.0576108400000000 0.0733606100000000
vn 2.4396354519588455 3.3722767116923227 1.4539733513900668
v -0.0311654900000000 -0.0576675200000000 0.0744696800000000
vn -0.8834121782764417 -2.9288076353353603 2.9802321936880802
v -0.0322662100000000 -0.5000233700000000 -0.0156537800000000
vn -0.3463832556738149 -3.0219090770881483 3.1064774055544149
v -0.0314076400000000 -0.5000193200000000 -0.0155006100000000
vn -0.0532805633681480 -3.0612049990803598 3.1299294265323998
v -0.0303018100000000 -0.5000137500000000 -0.0154360100000000
vn 0.1458107339958918 -3.0878789409153669 3.1293751418174214
v -0.0289097000000000 -0.5000064400000001 -0.0154587200000000
vn 0.2605611850605020 -3.1645566377898855 3.1232195764325406
v -0.0223083200000000 -0.4999705500000000 -0.0160313100000000
vn 0.1130817830306441 -3.1966682283464700 3.1301880082731417
v -0.0188812800000000 -0.4999521500000000 -0.0162434000000000
vn -0.0696418568009443 -3.2115715514416054 3.1307061048485312
v -0.0144510000000000 -0.4999291100000000 -0.0162436700000000
vn -0.3269207180499893 -3.2194126421395315 3.1135365539881699
v -0.0085974800000000 -0.4998998400000000 -0.0158108900000000
vn -0.5935273203043478 -3.2167255422607157 3.0725607860927679
v -0.0008915700000000 -0.4998630000000000 -0.0146190800000000
vn -0.8176213235584384 -3.2145245137250726 3.0196918058692725
v 0.0056971400000000 -0.4998329600000000 -0.0130631600000000
vn 0.3809718591257976 -0.3048997908452485 0.1980788985265924
v 0.0106691400000000 -0.4998114700000000 -0.0114558900000000
vn 1.6918121202210408 -3.0599188227337013 -2.6640212272352768
v 0.0084654400000000 -0.4998188000000000 -0.0129769500000000
vn 1.3737362518031326 -3.1112446243185126 -2.8414277797151910
v 0.0053906300000000 -0.4998303900000000 -0.0145964500000000
vn 1.2703102486231668 -3.1326607884121729 -2.8888109419093704
v 0.0013700500000000 -0.4998463400000000 -0.0164224100000000
vn 0.5752288332893017 -3.0924710239713322 -1.4764758807381972
v -0.0039202500000000 -0.4998679200000000 -0.0186058000000000
vn 0.8729665111124483 -3.0211281754071257 -3.0303993451721274
v -0.0111321600000000 -0.4998987100000000 -0.0210762700000000
vn 0.1866947046160580 -2.9524434492584515 -3.1440449574384268
v -0.0179336300000000 -0.4999306400000000 -0.0223427400000000
vn -0.4166691870596596 -3.0105473515018790 -3.1191019549036856
v -0.0230362800000000 -0.4999577400000000 -0.0221377900000000
vn -0.9479460072221663 -3.0340461195827997 -2.9971574487930059
v -0.0268170700000000 -0.4999796900000000 -0.0212962600000000
vn -1.5066525606690031 -3.0293560978936807 -2.7498588646954190
v -0.0295643900000000 -0.4999970400000000 -0.0201716500000000
vn -3.0026795508234176 2.5497704610822849 -0.0185533478639207
v -0.0382506500000000 0.4997603600000000 -0.0137355900000000
vn -1.5381518152263107 3.0285096044773847 -2.7334126536069077
v -0.0347643300000000 0.4997886000000000 -0.0174541400000000
vn -0.9795235015960903 3.0403258487809248 -2.9806506542135174
v -0.0320170100000000 0.4998059500000000 -0.0185787500000000
vn -0.4480525383750792 3.0230031896278109 -3.1027035650886745
v -0.0282362100000000 0.4998279000000000 -0.0194202800000000
vn 0.1558973238828443 2.9713121374322902 -3.1279323033608288
v -0.0231335700000000 0.4998550000000000 -0.0196252200000000
vn 0.8413948974554957 3.0465002098006253 -3.0138975308477898
v -0.0163321000000000 0.4998869300000000 -0.0183587500000000
vn 1.1219267814718190 3.1326963741264766 -2.9195039852727485
v -0.0091201800000000 0.4999177300000000 -0.0158882800000000
vn 1.2375847142976988 3.1613910691755502 -2.8716934827674407
v -0.0038298800000000 0.4999393100000000 -0.0137048900000000
vn 1.3412159582542864 3.1407820758137235 -2.8244621518011908
v 0.0001906900000000 0.4999552500000000 -0.0118789400000000
vn 1.6598199532778248 3.0918375481650058 -2.6473364083184423
v 0.0032655100000000 0.4999668400000000 -0.0102594300000000
vn 0.3784421838779891 0.3091297654600937 0.2002656402748841
v 0.0054692100000000 0.4999741700000000 -0.0087383700000000
vn -0.8509260734173811 3.1893675134850969 3.0370773043299657
v 0.0004972100000000 0.4999526800000000 -0.0103456400000000
vn -0.6268751979417779 3.1936387844907514 3.0899839638887672
v -0.0060915100000000 0.4999226400000000 -0.0119015700000000
vn -0.3602933964337066 3.1988557534118995 3.1309854868815643
v -0.0137974200000000 0.4998858000000000 -0.0130933800000000
vn -0.1029573762730582 3.1935870699662647 3.1481223449045839
v -0.0196509300000000 0.4998565300000000 -0.0135261500000000
vn 0.0799255863957110 3.1806059433270493 3.1475232275977620
v -0.0240812200000000 0.4998334900000000 -0.0135258900000000
vn 0.2281299132429439 3.1503922300771103 3.1403416780794258
v -0.0275145000000000 0.4998150600000000 -0.0133133900000000
vn 0.1139851921311444 3.0718194027910646 3.1460940356373110
v -0.0341096300000000 0.4997792000000000 -0.0127412100000000
vn -0.0797722995882943 3.0513631027117083 3.1468860417783056
v -0.0355017500000000 0.4997719000000000 -0.0127184900000000
vn -0.3805317689934039 3.0138240940156553 3.1230573852067289
v -0.0366075700000000 0.4997663200000000 -0.0127831000000000
vn -0.9190101221564387 2.9029024414990845 2.9944655142900167
v -0.0374661500000000 0.4997622700000000 -0.0129362600000000
vn -2.1395100762856680 2.3120150248500360 1.9380647143594327
v -0.0380796300000000 0.4997598100000000 -0.0132057700000000
vn 0.3012129447366891 -3.1657102785152276 3.1199433398337111
v -0.0326315000000000 0.0263946400000000 -0.0156208200000000
vn 0.2591632430874147 -3.1275559737052845 3.1242205190838117
v -0.0390700300000000 0.0263595000000000 -0.0150097600000000
vn 0.1786593957684817 -3.1203953595621283 3.1284604036408266
v -0.0408426000000000 0.0263499500000000 -0.0148912900000000
vn -4.0032212389505659 0.0325465376629267 2.4696595473387619
v -0.0471112900000000 0.1001925700000000 -0.0160863500000000
vn -0.9322859344308794 -0.0281661753813429 6.2116300383938494
v -0.0050302900000000 0.1004070900000000 -0.0144877100000000
vn 1.0805554104944051 0.0133914302438582 0.6578426987470118
v 0.0184898700000000 0.1005133800000000 -0.0085875700000000
vn -0.5244816124526877 -0.2672734529605721 1.4649503554549019
v 0.0199031000000000 0.0266489900000000 -0.0086720600000000
vn 0.3560091220728527 0.2573690330316220 0.1836338085018405
v 0.0199090600000000 0.0257028800000000 -0.0086745200000000
vn 0.6765173459809352 0.0050899792919673 0.3363675191257407
v 0.0200733900000000 0.0001401000000000 -0.0087404500000000
vn -0.9791462354382310 -0.1983445385143298 6.1873673613663858
v 0.0130372900000000 -0.0254537900000000 -0.0111442300000000
vn -1.2286605468348215 0.1610478608202492 6.1499429907954513
v 0.0130390700000000 -0.0263999100000000 -0.0111471600000000
vn -0.9972969845754465 3.1908634315410955 2.9918809518971576
v 0.0168048200000000 -0.0263833700000000 -0.0100278400000000
vn -1.4776387066077652 -0.0155305090848849 6.1053334902684595
v 0.0082102200000000 -0.0996930800000000 -0.0126288400000000
vn -0.9328268138327329 -0.0153404550348758 6.2115805031639937
v -0.0039870500000000 -0.0997499800000000 -0.0150325700000000
vn -0.6366731665168340 -0.0144039701245228 6.2490137674762245
v -0.0101567400000000 -0.0997799700000000 -0.0158071600000000
vn -0.3170170276299317 -0.0127553579989276 6.2726575070655164
v -0.0163548600000000 -0.0998108800000000 -0.0162926600000000
vn 0.0635275006668785 -0.0100804767138537 6.2793066629572900
v -0.0225705900000000 -0.0998428300000000 -0.0164348700000000
vn 0.4191568002240856 -0.0052190104470290 6.2672904640628841
v -0.0287817400000000 -0.0998758600000000 -0.0161677400000000
vn -0.6819174394118632 -0.0264648282789790 6.1405627471742505
v -0.0411739100000000 -0.0999430700000000 -0.0151503000000000
vn 0.2739005732523794 3.1494790086133069 3.1366856648373465
v -0.0330099500000000 -0.0266270400000000 -0.0157022400000000
vn 0.3057676742289044 -3.1609066258036735 3.1195653067464453
v -0.0328274900000000 -0.0256799000000000 -0.0157176800000000
vn 0.2802018758112155 -3.1287451332552147 3.1221070144160965
v -0.0379888000000000 -0.0257081000000000 -0.0152185700000000
vn 0.1981997902319093 -3.1170224575727130 3.1273611138903510
v -0.0401665900000000 -0.0257198700000000 -0.0150569400000000
vn 0.0671443643012448 -3.0988458223867053 3.1317407573566061
v -0.0421086500000000 -0.0257301900000000 -0.0149756400000000
vn -0.1342272731007463 -3.0742248076372540 3.1276668027546837
v -0.0438352900000000 -0.0257391200000000 -0.0149917900000000
vn -1.4300704315137434 -2.6301535737598920 2.6593752443046763
v -0.0466963600000000 -0.0257527900000000 -0.0154379900000000
vn -2.9817696227952220 -3.5953787972723465 -0.6435985795246698
v -0.0474847200000000 -0.0257542500000000 -0.0164093400000000
vn -5.3514528659967748 -0.0260346889051856 -0.6893113043405097
v -0.0476503000000000 -0.0001910900000000 -0.0164822900000000
vn -3.0473045965632450 2.7028103818429345 0.4848157688100808
v -0.0477520000000000 0.0253720000000000 -0.0164082100000000
vn -0.4086637413901563 3.0261701897717126 3.1207917884500143
v -0.0453192400000000 0.0253806700000000 -0.0149460000000000
vn -0.3976523574688108 0.1799906620340786 6.2476558710058878
v -0.0300323800000000 0.0254626200000000 -0.0158428200000000
vn -3.9353847248514464 0.1042346382137694 2.2578098753457123
v -0.0445193800000000 0.3003674100000000 -0.0151221900000000
vn -0.6365830884974661 -0.0377765074356156 6.2489452470830669
v -0.0125996000000000 0.3005313900000000 -0.0143753900000000
vn -1.4768341049450204 -0.0504077059762098 6.1053411733148044
v 0.0036441400000000 0.3006082400000000 -0.0115651800000000
vn -0.2273882562520489 -0.0216449978752298 3.1329142279713329
v -0.0169405100000000 0.4998702300000000 -0.0133776400000000
vn -0.4765024216740205 -0.0239567706444918 3.1044798923238162
v -0.0100877800000000 0.4999037900000000 -0.0126116400000000
vn -0.7245007178927039 -0.0292523776977911 3.0564729300791358
v -0.0025640600000000 0.4999388900000000 -0.0111290400000000
vn -0.9693873291915862 -0.0373355972587412 2.9873409065660015
v 0.0031525100000000 0.4999643500000000 -0.0095594100000000
vn -0.9697096990409448 0.0108821934087664 2.9874427810911808
v 0.0083524500000000 -0.4998212900000000 -0.0122769300000000
vn -0.7246869967284721 0.0051021456486202 3.0565620521880161
v 0.0026358700000000 -0.4998467600000000 -0.0138465500000000
vn -0.4766322234407138 0.0021123129964655 3.1045516748657800
v -0.0048878500000000 -0.4998818600000000 -0.0153291500000000
vn -0.2275124905447273 0.0022371960077367 3.1329799841006700
v -0.0117405700000000 -0.4999154200000000 -0.0160951600000000
vn -3.9330812696906685 -0.1321405609507869 2.2336430055854524
v -0.0414182600000000 -0.3001039600000000 -0.0167568100000000
vn 0.4207106596457078 0.0084568378847941 6.2671593208056784
v -0.0259559500000000 -0.3000247000000000 -0.0163289700000000
vn -0.3175593050556446 -0.0012458500721891 6.2726753205240069
v -0.0149595300000000 -0.2999672100000000 -0.0164386800000000
vn 0.9903267514400950 -0.0421252831577557 0.5657834366373197
v 0.0169588500000000 -0.2998184700000000 -0.0100840100000000
vn -2.1464057435478505 -0.0791769481595008 0.1918749325264155
v -0.0429548500000000 -0.2633763000000000 -0.0168122100000000
vn 1.5824743432569219 -2.5975140788889193 -2.7502979709966562
v 0.0173207200000000 0.0266405000000000 -0.0104879900000000
vn 1.8252079729064343 -3.1347427602383786 -2.5769322072018177
v 0.0186643800000000 0.0266448500000000 -0.0095195500000000
vn 0.8803022945538935 0.0183028556243565 -1.2858603853367498
v 0.0199020500000000 0.0266489900000000 -0.0086721800000000
vn 3.1625562462349448 0.0563621390930310 -5.4215901037200798
v 0.0148659600000000 0.1005020300000000 -0.0113462600000000
vn 2.6872742346522704 0.0507669709388441 -5.6788390876919701
v 0.0103466200000000 0.1004847400000000 -0.0136321100000000
vn 2.3367673690423132 0.0475636538044301 -5.8320472789113804
v -0.0012689400000000 0.1004380200000000 -0.0186719000000000
vn 2.1703048917725090 0.0464927109059593 -5.8959297087921492
v -0.0059954400000000 0.1004183900000000 -0.0204929000000000
vn 1.9403134353194678 0.0453466080186371 -5.9752873901315589
v -0.0107785900000000 0.1003980400000000 -0.0221593200000000
vn 1.3471682073564124 0.0433230624041434 -6.1348194123543696
v -0.0180939300000000 0.1003655500000000 -0.0242019500000000
vn -1.4273908771450865 0.0390661612436509 -6.1138844408237478
v -0.0356745100000000 0.1002741800000000 -0.0242263100000000
vn -2.4292742985095912 0.0388613154810754 -5.7845947088665515
v -0.0404995300000000 0.1002449400000000 -0.0227010400000000
vn -3.0776565593567602 0.0388197086841566 -5.4600909366830894
v -0.0427828500000000 0.1002300800000000 -0.0216055400000000
vn -3.9199843156235801 0.0386026710798240 -4.8669071584549872
v -0.0449017900000000 0.1002153000000000 -0.0202213900000000
vn -2.9829093281509209 2.9924595438720027 -1.0013677481991801
v -0.0476064100000000 0.0253749000000000 -0.0171998600000000
vn -3.0180438219956116 2.8646505374190272 -0.8366743923018922
v -0.0473637800000000 -0.0266975100000000 -0.0172418500000000
vn -5.2853284705020176 -0.0847608922987520 -2.7860080910160381
v -0.0456696600000000 -0.0999560100000000 -0.0189946100000000
vn -2.4272749544254717 -0.0324421706895188 -5.7853708461022855
v -0.0394635000000000 -0.0999121700000000 -0.0232477700000000
vn -1.8910392024483600 -0.0258662352689982 -5.9853108856398238
v -0.0370817200000000 -0.0998974400000000 -0.0241086700000000
vn 0.6281982893088458 -0.0010087369224162 -6.2478606132676111
v -0.0220510100000000 -0.0998153000000000 -0.0255692900000000
vn 1.9414807575052375 0.0074377660654142 -5.9750537674623398
v -0.0097362800000000 -0.0997590300000000 -0.0227053400000000
vn 2.0667472156487010 0.0079269322474957 -5.9331165590106885
v -0.0073369300000000 -0.0997487600000000 -0.0218940300000000
vn 2.4657237032072707 0.0086215778206344 -5.7789523806931342
v 0.0044546700000000 -0.0996999700000000 -0.0172781100000000
vn 2.5987389643549341 0.0084350437813653 -5.7202868835161409
v 0.0090930200000000 -0.0996813900000000 -0.0152393600000000
vn 2.8353408579870552 0.0076794567018115 -5.6057572401355333
v 0.0136712700000000 -0.0996634700000000 -0.0130718300000000
vn 3.8347956679391193 -0.0155679855682656 -4.9444408169920493
v 0.0180433300000000 -0.0996476600000000 -0.0105230200000000
vn 1.7891172669067181 3.1725420817134347 -2.5620965853694315
v 0.0189402500000000 -0.0263732500000000 -0.0096647000000000
vn 1.8218739386187393 -3.1490331748089817 -2.5793056129918783
v 0.0189374200000000 -0.0254271300000000 -0.0096618900000000
vn 1.7894363675690284 3.1802527394976350 -2.5617282809058750
v 0.0186725600000000 0.0256987600000000 -0.0095228100000000
vn 1.0879414377389229 2.6438841129393791 -2.8278997806725439
v 0.0173277300000000 0.0256943900000000 -0.0104903200000000
vn 1.9404999621922765 0.0831320856166605 -5.9748335204820471
v -0.0122279300000000 0.3005499100000000 -0.0204762700000000
vn 0.6280333265755050 0.0840776761445186 -6.2473600779933003
v -0.0231185400000000 0.3005001500000000 -0.0230087500000000
vn -5.2383855976138198 0.1682515111270508 -3.0054132063023777
v -0.0440055400000000 0.3003757100000000 -0.0171950600000000
vn 1.7844911823384253 0.0739536498551814 -2.5846613685356123
v 0.0044451400000000 0.4999707800000000 -0.0094514500000000
vn 1.5115897865799988 0.0632422510264579 -2.7530942388997603
v 0.0023432600000000 0.4999635100000000 -0.0107957800000000
vn 1.4124467564811962 0.0595583779065583 -2.8056630842085202
v 0.0013147900000000 0.4999596100000000 -0.0113293100000000
vn 1.3166057305475840 0.0564659713180945 -2.8519525112755586
v -0.0010352800000000 0.4999504400000000 -0.0124549100000000
vn 1.2828025864322954 0.0554973986569466 -2.8673275291126208
v -0.0023711300000000 0.4999451400000000 -0.0130613000000000
vn 1.2278867199502721 0.0541050442631730 -2.8912831518539379
v -0.0050136700000000 0.4999345300000000 -0.0142136100000000
vn 1.2017160881879994 0.0535573607562922 -2.9022592250003560
v -0.0062836500000000 0.4999293800000000 -0.0147468900000000
vn 1.1728564388418956 0.0530620436340353 -2.9140629790009758
v -0.0076493500000000 0.4999237900000000 -0.0153047600000000
vn 1.0998471957629510 0.0520858564025682 -2.9424142967483986
v -0.0103894400000000 0.4999124400000000 -0.0163717100000000
vn 1.0587571179680517 0.0517125597004092 -2.9574555279780612
v -0.0117450200000000 0.4999067400000000 -0.0168691200000000
vn 1.0066572684739665 0.0513492930394580 -2.9755951289838540
v -0.0131928700000000 0.4999005800000000 -0.0173748500000000
vn 0.9390022780205434 0.0510518778446738 -2.9976009986317997
v -0.0147677300000000 0.4998937900000000 -0.0178907000000000
vn 0.4051574824549877 0.0253263833702185 -1.5112775158823288
v -0.0178339400000000 0.4998802100000000 -0.0187614900000000
vn 0.6409364541971904 0.0511837312243262 -3.0748662174738630
v -0.0192727000000000 0.4998736400000000 -0.0190946200000000
vn 0.4984290883290098 0.0516441309301296 -3.1010909918247602
v -0.0206316500000000 0.4998672500000000 -0.0193467000000000
vn 0.3453922403448210 0.0525230459406426 -3.1217782033676267
v -0.0219188000000000 0.4998610400000000 -0.0195218200000000
vn -0.0367898224684263 0.0559054043236396 -3.1399648524216941
v -0.0250074000000000 0.4998453700000000 -0.0196696600000000
vn -0.2456766972324133 0.0580349659656068 -3.1309304028927736
v -0.0267015700000000 0.4998363400000000 -0.0195889300000000
vn -0.6071489933824894 0.0627511904050286 -3.0815418277549185
v -0.0296258200000000 0.4998200400000000 -0.0191854500000000
vn -0.3487955794783590 0.0322305296138330 -1.5434723927304939
v -0.0308822200000000 0.4998127300000000 -0.0189016800000000
vn -1.1962946868304916 0.0725283258147085 -2.9028712400982752
v -0.0335056200000000 0.4997967400000000 -0.0180395000000000
vn -1.1955566166071190 -0.0691283038490859 -2.9032572681921813
v -0.0283056900000000 -0.4999889000000000 -0.0207570100000000
vn -0.7747535766716727 -0.0567257147754684 -3.0439117573206893
v -0.0256822900000000 -0.4999729100000000 -0.0216192000000000
vn -0.6065373612233798 -0.0522720611975250 -3.0818565475553079
v -0.0244258900000000 -0.4999656100000000 -0.0219029700000000
vn -0.2451531938103200 -0.0435294504481690 -3.1312063951208335
v -0.0215016400000000 -0.4999493000000000 -0.0223064500000000
vn -0.0362897844019561 -0.0391762673187998 -3.1402172921114473
v -0.0198074700000000 -0.4999402700000000 -0.0223871700000000
vn 0.3458149176462925 -0.0319738672254373 -3.1220118214259620
v -0.0167188700000000 -0.4999246100000000 -0.0222393400000000
vn 0.4988900422180023 -0.0296153598902839 -3.1012970660566497
v -0.0154317100000000 -0.4999183900000000 -0.0220642100000000
vn 0.6413392764789925 -0.0277746445771220 -3.0750895120426422
v -0.0140727700000000 -0.4999120100000000 -0.0218121300000000
vn 0.7615465854744041 -0.0264088105858559 -3.0477339990504522
v -0.0126340100000000 -0.4999054300000000 -0.0214790100000000
vn 0.9393976965334274 -0.0249548205082800 -2.9978009069355576
v -0.0095677900000000 -0.4998918500000000 -0.0206082100000000
vn 1.0070484452197290 -0.0246652163557045 -2.9757990113238644
v -0.0079929400000000 -0.4998850600000000 -0.0200923700000000
vn 1.0591577021972189 -0.0245905663705865 -2.9576728091793854
v -0.0065450900000000 -0.4998789000000000 -0.0195866400000000
vn 1.1002466591593434 -0.0246220833419207 -2.9426137258638008
v -0.0051895000000000 -0.4998732100000000 -0.0190892200000000
vn 1.1732626891344689 -0.0249930648205276 -2.9142794394069176
v -0.0024494200000000 -0.4998618500000000 -0.0180222800000000
vn 1.2021404288315125 -0.0252457410346811 -2.9024663530258072
v -0.0010837200000000 -0.4998562700000000 -0.0174644100000000
vn 1.2282968554039067 -0.0255767007653132 -2.8914994087801671
v 0.0001862600000000 -0.4998511100000000 -0.0169311200000000
vn 1.2832269831542344 -0.0265323710589318 -2.8675475486790258
v 0.0028288000000000 -0.4998405000000000 -0.0157788200000000
vn 1.3170413716078908 -0.0272370836896183 -2.8521820181670403
v 0.0041646600000000 -0.4998352000000000 -0.0151724300000000
vn 1.4129707835273333 -0.0294695611717807 -2.8058779127575009
v 0.0065147200000000 -0.4998260400000000 -0.0140468200000000
vn 1.5120178163825304 -0.0323889506241186 -2.7534019418545510
v 0.0075432000000000 -0.4998221400000000 -0.0135133000000000
vn 1.7858354162784618 -0.0399241448234407 -2.5844756803539535
v 0.0096450700000000 -0.4998148600000000 -0.0121689700000000
vn 2.6873410421169392 -0.0342884979005936 -5.6788979227525784
v 0.0095941400000000 -0.2998445900000000 -0.0145671200000000
vn 2.4046035442268727 -0.0307970314560619 -5.8045661874697796
v 0.0013887100000000 -0.2998774500000000 -0.0181804000000000
vn 2.2600651400878036 -0.0300771877043757 -5.8622856838745871
v -0.0027726700000000 -0.2998945600000000 -0.0198475100000000
vn -1.4743914178688642 -5.2300983324982653 -0.5289841770164914
v 0.3020494600000000 0.0007226500000000 0.0028638800000000
vn 1.6325108606804959 -4.1656399558712014 -2.2123935545398479
v 0.2753857300000000 0.0005200600000000 0.0263760400000000
vn -1.1692955490648931 -5.2056798244271327 1.0843294017027403
v 0.3016889800000000 0.0007174300000000 0.0040951400000000
vn -0.2081905988827324 -5.1670179044673432 1.6405361799257583
v 0.2676271000000000 0.0005193800000000 0.0117793700000000
vn 1.4032984876103800 -5.2931537609803305 -0.5608905266027612
v 0.2570358900000000 0.0004302600000000 0.0243022000000000
vn -1.6585136898806980 -4.8962838809075118 1.1063594424231467
v 0.3063492400000000 0.0007849500000000 -0.0118305100000000
vn 1.1516623181596639 -1.4433906761465940 1.9481008767836765
v 0.2965905000000000 0.0006160600000000 0.0316311000000000
vn 0.1877021950197154 -3.1201921008438420 -3.0885839158666846
v 0.2890597800000000 0.0007081100000000 -0.0166430800000000
vn -0.3447204143560609 5.2898385229130147 -1.4517671284628988
v 0.3024205000000000 0.0024330600000000 0.0015684900000000
vn -0.2619210065743895 5.1555856271918126 1.6685345551100386
v 0.2676182300000000 0.0022242800000000 0.0117840000000000
vn 1.7199978201212667 4.9392468130847931 0.9128472802741852
v 0.2684324000000000 0.0022311300000000 0.0108211400000000
vn -1.5285961367863907 5.2172943207586719 -0.5005232419033494
v 0.3020406000000000 0.0024275500000000 0.0028685200000000
vn 1.1353167572001868 1.4438145936857714 1.9556321663249576
v 0.2965816300000000 0.0023209600000000 0.0316357400000000
vn -1.4343060355376633 2.3222511827942265 -4.1866205586785643
v 0.2883025400000000 0.0021336100000000 -0.0167239300000000
vn -1.9394956097997305 -1.3740231052841840 1.2518058299332773
v 0.2517882800000000 0.0006548900000000 0.0264817000000000
vn -1.2718502350118868 -1.7794463420871440 1.7501805321121047
v 0.2520701100000000 0.0004677200000000 0.0265732900000000
vn -3.0888800213543419 -0.0227266431332140 2.7548500114131653
v 0.2966046200000000 0.0014690600000000 0.0314692300000000
vn -0.0060495525582589 -3.1020597856791805 2.8145128519886979
v 0.2977291900000000 0.0006221200000000 0.0315829200000000
vn 0.3643765730111663 -3.5246333164762165 -3.0712471247802577
v 0.3072416200000000 0.0006883200000000 0.0254295000000000
vn 1.5104066162396836 -3.5191566800282574 -2.7054463687938837
v 0.3059740700000000 0.0006828200000000 0.0250246500000000
vn 2.4280905948539377 -3.5159378938951842 -1.9300132391824336
v 0.3049589900000000 0.0006798800000000 0.0241664300000000
vn 2.9792000546880462 -3.5165107891904586 -0.8623979398187989
v 0.3043489500000000 0.0006799200000000 0.0229854100000000
vn 2.7146371491740116 -3.5236594712080782 1.4822013073596532
v 0.3046419000000000 0.0006884900000000 0.0203929600000000
vn 1.9382895667070978 -3.5313532546168811 2.4001073760389366
v 0.3055002200000000 0.0006957100000000 0.0193768300000000
vn 0.8702909076265068 -3.5371866859431367 2.9517251902954467
v 0.3066811000000000 0.0007035100000000 0.0187678500000000
vn -0.3275805606821293 -3.5448877732657653 3.0519543742437287
v 0.3080070200000000 0.0007107100000000 0.0186561000000000
vn -1.4728683430411253 -3.5486505780019439 2.6869057968210619
v 0.3092745700000000 0.0007162000000000 0.0190609600000000
vn -2.3913042184215221 -3.5532080507765134 1.9099097030513434
v 0.3102897700000000 0.0007191500000000 0.0199181300000000
vn -2.9432162130565964 -3.5506822608430042 0.8419021260740746
v 0.3108986400000000 0.0007191100000000 0.0211000800000000
vn -3.0431368649957204 -3.5499060574649124 -0.3553701867876985
v 0.3110105300000000 0.0007160900000000 0.0224249700000000
vn -2.6780998402993141 -3.5435593649852799 -1.5009010558566440
v 0.3106057000000000 0.0007105300000000 0.0236925300000000
vn -1.9026965330805998 -3.5378010060439280 -2.4185967170142497
v 0.3097485400000000 0.0007033200000000 0.0247077300000000
vn -0.8344394795152940 -3.5306069514875245 -2.9704662820395002
v 0.3085675400000000 0.0006955200000000 0.0253177500000000
vn 0.3646760530800472 -3.5239687164362783 -3.0713374990898230
v 0.3100706500000000 0.0007416300000000 0.0112287200000000
vn 1.5098564916874098 -3.5191928950742475 -2.7057381429602803
v 0.3090995200000000 0.0007374200000000 0.0109187900000000
vn 2.4278019820550396 -3.5160035549654229 -1.9303221002848154
v 0.3083212600000000 0.0007351600000000 0.0102610300000000
vn 2.9793761832661625 -3.5178714722846931 -0.8606021380599456
v 0.3078528500000000 0.0007351900000000 0.0093544400000000
vn 3.0806626046965215 -3.5172787135346515 0.3364804464646581
v 0.3077685100000000 0.0007375100000000 0.0083387500000000
vn 2.7147792861407725 -3.5256224275031927 1.4807475188599000
v 0.3080773700000000 0.0007417600000000 0.0073675000000000
vn 1.9384080362474070 -3.5303278616891021 2.4004146936317841
v 0.3087362800000000 0.0007473000000000 0.0065883100000000
vn 0.8706019785304152 -3.5379252339246756 2.9513941685981004
v 0.3096416900000000 0.0007532800000000 0.0061208300000000
vn -0.3272944938511093 -3.5442284249334852 3.0521990666479217
v 0.3106574900000000 0.0007588000000000 0.0060354600000000
vn -1.4727883037963081 -3.5495751203887296 2.6866160014893490
v 0.3116296700000000 0.0007630100000000 0.0063455100000000
vn -2.3916443488458099 -3.5523747140232107 1.9099061124140935
v 0.3124079300000000 0.0007652700000000 0.0070032700000000
vn -2.9446978484735409 -3.5514306179905755 0.8419120039176524
v 0.3128752900000000 0.0007652400000000 0.0079097400000000
vn -3.0432972248113561 -3.5492834824790873 -0.3556204131446071
v 0.3129606800000000 0.0007629200000000 0.0089255500000000
vn -2.6783524859956720 -3.5436961214023448 -1.5004391156882200
v 0.3126507700000000 0.0007586700000000 0.0098966900000000
vn -1.9025376695297953 -3.5380543382409013 -2.4186071865547576
v 0.3119929100000000 0.0007531300000000 0.0106759900000000
vn -0.8335097280571270 -3.5308918905438138 -2.9706368920992614
v 0.3110875000000000 0.0007471500000000 0.0111434700000000
vn 0.3639222705577201 -3.5264633932178131 -3.0706734527282551
v 0.3122151500000000 0.0007844500000000 -0.0004196300000000
vn 1.5099864223042601 -3.5170467788396573 -2.7063937889270830
v 0.3114127800000000 0.0007809700000000 -0.0006766000000000
vn 2.4274824162502675 -3.5185674469151302 -1.9295065935962867
v 0.3107687800000000 0.0007791000000000 -0.0012196300000000
vn 2.9806123074420778 -3.5156309550686915 -0.8598771140436854
v 0.3103831700000000 0.0007791300000000 -0.0019685800000000
vn 2.7156682809788597 -3.5231304743889997 1.4805918068092556
v 0.3105685800000000 0.0007845500000000 -0.0036093800000000
vn 1.9383167816058751 -3.5328954205368799 2.3995397392069369
v 0.3111116000000000 0.0007891300000000 -0.0042533900000000
vn 0.8705591349775219 -3.5357453746567877 2.9520965945649333
v 0.3118605400000000 0.0007940700000000 -0.0046389900000000
vn -0.3278867880926058 -3.5467031825270943 3.0513510620773348
v 0.3127000100000000 0.0007986300000000 -0.0047104000000000
vn -1.4736360024836377 -3.5469809169342343 2.6870945404857132
v 0.3135013300000000 0.0008021000000000 -0.0044535500000000
vn -2.3906942609339916 -3.5540695543121625 1.9102703030723225
v 0.3141453300000000 0.0008039700000000 -0.0039105200000000
vn -3.0426372456423993 -3.5515588658697235 -0.3551729340624187
v 0.3146024800000000 0.0008020400000000 -0.0023231400000000
vn -2.6784006562520433 -3.5421051075313237 -1.5012659851209447
v 0.3143455300000000 0.0007985200000000 -0.0015207700000000
vn -1.9014826854554288 -3.5397671315454744 -2.4187455010678374
v 0.3138025100000000 0.0007939400000000 -0.0008767600000000
vn -0.8342360238029811 -3.5282605388979409 -2.9712655240549006
v 0.3130535700000000 0.0007890000000000 -0.0004911600000000
vn -0.3224355013672569 6.2565949007867658 0.1348312475889870
v 0.3111679900000000 0.0025218700000000 -0.0143676100000000
vn -0.6974111060649393 3.0710965649584443 2.6574907787543731
v 0.2892280700000000 0.0024145000000000 -0.0168471900000000
vn 0.3275870156300460 3.5449008119642036 -3.0519726293788612
v 0.3072327500000000 0.0023932100000000 0.0254341400000000
vn -0.8712198916845204 3.5378625134358210 -2.9512414577519674
v 0.3085586800000000 0.0024004100000000 0.0253223900000000
vn -1.9394487710918720 3.5308928594525906 -2.3993664959568042
v 0.3097396700000000 0.0024082200000000 0.0247123600000000
vn -2.7148780197214135 3.5236007834058589 -1.4817010575652128
v 0.3105968300000000 0.0024154300000000 0.0236971600000000
vn -3.0799102410372949 3.5199301311728766 -0.3361578507422543
v 0.3110016600000000 0.0024209800000000 0.0224296100000000
vn -2.9799504179543530 3.5152810648263833 0.8611090044688927
v 0.3108897800000000 0.0024240000000000 0.0211047100000000
vn -2.4281009361445389 3.5176815181135730 1.9291394214666500
v 0.3102809000000000 0.0024240500000000 0.0199227700000000
vn -1.5096223810599518 3.5184895569725509 2.7061163546538034
v 0.3092657000000000 0.0024211000000000 0.0190655900000000
vn -0.3643428057926679 3.5246593692663701 3.0711656512114014
v 0.3079981500000000 0.0024156100000000 0.0186607300000000
vn 0.8335234583109947 3.5299688520005854 2.9709197067580604
v 0.3066722300000000 0.0024084100000000 0.0187724800000000
vn 1.9015100878748006 3.5382106540555243 2.4193099412873309
v 0.3054913500000000 0.0024006100000000 0.0193814700000000
vn 3.0430096222358007 3.5499170145630670 0.3558133977895256
v 0.3042283100000000 0.0023878400000000 0.0216641000000000
vn 2.9424480841071485 3.5519511317235954 -0.8431797484049567
v 0.3043400800000000 0.0023848100000000 0.0229900400000000
vn 2.3913263875233475 3.5514435104931246 -1.9107868265383117
v 0.3049501200000000 0.0023847800000000 0.0241710600000000
vn 0.3278998775625711 3.5442410870820984 -3.0521205523961568
v 0.3100617800000000 0.0024465300000000 0.0112333600000000
vn -0.8702876856533961 3.5381064534335542 -2.9514283750439692
v 0.3110786300000000 0.0024520500000000 0.0111481000000000
vn -1.9393102509473903 3.5311484033997802 -2.3994038935006583
v 0.3119840400000000 0.0024580300000000 0.0106806200000000
vn -3.0800366157884635 3.5193055861646458 -0.3364138866563799
v 0.3129518100000000 0.0024678200000000 0.0089301900000000
vn -2.9797254056605684 3.5160156440930037 0.8609853061728343
v 0.3128664300000000 0.0024701400000000 0.0079143800000000
vn -2.4284557566931433 3.5168430160288651 1.9291282713519158
v 0.3123990600000000 0.0024701700000000 0.0070079100000000
vn -1.5095473243431856 3.5194200688646422 2.7058408297148366
v 0.3116208000000000 0.0024679100000000 0.0063501400000000
vn -0.3640620188236255 3.5239670638130978 3.0713980686762277
v 0.3106486300000000 0.0024637000000000 0.0060401000000000
vn 0.8338299205927566 3.5306777026530152 2.9706111429654900
v 0.3096328200000000 0.0024581800000000 0.0061254700000000
vn 1.9017329384377066 3.5371619309923843 2.4196660453146599
v 0.3087274200000000 0.0024522000000000 0.0065929500000000
vn 2.6777707461375790 3.5455506242278743 1.4999058124254188
v 0.3080685100000000 0.0024466600000000 0.0073721300000000
vn 3.0440174193605447 3.5472666999714408 0.3557370370558477
v 0.3077596400000000 0.0024424100000000 0.0083433800000000
vn 2.9424784627900120 3.5533165478197208 -0.8413907073015052
v 0.3078439800000000 0.0024400900000000 0.0093590800000000
vn 2.3910632933641955 3.5514951478172252 -1.9111192818393066
v 0.3083124000000000 0.0024400600000000 0.0102656700000000
vn 1.4730918247349953 3.5493899620979934 -2.6865226270759628
v 0.3090906500000000 0.0024423200000000 0.0109234300000000
vn 0.3271359140435388 3.5466759557653722 -3.0514557294398008
v 0.3122062800000000 0.0024893400000000 -0.0004150000000000
vn -0.8709366351324387 3.5355174680816797 -2.9520539080267523
v 0.3130447000000000 0.0024939000000000 -0.0004865200000000
vn -1.9383715899355916 3.5328956494455346 -2.3995614829450913
v 0.3137936500000000 0.0024988400000000 -0.0008721300000000
vn -2.7148550454464679 3.5221643639384186 -1.4819861232044029
v 0.3143366600000000 0.0025034200000000 -0.0015161300000000
vn -3.0794495109427040 3.5215885182374662 -0.3359587058130870
v 0.3145936100000000 0.0025069300000000 -0.0023185000000000
vn -2.9799650394585733 3.5141547450022950 0.8621528617739035
v 0.3145220700000000 0.0025088400000000 -0.0031569300000000
vn -2.4274833555213133 3.5185770350731609 1.9294997540935570
v 0.3141364600000000 0.0025088700000000 -0.0039058900000000
vn -1.5103313111934689 3.5168146593609713 2.7062886801059487
v 0.3134924600000000 0.0025070000000000 -0.0044489200000000
vn -0.3646757249548673 3.5264283278392146 3.0705850189189521
v 0.3126911400000000 0.0025035300000000 -0.0047057600000000
vn 0.8338055951564842 3.5285365283504802 2.9712881190780580
v 0.3118516700000000 0.0024989700000000 -0.0046343600000000
vn 1.9015347591578391 3.5397513265277549 2.4187684211552130
v 0.3111027300000000 0.0024940200000000 -0.0042487500000000
vn 2.6788961306444499 3.5431112189363261 1.4997932332183423
v 0.3105597100000000 0.0024894500000000 -0.0036047500000000
vn 3.0434133959733498 3.5490853740582713 0.3560500308821551
v 0.3103039300000000 0.0024859400000000 -0.0028033100000000
vn 2.9434823604710081 3.5510731484477516 -0.8406221197620738
v 0.3103743000000000 0.0024840200000000 -0.0019639500000000
vn 2.3906853483779349 3.5540910863341031 -1.9102878926595741
v 0.3107599100000000 0.0024839900000000 -0.0012149900000000
vn 1.4732208100039206 3.5472288676244594 -2.6872034427117706
v 0.3114039200000000 0.0024858700000000 -0.0006719600000000
vn -2.4550784386076541 -0.0179486029724460 1.8839936912648709
v 0.2968044400000000 0.0014694700000000 0.0316972900000000
vn -2.3179147824055555 1.0239319347297711 1.9463300972875937
v 0.2968683700000000 0.0017845100000000 0.0316896700000000
vn -1.7985716477577283 1.9766532349710983 2.1116141598087124
v 0.2970623200000000 0.0020655300000000 0.0316669700000000
vn -0.9147109939673156 -2.7358516104370021 2.3683734166488835
v 0.2973680100000000 0.0006885300000000 0.0316270600000000
vn -1.8443526951145763 -1.7706865286766622 -4.1690306936856825
v 0.2934617500000000 0.0011629400000000 -0.0230041200000000
vn -0.5761042207883657 -2.9302805796216500 -3.4506971129349369
v 0.2939335500000000 0.0008274300000000 -0.0229519100000000
vn -0.5331631085667362 2.9774264770452850 -3.4546863244844719
v 0.2939254800000000 0.0023786800000000 -0.0229477000000000
vn -1.4738049353997549 2.2877121324058001 -4.1706522730891313
v 0.2935981500000000 0.0021781700000000 -0.0229853500000000
vn -2.2564027864485769 0.6602282431706906 -4.4865451235184164
v 0.2933421700000000 0.0017878000000000 -0.0230155400000000
vn -1.5049138699495419 2.8750206139720236 3.1923154890304861
v 0.3108389300000000 0.0024539500000000 -0.0144050100000000
vn -2.5026784831664917 2.2200557268854979 2.9071307660557655
v 0.3105606700000000 0.0022673600000000 -0.0144370700000000
vn -3.4184793527663162 -0.0250529655934855 2.6336143007367170
v 0.3103128200000000 0.0016652100000000 -0.0144670700000000
vn -3.1697231000828721 -1.2459197749017406 2.6964722999627373
v 0.3103793400000000 0.0013424400000000 -0.0144606200000000
vn -2.4794244105683618 -2.2617202746940923 2.8949416288694878
v 0.3105669200000000 0.0010655200000000 -0.0144403400000000
vn -1.4748088949978559 -2.9073935387659953 3.1766732735697518
v 0.3108471000000000 0.0008816600000000 -0.0144092900000000
vn -1.4314838374641776 -2.5866486798699193 1.7485598805869949
v 0.2888140500000000 0.0007843600000000 -0.0168993600000000
vn -2.0649894860589715 -1.2472892307117114 0.8869771960001488
v 0.2883818000000000 0.0010694600000000 -0.0169472800000000
vn -2.1934979989141521 0.2542107760540970 0.6834508375240664
v 0.2882103200000000 0.0016900100000000 -0.0169645900000000
vn -2.0604453426255138 1.7092607569402696 1.1767008774644783
v 0.2884797000000000 0.0021351000000000 -0.0169326800000000
vn -1.4139236511456754 2.6291988164666042 1.8463424878235002
v 0.2888059900000000 0.0023356000000000 -0.0168951500000000
vn 0.8039076654881736 3.0067397989298081 -2.7855581759339501
v 0.0276318600000000 0.0266909600000000 -0.0093226500000000
vn -0.6723112685788811 -2.9910041486248460 -2.1956468598153411
v 0.0279076100000000 -0.0263271500000000 -0.0094667600000000
vn -1.3024029956304053 1.5709304500755583 -2.5314708865039988
v 0.0269625500000000 -0.0253856400000000 -0.0095704400000000
vn -1.0359528895745473 2.1203194251709605 -5.2750931483891081
v -0.0891605000000000 0.0188130000000000 -0.0189124600000000
vn -0.7115057280728734 2.0512943311111185 -2.2725634577034484
v -0.0796375300000000 0.0215676800000000 -0.0194371200000000
vn -0.5925802349551955 2.0416408301609685 -2.3113814142133369
v -0.0797713500000000 0.0228088500000000 -0.0182693300000000
vn -1.2178303459188915 2.9182369376598793 -2.9533607776882964
v -0.0890057300000000 0.0206273100000000 -0.0174178400000000
vn -0.8848627036595873 1.9315516563643493 -2.3131695077573857
v -0.0916483000000000 0.0198925100000000 -0.0169827900000000
vn -0.9481933408804294 1.9094151187866322 -2.3074663207368480
v -0.0914485700000000 0.0179805500000000 -0.0186579700000000
vn -1.3721638025497160 1.8836945333575588 -5.2719437066547084
v -0.0987065500000000 0.0153410800000000 -0.0178526200000000
vn -1.8992336787139774 4.3626389742534757 -2.7267215174750548
v -0.0978979300000000 0.0181533100000000 -0.0159546100000000
vn -1.1662106374768322 1.7577736949825051 -2.3267650492848810
v -0.1033140900000000 0.0166614900000000 -0.0145147400000000
vn -1.2045228692131973 1.8030513503748520 -2.2729585580620988
v -0.1030042700000000 0.0135685100000000 -0.0170752900000000
vn -1.7552562471827713 1.8731062604864872 -5.1245845313469749
v -0.1060772400000000 0.0123017700000000 -0.0165201100000000
vn -1.9252603348077286 4.2296078993602553 -2.7847789467393858
v -0.1050806500000000 0.0161742700000000 -0.0140444900000000
vn -2.1775071150594383 4.7958304369913689 -2.3189045829571691
v -0.1109769900000000 0.0145655300000000 -0.0119401200000000
vn -0.6301110202703872 0.8391507535949656 -0.9024330530198030
v -0.1148234200000000 0.0135263000000000 -0.0102207600000000
vn -1.4673677787423500 1.4853569280030379 -2.3474645544386719
v -0.1143178300000000 0.0084129300000000 -0.0144541200000000
vn -2.0499418036800869 1.4732002429445126 -5.3869681459074910
v -0.1120811900000000 0.0095492600000000 -0.0150915200000000
vn -2.3370423563087206 1.5792584712567552 -5.1976836957051971
v -0.1167684600000000 0.0071669300000000 -0.0137554700000000
vn -2.3137274797252676 4.3245291534302490 -2.5314399359021853
v -0.1158248100000000 0.0132567600000000 -0.0097734800000000
vn -3.8895854035851292 3.0047084879654307 -0.5225549687211151
v -0.1264416600000000 0.0104957400000000 -0.0012658800000000
vn -1.7784171997621874 2.5398601459334982 -0.8320452551624311
v -0.1262831300000000 0.0102161900000000 -0.0026564700000000
vn -4.6529601769434983 2.3729360773383577 -1.5249603166471379
v -0.1261291400000000 0.0097628300000000 -0.0039994300000000
vn -1.7240286920592500 2.2573512693124425 -1.4990624989869983
v -0.1259818300000000 0.0091419100000000 -0.0052759100000000
vn -4.5128167234339793 2.0791076263307584 -2.1173992450937145
v -0.1258437500000000 0.0083617900000000 -0.0064639400000000
vn -1.5859405315019091 1.9043734052546628 -2.0376675454652986
v -0.1257172100000000 0.0074381800000000 -0.0075435900000000
vn -4.4204472785720803 1.6361217212063233 -2.5962488165056570
v -0.1256041700000000 0.0063836600000000 -0.0084981100000000
vn -1.5430863345577541 1.3909466542077449 -2.4445343362030512
v -0.1255063700000000 0.0052129100000000 -0.0093128100000000
vn -4.4505109690746991 1.0709184530914606 -2.8993244488235081
v -0.1254254500000000 0.0039490400000000 -0.0099740400000000
vn -1.6017378024534941 0.7398837295840817 -2.6845378023172457
v -0.1253628200000000 0.0026109600000000 -0.0104702400000000
vn -4.1377467414643556 0.1675821329021514 -3.2817894144609285
v -0.1253195400000000 0.0012196800000000 -0.0107929800000000
vn -2.6298175264202275 0.8788101323127898 -5.5143324514140115
v -0.1233729500000000 0.0030788400000000 -0.0115285500000000
vn -2.5078204087688061 1.2548599207955919 -5.3672169490844528
v -0.1204865900000000 0.0050426000000000 -0.0125526400000000
vn -0.3713489034620850 2.8158693656206277 -4.4032123950354451
v -0.0689562800000000 0.0236867200000000 -0.0196963700000000
vn -0.2964353870394058 2.1256747192275216 -2.2930215526364743
v -0.0674972800000000 0.0239067900000000 -0.0196547000000000
vn -0.2527558069891492 2.1254522565963372 -2.2996456980415863
v -0.0675808000000000 0.0246517000000000 -0.0189573500000000
vn -0.8000240141962403 4.9859432185337536 -2.4842549994808518
v -0.0689265000000000 0.0245057400000000 -0.0189457300000000
vn -0.5888498648640401 1.9795618186622310 -2.9131377146663322
v -0.0790475800000000 0.0229801300000000 -0.0183363200000000
vn -0.7141499702417609 2.1439941530211231 -5.3581603346489537
v -0.0792767000000000 0.0216717000000000 -0.0194574300000000
vn 2.4496877204136709 1.1718146233844260 -2.3524596935429303
v -0.0551409500000000 0.0257852300000000 -0.0187934300000000
vn -0.5082177786927488 5.2305428660505955 -2.3463763739284929
v -0.0620778900000000 0.0252519300000000 -0.0190082000000000
vn 0.0377400989460222 2.1180374082676723 -5.3852368887752755
v -0.0620326600000000 0.0247325400000000 -0.0194983600000000
vn -4.1359441983878442 -0.1930577300956735 -3.2828157446962369
v -0.1253005000000000 -0.0024405900000000 -0.0108029300000000
vn -1.5821804197838092 -0.7539116569023983 -2.6913228813058159
v -0.1253293100000000 -0.0038329300000000 -0.0104877500000000
vn -4.4143130454054891 -1.1100598932316998 -2.9147584608768842
v -0.1253778900000000 -0.0051721600000000 -0.0099998800000000
vn -1.5161121273683364 -1.3818442654570922 -2.4665953137908456
v -0.1254455200000000 -0.0064403700000000 -0.0093465800000000
vn -4.4085367308052819 -1.6682520409620274 -2.6010352471867986
v -0.1255311200000000 -0.0076154400000000 -0.0085382500000000
vn -1.5719094624679268 -1.9029510667766050 -2.0510345644353505
v -0.1256330400000000 -0.0086773000000000 -0.0075905300000000
vn -4.4967345727665231 -2.1152345739896576 -2.1228746340493831
v -0.1257499300000000 -0.0096080300000000 -0.0065159200000000
vn -1.6985870463559232 -2.2670994982678958 -1.5126474633797113
v -0.1258799700000000 -0.0103970500000000 -0.0053311100000000
vn -4.6245277556065414 -2.4142639166511537 -1.5399435218379316
v -0.1260207700000000 -0.0110274500000000 -0.0040580300000000
vn -1.7541692321568005 -2.5521570867475409 -0.8472315853937715
v -0.1261701100000000 -0.0114907300000000 -0.0027165200000000
vn -3.8570217363881580 -3.0423951410893890 -0.5385465381081536
v -0.1263258000000000 -0.0117794800000000 -0.0013264200000000
vn -2.5840003627337738 -5.3695738141313747 -1.2364738962353701
v -0.1249816800000000 -0.0120730500000000 -0.0034229800000000
vn -2.4925267086248879 -5.1686330010797743 -1.6857683116103532
v -0.1225990600000000 -0.0126450400000000 -0.0056435200000000
vn -2.2713646878172464 -4.6012712383500363 -2.4015950247212987
v -0.1155226300000000 -0.0144236400000000 -0.0099272200000000
vn -1.4603004330444449 -1.8550984546063121 -2.0720748390392894
v -0.1146773700000000 -0.0146402800000000 -0.0103026700000000
vn -1.4536327127189754 -1.4849295946007464 -2.3561300684194166
v -0.1142237500000000 -0.0094979600000000 -0.0145016400000000
vn -2.3688037219370499 -1.9081378864619329 -4.8439489983834871
v -0.1166484600000000 -0.0083032000000000 -0.0138099900000000
vn -2.4967735989994173 -1.2528675769888085 -5.3718690926872892
v -0.1204303100000000 -0.0062023700000000 -0.0125824000000000
vn -2.6429538382472835 -0.9481666013266604 -5.4786111323499327
v -0.1233258300000000 -0.0042816400000000 -0.0115518000000000
vn -2.0236042072224047 -1.4459815839475538 -5.3948583998872710
v -0.1118723700000000 -0.0106573800000000 -0.0151739100000000
vn -2.1242841297797717 -4.8023783966466134 -2.3472909648644422
v -0.1107299100000000 -0.0156537400000000 -0.0120587000000000
vn -1.8782964721701458 -4.2304196645390295 -2.8070756891603756
v -0.1048840700000000 -0.0171721300000000 -0.0141431000000000
vn -1.1539993614692285 -1.7496914045056713 -2.3396901726895885
v -0.1031366600000000 -0.0176311600000000 -0.0146091200000000
vn -1.1746445085489783 -1.8162064498566448 -2.2782289056584681
v -0.1028581700000000 -0.0145223100000000 -0.0171516400000000
vn -1.7310503276903491 -1.8496862480515164 -5.1349204677327061
v -0.1059614900000000 -0.0132833700000000 -0.0165863100000000
vn -1.4115264857030572 -1.7308264170893637 -5.3667694929579763
v -0.0985703400000000 -0.0162344100000000 -0.0179341900000000
vn -1.8170704655645895 -4.8294337600838446 -2.4776576737728662
v -0.0977238300000000 -0.0190535600000000 -0.0160526400000000
vn -0.8648782465702494 -1.9279334527223555 -2.3235475340355656
v -0.0914370300000000 -0.0207282500000000 -0.0170932000000000
vn -0.9163651198541415 -1.9081622716489002 -2.3214912203771267
v -0.0912572400000000 -0.0188052400000000 -0.0187579500000000
vn -1.0158704920231445 -2.1042779249057109 -5.2863242575705964
v -0.0889606500000000 -0.0196124500000000 -0.0190169000000000
vn -1.4426298805878135 -3.8873273376031081 -3.0013419957598328
v -0.0887869700000000 -0.0214331500000000 -0.0175321700000000
vn -0.5549511142352992 -2.0204392688325186 -2.3392927345861882
v -0.0795304300000000 -0.0235138500000000 -0.0183952400000000
vn -0.5892078210131568 -2.1237097692754716 -2.2389332509135986
v -0.0794095600000000 -0.0222650300000000 -0.0195562600000000
vn -0.5007720775241991 -4.1031351871614854 -2.9903032050791487
v -0.0686685300000000 -0.0250941500000000 -0.0190805500000000
vn -0.2676760143469218 -2.1027407086465244 -2.3180362975180957
v -0.0673213800000000 -0.0252260300000000 -0.0190929200000000
vn -0.2284516929538056 -2.1161042853695435 -2.3104043709532989
v -0.0672466800000000 -0.0244765200000000 -0.0197863200000000
vn -0.4026286951911074 -2.2495562562033733 -5.2468640828332260
v -0.0687078900000000 -0.0242714200000000 -0.0198268500000000
vn -0.8977439156427465 -2.9455011212500826 -2.5370871275245426
v -0.0790476600000000 -0.0223651800000000 -0.0195771300000000
vn -0.5683185263891400 -1.9697701691189327 -2.9238872109517757
v -0.0788049200000000 -0.0236772300000000 -0.0184631400000000
vn 2.1400483531146364 -2.5580680737650749 -0.8670109255541942
v -0.0548936300000000 -0.0264558600000000 -0.0187196400000000
vn -0.2108452498313561 -3.0287291370093539 -3.2184842860406064
v -0.0617727200000000 -0.0252462200000000 -0.0196342000000000
vn -0.3242248129375841 -4.5500596500459913 -2.8451255206804986
v -0.0618125300000000 -0.0257687100000000 -0.0191468800000000
vn -2.1744943014683460 -2.1194558384000244 4.9096661650938636
v -0.0941881100000000 -0.0197653800000000 0.0272434600000000
vn -1.1808837331986934 -2.0605579801095231 2.0586883622288563
v -0.0849962600000000 -0.0224284700000000 0.0298832200000000
vn -1.0737498666070260 -2.0498148182588860 2.1230381856327751
v -0.0848540800000000 -0.0236696000000000 0.0287163700000000
vn -2.0731025145811683 -3.9035797694206611 2.5788653029302671
v -0.0936861500000000 -0.0215764700000000 0.0258230700000000
vn -1.3612686927349518 -1.9408441481881666 2.0603932271244583
v -0.0961709100000000 -0.0208667700000000 0.0248085400000000
vn -1.4226004512688344 -1.9181833975371623 2.0413237740245638
v -0.0963683200000000 -0.0189537400000000 0.0264818700000000
vn -2.5762838414342655 -1.9953598947377356 4.8151510542865736
v -0.1035064200000000 -0.0162972100000000 0.0239915500000000
vn -2.4192589268342970 -4.3774916174187330 2.2435579847652920
v -0.1020801800000000 -0.0191775700000000 0.0223956300000000
vn -1.6395151656723927 -1.7719763413305931 2.0100582370952060
v -0.1070233500000000 -0.0177448900000000 0.0197955500000000
vn -1.6669138389425946 -1.8138313801660868 1.9492175422294493
v -0.1073225900000000 -0.0146518600000000 0.0223562300000000
vn -2.9301232518080416 -2.0142209736292216 4.5910594556697326
v -0.1104595200000000 -0.0132995000000000 0.0210117100000000
vn -2.4546418634138947 -4.2526091941200672 2.2846771023584260
v -0.1086609500000000 -0.0172711500000000 0.0189331700000000
vn -2.5925413723608823 -4.8190686026059124 1.7783016847418034
v -0.1139333800000000 -0.0157234200000000 0.0155771100000000
vn -1.8901515240893045 -1.8675801761866921 1.6750832195415262
v -0.1173140500000000 -0.0147174400000000 0.0130399200000000
vn -1.9418313333649431 -1.5001937596558652 1.9620249313180469
v -0.1178152100000000 -0.0096040600000000 0.0172716500000000
vn -3.2569879877108350 -1.6046015259682749 4.7668744796682994
v -0.1158856900000000 -0.0106577600000000 0.0183313900000000
vn -3.4770158702570431 -1.6919265585358738 4.5297733421142912
v -0.1201836900000000 -0.0083099200000000 0.0159714000000000
vn -2.7909948481923239 -4.3452878208835388 1.9737493370081403
v -0.1181509600000000 -0.0144685600000000 0.0124123700000000
vn -2.7923280437344231 -4.9432441576894393 1.4244309252176814
v -0.1214793800000000 -0.0134639800000000 0.0094660000000000
vn -3.8785279890567734 -3.0427035799590270 -0.3548434190973400
v -0.1266692100000000 -0.0117895300000000 0.0017125600000000
vn -1.8901750804870106 -2.5612668087746369 0.4170465578296491
v -0.1268278600000000 -0.0115099800000000 0.0031042000000000
vn -4.8529576315705549 -2.4186609271170245 0.4523871524439740
v -0.1269819800000000 -0.0110555700000000 0.0044482100000000
vn -1.9926440229394795 -2.2750711892000171 1.0801555826420453
v -0.1271292900000000 -0.0104336000000000 0.0057246900000000
vn -4.6708503820703715 -1.9475826598140726 0.9149194912528384
v -0.1272675000000000 -0.0096524300000000 0.0069137700000000
vn -1.9829418599954227 -1.9210257517833618 1.6355008923769776
v -0.1273940400000000 -0.0087288200000000 0.0079934200000000
vn -4.8724206709414313 -1.6804740102048747 1.5461020711413409
v -0.1275069600000000 -0.0076732400000000 0.0089469000000000
vn -2.0371527284698674 -1.4087597629640882 2.0397575548558184
v -0.1276047600000000 -0.0065035400000000 0.0097616000000000
vn -4.9755458663458718 -1.1152102529567067 1.8340383818308625
v -0.1276855600000000 -0.0052396700000000 0.0104217800000000
vn -2.1542684542364343 -0.7588824781940724 2.2587877745128422
v -0.1277480500000000 -0.0039036900000000 0.0109169200000000
vn -4.7529263810173141 -0.2066383598339238 2.2833415007056321
v -0.1277913300000000 -0.0025134600000000 0.0112396600000000
vn -3.7981527305145089 -0.9362307405438797 4.7830538885890723
v -0.1260729000000000 -0.0043262200000000 0.0123726000000000
vn -1.3176643487852815 -2.8242634517856504 4.2118879214834593
v -0.0746233500000000 -0.0244444800000000 0.0325219500000000
vn -0.7800984751248407 -2.1313395104616499 2.1709960181976879
v -0.0731897900000000 -0.0246503900000000 0.0328071800000000
vn -0.7389801015462226 -2.1306767299428602 2.1872156763155814
v -0.0731073200000000 -0.0253953000000000 0.0321097100000000
vn -1.2859828948636873 -4.9967290088425020 2.2480609030648644
v -0.0744178300000000 -0.0252623400000000 0.0317979000000000
vn -1.2050764536768532 -1.9886887389344030 2.7105218152535486
v -0.0841618900000000 -0.0238339500000000 0.0289433800000000
vn -1.8758122995992683 -2.1512460505181394 5.0646793197878370
v -0.0846480700000000 -0.0225290200000000 0.0299836600000000
vn 1.8742829762473561 -1.1508944913593857 2.8410513406049773
v -0.0609341700000000 -0.0264088100000000 0.0347264100000000
vn -0.9683799258068670 -5.2377389390206162 2.1795337010631695
v -0.0677490200000000 -0.0259423800000000 0.0333880600000000
vn -1.1442132526204458 -2.1233770594405659 5.2601382119590623
v -0.0678193500000000 -0.0254231100000000 0.0338753900000000
vn -4.7535515528139456 0.1452437700565948 2.2849412199267163
v -0.1278103700000000 0.0011468100000000 0.0112496100000000
vn -2.1504270191985402 0.7357161880913834 2.2694836992656340
v -0.1277815700000000 0.0025402000000000 0.0109344400000000
vn -4.9642693287109365 1.0650907490820742 1.8544028812308797
v -0.1277328800000000 0.0038815400000000 0.0104455200000000
vn -2.0413768401630525 1.3646557216188797 2.0638320096764184
v -0.1276651300000000 0.0051497600000000 0.0097911800000000
vn -4.8936239978759968 1.6237724272921308 1.5497568083147253
v -0.1275795300000000 0.0063258700000000 0.0089828600000000
vn -2.0054694461776106 1.8886676942510590 1.6449640510844472
v -0.1274775000000000 0.0073866800000000 0.0080340900000000
vn -4.8769859938449738 2.0686090677680680 1.0656935851065650
v -0.1273606000000000 0.0083174100000000 0.0069594700000000
vn -2.0168220759390598 2.2482727355708239 1.0910531820369125
v -0.1272305600000000 0.0091053800000000 0.0057746600000000
vn -4.8781486971441623 2.3662040281521493 0.4637554991891050
v -0.1270898700000000 0.0097347200000000 0.0045026200000000
vn -1.9211393591642472 2.5356565777674227 0.4307768819782347
v -0.1269406400000000 0.0101969500000000 0.0031621500000000
vn -3.9101824726396202 3.0041105177978249 -0.3389527512701281
v -0.1267850700000000 0.0104857000000000 0.0017731100000000
vn -2.8476369526357508 5.3418535526054631 0.6233875476407371
v -0.1259258700000000 0.0107971800000000 0.0041546300000000
vn -2.8538531877391051 5.1553916847179249 1.0609106384167319
v -0.1242218200000000 0.0113518200000000 0.0066918900000000
vn -2.8003985367432462 4.5794099947043314 1.8262540826584908
v -0.1183364300000000 0.0131822300000000 0.0124531600000000
vn -1.9044662809416733 1.8423795089996438 1.6867503576530061
v -0.1174603100000000 0.0134491500000000 0.0131143900000000
vn -0.8594373463524981 0.6533759538243544 0.8966743044170520
v -0.1179083700000000 0.0083078900000000 0.0173203400000000
vn -3.4675834941042618 1.9708668128641136 4.1839308268037607
v -0.1201423400000000 0.0070672300000000 0.0160830400000000
vn -3.6764853608442261 1.2933167980685030 4.6608116531187189
v -0.1234958200000000 0.0049545900000000 0.0140681800000000
vn -3.8177733829644325 0.9442302523132281 4.7452947262277103
v -0.1260783800000000 0.0029996900000000 0.0124131400000000
vn -3.2627913470308654 1.5528937599491621 4.7763428015664893
v -0.1158732800000000 0.0094373200000000 0.0184479400000000
vn -2.6422263505796120 4.7819132514291578 1.8040572210225221
v -0.1140963600000000 0.0144743000000000 0.0156553500000000
vn -2.4998694490271789 4.2130935771054929 2.3101215753755384
v -0.1088184300000000 0.0160649200000000 0.0190329900000000
vn -1.6637140047453456 1.7365716357289036 2.0205913607486612
v -0.1072017100000000 0.0165477600000000 0.0198887600000000
vn -1.6706295904245572 1.8025205725526363 1.9561916760404903
v -0.1074688100000000 0.0134379000000000 0.0224336300000000
vn -2.2183634557733916 1.9869238726550720 3.0670806109045783
v -0.1103403900000000 0.0121770800000000 0.0211973000000000
vn -2.6665296134543865 1.8221503392304752 4.8908691764507104
v -0.1034563200000000 0.0152011300000000 0.0241617100000000
vn -2.3704301978340103 4.8097553764571677 2.0035366952309488
v -0.1022445300000000 0.0180261500000000 0.0225106400000000
vn -1.3801609905829708 1.9170572993361916 2.0699423952996630
v -0.0963832200000000 0.0197539900000000 0.0249188300000000
vn -1.4295904847988570 1.8968650108743095 2.0563180891224877
v -0.0965609200000000 0.0178309900000000 0.0265838200000000
vn -2.1948513660962483 2.0704372318315358 4.9220811887510134
v -0.0943879600000000 0.0186600700000000 0.0273479100000000
vn -2.1134382410127519 3.8700003987291414 2.5994301309447643
v -0.0939049100000000 0.0204839800000000 0.0259373900000000
vn -1.0825290690900746 2.0124405161974219 2.1542259800223871
v -0.0850950000000000 0.0226531000000000 0.0288422800000000
vn -1.0945153859205234 2.1154769826051831 2.0486327257317107
v -0.0852242400000000 0.0214042400000000 0.0300023600000000
vn -1.1951458574127976 4.0948529817394652 2.7986284981118161
v -0.0746758000000000 0.0243375500000000 0.0319327200000000
vn -0.7986111793108484 2.0971567837221246 2.1978683575481393
v -0.0733667300000000 0.0244824300000000 0.0322452900000000
vn -0.7587878473067688 2.1109197288403352 2.1991440428417621
v -0.0734403900000000 0.0237329300000000 0.0329388100000000
vn -1.5854261705487753 2.2393207319930237 5.0228339641875257
v -0.0748717300000000 0.0235136700000000 0.0326524200000000
vn -1.4751670332479037 2.9275740478194097 2.2678371052669184
v -0.0848771100000000 0.0215078600000000 0.0301033600000000
vn -1.2256116926122822 1.9612586415059869 2.7212403369478189
v -0.0844045600000000 0.0228234100000000 0.0290702000000000
vn 1.8677038645918869 2.5775812161643046 1.3200580713685426
v -0.0611815400000000 0.0258327100000000 0.0346529800000000
vn -0.9530075246620939 3.0228438630059276 3.0875390985721642
v -0.0680792900000000 0.0245556500000000 0.0340112300000000
vn -0.9946844884195354 4.5416843516376870 2.6971024860033861
v -0.0680143800000000 0.0250782600000000 0.0335267400000000
vn 1.3141874414807604 1.4798214357376138 -3.4795670068170064
v -0.1245104300000000 -0.0027545400000000 -0.0111076200000000
vn 1.3284266333298462 -1.4484805802627756 -3.4882512990869343
v -0.1245327800000000 0.0015434800000000 -0.0110959400000000
vn 0.6778967203870904 -2.5152130894297051 -2.8717280989434131
v -0.1216587900000000 0.0038408800000000 -0.0121468000000000
vn 0.5305379652628340 -2.6300050492057152 -2.8673485210235135
v -0.1178401400000000 0.0061501100000000 -0.0134223900000000
vn 0.5149886972182673 -2.6813084150912148 -2.8949739353737747
v -0.1130040000000000 0.0086786800000000 -0.0148449300000000
vn 0.5134989795047417 -2.7314368602507058 -2.9462743932326769
v -0.1069189200000000 0.0115212500000000 -0.0163392500000000
vn 0.5827270195511114 -2.8084397528851976 -3.0029181336594282
v -0.0992303700000000 0.0147319400000000 -0.0177740200000000
vn 0.0961942475024986 -2.9476137860610674 -3.4181830133063089
v -0.0895379900000000 0.0182879000000000 -0.0188858900000000
vn -0.2025829493441199 3.0778767958026370 -3.1264259593694743
v -0.0841693700000000 -0.0190635800000000 -0.0193248600000000
vn 0.0643845926054756 2.9668324527696939 -3.4020296205244041
v -0.0893435800000000 -0.0190914500000000 -0.0189874900000000
vn 0.5470384660939087 2.8201215546396550 -2.9965895946246377
v -0.0991447300000000 -0.0156156400000000 -0.0178456000000000
vn 0.4828544060836601 2.7431558586351921 -2.9310617478725378
v -0.1068939900000000 -0.0124762900000000 -0.0163829300000000
vn 0.4819982269743113 2.6827090268128653 -2.8779985649761346
v -0.1130013000000000 -0.0097042500000000 -0.0148693900000000
vn 0.5071473688811277 2.6453656468367952 -2.8470019325397167
v -0.1178408500000000 -0.0072400800000000 -0.0134360200000000
vn 0.6549595065187549 2.5348808801206757 -2.8606216804827866
v -0.1216492500000000 -0.0049921900000000 -0.0121579800000000
vn -1.7403163821994778 1.4155656370415499 -4.8816766083568472
v -0.0789714200000000 -0.0190359200000000 -0.0195712000000000
vn -0.0706225593516616 0.0080558354347166 -3.0969696470481232
v -0.0739263000000000 -0.0234263200000000 -0.0197411900000000
vn -0.0705461380300763 0.0080873855669675 -3.0969381122387074
v -0.0741666600000000 0.0227869300000000 -0.0196155800000000
vn -0.1701319116241934 -3.0702562702597280 -3.1469356637450265
v -0.0845289600000000 0.0183152000000000 -0.0192087700000000
vn -0.7600081662163080 -0.0121154100762876 3.0030802633247715
v -0.0796915600000000 -0.0235949800000000 0.0312784400000000
vn -0.3617873179113845 -0.0058750648627881 1.4706962689748657
v -0.0799319200000000 0.0226182700000000 0.0314040500000000
vn 5.0176243240827736 1.5800241567327131 -0.9037072066780324
v -0.0608929000000000 -0.0262545500000000 0.0343545400000000
vn -3.3645758898080627 2.8937330838844826 -1.4357800068977666
v -0.1268066700000000 -0.0076980100000000 0.0027516800000000
vn -3.2573465746568830 2.3599057955518790 -2.3613106780760509
v -0.1270664500000000 -0.0064046400000000 0.0049941900000000
vn -3.1764646120625897 1.5383830478855987 -3.0502602833873764
v -0.1272648300000000 -0.0044158300000000 0.0066634200000000
vn -3.1287137644047318 0.5295801410016699 -3.4183192297129117
v -0.1273774100000000 -0.0019719100000000 0.0075537400000000
vn -3.1231379497387017 -0.5435108965161504 -3.4212370052417560
v -0.1273909400000000 0.0006296400000000 0.0075608100000000
vn -3.1603664300091032 -1.5547263555994664 -3.0586722917014546
v -0.1273038100000000 0.0030794000000000 0.0066837900000000
vn -3.2326811690241342 -2.3808056118311600 -2.3742019141807771
v -0.1271261700000000 0.0050792100000000 0.0050254100000000
vn -3.3343640638271541 -2.9207152792938711 -1.4515721132705925
v -0.1268799300000000 0.0063873900000000 0.0027899600000000
vn -3.5720462428251456 -2.9276567893553311 0.6518200981601474
v -0.1263042000000000 0.0064042300000000 -0.0023049900000000
vn -3.6792431784838255 -2.3938644208414059 1.5773502186498305
v -0.1260444300000000 0.0051108600000000 -0.0045475100000000
vn -3.7620970196351982 -1.5723398695396154 2.2660828547174825
v -0.1258460400000000 0.0031220500000000 -0.0062167400000000
vn -3.8074307100195881 -0.5635272849499472 2.6344161668816906
v -0.1257334600000000 0.0006781300000000 -0.0071070600000000
vn -3.8130045814516529 0.5095624700698009 2.6373332124258133
v -0.1257199300000000 -0.0019234200000000 -0.0071141300000000
vn -3.7781841448592903 1.5207762706478816 2.2744836110779585
v -0.1258070600000000 -0.0043731900000000 -0.0062371100000000
vn -3.7039059208862795 2.3468547097922503 1.5902348344606838
v -0.1259847000000000 -0.0063730000000000 -0.0045787200000000
vn -3.6022636523017324 2.8867521097740494 0.6676339676266503
v -0.1262309400000000 -0.0076811700000000 -0.0023432800000000
vn 4.0618066432056956 -2.0772266707396394 -1.7934091358477717
v -0.0828690100000000 0.0222821000000000 0.0298170400000000
vn 3.3071980180629112 -0.9710986640477468 -2.4887612973507154
v -0.0829146700000000 0.0218113200000000 0.0302413900000000
vn 1.2403217003789311 -2.9904330844814075 -3.5960096274517772
v -0.0747841800000000 0.0233698800000000 0.0322869100000000
vn 0.8357476932185345 -2.1284656342933572 -2.1528227555460822
v -0.0732565900000000 0.0236032700000000 0.0325926900000000
vn 0.8398462308835239 -2.0573600070461535 -2.2203765393172743
v -0.0732062100000000 0.0241226300000000 0.0321150200000000
vn 1.1090183739035782 -3.2122260304213524 -3.0016973637458753
v -0.0746170900000000 0.0239657100000000 0.0317760800000000
vn 1.1104050235302170 -2.0228667947205752 -2.7952870872258395
v -0.0787364900000000 0.0234296700000000 0.0306034300000000
vn 1.1665683859331042 -2.0787420963754588 -5.2751963646509141
v -0.0680146000000000 0.0244075400000000 0.0336420600000000
vn 1.0225008361007411 -5.2108276704840435 -2.2129047909356152
v -0.0679746000000000 0.0247042300000000 0.0333690100000000
vn 3.2956765593548814 1.0204516896408284 -2.4824551410052580
v -0.0826825800000000 -0.0228128000000000 0.0301200900000000
vn 4.0649087000466047 2.1140075299035761 -1.7869056216809516
v -0.0826319200000000 -0.0232807600000000 0.0296921500000000
vn 3.0586064318918056 2.7890241511298570 -0.7542302251007795
v -0.0825803600000000 -0.0237402700000000 0.0292558600000000
vn 1.0738113821737194 3.2359680205069625 -2.9848180476017681
v -0.0743630000000000 -0.0248890700000000 0.0316432800000000
vn 0.8175114281703716 2.0775599415575750 -2.2096526356968376
v -0.0729505500000000 -0.0250331500000000 0.0319814100000000
vn 0.8141875360034345 2.1490889638073858 -2.1405311807468737
v -0.0730063200000000 -0.0245169400000000 0.0324618900000000
vn 0.8202159851205620 2.8301453576929396 -1.7781711748701461
v -0.0745362600000000 -0.0242978000000000 0.0321573400000000
vn 1.5194409739017587 2.7027462264340536 -4.4578194858342357
v -0.0786440000000000 -0.0236270900000000 0.0311573400000000
vn 0.9703232828638466 5.2365178155385319 -2.1850987326955225
v -0.0677131400000000 -0.0255660500000000 0.0332323700000000
vn 1.1459631613661354 2.1238707364239220 -5.2588706284025504
v -0.0677562100000000 -0.0252723400000000 0.0335070300000000
vn 3.5414081948661549 2.1140317763907688 2.6523029959357807
v -0.0771468500000000 -0.0231202900000000 -0.0188479800000000
vn 0.3775694234376697 2.9985050467354775 3.7781026189299558
v -0.0687044700000000 -0.0241271900000000 -0.0194510500000000
vn 0.3137161593338679 2.1341218289108257 2.2826669161564546
v -0.0671449800000000 -0.0243454700000000 -0.0194079400000000
vn 0.3031781354942831 2.0621756722484594 2.3494086390327897
v -0.0671974600000000 -0.0248648400000000 -0.0189305100000000
vn 0.3746170775216058 3.1865584935791702 3.1710695495978665
v -0.0686497300000000 -0.0247219300000000 -0.0189162100000000
vn 0.4420432760508615 2.0481748658989960 2.9768143077515004
v -0.0729320400000000 -0.0242270100000000 -0.0186920400000000
vn -0.0598998207417928 2.0879492610685650 5.3965752035417252
v -0.0617934900000000 -0.0250979000000000 -0.0192600700000000
vn 0.4525980577937462 5.2224151395460279 2.3891091567681864
v -0.0618125800000000 -0.0253934300000000 -0.0189846500000000
vn 2.6691568079684127 -0.9897793056859608 3.1576227859174590
v -0.0773331700000000 0.0219746100000000 -0.0191520800000000
vn 3.5814538641838212 -2.0764801279346585 2.6510894665829787
v -0.0773837000000000 0.0224425700000000 -0.0187251800000000
vn 2.8412203631088491 -2.7612652394284898 1.4195538288055254
v -0.0774353800000000 0.0229020800000000 -0.0182878400000000
vn 0.4071582977812849 -3.2040803306818577 3.1535304497818024
v -0.0689038300000000 0.0241328500000000 -0.0187834200000000
vn 0.3237597006168401 -2.0714257507065668 2.3386773161788095
v -0.0674531200000000 0.0242909400000000 -0.0187969000000000
vn 0.3367148922315411 -2.1433169165274926 2.2707269438356263
v -0.0673952600000000 0.0237747400000000 -0.0192771500000000
vn 0.4299981421841042 -2.8240981120528699 1.9196336293649514
v -0.0689523900000000 0.0235404900000000 -0.0193214900000000
vn 0.5120706034499646 -2.6915869124021579 4.6896128648965920
v -0.0731730300000000 0.0228290300000000 -0.0192627400000000
vn 0.5079165657498813 -5.2252954915115577 2.3556554574015900
v -0.0620740400000000 0.0248768500000000 -0.0188480100000000
vn -0.0369579537682405 -2.1145620002927306 5.3881120392121895
v -0.0620518800000000 0.0245819800000000 -0.0191250400000000
vn 3.8066772314731852 3.0327155300803015 0.6503075207195925
v -0.1254311400000000 -0.0115914600000000 -0.0025782700000000
vn 1.7342592877198331 2.4326354291438053 1.1934818459879559
v -0.1252675800000000 -0.0110877600000000 -0.0040472600000000
vn 4.5501260028614032 2.2642097979998277 1.8683211003535483
v -0.1251148700000000 -0.0103864900000000 -0.0054289100000000
vn 1.6110588585170378 2.0638334238227318 1.8631255729627632
v -0.1249761800000000 -0.0095098600000000 -0.0066940000000000
vn 4.4008712569254254 1.8706777284257450 2.4352535576668011
v -0.1248542500000000 -0.0084800400000000 -0.0078175000000000
vn 1.5299157873719715 1.5720936953516849 2.3475372017771443
v -0.1247488400000000 -0.0072938700000000 -0.0088014800000000
vn 4.3889810309195854 1.2884168216843268 2.8387468646855245
v -0.1246624700000000 -0.0059703700000000 -0.0096230000000000
vn 1.5734127555065904 0.9246310786152103 2.6487876874841572
v -0.1245976700000000 -0.0045464600000000 -0.0102581000000000
vn 4.0657874532887863 0.2602578375942612 3.2941267193406394
v -0.1245562400000000 -0.0030579700000000 -0.0106890900000000
vn 2.6083580374873230 1.1115785690272453 5.4322559442595413
v -0.1220146700000000 -0.0050470900000000 -0.0116307000000000
vn 2.4515161771033394 1.4515330327154341 5.2762169320969612
v -0.1184255900000000 -0.0071994400000000 -0.0128558900000000
vn 2.2657702102641424 2.0498475889546772 4.7493063281510324
v -0.1136636100000000 -0.0096513700000000 -0.0142969300000000
vn 1.4049078615753048 1.5667216496622767 2.3337451641593394
v -0.1136024200000000 -0.0096794200000000 -0.0143123400000000
vn 0.6295383845711534 0.8300910898356002 0.8979436592433668
v -0.1140165600000000 -0.0144293100000000 -0.0103766400000000
vn 2.3081416482939150 4.5639072089148360 2.4100672048504603
v -0.1165371700000000 -0.0137836200000000 -0.0092062100000000
vn 2.4194923089848466 5.0292847938578191 1.9234139771687671
v -0.1204396700000000 -0.0127995200000000 -0.0069580200000000
vn 1.8988517085460792 1.7656649218828071 5.2142706337597442
v -0.1074818500000000 -0.0124828500000000 -0.0158668600000000
vn 1.1973985946331203 1.7931434271865245 2.2849259814837741
v -0.1023541800000000 -0.0145699500000000 -0.0168576000000000
vn 1.1451889541724767 1.7691801005048922 2.3286810874305663
v -0.1026043500000000 -0.0173896700000000 -0.0145407500000000
vn 1.9098162791351483 4.3187907062278983 2.7554377934166809
v -0.1055320400000000 -0.0166209100000000 -0.0137378900000000
vn 2.1598345903503797 4.8404028040912008 2.2945904259174950
v -0.1116179000000000 -0.0150431700000000 -0.0114908400000000
vn 1.5273509382258896 1.8900181101594555 5.2829101532026108
v -0.0994551600000000 -0.0157489300000000 -0.0174172200000000
vn 0.9328810265681582 1.9030315521435390 2.3192718616709160
v -0.0908839900000000 -0.0187831800000000 -0.0184159700000000
vn 0.8782385365121971 1.9280802975149329 2.3192092701703393
v -0.0910400600000000 -0.0204507800000000 -0.0169722300000000
vn 1.8448320745057716 4.1199372565544090 2.8664860736377218
v -0.0980186500000000 -0.0185937700000000 -0.0157974100000000
vn 1.0539620700996049 2.0414633789025545 5.3229128087045448
v -0.0889337200000000 -0.0194723000000000 -0.0186427000000000
vn 0.8831025094406773 2.3990234066865965 5.0058530224617908
v -0.0840279200000000 -0.0209540600000000 -0.0189617200000000
vn 0.6327003091249841 2.0390065215425826 2.2969252452528144
v -0.0791732100000000 -0.0221847900000000 -0.0191956700000000
vn 0.6327668099855689 2.0560226530129997 2.2931825160629660
v -0.0792743700000000 -0.0232098000000000 -0.0182562100000000
vn 1.3670004758615559 4.7952213956675038 2.5812998975859007
v -0.0839239900000000 -0.0222541900000000 -0.0178570200000000
vn 1.1485132463978807 2.5200789721601664 3.0851499159069098
v -0.0887059500000000 -0.0210721900000000 -0.0173650700000000
vn -1.9841920149307215 1.0619631196097006 2.2595582877269274
v -0.0789973500000000 -0.0222301700000000 -0.0192034800000000
vn -2.2738135597873432 1.9641127062833321 1.9346842945759042
v -0.0790468100000000 -0.0227421100000000 -0.0187436900000000
vn -1.7244991720015288 2.3584876432789619 0.8994192184977343
v -0.0790977200000000 -0.0232467200000000 -0.0182713200000000
vn 4.0648589564136008 -0.2352994769318215 3.2944348713115970
v -0.1245817400000000 0.0018441400000000 -0.0106757700000000
vn 1.5834326707156627 -0.9239374589385283 2.6426086938182225
v -0.1246394300000000 0.0033465700000000 -0.0102303700000000
vn 4.4010789454450849 -1.2599429505440018 2.8315086683661113
v -0.1247185000000000 0.0047568000000000 -0.0095917500000000
vn 1.5452041278052988 -1.5684390987512571 2.3389040683318818
v -0.1248175800000000 0.0060590800000000 -0.0087714600000000
vn 4.4304226673088447 -1.8264086068869245 2.4290046634605442
v -0.1249355500000000 0.0072429200000000 -0.0077789400000000
vn 1.6494208444500988 -2.0610138338828632 1.8354886606526293
v -0.1250714700000000 0.0082883500000000 -0.0066215700000000
vn 4.5747431634180709 -2.2305575104417370 1.8489320484281777
v -0.1252207800000000 0.0091597200000000 -0.0053381300000000
vn 1.7590006514804268 -2.4235849539670236 1.1735467025400834
v -0.1253797500000000 0.0098424000000000 -0.0039610900000000
vn 3.8389344947881456 -2.9966036229571289 0.6325773769672698
v -0.1255451200000000 0.0103238400000000 -0.0025187000000000
vn 2.5727978969940577 -5.2374262431390068 1.5018140251349295
v -0.1235408100000000 0.0108284800000000 -0.0046810000000000
vn 2.3525688390724935 -4.7250721815012042 2.2572293234857184
v -0.1167273700000000 0.0126303700000000 -0.0091075500000000
vn 1.4909553247540133 -1.8599235845711348 2.0455210870598544
v -0.1141609000000000 0.0133226300000000 -0.0103012100000000
vn 1.4200206858968139 -1.5585815645140153 2.3252206468667036
v -0.1136977100000000 0.0085966500000000 -0.0142605800000000
vn 2.2692797724308802 -1.8940676366561171 4.9010877282281573
v -0.1138489700000000 0.0085252500000000 -0.0142217700000000
vn 2.4592826520530853 -1.4341787370741195 5.2746866424287528
v -0.1185483600000000 0.0060300200000000 -0.0128016700000000
vn 2.6166949714342560 -1.0942938215205609 5.4321780352193318
v -0.1220842000000000 0.0038498000000000 -0.0115975000000000
vn 2.2128605174586129 -4.8304492978486842 2.2687443379140504
v -0.1118119900000000 0.0139556000000000 -0.0113946600000000
vn 1.9538877021004146 -4.3144989110774175 2.7291807192161199
v -0.1057216800000000 0.0156152000000000 -0.0136432200000000
vn 1.1775383008383433 -1.7619917402796275 2.3187548048285196
v -0.1027803300000000 0.0164241300000000 -0.0144478000000000
vn 1.2017978729576155 -1.8123047530750251 2.2674596460961851
v -0.1025008000000000 0.0136198000000000 -0.0167809800000000
vn 1.9055734982841626 -1.7259209598552601 5.2124021079078195
v -0.1077214000000000 0.0114218800000000 -0.0157757200000000
vn 1.8646948997466462 -4.8025172407006647 2.4684017879912545
v -0.0982148700000000 0.0176805200000000 -0.0156975500000000
vn 0.8985195521512546 -1.9294155854968384 2.3097174354073227
v -0.0912484700000000 0.0196195800000000 -0.0168633100000000
vn 0.9442209942643381 -1.9048730951078681 2.3130590047520418
v -0.0910752100000000 0.0179594600000000 -0.0183150600000000
vn 1.6242693039929597 -1.7493035674417068 5.3056800152002079
v -0.0997131700000000 0.0147934400000000 -0.0173189300000000
vn 1.4512732484703901 -3.5284203344868499 3.1001242748080600
v -0.0889209500000000 0.0202663100000000 -0.0172527000000000
vn 0.7148807361054443 -1.8843506238691736 2.9466431707353862
v -0.0841515600000000 0.0215006400000000 -0.0177380900000000
vn 0.6829171683856923 -2.0430846809729699 2.2902828075984032
v -0.0795121400000000 0.0225067200000000 -0.0181319500000000
vn 0.6859194062606024 -2.0423427331322386 2.2786728009208437
v -0.0794003500000000 0.0214879500000000 -0.0190769600000000
vn 0.9080757860505836 -2.4160224726965325 4.9937226288174941
v -0.0842419900000000 0.0202055300000000 -0.0188498500000000
vn 1.0754952794160231 -2.0583375092742342 5.3125899225427853
v -0.0891321100000000 0.0186711000000000 -0.0185390200000000
vn -1.7005908163136070 -2.3824542734982495 0.8855787452176794
v -0.0793358900000000 0.0225455600000000 -0.0181468600000000
vn -2.3475089297303677 -2.0399208244648435 1.9211832187695346
v -0.0792797500000000 0.0220451300000000 -0.0186219500000000
vn -1.9861823411598198 -1.0851511355352355 2.2659273786401894
v -0.0792249700000000 0.0215351900000000 -0.0190845200000000
vn 3.8862763915992198 -2.9949827681209933 0.2202545065041563
v -0.1261905800000000 0.0103049600000000 0.0031932500000000
vn 1.9772585203286126 -2.4180317440569885 -0.7670346987235039
v -0.1263508900000000 0.0098139900000000 0.0046329900000000
vn 4.8735497112810373 -2.2217573815515514 -0.7962184802570123
v -0.1265027100000000 0.0091222200000000 0.0060063000000000
vn 2.0068201739084865 -2.0502177058728512 -1.4498371500921063
v -0.1266429200000000 0.0082423800000000 0.0072849800000000
vn 4.8511557830152094 -1.8258266359200612 -1.3902713997386742
v -0.1267679200000000 0.0071893200000000 0.0084366500000000
vn 2.0293422510030483 -1.5541896230367538 -1.9445110202529863
v -0.1268734200000000 0.0059989400000000 0.0094216700000000
vn 4.9232256182447962 -1.2448730147965472 -1.7861405702581503
v -0.1269590500000000 0.0046912500000000 0.0102359100000000
vn 2.1333859026915913 -0.9079625248139542 -2.2289943911853269
v -0.1270234300000000 0.0032768200000000 0.0108668500000000
vn 4.7010816338862726 -0.2180468525120870 -2.3035109453728912
v -0.1270654800000000 0.0017714700000000 0.0113040800000000
vn 3.7492439889152882 -1.0944846495769156 -4.7244715283624981
v -0.1248184300000000 0.0037840400000000 0.0127858200000000
vn 3.2866009998295320 -2.1296935387902476 -4.1372386352447856
v -0.1173179400000000 0.0084658800000000 0.0172435400000000
vn 1.8984335640782479 -1.5425604232049277 -1.9542111256563206
v -0.1172610800000000 0.0084945100000000 0.0172733600000000
vn 1.9141304006292201 -1.8461842263414916 -1.6726182188340277
v -0.1168324100000000 0.0132444800000000 0.0133403500000000
vn 2.8323902568477708 -4.5335861242866500 -1.8307693657362332
v -0.1190140000000000 0.0125778600000000 0.0116427400000000
vn 3.0095676644509584 -1.8529312656911858 -4.6723079953719511
v -0.1116711700000000 0.0113542000000000 0.0201503000000000
vn 1.6943473845206252 -1.7787298266336005 -1.9578895262080764
v -0.1069124000000000 0.0134907300000000 0.0222594400000000
vn 1.6530678366708040 -1.7553774572289731 -2.0125315259191745
v -0.1066664200000000 0.0163104400000000 0.0199421100000000
vn 2.5169273310298479 -4.2946428015970364 -2.2554147952133898
v -0.1093276100000000 0.0155164200000000 0.0185108000000000
vn 2.6635217081526230 -4.8163742807085645 -1.7492375018475186
v -0.1147420100000000 0.0138824000000000 0.0149650800000000
vn 2.6314516031399426 -1.9119108768443673 -4.8291541381839256
v -0.1042248900000000 0.0146970500000000 0.0234493700000000
vn 1.4453431048668177 -1.8907129928164925 -2.0509428161418830
v -0.0961205700000000 0.0178129100000000 0.0263337900000000
vn 1.3921477659891919 -1.9161982819562307 -2.0627569077533034
v -0.0959666000000000 0.0194815500000000 0.0248898100000000
vn 2.4774601712411495 -4.0994075220116102 -2.3771727913210947
v -0.1024856800000000 0.0175584800000000 0.0221905900000000
vn 2.2642142493216255 -2.0208128335354782 -4.9425789545467804
v -0.0942768500000000 0.0185206000000000 0.0269893100000000
vn 2.0017835894163398 -2.3832452739275252 -4.6806970111839252
v -0.0895805300000000 0.0200493500000000 0.0283935300000000
vn 1.1490383342592236 -2.0303383591932995 -2.0956144087420010
v -0.0849126100000000 0.0213266900000000 0.0297036900000000
vn 1.1492775992226583 -2.0479887081444095 -2.0907573536425148
v -0.0848114500000000 0.0223516900000000 0.0287642400000000
vn 1.9548908211456402 -4.7789409695229708 -2.2058844257457664
v -0.0892452500000000 0.0213516300000000 0.0273384700000000
vn 2.1115294788158554 -3.5086013035909605 -2.7201473145951791
v -0.0937851500000000 0.0201240100000000 0.0257929800000000
vn -1.4195550426856234 -1.0784988006116845 -2.6442736447769692
v -0.0847433700000000 0.0213737500000000 0.0297505100000000
vn -1.4584014609943692 -2.3753923868378566 -1.2582640643755258
v -0.0846430000000000 0.0223903000000000 0.0288183500000000
vn 4.6978971105523364 0.2785060285716621 -2.3022228486442904
v -0.1270399800000000 -0.0031306300000000 0.0112907500000000
vn 2.1244915632870605 0.9406278659945979 -2.2245306704290337
v -0.1269830900000000 -0.0046162400000000 0.0108516700000000
vn 4.9102497889085441 1.3042674481278960 -1.7792246667331042
v -0.1269034900000000 -0.0060359300000000 0.0102088500000000
vn 2.0138063684032992 1.5867573329043778 -1.9368335958374785
v -0.1268033800000000 -0.0073539700000000 0.0093801500000000
vn 4.8321521318823368 1.8830813046491999 -1.3791458130103593
v -0.1266855600000000 -0.0085336100000000 0.0083886900000000
vn 1.9846997405720568 2.0746936987962163 -1.4436743054236856
v -0.1265530700000000 -0.0095559900000000 0.0072606600000000
vn 4.8501536421103415 2.2731400378691076 -0.7912408625658056
v -0.1264053100000000 -0.0104242400000000 0.0059908200000000
vn 1.9566594919839952 2.4378198912456215 -0.7607092197385755
v -0.1262453400000000 -0.0111163600000000 0.0046053800000000
vn 3.8544921956346840 3.0338781155126107 0.2359557320540741
v -0.1260766000000000 -0.0116103400000000 0.0031336900000000
vn 2.7925798464129774 5.2633125135293231 -0.8949808025515320
v -0.1246041900000000 -0.0120974000000000 0.0056827600000000
vn 2.7833197253636719 4.5860978085366702 -1.7955959277666358
v -0.1189337000000000 -0.0138376900000000 0.0115231900000000
vn 0.8136107648097646 0.8347385855793150 -0.7286458027697263
v -0.1166879600000000 -0.0145074700000000 0.0132638800000000
vn 1.8887789723626605 1.5725457248042067 -1.9535763364377203
v -0.1171657900000000 -0.0097815600000000 0.0172215900000000
vn 3.3049743088217989 2.0125312625844929 -4.3139712844409317
v -0.1173042100000000 -0.0097115700000000 0.0171500500000000
vn 3.7391746699824924 1.1564121056660968 -4.7187261054837020
v -0.1247918800000000 -0.0051130700000000 0.0127488200000000
vn 2.6154079271155632 4.8547586345392073 -1.7209244289881636
v -0.1146392400000000 -0.0151178600000000 0.0148522300000000
vn 2.4724725203212006 4.3355617709178089 -2.2299955802007081
v -0.1091887300000000 -0.0167209800000000 0.0184061500000000
vn 1.6481950539515005 1.7758609848430764 -1.9994723836026160
v -0.1064904300000000 -0.0175033600000000 0.0198491600000000
vn 1.6598024411660677 1.8264041893824823 -1.9440901822996104
v -0.1067657800000000 -0.0146990100000000 0.0221828100000000
vn 2.9950089995838050 1.9027568377544497 -4.6654252498622890
v -0.1116493600000000 -0.0125526500000000 0.0200366600000000
vn 2.3219650370083782 4.8230971404936422 -1.9949042717379897
v -0.1023080400000000 -0.0187169400000000 0.0220865000000000
vn 1.3728452986715121 1.9413565467534064 -2.0529307331268085
v -0.0957582000000000 -0.0205888100000000 0.0247809000000000
vn 1.4181612410683737 1.9170613392343894 -2.0455615950035013
v -0.0959293500000000 -0.0189297300000000 0.0262328700000000
vn 2.7048978177771406 1.8782194612226373 -4.8328680881968298
v -0.1041532500000000 -0.0158472900000000 0.0233321300000000
vn 2.0720945164716307 3.5441799180160309 -2.7018018631936820
v -0.0935701400000000 -0.0212144900000000 0.0256806200000000
vn 1.3362093859192232 1.8943225722215875 -2.7148113417618585
v -0.0890176800000000 -0.0224032000000000 0.0272195400000000
vn 1.1561662451489143 2.0513584323344629 -2.0836138579951187
v -0.0845736800000000 -0.0233648300000000 0.0286399800000000
vn 1.1565677659231473 2.0523709923263449 -2.0697514140674818
v -0.0846854600000000 -0.0223460500000000 0.0295849900000000
vn 1.9766546665380804 2.4300791052059889 -4.6666003799799638
v -0.0893664600000000 -0.0211102400000000 0.0282816600000000
vn 2.2436201305582961 2.0713285269300203 -4.9305473404975091
v -0.0940784600000000 -0.0196228100000000 0.0268856300000000
vn -1.4820750229173389 2.3655713935132261 -1.2461348574455156
v -0.0844048300000000 -0.0234019800000000 0.0286938800000000
vn -1.8898017323078706 2.0217079462926097 -2.4028532014570434
v -0.0844609800000000 -0.0229005000000000 0.0291689800000000
vn -1.4397723040488419 1.0693905738615355 -2.6518162705875539
v -0.0845157500000000 -0.0223916100000000 0.0296315500000000
vn 1.0199286036767501 3.2815484211344481 3.5185380692643751
v -0.0893864700000000 -0.0190927100000000 -0.0186078800000000
vn 5.7635907859842037 0.9499100156950151 1.4927052612578162
v -0.1245578100000000 -0.0027559300000000 -0.0106882700000000
vn 2.9318592210379069 2.5445649301350417 3.2885858535899399
v -0.1216916200000000 -0.0049956400000000 -0.0117454800000000
vn 2.5639258159408658 2.8257791790304982 3.2271082916680287
v -0.1178736400000000 -0.0072487100000000 -0.0130330500000000
vn 2.2946338505730219 2.9726056977723103 3.2242742834049865
v -0.1130312900000000 -0.0097128500000000 -0.0144724500000000
vn 1.9711627534158256 3.0624952098878353 3.2439520121200962
v -0.1069277000000000 -0.0124817400000000 -0.0159906500000000
vn 1.6037237039138095 3.0378463149297614 3.2769756996235220
v -0.0991776200000000 -0.0156200200000000 -0.0174606300000000
vn 1.0520435811990563 -3.2876546947963283 3.5007520125234164
v -0.0895808800000000 0.0182866400000000 -0.0185062800000000
vn 1.6459062253064709 -3.1180988936426606 3.2646504624624124
v -0.0992751400000000 0.0147306500000000 -0.0173872000000000
vn 2.0371367409516896 -3.1558652216055387 3.2125000160805195
v -0.1069698500000000 0.0115167600000000 -0.0159446700000000
vn 2.3444136932095860 -3.0123762736472566 3.2012726919174321
v -0.1130493800000000 0.0086773500000000 -0.0144433600000000
vn 2.6022246734500225 -2.8412049347314143 3.2032095967306216
v -0.1178851800000000 0.0061487700000000 -0.0130144200000000
vn 2.9623130781567708 -2.5412098513412413 3.2777474712768542
v -0.1217067500000000 0.0038384500000000 -0.0117317600000000
vn 5.7719803679967159 -0.8994755513383940 1.4884576540000576
v -0.1245801700000000 0.0015421000000000 -0.0106765900000000
vn 0.1601497846891232 3.1523153824745558 3.1454946484065873
v -0.0841341400000000 -0.0190644600000000 -0.0189519400000000
vn 0.1926708007075298 -3.1672108844602276 3.1248833083811189
v -0.0843241000000000 0.0183149200000000 -0.0188504500000000
vn -3.7303563625869214 -3.0059835750843380 -0.4313474432943329
v -0.0831356000000000 0.0000968500000000 0.0164458800000000
vn -3.9333746932550850 -2.4382944023435722 1.3169689759630296
v -0.0830979300000000 -0.0000094100000000 0.0161172200000000
vn -4.0581735934283385 -0.9477995581241910 2.4002816846226551
v -0.0830736600000000 -0.0002897400000000 0.0159146200000000
vn -4.0677072150312199 0.8925551261927177 2.4052391943244924
v -0.0830718600000000 -0.0006370300000000 0.0159136800000000
vn -4.0314721045408959 2.4270638173537500 1.1875488119513529
v -0.0830932000000000 -0.0009186900000000 0.0161147500000000
vn -4.0160599967283304 2.6436032170125419 -1.1890226912038315
v -0.0831460000000000 -0.0010293800000000 0.0165866700000000
vn -3.5641360755901141 1.0796407567413246 -3.1183232971458645
v -0.0831918000000000 -0.0006405400000000 0.0169751300000000
vn -3.4221513889306543 -0.9322827603963932 -3.2494785287909584
v -0.0831936100000000 -0.0002932500000000 0.0169760700000000
vn -3.5363260666203553 -2.4297775972067805 -2.1749484992138224
v -0.0831721400000000 -0.0000115800000000 0.0167739600000000
vn -3.8431121527605381 -2.9221443341277156 -0.6180199790753841
v -0.0811914900000000 -0.0095835700000000 -0.0003368400000000
vn -3.9551945303302576 -2.4473197245763187 1.2929847320891614
v -0.0811538300000000 -0.0096898300000000 -0.0006655000000000
vn -3.9538552195645034 2.3954201613235404 1.3267321570438861
v -0.0811491000000000 -0.0105991100000000 -0.0006679700000000
vn -3.7614296180867690 2.9695633947010873 -0.4151458152424006
v -0.0811856400000000 -0.0107075400000000 -0.0003399000000000
vn -3.5621005166362218 2.4029220088966889 -2.1622151053273391
v -0.0812233100000000 -0.0106012800000000 -0.0000112300000000
vn -3.5185349491855789 0.7748254750371772 -3.2492268449401633
v -0.0812475700000000 -0.0103220000000000 0.0001913600000000
vn -3.8154074159606139 -1.5335771631819026 -2.7600789282594622
v -0.0812452700000000 -0.0098346400000000 0.0001499200000000
vn -3.7976284080178386 -2.6502699646595023 1.0909255676972025
v -0.0801876900000000 0.0159105300000000 -0.0103226400000000
vn -3.9278711916313225 -1.5455867233551359 2.1952566475897783
v -0.0801233900000000 0.0153650800000000 -0.0108679300000000
vn -3.9853847549486927 -0.0272555495592695 2.6022580463591711
v -0.0800968000000000 0.0146153700000000 -0.0110707500000000
vn -3.8271054919105127 2.6040705963061503 1.1040482211718805
v -0.0801741900000000 0.0133153000000000 -0.0103297000000000
vn -3.6579196610292639 3.0165808562601795 -0.4039162994327281
v -0.0802574000000000 0.0131118200000000 -0.0095846200000000
vn -3.4849099743736835 2.6149950556053767 -1.9125286130984227
v -0.0803425900000000 0.0133103700000000 -0.0088394900000000
vn -3.3545239792371984 1.5084908904404706 -3.0186385275952192
v -0.0804070100000000 0.0138568700000000 -0.0082931500000000
vn -3.3014480702594460 -0.0073309919320799 -3.4268833547514235
v -0.0804334700000000 0.0146055300000000 -0.0080913800000000
vn -3.3400951381555473 -1.5274301614088701 -3.0261908696610487
v -0.0804148000000000 0.0153565500000000 -0.0082890800000000
vn -3.4552076364062687 -2.6414701905494513 -1.9275343166327088
v -0.0803560800000000 0.0159056000000000 -0.0088324300000000
vn 2.5331442687519496 -2.9868907399527527 0.3815512985759058
v -0.0808161200000000 0.0153448100000000 -0.0047376700000000
vn 2.0440126794143367 -2.0420597513690160 2.2180483871232859
v -0.0807546300000000 0.0151609900000000 -0.0052716900000000
vn -4.0629063512147168 -0.1687846512498333 2.5499203043285106
v -0.0807280800000000 0.0145969100000000 -0.0054842900000000
vn -3.9477687313036953 1.4915182438549142 2.2027065496201743
v -0.0807373500000000 0.0142219200000000 -0.0053859600000000
vn -3.8225581073595012 2.6066436154028816 1.1038701614614606
v -0.0807667700000000 0.0139473900000000 -0.0051137600000000
vn -3.6609164973944730 3.0153237585833446 -0.4037521114902736
v -0.0808083200000000 0.0138451300000000 -0.0047417400000000
vn -3.4834060963243068 2.6144768053707690 -1.9143835350568330
v -0.0808509100000000 0.0139449300000000 -0.0043691800000000
vn -3.3532343928994308 1.5105163298766171 -3.0179222850495258
v -0.0808830600000000 0.0142176600000000 -0.0040965400000000
vn -3.3045609082393357 -0.0079493843731714 -3.4261614826915792
v -0.0808963500000000 0.0145919800000000 -0.0039951200000000
vn -3.3353187216115145 -1.5265522191337486 -3.0280448342929294
v -0.0808869600000000 0.0149669700000000 -0.0040945000000000
vn -3.8329891194798908 -2.9584205309749985 -0.3121641947598378
v -0.0812927600000000 0.0098880500000000 -0.0002839100000000
vn -4.3203098372505817 -1.7440415836137930 1.6821290508714350
v -0.0812413400000000 0.0096983400000000 -0.0007307200000000
vn -3.9514766615809473 2.3940539695350513 1.3312667295715797
v -0.0812503700000000 0.0088735600000000 -0.0006150400000000
vn -3.7671067248881456 2.9666673531509429 -0.4159386675559924
v -0.0812869200000000 0.0087640800000000 -0.0002869700000000
vn -3.5586729470573322 2.4024765749375652 -2.1663367800540949
v -0.0813245900000000 0.0088713900000000 0.0000416900000000
vn -3.4310829258284334 0.9134741028201262 -3.2449590271830622
v -0.0813488500000000 0.0091506600000000 0.0002442900000000
vn -3.5369098316232552 -2.4289421244308329 -2.1755983223850510
v -0.0813293100000000 0.0097796200000000 0.0000441600000000
vn 3.7613973810411458 -2.9695660415635468 0.4152996343607193
v -0.0812731100000000 0.0001059600000000 0.0166563700000000
vn 3.9558156822870050 -2.3931424381026973 -1.3281743170360967
v -0.0813096600000000 -0.0000024700000000 0.0169844500000000
vn 4.0699077233989778 -0.8956147742966467 -2.4028076112530221
v -0.0813311200000000 -0.0002841300000000 0.0171865600000000
vn 4.0603218753786132 0.9509485284947331 -2.3977115531764759
v -0.0813293100000000 -0.0006314300000000 0.0171856200000000
vn 3.9058241253855912 2.4329865274556699 -1.3413923875273719
v -0.0813049300000000 -0.0009117500000000 0.0169819800000000
vn 3.7258950180767738 3.0055722575004449 0.4766590464680963
v -0.0812672600000000 -0.0010180100000000 0.0166533200000000
vn 3.5709366621334864 2.4335272259671825 2.1594683250152236
v -0.0812307100000000 -0.0009095800000000 0.0163252400000000
vn 3.4195327977631758 0.9291967578638481 3.2514020713761185
v -0.0812093700000000 -0.0006279200000000 0.0161241700000000
vn 4.1991906759590538 -2.6302176842382141 -0.2666393733028328
v -0.0793451100000000 -0.0095682000000000 0.0000174000000000
vn 4.1889446761090516 -1.0253948166049986 -2.2611725284684137
v -0.0793868900000000 -0.0099645400000000 0.0004028000000000
vn 4.0898159472945732 0.9277580855535302 -2.3947082978691321
v -0.0793850800000000 -0.0103128900000000 0.0004018500000000
vn 3.9314064580040258 2.4404668475184872 -1.3155617763997189
v -0.0793608200000000 -0.0105921600000000 0.0001992600000000
vn 3.7303311081497479 3.0062931085828506 0.4313925371719669
v -0.0793231600000000 -0.0106984200000000 -0.0001294000000000
vn 3.5346945984726048 2.4320623317502830 2.1730531919130232
v -0.0792866100000000 -0.0105899900000000 -0.0004574800000000
vn 3.4241466506665654 0.9345761227982246 3.2480369201494441
v -0.0792651400000000 -0.0103093800000000 -0.0006596000000000
vn 3.4317847101571362 -0.9143313501770299 3.2444378545388051
v -0.0792669500000000 -0.0099610300000000 -0.0006586500000000
vn 3.6529279207536565 -2.4376494535464244 2.0523381954231872
v -0.0792913400000000 -0.0096807100000000 -0.0004550100000000
vn 3.6606158735697987 -3.0154719871328739 0.4031741957398274
v -0.0784105100000000 0.0161192400000000 -0.0093659700000000
vn 3.9458664638560594 -1.4917388828209084 -2.2027350793009703
v -0.0785523200000000 0.0153656700000000 -0.0080785800000000
vn 3.9829194304806621 0.0283285214482513 -2.6035882789621976
v -0.0785709800000000 0.0146146400000000 -0.0078808800000000
vn 3.9288443434784899 1.5441177458596718 -2.1955678801385416
v -0.0785445200000000 0.0138659900000000 -0.0080826600000000
vn 3.7984460930732866 2.6506378752997288 -1.0893638856626271
v -0.0784801000000000 0.0133194800000000 -0.0086289900000000
vn 3.6264430383400916 3.0522211292806638 0.4193573028125537
v -0.0783949100000000 0.0131209400000000 -0.0093741200000000
vn 3.4588527620881422 2.6397464533805617 1.9275018735085681
v -0.0783117000000000 0.0133244100000000 -0.0101192100000000
vn 3.3363953823002466 1.5277721454287334 3.0272052397447871
v -0.0782531000000000 0.0138745100000000 -0.0106615100000000
vn 3.3041786281633443 0.0084164992378311 3.4261113693466632
v -0.0782343100000000 0.0146244900000000 -0.0108602600000000
vn 3.3536161048410964 -1.5099390528488692 3.0181831749303081
v -0.0782609000000000 0.0153741900000000 -0.0106574400000000
vn 3.4837935639493351 -2.6146118068426460 1.9138750797164781
v -0.0783252000000000 0.0159196400000000 -0.0101121500000000
vn 3.7448917315177845 -2.9580400293889766 0.5865569424545591
v -0.0789536300000000 0.0153539300000000 -0.0045271700000000
vn 3.8267811338735687 -2.6022981936425578 -1.1077140269992798
v -0.0789951700000000 0.0152516600000000 -0.0041551600000000
vn 3.9416083402002653 -1.4911306948919283 -2.2057557284443829
v -0.0790244700000000 0.0149760900000000 -0.0038840100000000
vn 3.9857239383462315 0.0277957812142744 -2.6020709906444019
v -0.0790338600000000 0.0146011000000000 -0.0037846300000000
vn 3.9275066361027973 1.5461100160582109 -2.1951664450733359
v -0.0790205700000000 0.0142267700000000 -0.0038860400000000
vn 3.7973428173554247 2.6500847925771254 -1.0914720405970688
v -0.0789884200000000 0.0139540500000000 -0.0041586800000000
vn 3.6293545006235335 3.0510537187531930 0.4201465122954661
v -0.0789458300000000 0.0138542500000000 -0.0045312500000000
vn 3.4543975181647499 2.6422617906664612 1.9263000628402294
v -0.0789042900000000 0.0139565100000000 -0.0049032700000000
vn 3.3420828455672105 1.5270314262580729 3.0257426360935327
v -0.0788748700000000 0.0142310400000000 -0.0051754700000000
vn 3.3739494675520252 -0.0984835254732958 3.4028554300350087
v -0.0788655900000000 0.0146060200000000 -0.0052738000000000
vn 3.7164333316604674 -1.9453936196265458 2.5244693700486946
v -0.0788882200000000 0.0151211100000000 -0.0050958200000000
vn 3.7890466977839798 -2.9621875747572526 0.4397890953651166
v -0.0794302700000000 0.0098971600000000 -0.0000734200000000
vn 3.9565563221399667 -2.3922915493849883 -1.3286940693891636
v -0.0794668200000000 0.0097887300000000 0.0002546600000000
vn 4.0693245544299979 -0.8947738106828598 -2.4034087412826350
v -0.0794881700000000 0.0095081200000000 0.0004557300000000
vn 4.0596956418119881 0.9500951564995355 -2.3984282948249214
v -0.0794863600000000 0.0091597800000000 0.0004547800000000
vn 3.9290781106121475 2.4390758823004615 -1.3201906814239406
v -0.0794621000000000 0.0088805000000000 0.0002521900000000
vn 3.7360883042156887 3.0033927646365117 0.4321463043356087
v -0.0794244300000000 0.0087731900000000 -0.0000764800000000
vn 3.5313378022830961 2.4306442672311652 2.1770205569729821
v -0.0793878900000000 0.0088826800000000 -0.0004045500000000
vn 3.4241428539045984 0.9345749935589396 3.2480560260831477
v -0.0793664200000000 0.0091632900000000 -0.0006066700000000
vn 3.4044524229707833 -0.8963468703187958 3.2539055782685078
v -0.0793682300000000 0.0095116300000000 -0.0006057200000000
vn 3.5648101147615652 -2.4332467491102117 2.1232209894416538
v -0.0793926100000000 0.0097909000000000 -0.0004020800000000
vn 3.4527905071380687 3.1106950788533840 0.4004455698725716
v -0.1257718800000000 -0.0081384800000000 0.0002871200000000
vn 3.3343655705081545 2.9206991212913960 1.4515885319127821
v -0.1254863600000000 -0.0076775300000000 -0.0022591300000000
vn 3.2326836901856519 2.3808041979204222 2.3741933042188821
v -0.1252401200000000 -0.0063693500000000 -0.0044945700000000
vn 3.1603733073774203 1.5547270459546272 3.0586593549876708
v -0.1250624800000000 -0.0043695400000000 -0.0061529600000000
vn 3.1231397878716738 0.5435087179269927 3.4212095617048748
v -0.1249753500000000 -0.0019197800000000 -0.0070299800000000
vn 3.1764539657868975 -1.5383899225336015 3.0503198855960107
v -0.1251014700000000 0.0031256900000000 -0.0061325900000000
vn 3.2573488665615487 -2.3599267078122730 2.3613054287520336
v -0.1252998500000000 0.0051145000000000 -0.0044633600000000
vn 3.3645713283744532 -2.8937151700255686 1.4357781320744465
v -0.1255596200000000 0.0064078700000000 -0.0022208400000000
vn 3.4850222101396042 -3.0767257555757737 0.3836398805779014
v -0.1258498400000000 0.0068519900000000 0.0003278600000000
vn 3.6022626273052256 -2.8867697243301937 -0.6676213060811999
v -0.1261353600000000 0.0063910300000000 0.0028741100000000
vn 3.7039116713101357 -2.3468579784724115 -1.5902432125851773
v -0.1263816000000000 0.0050828600000000 0.0051095600000000
vn 3.7781902025554777 -1.5207711595489042 -2.2745118642913016
v -0.1265592400000000 0.0030830500000000 0.0067679400000000
vn 3.8130047247620156 -0.5095623493082544 -2.6373233099773379
v -0.1266463600000000 0.0006332800000000 0.0076449600000000
vn 3.8074295034702690 0.5635269699433805 -2.6344089329275775
v -0.1266328300000000 -0.0019682700000000 0.0076378900000000
vn 3.7620920231034214 1.5723273787236161 -2.2660729748258146
v -0.1265202500000000 -0.0044121900000000 0.0067475700000000
vn 3.6792426945505277 2.3938661106146402 -1.5773601062217355
v -0.1263218700000000 -0.0064010000000000 0.0050783400000000
vn 3.5720533859347672 2.9276596224908809 -0.6518172624005768
v -0.1260621000000000 -0.0076943700000000 0.0028358300000000
vn 1.3156247868673305 2.8266183192342247 0.1530532665994160
v -0.1101273200000000 -0.0110470100000000 -0.0156219600000000
vn 1.1886761104455523 2.8756473748624063 0.1452735903293855
v -0.1032494500000000 -0.0139992300000000 -0.0171327000000000
vn 1.0482150889405049 2.9209505027372238 0.1284059768145333
v -0.0945250700000000 -0.0173169500000000 -0.0184815300000000
vn 1.0812320864197533 2.9843307503191765 0.1323006172373599
v -0.0945597000000000 -0.0173213200000000 -0.0180999400000000
vn 1.2193512163602047 2.9203743170598448 0.1484195172096860
v -0.1032837400000000 -0.0140046700000000 -0.0167447100000000
vn 1.3438761638176504 2.8573245663283142 0.1555475385097650
v -0.1101591800000000 -0.0110535100000000 -0.0152273500000000
vn 1.0771446909182270 -2.9114437027282007 0.1092882542878862
v -0.0946589700000000 0.0164728800000000 -0.0183944900000000
vn 1.2153849314917671 -2.8651151207954655 0.1256449353161040
v -0.1033004200000000 0.0130796900000000 -0.0170764800000000
vn 1.3438650494343034 -2.8134226672250029 0.1456265495088523
v -0.1101378900000000 0.0100553600000000 -0.0155894000000000
vn 1.3742728792284666 -2.8427426838618639 0.1491494964743926
v -0.1101861700000000 0.0100529800000000 -0.0151902800000000
vn 1.2482055950888866 -2.9090482396223605 0.1291318670017870
v -0.1033487900000000 0.0130762800000000 -0.0166858400000000
vn 1.1114543172853180 -2.9736867391483699 0.1127796697391654
v -0.0947011700000000 0.0164716200000000 -0.0180116200000000
vn -0.7209651384958131 1.5119146614543664 1.7598654330622203
v 0.0269670700000000 -0.0253768300000000 -0.0011858400000000
vn -2.1426500962047319 -1.5376643016310461 1.5846395011000438
v 0.0267014900000000 0.0256869600000000 -0.0010470500000000
vn -0.7866523532872690 -1.4315966605599286 1.2302024680076502
v 0.0275301100000000 0.0257112000000000 -0.0083799400000000
vn -3.0554713291152762 -2.8632069447368611 0.4717789019723819
v 0.2761129300000000 -0.0609714900000000 0.0302796200000000
vn -2.6090079906957007 -2.9953751713430075 1.7074630076377337
v 0.2763851400000000 -0.0609717300000000 0.0308886700000000
vn -2.2796924838920125 -3.0215550732444254 2.1341215277975465
v 0.2766649300000000 -0.0609712200000000 0.0312337900000000
vn -1.9873627372898273 -3.0381980788838674 2.4102234235385724
v 0.2770538200000000 -0.0609701800000000 0.0315975900000000
vn -1.6981456574030340 -3.0483427110275980 2.6233601142229643
v 0.2775673900000000 -0.0609685300000000 0.0319733700000000
vn -1.4131143461527924 -3.0485239764139500 2.7886517386385519
v 0.2782266900000000 -0.0609661300000000 0.0323529100000000
vn -1.0906104465802526 -3.0407442278751642 2.9314965403106661
v 0.2790631300000000 -0.0609627800000000 0.0327206900000000
vn -0.7275250784624643 -3.0117119182321712 3.0434579916659645
v 0.2801172200000000 -0.0609581900000000 0.0330463500000000
vn -0.2387541846087369 -2.9976338842104471 3.1225231663999846
v 0.2814562500000000 -0.0609518000000000 0.0332591100000000
vn 0.1780296755538602 -3.0531828906847118 3.1289215683614273
v 0.2831489700000000 -0.0609430200000000 0.0332661300000000
vn 0.4024099955146484 -3.0969488755821071 3.1092923077697501
v 0.2848998800000000 -0.0609334700000000 0.0331049700000000
vn 0.5183086874330971 -3.1193312908851727 3.0927263644134348
v 0.2863274400000000 -0.0609254900000000 0.0328998600000000
vn 0.5855519426730700 -3.1243417779056126 3.0810856883266422
v 0.2875123300000000 -0.0609187700000000 0.0326959100000000
vn 0.6493803532788950 -3.1247676631308772 3.0686419255694712
v 0.2885119500000000 -0.0609130400000000 0.0325006800000000
vn 0.7392802199698129 -3.1071329413911069 3.0487111638261530
v 0.2893632500000000 -0.0609081100000000 0.0323151700000000
vn 0.9234846827641443 -3.0518690978138219 2.9983808457081835
v 0.2900866100000000 -0.0609038400000000 0.0321279000000000
vn 1.2228216014957300 -3.1023932010148139 2.8916962304075331
v 0.2906784500000000 -0.0609001800000000 0.0319141200000000
vn 0.2961509670842252 -0.2728484521749476 -0.0813040676019408
v 0.2911658900000000 -0.0608971000000000 0.0317150200000000
vn -0.2212674635012221 -3.1936763627175497 -3.1413287070270259
v 0.2902164100000000 -0.0609023300000000 0.0318227200000000
vn -0.0860711019943204 -3.1760345471943241 -3.1485345401644116
v 0.2890666500000000 -0.0609084800000000 0.0318844800000000
vn 0.0494910370698874 -3.1790525119159669 -3.1500321854320763
v 0.2876795500000000 -0.0609157400000000 0.0319003500000000
vn 0.2026030486336229 -3.1899284138017481 -3.1447538768789931
v 0.2859905200000000 -0.0609243700000000 0.0318418500000000
vn 0.4012171107863745 -3.1876976633018894 -3.1265289162066550
v 0.2841699100000000 -0.0609333800000000 0.0316731600000000
vn 0.5672661221762219 -3.1818194261297426 -3.1016449636006458
v 0.2827097900000000 -0.0609403700000000 0.0314541200000000
vn 0.7263243455911187 -3.1835210007731676 -3.0689114563138959
v 0.2815346800000000 -0.0609458400000000 0.0312154000000000
vn 0.8699246756260490 -3.1661954032223587 -3.0320654379609335
v 0.2805736600000000 -0.0609501600000000 0.0309659300000000
vn 0.9626532867192472 -3.1526266015382003 -3.0043061035544407
v 0.2797788200000000 -0.0609536400000000 0.0307267600000000
vn 1.0185636476772495 -3.1360318522536881 -2.9859134764069193
v 0.2791118900000000 -0.0609565200000000 0.0305084100000000
vn 1.0061220392137564 -3.1184486300735803 -2.9900266569069052
v 0.2785466100000000 -0.0609589400000000 0.0303184900000000
vn 0.9548120486354575 -3.1044239003018177 -3.0064853959908406
v 0.2780623800000000 -0.0609610300000000 0.0301610300000000
vn 0.8667651056832991 -3.0935082063098913 -3.0325408972419701
v 0.2776464300000000 -0.0609628600000000 0.0300367000000000
vn 0.7422345547734307 -3.0872881646957699 -3.0650039716270827
v 0.2772884200000000 -0.0609644600000000 0.0299432800000000
vn 0.5842255453276519 -3.0649142779898457 -3.0976691839585340
v 0.2769813700000000 -0.0609658800000000 0.0298768100000000
vn 0.3525619437718948 -3.0441226138185766 -3.1311283230530274
v 0.2767178600000000 -0.0609671400000000 0.0298375000000000
vn 0.0080404741797653 -2.9978720269969088 -3.1477501239299421
v 0.2764938200000000 -0.0609682700000000 0.0298238200000000
vn -0.7929025020340813 -2.7976861717921087 -3.0069144289239969
v 0.2763069100000000 -0.0609692800000000 0.0298376500000000
vn -2.0625249149665867 -2.3943549430663706 -2.0634345779488248
v 0.2761687300000000 -0.0609701700000000 0.0298982900000000
vn -3.2981914888273760 2.3064522207718214 0.7573321427503473
v 0.2757970300000000 -0.0005701000000000 0.0301968300000000
vn -3.0006594927957475 -2.7440035948635479 -0.6146704838317152
v 0.2761111800000000 -0.0609708300000000 0.0300326500000000
vn -0.2369405014710315 0.0075173533908235 -3.1304611782608118
v 0.2763959500000000 -0.0609687900000000 0.0298275900000000
vn 0.1870619390713863 0.0097842921108605 -3.1348306314118859
v 0.2766003800000000 -0.0609677300000000 0.0298274000000000
vn 0.4609505778623131 0.0110621150974779 -3.1070331161842542
v 0.2768441600000000 -0.0609665300000000 0.0298538900000000
vn 0.6402371969533174 0.0116923263932881 -3.0756522772694028
v 0.2770776800000000 -0.0609654300000000 0.0298961700000000
vn 0.6848395609410944 0.0119546264302994 -3.0657659898454073
v 0.2771810800000000 -0.0609649600000000 0.0299184400000000
vn 0.7729296690071026 0.0124047675328303 -3.0448544416616974
v 0.2774018000000000 -0.0609639500000000 0.0299709200000000
vn 0.8153991982965704 0.0127203579032421 -3.0338186112394379
v 0.2775210900000000 -0.0609634200000000 0.0300024100000000
vn 0.8831771710199651 0.0128566236836701 -3.0148779629040825
v 0.2777787300000000 -0.0609622700000000 0.0300749500000000
vn 0.9118291347785376 0.0130996755934887 -3.0063061737720473
v 0.2779170700000000 -0.0609616600000000 0.0301160100000000
vn 0.9504518287862322 0.0130833491830431 -2.9943983469810251
v 0.2781769100000000 -0.0609605300000000 0.0301972700000000
vn 0.9652895306443883 0.0133658331136997 -2.9895501393277315
v 0.2782954900000000 -0.0609600200000000 0.0302350300000000
vn 0.9903325624068408 0.0134121637742336 -2.9813013965803230
v 0.2784190800000000 -0.0609594900000000 0.0302754800000000
vn 0.9879972688824687 0.0134397942790011 -2.9821574489669400
v 0.2786804100000000 -0.0609583600000000 0.0303622000000000
vn 1.0076957145067702 0.0133249198482476 -2.9755802724192391
v 0.2788181600000000 -0.0609577700000000 0.0304084900000000
vn 1.0117559013429867 0.0132981750141903 -2.9741635413166851
v 0.2789619500000000 -0.0609571600000000 0.0304575700000000
vn 0.9859873245005752 0.0130572698175519 -2.9828929131891226
v 0.2792364000000000 -0.0609559800000000 0.0305500200000000
vn 0.9782588813594302 0.0129669953551279 -2.9853478816531123
v 0.2793650900000000 -0.0609554300000000 0.0305921000000000
vn 0.9796772768439770 0.0129896601945203 -2.9848491377369961
v 0.2794978500000000 -0.0609548600000000 0.0306357000000000
vn 0.9687519297488736 0.0130248050399004 -2.9884898113519283
v 0.2796357200000000 -0.0609542600000000 0.0306809300000000
vn 0.9390716601264686 0.0130175894990062 -2.9978597773929252
v 0.2799015900000000 -0.0609531100000000 0.0307650000000000
vn 0.9215115809867584 0.0127700406752736 -3.0033526528080774
v 0.2800273800000000 -0.0609525600000000 0.0308046300000000
vn 0.9040414937767844 0.0120065587714644 -3.0086172308035879
v 0.2801585200000000 -0.0609519900000000 0.0308438100000000
vn 0.9020091550393541 0.0119614025664256 -3.0092834447925849
v 0.2802926800000000 -0.0609514000000000 0.0308843900000000
vn 0.8761419357224189 0.0130680576007559 -3.0168908680103472
v 0.2804310200000000 -0.0609507900000000 0.0309254500000000
vn 0.8433911584168921 0.0134340260038430 -3.0261971315848966
v 0.2806999200000000 -0.0609496000000000 0.0310013800000000
vn 0.8184149795303883 0.0119644901076335 -3.0330604649374235
v 0.2808293200000000 -0.0609490200000000 0.0310371900000000
vn 0.7960005261572618 0.0115130103115966 -3.0390886525765386
v 0.2809630300000000 -0.0609484200000000 0.0310724200000000
vn 0.7844779203596230 0.0121814084436724 -3.0419713170295291
v 0.2810998700000000 -0.0609478100000000 0.0311080100000000
vn 0.7631095832952116 0.0121254786842536 -3.0474993790963314
v 0.2812408900000000 -0.0609471700000000 0.0311440700000000
vn 0.7412514378125818 0.0120013459543408 -3.0528301945080214
v 0.2813851700000000 -0.0609465200000000 0.0311794400000000
vn 0.6927659419795792 0.0113705922801447 -3.0642429387443393
v 0.2816689700000000 -0.0609452200000000 0.0312454100000000
vn 0.6743970235926633 0.0116299646907491 -3.0682308553660400
v 0.2818062800000000 -0.0609445900000000 0.0312768100000000
vn 0.6440274459452877 0.0117189385795228 -3.0748489093964122
v 0.2819469700000000 -0.0609439400000000 0.0313064800000000
vn 0.6359131483116701 0.0115541897871550 -3.0765378996653490
v 0.2820918400000000 -0.0609432700000000 0.0313366200000000
vn 0.6092686190841941 0.0113841855961817 -3.0818176641335362
v 0.2822408900000000 -0.0609425800000000 0.0313672400000000
vn 0.5824623637135935 0.0113304109081900 -3.0870739260505151
v 0.2823922700000000 -0.0609418700000000 0.0313960000000000
vn 0.5657753576656095 0.0112698981838406 -3.0902038443069495
v 0.2825488800000000 -0.0609411300000000 0.0314253500000000
vn 0.5341793223304777 0.0111517810144070 -3.0957827209702282
v 0.2828416500000000 -0.0609397500000000 0.0314775000000000
vn 0.5070933149424719 0.0109975737316085 -3.1003760556938245
v 0.2829767800000000 -0.0609391100000000 0.0315001800000000
vn 0.4926409564924621 0.0109214438884044 -3.1026724001547219
v 0.2831141100000000 -0.0609384600000000 0.0315220600000000
vn 0.4894685400402971 0.0109117497534996 -3.1031767097994827
v 0.2832545700000000 -0.0609377900000000 0.0315442900000000
vn 0.4750861244206174 0.0107701152522301 -3.1054439058752199
v 0.2833981800000000 -0.0609371000000000 0.0315668700000000
vn 0.4509215898154567 0.0105919374870253 -3.1090473874861080
v 0.2835460900000000 -0.0609363900000000 0.0315888800000000
vn 0.4381716194589620 0.0105541466432398 -3.1108056477005963
v 0.2836962000000000 -0.0609356700000000 0.0316100900000000
vn 0.4258851818540760 0.0105548219517406 -3.1126099058895540
v 0.2838505000000000 -0.0609349200000000 0.0316317600000000
vn 0.4039001103158161 0.0104843590222328 -3.1155076652947056
v 0.2840080500000000 -0.0609341600000000 0.0316527500000000
vn 0.3760608363417506 0.0102877141997931 -3.1190966018625299
v 0.2843078300000000 -0.0609327000000000 0.0316898000000000
vn 0.3643563705057686 0.0103130689597520 -3.1202414311744815
v 0.2844488900000000 -0.0609320200000000 0.0317068000000000
vn 0.3419422916790740 0.0103246538464794 -3.1229866135556956
v 0.2845942500000000 -0.0609313000000000 0.0317232300000000
vn 0.3204478454238193 0.0102583011538558 -3.1251639132820435
v 0.2847439100000000 -0.0609305700000000 0.0317390900000000
vn 0.3100439193492983 0.0102079722510428 -3.1262073013031380
v 0.2848968300000000 -0.0609298200000000 0.0317542500000000
vn 0.2995865586634186 0.0100798198609432 -3.1271987711802929
v 0.2850507900000000 -0.0609290600000000 0.0317695300000000
vn 0.2786248023976390 0.0097861356283595 -3.1292352872172113
v 0.2852048700000000 -0.0609282900000000 0.0317837700000000
vn 0.2573979690434684 0.0096825086822550 -3.1309851617108646
v 0.2853601100000000 -0.0609275200000000 0.0317970800000000
vn 0.2374266191831721 0.0097148646091588 -3.1326048700399212
v 0.2855144300000000 -0.0609267500000000 0.0318092200000000
vn 0.2284014106985038 0.0093825713942827 -3.1332647614505982
v 0.2856730500000000 -0.0609259600000000 0.0318207900000000
vn 0.2080621205985112 0.0092243302527794 -3.1345913379552517
v 0.2858316700000000 -0.0609251700000000 0.0318323700000000
vn 0.1831241556235419 0.0093759036191148 -3.1362017805588041
v 0.2861472800000000 -0.0609235800000000 0.0318510900000000
vn 0.1679809346797118 0.0092572129636529 -3.1370744723254962
v 0.2863009100000000 -0.0609228000000000 0.0318599800000000
vn 0.1403990537800412 0.0091161233784949 -3.1384282838936777
v 0.2864504700000000 -0.0609220400000000 0.0318673500000000
vn 0.1245798572907370 0.0090940550243381 -3.1391059848350191
v 0.2865959700000000 -0.0609213000000000 0.0318732000000000
vn 0.1203359108495122 0.0090932308235066 -3.1393063891218751
v 0.2867393700000000 -0.0609205700000000 0.0318788200000000
vn 0.1049998585888596 0.0090025608533220 -3.1397152173660072
v 0.2868796400000000 -0.0609198600000000 0.0318840800000000
vn 0.0892596795513340 0.0088829575225737 -3.1403432673590519
v 0.2870189800000000 -0.0609191400000000 0.0318881800000000
vn 0.0718639084605682 0.0087872898832887 -3.1407491198855384
v 0.2871551800000000 -0.0609184400000000 0.0318919200000000
vn 0.0552530093445003 0.0087297262725371 -3.1410916571713812
v 0.2872894100000000 -0.0609177500000000 0.0318943800000000
vn 0.0503766579136547 0.0087212892633339 -3.1411745763733023
v 0.2874215400000000 -0.0609170700000000 0.0318966100000000
vn 0.0454662610228854 0.0086926527587265 -3.1412487198150556
v 0.2875515900000000 -0.0609164000000000 0.0318985900000000
vn 0.0094893905103975 0.0084225466153998 -3.1415602691258924
v 0.2878298100000000 -0.0609149600000000 0.0319014400000000
vn -0.0077832004621590 0.0084209909036279 -3.1415325866782875
v 0.2879781100000000 -0.0609141900000000 0.0319012600000000
vn -0.0144521267159446 0.0084013545986661 -3.1416149800431703
v 0.2881232700000000 -0.0609134300000000 0.0319007200000000
vn -0.0227630936116521 0.0083257419758862 -3.1414197048906720
v 0.2882663400000000 -0.0609126900000000 0.0318999400000000
vn -0.0313077722686206 0.0082216637430345 -3.1414958104224509
v 0.2884052200000000 -0.0609119600000000 0.0318986900000000
vn -0.0494400881182354 0.0078757934645631 -3.1411058896624464
v 0.2885420200000000 -0.0609112500000000 0.0318972000000000
vn -0.0678464957585018 0.0074957561707382 -3.1408474200232024
v 0.2886768300000000 -0.0609105400000000 0.0318944400000000
vn -0.0761373656867479 0.0077509286823201 -3.1406140020359317
v 0.2888095600000000 -0.0609098400000000 0.0318914300000000
vn -0.0849710294552368 0.0080574059799686 -3.1405066617083133
v 0.2889391500000000 -0.0609091500000000 0.0318880700000000
vn -0.1318223223603622 0.0075310384152544 -3.1387653890069935
v 0.2892219300000000 -0.0609076600000000 0.0318787200000000
vn -0.1417822731547103 0.0076344867342391 -3.1383187372537416
v 0.2893741900000000 -0.0609068500000000 0.0318715700000000
vn -0.1431453915601117 0.0076032637419698 -3.1383764353704002
v 0.2895232000000000 -0.0609060500000000 0.0318651100000000
vn -0.1672514414316996 0.0074604446150845 -3.1370687927305219
v 0.2896680200000000 -0.0609052800000000 0.0318581800000000
vn -0.1904281793816180 0.0072613631347997 -3.1358343111052234
v 0.2898098300000000 -0.0609045200000000 0.0318498500000000
vn -0.2028727392268327 0.0070814818340013 -3.1349820717506778
v 0.2899484900000000 -0.0609037800000000 0.0318411600000000
vn -0.2157330950225078 0.0070888899916476 -3.1341205371479148
v 0.2900840200000000 -0.0609030500000000 0.0318321200000000
vn -0.2620847836365320 0.0070144773370744 -3.1306870830460509
v 0.2903639200000000 -0.0609015300000000 0.0318107900000000
vn -0.2891701328623114 0.0066951394578875 -3.1281102310187401
v 0.2905072400000000 -0.0609007600000000 0.0317983900000000
vn -0.3199625223313634 0.0065981413612427 -3.1252546719596430
v 0.2906475400000000 -0.0608999900000000 0.0317846000000000
vn -0.3650624483763212 0.0063850497238277 -3.1200715432550163
v 0.2907826100000000 -0.0608992500000000 0.0317702100000000
vn -0.4090248558823045 0.0060609998516400 -3.1148943341337771
v 0.2909147900000000 -0.0608985100000000 0.0317533700000000
vn -0.4750490800460647 0.0059785894230573 -3.1049386588516290
v 0.2910427800000000 -0.0608978000000000 0.0317360600000000
vn 0.2196366890563258 0.2604813167226436 -0.0611332539772647
v 0.2908516800000000 -0.0004837400000000 0.0318792300000000
vn -0.4837931455275073 0.0058910338807228 -3.1242880278480456
v 0.2907265800000000 -0.0005055000000000 0.0318999800000000
vn -0.4077501907496753 0.0066909555806596 -3.1263544081748567
v 0.2905975300000000 -0.0005251600000000 0.0319181600000000
vn -0.3636699473483758 0.0069424141295235 -3.1301626034510921
v 0.2904645200000000 -0.0005437900000000 0.0319337800000000
vn -0.3258129808538959 0.0069116350228929 -3.1276426993856123
v 0.2903294200000000 -0.0005613700000000 0.0319491700000000
vn -0.2845668312491597 0.0072607656946143 -3.1459295176363815
v 0.2901903600000000 -0.0005789700000000 0.0319620000000000
vn -0.2698399737086108 0.0072402369497925 -3.1391914340382021
v 0.2900481600000000 -0.0005944700000000 0.0319744800000000
vn -0.2461917740522369 0.0073757190003991 -3.1407929279648430
v 0.2899028200000000 -0.0006089500000000 0.0319866000000000
vn -0.3950498162650424 2.9756490893312137 -1.9012400284918411
v 0.2897544600000000 -0.0006223800000000 0.0319973300000000
vn -0.1953097678037050 0.0077742226036542 -3.1450350366968278
v 0.2896201500000000 -0.0006346700000000 0.0320054100000000
vn -0.1876246307824409 0.0077733742487502 -3.1365041133480283
v 0.2894825900000000 -0.0006459400000000 0.0320141900000000
vn -0.1662372092848970 0.0078093010993795 -3.1466165628503759
v 0.2893440900000000 -0.0006572000000000 0.0320218000000000
vn -0.1542632335726503 0.0078481820156671 -3.1388076186340963
v 0.2892014100000000 -0.0006674400000000 0.0320289500000000
vn -0.1348564608803713 0.0081098975433219 -3.1470365038299946
v 0.2890566400000000 -0.0006776800000000 0.0320358600000000
vn -0.1246006322325015 0.0081643410522164 -3.1329319774092044
v 0.2889088400000000 -0.0006868800000000 0.0320413700000000
vn -0.1078589506573042 0.0080993344596481 -3.1545270008723136
v 0.2887588400000000 -0.0006971500000000 0.0320476800000000
vn -0.0872523586691543 0.0080302090348818 -3.1342567999992124
v 0.2886059200000000 -0.0007053200000000 0.0320515600000000
vn -0.2004775011981137 3.0455289384986299 -2.1668642287887581
v 0.2884508100000000 -0.0007145600000000 0.0320562400000000
vn -0.0532133140461032 0.0086703485112750 -3.1499445855895130
v 0.2883213700000000 -0.0007215600000000 0.0320585400000000
vn -0.0466043303625676 0.0085808250555786 -3.1418584079861409
v 0.2881898300000000 -0.0007275100000000 0.0320606000000000
vn -0.0417044223999310 0.0085274165233348 -3.1337911547190425
v 0.2880562000000000 -0.0007334700000000 0.0320624300000000
vn -0.0256860964390469 0.0085985073587086 -3.1575023392103860
v 0.2879215300000000 -0.0007404900000000 0.0320641300000000
vn -0.0061443066111273 0.0085716550537426 -3.1347268211108723
v 0.2877848800000000 -0.0007454100000000 0.0320645600000000
vn -0.0006255664571296 0.0086271529177722 -3.1418291680835129
v 0.2876451000000000 -0.0007514000000000 0.0320646300000000
vn 0.0144916216892316 0.0087532926591422 -3.1494184566260133
v 0.2875042600000000 -0.0007574000000000 0.0320645800000000
vn 0.0322213537249767 0.0088196002645582 -3.1420862775448830
v 0.2873614600000000 -0.0007623500000000 0.0320632600000000
vn 0.0381115144012059 0.0088185658068754 -3.1416890597041673
v 0.2872155100000000 -0.0007673100000000 0.0320615800000000
vn 0.0525249822915979 0.0089397054710260 -3.1484182003192496
v 0.2870674700000000 -0.0007722900000000 0.0320596600000000
vn -0.0063210866654345 3.1972878311936501 -2.9860608597535290
v 0.2869185000000000 -0.0007762100000000 0.0320565800000000
vn 0.0821639154503553 0.0090710720128998 -3.1407736637094898
v 0.2867790600000000 -0.0007800800000000 0.0320535200000000
vn 0.0970752335050275 0.0090738157640923 -3.1402079594458163
v 0.2866376400000000 -0.0007839600000000 0.0320491800000000
vn 0.1119539102622816 0.0091578625610838 -3.1400325695315847
v 0.2864951800000000 -0.0007878500000000 0.0320447200000000
vn 0.1273493960434656 0.0092714030071614 -3.1463494619339953
v 0.2863497000000000 -0.0007917500000000 0.0320388600000000
vn 0.1310957517035225 0.0093876928041271 -3.1392428827289316
v 0.2862031700000000 -0.0007946000000000 0.0320328800000000
vn 0.1458874945272546 0.0094895360631732 -3.1314563859423385
v 0.2860524600000000 -0.0007974700000000 0.0320264300000000
vn 0.1706395266744432 0.0095988162589726 -3.1507272681955705
v 0.2858997800000000 -0.0008014000000000 0.0320187000000000
vn 0.1916535702190664 0.0096933777497968 -3.1289102567672131
v 0.2857461600000000 -0.0008032300000000 0.0320098100000000
vn 0.2029303972117510 0.0098206469099170 -3.1349498213856579
v 0.2855926600000000 -0.0008061000000000 0.0319998700000000
vn 0.2139506573782662 0.0097949568893303 -3.1411482475076022
v 0.2854391700000000 -0.0008089800000000 0.0319899200000000
vn 0.2345113398119891 0.0097670491400604 -3.1327548592643155
v 0.2852857800000000 -0.0008108000000000 0.0319789400000000
vn 0.1683427026984273 3.1654264020140839 -2.5909332858197192
v 0.2851335600000000 -0.0008126100000000 0.0319670300000000
vn 0.2674274482576800 0.0099622128867427 -3.1300401589563069
v 0.2849792500000000 -0.0008144300000000 0.0319548800000000
vn 0.2891884491559481 0.0101158813688537 -3.1350987999502338
v 0.2848262200000000 -0.0008162400000000 0.0319407600000000
vn 0.2980276838128652 0.0099815494637920 -3.1203922909410582
v 0.2846731900000000 -0.0008170000000000 0.0319266400000000
vn 0.3204694104560788 0.0099309040262907 -3.1321575097089620
v 0.2845234100000000 -0.0008187900000000 0.0319118300000000
vn 0.3417140100668958 0.0099964074051474 -3.1229590192102430
v 0.2843758400000000 -0.0008195200000000 0.0318962100000000
vn 0.3527948521340811 0.0100873309840835 -3.1217031602232677
v 0.2842325800000000 -0.0008202200000000 0.0318800200000000
vn 0.3646964628868523 0.0103790963291558 -3.1203219998971372
v 0.2840914000000000 -0.0008209100000000 0.0318640600000000
vn 0.3765656239453955 0.0106730349955046 -3.1188851000018332
v 0.2839534800000000 -0.0008215800000000 0.0318474200000000
vn 0.3901546033137385 0.0106424467561788 -3.1251677305556385
v 0.2838186900000000 -0.0008222400000000 0.0318311300000000
vn 0.4011492264349542 0.0105273239584496 -3.1078841428472295
v 0.2836850700000000 -0.0008218300000000 0.0318139100000000
vn 0.4169063281773966 0.0106962122473041 -3.1220680634461511
v 0.2835545800000000 -0.0008224700000000 0.0317970400000000
vn 0.3794519168331403 3.1821733746345706 -2.7238188355174584
v 0.2834263100000000 -0.0008220300000000 0.0317793700000000
vn 0.4513088789743656 0.0109643373816072 -3.1091864124197111
v 0.2832761800000000 -0.0008217100000000 0.0317581700000000
vn 0.4643267020515223 0.0110075470769269 -3.1072579963223257
v 0.2831293200000000 -0.0008213600000000 0.0317362800000000
vn 0.4788017409283168 0.0110391906490645 -3.1049601002521454
v 0.2829855900000000 -0.0008209900000000 0.0317147500000000
vn 0.4943264839878351 0.0111080552041551 -3.1102671994292201
v 0.2828461600000000 -0.0008206100000000 0.0316926400000000
vn 0.5059627705058564 0.0110903854079158 -3.0929717352595754
v 0.2827088200000000 -0.0008191600000000 0.0316707700000000
vn 0.5234519705811687 0.0111777914542338 -3.1058285502681358
v 0.2825736900000000 -0.0008187500000000 0.0316480900000000
vn 0.5387474129181224 0.0112559405510727 -3.0953848749287132
v 0.2824417000000000 -0.0008172700000000 0.0316257600000000
vn 0.5546969653183609 0.0114642986316884 -3.0924778103108799
v 0.2823129600000000 -0.0008157700000000 0.0316027500000000
vn 0.5719054085957852 0.0115606237183148 -3.0894538425498546
v 0.2821863100000000 -0.0008142600000000 0.0315799700000000
vn 0.4998700400474964 3.1225066110109796 -2.3559855283697591
v 0.2820629200000000 -0.0008127300000000 0.0315565000000000
vn 0.6100778936280009 0.0116408062244389 -3.0822299627158403
v 0.2819116400000000 -0.0008102800000000 0.0315267000000000
vn 0.6275679491247053 0.0116942830017891 -3.0787815358745414
v 0.2817635000000000 -0.0008078100000000 0.0314972600000000
vn 0.6596086840449839 0.0122715199712947 -3.0796146809364555
v 0.2816196600000000 -0.0008053200000000 0.0314672400000000
vn 0.6766174709491211 0.0127046827142813 -3.0686177692058658
v 0.2814801200000000 -0.0008017600000000 0.0314366600000000
vn 0.6943676549403119 0.0125152764906467 -3.0641763125937524
v 0.2813437100000000 -0.0007981700000000 0.0314064300000000
vn 0.7158503101482139 0.0123879014312347 -3.0680362877527267
v 0.2812095100000000 -0.0007945800000000 0.0313753900000000
vn 0.7345421143446480 0.0122922510182343 -3.0471171398148558
v 0.2810794900000000 -0.0007899100000000 0.0313448300000000
vn 0.6467231346929029 3.0920064033959225 -2.2133047277254385
v 0.2809527300000000 -0.0007862700000000 0.0313135700000000
vn 0.7727081426145226 0.0124786776339089 -3.0460301282497095
v 0.2808115600000000 -0.0007806000000000 0.0312785700000000
vn 0.8081717293836210 0.0125942181689303 -3.0449089475687217
v 0.2806736400000000 -0.0007749000000000 0.0312428800000000
vn 0.8271599092393243 0.0124788056506311 -3.0239153696526309
v 0.2805400200000000 -0.0007681300000000 0.0312066200000000
vn 0.8299555445778835 0.0125258572446860 -3.0394321676227376
v 0.2804095400000000 -0.0007624000000000 0.0311707100000000
vn 0.8550270567453734 0.0126443666361031 -3.0324477958439195
v 0.2802820700000000 -0.0007556000000000 0.0311362100000000
vn 0.8756656186803711 0.0126751667518871 -3.0107079188577410
v 0.2801579700000000 -0.0007477300000000 0.0310999700000000
vn 0.7649924741408929 3.0258718741661079 -2.0006370871849271
v 0.2800379500000000 -0.0007408900000000 0.0310652500000000
vn 0.8986837295965686 0.0128960245634524 -3.0198239287520234
v 0.2799016500000000 -0.0007320200000000 0.0310244500000000
vn 0.9124543751476737 0.0129659694523867 -3.0083426027518270
v 0.2797683600000000 -0.0007220800000000 0.0309850700000000
vn 0.9408456859643197 0.0130927318999777 -2.9999953905306924
v 0.2796393800000000 -0.0007121200000000 0.0309451100000000
vn 0.9440861051798100 0.0130616465890959 -2.9984212832287045
v 0.2795145800000000 -0.0007021300000000 0.0309056200000000
vn 0.9626388574290925 0.0132373550325850 -3.0012310827790198
v 0.2793928000000000 -0.0006921400000000 0.0308675300000000
vn 0.8132060853884533 2.9198204537416323 -1.7353886090347204
v 0.2792742600000000 -0.0006810700000000 0.0308287500000000
vn 0.9841339344566904 0.0134544355038991 -2.9862488901682251
v 0.2791372500000000 -0.0006679900000000 0.0307847200000000
vn 0.9919197422172406 0.0133588286031250 -2.9923153185586795
v 0.2790045400000000 -0.0006548700000000 0.0307401100000000
vn 0.9975283996261631 0.0133230352072716 -2.9739082853097032
v 0.2788757700000000 -0.0006406900000000 0.0306980700000000
vn 1.0084383678539801 0.0133127645286748 -2.9877737917042357
v 0.2787513100000000 -0.0006275400000000 0.0306554500000000
vn 0.8306877139332876 2.8203045393479833 -1.5576198391495055
v 0.2786307900000000 -0.0006133300000000 0.0306154000000000
vn 1.0016297707270505 0.0132541344805465 -2.9822207209608065
v 0.2784858600000000 -0.0005960600000000 0.0305662500000000
vn 0.9937493208469061 0.0131647251439195 -2.9850594991163013
v 0.2783459300000000 -0.0005787700000000 0.0305197800000000
vn 0.9828535849334183 0.0129218576957755 -2.9891235737510238
v 0.2782111000000000 -0.0005614500000000 0.0304749400000000
vn 0.7863468459819000 2.6893580472666190 -1.3627337991064814
v 0.2780812700000000 -0.0005441200000000 0.0304327900000000
vn 0.9689317846137211 0.0132008799299215 -2.9932566323770802
v 0.2779566800000000 -0.0005278200000000 0.0303912300000000
vn 0.9421256930409954 0.0128206491109479 -2.9941905280461425
v 0.2778359100000000 -0.0005115100000000 0.0303532700000000
vn 0.9353330620346476 0.0126498066710889 -2.9935568600713376
v 0.2777202600000000 -0.0004962200000000 0.0303169600000000
vn 0.7052810612149113 2.5972892991675969 -1.2816748609594057
v 0.2776076300000000 -0.0004819800000000 0.0302820300000000
vn 0.8846396150871021 0.0127204769272674 -3.0127640121806305
v 0.2774640800000000 -0.0004636600000000 0.0302394000000000
vn 0.8510195493043181 0.0123869576884751 -3.0155362145741558
v 0.2773265700000000 -0.0004463800000000 0.0301995500000000
vn 0.5820561187797937 2.4953277316891680 -1.1898880441068787
v 0.2771960400000000 -0.0004311700000000 0.0301636700000000
vn 0.7634994447307202 0.0121672739791084 -3.0444049977086740
v 0.2770704000000000 -0.0004180600000000 0.0301315100000000
vn 0.7275431607976065 0.0119474500531792 -3.0427116266984884
v 0.2769508000000000 -0.0004059700000000 0.0301021500000000
vn 0.4334364622205145 2.4242480766746906 -1.1702125454951335
v 0.2768362000000000 -0.0003959700000000 0.0300754700000000
vn 0.5887015999726875 0.0111153091225276 -3.0701937079529160
v 0.2767263700000000 -0.0003880600000000 0.0300535500000000
vn 0.5383972316081638 0.0107731333747209 -3.0766071719345560
v 0.2766225900000000 -0.0003822400000000 0.0300344300000000
vn 0.2267849514770144 2.3411315350258590 -1.1484334744001150
v 0.2765227700000000 -0.0003785000000000 0.0300178600000000
vn 0.3077128180781877 0.0099275614032110 -3.0772553199536938
v 0.2763828600000000 -0.0003770700000000 0.0299999400000000
vn -0.0958634399228127 2.2581162123410055 -1.1490424529063741
v 0.2762547100000000 -0.0003819300000000 0.0299907400000000
vn -0.0666013588515303 0.0077924749588841 -3.0695734141310163
v 0.2761394700000000 -0.0003919900000000 0.0299893300000000
vn -0.5696279245479832 2.2293647006874986 -1.3369971343141605
v 0.2760361100000000 -0.0004083300000000 0.0299956000000000
vn -0.8455144084829254 0.0032400802566845 -2.8368876299270815
v 0.2759441400000000 -0.0004299100000000 0.0300137400000000
vn -1.8104598557163469 1.9388107622852364 -1.0124970527104349
v 0.2758705600000000 -0.0004630100000000 0.0300476800000000
vn -2.6787502321317911 -0.0095836750944184 -1.5386196523279390
v 0.2758242100000000 -0.0005129000000000 0.0301132400000000
vn 1.1852149394575480 -0.0020609247069189 2.9085863934825400
v 0.2909301500000000 -0.0608985700000000 0.0318048800000000
vn 1.0709470291770700 -0.0025381907382874 2.9517628133935689
v 0.2903989600000000 -0.0609019400000000 0.0320255200000000
vn 0.7890601090084192 -0.0040223732935987 3.0404606130071894
v 0.2897411400000000 -0.0609059000000000 0.0322233700000000
vn 0.6837559077819999 -0.0048342852842224 3.0662231393271755
v 0.2890946700000000 -0.0609096700000000 0.0323769600000000
vn 0.6526977835903749 -0.0049280934355996 3.0730299215365804
v 0.2888113300000000 -0.0609113100000000 0.0324381400000000
vn 0.6139922136117943 -0.0050164514051354 3.0809504649741761
v 0.2881965300000000 -0.0609148600000000 0.0325645900000000
vn 0.5924350181374387 -0.0050379999661151 3.0852219111882153
v 0.2878640200000000 -0.0609167600000000 0.0326297400000000
vn 0.5435720121932248 -0.0056157649930564 3.0941642117246131
v 0.2871404200000000 -0.0609208900000000 0.0327629700000000
vn 0.5218397235753290 -0.0057520893887456 3.0979306010998684
v 0.2867451500000000 -0.0609231300000000 0.0328305600000000
vn 0.4730871056949901 -0.0055371182210861 3.1057071740520428
v 0.2859953000000000 -0.0609273600000000 0.0329523400000000
vn 0.4493869559208711 -0.0058331721557449 3.1092801895397804
v 0.2856485300000000 -0.0609293000000000 0.0330031800000000
vn 0.4237762276747115 -0.0061303348538260 3.1128070971272814
v 0.2852836200000000 -0.0609313400000000 0.0330551400000000
vn 0.3515697162991748 -0.0064957377228590 3.1218167033740603
v 0.2845789300000000 -0.0609352400000000 0.0331428400000000
vn 0.3184531623549551 -0.0065770492534284 3.1253567321688944
v 0.2842422900000000 -0.0609370900000000 0.0331789300000000
vn 0.2782652279978276 -0.0068199685138814 3.1291405874368370
v 0.2838835700000000 -0.0609390500000000 0.0332135900000000
vn 0.2237109069487069 -0.0070941751434556 3.1334832922055349
v 0.2835126600000000 -0.0609410600000000 0.0332436900000000
vn 0.0878684448498801 -0.0080801954487065 3.1400798981005367
v 0.2826967200000000 -0.0609454200000000 0.0332849200000000
vn -0.0091474097824482 -0.0087443523983805 3.1410808101049588
v 0.2822564700000000 -0.0609477300000000 0.0332913000000000
vn -0.1283510720230638 -0.0092879906571144 3.1382997933568042
v 0.2818443800000000 -0.0609498500000000 0.0332828500000000
vn -0.3769169359486069 -0.0106549539369911 3.1182844650472790
v 0.2810908100000000 -0.0609536000000000 0.0332220500000000
vn -0.5048686361967010 -0.0111559031842670 3.1000054340970884
v 0.2807457200000000 -0.0609552600000000 0.0331735100000000
vn -0.6240425578116555 -0.0114507926720403 3.0785213632425403
v 0.2804220500000000 -0.0609567800000000 0.0331136300000000
vn -0.8727100933657953 -0.0127123710848152 3.0172202350034683
v 0.2797378300000000 -0.0609598800000000 0.0329452200000000
vn -0.9936671530490434 -0.0132335530006132 2.9796497313639718
v 0.2793869400000000 -0.0609614100000000 0.0328356600000000
vn -1.2198617933425355 -0.0142531213487918 2.8943800688707504
v 0.2787621100000000 -0.0609640200000000 0.0326008800000000
vn -1.3214103277632105 -0.0143273843570827 2.8497031622554250
v 0.2784848100000000 -0.0609651300000000 0.0324774000000000
vn -1.5702091199840242 -0.0157846333670229 2.7195402037992022
v 0.2778773400000000 -0.0609674400000000 0.0321640900000000
vn -1.8578039645358313 -0.0166942659288005 2.5316295482668627
v 0.2772932300000000 -0.0609694400000000 0.0317845700000000
vn -2.1484139735833092 -0.0173643716156508 2.2897395739627155
v 0.2768447300000000 -0.0609707700000000 0.0314140300000000
vn -2.4418998258079183 -0.0180154020206681 1.9728945410143832
v 0.2765120800000000 -0.0609715300000000 0.0310587000000000
vn -3.0059438874427293 2.7695477710349601 2.2308691971172818
v 0.2759675600000000 -0.0008468200000000 0.0308834900000000
vn -2.6303097004583162 -0.0185832150303169 1.8407727738479729
v 0.2760926600000000 -0.0008824800000000 0.0310807400000000
vn -2.4940279882998153 2.9250083358919716 2.4136659409930785
v 0.2762482500000000 -0.0009022100000000 0.0312793600000000
vn -2.2672328714210042 -0.0178216324506187 2.2413275679601754
v 0.2764311800000000 -0.0009081200000000 0.0314790100000000
vn -2.0996343117574754 2.9888416769632902 2.3148969274591980
v 0.2766418300000000 -0.0009001900000000 0.0316765400000000
vn -1.9298003433487578 -0.0168855042674392 2.5119922875974479
v 0.2768792700000000 -0.0008794900000000 0.0318707800000000
vn -1.7383875737228212 2.9772999715378008 2.1014118794813310
v 0.2771453500000000 -0.0008481100000000 0.0320640500000000
vn -1.6305257964976709 -0.0155814622644420 2.7043566101357754
v 0.2774413700000000 -0.0008049900000000 0.0322544000000000
vn -1.3531700040306318 2.8511719849018364 1.8906033773241810
v 0.2777674500000000 -0.0007522300000000 0.0324407600000000
vn -1.3460475488635975 -0.0146435678159877 2.8377409449390028
v 0.2781022000000000 -0.0007509500000000 0.0326088600000000
vn -1.2147469180363664 -0.0137573256676402 2.8962519707805852
v 0.2784540500000000 -0.0007495400000000 0.0327661900000000
vn -1.0799472367598124 -0.0134901006776923 2.9492765598830499
v 0.2788221900000000 -0.0007480200000000 0.0329105300000000
vn -0.9756956444251905 2.9421869491119637 2.9986286815534431
v 0.2792076800000000 -0.0007463700000000 0.0330420000000000
vn -0.8412155583581071 -0.0125159538543325 3.0261070622851385
v 0.2795282700000000 -0.0007449700000000 0.0331386000000000
vn -0.7174021799032027 -0.0119242512190255 3.0579638929416770
v 0.2798566600000000 -0.0007434900000000 0.0332223200000000
vn -0.5968235150085127 -0.0114327945731907 3.0837443936883329
v 0.2801906600000000 -0.0007419500000000 0.0332939600000000
vn -0.4631403323712984 -0.0106665164527911 3.1063816489059581
v 0.2805272400000000 -0.0007403500000000 0.0333521200000000
vn -0.3635642850117604 2.9438970417590786 3.1299266569427076
v 0.2808666300000000 -0.0007387000000000 0.0333947200000000
vn -0.2377649342756388 -0.0098687072513170 3.1318315320358154
v 0.2812133700000000 -0.0007369900000000 0.0334286100000000
vn -0.1149052604520197 -0.0090622960698062 3.1389787964074038
v 0.2815733800000000 -0.0007351700000000 0.0334481100000000
vn -0.0110969878234780 -0.0088003891123585 3.1412048275265207
v 0.2819453900000000 -0.0007332600000000 0.0334552000000000
vn 0.0787580038142842 -0.0082817891207840 3.1403162794082071
v 0.2823271800000000 -0.0007312600000000 0.0334506900000000
vn 0.1370216857055400 3.0181630745332773 3.1458849173793109
v 0.2827186300000000 -0.0007291800000000 0.0334356200000000
vn 0.2125697127534820 -0.0076698382606687 3.1342452182518690
v 0.2831195200000000 -0.0007270300000000 0.0334120900000000
vn 0.2707500203367228 -0.0072924698036900 3.1297635610822345
v 0.2835319200000000 -0.0007248000000000 0.0333803200000000
vn 0.3224115608532163 -0.0070238819636266 3.1249045477779003
v 0.2839527100000000 -0.0007225000000000 0.0333399700000000
vn 0.3639325629967003 -0.0066862083865634 3.1203656689799208
v 0.2843838600000000 -0.0007201300000000 0.0332923200000000
vn 0.4557360727110670 2.9874204568000993 2.3670976412984266
v 0.2848242000000000 -0.0007177000000000 0.0332382900000000
vn 0.4443799918056281 -0.0063416511353672 3.1177319748483776
v 0.2852149800000000 -0.0007502500000000 0.0331838400000000
vn 0.4687682176028518 -0.0061716624688409 3.1203679565250440
v 0.2855909800000000 -0.0007786600000000 0.0331288000000000
vn 0.4923288099727497 -0.0059625201026345 3.1092304936531638
v 0.2859511400000000 -0.0008008400000000 0.0330730400000000
vn 0.5170275366534205 -0.0058277485685911 3.1120965166691503
v 0.2862975700000000 -0.0008199400000000 0.0330168000000000
vn 0.5378396659652336 -0.0055210472114317 3.1063745049025067
v 0.2866302600000000 -0.0008338400000000 0.0329600900000000
vn 0.5434424235547950 3.0978722573639423 3.0511924519257736
v 0.2869491000000000 -0.0008436000000000 0.0329039400000000
vn 0.5763595679213255 -0.0055923338696272 3.1020799403541348
v 0.2873157100000000 -0.0008509900000000 0.0328373100000000
vn 0.5979352462959189 -0.0055387318793803 3.0993595017119588
v 0.2876653300000000 -0.0008532000000000 0.0327709000000000
vn 0.6199334942889934 -0.0054242909643042 3.0932058116346219
v 0.2879978400000000 -0.0008502400000000 0.0327057500000000
vn 0.6461551424030569 -0.0051957803394887 3.0891427948930232
v 0.2883143900000000 -0.0008431600000000 0.0326409300000000
vn 0.5852966141001917 3.0088284991621634 3.6789952354706741
v 0.2886160600000000 -0.0008319400000000 0.0325765500000000
vn 0.7131549704756279 -0.0046644516134360 3.0812339594307931
v 0.2889734900000000 -0.0008130200000000 0.0324962600000000
vn 0.7632165487976480 -0.0044201171437613 3.0748321064323987
v 0.2893085800000000 -0.0007879100000000 0.0324166500000000
vn 0.8558277417957858 -0.0040238930199370 3.0507159126564316
v 0.2896226000000000 -0.0007555400000000 0.0323357400000000
vn 0.8352346058628441 2.7586338986964214 4.1138616428839452
v 0.2899118400000000 -0.0007169600000000 0.0322488700000000
vn 1.1937573501373975 -0.0012558663684818 2.9726892310786370
v 0.2902606400000000 -0.0006506000000000 0.0321211600000000
vn 1.1920482389066476 -0.0015945250409804 2.9416251546927130
v 0.2905685600000000 -0.0005686500000000 0.0319888800000000
vn -0.8220116296258844 2.8058731075530723 -2.9916740824186432
v 0.2756584900000000 0.0637008300000000 0.0301765200000000
vn -0.0236205242776627 3.0152036971073191 -3.1313123178658149
v 0.2758454000000000 0.0637018400000000 0.0301626900000000
vn 0.3207367189726493 3.0645058817482642 -3.1143736254839096
v 0.2760694500000000 0.0637029700000000 0.0301763600000000
vn 0.5523539718406996 3.0876901479686509 -3.0809678171201451
v 0.2763329600000000 0.0637042300000000 0.0302156700000000
vn 0.7099887314881876 3.1114756202710003 -3.0479818384112392
v 0.2766400000000000 0.0637056500000000 0.0302821500000000
vn 0.8345637101786141 3.1189381626017996 -3.0156132502408148
v 0.2769980200000000 0.0637072600000000 0.0303755700000000
vn 0.9226329654288423 3.1325274880444938 -2.9895476723900947
v 0.2774139700000000 0.0637090800000000 0.0304998900000000
vn 0.9729100097781529 3.1428218230148435 -2.9732157041004763
v 0.2778983100000000 0.0637111800000000 0.0306563100000000
vn 0.9761195247855385 3.1610603545619038 -2.9720482335563463
v 0.2784635900000000 0.0637136000000000 0.0308462300000000
vn 0.9296297414937443 3.1802664309725799 -2.9871309111080215
v 0.2791304000000000 0.0637164700000000 0.0310656300000000
vn 0.8369616786949130 3.1925693744862480 -3.0148601029199367
v 0.2799252400000000 0.0637199500000000 0.0313047900000000
vn 0.6931200910591540 3.2071550693985222 -3.0516491731488546
v 0.2808862600000000 0.0637242700000000 0.0315542700000000
vn 0.5339709682376654 3.2045541357726450 -3.0842436544142942
v 0.2820613700000000 0.0637297400000000 0.0317929900000000
vn 0.3781877318989151 3.2089041912970608 -3.1078528636326279
v 0.2835214900000000 0.0637367400000000 0.0320120200000000
vn 0.1694189026722764 3.2085921808244877 -3.1273562695397152
v 0.2853421100000000 0.0637457500000000 0.0321807100000000
vn 0.0054267596888412 3.1970883731074378 -3.1327576855938215
v 0.2870311300000000 0.0637543700000000 0.0322392100000000
vn -0.1318987158712073 3.1901972670969596 -3.1309157786235495
v 0.2884183600000000 0.0637616300000000 0.0322223000000000
vn -0.2544524303309699 3.2090829493056168 -3.1237272836722974
v 0.2895680000000000 0.0637677800000000 0.0321615800000000
vn 0.2932996782752199 0.2763454372251373 -0.0797448247665231
v 0.2905174800000000 0.0637730100000000 0.0320538900000000
vn 1.1904021988428020 3.0987672938513815 2.9088380197530954
v 0.2900300300000000 0.0637699300000000 0.0322529900000000
vn 0.8917254052446506 3.0445285383277536 3.0150897443173656
v 0.2894381900000000 0.0637662700000000 0.0324667700000000
vn 0.7067870981526037 3.0980429629416197 3.0656727094034797
v 0.2887148400000000 0.0637620000000000 0.0326540300000000
vn 0.6168794913838215 3.1135474319796366 3.0856093133970974
v 0.2878635300000000 0.0637570700000000 0.0328395500000000
vn 0.5529148680867817 3.1153408477045268 3.0980910578588685
v 0.2868640300000000 0.0637513400000000 0.0330337300000000
vn 0.4812614144981889 3.1067316300513901 3.1104033624780527
v 0.2856790300000000 0.0637446200000000 0.0332387200000000
vn 0.3702796127332318 3.0839347862576032 3.1260975618941984
v 0.2842514700000000 0.0637366400000000 0.0334438400000000
vn 0.1505143030724490 3.0381090947790512 3.1452182491939613
v 0.2825005500000000 0.0637271000000000 0.0336050000000000
vn -0.2697513277685099 2.9782660731395065 3.1387768990398035
v 0.2808078300000000 0.0637183100000000 0.0335979800000000
vn -0.7586981443770006 2.9876458879725756 3.0598005282172203
v 0.2794688000000000 0.0637119300000000 0.0333852100000000
vn -1.1220398896436192 3.0129477074934208 2.9479507091227326
v 0.2784147200000000 0.0637073300000000 0.0330595600000000
vn -1.4483248225415593 3.0183608864608042 2.8031155062561939
v 0.2775782700000000 0.0637039800000000 0.0326917700000000
vn -1.7262346095633343 3.0162242351169821 2.6419811163096725
v 0.2769189700000000 0.0637015800000000 0.0323122300000000
vn -2.0225668475217238 3.0041414967513709 2.4233695670810214
v 0.2764054000000000 0.0636999300000000 0.0319364600000000
vn -2.3073202479004298 2.9858289604763155 2.1541544462437301
v 0.2760165200000000 0.0636989000000000 0.0315726500000000
vn -2.6398167249825772 2.9586991415517807 1.7239102369990533
v 0.2757367200000000 0.0636983800000000 0.0312275300000000
vn 0.2231756630240860 -0.2534416978565956 -0.0706976140956492
v 0.2908316900000000 0.0033596500000000 0.0318896800000000
vn -0.4750474696007899 0.0059856270109503 -3.1050219994187920
v 0.2903943600000000 0.0637723100000000 0.0320749300000000
vn -0.3971267800144007 0.0064936486932589 -3.1162665171314980
v 0.2902663700000000 0.0637716000000000 0.0320922400000000
vn -0.3646632996632033 0.0065576481583181 -3.1203039941434305
v 0.2901343200000000 0.0637708700000000 0.0321080300000000
vn -0.3318708122304259 0.0068169233623113 -3.1239988403716556
v 0.2899991300000000 0.0637701200000000 0.0321234600000000
vn -0.2892086293266698 0.0070932242019606 -3.1281317328865539
v 0.2898588200000000 0.0637693600000000 0.0321372600000000
vn -0.2619523595233537 0.0072230572732789 -3.1306345485468068
v 0.2897155000000000 0.0637685800000000 0.0321496600000000
vn -0.2158688414558501 0.0074380580652622 -3.1341910342503163
v 0.2894356000000000 0.0637670600000000 0.0321709800000000
vn -0.2028541001196660 0.0074214893371414 -3.1350607992466557
v 0.2893000800000000 0.0637663300000000 0.0321800200000000
vn -0.1790049367274051 0.0074972737671520 -3.1363730735187723
v 0.2891614100000000 0.0637655900000000 0.0321887100000000
vn -0.1671159438947266 0.0075260420634763 -3.1371914814227928
v 0.2890197200000000 0.0637648300000000 0.0321960000000000
vn -0.1543582534315417 0.0076946850221242 -3.1377141106346400
v 0.2888747800000000 0.0637640600000000 0.0322039800000000
vn -0.1309767966371724 0.0079851719048997 -3.1388158209677561
v 0.2887257800000000 0.0637632700000000 0.0322104400000000
vn -0.1212094750351955 0.0080723424771823 -3.1392101555221199
v 0.2885736400000000 0.0637624600000000 0.0322165400000000
vn -0.0978323142150310 0.0081589632940485 -3.1399124217898873
v 0.2882907400000000 0.0637609600000000 0.0322269400000000
vn -0.0762419406764653 0.0082842456140463 -3.1407688770208382
v 0.2881611500000000 0.0637602700000000 0.0322303000000000
vn -0.0555128749523407 0.0085388543842905 -3.1409525188276772
v 0.2880284200000000 0.0637595800000000 0.0322333000000000
vn -0.0491957648297547 0.0085835914582978 -3.1412110258571655
v 0.2878937200000000 0.0637588700000000 0.0322350200000000
vn -0.0432369927534410 0.0084505472385061 -3.1412972601104636
v 0.2877568100000000 0.0637581500000000 0.0322375500000000
vn -0.0227605746749962 0.0084766630659199 -3.1414258885841075
v 0.2876179200000000 0.0637574300000000 0.0322388000000000
vn -0.0144519216236860 0.0084936867792368 -3.1415482562344987
v 0.2874748500000000 0.0637566800000000 0.0322395800000000
vn 0.0032732660502432 0.0086584215451297 -3.1415567791920234
v 0.2873297000000000 0.0637559200000000 0.0322401200000000
vn 0.0095401970026089 0.0086787645552192 -3.1415793209064313
v 0.2871815200000000 0.0637551500000000 0.0322392600000000
vn 0.0454550594663775 0.0089147277268733 -3.1412520223948164
v 0.2869031800000000 0.0637537100000000 0.0322374600000000
vn 0.0503668261560679 0.0089073530093351 -3.1411770527530578
v 0.2867731300000000 0.0637530400000000 0.0322354700000000
vn 0.0674367816118677 0.0089846125356676 -3.1407967246438844
v 0.2866409900000000 0.0637523600000000 0.0322332500000000
vn 0.0721292465421742 0.0089641832532421 -3.1407632878174470
v 0.2865068800000000 0.0637516700000000 0.0322297400000000
vn 0.0891655961816294 0.0092496213267847 -3.1401858027862275
v 0.2863705600000000 0.0637509700000000 0.0322270400000000
vn 0.1048948654230530 0.0094209815676984 -3.1397988877857581
v 0.2862313400000000 0.0637502600000000 0.0322219000000000
vn 0.1085705182149413 0.0093281756611596 -3.1396812236159168
v 0.2860909500000000 0.0637495400000000 0.0322176900000000
vn 0.1358211661619633 0.0093203035342227 -3.1385925154022631
v 0.2859475500000000 0.0637488100000000 0.0322120700000000
vn 0.1407383845676907 0.0092450691655035 -3.1384410994140302
v 0.2858021700000000 0.0637480700000000 0.0322051700000000
vn 0.1568845769442240 0.0092728867986277 -3.1375864263047504
v 0.2856524900000000 0.0637473100000000 0.0321988500000000
vn 0.1832276225785554 0.0092696838073905 -3.1362004910505883
v 0.2854988700000000 0.0637465400000000 0.0321899600000000
vn 0.2078924415793222 0.0095571918519926 -3.1345798482059881
v 0.2851832500000000 0.0637449500000000 0.0321712300000000
vn 0.2285073888186744 0.0098185856632990 -3.1333185890824646
v 0.2850246300000000 0.0637441500000000 0.0321596600000000
vn 0.2376062457523105 0.0100035591525760 -3.1325403356687325
v 0.2848660200000000 0.0637433600000000 0.0321480900000000
vn 0.2572502669179031 0.0101336911308785 -3.1310177387552285
v 0.2847117000000000 0.0637425900000000 0.0321359400000000
vn 0.2785522105075898 0.0100862190069007 -3.1291938979825487
v 0.2845564500000000 0.0637418200000000 0.0321226400000000
vn 0.2996410433757797 0.0101492762976808 -3.1272131957612461
v 0.2844023700000000 0.0637410600000000 0.0321084000000000
vn 0.3101540870613368 0.0102074028326894 -3.1261947104028622
v 0.2842484100000000 0.0637403000000000 0.0320931200000000
vn 0.3314013783142656 0.0102918363992587 -3.1240249229217580
v 0.2840955000000000 0.0637395400000000 0.0320779500000000
vn 0.3527571027204817 0.0103736400998835 -3.1217045600003983
v 0.2839459500000000 0.0637388100000000 0.0320610500000000
vn 0.3527243064363770 0.0103733009593453 -3.1217082714492594
v 0.2838005900000000 0.0637381000000000 0.0320446200000000
vn 0.3645866323758843 0.0104868552517377 -3.1203338154143099
v 0.2836594200000000 0.0637374100000000 0.0320286700000000
vn 0.4137504678989339 0.0108769713050126 -3.1142681621001396
v 0.2833597600000000 0.0637359500000000 0.0319905700000000
vn 0.4153867114412190 0.0106382883256842 -3.1139570818218560
v 0.2832022000000000 0.0637351900000000 0.0319695800000000
vn 0.4276253465964501 0.0107040460839041 -3.1123526992698829
v 0.2830477900000000 0.0637344400000000 0.0319489500000000
vn 0.4508854797750707 0.0109757209369517 -3.1090020653032218
v 0.2828976700000000 0.0637337200000000 0.0319277500000000
vn 0.4751799028965020 0.0111266178210603 -3.1054419441327266
v 0.2827497600000000 0.0637330100000000 0.0319057400000000
vn 0.4895692003298082 0.0110710289143689 -3.1031552704290100
v 0.2826061600000000 0.0637323300000000 0.0318831500000000
vn 0.4925082029179064 0.0110798711038416 -3.1026880493327953
v 0.2824656900000000 0.0637316600000000 0.0318609200000000
vn 0.5071670743775861 0.0112197968896741 -3.1003815452516070
v 0.2823283600000000 0.0637310000000000 0.0318390500000000
vn 0.5341931866597235 0.0114316289032781 -3.0957980815865822
v 0.2821932400000000 0.0637303600000000 0.0318163600000000
vn 0.5657995035053993 0.0114717845337340 -3.0901483880531146
v 0.2819004600000000 0.0637289800000000 0.0317642100000000
vn 0.5824885970027301 0.0114821897587759 -3.0871903456719436
v 0.2817438500000000 0.0637282400000000 0.0317348600000000
vn 0.6091759897068800 0.0117269225738230 -3.0817401273767926
v 0.2815924700000000 0.0637275400000000 0.0317061000000000
vn 0.6358481297814410 0.0118864098473785 -3.0766115221645967
v 0.2814434200000000 0.0637268400000000 0.0316754900000000
vn 0.6440398298097401 0.0118226293688094 -3.0748394516857482
v 0.2812985500000000 0.0637261700000000 0.0316453500000000
vn 0.6743639526356906 0.0119729930980902 -3.0682044883284028
v 0.2811578700000000 0.0637255200000000 0.0316156800000000
vn 0.6926322921692741 0.0120385587248823 -3.0642402336919412
v 0.2810205500000000 0.0637248900000000 0.0315842700000000
vn 0.7412173559050501 0.0120984490927541 -3.0527631198609968
v 0.2807367500000000 0.0637236000000000 0.0315183100000000
vn 0.7630791288412085 0.0120899953581133 -3.0475244347148163
v 0.2805924700000000 0.0637229400000000 0.0314829400000000
vn 0.7844634103058334 0.0121484902714404 -3.0419691086419700
v 0.2804514500000000 0.0637223100000000 0.0314468800000000
vn 0.7957083757959371 0.0122471644273773 -3.0391581312075377
v 0.2803146100000000 0.0637216900000000 0.0314112900000000
vn 0.8192861375610032 0.0126145085013972 -3.0328421207179370
v 0.2801809100000000 0.0637210900000000 0.0313760500000000
vn 0.8433795068158249 0.0128357526379385 -3.0261167878591779
v 0.2800515100000000 0.0637205200000000 0.0313402500000000
vn 0.8756243702426560 0.0128235581242589 -3.0169853387258447
v 0.2797826000000000 0.0637193200000000 0.0312643100000000
vn 0.9016096937782694 0.0129748337946106 -3.0094669392931284
v 0.2796442600000000 0.0637187100000000 0.0312232600000000
vn 0.9043215042496254 0.0129747077494954 -3.0085000338913490
v 0.2795101000000000 0.0637181300000000 0.0311826800000000
vn 0.9217300930121071 0.0129884613926786 -3.0032997403490844
v 0.2793789600000000 0.0637175500000000 0.0311435000000000
vn 0.9390531473868344 0.0130567991254708 -2.9978346318772777
v 0.2792531700000000 0.0637170100000000 0.0311038600000000
vn 0.9688429202798188 0.0133485776952165 -2.9884497647894612
v 0.2789873000000000 0.0637158500000000 0.0310198000000000
vn 0.9798019571725184 0.0134445612589543 -2.9848485117831220
v 0.2788494300000000 0.0637152600000000 0.0309745600000000
vn 0.9894331722565827 0.0133360957814427 -2.9815890457180538
v 0.2787166800000000 0.0637146900000000 0.0309309600000000
vn 0.9972942970468395 0.0132674632975908 -2.9791669815373423
v 0.2785881000000000 0.0637141300000000 0.0308878400000000
vn 1.0021607277868119 0.0133521299199191 -2.9774640408921105
v 0.2783135300000000 0.0637129500000000 0.0307964400000000
vn 1.0076695959063557 0.0133512086052825 -2.9755360641123891
v 0.2781697400000000 0.0637123400000000 0.0307473500000000
vn 0.9989323240321335 0.0132367943383916 -2.9785388406768636
v 0.2780319900000000 0.0637117500000000 0.0307010700000000
vn 0.9790509164240651 0.0127931188949831 -2.9850552887260475
v 0.2777706600000000 0.0637106300000000 0.0306143400000000
vn 0.9651838780535655 0.0128614310312817 -2.9896911657042518
v 0.2776470800000000 0.0637100900000000 0.0305739000000000
vn 0.9505440021894099 0.0129813627826036 -2.9942499254552768
v 0.2775284900000000 0.0637095800000000 0.0305361400000000
vn 0.9115843870734653 0.0127178569546054 -3.0063045953027148
v 0.2772686600000000 0.0637084500000000 0.0304548700000000
vn 0.8831445453641867 0.0126048493799933 -3.0149055751788429
v 0.2771303200000000 0.0637078400000000 0.0304138200000000
vn 0.8151876274391201 0.0122180217261581 -3.0338958076523048
v 0.2768726800000000 0.0637067000000000 0.0303412800000000
vn 0.7729927745543730 0.0119675677799506 -3.0449220971374125
v 0.2767533800000000 0.0637061600000000 0.0303097900000000
vn 0.6849556285773049 0.0117494996076428 -3.0658635461205428
v 0.2765326600000000 0.0637051600000000 0.0302573100000000
vn 0.6404407214691400 0.0115415447701327 -3.0755302135936815
v 0.2764292700000000 0.0637046800000000 0.0302350300000000
vn 0.4608778224573754 0.0107879750037471 -3.1070645720857164
v 0.2761957500000000 0.0637035800000000 0.0301927500000000
vn 0.1871584542079159 0.0094320482505019 -3.1350201959985626
v 0.2759519700000000 0.0637023800000000 0.0301662600000000
vn -0.2368591374060078 0.0071430641967617 -3.1304976298965674
v 0.2757475400000000 0.0637013200000000 0.0301664600000000
vn -3.1814353031861682 -2.3454486353568207 0.5114359531063228
v 0.2757769100000000 0.0032985500000000 0.0302073400000000
vn -0.7771408355309554 -2.2154380852685818 -1.2035781578100211
v 0.2759949600000000 0.0031444600000000 0.0300090500000000
vn -0.1590506228533522 0.0077317844123826 -3.0681272427391937
v 0.2760882600000000 0.0031291800000000 0.0299994200000000
vn -0.1348026427842068 -2.3130384452646995 -1.2426037483894696
v 0.2761922200000000 0.0031192000000000 0.0299984300000000
vn 0.2352606159220914 0.0099679035490932 -3.0840372923874479
v 0.2763049800000000 0.0031134600000000 0.0300037400000000
vn 0.1717168697301178 -2.2948750128593072 -1.1225516128675259
v 0.2764274500000000 0.0031130100000000 0.0300165200000000
vn 0.4986628449761168 0.0110708652744709 -3.0812719621674649
v 0.2765608200000000 0.0031178600000000 0.0300358400000000
vn 0.3861205438606091 -2.3896847497407423 -1.1605101711358818
v 0.2767029800000000 0.0031259000000000 0.0300614600000000
vn 0.6583500314614904 0.0120413118446202 -3.0652301607699139
v 0.2768043600000000 0.0031347900000000 0.0300824800000000
vn 0.7169549443934307 0.0122304880545488 -3.0533008529866619
v 0.2769096800000000 0.0031447400000000 0.0301060600000000
vn 0.5668397585437934 -2.4547377775492056 -1.1700385414217369
v 0.2770198600000000 0.0031557700000000 0.0301333800000000
vn 0.8031449685457559 0.0126327837970082 -3.0422160392472475
v 0.2771360700000000 0.0031699700000000 0.0301635000000000
vn 0.8286754734232253 0.0125132901040022 -3.0194253542990026
v 0.2772572700000000 0.0031841900000000 0.0301963100000000
vn 0.6740095163812188 -2.5227234180635598 -1.2216403638512527
v 0.2773845000000000 0.0032005500000000 0.0302319200000000
vn 0.9024691648208090 0.0130345601157202 -3.0087013129580278
v 0.2775165900000000 0.0032190200000000 0.0302712700000000
vn 0.9213477075422158 0.0130412612499789 -3.0091739646887850
v 0.2776557600000000 0.0032385700000000 0.0303135400000000
vn 0.7611744220969168 -2.6090961548610592 -1.3006999986305392
v 0.2778009700000000 0.0032581500000000 0.0303586100000000
vn 0.9598884088842050 0.0132499485240979 -2.9973476618288970
v 0.2779133200000000 0.0032744200000000 0.0303946600000000
vn 0.9702211579175711 0.0133203030133717 -2.9840412503686382
v 0.2780307800000000 0.0032907100000000 0.0304323500000000
vn 0.9900676924893687 0.0134507908165326 -2.9860661875580043
v 0.2781521900000000 0.0033080800000000 0.0304726000000000
vn 0.8462455675329996 -2.7359217669467362 -1.4737302024297345
v 0.2782776500000000 0.0033254500000000 0.0305143800000000
vn 1.0041181310209790 0.0132350521265307 -2.9804493542813555
v 0.2784081100000000 0.0033428500000000 0.0305588300000000
vn 1.0032843982742474 0.0132912951396590 -2.9817600542970313
v 0.2785427600000000 0.0033602700000000 0.0306037600000000
vn 1.0033392380643857 0.0132347549835308 -2.9809255602120523
v 0.2786823900000000 0.0033777000000000 0.0306513700000000
vn 0.8717242990253616 -2.8573743270305330 -1.6745776740636953
v 0.2788272600000000 0.0033951700000000 0.0306995700000000
vn 0.9970511248470383 0.0132573559413862 -2.9819314491889402
v 0.2789476300000000 0.0034093600000000 0.0307397000000000
vn 0.9948372821927725 0.0131839995609417 -2.9913881564277718
v 0.2790710200000000 0.0034235700000000 0.0307812300000000
vn 0.9731763881548467 0.0129756504779298 -2.9899453024042062
v 0.2791986000000000 0.0034367500000000 0.0308232200000000
vn 0.9552453756396992 0.0130144937427232 -2.9955462937703272
v 0.2793303700000000 0.0034499500000000 0.0308656900000000
vn 0.8220992548525993 -2.9321019910723556 -1.8293309009009553
v 0.2794663100000000 0.0034631700000000 0.0309086400000000
vn 0.9431646401695657 0.0130881582223728 -3.0070128418278985
v 0.2795839200000000 0.0034742100000000 0.0309452600000000
vn 0.9305168863361279 0.0129199072105136 -3.0022938840897826
v 0.2797035100000000 0.0034842000000000 0.0309831700000000
vn 0.9023916008986499 0.0127607495082559 -3.0115553001051456
v 0.2798263500000000 0.0034942100000000 0.0310203900000000
vn 0.9004611435026575 0.0128347443396449 -3.0195985216371728
v 0.2799533700000000 0.0035042400000000 0.0310580700000000
vn 0.8870885833315982 0.0127293732864912 -3.0150169030760576
v 0.2800834200000000 0.0035132300000000 0.0310971600000000
vn 0.7700893303407270 -3.0171648366901280 -2.0472238525006565
v 0.2802167300000000 0.0035222400000000 0.0311355500000000
vn 0.8432119848699429 0.0125089410492445 -3.0359455413928091
v 0.2803347100000000 0.0035301300000000 0.0311690300000000
vn 0.8182854711164962 0.0124427366100950 -3.0344458979115991
v 0.2804549000000000 0.0035369800000000 0.0312017000000000
vn 0.8069427908544217 0.0125068775654362 -3.0372601569647668
v 0.2805782300000000 0.0035438400000000 0.0312347300000000
vn 0.7963389542608237 0.0125249870206817 -3.0402373130711204
v 0.2807047000000000 0.0035507300000000 0.0312681000000000
vn 0.7767978769205842 0.0124680980755873 -3.0528424803102476
v 0.2808343000000000 0.0035576200000000 0.0313018400000000
vn 0.7533851557784660 0.0123083732620226 -3.0508136210106187
v 0.2809671700000000 0.0035634900000000 0.0313348800000000
vn 0.6872540730715682 -3.1080988197312469 -2.3775524781844894
v 0.2811031700000000 0.0035693700000000 0.0313682700000000
vn 0.7016681757667926 0.0118200652549201 -3.0629626115525781
v 0.2812248900000000 0.0035741300000000 0.0313968700000000
vn 0.6817034930542085 0.0118073611756072 -3.0671782147059066
v 0.2813498700000000 0.0035789100000000 0.0314247700000000
vn 0.6770483529828288 0.0118252196106727 -3.0766239472203414
v 0.2814769400000000 0.0035837100000000 0.0314529200000000
vn 0.6571712041189148 0.0116615284146189 -3.0724187738476525
v 0.2816071500000000 0.0035874700000000 0.0314814100000000
vn 0.6279053999426970 0.0113492726708252 -3.0786568364063829
v 0.2817395800000000 0.0035912400000000 0.0315091000000000
vn 0.6100627241230723 0.0112929645170127 -3.0823257565505084
v 0.2818752500000000 0.0035950300000000 0.0315360900000000
vn 0.5954792904995807 0.0114192425277233 -3.0923121387822499
v 0.2820140700000000 0.0035988300000000 0.0315634400000000
vn 0.5173806674505158 -3.1027900335165119 -2.3926046251652080
v 0.2821551000000000 0.0036016000000000 0.0315899800000000
vn 0.5649087409988509 0.0111582460990163 -3.0907012413130062
v 0.2822826500000000 0.0036043000000000 0.0316139300000000
vn 0.5363673040149621 0.0107414856606786 -3.0956109033396197
v 0.2824134600000000 0.0036070200000000 0.0316372000000000
vn 0.5228503894625330 0.0107386082910305 -3.1058483780242718
v 0.2825464800000000 0.0036097600000000 0.0316596500000000
vn 0.5055626249032987 0.0108768457628063 -3.0930967807232741
v 0.2826815900000000 0.0036114500000000 0.0316823400000000
vn 0.4932310113303257 0.0109111242309238 -3.1103851372517273
v 0.2828199600000000 0.0036142200000000 0.0317043400000000
vn 0.4786594332242131 0.0107504850635502 -3.1049321423433751
v 0.2829604200000000 0.0036159400000000 0.0317265700000000
vn 0.4651775512792065 0.0106046220143233 -3.1071391269591881
v 0.2831030900000000 0.0036176800000000 0.0317479900000000
vn 0.4524127526376446 0.0106508588549388 -3.1089301140752199
v 0.2832489000000000 0.0036194300000000 0.0317697700000000
vn 0.3946241580636843 -3.1437043436389374 -2.6439964969503182
v 0.2833969200000000 0.0036211900000000 0.0317907400000000
vn 0.4249014845579058 0.0106475555408301 -3.1204905884206648
v 0.2835325100000000 0.0036229000000000 0.0318092500000000
vn 0.3986214200858725 0.0104612025924426 -3.1085305073845637
v 0.2836712400000000 0.0036235700000000 0.0318281000000000
vn 0.3880055811501316 0.0103313204727830 -3.1250902103136911
v 0.2838112500000000 0.0036253100000000 0.0318449900000000
vn 0.3867072041056245 0.0102527436400122 -3.1176184173137083
v 0.2839542800000000 0.0036260000000000 0.0318632700000000
vn 0.3640058976881764 0.0102072389456387 -3.1204212316806328
v 0.2840995200000000 0.0036267100000000 0.0318807400000000
vn 0.3418154396630359 0.0100516479186425 -3.1229303420655410
v 0.2842469700000000 0.0036274300000000 0.0318974100000000
vn 0.3204989145105102 0.0099878863159235 -3.1250938924711100
v 0.2843966300000000 0.0036281600000000 0.0319132600000000
vn 0.3110119351396913 0.0100517380259741 -3.1329841206936786
v 0.2845495500000000 0.0036289200000000 0.0319284300000000
vn 0.3002962492460702 0.0099884276565757 -3.1270430127550046
v 0.2847045600000000 0.0036286300000000 0.0319438300000000
vn 0.2505057218569995 -3.1568213658183200 -2.6763430074063379
v 0.2848617900000000 0.0036283600000000 0.0319584100000000
vn 0.2682263065585564 0.0097097658702694 -3.1378309118201839
v 0.2849960000000000 0.0036290200000000 0.0319704000000000
vn 0.2446628770606003 0.0094580095329772 -3.1318495713369252
v 0.2851313800000000 0.0036286400000000 0.0319814600000000
vn 0.2343475570670608 0.0093869158587515 -3.1327851139474827
v 0.2852689700000000 0.0036282800000000 0.0319917200000000
vn 0.2134024728475287 0.0096182120344910 -3.1415012660303514
v 0.2854086500000000 0.0036279200000000 0.0320022000000000
vn 0.2023148954672821 0.0097451237421048 -3.1275274022596506
v 0.2855506700000000 0.0036265300000000 0.0320108300000000
vn 0.1935649243435095 0.0097001469478873 -3.1427026456502394
v 0.2856936000000000 0.0036262000000000 0.0320206300000000
vn 0.1721078285867707 0.0096415300604053 -3.1367909421326461
v 0.2858388700000000 0.0036248300000000 0.0320285700000000
vn 0.1523220436531703 0.0093603336941874 -3.1374523404224637
v 0.2859851900000000 0.0036234600000000 0.0320366200000000
vn 0.1345183091310584 0.0091375234383909 -3.1454868434374119
v 0.2861348800000000 0.0036221200000000 0.0320429400000000
vn 0.1267084950614199 0.0088173634723139 -3.1317360000021752
v 0.2862866700000000 0.0036197300000000 0.0320495000000000
vn 0.1084439707417212 0.0086840567704291 -3.1465355756311473
v 0.2864417000000000 0.0036184200000000 0.0320553600000000
vn 0.0416647708064556 -3.1380763163073548 -2.5838330673180794
v 0.2865968600000000 0.0036160500000000 0.0320601800000000
vn 0.0837156467666230 0.0087957332753999 -3.1341340570354768
v 0.2867520300000000 0.0036126400000000 0.0320649900000000
vn 0.0687805784763242 0.0088480703197772 -3.1480434170579916
v 0.2869041700000000 0.0036102600000000 0.0320684000000000
vn 0.0544132337178440 0.0087169110726618 -3.1413183751518106
v 0.2870542200000000 0.0036068300000000 0.0320715800000000
vn 0.0413704086205508 0.0084009974650950 -3.1415417424665133
v 0.2872033500000000 0.0036033900000000 0.0320735900000000
vn 0.0292557241654199 0.0082964868807117 -3.1413596870860161
v 0.2873514300000000 0.0035999400000000 0.0320754900000000
vn 0.0145265866684602 0.0084372782213447 -3.1494229161848679
v 0.2874996300000000 0.0035965000000000 0.0320763400000000
vn -0.0033771653268309 0.0084073532678921 -3.1346695567739262
v 0.2876447000000000 0.0035919900000000 0.0320768300000000
vn -0.0107960467699223 0.0084962722758629 -3.1576223361582567
v 0.2877877900000000 0.0035885300000000 0.0320760400000000
vn -0.0213618104072177 0.0083024291172552 -3.1348109947271823
v 0.2879265900000000 0.0035829400000000 0.0320758200000000
vn -0.0419919980117590 0.0080281673035052 -3.1421012296732682
v 0.2880623700000000 0.0035783800000000 0.0320742000000000
vn -0.0515215143261014 0.0079566086279202 -3.1503156030662360
v 0.2881950000000000 0.0035738200000000 0.0320722300000000
vn -0.1508242339265719 -3.0361992317734239 -2.1678107760908776
v 0.2883245100000000 0.0035681800000000 0.0320699000000000
vn -0.0790237916400469 0.0079650539689600 -3.1418152296975417
v 0.2884763400000000 0.0035616100000000 0.0320669100000000
vn -0.0971824675853130 0.0079259863946510 -3.1405340452736805
v 0.2886241000000000 0.0035550300000000 0.0320624000000000
vn -0.1058747523998849 0.0078584524595097 -3.1485261472175976
v 0.2887708100000000 0.0035484300000000 0.0320577700000000
vn -0.1294768986273127 0.0077756737946642 -3.1401734106970838
v 0.2889133500000000 0.0035407700000000 0.0320526700000000
vn -0.1378096978906916 0.0077068759953391 -3.1471202582223010
v 0.2890528700000000 0.0035330900000000 0.0320461700000000
vn -0.1503673012917786 0.0077137360854872 -3.1399965547098203
v 0.2891901900000000 0.0035243500000000 0.0320404800000000
vn -0.1737912653311388 0.0078178125669214 -3.1378904420374614
v 0.2893234400000000 0.0035155900000000 0.0320332600000000
vn -0.1844840257742822 0.0077728517107609 -3.1378487856793180
v 0.2894545900000000 0.0035068200000000 0.0320258100000000
vn -0.1958840255641949 0.0076919504922259 -3.1450498265417259
v 0.2895826200000000 0.0034980400000000 0.0320180100000000
vn -0.3782308952588197 -2.9838209963569313 -1.9575766307750850
v 0.2897085500000000 0.0034881900000000 0.0320099700000000
vn -0.2372784141221803 0.0071118951660265 -3.1350288910169013
v 0.2898624000000000 0.0034753400000000 0.0319987100000000
vn -0.2546487138614004 0.0071304472102755 -3.1410196771238255
v 0.2900120700000000 0.0034624700000000 0.0319869900000000
vn -0.2826301870106609 0.0069886710335082 -3.1453689728390075
v 0.2901575600000000 0.0034485200000000 0.0319747800000000
vn -0.3211044612168980 0.0067456590416141 -3.1283357963242624
v 0.2903000400000000 0.0034324600000000 0.0319611800000000
vn -0.3670670207282450 0.0065529813357099 -3.1388006227338807
v 0.2904384600000000 0.0034163800000000 0.0319460500000000
vn -0.4084618684470414 0.0062150383249021 -3.1177762693133584
v 0.2905728200000000 0.0033981800000000 0.0319294000000000
vn -0.4837146507108373 0.0059861748433034 -3.1233261133341435
v 0.2907041600000000 0.0033799700000000 0.0319113500000000
vn 0.4230317682536625 -2.8594962321269097 2.0920846297024047
v 0.2839535300000000 0.0034335700000000 0.0333495700000000
vn 0.2752388575238677 -0.0069601775592525 3.1294031105793247
v 0.2835327400000000 0.0034312700000000 0.0333899200000000
vn 0.2175098421293998 -0.0073991687919789 3.1338695739419320
v 0.2831212600000000 0.0034290400000000 0.0334228500000000
vn 0.1523851030240941 -0.0077481478618356 3.1377307272546826
v 0.2827203800000000 0.0034268900000000 0.0334463800000000
vn 0.0797149733285185 -0.0081643260802666 3.1402836753073058
v 0.2823289200000000 0.0034248100000000 0.0334614500000000
vn -0.0047209796931888 -0.0087007765625573 3.1412970732306462
v 0.2819481800000000 0.0034228200000000 0.0334660800000000
vn -0.1045928980941061 -0.0083852258697636 3.1393083411659823
v 0.2815802400000000 0.0034209200000000 0.0334605100000000
vn -0.2191454542276243 -0.0091157752401310 3.1333648281823425
v 0.2812201100000000 0.0034191000000000 0.0334420500000000
vn -0.3342379651653124 -2.8675160585557573 3.1135893899296971
v 0.2808667400000000 0.0034173500000000 0.0334105800000000
vn -0.4830748182877497 -0.0106625931956876 3.1035235902019855
v 0.2804744900000000 0.0034154500000000 0.0333577800000000
vn -0.6202429706767940 -0.0117166535468317 3.0788198604402051
v 0.2800934100000000 0.0034136500000000 0.0332903500000000
vn -0.7603771423210877 -0.0124529343129449 3.0474119595273454
v 0.2797195800000000 0.0034119400000000 0.0332057400000000
vn -0.8934437951307832 -0.0128778103056047 3.0110098461935553
v 0.2793486800000000 0.0034102800000000 0.0331045100000000
vn -1.0197837992118091 -0.0133106187598237 2.9708031716052843
v 0.2789817600000000 0.0034087000000000 0.0329867800000000
vn -1.1481694512219511 -0.0137023999021178 2.9232909993000824
v 0.2786217200000000 0.0034071800000000 0.0328550100000000
vn -1.0792140138480510 -2.7141848853365400 1.7006519067063055
v 0.2782698600000000 0.0034057500000000 0.0327072100000000
vn -1.3814312315528885 -0.0145411493387663 2.8282636868799118
v 0.2779879100000000 0.0034509500000000 0.0325759500000000
vn -1.4868766741120303 -0.0149186752852128 2.7708687277096402
v 0.2777244800000000 0.0034920500000000 0.0324404000000000
vn -1.5120044781476469 -2.9493279531017680 1.9514948042405718
v 0.2774793100000000 0.0035300900000000 0.0323026700000000
vn -1.7670924536467800 -0.0164399167330721 2.6253791353335947
v 0.2771430000000000 0.0035773300000000 0.0320900700000000
vn -1.8986300636206805 -3.0116389948864351 2.2304833333012892
v 0.2768431400000000 0.0036121400000000 0.0318741300000000
vn -2.1247800113783146 -0.0173084073521587 2.3671868587304559
v 0.2765788100000000 0.0036313600000000 0.0316536800000000
vn -2.3291316069497516 -2.9720313266167611 2.4028234955498990
v 0.2763496700000000 0.0036360300000000 0.0314318600000000
vn -2.5269458093034922 -0.0184450593213609 1.9800315547567795
v 0.2761557100000000 0.0036230000000000 0.0312086700000000
vn -2.7970786693057557 -2.8228228575725853 2.3619690525548012
v 0.2759977700000000 0.0035912100000000 0.0309863100000000
vn -2.9508584591348690 -0.0189409065747327 1.3171409304270116
v 0.2758803500000000 0.0035417200000000 0.0307716400000000
vn -3.3182123741834775 -2.5773885655269053 1.6631206234950675
v 0.2758033300000000 0.0034745200000000 0.0305657200000000
vn -2.4418758898957771 -0.0184253931553654 1.9728214846866625
v 0.2758636700000000 0.0636985800000000 0.0313975700000000
vn -2.1485379946425045 -0.0177028420522288 2.2899949325695421
v 0.2761964400000000 0.0636993500000000 0.0317518500000000
vn -1.8576975357467962 -0.0163584857289822 2.5316663874689618
v 0.2766448200000000 0.0637006700000000 0.0321234400000000
vn -1.5699283581266288 -0.0155890496120683 2.7199634519570699
v 0.2772290400000000 0.0637026800000000 0.0325019100000000
vn -1.3212592486780872 -0.0148491855789964 2.8498270957155585
v 0.2778364000000000 0.0637049800000000 0.0328162700000000
vn -1.2198717523510518 -0.0144088931981953 2.8943478919189380
v 0.2781137000000000 0.0637060900000000 0.0329397500000000
vn -0.9938016727262420 -0.0134788825176013 2.9796267364217814
v 0.2787385200000000 0.0637087000000000 0.0331745300000000
vn -0.8727496905444100 -0.0126013314585471 3.0171779276332451
v 0.2790894200000000 0.0637102300000000 0.0332840900000000
vn -0.6191717494193510 -0.0115154723075273 3.0793829011654363
v 0.2797736300000000 0.0637133300000000 0.0334525000000000
vn -0.5041855880679569 -0.0112710569125414 3.1003186451902085
v 0.2800974300000000 0.0637148500000000 0.0335113300000000
vn -0.3821067162817315 -0.0104665562168242 3.1175629418766695
v 0.2804423900000000 0.0637165100000000 0.0335609100000000
vn -0.1280715940639890 -0.0093767742654365 3.1383004806101975
v 0.2811959600000000 0.0637202700000000 0.0336217200000000
vn -0.0094808846880521 -0.0085413175450222 3.1410726309692958
v 0.2816080600000000 0.0637223900000000 0.0336301600000000
vn 0.0880318144767084 -0.0079863824730926 3.1400932124730434
v 0.2820483100000000 0.0637246900000000 0.0336237900000000
vn 0.2241099802759530 -0.0072447269163696 3.1335301846199450
v 0.2828643700000000 0.0637290500000000 0.0335815100000000
vn 0.2737793657242382 -0.0071576403473518 3.1294964415308941
v 0.2832351600000000 0.0637310600000000 0.0335524500000000
vn 0.3186020866615711 -0.0069699401327732 3.1253461849343469
v 0.2835938800000000 0.0637330200000000 0.0335178000000000
vn 0.3515534417979072 -0.0068956071149955 3.1217982474829471
v 0.2839305200000000 0.0637348700000000 0.0334817000000000
vn 0.4239194788494215 -0.0066367895293469 3.1127971862407331
v 0.2846352000000000 0.0637387700000000 0.0333940000000000
vn 0.4536084202807732 -0.0063617979107323 3.1086570226337020
v 0.2850001100000000 0.0637408100000000 0.0333420400000000
vn 0.4730584416180314 -0.0062635827605580 3.1057205286749849
v 0.2853470100000000 0.0637427600000000 0.0332901600000000
vn 0.5257699034588281 -0.0058431138613246 3.0972756708051405
v 0.2860967300000000 0.0637469800000000 0.0331694300000000
vn 0.5474734232072511 -0.0057868399933296 3.0934636361019017
v 0.2864921200000000 0.0637492300000000 0.0331007900000000
vn 0.5879743728149309 -0.0053929386843584 3.0860851433322600
v 0.2872157200000000 0.0637533500000000 0.0329675600000000
vn 0.6094758890533701 -0.0054152354871722 3.0818311992237488
v 0.2875481100000000 0.0637552600000000 0.0329034500000000
vn 0.6528004903730038 -0.0050996285439727 3.0729887543698977
v 0.2881629200000000 0.0637588000000000 0.0327770000000000
vn 0.6838051915355094 -0.0050341213020995 3.0661741148509578
v 0.2884462600000000 0.0637604400000000 0.0327158200000000
vn 0.7893103045120241 -0.0043755944975813 3.0403873742639602
v 0.2890927200000000 0.0637642200000000 0.0325622300000000
vn 1.0710589439118743 -0.0028878444962264 2.9516890095891890
v 0.2897505500000000 0.0637681800000000 0.0323643800000000
vn 1.1851639600743433 -0.0015053348057169 2.9085738475489387
v 0.2902817300000000 0.0637715400000000 0.0321437500000000
vn 1.1946968870405803 -0.0018361637984831 2.9448384492280448
v 0.2905231300000000 0.0034471700000000 0.0320107900000000
vn 1.1669425540762208 -0.0024490832465877 2.9870969835626351
v 0.2901834100000000 0.0035302600000000 0.0321548500000000
vn 0.8213399554549078 -2.7841072094027148 4.0707666939767222
v 0.2897960300000000 0.0035941800000000 0.0322902800000000
vn 0.8139740008392349 -0.0039046631482397 3.0654149859168864
v 0.2894720000000000 0.0036290800000000 0.0323819300000000
vn 0.7341940432855378 -0.0043940955060624 3.0764523134300910
v 0.2891210600000000 0.0036554400000000 0.0324684000000000
vn 0.6880978281147572 -0.0046257363354663 3.0872385111064338
v 0.2887446900000000 0.0036753400000000 0.0325551500000000
vn 0.5994942549923110 -3.0444111298408334 3.5757253907988522
v 0.2883408300000000 0.0036877400000000 0.0326419500000000
vn 0.6256561643684159 -0.0047970851464166 3.0941204862622289
v 0.2879981600000000 0.0036920800000000 0.0327123300000000
vn 0.6003682428662438 -0.0050056899056468 3.1004391265113780
v 0.2876384400000000 0.0036910700000000 0.0327839400000000
vn 0.5747866144047211 -0.0052896853915884 3.1009439216879295
v 0.2872586500000000 0.0036836400000000 0.0328553900000000
vn 0.5529275715716553 -0.0053615599157693 3.1062922550588694
v 0.2868574900000000 0.0036708300000000 0.0329286400000000
vn 0.5673699923566480 -3.0960850088069272 2.9110543835348826
v 0.2864362600000000 0.0036516000000000 0.0330017100000000
vn 0.5047603355030558 -0.0055676487168842 3.1122104685710803
v 0.2860672600000000 0.0036295200000000 0.0330626800000000
vn 0.4812961614916658 -0.0057765818302661 3.1172521474693791
v 0.2856823500000000 0.0036020900000000 0.0331239500000000
vn 0.4478946593774168 -0.0059197904137552 3.1185103722452285
v 0.2852795900000000 0.0035682600000000 0.0331842400000000
vn 0.4116896530128055 -0.0060926567997085 3.1222662225003988
v 0.2848580300000000 0.0035290700000000 0.0332423800000000
vn 0.3704635666877375 -0.0063259872942337 3.1292687299454061
v 0.2844155800000000 0.0034845200000000 0.0332981500000000
vn -2.9270947380820873 -2.4221418095673060 0.7363365939276810
v -0.0248761000000000 0.0587514300000000 0.0776358400000000
vn -2.3209560928079194 -2.2823773126193747 1.8432625594252288
v -0.0243953000000000 0.0587511200000000 0.0786725500000000
vn -1.2476311795050838 -2.3440828638431794 2.7210774115182845
v -0.0231835300000000 0.0587549800000000 0.0795852700000000
vn 0.0217070510345779 -2.2965923758190074 2.9907719584227119
v -0.0220091000000000 0.0587604900000000 0.0798376600000000
vn 1.4436535038481817 -2.2770539489815165 2.5979531057517073
v -0.0205363900000000 0.0587689500000000 0.0795048800000000
vn 2.3331221239466711 -2.4043155163121535 1.9350969441473374
v -0.0196631800000000 0.0587755100000000 0.0787513700000000
vn 2.8694588604988622 -2.1444920500372930 0.5730670594305646
v -0.0189558100000000 0.0587828000000000 0.0774400900000000
vn 2.6313108758384214 -2.1984857476903521 -1.3223581217485119
v -0.0192245300000000 0.0587867700000000 0.0754492100000000
vn 1.1584087685064630 -2.0036836392654713 -2.6110056994856556
v -0.0207273100000000 0.0587832700000000 0.0739642300000000
vn -0.5154853938698081 -2.2448243268832790 -2.9138606772795308
v -0.0225369800000000 0.0587740100000000 0.0738160600000000
vn -1.8515906228775021 -2.2061901215567992 -2.2738451965659214
v -0.0239175400000000 0.0587651300000000 0.0744360300000000
vn -2.8233557093808370 -2.1720144534712027 -0.6907311274369021
v -0.0249885800000000 0.0587549000000000 0.0761602600000000
vn -1.9771339955825256 -3.8173733148136972 -2.1897617561586213
v -0.0229769500000000 0.0587667700000000 0.0756235500000000
vn -0.5052317216842044 -3.5505492576357662 -3.0348910311109378
v -0.0221966000000000 0.0587717100000000 0.0753025200000000
vn 1.1516180549332082 -3.7531835520199515 -2.7637275326614770
v -0.0214557400000000 0.0587754500000000 0.0753422500000000
vn 2.6574647035079999 -3.8343218303153104 -1.2704743064872126
v -0.0205758100000000 0.0587778800000000 0.0761330900000000
vn 2.8170283722886280 -3.7964932528987565 0.9188388198150677
v -0.0205145000000000 0.0587749700000000 0.0773187600000000
vn 1.7366461664842929 -3.6260359363225940 2.4958075976323593
v -0.0211549300000000 0.0587695500000000 0.0780899100000000
vn 0.5224866152592192 -3.4754652778465274 3.0450462623859558
v -0.0217472000000000 0.0587659000000000 0.0782987200000000
vn -0.6980263989270187 -3.5692439747498055 2.9766305857953084
v -0.0223044100000000 0.0587630200000000 0.0782903800000000
vn -1.7846234106307011 -3.5174962124131448 2.5017421006777720
v -0.0228721500000000 0.0587608100000000 0.0780190700000000
vn -2.6194537413028032 -3.6319486104015635 1.5148732904481252
v -0.0232619900000000 0.0587598700000000 0.0776165300000000
vn -2.9129617683891436 -3.8298484964208783 -0.3214619751512561
v -0.0235134900000000 0.0587611200000000 0.0766782700000000
vn 5.5158458266565269 1.7406933499731578 -1.0942370120803022
v -0.0191125400000000 0.0596636000000000 0.0762244100000000
vn -5.5143793958955563 1.8021285134086718 -0.5659941882392072
v -0.0249079200000000 0.0596245100000000 0.0764571300000000
vn 5.5249181961746938 1.8713942695276815 1.3111526350427920
v -0.0191140800000000 0.0596233100000000 0.0774435800000000
vn 4.4315525588680531 1.8052651310102912 -3.3869401064031668
v -0.0195983000000000 0.0596736700000000 0.0751112800000000
vn 2.1777389096905249 2.1042999316102922 -4.9166459635213053
v -0.0208183400000000 0.0598997000000000 0.0741654200000000
vn -0.7528074966052288 2.0794605112097315 -5.2520776490283927
v -0.0224503900000000 0.0599080800000000 0.0739535700000000
vn -2.8902426322152062 1.8317977396370027 -4.8510166487457074
v -0.0234474200000000 0.0597347300000000 0.0743178700000000
vn -4.5733898397282040 1.6592108620407062 -3.3255196734213541
v -0.0243022200000000 0.0596483700000000 0.0750392500000000
vn 1.5972912189828605 4.0048485412069530 -3.6882854798691129
v -0.0210153900000000 0.0609615700000000 0.0748046800000000
vn -1.8047625902668873 4.0871745340479979 -3.6923689058291447
v -0.0229668000000000 0.0609171900000000 0.0748415500000000
vn -4.0051620848135743 3.5579549531824082 -2.4251040115209603
v -0.0240477400000000 0.0606547300000000 0.0755768100000000
vn -2.2476032234822796 5.2852443019436386 -0.9068911811934575
v -0.0232284100000000 0.0615568100000000 0.0763438100000000
vn 3.0968898980918227 4.2844103520567085 -1.7374821380398338
v -0.0202474000000000 0.0611977400000000 0.0757966300000000
vn -0.1789528863328346 5.5212213904812391 -2.0584956114584592
v -0.0221194500000000 0.0616487300000000 0.0757980400000000
vn 0.8967784536611144 5.5727994370474692 0.3896297895916770
v -0.0215187600000000 0.0618419100000000 0.0770481200000000
vn -2.7727420656987842 -2.5486072496474339 1.0654566220831605
v -0.0233943100000000 0.0557309500000000 0.0773629100000000
vn -1.8446785600928526 -2.7327299264036786 2.4323342052423489
v -0.0228563900000000 0.0557319800000000 0.0780108400000000
vn -0.3951222901554292 -2.5679479649011294 2.9694262701848997
v -0.0221811300000000 0.0557346500000000 0.0783231200000000
vn 1.1876182934240722 -2.7374556050404797 2.8294630275183614
v -0.0213505100000000 0.0557393500000000 0.0781810300000000
vn 2.4115907895285478 -2.5469345820860272 1.7876496937400930
v -0.0207425300000000 0.0557436800000000 0.0777521400000000
vn 2.3367769798685729 -2.4487613269777522 -1.8207396650255883
v -0.0207137800000000 0.0557489500000000 0.0758693100000000
vn 0.4345325416539523 -2.4211362381326671 -2.8984010832030207
v -0.0217311600000000 0.0557453100000000 0.0752616500000000
vn -5.2802128495777074 1.7914795395055407 2.0931660433946728
v -0.0246550400000000 0.0596383000000000 0.0779626800000000
vn -1.4488410598461186 1.9071227667265407 5.3400853657565994
v -0.0226910700000000 0.0597284800000000 0.0796258100000000
vn -3.6760286167109699 1.7917476032076172 4.3065266893070904
v -0.0239533900000000 0.0596414400000000 0.0789495600000000
vn 4.4523484821580688 1.8675986325951763 3.3798351647748439
v -0.0196493000000000 0.0596627400000000 0.0785644100000000
vn -0.5681909080827461 3.7360080210626170 4.2736812264826201
v -0.0222369100000000 0.0607964700000000 0.0791341900000000
vn 1.8854883382199943 2.0142627398690323 4.8977973265808794
v -0.0209203900000000 0.0598465600000000 0.0795474000000000
vn -4.1460230673361238 3.9998644675809496 0.3333216896029243
v -0.0241338900000000 0.0609909500000000 0.0769785200000000
vn -3.5625728176288307 3.5181060626923415 2.9289551300117491
v -0.0239231600000000 0.0606445100000000 0.0782807800000000
vn 2.6880552987405864 4.1955326879223129 2.8821391081009597
v -0.0205483100000000 0.0610317800000000 0.0783303900000000
vn -1.9385734044006941 5.2201854002105232 1.9019234756943710
v -0.0230139800000000 0.0614851700000000 0.0777720900000000
vn 0.2679439258741139 5.2598190848423449 2.7479953980899863
v -0.0218590800000000 0.0614960500000000 0.0781869300000000
vn 4.1330873468607168 3.8200119292656654 0.7012738249259277
v -0.0196973700000000 0.0608602900000000 0.0771504000000000
vn 2.6602893708652902 2.3523131581840055 1.4040027981811811
v -0.0187127900000000 -0.0593771400000000 0.0779417900000000
vn 2.0347465398929212 2.1994296027462892 2.1575634530795789
v -0.0192113200000000 -0.0593815900000000 0.0786278600000000
vn 0.4010641125487148 1.9763606064675405 2.8231990107429614
v -0.0207784400000000 -0.0593924600000000 0.0795218300000000
vn -1.6035156739896110 2.0056242634767592 2.3876900967131762
v -0.0231431800000000 -0.0594032000000000 0.0790099000000000
vn -2.7200861131631111 2.3584151395446784 1.3473068948946305
v -0.0240431700000000 -0.0594046500000000 0.0778657400000000
vn -2.9399303750553138 2.1573093232006859 -0.0982091000411288
v -0.0244407100000000 -0.0594028600000000 0.0764287500000000
vn -2.6741904335489783 2.3986721893344094 -1.4328686815253713
v -0.0240018200000000 -0.0593966900000000 0.0750160900000000
vn -1.8086540564483202 2.0768479094756791 -2.2770629003054523
v -0.0233030000000000 -0.0593906300000000 0.0741148700000000
vn -0.0122383313908138 1.9661348146699615 -2.8230131864323154
v -0.0213220500000000 -0.0593789700000000 0.0733823300000000
vn 1.8218789994511493 2.1957189882363668 -2.2796418589864307
v -0.0193571700000000 -0.0593702400000000 0.0741614000000000
vn 2.6805309431953992 2.4348672632076775 -1.3748402795761401
v -0.0186715600000000 -0.0593691800000000 0.0750931800000000
vn 1.8453837385778267 3.8491026145402345 -2.2642375294877777
v -0.0203952900000000 -0.0593786200000000 0.0752675300000000
vn 0.1098808786778446 3.6688143935507869 -3.0189544377988842
v -0.0213490500000000 -0.0593827300000000 0.0749530700000000
vn -1.2471351426936532 3.5224242282675728 -2.8192359275466026
v -0.0219630100000000 -0.0593862900000000 0.0750908200000000
vn -2.4403601645706026 3.7527183133210129 -1.7218454535567154
v -0.0225692900000000 -0.0593906100000000 0.0755171800000000
vn -2.9484339398733517 3.8058420308699299 0.3036622084600650
v -0.0228936300000000 -0.0593954000000000 0.0766592700000000
vn -1.1897084543841812 3.4551054729360353 2.8753345710267348
v -0.0219107100000000 -0.0593936300000000 0.0778896300000000
vn 0.0135846366886235 3.5492188717395146 3.0804367695205515
v -0.0213656900000000 -0.0593911100000000 0.0780058600000000
vn 1.2322210517638992 3.5278392038074453 2.8234214305984944
v -0.0207517300000000 -0.0593875400000000 0.0778681000000000
vn 2.4347810166605148 3.7909355615274483 1.6822490539456467
v -0.0201106200000000 -0.0593831700000000 0.0774012500000000
vn -0.3704823983692419 -5.6053402313614527 -1.1206031792258457
v -0.0215678900000000 -0.0624102400000000 0.0758728800000000
vn -4.7644537225272927 -2.0959853456832769 -2.3897349548762477
v -0.0239463400000000 -0.0605419900000000 0.0752193900000000
vn -2.3799083772645782 -2.0030179727012234 -4.8240454690515291
v -0.0226289700000000 -0.0605232400000000 0.0739143500000000
vn 2.8718466349339158 2.0272005085084888 0.0010240739751717
v -0.0182709400000000 -0.0593721600000000 0.0765077500000000
vn 3.7262994625646702 -1.7696935774157541 -4.2713844759775714
v -0.0194056800000000 -0.0602607000000000 0.0743044600000000
vn 5.1947669862934447 -1.7137498779257641 -2.2568430756600373
v -0.0186923900000000 -0.0602565800000000 0.0752759600000000
vn 5.3374006385867583 -2.1512098336938723 0.9025645974395132
v -0.0185469800000000 -0.0605041000000000 0.0770472300000000
vn 1.1523678678799927 -2.0971551173363494 -5.1376466184730756
v -0.0207608500000000 -0.0605349800000000 0.0736618800000000
vn 3.1382322718336275 -3.7778833015305326 -3.0742760706536600
v -0.0196709700000000 -0.0613789000000000 0.0748515100000000
vn -3.2085522884611648 -4.2038405094348663 -2.3808842868031457
v -0.0231310800000000 -0.0615672700000000 0.0752310700000000
vn -1.0908881281072147 -4.0124927166550570 -3.9959689120400013
v -0.0219104600000000 -0.0615367800000000 0.0743266200000000
vn 0.9175463421935325 -4.8133882461767099 -3.1334684095933629
v -0.0209560800000000 -0.0619424000000000 0.0748084000000000
vn 4.6879862543168871 -3.3532600918355771 -0.5326282533301532
v -0.0188588900000000 -0.0611221700000000 0.0761064300000000
vn 2.7268595907477877 -4.9601480454449849 -0.2397620851154511
v -0.0198912900000000 -0.0621061300000000 0.0763136300000000
vn 2.6974324870668456 2.6557453645356572 1.3851334284120775
v -0.0200214000000000 -0.0563529900000000 0.0771965800000000
vn 1.5172768161612575 2.5864424853717214 2.6011695900754588
v -0.0205721800000000 -0.0563574300000000 0.0778033800000000
vn -0.2636821232103022 2.5102946230891163 2.9784474036055473
v -0.0214954000000000 -0.0563629200000000 0.0780300400000000
vn -1.9987833263792210 2.5462982041516296 2.2628704225679428
v -0.0224097400000000 -0.0563666600000000 0.0776273500000000
vn -2.9203693297498639 2.6446851612228817 0.9178274249764320
v -0.0228290600000000 -0.0563669100000000 0.0769461200000000
vn 0.2164592204246416 2.4321136311816396 -2.9065067615136542
v -0.0212508500000000 -0.0563532700000000 0.0749453500000000
vn 2.9979284027568589 2.6030683771543228 -0.1724043910088564
v -0.0198485700000000 -0.0563499900000000 0.0764245100000000
vn 2.1546538288103552 -1.6870993804969334 5.1106263625596657
v -0.0202175800000000 -0.0602151100000000 0.0792070700000000
vn -1.4530722034897230 -1.9693356825978814 4.9624637130765681
v -0.0222508800000000 -0.0605664000000000 0.0792389500000000
vn -4.5720744599872418 -1.8544425889692819 3.2577490836740237
v -0.0237041100000000 -0.0602920400000000 0.0782046800000000
vn -5.5015362230835017 -1.8271596756011081 0.7111040766472487
v -0.0242924300000000 -0.0602638100000000 0.0767726600000000
vn 4.0442902581724569 -2.7993778173558650 2.5368839528731915
v -0.0190241300000000 -0.0609086400000000 0.0779324600000000
vn 1.8848753742968696 -3.7428928891239579 4.0138002854822856
v -0.0203416500000000 -0.0614119700000000 0.0785605400000000
vn -3.5129567283019600 -3.6646124851308244 2.8497118619622581
v -0.0231963400000000 -0.0612801300000000 0.0780280200000000
vn -4.3193769421729602 -3.8588919072384948 0.2349747849096364
v -0.0236547600000000 -0.0614346600000000 0.0765412200000000
vn -0.7096779607595449 -4.3401720728587350 3.5940283675795115
v -0.0217165900000000 -0.0617535200000000 0.0784606200000000
vn 1.3119105461659080 -5.2774014395876740 1.8051145982601411
v -0.0206696200000000 -0.0622125500000000 0.0775162200000000
vn -1.9759477218250958 -5.2747344636715958 0.6396723737609142
v -0.0224357300000000 -0.0622808800000000 0.0767745600000000
vn -0.3973258893161908 -3.0460585925336736 3.6346470382962126
v -0.0113832000000000 0.0161295600000000 0.0395915000000000
vn -0.4288415719105256 3.0220149520017534 3.6511487919613401
v -0.0113713900000000 0.0138574100000000 0.0395853200000000
vn -0.3216439912857998 -3.6753099783852066 3.0052776495386508
v -0.0211990800000000 -0.0571098000000000 0.0749802600000000
vn 0.3596648721946419 -3.6579298212974085 -3.0241648817623998
v -0.0215392900000000 -0.0571197500000000 0.0779910100000000
vn 0.3215197752612788 3.6778882471265595 -3.0042670742225144
v -0.0215432300000000 -0.0563630700000000 0.0779930700000000
vn 2.9962610453732150 3.6800549061523595 0.3507921558054890
v -0.0228779000000000 -0.0563654600000000 0.0763171000000000
vn 1.1936649152894980 3.6637424709905764 2.7916977887295684
v -0.0219787600000000 -0.0563574700000000 0.0750990600000000
vn -1.8219560048970584 3.6489904850525199 2.4508681107230710
v -0.0204728800000000 -0.0563501000000000 0.0752692500000000
vn -0.3216504021409993 -3.6753145104124902 3.0052761283086467
v -0.0217860400000000 0.0557449500000000 0.0752870100000000
vn 1.2317843932813028 -3.6662837474021188 2.7717670366359504
v -0.0225617900000000 0.0557406000000000 0.0754037500000000
vn 3.0345191520080599 -3.6505557361410270 0.3307443757848657
v -0.0234609300000000 0.0557326200000000 0.0766217900000000
vn 0.3596865289959105 -3.6579928072323500 -3.0241467271549243
v -0.0221262600000000 0.0557350000000000 0.0782977700000000
vn -2.9959772814040426 -3.6800565158689080 -0.3507760153281768
v -0.0204512500000000 0.0557473400000000 0.0769619400000000
vn -1.7834570343048881 -3.6810678471265619 2.4306674930262631
v -0.0210559000000000 0.0557479700000000 0.0755739400000000
vn 0.3215273037122628 3.6778571104741760 -3.0042702384263018
v -0.0221301900000000 0.0564916800000000 0.0782998200000000
vn -0.3597745220885303 3.6553487424510664 3.0252495988972581
v -0.0217899800000000 0.0565016300000000 0.0752890700000000
vn 1.9638770441610558 3.7836191792289271 -2.2207994214884663
v -0.0230081400000000 0.0587603200000000 0.0779389700000000
vn 3.0437680159447078 3.5470994674580889 0.3557097017007521
v -0.0234766800000000 0.0587614400000000 0.0766300300000000
vn 0.3998271068559273 3.6427309208705516 -3.0009793636042357
v -0.0221420100000000 0.0587638300000000 0.0783060000000000
vn -0.4375931160101209 3.6217172987901400 3.0208490037514686
v -0.0218017900000000 0.0587737800000000 0.0752952500000000
vn -1.3477448825314435 3.7193281020961408 -2.6764276696508080
v -0.0213153300000000 0.0587684300000000 0.0781929300000000
vn -3.0806274906589013 3.5171531005096135 -0.3364925560822874
v -0.0204670000000000 0.0587761700000000 0.0769701700000000
vn -1.4160091168189635 -3.7675974578882667 -2.6276870809033959
v -0.0206012800000000 -0.0593866300000000 0.0778203700000000
vn -3.0440551437069994 -3.5471112855776648 -0.3557268372207362
v -0.0198524700000000 -0.0593795500000000 0.0766490100000000
vn 0.2826121808770869 -3.6227686885124251 -3.0382613428911078
v -0.0215274800000000 -0.0593918900000000 0.0779848400000000
vn -0.2448558412056936 -3.6416924372454922 3.0186201636052337
v -0.0211872600000000 -0.0593819400000000 0.0749740900000000
vn 1.9137480194461323 -3.7027747282973973 -2.3323974587179439
v -0.0223080800000000 -0.0593951500000000 0.0776901200000000
vn 3.0806231922209384 -3.5171478479634692 0.3364505591226320
v -0.0228621500000000 -0.0593942800000000 0.0763088700000000
vn 0.0314804039956745 -2.9143970997384123 3.1118763697652692
v 0.0030540400000000 -0.0265958800000000 0.0418431900000000
vn 0.8153343405275624 -6.1787703433963115 0.0717081658667624
v 0.0246758400000000 -0.0264216900000000 0.0191327600000000
vn -2.8024206656470625 -3.6545084663414236 -1.1244061391129228
v 0.0180108500000000 -0.0264836700000000 0.0291805800000000
vn 1.9529495780637571 -3.7257326139067342 -2.3179940543728579
v 0.0154857700000000 -0.0264985700000000 0.0298377100000000
vn -2.7639804558138383 -3.3881992196998540 1.4065866989617319
v 0.0082072300000000 -0.0265364000000000 0.0298220800000000
vn 0.0933405679903705 -3.2740497935343664 -3.1348817112934371
v 0.0067733600000000 -0.0265502300000000 0.0321637800000000
vn 3.0437124707663283 -3.3840997745048598 0.7332628416852345
v -0.0124318600000000 -0.0265722200000000 0.0035057800000000
vn -1.8961652735266310 -3.3484283783937254 -2.4801047831657455
v -0.0512760300000000 -0.0268245400000000 0.0220096300000000
vn 2.7899572525408027 -3.6790594075812644 1.1687025705170537
v -0.0509987000000000 -0.0267517100000000 -0.0042554000000000
vn -3.1012361066680740 -3.3303022996818763 -0.0119173888946913
v 0.0208349800000000 -0.0264011300000000 0.0042163000000000
vn 0.8227289605433279 -3.5867862023778292 2.9379016032874161
v -0.0112816400000000 -0.0265626900000000 0.0022027900000000
vn -2.7188086253806816 3.7901694766462590 -1.2463021301965038
v 0.0177252100000000 0.0265341200000000 0.0294139000000000
vn 0.0012516138006557 2.8976043667130207 3.1276686727746874
v 0.0027782900000000 0.0264222300000000 0.0419873000000000
vn 2.0028888452946871 3.6792054958458333 -2.2562388665850213
v 0.0151816000000000 0.0265194900000000 0.0299362800000000
vn -2.8345699207313348 3.4166199388951890 1.3186700151647806
v 0.0079314800000000 0.0264817000000000 0.0299661900000000
vn -3.0023703741328571 3.6658134580255912 0.5009493517965997
v -0.0186928500000000 0.0264175100000000 0.0026286200000000
vn -1.7617301592141963 4.6995022019012476 1.3972836198477414
v -0.0001474700000000 0.0264099800000000 0.0408951300000000
vn 2.4273330943555171 3.4377601573100613 1.9293319845172754
v -0.0447201500000000 0.0262240300000000 0.0240156600000000
vn 3.0224147858708288 3.3294316632079815 0.7044728556822245
v -0.0513165000000000 0.0262652300000000 -0.0037627700000000
vn 0.4577276817647002 3.7191066604504264 2.9940128426492039
v -0.0499789400000000 0.0262759500000000 -0.0051345200000000
vn 2.7603543741177106 3.7307585841264994 1.1763734411660991
v -0.0126651500000000 0.0264470900000000 0.0032904100000000
vn -1.6599766829529374 3.5776941373824642 2.5944422285381963
v -0.0283422100000000 0.0263813900000000 -0.0025357300000000
vn 0.7510937534954143 6.1864175012463294 0.1053259067479241
v 0.0244000900000000 0.0265964100000000 0.0192768700000000
vn -0.4297544098872444 3.6450854043957066 -3.0076711599653772
v -0.0228887000000000 0.0263240800000000 0.0289834500000000
vn -1.7453898811841344 1.5579712730815440 1.3887235762758294
v -0.0611946700000000 0.0261091500000000 0.0347572700000000
vn -6.2433647627714191 -0.0305470517150344 -0.7056067749693271
v -0.0587378200000000 0.0211021700000000 0.0132352800000000
vn -3.1758988083263739 1.5385208346727959 -3.0502904555137667
v -0.0575899100000000 0.0118218200000000 0.0034801700000000
vn -6.2433648825395620 -0.0305553128534472 -0.7056053576065917
v -0.0579402100000000 -0.0204428300000000 0.0079768300000000
vn -3.8132973858595909 0.5100194956256717 2.6371413497562246
v -0.0562634100000000 -0.0162071000000000 -0.0070432800000000
vn -3.8077144897206257 -0.5639809541335447 2.6342042559137768
v -0.0562736700000000 -0.0142348900000000 -0.0070379200000000
vn -3.4528602103236250 -3.1106580240086141 -0.4006035722647855
v -0.0569262900000000 -0.0095584900000000 -0.0014658800000000
vn -3.5723514805358696 -2.9274617791326434 0.6521586428921735
v -0.0567062400000000 -0.0098951900000000 -0.0033983400000000
vn -3.8132909329382874 0.5100168229938061 2.6371373033841263
v -0.0564190200000000 0.0137107000000000 -0.0069619600000000
vn -3.8077176834447775 -0.5639838102413725 2.6342272527392563
v -0.0564292700000000 0.0156829100000000 -0.0069566000000000
vn -3.1239883191083808 -0.5447141068295064 -3.4208900619737048
v -0.0601307800000000 0.0155746200000000 0.0257998300000000
vn -1.7290497807575484 -1.5835683545878116 1.3801838341227013
v -0.0609189200000000 -0.0269089500000000 0.0346131600000000
vn -1.7454037636162945 1.5579800632733452 1.3887424160731374
v -0.0002324300000000 0.0264074900000000 0.0416470300000000
vn 0.5801555029509949 -0.0139797696597850 6.2533923123828981
v 0.0222416400000000 0.0000201800000000 0.0395260800000000
vn 3.4360391842489868 2.2313617961968091 2.4761731249857890
v 0.0235260300000000 0.0067440600000000 0.0278703700000000
vn 3.5513739223201273 2.9737127019620067 1.1078457811384088
v 0.0241985500000000 0.0100201600000000 0.0217778600000000
vn 3.6390933988944125 2.9681256561136204 1.0055911613196797
v 0.0230460000000000 0.0044035200000000 0.0322186300000000
vn 3.3825117031835430 3.0713268356727408 -0.2812413266443073
v 0.0244327300000000 -0.0047438400000000 0.0203451700000000
vn 3.1216823959789748 0.0152762105011419 0.3528031421587002
v 0.0242807700000000 -0.0240660300000000 0.0225264200000000
vn 6.2433616258816329 0.0305393030273388 0.7056348631402761
v 0.0226641600000000 -0.0183422500000000 0.0365826700000000
vn 3.1216830538993565 0.0152757572736760 0.3527929914758405
v 0.0225839300000000 -0.0065030800000000 0.0367799300000000
vn 3.1216819863282126 0.0152546166026914 0.3528130413882174
v 0.0227645500000000 0.0241813400000000 0.0338530800000000
vn 3.1216821186157757 0.0152770723734231 0.3528042835172188
v 0.0224460500000000 0.0200059700000000 0.0368519800000000
vn 3.1216825334114779 0.0152757956228066 0.3528029079275102
v 0.0250608700000000 0.0242485200000000 0.0135318100000000
vn 3.3411888897205024 -3.0627526951686677 0.8103041343447064
v 0.0259555100000000 0.0219074700000000 0.0057171900000000
vn 3.5032223292735982 -2.9695809963591935 1.0810386898196733
v 0.0263912100000000 0.0023551200000000 0.0027086900000000
vn 3.3648353901880079 -2.3804960216553508 2.2980733834890055
v 0.0264953500000000 0.0019192500000000 0.0018060500000000
vn 3.1216844396269985 0.0152734872817565 0.3527792929731054
v 0.0266483500000000 0.0134056400000000 -0.0000451200000000
vn 3.2950608087142719 -1.8218561604152936 2.8397453568993236
v 0.0263059200000000 -0.0192197100000000 0.0043975400000000
vn 3.2273884574924891 -0.5942157913592612 3.3871172365375308
v 0.0263394500000000 -0.0198260600000000 0.0041271200000000
vn 3.1216820305508142 0.0152774148186766 0.3528057766316232
v 0.0267862300000000 -0.0131034100000000 -0.0001171700000000
vn 0.7055111023461562 0.0206395929980605 -6.2434161879553907
v -0.0111158800000000 -0.0001893400000000 0.0348027400000000
vn -1.3926326889780121 1.5682901000757867 -1.7329853506157973
v 0.0215408200000000 -0.0255442500000000 0.0384091600000000
vn 1.7290497524459680 1.5835675368371505 -1.3801831845554355
v -0.0593670900000000 -0.0259402000000000 0.0292651900000000
vn 1.7453882823984719 -1.5579700935433447 -1.3887214316835257
v -0.0596330000000000 0.0251856800000000 0.0294041600000000
vn 2.4273261745509700 3.4377951615236539 1.9293256439625279
v -0.0444493300000000 -0.0258479600000000 0.0238741200000000
vn -2.0410253695250051 3.6458099138373301 2.2761557320501855
v -0.0098444700000000 -0.0256101000000000 0.0025811100000000
vn 2.7793516602245241 3.4356250573196139 -1.3615326204918474
v -0.0025943400000000 -0.0255723100000000 0.0025512000000000
vn 1.9928181258386339 3.6501484485384106 -2.2630703856815324
v 0.0154524300000000 -0.0255525000000000 0.0297947400000000
vn -0.5352204469025349 3.7253173169389537 -2.9600758966008787
v 0.0071189500000000 -0.0256023800000000 0.0322008500000000
vn 0.0947842060696362 3.2668208291589358 -3.1198894160524238
v -0.0229184400000000 -0.0257494000000000 0.0288112300000000
vn 2.0817989001888346 1.5938815753347317 -4.5018914249668649
v -0.0539453600000000 -0.0257815900000000 -0.0187144100000000
vn -0.7101257168243578 3.3042407782205814 3.0494751522347254
v 0.0194952600000000 -0.0254574000000000 0.0025439400000000
vn 3.6022246707118311 -2.8867248278887114 -0.6677736802465277
v -0.0563581200000000 0.0200144400000000 0.0006512300000000
vn 3.7041593604633789 -2.3465435408060937 -1.5905034773287638
v -0.0565447900000000 0.0190227300000000 0.0023458300000000
vn 3.1763595822154134 -1.5390051714216371 3.0499206906156102
v -0.0580196300000000 0.0174681000000000 0.0154629000000000
vn 3.1290493401231561 -0.5300380387084307 3.4181904456980625
v -0.0579342400000000 0.0156159800000000 0.0147875300000000
vn 3.7615315990482072 1.5724770252182017 -2.2662445823878747
v -0.0566497800000000 0.0118264200000000 0.0035864200000000
vn 3.6795049110150790 2.3935392122153609 -1.5776166085701893
v -0.0564995200000000 0.0103193300000000 0.0023221700000000
vn 3.3345833345231171 2.9204831886378400 1.4519802739732375
v -0.0583112900000000 0.0092800800000000 0.0183980900000000
vn 3.7041520724994559 -2.3465128896375731 -1.5905031853567779
v -0.0563891800000000 -0.0108950700000000 0.0022645100000000
vn 3.7776112322044315 -1.5209285223929239 -2.2746540309032044
v -0.0565237200000000 -0.0124104900000000 0.0035205400000000
vn 3.1602475174916336 1.5553610274600571 3.0583335887052718
v -0.0578344800000000 -0.0181305800000000 0.0153661400000000
vn 3.5720015268573859 2.9276216961414865 -0.6519718309348523
v -0.0561469900000000 -0.0205789600000000 0.0005409000000000
vn 3.3346160388457164 2.9204841205766194 1.4519794806531947
v -0.0581556800000000 -0.0206377200000000 0.0183167700000000
vn 3.8137692874187743 -0.5107574199023320 -2.6368187319443726
v -0.0590350400000000 -0.0143385800000000 0.0258247600000000
vn 3.6026119147509763 -2.8865247128035536 -0.6679424146125447
v -0.0586477300000000 -0.0099748900000000 0.0222088400000000
vn 3.5723837901178710 2.9274405555632361 -0.6521380677359692
v -0.0587478100000000 0.0092673000000000 0.0222611400000000
vn 3.1763523007125403 -1.5390114680414380 3.0499177141221274
v -0.0555745300000000 0.0175396300000000 -0.0061749700000000
vn 3.4850405366533748 -3.0767042736705807 0.3837928065493727
v -0.0572970800000000 0.0053689400000000 0.0095935600000000
vn 3.1758930032767938 -1.5385306211815106 3.0502960986373164
v -0.0567299800000000 0.0025446500000000 0.0046979500000000
vn 3.1290544814409249 -0.5300457879541352 3.4181730025452417
v -0.0566445800000000 0.0006925300000000 0.0040225700000000
vn 3.1234547860262460 0.5439774371494172 3.4211275659359686
v -0.0566343300000000 -0.0012796800000000 0.0040172100000000
vn 2.8296111349936872 -3.4117169017836111 -1.3357457250804619
v -0.0028602500000000 0.0255535700000000 0.0026901600000000
vn 2.4804591432321548 -3.4322985959006305 1.8791445640080684
v -0.0447152300000000 0.0252779200000000 0.0240130900000000
vn -2.4018436740321372 -3.4231532093890733 -1.9715894492578931
v -0.0281058000000000 0.0254300200000000 -0.0001630100000000
vn 2.9463216221574751 -3.7586173992999550 -0.6074448046309169
v -0.0541355300000000 0.0252364600000000 0.0212413800000000
vn 1.1859457936156335 -3.7070440775185380 -2.7895171069190199
v -0.0441908900000000 0.0252737000000000 0.0265709700000000
vn 0.0140395264105187 -3.3605364774164888 -3.1304421247182939
v 0.0065025300000000 0.0255217700000000 0.0323053200000000
vn -2.8926553662807715 -3.8168451500827607 0.6141621174689634
v 0.0206070400000000 0.0256722300000000 0.0039556000000000
vn 0.7377716200100028 -3.5533657725317531 2.9817110280671750
v -0.0115524700000000 0.0255093000000000 0.0023443200000000
vn -1.3502560465533100 -3.5635461907407588 2.7457556654622985
v -0.0195545800000000 0.0254701400000000 0.0014399500000000
vn 0.0158816535677432 -3.3150378874484048 3.1098782246014176
v -0.0496356500000000 0.0253314600000000 -0.0051000100000000
vn -1.0235484239981911 -1.5629367378391423 -4.8632326648094457
v 0.0266966400000000 0.0257402400000000 -0.0094314700000000
vn -3.9003233685078205 -2.2449170321987162 1.6323749556703080
v 0.0226554400000000 -0.0066311200000000 0.0277277700000000
vn -3.7695033537873641 -2.9719904915918809 0.1487165116144038
v 0.0221513400000000 -0.0043193700000000 0.0320886900000000
vn -3.7168293891665147 2.9352687861029567 0.2676616931513630
v 0.0221118200000000 0.0044245800000000 0.0320590900000000
vn -3.3023247309833006 -3.1412721768905745 -0.4245747602730592
v 0.0239016200000000 0.0053923700000000 0.0161806500000000
vn -3.2822473683100042 -3.1203001349539083 -0.7197864559658002
v 0.0224851900000000 0.0218288500000000 0.0280017700000000
vn -1.3762948231800358 -1.5732405415765660 -1.7415191049857621
v 0.0212749200000000 0.0255816300000000 0.0385481200000000
vn -2.9079100539628442 0.2467118548916468 -3.4665639589287669
v 0.0218876000000000 0.0059039400000000 0.0339789900000000
vn -3.4430494165374785 -2.9247397494977383 -1.3609575022949383
v 0.0220552600000000 -0.0044031500000000 0.0329418100000000
vn -3.2848045888025603 -2.2673303167910861 -2.4807057640645023
v 0.0219974700000000 -0.0047227100000000 0.0334669600000000
vn -3.2089538598387266 -1.2386125127979746 -3.2026137487299002
v 0.0219596900000000 -0.0052301000000000 0.0338232400000000
vn -3.1971338154799565 1.3248597149346102 -3.1526669482965772
v 0.0220064200000000 -0.0140334500000000 0.0337909400000000
vn -3.4775008361600848 3.0520118682261099 0.0871289387244872
v 0.0252418800000000 -0.0216477900000000 0.0054925700000000
vn -3.5251974266648003 -2.6013121227460685 1.3643047342611889
v 0.0253069400000000 -0.0187934300000000 0.0047933800000000
vn -3.4054358875097170 3.0510790623204751 0.2186002679431683
v 0.0244178500000000 -0.0048287300000000 0.0120555300000000
vn -3.1380211180170186 3.1262619114825898 -0.3442668683533046
v 0.0260271000000000 -0.0254130000000000 -0.0012921800000000
vn -3.6782148214442354 2.9366171385145656 0.3596393405797447
v 0.0232630300000000 0.0100358700000000 0.0216299300000000
vn 2.4387101207879787 -3.4103248994339976 1.9508601880243788
v -0.0444444000000000 -0.0267940700000000 0.0238715500000000
vn -2.4616386489286350 3.4210389314395280 -1.9130557104085599
v -0.0278398900000000 -0.0256958600000000 -0.0003019800000000
vn 3.1455061726497027 -3.2535929521659308 0.0978871263429616
v -0.0154880000000000 0.0254182900000000 0.0282959500000000
vn 1.1189704125731159 3.7098133915265041 -2.7919115716884022
v -0.0145016500000000 0.0263651200000000 0.0299326800000000
vn -2.9828214808158449 3.6774598542576702 0.5382166175223542
v 0.0205970400000000 0.0266181300000000 0.0040111700000000
vn -0.0144220428277622 3.3601068829394625 3.1305179725603374
v -0.0014313000000000 0.0265135000000000 0.0003510300000000
vn -1.7126753355549365 -4.7250979924836827 1.3716815566289866
v 0.0001282800000000 -0.0266081300000000 0.0407510200000000
vn -0.7055101571204881 -0.0206390480158164 6.2434162965676654
v -0.0143572100000000 -0.0032694400000000 0.0391913000000000
vn 1.4089654743540856 -4.7098355360511537 1.7244460690995309
v -0.0224506000000000 -0.0267186300000000 0.0381992300000000
vn 3.5073864467956790 -2.9416090326849775 1.1521957379797696
v 0.0243067900000000 -0.0098823100000000 0.0216820300000000
vn 3.8554632974981273 2.8385398802618207 -0.5180047584290406
v 0.0236084700000000 -0.0217146600000000 0.0283732700000000
vn -3.3630895806875061 -3.1210343785894068 -0.0447720588657276
v 0.0250153800000000 0.0219028700000000 0.0056109400000000
vn 2.9052232873227166 -1.4972376098398030 -2.3210600418065526
v 0.2965385200000000 0.0005198100000000 0.0320951600000000
vn 2.9400190094745788 0.0231073118346120 -2.7207256073929629
v 0.2965622000000000 0.0014678100000000 0.0318446600000000
vn 2.8905350353191932 1.5395379525633059 -2.3133635540792605
v 0.2965286800000000 0.0024130900000000 0.0321003100000000
vn 2.7572665728202708 2.6448913335547521 -1.2072294172318934
v 0.2964473100000000 0.0031043500000000 0.0327903100000000
vn -2.8289550660212357 2.7159376431878819 1.0678614218080353
v 0.0253009900000000 0.0018251100000000 0.0039532000000000
vn 2.6984316660706362 3.1680360654052149 0.0809590763280122
v 0.2963396400000000 0.0033548700000000 0.0337321800000000
vn -0.2497733828534048 4.2987802575223775 0.0307955444918777
v 0.2665760900000000 0.0025527900000000 0.0318055800000000
vn -0.2398846809011104 4.4905939760045364 0.0434187659154679
v 0.2678795600000000 0.0026277500000000 0.0318895700000000
vn -0.2254142843619487 4.7148034814538153 0.0031011759810875
v 0.2693816100000000 0.0027068600000000 0.0319875500000000
vn -0.1768971248512092 5.4733947070211393 -0.0206426707377464
v 0.2753515500000000 0.0029589300000000 0.0323738500000000
vn -0.2888717003257760 1.9157747324097316 2.4730476367347975
v 0.1381227200000000 0.0018165700000000 0.0173746600000000
vn -0.2305186287965764 -4.2119869360837656 0.1260988699561985
v 0.2656130500000000 0.0001220900000000 0.0317353200000000
vn -0.1085029962289481 -5.5925524172678704 -0.0220807608728419
v 0.2773147200000000 -0.0002916500000000 0.0324906800000000
vn -0.1252038284257775 -5.4131261775433250 -0.0224985263191799
v 0.2750117700000000 -0.0002379700000000 0.0323418300000000
vn -0.1446447155444371 -5.1636188177996019 -0.0385715984260165
v 0.2729600400000000 -0.0001798700000000 0.0322097300000000
vn -0.2392874453485523 -5.4727380575352189 0.9431747132791048
v 0.2711375800000000 -0.0001206200000000 0.0320919000000000
vn -0.2314195878064037 -5.1317104616519966 0.5838746436698850
v 0.2695106900000000 -0.0000593300000000 0.0319866400000000
vn -0.2243702717865812 -4.8275966139440518 0.3272406765853162
v 0.2680582300000000 0.0000017700000000 0.0318936700000000
vn -2.8005560406740173 -2.7509425929894817 1.0530699257971712
v 0.0253185900000000 -0.0015594300000000 0.0039440000000000
vn -0.2137538076014743 -2.4165985953158828 1.9959872093634834
v 0.1381345100000000 -0.0004503100000000 0.0173685000000000
vn 0.0161325237989302 -6.2796689254113272 0.0370440983845829
v 0.2926803500000000 -0.0004428100000000 0.0334840600000000
vn -0.0125629300901479 -6.2259516014721825 0.0134268149426468
v 0.2891411900000000 -0.0004363900000000 0.0332546700000000
vn -0.0361967123916882 -6.1307726216873046 -0.0174787033760938
v 0.2858047400000000 -0.0004163200000000 0.0330397600000000
vn -0.0620174450732503 -5.9840800883699377 -0.0302988206437173
v 0.2827112200000000 -0.0003834500000000 0.0328396400000000
vn 2.6952954140925192 0.0074841044291261 3.1314578931752504
v 0.2963177100000000 0.0014562800000000 0.0356203300000000
vn 2.6967658488065411 1.1809204080769746 2.8885896573818011
v 0.2963175800000000 0.0021807500000000 0.0354776100000000
vn -2.6702630820628612 1.4978072120339161 2.5887279056047729
v 0.0224265000000000 0.0009899000000000 0.0308197800000000
vn 2.7009318614262177 2.1901329108528969 2.2325885801852121
v 0.2963205000000000 0.0027965000000000 0.0350690300000000
vn 2.7141748325128212 2.8366406963975965 1.2232748216618763
v 0.2963295100000000 0.0032086600000000 0.0344560600000000
vn -2.6327607949455674 3.0207118822066406 -0.0352201920497001
v 0.0224490400000000 0.0019427200000000 0.0291827700000000
vn -0.0812365222516371 6.2016281563476383 -0.0014474232809817
v 0.2877466000000000 0.0032664300000000 0.0331760500000000
vn -0.1123213977017352 6.0632649960954748 0.0173370375086057
v 0.2840899900000000 0.0031996500000000 0.0329395000000000
vn -0.1629462455249285 5.6749404249809494 0.0369240351763892
v 0.2779208300000000 0.0030423500000000 0.0325405400000000
vn -0.1972397257793036 5.1879805762606184 -0.0103672224990060
v 0.2730903500000000 0.0028728400000000 0.0322271400000000
vn 0.0165340149607315 2.5787709407904096 -1.7942339014031679
v 0.2414529500000000 0.0027275500000000 0.0317267800000000
vn 0.0134213325704291 2.6798208816961231 -1.6395073081189504
v 0.2208284700000000 0.0026374600000000 0.0314066500000000
vn 0.0157575794433171 2.6003862215256688 -1.7627688837948450
v 0.1962306000000000 0.0024928200000000 0.0309720400000000
vn -2.7093826108568586 2.6961105292037306 -1.4708473626295606
v 0.0224660700000000 0.0016917400000000 0.0282370100000000
vn 0.0168000772717141 2.5615961685026205 -1.8186663529604263
v 0.1672197400000000 0.0023075900000000 0.0304416100000000
vn 0.0179626778199229 2.5137873407758526 -1.8841856861933053
v 0.1332306000000000 0.0020814700000000 0.0298129300000000
vn 0.0187807451300196 2.4735168409535460 -1.9367416925677168
v 0.0935693100000000 0.0018103600000000 0.0290780000000000
vn 0.0190745032088337 2.4460347033183112 -1.9713332409872664
v 0.0474195000000000 0.0014879300000000 0.0282255700000000
vn -0.2646755534463706 4.0987403898403540 0.0893510766019581
v 0.2654441300000000 0.0024818500000000 0.0317314500000000
vn 3.6163453709214606 1.4444361687028429 -2.3422897491676062
v 0.2508878100000000 0.0020874200000000 0.0312852600000000
vn 3.6382248009895988 -1.3908928947493049 -2.3504592804214290
v 0.2508967100000000 0.0003762000000000 0.0312806100000000
vn 0.0431349702001289 -2.5784930845327443 -1.7941889115368796
v 0.2402247700000000 -0.0003718900000000 0.0316979600000000
vn 0.0169143189279760 -3.1383086404831548 -0.1426250259093141
v 0.2163026500000000 -0.0005079100000000 0.0313190800000000
vn 0.0429759710079624 -2.5782852126994502 -1.7944921073425926
v 0.1865845600000000 -0.0006342000000000 0.0307883600000000
vn 0.0437973347194537 -2.5246213778720814 -1.8692160676491401
v 0.1501414100000000 -0.0007724500000000 0.0301183200000000
vn 0.0444030016623639 -2.4725774754515477 -1.9375220796747084
v 0.1057814400000000 -0.0009293700000000 0.0292971200000000
vn 0.0445297490801202 -2.4349421487609724 -1.9846103483363058
v 0.0520411800000000 -0.0011088300000000 0.0283039400000000
vn -2.6833414122257886 -2.7353632300554005 -1.4659888370636793
v 0.0224831300000000 -0.0015875600000000 0.0282280900000000
vn 2.7439842786692323 -2.8324975496924809 1.2150086433795528
v 0.2963477000000000 -0.0002895300000000 0.0344465500000000
vn 2.7244256360334118 -2.1721516709380726 2.2204959760794956
v 0.2963344200000000 0.0001191800000000 0.0350617500000000
vn -0.0311881296846363 -5.9446970554103800 1.7668293556347425
v 0.0255202500000000 -0.0038893600000000 0.0223462500000000
vn 0.0145934998449908 -5.9287213528184433 1.8459584853448308
v 0.0501384600000000 -0.0034882200000000 0.0234201200000000
vn 0.0149232803078815 -5.9339774990425997 1.8352149012694923
v 0.0767412600000000 -0.0030554900000000 0.0245756300000000
vn 0.1873680444576852 -5.8684087184887357 -1.9901613496803789
v 0.0268528500000000 -0.0037880100000000 0.0102899200000000
vn 0.0161260606155142 -5.9524349835720809 1.7977485458738816
v 0.1383155200000000 -0.0020535000000000 0.0272528600000000
vn 0.0170462571736292 -5.9650998014015020 1.7718113090940262
v 0.1636719800000000 -0.0016409800000000 0.0283548700000000
vn 0.1252065970260703 -6.2061568017650073 -0.0311866882476885
v 0.1868147000000000 -0.0016014400000000 0.0271315800000000
vn 0.0192919851432713 -5.9863632371326752 1.7240346522967762
v 0.1904182600000000 -0.0012058500000000 0.0295177500000000
vn 0.2944609420933310 -5.9010964119792941 -1.8920308910998693
v 0.2487084000000000 -0.0002545600000000 0.0305467500000000
vn -0.1310936101760415 5.8890327454011970 1.9374369002857468
v 0.0254691800000000 0.0040598900000000 0.0223583500000000
vn -0.0469068265455278 5.9174447906753391 1.8787701092141740
v 0.0407794200000000 0.0039661800000000 0.0230253400000000
vn -0.0466466656536576 5.9205013694451605 1.8729145882712273
v 0.0576429600000000 0.0038628400000000 0.0237577600000000
vn 0.2083323024994949 5.9086400770806007 -1.8931581961486905
v 0.1308884900000000 0.0034057800000000 0.0197992700000000
vn -0.0431356691816988 6.1974896937544859 0.0760179572660400
v 0.0261304500000000 0.0049934700000000 0.0163283500000000
vn -0.0457723076495640 5.9406156113615074 1.8324340610016210
v 0.1324968500000000 0.0034053000000000 0.0270100900000000
vn -0.0448315463471812 5.9525392999212183 1.8080364263293427
v 0.1576322600000000 0.0032513400000000 0.0281010400000000
vn 0.0610447118137508 6.2072430930982136 -0.0031786423567600
v 0.1655700100000000 0.0036283200000000 0.0257127200000000
vn 0.2081121093042678 5.9093177154240966 -1.8907894281998354
v 0.1917746500000000 0.0030403200000000 0.0253579300000000
vn -0.0429377520981363 5.9794240913760648 1.7489014648332062
v 0.1919534200000000 0.0030411600000000 0.0295919800000000
vn -0.0397567823846106 6.0113411947354569 1.6760143669717882
v 0.2152075800000000 0.0028990400000000 0.0306023600000000
vn 0.0602563553276606 6.2215942499853147 -0.0941715468996096
v 0.2470248400000000 0.0028310100000000 0.0311925400000000
vn 0.2491502452719827 5.9157435211846803 -1.8134123262038577
v 0.2487103000000000 0.0026984700000000 0.0305549900000000
vn -6.0194102743802667 -1.2005258300857544 -0.6250066490102582
v -0.0262833700000000 0.0560419800000000 0.0685288200000000
vn -5.8514509105451049 -0.0835529908129064 -1.9079120175456894
v -0.0224845100000000 -0.0267196200000000 0.0384993600000000
vn -5.9792074746431130 -1.2637538246790245 -0.7405585842477433
v -0.0256964200000000 -0.0568117100000000 0.0682220700000000
vn 2.4412261379001792 -4.7867708828458166 -1.5884127570381819
v -0.0066408200000000 -0.0540772000000000 0.0573486700000000
vn -0.6745186712131261 -4.1988663467355032 -4.3255029620044185
v -0.0230343100000000 -0.0481690700000000 0.0469918600000000
vn -0.6063380417283180 -3.3089470256281701 -5.0535969962899747
v -0.0226353500000000 -0.0435682100000000 0.0432625900000000
vn 0.3229581352860224 1.4714519001614184 -2.9424057004196129
v -0.0115385600000000 -0.0418250400000000 0.0434663500000000
vn 0.3528394039727336 -0.0067458593547411 -3.1217083780047759
v -0.0166550300000000 -0.0266902600000000 0.0388542200000000
vn -1.1409431213971801 -6.0056298149685929 -0.4185930986531178
v -0.0253936600000000 -0.0571133300000000 0.0682552900000000
vn 1.1516759752651620 -6.0387470781136781 0.4236603496821116
v -0.0143759500000000 -0.0570802400000000 0.0771610800000000
vn -0.3597925917877052 3.6553541749515732 3.0252237249444618
v -0.0212030100000000 -0.0563531200000000 0.0749823200000000
vn -3.0343318855646784 3.6505957810497192 -0.3308505657438406
v -0.0198682200000000 -0.0563507300000000 0.0766572500000000
vn 0.9980540537717419 6.0736641778449725 0.6873947707609830
v -0.0114984800000000 -0.0562886300000000 0.0698281800000000
vn -1.3963376688675293 5.8698453166039890 0.1249864206232503
v -0.0100916800000000 -0.0560390600000000 0.0662725600000000
vn -1.5965338984099686 5.0381296675668539 3.2537758536898753
v -0.0235802600000000 -0.0513206400000000 0.0519590800000000
vn -1.7784243297529128 3.3748431054534964 4.8923314417411934
v -0.0227084300000000 -0.0431524800000000 0.0438911900000000
vn -0.6198787741378150 1.1682755367052704 6.0137727448225693
v -0.0114524200000000 0.0130982500000000 0.0403351700000000
vn 0.2515970884084621 -0.0542643087209451 6.1849391166904688
v -0.0134403300000000 0.0150197400000000 0.0401168400000000
vn 2.6384726405518202 -0.5336964866222800 3.8091687684518387
v -0.0188026200000000 0.0011213700000000 0.0394650000000000
vn -1.8607895822252596 0.2579945848651987 5.8979873479753007
v -0.0222343900000000 -0.0267196400000000 0.0389851700000000
vn -1.3583869657305441 -0.8939086163841337 5.9483303420094167
v -0.0102758900000000 0.0165063100000000 0.0404792400000000
vn -1.8289560492263628 -0.2905355182864303 5.8675244289106896
v -0.0096302000000000 0.0154214600000000 0.0405487600000000
vn -1.6380240576609921 0.4341550116930553 5.9413869336897207
v -0.0097307000000000 0.0141352400000000 0.0405330400000000
vn -0.3760332016533666 -3.1051017459334798 3.4607872327289115
v -0.0114228700000000 0.0074173600000000 0.0403197300000000
vn -0.7055035388923053 -0.0206382168023510 6.2434170471580348
v -0.0026087600000000 0.0136171600000000 0.0413362300000000
vn -1.3790263682750670 -0.8529556424200280 5.9538212934788826
v -0.0101186000000000 -0.0137901500000000 0.0403968200000000
vn -1.6260163017147253 0.0141489917822130 5.9729853826382442
v -0.0093280500000000 -0.0153332900000000 0.0404810000000000
vn -1.4038284780905423 0.8063124047557630 5.9471636567991029
v -0.0101339400000000 -0.0168473400000000 0.0403851100000000
vn -0.3719718002823142 -3.1121488962615542 3.4336073676579391
v -0.0112466500000000 -0.0266658700000000 0.0402269700000000
vn 0.3103534578168466 -0.0152172173231290 6.1925183334870590
v -0.0005275000000000 -0.0001036800000000 0.0415260500000000
vn -1.7477380390562509 -3.4169859199339419 4.8748522103590251
v -0.0231549400000000 0.0426985800000000 0.0441245400000000
vn -0.3052494444636141 -4.7865629245222365 2.9205496417624777
v -0.0120695200000000 0.0414868500000000 0.0445661400000000
vn -1.5448611390770328 -5.0724741870091279 3.2253440080093947
v -0.0241114700000000 0.0508132500000000 0.0522366900000000
vn -1.1662478352130539 -6.0774584114883181 0.1241114623078843
v -0.0259806300000000 0.0557414200000000 0.0685620400000000
vn 1.0939371360038499 -6.0585963470059383 0.6079669805893377
v -0.0120815100000000 0.0558094400000000 0.0701328700000000
vn 1.1936752826385513 3.6637665335448384 2.7916901602203179
v -0.0225657300000000 0.0564972800000000 0.0754058100000000
vn -1.1992384309233985 5.9950559920156143 -0.3919010501487949
v -0.0259845600000000 0.0564981000000000 0.0685641000000000
vn -6.0779521464304009 0.1034627531574861 -0.6863939143833935
v -0.0204551800000000 0.0565040200000000 0.0769640000000000
vn 0.3526608396133660 0.0274031537916290 -3.1216173703473022
v -0.0169318200000000 0.0263278400000000 0.0389982100000000
vn -0.6509996756484318 3.3256247315807688 -5.0336744406720975
v -0.0230861000000000 0.0431184700000000 0.0434971700000000
vn -0.7181792005540835 4.2153103750729253 -4.3026385336938207
v -0.0235329000000000 0.0476945800000000 0.0472524300000000
vn -0.8326857972610232 4.9465534357895633 -3.4142119933541806
v -0.0240677200000000 0.0514460700000000 0.0518221900000000
vn 2.5388078795082629 4.5849165036278361 0.4654089972285613
v -0.0106886400000000 0.0563547300000000 0.0665565300000000
vn 0.7055122017715381 0.0206375818152643 -6.2434160703612758
v -0.0174597200000000 0.0202831200000000 0.0389185800000000
vn 2.3799745480474677 -2.3491293085676901 -3.2519706295816233
v -0.0161663500000000 0.0056249700000000 0.0390162700000000
vn 0.7055067490249011 0.0206392212129881 -6.2434166811087062
v -0.0205714100000000 0.0137124100000000 0.0385452300000000
vn 2.3556314666398279 2.3910963515971471 -3.2393024249978759
v -0.0161059900000000 -0.0059809600000000 0.0389847300000000
vn 0.3527605118881862 0.0103237334967704 -3.1217075203914177
v -0.0150730700000000 -0.0096404800000000 0.0390893500000000
vn 0.3527556068075509 0.0103224149457419 -3.1217080790337897
v -0.0112066500000000 -0.0266636000000000 0.0394699800000000
vn 0.7055141288943466 0.0206410105648462 -6.2434158412623875
v -0.0169648900000000 -0.0215027600000000 0.0388363600000000
vn 0.7055130039860145 0.0206411105204031 -6.2434159680501287
v -0.0187771200000000 -0.0112307400000000 0.0386655300000000
vn 0.3527589285135838 0.0103222740889834 -3.1217061743816625
v -0.0149957700000000 -0.0099242600000000 0.0390971500000000
vn -0.5095619954493149 0.0140465226544510 -6.1426366065193365
v -0.0222872900000000 -0.0002081000000000 0.0383053200000000
vn 0.7055077209196290 0.0206406136155426 -6.2434165666762338
v -0.0046781300000000 -0.0195111800000000 0.0402313600000000
vn 0.0051963506310500 2.8418518599730067 -4.0514254090237278
v -0.0110156900000000 0.0138848900000000 0.0396256100000000
vn 0.3527564298286743 0.0103208700316023 -3.1217072953851357
v -0.0075250000000000 0.0093323600000000 0.0400050100000000
vn 0.3527553026391201 0.0103190924864902 -3.1217072105673815
v -0.0114824000000000 0.0263545100000000 0.0396140900000000
vn 0.3527575104613441 0.0103194006963730 -3.1217099004072488
v -0.0076022900000000 0.0096161400000000 0.0399972100000000
vn 0.7055135061483835 0.0206395768866587 -6.2434159163753513
v -0.0041227300000000 0.0180636800000000 0.0404183300000000
vn -2.6328951421453310 -0.5404012161014803 -3.8120450152508591
v -0.0038940900000000 0.0011964000000000 0.0403884100000000
vn 1.4350602400802304 0.0239668215352356 -6.0709521708566090
v -0.0004017500000000 -0.0001009900000000 0.0407787600000000
vn 5.6183544008659858 1.1965636705521809 2.2411097763517533
v -0.0112150500000000 -0.0565895100000000 0.0699386500000000
vn 5.6329046728424910 -1.1758004011996237 2.2071928102257270
v -0.0140956700000000 -0.0567759800000000 0.0772731900000000
vn 6.0427919139051740 0.0273308662475018 1.5075396671332817
v -0.0001538100000000 -0.0001008200000000 0.0411901800000000
vn 5.3492308883862227 -0.0205576914261614 3.1476323210544672
v -0.0003494900000000 0.0264075300000000 0.0414082100000000
vn 5.6225277265182418 -1.1482653973978274 2.2666888597321737
v -0.0118012200000000 0.0561126400000000 0.0702449800000000
vn 5.6377559359985927 1.1769481311023000 2.2203002306042405
v -0.0146834200000000 0.0562292600000000 0.0775803500000000
vn -4.1822992252644919 4.0803053090983612 -0.2580353255826947
v -0.0256104700000000 -0.0564461000000000 0.0682329900000000
vn -6.0327094382816790 1.1382540003353443 -0.6187513427657469
v -0.0256972100000000 -0.0566601700000000 0.0682224900000000
vn -4.6022467772103592 0.1655748519289529 3.6003720048050818
v -0.0224377900000000 -0.0267203900000000 0.0388732100000000
vn -6.1521842691995738 0.0259860621832327 0.4777408177923091
v -0.0225015300000000 -0.0267201200000000 0.0386499500000000
vn -4.1366572382938838 -4.1217831350414267 -0.2779694249901707
v -0.0261937200000000 0.0558281600000000 0.0685339500000000
vn -4.0002465572982961 4.0768724827769258 -0.6436658672021114
v -0.0261974400000000 0.0564086500000000 0.0685397400000000
vn -3.5420061713223738 0.1972476861372930 -4.5237344361888532
v -0.0226484300000000 0.0262996200000000 0.0384411100000000
vn -3.5391266909488728 -0.2076519352277654 -4.5261916297438507
v -0.0223726800000000 -0.0267184900000000 0.0382970000000000
vn -3.1404572658995429 -3.0435224502235996 1.6014790497516211
v -0.0273284700000000 -0.0570763000000000 0.0834733800000000
vn -3.9585058729014877 -4.1121710659579964 -0.6654589198513041
v -0.0256074600000000 -0.0570259800000000 0.0682314200000000
vn 3.7938352924621310 4.1044709425683221 1.6943363858968854
v -0.0112978200000000 -0.0563760300000000 0.0699053500000000
vn 1.5308925167473277 0.0010058059132497 2.5497702789921108
v -0.0001996500000000 -0.0266116300000000 0.0414129800000000
vn 3.8166546763814022 -4.0986856707555424 1.6399641166223333
v -0.0118822200000000 0.0558986600000000 0.0702118200000000
vn 4.1837271482424514 3.8778764144083642 1.6618126313597905
v -0.0147488000000000 0.0564048800000000 0.0775550100000000
vn 1.4439242533433583 5.8606586335477902 0.5950985550646518
v -0.0149509300000000 0.0565310800000000 0.0774757500000000
vn 6.1241079013086921 0.0334128829582534 -0.5743192662980442
v -0.0001378700000000 -0.0001003500000000 0.0410483400000000
vn 5.1864309067037917 0.0356272173447564 -3.1831892697638118
v -0.0001765500000000 -0.0001002100000000 0.0409228300000000
vn 3.2665220417295062 0.0311432579857608 -5.2072252030825235
v -0.0002788600000000 -0.0001004800000000 0.0408238600000000
vn 2.3930986737854636 -3.1472713530624703 2.8398162326261494
v -0.0170959100000000 -0.0570257900000000 0.0846710800000000
vn 3.2067988167744996 1.2115254945779375 -3.2165359214597338
v 0.0327164000000000 -0.0168597700000000 -0.0005080100000000
vn 0.7952095740947752 3.0609425811209054 -3.4754041046861008
v 0.0345832800000000 -0.0182977300000000 -0.0003018100000000
vn 0.3527579307635594 0.0103203243225002 -3.1217074053297114
v 0.0268342800000000 0.0001545400000000 -0.0011164500000000
vn 0.7054953168888511 0.0206291943682995 -6.2434180060233153
v 0.0295816900000000 0.0217418000000000 -0.0007346200000000
vn 0.7055013364500091 0.0206378196538009 -6.2434172973240925
v 0.0307479300000000 0.0226591800000000 -0.0005998100000000
vn -1.7099944258664326 3.2105667058095260 2.0231592275574477
v 0.0488258400000000 0.0202046100000000 0.0266389600000000
vn -2.0951595562683769 3.4316967930696647 1.2333350664292724
v 0.0492670500000000 0.0200712800000000 0.0273609200000000
vn 3.8086315851873858 3.4763923203521694 -0.2224428032301229
v 0.0297651800000000 0.0249268700000000 0.0292598400000000
vn 3.8487344849264282 3.1771681410402284 0.6571465809006585
v 0.0315710500000000 0.0249809900000000 0.0132218800000000
vn 1.9066360308769825 3.4061215425804710 2.9693593042809430
v 0.0331091800000000 0.0246542200000000 0.0113219000000000
vn 3.5542790353195750 3.4508593235139329 1.4123859983931770
v 0.0450343000000000 0.0216852800000000 0.0101357300000000
vn 2.8661981280216855 3.4427728506118931 2.3568073079548864
v 0.0455921500000000 0.0215669800000000 0.0094220400000000
vn 1.8453597994627233 3.4291620497074988 2.9838742531148874
v 0.0463993900000000 0.0213787300000000 0.0089788300000000
vn 0.1967676641443313 3.2273940703298587 3.1714850582047238
v 0.0797324100000000 0.0128619200000000 0.0125256300000000
vn 2.3740681416568195 3.2296851590840414 2.7821524969545210
v 0.0910276700000000 0.0098468900000000 0.0177955400000000
vn 1.6321981809477737 3.4061674453806625 3.0576283315566464
v 0.0918216100000000 0.0096583300000000 0.0174419200000000
vn 0.4318340511636803 3.4008444622391898 3.2444988060366962
v 0.0926976200000000 0.0094377400000000 0.0174130800000000
vn -0.6916255325789183 3.3964064601098225 2.8194713012861716
v 0.0935191700000000 0.0092212300000000 0.0177159700000000
vn -2.3630829515313629 3.2174756941106275 0.0451713141000717
v 0.0945937300000000 0.0088809200000000 0.0199089900000000
vn -1.6290964481704948 3.3945373865628596 2.0442114534693157
v 0.0941584600000000 0.0090419500000000 0.0182991800000000
vn 2.1494743144824535 1.5360598863445054 -1.5881071632502537
v 0.1059098200000000 0.0064119900000000 0.0078398400000000
vn -1.2742724777325281 3.4213475088389793 -2.2028611013258335
v 0.0932681300000000 0.0089894600000000 0.0270039800000000
vn 0.0942925929947572 3.4917061443789406 -2.8970635885600280
v 0.0922472400000000 0.0092273200000000 0.0276059000000000
vn -0.7271061729641753 3.2168875082953949 -2.6554912382570324
v 0.0629639400000000 0.0165615600000000 0.0291142000000000
vn 3.8228292420338104 3.4847533528839483 0.4166635359982191
v 0.0811627900000000 0.0120843300000000 0.0256558300000000
vn 2.0916014643185581 3.4729941192060449 -2.6749563466888855
v 0.0825829600000000 0.0116517400000000 0.0279998700000000
vn -2.3167237344853322 3.4249451646731042 0.2208345625295265
v 0.0494136700000000 0.0200077100000000 0.0281843400000000
vn -2.0596818023177703 3.4131376216213916 -1.1587013741259806
v 0.0492522500000000 0.0200225400000000 0.0290028600000000
vn -1.4100381005941016 3.4066810725322103 -2.0898661340420306
v 0.0488029700000000 0.0201130400000000 0.0297128600000000
vn 0.9403568741051938 3.2215056369386565 -3.0284024604279791
v 0.0322066800000000 0.0242435000000000 0.0313769400000000
vn 2.0987320975256978 1.6897010174474543 2.0474187931492112
v 0.1028931900000000 0.0063237900000000 0.0345339900000000
vn -1.5942461363489877 -3.4225354784205706 2.0254121766803901
v 0.0942478100000000 -0.0081375200000000 0.0182524800000000
vn 2.1653029826581784 -1.5049524790250686 -1.5963728892586115
v 0.1059708900000000 -0.0053286500000000 0.0078079300000000
vn 0.4954878307526633 -3.4091431451162699 3.1564334219013275
v 0.0927911400000000 -0.0085436600000000 0.0173642100000000
vn 1.6630057105064104 -3.4068098740613029 3.0388487799048089
v 0.0919174700000000 -0.0087735100000000 0.0173918200000000
vn 2.4079219563435226 -3.2198322719871828 2.7633547603382889
v 0.0911255500000000 -0.0089722300000000 0.0177443900000000
vn 2.9097167964316664 -3.2423981137344637 2.3819048265267493
v 0.0822406300000000 -0.0111465500000000 0.0239659800000000
vn -2.1701533120606009 -3.4508486040410515 0.8772654738508705
v 0.0818114200000000 -0.0115179100000000 0.0141818100000000
vn -1.5810085073739280 -3.4464516554714852 2.0262763839801408
v 0.0814270400000000 -0.0116408100000000 0.0133616300000000
vn -1.2488278737318592 -3.2388918350010187 2.4459815612615037
v 0.0357678300000000 -0.0236961800000000 0.0118204800000000
vn -0.3807636668537947 -3.4140663113791354 2.9295862718141690
v 0.0350745900000000 -0.0238930800000000 0.0112998300000000
vn 0.7952642576655338 -3.4102843425239029 3.1732283901929610
v 0.0342294000000000 -0.0241210300000000 0.0110754200000000
vn 3.6902290412017655 -3.4622596077469763 1.0825736843751297
v 0.0318877700000000 -0.0246959000000000 0.0126445900000000
vn 2.9504209234240508 -3.4373499647786674 2.2787115073068334
v 0.0326115500000000 -0.0245329400000000 0.0116135600000000
vn 1.9419263368157151 -3.4022497538600787 2.9510087379841194
v 0.0333640300000000 -0.0243458000000000 0.0111887100000000
vn 0.8735745021826673 -3.2391271927816132 3.2052069557338418
v 0.0475420300000000 -0.0206787800000000 0.0087772200000000
vn 3.7912675645961746 -3.6319522243957505 -0.3598047438159696
v 0.0300073100000000 -0.0247515400000000 0.0292376600000000
vn 3.1029377828302196 -3.5567439599452113 -1.8859146020489699
v 0.0306904900000000 -0.0245362800000000 0.0306014700000000
vn 0.9735828901447485 -3.1950644729935420 -3.0460773460674804
v 0.0324578700000000 -0.0240535200000000 0.0312456600000000
vn 0.4077377192338248 -3.2079038273803318 -2.9980454168943149
v 0.0474907100000000 -0.0201229800000000 0.0303212100000000
vn -0.3744349217041779 -3.3957595759320744 -2.7767466678399506
v 0.0483242500000000 -0.0199086300000000 0.0301057800000000
vn 2.9770767486119736 -3.1920730350303241 -2.1716177785166302
v 0.0601488000000000 -0.0168343300000000 0.0286856900000000
vn 2.3631556009973043 -3.3637126957095766 -2.5918150730464191
v 0.0607928800000000 -0.0166523700000000 0.0291827200000000
vn -1.1869942817189458 -3.2356611580203514 -2.3330085951810440
v 0.0809069700000000 -0.0116922600000000 0.0165785700000000
vn 3.8589090100213195 -3.4470116418816343 0.3977995268021311
v 0.0812847000000000 -0.0113548600000000 0.0255921200000000
vn 3.7432282907111918 -3.4433254512425773 -0.8124948609807036
v 0.0813893200000000 -0.0113021800000000 0.0265478000000000
vn 3.1486574084243850 -3.4374246346365176 -1.9047297172016708
v 0.0818872900000000 -0.0111492600000000 0.0273830400000000
vn 2.1282412710714498 -3.4362474952931690 -2.6937152333985050
v 0.0827003600000000 -0.0109202600000000 0.0279385100000000
vn 1.0610925851980493 -3.2344449882607220 -3.0314599353564864
v 0.0836820500000000 -0.0106577400000000 0.0280969100000000
vn 0.4685301543437935 -3.1612294561986651 -3.0358490915593173
v 0.0919211700000000 -0.0085023100000000 0.0275904200000000
vn 2.1162607961573339 -1.6787267524135263 2.0381233806631380
v 0.1029544300000000 -0.0054169000000000 0.0345020700000000
vn -5.2300391112282902 1.4913393016748637 0.7394531719695191
v 0.0268607200000000 -0.0253799400000000 -0.0002446600000000
vn -1.1203634838230550 -3.0551510593179527 3.0247820012851472
v 0.0662018500000000 0.0155564700000000 0.0043362500000000
vn -3.1216828154829130 -0.0152785383110491 -0.3528037860610833
v 0.0247272400000000 -0.0259312700000000 0.0186567000000000
vn -3.1216821440067521 -0.0152770322220358 -0.3528052625773550
v 0.0267836500000000 -0.0003358600000000 -0.0006471800000000
vn -3.1216822296690037 -0.0152916001549694 -0.3528038398416702
v 0.0243494500000000 0.0261060100000000 0.0197461300000000
vn -3.1216883318877540 -0.0152772985430421 -0.3527475529168314
v 0.0222930500000000 0.0005106000000000 0.0390500200000000
vn -3.3121812179454961 -3.2445222029415675 1.7217560148191096
v 0.0488309200000000 0.0192269300000000 0.0266363000000000
vn -2.9313427238710248 -3.2476793297278141 2.1633894554268198
v 0.0355257600000000 0.0230485400000000 0.0119476500000000
vn -5.1068876762838347 -1.3783026461334158 -1.8906511211625543
v 0.0222167400000000 0.0255547000000000 0.0386406900000000
vn 3.6192792190663763 2.5732082502599836 1.1870211252987430
v 0.0316344900000000 0.0240025800000000 0.0127769000000000
vn 2.1816684311428469 -3.6484125247273860 -0.6930412706942261
v 0.0297539500000000 0.0239493600000000 0.0293706500000000
vn 1.2255230714793930 -3.5884759412742770 -2.3633236025190083
v 0.0304394600000000 0.0237329600000000 0.0307326900000000
vn -0.7701072153934019 -3.2035958607182140 -3.2274927455372753
v 0.0322117600000000 0.0232658100000000 0.0313742800000000
vn -1.3423388977571684 -3.2214834048129815 -3.1525393580548542
v 0.0472846500000000 0.0194958900000000 0.0304289000000000
vn -2.2302423477463593 -3.4053288263708477 -2.8200821258856519
v 0.0481203600000000 0.0192924400000000 0.0302123400000000
vn -3.1395758856277389 -3.4358641503417124 -2.0572858834812648
v 0.0488080700000000 0.0191353100000000 0.0297101800000000
vn 1.3030837261185553 -3.1998511537017098 -2.4462530590480176
v 0.0599762100000000 0.0163490800000000 0.0287758800000000
vn -2.8561333610441100 -3.2452054657506473 -2.4196733103689620
v 0.0807864100000000 0.0114880400000000 0.0166415800000000
vn 2.2858573231863142 -3.4546663201332515 0.2166818395618245
v 0.0811678800000000 0.0111055900000000 0.0256531700000000
vn -3.6744379682821307 -3.4728964905294100 -1.0757399821013982
v 0.0938874200000000 0.0078862900000000 0.0260563600000000
vn 4.1444911223321412 -1.6585974195223359 -1.3412411559316348
v 0.1030064700000000 0.0053481700000000 0.0335754900000000
vn -3.7672493252554808 -3.4356016287483895 0.6356091617053293
v 0.0945360300000000 0.0079451900000000 0.0190637200000000
vn -3.3179368585111231 -3.4302387559130212 1.6418719938171922
v 0.0941635500000000 0.0080632200000000 0.0182965200000000
vn -3.7756619439335255 -3.4578307793096377 0.5629716308252232
v 0.0816925500000000 0.0113361400000000 0.0142439300000000
vn -3.3173178011857818 -3.4558360019217096 1.6318456913966823
v 0.0813079400000000 0.0114595000000000 0.0134245400000000
vn -0.8971920188598160 -3.2478078066486034 3.0254950518205694
v 0.0473295800000000 0.0201693000000000 0.0088882500000000
vn -1.1533011737456673 -3.4201343494544574 2.9661262891857492
v 0.0339819600000000 0.0234614600000000 0.0112047500000000
vn 1.1607088786431317 -3.4311192626703706 2.2972772572328441
v 0.0323598900000000 0.0238524900000000 0.0117450800000000
vn 0.0493603975151447 -3.4124275428354158 2.8811260871602347
v 0.0331142600000000 0.0236765300000000 0.0113192400000000
vn 2.0772954202395892 3.4493908261554167 -1.1681770068686030
v 0.0451375400000000 -0.0202521600000000 0.0117785600000000
vn -3.3475902059072427 3.2000588643314880 1.7400603011132367
v 0.0490289100000000 -0.0188386000000000 0.0265328400000000
vn -3.9319215157350409 3.2080242299521351 -0.1489665754972727
v 0.0946763400000000 -0.0070030400000000 0.0198658100000000
vn -3.6848098938382803 3.5319370105288739 -1.0851351040067092
v 0.0939672200000000 -0.0070259300000000 0.0260530500000000
vn -3.0310191256235086 3.4229790270975227 -2.2033019623478012
v 0.0933521400000000 -0.0071639200000000 0.0269600800000000
vn -1.8569424154436283 3.4586824428036720 -2.9651310937779072
v 0.0923500700000000 -0.0074115800000000 0.0275535400000000
vn -0.7506103100685048 3.2541639612871056 -3.2324361792953713
v 0.0836769700000000 -0.0096800600000000 0.0280995700000000
vn 0.1384388795028066 3.4635758610635787 -3.0040623609379664
v 0.0826952600000000 -0.0099415300000000 0.0279411700000000
vn 2.2497135227096954 3.4769835204202542 0.2350649082159855
v 0.0812796100000000 -0.0103761200000000 0.0255947900000000
vn -2.4205794527103941 3.2083443861586245 -2.7549560683094900
v 0.0631284200000000 -0.0150621900000000 0.0290282500000000
vn -3.8913871903920620 3.4058307623043120 -0.0132252360411416
v 0.0496147000000000 -0.0186440000000000 0.0280792800000000
vn -3.1347823687154035 3.3974810314084563 -2.1066504200515817
v 0.0490051800000000 -0.0187639300000000 0.0296071700000000
vn -1.3814169567074976 3.2225239994852779 -3.1539000733623013
v 0.0474856200000000 -0.0191442500000000 0.0303238700000000
vn 1.3548198970115668 3.6057558790201836 -2.1750838548904210
v 0.0305848800000000 -0.0235872200000000 0.0304967500000000
vn -0.0124376164640779 3.4318757864743694 -3.0585004707493919
v 0.0316573600000000 -0.0232881000000000 0.0311545600000000
vn -0.8034867562594452 3.2129221646767943 -3.2100480632639541
v 0.0324527900000000 -0.0230758300000000 0.0312483200000000
vn 4.1269802742081092 1.7093091004401439 -1.3325157599260540
v 0.1030573500000000 -0.0044350000000000 0.0335489000000000
vn 2.2214645010468206 3.4569616451093563 -0.5042266651595080
v 0.0300184700000000 -0.0237730400000000 0.0291274800000000
vn 1.1225135611132870 3.4432378926746292 2.3186834114151051
v 0.0326064600000000 -0.0235542100000000 0.0116162200000000
vn -1.1906347954445291 3.3913183178390112 2.9866890513190625
v 0.0342243100000000 -0.0231433500000000 0.0110780700000000
vn 0.6710804425229613 3.2209390886503959 2.6832172895412585
v 0.0911204700000000 -0.0079945500000000 0.0177470500000000
vn 4.0780162275545919 1.5355110442916042 2.3020137029085714
v 0.1058594400000000 -0.0043530200000000 0.0087517700000000
vn -1.5686615745228261 3.2185877771323259 2.9509749833511192
v 0.0798559800000000 -0.0110982100000000 0.0124603900000000
vn 1.2689240971974121 3.2264584417855193 -2.4227552936824690
v 0.0601437100000000 -0.0158566500000000 0.0286883400000000
vn -1.2206669521439788 3.2357941281385969 -2.3154232459175303
v 0.0807813200000000 0.0124667700000000 0.0166442400000000
vn -1.6677571486626444 -3.2369815565289102 2.0023062304531405
v 0.0490339900000000 -0.0198162800000000 0.0265301800000000
vn -1.2816261843282510 3.2131654260148239 2.4610381678879252
v 0.0355206700000000 0.0240262200000000 0.0119503100000000
vn -0.8586598366946745 -3.1007662056635397 3.2388613050248916
v 0.0351016200000000 0.0186247100000000 0.0008320400000000
vn 3.4705048070172664 -0.2587936246592313 -2.9537993187257672
v 0.0323948400000000 0.0164144700000000 -0.0004343500000000
vn -0.3527570522419289 -0.0103210217587901 3.1217085504909798
v -0.0105218500000000 -0.0001938700000000 0.0348698500000000
vn -0.3527556610600845 -0.0103190640796497 3.1217087784885367
v -0.0110123800000000 -0.0000836600000000 0.0348147900000000
vn 1.3926330017694744 -1.5682904321857876 1.7329859607582672
v 0.0149398900000000 -0.0227360400000000 0.0376725300000000
vn 1.3762937666549893 1.5732486321694199 1.7415255406842702
v 0.0147035200000000 0.0227089600000000 0.0377960500000000
vn -1.7290492809098974 -1.5835675458720364 1.3801831226855472
v -0.0527967500000000 -0.0230675300000000 0.0300171400000000
vn 1.7453883853573438 -1.5579707845133388 -1.3887221126633738
v 0.0191921900000000 -0.0226116400000000 0.0000418000000000
vn -1.3762937583587971 -1.5732475669086063 -1.7415249794680028
v -0.0485444500000000 -0.0229431300000000 -0.0076135900000000
vn 1.7290492557138550 1.5835678206838038 -1.3801827153446398
v 0.0189558300000000 0.0228333600000000 0.0001653300000000
vn -1.3926333785629319 1.5682908734677432 -1.7329862148682005
v -0.0487808100000000 0.0225018600000000 -0.0074900600000000
vn -0.9949268655144836 3.1838258266467672 2.9927663214819309
v 0.0165360800000000 0.0256886300000000 -0.0098860700000000
vn 0.3590016798136616 -0.2556507272979202 0.1823749871593439
v 0.0201749700000000 -0.0254230000000000 -0.0088134800000000
vn -0.9619291806743329 -3.2106115866156824 2.9752920317083982
v 0.0168019900000000 -0.0254372500000000 -0.0100250300000000
vn 0.3568671891562895 0.2585386482853462 0.1831488519575103
v 0.0201778000000000 -0.0263691200000000 -0.0088162900000000
vn 0.9831409956426712 0.0264324657157631 0.5619030437612240
v 0.0138138100000000 0.3006526800000000 -0.0084543500000000
vn -1.8411717564148844 -0.0650686405549097 6.0017682855241876
v 0.0089597100000000 0.3006320600000000 -0.0101584400000000
vn -0.9638429076837338 -3.2166745152603595 2.9745057882682655
v 0.0165289500000000 0.0266347300000000 -0.0098826900000000
vn -1.0606094843423066 -0.0236743288406637 2.9570509621273602
v 0.0191964900000000 0.0635811900000000 -0.0086298200000000
vn -1.8640008710788007 -0.0446432264544151 5.9940036911464203
v 0.0131746500000000 0.1004909200000000 -0.0104941800000000
vn 1.0778523445269210 -0.0167482884789878 0.6556114470102277
v 0.0195392700000000 -0.0996436600000000 -0.0091306800000000
vn -0.9744583241799640 0.1545351041104716 6.1890637707822593
v 0.0127713800000000 0.0256720900000000 -0.0110052700000000
vn -1.3749054647596592 -0.2019786011922675 6.1162413920732170
v 0.0127633200000000 0.0266181900000000 -0.0110030500000000
vn -1.8445546142204081 0.0079305686658656 6.0009258629263957
v 0.0120965100000000 -0.2998391200000000 -0.0117900900000000
vn -1.4764610766666431 -0.0349636984937870 6.1055638146286633
v 0.0071660600000000 0.1004639900000000 -0.0120851500000000
vn -1.8613124003851951 -0.0110522098899894 5.9950017693015809
v 0.0142209100000000 -0.0996661400000000 -0.0110376300000000
vn -1.2142946625462059 -0.0304686116922834 6.1630702627502130
v 0.0010932900000000 0.1004360300000000 -0.0134175400000000
vn -1.2145747447137556 -0.0010231318837252 6.1630901564238689
v 0.0014036900000000 -0.2998877100000000 -0.0143764700000000
vn -1.4772504037435408 0.0018089715599590 6.1054634107867471
v 0.0067778000000000 -0.2998629600000000 -0.0131971900000000
vn -1.2146457274592486 -0.0451653380383734 6.1629359877152829
v -0.0017269500000000 0.3005835100000000 -0.0127430700000000
vn -1.2148550704522378 -0.0157096172261257 6.1630266092012072
v 0.0021374500000000 -0.0997210400000000 -0.0139612300000000
vn -0.9327003840458720 -0.0026240248136688 6.2116381982248896
v -0.0040157200000000 -0.2999133200000000 -0.0153236400000000
vn -0.9326192787667855 -0.0408756524554952 6.2114840681140038
v -0.0071431000000000 0.3005579100000000 -0.0136909300000000
vn -0.6366100153425913 -0.0262310359274922 6.2489813008217530
v -0.0111978900000000 0.1003771100000000 -0.0152620700000000
vn -0.6368318082095747 -0.0028309357177927 6.2490069431686175
v -0.0094741900000000 -0.2999398500000000 -0.0160093800000000
vn -0.3174124199589774 -0.0246739192114543 6.2726164490610028
v -0.0173949600000000 0.1003462000000000 -0.0157474500000000
vn -0.3177364356940536 -0.0361864422158260 6.2725431510987031
v -0.0180806400000000 0.3005040500000000 -0.0148052600000000
vn 0.0636269264577943 -0.0363097349317352 6.2791844613399226
v -0.0235779300000000 0.3004758100000000 -0.0149319400000000
vn 0.0631341867287471 -0.0234303021210088 6.2792588588006257
v -0.0236095300000000 0.1003142700000000 -0.0158905800000000
vn 0.4209319826413636 -0.0382548243602248 6.2670479329630959
v -0.0290707800000000 0.3004465900000000 -0.0146948400000000
vn 0.4195517009860971 -0.0242361538364183 6.2672115705050055
v -0.0298206800000000 0.1002812400000000 -0.0156234500000000
vn 0.0629820541164598 0.0027976073241209 6.2792993718111285
v -0.0204599600000000 -0.2999954700000000 -0.0165657100000000
vn 0.2716578591315467 3.1452199200156308 3.1368608195415257
v -0.0332828700000000 0.0254449500000000 -0.0155609400000000
vn -0.3864375679856007 -0.2176473501560156 6.2477343718711511
v -0.0297664700000000 -0.0256632600000000 -0.0159817800000000
vn 0.3183446821286245 -3.1442278810359232 3.1175868795609363
v -0.0355533400000000 -0.0256948100000000 -0.0154485300000000
vn 0.2788713272549840 3.1170506560319864 3.1361328400478121
v -0.0302187100000000 0.4998003000000000 -0.0130576800000000
vn 0.3131990485456170 -3.1381412961860535 3.2022881377165127
v -0.0371416700000000 0.0263703500000000 -0.0151789700000000
vn 0.5147830790455742 -0.0246897003804576 6.2617958263478641
v -0.0360113500000000 0.1002475100000000 -0.0150595800000000
vn -0.1240744606605938 -0.2166967647346843 6.2659125683225367
v -0.0300352100000000 0.0264087400000000 -0.0158400100000000
vn -0.1225075901615018 0.1828095556318762 6.2667538095129611
v -0.0297594600000000 -0.0266093600000000 -0.0159841200000000
vn 0.5149590765442956 -0.0041827167294853 6.2618290297937742
v -0.0349734600000000 -0.0999095900000000 -0.0156039800000000
vn 0.2840461222452306 3.1316898230168944 3.1356807642626174
v -0.0358086800000000 -0.0266423400000000 -0.0154254400000000
vn 0.2498957934190154 3.1101119332261740 3.1385346923323971
v -0.0382075400000000 0.0254180300000000 -0.0150814500000000
vn 0.2340889738591713 3.0890799916045064 3.1394965085655313
v -0.0323757700000000 0.4997885300000000 -0.0128545100000000
vn 0.1601128151667727 3.1011287645181036 3.1446466187328230
v -0.0405956900000000 0.0254051400000000 -0.0149078200000000
vn 0.5141753452765581 -0.0390972021734935 6.2617845899546598
v -0.0345476300000000 0.3004167500000000 -0.0141964400000000
vn 0.2415611745917809 3.1146856002995347 3.1393271639629470
v -0.0382277400000000 -0.0266555400000000 -0.0151999900000000
vn 0.1596866014615022 3.1028404957499838 3.1447301652725970
v -0.0403227700000000 -0.0266668500000000 -0.0150491200000000
vn 0.5145143327110662 0.0104147825977609 6.2618687229924230
v -0.0314350000000000 -0.3000545500000000 -0.0158297600000000
vn 0.2667831159055901 -3.1036763554977793 3.1226247612361928
v -0.0271758400000000 -0.4999971200000000 -0.0155720300000000
vn 0.0344636111137750 3.0877663929885584 3.1487198884850898
v -0.0421324400000000 -0.0266764500000000 -0.0149772200000000
vn 0.0347998807370009 3.0862367763981622 3.1487153375126766
v -0.0424053600000000 0.0253955300000000 -0.0148359200000000
vn -0.6667341339028332 -0.0168272199052471 6.1451566901356314
v -0.0400304500000000 0.3003871500000000 -0.0137951000000000
vn -0.6626169759560431 -0.0260083143647101 6.1462942229131379
v -0.0369221200000000 -0.3000841900000000 -0.0154278500000000
vn -0.1417480132666505 3.0668565162388628 3.1457358439244887
v -0.0439683700000000 0.0253874300000000 -0.0148473400000000
vn -0.8848789430337921 2.9231222342096261 3.0092909835846373
v -0.0464838300000000 0.0253751900000000 -0.0151559900000000
vn -2.0670721292141163 2.3183007259920063 2.0339381411784641
v -0.0474113700000000 0.0253713900000000 -0.0155330100000000
vn -0.6816113440228007 -0.0174754078311047 6.1405638896853816
v -0.0422107600000000 0.1002140300000000 -0.0146057800000000
vn -2.0182483167358392 -2.2734729794197781 2.0016097877332450
v -0.0474254800000000 0.0263174400000000 -0.0155240600000000
vn -0.8097060341803611 -2.9081605703634610 3.0034739941535906
v -0.0464117400000000 0.0263216400000000 -0.0151320100000000
vn -0.3491406354645843 -3.0033035863357238 3.1063605140615138
v -0.0452237700000000 0.0263272800000000 -0.0149320800000000
vn -0.0991351742502840 -3.0327815600746146 3.1281862615138536
v -0.0439078600000000 0.0263338800000000 -0.0148426700000000
vn 0.0425225166740365 -3.0782663534088943 3.1317549328028780
v -0.0424506100000000 0.0263414300000000 -0.0148326100000000
vn -3.2662300804730253 0.0314890555562304 1.2841103934758018
v -0.0456927000000000 0.2630266200000000 -0.0153813900000000
vn -3.0198707865703907 -2.6962353076921755 0.4461839929417680
v -0.0477548300000000 0.0263181200000000 -0.0164054000000000
vn -2.5076641472244505 -1.9274633209986418 0.4800339750654390
v -0.0475538100000000 -0.0257550300000000 -0.0162572200000000
vn -3.1051981677411913 -2.9854422260628630 -0.2509536560754211
v -0.0474860900000000 -0.0257538800000000 -0.0165471800000000
vn -0.1437484295080520 3.0646215804815689 3.1456015375740751
v -0.0436954500000000 -0.0266845500000000 -0.0149886400000000
vn -0.4137306517731850 3.0123380282291623 3.1196058183589770
v -0.0450463200000000 -0.0266913100000000 -0.0150873000000000
vn -0.8970941898928280 2.8789464182884315 3.0022246261624783
v -0.0462109100000000 -0.0266968000000000 -0.0152972900000000
vn -2.0693513779685637 2.1758429162658390 1.9752418784601364
v -0.0471374000000000 -0.0267005900000000 -0.0156741900000000
vn -2.9955061554572184 2.4634601740565181 0.3674611424757906
v -0.0474790800000000 -0.0266999900000000 -0.0165495100000000
vn -4.0019054666467078 -0.0773658572365273 2.4698004207552708
v -0.0460786300000000 -0.0999645600000000 -0.0166313400000000
vn -2.1111589744330197 -2.3794379649088713 1.9422659858960725
v -0.0328797000000000 -0.5000258300000000 -0.0159232900000000
vn -2.9813288602014003 -2.6131309749313374 -0.0502706444677974
v -0.0330507100000000 -0.5000252800000000 -0.0164531100000000
vn -3.1322453888502970 3.3679387014004440 0.2033214458145005
v -0.0477464800000000 0.0253722800000000 -0.0165039700000000
vn -3.0763689136602403 2.6840812359888666 -0.1106983041701699
v -0.0477648900000000 0.0253724600000000 -0.0166034900000000
vn -2.9916293300616252 -2.9390712993975603 -0.8527781324515850
v -0.0473707900000000 -0.0257514000000000 -0.0172395200000000
vn -1.2633344887312843 -1.8412247326599385 -2.1507939009329409
v -0.0470893900000000 -0.0257480400000000 -0.0179395700000000
vn -3.6137509668407302 -1.8555383366466378 -1.4693859907974181
v -0.0473581300000000 0.0263239700000000 -0.0177977900000000
vn -2.6648956603595737 2.8459257951694243 -1.5859022464158232
v -0.0378231700000000 0.4997658400000000 -0.0149317400000000
vn -2.9500950419284315 -2.9895258898220840 -1.0189463725008139
v -0.0476092400000000 0.0263210300000000 -0.0171970600000000
vn -3.0327485272473056 -2.6337951460308053 -0.0865261181945967
v -0.0477698100000000 0.0263185700000000 -0.0166009100000000
vn -3.0949659725164591 -3.3520099888679118 0.2099115248729929
v -0.0477493100000000 0.0263184100000000 -0.0165011600000000
vn -5.2875758203106962 0.0560602101993769 -2.7792919641660223
v -0.0467044100000000 0.1002011100000000 -0.0184498600000000
vn -2.6347914656187004 -2.8664180995533810 -1.6024192625652121
v -0.0326232300000000 -0.5000198000000000 -0.0176492600000000
vn -2.0087142988969164 -2.9867586144349629 -2.3858484276263598
v -0.0314644700000000 -0.5000103100000000 -0.0189248100000000
vn -2.0397624331672302 2.9787402048290992 -2.3696299390922464
v -0.0366644000000000 0.4997753300000000 -0.0162072900000000
vn -3.9198876635681268 0.1297101620353430 -4.8656266063042457
v -0.0424102900000000 0.3003882700000000 -0.0187623200000000
vn -3.9204707828017074 -0.0526517383741973 -4.8667848719694922
v -0.0438659900000000 -0.0999418100000000 -0.0207660300000000
vn -5.2398249091494185 -0.1790053838953888 -2.9960240495135126
v -0.0409001200000000 -0.3000956300000000 -0.0188302600000000
vn -3.9176691066839591 -0.1438329874150507 -4.8669367068158795
v -0.0393037100000000 -0.3000830600000000 -0.0203984400000000
vn -3.0784730496488271 0.1185735360379473 -5.4583924105165362
v -0.0405371100000000 0.3004013400000000 -0.0199867800000000
vn -3.0770445343010815 -0.1207739367197721 -5.4592431438650655
v -0.0374283100000000 -0.3000699800000000 -0.0216237100000000
vn -3.0789164740913351 -0.0409234526444266 -5.4592016979160309
v -0.0417468200000000 -0.0999270200000000 -0.0221522700000000
vn -2.4276867070900101 -0.1035937123258857 -5.7843978614579159
v -0.0354081200000000 -0.3000568300000000 -0.0225932600000000
vn -2.4289936188235459 0.1099299187615499 -5.7837999242974494
v -0.0385180800000000 0.3004144800000000 -0.0209554000000000
vn -1.8920911850248094 0.1034941597751949 -5.9840284782530384
v -0.0364111100000000 0.3004275100000000 -0.0217181400000000
vn -1.8930192001001378 0.0389237319640055 -5.9845331875675214
v -0.0381186800000000 0.1002596600000000 -0.0235631000000000
vn -1.8917895412912817 -0.0905122536609544 -5.9844273196248565
v -0.0333001000000000 -0.3000438000000000 -0.0233558800000000
vn -0.4265711000374264 0.0330219261043927 -1.5001116806205361
v -0.0308822200000000 0.4998127300000000 -0.0189016800000000
vn -1.4280590415270393 0.0983676867545607 -6.1131663861226064
v -0.0342489100000000 0.3004403500000000 -0.0223041200000000
vn -1.4275926022206811 -0.0798600057849556 -6.1134533538130782
v -0.0311377900000000 -0.3000309600000000 -0.0239429100000000
vn -1.4282838472765080 -0.0205098587273247 -6.1138165652395111
v -0.0346375500000000 -0.0998829300000000 -0.0247718700000000
vn -1.2979496057873385 0.1262266303148902 -6.1457254087870341
v -0.0319373700000000 0.4001301900000000 -0.0207447900000000
vn -1.0041362002147054 0.0393270490628989 -6.1981964417397037
v -0.0331888300000000 0.1002884300000000 -0.0247132400000000
vn -1.0047753451586923 -0.0159163703989448 -6.1981404718791211
v -0.0321517500000000 -0.0998686700000000 -0.0252598500000000
vn -1.0034653873578929 -0.0709529210797317 -6.1979875170912084
v -0.0289380000000000 -0.3000183400000000 -0.0243742500000000
vn -1.0055315891196481 0.0943342660223546 -6.1973215892978226
v -0.0320512100000000 0.3004529500000000 -0.0227357000000000
vn -0.6015820421287306 0.0397081577253543 -6.2504532175847203
v -0.0306773100000000 0.1003023700000000 -0.0250352100000000
vn -0.6007863700648089 -0.0118233458240814 -6.2506467942032744
v -0.0296391800000000 -0.0998547300000000 -0.0255817100000000
vn -0.6012435276680871 -0.0631846084398436 -6.2503443705400130
v -0.0267145400000000 -0.3000060000000000 -0.0246588800000000
vn -0.6014576077710888 0.0910127081246515 -6.2499376859727374
v -0.0298288000000000 0.3004652800000000 -0.0230204400000000
vn -0.1977933500636005 0.0402122932574204 -6.2760193084264859
v -0.0281499300000000 0.1003159500000000 -0.0251975800000000
vn -0.1973044507336841 -0.0079990426780315 -6.2761660564281803
v -0.0271107600000000 -0.0998411400000000 -0.0257439600000000
vn -0.1962020880054826 -0.0560349038926744 -6.2758550665851853
v -0.0244772700000000 -0.2999939800000000 -0.0248032000000000
vn -0.1976444130528417 0.0882099711131069 -6.2755318498785533
v -0.0275937400000000 0.3004773000000000 -0.0231639500000000
vn 0.2162395067871424 -0.0043600112311072 -6.2754933090654141
v -0.0245777600000000 -0.0998279700000000 -0.0257404700000000
vn 0.2177048552973053 -0.0493627255339791 -6.2753458043384853
v -0.0222356400000000 -0.2999823300000000 -0.0247987500000000
vn 0.2167636291456965 0.0858309290664553 -6.2748785391450017
v -0.0253530400000000 0.3004889400000000 -0.0231606700000000
vn 0.2159877800289189 0.0408630301122711 -6.2753700401354910
v -0.0256169300000000 0.1003291200000000 -0.0251941000000000
vn 0.6280124071789491 0.0416335142900299 -6.2477395895067191
v -0.0230901800000000 0.1003417900000000 -0.0250229200000000
vn 0.6272493306768189 -0.0434766129294227 -6.2478047814827526
v -0.0199999800000000 -0.2999711100000000 -0.0246477600000000
vn 1.0177424097837307 0.0424842039902808 -6.1967838632559840
v -0.0205798800000000 0.1003539400000000 -0.0246873100000000
vn 1.0174615113742829 0.0829019650123192 -6.1963895343898976
v -0.0208972100000000 0.3005109000000000 -0.0227121600000000
vn 1.0179243189200085 0.0019181779502394 -6.1968978302633602
v -0.0195396700000000 -0.0998031500000000 -0.0252335700000000
vn 1.0178535219114659 -0.0385167586621817 -6.1967662200097076
v -0.0177776000000000 -0.2999603600000000 -0.0243510500000000
vn 1.3476516475648539 0.0822902982133077 -6.1343261952000052
v -0.0186993700000000 0.3005211600000000 -0.0222826600000000
vn 1.3484695928912882 0.0041707996667801 -6.1346561829008399
v -0.0170537100000000 -0.0997915400000000 -0.0247482000000000
vn 1.3478590431600652 -0.0348353827732740 -6.1347317592911041
v -0.0155776800000000 -0.2999500900000000 -0.0239213100000000
vn 0.3560022688271174 0.0255904859097177 -1.5362508045285352
v -0.0178339400000000 0.4998802100000000 -0.0187614900000000
vn 1.5963875610389389 0.0822680501614095 -6.0752227549140487
v -0.0165226500000000 0.3005310400000000 -0.0217506900000000
vn 1.5980076277177586 0.0440527389458471 -6.0751545992420910
v -0.0156337500000000 0.1003767100000000 -0.0236008800000000
vn 1.6642527313726008 0.1014795794389762 -6.0577943288422160
v -0.0164273700000000 0.4002089800000000 -0.0200547200000000
vn 1.5979646432814314 -0.0325291856069347 -6.0752492101849480
v -0.0133999000000000 -0.2999402100000000 -0.0233892200000000
vn 1.5980584530912925 0.0057079896380653 -6.0753470703102526
v -0.0145926100000000 -0.0997803700000000 -0.0241459700000000
vn 1.7879189043086086 0.0447115807660325 -6.0224472677651111
v -0.0131960600000000 0.1003875200000000 -0.0229133800000000
vn 1.7867090304552946 0.0825800435775614 -6.0223699598430320
v -0.0143660500000000 0.3005406000000000 -0.0211436800000000
vn 1.7881969981634591 -0.0311618342403048 -6.0224383266144068
v -0.0112423800000000 -0.2999306400000000 -0.0227810500000000
vn 1.7866425979709968 0.0067354521745074 -6.0229708652218976
v -0.0121547900000000 -0.0997695600000000 -0.0234595200000000
vn 1.9416019401147899 -0.0303803418539792 -5.9749608793507418
v -0.0091032100000000 -0.2999213300000000 -0.0221135200000000
vn 2.0668183746106816 0.0459333453221961 -5.9328854729216332
v -0.0083791200000000 0.1004083200000000 -0.0213490500000000
vn 2.0661757946326844 0.0838487093506471 -5.9326957413222514
v -0.0101059400000000 0.3005590000000000 -0.0197598400000000
vn 2.0658849755176298 -0.0300101119322140 -5.9333442013308728
v -0.0069792500000000 -0.2999122300000000 -0.0213958100000000
vn 2.1690281323581337 0.0082587379076711 -5.8965604026025131
v -0.0049520800000000 -0.0997386800000000 -0.0210388000000000
vn 2.1702987756460534 -0.0299488058893327 -5.8960008020685510
v -0.0048691900000000 -0.2999033100000000 -0.0206394300000000
vn 2.1703743348594569 0.0846494609222563 -5.8954722222920735
v -0.0079970400000000 0.3005679100000000 -0.0190025400000000
vn 2.2586251431108546 0.0470411771896695 -5.8627089621987976
v -0.0036255300000000 0.1004282900000000 -0.0195991200000000
vn 2.2599949519821858 0.0084536488491107 -5.8623510558629768
v -0.0025821800000000 -0.0997287800000000 -0.0201450300000000
vn 2.2284180895353622 -0.0492067689517044 -5.8745275877624650
v -0.0039810900000000 -0.3998838800000000 -0.0194683700000000
vn 2.2588278986030388 0.0855231722508837 -5.8622023143356996
v -0.0059014500000000 0.3005766600000000 -0.0182117800000000
vn 2.3367915679234534 0.0864782352175061 -5.8315869851094497
v -0.0038166100000000 0.3005852700000000 -0.0173915200000000
vn 0.5791343020113656 -0.0124407414699037 -1.4599897323569877
v -0.0039202500000000 -0.4998679200000000 -0.0186058000000000
vn 2.3366723400093785 -0.0303701838620896 -5.8321966162272503
v -0.0006867900000000 -0.2998859400000000 -0.0190271400000000
vn 2.3378048859870519 0.0085677309287050 -5.8318332008487932
v -0.0002257000000000 -0.0997190500000000 -0.0192167600000000
vn 2.4037411724586510 0.0874177644683419 -5.8043553606072660
v -0.0017421700000000 0.3005937600000000 -0.0165449100000000
vn 2.4648372604790953 0.0884963828533938 -5.7786483647527271
v 0.0003153900000000 0.3006110100000000 -0.0156800600000000
vn 2.4045298628159761 0.0480624060589164 -5.8044772196172936
v 0.0010758600000000 0.1004476200000000 -0.0177152900000000
vn 2.4044176685596268 0.0086251462780720 -5.8047134345045119
v 0.0021201500000000 -0.0997094500000000 -0.0182600300000000
vn 2.4658614901198712 0.0485661732696780 -5.7786929397985345
v 0.0034103900000000 0.1004570900000000 -0.0167333700000000
vn 2.4656934892988476 -0.0313024528851310 -5.7788839764925175
v 0.0034553300000000 -0.2998690600000000 -0.0173113700000000
vn 2.5282678864996146 0.0085661672943176 -5.7518326002525146
v 0.0067800900000000 -0.0996906200000000 -0.0162718000000000
vn 2.5294884865235625 -0.0319923333996932 -5.7512052883611364
v 0.0055121400000000 -0.2998607800000000 -0.0164212000000000
vn 2.5283388973214680 0.0896110820463378 -5.7511134667504979
v 0.0023782500000000 0.3006104100000000 -0.0147871000000000
vn 2.5284037523142464 0.0491339618834410 -5.7515726389196153
v 0.0057347600000000 0.1004664500000000 -0.0157271800000000
vn 2.5985212453597701 0.0498242909595583 -5.7201751246215133
v 0.0080476900000000 0.1004756700000000 -0.0146947400000000
vn 2.5985048086696949 -0.0328943494141380 -5.7203291721514127
v 0.0075588000000000 -0.2998526200000000 -0.0155067600000000
vn 2.5986585000109632 0.0911255491635710 -5.7196020116011024
v 0.0044239800000000 0.3006185700000000 -0.0138738300000000
vn 2.6886004397185546 0.0081922881263980 -5.6784169159882829
v 0.0113919500000000 -0.0996723200000000 -0.0141767300000000
vn 2.6879966650478888 0.0932348667040269 -5.6779544389149210
v 0.0064581600000000 0.3006265900000000 -0.0129332700000000
vn 2.8354932891110485 0.0524354935034138 -5.6053764259552405
v 0.0126260600000000 0.1004935900000000 -0.0125282600000000
vn 2.8368396381269605 -0.0370729298456388 -5.6048452834816960
v 0.0116114000000000 -0.2998367600000000 -0.0135892900000000
vn 2.8345466994730937 0.0970371787067420 -5.6053110773326553
v 0.0084734400000000 0.3006344200000000 -0.0119567100000000
vn 3.1604244320848123 0.1062592528981098 -5.4220430780481399
v 0.0104555900000000 0.3006418900000000 -0.0109118700000000
vn 2.1639834429242630 2.6436452372187915 -2.5003195904647191
v 0.0175964700000000 -0.0263776100000000 -0.0106320900000000
vn 1.0959695774975902 -2.6167832768283743 -2.8441244839113771
v 0.0175936400000000 -0.0254314900000000 -0.0106292900000000
vn 3.7266022874500035 0.1225577861481475 -5.0383373570840178
v 0.0123408500000000 0.3006484100000000 -0.0097032400000000
vn 3.8330394606230351 0.0683910362493380 -4.9445165323113329
v 0.0169970800000000 0.1005094000000000 -0.0099795700000000
vn 3.1629548936811780 -0.0438880033902114 -5.4214624772217359
v 0.0135934300000000 -0.2998292900000000 -0.0125434100000000
vn 3.1597691111537016 0.0014495499459572 -5.4235250661254879
v 0.0159123300000000 -0.0996550300000000 -0.0118907600000000
vn 3.7165930207937885 -0.0715777737575587 -5.0480077652127147
v 0.0154796200000000 -0.2998227700000000 -0.0113336000000000
vn 3.9169095754816103 0.0709452659434614 -4.8897011800105279
v 0.0185771300000000 0.0635791200000000 -0.0090535600000000
vn 0.0880084116271428 0.0166697813547159 0.0293782744524768
v 0.0153768800000000 0.2633252800000000 -0.0084011200000000
vn 1.7745712455779670 0.0368965518070511 -2.5921305767007663
v 0.0191959600000000 0.0635811800000000 -0.0086298800000000
vn 0.7938712407974077 0.0008354762308832 0.3254449105594177
v 0.0181147200000000 -0.2630776500000000 -0.0098319300000000
vn -1.2797101100185744 1.8531332517955290 -2.1611229377152013
v -0.0473553000000000 0.0253778400000000 -0.0178006000000000
vn -3.6485351652653328 1.8009003867127120 -1.4285764175605089
v -0.0470823800000000 -0.0266941400000000 -0.0179419000000000
vn -0.4797440496130462 -3.0090058609443764 3.0858147610371751
v -0.0453644900000000 -0.0257467200000000 -0.0151243600000000
vn -0.2897496592449578 -5.2851762400802107 -1.4805170062446134
v 0.3024293700000000 0.0007281600000000 0.0015638600000000
vn 1.0426996052366335 -5.5318834307928624 0.5208756421550631
v 0.2892302500000000 0.0007011700000000 -0.0137652500000000
vn -1.2307564800252464 -5.2486284625867485 -0.9349932656895050
v 0.2740754000000000 0.0005136500000000 0.0262279500000000
vn -1.3075671415509049 -4.5416207411652767 -2.0143901518936191
v 0.2945355800000000 0.0006137800000000 0.0285403000000000
vn 0.0343060089679194 -4.8757441446679213 2.0260159546872805
v 0.2884881700000000 0.0006949300000000 -0.0128874400000000
vn -0.6317173668630651 -2.0324315394226455 2.4817929506852634
v 0.2524523500000000 0.0004000600000000 0.0266427400000000
vn -1.7093221141583756 4.8726809938922138 1.1329188532675294
v 0.3063403700000000 0.0024898500000000 -0.0118258800000000
vn 1.6766497932332838 1.4103973133008672 -1.1158557418353312
v 0.3100151500000000 0.0025156000000000 -0.0142691300000000
vn -1.3547876449165315 4.5386824284957861 -1.9896966260061861
v 0.2945267200000000 0.0023186700000000 0.0285449400000000
vn 0.1550844206570241 3.1387379241138942 -3.0715289099729350
v 0.2890509100000000 0.0024130100000000 -0.0166384400000000
vn 0.8589586523584307 5.6198059331507038 -0.5100097797607097
v 0.2696146400000000 0.0022410800000000 0.0094222100000000
vn -1.2233048783731242 5.1872527480946946 1.1126042259896316
v 0.3016801100000000 0.0024223200000000 0.0040997800000000
vn 1.5890368704804401 4.1943623039218636 -2.1897232480839075
v 0.2753768700000000 0.0022249600000000 0.0263806800000000
vn -1.2852938594547298 5.2405646537443742 -0.9064319533795578
v 0.2740665400000000 0.0022185500000000 0.0262325900000000
vn -0.6433154039035421 1.9410587771148387 2.4627321558122039
v 0.2524434900000000 0.0021049600000000 0.0266473800000000
vn 1.6912063927126462 -1.3868138213385419 -1.1234651666404576
v 0.3100240100000000 0.0008107100000000 -0.0142737600000000
vn 1.3481502294653265 5.3104367338924821 -0.5320669836542850
v 0.2570270200000000 0.0021351600000000 0.0243068300000000
vn -2.0312974659954683 1.2585994027931156 -4.6769359726969171
v 0.2881011100000000 0.0018547800000000 -0.0167476200000000
vn -2.2368161379284750 0.0015352731801221 -4.8361897794206481
v 0.2880367800000000 0.0015555700000000 -0.0167558700000000
vn -2.4284301182494112 0.7418620377943999 0.9331045518870925
v 0.2516131800000000 0.0015677000000000 0.0264077300000000
vn -1.9570537199625311 1.3497897375427588 1.2584846850223377
v 0.2517811800000000 0.0018420000000000 0.0264837600000000
vn -0.5339383680343469 2.9771642170457788 -3.4558086591164021
v 0.2886298700000000 0.0023341200000000 -0.0166862800000000
vn -2.0183053898572236 -1.2542884483292567 -4.6838847668684291
v 0.2881042200000000 0.0012570100000000 -0.0167492400000000
vn -1.4101803413906648 -2.3141864858459131 -4.1992776741361260
v 0.2883085400000000 0.0009801700000000 -0.0167270700000000
vn -0.5030427443335213 -2.9636924430076479 -3.4721463573251978
v 0.2886379400000000 0.0007828700000000 -0.0166905000000000
vn 1.7711890594638415 -4.9259788656661048 0.8859275406406152
v 0.2684412700000000 0.0005262300000000 0.0108165000000000
vn 0.9173429228488660 -5.6077052052367806 -0.5405537247862967
v 0.2696235100000000 0.0005361900000000 0.0094175700000000
vn 0.9851632975206663 5.5395228815103437 0.5509698050589261
v 0.2892213800000000 0.0024060700000000 -0.0137606200000000
vn -0.0163433006655149 4.8647375738040077 2.0524865784652238
v 0.2884793100000000 0.0023998300000000 -0.0128828000000000
vn -1.2888098321368235 1.7478316416734756 1.7542254545740392
v 0.2520610400000000 0.0020326500000000 0.0265763800000000
vn -2.5961034179312721 -0.0150317733027729 0.8140761671389688
v 0.2515577100000000 0.0012486000000000 0.0263781700000000
vn -2.4205051595942559 -0.7720261705517271 0.9272893036346721
v 0.2516165000000000 0.0009288900000000 0.0264060000000000
vn 3.0800539679677041 -3.5191550518137458 0.3367931271031425
v 0.3103127900000000 0.0007810400000000 -0.0028079400000000
vn -0.2573201205403515 -6.2602542253353874 0.1008092015913203
v 0.3111768600000000 0.0008169700000000 -0.0143722400000000
vn 3.0798455962215412 -3.5199424255047922 0.3366298155388531
v 0.3042371800000000 0.0006829400000000 0.0216594700000000
vn 1.7598945805947435 -1.7999486210872400 1.7307945789625969
v 0.3139156100000000 0.0007116500000000 0.0296142600000000
vn -2.9431835140226470 -3.5496138435482227 0.8429689418935638
v 0.3145309400000000 0.0008039400000000 -0.0031615700000000
vn 1.7453908284207045 -1.5579712012737330 -1.3887203718325885
v 0.3195287800000000 0.0008758700000000 -0.0200594700000000
vn 0.1555548744178485 3.1387866223447625 -3.0716478014277420
v 0.2943475700000000 0.0024575700000000 -0.0228997400000000
vn 1.7290481239848892 1.5835671692910969 -1.3801859511604919
v 0.3195199100000000 0.0025807600000000 -0.0200548400000000
vn -2.7150441553751246 3.5237533848507709 -1.4812265022890134
v 0.3126419000000000 0.0024635700000000 0.0099013300000000
vn 1.7411199379422861 1.8087155238595014 1.7406076263077110
v 0.3139067400000000 0.0024165500000000 0.0296189000000000
vn 1.4736634728499887 3.5493022793481215 -2.6862366146778753
v 0.3059652100000000 0.0023877200000000 0.0250292800000000
vn 2.6778276951844382 3.5436135509036433 1.5014027277025777
v 0.3046330300000000 0.0023933800000000 0.0203975900000000
vn -0.0382267624279517 3.0864565042804188 2.8313781159688594
v 0.2977203200000000 0.0023270100000000 0.0315875600000000
vn 0.1881094668331675 -3.1202707159982133 -3.0886592148634882
v 0.2943564300000000 0.0007526800000000 -0.0229043700000000
vn -0.6653196702440729 -3.0925867867767578 2.6407745849843605
v 0.2892369400000000 0.0007096000000000 -0.0168518200000000
vn -3.1824254019332168 1.1982444939983177 2.7031104481308490
v 0.3103759700000000 0.0019886200000000 -0.0144588600000000
vn -0.9431085059236629 2.7132862311395920 2.3831813434224389
v 0.2973598500000000 0.0022566100000000 0.0316313200000000
vn -1.7778480545813105 -2.0066961865100055 2.1007846613288947
v 0.2970685000000000 0.0008763100000000 0.0316637400000000
vn -2.3073062272725027 -1.0585606290830185 1.9406129326415831
v 0.2968716400000000 0.0011551700000000 0.0316879500000000
vn -1.3926334025402782 1.5682898573528667 -1.7329877031333398
v -0.0551563200000000 0.0262858000000000 -0.0186791200000000
vn 0.0326767757466589 -6.2830771271480952 -0.0170776747595968
v -0.0053458100000000 -0.0265129800000000 -0.0047289800000000
vn 0.3527149736115685 0.0103199247671427 -3.1217131059359891
v 0.0272972000000000 0.0006526600000000 -0.0094465500000000
vn 2.0981466940194267 -1.5476532226869097 -4.5104312798273334
v -0.0542112700000000 0.0253442900000000 -0.0185754400000000
vn -3.1078608147933000 -3.8783313960066153 -3.8426713049602332
v -0.1206362800000000 -0.0120158300000000 -0.0082215700000000
vn -2.9451289494542250 -3.4380103138766538 -4.3379271176887633
v -0.1201552100000000 -0.0116587900000000 -0.0089466000000000
vn -2.9881488620129373 -3.5533055410435184 -4.1909376586010660
v -0.1205778300000000 -0.0115504700000000 -0.0087588800000000
vn 2.4593655489725057 -1.1331773000369694 -2.3588671221718842
v -0.0548704100000000 -0.0262309800000000 -0.0189348100000000
vn -1.4295616230305628 -2.9842666732948908 -5.1187789264152093
v -0.0854233000000000 -0.0214966400000000 -0.0183247300000000
vn -0.9272172186356581 -4.4126744944240661 -4.3633522787669587
v -0.0767492900000000 -0.0229477100000000 -0.0194541100000000
vn -2.8297516618554357 -3.3774434503843822 -4.4333827884628096
v -0.1144263000000000 -0.0122708800000000 -0.0126643300000000
vn -2.9558043747845244 -2.6621522736740975 -4.8553434651718543
v -0.1198346300000000 -0.0079691700000000 -0.0119241100000000
vn -3.0065956226170925 -3.2602592911483503 -4.3167030954765124
v -0.1198008200000000 -0.0073350600000000 -0.0122507600000000
vn -2.9839116586860213 3.2000197626357889 -4.5018623297201215
v -0.1199121000000000 0.0068129200000000 -0.0118834700000000
vn -2.9952650847795721 2.9447946733125034 -4.6725544375663848
v -0.1199610000000000 0.0073983000000000 -0.0114761200000000
vn -1.4606756484654297 2.9971088630908800 -5.1024938045124228
v -0.0856429200000000 0.0207300900000000 -0.0182099600000000
vn -0.8434769747267020 4.7302002105294614 -3.7242364976888549
v -0.0736343200000000 0.0233578200000000 -0.0189620100000000
vn -2.8668667105430368 3.3732011163392377 -4.4122009652596468
v -0.1145486100000000 0.0111767200000000 -0.0125974600000000
vn -2.0537952417765535 3.3837012672520852 -4.8044711306071655
v -0.0973813300000000 0.0173210200000000 -0.0165863500000000
vn -3.0241362650479173 3.2192899774457815 -4.3934471113519367
v -0.1208342800000000 0.0108092800000000 -0.0081187100000000
vn -0.8569969202131804 1.0129710821943845 -1.1540102860268668
v -0.1148234200000000 0.0135263000000000 -0.0102207600000000
vn -3.9127963804131669 3.7581646512390141 3.1662089454324422
v -0.1241145000000000 0.0095137800000000 0.0096434800000000
vn 1.8602752172773929 1.1542469837246780 2.8472177155262210
v -0.0612047100000000 0.0256081300000000 0.0348678000000000
vn -1.9202105608693028 4.3982773172850926 4.0421127899892486
v -0.0826141800000000 0.0221129200000000 0.0304959000000000
vn -2.5646771343206085 2.9648085121916767 4.6673405976528288
v -0.0908037300000000 0.0205791200000000 0.0274606000000000
vn -3.7796611554186925 3.3483498591773824 3.6838879089151617
v -0.1177210500000000 0.0110839100000000 0.0154770900000000
vn -1.0986376966232194 0.8151828607440078 1.0731283767971389
v -0.1179083700000000 0.0083078900000000 0.0173203400000000
vn -3.8852320871440056 -3.2214203851319136 3.7345419129202702
v -0.1227099800000000 -0.0080538000000000 0.0135166300000000
vn -3.7467907386781754 -3.4049441508059410 3.6652667336997258
v -0.1175992000000000 -0.0123668600000000 0.0154143900000000
vn -3.9339353096568610 -2.9793825907873095 3.8888943525065218
v -0.1226610900000000 -0.0086386500000000 0.0131092800000000
vn -2.5336463606156703 -3.0147031860068916 4.6514319821394432
v -0.0905835800000000 -0.0216476200000000 0.0273458800000000
vn -1.6074897009632159 -4.7429600824029459 3.4463604797872591
v -0.0790219300000000 -0.0241599900000000 0.0307617800000000
vn -3.0447897820098850 -3.3945939717085984 4.2383242984279370
v -0.1016958400000000 -0.0183493200000000 0.0231387100000000
vn -3.8524633547946130 -3.8684290493583680 3.1043767061933996
v -0.1223540400000000 -0.0117231300000000 0.0105166700000000
vn -0.1799882844498476 -0.1775607712410318 0.1440914301646951
v -0.1272675000000000 -0.0096524300000000 0.0069137700000000
vn -2.8014026963324792 -5.1817057731200595 1.0471011845683935
v -0.1240280800000000 -0.0126776400000000 0.0067116600000000
vn -2.7921818431230538 -5.3709497210863031 0.6048223822699831
v -0.1257810300000000 -0.0121137300000000 0.0041408400000000
vn -2.3982348906459330 -4.9231002241248749 -2.0531411703115885
v -0.1194434200000000 -0.0134301700000000 -0.0077926300000000
vn -1.5204140387572402 -6.0920052264154538 -0.1919626330650374
v -0.0912365600000000 -0.0215048100000000 0.0041454500000000
vn -1.1350940724658476 -6.1723586454724382 -0.1486712902263602
v -0.0814834000000000 -0.0237555900000000 0.0052401200000000
vn -0.8768315613847840 -6.2205521130561658 -0.1196470896812469
v -0.0764152100000000 -0.0244640500000000 0.0049314200000000
vn -0.7462663699225455 -6.2364232655412746 -0.1049454043086678
v -0.0715431800000000 -0.0251782500000000 0.0063586700000000
vn 1.8946897257123820 -2.5654053042763976 1.3057537449888854
v -0.0609086600000000 -0.0266318300000000 0.0345103800000000
vn -2.4532385890475732 4.9261170929539473 -2.0054198742804688
v -0.1197683700000000 0.0122022700000000 -0.0076065100000000
vn -2.5492682103841871 5.1655008261620434 -1.6373028908499587
v -0.1228450100000000 0.0113920700000000 -0.0054827600000000
vn -2.6406131836754216 5.3477696562624644 -1.2086360947983161
v -0.1250726900000000 0.0108222700000000 -0.0033935800000000
vn -2.8400335724171577 4.9242767728724388 1.4319508109623535
v -0.1216971400000000 0.0121457200000000 0.0094528700000000
vn -0.2651776985596981 0.9701950969218612 -0.0267562805885007
v -0.0890057300000000 0.0206273100000000 -0.0174178400000000
vn -1.4569890824578979 6.1102158044349864 -0.1444411339908037
v -0.0867051400000000 0.0217253600000000 0.0058261800000000
vn -1.1992407425348117 6.1609346245854679 -0.1151478908953225
v -0.0817260700000000 0.0229017700000000 0.0053669400000000
vn -0.9414935190709294 6.2116532883308668 -0.0858544318698382
v -0.0768616900000000 0.0236588400000000 0.0067982000000000
vn -0.8110990181994304 6.2288016589929835 -0.0710631713091593
v -0.0718011500000000 0.0244216500000000 0.0064934900000000
vn -1.7282068559109489 -1.4059145900896193 -4.8892339412043926
v -0.0791658200000000 0.0183434300000000 -0.0194696800000000
vn -0.1490051201675280 0.0163027811702338 -6.2812086135324181
v -0.0740457000000000 -0.0006589700000000 -0.0196792800000000
vn 0.0382782019295042 0.0172826630562089 -6.2815143509050593
v -0.0687628000000000 -0.0136084500000000 -0.0197978300000000
vn 0.4066275420071412 0.0191453531247122 -6.2657595001034689
v -0.0619026900000000 -0.0002568400000000 -0.0195662800000000
vn -3.6666140790678345 -1.3386998878535132 4.6638812224952950
v -0.1235346100000000 -0.0062254600000000 0.0139770600000000
vn -3.1280876975518837 -0.0311428835904443 5.4480126455432218
v -0.1201630200000000 -0.0006213400000000 0.0160272200000000
vn -2.9107463945319556 -0.0287447623323709 5.5664361041686607
v -0.1159049200000000 0.0065403400000000 0.0184170500000000
vn -0.7196365024933501 -0.0076478646707593 1.5198345339496304
v -0.1103403900000000 0.0121770800000000 0.0211973000000000
vn -2.2773449479616716 -0.0279915823258077 5.8520413677077903
v -0.1034813700000000 -0.0005480400000000 0.0240766300000000
vn -2.0767022579381407 -0.0278127243310002 5.9300034034022833
v -0.0988222100000000 -0.0022821200000000 0.0257025900000000
vn -1.9075148893666707 -0.0261861276057562 5.9840386902522962
v -0.0942880300000000 -0.0005526500000000 0.0272956800000000
vn -1.7413957102536912 -0.0254671259497612 6.0369951143065492
v -0.0895180200000000 -0.0019344700000000 0.0286657800000000
vn -1.6672122340950044 -0.0251368770392862 6.0574143776392226
v -0.0847625900000000 -0.0005105800000000 0.0300435100000000
vn -0.3981699130898295 -0.0062357615348054 1.5323606069001581
v -0.0799319200000000 0.0226182700000000 0.0314040500000000
vn -1.3649470909352135 -0.0237494532561805 6.1315071205054341
v -0.0747475400000000 -0.0004654000000000 0.0325871800000000
vn -1.2290584529428026 -0.0231345973274187 6.1617609262249573
v -0.0713455400000000 -0.0009547200000000 0.0332639000000000
vn -1.0014004719696994 -0.0220562124099118 6.1985422520735582
v -0.0679493200000000 -0.0004337300000000 0.0339433100000000
vn 2.1132263515561007 2.5848393555749380 -0.8529611848698937
v -0.0551665000000000 0.0260086800000000 -0.0185770400000000
vn 4.7041588006463853 -1.5324509343942654 2.0026535463802100
v -0.0551823500000000 0.0256314000000000 -0.0184205000000000
vn 5.0336012395193173 -1.5227609782976252 -0.9121751672385944
v -0.0611618500000000 0.0254564700000000 0.0344950900000000
vn -3.4527908093342852 -3.1106884402458892 -0.4004508994024609
v -0.1265944200000000 0.0068483400000000 0.0002437100000000
vn -3.4850212620377246 3.0767356651624245 -0.3836448572991196
v -0.1265164500000000 -0.0081421300000000 0.0002029700000000
vn 0.8450451514239155 1.0326226091992303 1.1570725733609677
v -0.1140165600000000 -0.0144293100000000 -0.0103766400000000
vn 1.3442362256061657 2.9059885559827752 4.9080831764498658
v -0.0851066400000000 -0.0213177900000000 -0.0180839500000000
vn 2.8027649300263180 3.4041193571849515 4.4341063466819843
v -0.1137906400000000 -0.0122552700000000 -0.0125447900000000
vn 2.0107244850324371 3.0984388599911767 4.9671312744489962
v -0.0967441700000000 -0.0180864300000000 -0.0164783600000000
vn 2.9655379823608117 3.0482347199729483 4.6245903054854010
v -0.1141652200000000 -0.0094961700000000 -0.0140752800000000
vn 3.0098130818577999 -3.0789371158162488 4.5740134740475593
v -0.1144363900000000 0.0083783700000000 -0.0139274300000000
vn 2.8386803886420262 -3.3964318684818284 4.4168502638275697
v -0.1139123100000000 0.0111618200000000 -0.0124821800000000
vn 1.3745279680767231 -2.9193127046118992 4.8929341090293406
v -0.0853244100000000 0.0205537600000000 -0.0179701400000000
vn 3.0002575042531734 -3.5741879214120638 4.2012400761644519
v -0.1195482200000000 0.0102827800000000 -0.0090400800000000
vn 3.9017723423776327 -3.4432417103160868 -3.4770627996590378
v -0.1217376700000000 0.0107434300000000 0.0103126700000000
vn 3.8761464121517086 -3.7758120872976724 -3.1911243229683017
v -0.1218001700000000 0.0102169000000000 0.0108885000000000
vn 2.4338794140791373 -2.8882306148405625 -4.4818098023821697
v -0.0904396100000000 0.0204041200000000 0.0272967500000000
vn 3.7544345454342025 -3.3716665621718382 -3.6934212653383911
v -0.1170749500000000 0.0110703500000000 0.0155055700000000
vn 3.0983322213082829 -3.0740353866779184 -4.3894463239324830
v -0.1013935000000000 0.0170616800000000 0.0231379500000000
vn 3.9522231128924541 -3.0105371109095924 -3.8458120168799832
v -0.1177589500000000 0.0083055200000000 0.0169132100000000
vn 3.9244867182596543 3.1145990148458247 -3.7891394319552498
v -0.1177565600000000 -0.0095923300000000 0.0167720100000000
vn 3.7199786555131937 3.4286356782005361 -3.6754062176334088
v -0.1169532800000000 -0.0123467400000000 0.0154429600000000
vn 2.4034188076570215 2.9369971025946073 -4.4652381281804594
v -0.0902218300000000 -0.0214674300000000 0.0271829400000000
vn 1.0816307632700226 1.0402994558490908 -0.9325236038190950
v -0.1166879600000000 -0.0145074700000000 0.0132638800000000
vn 2.5178955340826117 5.2539258567051768 1.5334702662505926
v -0.1234006500000000 -0.0120685600000000 -0.0047609800000000
vn 2.7849101074973852 5.0450479151948171 -1.2969039500841217
v -0.1222251500000000 -0.0128382700000000 0.0084686000000000
vn 0.2684745299982506 1.0043416265294318 0.0336659935706801
v -0.0887059500000000 -0.0210721900000000 -0.0173650700000000
vn 1.4022211839647949 6.1207858838201696 0.1786863617847148
v -0.0864708300000000 -0.0223286900000000 0.0046812600000000
vn 1.2788099490856424 6.1494627571148168 0.1648348183061104
v -0.0841644100000000 -0.0228280800000000 0.0054184300000000
vn -2.4822769433026788 3.0594559482173200 -0.2703855598141220
v -0.0817512800000000 -0.0233243500000000 0.0052112800000000
vn 1.3206824337245766 4.7500011263979500 -2.4293283715778866
v -0.0784877800000000 -0.0243895500000000 0.0304734500000000
vn 0.6711049314897941 6.2462448257315621 0.0964848536995797
v -0.0715063600000000 -0.0248055000000000 0.0063635400000000
vn 4.6881193414524009 1.5703404621070407 2.0109064104686514
v -0.0549133900000000 -0.0260796200000000 -0.0185610600000000
vn 2.8380191382038000 -5.0033255741163698 -1.3328115300494197
v -0.1223085400000000 0.0115575600000000 0.0085800500000000
vn 2.8464140188013123 -5.2276771952608891 -0.9278663428353272
v -0.1247006300000000 0.0108008800000000 0.0057759100000000
vn 2.4737370270376240 -5.0181643732411798 1.8920451309956114
v -0.1206062300000000 0.0115967900000000 -0.0068648700000000
vn 1.6496573374560692 -6.0601444147414050 0.1663826009740547
v -0.0913530500000000 0.0201951600000000 0.0042701400000000
vn 1.4658301513002487 -6.1067470380045084 0.1454526908709656
v -0.0866984100000000 0.0214261300000000 0.0048001900000000
vn 1.3427033964146928 -6.1366349777258069 0.1314395041297990
v -0.0842905700000000 0.0219486000000000 0.0045958100000000
vn -2.4503408260106156 -3.0835945500822408 -0.2870855737537538
v -0.0819894400000000 0.0224679300000000 0.0053357500000000
vn 0.7922519690604275 -4.7460006164020827 2.6639441127859178
v -0.0731807500000000 0.0235922100000000 -0.0185620600000000
vn 0.7360440005486505 -6.2393583502129424 0.0625469416454032
v -0.0717604600000000 0.0240492800000000 0.0064963300000000
vn 0.4159768098787686 0.1517837547306532 3.1102314916171401
v -0.0941944400000000 -0.0176106100000000 -0.0180299600000000
vn 0.4551121022188738 -0.2674314300462768 3.0969273863125304
v -0.0944226400000000 0.0167322700000000 -0.0179289800000000
vn 2.6578570875681398 1.0017942066797187 3.1619652217859775
v -0.0771010700000000 -0.0226495100000000 -0.0192733700000000
vn 0.4974765306371628 2.5514999700265544 4.8910256714528249
v -0.0729322800000000 -0.0234600000000000 -0.0193885500000000
vn -0.0429194221750168 -0.0172965228534840 6.2816033756323542
v -0.0688284300000000 -0.0002933500000000 -0.0193862700000000
vn -0.1760935886355968 -0.0179873633970872 6.2806914513557652
v -0.0653729400000000 -0.0007787000000000 -0.0192907800000000
vn -0.4070292668808300 -0.0191481221295990 6.2656861206769268
v -0.0619226800000000 -0.0002579600000000 -0.0191925500000000
vn 3.5577154885405919 1.5437337252170060 -4.5949788663033573
v -0.1215921400000000 -0.0072603300000000 0.0147152800000000
vn 3.5718558071743880 -1.4815765692500162 -4.6043739369148886
v -0.1216142800000000 0.0059685800000000 0.0147787600000000
vn 2.9901557235324616 0.0306691651137203 -5.5242056827276382
v -0.1173110700000000 -0.0006228500000000 0.0171967900000000
vn 2.7019580910038012 0.0296931876379912 -5.6695236386456065
v -0.1116638700000000 -0.0005306600000000 0.0200932400000000
vn 1.0484756347625170 0.0138716649810204 -2.9614390661603927
v -0.0992508700000000 0.0166088200000000 0.0252193400000000
vn 2.3170753654161267 0.0276102297319829 -5.8355415784805214
v -0.1041720800000000 -0.0075819600000000 0.0233637100000000
vn 1.0494430432061070 0.0135687004660397 -2.9610965969318928
v -0.0991158500000000 -0.0177350500000000 0.0251088800000000
vn 1.9454686371578034 0.0263651540257490 -5.9721782919785440
v -0.0941776500000000 -0.0005511000000000 0.0269374700000000
vn 1.7414859183562474 0.0254653797853157 -6.0367376994980422
v -0.0894735000000000 -0.0005304400000000 0.0283375900000000
vn 1.6907000133134669 0.0252408566342709 -6.0513894246275708
v -0.0870549200000000 0.0001317500000000 0.0290160800000000
vn -2.2763354041718116 -0.0026563958636126 -3.3784735287004928
v -0.0846295600000000 -0.0005089300000000 0.0296910300000000
vn 1.6014596295107233 -2.5395068346110556 -4.6564280896542654
v -0.0788847500000000 0.0226619300000000 0.0312831600000000
vn 1.3599126602110907 0.0237428674382633 -6.1327605791687319
v -0.0746602200000000 -0.0004639600000000 0.0322221300000000
vn 1.2298991377982404 0.0231437826164401 -6.1615931446626941
v -0.0712754300000000 0.0000548700000000 0.0328997000000000
vn 1.0014385849577310 0.0220561120290284 -6.1985069014469074
v -0.0678854100000000 -0.0004324000000000 0.0335745500000000
vn -4.5990739571828376 -1.7574948987005006 1.0351220492841013
v -0.0792083700000000 0.0183421900000000 -0.0190932000000000
vn -4.0715341866627552 0.8979159844763093 2.4008798153522237
v -0.0811276300000000 -0.0103185000000000 -0.0008700900000000
vn -4.6170491934628499 1.7039238001270458 1.0445384619446112
v -0.0790139600000000 -0.0190371700000000 -0.0191948000000000
vn -6.2433647265298848 -0.0305544073421234 -0.7056067772291703
v -0.0833160300000000 -0.0095412200000000 0.0184597400000000
vn -3.4214165578711215 -0.9314851768130874 -3.2500123048652889
v -0.0813506600000000 0.0094990100000000 0.0002452300000000
vn -6.2433647392160347 -0.0305555088798042 -0.7056066172784747
v -0.0820601900000000 -0.0086139800000000 0.0073076400000000
vn -4.0603039172399420 -0.9509841307472411 2.3977418955342000
v -0.0811294400000000 -0.0099701500000000 -0.0008691400000000
vn -3.9424388325752107 1.4921587069725792 2.2045942601145101
v -0.0801155900000000 0.0138654000000000 -0.0108720000000000
vn -3.6289685620243297 -3.0511554778941408 -0.4206948836152453
v -0.0802730000000000 0.0161101300000000 -0.0095764700000000
vn -3.4577892703951560 -2.6379579918790936 -1.9307762095480006
v -0.0808576600000000 0.0152425500000000 -0.0043656500000000
vn -4.1837035332780133 0.6819622316579584 2.3722576221794411
v -0.0812289000000000 0.0091541700000000 -0.0008171600000000
vn -6.2433645961332802 -0.0305561605344530 -0.7056078550745212
v -0.0820034000000000 0.0075561000000000 0.0061049300000000
vn -1.7454406579426573 -1.9766286987224173 -2.3846614047485661
v -0.0846939200000000 0.0218867400000000 0.0292907200000000
vn 6.2433650866917176 0.0305575849342450 0.7056034527321651
v -0.0794204600000000 -0.0003697200000000 0.0002843000000000
vn 3.0652948919210283 -2.7460828282225314 -0.7860053994114630
v -0.0828221300000000 0.0227445000000000 0.0293822100000000
vn 3.5636177319845683 -2.4015394989731753 2.1642971821293413
v -0.0812354400000000 -0.0000003000000000 0.0163277100000000
vn 3.8236075219500845 -2.6055724899909878 -1.1048376508639159
v -0.0784936000000000 0.0159147200000000 -0.0086219400000000
vn 3.4290356269289926 -0.9113821088862102 3.2465411838382301
v -0.0812111800000000 -0.0002806200000000 0.0161251200000000
vn 2.7847594280316108 2.7736104035610500 1.4485112418950228
v -0.0771936100000000 -0.0235826900000000 -0.0184141900000000
vn 3.1287141012294009 -0.5295791985028838 3.4183197573580069
v -0.1249888800000000 0.0006817700000000 -0.0070229100000000
vn 0.2132303666826337 -0.0967977923844002 0.0350931762738285
v 0.1058903700000000 -0.0053290400000000 0.0077988300000000
vn 0.6760629497279491 0.0118552431961396 -3.0679634787530188
v 0.0277697300000000 0.0001819000000000 -0.0093947100000000
vn -0.9168699053483098 -0.1196595558597127 6.2079315360112588
v 0.0967913300000000 0.0080838800000000 0.0068149700000000
vn 0.2113544702305727 0.0990383774643979 0.0354827545321927
v 0.1058273400000000 0.0067894100000000 0.0078317600000000
vn -5.3404645355980325 1.3928855170690984 0.7204845991209221
v 0.0277956900000000 -0.0253525900000000 -0.0085187300000000
vn -3.1216797540620096 -0.0152767139160123 -0.3528265696295687
v 0.0277188600000000 -0.0003079800000000 -0.0089233500000000
vn -0.9187609063686262 0.0761782732744487 6.2083194708029215
v 0.0968685000000000 -0.0067529300000000 0.0067746400000000
vn -0.6876300467389775 0.0134720074107634 -6.2441263238141653
v 0.2905391400000000 -0.0307261900000000 0.0318612400000000
vn -0.4800806545894069 0.0145612114975726 -6.2642817254494245
v 0.2901146900000000 -0.0307501800000000 0.0318992100000000
vn -0.3304892113945734 0.0153354690754250 -6.2740952842036037
v 0.2894515600000000 -0.0307813200000000 0.0319413600000000
vn -0.1768193296399699 0.0161629800130940 -6.2801045401761346
v 0.2887592600000000 -0.0308063900000000 0.0319701700000000
vn -0.0279743965538501 0.0169427468042257 -6.2827774609323637
v 0.2879477600000000 -0.0308288600000000 0.0319819800000000
vn 0.0915822268263166 0.0175158247547890 -6.2822511049493999
v 0.2873062100000000 -0.0308427500000000 0.0319782600000000
vn 0.2152262358990925 0.0181218904103777 -6.2791050373008037
v 0.2866754300000000 -0.0308536800000000 0.0319634600000000
vn 0.3411370156574929 0.0188181319945249 -6.2736257209175079
v 0.2860438200000000 -0.0308620700000000 0.0319349200000000
vn 0.4711645611217657 0.0192960115266979 -6.2650464508182360
v 0.2854157900000000 -0.0308687600000000 0.0318949600000000
vn 0.6541943645896219 0.0208485165150949 -6.2482937552654052
v 0.2845239000000000 -0.0183989500000000 0.0318561400000000
vn 0.8287538095324942 0.0210419766559255 -6.2278456576384453
v 0.2838209600000000 -0.0308782400000000 0.0317296400000000
vn 0.9521076452720613 0.0218142456840717 -6.2103686473226425
v 0.2830774600000000 -0.0308791100000000 0.0316220500000000
vn 1.0692875746467310 0.0223795484059717 -6.1911386192637243
v 0.2826620100000000 -0.0308788100000000 0.0315547900000000
vn 1.1853954575064420 0.0229458466188558 -6.1700939763621303
v 0.2821835200000000 -0.0308769600000000 0.0314669600000000
vn 1.3293689157001671 0.0234993579831868 -6.1401635244712676
v 0.2817661200000000 -0.0308751100000000 0.0313832000000000
vn 1.4999243673176934 0.0245222243193188 -6.1009586866965018
v 0.2810964900000000 -0.0308658300000000 0.0312276000000000
vn 1.7125526360635734 0.0245538679401170 -6.0445831614843257
v 0.2805553200000000 -0.0565548100000000 0.0309805900000000
vn 1.8989015237888722 0.0263685295162535 -5.9889446913297464
v 0.2796358900000000 -0.0308262200000000 0.0308125900000000
vn 1.9698535717437482 0.0264645084324365 -5.9663505541079731
v 0.2788472400000000 -0.0307882400000000 0.0305534400000000
vn 1.9041515538520983 0.0262343650346552 -5.9871666541342750
v 0.2780222800000000 -0.0307401600000000 0.0302802300000000
vn 1.7384755681592219 0.0254996680391579 -6.0370594584586348
v 0.2775943200000000 -0.0307115400000000 0.0301499300000000
vn 1.5402751482666825 0.0245092657172785 -6.0904642332282677
v 0.2771991500000000 -0.0306910100000000 0.0300428100000000
vn 1.2550313879960913 0.0233007609961551 -6.1537676072472269
v 0.2769630400000000 -0.0306796200000000 0.0299874400000000
vn 0.8857413092738566 0.0215839757559148 -6.2175038544171191
v 0.2766417700000000 -0.0306728500000000 0.0299317200000000
vn 0.3799569241944076 0.0189400790749052 -6.2636083531686291
v 0.2764595800000000 -0.0306736100000000 0.0299113700000000
vn -0.2584873200646973 0.0155048169484113 -6.2696278624233894
v 0.2762746200000000 -0.0306831200000000 0.0299095000000000
vn -1.4022991764532600 0.0083532799959617 -6.0662624103422216
v 0.2761485100000000 -0.0306942000000000 0.0299211600000000
vn -3.3680186371702909 2.5400434889103085 1.7191267234083403
v 0.2758140200000000 -0.0007318900000000 0.0305127700000000
vn -2.8496735123058441 -2.9461589754767137 1.2366097047098539
v 0.2762031600000000 -0.0609718100000000 0.0305683700000000
vn -5.1355761725566476 -0.0359482585860432 3.5836334926680058
v 0.2762754700000000 -0.0379412000000000 0.0309678400000000
vn -4.6134015681603691 -0.0363764190333323 4.2558718991314572
v 0.2765248000000000 -0.0309381300000000 0.0313290200000000
vn -4.2217206162674472 -0.0345971899477919 4.6457386978390547
v 0.2767432800000000 -0.0309354800000000 0.0315452800000000
vn -3.8810375087138298 -0.0331162862356015 4.9378290127651221
v 0.2769967200000000 -0.0309272400000000 0.0317566500000000
vn -3.4963971217100691 -0.0332203791017583 5.2128066067933831
v 0.2773192100000000 -0.0280784000000000 0.0320136000000000
vn -2.9983962389462664 -0.0298428153174857 5.5148097477797844
v 0.2779262700000000 -0.0361965300000000 0.0323328900000000
vn -2.6206107168333124 -0.0291124924315278 5.7087592451760774
v 0.2783628300000000 -0.0308577600000000 0.0325740000000000
vn -2.2342431977724555 -0.0286449989314752 5.8683224778038987
v 0.2787642700000000 -0.0150573100000000 0.0328238700000000
vn -1.8207315181585084 -0.0255188425098824 6.0112434977708684
v 0.2795090400000000 -0.0308529700000000 0.0330040700000000
vn -1.4258552316077948 -0.0244896927108476 6.1145041476641016
v 0.2800024300000000 -0.0314834900000000 0.0331366500000000
vn -0.9051552661978771 -0.0208297350936401 6.2121929791960202
v 0.2808184400000000 -0.0402179500000000 0.0332599800000000
vn -0.5007226825781758 -0.0196450980314673 6.2614189422690121
v 0.2813348100000000 -0.0308444000000000 0.0333438600000000
vn -0.1642119761866212 -0.0172346654846209 6.2781732987330461
v 0.2818794500000000 -0.0445637400000000 0.0333327800000000
vn 0.2379877471157998 -0.0164831463807427 6.2766585653590781
v 0.2826991000000000 -0.0251553600000000 0.0333769500000000
vn 0.5047304089727938 -0.0140853959597468 6.2620340797945762
v 0.2835407400000000 -0.0308328300000000 0.0333098500000000
vn 0.6815495165231101 -0.0133513951255871 6.2456496772665089
v 0.2843453500000000 -0.0308284300000000 0.0332317900000000
vn 0.8201155174927214 -0.0126156910948257 6.2290902331150217
v 0.2850413800000000 -0.0308298800000000 0.0331474000000000
vn 0.9453897166382021 -0.0119285940155685 6.2113292052518476
v 0.2857931400000000 -0.0308530100000000 0.0330405700000000
vn 1.0822265736831669 -0.0115487136977832 6.1888109219930607
v 0.2868189600000000 -0.0295333000000000 0.0328764100000000
vn 1.2111897807082677 -0.0105194306067864 6.1650995206611450
v 0.2879975200000000 -0.0308820000000000 0.0326531500000000
vn 1.3694184716984397 -0.0090890026103333 6.1312697157127944
v 0.2889335300000000 -0.0348055600000000 0.0324540500000000
vn 1.6428130612843272 -0.0085504171418519 6.0621154285153729
v 0.2896818700000000 -0.0308307200000000 0.0322795500000000
vn 2.0990695128574695 -0.0042756734654553 5.9153505901856356
v 0.2902406100000000 -0.0370057700000000 0.0321035200000000
vn 0.7801416730392201 0.0041439170924100 -0.2066833588687897
v 0.2909919100000000 -0.0314214500000000 0.0318006000000000
vn -0.0764712965174905 6.2633017013190697 0.3589825267806451
v 0.2825305500000000 -0.0008665700000000 0.0320272500000000
vn 0.7777750553130939 0.0046280383888700 -0.2088987430614704
v 0.2906544700000000 0.0330911000000000 0.0319759900000000
vn -0.7278237803307429 0.0132649311871498 -6.2398999948715810
v 0.2902693800000000 0.0335911700000000 0.0320288200000000
vn -0.5433435598351171 0.0143964535371503 -6.2591847769636866
v 0.2899483900000000 0.0336096700000000 0.0320605900000000
vn -0.3578617995459132 0.0146031958206154 -6.2721827795866645
v 0.2893152400000000 0.0252284200000000 0.0320878100000000
vn -0.1751572769829857 0.0163533112481921 -6.2803138426133085
v 0.2884307100000000 0.0336590500000000 0.0321443600000000
vn -0.0253865702565873 0.0169885356600294 -6.2826341454007686
v 0.2876315300000000 0.0336718500000000 0.0321575200000000
vn 0.1365249066114350 0.0182569839115717 -6.2811178524770783
v 0.2867972100000000 0.0336804300000000 0.0321505800000000
vn 0.3557943705762467 0.0179673964024329 -6.2718169589803674
v 0.2856433400000000 0.0278361800000000 0.0320922600000000
vn 0.5741196820221349 0.0203452903303348 -6.2563198168290768
v 0.2845772500000000 0.0336848500000000 0.0320276100000000
vn 0.7222975848465352 0.0206708521985103 -6.2411532742381395
v 0.2839540000000000 0.0336823600000000 0.0319620800000000
vn 0.8645159961062326 0.0213778736395425 -6.2229096692616785
v 0.2832272100000000 0.0336776800000000 0.0318702300000000
vn 1.0088311586897916 0.0221432044051025 -6.2012527063437934
v 0.2826388900000000 0.0336724600000000 0.0317810700000000
vn 1.1651549604754552 0.0228680456795385 -6.1735144444147769
v 0.2819016200000000 0.0336640100000000 0.0316528100000000
vn 1.3364364534239450 0.0233989921348786 -6.1387827230353658
v 0.2813441200000000 0.0336543600000000 0.0315392700000000
vn 1.5447972084182195 0.0250217529114767 -6.0889552834681533
v 0.2806518600000000 0.0352640300000000 0.0313849100000000
vn 1.7462843182123422 0.0252559928103414 -6.0350608712135125
v 0.2799358900000000 0.0336167500000000 0.0311808500000000
vn 1.8888637533536350 0.0260758192856355 -5.9920931689453099
v 0.2793640400000000 0.0335914100000000 0.0310073800000000
vn 1.9590993815920168 0.0263596763142812 -5.9698941465652853
v 0.2785410700000000 0.0335448200000000 0.0307377400000000
vn 1.8814194402791256 0.0260589469490846 -5.9942353636980013
v 0.2775774500000000 0.0334789800000000 0.0304206200000000
vn 1.6766453828917083 0.0251467502329060 -6.0539388205562599
v 0.2771362100000000 0.0334488500000000 0.0302885100000000
vn 1.4287024352801119 0.0240722454064641 -6.1172316337181130
v 0.2767468900000000 0.0334256900000000 0.0301891300000000
vn 1.1043087218389811 0.0225314053632579 -6.1819969937219312
v 0.2764652800000000 0.0334129700000000 0.0301293000000000
vn 0.7192093692269343 0.0205099953478500 -6.2390934676969341
v 0.2762423800000000 0.0334081500000000 0.0300968800000000
vn 0.2189305185933528 0.0179804412165437 -6.2713829689524569
v 0.2760720900000000 0.0334107900000000 0.0300823400000000
vn -0.3365071065974249 0.0152814758572345 -6.2695880926888705
v 0.2759133000000000 0.0334185100000000 0.0300848200000000
vn -1.3416310163196261 0.0093810502814441 -6.0879090271152547
v 0.2758267300000000 0.0334226400000000 0.0300927900000000
vn -1.6872764884427558 -1.9750543514145775 -0.8592835161201424
v 0.2758457000000000 0.0031972100000000 0.0300622600000000
vn -2.0875635011701537 2.3839252776239093 -2.0502826877240543
v 0.2755203100000000 0.0636999500000000 0.0302371600000000
vn -3.0856168992410811 2.8299915343074171 0.4855391726646304
v 0.2754646300000000 0.0636986200000000 0.0306174400000000
vn -3.0290665504684386 2.7145823229080839 -0.5987403442504290
v 0.2754627600000000 0.0636992800000000 0.0303715200000000
vn -2.8809734528033766 2.9084518698256709 1.2503628868638683
v 0.2755547400000000 0.0636983000000000 0.0309072300000000
vn -5.2521894234517887 -0.0362457335592279 3.4268034433228576
v 0.2758672500000000 0.0336448000000000 0.0311069200000000
vn -4.9183917124010019 -0.0362408022550536 3.9048181298516744
v 0.2760022000000000 0.0336623700000000 0.0312885100000000
vn -4.5731484040069184 -0.0354364253001005 4.2962544946535610
v 0.2761830900000000 0.0336674600000000 0.0315022600000000
vn -4.2047824791075978 -0.0345359700232924 4.6646008585998811
v 0.2764112200000000 0.0336660800000000 0.0317211900000000
vn -3.8739818365730501 -0.0340182868716890 4.9411294697416448
v 0.2766841200000000 0.0336562200000000 0.0319520400000000
vn -3.4679395474943155 -0.0316671686490733 5.2328319391340505
v 0.2770319400000000 0.0317879000000000 0.0321919700000000
vn -3.0592318450331590 -0.0312092956617674 5.4839359080046437
v 0.2774591200000000 0.0336070300000000 0.0324604500000000
vn -2.6826321416325021 -0.0294804723589769 5.6777553842003403
v 0.2779351500000000 0.0335693800000000 0.0327050300000000
vn -2.2953083488783870 -0.0277908568014751 5.8450837540593108
v 0.2784879700000000 0.0335571300000000 0.0329438000000000
vn -1.9249889331541636 -0.0256819208436910 5.9782072321718083
v 0.2789957300000000 0.0335592900000000 0.0331237800000000
vn -1.4683871887396112 -0.0253801330670219 6.1030782794309886
v 0.2796042000000000 0.0387827400000000 0.0333214900000000
vn -1.0342177013525737 -0.0220166252092404 6.1955729800472836
v 0.2802338100000000 0.0335649100000000 0.0334239000000000
vn -0.6334897634850222 -0.0200656259119580 6.2470687680070460
v 0.2808504800000000 0.0218573500000000 0.0334698400000000
vn -0.2558487661463857 -0.0184105416012290 6.2760724135218435
v 0.2813881000000000 0.0335705900000000 0.0335411100000000
vn 0.0465103605564248 -0.0161876929572521 6.2812241749989939
v 0.2819076600000000 0.0247098500000000 0.0335249800000000
vn 0.3680598285970169 -0.0158153989817156 6.2706869725909282
v 0.2827504700000000 0.0372298800000000 0.0335283900000000
vn 0.6105408794751955 -0.0135378375777349 6.2527685277547267
v 0.2835984900000000 0.0335823400000000 0.0334500900000000
vn 0.7749426617412651 -0.0128874398762644 6.2347745692915488
v 0.2844747200000000 0.0336251800000000 0.0333516500000000
vn 0.9206840756951151 -0.0119987028631236 6.2149152860309576
v 0.2852839000000000 0.0336632400000000 0.0332415800000000
vn 1.0498308925273145 -0.0113024492678339 6.1945920949899520
v 0.2862354300000000 0.0336943200000000 0.0330891900000000
vn 1.1729554450891020 -0.0106988219552276 6.1723489239934191
v 0.2873110100000000 0.0337190800000000 0.0328969200000000
vn 1.3177841409584878 -0.0099260671178789 6.1429228626390255
v 0.2883176100000000 0.0337203000000000 0.0326942900000000
vn 1.5335972407047918 -0.0085381218471336 6.0915004036238400
v 0.2891306000000000 0.0337028600000000 0.0325090400000000
vn 1.8347721459662449 -0.0067282077516363 6.0069174510146883
v 0.2896547000000000 0.0336850700000000 0.0323643800000000
vn 2.1961343594212570 -0.0043947604308872 5.8830860704817267
v 0.2899669800000000 0.0336492200000000 0.0322596200000000
vn -0.0198788606909844 -6.2559223247728841 0.3688816788081985
v 0.2822572700000000 0.0036506800000000 0.0319255200000000
# 5000 vertices, 0 vertices normals

f 4076//4076 4081//4081 33//33
f 4085//4085 4077//4077 4078//4078
f 4079//4079 31//31 30//30
f 4079//4079 30//30 4080//4080
f 29//29 44//44 43//43
f 25//25 24//24 9//9
f 14//14 25//25 9//9
f 8//8 7//7 4083//4083
f 4190//4190 8//8 4083//4083
f 4083//4083 14//14 4190//4190
f 2//2 1//1 4198//4198
f 3//3 2//2 4198//4198
f 49//49 4085//4085 39//39
f 49//49 39//39 38//38
f 45//45 44//44 29//29
f 46//46 45//45 29//29
f 46//46 29//29 28//28
f 46//46 28//28 27//27
f 46//46 27//27 4086//4086
f 4086//4086 26//26 13//13
f 12//12 37//37 46//46
f 10//10 9//9 24//24
f 19//19 4084//4084 50//50
f 20//20 19//19 50//50
f 95//95 4087//4087 89//89
f 95//95 89//89 88//88
f 95//95 88//88 4088//4088
f 4112//4112 4088//4088 4092//4092
f 4090//4090 78//78 4089//4089
f 4089//4089 87//87 4090//4090
f 86//86 85//85 79//79
f 87//87 86//86 79//79
f 74//74 73//73 63//63
f 4193//4193 74//74 63//63
f 62//62 93//93 92//92
f 63//63 62//62 92//92
f 56//56 65//65 64//64
f 72//72 57//57 4093//4093
f 64//64 72//72 4093//4093
f 4730//4730 4094//4094 68//68
f 4730//4730 68//68 4095//4095
f 66//66 65//65 56//56
f 4097//4097 66//66 56//56
f 4097//4097 56//56 55//55
f 4097//4097 55//55 54//54
f 4097//4097 54//54 53//53
f 4091//4091 73//73 4096//4096
f 52//52 4091//4091 4096//4096
f 53//53 52//52 4096//4096
f 80//80 79//79 85//85
f 67//67 4097//4097 4730//4730
f 4194//4194 95//95 4098//4098
f 90//90 4194//4194 94//94
f 91//91 90//90 94//94
f 93//93 62//62 61//61
f 93//93 61//61 4099//4099
f 93//93 4099//4099 60//60
f 58//58 57//57 72//72
f 59//59 58//58 72//72
f 59//59 72//72 71//71
f 93//93 60//60 4100//4100
f 126//126 125//125 4101//4101
f 135//135 134//134 126//126
f 127//127 126//126 134//134
f 129//129 4102//4102 106//106
f 173//173 172//172 96//96
f 151//151 150//150 173//173
f 174//174 173//173 150//150
f 150//150 149//149 4103//4103
f 50//50 146//146 159//159
f 50//50 159//159 158//158
f 50//50 158//158 157//157
f 50//50 157//157 4104//4104
f 50//50 4104//4104 4105//4105
f 4107//4107 112//112 111//111
f 156//156 109//109 108//108
f 107//107 106//106 131//131
f 108//108 107//107 131//131
f 156//156 108//108 50//50
f 140//140 139//139 4730//4730
f 141//141 140//140 4730//4730
f 142//142 141//141 4730//4730
f 4730//4730 4108//4108 4109//4109
f 115//115 114//114 103//103
f 116//116 115//115 102//102
f 116//116 102//102 101//101
f 116//116 101//101 169//169
f 98//98 97//97 169//169
f 99//99 98//98 169//169
f 50//50 4111//4111 4103//4103
f 221//221 201//201 200//200
f 209//209 221//221 200//200
f 199//199 4115//4115 210//210
f 199//199 210//210 209//209
f 200//200 199//199 209//209
f 238//238 4115//4115 4114//4114
f 240//240 239//239 4116//4116
f 236//236 235//235 234//234
f 240//240 243//243 242//242
f 241//241 240//240 242//242
f 250//250 249//249 223//223
f 223//223 222//222 250//250
f 227//227 226//226 228//228
f 4117//4117 223//223 186//186
f 182//182 4199//4199 196//196
f 183//183 182//182 196//196
f 196//196 195//195 183//183
f 195//195 194//194 184//184
f 184//184 183//183 195//195
f 48//48 4200//4200 4119//4119
f 48//48 4119//4119 207//207
f 187//187 223//223 249//249
f 188//188 187//187 249//249
f 189//189 188//188 249//249
f 189//189 249//249 248//248
f 189//189 248//248 247//247
f 190//190 189//189 247//247
f 190//190 247//247 246//246
f 190//190 246//246 245//245
f 243//243 240//240 4116//4116
f 244//244 243//243 4116//4116
f 245//245 244//244 4116//4116
f 190//190 245//245 4116//4116
f 48//48 207//207 4120//4120
f 202//202 201//201 221//221
f 203//203 202//202 221//221
f 203//203 221//221 220//220
f 203//203 220//220 219//219
f 204//204 203//203 219//219
f 204//204 219//219 218//218
f 95//95 218//218 4121//4121
f 95//95 4122//4122 218//218
f 4123//4123 216//216 4124//4124
f 94//94 4124//4124 215//215
f 94//94 215//215 214//214
f 94//94 214//214 213//213
f 94//94 213//213 212//212
f 4115//4115 199//199 198//198
f 4115//4115 198//198 4114//4114
f 212//212 211//211 237//237
f 94//94 236//236 234//234
f 94//94 234//234 4125//4125
f 94//94 4125//4125 4126//4126
f 94//94 4126//4126 4127//4127
f 229//229 228//228 226//226
f 229//229 226//226 225//225
f 186//186 197//197 4117//4117
f 225//225 197//197 196//196
f 225//225 196//196 4199//4199
f 229//229 225//225 181//181
f 232//232 181//181 4128//4128
f 232//232 4128//4128 4129//4129
f 179//179 178//178 49//49
f 180//180 179//179 49//49
f 232//232 4129//4129 4130//4130
f 300//300 281//281 4135//4135
f 280//280 289//289 4191//4191
f 317//317 316//316 4136//4136
f 4137//4137 317//317 4136//4136
f 4136//4136 308//308 4137//4137
f 308//308 307//307 4138//4138
f 4132//4132 321//321 320//320
f 4132//4132 320//320 319//319
f 4132//4132 319//319 318//318
f 4132//4132 318//318 4138//4138
f 4132//4132 4138//4138 4139//4139
f 302//302 275//275 288//288
f 303//303 302//302 288//288
f 304//304 303//303 288//288
f 304//304 288//288 287//287
f 305//305 304//304 287//287
f 4132//4132 4140//4140 284//284
f 282//282 281//281 300//300
f 283//283 282//282 300//300
f 283//283 300//300 299//299
f 283//283 299//299 298//298
f 297//297 296//296 4133//4133
f 298//298 297//297 4133//4133
f 283//283 298//298 4133//4133
f 290//290 289//289 280//280
f 291//291 290//290 280//280
f 291//291 280//280 279//279
f 291//291 279//279 278//278
f 291//291 278//278 277//277
f 276//276 275//275 301//301
f 277//277 276//276 301//301
f 291//291 277//277 312//312
f 309//309 4136//4136 316//316
f 322//322 321//321 4188//4188
f 4142//4142 322//322 4188//4188
f 341//341 4145//4145 4144//4144
f 360//360 4145//4145 4146//4146
f 361//361 360//360 4146//4146
f 4146//4146 340//340 361//361
f 362//362 361//361 340//340
f 340//340 339//339 4147//4147
f 363//363 4148//4148 4149//4149
f 337//337 363//363 4149//4149
f 384//384 4151//4151 4150//4150
f 382//382 381//381 375//375
f 376//376 375//375 381//381
f 378//378 4152//4152 4153//4153
f 4133//4133 379//379 392//392
f 4133//4133 392//392 391//391
f 4133//4133 391//391 390//390
f 4133//4133 390//390 389//389
f 4133//4133 389//389 4155//4155
f 332//332 387//387 4156//4156
f 388//388 387//387 4157//4157
f 4159//4159 351//351 363//363
f 330//330 329//329 337//337
f 331//331 330//330 337//337
f 344//344 343//343 4134//4134
f 345//345 344//344 4134//4134
f 346//346 345//345 4134//4134
f 347//347 346//346 4134//4134
f 4134//4134 4143//4143 4733//4733
f 4733//4733 358//358 357//357
f 4733//4733 357//357 4158//4158
f 352//352 327//327 4160//4160
f 353//353 352//352 4160//4160
f 353//353 4160//4160 4161//4161
f 354//354 4162//4162 326//326
f 325//325 324//324 373//373
f 326//326 325//325 373//373
f 354//354 326//326 4733//4733
f 432//432 419//419 418//418
f 417//417 433//433 4163//4163
f 418//418 417//417 4163//4163
f 412//412 411//411 399//399
f 4165//4165 412//412 399//399
f 4164//4164 398//398 403//403
f 4134//4134 4166//4166 405//405
f 4134//4134 405//405 404//404
f 4134//4134 404//404 403//403
f 395//395 394//394 4192//4192
f 395//395 4192//4192 424//424
f 396//396 395//395 424//424
f 420//420 419//419 432//432
f 421//421 420//420 432//432
f 421//421 432//432 431//431
f 421//421 431//431 430//430
f 429//429 428//428 4179//4179
f 430//430 429//429 4179//4179
f 421//421 430//430 4179//4179
f 434//434 433//433 417//417
f 435//435 434//434 417//417
f 435//435 417//417 416//416
f 435//435 416//416 415//415
f 435//435 415//415 4170//4170
f 414//414 413//413 402//402
f 4170//4170 414//414 402//402
f 401//401 4171//4171 4170//4170
f 400//400 399//399 411//411
f 4166//4166 4134//4134 4733//4733
f 4173//4173 4172//4172 4733//4733
f 440//440 451//451 450//450
f 441//441 440//440 450//450
f 449//449 443//443 442//442
f 449//449 442//442 441//441
f 450//450 449//449 441//441
f 505//505 4174//4174 4175//4175
f 506//506 505//505 4175//4175
f 503//503 502//502 501//501
f 506//506 479//479 478//478
f 477//477 506//506 478//478
f 486//486 485//485 488//488
f 488//488 487//487 486//486
f 492//492 491//491 493//493
f 489//489 488//488 4176//4176
f 456//456 4177//4177 489//489
f 476//476 4189//4189 464//464
f 466//466 476//476 464//464
f 464//464 463//463 466//466
f 463//463 462//462 467//467
f 467//467 466//466 463//463
f 4179//4179 4178//4178 469//469
f 4179//4179 469//469 468//468
f 4179//4179 468//468 467//467
f 4176//4176 488//488 485//485
f 457//457 4176//4176 485//485
f 458//458 457//457 485//485
f 458//458 485//485 484//484
f 458//458 484//484 483//483
f 459//459 458//458 483//483
f 459//459 483//483 482//482
f 459//459 482//482 481//481
f 479//479 506//506 4175//4175
f 480//480 479//479 4175//4175
f 481//481 480//480 4175//4175
f 459//459 481//481 4175//4175
f 4179//4179 4180//4180 4181//4181
f 4179//4179 4181//4181 4182//4182
f 4179//4179 4182//4182 4183//4183
f 4179//4179 4183//4183 4132//4132
f 452//452 451//451 440//440
f 453//453 452//452 440//440
f 453//453 440//440 439//439
f 453//453 439//439 438//438
f 4184//4184 453//453 438//438
f 4184//4184 438//438 437//437
f 4185//4185 4188//4188 4132//4132
f 437//437 436//436 4132//4132
f 4188//4188 4185//4185 447//447
f 4188//4188 447//447 446//446
f 4188//4188 446//446 445//445
f 4188//4188 445//445 444//444
f 443//443 449//449 448//448
f 443//443 448//448 4174//4174
f 4188//4188 4187//4187 503//503
f 494//494 493//493 491//491
f 494//494 491//491 490//490
f 490//490 4177//4177 4189//4189
f 494//494 490//490 4189//4189
f 497//497 474//474 4173//4173
f 279//279 280//280 9//9
f 55//55 56//56 399//399
f 9//9 10//10 279//279
f 278//278 279//279 10//10
f 399//399 400//400 55//55
f 54//54 55//55 400//400
f 10//10 11//11 278//278
f 277//277 278//278 11//11
f 400//400 4171//4171 54//54
f 53//53 54//54 4171//4171
f 11//11 12//12 277//277
f 276//276 277//277 12//12
f 4171//4171 401//401 53//53
f 52//52 53//53 401//401
f 12//12 13//13 276//276
f 275//275 276//276 13//13
f 401//401 402//402 52//52
f 4091//4091 52//52 402//402
f 280//280 4135//4135 4190//4190
f 4//4 5//5 284//284
f 283//283 284//284 5//5
f 59//59 60//60 4167//4167
f 5//5 6//6 283//283
f 282//282 283//283 6//6
f 4167//4167 397//397 59//59
f 58//58 59//59 397//397
f 6//6 7//7 282//282
f 281//281 282//282 7//7
f 397//397 398//398 58//58
f 57//57 58//58 398//398
f 7//7 8//8 281//281
f 8//8 4190//4190 281//281
f 4135//4135 281//281 4190//4190
f 398//398 4164//4164 57//57
f 4093//4093 57//57 4164//4164
f 3//3 4//4 284//284
f 396//396 4167//4167 60//60
f 287//287 288//288 1//1
f 393//393 394//394 63//63
f 62//62 63//63 394//394
f 1//1 2//2 287//287
f 286//286 287//287 2//2
f 61//61 62//62 394//394
f 2//2 3//3 286//286
f 285//285 286//286 3//3
f 394//394 395//395 61//61
f 4099//4099 61//61 395//395
f 4140//4140 285//285 3//3
f 395//395 396//396 4099//4099
f 13//13 1//1 288//288
f 402//402 393//393 63//63
f 21//21 22//22 292//292
f 291//291 292//292 22//22
f 408//408 409//409 67//67
f 4097//4097 67//67 409//409
f 22//22 23//23 291//291
f 290//290 291//291 23//23
f 409//409 410//410 4097//4097
f 66//66 4097//4097 410//410
f 23//23 24//24 290//290
f 289//289 290//290 24//24
f 410//410 411//411 66//66
f 65//65 66//66 411//411
f 24//24 25//25 289//289
f 411//411 412//412 65//65
f 25//25 14//14 289//289
f 4191//4191 289//289 14//14
f 412//412 4165//4165 65//65
f 64//64 65//65 4165//4165
f 292//292 293//293 20//20
f 68//68 4094//4094 406//406
f 4084//4084 19//19 295//295
f 294//294 295//295 19//19
f 406//406 407//407 68//68
f 4095//4095 68//68 407//407
f 19//19 20//20 294//294
f 293//293 294//294 20//20
f 407//407 4172//4172 4095//4095
f 4083//4083 15//15 300//300
f 299//299 300//300 15//15
f 71//71 72//72 403//403
f 15//15 16//16 299//299
f 298//298 299//299 16//16
f 403//403 404//404 71//71
f 404//404 405//405 71//71
f 70//70 71//71 405//405
f 16//16 17//17 298//298
f 297//297 298//298 17//17
f 17//17 18//18 297//297
f 405//405 4166//4166 70//70
f 69//69 70//70 4166//4166
f 296//296 297//297 18//18
f 14//14 4083//4083 4191//4191
f 301//301 302//302 36//36
f 304//304 305//305 34//34
f 34//34 35//35 304//304
f 303//303 304//304 35//35
f 422//422 423//423 4193//4193
f 74//74 4193//4193 423//423
f 35//35 36//36 303//303
f 302//302 303//303 36//36
f 423//423 424//424 74//74
f 73//73 74//74 424//424
f 424//424 4192//4192 73//73
f 305//305 4139//4139 4081//4081
f 4080//4080 30//30 308//308
f 307//307 308//308 30//30
f 418//418 419//419 4090//4090
f 78//78 4090//4090 419//419
f 30//30 31//31 307//307
f 31//31 32//32 307//307
f 306//306 307//307 32//32
f 419//419 420//420 78//78
f 77//77 78//78 420//420
f 32//32 33//33 306//306
f 4139//4139 306//306 33//33
f 420//420 421//421 77//77
f 76//76 77//77 421//421
f 33//33 4081//4081 4139//4139
f 421//421 4168//4168 76//76
f 75//75 76//76 4168//4168
f 29//29 4080//4080 308//308
f 4090//4090 79//79 417//417
f 4082//4082 26//26 301//301
f 312//312 301//301 26//26
f 311//311 312//312 26//26
f 413//413 414//414 4096//4096
f 82//82 4096//4096 414//414
f 26//26 4086//4086 311//311
f 310//310 311//311 4086//4086
f 414//414 4170//4170 82//82
f 81//81 82//82 4170//4170
f 4086//4086 27//27 310//310
f 309//309 310//310 27//27
f 4170//4170 415//415 81//81
f 80//80 81//81 415//415
f 27//27 28//28 309//309
f 4136//4136 309//309 28//28
f 415//415 416//416 80//80
f 79//79 80//80 416//416
f 28//28 29//29 4136//4136
f 416//416 417//417 79//79
f 43//43 44//44 4137//4137
f 317//317 4137//4137 44//44
f 4163//4163 433//433 87//87
f 86//86 87//87 433//433
f 316//316 317//317 44//44
f 85//85 86//86 433//433
f 44//44 45//45 316//316
f 315//315 316//316 45//45
f 433//433 434//434 85//85
f 84//84 85//85 434//434
f 45//45 46//46 315//315
f 314//314 315//315 46//46
f 434//434 435//435 84//84
f 83//83 84//84 435//435
f 46//46 37//37 314//314
f 313//313 314//314 37//37
f 435//435 425//425 83//83
f 4195//4195 83//83 425//425
f 432//432 4163//4163 87//87
f 4078//4078 40//40 320//320
f 319//319 320//320 40//40
f 428//428 429//429 4087//4087
f 89//89 4087//4087 429//429
f 40//40 41//41 319//319
f 429//429 430//430 89//89
f 41//41 42//42 319//319
f 318//318 319//319 42//42
f 88//88 89//89 430//430
f 42//42 4079//4079 318//318
f 4138//4138 318//318 4079//4079
f 430//430 431//431 88//88
f 4089//4089 88//88 431//431
f 431//431 432//432 4089//4089
f 322//322 4142//4142 38//38
f 426//426 427//427 91//91
f 90//90 91//91 427//427
f 38//38 39//39 322//322
f 321//321 322//322 39//39
f 427//427 4169//4169 90//90
f 4194//4194 90//90 4169//4169
f 39//39 4085//4085 321//321
f 425//425 426//426 4195//4195
f 105//105 106//106 4159//4159
f 328//328 4159//4159 106//106
f 106//106 107//107 328//328
f 327//327 328//328 107//107
f 107//107 108//108 327//327
f 4160//4160 327//327 108//108
f 108//108 109//109 4160//4160
f 4161//4161 4160//4160 109//109
f 109//109 110//110 4161//4161
f 4162//4162 4161//4161 110//110
f 110//110 111//111 4162//4162
f 326//326 4162//4162 111//111
f 111//111 112//112 326//326
f 325//325 326//326 112//112
f 112//112 113//113 325//325
f 324//324 325//325 113//113
f 113//113 96//96 324//324
f 323//323 324//324 96//96
f 96//96 97//97 323//323
f 336//336 323//323 97//97
f 97//97 98//98 336//336
f 335//335 336//336 98//98
f 98//98 99//99 335//335
f 334//334 335//335 99//99
f 99//99 100//100 334//334
f 333//333 334//334 100//100
f 100//100 101//101 333//333
f 332//332 333//333 101//101
f 101//101 102//102 332//332
f 331//331 332//332 102//102
f 102//102 103//103 331//331
f 330//330 331//331 103//103
f 103//103 104//104 330//330
f 329//329 330//330 104//104
f 104//104 105//105 329//329
f 4159//4159 329//329 105//105
f 122//122 123//123 343//343
f 342//342 343//343 123//123
f 123//123 124//124 342//342
f 341//341 342//342 124//124
f 124//124 125//125 341//341
f 4145//4145 341//341 125//125
f 125//125 126//126 4145//4145
f 4146//4146 4145//4145 126//126
f 126//126 127//127 4146//4146
f 340//340 4146//4146 127//127
f 127//127 128//128 340//340
f 339//339 340//340 128//128
f 128//128 129//129 339//339
f 338//338 339//339 129//129
f 129//129 130//130 338//338
f 4149//4149 338//338 130//130
f 130//130 114//114 4149//4149
f 337//337 4149//4149 114//114
f 114//114 115//115 337//337
f 4157//4157 337//337 115//115
f 115//115 116//116 4157//4157
f 350//350 4157//4157 116//116
f 116//116 117//117 350//350
f 349//349 350//350 117//117
f 117//117 118//118 349//349
f 348//348 349//349 118//118
f 118//118 4110//4110 348//348
f 347//347 348//348 4110//4110
f 4110//4110 119//119 347//347
f 346//346 347//347 119//119
f 119//119 120//120 346//346
f 345//345 346//346 120//120
f 120//120 121//121 345//345
f 344//344 345//345 121//121
f 121//121 122//122 344//344
f 343//343 344//344 122//122
f 139//139 140//140 359//359
f 358//358 359//359 140//140
f 140//140 141//141 358//358
f 357//357 358//358 141//141
f 141//141 142//142 357//357
f 4158//4158 357//357 142//142
f 142//142 4109//4109 4158//4158
f 356//356 4158//4158 4109//4109
f 4109//4109 4108//4108 356//356
f 355//355 356//356 4108//4108
f 4108//4108 143//143 355//355
f 354//354 355//355 143//143
f 143//143 144//144 354//354
f 353//353 354//354 144//144
f 144//144 145//145 353//353
f 352//352 353//353 145//145
f 145//145 131//131 352//352
f 351//351 352//352 131//131
f 131//131 132//132 351//351
f 363//363 351//351 132//132
f 132//132 133//133 363//363
f 4148//4148 363//363 133//133
f 133//133 4102//4102 4148//4148
f 4147//4147 4148//4148 4102//4102
f 4102//4102 134//134 4147//4147
f 362//362 4147//4147 134//134
f 134//134 135//135 362//362
f 361//361 362//362 135//135
f 135//135 136//136 361//361
f 360//360 361//361 136//136
f 136//136 137//137 360//360
f 4144//4144 360//360 137//137
f 137//137 138//138 4144//4144
f 4143//4143 4144//4144 138//138
f 138//138 139//139 4143//4143
f 359//359 4143//4143 139//139
f 4106//4106 4107//4107 373//373
f 372//372 373//373 4107//4107
f 4107//4107 155//155 372//372
f 371//371 372//372 155//155
f 155//155 156//156 371//371
f 370//370 371//371 156//156
f 156//156 4105//4105 370//370
f 369//369 370//370 4105//4105
f 4105//4105 4104//4104 369//369
f 368//368 369//369 4104//4104
f 4104//4104 157//157 368//368
f 367//367 368//368 157//157
f 157//157 158//158 367//367
f 366//366 367//367 158//158
f 158//158 159//159 366//366
f 365//365 366//366 159//159
f 159//159 146//146 365//365
f 364//364 365//365 146//146
f 146//146 147//147 364//364
f 4153//4153 364//364 147//147
f 147//147 148//148 4153//4153
f 378//378 4153//4153 148//148
f 148//148 149//149 378//378
f 377//377 378//378 149//149
f 149//149 150//150 377//377
f 376//376 377//377 150//150
f 150//150 151//151 376//376
f 375//375 376//376 151//151
f 151//151 152//152 375//375
f 4151//4151 375//375 152//152
f 152//152 153//153 4151//4151
f 4150//4150 4151//4151 153//153
f 153//153 154//154 4150//4150
f 374//374 4150//4150 154//154
f 154//154 4106//4106 374//374
f 373//373 374//374 4106//4106
f 169//169 170//170 386//386
f 385//385 386//386 170//170
f 170//170 171//171 385//385
f 384//384 385//385 171//171
f 171//171 172//172 384//384
f 383//383 384//384 172//172
f 172//172 173//173 383//383
f 382//382 383//383 173//173
f 173//173 174//174 382//382
f 381//381 382//382 174//174
f 174//174 175//175 381//381
f 4152//4152 381//381 175//175
f 175//175 176//176 4152//4152
f 380//380 4152//4152 176//176
f 176//176 177//177 380//380
f 4154//4154 380//380 177//177
f 177//177 160//160 4154//4154
f 379//379 4154//4154 160//160
f 160//160 161//161 379//379
f 392//392 379//379 161//161
f 161//161 162//162 392//392
f 391//391 392//392 162//162
f 162//162 163//163 391//391
f 390//390 391//391 163//163
f 163//163 164//164 390//390
f 389//389 390//390 164//164
f 164//164 165//165 389//389
f 4155//4155 389//389 165//165
f 165//165 166//166 4155//4155
f 388//388 4155//4155 166//166
f 166//166 167//167 388//388
f 387//387 388//388 167//167
f 167//167 168//168 387//387
f 4156//4156 387//387 168//168
f 168//168 169//169 4156//4156
f 386//386 4156//4156 169//169
f 4198//4198 4197//4197 92//92
f 4198//4198 92//92 93//93
f 4186//4186 444//444 181//181
f 4128//4128 181//181 444//444
f 444//444 445//445 4128//4128
f 4129//4129 4128//4128 445//445
f 445//445 446//446 4129//4129
f 180//180 4129//4129 446//446
f 446//446 447//447 180//180
f 179//179 180//180 447//447
f 447//447 4185//4185 179//179
f 178//178 179//179 4185//4185
f 441//441 442//442 183//183
f 182//182 183//183 442//442
f 442//442 443//443 182//182
f 4199//4199 182//182 443//443
f 440//440 441//441 184//184
f 183//183 184//184 441//441
f 436//436 437//437 4200//4200
f 185//185 4200//4200 437//437
f 437//437 438//438 185//185
f 438//438 439//439 185//185
f 184//184 185//185 439//439
f 439//439 440//440 184//184
f 4185//4185 436//436 4200//4200
f 454//454 455//455 192//192
f 191//191 192//192 455//455
f 450//450 451//451 195//195
f 194//194 195//195 451//451
f 451//451 452//452 194//194
f 452//452 453//453 194//194
f 193//193 194//194 453//453
f 453//453 4184//4184 193//193
f 192//192 193//193 4184//4184
f 4184//4184 454//454 192//192
f 449//449 450//450 196//196
f 195//195 196//196 450//450
f 197//197 186//186 4174//4174
f 4174//4174 448//448 197//197
f 448//448 449//449 197//197
f 196//196 197//197 449//449
f 4175//4175 4174//4174 187//187
f 186//186 187//187 4174//4174
f 455//455 4183//4183 191//191
f 190//190 191//191 4183//4183
f 4183//4183 4182//4182 190//190
f 189//189 190//190 4182//4182
f 4182//4182 4181//4181 189//189
f 188//188 189//189 4181//4181
f 4181//4181 4175//4175 188//188
f 187//187 188//188 4175//4175
f 464//464 465//465 199//199
f 198//198 199//199 465//465
f 4114//4114 198//198 465//465
f 465//465 456//456 4114//4114
f 463//463 464//464 200//200
f 199//199 200//200 464//464
f 204//204 205//205 460//460
f 460//460 461//461 204//204
f 203//203 204//204 461//461
f 461//461 462//462 203//203
f 202//202 203//203 462//462
f 201//201 202//202 462//462
f 462//462 463//463 201//201
f 200//200 201//201 463//463
f 4180//4180 460//460 206//206
f 205//205 206//206 460//460
f 4176//4176 457//457 4116//4116
f 208//208 4116//4116 457//457
f 457//457 458//458 208//208
f 207//207 208//208 458//458
f 458//458 459//459 207//207
f 206//206 207//207 459//459
f 459//459 4180//4180 206//206
f 456//456 4176//4176 4114//4114
f 4116//4116 4114//4114 4176//4176
f 4189//4189 476//476 4115//4115
f 210//210 4115//4115 476//476
f 476//476 466//466 210//210
f 209//209 210//210 466//466
f 4201//4201 470//470 4124//4124
f 215//215 4124//4124 470//470
f 470//470 471//471 215//215
f 471//471 472//472 215//215
f 214//214 215//215 472//472
f 472//472 473//473 214//214
f 213//213 214//214 473//473
f 473//473 474//474 213//213
f 212//212 213//213 474//474
f 474//474 475//475 212//212
f 211//211 212//212 475//475
f 4124//4124 216//216 4201//4201
f 220//220 221//221 467//467
f 467//467 468//468 220//220
f 219//219 220//220 468//468
f 218//218 219//219 468//468
f 468//468 469//469 218//218
f 217//217 218//218 469//469
f 469//469 4178//4178 217//217
f 216//216 217//217 4178//4178
f 466//466 467//467 209//209
f 221//221 209//209 467//467
f 502//502 503//503 227//227
f 226//226 227//227 503//503
f 503//503 4187//4187 226//226
f 225//225 226//226 4187//4187
f 4187//4187 504//504 225//225
f 224//224 225//225 504//504
f 504//504 505//505 224//224
f 4117//4117 224//224 505//505
f 505//505 506//506 4117//4117
f 223//223 4117//4117 506//506
f 506//506 477//477 223//223
f 222//222 223//223 477//477
f 492//492 493//493 235//235
f 234//234 235//235 493//493
f 493//493 494//494 234//234
f 4125//4125 234//234 494//494
f 494//494 495//495 4125//4125
f 4126//4126 4125//4125 495//495
f 495//495 496//496 4126//4126
f 233//233 4126//4126 496//496
f 496//496 497//497 233//233
f 232//232 233//233 497//497
f 497//497 498//498 232//232
f 231//231 232//232 498//498
f 498//498 499//499 231//231
f 230//230 231//231 499//499
f 499//499 500//500 230//230
f 229//229 230//230 500//500
f 500//500 501//501 229//229
f 228//228 229//229 501//501
f 501//501 502//502 228//228
f 227//227 228//228 502//502
f 487//487 488//488 241//241
f 240//240 241//241 488//488
f 488//488 489//489 240//240
f 239//239 240//240 489//489
f 489//489 4177//4177 239//239
f 238//238 239//239 4177//4177
f 4177//4177 490//490 238//238
f 237//237 238//238 490//490
f 490//490 491//491 237//237
f 236//236 237//237 491//491
f 491//491 492//492 236//236
f 235//235 236//236 492//492
f 477//477 478//478 222//222
f 250//250 222//222 478//478
f 478//478 479//479 250//250
f 249//249 250//250 479//479
f 479//479 480//480 249//249
f 248//248 249//249 480//480
f 480//480 481//481 248//248
f 247//247 248//248 481//481
f 481//481 482//482 247//247
f 246//246 247//247 482//482
f 482//482 483//483 246//246
f 245//245 246//246 483//483
f 483//483 484//484 245//245
f 244//244 245//245 484//484
f 484//484 485//485 244//244
f 243//243 244//244 485//485
f 485//485 486//486 243//243
f 242//242 243//243 486//486
f 486//486 487//487 242//242
f 241//241 242//242 487//487
f 257//257 258//258 513//513
f 512//512 513//513 258//258
f 258//258 259//259 512//512
f 511//511 512//512 259//259
f 259//259 260//260 511//511
f 260//260 261//261 510//510
f 261//261 262//262 509//509
f 508//508 509//509 262//262
f 262//262 251//251 508//508
f 507//507 508//508 251//251
f 251//251 252//252 507//507
f 518//518 507//507 252//252
f 252//252 253//253 518//518
f 253//253 254//254 517//517
f 516//516 517//517 254//254
f 254//254 255//255 516//516
f 255//255 256//256 515//515
f 256//256 257//257 514//514
f 513//513 514//514 257//257
f 269//269 270//270 4048//4048
f 523//523 4048//4048 270//270
f 270//270 271//271 523//523
f 522//522 523//523 271//271
f 271//271 272//272 522//522
f 521//521 522//522 272//272
f 272//272 273//273 521//521
f 273//273 274//274 520//520
f 519//519 520//520 274//274
f 274//274 263//263 519//519
f 4049//4049 519//519 263//263
f 263//263 264//264 4049//4049
f 529//529 4049//4049 264//264
f 264//264 265//265 529//529
f 528//528 529//529 265//265
f 265//265 266//266 528//528
f 266//266 267//267 527//527
f 267//267 268//268 526//526
f 525//525 526//526 268//268
f 268//268 269//269 525//525
f 4048//4048 525//525 269//269
f 548//548 547//547 546//546
f 546//546 545//545 548//548
f 549//549 548//548 545//545
f 545//545 544//544 549//549
f 530//530 549//549 544//544
f 544//544 4220//4220 530//530
f 4206//4206 530//530 4220//4220
f 4220//4220 543//543 4206//4206
f 531//531 4206//4206 543//543
f 543//543 542//542 531//531
f 532//532 531//531 542//542
f 542//542 541//541 532//532
f 533//533 532//532 541//541
f 541//541 540//540 533//533
f 534//534 533//533 540//540
f 540//540 539//539 534//534
f 535//535 534//534 539//539
f 538//538 537//537 535//535
f 539//539 538//538 535//535
f 536//536 535//535 537//537
f 550//550 551//551 4202//4202
f 550//550 4202//4202 4203//4203
f 550//550 4203//4203 4204//4204
f 550//550 4204//4204 4205//4205
f 4207//4207 550//550 4205//4205
f 551//551 545//545 4202//4202
f 4202//4202 546//546 4203//4203
f 548//548 4204//4204 4203//4203
f 549//549 4205//4205 4204//4204
f 4206//4206 4233//4233 4232//4232
f 4206//4206 4232//4232 557//557
f 4206//4206 557//557 4207//4207
f 531//531 4244//4244 4208//4208
f 531//531 4208//4208 4209//4209
f 531//531 4209//4209 4210//4210
f 531//531 4210//4210 559//559
f 531//531 559//559 4235//4235
f 531//531 4235//4235 4211//4211
f 531//531 4211//4211 4234//4234
f 556//556 560//560 4244//4244
f 555//555 561//561 560//560
f 554//554 562//562 561//561
f 555//555 554//554 561//561
f 553//553 563//563 562//562
f 554//554 553//553 562//562
f 564//564 563//563 553//553
f 553//553 552//552 564//564
f 4220//4220 4214//4214 4215//4215
f 4220//4220 4215//4215 4216//4216
f 4220//4220 4216//4216 4217//4217
f 4220//4220 4217//4217 4218//4218
f 4220//4220 4218//4218 4219//4219
f 552//552 4221//4221 4220//4220
f 544//544 4222//4222 4223//4223
f 544//544 4223//4223 4224//4224
f 544//544 4224//4224 4225//4225
f 544//544 4225//4225 566//566
f 544//544 550//550 4222//4222
f 4253//4253 572//572 571//571
f 571//571 570//570 4253//4253
f 573//573 4253//4253 570//570
f 570//570 569//569 573//573
f 567//567 573//573 569//569
f 569//569 4228//4228 567//567
f 4228//4228 568//568 567//567
f 4239//4239 567//567 568//568
f 568//568 4231//4231 4239//4239
f 4207//4207 4230//4230 4229//4229
f 4207//4207 4229//4229 4227//4227
f 4207//4207 4227//4227 4226//4226
f 4207//4207 4226//4226 574//574
f 4207//4207 574//574 4255//4255
f 4207//4207 4255//4255 4254//4254
f 550//550 4207//4207 4254//4254
f 568//568 4229//4229 4230//4230
f 568//568 4230//4230 4207//4207
f 4231//4231 4232//4232 4233//4233
f 4239//4239 4234//4234 4211//4211
f 580//580 4211//4211 4235//4235
f 581//581 4235//4235 559//559
f 4239//4239 575//575 4243//4243
f 567//567 4239//4239 536//536
f 581//581 559//559 4210//4210
f 581//581 4210//4210 4209//4209
f 581//581 4209//4209 4208//4208
f 581//581 4208//4208 4244//4244
f 581//581 4244//4244 560//560
f 560//560 561//561 4245//4245
f 536//536 537//537 567//567
f 4245//4245 561//561 562//562
f 582//582 4245//4245 562//562
f 562//562 563//563 582//582
f 582//582 563//563 564//564
f 4246//4246 582//582 564//564
f 573//573 567//567 537//537
f 537//537 538//538 573//573
f 583//583 4216//4216 4215//4215
f 4252//4252 588//588 4253//4253
f 4253//4253 573//573 538//538
f 4253//4253 4214//4214 566//566
f 4253//4253 566//566 4225//4225
f 4253//4253 4225//4225 4224//4224
f 4253//4253 4224//4224 4223//4223
f 4253//4253 4223//4223 4222//4222
f 550//550 572//572 4253//4253
f 4245//4245 556//556 590//590
f 581//581 4245//4245 590//590
f 556//556 4245//4245 582//582
f 554//554 556//556 582//582
f 582//582 4246//4246 554//554
f 552//552 554//554 4246//4246
f 583//583 589//589 552//552
f 4246//4246 583//583 552//552
f 4259//4259 694//694 541//541
f 591//591 4259//4259 541//541
f 695//695 694//694 4259//4259
f 695//695 698//698 540//540
f 694//694 695//695 540//540
f 4256//4256 698//698 695//695
f 4256//4256 538//538 539//539
f 698//698 4256//4256 539//539
f 693//693 4259//4259 591//591
f 693//693 591//591 542//542
f 543//543 693//693 542//542
f 708//708 538//538 4256//4256
f 709//709 708//708 4256//4256
f 710//710 709//709 4256//4256
f 711//711 710//710 4256//4256
f 712//712 711//711 4256//4256
f 713//713 712//712 4256//4256
f 4257//4257 4256//4256 695//695
f 687//687 686//686 4259//4259
f 715//715 714//714 4257//4257
f 686//686 685//685 4259//4259
f 716//716 715//715 4257//4257
f 685//685 684//684 4259//4259
f 717//717 716//716 4257//4257
f 684//684 683//683 4259//4259
f 718//718 717//717 4257//4257
f 683//683 682//682 4259//4259
f 719//719 718//718 4257//4257
f 682//682 681//681 4259//4259
f 720//720 719//719 4257//4257
f 681//681 680//680 4259//4259
f 721//721 720//720 4257//4257
f 680//680 679//679 4259//4259
f 722//722 721//721 4257//4257
f 679//679 678//678 4259//4259
f 723//723 722//722 4257//4257
f 727//727 726//726 4258//4258
f 728//728 727//727 4258//4258
f 729//729 728//728 4258//4258
f 730//730 729//729 4258//4258
f 672//672 671//671 4259//4259
f 731//731 730//730 4258//4258
f 671//671 670//670 4259//4259
f 732//732 731//731 4258//4258
f 670//670 669//669 4259//4259
f 733//733 732//732 4258//4258
f 669//669 668//668 4259//4259
f 588//588 733//733 4258//4258
f 668//668 667//667 4259//4259
f 734//734 588//588 4258//4258
f 667//667 666//666 4259//4259
f 735//735 734//734 4258//4258
f 666//666 665//665 4259//4259
f 736//736 735//735 4258//4258
f 665//665 664//664 4259//4259
f 664//664 663//663 4259//4259
f 738//738 737//737 699//699
f 663//663 662//662 4259//4259
f 739//739 738//738 699//699
f 740//740 739//739 699//699
f 741//741 740//740 699//699
f 742//742 741//741 699//699
f 743//743 742//742 699//699
f 744//744 743//743 699//699
f 745//745 744//744 699//699
f 699//699 700//700 745//745
f 746//746 745//745 700//700
f 655//655 654//654 592//592
f 747//747 746//746 700//700
f 654//654 653//653 592//592
f 748//748 747//747 700//700
f 653//653 652//652 592//592
f 749//749 748//748 700//700
f 652//652 651//651 592//592
f 750//750 749//749 700//700
f 751//751 750//750 700//700
f 651//651 650//650 592//592
f 700//700 752//752 751//751
f 650//650 649//649 592//592
f 753//753 752//752 700//700
f 4260//4260 700//700 695//695
f 649//649 648//648 592//592
f 754//754 753//753 4260//4260
f 648//648 647//647 592//592
f 587//587 754//754 4260//4260
f 647//647 646//646 592//592
f 755//755 587//587 4260//4260
f 646//646 645//645 592//592
f 4262//4262 4260//4260 695//695
f 756//756 755//755 4260//4260
f 645//645 644//644 592//592
f 757//757 756//756 4260//4260
f 644//644 643//643 592//592
f 758//758 757//757 4260//4260
f 643//643 642//642 592//592
f 759//759 758//758 4260//4260
f 642//642 641//641 592//592
f 760//760 759//759 4260//4260
f 641//641 640//640 592//592
f 761//761 760//760 4260//4260
f 640//640 639//639 592//592
f 762//762 761//761 4260//4260
f 639//639 638//638 592//592
f 763//763 762//762 4260//4260
f 638//638 637//637 592//592
f 764//764 763//763 4260//4260
f 4260//4260 4261//4261 764//764
f 765//765 764//764 4261//4261
f 766//766 765//765 4261//4261
f 635//635 634//634 592//592
f 767//767 766//766 4261//4261
f 634//634 633//633 592//592
f 768//768 767//767 4261//4261
f 633//633 632//632 592//592
f 769//769 768//768 4261//4261
f 632//632 631//631 592//592
f 770//770 769//769 4261//4261
f 631//631 630//630 592//592
f 771//771 770//770 4261//4261
f 630//630 629//629 592//592
f 586//586 771//771 4261//4261
f 629//629 628//628 592//592
f 772//772 586//586 4261//4261
f 628//628 627//627 592//592
f 773//773 772//772 4261//4261
f 627//627 626//626 592//592
f 774//774 773//773 4263//4263
f 626//626 625//625 592//592
f 775//775 774//774 4263//4263
f 776//776 775//775 4263//4263
f 777//777 776//776 4263//4263
f 778//778 777//777 4263//4263
f 779//779 778//778 4263//4263
f 621//621 620//620 4264//4264
f 780//780 779//779 4263//4263
f 620//620 619//619 4264//4264
f 781//781 780//780 4263//4263
f 619//619 618//618 4264//4264
f 782//782 781//781 4263//4263
f 618//618 617//617 4264//4264
f 783//783 782//782 4263//4263
f 617//617 616//616 4264//4264
f 784//784 783//783 4263//4263
f 616//616 615//615 4264//4264
f 701//701 585//585 785//785
f 786//786 585//585 701//701
f 614//614 613//613 4264//4264
f 787//787 786//786 701//701
f 613//613 612//612 4264//4264
f 612//612 611//611 4264//4264
f 788//788 787//787 701//701
f 611//611 610//610 4264//4264
f 789//789 788//788 701//701
f 610//610 609//609 4264//4264
f 790//790 789//789 701//701
f 609//609 608//608 4264//4264
f 791//791 790//790 701//701
f 608//608 607//607 4264//4264
f 792//792 791//791 701//701
f 793//793 792//792 701//701
f 607//607 606//606 4264//4264
f 794//794 793//793 702//702
f 606//606 605//605 4264//4264
f 702//702 795//795 794//794
f 605//605 604//604 4264//4264
f 796//796 795//795 702//702
f 584//584 796//796 702//702
f 797//797 584//584 702//702
f 798//798 797//797 702//702
f 601//601 600//600 4264//4264
f 799//799 798//798 702//702
f 600//600 599//599 4264//4264
f 800//800 799//799 702//702
f 599//599 598//598 4264//4264
f 801//801 800//800 702//702
f 703//703 702//702 4262//4262
f 702//702 703//703 801//801
f 598//598 597//597 4264//4264
f 696//696 4262//4262 4264//4264
f 704//704 703//703 696//696
f 597//597 596//596 4264//4264
f 705//705 704//704 696//696
f 596//596 595//595 4264//4264
f 706//706 705//705 696//696
f 595//595 594//594 4264//4264
f 707//707 706//706 696//696
f 594//594 552//552 4264//4264
f 593//593 4264//4264 552//552
f 4264//4264 593//593 696//696
f 696//696 593//593 589//589
f 697//697 696//696 589//589
f 696//696 697//697 707//707
f 583//583 707//707 697//697
f 4269//4269 804//804 533//533
f 915//915 4269//4269 533//533
f 803//803 531//531 532//532
f 804//804 803//803 532//532
f 803//803 804//804 4269//4269
f 4265//4265 4269//4269 915//915
f 4265//4265 915//915 534//534
f 914//914 4265//4265 534//534
f 805//805 531//531 803//803
f 1008//1008 4265//4265 914//914
f 1008//1008 914//914 535//535
f 536//536 1008//1008 535//535
f 806//806 805//805 803//803
f 1008//1008 1007//1007 4265//4265
f 4265//4265 4266//4266 4269//4269
f 807//807 806//806 803//803
f 808//808 807//807 803//803
f 1006//1006 1005//1005 4266//4266
f 809//809 808//808 803//803
f 1005//1005 1004//1004 4266//4266
f 1004//1004 1003//1003 4266//4266
f 1003//1003 1002//1002 4266//4266
f 1002//1002 1001//1001 4266//4266
f 1001//1001 1000//1000 4266//4266
f 1000//1000 999//999 4266//4266
f 815//815 814//814 803//803
f 999//999 998//998 4266//4266
f 816//816 815//815 803//803
f 998//998 997//997 4266//4266
f 4266//4266 4267//4267 4269//4269
f 817//817 816//816 803//803
f 818//818 817//817 803//803
f 996//996 995//995 4267//4267
f 819//819 818//818 803//803
f 995//995 994//994 4267//4267
f 820//820 819//819 803//803
f 994//994 993//993 4267//4267
f 821//821 820//820 803//803
f 993//993 992//992 4267//4267
f 822//822 821//821 803//803
f 992//992 991//991 4267//4267
f 823//823 822//822 803//803
f 991//991 990//990 4267//4267
f 990//990 989//989 4267//4267
f 989//989 988//988 4267//4267
f 4267//4267 988//988 575//575
f 826//826 825//825 803//803
f 827//827 826//826 803//803
f 575//575 987//987 4267//4267
f 828//828 827//827 803//803
f 987//987 986//986 913//913
f 829//829 828//828 803//803
f 986//986 985//985 913//913
f 830//830 829//829 803//803
f 985//985 984//984 913//913
f 984//984 983//983 913//913
f 832//832 831//831 803//803
f 983//983 982//982 913//913
f 833//833 832//832 803//803
f 982//982 981//981 913//913
f 834//834 833//833 803//803
f 981//981 980//980 913//913
f 835//835 834//834 803//803
f 980//980 979//979 913//913
f 836//836 835//835 803//803
f 979//979 978//978 913//913
f 837//837 836//836 803//803
f 978//978 977//977 913//913
f 912//912 913//913 977//977
f 838//838 837//837 803//803
f 977//977 976//976 912//912
f 839//839 838//838 803//803
f 976//976 975//975 912//912
f 840//840 839//839 803//803
f 975//975 974//974 912//912
f 841//841 840//840 803//803
f 974//974 973//973 912//912
f 973//973 972//972 912//912
f 972//972 971//971 912//912
f 912//912 971//971 970//970
f 970//970 576//576 912//912
f 576//576 969//969 912//912
f 912//912 4270//4270 4272//4272
f 847//847 846//846 4268//4268
f 848//848 847//847 4268//4268
f 967//967 966//966 4270//4270
f 849//849 848//848 4268//4268
f 966//966 965//965 4270//4270
f 850//850 849//849 4268//4268
f 965//965 964//964 4270//4270
f 851//851 850//850 4268//4268
f 964//964 963//963 4270//4270
f 852//852 851//851 4268//4268
f 963//963 962//962 4270//4270
f 853//853 852//852 4268//4268
f 962//962 961//961 4270//4270
f 854//854 853//853 4268//4268
f 961//961 960//960 4270//4270
f 855//855 854//854 4268//4268
f 960//960 959//959 4270//4270
f 856//856 855//855 4268//4268
f 959//959 958//958 4270//4270
f 857//857 856//856 4268//4268
f 958//958 957//957 4270//4270
f 955//955 954//954 4271//4271
f 954//954 577//577 4271//4271
f 862//862 861//861 4273//4273
f 577//577 953//953 4271//4271
f 863//863 862//862 4273//4273
f 953//953 952//952 4271//4271
f 864//864 863//863 4273//4273
f 952//952 951//951 4271//4271
f 865//865 864//864 4273//4273
f 951//951 950//950 4271//4271
f 866//866 865//865 4273//4273
f 950//950 949//949 4271//4271
f 867//867 866//866 4273//4273
f 949//949 948//948 4271//4271
f 868//868 867//867 4273//4273
f 948//948 947//947 4271//4271
f 911//911 4271//4271 947//947
f 869//869 868//868 4273//4273
f 947//947 946//946 911//911
f 870//870 869//869 4273//4273
f 946//946 945//945 911//911
f 871//871 870//870 4273//4273
f 945//945 944//944 911//911
f 872//872 871//871 4273//4273
f 944//944 943//943 911//911
f 873//873 872//872 4273//4273
f 943//943 942//942 911//911
f 874//874 873//873 4273//4273
f 942//942 941//941 911//911
f 4274//4274 911//911 941//941
f 911//911 4274//4274 4272//4272
f 941//941 578//578 4274//4274
f 875//875 874//874 4273//4273
f 876//876 875//875 4273//4273
f 578//578 940//940 4274//4274
f 877//877 876//876 4273//4273
f 940//940 939//939 4274//4274
f 878//878 877//877 4273//4273
f 939//939 938//938 4274//4274
f 879//879 878//878 4273//4273
f 938//938 937//937 4274//4274
f 937//937 936//936 4274//4274
f 936//936 935//935 4274//4274
f 935//935 934//934 4274//4274
f 934//934 933//933 4274//4274
f 933//933 932//932 4274//4274
f 932//932 931//931 4275//4275
f 885//885 884//884 4273//4273
f 4275//4275 931//931 930//930
f 886//886 885//885 4273//4273
f 930//930 579//579 4275//4275
f 887//887 886//886 4273//4273
f 579//579 929//929 4275//4275
f 888//888 887//887 4273//4273
f 929//929 928//928 4275//4275
f 889//889 888//888 4273//4273
f 928//928 927//927 4275//4275
f 890//890 889//889 4273//4273
f 927//927 926//926 4275//4275
f 891//891 890//890 4273//4273
f 926//926 925//925 4275//4275
f 892//892 891//891 4273//4273
f 925//925 924//924 4275//4275
f 893//893 892//892 4273//4273
f 924//924 923//923 4275//4275
f 894//894 893//893 4273//4273
f 923//923 922//922 4275//4275
f 895//895 894//894 4273//4273
f 4275//4275 910//910 4276//4276
f 921//921 580//580 910//910
f 580//580 920//920 910//910
f 920//920 919//919 910//910
f 919//919 918//918 910//910
f 918//918 917//917 910//910
f 909//909 910//910 917//917
f 910//910 909//909 4276//4276
f 901//901 900//900 4277//4277
f 909//909 908//908 4276//4276
f 902//902 901//901 4277//4277
f 908//908 907//907 4276//4276
f 903//903 902//902 4277//4277
f 907//907 906//906 4276//4276
f 904//904 903//903 4277//4277
f 906//906 905//905 4276//4276
f 4276//4276 905//905 581//581
f 916//916 4276//4276 581//581
f 4276//4276 916//916 4277//4277
f 4277//4277 916//916 590//590
f 802//802 4277//4277 590//590
f 904//904 4277//4277 802//802
f 556//556 904//904 802//802
f 4278//4278 1017//1017 1016//1016
f 1016//1016 1015//1015 4278//4278
f 1023//1023 1022//1022 1012//1012
f 4279//4279 1011//1011 4348//4348
f 4280//4280 1009//1009 4346//4346
f 1029//1029 4280//4280 4346//4346
f 1054//1054 1035//1035 1034//1034
f 1054//1054 1034//1034 1033//1033
f 1055//1055 1054//1054 1033//1033
f 1033//1033 1032//1032 1055//1055
f 1053//1053 1038//1038 1037//1037
f 1053//1053 1037//1037 1036//1036
f 1035//1035 1054//1054 4286//4286
f 1036//1036 1035//1035 4286//4286
f 4286//4286 1053//1053 1036//1036
f 1039//1039 1038//1038 1053//1053
f 1055//1055 1032//1032 1031//1031
f 1055//1055 1031//1031 1030//1030
f 1056//1056 1055//1055 1030//1030
f 1030//1030 1047//1047 1056//1056
f 1052//1052 1041//1041 1040//1040
f 1052//1052 1040//1040 1039//1039
f 1053//1053 1052//1052 1039//1039
f 1042//1042 1041//1041 1052//1052
f 1056//1056 1047//1047 1046//1046
f 1056//1056 1046//1046 1045//1045
f 1045//1045 1044//1044 4281//4281
f 4281//4281 1056//1056 1045//1045
f 1051//1051 4281//4281 1044//1044
f 1051//1051 1044//1044 1043//1043
f 1051//1051 1043//1043 1042//1042
f 1052//1052 1051//1051 1042//1042
f 1051//1051 1057//1057 4281//4281
f 1058//1058 4282//4282 4283//4283
f 1050//1050 1075//1075 1074//1074
f 1050//1050 1074//1074 1073//1073
f 4283//4283 1050//1050 1073//1073
f 1059//1059 4284//4284 1072//1072
f 1059//1059 1072//1072 1071//1071
f 1059//1059 1071//1071 1070//1070
f 1060//1060 1059//1059 1070//1070
f 1070//1070 1069//1069 1060//1060
f 1076//1076 1075//1075 1050//1050
f 1049//1049 1077//1077 1076//1076
f 1050//1050 1049//1049 1076//1076
f 1060//1060 1069//1069 1068//1068
f 1061//1061 1060//1060 1068//1068
f 1068//1068 1067//1067 1061//1061
f 1078//1078 1077//1077 1049//1049
f 1048//1048 1081//1081 1080//1080
f 1048//1048 1080//1080 1079//1079
f 1048//1048 1079//1079 1078//1078
f 1049//1049 1048//1048 1078//1078
f 1082//1082 1081//1081 4285//4285
f 1061//1061 1067//1067 1066//1066
f 1061//1061 1066//1066 1065//1065
f 1064//1064 1063//1063 1062//1062
f 1065//1065 1064//1064 1062//1062
f 1062//1062 1061//1061 1065//1065
f 4286//4286 4050//4050 1091//1091
f 4286//4286 1091//1091 1090//1090
f 4286//4286 1090//1090 1089//1089
f 4286//4286 1089//1089 1088//1088
f 1087//1087 4051//4051 1096//1096
f 1088//1088 1087//1087 1096//1096
f 1088//1088 1096//1096 1095//1095
f 1095//1095 4286//4286 1088//1088
f 1096//1096 4051//4051 1085//1085
f 1096//1096 1085//1085 1084//1084
f 1096//1096 1084//1084 1083//1083
f 1096//1096 1083//1083 1094//1094
f 1093//1093 4050//4050 4286//4286
f 1094//1094 1093//1093 4286//4286
f 1054//1054 4287//4287 1094//1094
f 1097//1097 1100//1100 1098//1098
f 1099//1099 1098//1098 1100//1100
f 1110//1110 4052//4052 1107//1107
f 1110//1110 1107//1107 1106//1106
f 1110//1110 1106//1106 4053//4053
f 1110//1110 4053//4053 1104//1104
f 4288//4288 4290//4290 1111//1111
f 1104//1104 4054//4054 1111//1111
f 4290//4290 4288//4288 4055//4055
f 4290//4290 4055//4055 1101//1101
f 4290//4290 1101//1101 4289//4289
f 1108//1108 4052//4052 1110//1110
f 1109//1109 1108//1108 1110//1110
f 1109//1109 1110//1110 1112//1112
f 4291//4291 1119//1119 1118//1118
f 1118//1118 1117//1117 1111//1111
f 1120//1120 1119//1119 4291//4291
f 1111//1111 1117//1117 1116//1116
f 1111//1111 1116//1116 1115//1115
f 1111//1111 1115//1115 1114//1114
f 1131//1131 1111//1111 1114//1114
f 1114//1114 1113//1113 1131//1131
f 1162//1162 1122//1122 1121//1121
f 1162//1162 1121//1121 1120//1120
f 4291//4291 1162//1162 1120//1120
f 1123//1123 1122//1122 1162//1162
f 1131//1131 1113//1113 1130//1130
f 1131//1131 1130//1130 1129//1129
f 1132//1132 1131//1131 1129//1129
f 1129//1129 1128//1128 1132//1132
f 1161//1161 1126//1126 1125//1125
f 1161//1161 1125//1125 1124//1124
f 1161//1161 1124//1124 1123//1123
f 1162//1162 1161//1161 1123//1123
f 1132//1132 1128//1128 1127//1127
f 1126//1126 1161//1161 4292//4292
f 1127//1127 1126//1126 4292//4292
f 4292//4292 1132//1132 1127//1127
f 1160//1160 1133//1133 4292//4292
f 4293//4293 1144//1144 1143//1143
f 4293//4293 1143//1143 1142//1142
f 1134//1134 4293//4293 1142//1142
f 1157//1157 1148//1148 1147//1147
f 1146//1146 1145//1145 1158//1158
f 1147//1147 1146//1146 1158//1158
f 1158//1158 1157//1157 1147//1147
f 1142//1142 1141//1141 1134//1134
f 1149//1149 1148//1148 1157//1157
f 1134//1134 1141//1141 1140//1140
f 1135//1135 1134//1134 1140//1140
f 1156//1156 1150//1150 1149//1149
f 1157//1157 1156//1156 1149//1149
f 1140//1140 1139//1139 1135//1135
f 1151//1151 1150//1150 1156//1156
f 1155//1155 1154//1154 1153//1153
f 1155//1155 1153//1153 1152//1152
f 1155//1155 1152//1152 1151//1151
f 1156//1156 1155//1155 1151//1151
f 4306//4306 1154//1154 1155//1155
f 1135//1135 1139//1139 1138//1138
f 1135//1135 1138//1138 1137//1137
f 1137//1137 1136//1136 4297//4297
f 4297//4297 1135//1135 1137//1137
f 4297//4297 1184//1184 1183//1183
f 1181//1181 1180//1180 1170//1170
f 1182//1182 1181//1181 1170//1170
f 1163//1163 4301//4301 4294//4294
f 1164//1164 1163//1163 4294//4294
f 1165//1165 1164//1164 4294//4294
f 1165//1165 4294//4294 1187//1187
f 1165//1165 1187//1187 4295//4295
f 1191//1191 1186//1186 1185//1185
f 1190//1190 1189//1189 4295//4295
f 1191//1191 1185//1185 4298//4298
f 1191//1191 4298//4298 4299//4299
f 1191//1191 4299//4299 4300//4300
f 1188//1188 4294//4294 4301//4301
f 4300//4300 1188//1188 4301//4301
f 1191//1191 4300//4300 4301//4301
f 1191//1191 4301//4301 4302//4302
f 1171//1171 1170//1170 1180//1180
f 1172//1172 1171//1171 1180//1180
f 1173//1173 1172//1172 1180//1180
f 1173//1173 1180//1180 4303//4303
f 1173//1173 4303//4303 4304//4304
f 4305//4305 4297//4297 4306//4306
f 4307//4307 4302//4302 1174//1174
f 1190//1190 1240//1240 1189//1189
f 1222//1222 1226//1226 1225//1225
f 1222//1222 1225//1225 1224//1224
f 1223//1223 1190//1190 1191//1191
f 1224//1224 1223//1223 1191//1191
f 1191//1191 1222//1222 1224//1224
f 1189//1189 1240//1240 1239//1239
f 1189//1189 1239//1239 1238//1238
f 1189//1189 1238//1238 1237//1237
f 1210//1210 1189//1189 1237//1237
f 1237//1237 1236//1236 1210//1210
f 1227//1227 1226//1226 1222//1222
f 1221//1221 1228//1228 1227//1227
f 1222//1222 1221//1221 1227//1227
f 1210//1210 1236//1236 1235//1235
f 1211//1211 1210//1210 1235//1235
f 1235//1235 1234//1234 1211//1211
f 1229//1229 1228//1228 1221//1221
f 1220//1220 4309//4309 1231//1231
f 1220//1220 1231//1231 1230//1230
f 1220//1220 1230//1230 1229//1229
f 1221//1221 1220//1220 1229//1229
f 1211//1211 1234//1234 1233//1233
f 1211//1211 1233//1233 1232//1232
f 4308//4308 1211//1211 1232//1232
f 1212//1212 1219//1219 1218//1218
f 1217//1217 1206//1206 4310//4310
f 1207//1207 1206//1206 1217//1217
f 4310//4310 1206//1206 1205//1205
f 4310//4310 1205//1205 1204//1204
f 1213//1213 4310//4310 1204//1204
f 1204//1204 1203//1203 1213//1213
f 1216//1216 1209//1209 1208//1208
f 1216//1216 1208//1208 1207//1207
f 1217//1217 1216//1216 1207//1207
f 1192//1192 1209//1209 1216//1216
f 1213//1213 1203//1203 1202//1202
f 1213//1213 1202//1202 1201//1201
f 1214//1214 1213//1213 1201//1201
f 1201//1201 1200//1200 1214//1214
f 1215//1215 1194//1194 1193//1193
f 1215//1215 1193//1193 1192//1192
f 1216//1216 1215//1215 1192//1192
f 1195//1195 1194//1194 1215//1215
f 4312//4312 1197//1197 1196//1196
f 4312//4312 1196//1196 1195//1195
f 1215//1215 4312//4312 1195//1195
f 1214//1214 1200//1200 1199//1199
f 1214//1214 1199//1199 1198//1198
f 1198//1198 1197//1197 4311//4311
f 4311//4311 1214//1214 1198//1198
f 4311//4311 4056//4056 4057//4057
f 4311//4311 4057//4057 1247//1247
f 4311//4311 1247//1247 4058//4058
f 4311//4311 4058//4058 1245//1245
f 1244//1244 4059//4059 1251//1251
f 1245//1245 1244//1244 1251//1251
f 1245//1245 1251//1251 1250//1250
f 1250//1250 4311//4311 1245//1245
f 1251//1251 4059//4059 1243//1243
f 1251//1251 1243//1243 1242//1242
f 1251//1251 1242//1242 4060//4060
f 1251//1251 4060//4060 1249//1249
f 4061//4061 4056//4056 4311//4311
f 1249//1249 4061//4061 4311//4311
f 1249//1249 4311//4311 4312//4312
f 1252//1252 1255//1255 1253//1253
f 1254//1254 1253//1253 1255//1255
f 1266//1266 4062//4062 1262//1262
f 1266//1266 1262//1262 1261//1261
f 1266//1266 1261//1261 1260//1260
f 1266//1266 1260//1260 1259//1259
f 4313//4313 1267//1267 4314//4314
f 1259//1259 4313//4313 4314//4314
f 1267//1267 4063//4063 1257//1257
f 1267//1267 1257//1257 1256//1256
f 1267//1267 1256//1256 4315//4315
f 1264//1264 4062//4062 1266//1266
f 1265//1265 1264//1264 1266//1266
f 1265//1265 1266//1266 1268//1268
f 4359//4359 1267//1267 4315//4315
f 1312//1312 1311//1311 1313//1313
f 1313//1313 1311//1311 1310//1310
f 1313//1313 1310//1310 1309//1309
f 1313//1313 1309//1309 1308//1308
f 1314//1314 1313//1313 1308//1308
f 1290//1290 1296//1296 1295//1295
f 1290//1290 1295//1295 1294//1294
f 1293//1293 1292//1292 4316//4316
f 1294//1294 1293//1293 1291//1291
f 1291//1291 1290//1290 1294//1294
f 1308//1308 1307//1307 1314//1314
f 1297//1297 1296//1296 1290//1290
f 1314//1314 1307//1307 1306//1306
f 1315//1315 1314//1314 1306//1306
f 1289//1289 1298//1298 1297//1297
f 1290//1290 1289//1289 1297//1297
f 1306//1306 1305//1305 1315//1315
f 1299//1299 1298//1298 1289//1289
f 1315//1315 1305//1305 1304//1304
f 1315//1315 1304//1304 1303//1303
f 1303//1303 1302//1302 1316//1316
f 1316//1316 1315//1315 1303//1303
f 4317//4317 1301//1301 1300//1300
f 4317//4317 1300//1300 1299//1299
f 1289//1289 4317//4317 1299//1299
f 1288//1288 1284//1284 1283//1283
f 1283//1283 1282//1282 1319//1319
f 1283//1283 1319//1319 4319//4319
f 4319//4319 1288//1288 1283//1283
f 1285//1285 1284//1284 1288//1288
f 1319//1319 1282//1282 1281//1281
f 1319//1319 1281//1281 1280//1280
f 1319//1319 1280//1280 1279//1279
f 1320//1320 1319//1319 1279//1279
f 1279//1279 1278//1278 1320//1320
f 1287//1287 1269//1269 1286//1286
f 1287//1287 1286//1286 1285//1285
f 1288//1288 1287//1287 1285//1285
f 1270//1270 1269//1269 1287//1287
f 1320//1320 1278//1278 1277//1277
f 1320//1320 1277//1277 1276//1276
f 4320//4320 1320//1320 1276//1276
f 1276//1276 1275//1275 4320//4320
f 4314//4314 1273//1273 1272//1272
f 4314//4314 1272//1272 1271//1271
f 4314//4314 1271//1271 1270//1270
f 1287//1287 4314//4314 1270//1270
f 4320//4320 1275//1275 1274//1274
f 1274//1274 1273//1273 4314//4314
f 1339//1339 4332//4332 1321//1321
f 528//528 1339//1339 1321//1321
f 1291//1291 4321//4321 4322//4322
f 1291//1291 4322//4322 4323//4323
f 1291//1291 4323//4323 4328//4328
f 1330//1330 1329//1329 1336//1336
f 4324//4324 1330//1330 1336//1336
f 1331//1331 4324//4324 4325//4325
f 1062//1062 1337//1337 4331//4331
f 1337//1337 4326//4326 4327//4327
f 1048//1048 4328//4328 4327//4327
f 511//511 1336//1336 1329//1329
f 1062//1062 4331//4331 1325//1325
f 1322//1322 1321//1321 4332//4332
f 1323//1323 1322//1322 4332//4332
f 1324//1324 1323//1323 4332//4332
f 1324//1324 4332//4332 4333//4333
f 1291//1291 524//524 4321//4321
f 524//524 4334//4334 4336//4336
f 1313//1313 4337//4337 4336//4336
f 4338//4338 1325//1325 4337//4337
f 4339//4339 1364//1364 4340//4340
f 1363//1363 1512//1512 4339//4339
f 1341//1341 4339//4339 1512//1512
f 1512//1512 1362//1362 1341//1341
f 1344//1344 1358//1358 1357//1357
f 4341//4341 1356//1356 1344//1344
f 1488//1488 1345//1345 4342//4342
f 1356//1356 1488//1488 4342//4342
f 1355//1355 1345//1345 1488//1488
f 1351//1351 1350//1350 4343//4343
f 1350//1350 4344//4344 4343//4343
f 1089//1089 1090//1090 4053//4053
f 1104//1104 4053//4053 1090//1090
f 4058//4058 1247//1247 1260//1260
f 1259//1259 1260//1260 1247//1247
f 1090//1090 1091//1091 1104//1104
f 4054//4054 1104//1104 1091//1091
f 1247//1247 4057//4057 1259//1259
f 4313//4313 1259//1259 4057//4057
f 1091//1091 4050//4050 4054//4054
f 4288//4288 4054//4054 4050//4050
f 4057//4057 4056//4056 4313//4313
f 4063//4063 4313//4313 4056//4056
f 4050//4050 1093//1093 4288//4288
f 4055//4055 4288//4288 1093//1093
f 4056//4056 4061//4061 4063//4063
f 1257//1257 4063//4063 4061//4061
f 1093//1093 1094//1094 4055//4055
f 1101//1101 4055//4055 1094//1094
f 4061//4061 1249//1249 1257//1257
f 1256//1256 1257//1257 1249//1249
f 1094//1094 1083//1083 1101//1101
f 4289//4289 1101//1101 1083//1083
f 1249//1249 4060//4060 1256//1256
f 4315//4315 1256//1256 4060//4060
f 1083//1083 1084//1084 4289//4289
f 1109//1109 4289//4289 1084//1084
f 4060//4060 1242//1242 4315//4315
f 1265//1265 4315//4315 1242//1242
f 1084//1084 1085//1085 1109//1109
f 1108//1108 1109//1109 1085//1085
f 1242//1242 1243//1243 1265//1265
f 1264//1264 1265//1265 1243//1243
f 1085//1085 4051//4051 1108//1108
f 4052//4052 1108//1108 4051//4051
f 1243//1243 4059//4059 1264//1264
f 4062//4062 1264//1264 4059//4059
f 4051//4051 1087//1087 4052//4052
f 1107//1107 4052//4052 1087//1087
f 4059//4059 1244//1244 4062//4062
f 1262//1262 4062//4062 1244//1244
f 1087//1087 1088//1088 1107//1107
f 1106//1106 1107//1107 1088//1088
f 1244//1244 1245//1245 1262//1262
f 1261//1261 1262//1262 1245//1245
f 1088//1088 1089//1089 1106//1106
f 4053//4053 1106//1106 1089//1089
f 1245//1245 4058//4058 1261//1261
f 1260//1260 1261//1261 4058//4058
f 1329//1329 1330//1330 1170//1170
f 1169//1169 1170//1170 1330//1330
f 1330//1330 4324//4324 1169//1169
f 1168//1168 1169//1169 4324//4324
f 4324//4324 1331//1331 1168//1168
f 1167//1167 1168//1168 1331//1331
f 1331//1331 1332//1332 1167//1167
f 1166//1166 1167//1167 1332//1332
f 1332//1332 1333//1333 1166//1166
f 4296//4296 1166//1166 1333//1333
f 1333//1333 1334//1334 4296//4296
f 1165//1165 4296//4296 1334//1334
f 1334//1334 4322//4322 1165//1165
f 1164//1164 1165//1165 4322//4322
f 4322//4322 1335//1335 1164//1164
f 1163//1163 1164//1164 1335//1335
f 1335//1335 1321//1321 1163//1163
f 4301//4301 1163//1163 1321//1321
f 1321//1321 1322//1322 4301//4301
f 1178//1178 4301//4301 1322//1322
f 1322//1322 1323//1323 1178//1178
f 1177//1177 1178//1178 1323//1323
f 1323//1323 1324//1324 1177//1177
f 1176//1176 1177//1177 1324//1324
f 1324//1324 4337//4337 1176//1176
f 1175//1175 1176//1176 4337//4337
f 4337//4337 1325//1325 1175//1175
f 1174//1174 1175//1175 1325//1325
f 1325//1325 1326//1326 1174//1174
f 1173//1173 1174//1174 1326//1326
f 1326//1326 1327//1327 1173//1173
f 1172//1172 1173//1173 1327//1327
f 1327//1327 1328//1328 1172//1172
f 1171//1171 1172//1172 1328//1328
f 1328//1328 1329//1329 1171//1171
f 1170//1170 1171//1171 1329//1329
f 509//509 1337//1337 1367//1367
f 1367//1367 1366//1366 509//509
f 1366//1366 1365//1365 510//510
f 1365//1365 1372//1372 511//511
f 1336//1336 511//511 1372//1372
f 514//514 1336//1336 1372//1372
f 1372//1372 1371//1371 514//514
f 1371//1371 1370//1370 515//515
f 1370//1370 1369//1369 516//516
f 1369//1369 1368//1368 517//517
f 1368//1368 1367//1367 518//518
f 1337//1337 518//518 1367//1367
f 520//520 4332//4332 1377//1377
f 1377//1377 1376//1376 520//520
f 1376//1376 1375//1375 521//521
f 1375//1375 1374//1374 522//522
f 1338//1338 522//522 1374//1374
f 1374//1374 1382//1382 1338//1338
f 524//524 1338//1338 1382//1382
f 526//526 524//524 1382//1382
f 1382//1382 1381//1381 526//526
f 1381//1381 1380//1380 527//527
f 1380//1380 1379//1379 528//528
f 1339//1339 528//528 1379//1379
f 1379//1379 1377//1377 1339//1339
f 4332//4332 1339//1339 1377//1377
f 1372//1372 4303//4303 1180//1180
f 1372//1372 1365//1365 4303//4303
f 4304//4304 4303//4303 1365//1365
f 1365//1365 1366//1366 4304//4304
f 1366//1366 1367//1367 4304//4304
f 4305//4305 4304//4304 1367//1367
f 1179//1179 4305//4305 1367//1367
f 1368//1368 1184//1184 1179//1179
f 1367//1367 1368//1368 1179//1179
f 1368//1368 1369//1369 1184//1184
f 1183//1183 1184//1184 1369//1369
f 1369//1369 1370//1370 1183//1183
f 1182//1182 1183//1183 1370//1370
f 1370//1370 1371//1371 1182//1182
f 1371//1371 1372//1372 1182//1182
f 1181//1181 1182//1182 1372//1372
f 1180//1180 1181//1181 1372//1372
f 1223//1223 1311//1311 1383//1383
f 1190//1190 1223//1223 1383//1383
f 1310//1310 1311//1311 1223//1223
f 1223//1223 1224//1224 1310//1310
f 1309//1309 1310//1310 1224//1224
f 1224//1224 1225//1225 1309//1309
f 1308//1308 1309//1309 1225//1225
f 1225//1225 1226//1226 1308//1308
f 1307//1307 1308//1308 1226//1226
f 1226//1226 1227//1227 1307//1307
f 1306//1306 1307//1307 1227//1227
f 1227//1227 1228//1228 1306//1306
f 1305//1305 1306//1306 1228//1228
f 1228//1228 1229//1229 1305//1305
f 1304//1304 1305//1305 1229//1229
f 1229//1229 1230//1230 1304//1304
f 1303//1303 1304//1304 1230//1230
f 1230//1230 1231//1231 1303//1303
f 1303//1303 1231//1231 4309//4309
f 1302//1302 1303//1303 4309//4309
f 4309//4309 1232//1232 1302//1302
f 1301//1301 1302//1302 1232//1232
f 1232//1232 1233//1233 1301//1301
f 1300//1300 1301//1301 1233//1233
f 1233//1233 1234//1234 1300//1300
f 1299//1299 1300//1300 1234//1234
f 1234//1234 1235//1235 1299//1299
f 1298//1298 1299//1299 1235//1235
f 1235//1235 1236//1236 1298//1298
f 1297//1297 1298//1298 1236//1236
f 1236//1236 1237//1237 1297//1297
f 1296//1296 1297//1297 1237//1237
f 1237//1237 1238//1238 1296//1296
f 1295//1295 1296//1296 1238//1238
f 1238//1238 1239//1239 1295//1295
f 1294//1294 1295//1295 1239//1239
f 1239//1239 1240//1240 1294//1294
f 1293//1293 1294//1294 1240//1240
f 1240//1240 1190//1190 1293//1293
f 1383//1383 1293//1293 1190//1190
f 1145//1145 1146//1146 4284//4284
f 1072//1072 4284//4284 1146//1146
f 1146//1146 1147//1147 1072//1072
f 1071//1071 1072//1072 1147//1147
f 1147//1147 1148//1148 1071//1071
f 1070//1070 1071//1071 1148//1148
f 1148//1148 1149//1149 1070//1070
f 1069//1069 1070//1070 1149//1149
f 1149//1149 1150//1150 1069//1069
f 1068//1068 1069//1069 1150//1150
f 1150//1150 1151//1151 1068//1068
f 1067//1067 1068//1068 1151//1151
f 1151//1151 1152//1152 1067//1067
f 1066//1066 1067//1067 1152//1152
f 1152//1152 1153//1153 1066//1066
f 1065//1065 1066//1066 1153//1153
f 1153//1153 1154//1154 1065//1065
f 1064//1064 1065//1065 1154//1154
f 1154//1154 4306//4306 1064//1064
f 1384//1384 1064//1064 4306//4306
f 1136//1136 1081//1081 1384//1384
f 4306//4306 1136//1136 1384//1384
f 1080//1080 1081//1081 1136//1136
f 1136//1136 1137//1137 1080//1080
f 1079//1079 1080//1080 1137//1137
f 1137//1137 1138//1138 1079//1079
f 1078//1078 1079//1079 1138//1138
f 1138//1138 1139//1139 1078//1078
f 1077//1077 1078//1078 1139//1139
f 1139//1139 1140//1140 1077//1077
f 1076//1076 1077//1077 1140//1140
f 1140//1140 1141//1141 1076//1076
f 1075//1075 1076//1076 1141//1141
f 1141//1141 1142//1142 1075//1075
f 1074//1074 1075//1075 1142//1142
f 1142//1142 1143//1143 1074//1074
f 1073//1073 1074//1074 1143//1143
f 1143//1143 1144//1144 1073//1073
f 1073//1073 1144//1144 1145//1145
f 4284//4284 1073//1073 1145//1145
f 1039//1039 1040//1040 1113//1113
f 1130//1130 1113//1113 1040//1040
f 1202//1202 1286//1286 1269//1269
f 1201//1201 1202//1202 1269//1269
f 1040//1040 1041//1041 1130//1130
f 1285//1285 1286//1286 1202//1202
f 1129//1129 1130//1130 1041//1041
f 1202//1202 1203//1203 1285//1285
f 1041//1041 1042//1042 1129//1129
f 1284//1284 1285//1285 1203//1203
f 1128//1128 1129//1129 1042//1042
f 1203//1203 1204//1204 1284//1284
f 1042//1042 1043//1043 1128//1128
f 1283//1283 1284//1284 1204//1204
f 1127//1127 1128//1128 1043//1043
f 1204//1204 1205//1205 1283//1283
f 1044//1044 1126//1126 1127//1127
f 1043//1043 1044//1044 1127//1127
f 1283//1283 1205//1205 1206//1206
f 1282//1282 1283//1283 1206//1206
f 1125//1125 1126//1126 1044//1044
f 1206//1206 1207//1207 1282//1282
f 1044//1044 1045//1045 1125//1125
f 1281//1281 1282//1282 1207//1207
f 1124//1124 1125//1125 1045//1045
f 1207//1207 1208//1208 1281//1281
f 1045//1045 1046//1046 1124//1124
f 1280//1280 1281//1281 1208//1208
f 1123//1123 1124//1124 1046//1046
f 1208//1208 1209//1209 1280//1280
f 1046//1046 1047//1047 1123//1123
f 1279//1279 1280//1280 1209//1209
f 1123//1123 1047//1047 1030//1030
f 1122//1122 1123//1123 1030//1030
f 1209//1209 1192//1192 1279//1279
f 1278//1278 1279//1279 1192//1192
f 1030//1030 1031//1031 1122//1122
f 1121//1121 1122//1122 1031//1031
f 1193//1193 1277//1277 1278//1278
f 1192//1192 1193//1193 1278//1278
f 1031//1031 1032//1032 1121//1121
f 1276//1276 1277//1277 1193//1193
f 1120//1120 1121//1121 1032//1032
f 1193//1193 1194//1194 1276//1276
f 1032//1032 1033//1033 1120//1120
f 1275//1275 1276//1276 1194//1194
f 1119//1119 1120//1120 1033//1033
f 1194//1194 1195//1195 1275//1275
f 1033//1033 1034//1034 1119//1119
f 1274//1274 1275//1275 1195//1195
f 1118//1118 1119//1119 1034//1034
f 1195//1195 1196//1196 1274//1274
f 1035//1035 1117//1117 1118//1118
f 1034//1034 1035//1035 1118//1118
f 1274//1274 1196//1196 1197//1197
f 1273//1273 1274//1274 1197//1197
f 1116//1116 1117//1117 1035//1035
f 1197//1197 1198//1198 1273//1273
f 1035//1035 1036//1036 1116//1116
f 1272//1272 1273//1273 1198//1198
f 1115//1115 1116//1116 1036//1036
f 1198//1198 1199//1199 1272//1272
f 1036//1036 1037//1037 1115//1115
f 1271//1271 1272//1272 1199//1199
f 1114//1114 1115//1115 1037//1037
f 1199//1199 1200//1200 1271//1271
f 1037//1037 1038//1038 1114//1114
f 1270//1270 1271//1271 1200//1200
f 1114//1114 1038//1038 1039//1039
f 1113//1113 1114//1114 1039//1039
f 1200//1200 1201//1201 1270//1270
f 1269//1269 1270//1270 1201//1201
f 4294//4294 1188//1188 1377//1377
f 1188//1188 4300//4300 1377//1377
f 1376//1376 1377//1377 4300//4300
f 4300//4300 4299//4299 1376//1376
f 1375//1375 1376//1376 4299//4299
f 4299//4299 4298//4298 1375//1375
f 1374//1374 1375//1375 4298//4298
f 1374//1374 4298//4298 1185//1185
f 1382//1382 1374//1374 1185//1185
f 1185//1185 1186//1186 1382//1382
f 1186//1186 4295//4295 1382//1382
f 1381//1381 1382//1382 4295//4295
f 1380//1380 1381//1381 4295//4295
f 4295//4295 1187//1187 1380//1380
f 1379//1379 1380//1380 1187//1187
f 1379//1379 1187//1187 4294//4294
f 1377//1377 1379//1379 4294//4294
f 1110//1110 1111//1111 4345//4345
f 1386//1386 4345//4345 4346//4346
f 4345//4345 1393//1393 4346//4346
f 1029//1029 4346//4346 1393//1393
f 1131//1131 1393//1393 4345//4345
f 1111//1111 1131//1131 4345//4345
f 1392//1392 1393//1393 1131//1131
f 1393//1393 1392//1392 1029//1029
f 1028//1028 1029//1029 1392//1392
f 1131//1131 1132//1132 1392//1392
f 1391//1391 1392//1392 1132//1132
f 1392//1392 1391//1391 1028//1028
f 1027//1027 1028//1028 1391//1391
f 1132//1132 4292//4292 1391//1391
f 1391//1391 4292//4292 1133//1133
f 1390//1390 1391//1391 1133//1133
f 1390//1390 1026//1026 1027//1027
f 1391//1391 1390//1390 1027//1027
f 1133//1133 4293//4293 1390//1390
f 1025//1025 1026//1026 1390//1390
f 1389//1389 1390//1390 4293//4293
f 1390//1390 1389//1389 1025//1025
f 4293//4293 1134//1134 1389//1389
f 1024//1024 1025//1025 1389//1389
f 1388//1388 1389//1389 1134//1134
f 1389//1389 1388//1388 1024//1024
f 1134//1134 1135//1135 1388//1388
f 1011//1011 1024//1024 1388//1388
f 1387//1387 1388//1388 1135//1135
f 1388//1388 1387//1387 1011//1011
f 1135//1135 4297//4297 1387//1387
f 4347//4347 1387//1387 4297//4297
f 1011//1011 1387//1387 4347//4347
f 4348//4348 1011//1011 4347//4347
f 4347//4347 1394//1394 4348//4348
f 1394//1394 1401//1401 1023//1023
f 1022//1022 1023//1023 1401//1401
f 1210//1210 1401//1401 1394//1394
f 1189//1189 1210//1210 1394//1394
f 1400//1400 1401//1401 1210//1210
f 1401//1401 1400//1400 1022//1022
f 1021//1021 1022//1022 1400//1400
f 1210//1210 1211//1211 1400//1400
f 1399//1399 1400//1400 1211//1211
f 1400//1400 1399//1399 1021//1021
f 1020//1020 1021//1021 1399//1399
f 1211//1211 4308//4308 1399//1399
f 1399//1399 4308//4308 1212//1212
f 1398//1398 1399//1399 1212//1212
f 1398//1398 1019//1019 1020//1020
f 1399//1399 1398//1398 1020//1020
f 1212//1212 4310//4310 1398//1398
f 1013//1013 1019//1019 1398//1398
f 1397//1397 1398//1398 4310//4310
f 1398//1398 1397//1397 1013//1013
f 4310//4310 1213//1213 1397//1397
f 1014//1014 1013//1013 1397//1397
f 1396//1396 1397//1397 1213//1213
f 1397//1397 1396//1396 1014//1014
f 1213//1213 1214//1214 1396//1396
f 1015//1015 1014//1014 1396//1396
f 1395//1395 1396//1396 1214//1214
f 1396//1396 1395//1395 1015//1015
f 1214//1214 4311//4311 1395//1395
f 4349//4349 1395//1395 4311//4311
f 1015//1015 1395//1395 4349//4349
f 4278//4278 1015//1015 4349//4349
f 1018//1018 4278//4278 4349//4349
f 1250//1250 1407//1407 1406//1406
f 1406//1406 1407//1407 1403//1403
f 1018//1018 1403//1403 1407//1407
f 1405//1405 1404//1404 1018//1018
f 1407//1407 1405//1405 1018//1018
f 1252//1252 1405//1405 1407//1407
f 1253//1253 1409//1409 1252//1252
f 1404//1404 1252//1252 1409//1409
f 1409//1409 1408//1408 1404//1404
f 1410//1410 1404//1404 1408//1408
f 1408//1408 1017//1017 1410//1410
f 1018//1018 1410//1410 1017//1017
f 1253//1253 1414//1414 1413//1413
f 1413//1413 1414//1414 1409//1409
f 1017//1017 1409//1409 1414//1414
f 1412//1412 1411//1411 1017//1017
f 1414//1414 1412//1412 1017//1017
f 1266//1266 1412//1412 1414//1414
f 1266//1266 4314//4314 4350//4350
f 1415//1415 4350//4350 1016//1016
f 4351//4351 1416//1416 1291//1291
f 1022//1022 1416//1416 4351//4351
f 1012//1012 1022//1022 4351//4351
f 1290//1290 1291//1291 1416//1416
f 1416//1416 1417//1417 1290//1290
f 1417//1417 1416//1416 1022//1022
f 1022//1022 1021//1021 1417//1417
f 1289//1289 1290//1290 1417//1417
f 1417//1417 1418//1418 1289//1289
f 1418//1418 1417//1417 1021//1021
f 1021//1021 1020//1020 1418//1418
f 4317//4317 1289//1289 1418//1418
f 1419//1419 4318//4318 4317//4317
f 1418//1418 1419//1419 4317//4317
f 1418//1418 1020//1020 1019//1019
f 1419//1419 1418//1418 1019//1019
f 4319//4319 4318//4318 1419//1419
f 1019//1019 1013//1013 1419//1419
f 1419//1419 1420//1420 4319//4319
f 1420//1420 1419//1419 1013//1013
f 1288//1288 4319//4319 1420//1420
f 1013//1013 1014//1014 1420//1420
f 1421//1421 1420//1420 1014//1014
f 1420//1420 1421//1421 1288//1288
f 1287//1287 1288//1288 1421//1421
f 1014//1014 1015//1015 1421//1421
f 1421//1421 1422//1422 1287//1287
f 1422//1422 1421//1421 1015//1015
f 1015//1015 1016//1016 1422//1422
f 4350//4350 1422//1422 1016//1016
f 1287//1287 1422//1422 4350//4350
f 4314//4314 1287//1287 4350//4350
f 1291//1291 4330//4330 4351//4351
f 4279//4279 1012//1012 4352//4352
f 4354//4354 1423//1423 4286//4286
f 1029//1029 1423//1423 4354//4354
f 4280//4280 1029//1029 4354//4354
f 1053//1053 4286//4286 1423//1423
f 1423//1423 1424//1424 1053//1053
f 1424//1424 1423//1423 1029//1029
f 1029//1029 1028//1028 1424//1424
f 1052//1052 1053//1053 1424//1424
f 1424//1424 1425//1425 1052//1052
f 1425//1425 1424//1424 1028//1028
f 1028//1028 1027//1027 1425//1425
f 1051//1051 1052//1052 1425//1425
f 1426//1426 4282//4282 1051//1051
f 1425//1425 1426//1426 1051//1051
f 1425//1425 1027//1027 1026//1026
f 1426//1426 1425//1425 1026//1026
f 4283//4283 4282//4282 1426//1426
f 1026//1026 1025//1025 1426//1426
f 1426//1426 1427//1427 4283//4283
f 1427//1427 1426//1426 1025//1025
f 1050//1050 4283//4283 1427//1427
f 1025//1025 1024//1024 1427//1427
f 1428//1428 1427//1427 1024//1024
f 1427//1427 1428//1428 1050//1050
f 1049//1049 1050//1050 1428//1428
f 1024//1024 1011//1011 1428//1428
f 1428//1428 1429//1429 1049//1049
f 1429//1429 1428//1428 1011//1011
f 1011//1011 4279//4279 1429//1429
f 4352//4352 1429//1429 4279//4279
f 1049//1049 1429//1429 4352//4352
f 1048//1048 1049//1049 4352//4352
f 1010//1010 4280//4280 4354//4354
f 1010//1010 4353//4353 1432//1432
f 1432//1432 4353//4353 1433//1433
f 1097//1097 1433//1433 4353//4353
f 1431//1431 1430//1430 1097//1097
f 4353//4353 1431//1431 1097//1097
f 1095//1095 1431//1431 4353//4353
f 1435//1435 1436//1436 1097//1097
f 1098//1098 1435//1435 1097//1097
f 1433//1433 1436//1436 1435//1435
f 1435//1435 1434//1434 1433//1433
f 1433//1433 1434//1434 1009//1009
f 1010//1010 1433//1433 1009//1009
f 1098//1098 1439//1439 1438//1438
f 1438//1438 1439//1439 1435//1435
f 1009//1009 1435//1435 1439//1439
f 1437//1437 1385//1385 1009//1009
f 1439//1439 1437//1437 1009//1009
f 1110//1110 1437//1437 1439//1439
f 1099//1099 1441//1441 1098//1098
f 1439//1439 1098//1098 1441//1441
f 1441//1441 1112//1112 1439//1439
f 1110//1110 1439//1439 1112//1112
f 1112//1112 1441//1441 1440//1440
f 1440//1440 1441//1441 1443//1443
f 1340//1340 1443//1443 1441//1441
f 1442//1442 1444//1444 1340//1340
f 1441//1441 1442//1442 1340//1340
f 1099//1099 1442//1442 1441//1441
f 1340//1340 4339//4339 4355//4355
f 1155//1155 1156//1156 1446//1446
f 1447//1447 1358//1358 1344//1344
f 1447//1447 1344//1344 1454//1454
f 1446//1446 1447//1447 1454//1454
f 1447//1447 1446//1446 1156//1156
f 1359//1359 1358//1358 1447//1447
f 1156//1156 1157//1157 1447//1447
f 1448//1448 1447//1447 1157//1157
f 1447//1447 1448//1448 1359//1359
f 1360//1360 1359//1359 1448//1448
f 1157//1157 1158//1158 1448//1448
f 1449//1449 1448//1448 1158//1158
f 1448//1448 1449//1449 1360//1360
f 1343//1343 1360//1360 1449//1449
f 1158//1158 1159//1159 1449//1449
f 1450//1450 1449//1449 1159//1159
f 1449//1449 1450//1450 1343//1343
f 1159//1159 1160//1160 1450//1450
f 1342//1342 1343//1343 1450//1450
f 1450//1450 1451//1451 1342//1342
f 1451//1451 1450//1450 1160//1160
f 1160//1160 1161//1161 1451//1451
f 1361//1361 1342//1342 1451//1451
f 1452//1452 1451//1451 1161//1161
f 1451//1451 1452//1452 1361//1361
f 1161//1161 1162//1162 1452//1452
f 1362//1362 1361//1361 1452//1452
f 1453//1453 1452//1452 1162//1162
f 1452//1452 1453//1453 1362//1362
f 1162//1162 4291//4291 1453//1453
f 1341//1341 1362//1362 1453//1453
f 1453//1453 4355//4355 1341//1341
f 1453//1453 4291//4291 4290//4290
f 4355//4355 1453//1453 4290//4290
f 4339//4339 1341//1341 4355//4355
f 1455//1455 4356//4356 1344//1344
f 1191//1191 4307//4307 4356//4356
f 4312//4312 1215//1215 4357//4357
f 1456//1456 1351//1351 4343//4343
f 4357//4357 1456//1456 4343//4343
f 1456//1456 4357//4357 1215//1215
f 1347//1347 1351//1351 1456//1456
f 1215//1215 1216//1216 1456//1456
f 1456//1456 1457//1457 1347//1347
f 1457//1457 1456//1456 1216//1216
f 1352//1352 1347//1347 1457//1457
f 1216//1216 1217//1217 1457//1457
f 1458//1458 1457//1457 1217//1217
f 1457//1457 1458//1458 1352//1352
f 1353//1353 1352//1352 1458//1458
f 1217//1217 1218//1218 1458//1458
f 1459//1459 1458//1458 1218//1218
f 1458//1458 1459//1459 1353//1353
f 1354//1354 1353//1353 1459//1459
f 1218//1218 1219//1219 1459//1459
f 1460//1460 1459//1459 1219//1219
f 1459//1459 1460//1460 1354//1354
f 1219//1219 1220//1220 1460//1460
f 1346//1346 1354//1354 1460//1460
f 1460//1460 1461//1461 1346//1346
f 1461//1461 1460//1460 1220//1220
f 1220//1220 1221//1221 1461//1461
f 1355//1355 1346//1346 1461//1461
f 1462//1462 1461//1461 1221//1221
f 1461//1461 1462//1462 1355//1355
f 1221//1221 1222//1222 1462//1462
f 1345//1345 1355//1355 1462//1462
f 1462//1462 1463//1463 1345//1345
f 1462//1462 1222//1222 1191//1191
f 1463//1463 1462//1462 1191//1191
f 1345//1345 1463//1463 1455//1455
f 4342//4342 1345//1345 1455//1455
f 1251//1251 4312//4312 4357//4357
f 1251//1251 1466//1466 1467//1467
f 1467//1467 1466//1466 1468//1468
f 1255//1255 1468//1468 1466//1466
f 1465//1465 1464//1464 1255//1255
f 1466//1466 1465//1465 1255//1255
f 1348//1348 1465//1465 1466//1466
f 1251//1251 1468//1468 1250//1250
f 1407//1407 1250//1250 1468//1468
f 1468//1468 1469//1469 1407//1407
f 1407//1407 1469//1469 1255//1255
f 1252//1252 1407//1407 1255//1255
f 1349//1349 1471//1471 1348//1348
f 1464//1464 1348//1348 1471//1471
f 1471//1471 1470//1470 1464//1464
f 1472//1472 1464//1464 1470//1470
f 1470//1470 1254//1254 1472//1472
f 1255//1255 1472//1472 1254//1254
f 1268//1268 1475//1475 1473//1473
f 1473//1473 1475//1475 1476//1476
f 1349//1349 1476//1476 1475//1475
f 1474//1474 1470//1470 1349//1349
f 1475//1475 1474//1474 1349//1349
f 1254//1254 1474//1474 1475//1475
f 1349//1349 4344//4344 4358//4358
f 1476//1476 4358//4358 4359//4359
f 1313//1313 1314//1314 1479//1479
f 1480//1480 1479//1479 1314//1314
f 1480//1480 1487//1487 1486//1486
f 1479//1479 1480//1480 1486//1486
f 1488//1488 1487//1487 1480//1480
f 1487//1487 1488//1488 1356//1356
f 1314//1314 1315//1315 1480//1480
f 1480//1480 1489//1489 1488//1488
f 1489//1489 1480//1480 1315//1315
f 1488//1488 1489//1489 1355//1355
f 1346//1346 1355//1355 1489//1489
f 1315//1315 1316//1316 1489//1489
f 1490//1490 1489//1489 1316//1316
f 1489//1489 1490//1490 1346//1346
f 1316//1316 1317//1317 1490//1490
f 1354//1354 1346//1346 1490//1490
f 1481//1481 1490//1490 1317//1317
f 1490//1490 1491//1491 1354//1354
f 1491//1491 1490//1490 1481//1481
f 1317//1317 1318//1318 1481//1481
f 1353//1353 1354//1354 1491//1491
f 1482//1482 1481//1481 1318//1318
f 1481//1481 1482//1482 1491//1491
f 1491//1491 1492//1492 1353//1353
f 1492//1492 1491//1491 1482//1482
f 1318//1318 1319//1319 1482//1482
f 1352//1352 1353//1353 1492//1492
f 1482//1482 1483//1483 1492//1492
f 1483//1483 1482//1482 1319//1319
f 1492//1492 1493//1493 1352//1352
f 1493//1493 1492//1492 1483//1483
f 1319//1319 1320//1320 1483//1483
f 1347//1347 1352//1352 1493//1493
f 1483//1483 1484//1484 1493//1493
f 1484//1484 1483//1483 1320//1320
f 1493//1493 1494//1494 1347//1347
f 1494//1494 1493//1493 1484//1484
f 1320//1320 4320//4320 1484//1484
f 1351//1351 1347//1347 1494//1494
f 1484//1484 4320//4320 1267//1267
f 1485//1485 1484//1484 1267//1267
f 1484//1484 1485//1485 1494//1494
f 1494//1494 1495//1495 1351//1351
f 1494//1494 1485//1485 1477//1477
f 1495//1495 1494//1494 1477//1477
f 1350//1350 1351//1351 1495//1495
f 1356//1356 4341//4341 4360//4360
f 1497//1497 4361//4361 4360//4360
f 1486//1486 4361//4361 4362//4362
f 1062//1062 4338//4338 4362//4362
f 1054//1054 1055//1055 1501//1501
f 1502//1502 1501//1501 1055//1055
f 1502//1502 1511//1511 1510//1510
f 1501//1501 1502//1502 1510//1510
f 1512//1512 1511//1511 1502//1502
f 1511//1511 1512//1512 1363//1363
f 1055//1055 1056//1056 1502//1502
f 1502//1502 1503//1503 1512//1512
f 1503//1503 1502//1502 1056//1056
f 1513//1513 1512//1512 1503//1503
f 1512//1512 1513//1513 1362//1362
f 1361//1361 1362//1362 1513//1513
f 1056//1056 4281//4281 1503//1503
f 1503//1503 1504//1504 1513//1513
f 1504//1504 1503//1503 4281//4281
f 1514//1514 1513//1513 1504//1504
f 1513//1513 1514//1514 1361//1361
f 1342//1342 1361//1361 1514//1514
f 4281//4281 1057//1057 1504//1504
f 1505//1505 1504//1504 1057//1057
f 1504//1504 1505//1505 1514//1514
f 1514//1514 1515//1515 1342//1342
f 1515//1515 1514//1514 1505//1505
f 1057//1057 1058//1058 1505//1505
f 1343//1343 1342//1342 1515//1515
f 1505//1505 1506//1506 1515//1515
f 1506//1506 1505//1505 1058//1058
f 1515//1515 1516//1516 1343//1343
f 1516//1516 1515//1515 1506//1506
f 1058//1058 1059//1059 1506//1506
f 1360//1360 1343//1343 1516//1516
f 1506//1506 1507//1507 1516//1516
f 1507//1507 1506//1506 1059//1059
f 1516//1516 1517//1517 1360//1360
f 1517//1517 1516//1516 1507//1507
f 1059//1059 1060//1060 1507//1507
f 1359//1359 1360//1360 1517//1517
f 1507//1507 1508//1508 1517//1517
f 1508//1508 1507//1507 1060//1060
f 1517//1517 1518//1518 1359//1359
f 1518//1518 1517//1517 1508//1508
f 1060//1060 1061//1061 1508//1508
f 1358//1358 1359//1359 1518//1518
f 1508//1508 1509//1509 1518//1518
f 1508//1508 1061//1061 1062//1062
f 1509//1509 1508//1508 1062//1062
f 1518//1518 1509//1509 1497//1497
f 1519//1519 1518//1518 1497//1497
f 1518//1518 1519//1519 1358//1358
f 1357//1357 1358//1358 1519//1519
f 1363//1363 4340//4340 4363//4363
f 1096//1096 4287//4287 4363//4363
f 1096//1096 4363//4363 1522//1522
f 1522//1522 4363//4363 1523//1523
f 1100//1100 1523//1523 4363//4363
f 1521//1521 1520//1520 1100//1100
f 4363//4363 1521//1521 1100//1100
f 1364//1364 1521//1521 4363//4363
f 1523//1523 1430//1430 1095//1095
f 1096//1096 1523//1523 1095//1095
f 1525//1525 1430//1430 1523//1523
f 1523//1523 1524//1524 1525//1525
f 1525//1525 1524//1524 1100//1100
f 1097//1097 1525//1525 1100//1100
f 1340//1340 1526//1526 1364//1364
f 1520//1520 1364//1364 1526//1526
f 1526//1526 1444//1444 1520//1520
f 1527//1527 1520//1520 1444//1444
f 1444//1444 1099//1099 1527//1527
f 1100//1100 1527//1527 1099//1099
f 1254//1254 1475//1475 1253//1253
f 1414//1414 1253//1253 1475//1475
f 1475//1475 1268//1268 1414//1414
f 1266//1266 1414//1414 1268//1268
f 1529//1529 1528//1528 1530//1530
f 1528//1528 1537//1537 1530//1530
f 1530//1530 1537//1537 1536//1536
f 1531//1531 1530//1530 1536//1536
f 1537//1537 1528//1528 1534//1534
f 1538//1538 1537//1537 1534//1534
f 1536//1536 1535//1535 1531//1531
f 1533//1533 1535//1535 1538//1538
f 1534//1534 1533//1533 1538//1538
f 1531//1531 1535//1535 1533//1533
f 1532//1532 1531//1531 1533//1533
f 1531//1531 1539//1539 1370//1370
f 1540//1540 1539//1539 1531//1531
f 1531//1531 1541//1541 1540//1540
f 1542//1542 1541//1541 1531//1531
f 1543//1543 1542//1542 1531//1531
f 1532//1532 1544//1544 1543//1543
f 1531//1531 1532//1532 1543//1543
f 1545//1545 1544//1544 1532//1532
f 1546//1546 1545//1545 1532//1532
f 1532//1532 1547//1547 1546//1546
f 1548//1548 1547//1547 1532//1532
f 1532//1532 1533//1533 1548//1548
f 1549//1549 1548//1548 1533//1533
f 1533//1533 1550//1550 1549//1549
f 1551//1551 1550//1550 1533//1533
f 1552//1552 1551//1551 1533//1533
f 1533//1533 1553//1553 1552//1552
f 1554//1554 1553//1553 1533//1533
f 1555//1555 1554//1554 1533//1533
f 1534//1534 1556//1556 1555//1555
f 1533//1533 1534//1534 1555//1555
f 1557//1557 1556//1556 1534//1534
f 1366//1366 1557//1557 1534//1534
f 1370//1370 1540//1540 1565//1565
f 1540//1540 1542//1542 1565//1565
f 1558//1558 1565//1565 1542//1542
f 1542//1542 1544//1544 1558//1558
f 1559//1559 1558//1558 1544//1544
f 1544//1544 1546//1546 1559//1559
f 1546//1546 1548//1548 1559//1559
f 1563//1563 1559//1559 1548//1548
f 1548//1548 1550//1550 1563//1563
f 1560//1560 1563//1563 1550//1550
f 1550//1550 1552//1552 1560//1560
f 1561//1561 1560//1560 1552//1552
f 1552//1552 1554//1554 1561//1561
f 1554//1554 1556//1556 1561//1561
f 1562//1562 1561//1561 1556//1556
f 1556//1556 1366//1366 1562//1562
f 1586//1586 1562//1562 1366//1366
f 1564//1564 1566//1566 1565//1565
f 1528//1528 1567//1567 1366//1366
f 1534//1534 1528//1528 1366//1366
f 1568//1568 1567//1567 1528//1528
f 1528//1528 1569//1569 1568//1568
f 1570//1570 1569//1569 1528//1528
f 1571//1571 1570//1570 1528//1528
f 1529//1529 1572//1572 1571//1571
f 1528//1528 1529//1529 1571//1571
f 1573//1573 1572//1572 1529//1529
f 1574//1574 1573//1573 1529//1529
f 1529//1529 1575//1575 1574//1574
f 1576//1576 1575//1575 1529//1529
f 1577//1577 1576//1576 1529//1529
f 1530//1530 1578//1578 1577//1577
f 1529//1529 1530//1530 1577//1577
f 1579//1579 1578//1578 1530//1530
f 1580//1580 1579//1579 1530//1530
f 1530//1530 1581//1581 1580//1580
f 1582//1582 1581//1581 1530//1530
f 1583//1583 1582//1582 1530//1530
f 1531//1531 1584//1584 1583//1583
f 1530//1530 1531//1531 1583//1583
f 1585//1585 1584//1584 1531//1531
f 1370//1370 1585//1585 1531//1531
f 1366//1366 1568//1568 1586//1586
f 1568//1568 1570//1570 1586//1586
f 1587//1587 1586//1586 1570//1570
f 1570//1570 1572//1572 1587//1587
f 1572//1572 1574//1574 1587//1587
f 1588//1588 1587//1587 1574//1574
f 1574//1574 1576//1576 1588//1588
f 1589//1589 1588//1588 1576//1576
f 1576//1576 1578//1578 1589//1589
f 1578//1578 1580//1580 1589//1589
f 1590//1590 1589//1589 1580//1580
f 1580//1580 1582//1582 1590//1590
f 1591//1591 1590//1590 1582//1582
f 1582//1582 1584//1584 1591//1591
f 1584//1584 1370//1370 1591//1591
f 1565//1565 1591//1591 1370//1370
f 1592//1592 1595//1595 1593//1593
f 1594//1594 1593//1593 1595//1595
f 1595//1595 1592//1592 1535//1535
f 1538//1538 1535//1535 1592//1592
f 1594//1594 1595//1595 1536//1536
f 1535//1535 1536//1536 1595//1595
f 1593//1593 1594//1594 1537//1537
f 1536//1536 1537//1537 1594//1594
f 1592//1592 1593//1593 1538//1538
f 1537//1537 1538//1538 1593//1593
f 1558//1558 1559//1559 1565//1565
f 1564//1564 1565//1565 1559//1559
f 1559//1559 1563//1563 1564//1564
f 1564//1564 1563//1563 1560//1560
f 1560//1560 1561//1561 1564//1564
f 1561//1561 1562//1562 1564//1564
f 1562//1562 1586//1586 1564//1564
f 1566//1566 1564//1564 1586//1586
f 1586//1586 1587//1587 1566//1566
f 1587//1587 1588//1588 1566//1566
f 1588//1588 1589//1589 1566//1566
f 1589//1589 1590//1590 1566//1566
f 1565//1565 1566//1566 1590//1590
f 1590//1590 1591//1591 1565//1565
f 49//49 4364//4364 1605//1605
f 49//49 1605//1605 4365//4365
f 49//49 4365//4365 1604//1604
f 1601//1601 1600//1600 4384//4384
f 1602//1602 1601//1601 4384//4384
f 1603//1603 1602//1602 4396//4396
f 4396//4396 49//49 1603//1603
f 4384//4384 1600//1600 1599//1599
f 4384//4384 1599//1599 1598//1598
f 4384//4384 1598//1598 1597//1597
f 1606//1606 4366//4366 4367//4367
f 1608//1608 1607//1607 4367//4367
f 1609//1609 1608//1608 4368//4368
f 4384//4384 1597//1597 4368//4368
f 1613//1613 4369//4369 4370//4370
f 1612//1612 1611//1611 4480//4480
f 4480//4480 4369//4369 1612//1612
f 94//94 4372//4372 1626//1626
f 94//94 1626//1626 1625//1625
f 94//94 1625//1625 4373//4373
f 94//94 4373//4373 1624//1624
f 94//94 1624//1624 1623//1623
f 94//94 1623//1623 4480//4480
f 94//94 4480//4480 1611//1611
f 94//94 1611//1611 4374//4374
f 94//94 4374//4374 4375//4375
f 94//94 4375//4375 4376//4376
f 94//94 4376//4376 1610//1610
f 1619//1619 4388//4388 1632//1632
f 1619//1619 1632//1632 1631//1631
f 1620//1620 1619//1619 1631//1631
f 1620//1620 1631//1631 4378//4378
f 1621//1621 1620//1620 4378//4378
f 1622//1622 1621//1621 4378//4378
f 1622//1622 4378//4378 4379//4379
f 1622//1622 4379//4379 4380//4380
f 1622//1622 4380//4380 4381//4381
f 4394//4394 4385//4385 4386//4386
f 4388//4388 1619//1619 1618//1618
f 4388//4388 1618//1618 4478//4478
f 4387//4387 1633//1633 4388//4388
f 4390//4390 1616//1616 1615//1615
f 4394//4394 1616//1616 4390//4390
f 4394//4394 4390//4390 4391//4391
f 95//95 1627//1627 4371//4371
f 95//95 1628//1628 1627//1627
f 95//95 4393//4393 1628//1628
f 4403//4403 1647//1647 1646//1646
f 4403//4403 1646//1646 1645//1645
f 4396//4396 1658//1658 1657//1657
f 4396//4396 1657//1657 1656//1656
f 4396//4396 1656//1656 4395//4395
f 4396//4396 4397//4397 4398//4398
f 4396//4396 4398//4398 4399//4399
f 1661//1661 4418//4418 1640//1640
f 4400//4400 1661//1661 1640//1640
f 4399//4399 4400//4400 1640//1640
f 4396//4396 4401//4401 4402//4402
f 4396//4396 4402//4402 1639//1639
f 4396//4396 1639//1639 1638//1638
f 1648//1648 1647//1647 4403//4403
f 1649//1649 1648//1648 4403//4403
f 1650//1650 1649//1649 4403//4403
f 1650//1650 4403//4403 4404//4404
f 1650//1650 4404//4404 4405//4405
f 49//49 4407//4407 4406//4406
f 49//49 4408//4408 4407//4407
f 49//49 4409//4409 1650//1650
f 48//48 4410//4410 4411//4411
f 48//48 4411//4411 1654//1654
f 48//48 1654//1654 4412//4412
f 48//48 4413//4413 4414//4414
f 1653//1653 1652//1652 4415//4415
f 48//48 4415//4415 4416//4416
f 48//48 4416//4416 1644//1644
f 48//48 1644//1644 1643//1643
f 1641//1641 1640//1640 4418//4418
f 4417//4417 1641//1641 4418//4418
f 1642//1642 4417//4417 4418//4418
f 48//48 4418//4418 4419//4419
f 48//48 4419//4419 4420//4420
f 48//48 4420//4420 4421//4421
f 48//48 4421//4421 4422//4422
f 48//48 4422//4422 4423//4423
f 4424//4424 1659//1659 1658//1658
f 4424//4424 1660//1660 1659//1659
f 4475//4475 1676//1676 1675//1675
f 4475//4475 1675//1675 1674//1674
f 4475//4475 1674//1674 1673//1673
f 1668//1668 1662//1662 4425//4425
f 1669//1669 1668//1668 4425//4425
f 1670//1670 1669//1669 4425//4425
f 1671//1671 1670//1670 4425//4425
f 1672//1672 1671//1671 4425//4425
f 4475//4475 1673//1673 4425//4425
f 1662//1662 1667//1667 1666//1666
f 1662//1662 1666//1666 1665//1665
f 1662//1662 1665//1665 1664//1664
f 1662//1662 1664//1664 4481//4481
f 1677//1677 1676//1676 4475//4475
f 1678//1678 1677//1677 4475//4475
f 1678//1678 4475//4475 1663//1663
f 1679//1679 1678//1678 1663//1663
f 4426//4426 1662//1662 4481//4481
f 4427//4427 1680//1680 4425//4425
f 1662//1662 4428//4428 4425//4425
f 4429//4429 1662//1662 4433//4433
f 1680//1680 4430//4430 4433//4433
f 4432//4432 1691//1691 1690//1690
f 4432//4432 1690//1690 1689//1689
f 4433//4433 4434//4434 4435//4435
f 4433//4433 4435//4435 4436//4436
f 4433//4433 4436//4436 1697//1697
f 4433//4433 1697//1697 4437//4437
f 4433//4433 4438//4438 4439//4439
f 4433//4433 4441//4441 1688//1688
f 4433//4433 1688//1688 1687//1687
f 4433//4433 1687//1687 1686//1686
f 1684//1684 1683//1683 4443//4443
f 4442//4442 1684//1684 4443//4443
f 1685//1685 4442//4442 4443//4443
f 4433//4433 4443//4443 1711//1711
f 4433//4433 1711//1711 1710//1710
f 4433//4433 1710//1710 1709//1709
f 4433//4433 1709//1709 1708//1708
f 4433//4433 1708//1708 1707//1707
f 1663//1663 4444//4444 1704//1704
f 1663//1663 1704//1704 4446//4446
f 1663//1663 4446//4446 4447//4447
f 1663//1663 4447//4447 1703//1703
f 1663//1663 1703//1703 1702//1702
f 1663//1663 1702//1702 1701//1701
f 1663//1663 1701//1701 1700//1700
f 1712//1712 4443//4443 1683//1683
f 1699//1699 1712//1712 1683//1683
f 1663//1663 1700//1700 1683//1683
f 1663//1663 1683//1683 4448//4448
f 1663//1663 4448//4448 4449//4449
f 1663//1663 4449//4449 1682//1682
f 1663//1663 1682//1682 1681//1681
f 1692//1692 1691//1691 4432//4432
f 1693//1693 1692//1692 4432//4432
f 1694//1694 1693//1693 4432//4432
f 1694//1694 4432//4432 1698//1698
f 1694//1694 1698//1698 4451//4451
f 1662//1662 4453//4453 4452//4452
f 1662//1662 1694//1694 4451//4451
f 4426//4426 4450//4450 1694//1694
f 4455//4455 1718//1718 4454//4454
f 4454//4454 1717//1717 1728//1728
f 1734//1734 4464//4464 4477//4477
f 4470//4470 4456//4456 4457//4457
f 4470//4470 4457//4457 4458//4458
f 4470//4470 4458//4458 4459//4459
f 4470//4470 4459//4459 4460//4460
f 4470//4470 4460//4460 4461//4461
f 4462//4462 1724//1724 1723//1723
f 4462//4462 1723//1723 1722//1722
f 4463//4463 1737//1737 4462//4462
f 1719//1719 4477//4477 4464//4464
f 4470//4470 1720//1720 1733//1733
f 4470//4470 1733//1733 4465//4465
f 1680//1680 4467//4467 4471//4471
f 1680//1680 4468//4468 4467//4467
f 1680//1680 4469//4469 4468//4468
f 4470//4470 4466//4466 4469//4469
f 4425//4425 1715//1715 1714//1714
f 4425//4425 1714//1714 1713//1713
f 1724//1724 4462//4462 1736//1736
f 1724//1724 1736//1736 1735//1735
f 1725//1725 1724//1724 1735//1735
f 1725//1725 1735//1735 4474//4474
f 1726//1726 1725//1725 4474//4474
f 1727//1727 1726//1726 4474//4474
f 1727//1727 4474//4474 1743//1743
f 1727//1727 1743//1743 1742//1742
f 1727//1727 1742//1742 1741//1741
f 4470//4470 1680//1680 4445//4445
f 4396//4396 1663//1663 4475//4475
f 4470//4470 4394//4394 4424//4424
f 4424//4424 4396//4396 4475//4475
f 4394//4394 4470//4470 4445//4445
f 1663//1663 4384//4384 4445//4445
f 1663//1663 4396//4396 4384//4384
f 4450//4450 1681//1681 4377//4377
f 1645//1645 1646//1646 1718//1718
f 4454//4454 1718//1718 1646//1646
f 1689//1689 1690//1690 1613//1613
f 1612//1612 1613//1613 1690//1690
f 1646//1646 1647//1647 4454//4454
f 1717//1717 4454//4454 1647//1647
f 1690//1690 1691//1691 1612//1612
f 1611//1611 1612//1612 1691//1691
f 1647//1647 1648//1648 1717//1717
f 1716//1716 1717//1717 1648//1648
f 1691//1691 1692//1692 1611//1611
f 4374//4374 1611//1611 1692//1692
f 1648//1648 1649//1649 1716//1716
f 1715//1715 1716//1716 1649//1649
f 1692//1692 1693//1693 4374//4374
f 4375//4375 4374//4374 1693//1693
f 1649//1649 1650//1650 1715//1715
f 1714//1714 1715//1715 1650//1650
f 1693//1693 1694//1694 4375//4375
f 4376//4376 4375//4375 1694//1694
f 1650//1650 4409//4409 1714//1714
f 1713//1713 1714//1714 4409//4409
f 1694//1694 4450//4450 4376//4376
f 1610//1610 4376//4376 4450//4450
f 4441//4441 1689//1689 1614//1614
f 1642//1642 1643//1643 4463//4463
f 1721//1721 4463//4463 1643//1643
f 1685//1685 1686//1686 4387//4387
f 1617//1617 4387//4387 1686//1686
f 1643//1643 1644//1644 1721//1721
f 1720//1720 1721//1721 1644//1644
f 1686//1686 1687//1687 1617//1617
f 1616//1616 1617//1617 1687//1687
f 1644//1644 4416//4416 1720//1720
f 1719//1719 1720//1720 4416//4416
f 1687//1687 1688//1688 1616//1616
f 1615//1615 1616//1616 1688//1688
f 4416//4416 4415//4415 1719//1719
f 4477//4477 1719//1719 4415//4415
f 1688//1688 4441//4441 1615//1615
f 1614//1614 1615//1615 4441//4441
f 4442//4442 1685//1685 4478//4478
f 1638//1638 1639//1639 4476//4476
f 1727//1727 4476//4476 1639//1639
f 1681//1681 1682//1682 4377//4377
f 1622//1622 4377//4377 1682//1682
f 1639//1639 4402//4402 1727//1727
f 1726//1726 1727//1727 4402//4402
f 1682//1682 4449//4449 1622//1622
f 1621//1621 1622//1622 4449//4449
f 4402//4402 4401//4401 1726//1726
f 1725//1725 1726//1726 4401//4401
f 4449//4449 4448//4448 1621//1621
f 1620//1620 1621//1621 4448//4448
f 4401//4401 1640//1640 1725//1725
f 1724//1724 1725//1725 1640//1640
f 4448//4448 1683//1683 1620//1620
f 1619//1619 1620//1620 1683//1683
f 1640//1640 1641//1641 1724//1724
f 1723//1723 1724//1724 1641//1641
f 1683//1683 1684//1684 1619//1619
f 1618//1618 1619//1619 1684//1684
f 1641//1641 4417//4417 1723//1723
f 1722//1722 1723//1723 4417//4417
f 1684//1684 4442//4442 1618//1618
f 4478//4478 1618//1618 4442//4442
f 1626//1626 4372//4372 4434//4434
f 4406//4406 4407//4407 1731//1731
f 4472//4472 1731//1731 4407//4407
f 4434//4434 4452//4452 1626//1626
f 1625//1625 1626//1626 4452//4452
f 4407//4407 4408//4408 4472//4472
f 1730//1730 4472//4472 4408//4408
f 4452//4452 4453//4453 1625//1625
f 4373//4373 1625//1625 4453//4453
f 4408//4408 4405//4405 1730//1730
f 4473//4473 1730//1730 4405//4405
f 4453//4453 4451//4451 4373//4373
f 1624//1624 4373//4373 4451//4451
f 4405//4405 4404//4404 4473//4473
f 1729//1729 4473//4473 4404//4404
f 4451//4451 1698//1698 1624//1624
f 1623//1623 1624//1624 1698//1698
f 4404//4404 4403//4403 1729//1729
f 1728//1728 1729//1729 4403//4403
f 1698//1698 4432//4432 1623//1623
f 4480//4480 1623//1623 4432//4432
f 4372//4372 4371//4371 4435//4435
f 4412//4412 1654//1654 4469//4469
f 4468//4468 4469//4469 1654//1654
f 4437//4437 1697//1697 4393//4393
f 1628//1628 4393//4393 1697//1697
f 1654//1654 4411//4411 4468//4468
f 4467//4467 4468//4468 4411//4411
f 1697//1697 4436//4436 1628//1628
f 1627//1627 1628//1628 4436//4436
f 4411//4411 4410//4410 4467//4467
f 4471//4471 4467//4467 4410//4410
f 4436//4436 4435//4435 1627//1627
f 4371//4371 1627//1627 4435//4435
f 4469//4469 4466//4466 4412//4412
f 4479//4479 1651//1651 4455//4455
f 1734//1734 4455//4455 1651//1651
f 4431//4431 1695//1695 4369//4369
f 4370//4370 4369//4369 1695//1695
f 1651//1651 1652//1652 1734//1734
f 4464//4464 1734//1734 1652//1652
f 1695//1695 1696//1696 4370//4370
f 4390//4390 4370//4370 1696//1696
f 1733//1733 4464//4464 1652//1652
f 4391//4391 4390//4390 1696//1696
f 1652//1652 1653//1653 1733//1733
f 4465//4465 1733//1733 1653//1653
f 1696//1696 4440//4440 4391//4391
f 4392//4392 4391//4391 4440//4440
f 1653//1653 4414//4414 4465//4465
f 1732//1732 4465//4465 4414//4414
f 4440//4440 4439//4439 4392//4392
f 1630//1630 4392//4392 4439//4439
f 4414//4414 4413//4413 1732//1732
f 4466//4466 1732//1732 4413//4413
f 4439//4439 4438//4438 1630//1630
f 1629//1629 1630//1630 4438//4438
f 4455//4455 1728//1728 4479//4479
f 4422//4422 4421//4421 4460//4460
f 4461//4461 4460//4460 4421//4421
f 1708//1708 1709//1709 1635//1635
f 4389//4389 1635//1635 1709//1709
f 4421//4421 4420//4420 4461//4461
f 1738//1738 4461//4461 4420//4420
f 1709//1709 1710//1710 4389//4389
f 1634//1634 4389//4389 1710//1710
f 4420//4420 4419//4419 1738//1738
f 1737//1737 1738//1738 4419//4419
f 1710//1710 1711//1711 1634//1634
f 1633//1633 1634//1634 1711//1711
f 4419//4419 4418//4418 1737//1737
f 4462//4462 1737//1737 4418//4418
f 1711//1711 4443//4443 1633//1633
f 4388//4388 1633//1633 4443//4443
f 4418//4418 1661//1661 4462//4462
f 1736//1736 4462//4462 1661//1661
f 4443//4443 1712//1712 4388//4388
f 1632//1632 4388//4388 1712//1712
f 1661//1661 4400//4400 1736//1736
f 1735//1735 1736//1736 4400//4400
f 1712//1712 1699//1699 1632//1632
f 1631//1631 1632//1632 1699//1699
f 4423//4423 4422//4422 4460//4460
f 4460//4460 4459//4459 4423//4423
f 1707//1707 1708//1708 4386//4386
f 1635//1635 4386//4386 1708//1708
f 1658//1658 1659//1659 4457//4457
f 4458//4458 4457//4457 1659//1659
f 4444//4444 1705//1705 1636//1636
f 4385//4385 1636//1636 1705//1705
f 1659//1659 1660//1660 4458//4458
f 4459//4459 4458//4458 1660//1660
f 1705//1705 1706//1706 4385//4385
f 4386//4386 4385//4385 1706//1706
f 1660//1660 4423//4423 4459//4459
f 1706//1706 1707//1707 4386//4386
f 1658//1658 4457//4457 1657//1657
f 4456//4456 1657//1657 4457//4457
f 4444//4444 1636//1636 1704//1704
f 4382//4382 1704//1704 1636//1636
f 4399//4399 4398//4398 4474//4474
f 1743//1743 4474//4474 4398//4398
f 1700//1700 1701//1701 4378//4378
f 4379//4379 4378//4378 1701//1701
f 4398//4398 4397//4397 1743//1743
f 1742//1742 1743//1743 4397//4397
f 1701//1701 1702//1702 4379//4379
f 4380//4380 4379//4379 1702//1702
f 4397//4397 1655//1655 1742//1742
f 1741//1741 1742//1742 1655//1655
f 1702//1702 1703//1703 4380//4380
f 4381//4381 4380//4380 1703//1703
f 1655//1655 4395//4395 1741//1741
f 1740//1740 1741//1741 4395//4395
f 1703//1703 4447//4447 4381//4381
f 4383//4383 4381//4381 4447//4447
f 4395//4395 1656//1656 1740//1740
f 1739//1739 1740//1740 1656//1656
f 4447//4447 4446//4446 4383//4383
f 1637//1637 4383//4383 4446//4446
f 1656//1656 1657//1657 1739//1739
f 4456//4456 1739//1739 1657//1657
f 4446//4446 1704//1704 1637//1637
f 4382//4382 1637//1637 1704//1704
f 1699//1699 1700//1700 4378//4378
f 1673//1673 1674//1674 1603//1603
f 1602//1602 1603//1603 1674//1674
f 1674//1674 1675//1675 1602//1602
f 1601//1601 1602//1602 1675//1675
f 1675//1675 1676//1676 1601//1601
f 1600//1600 1601//1601 1676//1676
f 1676//1676 1677//1677 1600//1600
f 1599//1599 1600//1600 1677//1677
f 1677//1677 1678//1678 1599//1599
f 1598//1598 1599//1599 1678//1678
f 1678//1678 1679//1679 1598//1598
f 1597//1597 1598//1598 1679//1679
f 1668//1668 1669//1669 1606//1606
f 4364//4364 1606//1606 1669//1669
f 1669//1669 1670//1670 4364//4364
f 1605//1605 4364//4364 1670//1670
f 1670//1670 1671//1671 1605//1605
f 4365//4365 1605//1605 1671//1671
f 1671//1671 1672//1672 4365//4365
f 1604//1604 4365//4365 1672//1672
f 4481//4481 1664//1664 1596//1596
f 1609//1609 1596//1596 1664//1664
f 1664//1664 1665//1665 1609//1609
f 1608//1608 1609//1609 1665//1665
f 1665//1665 1666//1666 1608//1608
f 1607//1607 1608//1608 1666//1666
f 1666//1666 1667//1667 1607//1607
f 4482//4482 1607//1607 1667//1667
f 1756//1756 4485//4485 4483//4483
f 1762//1762 1744//1744 4484//4484
f 4488//4488 4489//4489 4490//4490
f 4487//4487 4491//4491 4489//4489
f 4485//4485 4488//4488 4490//4490
f 4487//4487 4489//4489 4488//4488
f 1782//1782 1781//1781 1792//1792
f 1792//1792 1791//1791 1782//1782
f 1783//1783 1782//1782 1791//1791
f 1791//1791 1790//1790 1783//1783
f 1784//1784 1783//1783 1790//1790
f 1790//1790 1789//1789 1784//1784
f 1785//1785 1784//1784 1789//1789
f 1789//1789 1788//1788 1785//1785
f 1786//1786 1785//1785 1788//1788
f 1788//1788 1787//1787 1786//1786
f 1770//1770 1769//1769 1780//1780
f 1780//1780 1779//1779 1770//1770
f 1771//1771 1770//1770 1779//1779
f 1779//1779 1778//1778 1771//1771
f 1772//1772 1771//1771 1778//1778
f 1778//1778 1777//1777 1772//1772
f 1773//1773 1772//1772 1777//1777
f 1777//1777 1776//1776 1773//1773
f 1774//1774 1773//1773 1776//1776
f 1776//1776 1775//1775 1774//1774
f 1776//1776 1750//1750 251//251
f 1775//1775 1776//1776 251//251
f 1749//1749 1750//1750 1776//1776
f 1776//1776 1777//1777 1749//1749
f 1748//1748 1749//1749 1777//1777
f 1777//1777 1778//1778 1748//1748
f 1747//1747 1748//1748 1778//1778
f 1778//1778 1779//1779 1747//1747
f 1746//1746 1747//1747 1779//1779
f 1779//1779 1780//1780 1746//1746
f 1745//1745 1746//1746 1780//1780
f 1780//1780 1769//1769 1745//1745
f 257//257 1745//1745 1769//1769
f 1770//1770 1756//1756 257//257
f 1769//1769 1770//1770 257//257
f 1755//1755 1756//1756 1770//1770
f 1770//1770 1771//1771 1755//1755
f 1754//1754 1755//1755 1771//1771
f 1771//1771 1772//1772 1754//1754
f 1753//1753 1754//1754 1772//1772
f 1772//1772 1773//1773 1753//1753
f 1752//1752 1753//1753 1773//1773
f 1773//1773 1774//1774 1752//1752
f 1751//1751 1752//1752 1774//1774
f 1774//1774 1775//1775 1751//1751
f 251//251 1751//1751 1775//1775
f 1788//1788 1762//1762 263//263
f 1787//1787 1788//1788 263//263
f 1761//1761 1762//1762 1788//1788
f 1788//1788 1789//1789 1761//1761
f 1760//1760 1761//1761 1789//1789
f 1789//1789 1790//1790 1760//1760
f 1759//1759 1760//1760 1790//1790
f 1790//1790 1791//1791 1759//1759
f 1758//1758 1759//1759 1791//1791
f 1791//1791 1792//1792 1758//1758
f 1757//1757 1758//1758 1792//1792
f 1792//1792 1781//1781 1757//1757
f 269//269 1757//1757 1781//1781
f 1782//1782 1768//1768 269//269
f 1781//1781 1782//1782 269//269
f 1767//1767 1768//1768 1782//1782
f 1782//1782 1783//1783 1767//1767
f 1766//1766 1767//1767 1783//1783
f 1783//1783 1784//1784 1766//1766
f 1765//1765 1766//1766 1784//1784
f 1784//1784 1785//1785 1765//1765
f 1764//1764 1765//1765 1785//1785
f 1785//1785 1786//1786 1764//1764
f 1763//1763 1764//1764 1786//1786
f 1786//1786 1787//1787 1763//1763
f 263//263 1763//1763 1787//1787
f 1794//1794 1793//1793 1795//1795
f 1793//1793 1803//1803 1795//1795
f 1795//1795 1803//1803 1802//1802
f 1796//1796 1795//1795 1802//1802
f 1800//1800 1803//1803 1793//1793
f 1801//1801 1797//1797 1796//1796
f 1802//1802 1801//1801 1796//1796
f 1799//1799 1801//1801 1800//1800
f 1793//1793 1799//1799 1800//1800
f 1797//1797 1801//1801 1799//1799
f 1798//1798 1797//1797 1799//1799
f 1797//1797 1804//1804 1381//1381
f 1796//1796 1797//1797 1381//1381
f 1805//1805 1804//1804 1797//1797
f 1797//1797 1806//1806 1805//1805
f 1807//1807 1806//1806 1797//1797
f 1808//1808 1807//1807 1797//1797
f 1798//1798 1809//1809 1808//1808
f 1797//1797 1798//1798 1808//1808
f 1810//1810 1809//1809 1798//1798
f 1811//1811 1810//1810 1798//1798
f 1798//1798 1812//1812 1811//1811
f 1373//1373 1812//1812 1798//1798
f 1813//1813 1373//1373 1798//1798
f 1799//1799 1814//1814 1813//1813
f 1798//1798 1799//1799 1813//1813
f 1815//1815 1814//1814 1799//1799
f 1816//1816 1815//1815 1799//1799
f 1799//1799 1817//1817 1816//1816
f 1818//1818 1817//1817 1799//1799
f 1819//1819 1818//1818 1799//1799
f 1793//1793 1820//1820 1819//1819
f 1799//1799 1793//1793 1819//1819
f 1821//1821 1820//1820 1793//1793
f 1376//1376 1821//1821 1793//1793
f 1381//1381 1805//1805 1822//1822
f 1805//1805 1807//1807 1822//1822
f 1823//1823 1822//1822 1807//1807
f 1807//1807 1809//1809 1823//1823
f 1809//1809 1811//1811 1823//1823
f 1824//1824 1823//1823 1811//1811
f 1811//1811 1373//1373 1824//1824
f 1825//1825 1824//1824 1373//1373
f 1373//1373 1814//1814 1825//1825
f 1814//1814 1816//1816 1825//1825
f 1826//1826 1825//1825 1816//1816
f 1816//1816 1818//1818 1826//1826
f 1827//1827 1826//1826 1818//1818
f 1818//1818 1820//1820 1827//1827
f 1820//1820 1376//1376 1827//1827
f 1848//1848 1827//1827 1376//1376
f 1829//1829 1828//1828 1848//1848
f 1793//1793 1830//1830 1376//1376
f 1831//1831 1830//1830 1793//1793
f 1793//1793 1832//1832 1831//1831
f 1833//1833 1832//1832 1793//1793
f 1834//1834 1833//1833 1793//1793
f 1794//1794 1835//1835 1834//1834
f 1793//1793 1794//1794 1834//1834
f 1836//1836 1835//1835 1794//1794
f 1837//1837 1836//1836 1794//1794
f 1794//1794 1838//1838 1837//1837
f 1378//1378 1838//1838 1794//1794
f 1794//1794 1795//1795 1378//1378
f 1839//1839 1378//1378 1795//1795
f 1795//1795 1840//1840 1839//1839
f 1841//1841 1840//1840 1795//1795
f 1842//1842 1841//1841 1795//1795
f 1795//1795 1843//1843 1842//1842
f 1844//1844 1843//1843 1795//1795
f 1845//1845 1844//1844 1795//1795
f 1796//1796 1846//1846 1845//1845
f 1795//1795 1796//1796 1845//1845
f 1847//1847 1846//1846 1796//1796
f 1381//1381 1847//1847 1796//1796
f 1376//1376 1831//1831 1848//1848
f 1831//1831 1833//1833 1848//1848
f 1849//1849 1848//1848 1833//1833
f 1833//1833 1835//1835 1849//1849
f 1850//1850 1849//1849 1835//1835
f 1835//1835 1837//1837 1850//1850
f 1837//1837 1378//1378 1850//1850
f 1851//1851 1850//1850 1378//1378
f 1378//1378 1840//1840 1851//1851
f 1852//1852 1851//1851 1840//1840
f 1840//1840 1842//1842 1852//1852
f 1853//1853 1852//1852 1842//1842
f 1842//1842 1844//1844 1853//1853
f 1844//1844 1846//1846 1853//1853
f 1854//1854 1853//1853 1846//1846
f 1846//1846 1381//1381 1854//1854
f 1822//1822 1854//1854 1381//1381
f 1855//1855 1858//1858 1856//1856
f 1857//1857 1856//1856 1858//1858
f 1858//1858 1855//1855 1801//1801
f 1800//1800 1801//1801 1855//1855
f 1857//1857 1858//1858 1802//1802
f 1801//1801 1802//1802 1858//1858
f 1856//1856 1857//1857 1803//1803
f 1802//1802 1803//1803 1857//1857
f 1855//1855 1856//1856 1800//1800
f 1803//1803 1800//1800 1856//1856
f 1822//1822 1823//1823 1828//1828
f 1823//1823 1824//1824 1828//1828
f 1824//1824 1825//1825 1828//1828
f 1825//1825 1826//1826 1828//1828
f 1848//1848 1828//1828 1826//1826
f 1826//1826 1827//1827 1848//1848
f 1849//1849 1850//1850 1848//1848
f 1829//1829 1848//1848 1850//1850
f 1850//1850 1851//1851 1829//1829
f 1829//1829 1851//1851 1852//1852
f 1852//1852 1853//1853 1829//1829
f 1853//1853 1854//1854 1829//1829
f 1854//1854 1822//1822 1829//1829
f 1828//1828 1829//1829 1822//1822
f 1873//1873 1872//1872 1871//1871
f 1871//1871 1870//1870 1873//1873
f 1874//1874 1873//1873 1870//1870
f 1870//1870 1869//1869 1874//1874
f 1875//1875 1874//1874 1869//1869
f 1868//1868 1860//1860 1859//1859
f 1868//1868 1859//1859 1260//1260
f 1868//1868 1260//1260 1875//1875
f 1869//1869 1868//1868 1875//1875
f 1875//1875 1260//1260 1866//1866
f 1875//1875 1866//1866 1865//1865
f 1876//1876 1875//1875 1865//1865
f 1258//1258 1860//1860 1868//1868
f 1868//1868 1867//1867 1258//1258
f 1876//1876 1865//1865 1263//1263
f 1877//1877 1876//1876 1263//1263
f 1886//1886 1861//1861 1258//1258
f 1867//1867 1886//1886 1258//1258
f 1878//1878 1877//1877 1263//1263
f 1263//1263 1864//1864 1878//1878
f 1885//1885 4315//4315 1862//1862
f 1885//1885 1862//1862 1861//1861
f 1886//1886 1885//1885 1861//1861
f 1878//1878 1864//1864 1863//1863
f 1878//1878 1863//1863 4315//4315
f 1878//1878 4315//4315 1885//1885
f 1879//1879 1878//1878 1885//1885
f 1885//1885 1884//1884 1879//1879
f 1880//1880 1879//1879 1884//1884
f 1884//1884 1883//1883 1880//1880
f 1881//1881 1880//1880 1883//1883
f 1883//1883 1882//1882 1881//1881
f 1909//1909 1908//1908 1907//1907
f 1907//1907 1906//1906 1909//1909
f 1910//1910 1909//1909 1906//1906
f 1906//1906 1905//1905 1910//1910
f 1911//1911 1910//1910 1905//1905
f 1904//1904 4064//4064 1887//1887
f 1904//1904 1887//1887 4065//4065
f 1904//1904 4065//4065 1911//1911
f 1905//1905 1904//1904 1911//1911
f 1911//1911 4065//4065 1892//1892
f 1911//1911 1892//1892 1891//1891
f 1912//1912 1911//1911 1891//1891
f 1904//1904 1903//1903 4064//4064
f 4066//4066 4064//4064 1903//1903
f 1912//1912 1891//1891 4067//4067
f 1893//1893 1912//1912 4067//4067
f 4067//4067 1890//1890 1893//1893
f 1902//1902 4068//4068 4066//4066
f 1903//1903 1902//1902 4066//4066
f 1894//1894 1893//1893 1890//1890
f 1901//1901 4069//4069 1888//1888
f 1901//1901 1888//1888 4068//4068
f 1902//1902 1901//1901 4068//4068
f 1894//1894 1890//1890 1889//1889
f 1894//1894 1889//1889 4069//4069
f 1894//1894 4069//4069 1901//1901
f 1895//1895 1894//1894 1901//1901
f 1901//1901 1900//1900 1895//1895
f 1896//1896 1895//1895 1900//1900
f 1900//1900 1899//1899 1896//1896
f 1897//1897 1896//1896 1899//1899
f 1899//1899 1898//1898 1897//1897
f 1933//1933 1932//1932 1934//1934
f 1932//1932 1931//1931 1934//1934
f 1935//1935 1934//1934 1931//1931
f 1931//1931 1930//1930 1935//1935
f 1936//1936 1935//1935 1930//1930
f 1930//1930 1929//1929 1936//1936
f 1937//1937 1936//1936 1929//1929
f 1929//1929 1928//1928 1937//1937
f 1938//1938 1937//1937 1928//1928
f 1928//1928 1927//1927 1938//1938
f 1939//1939 1938//1938 1927//1927
f 1927//1927 1926//1926 1939//1939
f 1940//1940 1939//1939 1926//1926
f 1926//1926 1925//1925 1940//1940
f 1941//1941 1940//1940 1925//1925
f 1925//1925 1924//1924 1941//1941
f 1924//1924 1923//1923 1941//1941
f 1942//1942 1941//1941 1923//1923
f 1923//1923 1922//1922 1942//1942
f 1943//1943 1942//1942 1922//1922
f 1922//1922 1921//1921 1943//1943
f 1944//1944 1943//1943 1921//1921
f 1921//1921 1920//1920 1944//1944
f 1945//1945 1944//1944 1920//1920
f 1920//1920 1919//1919 1945//1945
f 1946//1946 1945//1945 1919//1919
f 1919//1919 1918//1918 1946//1946
f 1947//1947 1946//1946 1918//1918
f 1918//1918 1917//1917 1947//1947
f 1948//1948 1947//1947 1917//1917
f 1917//1917 1916//1916 1948//1948
f 1949//1949 1948//1948 1916//1916
f 1916//1916 1915//1915 1949//1949
f 1950//1950 1949//1949 1915//1915
f 1915//1915 1914//1914 1950//1950
f 1951//1951 1950//1950 1914//1914
f 1914//1914 1913//1913 1951//1951
f 1952//1952 1951//1951 1913//1913
f 1913//1913 1962//1962 1952//1952
f 1963//1963 1952//1952 1962//1962
f 1962//1962 1961//1961 1963//1963
f 1964//1964 1963//1963 1961//1961
f 1961//1961 1960//1960 1964//1964
f 1965//1965 1964//1964 1960//1960
f 1960//1960 1959//1959 1965//1965
f 1966//1966 1965//1965 1959//1959
f 1959//1959 1958//1958 1966//1966
f 1967//1967 1966//1966 1958//1958
f 1958//1958 1957//1957 1967//1967
f 1968//1968 1967//1967 1957//1957
f 1957//1957 1956//1956 1968//1968
f 1969//1969 1968//1968 1956//1956
f 1956//1956 1955//1955 1969//1969
f 1970//1970 1969//1969 1955//1955
f 1955//1955 1954//1954 1970//1970
f 1971//1971 1970//1970 1954//1954
f 1954//1954 1953//1953 1971//1971
f 1972//1972 1971//1971 1953//1953
f 1953//1953 1990//1990 1972//1972
f 1973//1973 1972//1972 1990//1990
f 1990//1990 1989//1989 1973//1973
f 1974//1974 1973//1973 1989//1989
f 1989//1989 1988//1988 1974//1974
f 1975//1975 1974//1974 1988//1988
f 1988//1988 1987//1987 1975//1975
f 1976//1976 1975//1975 1987//1987
f 1987//1987 1986//1986 1976//1976
f 1977//1977 1976//1976 1986//1986
f 1986//1986 1985//1985 1977//1977
f 1978//1978 1977//1977 1985//1985
f 1985//1985 1984//1984 1978//1978
f 1979//1979 1978//1978 1984//1984
f 1984//1984 1983//1983 1979//1979
f 1980//1980 1979//1979 1983//1983
f 1983//1983 1982//1982 1980//1980
f 1981//1981 1980//1980 1982//1982
f 1982//1982 1933//1933 1981//1981
f 1934//1934 1981//1981 1933//1933
f 4069//4069 1889//1889 4315//4315
f 1862//1862 4315//4315 1889//1889
f 1889//1889 1890//1890 1862//1862
f 1861//1861 1862//1862 1890//1890
f 1890//1890 4067//4067 1861//1861
f 1258//1258 1861//1861 4067//4067
f 4067//4067 1891//1891 1258//1258
f 1860//1860 1258//1258 1891//1891
f 1891//1891 1892//1892 1860//1860
f 1859//1859 1860//1860 1892//1892
f 1892//1892 4065//4065 1859//1859
f 1260//1260 1859//1859 4065//4065
f 4065//4065 1887//1887 1260//1260
f 1866//1866 1260//1260 1887//1887
f 1887//1887 4064//4064 1866//1866
f 1865//1865 1866//1866 4064//4064
f 4064//4064 4066//4066 1865//1865
f 1263//1263 1865//1865 4066//4066
f 4066//4066 4068//4068 1263//1263
f 1864//1864 1263//1263 4068//4068
f 4068//4068 1888//1888 1864//1864
f 1863//1863 1864//1864 1888//1888
f 1888//1888 4069//4069 1863//1863
f 4315//4315 1863//1863 4069//4069
f 2092//2092 2033//2033 1923//1923
f 2030//2030 2032//2032 2031//2031
f 2030//2030 2031//2031 2103//2103
f 1903//1903 2030//2030 2103//2103
f 1923//1923 2033//2033 2032//2032
f 1923//1923 2032//2032 2030//2030
f 1922//1922 1923//1923 2030//2030
f 2030//2030 1904//1904 1922//1922
f 1921//1921 1922//1922 1904//1904
f 1904//1904 2029//2029 1921//1921
f 1920//1920 1921//1921 2029//2029
f 1905//1905 1997//1997 1996//1996
f 1905//1905 1996//1996 1920//1920
f 2029//2029 1905//1905 1920//1920
f 1920//1920 1996//1996 1995//1995
f 1920//1920 1995//1995 1994//1994
f 1919//1919 1920//1920 1994//1994
f 1998//1998 1997//1997 1905//1905
f 1994//1994 1993//1993 1919//1919
f 1905//1905 2028//2028 1998//1998
f 1918//1918 1919//1919 1993//1993
f 1993//1993 1992//1992 1918//1918
f 1999//1999 1998//1998 2028//2028
f 2028//2028 1906//1906 1999//1999
f 1917//1917 1918//1918 1992//1992
f 1992//1992 1991//1991 1917//1917
f 1906//1906 2027//2027 1999//1999
f 1916//1916 1917//1917 1991//1991
f 1991//1991 2005//2005 1916//1916
f 2000//2000 1999//1999 2027//2027
f 1907//1907 2001//2001 2000//2000
f 2027//2027 1907//1907 2000//2000
f 1916//1916 2005//2005 2004//2004
f 1915//1915 1916//1916 2004//2004
f 2004//2004 2003//2003 1915//1915
f 2026//2026 2002//2002 2001//2001
f 1907//1907 2026//2026 2001//2001
f 1915//1915 2003//2003 2002//2002
f 1915//1915 2002//2002 2026//2026
f 1914//1914 1915//1915 2026//2026
f 2026//2026 1908//1908 1914//1914
f 1913//1913 1914//1914 1908//1908
f 1908//1908 2025//2025 1913//1913
f 1962//1962 1913//1913 2025//2025
f 1909//1909 2010//2010 2009//2009
f 1909//1909 2009//2009 1962//1962
f 2025//2025 1909//1909 1962//1962
f 1962//1962 2009//2009 2008//2008
f 1961//1961 1962//1962 2008//2008
f 2008//2008 2007//2007 1961//1961
f 2024//2024 2011//2011 2010//2010
f 1909//1909 2024//2024 2010//2010
f 1961//1961 2007//2007 2006//2006
f 1960//1960 1961//1961 2006//2006
f 2006//2006 2020//2020 1960//1960
f 2012//2012 2011//2011 2024//2024
f 2024//2024 1910//1910 2012//2012
f 1959//1959 1960//1960 2020//2020
f 2020//2020 2019//2019 1959//1959
f 1910//1910 2023//2023 2012//2012
f 1958//1958 1959//1959 2019//2019
f 2019//2019 2018//2018 1958//1958
f 2013//2013 2012//2012 2023//2023
f 2023//2023 1911//1911 2013//2013
f 1957//1957 1958//1958 2018//2018
f 2018//2018 2017//2017 1957//1957
f 2014//2014 2013//2013 1911//1911
f 2022//2022 2015//2015 2014//2014
f 1911//1911 2022//2022 2014//2014
f 1957//1957 2017//2017 2016//2016
f 2016//2016 2015//2015 2022//2022
f 1957//1957 2016//2016 2022//2022
f 1956//1956 1957//1957 2022//2022
f 2022//2022 1912//1912 1956//1956
f 1955//1955 1956//1956 1912//1912
f 1912//1912 2021//2021 1955//1955
f 1954//1954 1955//1955 2021//2021
f 1893//1893 2035//2035 1954//1954
f 2021//2021 1893//1893 1954//1954
f 2114//2114 2035//2035 1893//1893
f 1954//1954 2035//2035 2034//2034
f 1954//1954 2034//2034 2091//2091
f 1953//1953 1954//1954 2091//2091
f 2141//2141 2067//2067 1877//1877
f 1943//1943 2066//2066 2065//2065
f 1943//1943 2065//2065 2064//2064
f 1942//1942 1943//1943 2064//2064
f 1877//1877 2067//2067 2066//2066
f 1877//1877 2066//2066 1943//1943
f 2068//2068 1877//1877 1943//1943
f 1943//1943 1944//1944 2068//2068
f 1876//1876 2068//2068 1944//1944
f 1944//1944 1945//1945 1876//1876
f 2069//2069 1876//1876 1945//1945
f 1946//1946 2039//2039 2038//2038
f 2038//2038 2037//2037 2069//2069
f 1946//1946 2038//2038 2069//2069
f 1945//1945 1946//1946 2069//2069
f 2069//2069 2037//2037 2036//2036
f 1875//1875 2069//2069 2036//2036
f 2040//2040 2039//2039 1946//1946
f 1946//1946 1947//1947 2040//2040
f 2070//2070 1875//1875 2036//2036
f 2041//2041 2040//2040 1947//1947
f 2036//2036 2049//2049 2070//2070
f 1948//1948 2042//2042 2041//2041
f 1947//1947 1948//1948 2041//2041
f 1874//1874 2070//2070 2049//2049
f 1948//1948 1949//1949 2042//2042
f 2071//2071 1874//1874 2049//2049
f 2043//2043 2042//2042 1949//1949
f 2049//2049 2048//2048 2071//2071
f 1950//1950 2044//2044 2043//2043
f 1949//1949 1950//1950 2043//2043
f 1873//1873 2071//2071 2048//2048
f 2048//2048 2047//2047 1873//1873
f 2045//2045 2044//2044 1950//1950
f 1951//1951 2046//2046 2045//2045
f 1950//1950 1951//1951 2045//2045
f 1873//1873 2047//2047 2046//2046
f 1873//1873 2046//2046 1951//1951
f 2072//2072 1873//1873 1951//1951
f 1951//1951 1952//1952 2072//2072
f 1872//1872 2072//2072 1952//1952
f 1952//1952 1963//1963 1872//1872
f 2073//2073 1872//1872 1963//1963
f 1964//1964 2054//2054 2053//2053
f 1964//1964 2053//2053 2073//2073
f 1963//1963 1964//1964 2073//2073
f 2073//2073 2053//2053 2052//2052
f 1871//1871 2073//2073 2052//2052
f 2055//2055 2054//2054 1964//1964
f 1965//1965 2057//2057 2056//2056
f 1965//1965 2056//2056 2055//2055
f 1964//1964 1965//1965 2055//2055
f 1871//1871 2052//2052 2051//2051
f 2074//2074 1871//1871 2051//2051
f 1965//1965 1966//1966 2057//2057
f 1870//1870 2074//2074 2051//2051
f 2058//2058 2057//2057 1966//1966
f 2051//2051 2050//2050 1870//1870
f 1966//1966 1967//1967 2058//2058
f 2075//2075 1870//1870 2050//2050
f 2059//2059 2058//2058 1967//1967
f 1967//1967 1968//1968 2059//2059
f 1869//1869 2075//2075 2050//2050
f 2060//2060 2059//2059 1968//1968
f 2050//2050 2063//2063 1869//1869
f 1969//1969 2062//2062 2061//2061
f 1969//1969 2061//2061 2060//2060
f 1968//1968 1969//1969 2060//2060
f 1869//1869 2063//2063 2062//2062
f 1869//1869 2062//2062 1969//1969
f 2076//2076 1869//1869 1969//1969
f 1969//1969 1970//1970 2076//2076
f 1868//1868 2076//2076 1970//1970
f 1970//1970 1971//1971 1868//1868
f 2077//2077 1868//1868 1971//1971
f 1972//1972 2080//2080 2079//2079
f 1972//1972 2079//2079 2077//2077
f 1971//1971 1972//1972 2077//2077
f 2150//2150 2080//2080 1972//1972
f 2077//2077 2079//2079 2078//2078
f 1867//1867 2077//2077 2078//2078
f 1893//1893 2113//2113 2114//2114
f 1953//1953 2091//2091 2090//2090
f 1990//1990 1953//1953 2090//2090
f 2090//2090 2089//2089 1990//1990
f 2115//2115 2114//2114 2113//2113
f 2113//2113 1894//1894 2115//2115
f 1989//1989 1990//1990 2089//2089
f 2089//2089 2088//2088 1989//1989
f 1894//1894 2112//2112 2115//2115
f 1988//1988 1989//1989 2088//2088
f 2081//2081 2115//2115 2112//2112
f 2088//2088 2087//2087 1988//1988
f 1895//1895 2082//2082 2081//2081
f 2112//2112 1895//1895 2081//2081
f 1988//1988 2087//2087 2086//2086
f 1987//1987 1988//1988 2086//2086
f 2086//2086 2085//2085 1987//1987
f 2111//2111 2083//2083 2082//2082
f 1895//1895 2111//2111 2082//2082
f 1987//1987 2085//2085 2084//2084
f 2084//2084 2083//2083 2111//2111
f 1987//1987 2084//2084 2111//2111
f 1986//1986 1987//1987 2111//2111
f 2111//2111 1896//1896 1986//1986
f 1985//1985 1986//1986 1896//1896
f 1896//1896 2110//2110 1985//1985
f 1984//1984 1985//1985 2110//2110
f 1897//1897 2129//2129 2128//2128
f 1897//1897 2128//2128 1984//1984
f 2110//2110 1897//1897 1984//1984
f 1984//1984 2128//2128 2127//2127
f 1983//1983 1984//1984 2127//2127
f 2127//2127 2126//2126 1983//1983
f 2130//2130 2129//2129 1897//1897
f 1897//1897 2109//2109 2130//2130
f 1983//1983 2126//2126 2125//2125
f 1982//1982 1983//1983 2125//2125
f 2125//2125 2124//2124 1982//1982
f 2109//2109 1898//1898 2130//2130
f 2116//2116 2130//2130 1898//1898
f 1933//1933 1982//1982 2124//2124
f 2124//2124 2123//2123 1933//1933
f 2108//2108 2117//2117 2116//2116
f 1898//1898 2108//2108 2116//2116
f 1932//1932 1933//1933 2123//2123
f 2108//2108 1899//1899 2117//2117
f 1932//1932 2123//2123 2122//2122
f 1932//1932 2122//2122 2121//2121
f 1931//1931 1932//1932 2121//2121
f 2118//2118 2117//2117 1899//1899
f 2121//2121 2120//2120 1931//1931
f 2107//2107 2119//2119 2118//2118
f 1899//1899 2107//2107 2118//2118
f 2120//2120 2119//2119 2107//2107
f 1931//1931 2120//2120 2107//2107
f 1930//1930 1931//1931 2107//2107
f 2107//2107 1900//1900 1930//1930
f 1929//1929 1930//1930 1900//1900
f 1900//1900 2106//2106 1929//1929
f 1928//1928 1929//1929 2106//2106
f 1901//1901 2100//2100 2099//2099
f 1901//1901 2099//2099 1928//1928
f 2106//2106 1901//1901 1928//1928
f 1928//1928 2099//2099 2098//2098
f 1928//1928 2098//2098 2097//2097
f 1927//1927 1928//1928 2097//2097
f 2101//2101 2100//2100 1901//1901
f 1901//1901 2105//2105 2101//2101
f 1927//1927 2097//2097 2096//2096
f 1926//1926 1927//1927 2096//2096
f 2096//2096 2095//2095 1926//1926
f 2102//2102 2101//2101 2105//2105
f 2105//2105 1902//1902 2102//2102
f 1925//1925 1926//1926 2095//2095
f 2095//2095 2094//2094 1925//1925
f 1902//1902 2104//2104 2102//2102
f 1924//1924 1925//1925 2094//2094
f 2103//2103 2102//2102 2104//2104
f 2094//2094 2093//2093 1924//1924
f 2104//2104 1903//1903 2103//2103
f 1924//1924 2093//2093 2092//2092
f 1923//1923 1924//1924 2092//2092
f 2078//2078 2162//2162 1867//1867
f 1973//1973 2151//2151 2150//2150
f 1972//1972 1973//1973 2150//2150
f 2131//2131 1867//1867 2162//2162
f 2152//2152 2151//2151 1973//1973
f 2162//2162 2161//2161 2131//2131
f 1973//1973 1974//1974 2152//2152
f 1886//1886 2131//2131 2161//2161
f 2153//2153 2152//2152 1974//1974
f 1975//1975 2154//2154 2153//2153
f 1974//1974 1975//1975 2153//2153
f 2132//2132 1886//1886 2161//2161
f 2161//2161 2160//2160 2132//2132
f 1976//1976 2155//2155 2154//2154
f 1975//1975 1976//1976 2154//2154
f 1885//1885 2132//2132 2160//2160
f 2156//2156 2155//2155 1976//1976
f 2160//2160 2159//2159 1885//1885
f 1977//1977 2158//2158 2157//2157
f 1977//1977 2157//2157 2156//2156
f 1976//1976 1977//1977 2156//2156
f 1885//1885 2159//2159 2158//2158
f 1885//1885 2158//2158 1977//1977
f 2133//2133 1885//1885 1977//1977
f 1977//1977 1978//1978 2133//2133
f 1884//1884 2133//2133 1978//1978
f 1978//1978 1979//1979 1884//1884
f 2134//2134 1884//1884 1979//1979
f 1980//1980 2176//2176 2175//2175
f 2175//2175 2174//2174 2134//2134
f 1980//1980 2175//2175 2134//2134
f 1979//1979 1980//1980 2134//2134
f 2134//2134 2174//2174 2173//2173
f 1883//1883 2134//2134 2173//2173
f 2173//2173 2172//2172 1883//1883
f 2177//2177 2176//2176 1980//1980
f 1980//1980 1981//1981 2177//2177
f 2135//2135 1883//1883 2172//2172
f 2178//2178 2177//2177 1981//1981
f 1981//1981 1934//1934 2178//2178
f 2163//2163 2178//2178 1934//1934
f 2135//2135 2172//2172 2171//2171
f 1882//1882 2135//2135 2171//2171
f 2171//2171 2170//2170 1882//1882
f 2136//2136 1882//1882 2170//2170
f 2164//2164 2163//2163 1934//1934
f 1935//1935 2165//2165 2164//2164
f 1934//1934 1935//1935 2164//2164
f 1881//1881 2136//2136 2170//2170
f 2166//2166 2165//2165 1935//1935
f 2170//2170 2169//2169 1881//1881
f 1936//1936 2168//2168 2167//2167
f 1936//1936 2167//2167 2166//2166
f 1935//1935 1936//1936 2166//2166
f 1881//1881 2169//2169 2168//2168
f 1881//1881 2168//2168 1936//1936
f 2137//2137 1881//1881 1936//1936
f 1936//1936 1937//1937 2137//2137
f 1880//1880 2137//2137 1937//1937
f 1937//1937 1938//1938 1880//1880
f 2138//2138 1880//1880 1938//1938
f 1939//1939 2146//2146 2145//2145
f 2145//2145 2144//2144 2138//2138
f 1939//1939 2145//2145 2138//2138
f 1938//1938 1939//1939 2138//2138
f 2138//2138 2144//2144 2143//2143
f 1879//1879 2138//2138 2143//2143
f 2147//2147 2146//2146 1939//1939
f 1939//1939 1940//1940 2147//2147
f 2139//2139 1879//1879 2143//2143
f 2148//2148 2147//2147 1940//1940
f 2143//2143 2142//2142 2139//2139
f 1940//1940 1941//1941 2148//2148
f 1878//1878 2139//2139 2142//2142
f 1941//1941 2149//2149 2148//2148
f 2140//2140 1878//1878 2142//2142
f 2142//2142 2141//2141 2140//2140
f 1942//1942 2064//2064 2149//2149
f 1941//1941 1942//1942 2149//2149
f 1877//1877 2140//2140 2141//2141
f 2101//2101 2102//2102 2143//2143
f 2142//2142 2143//2143 2102//2102
f 2102//2102 2103//2103 2142//2142
f 2141//2141 2142//2142 2103//2103
f 2067//2067 2141//2141 2103//2103
f 2103//2103 2031//2031 2067//2067
f 2066//2066 2067//2067 2031//2031
f 2031//2031 2032//2032 2066//2066
f 2066//2066 2032//2032 2033//2033
f 2065//2065 2066//2066 2033//2033
f 2033//2033 2092//2092 2065//2065
f 2064//2064 2065//2065 2092//2092
f 2092//2092 2093//2093 2064//2064
f 2149//2149 2064//2064 2093//2093
f 2093//2093 2094//2094 2149//2149
f 2148//2148 2149//2149 2094//2094
f 2094//2094 2095//2095 2148//2148
f 2147//2147 2148//2148 2095//2095
f 2095//2095 2096//2096 2147//2147
f 2096//2096 2097//2097 2147//2147
f 2146//2146 2147//2147 2097//2097
f 2097//2097 2098//2098 2146//2146
f 2145//2145 2146//2146 2098//2098
f 2098//2098 2099//2099 2145//2145
f 2144//2144 2145//2145 2099//2099
f 2099//2099 2100//2100 2144//2144
f 2143//2143 2144//2144 2100//2100
f 2100//2100 2101//2101 2143//2143
f 2036//2036 1998//1998 1999//1999
f 2049//2049 2036//2036 1999//1999
f 1999//1999 2000//2000 2049//2049
f 2048//2048 2049//2049 2000//2000
f 2000//2000 2001//2001 2048//2048
f 2047//2047 2048//2048 2001//2001
f 2001//2001 2002//2002 2047//2047
f 2046//2046 2047//2047 2002//2002
f 2002//2002 2003//2003 2046//2046
f 2045//2045 2046//2046 2003//2003
f 2004//2004 2044//2044 2045//2045
f 2003//2003 2004//2004 2045//2045
f 2043//2043 2044//2044 2004//2004
f 2004//2004 2005//2005 2043//2043
f 2005//2005 1991//1991 2043//2043
f 2042//2042 2043//2043 1991//1991
f 1991//1991 1992//1992 2042//2042
f 2041//2041 2042//2042 1992//1992
f 1992//1992 1993//1993 2041//2041
f 2040//2040 2041//2041 1993//1993
f 1993//1993 1994//1994 2040//2040
f 2039//2039 2040//2040 1994//1994
f 1994//1994 1995//1995 2039//2039
f 2038//2038 2039//2039 1995//1995
f 1995//1995 1996//1996 2038//2038
f 2037//2037 2038//2038 1996//1996
f 1996//1996 1997//1997 2037//2037
f 2036//2036 2037//2037 1997//1997
f 1997//1997 1998//1998 2036//2036
f 2014//2014 2063//2063 2050//2050
f 2013//2013 2014//2014 2050//2050
f 2062//2062 2063//2063 2014//2014
f 2014//2014 2015//2015 2062//2062
f 2061//2061 2062//2062 2015//2015
f 2015//2015 2016//2016 2061//2061
f 2060//2060 2061//2061 2016//2016
f 2016//2016 2017//2017 2060//2060
f 2059//2059 2060//2060 2017//2017
f 2017//2017 2018//2018 2059//2059
f 2058//2058 2059//2059 2018//2018
f 2018//2018 2019//2019 2058//2058
f 2020//2020 2057//2057 2058//2058
f 2019//2019 2020//2020 2058//2058
f 2057//2057 2020//2020 2006//2006
f 2006//2006 2056//2056 2057//2057
f 2056//2056 2006//2006 2007//2007
f 2055//2055 2056//2056 2007//2007
f 2007//2007 2008//2008 2055//2055
f 2054//2054 2055//2055 2008//2008
f 2008//2008 2009//2009 2054//2054
f 2053//2053 2054//2054 2009//2009
f 2009//2009 2010//2010 2053//2053
f 2052//2052 2053//2053 2010//2010
f 2010//2010 2011//2011 2052//2052
f 2051//2051 2052//2052 2011//2011
f 2011//2011 2012//2012 2051//2051
f 2050//2050 2051//2051 2012//2012
f 2012//2012 2013//2013 2050//2050
f 2151//2151 2152//2152 2089//2089
f 2089//2089 2090//2090 2151//2151
f 2150//2150 2151//2151 2090//2090
f 2090//2090 2091//2091 2150//2150
f 2080//2080 2150//2150 2091//2091
f 2091//2091 2034//2034 2080//2080
f 2080//2080 2034//2034 2035//2035
f 2079//2079 2080//2080 2035//2035
f 2078//2078 2079//2079 2035//2035
f 2035//2035 2114//2114 2078//2078
f 2162//2162 2078//2078 2114//2114
f 2114//2114 2115//2115 2162//2162
f 2161//2161 2162//2162 2115//2115
f 2115//2115 2081//2081 2161//2161
f 2160//2160 2161//2161 2081//2081
f 2081//2081 2082//2082 2160//2160
f 2159//2159 2160//2160 2082//2082
f 2158//2158 2159//2159 2082//2082
f 2082//2082 2083//2083 2158//2158
f 2157//2157 2158//2158 2083//2083
f 2083//2083 2084//2084 2157//2157
f 2156//2156 2157//2157 2084//2084
f 2084//2084 2085//2085 2156//2156
f 2156//2156 2085//2085 2086//2086
f 2155//2155 2156//2156 2086//2086
f 2086//2086 2087//2087 2155//2155
f 2154//2154 2155//2155 2087//2087
f 2087//2087 2088//2088 2154//2154
f 2153//2153 2154//2154 2088//2088
f 2088//2088 2089//2089 2153//2153
f 2152//2152 2153//2153 2089//2089
f 2124//2124 2178//2178 2163//2163
f 2178//2178 2124//2124 2125//2125
f 2177//2177 2178//2178 2125//2125
f 2125//2125 2126//2126 2177//2177
f 2176//2176 2177//2177 2126//2126
f 2126//2126 2127//2127 2176//2176
f 2175//2175 2176//2176 2127//2127
f 2127//2127 2128//2128 2175//2175
f 2174//2174 2175//2175 2128//2128
f 2128//2128 2129//2129 2174//2174
f 2173//2173 2174//2174 2129//2129
f 2129//2129 2130//2130 2173//2173
f 2172//2172 2173//2173 2130//2130
f 2130//2130 2116//2116 2172//2172
f 2171//2171 2172//2172 2116//2116
f 2117//2117 2170//2170 2171//2171
f 2116//2116 2117//2117 2171//2171
f 2169//2169 2170//2170 2117//2117
f 2117//2117 2118//2118 2169//2169
f 2168//2168 2169//2169 2118//2118
f 2118//2118 2119//2119 2168//2168
f 2167//2167 2168//2168 2119//2119
f 2119//2119 2120//2120 2167//2167
f 2166//2166 2167//2167 2120//2120
f 2120//2120 2121//2121 2166//2166
f 2165//2165 2166//2166 2121//2121
f 2121//2121 2122//2122 2165//2165
f 2165//2165 2122//2122 2123//2123
f 2164//2164 2165//2165 2123//2123
f 2163//2163 2164//2164 2123//2123
f 2123//2123 2124//2124 2163//2163
f 2193//2193 2192//2192 2191//2191
f 2191//2191 2190//2190 2193//2193
f 2194//2194 2193//2193 2190//2190
f 2190//2190 2189//2189 2194//2194
f 2195//2195 2194//2194 2189//2189
f 2188//2188 2180//2180 2179//2179
f 2188//2188 2179//2179 1083//1083
f 2188//2188 1083//1083 2195//2195
f 2189//2189 2188//2188 2195//2195
f 2195//2195 1083//1083 2186//2186
f 2195//2195 2186//2186 2185//2185
f 2196//2196 2195//2195 2185//2185
f 1092//1092 2180//2180 2188//2188
f 2188//2188 2187//2187 1092//1092
f 2196//2196 2185//2185 1086//1086
f 2197//2197 2196//2196 1086//1086
f 2206//2206 2181//2181 1092//1092
f 2187//2187 2206//2206 1092//1092
f 2198//2198 2197//2197 1086//1086
f 1086//1086 2184//2184 2198//2198
f 2205//2205 1089//1089 2182//2182
f 2205//2205 2182//2182 2181//2181
f 2206//2206 2205//2205 2181//2181
f 2198//2198 2184//2184 2183//2183
f 2198//2198 2183//2183 1089//1089
f 2198//2198 1089//1089 2205//2205
f 2199//2199 2198//2198 2205//2205
f 2205//2205 2204//2204 2199//2199
f 2200//2200 2199//2199 2204//2204
f 2204//2204 2203//2203 2200//2200
f 2201//2201 2200//2200 2203//2203
f 2203//2203 2202//2202 2201//2201
f 2231//2231 2230//2230 2229//2229
f 2229//2229 2228//2228 2231//2231
f 2232//2232 2231//2231 2228//2228
f 2228//2228 2227//2227 2232//2232
f 2233//2233 2232//2232 2227//2227
f 2226//2226 4070//4070 2208//2208
f 2226//2226 2208//2208 4071//4071
f 2226//2226 4071//4071 2233//2233
f 2227//2227 2226//2226 2233//2233
f 2233//2233 4071//4071 2214//2214
f 2233//2233 2214//2214 2213//2213
f 2234//2234 2233//2233 2213//2213
f 2226//2226 2225//2225 4070//4070
f 4072//4072 4070//4070 2225//2225
f 2234//2234 2213//2213 4073//4073
f 2215//2215 2234//2234 4073//4073
f 4073//4073 2212//2212 2215//2215
f 2224//2224 4074//4074 4072//4072
f 2225//2225 2224//2224 4072//4072
f 2216//2216 2215//2215 2212//2212
f 2223//2223 4075//4075 2210//2210
f 2223//2223 2210//2210 4074//4074
f 2224//2224 2223//2223 4074//4074
f 2216//2216 2212//2212 2211//2211
f 2216//2216 2211//2211 4075//4075
f 2216//2216 4075//4075 2223//2223
f 2217//2217 2216//2216 2223//2223
f 2223//2223 2222//2222 2217//2217
f 2218//2218 2217//2217 2222//2222
f 2222//2222 2221//2221 2218//2218
f 2219//2219 2218//2218 2221//2221
f 2221//2221 2220//2220 2219//2219
f 2255//2255 2254//2254 2256//2256
f 2254//2254 2253//2253 2256//2256
f 2257//2257 2256//2256 2253//2253
f 2253//2253 2252//2252 2257//2257
f 2258//2258 2257//2257 2252//2252
f 2252//2252 2251//2251 2258//2258
f 2259//2259 2258//2258 2251//2251
f 2251//2251 2250//2250 2259//2259
f 2260//2260 2259//2259 2250//2250
f 2250//2250 2249//2249 2260//2260
f 2261//2261 2260//2260 2249//2249
f 2249//2249 2248//2248 2261//2261
f 2262//2262 2261//2261 2248//2248
f 2248//2248 2247//2247 2262//2262
f 2263//2263 2262//2262 2247//2247
f 2247//2247 2246//2246 2263//2263
f 2246//2246 2245//2245 2263//2263
f 2264//2264 2263//2263 2245//2245
f 2245//2245 2244//2244 2264//2264
f 2265//2265 2264//2264 2244//2244
f 2244//2244 2243//2243 2265//2265
f 2266//2266 2265//2265 2243//2243
f 2243//2243 2242//2242 2266//2266
f 2267//2267 2266//2266 2242//2242
f 2242//2242 2241//2241 2267//2267
f 2268//2268 2267//2267 2241//2241
f 2241//2241 2240//2240 2268//2268
f 2269//2269 2268//2268 2240//2240
f 2240//2240 2239//2239 2269//2269
f 2270//2270 2269//2269 2239//2239
f 2239//2239 2238//2238 2270//2270
f 2271//2271 2270//2270 2238//2238
f 2238//2238 2237//2237 2271//2271
f 2272//2272 2271//2271 2237//2237
f 2237//2237 2236//2236 2272//2272
f 2273//2273 2272//2272 2236//2236
f 2236//2236 2235//2235 2273//2273
f 2274//2274 2273//2273 2235//2235
f 2235//2235 2284//2284 2274//2274
f 2285//2285 2274//2274 2284//2284
f 2284//2284 2283//2283 2285//2285
f 2286//2286 2285//2285 2283//2283
f 2283//2283 2282//2282 2286//2286
f 2287//2287 2286//2286 2282//2282
f 2282//2282 2281//2281 2287//2287
f 2288//2288 2287//2287 2281//2281
f 2281//2281 2280//2280 2288//2288
f 2289//2289 2288//2288 2280//2280
f 2280//2280 2279//2279 2289//2289
f 2290//2290 2289//2289 2279//2279
f 2279//2279 2278//2278 2290//2290
f 2291//2291 2290//2290 2278//2278
f 2278//2278 2277//2277 2291//2291
f 2292//2292 2291//2291 2277//2277
f 2277//2277 2276//2276 2292//2292
f 2293//2293 2292//2292 2276//2276
f 2276//2276 2275//2275 2293//2293
f 2294//2294 2293//2293 2275//2275
f 2275//2275 2312//2312 2294//2294
f 2295//2295 2294//2294 2312//2312
f 2312//2312 2311//2311 2295//2295
f 2296//2296 2295//2295 2311//2311
f 2311//2311 2310//2310 2296//2296
f 2297//2297 2296//2296 2310//2310
f 2310//2310 2309//2309 2297//2297
f 2298//2298 2297//2297 2309//2309
f 2309//2309 2308//2308 2298//2298
f 2299//2299 2298//2298 2308//2308
f 2308//2308 2307//2307 2299//2299
f 2300//2300 2299//2299 2307//2307
f 2307//2307 2306//2306 2300//2300
f 2301//2301 2300//2300 2306//2306
f 2306//2306 2305//2305 2301//2301
f 2302//2302 2301//2301 2305//2305
f 2305//2305 2304//2304 2302//2302
f 2303//2303 2302//2302 2304//2304
f 2304//2304 2255//2255 2303//2303
f 2256//2256 2303//2303 2255//2255
f 4075//4075 2211//2211 1089//1089
f 2182//2182 1089//1089 2211//2211
f 2211//2211 2212//2212 2182//2182
f 2181//2181 2182//2182 2212//2212
f 2212//2212 4073//4073 2181//2181
f 1092//1092 2181//2181 4073//4073
f 4073//4073 2213//2213 1092//1092
f 2180//2180 1092//1092 2213//2213
f 2213//2213 2214//2214 2180//2180
f 2179//2179 2180//2180 2214//2214
f 2214//2214 4071//4071 2179//2179
f 1083//1083 2179//2179 4071//4071
f 4071//4071 2208//2208 1083//1083
f 2186//2186 1083//1083 2208//2208
f 2208//2208 4070//4070 2186//2186
f 2185//2185 2186//2186 4070//4070
f 4070//4070 4072//4072 2185//2185
f 1086//1086 2185//2185 4072//4072
f 4072//4072 4074//4074 1086//1086
f 2184//2184 1086//1086 4074//4074
f 4074//4074 2210//2210 2184//2184
f 2183//2183 2184//2184 2210//2210
f 2210//2210 4075//4075 2183//2183
f 1089//1089 2183//2183 4075//4075
f 2414//2414 2355//2355 2245//2245
f 2352//2352 2354//2354 2353//2353
f 2352//2352 2353//2353 2425//2425
f 2225//2225 2352//2352 2425//2425
f 2245//2245 2355//2355 2354//2354
f 2245//2245 2354//2354 2352//2352
f 2244//2244 2245//2245 2352//2352
f 2352//2352 2226//2226 2244//2244
f 2243//2243 2244//2244 2226//2226
f 2226//2226 2351//2351 2243//2243
f 2242//2242 2243//2243 2351//2351
f 2227//2227 2319//2319 2318//2318
f 2227//2227 2318//2318 2242//2242
f 2351//2351 2227//2227 2242//2242
f 2242//2242 2318//2318 2317//2317
f 2242//2242 2317//2317 2316//2316
f 2241//2241 2242//2242 2316//2316
f 2320//2320 2319//2319 2227//2227
f 2316//2316 2315//2315 2241//2241
f 2227//2227 2350//2350 2320//2320
f 2240//2240 2241//2241 2315//2315
f 2315//2315 2314//2314 2240//2240
f 2321//2321 2320//2320 2350//2350
f 2350//2350 2228//2228 2321//2321
f 2239//2239 2240//2240 2314//2314
f 2314//2314 2313//2313 2239//2239
f 2228//2228 2349//2349 2321//2321
f 2238//2238 2239//2239 2313//2313
f 2313//2313 2327//2327 2238//2238
f 2322//2322 2321//2321 2349//2349
f 2229//2229 2323//2323 2322//2322
f 2349//2349 2229//2229 2322//2322
f 2238//2238 2327//2327 2326//2326
f 2237//2237 2238//2238 2326//2326
f 2326//2326 2325//2325 2237//2237
f 2348//2348 2324//2324 2323//2323
f 2229//2229 2348//2348 2323//2323
f 2237//2237 2325//2325 2324//2324
f 2237//2237 2324//2324 2348//2348
f 2236//2236 2237//2237 2348//2348
f 2348//2348 2230//2230 2236//2236
f 2235//2235 2236//2236 2230//2230
f 2230//2230 2347//2347 2235//2235
f 2284//2284 2235//2235 2347//2347
f 2231//2231 2332//2332 2331//2331
f 2231//2231 2331//2331 2284//2284
f 2347//2347 2231//2231 2284//2284
f 2284//2284 2331//2331 2330//2330
f 2283//2283 2284//2284 2330//2330
f 2330//2330 2329//2329 2283//2283
f 2346//2346 2333//2333 2332//2332
f 2231//2231 2346//2346 2332//2332
f 2283//2283 2329//2329 2328//2328
f 2282//2282 2283//2283 2328//2328
f 2328//2328 2342//2342 2282//2282
f 2334//2334 2333//2333 2346//2346
f 2346//2346 2232//2232 2334//2334
f 2281//2281 2282//2282 2342//2342
f 2342//2342 2341//2341 2281//2281
f 2232//2232 2345//2345 2334//2334
f 2280//2280 2281//2281 2341//2341
f 2341//2341 2340//2340 2280//2280
f 2335//2335 2334//2334 2345//2345
f 2345//2345 2233//2233 2335//2335
f 2279//2279 2280//2280 2340//2340
f 2340//2340 2339//2339 2279//2279
f 2336//2336 2335//2335 2233//2233
f 2344//2344 2337//2337 2336//2336
f 2233//2233 2344//2344 2336//2336
f 2279//2279 2339//2339 2338//2338
f 2338//2338 2337//2337 2344//2344
f 2279//2279 2338//2338 2344//2344
f 2278//2278 2279//2279 2344//2344
f 2344//2344 2234//2234 2278//2278
f 2277//2277 2278//2278 2234//2234
f 2234//2234 2343//2343 2277//2277
f 2276//2276 2277//2277 2343//2343
f 2215//2215 2357//2357 2276//2276
f 2343//2343 2215//2215 2276//2276
f 2436//2436 2357//2357 2215//2215
f 2276//2276 2357//2357 2356//2356
f 2276//2276 2356//2356 2413//2413
f 2275//2275 2276//2276 2413//2413
f 2463//2463 2389//2389 2197//2197
f 2265//2265 2388//2388 2387//2387
f 2265//2265 2387//2387 2386//2386
f 2264//2264 2265//2265 2386//2386
f 2197//2197 2389//2389 2388//2388
f 2197//2197 2388//2388 2265//2265
f 2390//2390 2197//2197 2265//2265
f 2265//2265 2266//2266 2390//2390
f 2196//2196 2390//2390 2266//2266
f 2266//2266 2267//2267 2196//2196
f 2391//2391 2196//2196 2267//2267
f 2268//2268 2361//2361 2360//2360
f 2360//2360 2359//2359 2391//2391
f 2268//2268 2360//2360 2391//2391
f 2267//2267 2268//2268 2391//2391
f 2391//2391 2359//2359 2358//2358
f 2195//2195 2391//2391 2358//2358
f 2362//2362 2361//2361 2268//2268
f 2268//2268 2269//2269 2362//2362
f 2392//2392 2195//2195 2358//2358
f 2363//2363 2362//2362 2269//2269
f 2358//2358 2371//2371 2392//2392
f 2270//2270 2364//2364 2363//2363
f 2269//2269 2270//2270 2363//2363
f 2194//2194 2392//2392 2371//2371
f 2270//2270 2271//2271 2364//2364
f 2393//2393 2194//2194 2371//2371
f 2365//2365 2364//2364 2271//2271
f 2371//2371 2370//2370 2393//2393
f 2272//2272 2366//2366 2365//2365
f 2271//2271 2272//2272 2365//2365
f 2193//2193 2393//2393 2370//2370
f 2370//2370 2369//2369 2193//2193
f 2367//2367 2366//2366 2272//2272
f 2273//2273 2368//2368 2367//2367
f 2272//2272 2273//2273 2367//2367
f 2193//2193 2369//2369 2368//2368
f 2193//2193 2368//2368 2273//2273
f 2394//2394 2193//2193 2273//2273
f 2273//2273 2274//2274 2394//2394
f 2192//2192 2394//2394 2274//2274
f 2274//2274 2285//2285 2192//2192
f 2395//2395 2192//2192 2285//2285
f 2286//2286 2376//2376 2375//2375
f 2286//2286 2375//2375 2395//2395
f 2285//2285 2286//2286 2395//2395
f 2395//2395 2375//2375 2374//2374
f 2191//2191 2395//2395 2374//2374
f 2377//2377 2376//2376 2286//2286
f 2287//2287 2379//2379 2378//2378
f 2287//2287 2378//2378 2377//2377
f 2286//2286 2287//2287 2377//2377
f 2191//2191 2374//2374 2373//2373
f 2396//2396 2191//2191 2373//2373
f 2287//2287 2288//2288 2379//2379
f 2190//2190 2396//2396 2373//2373
f 2380//2380 2379//2379 2288//2288
f 2373//2373 2372//2372 2190//2190
f 2288//2288 2289//2289 2380//2380
f 2397//2397 2190//2190 2372//2372
f 2381//2381 2380//2380 2289//2289
f 2289//2289 2290//2290 2381//2381
f 2189//2189 2397//2397 2372//2372
f 2382//2382 2381//2381 2290//2290
f 2372//2372 2385//2385 2189//2189
f 2291//2291 2384//2384 2383//2383
f 2291//2291 2383//2383 2382//2382
f 2290//2290 2291//2291 2382//2382
f 2189//2189 2385//2385 2384//2384
f 2189//2189 2384//2384 2291//2291
f 2398//2398 2189//2189 2291//2291
f 2291//2291 2292//2292 2398//2398
f 2188//2188 2398//2398 2292//2292
f 2292//2292 2293//2293 2188//2188
f 2399//2399 2188//2188 2293//2293
f 2294//2294 2402//2402 2401//2401
f 2294//2294 2401//2401 2399//2399
f 2293//2293 2294//2294 2399//2399
f 2472//2472 2402//2402 2294//2294
f 2399//2399 2401//2401 2400//2400
f 2187//2187 2399//2399 2400//2400
f 2215//2215 2435//2435 2436//2436
f 2275//2275 2413//2413 2412//2412
f 2312//2312 2275//2275 2412//2412
f 2412//2412 2411//2411 2312//2312
f 2437//2437 2436//2436 2435//2435
f 2435//2435 2216//2216 2437//2437
f 2311//2311 2312//2312 2411//2411
f 2411//2411 2410//2410 2311//2311
f 2216//2216 2434//2434 2437//2437
f 2310//2310 2311//2311 2410//2410
f 2403//2403 2437//2437 2434//2434
f 2410//2410 2409//2409 2310//2310
f 2217//2217 2404//2404 2403//2403
f 2434//2434 2217//2217 2403//2403
f 2310//2310 2409//2409 2408//2408
f 2309//2309 2310//2310 2408//2408
f 2408//2408 2407//2407 2309//2309
f 2433//2433 2405//2405 2404//2404
f 2217//2217 2433//2433 2404//2404
f 2309//2309 2407//2407 2406//2406
f 2406//2406 2405//2405 2433//2433
f 2309//2309 2406//2406 2433//2433
f 2308//2308 2309//2309 2433//2433
f 2433//2433 2218//2218 2308//2308
f 2307//2307 2308//2308 2218//2218
f 2218//2218 2432//2432 2307//2307
f 2306//2306 2307//2307 2432//2432
f 2219//2219 2451//2451 2450//2450
f 2219//2219 2450//2450 2306//2306
f 2432//2432 2219//2219 2306//2306
f 2306//2306 2450//2450 2449//2449
f 2305//2305 2306//2306 2449//2449
f 2449//2449 2448//2448 2305//2305
f 2452//2452 2451//2451 2219//2219
f 2219//2219 2431//2431 2452//2452
f 2305//2305 2448//2448 2447//2447
f 2304//2304 2305//2305 2447//2447
f 2447//2447 2446//2446 2304//2304
f 2431//2431 2220//2220 2452//2452
f 2438//2438 2452//2452 2220//2220
f 2255//2255 2304//2304 2446//2446
f 2446//2446 2445//2445 2255//2255
f 2430//2430 2439//2439 2438//2438
f 2220//2220 2430//2430 2438//2438
f 2254//2254 2255//2255 2445//2445
f 2430//2430 2221//2221 2439//2439
f 2254//2254 2445//2445 2444//2444
f 2254//2254 2444//2444 2443//2443
f 2253//2253 2254//2254 2443//2443
f 2440//2440 2439//2439 2221//2221
f 2443//2443 2442//2442 2253//2253
f 2429//2429 2441//2441 2440//2440
f 2221//2221 2429//2429 2440//2440
f 2442//2442 2441//2441 2429//2429
f 2253//2253 2442//2442 2429//2429
f 2252//2252 2253//2253 2429//2429
f 2429//2429 2222//2222 2252//2252
f 2251//2251 2252//2252 2222//2222
f 2222//2222 2428//2428 2251//2251
f 2250//2250 2251//2251 2428//2428
f 2223//2223 2422//2422 2421//2421
f 2223//2223 2421//2421 2250//2250
f 2428//2428 2223//2223 2250//2250
f 2250//2250 2421//2421 2420//2420
f 2250//2250 2420//2420 2419//2419
f 2249//2249 2250//2250 2419//2419
f 2423//2423 2422//2422 2223//2223
f 2223//2223 2427//2427 2423//2423
f 2249//2249 2419//2419 2418//2418
f 2248//2248 2249//2249 2418//2418
f 2418//2418 2417//2417 2248//2248
f 2424//2424 2423//2423 2427//2427
f 2427//2427 2224//2224 2424//2424
f 2247//2247 2248//2248 2417//2417
f 2417//2417 2416//2416 2247//2247
f 2224//2224 2426//2426 2424//2424
f 2246//2246 2247//2247 2416//2416
f 2425//2425 2424//2424 2426//2426
f 2416//2416 2415//2415 2246//2246
f 2426//2426 2225//2225 2425//2425
f 2246//2246 2415//2415 2414//2414
f 2245//2245 2246//2246 2414//2414
f 2400//2400 2484//2484 2187//2187
f 2295//2295 2473//2473 2472//2472
f 2294//2294 2295//2295 2472//2472
f 2453//2453 2187//2187 2484//2484
f 2474//2474 2473//2473 2295//2295
f 2484//2484 2483//2483 2453//2453
f 2295//2295 2296//2296 2474//2474
f 2206//2206 2453//2453 2483//2483
f 2475//2475 2474//2474 2296//2296
f 2297//2297 2476//2476 2475//2475
f 2296//2296 2297//2297 2475//2475
f 2454//2454 2206//2206 2483//2483
f 2483//2483 2482//2482 2454//2454
f 2298//2298 2477//2477 2476//2476
f 2297//2297 2298//2298 2476//2476
f 2205//2205 2454//2454 2482//2482
f 2478//2478 2477//2477 2298//2298
f 2482//2482 2481//2481 2205//2205
f 2299//2299 2480//2480 2479//2479
f 2299//2299 2479//2479 2478//2478
f 2298//2298 2299//2299 2478//2478
f 2205//2205 2481//2481 2480//2480
f 2205//2205 2480//2480 2299//2299
f 2455//2455 2205//2205 2299//2299
f 2299//2299 2300//2300 2455//2455
f 2204//2204 2455//2455 2300//2300
f 2300//2300 2301//2301 2204//2204
f 2456//2456 2204//2204 2301//2301
f 2302//2302 2498//2498 2497//2497
f 2497//2497 2496//2496 2456//2456
f 2302//2302 2497//2497 2456//2456
f 2301//2301 2302//2302 2456//2456
f 2456//2456 2496//2496 2495//2495
f 2203//2203 2456//2456 2495//2495
f 2495//2495 2494//2494 2203//2203
f 2499//2499 2498//2498 2302//2302
f 2302//2302 2303//2303 2499//2499
f 2457//2457 2203//2203 2494//2494
f 2500//2500 2499//2499 2303//2303
f 2303//2303 2256//2256 2500//2500
f 2485//2485 2500//2500 2256//2256
f 2457//2457 2494//2494 2493//2493
f 2202//2202 2457//2457 2493//2493
f 2493//2493 2492//2492 2202//2202
f 2458//2458 2202//2202 2492//2492
f 2486//2486 2485//2485 2256//2256
f 2257//2257 2487//2487 2486//2486
f 2256//2256 2257//2257 2486//2486
f 2201//2201 2458//2458 2492//2492
f 2488//2488 2487//2487 2257//2257
f 2492//2492 2491//2491 2201//2201
f 2258//2258 2490//2490 2489//2489
f 2258//2258 2489//2489 2488//2488
f 2257//2257 2258//2258 2488//2488
f 2201//2201 2491//2491 2490//2490
f 2201//2201 2490//2490 2258//2258
f 2459//2459 2201//2201 2258//2258
f 2258//2258 2259//2259 2459//2459
f 2200//2200 2459//2459 2259//2259
f 2259//2259 2260//2260 2200//2200
f 2460//2460 2200//2200 2260//2260
f 2261//2261 2468//2468 2467//2467
f 2467//2467 2466//2466 2460//2460
f 2261//2261 2467//2467 2460//2460
f 2260//2260 2261//2261 2460//2460
f 2460//2460 2466//2466 2465//2465
f 2199//2199 2460//2460 2465//2465
f 2469//2469 2468//2468 2261//2261
f 2261//2261 2262//2262 2469//2469
f 2461//2461 2199//2199 2465//2465
f 2470//2470 2469//2469 2262//2262
f 2465//2465 2464//2464 2461//2461
f 2262//2262 2263//2263 2470//2470
f 2198//2198 2461//2461 2464//2464
f 2263//2263 2471//2471 2470//2470
f 2462//2462 2198//2198 2464//2464
f 2464//2464 2463//2463 2462//2462
f 2264//2264 2386//2386 2471//2471
f 2263//2263 2264//2264 2471//2471
f 2197//2197 2462//2462 2463//2463
f 2423//2423 2424//2424 2465//2465
f 2464//2464 2465//2465 2424//2424
f 2424//2424 2425//2425 2464//2464
f 2463//2463 2464//2464 2425//2425
f 2389//2389 2463//2463 2425//2425
f 2425//2425 2353//2353 2389//2389
f 2388//2388 2389//2389 2353//2353
f 2353//2353 2354//2354 2388//2388
f 2388//2388 2354//2354 2355//2355
f 2387//2387 2388//2388 2355//2355
f 2355//2355 2414//2414 2387//2387
f 2386//2386 2387//2387 2414//2414
f 2414//2414 2415//2415 2386//2386
f 2471//2471 2386//2386 2415//2415
f 2415//2415 2416//2416 2471//2471
f 2470//2470 2471//2471 2416//2416
f 2416//2416 2417//2417 2470//2470
f 2469//2469 2470//2470 2417//2417
f 2417//2417 2418//2418 2469//2469
f 2418//2418 2419//2419 2469//2469
f 2468//2468 2469//2469 2419//2419
f 2419//2419 2420//2420 2468//2468
f 2467//2467 2468//2468 2420//2420
f 2420//2420 2421//2421 2467//2467
f 2466//2466 2467//2467 2421//2421
f 2421//2421 2422//2422 2466//2466
f 2465//2465 2466//2466 2422//2422
f 2422//2422 2423//2423 2465//2465
f 2358//2358 2320//2320 2321//2321
f 2371//2371 2358//2358 2321//2321
f 2321//2321 2322//2322 2371//2371
f 2370//2370 2371//2371 2322//2322
f 2322//2322 2323//2323 2370//2370
f 2369//2369 2370//2370 2323//2323
f 2323//2323 2324//2324 2369//2369
f 2368//2368 2369//2369 2324//2324
f 2324//2324 2325//2325 2368//2368
f 2367//2367 2368//2368 2325//2325
f 2326//2326 2366//2366 2367//2367
f 2325//2325 2326//2326 2367//2367
f 2365//2365 2366//2366 2326//2326
f 2326//2326 2327//2327 2365//2365
f 2327//2327 2313//2313 2365//2365
f 2364//2364 2365//2365 2313//2313
f 2313//2313 2314//2314 2364//2364
f 2363//2363 2364//2364 2314//2314
f 2314//2314 2315//2315 2363//2363
f 2362//2362 2363//2363 2315//2315
f 2315//2315 2316//2316 2362//2362
f 2361//2361 2362//2362 2316//2316
f 2316//2316 2317//2317 2361//2361
f 2360//2360 2361//2361 2317//2317
f 2317//2317 2318//2318 2360//2360
f 2359//2359 2360//2360 2318//2318
f 2318//2318 2319//2319 2359//2359
f 2358//2358 2359//2359 2319//2319
f 2319//2319 2320//2320 2358//2358
f 2336//2336 2385//2385 2372//2372
f 2335//2335 2336//2336 2372//2372
f 2384//2384 2385//2385 2336//2336
f 2336//2336 2337//2337 2384//2384
f 2383//2383 2384//2384 2337//2337
f 2337//2337 2338//2338 2383//2383
f 2382//2382 2383//2383 2338//2338
f 2338//2338 2339//2339 2382//2382
f 2381//2381 2382//2382 2339//2339
f 2339//2339 2340//2340 2381//2381
f 2380//2380 2381//2381 2340//2340
f 2340//2340 2341//2341 2380//2380
f 2342//2342 2379//2379 2380//2380
f 2341//2341 2342//2342 2380//2380
f 2379//2379 2342//2342 2328//2328
f 2328//2328 2378//2378 2379//2379
f 2378//2378 2328//2328 2329//2329
f 2377//2377 2378//2378 2329//2329
f 2329//2329 2330//2330 2377//2377
f 2376//2376 2377//2377 2330//2330
f 2330//2330 2331//2331 2376//2376
f 2375//2375 2376//2376 2331//2331
f 2331//2331 2332//2332 2375//2375
f 2374//2374 2375//2375 2332//2332
f 2332//2332 2333//2333 2374//2374
f 2373//2373 2374//2374 2333//2333
f 2333//2333 2334//2334 2373//2373
f 2372//2372 2373//2373 2334//2334
f 2334//2334 2335//2335 2372//2372
f 2473//2473 2474//2474 2411//2411
f 2411//2411 2412//2412 2473//2473
f 2472//2472 2473//2473 2412//2412
f 2412//2412 2413//2413 2472//2472
f 2402//2402 2472//2472 2413//2413
f 2413//2413 2356//2356 2402//2402
f 2402//2402 2356//2356 2357//2357
f 2401//2401 2402//2402 2357//2357
f 2400//2400 2401//2401 2357//2357
f 2357//2357 2436//2436 2400//2400
f 2484//2484 2400//2400 2436//2436
f 2436//2436 2437//2437 2484//2484
f 2483//2483 2484//2484 2437//2437
f 2437//2437 2403//2403 2483//2483
f 2482//2482 2483//2483 2403//2403
f 2403//2403 2404//2404 2482//2482
f 2481//2481 2482//2482 2404//2404
f 2480//2480 2481//2481 2404//2404
f 2404//2404 2405//2405 2480//2480
f 2479//2479 2480//2480 2405//2405
f 2405//2405 2406//2406 2479//2479
f 2478//2478 2479//2479 2406//2406
f 2406//2406 2407//2407 2478//2478
f 2478//2478 2407//2407 2408//2408
f 2477//2477 2478//2478 2408//2408
f 2408//2408 2409//2409 2477//2477
f 2476//2476 2477//2477 2409//2409
f 2409//2409 2410//2410 2476//2476
f 2475//2475 2476//2476 2410//2410
f 2410//2410 2411//2411 2475//2475
f 2474//2474 2475//2475 2411//2411
f 2446//2446 2500//2500 2485//2485
f 2500//2500 2446//2446 2447//2447
f 2499//2499 2500//2500 2447//2447
f 2447//2447 2448//2448 2499//2499
f 2498//2498 2499//2499 2448//2448
f 2448//2448 2449//2449 2498//2498
f 2497//2497 2498//2498 2449//2449
f 2449//2449 2450//2450 2497//2497
f 2496//2496 2497//2497 2450//2450
f 2450//2450 2451//2451 2496//2496
f 2495//2495 2496//2496 2451//2451
f 2451//2451 2452//2452 2495//2495
f 2494//2494 2495//2495 2452//2452
f 2452//2452 2438//2438 2494//2494
f 2493//2493 2494//2494 2438//2438
f 2439//2439 2492//2492 2493//2493
f 2438//2438 2439//2439 2493//2493
f 2491//2491 2492//2492 2439//2439
f 2439//2439 2440//2440 2491//2491
f 2490//2490 2491//2491 2440//2440
f 2440//2440 2441//2441 2490//2490
f 2489//2489 2490//2490 2441//2441
f 2441//2441 2442//2442 2489//2489
f 2488//2488 2489//2489 2442//2442
f 2442//2442 2443//2443 2488//2488
f 2487//2487 2488//2488 2443//2443
f 2443//2443 2444//2444 2487//2487
f 2487//2487 2444//2444 2445//2445
f 2486//2486 2487//2487 2445//2445
f 2485//2485 2486//2486 2445//2445
f 2445//2445 2446//2446 2485//2485
f 2511//2511 2510//2510 2512//2512
f 2513//2513 2512//2512 2510//2510
f 2509//2509 2514//2514 2513//2513
f 2510//2510 2509//2509 2513//2513
f 2515//2515 2514//2514 2509//2509
f 2509//2509 2508//2508 2515//2515
f 2516//2516 2515//2515 2508//2508
f 2508//2508 2507//2507 2516//2516
f 2517//2517 2516//2516 2507//2507
f 2507//2507 2506//2506 2517//2517
f 2517//2517 2506//2506 2505//2505
f 2518//2518 2517//2517 2505//2505
f 2518//2518 2505//2505 4540//4540
f 2519//2519 2518//2518 4540//4540
f 4540//4540 2504//2504 2519//2519
f 2520//2520 2519//2519 2504//2504
f 2504//2504 2503//2503 2520//2520
f 2520//2520 2503//2503 2502//2502
f 4577//4577 2520//2520 2502//2502
f 2502//2502 2501//2501 4577//4577
f 4576//4576 4577//4577 2501//2501
f 2501//2501 4564//4564 4576//4576
f 4565//4565 4576//4576 4564//4564
f 2532//2532 2531//2531 2530//2530
f 2530//2530 2529//2529 2532//2532
f 2532//2532 2529//2529 2528//2528
f 2533//2533 2532//2532 2528//2528
f 2528//2528 2527//2527 2533//2533
f 2534//2534 2533//2533 2527//2527
f 2527//2527 2526//2526 2534//2534
f 2535//2535 2534//2534 2526//2526
f 2526//2526 2525//2525 2535//2535
f 2536//2536 2535//2535 2525//2525
f 2524//2524 2537//2537 2536//2536
f 2525//2525 2524//2524 2536//2536
f 4526//4526 2537//2537 2524//2524
f 2523//2523 4534//4534 4526//4526
f 2524//2524 2523//2523 4526//4526
f 2538//2538 4534//4534 2523//2523
f 2523//2523 2522//2522 2538//2538
f 2539//2539 2538//2538 2522//2522
f 4578//4578 2540//2540 2539//2539
f 2522//2522 4578//4578 2539//2539
f 2541//2541 2540//2540 4578//4578
f 4578//4578 4571//4571 2541//2541
f 2542//2542 2541//2541 4571//4571
f 4571//4571 2521//2521 2542//2542
f 2580//2580 4497//4497 4496//4496
f 2549//2549 4499//4499 4500//4500
f 2554//2554 4506//4506 4501//4501
f 4502//4502 2552//2552 4492//4492
f 2532//2532 2576//2576 4497//4497
f 4503//4503 4500//4500 4505//4505
f 4505//4505 2555//2555 4506//4506
f 2510//2510 4504//4504 4509//4509
f 2533//2533 4510//4510 2576//2576
f 4509//4509 2555//2555 4511//4511
f 2578//2578 4513//4513 4510//4510
f 4508//4508 4511//4511 2556//2556
f 2547//2547 2556//2556 4511//4511
f 2583//2583 4508//4508 4512//4512
f 2547//2547 4513//4513 2575//2575
f 2534//2534 2575//2575 4513//4513
f 2508//2508 4512//4512 4515//4515
f 2557//2557 4515//4515 4512//4512
f 2577//2577 4517//4517 2575//2575
f 2584//2584 4515//4515 2587//2587
f 2558//2558 2587//2587 4515//4515
f 4516//4516 4517//4517 4518//4518
f 2535//2535 4518//4518 4517//4517
f 2559//2559 4522//4522 2587//2587
f 2507//2507 2587//2587 4522//4522
f 2536//2536 4520//4520 4518//4518
f 4519//4519 4518//4518 4520//4520
f 2506//2506 4522//4522 2586//2586
f 2560//2560 2586//2586 4522//4522
f 4530//4530 4529//4529 4524//4524
f 4529//4529 4521//4521 4528//4528
f 2560//2560 4530//4530 2562//2562
f 2505//2505 2586//2586 4539//4539
f 4536//4536 4526//4526 4534//4534
f 2565//2565 4533//4533 4535//4535
f 2538//2538 4543//4543 4536//4536
f 4531//4531 4532//4532 4537//4537
f 4544//4544 2504//2504 4540//4540
f 2561//2561 4538//4538 4541//4541
f 2566//2566 4535//4535 4542//4542
f 2572//2572 4678//4678 2567//2567
f 2568//2568 4546//4546 4547//4547
f 2521//2521 2574//2574 4543//4543
f 2546//2546 4549//4549 4550//4550
f 2546//2546 4550//4550 4551//4551
f 2546//2546 4551//4551 4552//4552
f 2546//2546 4552//4552 4553//4553
f 2546//2546 4555//4555 4549//4549
f 2571//2571 2569//2569 4556//4556
f 2570//2570 4557//4557 2569//2569
f 4544//4544 2561//2561 4563//4563
f 2561//2561 4541//4541 4558//4558
f 2561//2561 4558//4558 4559//4559
f 2561//2561 4559//4559 4560//4560
f 2561//2561 4560//4560 4561//4561
f 2589//2589 2585//2585 4544//4544
f 2585//2585 4564//4564 2501//2501
f 2585//2585 2501//2501 2502//2502
f 2585//2585 2502//2502 2503//2503
f 2585//2585 4565//4565 4564//4564
f 2570//2570 2571//2571 4566//4566
f 4557//4557 4566//4566 4567//4567
f 4676//4676 4569//4569 4568//4568
f 4677//4677 4570//4570 4575//4575
f 4575//4575 4572//4572 4573//4573
f 4575//4575 4573//4573 4574//4574
f 2605//2605 2585//2585 2589//2589
f 4677//4677 2605//2605 4563//4563
f 4581//4581 4577//4577 4576//4576
f 4575//4575 2621//2621 4579//4579
f 4580//4580 4582//4582 4581//4581
f 2522//2522 4583//4583 4579//4579
f 4577//4577 4582//4582 4584//4584
f 2522//2522 4587//4587 4583//4583
f 2520//2520 4584//4584 4586//4586
f 2523//2523 4588//4588 4587//4587
f 2606//2606 2600//2600 4589//4589
f 4588//4588 4589//4589 2600//2600
f 2643//2643 4586//4586 4590//4590
f 2607//2607 4590//4590 4586//4586
f 2599//2599 4594//4594 2607//2607
f 2644//2644 4590//4590 4593//4593
f 4592//4592 4591//4591 4595//4595
f 2640//2640 4599//4599 4595//4595
f 4599//4599 4596//4596 2599//2599
f 4593//4593 4594//4594 4597//4597
f 2645//2645 4593//4593 4598//4598
f 2524//2524 4603//4603 4599//4599
f 4597//4597 4596//4596 4600//4600
f 4598//4598 4597//4597 4601//4601
f 2518//2518 4598//4598 4602//4602
f 2639//2639 4607//4607 4603//4603
f 4607//4607 4604//4604 4600//4600
f 4602//4602 4601//4601 4605//4605
f 2646//2646 4602//4602 4606//4606
f 2638//2638 4610//4610 4607//4607
f 4605//4605 4604//4604 4611//4611
f 4606//4606 4605//4605 4608//4608
f 2647//2647 4606//4606 4609//4609
f 2525//2525 2620//2620 4610//4610
f 4609//4609 4608//4608 2608//2608
f 2517//2517 4609//4609 4613//4613
f 2636//2636 4615//4615 2620//2620
f 2608//2608 4612//4612 4614//4614
f 2648//2648 4613//4613 4617//4617
f 2635//2635 4618//4618 4615//4615
f 2650//2650 4617//4617 4620//4620
f 4620//4620 4619//4619 4626//4626
f 2651//2651 4620//4620 4625//4625
f 4622//4622 4621//4621 4624//4624
f 2526//2526 4628//4628 4624//4624
f 4628//4628 4627//4627 4623//4623
f 4627//4627 4630//4630 4626//4626
f 2516//2516 4625//4625 4629//4629
f 2633//2633 2619//2619 4628//4628
f 2597//2597 2609//2609 4630//4630
f 2652//2652 4629//4629 4631//4631
f 2632//2632 4633//4633 2619//2619
f 2653//2653 4631//4631 4634//4634
f 4632//4632 4633//4633 4637//4637
f 2631//2631 4637//4637 4633//4633
f 2596//2596 4635//4635 2610//2610
f 2654//2654 4634//4634 4636//4636
f 2630//2630 4641//4641 4637//4637
f 2655//2655 4636//4636 4640//4640
f 2666//2666 4643//4643 4640//4640
f 2527//2527 4642//4642 4641//4641
f 2595//2595 4645//4645 4639//4639
f 2666//2666 4639//4639 4645//4645
f 2595//2595 4642//4642 4646//4646
f 2629//2629 4646//4646 4642//4642
f 4644//4644 4645//4645 4649//4649
f 4648//4648 4649//4649 4645//4645
f 2656//2656 4644//4644 2665//2665
f 4647//4647 4650//4650 4648//4648
f 2611//2611 4651//4651 2665//2665
f 2657//2657 2665//2665 4651//4651
f 2528//2528 4654//4654 4647//4647
f 2611//2611 4650//4650 4655//4655
f 2514//2514 4651//4651 4653//4653
f 2626//2626 4658//4658 4654//4654
f 4658//4658 4656//4656 4655//4655
f 2659//2659 4653//4653 4657//4657
f 2625//2625 4660//4660 4658//4658
f 2594//2594 4659//4659 2612//2612
f 2660//2660 4657//4657 2664//2664
f 2529//2529 4663//4663 4660//4660
f 2594//2594 4660//4660 4663//4663
f 2664//2664 4659//4659 2613//2613
f 2513//2513 2664//2664 4662//4662
f 2623//2623 4664//4664 4663//4663
f 4661//4661 4663//4663 4664//4664
f 2593//2593 4670//4670 2613//2613
f 2661//2661 4662//4662 4669//4669
f 2530//2530 4667//4667 4664//4664
f 2593//2593 4664//4664 4667//4667
f 4668//4668 2590//2590 4670//4670
f 2590//2590 4665//4665 4670//4670
f 4665//4665 2614//2614 4670//4670
f 2512//2512 4669//4669 4671//4671
f 2614//2614 4671//4671 4669//4669
f 4668//4668 4667//4667 4496//4496
f 2531//2531 4496//4496 4667//4667
f 2591//2591 4668//4668 4672//4672
f 2548//2548 4674//4674 4672//4672
f 2616//2616 2617//2617 2550//2550
f 4671//4671 4501//4501 4675//4675
f 2663//2663 4671//4671 2588//2588
f 2573//2573 4570//4570 4676//4676
f 4665//4665 2552//2552 2553//2553
f 4503//4503 4502//4502 2590//2590
f 2552//2552 4665//4665 4666//4666
f 2618//2618 2590//2590 4502//4502
f 4557//4557 4568//4568 2569//2569
f 2569//2569 4568//4568 4569//4569
f 2569//2569 4569//4569 2568//2568
f 2568//2568 4556//4556 2569//2569
f 2563//2563 4525//4525 2564//2564
f 2563//2563 2564//2564 2565//2565
f 2563//2563 2565//2565 2566//2566
f 4524//4524 2563//2563 4678//4678
f 2552//2552 4666//4666 4494//4494
f 4494//4494 4666//4666 2616//2616
f 4493//4493 4494//4494 2616//2616
f 2615//2615 4665//4665 2554//2554
f 2554//2554 4495//4495 2615//2615
f 4665//4665 2553//2553 2554//2554
f 4677//4677 4561//4561 4560//4560
f 4677//4677 4560//4560 4559//4559
f 4677//4677 4559//4559 4558//4558
f 4677//4677 4558//4558 4541//4541
f 4677//4677 4541//4541 4538//4538
f 4677//4677 4538//4538 4537//4537
f 4677//4677 4537//4537 4532//4532
f 4561//4561 4677//4677 2604//2604
f 4562//4562 4561//4561 2604//2604
f 4572//4572 4555//4555 4574//4574
f 4573//4573 4572//4572 4574//4574
f 4555//4555 4572//4572 4570//4570
f 4549//4549 4555//4555 4570//4570
f 2543//2543 4527//4527 2544//2544
f 2543//2543 2544//2544 2545//2545
f 2543//2543 2545//2545 4553//4553
f 4529//4529 2543//2543 4549//4549
f 4503//4503 2590//2590 4498//4498
f 4498//4498 2590//2590 2591//2591
f 2549//2549 4498//4498 2591//2591
f 2617//2617 2618//2618 4492//4492
f 4492//4492 2550//2550 2617//2617
f 2618//2618 4502//4502 4492//4492
f 4676//4676 4547//4547 4546//4546
f 4676//4676 4546//4546 2572//2572
f 4676//4676 2572//2572 4545//4545
f 4676//4676 4545//4545 4542//4542
f 4676//4676 4542//4542 4535//4535
f 4676//4676 4535//4535 4533//4533
f 4547//4547 4676//4676 2603//2603
f 2571//2571 4547//4547 2603//2603
f 4566//4566 2571//2571 2603//2603
f 2603//2603 4567//4567 4566//4566
f 4682//4682 2669//2669 2673//2673
f 4683//4683 2674//2674 4680//4680
f 2667//2667 4683//4683 4680//4680
f 2669//2669 4704//4704 4705//4705
f 4681//4681 4684//4684 2671//2671
f 4705//4705 4684//4684 4683//4683
f 2675//2675 4686//4686 4685//4685
f 4706//4706 4688//4688 4707//4707
f 4691//4691 2677//2677 4692//4692
f 2676//2676 4693//4693 4695//4695
f 4691//4691 2679//2679 4687//4687
f 4686//4686 2679//2679 4694//4694
f 4701//4701 4697//4697 4696//4696
f 4696//4696 2680//2680 4701//4701
f 4702//4702 4701//4701 2680//2680
f 2680//2680 4700//4700 4702//4702
f 4703//4703 4702//4702 4700//4700
f 4700//4700 4688//4688 4703//4703
f 2674//2674 4703//4703 4688//4688
f 4688//4688 4686//4686 4694//4694
f 4682//4682 2668//2668 4687//4687
f 4680//4680 2672//2672 4685//4685
f 2671//2671 2670//2670 4695//4695
f 4707//4707 4689//4689 4683//4683
f 2680//2680 4698//4698 4699//4699
f 4700//4700 4708//4708 4693//4693
f 2674//2674 4684//4684 2682//2682
f 4692//4692 2676//2676 4681//4681
f 4689//4689 2678//2678 4705//4705
f 4683//4683 2667//2667 4707//4707
f 2673//2673 2679//2679 2683//2683
f 2679//2679 4693//4693 4708//4708
f 2683//2683 4698//4698 4709//4709
f 2683//2683 4709//4709 4710//4710
f 2683//2683 4710//4710 2681//2681
f 2683//2683 2681//2681 2682//2682
f 4684//4684 2673//2673 2683//2683
f 4712//4712 2723//2723 2722//2722
f 4712//4712 2722//2722 2721//2721
f 4712//4712 2721//2721 2720//2720
f 4712//4712 2720//2720 4711//4711
f 2717//2717 2716//2716 2708//2708
f 2718//2718 2717//2717 2708//2708
f 2719//2719 2718//2718 2708//2708
f 4711//4711 2719//2719 2708//2708
f 4711//4711 2708//2708 2707//2707
f 2701//2701 2700//2700 2692//2692
f 2702//2702 2701//2701 2692//2692
f 2703//2703 2702//2702 2692//2692
f 2704//2704 2703//2703 2692//2692
f 2704//2704 2692//2692 2691//2691
f 2704//2704 2691//2691 2690//2690
f 2686//2686 2685//2685 4714//4714
f 2687//2687 2686//2686 2684//2684
f 2688//2688 2687//2687 2684//2684
f 2684//2684 4712//4712 4713//4713
f 4712//4712 4725//4725 4724//4724
f 4714//4714 2685//2685 2699//2699
f 4714//4714 2699//2699 2698//2698
f 4714//4714 2698//2698 2697//2697
f 4714//4714 2697//2697 2696//2696
f 4714//4714 2696//2696 2695//2695
f 2693//2693 2692//2692 2700//2700
f 2694//2694 2693//2693 2700//2700
f 2695//2695 2694//2694 2700//2700
f 2709//2709 2708//2708 2716//2716
f 2710//2710 2709//2709 2716//2716
f 2711//2711 2710//2710 2716//2716
f 2712//2712 2711//2711 2716//2716
f 2712//2712 2716//2716 2729//2729
f 2724//2724 2723//2723 4712//4712
f 2725//2725 2724//2724 4712//4712
f 2762//2762 2761//2761 2753//2753
f 2763//2763 2762//2762 2753//2753
f 2764//2764 2763//2763 2753//2753
f 2764//2764 2753//2753 2752//2752
f 2764//2764 2752//2752 2751//2751
f 2765//2765 2764//2764 2751//2751
f 2747//2747 2746//2746 2740//2740
f 2748//2748 2747//2747 2740//2740
f 4719//4719 2748//2748 2740//2740
f 4719//4719 2740//2740 2739//2739
f 4719//4719 2739//2739 2738//2738
f 2749//2749 4719//4719 2737//2737
f 4718//4718 2737//2737 4720//4720
f 2733//2733 2732//2732 4720//4720
f 2734//2734 2733//2733 4720//4720
f 2735//2735 2734//2734 4720//4720
f 2736//2736 2735//2735 4720//4720
f 4723//4723 4720//4720 4721//4721
f 4723//4723 4721//4721 2745//2745
f 4723//4723 2745//2745 2744//2744
f 2741//2741 2740//2740 2746//2746
f 2742//2742 2741//2741 2746//2746
f 4722//4722 2742//2742 2746//2746
f 2754//2754 2753//2753 2761//2761
f 2755//2755 2754//2754 2761//2761
f 2756//2756 2755//2755 2761//2761
f 2756//2756 2761//2761 2776//2776
f 2770//2770 2769//2769 2730//2730
f 2771//2771 2770//2770 2730//2730
f 2772//2772 2771//2771 2730//2730
f 4723//4723 4727//4727 2684//2684
f 2780//2780 2684//2684 4727//4727
f 4727//4727 2779//2779 2780//2780
f 4728//4728 2780//2780 2779//2779
f 2779//2779 2778//2778 4728//4728
f 4729//4729 4728//4728 2778//2778
f 2778//2778 2777//2777 4729//4729
f 2785//2785 2784//2784 2781//2781
f 2784//2784 2783//2783 2781//2781
f 2782//2782 2781//2781 2783//2783
f 2783//2783 4717//4717 2782//2782
f 4724//4724 2782//2782 4717//4717
f 4717//4717 4718//4718 4724//4724
f 2731//2731 2796//2796 4725//4725
f 2792//2792 4725//4725 2796//2796
f 2796//2796 2795//2795 2792//2792
f 2793//2793 2792//2792 2795//2795
f 2795//2795 2794//2794 2793//2793
f 2788//2788 2777//2777 2778//2778
f 2779//2779 2787//2787 4726//4726
f 4712//4712 2684//2684 2780//2780
f 2790//2790 2780//2780 4728//4728
f 2789//2789 4728//4728 4729//4729
f 2789//2789 4729//4729 2777//2777
f 2785//2785 2781//2781 2794//2794
f 2793//2793 2794//2794 2781//2781
f 2781//2781 2782//2782 2793//2793
f 2792//2792 2793//2793 2782//2782
f 2782//2782 4724//4724 2792//2792
f 4725//4725 2792//2792 4724//4724
f 2794//2794 2795//2795 2785//2785
f 2784//2784 2785//2785 2795//2795
f 2795//2795 2796//2796 2784//2784
f 2783//2783 2784//2784 2796//2796
f 2796//2796 2731//2731 2783//2783
f 4717//4717 2783//2783 2731//2731
f 2740//2740 2741//2741 2692//2692
f 2691//2691 2692//2692 2741//2741
f 2741//2741 2742//2742 2691//2691
f 2690//2690 2691//2691 2742//2742
f 2742//2742 4722//4722 2690//2690
f 2689//2689 2690//2690 4722//4722
f 4722//4722 2743//2743 2689//2689
f 4713//4713 2689//2689 2743//2743
f 2743//2743 2744//2744 4713//4713
f 2688//2688 4713//4713 2744//2744
f 2744//2744 2745//2745 2688//2688
f 2687//2687 2688//2688 2745//2745
f 2745//2745 4721//4721 2687//2687
f 2686//2686 2687//2687 4721//4721
f 4721//4721 2732//2732 2686//2686
f 2685//2685 2686//2686 2732//2732
f 2732//2732 2733//2733 2685//2685
f 2699//2699 2685//2685 2733//2733
f 2733//2733 2734//2734 2699//2699
f 2698//2698 2699//2699 2734//2734
f 2734//2734 2735//2735 2698//2698
f 2697//2697 2698//2698 2735//2735
f 2735//2735 2736//2736 2697//2697
f 2696//2696 2697//2697 2736//2736
f 2736//2736 2737//2737 2696//2696
f 2695//2695 2696//2696 2737//2737
f 2737//2737 2738//2738 2695//2695
f 2694//2694 2695//2695 2738//2738
f 2738//2738 2739//2739 2694//2694
f 2693//2693 2694//2694 2739//2739
f 2739//2739 2740//2740 2693//2693
f 2692//2692 2693//2693 2740//2740
f 2753//2753 2754//2754 2708//2708
f 2707//2707 2708//2708 2754//2754
f 2754//2754 2755//2755 2707//2707
f 2706//2706 2707//2707 2755//2755
f 2755//2755 2756//2756 2706//2706
f 2705//2705 2706//2706 2756//2756
f 2756//2756 2757//2757 2705//2705
f 2704//2704 2705//2705 2757//2757
f 2757//2757 2758//2758 2704//2704
f 2703//2703 2704//2704 2758//2758
f 2758//2758 2759//2759 2703//2703
f 2702//2702 2703//2703 2759//2759
f 2759//2759 2760//2760 2702//2702
f 2701//2701 2702//2702 2760//2760
f 2760//2760 2746//2746 2701//2701
f 2700//2700 2701//2701 2746//2746
f 2746//2746 2747//2747 2700//2700
f 2715//2715 2700//2700 2747//2747
f 2747//2747 2748//2748 2715//2715
f 2714//2714 2715//2715 2748//2748
f 2748//2748 4719//4719 2714//2714
f 2713//2713 2714//2714 4719//4719
f 4719//4719 2749//2749 2713//2713
f 2712//2712 2713//2713 2749//2749
f 2749//2749 2750//2750 2712//2712
f 2711//2711 2712//2712 2750//2750
f 2750//2750 2751//2751 2711//2711
f 2710//2710 2711//2711 2751//2751
f 2751//2751 2752//2752 2710//2710
f 2709//2709 2710//2710 2752//2752
f 2752//2752 2753//2753 2709//2709
f 2708//2708 2709//2709 2753//2753
f 2769//2769 2770//2770 2723//2723
f 2722//2722 2723//2723 2770//2770
f 2770//2770 2771//2771 2722//2722
f 2721//2721 2722//2722 2771//2771
f 2771//2771 2772//2772 2721//2721
f 2720//2720 2721//2721 2772//2772
f 2772//2772 2773//2773 2720//2720
f 4711//4711 2720//2720 2773//2773
f 2773//2773 2774//2774 4711//4711
f 2719//2719 4711//4711 2774//2774
f 2774//2774 2775//2775 2719//2719
f 2718//2718 2719//2719 2775//2775
f 2775//2775 2776//2776 2718//2718
f 2717//2717 2718//2718 2776//2776
f 2776//2776 2761//2761 2717//2717
f 2716//2716 2717//2717 2761//2761
f 2761//2761 2762//2762 2716//2716
f 2729//2729 2716//2716 2762//2762
f 2762//2762 2763//2763 2729//2729
f 2728//2728 2729//2729 2763//2763
f 2763//2763 2764//2764 2728//2728
f 2727//2727 2728//2728 2764//2764
f 2764//2764 2765//2765 2727//2727
f 2726//2726 2727//2727 2765//2765
f 2765//2765 2766//2766 2726//2726
f 4715//4715 2726//2726 2766//2766
f 2766//2766 2767//2767 4715//4715
f 2725//2725 4715//4715 2767//2767
f 2767//2767 2768//2768 2725//2725
f 2724//2724 2725//2725 2768//2768
f 2768//2768 2769//2769 2724//2724
f 2723//2723 2724//2724 2769//2769
f 50//50 2798//2798 4731//4731
f 50//50 4733//4733 4141//4141
f 4732//4732 2799//2799 4173//4173
f 4730//4730 2797//2797 4733//4733
f 2851//2851 2850//2850 2849//2849
f 2849//2849 2848//2848 2851//2851
f 2852//2852 2851//2851 2848//2848
f 2848//2848 2847//2847 2852//2852
f 4767//4767 2852//2852 2847//2847
f 2847//2847 2846//2846 4767//4767
f 2853//2853 4767//4767 4734//4734
f 2845//2845 4735//4735 4736//4736
f 2853//2853 4734//4734 4736//4736
f 2873//2873 2878//2878 2871//2871
f 4737//4737 2879//2879 2881//2881
f 2875//2875 2880//2880 4737//4737
f 2875//2875 4737//4737 2881//2881
f 2874//2874 2875//2875 2881//2881
f 2870//2870 2867//2867 4738//4738
f 2872//2872 2871//2871 2870//2870
f 2876//2876 2875//2875 2874//2874
f 2877//2877 2876//2876 4739//4739
f 2871//2871 2872//2872 4739//4739
f 4740//4740 2861//2861 2860//2860
f 2854//2854 4740//4740 2860//2860
f 2845//2845 4740//4740 4735//4735
f 2868//2868 2867//2867 2866//2866
f 2869//2869 2872//2872 4738//4738
f 2867//2867 2868//2868 2869//2869
f 2865//2865 2868//2868 2866//2866
f 2863//2863 2865//2865 2866//2866
f 2862//2862 2863//2863 2866//2866
f 2864//2864 2863//2863 4740//4740
f 2859//2859 2864//2864 4740//4740
f 4740//4740 2855//2855 2859//2859
f 2843//2843 4741//4741 4740//4740
f 2842//2842 2856//2856 4742//4742
f 2855//2855 4741//4741 4742//4742
f 2857//2857 2856//2856 2842//2842
f 2841//2841 2858//2858 2857//2857
f 2842//2842 2841//2841 2857//2857
f 2840//2840 2858//2858 2841//2841
f 2829//2829 2828//2828 2827//2827
f 2826//2826 2830//2830 2829//2829
f 2827//2827 2826//2826 2829//2829
f 2816//2816 2830//2830 2826//2826
f 2825//2825 4743//4743 2816//2816
f 2826//2826 2825//2825 2816//2816
f 4747//4747 2810//2810 2815//2815
f 2814//2814 4747//4747 2815//2815
f 2814//2814 4743//4743 4744//4744
f 2824//2824 4747//4747 4744//4744
f 2804//2804 2805//2805 2807//2807
f 2804//2804 4745//4745 2800//2800
f 2805//2805 2804//2804 2800//2800
f 2838//2838 2837//2837 2839//2839
f 2833//2833 2838//2838 2839//2839
f 2832//2832 2833//2833 2839//2839
f 4799//4799 2837//2837 2838//2838
f 2801//2801 4745//4745 2803//2803
f 2802//2802 2801//2801 2803//2803
f 2834//2834 2833//2833 2832//2832
f 2802//2802 2834//2834 4746//4746
f 2802//2802 4746//4746 2831//2831
f 2802//2802 2831//2831 2836//2836
f 2801//2801 2802//2802 2836//2836
f 2835//2835 2834//2834 2802//2802
f 2808//2808 2807//2807 4748//4748
f 2808//2808 4748//4748 2806//2806
f 2809//2809 2808//2808 2806//2806
f 2823//2823 4750//4750 4747//4747
f 2811//2811 2808//2808 4747//4747
f 2812//2812 2811//2811 4747//4747
f 4747//4747 2813//2813 2812//2812
f 2822//2822 4749//4749 4750//4750
f 4773//4773 2817//2817 4749//4749
f 2822//2822 2821//2821 4773//4773
f 4774//4774 4773//4773 2821//2821
f 2821//2821 2820//2820 4774//4774
f 4775//4775 4774//4774 2820//2820
f 2820//2820 2819//2819 4775//4775
f 2818//2818 4775//4775 2819//2819
f 2933//2933 2932//2932 2931//2931
f 2931//2931 2930//2930 2933//2933
f 2934//2934 2933//2933 2930//2930
f 2930//2930 2929//2929 2934//2934
f 4776//4776 2934//2934 2929//2929
f 2929//2929 2928//2928 4776//4776
f 2935//2935 4776//4776 4751//4751
f 2955//2955 2960//2960 2953//2953
f 2961//2961 2963//2963 4752//4752
f 2957//2957 2962//2962 4752//4752
f 2957//2957 4752//4752 2963//2963
f 2956//2956 2957//2957 2963//2963
f 2958//2958 2957//2957 2956//2956
f 2959//2959 2958//2958 4753//4753
f 2953//2953 2954//2954 4753//4753
f 2952//2952 2949//2949 4754//4754
f 2954//2954 2953//2953 2952//2952
f 4755//4755 2943//2943 2942//2942
f 2936//2936 4755//4755 2942//2942
f 2927//2927 4755//4755 4751//4751
f 2951//2951 2954//2954 4754//4754
f 2949//2949 2950//2950 2951//2951
f 2950//2950 2949//2949 2948//2948
f 2947//2947 2950//2950 2948//2948
f 2945//2945 2947//2947 2948//2948
f 2944//2944 2945//2945 2948//2948
f 2925//2925 4756//4756 4755//4755
f 2946//2946 2945//2945 4755//4755
f 2941//2941 2946//2946 4755//4755
f 4755//4755 2937//2937 2941//2941
f 2924//2924 2938//2938 4756//4756
f 2939//2939 2938//2938 2924//2924
f 2923//2923 2940//2940 2939//2939
f 2924//2924 2923//2923 2939//2939
f 2922//2922 2940//2940 2923//2923
f 2912//2912 2911//2911 2910//2910
f 2909//2909 4786//4786 2912//2912
f 2910//2910 2909//2909 2912//2912
f 2898//2898 4786//4786 2909//2909
f 2908//2908 4757//4757 2898//2898
f 2909//2909 2908//2908 2898//2898
f 4758//4758 2892//2892 2897//2897
f 2896//2896 4758//4758 2897//2897
f 2896//2896 4757//4757 4759//4759
f 2907//2907 4758//4758 4759//4759
f 2886//2886 2887//2887 2889//2889
f 2886//2886 4760//4760 2882//2882
f 2887//2887 2886//2886 2882//2882
f 2920//2920 2919//2919 2921//2921
f 2915//2915 2920//2920 2921//2921
f 2914//2914 2915//2915 2921//2921
f 2883//2883 4760//4760 2885//2885
f 2884//2884 2883//2883 2885//2885
f 2916//2916 2915//2915 2914//2914
f 2884//2884 2916//2916 4761//4761
f 2884//2884 4761//4761 2913//2913
f 2884//2884 2913//2913 2918//2918
f 2883//2883 2884//2884 2918//2918
f 2917//2917 2916//2916 2884//2884
f 2920//2920 4772//4772 2919//2919
f 2890//2890 2889//2889 4762//4762
f 2890//2890 4762//4762 2888//2888
f 2891//2891 2890//2890 2888//2888
f 2893//2893 2890//2890 4758//4758
f 2894//2894 2893//2893 4758//4758
f 4758//4758 2895//2895 2894//2894
f 2906//2906 4763//4763 4758//4758
f 2895//2895 4763//4763 4764//4764
f 2900//2900 2899//2899 4764//4764
f 2905//2905 2904//2904 2900//2900
f 4765//4765 2900//2900 2904//2904
f 2904//2904 2903//2903 4765//4765
f 4766//4766 4765//4765 2903//2903
f 2903//2903 2902//2902 4766//4766
f 2901//2901 4766//4766 2902//2902
f 2885//2885 2889//2889 2900//2900
f 2885//2885 2900//2900 4765//4765
f 2885//2885 4765//4765 4766//4766
f 2885//2885 4766//4766 2851//2851
f 2885//2885 2851//2851 2852//2852
f 2885//2885 2852//2852 4767//4767
f 4768//4768 2885//2885 4767//4767
f 2878//2878 4769//4769 4768//4768
f 2917//2917 4769//4769 4770//4770
f 2873//2873 4771//4771 4770//4770
f 2803//2803 2807//2807 4773//4773
f 2803//2803 4773//4773 4774//4774
f 2803//2803 4774//4774 4775//4775
f 2803//2803 4775//4775 2933//2933
f 2803//2803 2933//2933 2934//2934
f 2803//2803 2934//2934 4776//4776
f 2803//2803 4776//4776 4777//4777
f 2803//2803 4777//4777 4778//4778
f 2960//2960 4779//4779 4778//4778
f 2835//2835 4779//4779 4780//4780
f 2955//2955 4781//4781 4780//4780
f 2965//2965 2840//2840 2828//2828
f 2828//2828 2829//2829 2965//2965
f 2840//2840 2965//2965 2964//2964
f 2858//2858 2840//2840 2964//2964
f 2964//2964 2978//2978 2858//2858
f 2966//2966 2965//2965 2829//2829
f 2857//2857 2858//2858 2978//2978
f 2829//2829 2830//2830 2966//2966
f 2978//2978 2977//2977 2857//2857
f 2967//2967 2966//2966 2830//2830
f 2830//2830 2816//2816 2967//2967
f 2856//2856 2857//2857 2977//2977
f 2977//2977 2976//2976 2856//2856
f 2968//2968 2967//2967 2816//2816
f 2816//2816 2815//2815 2968//2968
f 2859//2859 2856//2856 2976//2976
f 2976//2976 2975//2975 2859//2859
f 2969//2969 2968//2968 2815//2815
f 2864//2864 2859//2859 2975//2975
f 2815//2815 2810//2810 2969//2969
f 2975//2975 2974//2974 2864//2864
f 2970//2970 2969//2969 2810//2810
f 2865//2865 2864//2864 2974//2974
f 2810//2810 2806//2806 2970//2970
f 2971//2971 2970//2970 2806//2806
f 2974//2974 2973//2973 2865//2865
f 2800//2800 2982//2982 2971//2971
f 2806//2806 2800//2800 2971//2971
f 2973//2973 2972//2972 2869//2869
f 2869//2869 2865//2865 2973//2973
f 2800//2800 2836//2836 2982//2982
f 2877//2877 2869//2869 2972//2972
f 4782//4782 2982//2982 2836//2836
f 2972//2972 2979//2979 2877//2877
f 2836//2836 2981//2981 4782//4782
f 2981//2981 4783//4783 2979//2979
f 2831//2831 4784//4784 4783//4783
f 2839//2839 4785//4785 4784//4784
f 2880//2880 4785//4785 2837//2837
f 2911//2911 2912//2912 2922//2922
f 2940//2940 2922//2922 2912//2912
f 2912//2912 4786//4786 2940//2940
f 2939//2939 2940//2940 4786//4786
f 2898//2898 4787//4787 2939//2939
f 2938//2938 4787//4787 4788//4788
f 2892//2892 4789//4789 4788//4788
f 2888//2888 4790//4790 4789//4789
f 2947//2947 4790//4790 4791//4791
f 2882//2882 4792//4792 4791//4791
f 2951//2951 4792//4792 4793//4793
f 2918//2918 4794//4794 4793//4793
f 2959//2959 4794//4794 4795//4795
f 2913//2913 4796//4796 4795//4795
f 2958//2958 4796//4796 4797//4797
f 2921//2921 4798//4798 4797//4797
f 2962//2962 4798//4798 2919//2919
f 4801//4801 2961//2961 2985//2985
f 4800//4800 2961//2961 4801//4801
f 2818//2818 2820//2820 2932//2932
f 2930//2930 2932//2932 2820//2820
f 2820//2820 2822//2822 4802//4802
f 2824//2824 2994//2994 4802//4802
f 2928//2928 4802//4802 2993//2993
f 2926//2926 2928//2928 2993//2993
f 2995//2995 2994//2994 2824//2824
f 2993//2993 2992//2992 2926//2926
f 2824//2824 2826//2826 2995//2995
f 2924//2924 2926//2926 2992//2992
f 2996//2996 2995//2995 2826//2826
f 2992//2992 2991//2991 2924//2924
f 2826//2826 2828//2828 2996//2996
f 2922//2922 2924//2924 2991//2991
f 2997//2997 2996//2996 2828//2828
f 2991//2991 2990//2990 2922//2922
f 2840//2840 2998//2998 2997//2997
f 2828//2828 2840//2840 2997//2997
f 2922//2922 2990//2990 2989//2989
f 2911//2911 2922//2922 2989//2989
f 2999//2999 2998//2998 2840//2840
f 2989//2989 2988//2988 2911//2911
f 2840//2840 2842//2842 2999//2999
f 2909//2909 2911//2911 2988//2988
f 3000//3000 2999//2999 2842//2842
f 2988//2988 2987//2987 2909//2909
f 2842//2842 2844//2844 3000//3000
f 2907//2907 2909//2909 2987//2987
f 3001//3001 3000//3000 2844//2844
f 2987//2987 2986//2986 2907//2907
f 2846//2846 4803//4803 3001//3001
f 2844//2844 2846//2846 3001//3001
f 2907//2907 2986//2986 4803//4803
f 2903//2903 2905//2905 4803//4803
f 2848//2848 2850//2850 2903//2903
f 2901//2901 2903//2903 2850//2850
f 3039//3039 4823//4823 3040//3040
f 3041//3041 3040//3040 4823//4823
f 4823//4823 3054//3054 3041//3041
f 3042//3042 3041//3041 3054//3054
f 3054//3054 3053//3053 3042//3042
f 3042//3042 3053//3053 4804//4804
f 4831//4831 3027//3027 3028//3028
f 4881//4881 3026//3026 3025//3025
f 3025//3025 3024//3024 3021//3021
f 3021//3021 4881//4881 3025//3025
f 3072//3072 3071//3071 3067//3067
f 3024//3024 3023//3023 3021//3021
f 3024//3024 3028//3028 3027//3027
f 3023//3023 3024//3024 3027//3027
f 3021//3021 3023//3023 3022//3022
f 3021//3021 3022//3022 4844//4844
f 4843//4843 3021//3021 4844//4844
f 3067//3067 3071//3071 3070//3070
f 3066//3066 3067//3067 3070//3070
f 3066//3066 4805//4805 3069//3069
f 3066//3066 3069//3069 3068//3068
f 3067//3067 3066//3066 3068//3068
f 3058//3058 3057//3057 4806//4806
f 3059//3059 3058//3058 4806//4806
f 4806//4806 3052//3052 3059//3059
f 3043//3043 4804//4804 4806//4806
f 3062//3062 3061//3061 3063//3063
f 3062//3062 4805//4805 3065//3065
f 3062//3062 3065//3065 3064//3064
f 3061//3061 3062//3062 3064//3064
f 3057//3057 3063//3063 4807//4807
f 3057//3057 4807//4807 3060//3060
f 3056//3056 3057//3057 3060//3060
f 3051//3051 4806//4806 3055//3055
f 3044//3044 4806//4806 4808//4808
f 3050//3050 3049//3049 4808//4808
f 3046//3046 3045//3045 3049//3049
f 3049//3049 3048//3048 3046//3046
f 3047//3047 3046//3046 3048//3048
f 3074//3074 3073//3073 3088//3088
f 3088//3088 3087//3087 3074//3074
f 3075//3075 3074//3074 3087//3087
f 3087//3087 3086//3086 4809//4809
f 3076//3076 4809//4809 4810//4810
f 3093//3093 3092//3092 4810//4810
f 4810//4810 3085//3085 3093//3093
f 3036//3036 3035//3035 3034//3034
f 3036//3036 3034//3034 3030//3030
f 3030//3030 3029//3029 3036//3036
f 3096//3096 3095//3095 3094//3094
f 3102//3102 3101//3101 4811//4811
f 3103//3103 3102//3102 3095//3095
f 3095//3095 3096//3096 3103//3103
f 3034//3034 3038//3038 3037//3037
f 3033//3033 3034//3034 3037//3037
f 3034//3034 3033//3033 3030//3030
f 3100//3100 3099//3099 3098//3098
f 3098//3098 3095//3095 4811//4811
f 3101//3101 3100//3100 3098//3098
f 3101//3101 3106//3106 3105//3105
f 3100//3100 3101//3101 3105//3105
f 3105//3105 3104//3104 3100//3100
f 3030//3030 3033//3033 3032//3032
f 3030//3030 3032//3032 4839//4839
f 3031//3031 3030//3030 4839//4839
f 3038//3038 4800//4800 3037//3037
f 3097//3097 3096//3096 3094//3094
f 3092//3092 3097//3097 3094//3094
f 3091//3091 3092//3092 3094//3094
f 3077//3077 4810//4810 4812//4812
f 4810//4810 3090//3090 3089//3089
f 3084//3084 4810//4810 3089//3089
f 3077//3077 4812//4812 3083//3083
f 3078//3078 3077//3077 3083//3083
f 3083//3083 4834//4834 3078//3078
f 3079//3079 3078//3078 4834//4834
f 4834//4834 3082//3082 3079//3079
f 3080//3080 3079//3079 3082//3082
f 3082//3082 3081//3081 3080//3080
f 3107//3107 4833//4833 3108//3108
f 3109//3109 3108//3108 4833//4833
f 4833//4833 4832//4832 3109//3109
f 3110//3110 3109//3109 4832//4832
f 4832//4832 3120//3120 3110//3110
f 3110//3110 3120//3120 4813//4813
f 3119//3119 4814//4814 4813//4813
f 4801//4801 3009//3009 3010//3010
f 4877//4877 3008//3008 3007//3007
f 3007//3007 3006//3006 3002//3002
f 3002//3002 4877//4877 3007//3007
f 3137//3137 4875//4875 3133//3133
f 3006//3006 3010//3010 3009//3009
f 3005//3005 3006//3006 3009//3009
f 3006//3006 3005//3005 3002//3002
f 3002//3002 3005//3005 3004//3004
f 3002//3002 3004//3004 4859//4859
f 3003//3003 3002//3002 4859//4859
f 3132//3132 4815//4815 3135//3135
f 3132//3132 3135//3135 3134//3134
f 3133//3133 3132//3132 3134//3134
f 3133//3133 4875//4875 3136//3136
f 3132//3132 3133//3133 3136//3136
f 3111//3111 4814//4814 4816//4816
f 3124//3124 3123//3123 4816//4816
f 3125//3125 3124//3124 4816//4816
f 4816//4816 3119//3119 3125//3125
f 3128//3128 4815//4815 3131//3131
f 3128//3128 3131//3131 3130//3130
f 3127//3127 3128//3128 3130//3130
f 3128//3128 3127//3127 3129//3129
f 3123//3123 3129//3129 4817//4817
f 3123//3123 4817//4817 3126//3126
f 3122//3122 3123//3123 3126//3126
f 3118//3118 4816//4816 3121//3121
f 3112//3112 4816//4816 4818//4818
f 3117//3117 4849//4849 4818//4818
f 3114//3114 3113//3113 4849//4849
f 4849//4849 3116//3116 3114//3114
f 3115//3115 3114//3114 3116//3116
f 3139//3139 3138//3138 3152//3152
f 3152//3152 4848//4848 3139//3139
f 3140//3140 3139//3139 4848//4848
f 4848//4848 3151//3151 4819//4819
f 3141//3141 4819//4819 4820//4820
f 3157//3157 3156//3156 4820//4820
f 4820//4820 3150//3150 3157//3157
f 3018//3018 3017//3017 3016//3016
f 3018//3018 3016//3016 3012//3012
f 3012//3012 3011//3011 3018//3018
f 3166//3166 3165//3165 4821//4821
f 3167//3167 3166//3166 3159//3159
f 3159//3159 3160//3160 3167//3167
f 3160//3160 3159//3159 3158//3158
f 3016//3016 3015//3015 3012//3012
f 3016//3016 3020//3020 3019//3019
f 3015//3015 3016//3016 3019//3019
f 3165//3165 3170//3170 3169//3169
f 3164//3164 3165//3165 3169//3169
f 3164//3164 3163//3163 3162//3162
f 3162//3162 3159//3159 4821//4821
f 3165//3165 3164//3164 3162//3162
f 3169//3169 3168//3168 3164//3164
f 3012//3012 3015//3015 3014//3014
f 3012//3012 3014//3014 4829//4829
f 3013//3013 3012//3012 4829//4829
f 3020//3020 2985//2985 3019//3019
f 3161//3161 3160//3160 3158//3158
f 3156//3156 3161//3161 3158//3158
f 3155//3155 3156//3156 3158//3158
f 4820//4820 3154//3154 3153//3153
f 3149//3149 4820//4820 3153//3153
f 3142//3142 4820//4820 4822//4822
f 3149//3149 3148//3148 4822//4822
f 3143//3143 3148//3148 4824//4824
f 3144//3144 3143//3143 4824//4824
f 4824//4824 3147//3147 3144//3144
f 3145//3145 3144//3144 3147//3147
f 3147//3147 3146//3146 3145//3145
f 3069//3069 3063//3063 3054//3054
f 3069//3069 3054//3054 4823//4823
f 3069//3069 4823//4823 3147//3147
f 3069//3069 3147//3147 4824//4824
f 3069//3069 4824//4824 4825//4825
f 3163//3163 4826//4826 4825//4825
f 3068//3068 4826//4826 4827//4827
f 3168//3168 4828//4828 4827//4827
f 4881//4881 3013//3013 4829//4829
f 3014//3014 4830//4830 4829//4829
f 3135//3135 3129//3129 4832//4832
f 3135//3135 4832//4832 4833//4833
f 3135//3135 4833//4833 3082//3082
f 3135//3135 3082//3082 4834//4834
f 4835//4835 3135//3135 4834//4834
f 3099//3099 4836//4836 4835//4835
f 3134//3134 4836//4836 4837//4837
f 3104//3104 4838//4838 4837//4837
f 3032//3032 4840//4840 4839//4839
f 3047//3047 3048//3048 3172//3172
f 3173//3173 3172//3172 3048//3048
f 3183//3183 3088//3088 3073//3073
f 3184//3184 3183//3183 3073//3073
f 3087//3087 3088//3088 3183//3183
f 3048//3048 3049//3049 3173//3173
f 3174//3174 3173//3173 3049//3049
f 3183//3183 3182//3182 3087//3087
f 3086//3086 3087//3087 3182//3182
f 3049//3049 3050//3050 3174//3174
f 3175//3175 3174//3174 3050//3050
f 3182//3182 3181//3181 3086//3086
f 3093//3093 3086//3086 3181//3181
f 3050//3050 3055//3055 3175//3175
f 3176//3176 3175//3175 3055//3055
f 3181//3181 3180//3180 3093//3093
f 3097//3097 3093//3093 3180//3180
f 3055//3055 3060//3060 3176//3176
f 3177//3177 3176//3176 3060//3060
f 3180//3180 3179//3179 3097//3097
f 3064//3064 3185//3185 3171//3171
f 3064//3064 3171//3171 3177//3177
f 3060//3060 4841//4841 3177//3177
f 3097//3097 3179//3179 3178//3178
f 3178//3178 3186//3186 3103//3103
f 3103//3103 4842//4842 3178//3178
f 3064//3064 3065//3065 3185//3185
f 3102//3102 3103//3103 3186//3186
f 3185//3185 3065//3065 3070//3070
f 4865//4865 3185//3185 3070//3070
f 3186//3186 4863//4863 3102//3102
f 3106//3106 3102//3102 4863//4863
f 3022//3022 4845//4845 3036//3036
f 3035//3035 4845//4845 4846//4846
f 3027//3027 4847//4847 4846//4846
f 3038//3038 4847//4847 4800//4800
f 3116//3116 3152//3152 3138//3138
f 3115//3115 3116//3116 3138//3138
f 3151//3151 4849//4849 4850//4850
f 3117//3117 4851//4851 4850//4850
f 3161//3161 4851//4851 4853//4853
f 4854//4854 4853//4853 4855//4855
f 3131//3131 4856//4856 4855//4855
f 3166//3166 4856//4856 4857//4857
f 3136//3136 4858//4858 4857//4857
f 3004//3004 4860//4860 4859//4859
f 3017//3017 4860//4860 4861//4861
f 3009//3009 4862//4862 4861//4861
f 3020//3020 4862//4862 4801//4801
f 3071//3071 4864//4864 4865//4865
f 3070//3070 3071//3071 4865//4865
f 4873//4873 3197//3197 3196//3196
f 3202//3202 4868//4868 3196//3196
f 3168//3168 4868//4868 3199//3199
f 3072//3072 3198//3198 4864//4864
f 4828//4828 3199//3199 3198//3198
f 3104//3104 3205//3205 3204//3204
f 3104//3104 3204//3204 3203//3203
f 3104//3104 3203//3203 4871//4871
f 3211//3211 3210//3210 3215//3215
f 3212//3212 3211//3211 3215//3215
f 3104//3104 4871//4871 4872//4872
f 3221//3221 4869//4869 4873//4873
f 4873//4873 4869//4869 3197//3197
f 3222//3222 3221//3221 4873//4873
f 3222//3222 4873//4873 3224//3224
f 3222//3222 3224//3224 3223//3223
f 3222//3222 3223//3223 3229//3229
f 3190//3190 4874//4874 4867//4867
f 4838//4838 4872//4872 4875//4875
f 3170//3170 4858//4858 4875//4875
f 3278//3278 3277//3277 3261//3261
f 3268//3268 3267//3267 3249//3249
f 3258//3258 3268//3268 3249//3249
f 3258//3258 3249//3249 3248//3248
f 3257//3257 3256//3256 3031//3031
f 3247//3247 3257//3257 3031//3031
f 4877//4877 4879//4879 3031//3031
f 3250//3250 3249//3249 3267//3267
f 3262//3262 3261//3261 3277//3277
f 3003//3003 3011//3011 3013//3013
f 2965//2965 3184//3184 2964//2964
f 3172//3172 2964//2964 3184//3184
f 3075//3075 3045//3045 3047//3047
f 3075//3075 3047//3047 3172//3172
f 3075//3075 3172//3172 3184//3184
f 3073//3073 3075//3075 3184//3184
f 3045//3045 3075//3075 4882//4882
f 3043//3043 4882//4882 3283//3283
f 3043//3043 3283//3283 3282//3282
f 3041//3041 3043//3043 3282//3282
f 3079//3079 3284//3284 4882//4882
f 3077//3077 3079//3079 4882//4882
f 3285//3285 3284//3284 3079//3079
f 3282//3282 3281//3281 3041//3041
f 3079//3079 3081//3081 3285//3285
f 3039//3039 3041//3041 3281//3281
f 3286//3286 3285//3285 3081//3081
f 3281//3281 3280//3280 3039//3039
f 3107//3107 3288//3288 3287//3287
f 3107//3107 3287//3287 3286//3286
f 3081//3081 3107//3107 3286//3286
f 3039//3039 3280//3280 3279//3279
f 3039//3039 3279//3279 3295//3295
f 3146//3146 3039//3039 3295//3295
f 3289//3289 3288//3288 3107//3107
f 3295//3295 3294//3294 3146//3146
f 3107//3107 3109//3109 3289//3289
f 3144//3144 3146//3146 3294//3294
f 3290//3290 3289//3289 3109//3109
f 3294//3294 3293//3293 3144//3144
f 3144//3144 3293//3293 3292//3292
f 3142//3142 3144//3144 3292//3292
f 3111//3111 3292//3292 3291//3291
f 3111//3111 3291//3291 3290//3290
f 3109//3109 3111//3111 3290//3290
f 3140//3140 3142//3142 3292//3292
f 3113//3113 3115//3115 3140//3140
f 3138//3138 3140//3140 3115//3115
f 4802//4802 2994//2994 3287//3287
f 3286//3286 3287//3287 2994//2994
f 2994//2994 2995//2995 3286//3286
f 3285//3285 3286//3286 2995//2995
f 2995//2995 2996//2996 3285//3285
f 3284//3284 3285//3285 2996//2996
f 2996//2996 2997//2997 3284//3284
f 4882//4882 3284//3284 2997//2997
f 2997//2997 2998//2998 4882//4882
f 3283//3283 4882//4882 2998//2998
f 2998//2998 2999//2999 3283//3283
f 3282//3282 3283//3283 2999//2999
f 2999//2999 3000//3000 3282//3282
f 3281//3281 3282//3282 3000//3000
f 3000//3000 3001//3001 3281//3281
f 3280//3280 3281//3281 3001//3001
f 3001//3001 4803//4803 3280//3280
f 3279//3279 3280//3280 4803//4803
f 4803//4803 2986//2986 3279//3279
f 3295//3295 3279//3279 2986//2986
f 2986//2986 2987//2987 3295//3295
f 3294//3294 3295//3295 2987//2987
f 2987//2987 2988//2988 3294//3294
f 3293//3293 3294//3294 2988//2988
f 2988//2988 2989//2989 3293//3293
f 3292//3292 3293//3293 2989//2989
f 2989//2989 2990//2990 3292//3292
f 3291//3291 3292//3292 2990//2990
f 2990//2990 2991//2991 3291//3291
f 3290//3290 3291//3291 2991//2991
f 2991//2991 2992//2992 3290//3290
f 3289//3289 3290//3290 2992//2992
f 2992//2992 2993//2993 3289//3289
f 3288//3288 3289//3289 2993//2993
f 2993//2993 4802//4802 3288//3288
f 3287//3287 3288//3288 4802//4802
f 3252//3252 3253//3253 3207//3207
f 3206//3206 3207//3207 3253//3253
f 3253//3253 3254//3254 3206//3206
f 4870//4870 3206//3206 3254//3254
f 3254//3254 3255//3255 4870//4870
f 3205//3205 4870//4870 3255//3255
f 3255//3255 3256//3256 3205//3205
f 3204//3204 3205//3205 3256//3256
f 3256//3256 3257//3257 3204//3204
f 3203//3203 3204//3204 3257//3257
f 3257//3257 3247//3247 3203//3203
f 4871//4871 3203//3203 3247//3247
f 3247//3247 4879//4879 4871//4871
f 3212//3212 4871//4871 4879//4879
f 4879//4879 3248//3248 3212//3212
f 3211//3211 3212//3212 3248//3248
f 3248//3248 3249//3249 3211//3211
f 3210//3210 3211//3211 3249//3249
f 3249//3249 3250//3250 3210//3210
f 3209//3209 3210//3210 3250//3250
f 3250//3250 3251//3251 3209//3209
f 3208//3208 3209//3209 3251//3251
f 3251//3251 3252//3252 3208//3208
f 3207//3207 3208//3208 3252//3252
f 3264//3264 3265//3265 3218//3218
f 3217//3217 3218//3218 3265//3265
f 3265//3265 3266//3266 3217//3217
f 3216//3216 3217//3217 3266//3266
f 3266//3266 3267//3267 3216//3216
f 3215//3215 3216//3216 3267//3267
f 3267//3267 3268//3268 3215//3215
f 3214//3214 3215//3215 3268//3268
f 3268//3268 3258//3258 3214//3214
f 3213//3213 3214//3214 3258//3258
f 3258//3258 3259//3259 3213//3213
f 4872//4872 3213//3213 3259//3259
f 3259//3259 3260//3260 4872//4872
f 3222//3222 4872//4872 3260//3260
f 3260//3260 3261//3261 3222//3222
f 3221//3221 3222//3222 3261//3261
f 3261//3261 3262//3262 3221//3221
f 3220//3220 3221//3221 3262//3262
f 3262//3262 3263//3263 3220//3220
f 3219//3219 3220//3220 3263//3263
f 3263//3263 3264//3264 3219//3219
f 3218//3218 3219//3219 3264//3264
f 3274//3274 3275//3275 3226//3226
f 3225//3225 3226//3226 3275//3275
f 3275//3275 3276//3276 3225//3225
f 4873//4873 3225//3225 3276//3276
f 3276//3276 3277//3277 4873//4873
f 3224//3224 4873//4873 3277//3277
f 3277//3277 3278//3278 3224//3224
f 3278//3278 3269//3269 3224//3224
f 3223//3223 3224//3224 3269//3269
f 3269//3269 3270//3270 3223//3223
f 3229//3229 3223//3223 3270//3270
f 3270//3270 3271//3271 3229//3229
f 4867//4867 3229//3229 3271//3271
f 3271//3271 3272//3272 4867//4867
f 3228//3228 4867//4867 3272//3272
f 3272//3272 3273//3273 3228//3228
f 3227//3227 3228//3228 3273//3273
f 3273//3273 3274//3274 3227//3227
f 3226//3226 3227//3227 3274//3274
f 3242//3242 3243//3243 3199//3199
f 3198//3198 3199//3199 3243//3243
f 3243//3243 3244//3244 3198//3198
f 4864//4864 3198//3198 3244//3244
f 3244//3244 3245//3245 4864//4864
f 4869//4869 4864//4864 3245//3245
f 3245//3245 3246//3246 4869//4869
f 3197//3197 4869//4869 3246//3246
f 3246//3246 3238//3238 3197//3197
f 3196//3196 3197//3197 3238//3238
f 3202//3202 3196//3196 3238//3238
f 3238//3238 3239//3239 3202//3202
f 3239//3239 3240//3240 3202//3202
f 3201//3201 3202//3202 3240//3240
f 3240//3240 3241//3241 3201//3201
f 3200//3200 3201//3201 3241//3241
f 3241//3241 3242//3242 3200//3200
f 3199//3199 3200//3200 3242//3242
f 3235//3235 3236//3236 3192//3192
f 3191//3191 3192//3192 3236//3236
f 3236//3236 3237//3237 3191//3191
f 3190//3190 3191//3191 3237//3237
f 3237//3237 4880//4880 3190//3190
f 3189//3189 3190//3190 4880//4880
f 4880//4880 4878//4878 3189//3189
f 3188//3188 3189//3189 4878//4878
f 4878//4878 3230//3230 3188//3188
f 3187//3187 3188//3188 3230//3230
f 3230//3230 3231//3231 3187//3187
f 3195//3195 3187//3187 3231//3231
f 3231//3231 3232//3232 3195//3195
f 3194//3194 3195//3195 3232//3232
f 3232//3232 3233//3233 3194//3194
f 3193//3193 3194//3194 3233//3233
f 3233//3233 3234//3234 3193//3193
f 3192//3192 3193//3193 3234//3234
f 3234//3234 3235//3235 3192//3192
f 3173//3173 2978//2978 2964//2964
f 3172//3172 3173//3173 2964//2964
f 2977//2977 2978//2978 3173//3173
f 3173//3173 3174//3174 2977//2977
f 2976//2976 2977//2977 3174//3174
f 3174//3174 3175//3175 2976//2976
f 3296//3296 2976//2976 3175//3175
f 3175//3175 3301//3301 3296//3296
f 2975//2975 3296//3296 3301//3301
f 3301//3301 3176//3176 2975//2975
f 3297//3297 2975//2975 3176//3176
f 3176//3176 3300//3300 3297//3297
f 2974//2974 3297//3297 3300//3300
f 3300//3300 3177//3177 2974//2974
f 3298//3298 2974//2974 3177//3177
f 3177//3177 3299//3299 3298//3298
f 3298//3298 3299//3299 3171//3171
f 2973//2973 3298//3298 3171//3171
f 2972//2972 3185//3185 4865//4865
f 2979//2979 2972//2972 4865//4865
f 3185//3185 2972//2972 2973//2973
f 3171//3171 3185//3185 2973//2973
f 2971//2971 2982//2982 3178//3178
f 3186//3186 3178//3178 2982//2982
f 2982//2982 4782//4782 3186//3186
f 4863//4863 3186//3186 4782//4782
f 3178//3178 3307//3307 2971//2971
f 3302//3302 2971//2971 3307//3307
f 3179//3179 2970//2970 3302//3302
f 3307//3307 3179//3179 3302//3302
f 3303//3303 2970//2970 3179//3179
f 3179//3179 3306//3306 3303//3303
f 2969//2969 3303//3303 3306//3306
f 3306//3306 3180//3180 2969//2969
f 3304//3304 2969//2969 3180//3180
f 3180//3180 3305//3305 3304//3304
f 2968//2968 3304//3304 3305//3305
f 3305//3305 3181//3181 2968//2968
f 2968//2968 3181//3181 3182//3182
f 2967//2967 2968//2968 3182//3182
f 3183//3183 2966//2966 2967//2967
f 3182//3182 3183//3183 2967//2967
f 2966//2966 3183//3183 3184//3184
f 2965//2965 2966//2966 3184//3184
f 4886//4886 4883//4883 4884//4884
f 3309//3309 94//94 3310//3310
f 2798//2798 3308//3308 4887//4887
f 3310//3310 4888//4888 4887//4887
f 3329//3329 3328//3328 3327//3327
f 3327//3327 3326//3326 3329//3329
f 3329//3329 3326//3326 3325//3325
f 3330//3330 3329//3329 3325//3325
f 3325//3325 3324//3324 3330//3330
f 3331//3331 3330//3330 3324//3324
f 3324//3324 3323//3323 3331//3331
f 3331//3331 3323//3323 3322//3322
f 3332//3332 3331//3331 3322//3322
f 3322//3322 3321//3321 3332//3332
f 3333//3333 3332//3332 3321//3321
f 3321//3321 3320//3320 3333//3333
f 3334//3334 3333//3333 3320//3320
f 3320//3320 3319//3319 3334//3334
f 3335//3335 3334//3334 3319//3319
f 3318//3318 3336//3336 3335//3335
f 3319//3319 3318//3318 3335//3335
f 3337//3337 3336//3336 3318//3318
f 3318//3318 3317//3317 3337//3337
f 3338//3338 3337//3337 3317//3317
f 3316//3316 3339//3339 3338//3338
f 3317//3317 3316//3316 3338//3338
f 3340//3340 3339//3339 3316//3316
f 3316//3316 3315//3315 3340//3340
f 3341//3341 3340//3340 3315//3315
f 3314//3314 3342//3342 3341//3341
f 3315//3315 3314//3314 3341//3341
f 3343//3343 3342//3342 3314//3314
f 3314//3314 3313//3313 3343//3343
f 3344//3344 3343//3343 3313//3313
f 3313//3313 3312//3312 3344//3344
f 3345//3345 3344//3344 3312//3312
f 4918//4918 3346//3346 3345//3345
f 3312//3312 4918//4918 3345//3345
f 3347//3347 3346//3346 4918//4918
f 4918//4918 3311//3311 3347//3347
f 3349//3349 3347//3347 3311//3311
f 3437//3437 4890//4890 4942//4942
f 3444//3444 4890//4890 4891//4891
f 3448//3448 4891//4891 4892//4892
f 3455//3455 4892//4892 4893//4893
f 3425//3425 4894//4894 4893//4893
f 3418//3418 4895//4895 4894//4894
f 3414//3414 4896//4896 4895//4895
f 3473//3473 4896//4896 4897//4897
f 3478//3478 4897//4897 4898//4898
f 3481//3481 4898//4898 4899//4899
f 3333//3333 4900//4900 4899//4899
f 3493//3493 4900//4900 4901//4901
f 3388//3388 4902//4902 4901//4901
f 3386//3386 4903//4903 4902//4902
f 3504//3504 4903//4903 4904//4904
f 3381//3381 4905//4905 4904//4904
f 3512//3512 4905//4905 4906//4906
f 3519//3519 4906//4906 4907//4907
f 3523//3523 4907//4907 4908//4908
f 3533//3533 4908//4908 4909//4909
f 3340//3340 4910//4910 4909//4909
f 3538//3538 4910//4910 4911//4911
f 3354//3354 4912//4912 4911//4911
f 3343//3343 4913//4913 4912//4912
f 3546//3546 4913//4913 4914//4914
f 3547//3547 4914//4914 4915//4915
f 3549//3549 4915//4915 4916//4916
f 3550//3550 4916//4916 3347//3347
f 3552//3552 3347//3347 3349//3349
f 3311//3311 3348//3348 3349//3349
f 3583//3583 4918//4918 4919//4919
f 3585//3585 4919//4919 4920//4920
f 3581//3581 4921//4921 4920//4920
f 3587//3587 4921//4921 4922//4922
f 3580//3580 4923//4923 4922//4922
f 3590//3590 4923//4923 4924//4924
f 3592//3592 4924//4924 4925//4925
f 3577//3577 4926//4926 4925//4925
f 3576//3576 4927//4927 4926//4926
f 3596//3596 4927//4927 4928//4928
f 3598//3598 4928//4928 4929//4929
f 3319//3319 4930//4930 4929//4929
f 3601//3601 4930//4930 4931//4931
f 3603//3603 4931//4931 4932//4932
f 3320//3320 4933//4933 4932//4932
f 3607//3607 4933//4933 4934//4934
f 3321//3321 4935//4935 4934//4934
f 3612//3612 4935//4935 4936//4936
f 3562//3562 4937//4937 4936//4936
f 3323//3323 4938//4938 4937//4937
f 3620//3620 4938//4938 4939//4939
f 3555//3555 4940//4940 4939//4939
f 3624//3624 4940//4940 4941//4941
f 3626//3626 4941//4941 4942//4942
f 3591//3591 3595//3595 3600//3600
f 3591//3591 3600//3600 3605//3605
f 3610//3610 3591//3591 3605//3605
f 3542//3542 3545//3545 3547//3547
f 3547//3547 3549//3549 3542//3542
f 3539//3539 3542//3542 3549//3549
f 3549//3549 3551//3551 3539//3539
f 3536//3536 3539//3539 3551//3551
f 3348//3348 3532//3532 3536//3536
f 3551//3551 3348//3348 3536//3536
f 3528//3528 3532//3532 3348//3348
f 4917//4917 3523//3523 3528//3528
f 3348//3348 4917//4917 3528//3528
f 3517//3517 3523//3523 4917//4917
f 3448//3448 3457//3457 3625//3625
f 3625//3625 3440//3440 3448//3448
f 3457//3457 3468//3468 3625//3625
f 3583//3583 3502//3502 3510//3510
f 3583//3583 3510//3510 3517//3517
f 4917//4917 3583//3583 3517//3517
f 3492//3492 3502//3502 3583//3583
f 3625//3625 3468//3468 3480//3480
f 3480//3480 3492//3492 3621//3621
f 3621//3621 3625//3625 3480//3480
f 3585//3585 4943//4943 3492//3492
f 3583//3583 3585//3585 3492//3492
f 3616//3616 3621//3621 4943//4943
f 3587//3587 3589//3589 3616//3616
f 3616//3616 3589//3589 3591//3591
f 3610//3610 3616//3616 3591//3591
f 3646//3646 3645//3645 3647//3647
f 3648//3648 3647//3647 3645//3645
f 3644//3644 3649//3649 3648//3648
f 3645//3645 3644//3644 3648//3648
f 3650//3650 3649//3649 3644//3644
f 3644//3644 3643//3643 3650//3650
f 3651//3651 3650//3650 3643//3643
f 3642//3642 3652//3652 3651//3651
f 3643//3643 3642//3642 3651//3651
f 3653//3653 3652//3652 3642//3642
f 3642//3642 3641//3641 3653//3653
f 3654//3654 3653//3653 3641//3641
f 3641//3641 3640//3640 3654//3654
f 3655//3655 3654//3654 3640//3640
f 3640//3640 3639//3639 3655//3655
f 3655//3655 3639//3639 3638//3638
f 3656//3656 3655//3655 3638//3638
f 3638//3638 3637//3637 3656//3656
f 3657//3657 3656//3656 3637//3637
f 3637//3637 3636//3636 3657//3657
f 3657//3657 3636//3636 3635//3635
f 3658//3658 3657//3657 3635//3635
f 3635//3635 3634//3634 3658//3658
f 3659//3659 3658//3658 3634//3634
f 3634//3634 3633//3633 3659//3659
f 3659//3659 3633//3633 3632//3632
f 3660//3660 3659//3659 3632//3632
f 3632//3632 3631//3631 3660//3660
f 3661//3661 3660//3660 3631//3631
f 3631//3631 3630//3630 3661//3661
f 3662//3662 3661//3661 3630//3630
f 3630//3630 3629//3629 3662//3662
f 3662//3662 3629//3629 3628//3628
f 4974//4974 3662//3662 3628//3628
f 3628//3628 4971//4971 4974//4974
f 4972//4972 4974//4974 4971//4971
f 4971//4971 4973//4973 4972//4972
f 3863//3863 4945//4945 4944//4944
f 3667//3667 4945//4945 4946//4946
f 3645//3645 4946//4946 4947//4947
f 3851//3851 4948//4948 4947//4947
f 3681//3681 4948//4948 4949//4949
f 3643//3643 4949//4949 4950//4950
f 3692//3692 4950//4950 4951//4951
f 3699//3699 4951//4951 4952//4952
f 3704//3704 4952//4952 4953//4953
f 3708//3708 4953//4953 4954//4954
f 3812//3812 4955//4955 4954//4954
f 3716//3716 4955//4955 4956//4956
f 3720//3720 4956//4956 4957//4957
f 3797//3797 4958//4958 4957//4957
f 3790//3790 4959//4959 4958//4958
f 3785//3785 4960//4960 4959//4959
f 3781//3781 4961//4961 4960//4960
f 3743//3743 4961//4961 4962//4962
f 3767//3767 4963//4963 4962//4962
f 3765//3765 4964//4964 4963//4963
f 3761//3761 4965//4965 4964//4964
f 3751//3751 4965//4965 4966//4966
f 3752//3752 4966//4966 4967//4967
f 3757//3757 4968//4968 4967//4967
f 3755//3755 4969//4969 4968//4968
f 3628//3628 4969//4969 4970//4970
f 3754//3754 4973//4973 4971//4971
f 3891//3891 4972//4972 4973//4973
f 3891//3891 4974//4974 4972//4972
f 3889//3889 4975//4975 4974//4974
f 3662//3662 4975//4975 4976//4976
f 3887//3887 4977//4977 4976//4976
f 3887//3887 4978//4978 4977//4977
f 3660//3660 4978//4978 4979//4979
f 3894//3894 4979//4979 4980//4980
f 3883//3883 4981//4981 4980//4980
f 3658//3658 4981//4981 4982//4982
f 3897//3897 4982//4982 4983//4983
f 3878//3878 4984//4984 4983//4983
f 3899//3899 4984//4984 4985//4985
f 3875//3875 4986//4986 4985//4985
f 3902//3902 4986//4986 4987//4987
f 3903//3903 4987//4987 4988//4988
f 3871//3871 4989//4989 4988//4988
f 3905//3905 4989//4989 4990//4990
f 3866//3866 4991//4991 4990//4990
f 3909//3909 4991//4991 4992//4992
f 3936//3936 4993//4993 4992//4992
f 3935//3935 4994//4994 4993//4993
f 3932//3932 4995//4995 4994//4994
f 3916//3916 4995//4995 4996//4996
f 3918//3918 4996//4996 4997//4997
f 3925//3925 4998//4998 4997//4997
f 3920//3920 4998//4998 4999//4999
f 3923//3923 4944//4944 4999//4999
f 3880//3880 3883//3883 3865//3865
f 3933//3933 3865//3865 3883//3883
f 3883//3883 3885//3885 3933//3933
f 3933//3933 3885//3885 3887//3887
f 3928//3928 3933//3933 5000//5000
f 3928//3928 5000//5000 3823//3823
f 3928//3928 3823//3823 3835//3835
f 3924//3924 3928//3928 3835//3835
f 3835//3835 3847//3847 3924//3924
f 3891//3891 3789//3789 3796//3796
f 3891//3891 3796//3796 3804//3804
f 3813//3813 3823//3823 3889//3889
f 3804//3804 3813//3813 3889//3889
f 3889//3889 3891//3891 3804//3804
f 3783//3783 3789//3789 3891//3891
f 3754//3754 3774//3774 3778//3778
f 3754//3754 3778//3778 3783//3783
f 3891//3891 3754//3754 3783//3783
f 3924//3924 3847//3847 3857//3857
f 3663//3663 3924//3924 3857//3857
f 3770//3770 3774//3774 3754//3754
f 3754//3754 4970//4970 3770//3770
f 3767//3767 3770//3770 4970//4970
f 3755//3755 3764//3764 3767//3767
f 4970//4970 3755//3755 3767//3767
f 3761//3761 3764//3764 3755//3755
f 3755//3755 3757//3757 3761//3761
f 3759//3759 3761//3761 3757//3757
f 3880//3880 3865//3865 3873//3873
f 3943//3943 3942//3942 3941//3941
f 3941//3941 3940//3940 3943//3943
f 3944//3944 3943//3943 3940//3940
f 3939//3939 3959//3959 3958//3958
f 3958//3958 3944//3944 3940//3940
f 3940//3940 3939//3939 3958//3958
f 3944//3944 3958//3958 3957//3957
f 3944//3944 3957//3957 3956//3956
f 3945//3945 3944//3944 3956//3956
f 3960//3960 3959//3959 3939//3939
f 3939//3939 3950//3950 3960//3960
f 3945//3945 3956//3956 3955//3955
f 3961//3961 3960//3960 3950//3950
f 3955//3955 3954//3954 3945//3945
f 3951//3951 3961//3961 3950//3950
f 3946//3946 3945//3945 3954//3954
f 3954//3954 3953//3953 3946//3946
f 3949//3949 3953//3953 3952//3952
f 3949//3949 3952//3952 3951//3951
f 3950//3950 3949//3949 3951//3951
f 3953//3953 3949//3949 3946//3946
f 3947//3947 3946//3946 3949//3949
f 3949//3949 3948//3948 3947//3947
f 3962//3962 3964//3964 3945//3945
f 3964//3964 3962//3962 3995//3995
f 3974//3974 3976//3976 3995//3995
f 3945//3945 3946//3946 3962//3962
f 3974//3974 3995//3995 3962//3962
f 3965//3965 3962//3962 3946//3946
f 3962//3962 3965//3965 3974//3974
f 3970//3970 3974//3974 3965//3965
f 3946//3946 3947//3947 3965//3965
f 3966//3966 3965//3965 3947//3947
f 3965//3965 3966//3966 3970//3970
f 3974//3974 3975//3975 3976//3976
f 3975//3975 3974//3974 3970//3970
f 3967//3967 3966//3966 3947//3947
f 3966//3966 3967//3967 3970//3970
f 3947//3947 3948//3948 3967//3967
f 3971//3971 3970//3970 3967//3967
f 3970//3970 3971//3971 3975//3975
f 3971//3971 3967//3967 3968//3968
f 3948//3948 3949//3949 3967//3967
f 3968//3968 3967//3967 3949//3949
f 3971//3971 3973//3973 3975//3975
f 3975//3975 3973//3973 3976//3976
f 3969//3969 3968//3968 3949//3949
f 3968//3968 3969//3969 3971//3971
f 3972//3972 3971//3971 3969//3969
f 3971//3971 3972//3972 3973//3973
f 3949//3949 3950//3950 3969//3969
f 3963//3963 3969//3969 3950//3950
f 3969//3969 3963//3963 3972//3972
f 3972//3972 3990//3990 3973//3973
f 3972//3972 3963//3963 3990//3990
f 3980//3980 3979//3979 3978//3978
f 3978//3978 3977//3977 3980//3980
f 3981//3981 3980//3980 3977//3977
f 3977//3977 1246//1246 3981//3981
f 1241//1241 3981//3981 1246//1246
f 1246//1246 1248//1248 1241//1241
f 3982//3982 1241//1241 1248//1248
f 1248//1248 3983//3983 3982//3982
f 3954//3954 3955//3955 1241//1241
f 1241//1241 3982//3982 3954//3954
f 3953//3953 3954//3954 3982//3982
f 3982//3982 3983//3983 3953//3953
f 3952//3952 3953//3953 3983//3983
f 3983//3983 1248//1248 3952//3952
f 3951//3951 3952//3952 1248//1248
f 1248//1248 1246//1246 3951//3951
f 3961//3961 3951//3951 1246//1246
f 3950//3950 3939//3939 3963//3963
f 3984//3984 3963//3963 3939//3939
f 3963//3963 3984//3984 3990//3990
f 3991//3991 3990//3990 3984//3984
f 3973//3973 3990//3990 3993//3993
f 3939//3939 3940//3940 3984//3984
f 3976//3976 3973//3973 3993//3993
f 3986//3986 3984//3984 3940//3940
f 3984//3984 3986//3986 3991//3991
f 3993//3993 3990//3990 3991//3991
f 3940//3940 3941//3941 3986//3986
f 3985//3985 3986//3986 3941//3941
f 3986//3986 3985//3985 3991//3991
f 3988//3988 3991//3991 3985//3985
f 3991//3991 3988//3988 3993//3993
f 3993//3993 3994//3994 3976//3976
f 3994//3994 3993//3993 3988//3988
f 3941//3941 3942//3942 3985//3985
f 3989//3989 3985//3985 3942//3942
f 3985//3985 3989//3989 3988//3988
f 3942//3942 3943//3943 3989//3989
f 3992//3992 3988//3988 3989//3989
f 3988//3988 3992//3992 3994//3994
f 3987//3987 3989//3989 3943//3943
f 3992//3992 3989//3989 3987//3987
f 3976//3976 3994//3994 3992//3992
f 3943//3943 3944//3944 3987//3987
f 3995//3995 3992//3992 3987//3987
f 3944//3944 3945//3945 3987//3987
f 3964//3964 3987//3987 3945//3945
f 3987//3987 3964//3964 3995//3995
f 3992//3992 3995//3995 3976//3976
f 1246//1246 3977//3977 3961//3961
f 3960//3960 3961//3961 3977//3977
f 3977//3977 3978//3978 3960//3960
f 3959//3959 3960//3960 3978//3978
f 3978//3978 3979//3979 3959//3959
f 3958//3958 3959//3959 3979//3979
f 3957//3957 3958//3958 3979//3979
f 3979//3979 3980//3980 3957//3957
f 3956//3956 3957//3957 3980//3980
f 3980//3980 3981//3981 3956//3956
f 3955//3955 3956//3956 3981//3981
f 3981//3981 1241//1241 3955//3955
f 3998//3998 3997//3997 3999//3999
f 4000//4000 3999//3999 3997//3997
f 3996//3996 4014//4014 4013//4013
f 4013//4013 4000//4000 3997//3997
f 3997//3997 3996//3996 4013//4013
f 4000//4000 4013//4013 4012//4012
f 4000//4000 4012//4012 2209//2209
f 4001//4001 4000//4000 2209//2209
f 4015//4015 4014//4014 3996//3996
f 3996//3996 4019//4019 4015//4015
f 4001//4001 2209//2209 4011//4011
f 2207//2207 4015//4015 4019//4019
f 4011//4011 4010//4010 4001//4001
f 4019//4019 4007//4007 2207//2207
f 4002//4002 4001//4001 4010//4010
f 4010//4010 4009//4009 4002//4002
f 4006//4006 4008//4008 4007//4007
f 4019//4019 4006//4006 4007//4007
f 4002//4002 4009//4009 4008//4008
f 4008//4008 4006//4006 4003//4003
f 4003//4003 4002//4002 4008//4008
f 4006//4006 4005//4005 4003//4003
f 4004//4004 4003//4003 4005//4005
f 4017//4017 4040//4040 4001//4001
f 4025//4025 4047//4047 4044//4044
f 4001//4001 4002//4002 4017//4017
f 4017//4017 4025//4025 4044//4044
f 4016//4016 4047//4047 4025//4025
f 4002//4002 4003//4003 4017//4017
f 4018//4018 4017//4017 4003//4003
f 4017//4017 4018//4018 4025//4025
f 4026//4026 4025//4025 4018//4018
f 4025//4025 4026//4026 4016//4016
f 4003//4003 4004//4004 4018//4018
f 4023//4023 4018//4018 4004//4004
f 4026//4026 4027//4027 4016//4016
f 4018//4018 4023//4023 4026//4026
f 4026//4026 4023//4023 4027//4027
f 4024//4024 4027//4027 4023//4023
f 4004//4004 4005//4005 4023//4023
f 4020//4020 4023//4023 4005//4005
f 4024//4024 4023//4023 4020//4020
f 4029//4029 4027//4027 4024//4024
f 4027//4027 4029//4029 4016//4016
f 4021//4021 4020//4020 4005//4005
f 4020//4020 4021//4021 4024//4024
f 4005//4005 4006//4006 4021//4021
f 4028//4028 4024//4024 4021//4021
f 4024//4024 4028//4028 4029//4029
f 4006//4006 4019//4019 4021//4021
f 4028//4028 4021//4021 4019//4019
f 4019//4019 4022//4022 4028//4028
f 4029//4029 4028//4028 4022//4022
f 4033//4033 4032//4032 4031//4031
f 4031//4031 4030//4030 4033//4033
f 4034//4034 4033//4033 4030//4030
f 4030//4030 4036//4036 4034//4034
f 1105//1105 4034//4034 4036//4036
f 4036//4036 1102//1102 1105//1105
f 1103//1103 1105//1105 1102//1102
f 1102//1102 4035//4035 1103//1103
f 4010//4010 4011//4011 1105//1105
f 1105//1105 1103//1103 4010//4010
f 4009//4009 4010//4010 1103//1103
f 1103//1103 4035//4035 4009//4009
f 4008//4008 4009//4009 4035//4035
f 4007//4007 4008//4008 4035//4035
f 4035//4035 1102//1102 4007//4007
f 2207//2207 4007//4007 1102//1102
f 1102//1102 4036//4036 2207//2207
f 4041//4041 4029//4029 4022//4022
f 4019//4019 3996//3996 4022//4022
f 4041//4041 4022//4022 3996//3996
f 4046//4046 4029//4029 4041//4041
f 4029//4029 4046//4046 4016//4016
f 3996//3996 3997//3997 4041//4041
f 4041//4041 4042//4042 4046//4046
f 4037//4037 4041//4041 3997//3997
f 3997//3997 3998//3998 4037//4037
f 4042//4042 4041//4041 4037//4037
f 4045//4045 4046//4046 4042//4042
f 4038//4038 4037//4037 3998//3998
f 4037//4037 4038//4038 4042//4042
f 4045//4045 4042//4042 4038//4038
f 4046//4046 4047//4047 4016//4016
f 3998//3998 3999//3999 4038//4038
f 4047//4047 4046//4046 4045//4045
f 4038//4038 4043//4043 4045//4045
f 4039//4039 4038//4038 3999//3999
f 4038//4038 4039//4039 4043//4043
f 4047//4047 4045//4045 4043//4043
f 3999//3999 4000//4000 4039//4039
f 4040//4040 4039//4039 4000//4000
f 4039//4039 4040//4040 4043//4043
f 4044//4044 4043//4043 4040//4040
f 4043//4043 4044//4044 4047//4047
f 4000//4000 4001//4001 4040//4040
f 4044//4044 4040//4040 4017//4017
f 4036//4036 4030//4030 2207//2207
f 4015//4015 2207//2207 4030//4030
f 4030//4030 4031//4031 4015//4015
f 4014//4014 4015//4015 4031//4031
f 4031//4031 4032//4032 4014//4014
f 4013//4013 4014//4014 4032//4032
f 4012//4012 4013//4013 4032//4032
f 4032//4032 4033//4033 4012//4012
f 2209//2209 4012//4012 4033//4033
f 4033//4033 4034//4034 2209//2209
f 4011//4011 2209//2209 4034//4034
f 4034//4034 1105//1105 4011//4011
f 4076//4076 33//33 32//32
f 31//31 4076//4076 32//32
f 4079//4079 4076//4076 31//31
f 42//42 4076//4076 4079//4079
f 41//41 4076//4076 42//42
f 40//40 4076//4076 41//41
f 4085//4085 49//49 4077//4077
f 4078//4078 4077//4077 48//48
f 40//40 4078//4078 48//48
f 48//48 4076//4076 40//40
f 4079//4079 4080//4080 43//43
f 43//43 4080//4080 29//29
f 4081//4081 4076//4076 47//47
f 4081//4081 47//47 4196//4196
f 4198//4198 4082//4082 36//36
f 35//35 4198//4198 36//36
f 34//34 4198//4198 35//35
f 4196//4196 4198//4198 4081//4081
f 4081//4081 4198//4198 34//34
f 9//9 4190//4190 14//14
f 4111//4111 4084//4084 18//18
f 17//17 4111//4111 18//18
f 16//16 4111//4111 17//17
f 15//15 4111//4111 16//16
f 4083//4083 4111//4111 15//15
f 7//7 4111//4111 4083//4083
f 6//6 4111//4111 7//7
f 5//5 4111//4111 6//6
f 4//4 4111//4111 5//5
f 4111//4111 4//4 3//3
f 4198//4198 4111//4111 3//3
f 51//51 4111//4111 4198//4198
f 49//49 38//38 4731//4731
f 37//37 4731//4731 38//38
f 1//1 4082//4082 4198//4198
f 26//26 4082//4082 13//13
f 1//1 13//13 4082//4082
f 4086//4086 13//13 46//46
f 12//12 46//46 13//13
f 11//11 37//37 12//12
f 10//10 37//37 11//11
f 37//37 10//10 24//24
f 4731//4731 37//37 24//24
f 23//23 4731//4731 24//24
f 22//22 4731//4731 23//23
f 21//21 4731//4731 22//22
f 4731//4731 21//21 20//20
f 4084//4084 4111//4111 50//50
f 50//50 4731//4731 20//20
f 95//95 4194//4194 4087//4087
f 4089//4089 4088//4088 88//88
f 78//78 4088//4088 4089//4089
f 77//77 4088//4088 78//78
f 76//76 4088//4088 77//77
f 75//75 4088//4088 76//76
f 4090//4090 87//87 79//79
f 4088//4088 4193//4193 4092//4092
f 75//75 4193//4193 4088//4088
f 73//73 4091//4091 63//63
f 92//92 4193//4193 63//63
f 4193//4193 92//92 4092//4092
f 64//64 4093//4093 56//56
f 4730//4730 4095//4095 67//67
f 4097//4097 53//53 4096//4096
f 82//82 4097//4097 4096//4096
f 81//81 4097//4097 82//82
f 80//80 4097//4097 81//81
f 85//85 4097//4097 80//80
f 4730//4730 4097//4097 85//85
f 84//84 4730//4730 85//85
f 83//83 4730//4730 84//84
f 4195//4195 4730//4730 83//83
f 4730//4730 4195//4195 91//91
f 4194//4194 4098//4098 94//94
f 94//94 4730//4730 91//91
f 60//60 59//59 4100//4100
f 71//71 4100//4100 59//59
f 70//70 4100//4100 71//71
f 69//69 4094//4094 4100//4100
f 4094//4094 4730//4730 4100//4100
f 4100//4100 70//70 69//69
f 139//139 138//138 4101//4101
f 4101//4101 123//123 122//122
f 138//138 137//137 4101//4101
f 4101//4101 124//124 123//123
f 137//137 136//136 4101//4101
f 4101//4101 125//125 124//124
f 136//136 135//135 4101//4101
f 126//126 4101//4101 135//135
f 134//134 4102//4102 127//127
f 128//128 127//127 4102//4102
f 129//129 128//128 4102//4102
f 133//133 106//106 4102//4102
f 106//106 133//133 132//132
f 130//130 129//129 106//106
f 106//106 132//132 131//131
f 114//114 130//130 106//106
f 4106//4106 154//154 96//96
f 96//96 170//170 169//169
f 154//154 153//153 96//96
f 96//96 171//171 170//170
f 153//153 152//152 96//96
f 96//96 172//172 171//171
f 152//152 151//151 96//96
f 173//173 96//96 151//151
f 150//150 4103//4103 174//174
f 175//175 174//174 4103//4103
f 4103//4103 149//149 148//148
f 176//176 175//175 4103//4103
f 4103//4103 148//148 147//147
f 177//177 176//176 4103//4103
f 4103//4103 147//147 146//146
f 160//160 177//177 4103//4103
f 50//50 4103//4103 146//146
f 4106//4106 113//113 4107//4107
f 113//113 4106//4106 96//96
f 4107//4107 113//113 112//112
f 110//110 4107//4107 111//111
f 109//109 4107//4107 110//110
f 156//156 155//155 109//109
f 4107//4107 109//109 155//155
f 106//106 105//105 114//114
f 131//131 50//50 108//108
f 4105//4105 156//156 50//50
f 145//145 50//50 131//131
f 144//144 50//50 145//145
f 143//143 50//50 144//144
f 4108//4108 50//50 143//143
f 139//139 4100//4100 4730//4730
f 4100//4100 139//139 4101//4101
f 4109//4109 142//142 4730//4730
f 4730//4730 50//50 4108//4108
f 4100//4100 4101//4101 122//122
f 121//121 4100//4100 122//122
f 120//120 4100//4100 121//121
f 119//119 4100//4100 120//120
f 4110//4110 4100//4100 119//119
f 4110//4110 118//118 4100//4100
f 117//117 4100//4100 118//118
f 104//104 114//114 105//105
f 114//114 104//104 103//103
f 102//102 115//115 103//103
f 100//100 169//169 101//101
f 117//117 116//116 169//169
f 99//99 169//169 100//100
f 97//97 96//96 169//169
f 4100//4100 117//117 169//169
f 168//168 4100//4100 169//169
f 167//167 4100//4100 168//168
f 166//166 4100//4100 167//167
f 165//165 4100//4100 166//166
f 164//164 4100//4100 165//165
f 161//161 160//160 4111//4111
f 4103//4103 4111//4111 160//160
f 4111//4111 162//162 161//161
f 4111//4111 163//163 162//162
f 164//164 163//163 4111//4111
f 4111//4111 4100//4100 164//164
f 4076//4076 4088//4088 4112//4112
f 47//47 4076//4076 4112//4112
f 93//93 4100//4100 51//51
f 4111//4111 51//51 4100//4100
f 4088//4088 4076//4076 95//95
f 48//48 4113//4113 4076//4076
f 4113//4113 95//95 4076//4076
f 4116//4116 239//239 4114//4114
f 238//238 4114//4114 239//239
f 186//186 223//223 187//187
f 48//48 4118//4118 4200//4200
f 4118//4118 178//178 4200//4200
f 4200//4200 185//185 4119//4119
f 184//184 4119//4119 185//185
f 194//194 4119//4119 184//184
f 193//193 4119//4119 194//194
f 192//192 4119//4119 193//193
f 191//191 4119//4119 192//192
f 4119//4119 191//191 207//207
f 190//190 207//207 191//191
f 4116//4116 207//207 190//190
f 208//208 207//207 4116//4116
f 207//207 206//206 4120//4120
f 205//205 4120//4120 206//206
f 217//217 4121//4121 218//218
f 4121//4121 217//217 216//216
f 205//205 204//204 4122//4122
f 218//218 4122//4122 204//204
f 94//94 4123//4123 4124//4124
f 4115//4115 238//238 211//211
f 237//237 211//211 238//238
f 94//94 212//212 236//236
f 237//237 236//236 212//212
f 4126//4126 233//233 4127//4127
f 232//232 4127//4127 233//233
f 225//225 224//224 197//197
f 4117//4117 197//197 224//224
f 181//181 225//225 4199//4199
f 230//230 229//229 181//181
f 231//231 230//230 181//181
f 232//232 231//231 181//181
f 4129//4129 180//180 4130//4130
f 49//49 4130//4130 180//180
f 260//260 259//259 4131//4131
f 4131//4131 273//273 272//272
f 259//259 258//258 4131//4131
f 4131//4131 274//274 273//273
f 258//258 257//257 4131//4131
f 4131//4131 263//263 274//274
f 4131//4131 257//257 256//256
f 264//264 263//263 4131//4131
f 4131//4131 256//256 255//255
f 265//265 264//264 4131//4131
f 4131//4131 255//255 254//254
f 266//266 265//265 4131//4131
f 4133//4133 266//266 4131//4131
f 4133//4133 4131//4131 254//254
f 253//253 4133//4133 254//254
f 252//252 4133//4133 253//253
f 251//251 4133//4133 252//252
f 261//261 260//260 4132//4132
f 4179//4179 4132//4132 260//260
f 262//262 261//261 4132//4132
f 251//251 262//262 4132//4132
f 4132//4132 4133//4133 251//251
f 4179//4179 260//260 4131//4131
f 4179//4179 4131//4131 272//272
f 271//271 4179//4179 272//272
f 270//270 4179//4179 271//271
f 269//269 4179//4179 270//270
f 4179//4179 269//269 4134//4134
f 268//268 4134//4134 269//269
f 267//267 266//266 4133//4133
f 268//268 267//267 4133//4133
f 268//268 4133//4133 4134//4134
f 4135//4135 4191//4191 300//300
f 4191//4191 4135//4135 280//280
f 4137//4137 308//308 4138//4138
f 306//306 4138//4138 307//307
f 4138//4138 306//306 4139//4139
f 4139//4139 305//305 4132//4132
f 287//287 4132//4132 305//305
f 286//286 4132//4132 287//287
f 285//285 4132//4132 286//286
f 4140//4140 4132//4132 285//285
f 296//296 4141//4141 4133//4133
f 4141//4141 296//296 295//295
f 284//284 283//283 4133//4133
f 4133//4133 4132//4132 284//284
f 294//294 4141//4141 295//295
f 293//293 4141//4141 294//294
f 4141//4141 293//293 292//292
f 275//275 302//302 301//301
f 312//312 277//277 301//301
f 311//311 291//291 312//312
f 310//310 291//291 311//311
f 309//309 291//291 310//310
f 4141//4141 292//292 291//291
f 4141//4141 291//291 309//309
f 316//316 4141//4141 309//309
f 315//315 4141//4141 316//316
f 314//314 4141//4141 315//315
f 313//313 4141//4141 314//314
f 4141//4141 313//313 4142//4142
f 321//321 4132//4132 4188//4188
f 4188//4188 4141//4141 4142//4142
f 343//343 342//342 4143//4143
f 342//342 341//341 4143//4143
f 4144//4144 4143//4143 341//341
f 4145//4145 360//360 4144//4144
f 340//340 4147//4147 362//362
f 339//339 4148//4148 4147//4147
f 4148//4148 339//339 338//338
f 338//338 4149//4149 4148//4148
f 374//374 385//385 4150//4150
f 385//385 374//374 373//373
f 385//385 384//384 4150//4150
f 384//384 383//383 4151//4151
f 383//383 382//382 4151//4151
f 375//375 4151//4151 382//382
f 381//381 4152//4152 376//376
f 377//377 376//376 4152//4152
f 378//378 377//377 4152//4152
f 380//380 4153//4153 4152//4152
f 4153//4153 380//380 4154//4154
f 364//364 4153//4153 4154//4154
f 4133//4133 4154//4154 379//379
f 386//386 336//336 4156//4156
f 336//336 386//386 323//323
f 4156//4156 336//336 335//335
f 334//334 4156//4156 335//335
f 333//333 4156//4156 334//334
f 332//332 4156//4156 333//333
f 387//387 332//332 4157//4157
f 331//331 4157//4157 332//332
f 329//329 363//363 337//337
f 363//363 329//329 4159//4159
f 337//337 4157//4157 331//331
f 4155//4155 388//388 4157//4157
f 4133//4133 4155//4155 4157//4157
f 4157//4157 350//350 4133//4133
f 349//349 4133//4133 350//350
f 348//348 4133//4133 349//349
f 347//347 4133//4133 348//348
f 4133//4133 347//347 4134//4134
f 4134//4134 343//343 4143//4143
f 4733//4733 4143//4143 359//359
f 358//358 4733//4733 359//359
f 4158//4158 356//356 4733//4733
f 355//355 4733//4733 356//356
f 352//352 351//351 4159//4159
f 4159//4159 328//328 352//352
f 352//352 328//328 327//327
f 354//354 353//353 4162//4162
f 4161//4161 4162//4162 353//353
f 324//324 323//323 386//386
f 324//324 385//385 373//373
f 385//385 324//324 386//386
f 373//373 4733//4733 326//326
f 355//355 354//354 4733//4733
f 372//372 4733//4733 373//373
f 371//371 4733//4733 372//372
f 370//370 4733//4733 371//371
f 369//369 4733//4733 370//370
f 368//368 4733//4733 369//369
f 364//364 4154//4154 4141//4141
f 4154//4154 4133//4133 4141//4141
f 4141//4141 365//365 364//364
f 4141//4141 366//366 365//365
f 4141//4141 367//367 366//366
f 368//368 367//367 4141//4141
f 4141//4141 4733//4733 368//368
f 418//418 4163//4163 432//432
f 399//399 4164//4164 4165//4165
f 4165//4165 4164//4164 403//403
f 4134//4134 403//403 398//398
f 4134//4134 397//397 4167//4167
f 397//397 4134//4134 398//398
f 394//394 393//393 4192//4192
f 4167//4167 396//396 4134//4134
f 424//424 4134//4134 396//396
f 423//423 4134//4134 424//424
f 422//422 4134//4134 423//423
f 4134//4134 422//422 4168//4168
f 428//428 4173//4173 4179//4179
f 4173//4173 428//428 4169//4169
f 4168//4168 421//421 4179//4179
f 4179//4179 4134//4134 4168//4168
f 427//427 4173//4173 4169//4169
f 426//426 4173//4173 427//427
f 4173//4173 426//426 425//425
f 4192//4192 393//393 413//413
f 413//413 393//393 402//402
f 401//401 4170//4170 402//402
f 425//425 435//435 4171//4171
f 4170//4170 4171//4171 435//435
f 4173//4173 425//425 4171//4171
f 4171//4171 400//400 4173//4173
f 411//411 4173//4173 400//400
f 410//410 4173//4173 411//411
f 409//409 4173//4173 410//410
f 408//408 4173//4173 409//409
f 4173//4173 408//408 4172//4172
f 406//406 4166//4166 4733//4733
f 4733//4733 407//407 406//406
f 4172//4172 407//407 4733//4733
f 504//504 4174//4174 505//505
f 4176//4176 456//456 489//489
f 462//462 4179//4179 467//467
f 461//461 4179//4179 462//462
f 460//460 4179//4179 461//461
f 4180//4180 4179//4179 460//460
f 4180//4180 459//459 4181//4181
f 4175//4175 4181//4181 459//459
f 4183//4183 455//455 4132//4132
f 454//454 4132//4132 455//455
f 4132//4132 436//436 4185//4185
f 4184//4184 437//437 4132//4132
f 454//454 4184//4184 4132//4132
f 443//443 4174//4174 504//504
f 4186//4186 504//504 4187//4187
f 504//504 4186//4186 443//443
f 444//444 4186//4186 4187//4187
f 4188//4188 444//444 4187//4187
f 501//501 4188//4188 503//503
f 500//500 4188//4188 501//501
f 499//499 4188//4188 500//500
f 498//498 4188//4188 499//499
f 497//497 4188//4188 498//498
f 465//465 4177//4177 456//456
f 464//464 4177//4177 465//465
f 4177//4177 464//464 4189//4189
f 495//495 494//494 475//475
f 4189//4189 475//475 494//494
f 496//496 495//495 474//474
f 475//475 474//474 495//495
f 497//497 496//496 474//474
f 474//474 473//473 4173//4173
f 472//472 4173//4173 473//473
f 4201//4201 4178//4178 4173//4173
f 4178//4178 4179//4179 4173//4173
f 470//470 4173//4173 471//471
f 4173//4173 470//470 4201//4201
f 472//472 471//471 4173//4173
f 497//497 4173//4173 4188//4188
f 9//9 280//280 4190//4190
f 399//399 56//56 4164//4164
f 56//56 4093//4093 4164//4164
f 284//284 4140//4140 3//3
f 60//60 4099//4099 396//396
f 288//288 275//275 13//13
f 63//63 4091//4091 402//402
f 20//20 21//21 292//292
f 408//408 4095//4095 4172//4172
f 4095//4095 408//408 67//67
f 18//18 4084//4084 295//295
f 296//296 18//18 295//295
f 4166//4166 406//406 4094//4094
f 69//69 4166//4166 4094//4094
f 4191//4191 4083//4083 300//300
f 4165//4165 403//403 72//72
f 64//64 4165//4165 72//72
f 36//36 4082//4082 301//301
f 4192//4192 413//413 4096//4096
f 73//73 4192//4192 4096//4096
f 34//34 305//305 4081//4081
f 422//422 4193//4193 4168//4168
f 4193//4193 75//75 4168//4168
f 308//308 4136//4136 29//29
f 417//417 418//418 4090//4090
f 43//43 4137//4137 4079//4079
f 4137//4137 4138//4138 4079//4079
f 87//87 4089//4089 432//432
f 4078//4078 320//320 4085//4085
f 320//320 321//321 4085//4085
f 428//428 4194//4194 4169//4169
f 4194//4194 428//428 4087//4087
f 37//37 38//38 4142//4142
f 313//313 37//37 4142//4142
f 4195//4195 426//426 91//91
f 47//47 4112//4112 4196//4196
f 4112//4112 4092//4092 4196//4196
f 523//523 4092//4092 4048//4048
f 522//522 4092//4092 523//523
f 521//521 4092//4092 522//522
f 520//520 4092//4092 521//521
f 519//519 4049//4049 4197//4197
f 520//520 519//519 4197//4197
f 4092//4092 520//520 4197//4197
f 4092//4092 4197//4197 513//513
f 512//512 4092//4092 513//513
f 511//511 4092//4092 512//512
f 510//510 4092//4092 511//511
f 508//508 507//507 4198//4198
f 508//508 4198//4198 4196//4196
f 4196//4196 509//509 508//508
f 510//510 509//509 4196//4196
f 4196//4196 4092//4092 510//510
f 518//518 4198//4198 507//507
f 517//517 4198//4198 518//518
f 516//516 4198//4198 517//517
f 515//515 4198//4198 516//516
f 514//514 513//513 4197//4197
f 515//515 514//514 4197//4197
f 4198//4198 515//515 4197//4197
f 529//529 4197//4197 4049//4049
f 528//528 4197//4197 529//529
f 527//527 4197//4197 528//528
f 525//525 4048//4048 4092//4092
f 525//525 4092//4092 92//92
f 526//526 525//525 92//92
f 527//527 526//526 92//92
f 92//92 4197//4197 527//527
f 4198//4198 93//93 51//51
f 443//443 4186//4186 4199//4199
f 181//181 4199//4199 4186//4186
f 4185//4185 4200//4200 178//178
f 211//211 475//475 4189//4189
f 211//211 4189//4189 4115//4115
f 4178//4178 4201//4201 216//216
f 544//544 551//551 550//550
f 551//551 544//544 545//545
f 4202//4202 545//545 546//546
f 4203//4203 546//546 547//547
f 4203//4203 547//547 548//548
f 4204//4204 548//548 549//549
f 549//549 4207//4207 4205//4205
f 4207//4207 549//549 530//530
f 4206//4206 558//558 4233//4233
f 4207//4207 530//530 4206//4206
f 4206//4206 4234//4234 558//558
f 4234//4234 4206//4206 531//531
f 4244//4244 531//531 4212//4212
f 4244//4244 4212//4212 556//556
f 560//560 556//556 555//555
f 4213//4213 564//564 552//552
f 4219//4219 565//565 4220//4220
f 4213//4213 4220//4220 565//565
f 4220//4220 4213//4213 552//552
f 543//543 4220//4220 4221//4221
f 566//566 4214//4214 4220//4220
f 566//566 4220//4220 544//544
f 569//569 4226//4226 4227//4227
f 4228//4228 569//569 4227//4227
f 4228//4228 4227//4227 4229//4229
f 568//568 4228//4228 4229//4229
f 4207//4207 4231//4231 568//568
f 4207//4207 557//557 4231//4231
f 4232//4232 4231//4231 557//557
f 4233//4233 558//558 4231//4231
f 4234//4234 4231//4231 558//558
f 4239//4239 4231//4231 4234//4234
f 581//581 4236//4236 4235//4235
f 4236//4236 580//580 4235//4235
f 4239//4239 4211//4211 580//580
f 4239//4239 580//580 4237//4237
f 4239//4239 4237//4237 579//579
f 4239//4239 579//579 4238//4238
f 4239//4239 4238//4238 578//578
f 4239//4239 578//578 4240//4240
f 4239//4239 4240//4240 577//577
f 4239//4239 577//577 4241//4241
f 4239//4239 4241//4241 576//576
f 4239//4239 576//576 4242//4242
f 4239//4239 4242//4242 575//575
f 4243//4243 536//536 4239//4239
f 560//560 4245//4245 581//581
f 4246//4246 564//564 4213//4213
f 565//565 4246//4246 4213//4213
f 4219//4219 4246//4246 565//565
f 4218//4218 4246//4246 4219//4219
f 4217//4217 4246//4246 4218//4218
f 4216//4216 4246//4246 4217//4217
f 583//583 4246//4246 4216//4216
f 4215//4215 584//584 4247//4247
f 4215//4215 4247//4247 583//583
f 585//585 4248//4248 4215//4215
f 4248//4248 584//584 4215//4215
f 585//585 4215//4215 4253//4253
f 586//586 4249//4249 4253//4253
f 4249//4249 585//585 4253//4253
f 587//587 4250//4250 4253//4253
f 4250//4250 586//586 4253//4253
f 588//588 4251//4251 4253//4253
f 4251//4251 587//587 4253//4253
f 4253//4253 538//538 4252//4252
f 4215//4215 4214//4214 4253//4253
f 550//550 4253//4253 4222//4222
f 572//572 550//550 4254//4254
f 571//571 572//572 4254//4254
f 571//571 4254//4254 4255//4255
f 570//570 571//571 4255//4255
f 570//570 4255//4255 574//574
f 4226//4226 570//570 574//574
f 569//569 570//570 4226//4226
f 693//693 692//692 4259//4259
f 692//692 691//691 4259//4259
f 691//691 690//690 4259//4259
f 690//690 689//689 4259//4259
f 689//689 688//688 4259//4259
f 4256//4256 4257//4257 713//713
f 688//688 687//687 4259//4259
f 4257//4257 714//714 713//713
f 4257//4257 724//724 723//723
f 4259//4259 678//678 677//677
f 725//725 724//724 4257//4257
f 4258//4258 4257//4257 695//695
f 4257//4257 4258//4258 725//725
f 4259//4259 677//677 676//676
f 4258//4258 726//726 725//725
f 676//676 675//675 4259//4259
f 675//675 674//674 4259//4259
f 674//674 673//673 4259//4259
f 673//673 672//672 4259//4259
f 737//737 736//736 4258//4258
f 699//699 4258//4258 695//695
f 737//737 4258//4258 699//699
f 4259//4259 662//662 661//661
f 4259//4259 661//661 660//660
f 4259//4259 660//660 659//659
f 4259//4259 659//659 658//658
f 4259//4259 592//592 695//695
f 592//592 4259//4259 658//658
f 658//658 657//657 592//592
f 657//657 656//656 592//592
f 700//700 699//699 695//695
f 656//656 655//655 592//592
f 700//700 4260//4260 753//753
f 695//695 592//592 4262//4262
f 4262//4262 4261//4261 4260//4260
f 637//637 636//636 592//592
f 636//636 635//635 592//592
f 4262//4262 4263//4263 4261//4261
f 4261//4261 4263//4263 773//773
f 592//592 625//625 624//624
f 592//592 624//624 623//623
f 592//592 623//623 622//622
f 592//592 622//622 621//621
f 592//592 621//621 4264//4264
f 592//592 4264//4264 4262//4262
f 785//785 784//784 4263//4263
f 785//785 4263//4263 701//701
f 701//701 4263//4263 4262//4262
f 615//615 614//614 4264//4264
f 4262//4262 702//702 701//701
f 701//701 702//702 793//793
f 4264//4264 604//604 603//603
f 4264//4264 603//603 602//602
f 4264//4264 602//602 601//601
f 4262//4262 696//696 703//703
f 4265//4265 1007//1007 4266//4266
f 1007//1007 1006//1006 4266//4266
f 803//803 810//810 809//809
f 803//803 811//811 810//810
f 803//803 812//812 811//811
f 803//803 813//813 812//812
f 803//803 814//814 813//813
f 4267//4267 4266//4266 997//997
f 997//997 996//996 4267//4267
f 824//824 823//823 803//803
f 825//825 824//824 803//803
f 4269//4269 4267//4267 913//913
f 987//987 913//913 4267//4267
f 803//803 831//831 830//830
f 913//913 912//912 4269//4269
f 842//842 841//841 4268//4268
f 803//803 4268//4268 841//841
f 4269//4269 4268//4268 803//803
f 4268//4268 843//843 842//842
f 4268//4268 844//844 843//843
f 4268//4268 845//845 844//844
f 4272//4272 4268//4268 4269//4269
f 912//912 4272//4272 4269//4269
f 969//969 4270//4270 912//912
f 4268//4268 846//846 845//845
f 969//969 968//968 4270//4270
f 968//968 967//967 4270//4270
f 858//858 857//857 4268//4268
f 4270//4270 957//957 956//956
f 859//859 858//858 4268//4268
f 4270//4270 956//956 955//955
f 4271//4271 4272//4272 4270//4270
f 4271//4271 4270//4270 955//955
f 860//860 859//859 4268//4268
f 861//861 860//860 4268//4268
f 4272//4272 4273//4273 4268//4268
f 4273//4273 861//861 4268//4268
f 4272//4272 4271//4271 911//911
f 4273//4273 880//880 879//879
f 4273//4273 881//881 880//880
f 4273//4273 882//882 881//881
f 4273//4273 883//883 882//882
f 4273//4273 884//884 883//883
f 4275//4275 4272//4272 4274//4274
f 4274//4274 932//932 4275//4275
f 4276//4276 4272//4272 4275//4275
f 4272//4272 4276//4276 4273//4273
f 921//921 4275//4275 922//922
f 4275//4275 921//921 910//910
f 896//896 895//895 4273//4273
f 897//897 896//896 4273//4273
f 898//898 897//897 4273//4273
f 899//899 898//898 4273//4273
f 900//900 899//899 4273//4273
f 4273//4273 4276//4276 4277//4277
f 4277//4277 900//900 4273//4273
f 4278//4278 1018//1018 1017//1017
f 1012//1012 4279//4279 1023//1023
f 4279//4279 4348//4348 1023//1023
f 4280//4280 1010//1010 1009//1009
f 1051//1051 4282//4282 1057//1057
f 1058//1058 1057//1057 4282//4282
f 1059//1059 1058//1058 4283//4283
f 4283//4283 4284//4284 1059//1059
f 1073//1073 4284//4284 4283//4283
f 4285//4285 1081//1081 1048//1048
f 1094//1094 4286//4286 1054//1054
f 4287//4287 1096//1096 1094//1094
f 1111//1111 4054//4054 4288//4288
f 1111//1111 1110//1110 1104//1104
f 1112//1112 4290//4290 1109//1109
f 4289//4289 1109//1109 4290//4290
f 4291//4291 1118//1118 1111//1111
f 4290//4290 4291//4291 1111//1111
f 4292//4292 1161//1161 1160//1160
f 1160//1160 1159//1159 1133//1133
f 1159//1159 4293//4293 1133//1133
f 4293//4293 1159//1159 1158//1158
f 1145//1145 4293//4293 1158//1158
f 4293//4293 1145//1145 1144//1144
f 1136//1136 4306//4306 4297//4297
f 1184//1184 4297//4297 1179//1179
f 1182//1182 4297//4297 1183//1183
f 1170//1170 4297//4297 1182//1182
f 1169//1169 4297//4297 1170//1170
f 1168//1168 4297//4297 1169//1169
f 1167//1167 4297//4297 1168//1168
f 1166//1166 4297//4297 1167//1167
f 4296//4296 4297//4297 1166//1166
f 1186//1186 1191//1191 1190//1190
f 4295//4295 1186//1186 1190//1190
f 4296//4296 1165//1165 1189//1189
f 4295//4295 1189//1189 1165//1165
f 1189//1189 4297//4297 4296//4296
f 4301//4301 1178//1178 4302//4302
f 1177//1177 4302//4302 1178//1178
f 1176//1176 4302//4302 1177//1177
f 1175//1175 4302//4302 1176//1176
f 1174//1174 4302//4302 1175//1175
f 4297//4297 4305//4305 1179//1179
f 4304//4304 4305//4305 4306//4306
f 1174//1174 1173//1173 4306//4306
f 4304//4304 4306//4306 1173//1173
f 4306//4306 1155//1155 1174//1174
f 1155//1155 4307//4307 1174//1174
f 4307//4307 1191//1191 4302//4302
f 4308//4308 4309//4309 1220//1220
f 1232//1232 4309//4309 4308//4308
f 1220//1220 1219//1219 4308//4308
f 1219//1219 1212//1212 4308//4308
f 1218//1218 4310//4310 1212//1212
f 1218//1218 1217//1217 4310//4310
f 1197//1197 4312//4312 4311//4311
f 4312//4312 1251//1251 1249//1249
f 4313//4313 4063//4063 1267//1267
f 4314//4314 1266//1266 1259//1259
f 1268//1268 4359//4359 1265//1265
f 4315//4315 1265//1265 4359//4359
f 1293//1293 4316//4316 1291//1291
f 1302//1302 4317//4317 1316//1316
f 4317//4317 1302//1302 1301//1301
f 4317//4317 1317//1317 1316//1316
f 1317//1317 4317//4317 4318//4318
f 1318//1318 1317//1317 4318//4318
f 1318//1318 4318//4318 4319//4319
f 1319//1319 1318//1318 4319//4319
f 4320//4320 1274//1274 4314//4314
f 1267//1267 4320//4320 4314//4314
f 526//526 4321//4321 524//524
f 527//527 4321//4321 526//526
f 528//528 4321//4321 527//527
f 1321//1321 4321//4321 528//528
f 1335//1335 4321//4321 1321//1321
f 4322//4322 4321//4321 1335//1335
f 4322//4322 1334//1334 4323//4323
f 1333//1333 4323//4323 1334//1334
f 4323//4323 1333//1333 4328//4328
f 1332//1332 4328//4328 1333//1333
f 514//514 4324//4324 1336//1336
f 515//515 4324//4324 514//514
f 4324//4324 515//515 4325//4325
f 516//516 4325//4325 515//515
f 518//518 1337//1337 4327//4327
f 1337//1337 1062//1062 4326//4326
f 4327//4327 4326//4326 1048//1048
f 517//517 518//518 4328//4328
f 4327//4327 4328//4328 518//518
f 1331//1331 4329//4329 4328//4328
f 4329//4329 517//517 4328//4328
f 1332//1332 1331//1331 4328//4328
f 1048//1048 4330//4330 4328//4328
f 4330//4330 1291//1291 4328//4328
f 509//509 4331//4331 1337//1337
f 510//510 4331//4331 509//509
f 511//511 4331//4331 510//510
f 1329//1329 4331//4331 511//511
f 1328//1328 4331//4331 1329//1329
f 1327//1327 4331//4331 1328//1328
f 1326//1326 4331//4331 1327//1327
f 1325//1325 4331//4331 1326//1326
f 4332//4332 520//520 4333//4333
f 521//521 4333//4333 520//520
f 1338//1338 524//524 4336//4336
f 524//524 1291//1291 4334//4334
f 4336//4336 4334//4334 1313//1313
f 522//522 1338//1338 4336//4336
f 1324//1324 4335//4335 4336//4336
f 4335//4335 522//522 4336//4336
f 4336//4336 4337//4337 1324//1324
f 1313//1313 4338//4338 4337//4337
f 4338//4338 1062//1062 1325//1325
f 4339//4339 1340//1340 1364//1364
f 4340//4340 1363//1363 4339//4339
f 1344//1344 1357//1357 4341//4341
f 4342//4342 1344//1344 1356//1356
f 1349//1349 4343//4343 4344//4344
f 4343//4343 1349//1349 1348//1348
f 1110//1110 4345//4345 1385//1385
f 1386//1386 1385//1385 4345//4345
f 4346//4346 1009//1009 1386//1386
f 1189//1189 4347//4347 4297//4297
f 4347//4347 1189//1189 1394//1394
f 4348//4348 1394//1394 1023//1023
f 1250//1250 4349//4349 4311//4311
f 4349//4349 1250//1250 1403//1403
f 4349//4349 1403//1403 1402//1402
f 1018//1018 4349//4349 1402//1402
f 1266//1266 4350//4350 1411//1411
f 1415//1415 1411//1411 4350//4350
f 1016//1016 1017//1017 1415//1415
f 1048//1048 4351//4351 4330//4330
f 4351//4351 1048//1048 4352//4352
f 4352//4352 1012//1012 4351//4351
f 1095//1095 4353//4353 4286//4286
f 4353//4353 4354//4354 4286//4286
f 4354//4354 4353//4353 1010//1010
f 1340//1340 4355//4355 1445//1445
f 4355//4355 1443//1443 1445//1445
f 1112//1112 4355//4355 4290//4290
f 4355//4355 1112//1112 1443//1443
f 4356//4356 1454//1454 1344//1344
f 1344//1344 4342//4342 1455//1455
f 1191//1191 4356//4356 1455//1455
f 1155//1155 4356//4356 4307//4307
f 4356//4356 1155//1155 1454//1454
f 1348//1348 1466//1466 4343//4343
f 1466//1466 4357//4357 4343//4343
f 1466//1466 1251//1251 4357//4357
f 1349//1349 4358//4358 1478//1478
f 1350//1350 4358//4358 4344//4344
f 4358//4358 1350//1350 1477//1477
f 4358//4358 1476//1476 1478//1478
f 1477//1477 4359//4359 4358//4358
f 4359//4359 1477//1477 1267//1267
f 4359//4359 1268//1268 1476//1476
f 1357//1357 4360//4360 4341//4341
f 4360//4360 1357//1357 1498//1498
f 4360//4360 1499//1499 1356//1356
f 4360//4360 1498//1498 1497//1497
f 1486//1486 4360//4360 4361//4361
f 4360//4360 1486//1486 1499//1499
f 1497//1497 4362//4362 4361//4361
f 4362//4362 1497//1497 1496//1496
f 4362//4362 1500//1500 1486//1486
f 4362//4362 1496//1496 1062//1062
f 1313//1313 4362//4362 4338//4338
f 4362//4362 1313//1313 1500//1500
f 1364//1364 4363//4363 4340//4340
f 4363//4363 1510//1510 1363//1363
f 1054//1054 4363//4363 4287//4287
f 4363//4363 1054//1054 1510//1510
f 49//49 1606//1606 4364//4364
f 49//49 1604//1604 1603//1603
f 1602//1602 4384//4384 4396//4396
f 4482//4482 1606//1606 4367//4367
f 1606//1606 49//49 4366//4366
f 4367//4367 4366//4366 94//94
f 4367//4367 1607//1607 4482//4482
f 1608//1608 4367//4367 94//94
f 4368//4368 1608//1608 94//94
f 1596//1596 1609//1609 4368//4368
f 94//94 4384//4384 4368//4368
f 4368//4368 1597//1597 1596//1596
f 4370//4370 4390//4390 1614//1614
f 1614//1614 1613//1613 4370//4370
f 4369//4369 1613//1613 1612//1612
f 94//94 4371//4371 4372//4372
f 94//94 1610//1610 4377//4377
f 1637//1637 4382//4382 4394//4394
f 4394//4394 4383//4383 1637//1637
f 4383//4383 4394//4394 4384//4384
f 4381//4381 4383//4383 4384//4384
f 1622//1622 4381//4381 4384//4384
f 4377//4377 1622//1622 4384//4384
f 4384//4384 94//94 4377//4377
f 4382//4382 1636//1636 4394//4394
f 4385//4385 4394//4394 1636//1636
f 1635//1635 4394//4394 4386//4386
f 4389//4389 4394//4394 1635//1635
f 4387//4387 4388//4388 4478//4478
f 1634//1634 1633//1633 4387//4387
f 4387//4387 4389//4389 1634//1634
f 4394//4394 4389//4389 4387//4387
f 1617//1617 4394//4394 4387//4387
f 1616//1616 4394//4394 1617//1617
f 1615//1615 1614//1614 4390//4390
f 4392//4392 4394//4394 4391//4391
f 4392//4392 1630//1630 4394//4394
f 1629//1629 4394//4394 1630//1630
f 4394//4394 1629//1629 4393//4393
f 4371//4371 94//94 4098//4098
f 4371//4371 4098//4098 95//95
f 95//95 4394//4394 4393//4393
f 4403//4403 1645//1645 4479//4479
f 4415//4415 1652//1652 1651//1651
f 4415//4415 1651//1651 4479//4479
f 1645//1645 4415//4415 4479//4479
f 1655//1655 4396//4396 4395//4395
f 4396//4396 1655//1655 4397//4397
f 1640//1640 4396//4396 4399//4399
f 4401//4401 4396//4396 1640//1640
f 4396//4396 1638//1638 4409//4409
f 4408//4408 1650//1650 4405//4405
f 4406//4406 48//48 4077//4077
f 4406//4406 4077//4077 49//49
f 1650//1650 4408//4408 49//49
f 49//49 4396//4396 4409//4409
f 48//48 4406//4406 4410//4410
f 48//48 4412//4412 4413//4413
f 4414//4414 1653//1653 4415//4415
f 48//48 4414//4414 4415//4415
f 1643//1643 1642//1642 4418//4418
f 48//48 1643//1643 4418//4418
f 1658//1658 4396//4396 4424//4424
f 4423//4423 1660//1660 4424//4424
f 4424//4424 48//48 4423//4423
f 48//48 4424//4424 4113//4113
f 4113//4113 4424//4424 95//95
f 4394//4394 95//95 4424//4424
f 4425//4425 1673//1673 1672//1672
f 1662//1662 1668//1668 1667//1667
f 1663//1663 4426//4426 1679//1679
f 4481//4481 1679//1679 4426//4426
f 49//49 4427//4427 4425//4425
f 49//49 4425//4425 4428//4428
f 95//95 4429//4429 4433//4433
f 95//95 4433//4433 4430//4430
f 4441//4441 1696//1696 1695//1695
f 4441//4441 1695//1695 4431//4431
f 1689//1689 4441//4441 4431//4431
f 4432//4432 1689//1689 4431//4431
f 4433//4433 4437//4437 4438//4438
f 4440//4440 1696//1696 4441//4441
f 4439//4439 4440//4440 4441//4441
f 4433//4433 4439//4439 4441//4441
f 1686//1686 1685//1685 4443//4443
f 4433//4433 1686//1686 4443//4443
f 4444//4444 1663//1663 4445//4445
f 1705//1705 4444//4444 4445//4445
f 1706//1706 1705//1705 4445//4445
f 1707//1707 1706//1706 4445//4445
f 4445//4445 4433//4433 1707//1707
f 1700//1700 1699//1699 1683//1683
f 1663//1663 1681//1681 4450//4450
f 4434//4434 4433//4433 4452//4452
f 4452//4452 4433//4433 1662//1662
f 4451//4451 4453//4453 1662//1662
f 1662//1662 4426//4426 1694//1694
f 4426//4426 1663//1663 4450//4450
f 1728//1728 4455//4455 4454//4454
f 1734//1734 1718//1718 4455//4455
f 4477//4477 1718//1718 1734//1734
f 4463//4463 4462//4462 1722//1722
f 1738//1738 1737//1737 4463//4463
f 4461//4461 1738//1738 4463//4463
f 4470//4470 4461//4461 4463//4463
f 4463//4463 1721//1721 4470//4470
f 1720//1720 4470//4470 1721//1721
f 1719//1719 4464//4464 1720//1720
f 1733//1733 1720//1720 4464//4464
f 1732//1732 4470//4470 4465//4465
f 4470//4470 1732//1732 4466//4466
f 4471//4471 4425//4425 1680//1680
f 1680//1680 4470//4470 4469//4469
f 4425//4425 4471//4471 1731//1731
f 4472//4472 4425//4425 1731//1731
f 1730//1730 4425//4425 4472//4472
f 4425//4425 1730//1730 4473//4473
f 1729//1729 4425//4425 4473//4473
f 1728//1728 4425//4425 1729//1729
f 1717//1717 4425//4425 1728//1728
f 1716//1716 4425//4425 1717//1717
f 4425//4425 1716//1716 1715//1715
f 4425//4425 1713//1713 4476//4476
f 1739//1739 4456//4456 4470//4470
f 1740//1740 1739//1739 4470//4470
f 1740//1740 4470//4470 4475//4475
f 1741//1741 1740//1740 4475//4475
f 1727//1727 1741//1741 4475//4475
f 4476//4476 1727//1727 4475//4475
f 4475//4475 4425//4425 4476//4476
f 4433//4433 4445//4445 1680//1680
f 4475//4475 4470//4470 4424//4424
f 4394//4394 4445//4445 4384//4384
f 4409//4409 1638//1638 1713//1713
f 4476//4476 1713//1713 1638//1638
f 1610//1610 4450//4450 4377//4377
f 4415//4415 1718//1718 4477//4477
f 1718//1718 4415//4415 1645//1645
f 1613//1613 1614//1614 1689//1689
f 4463//4463 4417//4417 1642//1642
f 4417//4417 4463//4463 1722//1722
f 4478//4478 1685//1685 4387//4387
f 4406//4406 1731//1731 4410//4410
f 1731//1731 4471//4471 4410//4410
f 4435//4435 4434//4434 4372//4372
f 4466//4466 4413//4413 4412//4412
f 4438//4438 4437//4437 1629//1629
f 4393//4393 1629//1629 4437//4437
f 4479//4479 1728//1728 4403//4403
f 4432//4432 4369//4369 4480//4480
f 4369//4369 4432//4432 4431//4431
f 4400//4400 4399//4399 1735//1735
f 4474//4474 1735//1735 4399//4399
f 4378//4378 1631//1631 1699//1699
f 1679//1679 4481//4481 1597//1597
f 4481//4481 1596//1596 1597//1597
f 1672//1672 1603//1603 1604//1604
f 1603//1603 1672//1672 1673//1673
f 4482//4482 1667//1667 1668//1668
f 1606//1606 4482//4482 1668//1668
f 1765//1765 1764//1764 4485//4485
f 4485//4485 1755//1755 1754//1754
f 1764//1764 1763//1763 4485//4485
f 4485//4485 1756//1756 1755//1755
f 1763//1763 263//263 4485//4485
f 4483//4483 4485//4485 263//263
f 1745//1745 257//257 1744//1744
f 4484//4484 1744//1744 257//257
f 1744//1744 1762//1762 1761//1761
f 1746//1746 1745//1745 1744//1744
f 1744//1744 1761//1761 1760//1760
f 1747//1747 1746//1746 1744//1744
f 1747//1747 1744//1744 1748//1748
f 1759//1759 1744//1744 1760//1760
f 1758//1758 1744//1744 1759//1759
f 1757//1757 1744//1744 1758//1758
f 269//269 1744//1744 1757//1757
f 1767//1767 1766//1766 4485//4485
f 1765//1765 4485//4485 1766//1766
f 1767//1767 4485//4485 4486//4486
f 1768//1768 1767//1767 4486//4486
f 269//269 1768//1768 4486//4486
f 4486//4486 1744//1744 269//269
f 1753//1753 4485//4485 1754//1754
f 1752//1752 4485//4485 1753//1753
f 1751//1751 4485//4485 1752//1752
f 251//251 4485//4485 1751//1751
f 4485//4485 251//251 4487//4487
f 1750//1750 4487//4487 251//251
f 1749//1749 1748//1748 1744//1744
f 1749//1749 1744//1744 4487//4487
f 1750//1750 1749//1749 4487//4487
f 4491//4491 4490//4490 4489//4489
f 4487//4487 1744//1744 4491//4491
f 4490//4490 4491//4491 4486//4486
f 1744//1744 4486//4486 4491//4491
f 4486//4486 4485//4485 4490//4490
f 4485//4485 4487//4487 4488//4488
f 4492//4492 4493//4493 2551//2551
f 2550//2550 4492//4492 2551//2551
f 4492//4492 4494//4494 4493//4493
f 4501//4501 4495//4495 2554//2554
f 4496//4496 2531//2531 2580//2580
f 4497//4497 2548//2548 4673//4673
f 4496//4496 4497//4497 4673//4673
f 2549//2549 4500//4500 4498//4498
f 2548//2548 4500//4500 4499//4499
f 4497//4497 4500//4500 2548//2548
f 4506//4506 2588//2588 4675//4675
f 4675//4675 4501//4501 4506//4506
f 4506//4506 4504//4504 2588//2588
f 4504//4504 2511//2511 2588//2588
f 2511//2511 4504//4504 2581//2581
f 4492//4492 2552//2552 4494//4494
f 2553//2553 2552//2552 4503//4503
f 4502//4502 4503//4503 2552//2552
f 4503//4503 4498//4498 4500//4500
f 2554//2554 2553//2553 4506//4506
f 4497//4497 2580//2580 2532//2532
f 2510//2510 2581//2581 4504//4504
f 4497//4497 2576//2576 4500//4500
f 2576//2576 4505//4505 4500//4500
f 4505//4505 2553//2553 4503//4503
f 4506//4506 2553//2553 4505//4505
f 4506//4506 2555//2555 4504//4504
f 2555//2555 4509//4509 4504//4504
f 2576//2576 2532//2532 2579//2579
f 2582//2582 2510//2510 4509//4509
f 2533//2533 2576//2576 2579//2579
f 2576//2576 4510//4510 4505//4505
f 4510//4510 4507//4507 4505//4505
f 4505//4505 4507//4507 2555//2555
f 4507//4507 4511//4511 2555//2555
f 4508//4508 2582//2582 4509//4509
f 2582//2582 4508//4508 2509//2509
f 4511//4511 4508//4508 4509//4509
f 4510//4510 2533//2533 2578//2578
f 2583//2583 2509//2509 4508//4508
f 4510//4510 4513//4513 4507//4507
f 4513//4513 2547//2547 4507//4507
f 4511//4511 4507//4507 2547//2547
f 2556//2556 4512//4512 4508//4508
f 4513//4513 2578//2578 2534//2534
f 2508//2508 2583//2583 4512//4512
f 2575//2575 4514//4514 2547//2547
f 2556//2556 2547//2547 4514//4514
f 2557//2557 2556//2556 4514//4514
f 4512//4512 2556//2556 2557//2557
f 2575//2575 2534//2534 2577//2577
f 2584//2584 2508//2508 4515//4515
f 2575//2575 4517//4517 4514//4514
f 2557//2557 4514//4514 4516//4516
f 4517//4517 4516//4516 4514//4514
f 4515//4515 2557//2557 2558//2558
f 2558//2558 2557//2557 4516//4516
f 2577//2577 2535//2535 4517//4517
f 2587//2587 2507//2507 2584//2584
f 2558//2558 4516//4516 4519//4519
f 4518//4518 4519//4519 4516//4516
f 2587//2587 2558//2558 2559//2559
f 2559//2559 2558//2558 4519//4519
f 2535//2535 2536//2536 4518//4518
f 4522//4522 2506//2506 2507//2507
f 2559//2559 4519//4519 4521//4521
f 4520//4520 4521//4521 4519//4519
f 2560//2560 2559//2559 4521//4521
f 4522//4522 2559//2559 2560//2560
f 4524//4524 4529//4529 2573//2573
f 2536//2536 2537//2537 4520//4520
f 2586//2586 2505//2505 2506//2506
f 4523//4523 2563//2563 4524//4524
f 4524//4524 2573//2573 4523//4523
f 4523//4523 4525//4525 2563//2563
f 4521//4521 4520//4520 4536//4536
f 4526//4526 4520//4520 2537//2537
f 4536//4536 4520//4520 4526//4526
f 2543//2543 4528//4528 4527//4527
f 4529//4529 4528//4528 2543//2543
f 4529//4529 2560//2560 4521//4521
f 4528//4528 4521//4521 4536//4536
f 2560//2560 4529//4529 4530//4530
f 2562//2562 4531//4531 2560//2560
f 2586//2586 2560//2560 4531//4531
f 4539//4539 2586//2586 4531//4531
f 2562//2562 4532//4532 4531//4531
f 4523//4523 4533//4533 4525//4525
f 4533//4533 2564//2564 4525//4525
f 4539//4539 4540//4540 2505//2505
f 2565//2565 2564//2564 4533//4533
f 4534//4534 2538//2538 4536//4536
f 4528//4528 4536//4536 4543//4543
f 2544//2544 4548//4548 2545//2545
f 4527//4527 4548//4548 2544//2544
f 4528//4528 4548//4548 4527//4527
f 4548//4548 4528//4528 4543//4543
f 4538//4538 4531//4531 4537//4537
f 2561//2561 4531//4531 4538//4538
f 4539//4539 4531//4531 2561//2561
f 4544//4544 4539//4539 2561//2561
f 4540//4540 4539//4539 4544//4544
f 2566//2566 2565//2565 4535//4535
f 4548//4548 4553//4553 2545//2545
f 2538//2538 2539//2539 4543//4543
f 2503//2503 2504//2504 4544//4544
f 4545//4545 2566//2566 4542//4542
f 2567//2567 2566//2566 4545//4545
f 2567//2567 4545//4545 2572//2572
f 4678//4678 2572//2572 4546//4546
f 2568//2568 4678//4678 4546//4546
f 4556//4556 2568//2568 4547//4547
f 2540//2540 4543//4543 2539//2539
f 2541//2541 4543//4543 2540//2540
f 2542//2542 4543//4543 2541//2541
f 2521//2521 4543//4543 2542//2542
f 4548//4548 4543//4543 2574//2574
f 4553//4553 4548//4548 2546//2546
f 4548//4548 2574//2574 4554//4554
f 4554//4554 2546//2546 4548//4548
f 4556//4556 4547//4547 2571//2571
f 2569//2569 2571//2571 2570//2570
f 4562//4562 2561//2561 4561//4561
f 4563//4563 2561//2561 4562//4562
f 4544//4544 4563//4563 2589//2589
f 2503//2503 4544//4544 2585//2585
f 4566//4566 4557//4557 2570//2570
f 4567//4567 4568//4568 4557//4557
f 4563//4563 4562//4562 2604//2604
f 4567//4567 2603//2603 4568//4568
f 4676//4676 4568//4568 2603//2603
f 4676//4676 4570//4570 4569//4569
f 4677//4677 4569//4569 4570//4570
f 2574//2574 2521//2521 4571//4571
f 2621//2621 2546//2546 4554//4554
f 4554//4554 2574//2574 2621//2621
f 2621//2621 2574//2574 4571//4571
f 2621//2621 4575//4575 2546//2546
f 4575//4575 4570//4570 4572//4572
f 4555//4555 4575//4575 4574//4574
f 2546//2546 4575//4575 4555//4555
f 2589//2589 4563//4563 2605//2605
f 4677//4677 4563//4563 2604//2604
f 4677//4677 4575//4575 2605//2605
f 4576//4576 4565//4565 4581//4581
f 2585//2585 4581//4581 4565//4565
f 2605//2605 4581//4581 2585//2585
f 2621//2621 4571//4571 4578//4578
f 4579//4579 2621//2621 4578//4578
f 4579//4579 2602//2602 4575//4575
f 4575//4575 2602//2602 2605//2605
f 2602//2602 4580//4580 2605//2605
f 2605//2605 4580//4580 4581//4581
f 4581//4581 4582//4582 4577//4577
f 2602//2602 4579//4579 4583//4583
f 2601//2601 2602//2602 4583//4583
f 2602//2602 2601//2601 4580//4580
f 2601//2601 4585//4585 4580//4580
f 4580//4580 4585//4585 4582//4582
f 4585//4585 4584//4584 4582//4582
f 4579//4579 4578//4578 2522//2522
f 2520//2520 4577//4577 4584//4584
f 2601//2601 4583//4583 4587//4587
f 4585//4585 2601//2601 2600//2600
f 2600//2600 2601//2601 4587//4587
f 4585//4585 2606//2606 4584//4584
f 2606//2606 4585//4585 2600//2600
f 2606//2606 4586//4586 4584//4584
f 4587//4587 2522//2522 2642//2642
f 2643//2643 2520//2520 4586//4586
f 2600//2600 4587//4587 4588//4588
f 2523//2523 4587//4587 2642//2642
f 4589//4589 2607//2607 2606//2606
f 2606//2606 2607//2607 4586//4586
f 2643//2643 4590//4590 2519//2519
f 2523//2523 4591//4591 4588//4588
f 4591//4591 2523//2523 2641//2641
f 2644//2644 2519//2519 4590//4590
f 4588//4588 4592//4592 4589//4589
f 4591//4591 4592//4592 4588//4588
f 2607//2607 4589//4589 2599//2599
f 4592//4592 2599//2599 4589//4589
f 2607//2607 4594//4594 4590//4590
f 4593//4593 4590//4590 4594//4594
f 2641//2641 4595//4595 4591//4591
f 4595//4595 2641//2641 2640//2640
f 2645//2645 2644//2644 4593//4593
f 4595//4595 4599//4599 4592//4592
f 2599//2599 4592//4592 4599//4599
f 2599//2599 4596//4596 4594//4594
f 4596//4596 4597//4597 4594//4594
f 4598//4598 4593//4593 4597//4597
f 4599//4599 2640//2640 2524//2524
f 2518//2518 2645//2645 4598//4598
f 4599//4599 4603//4603 4596//4596
f 4603//4603 4600//4600 4596//4596
f 4600//4600 4601//4601 4597//4597
f 4602//4602 4598//4598 4601//4601
f 4603//4603 2524//2524 2639//2639
f 2646//2646 2518//2518 4602//4602
f 4600//4600 4603//4603 4607//4607
f 4601//4601 4600//4600 4604//4604
f 4605//4605 4601//4601 4604//4604
f 4606//4606 4602//4602 4605//4605
f 4607//4607 2639//2639 2638//2638
f 2647//2647 2646//2646 4606//4606
f 4607//4607 4610//4610 4604//4604
f 4610//4610 4611//4611 4604//4604
f 4611//4611 4608//4608 4605//4605
f 4609//4609 4606//4606 4608//4608
f 4610//4610 2638//2638 2525//2525
f 2517//2517 2647//2647 4609//4609
f 4611//4611 4610//4610 2620//2620
f 4612//4612 4611//4611 2620//2620
f 2608//2608 4611//4611 4612//4612
f 4611//4611 2608//2608 4608//4608
f 2608//2608 4613//4613 4609//4609
f 2620//2620 2525//2525 2637//2637
f 2648//2648 2517//2517 4613//4613
f 4612//4612 2620//2620 4615//4615
f 2636//2636 2620//2620 2637//2637
f 4614//4614 4612//4612 4615//4615
f 4614//4614 4616//4616 2608//2608
f 2608//2608 4616//4616 4613//4613
f 4616//4616 4617//4617 4613//4613
f 2648//2648 4617//4617 2649//2649
f 4615//4615 2636//2636 2635//2635
f 2650//2650 2649//2649 4617//4617
f 4614//4614 4615//4615 4618//4618
f 2598//2598 4614//4614 4618//4618
f 4614//4614 4619//4619 4616//4616
f 4619//4619 4614//4614 2598//2598
f 4616//4616 4619//4619 4617//4617
f 4619//4619 4620//4620 4617//4617
f 2635//2635 4621//4621 4618//4618
f 4621//4621 2635//2635 2634//2634
f 2651//2651 2650//2650 4620//4620
f 2598//2598 4618//4618 4622//4622
f 4621//4621 4622//4622 4618//4618
f 4623//4623 2598//2598 4622//4622
f 2598//2598 4623//4623 4619//4619
f 4623//4623 4626//4626 4619//4619
f 4626//4626 4625//4625 4620//4620
f 2634//2634 4624//4624 4621//4621
f 4624//4624 2634//2634 2526//2526
f 2516//2516 2651//2651 4625//4625
f 4624//4624 4628//4628 4622//4622
f 4623//4623 4622//4622 4628//4628
f 4626//4626 4623//4623 4627//4627
f 4626//4626 4630//4630 4625//4625
f 4630//4630 4629//4629 4625//4625
f 4628//4628 2526//2526 2633//2633
f 2652//2652 2516//2516 4629//4629
f 4628//4628 2619//2619 4627//4627
f 2619//2619 2597//2597 4627//4627
f 4630//4630 4627//4627 2597//2597
f 4630//4630 2609//2609 4629//4629
f 2609//2609 4631//4631 4629//4629
f 2619//2619 2633//2633 2632//2632
f 2653//2653 2652//2652 4631//4631
f 2597//2597 2619//2619 4633//4633
f 2609//2609 2597//2597 4632//4632
f 4632//4632 2597//2597 4633//4633
f 2609//2609 2610//2610 4631//4631
f 2610//2610 2609//2609 4632//4632
f 2610//2610 4634//4634 4631//4631
f 2632//2632 2631//2631 4633//4633
f 4634//4634 2654//2654 2653//2653
f 4637//4637 2596//2596 4632//4632
f 2610//2610 4632//4632 2596//2596
f 2610//2610 4635//4635 4634//4634
f 4635//4635 4636//4636 4634//4634
f 2631//2631 2630//2630 4637//4637
f 4636//4636 2655//2655 2654//2654
f 4637//4637 4641//4641 2596//2596
f 4641//4641 4638//4638 2596//2596
f 4639//4639 2596//2596 4638//4638
f 2596//2596 4639//4639 4635//4635
f 4635//4635 4639//4639 4636//4636
f 4639//4639 2666//2666 4636//4636
f 4640//4640 4636//4636 2666//2666
f 2630//2630 2527//2527 4641//4641
f 2515//2515 4640//4640 4643//4643
f 4640//4640 2515//2515 2655//2655
f 4641//4641 4642//4642 4638//4638
f 4642//4642 2595//2595 4638//4638
f 4639//4639 4638//4638 2595//2595
f 4643//4643 2666//2666 4644//4644
f 4645//4645 4644//4644 2666//2666
f 2527//2527 2629//2629 4642//4642
f 2656//2656 4643//4643 4644//4644
f 4643//4643 2656//2656 2515//2515
f 4646//4646 4648//4648 2595//2595
f 4645//4645 2595//2595 4648//4648
f 4649//4649 2665//2665 4644//4644
f 2629//2629 2628//2628 4646//4646
f 2665//2665 2657//2657 2656//2656
f 4646//4646 2627//2627 4647//4647
f 2627//2627 4646//4646 2628//2628
f 4646//4646 4647//4647 4648//4648
f 4649//4649 4648//4648 4650//4650
f 2611//2611 4649//4649 4650//4650
f 2665//2665 4649//4649 2611//2611
f 2657//2657 4651//4651 2658//2658
f 2627//2627 2528//2528 4647//4647
f 4651//4651 2514//2514 2658//2658
f 4647//4647 4654//4654 4650//4650
f 4654//4654 4655//4655 4650//4650
f 4655//4655 4652//4652 2611//2611
f 2611//2611 4652//4652 4651//4651
f 4652//4652 4653//4653 4651//4651
f 2528//2528 2626//2626 4654//4654
f 4653//4653 2659//2659 2514//2514
f 4654//4654 4658//4658 4655//4655
f 4655//4655 4656//4656 4652//4652
f 4652//4652 2612//2612 4653//4653
f 4656//4656 2612//2612 4652//4652
f 2612//2612 4657//4657 4653//4653
f 2626//2626 2625//2625 4658//4658
f 4657//4657 2660//2660 2659//2659
f 4658//4658 4660//4660 4656//4656
f 2612//2612 4656//4656 2594//2594
f 2594//2594 4656//4656 4660//4660
f 2612//2612 4659//4659 4657//4657
f 4659//4659 2664//2664 4657//4657
f 2625//2625 2529//2529 4660//4660
f 2664//2664 2513//2513 2660//2660
f 2594//2594 4661//4661 4659//4659
f 4661//4661 2594//2594 4663//4663
f 4661//4661 2613//2613 4659//4659
f 2613//2613 4662//4662 2664//2664
f 2529//2529 2624//2624 4663//4663
f 4662//4662 2661//2661 2513//2513
f 2623//2623 4663//4663 2624//2624
f 2613//2613 4661//4661 2593//2593
f 2593//2593 4661//4661 4664//4664
f 2613//2613 4670//4670 4662//4662
f 2661//2661 4669//4669 2662//2662
f 4670//4670 4669//4669 4662//4662
f 2623//2623 2530//2530 4664//4664
f 4669//4669 2512//2512 2662//2662
f 2590//2590 2618//2618 4665//4665
f 4666//4666 4665//4665 2618//2618
f 4668//4668 2593//2593 4667//4667
f 4670//4670 2593//2593 4668//4668
f 4669//4669 4670//4670 2614//2614
f 2530//2530 2622//2622 4667//4667
f 4671//4671 2663//2663 2512//2512
f 2614//2614 4665//4665 2615//2615
f 4666//4666 2617//2617 2616//2616
f 2618//2618 2617//2617 4666//4666
f 2591//2591 2590//2590 4668//4668
f 2531//2531 4667//4667 2622//2622
f 4672//4672 4668//4668 2548//2548
f 4668//4668 4496//4496 4673//4673
f 2548//2548 4668//4668 4673//4673
f 2592//2592 2591//2591 4674//4674
f 4672//4672 4674//4674 2591//2591
f 2616//2616 2550//2550 2551//2551
f 2551//2551 4493//4493 2616//2616
f 4495//4495 2614//2614 2615//2615
f 4501//4501 2614//2614 4495//4495
f 4671//4671 2614//2614 4501//4501
f 4675//4675 2588//2588 4671//4671
f 2588//2588 2511//2511 2663//2663
f 4524//4524 4569//4569 4677//4677
f 4530//4530 4524//4524 4677//4677
f 4529//4529 4570//4570 2573//2573
f 4678//4678 2563//2563 2566//2566
f 2567//2567 4678//4678 2566//2566
f 4569//4569 4524//4524 2568//2568
f 4678//4678 2568//2568 4524//4524
f 4530//4530 4677//4677 2562//2562
f 4532//4532 2562//2562 4677//4677
f 4549//4549 2543//2543 4553//4553
f 4552//4552 4549//4549 4553//4553
f 4551//4551 4549//4549 4552//4552
f 4550//4550 4549//4549 4551//4551
f 4570//4570 4529//4529 4549//4549
f 2573//2573 4676//4676 4523//4523
f 4533//4533 4523//4523 4676//4676
f 2667//2667 2673//2673 2669//2669
f 4679//4679 2673//2673 2667//2667
f 2673//2673 4679//4679 2672//2672
f 4694//4694 2673//2673 2672//2672
f 2667//2667 4680//4680 4679//4679
f 2674//2674 4694//4694 4680//4680
f 2672//2672 4680//4680 4694//4694
f 2669//2669 4705//4705 2667//2667
f 4681//4681 4704//4704 2668//2668
f 4681//4681 2670//2670 4704//4704
f 2668//2668 4684//4684 4681//4681
f 4684//4684 2668//2668 4682//4682
f 4684//4684 4682//4682 2673//2673
f 2674//2674 4683//4683 4684//4684
f 4704//4704 4684//4684 4705//4705
f 2670//2670 4684//4684 4704//4704
f 4684//4684 2670//2670 2671//2671
f 2678//2678 4686//4686 2675//2675
f 4690//4690 4686//4686 2678//2678
f 2679//2679 4686//4686 4687//4687
f 4687//4687 4686//4686 4690//4690
f 4686//4686 4688//4688 4685//4685
f 4706//4706 4685//4685 4688//4688
f 4707//4707 2675//2675 4706//4706
f 2675//2675 4707//4707 2678//2678
f 2678//2678 4689//4689 4690//4690
f 4690//4690 4689//4689 2677//2677
f 2676//2676 4692//4692 2677//2677
f 2677//2677 4693//4693 2676//2676
f 4689//4689 4693//4693 2677//2677
f 4693//4693 4689//4689 4707//4707
f 4688//4688 4693//4693 4707//4707
f 4692//4692 2679//2679 4691//4691
f 2679//2679 4692//4692 4695//4695
f 2679//2679 4695//4695 4693//4693
f 2673//2673 4694//4694 2679//2679
f 4688//4688 4694//4694 2674//2674
f 4691//4691 4687//4687 2668//2668
f 4681//4681 4695//4695 4692//4692
f 4695//4695 4681//4681 2671//2671
f 4685//4685 2672//2672 4679//4679
f 2675//2675 4685//4685 4679//4679
f 2669//2669 4687//4687 4690//4690
f 4687//4687 2669//2669 4682//4682
f 4680//4680 4685//4685 4706//4706
f 2676//2676 4695//4695 2670//2670
f 4705//4705 4683//4683 4689//4689
f 4709//4709 4698//4698 4697//4697
f 4696//4696 4697//4697 4698//4698
f 2680//2680 4696//4696 4698//4698
f 4699//4699 4700//4700 2680//2680
f 4699//4699 4708//4708 4700//4700
f 4688//4688 4700//4700 4693//4693
f 4709//4709 4697//4697 4701//4701
f 4710//4710 4709//4709 4701//4701
f 4710//4710 4701//4701 4702//4702
f 2681//2681 4710//4710 4702//4702
f 2681//2681 4702//4702 4703//4703
f 2682//2682 2681//2681 4703//4703
f 2682//2682 4703//4703 2674//2674
f 2677//2677 4691//4691 4704//4704
f 4691//4691 2668//2668 4704//4704
f 2670//2670 4681//4681 2676//2676
f 4690//4690 4704//4704 2669//2669
f 4704//4704 4690//4690 2677//2677
f 2667//2667 4705//4705 2678//2678
f 4679//4679 4706//4706 2675//2675
f 4706//4706 4679//4679 4680//4680
f 2678//2678 4707//4707 2667//2667
f 4699//4699 2679//2679 4708//4708
f 4698//4698 2679//2679 4699//4699
f 2683//2683 2679//2679 4698//4698
f 2682//2682 4684//4684 2683//2683
f 2706//2706 4711//4711 2707//2707
f 2705//2705 4711//4711 2706//2706
f 4711//4711 2705//2705 4712//4712
f 2704//2704 4712//4712 2705//2705
f 4712//4712 2704//2704 2690//2690
f 2689//2689 4712//4712 2690//2690
f 4713//4713 4712//4712 2689//2689
f 2686//2686 4714//4714 2684//2684
f 4713//4713 2688//2688 2684//2684
f 2715//2715 2695//2695 2700//2700
f 2714//2714 2695//2695 2715//2715
f 2713//2713 2695//2695 2714//2714
f 2712//2712 2695//2695 2713//2713
f 2695//2695 2712//2712 4714//4714
f 2729//2729 4714//4714 2712//2712
f 2728//2728 4714//4714 2729//2729
f 2727//2727 4714//4714 2728//2728
f 2726//2726 4714//4714 2727//2727
f 4715//4715 2725//2725 4712//4712
f 4716//4716 4712//4712 4724//4724
f 4715//4715 4712//4712 4716//4716
f 2726//2726 4715//4715 4716//4716
f 4716//4716 4714//4714 2726//2726
f 4718//4718 4717//4717 2730//2730
f 2731//2731 2730//2730 4717//4717
f 4718//4718 2730//2730 2769//2769
f 2768//2768 4718//4718 2769//2769
f 2767//2767 4718//4718 2768//2768
f 2766//2766 4718//4718 2767//2767
f 2765//2765 4718//4718 2766//2766
f 4718//4718 2765//2765 2751//2751
f 2750//2750 4718//4718 2751//2751
f 2749//2749 4718//4718 2750//2750
f 4719//4719 2738//2738 2737//2737
f 4718//4718 2749//2749 2737//2737
f 2736//2736 4720//4720 2737//2737
f 4720//4720 2732//2732 4721//4721
f 4723//4723 2744//2744 2743//2743
f 4722//4722 4723//4723 2743//2743
f 2760//2760 4722//4722 2746//2746
f 2759//2759 4722//4722 2760//2760
f 2758//2758 4722//4722 2759//2759
f 2757//2757 4722//4722 2758//2758
f 4722//4722 2757//2757 4723//4723
f 2756//2756 4723//4723 2757//2757
f 2776//2776 4723//4723 2756//2756
f 2775//2775 4723//4723 2776//2776
f 2774//2774 4723//4723 2775//2775
f 2773//2773 4723//4723 2774//2774
f 2772//2772 4723//4723 2773//2773
f 2730//2730 4723//4723 2772//2772
f 2684//2684 4720//4720 4723//4723
f 4720//4720 2684//2684 4714//4714
f 4718//4718 4714//4714 4716//4716
f 4714//4714 4718//4718 4720//4720
f 4716//4716 4724//4724 4718//4718
f 4726//4726 4725//4725 2788//2788
f 2787//2787 4725//4725 4726//4726
f 2786//2786 4725//4725 2787//2787
f 2730//2730 2731//2731 2786//2786
f 4725//4725 2786//2786 2731//2731
f 2789//2789 2788//2788 4725//4725
f 2790//2790 2789//2789 4725//4725
f 2791//2791 2790//2790 4725//4725
f 4712//4712 2791//2791 4725//4725
f 2778//2778 4726//4726 2788//2788
f 2778//2778 2779//2779 4726//4726
f 2779//2779 4727//4727 2787//2787
f 2786//2786 2787//2787 4727//4727
f 2786//2786 4727//4727 4723//4723
f 2730//2730 2786//2786 4723//4723
f 4712//4712 2780//2780 2791//2791
f 2780//2780 2790//2790 2791//2791
f 4728//4728 2789//2789 2790//2790
f 2777//2777 2788//2788 2789//2789
f 2797//2797 4730//4730 94//94
f 49//49 4731//4731 2798//2798
f 2798//2798 50//50 2799//2799
f 4141//4141 2799//2799 50//50
f 2797//2797 4732//4732 4173//4173
f 2797//2797 4173//4173 4733//4733
f 4730//4730 4733//4733 50//50
f 4173//4173 2799//2799 4188//4188
f 2799//2799 4141//4141 4188//4188
f 4734//4734 4767//4767 2846//2846
f 4735//4735 2853//2853 4736//4736
f 2853//2853 4735//4735 2854//2854
f 2846//2846 4736//4736 4734//4734
f 4736//4736 2846//2846 2845//2845
f 2870//2870 4738//4738 2872//2872
f 4739//4739 2876//2876 2874//2874
f 2872//2872 2877//2877 4739//4739
f 2873//2873 4739//4739 2874//2874
f 2871//2871 4739//4739 2873//2873
f 4740//4740 2862//2862 2861//2861
f 4735//4735 4740//4740 2854//2854
f 2869//2869 4738//4738 2867//2867
f 2845//2845 2844//2844 4740//4740
f 4740//4740 2863//2863 2862//2862
f 2843//2843 4740//4740 2844//2844
f 2855//2855 4740//4740 4741//4741
f 4742//4742 2856//2856 2855//2855
f 2843//2843 4742//4742 4741//4741
f 4742//4742 2843//2843 2842//2842
f 4743//4743 2814//2814 2816//2816
f 4747//4747 2809//2809 2810//2810
f 4743//4743 2825//2825 4744//4744
f 2824//2824 4744//4744 2825//2825
f 4744//4744 4747//4747 2814//2814
f 4745//4745 2801//2801 2800//2800
f 4745//4745 2804//2804 2803//2803
f 4746//4746 2834//2834 2832//2832
f 4746//4746 2832//2832 2831//2831
f 2808//2808 2809//2809 4747//4747
f 4748//4748 2807//2807 2805//2805
f 4748//4748 2805//2805 2806//2806
f 4747//4747 2824//2824 2823//2823
f 2813//2813 4747//4747 4750//4750
f 4749//4749 2817//2817 4750//4750
f 2813//2813 4750//4750 2817//2817
f 2823//2823 2822//2822 4750//4750
f 4773//4773 4749//4749 2822//2822
f 4751//4751 4776//4776 2928//2928
f 2935//2935 4751//4751 2936//2936
f 4751//4751 2928//2928 2927//2927
f 4753//4753 2958//2958 2956//2956
f 2954//2954 2959//2959 4753//4753
f 2955//2955 4753//4753 2956//2956
f 2953//2953 4753//4753 2955//2955
f 2952//2952 4754//4754 2954//2954
f 4755//4755 2944//2944 2943//2943
f 4751//4751 4755//4755 2936//2936
f 2951//2951 4754//4754 2949//2949
f 2927//2927 2926//2926 4755//4755
f 4755//4755 2945//2945 2944//2944
f 2925//2925 4755//4755 2926//2926
f 2937//2937 4755//4755 4756//4756
f 4756//4756 2938//2938 2937//2937
f 4756//4756 2925//2925 2924//2924
f 4757//4757 2896//2896 2898//2898
f 4758//4758 2891//2891 2892//2892
f 4757//4757 2908//2908 4759//4759
f 2907//2907 4759//4759 2908//2908
f 4759//4759 4758//4758 2896//2896
f 4760//4760 2883//2883 2882//2882
f 4760//4760 2886//2886 2885//2885
f 4761//4761 2916//2916 2914//2914
f 4761//4761 2914//2914 2913//2913
f 4762//4762 2889//2889 2887//2887
f 4762//4762 2887//2887 2888//2888
f 2890//2890 2891//2891 4758//4758
f 4758//4758 2907//2907 2906//2906
f 2895//2895 4758//4758 4763//4763
f 2895//2895 4764//4764 2899//2899
f 2906//2906 2905//2905 4763//4763
f 4764//4764 4763//4763 2905//2905
f 2900//2900 4764//4764 2905//2905
f 2900//2900 2889//2889 2893//2893
f 2894//2894 2900//2900 2893//2893
f 2899//2899 2900//2900 2894//2894
f 2850//2850 4766//4766 2901//2901
f 4766//4766 2850//2850 2851//2851
f 2860//2860 4767//4767 2853//2853
f 2861//2861 4767//4767 2860//2860
f 2866//2866 4767//4767 2861//2861
f 2870//2870 4768//4768 2866//2866
f 4767//4767 2866//2866 4768//4768
f 4768//4768 2870//2870 2878//2878
f 2917//2917 2885//2885 4769//4769
f 4768//4768 4769//4769 2885//2885
f 2878//2878 4770//4770 4769//4769
f 4770//4770 2878//2878 2873//2873
f 2916//2916 2917//2917 4771//4771
f 4770//4770 4771//4771 2917//2917
f 4772//4772 2920//2920 2916//2916
f 4772//4772 2916//2916 4771//4771
f 4772//4772 4771//4771 2873//2873
f 2881//2881 4772//4772 2873//2873
f 2879//2879 4772//4772 2881//2881
f 4773//4773 2807//2807 2811//2811
f 2812//2812 4773//4773 2811//2811
f 2817//2817 4773//4773 2812//2812
f 2818//2818 2933//2933 4775//4775
f 2932//2932 2933//2933 2818//2818
f 4776//4776 2935//2935 4777//4777
f 2942//2942 4777//4777 2935//2935
f 2943//2943 4777//4777 2942//2942
f 2948//2948 4777//4777 2943//2943
f 2952//2952 4777//4777 2948//2948
f 2952//2952 4778//4778 4777//4777
f 4778//4778 2952//2952 2960//2960
f 2835//2835 2803//2803 4779//4779
f 4778//4778 4779//4779 2803//2803
f 2960//2960 4780//4780 4779//4779
f 4780//4780 2960//2960 2955//2955
f 2834//2834 2835//2835 4781//4781
f 4780//4780 4781//4781 2835//2835
f 4799//4799 2838//2838 2834//2834
f 4799//4799 2834//2834 4781//4781
f 4799//4799 4781//4781 2955//2955
f 2963//2963 4799//4799 2955//2955
f 2961//2961 4799//4799 2963//2963
f 2981//2981 2979//2979 4782//4782
f 2980//2980 2877//2877 4783//4783
f 2979//2979 4783//4783 2877//2877
f 4783//4783 2981//2981 2831//2831
f 2876//2876 2980//2980 4784//4784
f 4783//4783 4784//4784 2980//2980
f 4784//4784 2831//2831 2839//2839
f 2880//2880 2876//2876 4785//4785
f 4784//4784 4785//4785 2876//2876
f 2839//2839 2837//2837 4785//4785
f 2837//2837 4737//4737 2880//2880
f 2939//2939 4786//4786 2898//2898
f 2938//2938 2939//2939 4787//4787
f 2898//2898 4788//4788 4787//4787
f 4788//4788 2898//2898 2897//2897
f 2941//2941 2938//2938 4788//4788
f 4788//4788 2897//2897 2892//2892
f 2946//2946 2941//2941 4789//4789
f 4788//4788 4789//4789 2941//2941
f 4789//4789 2892//2892 2888//2888
f 2947//2947 2946//2946 4790//4790
f 4789//4789 4790//4790 2946//2946
f 2888//2888 4791//4791 4790//4790
f 4791//4791 2888//2888 2882//2882
f 2951//2951 2947//2947 4792//4792
f 4791//4791 4792//4792 2947//2947
f 2882//2882 4793//4793 4792//4792
f 4793//4793 2882//2882 2918//2918
f 2959//2959 2951//2951 4794//4794
f 4793//4793 4794//4794 2951//2951
f 2918//2918 4795//4795 4794//4794
f 4795//4795 2918//2918 2983//2983
f 2984//2984 2959//2959 4795//4795
f 4795//4795 2983//2983 2913//2913
f 2958//2958 2984//2984 4796//4796
f 4795//4795 4796//4796 2984//2984
f 2913//2913 4797//4797 4796//4796
f 4797//4797 2913//2913 2921//2921
f 2962//2962 2958//2958 4798//4798
f 4797//4797 4798//4798 2958//2958
f 2921//2921 2919//2919 4798//4798
f 2919//2919 4752//4752 2962//2962
f 4752//4752 2919//2919 2985//2985
f 4772//4772 2985//2985 2919//2919
f 2961//2961 4752//4752 2985//2985
f 2879//2879 4799//4799 4831//4831
f 4800//4800 4831//4831 4799//4799
f 2879//2879 4831//4831 4772//4772
f 2985//2985 4772//4772 4831//4831
f 4799//4799 2961//2961 4800//4800
f 2879//2879 4737//4737 4799//4799
f 2837//2837 4799//4799 4737//4737
f 2820//2820 4802//4802 2930//2930
f 2928//2928 2930//2930 4802//4802
f 4802//4802 2822//2822 2824//2824
f 4803//4803 2905//2905 2907//2907
f 2846//2846 2848//2848 4803//4803
f 2903//2903 4803//4803 2848//2848
f 4804//4804 3053//3053 3052//3052
f 3043//3043 3042//3042 4804//4804
f 4805//4805 3062//3062 3069//3069
f 3052//3052 4806//4806 4804//4804
f 4805//4805 3066//3066 3065//3065
f 4806//4806 3044//3044 3043//3043
f 4807//4807 3063//3063 3061//3061
f 4807//4807 3061//3061 3060//3060
f 3057//3057 3056//3056 4806//4806
f 4806//4806 3056//3056 3055//3055
f 4808//4808 4806//4806 3051//3051
f 3050//3050 4808//4808 3051//3051
f 4808//4808 3045//3045 3044//3044
f 4808//4808 3049//3049 3045//3045
f 3087//3087 4809//4809 3075//3075
f 3085//3085 4809//4809 3086//3086
f 3076//3076 3075//3075 4809//4809
f 3085//3085 4810//4810 4809//4809
f 3102//3102 4811//4811 3095//3095
f 3077//3077 3076//3076 4810//4810
f 3098//3098 4811//4811 3101//3101
f 4810//4810 3092//3092 3091//3091
f 4812//4812 4810//4810 3084//3084
f 4810//4810 3091//3091 3090//3090
f 4812//4812 3084//3084 3083//3083
f 4813//4813 3120//3120 3119//3119
f 3111//3111 3110//3110 4814//4814
f 4813//4813 4814//4814 3110//3110
f 4815//4815 3128//3128 3135//3135
f 3119//3119 4816//4816 4814//4814
f 4815//4815 3132//3132 3131//3131
f 4816//4816 3112//3112 3111//3111
f 4817//4817 3129//3129 3127//3127
f 4817//4817 3127//3127 3126//3126
f 3123//3123 3122//3122 4816//4816
f 4816//4816 3122//3122 3121//3121
f 4818//4818 4816//4816 3118//3118
f 3117//3117 4818//4818 3118//3118
f 4818//4818 3113//3113 3112//3112
f 4818//4818 4849//4849 3113//3113
f 4848//4848 4819//4819 3140//3140
f 3150//3150 4819//4819 3151//3151
f 3141//3141 3140//3140 4819//4819
f 3150//3150 4820//4820 4819//4819
f 3166//3166 4821//4821 3159//3159
f 3142//3142 3141//3141 4820//4820
f 3162//3162 4821//4821 3165//3165
f 4820//4820 3156//3156 3155//3155
f 4820//4820 3155//3155 3154//3154
f 4822//4822 4820//4820 3149//3149
f 4822//4822 3143//3143 3142//3142
f 4822//4822 3148//3148 3143//3143
f 3054//3054 3063//3063 3058//3058
f 3059//3059 3054//3054 3058//3058
f 3053//3053 3054//3054 3059//3059
f 3039//3039 3147//3147 4823//4823
f 3146//3146 3147//3147 3039//3039
f 4824//4824 3148//3148 4825//4825
f 3153//3153 4825//4825 3148//3148
f 3154//3154 4825//4825 3153//3153
f 3158//3158 4825//4825 3154//3154
f 3162//3162 4825//4825 3158//3158
f 4825//4825 3162//3162 3163//3163
f 3068//3068 3069//3069 4826//4826
f 4825//4825 4826//4826 3069//3069
f 3163//3163 4827//4827 4826//4826
f 4827//4827 3163//3163 3168//3168
f 3072//3072 3068//3068 4828//4828
f 4827//4827 4828//4828 3068//3068
f 3026//3026 4881//4881 4829//4829
f 3025//3025 3026//3026 4830//4830
f 4829//4829 4830//4830 3026//3026
f 4831//4831 3028//3028 3025//3025
f 4831//4831 3025//3025 4830//4830
f 4831//4831 4830//4830 3014//3014
f 3019//3019 4831//4831 3014//3014
f 2985//2985 4831//4831 3019//3019
f 4832//4832 3129//3129 3124//3124
f 3125//3125 4832//4832 3124//3124
f 3120//3120 4832//4832 3125//3125
f 3081//3081 4833//4833 3107//3107
f 3082//3082 4833//4833 3081//3081
f 3089//3089 4834//4834 3083//3083
f 3090//3090 4834//4834 3089//3089
f 3094//3094 4834//4834 3090//3090
f 3098//3098 4835//4835 3094//3094
f 4834//4834 3094//3094 4835//4835
f 4835//4835 3098//3098 3099//3099
f 3134//3134 3135//3135 4836//4836
f 4835//4835 4836//4836 3135//3135
f 3099//3099 4837//4837 4836//4836
f 4837//4837 3099//3099 3104//3104
f 3137//3137 3134//3134 4838//4838
f 4837//4837 4838//4838 3134//3134
f 3031//3031 4839//4839 4877//4877
f 3008//3008 4877//4877 4839//4839
f 3007//3007 3008//3008 4840//4840
f 4839//4839 4840//4840 3008//3008
f 4801//4801 3010//3010 3007//3007
f 4801//4801 3007//3007 4840//4840
f 4801//4801 4840//4840 3032//3032
f 3037//3037 4801//4801 3032//3032
f 4800//4800 4801//4801 3037//3037
f 4841//4841 3064//3064 3177//3177
f 4842//4842 3097//3097 3178//3178
f 3029//3029 4843//4843 4844//4844
f 3036//3036 3029//3029 4844//4844
f 3036//3036 4844//4844 3022//3022
f 3035//3035 3036//3036 4845//4845
f 3022//3022 4846//4846 4845//4845
f 4846//4846 3022//3022 3027//3027
f 3038//3038 3035//3035 4847//4847
f 4846//4846 4847//4847 3035//3035
f 3027//3027 4800//4800 4847//4847
f 4800//4800 3027//3027 4831//4831
f 4848//4848 3152//3152 3116//3116
f 4848//4848 3116//3116 4849//4849
f 3151//3151 4848//4848 4849//4849
f 4850//4850 4849//4849 3117//3117
f 3157//3157 3151//3151 4851//4851
f 4850//4850 4851//4851 3151//3151
f 4851//4851 3117//3117 3121//3121
f 3161//3161 3157//3157 4851//4851
f 3121//3121 4853//4853 4851//4851
f 4853//4853 3121//3121 3126//3126
f 4853//4853 3126//3126 4852//4852
f 4853//4853 4852//4852 3130//3130
f 3167//3167 4854//4854 4855//4855
f 4854//4854 3161//3161 4853//4853
f 4855//4855 4853//4853 3130//3130
f 4855//4855 3130//3130 3131//3131
f 3166//3166 3167//3167 4856//4856
f 4855//4855 4856//4856 3167//3167
f 3131//3131 4857//4857 4856//4856
f 4857//4857 3131//3131 3136//3136
f 3170//3170 3166//3166 4858//4858
f 4857//4857 4858//4858 3166//3166
f 3003//3003 4859//4859 3011//3011
f 4859//4859 3018//3018 3011//3011
f 3017//3017 3018//3018 4860//4860
f 4859//4859 4860//4860 3018//3018
f 3004//3004 4861//4861 4860//4860
f 4861//4861 3004//3004 3009//3009
f 3020//3020 3017//3017 4862//4862
f 4861//4861 4862//4862 3017//3017
f 3009//3009 4801//4801 4862//4862
f 2985//2985 3020//3020 4801//4801
f 2979//2979 4863//4863 4782//4782
f 4863//4863 2979//2979 4865//4865
f 3106//3106 4864//4864 3105//3105
f 4864//4864 4863//4863 4865//4865
f 4863//4863 4864//4864 3106//3106
f 3072//3072 4864//4864 3071//3071
f 3104//3104 3105//3105 4864//4864
f 3196//3196 3225//3225 4873//4873
f 3196//3196 3226//3226 3225//3225
f 3227//3227 3226//3226 3196//3196
f 3228//3228 3227//3227 4868//4868
f 3196//3196 4868//4868 3227//3227
f 3193//3193 4866//4866 3194//3194
f 3192//3192 4866//4866 3193//3193
f 3191//3191 4866//4866 3192//3192
f 3190//3190 4866//4866 3191//3191
f 4866//4866 3190//3190 4867//4867
f 3228//3228 4866//4866 4867//4867
f 3168//3168 4866//4866 4868//4868
f 4866//4866 3228//3228 4868//4868
f 3201//3201 4868//4868 3202//3202
f 3200//3200 4868//4868 3201//3201
f 3199//3199 4868//4868 3200//3200
f 3220//3220 4869//4869 3221//3221
f 3219//3219 4869//4869 3220//3220
f 3218//3218 4869//4869 3219//3219
f 3217//3217 4869//4869 3218//3218
f 3216//3216 4869//4869 3217//3217
f 3215//3215 4869//4869 3216//3216
f 3210//3210 4869//4869 3215//3215
f 3209//3209 4869//4869 3210//3210
f 3208//3208 4869//4869 3209//3209
f 3207//3207 4869//4869 3208//3208
f 3206//3206 4869//4869 3207//3207
f 4870//4870 4869//4869 3206//3206
f 4870//4870 3205//3205 3104//3104
f 4869//4869 4870//4870 3104//3104
f 4869//4869 3104//3104 4864//4864
f 3072//3072 4828//4828 3198//3198
f 4828//4828 3168//3168 3199//3199
f 4871//4871 3212//3212 4872//4872
f 3215//3215 4872//4872 3212//3212
f 3214//3214 4872//4872 3215//3215
f 3213//3213 4872//4872 3214//3214
f 3229//3229 4867//4867 4874//4874
f 3222//3222 3229//3229 4874//4874
f 4872//4872 3222//3222 4874//4874
f 3189//3189 4874//4874 3190//3190
f 3188//3188 4874//4874 3189//3189
f 3187//3187 4874//4874 3188//3188
f 3195//3195 4874//4874 3187//3187
f 3194//3194 4866//4866 4875//4875
f 4866//4866 3168//3168 4875//4875
f 4875//4875 3195//3195 3194//3194
f 4872//4872 4874//4874 4875//4875
f 4874//4874 3195//3195 4875//4875
f 3137//3137 4838//4838 4875//4875
f 4838//4838 3104//3104 4872//4872
f 3168//3168 3169//3169 4875//4875
f 3169//3169 3170//3170 4875//4875
f 3136//3136 4875//4875 4858//4858
f 3029//3029 3255//3255 4843//4843
f 3255//3255 3029//3029 3030//3030
f 3021//3021 4843//4843 3255//3255
f 3255//3255 3030//3030 3031//3031
f 4881//4881 3021//3021 3255//3255
f 3276//3276 3275//3275 4876//4876
f 4876//4876 3246//3246 3245//3245
f 3275//3275 3274//3274 4876//4876
f 4876//4876 3238//3238 3246//3246
f 4876//4876 3274//3274 3273//3273
f 4876//4876 3273//3273 3272//3272
f 3239//3239 3238//3238 4876//4876
f 3232//3232 4877//4877 3233//3233
f 3231//3231 4877//4877 3232//3232
f 3230//3230 4877//4877 3231//3231
f 4878//4878 4877//4877 3230//3230
f 4877//4877 4878//4878 3240//3240
f 3239//3239 4877//4877 3240//3240
f 4877//4877 3239//3239 4876//4876
f 4877//4877 4876//4876 3272//3272
f 3271//3271 4877//4877 3272//3272
f 3270//3270 4877//4877 3271//3271
f 3269//3269 4877//4877 3270//3270
f 4877//4877 3269//3269 3261//3261
f 3278//3278 3261//3261 3269//3269
f 3260//3260 4877//4877 3261//3261
f 3259//3259 4877//4877 3260//3260
f 3258//3258 4877//4877 3259//3259
f 3248//3248 4877//4877 3258//3258
f 4879//4879 4877//4877 3248//3248
f 3256//3256 3255//3255 3031//3031
f 3031//3031 4879//4879 3247//3247
f 3254//3254 4881//4881 3255//3255
f 3253//3253 4881//4881 3254//3254
f 3252//3252 4881//4881 3253//3253
f 3251//3251 4881//4881 3252//3252
f 3250//3250 4881//4881 3251//3251
f 3267//3267 4881//4881 3250//3250
f 3266//3266 4881//4881 3267//3267
f 3265//3265 4881//4881 3266//3266
f 3264//3264 4881//4881 3265//3265
f 3263//3263 4881//4881 3264//3264
f 3262//3262 4881//4881 3263//3263
f 3277//3277 4881//4881 3262//3262
f 3276//3276 4881//4881 3277//3277
f 4881//4881 3276//3276 4876//4876
f 4881//4881 4876//4876 3245//3245
f 4881//4881 3244//3244 3243//3243
f 3244//3244 4881//4881 3245//3245
f 3243//3243 3242//3242 4881//4881
f 3241//3241 4881//4881 3242//3242
f 3241//3241 3240//3240 4880//4880
f 4878//4878 4880//4880 3240//3240
f 4881//4881 3241//3241 4880//4880
f 3237//3237 4881//4881 4880//4880
f 3236//3236 4881//4881 3237//3237
f 3235//3235 4881//4881 3236//3236
f 3234//3234 4881//4881 3235//3235
f 3233//3233 4877//4877 3013//3013
f 3013//3013 3234//3234 3233//3233
f 3013//3013 4881//4881 3234//3234
f 4877//4877 3002//3002 3013//3013
f 3003//3003 3013//3013 3002//3002
f 3013//3013 3011//3011 3012//3012
f 4882//4882 3075//3075 3077//3077
f 3043//3043 3045//3045 4882//4882
f 3113//3113 3292//3292 3111//3111
f 3140//3140 3292//3292 3113//3113
f 94//94 4886//4886 2797//2797
f 2798//2798 4883//4883 49//49
f 2797//2797 4886//4886 4884//4884
f 4884//4884 4883//4883 2798//2798
f 4883//4883 4886//4886 4885//4885
f 3309//3309 4886//4886 94//94
f 4886//4886 3309//3309 4885//4885
f 4883//4883 4885//4885 4889//4889
f 49//49 4883//4883 3308//3308
f 4889//4889 3308//3308 4883//4883
f 2798//2798 4887//4887 4888//4888
f 3310//3310 4885//4885 3309//3309
f 4887//4887 3308//3308 4889//4889
f 4885//4885 3310//3310 4889//4889
f 4887//4887 4889//4889 3310//3310
f 4942//4942 3328//3328 3439//3439
f 4942//4942 3441//3441 3440//3440
f 4942//4942 3439//3439 3438//3438
f 4942//4942 3442//3442 3441//3441
f 4942//4942 3438//3438 3437//3437
f 3443//3443 4942//4942 4890//4890
f 4942//4942 3443//3443 3442//3442
f 4890//4890 3437//3437 3436//3436
f 4890//4890 3444//3444 3443//3443
f 3436//3436 4891//4891 4890//4890
f 4891//4891 3436//3436 3435//3435
f 4891//4891 3445//3445 3444//3444
f 4891//4891 3435//3435 3434//3434
f 4891//4891 3446//3446 3445//3445
f 3446//3446 4891//4891 3447//3447
f 4891//4891 3434//3434 3329//3329
f 3433//3433 4891//4891 3329//3329
f 4891//4891 3448//3448 3447//3447
f 3433//3433 4892//4892 4891//4891
f 4892//4892 3433//3433 3432//3432
f 4892//4892 3449//3449 3448//3448
f 4892//4892 3432//3432 3431//3431
f 4892//4892 3450//3450 3449//3449
f 4892//4892 3431//3431 3430//3430
f 4892//4892 3451//3451 3450//3450
f 4892//4892 3430//3430 3429//3429
f 4892//4892 3452//3452 3451//3451
f 4892//4892 3429//3429 3428//3428
f 4892//4892 3453//3453 3452//3452
f 3453//3453 4892//4892 3454//3454
f 4892//4892 3428//3428 3427//3427
f 4892//4892 3455//3455 3454//3454
f 3427//3427 3330//3330 4892//4892
f 4892//4892 3330//3330 4893//4893
f 3426//3426 4893//4893 3330//3330
f 4893//4893 3456//3456 3455//3455
f 4893//4893 3426//3426 3425//3425
f 3457//3457 4893//4893 4894//4894
f 4893//4893 3457//3457 3456//3456
f 4894//4894 3425//3425 3424//3424
f 4894//4894 3458//3458 3457//3457
f 4894//4894 3424//3424 3423//3423
f 4894//4894 3459//3459 3458//3458
f 4894//4894 3423//3423 3422//3422
f 4894//4894 3460//3460 3459//3459
f 4894//4894 3422//3422 3421//3421
f 4894//4894 3461//3461 3460//3460
f 4894//4894 3421//3421 3420//3420
f 4894//4894 3462//3462 3461//3461
f 4894//4894 3420//3420 3419//3419
f 4894//4894 3463//3463 3462//3462
f 4894//4894 3419//3419 3418//3418
f 3464//3464 4894//4894 4895//4895
f 4894//4894 3464//3464 3463//3463
f 4895//4895 3418//3418 3331//3331
f 4895//4895 3465//3465 3464//3464
f 4895//4895 3331//3331 3417//3417
f 4895//4895 3466//3466 3465//3465
f 4895//4895 3417//3417 3416//3416
f 4895//4895 3467//3467 3466//3466
f 4895//4895 3416//3416 3415//3415
f 4895//4895 3468//3468 3467//3467
f 4895//4895 3415//3415 3414//3414
f 3469//3469 4895//4895 4896//4896
f 4895//4895 3469//3469 3468//3468
f 4896//4896 3414//3414 3413//3413
f 4896//4896 3470//3470 3469//3469
f 4896//4896 3413//3413 3412//3412
f 4896//4896 3471//3471 3470//3470
f 3412//3412 3411//3411 4896//4896
f 4896//4896 3472//3472 3471//3471
f 3411//3411 3410//3410 4896//4896
f 4896//4896 3473//3473 3472//3472
f 3410//3410 3409//3409 4896//4896
f 4897//4897 4896//4896 3409//3409
f 4897//4897 3474//3474 3473//3473
f 3409//3409 3408//3408 4897//4897
f 4897//4897 3475//3475 3474//3474
f 3408//3408 3407//3407 4897//4897
f 4897//4897 3476//3476 3475//3475
f 3407//3407 3332//3332 4897//4897
f 4897//4897 3477//3477 3476//3476
f 3332//3332 3406//3406 4897//4897
f 4897//4897 3478//3478 3477//3477
f 3406//3406 3405//3405 4897//4897
f 4898//4898 4897//4897 3405//3405
f 4898//4898 3479//3479 3478//3478
f 4898//4898 3405//3405 3404//3404
f 4898//4898 3480//3480 3479//3479
f 4898//4898 3404//3404 3403//3403
f 4898//4898 3481//3481 3480//3480
f 3403//3403 4899//4899 4898//4898
f 4899//4899 3403//3403 3402//3402
f 4899//4899 3482//3482 3481//3481
f 4899//4899 3402//3402 3401//3401
f 4899//4899 3483//3483 3482//3482
f 4899//4899 3401//3401 3400//3400
f 4899//4899 3484//3484 3483//3483
f 4899//4899 3400//3400 3399//3399
f 4899//4899 3485//3485 3484//3484
f 4899//4899 3399//3399 3398//3398
f 4899//4899 3486//3486 3485//3485
f 4899//4899 3398//3398 3397//3397
f 4899//4899 3487//3487 3486//3486
f 4899//4899 3397//3397 3396//3396
f 4899//4899 3488//3488 3487//3487
f 4899//4899 3396//3396 3333//3333
f 3489//3489 4899//4899 4900//4900
f 4899//4899 3489//3489 3488//3488
f 4900//4900 3333//3333 3395//3395
f 3490//3490 3489//3489 4900//4900
f 3490//3490 4900//4900 3491//3491
f 4900//4900 3395//3395 3394//3394
f 3492//3492 3491//3491 4900//4900
f 3394//3394 3393//3393 4900//4900
f 3493//3493 3492//3492 4900//4900
f 3393//3393 3392//3392 4900//4900
f 4901//4901 4900//4900 3392//3392
f 3494//3494 3493//3493 4901//4901
f 3392//3392 3391//3391 4901//4901
f 3495//3495 3494//3494 4901//4901
f 3391//3391 3390//3390 4901//4901
f 3496//3496 3495//3495 4901//4901
f 3390//3390 3389//3389 4901//4901
f 3497//3497 3496//3496 4901//4901
f 3389//3389 3388//3388 4901//4901
f 3498//3498 3497//3497 4902//4902
f 4901//4901 4902//4902 3497//3497
f 3388//3388 3387//3387 4902//4902
f 3499//3499 3498//3498 4902//4902
f 3387//3387 3334//3334 4902//4902
f 3500//3500 3499//3499 4902//4902
f 3334//3334 3386//3386 4902//4902
f 3501//3501 3500//3500 4903//4903
f 4902//4902 4903//4903 3500//3500
f 4903//4903 3386//3386 3385//3385
f 3502//3502 3501//3501 4903//4903
f 4903//4903 3385//3385 3384//3384
f 3503//3503 3502//3502 4903//4903
f 4903//4903 3384//3384 3383//3383
f 3504//3504 3503//3503 4903//4903
f 3383//3383 4904//4904 4903//4903
f 4904//4904 3383//3383 3382//3382
f 3505//3505 3504//3504 4904//4904
f 4904//4904 3382//3382 3381//3381
f 3506//3506 3505//3505 4905//4905
f 4904//4904 4905//4905 3505//3505
f 4905//4905 3381//3381 3380//3380
f 3507//3507 3506//3506 4905//4905
f 4905//4905 3380//3380 3335//3335
f 3508//3508 3507//3507 4905//4905
f 3508//3508 4905//4905 3509//3509
f 4905//4905 3335//3335 3379//3379
f 3510//3510 3509//3509 4905//4905
f 3379//3379 3378//3378 4905//4905
f 3511//3511 3510//3510 4905//4905
f 3378//3378 3377//3377 4905//4905
f 3512//3512 3511//3511 4905//4905
f 3377//3377 3376//3376 4905//4905
f 4906//4906 4905//4905 3376//3376
f 3513//3513 3512//3512 4906//4906
f 3376//3376 3375//3375 4906//4906
f 3514//3514 3513//3513 4906//4906
f 3375//3375 3374//3374 4906//4906
f 3515//3515 3514//3514 4906//4906
f 3374//3374 3336//3336 4906//4906
f 3516//3516 3515//3515 4906//4906
f 3336//3336 3373//3373 4906//4906
f 3517//3517 3516//3516 4906//4906
f 3373//3373 3372//3372 4906//4906
f 3518//3518 3517//3517 4906//4906
f 3372//3372 3371//3371 4906//4906
f 3519//3519 3518//3518 4906//4906
f 3371//3371 3370//3370 4906//4906
f 4907//4907 4906//4906 3370//3370
f 3520//3520 3519//3519 4907//4907
f 3370//3370 3369//3369 4907//4907
f 3521//3521 3520//3520 4907//4907
f 3369//3369 3337//3337 4907//4907
f 3522//3522 3521//3521 4907//4907
f 3337//3337 3368//3368 4907//4907
f 3523//3523 3522//3522 4907//4907
f 3368//3368 4908//4908 4907//4907
f 4908//4908 3368//3368 3367//3367
f 3524//3524 3523//3523 4908//4908
f 4908//4908 3367//3367 3366//3366
f 3525//3525 3524//3524 4908//4908
f 4908//4908 3366//3366 3365//3365
f 3526//3526 3525//3525 4908//4908
f 4908//4908 3365//3365 3338//3338
f 3527//3527 3526//3526 4908//4908
f 4908//4908 3338//3338 3364//3364
f 3528//3528 3527//3527 4908//4908
f 4908//4908 3364//3364 3363//3363
f 3529//3529 3528//3528 4908//4908
f 4908//4908 3363//3363 3362//3362
f 3530//3530 3529//3529 4908//4908
f 4908//4908 3362//3362 3339//3339
f 3531//3531 3530//3530 4908//4908
f 4908//4908 3339//3339 3361//3361
f 3532//3532 3531//3531 4908//4908
f 4908//4908 3361//3361 3360//3360
f 3533//3533 3532//3532 4908//4908
f 3360//3360 4909//4909 4908//4908
f 4909//4909 3360//3360 3359//3359
f 3534//3534 3533//3533 4909//4909
f 4909//4909 3359//3359 3340//3340
f 3535//3535 3534//3534 4910//4910
f 4909//4909 4910//4910 3534//3534
f 3535//3535 4910//4910 3536//3536
f 4910//4910 3340//3340 3358//3358
f 3537//3537 3536//3536 4910//4910
f 3358//3358 3357//3357 4910//4910
f 3341//3341 4910//4910 3357//3357
f 3538//3538 3537//3537 4910//4910
f 3341//3341 4911//4911 4910//4910
f 4911//4911 3341//3341 3356//3356
f 3539//3539 3538//3538 4911//4911
f 4911//4911 3356//3356 3355//3355
f 3540//3540 3539//3539 4911//4911
f 4911//4911 3355//3355 3342//3342
f 3541//3541 3540//3540 4911//4911
f 4911//4911 3342//3342 3354//3354
f 3542//3542 3541//3541 4912//4912
f 4911//4911 4912//4912 3541//3541
f 4912//4912 3354//3354 3353//3353
f 3543//3543 3542//3542 4912//4912
f 4912//4912 3353//3353 3343//3343
f 3544//3544 3543//3543 4913//4913
f 4912//4912 4913//4913 3543//3543
f 4913//4913 3343//3343 3352//3352
f 3545//3545 3544//3544 4913//4913
f 4913//4913 3352//3352 3344//3344
f 3546//3546 3545//3545 4913//4913
f 3344//3344 4914//4914 4913//4913
f 4914//4914 3344//3344 3351//3351
f 4914//4914 3547//3547 3546//3546
f 3351//3351 4915//4915 4914//4914
f 4915//4915 3351//3351 3345//3345
f 4915//4915 3548//3548 3547//3547
f 4915//4915 3345//3345 3350//3350
f 4915//4915 3549//3549 3548//3548
f 3350//3350 3346//3346 4915//4915
f 4916//4916 4915//4915 3346//3346
f 4916//4916 3550//3550 3549//3549
f 3550//3550 3347//3347 3551//3551
f 3346//3346 3347//3347 4916//4916
f 3347//3347 3552//3552 3551//3551
f 3349//3349 3348//3348 3552//3552
f 3311//3311 4917//4917 3348//3348
f 4917//4917 3311//3311 4918//4918
f 3583//3583 4917//4917 4918//4918
f 4919//4919 4918//4918 3312//3312
f 4919//4919 3584//3584 3583//3583
f 4919//4919 3312//3312 3582//3582
f 4919//4919 3585//3585 3584//3584
f 3582//3582 4920//4920 4919//4919
f 4920//4920 3582//3582 3313//3313
f 4920//4920 3586//3586 3585//3585
f 4920//4920 3313//3313 3581//3581
f 3587//3587 3586//3586 4921//4921
f 4920//4920 4921//4921 3586//3586
f 3581//3581 3314//3314 4921//4921
f 4922//4922 4921//4921 3314//3314
f 3588//3588 3587//3587 4922//4922
f 3314//3314 3580//3580 4922//4922
f 3589//3589 3588//3588 4923//4923
f 4922//4922 4923//4923 3588//3588
f 3580//3580 3315//3315 4923//4923
f 3590//3590 3589//3589 4923//4923
f 3315//3315 3579//3579 4923//4923
f 4924//4924 4923//4923 3579//3579
f 3591//3591 3590//3590 4924//4924
f 3579//3579 3316//3316 4924//4924
f 3592//3592 3591//3591 4924//4924
f 3316//3316 3578//3578 4924//4924
f 4925//4925 4924//4924 3578//3578
f 3577//3577 4925//4925 3578//3578
f 3593//3593 4925//4925 4926//4926
f 4925//4925 3593//3593 3592//3592
f 4926//4926 3577//3577 3317//3317
f 4926//4926 3594//3594 3593//3593
f 4926//4926 3317//3317 3576//3576
f 3595//3595 4926//4926 4927//4927
f 4926//4926 3595//3595 3594//3594
f 4927//4927 3576//3576 3575//3575
f 4927//4927 3596//3596 3595//3595
f 3575//3575 4928//4928 4927//4927
f 4928//4928 3575//3575 3318//3318
f 4928//4928 3597//3597 3596//3596
f 4928//4928 3318//3318 3574//3574
f 4928//4928 3598//3598 3597//3597
f 3574//3574 4929//4929 4928//4928
f 4929//4929 3574//3574 3573//3573
f 4929//4929 3599//3599 3598//3598
f 4929//4929 3573//3573 3572//3572
f 4929//4929 3600//3600 3599//3599
f 4929//4929 3572//3572 3319//3319
f 3601//3601 4929//4929 4930//4930
f 4929//4929 3601//3601 3600//3600
f 3319//3319 4931//4931 4930//4930
f 4931//4931 3319//3319 3571//3571
f 4931//4931 3602//3602 3601//3601
f 4931//4931 3571//3571 3570//3570
f 4931//4931 3603//3603 3602//3602
f 3603//3603 4932//4932 3604//3604
f 3570//3570 4932//4932 4931//4931
f 4932//4932 3570//3570 3569//3569
f 3605//3605 3604//3604 4932//4932
f 3569//3569 3320//3320 4932//4932
f 3606//3606 3605//3605 4933//4933
f 4932//4932 4933//4933 3605//3605
f 3320//3320 3568//3568 4933//4933
f 3607//3607 3606//3606 4933//4933
f 3568//3568 3567//3567 4933//4933
f 4933//4933 3567//3567 4934//4934
f 3566//3566 4934//4934 3567//3567
f 4934//4934 3608//3608 3607//3607
f 4934//4934 3566//3566 3565//3565
f 4934//4934 3609//3609 3608//3608
f 4934//4934 3565//3565 3321//3321
f 3610//3610 3609//3609 4935//4935
f 4934//4934 4935//4935 3609//3609
f 3321//3321 3564//3564 4935//4935
f 4935//4935 3611//3611 3610//3610
f 3564//3564 3563//3563 4935//4935
f 4935//4935 3612//3612 3611//3611
f 3563//3563 3562//3562 4935//4935
f 4936//4936 4935//4935 3562//3562
f 3613//3613 4936//4936 4937//4937
f 4936//4936 3613//3613 3612//3612
f 3562//3562 3322//3322 4937//4937
f 4937//4937 3614//3614 3613//3613
f 3322//3322 3561//3561 4937//4937
f 4937//4937 3615//3615 3614//3614
f 3561//3561 3560//3560 4937//4937
f 4937//4937 3616//3616 3615//3615
f 4937//4937 3560//3560 3323//3323
f 3617//3617 4937//4937 4938//4938
f 4937//4937 3617//3617 3616//3616
f 4938//4938 3323//3323 3559//3559
f 4938//4938 3618//3618 3617//3617
f 4938//4938 3559//3559 3558//3558
f 3619//3619 3618//3618 4938//4938
f 4938//4938 3558//3558 3324//3324
f 3620//3620 3619//3619 4938//4938
f 3324//3324 4939//4939 4938//4938
f 4939//4939 3324//3324 3557//3557
f 3621//3621 3620//3620 4939//4939
f 4939//4939 3557//3557 3556//3556
f 3622//3622 3621//3621 4939//4939
f 3556//3556 3325//3325 4939//4939
f 3623//3623 3622//3622 4939//4939
f 3325//3325 3555//3555 4939//4939
f 3624//3624 3623//3623 4940//4940
f 4939//4939 4940//4940 3623//3623
f 3555//3555 3326//3326 4940//4940
f 4941//4941 4940//4940 3326//3326
f 3625//3625 3624//3624 4941//4941
f 4941//4941 3326//3326 3554//3554
f 3626//3626 3625//3625 4941//4941
f 3554//3554 3327//3327 4941//4941
f 4942//4942 4941//4941 3327//3327
f 3627//3627 3626//3626 4942//4942
f 3327//3327 3553//3553 4942//4942
f 3328//3328 4942//4942 3553//3553
f 3440//3440 3627//3627 4942//4942
f 4943//4943 3621//3621 3492//3492
f 3587//3587 4943//4943 3585//3585
f 3616//3616 4943//4943 3587//3587
f 3646//3646 4944//4944 3664//3664
f 3663//3663 3864//3864 4944//4944
f 3665//3665 3664//3664 4944//4944
f 3864//3864 3863//3863 4944//4944
f 3666//3666 3665//3665 4945//4945
f 4944//4944 4945//4945 3665//3665
f 3863//3863 3862//3862 4945//4945
f 3667//3667 3666//3666 4945//4945
f 3862//3862 3861//3861 4945//4945
f 4946//4946 4945//4945 3861//3861
f 3668//3668 3667//3667 4946//4946
f 3861//3861 3860//3860 4946//4946
f 3669//3669 3668//3668 4946//4946
f 3860//3860 3859//3859 4946//4946
f 3645//3645 3669//3669 4946//4946
f 3859//3859 3858//3858 4946//4946
f 4947//4947 4946//4946 3858//3858
f 3670//3670 3645//3645 4947//4947
f 3858//3858 3857//3857 4947//4947
f 3671//3671 3670//3670 4947//4947
f 3857//3857 3856//3856 4947//4947
f 3672//3672 3671//3671 4947//4947
f 3856//3856 3855//3855 4947//4947
f 3673//3673 3672//3672 4947//4947
f 3855//3855 3854//3854 4947//4947
f 3853//3853 4947//4947 3854//3854
f 4947//4947 3674//3674 3673//3673
f 3853//3853 3852//3852 4947//4947
f 4947//4947 3675//3675 3674//3674
f 3852//3852 3851//3851 4947//4947
f 3676//3676 4947//4947 4948//4948
f 4947//4947 3676//3676 3675//3675
f 3851//3851 3850//3850 4948//4948
f 4948//4948 3644//3644 3676//3676
f 3850//3850 3849//3849 4948//4948
f 4948//4948 3677//3677 3644//3644
f 3849//3849 3848//3848 4948//4948
f 4948//4948 3678//3678 3677//3677
f 3678//3678 4948//4948 3679//3679
f 3848//3848 3847//3847 4948//4948
f 3680//3680 3679//3679 4948//4948
f 3847//3847 3846//3846 4948//4948
f 3681//3681 3680//3680 4948//4948
f 3846//3846 3845//3845 4948//4948
f 4949//4949 4948//4948 3845//3845
f 3682//3682 3681//3681 4949//4949
f 3845//3845 3844//3844 4949//4949
f 3683//3683 3682//3682 4949//4949
f 3844//3844 3843//3843 4949//4949
f 3842//3842 4949//4949 3843//3843
f 4949//4949 3684//3684 3683//3683
f 3842//3842 3841//3841 4949//4949
f 4949//4949 3685//3685 3684//3684
f 3841//3841 3840//3840 4949//4949
f 4949//4949 3643//3643 3685//3685
f 3643//3643 4950//4950 3686//3686
f 3840//3840 3839//3839 4949//4949
f 4950//4950 4949//4949 3839//3839
f 3687//3687 3686//3686 4950//4950
f 3839//3839 3838//3838 4950//4950
f 3688//3688 3687//3687 4950//4950
f 3838//3838 3837//3837 4950//4950
f 3689//3689 3688//3688 4950//4950
f 3837//3837 3836//3836 4950//4950
f 3690//3690 3689//3689 4950//4950
f 3836//3836 3835//3835 4950//4950
f 4950//4950 3691//3691 3690//3690
f 3835//3835 3834//3834 4950//4950
f 4950//4950 3692//3692 3691//3691
f 3834//3834 3833//3833 4950//4950
f 4951//4951 4950//4950 3833//3833
f 4951//4951 3693//3693 3692//3692
f 3833//3833 3832//3832 4951//4951
f 4951//4951 3694//3694 3693//3693
f 3832//3832 3831//3831 4951//4951
f 4951//4951 3695//3695 3694//3694
f 3831//3831 3830//3830 4951//4951
f 4951//4951 3696//3696 3695//3695
f 3830//3830 3829//3829 4951//4951
f 4951//4951 3642//3642 3696//3696
f 3829//3829 3828//3828 4951//4951
f 4951//4951 3697//3697 3642//3642
f 3828//3828 3827//3827 4951//4951
f 4951//4951 3698//3698 3697//3697
f 3827//3827 3826//3826 4951//4951
f 3699//3699 3698//3698 4951//4951
f 3826//3826 3825//3825 4951//4951
f 4952//4952 4951//4951 3825//3825
f 3700//3700 3699//3699 4952//4952
f 3825//3825 3824//3824 4952//4952
f 3701//3701 3700//3700 4952//4952
f 3824//3824 3823//3823 4952//4952
f 3702//3702 3701//3701 4952//4952
f 3823//3823 3822//3822 4952//4952
f 3703//3703 3702//3702 4952//4952
f 3822//3822 3821//3821 4952//4952
f 3704//3704 3703//3703 4952//4952
f 3821//3821 3820//3820 4952//4952
f 4953//4953 4952//4952 3820//3820
f 3705//3705 3704//3704 4953//4953
f 3820//3820 3819//3819 4953//4953
f 3706//3706 3705//3705 4953//4953
f 3819//3819 3818//3818 4953//4953
f 3707//3707 3706//3706 4953//4953
f 3818//3818 3817//3817 4953//4953
f 3641//3641 3707//3707 4953//4953
f 3817//3817 3816//3816 4953//4953
f 3708//3708 3641//3641 4953//4953
f 4953//4953 3816//3816 3815//3815
f 4953//4953 3815//3815 4954//4954
f 3814//3814 4954//4954 3815//3815
f 4954//4954 3709//3709 3708//3708
f 4954//4954 3814//3814 3813//3813
f 4954//4954 3710//3710 3709//3709
f 4954//4954 3813//3813 3812//3812
f 3711//3711 4954//4954 4955//4955
f 4954//4954 3711//3711 3710//3710
f 4955//4955 3812//3812 3811//3811
f 4955//4955 3712//3712 3711//3711
f 4955//4955 3811//3811 3810//3810
f 4955//4955 3713//3713 3712//3712
f 4955//4955 3810//3810 3809//3809
f 4955//4955 3714//3714 3713//3713
f 4955//4955 3809//3809 3808//3808
f 4955//4955 3715//3715 3714//3714
f 4955//4955 3808//3808 3807//3807
f 4955//4955 3716//3716 3715//3715
f 3807//3807 4956//4956 4955//4955
f 4956//4956 3807//3807 3806//3806
f 4956//4956 3640//3640 3716//3716
f 4956//4956 3806//3806 3805//3805
f 4956//4956 3717//3717 3640//3640
f 4956//4956 3805//3805 3804//3804
f 3718//3718 3717//3717 4956//4956
f 4956//4956 3804//3804 3803//3803
f 3719//3719 3718//3718 4956//4956
f 4956//4956 3803//3803 3802//3802
f 3720//3720 3719//3719 4956//4956
f 3802//3802 4957//4957 4956//4956
f 4957//4957 3802//3802 3801//3801
f 3721//3721 3720//3720 4957//4957
f 4957//4957 3801//3801 3800//3800
f 3799//3799 4957//4957 3800//3800
f 4957//4957 3722//3722 3721//3721
f 4957//4957 3799//3799 3798//3798
f 4957//4957 3723//3723 3722//3722
f 4957//4957 3798//3798 3797//3797
f 3639//3639 4957//4957 4958//4958
f 4957//4957 3639//3639 3723//3723
f 4958//4958 3797//3797 3796//3796
f 4958//4958 3724//3724 3639//3639
f 4958//4958 3796//3796 3795//3795
f 4958//4958 3725//3725 3724//3724
f 4958//4958 3795//3795 3794//3794
f 4958//4958 3726//3726 3725//3725
f 4958//4958 3794//3794 3793//3793
f 3727//3727 3726//3726 4958//4958
f 4958//4958 3793//3793 3792//3792
f 3728//3728 3727//3727 4958//4958
f 4958//4958 3792//3792 3791//3791
f 3729//3729 3728//3728 4958//4958
f 4958//4958 3791//3791 3790//3790
f 3638//3638 3729//3729 4959//4959
f 4958//4958 4959//4959 3729//3729
f 4959//4959 3790//3790 3789//3789
f 3730//3730 3638//3638 4959//4959
f 4959//4959 3789//3789 3788//3788
f 3731//3731 3730//3730 4959//4959
f 4959//4959 3788//3788 3787//3787
f 3786//3786 4959//4959 3787//3787
f 4959//4959 3732//3732 3731//3731
f 4959//4959 3786//3786 3785//3785
f 3733//3733 4959//4959 4960//4960
f 4959//4959 3733//3733 3732//3732
f 4960//4960 3785//3785 3784//3784
f 4960//4960 3734//3734 3733//3733
f 4960//4960 3784//3784 3783//3783
f 4960//4960 3637//3637 3734//3734
f 4960//4960 3783//3783 3782//3782
f 4960//4960 3735//3735 3637//3637
f 4960//4960 3782//3782 3781//3781
f 3736//3736 4960//4960 4961//4961
f 4960//4960 3736//3736 3735//3735
f 4961//4961 3781//3781 3780//3780
f 4961//4961 3737//3737 3736//3736
f 4961//4961 3780//3780 3779//3779
f 4961//4961 3738//3738 3737//3737
f 4961//4961 3779//3779 3778//3778
f 4961//4961 3636//3636 3738//3738
f 4961//4961 3778//3778 3777//3777
f 4961//4961 3739//3739 3636//3636
f 4961//4961 3777//3777 3776//3776
f 4961//4961 3740//3740 3739//3739
f 4961//4961 3776//3776 3775//3775
f 4961//4961 3741//3741 3740//3740
f 4961//4961 3775//3775 3774//3774
f 4961//4961 3635//3635 3741//3741
f 4961//4961 3774//3774 3773//3773
f 3742//3742 3635//3635 4961//4961
f 4961//4961 3773//3773 3772//3772
f 3743//3743 3742//3742 4961//4961
f 3772//3772 4962//4962 4961//4961
f 4962//4962 3772//3772 3771//3771
f 3744//3744 3743//3743 4962//4962
f 4962//4962 3771//3771 3770//3770
f 3634//3634 3744//3744 4962//4962
f 4962//4962 3770//3770 3769//3769
f 3745//3745 3634//3634 4962//4962
f 4962//4962 3769//3769 3768//3768
f 3746//3746 3745//3745 4962//4962
f 4962//4962 3768//3768 3767//3767
f 3633//3633 3746//3746 4963//4963
f 4962//4962 4963//4963 3746//3746
f 4963//4963 3767//3767 3766//3766
f 3747//3747 3633//3633 4963//4963
f 4963//4963 3766//3766 3765//3765
f 3748//3748 3747//3747 4964//4964
f 4963//4963 4964//4964 3747//3747
f 4964//4964 3765//3765 3764//3764
f 3632//3632 3748//3748 4964//4964
f 4964//4964 3764//3764 3763//3763
f 3749//3749 3632//3632 4964//4964
f 4964//4964 3763//3763 3762//3762
f 3750//3750 3749//3749 4964//4964
f 4964//4964 3762//3762 3761//3761
f 3631//3631 3750//3750 4965//4965
f 4964//4964 4965//4965 3750//3750
f 4965//4965 3761//3761 3760//3760
f 4965//4965 3751//3751 3631//3631
f 3760//3760 4966//4966 4965//4965
f 4966//4966 3760//3760 3759//3759
f 4966//4966 3630//3630 3751//3751
f 3759//3759 3758//3758 4966//4966
f 4966//4966 3752//3752 3630//3630
f 3758//3758 3757//3757 4966//4966
f 4967//4967 4966//4966 3757//3757
f 3629//3629 4967//4967 4968//4968
f 4967//4967 3629//3629 3752//3752
f 3757//3757 3756//3756 4968//4968
f 4968//4968 3753//3753 3629//3629
f 3756//3756 3755//3755 4968//4968
f 3628//3628 4968//4968 4969//4969
f 4968//4968 3628//3628 3753//3753
f 3755//3755 4970//4970 4969//4969
f 4970//4970 4971//4971 3628//3628
f 4971//4971 4970//4970 3754//3754
f 3891//3891 4973//4973 3754//3754
f 3891//3891 3890//3890 4974//4974
f 3889//3889 4974//4974 3890//3890
f 3662//3662 4974//4974 4975//4975
f 3889//3889 3888//3888 4975//4975
f 4976//4976 4975//4975 3888//3888
f 4976//4976 3892//3892 3662//3662
f 4977//4977 3661//3661 4976//4976
f 3892//3892 4976//4976 3661//3661
f 3888//3888 3887//3887 4976//4976
f 3893//3893 3661//3661 4978//4978
f 4977//4977 4978//4978 3661//3661
f 4978//4978 3887//3887 3886//3886
f 3660//3660 3893//3893 4978//4978
f 3886//3886 4979//4979 4978//4978
f 4979//4979 3886//3886 3885//3885
f 4979//4979 3894//3894 3660//3660
f 3885//3885 4980//4980 4979//4979
f 4980//4980 3885//3885 3884//3884
f 4980//4980 3659//3659 3894//3894
f 4980//4980 3884//3884 3883//3883
f 3895//3895 4980//4980 4981//4981
f 4980//4980 3895//3895 3659//3659
f 4981//4981 3883//3883 3882//3882
f 4981//4981 3658//3658 3895//3895
f 3882//3882 4982//4982 4981//4981
f 4982//4982 3882//3882 3881//3881
f 3896//3896 3658//3658 4982//4982
f 4982//4982 3881//3881 3880//3880
f 3897//3897 3896//3896 4982//4982
f 3880//3880 4983//4983 4982//4982
f 4983//4983 3880//3880 3879//3879
f 4983//4983 3657//3657 3897//3897
f 4983//4983 3879//3879 3878//3878
f 3898//3898 4983//4983 4984//4984
f 4983//4983 3898//3898 3657//3657
f 4984//4984 3878//3878 3877//3877
f 4984//4984 3899//3899 3898//3898
f 3877//3877 4985//4985 4984//4984
f 4985//4985 3877//3877 3876//3876
f 4985//4985 3656//3656 3899//3899
f 3656//3656 4985//4985 3900//3900
f 4985//4985 3876//3876 3875//3875
f 3901//3901 3900//3900 4986//4986
f 4985//4985 4986//4986 3900//3900
f 3875//3875 3874//3874 4986//4986
f 3902//3902 3901//3901 4986//4986
f 3874//3874 3873//3873 4986//4986
f 4987//4987 4986//4986 3873//3873
f 3655//3655 3902//3902 4987//4987
f 3873//3873 3872//3872 4987//4987
f 3903//3903 3655//3655 4987//4987
f 3872//3872 3871//3871 4987//4987
f 4988//4988 4987//4987 3871//3871
f 3904//3904 3903//3903 4989//4989
f 4988//4988 4989//4989 3903//3903
f 3871//3871 3870//3870 4989//4989
f 3869//3869 4989//4989 3870//3870
f 4989//4989 3905//3905 3904//3904
f 3869//3869 4990//4990 4989//4989
f 4990//4990 3869//3869 3868//3868
f 4990//4990 3654//3654 3905//3905
f 4990//4990 3868//3868 3867//3867
f 4990//4990 3906//3906 3654//3654
f 4990//4990 3867//3867 3866//3866
f 3907//3907 4990//4990 4991//4991
f 4990//4990 3907//3907 3906//3906
f 3907//3907 4991//4991 3908//3908
f 4991//4991 3866//3866 3865//3865
f 3909//3909 3908//3908 4991//4991
f 3865//3865 3938//3938 4991//4991
f 4992//4992 4991//4991 3938//3938
f 4992//4992 3653//3653 3909//3909
f 3938//3938 3937//3937 4992//4992
f 4992//4992 3910//3910 3653//3653
f 3937//3937 3936//3936 4992//4992
f 3911//3911 4992//4992 4993//4993
f 4992//4992 3911//3911 3910//3910
f 3911//3911 4993//4993 3912//3912
f 3936//3936 3935//3935 4993//4993
f 3652//3652 3912//3912 4994//4994
f 4993//4993 4994//4994 3912//3912
f 3935//3935 3934//3934 4994//4994
f 3913//3913 3652//3652 4994//4994
f 3934//3934 3933//3933 4994//4994
f 3914//3914 3913//3913 4994//4994
f 3933//3933 3932//3932 4994//4994
f 3651//3651 3914//3914 4995//4995
f 4994//4994 4995//4995 3914//3914
f 3932//3932 3931//3931 4995//4995
f 3915//3915 3651//3651 4995//4995
f 3931//3931 3930//3930 4995//4995
f 3916//3916 3915//3915 4995//4995
f 3930//3930 4996//4996 4995//4995
f 4996//4996 3930//3930 3929//3929
f 3650//3650 3916//3916 4996//4996
f 4996//4996 3929//3929 3928//3928
f 4996//4996 3917//3917 3650//3650
f 4996//4996 3928//3928 3927//3927
f 4996//4996 3918//3918 3917//3917
f 3918//3918 4997//4997 3649//3649
f 3927//3927 4997//4997 4996//4996
f 4997//4997 3927//3927 3926//3926
f 3919//3919 3649//3649 4997//4997
f 4997//4997 3926//3926 3925//3925
f 3648//3648 3919//3919 4998//4998
f 4997//4997 4998//4998 3919//3919
f 4998//4998 3925//3925 3924//3924
f 3920//3920 3648//3648 4998//4998
f 3924//3924 4999//4999 4998//4998
f 4999//4999 3924//3924 3923//3923
f 3647//3647 3920//3920 4944//4944
f 4999//4999 4944//4944 3920//3920
f 4944//4944 3923//3923 3922//3922
f 4944//4944 3921//3921 3647//3647
f 4944//4944 3922//3922 3663//3663
f 4944//4944 3646//3646 3921//3921
f 5000//5000 3933//3933 3887//3887
f 5000//5000 3887//3887 3889//3889
f 5000//5000 3889//3889 3823//3823
# 8906 faces, 0 coords texture

# End of File
