####
#
# OBJ File Generated by Meshlab
#
####
# Object m219_rm.obj
#
# Vertices: 4791
# Faces: 8736
#
####
vn 0.6107306820723368 -1.4209210207943375 0.4451094978677904
v 0.3696878500000000 -0.0436398700000000 0.0498074900000000
vn -0.2051748116461195 2.4683878488719424 0.3004489321804277
v 0.3843946000000000 -0.0439151400000000 -0.0591735800000000
vn -0.1375290905733568 -1.4218245337450595 -1.8542815963864148
v 0.3700909000000000 0.0433612900000000 0.0496421300000000
vn 0.2439356996032314 2.4671937943773283 0.7677961919803710
v 0.3847976600000000 0.0430860200000000 -0.0593389400000000
vn -0.6417515823354117 -0.2957296482128249 -1.4337708588355438
v 0.3944024900000000 0.0432280200000000 0.0387878300000000
vn -1.0792441759507536 0.0076361340177391 1.3906827653391036
v 0.4122155400000000 0.0239681500000000 -0.0379557800000000
vn -0.6272887597549288 0.5557417949207857 0.8105502459920817
v 0.3930490500000000 0.0430599600000000 -0.0529348400000000
vn -0.1224418731123126 -0.2959245212977142 -0.2706138466432685
v 0.3939994300000000 -0.0437731300000000 0.0389531900000000
vn 0.6323798225247105 0.5468211991825274 -0.8126235693308457
v 0.3926460000000000 -0.0439411900000000 -0.0527694800000000
vn 0.5599382332271886 -0.0002087071421469 1.2551201048650871
v 0.4075691500000000 -0.0302531100000000 0.0329099900000000
vn 1.0792575273245071 -0.0076498759785252 -1.3906976008381133
v 0.4119888200000000 -0.0249699300000000 -0.0378627600000000
vn 0.0399026140741740 1.8445885859742877 2.5016769887163455
v 0.3358592700000000 0.0421180900000000 -0.0586150500000000
vn 0.7461151356828694 -0.0013951795144972 1.0842161206307366
v 0.3035162700000000 0.0333930000000000 -0.0363691100000000
vn -0.1931640111270539 1.3452665948783964 -1.1072951289749118
v 0.3046394500000000 0.0335324700000000 0.0397495700000000
vn 0.0737738321993132 2.8174223495273889 -2.8464672699241365
v 0.3419126000000000 0.0434836300000000 0.0453266200000000
vn -0.3534156036843564 1.9013076857941802 2.8878249630793280
v 0.3403778500000000 0.0432930500000000 -0.0586838700000000
vn -0.5088876932848811 0.4821213637379831 1.6086345593241369
v 0.3415095400000000 -0.0435175300000000 0.0454919700000000
vn -0.3995932563251609 -1.1327191281024369 1.6300740096159028
v 0.3399747900000000 -0.0437081100000000 -0.0585185200000000
vn -0.7450955524999181 -0.8270408388866233 -1.7905223080277235
v 0.3354675500000000 -0.0424365800000000 -0.0584543400000000
vn -0.2889733909666112 1.6434337129529160 -1.0937291854850426
v 0.3032071700000000 -0.0333266500000000 -0.0362423000000000
vn -0.5423513596228345 -1.3430206110507470 1.1192109428802393
v 0.3043303600000000 -0.0331871700000000 0.0398763800000000
vn -0.2683295731880139 1.5733706403172627 0.6899341438626962
v 0.3471530400000000 -0.0545594800000000 0.0002378200000000
vn -0.2847000335034800 -1.9602562247391435 0.6966513886746714
v 0.3580934700000000 -0.0546018900000000 0.0045895000000000
vn -0.0018225479455059 -0.3933143762270519 0.0007482846361754
v 0.3689007400000000 -0.0546608400000000 -0.0000829000000000
vn 0.0000026668695123 -0.0000000121413279 0.0000001119207855
v 0.3732533100000000 -0.0547018000000000 -0.0110244500000000
vn -0.0000002187269546 -0.0000000005506342 -0.0000008229107982
v 0.3685798200000000 -0.0547006900000000 -0.0218318400000000
vn 0.0018277601449379 0.3945007007842125 -0.0007487887149505
v 0.3576401800000000 -0.0546581800000000 -0.0261300600000000
vn 0.7019591727070584 1.9572047119698679 0.2719418924904154
v 0.3468321200000000 -0.0545993300000000 -0.0215111200000000
vn 0.6856092511846577 -1.5716888176602641 0.2786480631115630
v 0.3424795300000000 -0.0545583700000000 -0.0105706200000000
vn 0.2828841370228952 1.5681838396758208 -0.6959044591550940
v 0.3472034200000000 -0.0436844700000000 0.0002171500000000
vn 0.2665132273310595 -1.9654446278839364 -0.6891896367578256
v 0.3581438500000000 -0.0437268800000000 0.0045688300000000
vn -0.0018228490041519 -0.3933145160948255 0.0007475422936176
v 0.3689511200000000 -0.0437858300000000 -0.0001035600000000
vn 0.0000002751468936 -0.0000000011869257 0.0000000462200880
v 0.3733036900000000 -0.0438267900000000 -0.0110451200000000
vn 0.0000007357774212 -0.0000000044756419 -0.0000005613178983
v 0.3686302000000000 -0.0438256800000000 -0.0218525100000000
vn 0.0018267502715524 0.3945007010999291 -0.0007501195033421
v 0.3576905600000000 -0.0437831700000000 -0.0261507300000000
vn -0.6837981011193340 1.9625765174085688 -0.2793914505569148
v 0.3468825000000000 -0.0437243200000000 -0.0215317900000000
vn -0.7001474962290525 -1.5663147379961828 -0.2726853074981911
v 0.3425299100000000 -0.0436833600000000 -0.0105912900000000
vn 1.1545243929355786 1.2656526044165617 0.1754672980819661
v 0.2603554100000000 -0.0759219000000000 0.0215702100000000
vn 1.6952820275857328 -0.0096838365653128 -0.9626658424193308
v 0.2702665300000000 -0.0760921300000000 -0.0438348800000000
vn 0.6598617423661347 -0.0085538077924439 -2.8920774751479037
v 0.2264491800000000 -0.0759292500000000 -0.0649413300000000
vn -1.5788541657214306 1.2190611287002577 -1.1549371388612628
v 0.2610607600000000 0.0763303800000000 0.0212808300000000
vn -1.1478030896585079 0.0049869965806918 -0.1739445261235960
v 0.2709718800000000 0.0761601600000000 -0.0441242600000000
vn 0.1302663147986738 -0.0016365022867109 -0.5435720543541704
v 0.2271545300000000 0.0763230400000000 -0.0652307100000000
vn -0.5597776424078222 -0.0152165952850288 -3.0032080709223896
v 0.1854241300000000 0.0767449300000000 0.0550252000000000
vn -0.1932111699097876 2.1261841870748635 1.0038933350118311
v 0.1800160000000000 0.0765427400000000 -0.0645355500000000
vn 0.4359901594125938 -1.2797419044577143 2.0535853774945507
v 0.1183698900000000 0.0670963200000000 -0.0636086100000000
vn -0.3174358233146584 0.6255354355033246 -0.7712125736356996
v 0.0045668100000000 0.0496867200000000 -0.0308996000000000
vn 0.0443081107818526 -0.8011275764805954 1.7249342452252399
v 0.0057140600000000 0.0498291800000000 0.0468499200000000
vn 0.0780560707586868 1.2124329717311348 -1.0850345698266410
v 0.1817769900000000 0.0767614100000000 0.0548074700000000
vn -0.2261046338726503 -0.8279877210117483 0.7118224053029384
v 0.1851285500000000 -0.0757366600000000 -0.0643319700000000
vn 1.4123394906797788 2.1315781044405204 2.7254550414670002
v 0.1868791000000000 -0.0755192900000000 0.0543035900000000
vn -0.3050667898415097 -1.1321155699792187 -0.3631906698042950
v 0.1847202900000000 -0.0751813700000000 0.0553139600000000
vn 0.0410784831141519 -1.0383804880452787 -0.4794191661289648
v 0.1177570000000000 -0.0651994000000000 -0.0633571600000000
vn -0.0484903309191964 1.1026760957699315 -0.7730971732056454
v 0.0041174100000000 -0.0473194500000000 -0.0307152200000000
vn 0.2072121001490398 1.6069568793760913 0.9469030979727218
v 0.0052646500000000 -0.0471769900000000 0.0470342900000000
vn -0.2657323684659227 1.5733634250953001 0.6918908999081735
v 0.3476206600000000 0.0432650200000000 0.0010297600000000
vn -1.2008134133036754 -1.9632726682861468 0.0213154403958546
v 0.3585603000000000 0.0432225100000000 0.0053279900000000
vn -0.2951961749831078 -0.3890592196489776 -0.6857843674747747
v 0.3693683600000000 0.0431636600000000 0.0007090500000000
vn -0.0000002494609625 0.0000000010954567 -0.0000000317566893
v 0.3737209400000000 0.0431227000000000 -0.0102314500000000
vn -0.0000005129778258 0.0000000031071327 0.0000003842940419
v 0.3690474500000000 0.0431238100000000 -0.0210388500000000
vn 0.6252844116243967 0.3918450988810079 1.4410204146589236
v 0.3581070100000000 0.0431662200000000 -0.0253915700000000
vn 0.3050808392899628 1.9641032084046499 0.6807191751845205
v 0.3472997500000000 0.0432251700000000 -0.0207181300000000
vn -0.0072677443950253 -1.5690018068310070 0.0029820401514376
v 0.3429471600000000 0.0432661300000000 -0.0097776300000000
vn 0.0072765765844915 1.5707764129776118 -0.0029857582799164
v 0.3476710400000000 0.0541400400000000 0.0010091000000000
vn -0.6344107447350094 -1.9659118476723774 0.0129651252494899
v 0.3586106800000000 0.0540975300000000 0.0053073200000000
vn -0.0018010826742734 -0.3891129121392759 0.0007406996370332
v 0.3694187400000000 0.0540386800000000 0.0006883800000000
vn 0.0000007946215338 -0.0000000038521688 -0.0000000901688152
v 0.3737713300000000 0.0539977200000000 -0.0102521200000000
vn 0.0000003649817602 -0.0000000021032374 -0.0000002170035711
v 0.3690978300000000 0.0539988300000000 -0.0210595200000000
vn 0.3293040242513746 0.3919147108155676 0.7565678025837785
v 0.3581573900000000 0.0540412400000000 -0.0254122400000000
vn 0.0090990716868422 1.9641719018667581 -0.0037330765706569
v 0.3473501300000000 0.0541001900000000 -0.0207388000000000
vn -0.0072693280238534 -1.5690029743430838 0.0029826413977475
v 0.3429975500000000 0.0541411500000000 -0.0097983000000000
vn 0.0000000000000000 -0.0000000000000000 0.0000000000000000
v 0.2632871400000000 0.0219662200000000 0.0050325400000000
vn 0.6301383696987416 2.7690099880629933 -0.0639996462052574
v -0.1085544400000000 0.0833258600000000 -0.0602899200000000
vn 0.5473666767320162 0.7653217075334438 -0.0567937982021203
v -0.1089323100000000 0.0017616800000000 -0.0601348900000000
vn 0.2962410756235934 1.6292042260972655 1.0316750757504527
v -0.1069499000000000 0.0835251000000000 0.0484506100000000
vn 0.0475268458858641 0.6066101762191036 3.0310802905301459
v -0.1073277700000000 0.0019609300000000 0.0486056400000000
vn 0.0127483169763258 0.7659643091765125 0.6223508473571561
v 0.0059793200000000 0.0014328200000000 0.0469346800000000
vn 0.0000001415138595 -0.0000000405882229 0.0000001401175467
v 0.0062060400000000 0.0503709100000000 0.0468416600000000
vn 0.2361409964896924 0.8061939442781842 -0.0049621307527578
v 0.0050595900000000 0.0502285500000000 -0.0308533500000000
vn 0.1476752872546331 -0.8702992467652229 -0.5858941131589227
v 0.0048328700000000 0.0012904700000000 -0.0307603300000000
vn 0.0082395663985175 -0.0858001925810252 -0.0898329032169608
v -0.1143986200000000 0.0835598200000000 0.0485604600000000
vn 0.0167881903307845 -0.2941690685013278 -0.1885613648217511
v -0.5323709500000000 0.0854199400000000 0.0084452600000000
vn -0.1429441223364248 -1.1632593720458091 0.1946830855626731
v -0.5325472900000000 0.0473568700000000 0.0085176000000000
vn 0.1777082300407782 1.5241576352384409 1.6700003113827706
v -0.1147727100000000 0.0028111400000000 0.0487139300000000
vn -0.0095738159728893 -2.0664687961511539 0.0039278294530614
v -0.1963082400000000 0.0837348600000000 -0.0589958000000000
vn 0.0117027032769388 0.0014525373469279 0.7931018115755668
v -0.1966442900000000 0.0111966900000000 -0.0588579300000000
vn 0.0011901243628627 0.2568693468224507 -0.0004881303024813
v -0.5329108900000000 0.0853529000000000 -0.0281467600000000
vn -0.1736900782537241 -1.6220534216634592 0.0055362691165974
v -0.5330872300000000 0.0472898200000000 -0.0280744100000000
vn -0.0177217804068303 -1.4788347468302168 -1.0452546366898610
v -0.1083038400000000 -0.0795459500000000 0.0487693800000000
vn 0.0279571132503756 -1.3732693112392147 -3.0340695324569236
v -0.1079259700000000 0.0020182200000000 0.0486143600000000
vn -0.0164881852940488 -1.5719206643971555 -0.6212726878475823
v 0.0052731600000000 0.0014906200000000 0.0469449900000000
vn 0.0000000647075788 0.0000000181717895 0.0000000638511773
v 0.0050464400000000 -0.0474474600000000 0.0470380100000000
vn 0.3793315468233372 -1.1836335501944970 1.5895412638127624
v -0.1099083800000000 -0.0797452000000000 -0.0599711400000000
vn -0.1624575273107247 1.1449779683695211 -1.4900304349479292
v -0.1095305100000000 0.0018189800000000 -0.0601261700000000
vn 0.0067337387414596 1.4533900333270398 -0.0027621728824199
v -0.1165134600000000 -0.0795076900000000 0.0488904500000000
vn -0.1812162232770055 1.5246749666861792 -1.4865224482431783
v -0.1161396200000000 0.0011864800000000 0.0487370800000000
vn -0.1359270622682151 -0.2515105554811878 1.3743802667115250
v -0.5334101700000000 -0.0776540200000000 0.0079983100000000
vn -0.1634201445374472 0.0060591367920708 1.6642938643047509
v -0.5332338300000000 -0.0395909500000000 0.0079259600000000
vn 0.1745682004630736 0.0018267049246554 -0.6464955073105890
v 0.0039152300000000 -0.0475879300000000 -0.0296246400000000
vn -0.2829749223722966 1.2654347890442319 -1.1999807274420720
v -0.1081118000000000 -0.0792640500000000 -0.0599985400000000
vn -0.1060869609561270 -2.8584951794969102 1.2041239902068517
v -0.1077361900000000 0.0018106200000000 -0.0601526300000000
vn -0.1647131360022350 -0.9778614287597757 0.5906900500361032
v 0.0041419500000000 0.0013501600000000 -0.0297176500000000
vn 0.0358481137907726 3.0613837318897112 0.8413875822242998
v -0.1982595800000000 -0.0793334100000000 -0.0586682100000000
vn 0.0216571241571323 0.2747267377573754 0.2102168746171521
v -0.5339148000000000 -0.0777166900000000 -0.0262009200000000
vn -0.0189871763332636 -0.0170941145956165 -0.2130415972908339
v -0.5337384600000000 -0.0396536100000000 -0.0262732600000000
vn 0.1894936145768751 -2.1656947523552232 -0.8842474505115315
v -0.1979237800000000 -0.0068497400000000 -0.0588059800000000
vn 0.0091456426637997 1.9740493947362889 -0.0037521766303419
v -0.5333751000000000 0.0473452200000000 0.0003717900000000
vn -0.0181957460200497 -1.4274076525367858 -0.7826005336742592
v -0.5337762200000000 0.0472954100000000 -0.0268125600000000
vn 0.2327770008817494 -0.5920249699209391 -0.0023503550090711
v -0.5663977700000000 0.0474474600000000 -0.0263314800000000
vn 0.2368644438916882 0.2903501805870068 -0.0040270692065063
v -0.5643920900000000 0.0476965100000000 0.1095944400000000
vn -0.0011518732007862 -0.2485990072040698 0.0004718894456552
v -0.5508797500000000 0.0476232000000000 0.1039564900000000
vn 0.0091450382016764 1.9740487530586126 -0.0037524920469734
v -0.5332239500000000 0.0799702600000000 0.0003097800000000
vn -0.0297819832617676 -1.4288463757007188 -1.5679133608794047
v -0.5336250800000000 0.0799204600000000 -0.0268745700000000
vn -0.2498398524024606 -0.5912694342996041 -0.7807151643779058
v -0.5662466200000000 0.0800725000000000 -0.0263934900000000
vn -0.2341639303036466 0.2925456736630192 0.0029192543788730
v -0.5642409400000000 0.0803215500000000 0.1095324300000000
vn -0.0011520224127874 -0.2486000076883259 0.0004727639456177
v -0.5507286000000000 0.0802482400000000 0.1038944800000000
vn -0.0000000232478805 0.0000001751093158 0.0000001420287736
v -0.5339290500000000 -0.0722275200000000 0.0005990500000000
vn -0.0066060872892106 -1.4259701919994907 0.0027100347609572
v -0.5343301700000000 -0.0722773200000000 -0.0265852900000000
vn -0.0067962367926031 -1.4669848563719912 0.0027881918299236
v -0.5669517200000000 -0.0721252800000000 -0.0261042200000000
vn 0.0000000000000000 0.0000000000000000 0.0000000000000000
v -0.5649460400000000 -0.0718762300000000 0.1098217000000000
vn -0.0011519332135654 -0.2485993600385552 0.0004722425703763
v -0.5514337000000000 -0.0719495400000000 0.1041837500000000
vn 0.0000000272292456 0.0000001462426736 -0.0000001573893049
v -0.5337779100000000 -0.0396024700000000 0.0005370400000000
vn -0.0066060782807043 -1.4259689661286434 0.0027100328666690
v -0.5341790300000000 -0.0396522800000000 -0.0266473000000000
vn -0.0067963974159741 -1.4669846949837362 0.0027880129182502
v -0.5668005800000000 -0.0395002400000000 -0.0261662300000000
vn -0.0000000000000001 -0.0000000000000000 -0.0000000000000000
v -0.5647949000000000 -0.0392511900000000 0.1097596900000000
vn -0.0011514510050041 -0.2485999177773179 0.0004729200112939
v -0.5512825600000000 -0.0393245000000000 0.1041217400000000
vn -2.5214984529331632 0.9054350434182360 1.2870751500335591
v 0.2486513800000000 0.1148787600000000 -0.0690455200000000
vn -0.1785825379726762 0.0315493862172973 0.2393362900384629
v 0.3085524000000000 0.2417334300000000 -0.0410121600000000
vn 0.0001405844450129 0.0002579310702437 -0.0001168776200559
v 0.3840438400000000 0.4076788100000000 0.0214148200000000
vn 0.0000967299844743 0.0002588885367806 0.0002924484545442
v 0.3746227400000000 0.3980164600000000 0.0641533700000000
vn -0.9766148002504920 0.1977622916929936 1.1949557536565376
v 0.2826159300000000 0.0980344100000000 -0.0653822900000000
vn -0.0004146750571721 -0.0006510515834826 0.0008463151130103
v 0.3424624400000000 0.2248893300000000 -0.0373491800000000
vn 0.0001521869959760 0.0002816168415203 -0.0001136868491807
v 0.4180094300000000 0.3908355100000000 0.0250769800000000
vn 0.0000716631947143 0.0002041995703290 0.0002713087647005
v 0.4085346300000000 0.3811724600000000 0.0678708500000000
vn -0.4165313338164152 0.2045419170445522 -0.0457854619196059
v 0.2276566300000000 0.0767305500000000 -0.0497949700000000
vn -0.0002733912109762 -0.0004380539946338 0.0005121153328834
v 0.2205721900000000 0.0768876100000000 0.0155684400000000
vn -0.2338526517053869 0.1160891139854312 -0.0251606021160989
v 0.2625939100000000 0.0768684000000000 0.0218547700000000
vn -1.8149831949192943 0.9007140392476110 -0.1985302965479336
v 0.2708203700000000 0.0766850400000000 -0.0545642800000000
vn 0.0139658280441311 -0.3565977058186576 0.5792010692407273
v 0.3794594600000000 0.3956019700000000 0.0646839700000000
vn -0.6315558990992370 0.1146214707246151 0.2903141814134493
v 0.3847426200000000 0.4004207200000000 0.0378953500000000
vn 0.7843450244960694 -0.5872019416995098 0.4446214137280821
v 0.4081636300000000 0.4541476800000000 0.0676335800000000
vn 0.9118022869271616 -0.4535585835500419 0.0993945029226104
v 0.4088098500000000 0.4590701200000000 0.0840936200000000
vn -1.6702996097513894 0.4827739685810145 0.3933163304627940
v 0.3920389600000000 0.4249411400000000 0.0823908400000000
vn 0.3893054761311582 0.1543287718241292 -0.5349372525688464
v 0.4036978900000000 0.3835859000000000 0.0673392000000000
vn -0.4124128149171532 0.4037721298302951 -0.4046745347306956
v 0.4089810400000000 0.3884046500000000 0.0405505800000000
vn 1.0054491739445557 -0.2991219963035711 -0.2499794678272912
v 0.4324020500000000 0.4421316100000000 0.0702888100000000
vn 0.9096040394763653 -0.4524653609666828 0.0991524676080119
v 0.4330482800000000 0.4470540400000000 0.0867488500000000
vn -1.2992219499510165 0.9947473919643812 -0.7194372120292195
v 0.4162763200000000 0.4128704600000000 0.0849916700000000
vn -0.3842509014494722 0.1667461545957715 0.5354056756602091
v 0.3885950400000000 -0.3801274800000000 0.0664055800000000
vn 0.4224197666329345 0.3930285743217064 0.4033558135264896
v 0.3937781000000000 -0.3851499700000000 0.0396364700000000
vn -1.0130403212447612 -0.2714993991886043 0.2555335021263805
v 0.4157193500000000 -0.4394098900000000 0.0694853700000000
vn -0.9241843630234418 -0.4278428469336921 -0.0960114459989491
v 0.4162649300000000 -0.4442743000000000 0.0859103100000000
vn 1.3257987234981887 0.9586691634201107 0.7174358690081033
v 0.4004104000000000 -0.4097293200000000 0.0841226900000000
vn -0.0248095819844285 -0.3563282008782174 -0.5788677380371590
v 0.3640313400000000 -0.3914924600000000 0.0637979900000000
vn 0.6348553354186468 0.0980738873482376 -0.2901216387313987
v 0.3692136000000000 -0.3965150500000000 0.0369743800000000
vn -0.7984056878718713 -0.5675934399853426 -0.4469738545094699
v 0.3912083000000000 -0.4507741700000000 0.0668224900000000
vn -0.9230560941205104 -0.4282780785438110 -0.1002531095210406
v 0.3917009700000000 -0.4556937800000000 0.0833028300000000
vn 1.6833593383295038 0.4368974691499348 -0.3952169106090367
v 0.3758467000000000 -0.4210943000000000 0.0815151100000000
vn 1.4530975438584348 0.6734181940848277 0.1545803165931792
v 0.2751298700000000 -0.0917097600000000 -0.0668279200000000
vn 2.7597031441373763 1.2085483854546410 0.1056257017369473
v 0.3316151400000000 -0.2200846500000000 -0.0385490700000000
vn 0.4282562865547595 -0.3677304171253731 -1.4689727649588378
v 0.4026738000000000 -0.3878316900000000 0.0241742000000000
vn -0.0000325679192297 0.0000956248108035 -0.0001103793242761
v 0.3935079500000000 -0.3778651800000000 0.0669275400000000
vn 0.6497052485301589 0.3012907827390794 0.0691041013885267
v 0.2407938100000000 -0.1076542000000000 -0.0705335700000000
vn 0.0003860796587989 -0.0004625392135145 -0.0016117713088454
v 0.2972258900000000 -0.2359743300000000 -0.0422540300000000
vn 0.3023542839113396 -0.3559218212010116 -1.2938690294529522
v 0.3682851000000000 -0.4037747400000000 0.0205238400000000
vn 0.0000590046153585 -0.0001723442964677 0.0001960056136755
v 0.3591181900000000 -0.3938082200000000 0.0632761400000000
vn -1.2433928492483237 -0.5762513186389212 -0.1326754524913372
v 0.2670514200000000 -0.0759971700000000 -0.0590690200000000
vn -0.1722761632950380 -0.0798934318402846 -0.0188420362529285
v 0.2583924900000000 -0.0758044600000000 0.0212184200000000
vn 0.3492800738644919 0.1620789612686403 0.0375115011973604
v 0.2164851300000000 -0.0749700700000000 0.0150368900000000
vn 1.8378546706856700 0.8519074726017508 0.1966828072678574
v 0.2239978200000000 -0.0751368700000000 -0.0544108000000000
vn -0.0000002060344199 0.0000002534263623 0.0000001421108320
v 0.3356634100000000 -0.0001592400000000 -0.0585346900000000
vn 1.7809612482930424 -0.0033310819558863 2.5880050882988597
v 0.3196877700000000 0.0377555500000000 -0.0474920800000000
vn 1.7809625427044966 -0.0033317023077869 2.5880031024325501
v 0.3194919100000000 -0.0045217900000000 -0.0474117200000000
vn -0.0000000080363752 -0.0000017215063626 -0.0000000008966799
v 0.3044849000000000 0.0001726500000000 0.0398129800000000
vn 0.0000000168959668 0.0000008556652470 0.0000008752710045
v 0.3040778600000000 0.0334627400000000 0.0016902300000000
vn -0.0000000087668522 0.0000008571570698 -0.0000008653412971
v 0.3039233100000000 0.0001029100000000 0.0017536400000000
vn -0.0000000000428738 0.0000000040138066 -0.0000000041758733
v 0.3033617200000000 0.0000331800000000 -0.0363057100000000
vn 0.0000000523526358 -0.0000009686360383 -0.0000009132902559
v 0.4121021800000000 -0.0005008900000000 -0.0379092700000000
vn -0.0000000677801657 -0.0000000825142254 0.0000010852563085
v 0.4100309000000000 0.0267640700000000 -0.0025797300000000
vn -0.0000000463312935 -0.0000000018499305 0.0000007457998699
v 0.4077077000000000 -0.0003465600000000 0.0328531500000000
vn -6.2710365763700509 0.0283086425138088 -0.3895080011079393
v 0.4098923500000000 -0.0031424800000000 -0.0025228900000000
vn 0.0609057127507218 3.1473087933709567 3.1352754162422642
v 0.3621847000000000 -0.0438116200000000 -0.0588460500000000
vn 0.0000006312696623 0.0000007017814791 -0.0000000106006481
v 0.3845961300000000 -0.0004145600000000 -0.0592562600000000
vn 0.0927025356747187 0.0115114412624649 6.2824908540277908
v 0.3623862300000000 -0.0003110400000000 -0.0589287300000000
vn -0.3435741019037833 3.0243569866511084 -3.1001581104117326
v 0.3232760300000000 0.0385080500000000 0.0425380900000000
vn -0.7966960990652928 6.1765879433924953 0.0004393288424428
v 0.3411452200000000 0.0433883400000000 -0.0066786300000000
vn -1.6016464551912037 6.0755392662392946 0.0209331090531978
v 0.3225086500000000 0.0384127600000000 -0.0094671500000000
vn -5.7670707108998593 0.0314526242090226 2.4936567029298295
v 0.3448414700000000 -0.0491214200000000 -0.0051767300000000
vn 0.0000013306639886 -0.0000034694606359 0.0000031211768697
v 0.3459972600000000 -0.0518404500000000 -0.0024694600000000
vn -0.0000016804027601 0.0000039591041203 -0.0000006833571659
v 0.3446810100000000 -0.0491413400000000 -0.0160512100000000
vn -0.8675730139375943 -0.0017196014685264 -3.0194235435493768
v 0.0043421100000000 0.0011836300000000 -0.0308074100000000
vn -0.0000004768480661 0.0000008568048397 0.0000001365253048
v 0.0614683500000000 0.0583915200000000 -0.0472541000000000
vn -0.8675714688343851 -0.0017202413144291 -3.0194237157952699
v 0.0612436500000000 0.0098884300000000 -0.0471619100000000
vn 0.8675708702723912 0.0017192976735935 3.0194235506996074
v 0.1180634500000000 0.0009484600000000 -0.0634828800000000
vn 0.8675720343129871 0.0017195307289482 3.0194242581002149
v 0.0611619100000000 -0.0077563400000000 -0.0471283800000000
vn -0.0000002031413695 -0.0000005170138573 -0.0000004632387622
v 0.3441281300000000 0.0459846100000000 -0.0070809500000000
vn 5.7669871561374046 -0.0314578782701734 -2.4938498646049219
v 0.3453091000000000 0.0487030900000000 -0.0043842700000000
vn -1.2345786845920119 0.0002271718387907 -2.8888446564514902
v 0.3639895200000000 0.0486305900000000 0.0030081800000000
vn 1.2469373003278390 -0.0002945262164023 2.8835304745807031
v 0.3527285700000000 0.0486332100000000 -0.0230651900000000
vn 0.0000000000000001 0.0000000000000000 -0.0000000000000000
v 0.2670237400000000 0.0219048700000000 -0.0181348600000000
vn 0.0000000000000001 0.0000000000000000 0.0000000000000000
v 0.2706595700000000 0.0000935000000000 -0.0412609300000000
vn 0.0000000000000000 0.0000000000000000 0.0000000000000000
v 0.2669229800000000 0.0001548400000000 -0.0180935200000000
vn 0.0000000000000000 -0.0000000000000000 0.0000000000000000
v 0.2668222100000000 -0.0215951800000000 -0.0180521800000000
vn 0.0000000000000000 0.0000000000000000 0.0000000000000000
v 0.3037830200000000 0.0217413000000000 -0.0145984700000000
vn 0.0000000000000001 -0.0000000000000000 -0.0000000000000000
v 0.3040031700000000 0.0000311200000000 0.0071912900000000
vn 0.0000000000000000 -0.0000000000000000 -0.0000000000000000
v 0.3036822500000000 -0.0000087300000000 -0.0145571300000000
vn 0.0000000000000000 -0.0000000000000000 0.0000000000000000
v 0.3035814900000000 -0.0217587600000000 -0.0145157900000000
vn 0.8976341632252252 6.1564211658859858 -0.0245260448487812
v -0.1077521700000000 0.0834254800000000 -0.0059196500000000
vn 0.0000007994145821 -0.0000002336944465 0.0000000748265099
v -0.0503719300000000 0.0669480100000000 0.0476461400000000
vn 1.7661588722547883 6.0297365877849360 -0.0371096244864916
v -0.0511742000000000 0.0668483800000000 -0.0067241300000000
vn 0.0000001914057237 -0.0000000589833069 -0.0000004742954867
v 0.0056328100000000 0.0502997300000000 0.0079941600000000
vn -0.8830799762656973 -3.0148678888201550 0.0185526934512234
v -0.0509451500000000 0.0668768300000000 0.0087986300000000
vn -0.0000000409770378 -0.0000000001822485 -0.0000001957650256
v -0.1081300400000000 0.0018613000000000 -0.0057646300000000
vn 0.0609059443845949 3.1473095215300941 3.1352740988976064
v -0.0506742200000000 0.0016968800000000 0.0477701600000000
vn 0.0145551320816313 3.1415532320039881 -0.0059720441675117
v -0.0514765000000000 0.0015972500000000 -0.0066001100000000
vn 0.0341404192353625 3.1310733522440688 3.1150345664320014
v -0.3236600000000000 0.0250840000000000 0.0286157700000000
vn -0.0000002165018735 0.0000000907662248 -0.0000000209896169
v -0.1145856600000000 0.0431854800000000 0.0486372000000000
vn -0.3001044025687439 0.0073326721981419 3.1272174964335080
v -0.3234729500000000 0.0654583400000000 0.0285390300000000
vn 0.2855499020803504 -3.1488862335250665 -3.1212460305668164
v -0.3233847800000000 0.0844898800000000 0.0285028600000000
vn 0.3001043277064158 -0.0073355754958937 -3.1272172936858209
v -0.3235718300000000 0.0441155400000000 0.0285796000000000
vn 0.0000000252614517 -0.0000001157541712 -0.0000000021444899
v -0.5329990600000000 0.0663213600000000 -0.0281105900000000
vn 0.0000000013224427 0.0000007463876164 -0.0000000012233681
v -0.3646095700000000 0.0845438800000000 -0.0435712800000000
vn -0.5734829814094331 -0.0092357003570412 -6.2569520995628780
v -0.3646977400000000 0.0655123400000000 -0.0435351000000000
vn 0.0000000733930271 0.0000000109349993 -0.0000000067430013
v -0.1964762700000000 0.0474657700000000 -0.0589268600000000
vn 0.5734829030461571 0.0092356473116903 6.2569521068223803
v -0.3647775900000000 0.0482747900000000 -0.0435023400000000
vn -0.0000007835719175 -0.0000002197920870 -0.0000008830622368
v -0.0516287000000000 -0.0634967100000000 0.0479036900000000
vn -0.0000004259426046 -0.0000001223737858 0.0000007549337243
v 0.0044808400000000 -0.0475177000000000 0.0087066800000000
vn -1.7122448304481463 6.0453663669993070 0.0134118431067425
v -0.0521943000000000 -0.0635669400000000 0.0095723700000000
vn -0.0609063722966991 -3.1473057012716934 -3.1352757028510525
v -0.0513264000000000 0.0017544200000000 0.0477796800000000
vn -0.0000003756180355 0.0000000017522455 0.0000000063718714
v -0.1087282400000000 0.0019186000000000 -0.0057559100000000
vn -0.0291034400875801 -6.2831065637552097 0.0119374435711289
v -0.0521286700000000 0.0016548000000000 -0.0065905900000000
vn -0.3066442278337245 0.0073626919230135 3.1265815714321095
v -0.5333220000000000 -0.0586224900000000 0.0079621300000000
vn 0.0000003148072344 0.0000015790667695 0.0000000271563023
v -0.3249618100000000 -0.0785808600000000 0.0284443800000000
vn -0.6132888401853167 0.0147237317339461 6.2531654075823226
v -0.3248736400000000 -0.0595493200000000 0.0284082100000000
vn -0.0000000102230425 0.0000001005552279 -0.0000000012394901
v -0.1163265400000000 -0.0391606000000000 0.0488137700000000
vn 0.3066442398177393 -0.0073627213318838 -3.1265827502414059
v -0.3247748900000000 -0.0382337700000000 0.0283676900000000
vn 0.0031385309301110 -3.1312317204188216 -3.1249302721861398
v -0.3658311200000000 -0.0232516800000000 -0.0425396200000000
vn 0.0000000998800089 0.0000002667329179 -0.0000000100493329
v -0.1980916800000000 -0.0430915700000000 -0.0587371000000000
vn -0.3024900761788773 -0.0045418566324780 -3.1269929640845198
v -0.3659990200000000 -0.0594935100000000 -0.0424707400000000
vn 0.3170438877963405 3.1460985768578511 3.1210206870998869
v -0.3660871900000000 -0.0785250500000000 -0.0424345600000000
vn 0.3024901759343014 0.0045415444469822 3.1269927716440669
v -0.3659192900000000 -0.0422832100000000 -0.0425034500000000
vn -0.0000000454612495 -0.0000006015392987 0.0000002536562492
v -0.5419762800000000 0.0801092500000000 0.0521021300000000
vn 0.0000000170547643 -0.0000000032218561 -0.0000001009974251
v -0.5420518500000000 0.0637967300000000 0.0521331300000000
vn -0.0000000477503167 0.0000006148334774 0.0000002982291457
v -0.5421274200000000 0.0474842100000000 0.0521641400000000
vn -0.0609055016038764 -3.1473080726154121 -3.1352750761380737
v -0.5499358500000000 0.0799964800000000 -0.0266340300000000
vn -0.0463517511794301 -0.0057567596624769 -3.1412466620840491
v -0.5337006500000000 0.0636079300000000 -0.0268435600000000
vn -0.0463488858322188 -0.0057548734271591 -3.1412454739184854
v -0.5500114200000000 0.0636839600000000 -0.0266030300000000
vn -3.1266608087073160 3.1561954063614670 0.0403513566152201
v -0.5652437800000000 0.0801970300000000 0.0415694700000000
vn -0.0000000000000002 -0.0000000000000000 -0.0000000000000000
v -0.5663222000000000 0.0637599800000000 -0.0263624900000000
vn 0.0000011313218300 0.0000030384923268 -0.0000000675689386
v -0.5653193600000000 0.0638845000000000 0.0416004700000000
vn 3.1557690159895033 3.1269110655275774 -0.0522966605828859
v -0.5653949300000000 0.0475719800000000 0.0416314800000000
vn -0.0000000369182575 -0.0000001544223146 0.0000002145112919
v -0.5425302300000000 -0.0394634900000000 0.0523293900000000
vn 0.0000000000000000 -0.0000000000000000 0.0000000000000001
v -0.5513581300000000 -0.0556370200000000 0.1041527500000000
vn 0.0000001805883660 -0.0000001902178516 -0.0000010734163077
v -0.5426058000000000 -0.0557760100000000 0.0523604000000000
vn 0.0000000975399954 -0.0000004361260980 -0.0000005882827645
v -0.5426813700000001 -0.0720885300000000 0.0523914000000000
vn 0.0000000000000001 -0.0000000000000000 -0.0000000000000000
v -0.5657977400000000 -0.0393757100000000 0.0417967300000000
vn 0.0000000114537768 0.0000000014220770 0.0000007762281674
v -0.5668761500000000 -0.0558127600000000 -0.0261352200000000
vn -0.0000000000000002 0.0000000000000000 -0.0000000000000000
v -0.5658733100000000 -0.0556882300000000 0.0418277400000000
vn 0.0000000000000001 -0.0000000000000000 -0.0000000000000000
v -0.5659488800000000 -0.0720007500000000 0.0418587400000000
vn -0.0005325844240009 -0.0002865335817522 0.0035840848657686
v 0.2975974600000000 0.2374520300000000 0.0398609100000000
vn 0.0002570600237337 0.0005582160914762 0.0001828291015462
v 0.3793332900000000 0.4028476400000000 0.0427841000000000
vn -5.6019910102875512 2.7791952071268256 -0.6100624889836977
v 0.3023080100000000 0.2422832100000000 0.0184916300000000
vn -3.3409337230780163 0.9675572486516693 2.7605043761319243
v 0.2786018900000000 0.1783060900000000 -0.0550288400000000
vn -0.5401700445429543 -0.4224441019328413 3.0658366819800884
v 0.2656336500000000 0.1064565800000000 -0.0672139100000000
vn -0.5401685088429683 -0.4224440079683631 3.0658382100119024
v 0.2955841700000000 0.1698839200000000 -0.0531972300000000
vn 0.0002590444278066 0.0005625946818052 0.0001842167308882
v 0.4132720300000000 0.3860039900000000 0.0464739200000000
vn 0.0004449234816319 0.0004911693852085 -0.0018459837324295
v 0.3802359300000000 0.3078624200000000 -0.0061361000000000
vn -5.6021690031567637 2.7789202644824353 -0.6096822099090123
v 0.3754985400000000 0.3030309000000000 0.0152608300000000
vn -1.9215374158990746 2.5481464819405670 -3.0902923386072181
v 0.4206915500000000 0.4152681300000000 0.0554196900000000
vn 0.0000002348425089 0.0000003648523293 0.0000002258774510
v 0.3968618300000000 0.3944126800000000 0.0392229600000000
vn 0.8792133181864843 1.1581503638634132 -2.7848314190332872
v 0.4085723400000000 0.4212761600000000 0.0540920800000000
vn -3.6794076067352188 0.2325803188805888 2.4776034749360147
v 0.3964531200000000 0.4272842000000000 0.0527644700000000
vn -0.8792133345793668 -1.1581494802156429 2.7848287755089465
v 0.4085723400000000 0.4212761600000000 0.0540920800000000
vn -0.0055668553591412 0.0027625220108199 -0.0006035943803290
v 0.4246623000000000 0.4299622500000000 0.0858702600000000
vn -0.0019618795741247 -0.0040016497964581 -0.0002023503968054
v 0.4209290700000000 0.4530620800000000 0.0854212300000000
vn -0.6708986334045457 0.0130124255144212 6.2472461354028601
v 0.4125430900000000 0.4359702900000000 0.0845426400000000
vn 0.0055733109266889 -0.0027686226433993 0.0006042928418701
v 0.4004244100000000 0.4420056300000000 0.0832422300000000
vn 0.6709054290583796 -0.0130180365113808 -6.2472454032513545
v 0.4125436200000000 0.4359975900000000 0.0845698400000000
vn 3.6860500771444156 0.1311973669749916 -2.4777086504028971
v 0.3802109500000000 -0.4236446100000000 0.0518984400000000
vn -0.0002362414052297 0.0005875379550560 -0.0003227093074621
v 0.3814958500000000 -0.3908325100000000 0.0383054200000000
vn 0.8501637988154878 -1.1858633876405826 -2.7821862338286847
v 0.3924932000000000 -0.4179620700000000 0.0532294800000000
vn 1.9870259930292411 2.5005253712178583 3.0848898536731486
v 0.4047487200000000 -0.4122799300000000 0.0545609200000000
vn -0.8504007023003451 1.1864514921196201 2.7818627351987222
v 0.3924664700000000 -0.4179624700000000 0.0532298800000000
vn -0.0000007178747273 -0.0000015654046536 -0.0000000731276064
v 0.3837738400000000 -0.4383940400000000 0.0824089700000000
vn -0.0000002008893149 -0.0000009843496335 -0.0000000191003695
v 0.4039829500000000 -0.4499840400000000 0.0846065700000000
vn -0.6704052486845840 0.0155979016527868 6.2472979048829904
v 0.3960558100000000 -0.4326843000000000 0.0837127100000000
vn 0.0000005917556439 0.0000010275705001 0.0000000609363424
v 0.4083376600000000 -0.4270018100000000 0.0850165000000000
vn 0.6704056769483039 -0.0155981040094538 -6.2472978584199872
v 0.3960556900000000 -0.4327115500000000 0.0837127600000000
vn 0.0001533766409995 -0.0000900163620121 -0.0010479727404485
v 0.3259502200000000 -0.2268348200000000 0.0440729800000000
vn -0.0000923450473240 0.0002154328980025 -0.0000703032732083
v 0.3980908700000000 -0.3828484300000000 0.0455508700000000
vn 5.6744336157664996 2.6295756137664816 0.6037820608670554
v 0.3305331400000000 -0.2318180800000000 0.0226963100000000
vn 0.0001624637056663 -0.0003788895959430 0.0001231340769303
v 0.3637016400000000 -0.3987914800000000 0.0418999900000000
vn 0.0002909029920684 -0.0003421888064792 -0.0012410155230898
v 0.3327554900000000 -0.3198745400000000 -0.0108651000000000
vn 5.6748130832473462 2.6288174269842148 0.6035170485429175
v 0.3281720400000000 -0.3148912800000000 0.0105110500000000
vn -0.0145539878586250 -3.1415532673078159 0.0059708620895826
v 0.3663104000000000 -0.0438246500000000 -0.0556440000000000
vn 0.0000000252133467 -0.0000000011940247 -0.0000005667777308
v 0.3933227100000000 -0.0438571600000000 -0.0069081400000000
vn -0.0291082420952831 -6.2831065318209562 0.0119425452357961
v 0.3669871100000000 -0.0437406200000000 -0.0097826600000000
vn -0.0145537942270448 -3.1415532662120373 0.0059719105337454
v 0.3818436400000000 -0.0437065000000000 0.0443803400000000
vn -0.0145534632038609 -3.1415532695275488 0.0059709730050625
v 0.3548313200000000 -0.0436739900000000 -0.0043555100000000
vn 0.0145536337915177 3.1415539251474867 -0.0059712419175117
v 0.3677544900000000 -0.0436453300000000 0.0422225800000000
vn 0.0291089911874737 6.2831065308501950 -0.0119412299403117
v 0.3670777700000000 -0.0437293600000000 -0.0036387500000000
vn 0.0291071852683116 6.2831065368430865 -0.0119424781529572
v 0.3629520700000000 -0.0437163300000000 -0.0068408000000000
vn -0.8289950949653380 0.1153846786693827 0.0120209228310917
v 0.3407421700000000 -0.0436128200000000 -0.0065132700000000
vn -1.7809627441485489 0.0033318257832488 -2.5880040148367591
v 0.3195332200000000 0.0043957200000000 -0.0474286700000000
vn -0.9383838665640122 3.0297758910211909 -2.6055070331295025
v 0.3193373600000000 -0.0378816100000000 -0.0473483200000000
vn 0.0000000089011870 -0.0000008698555056 0.0000008785498544
v 0.3037687600000000 -0.0332569100000000 0.0018170400000000
vn -0.4677031494041894 0.0054640180882606 3.1065777084703932
v 0.3372106300000000 0.0050870600000000 0.0447592600000000
vn -1.3112521263233106 -3.0207047513198004 3.1245702069278716
v 0.3229199500000000 -0.0383523500000000 0.0426841800000000
vn 0.4755284756431623 -0.0133205997268646 -3.1053706364642659
v 0.3558002200000000 -0.0000781200000000 0.0475670500000000
vn 0.4676753824776863 -0.0106775399221263 -3.1065688673928564
v 0.3371636500000000 -0.0050537000000000 0.0447785300000000
vn 0.4755530701982599 -0.0081048573257175 -3.1053790681418230
v 0.3560017500000000 0.0434224600000000 0.0474843700000000
vn 1.7554958843646566 -0.0085828616091637 -0.2363477687835576
v 0.3698893700000000 -0.0001392900000000 0.0497248100000000
vn 1.2799418169806736 -0.0004758357018375 2.8690322829807910
v 0.3888300300000000 0.0065540900000000 0.0412760600000000
vn 1.2799418968485647 -0.0004775141534709 2.8690330382231974
v 0.3886285000000000 -0.0369464900000000 0.0413587400000000
vn -1.2807613899817265 0.0004814203556345 -2.8686688293868468
v 0.3820451700000000 -0.0002059200000000 0.0442976600000000
vn -1.2953141764483187 -3.1410737621594400 -2.8626957986283204
v 0.3822466900000000 0.0432946600000000 0.0442149800000000
vn -1.2807604326934057 0.0004809876154183 -2.8686681426583669
v 0.3942009600000000 -0.0002725500000000 0.0388705100000000
vn -0.0000000006037854 0.0000032430586886 0.0000002454245139
v 0.4097789900000000 -0.0276115200000000 -0.0024763900000000
vn 1.9260655055057976 -0.0136518465502122 -2.4818728176206575
v 0.3983932400000000 0.0090580400000000 -0.0486008500000000
vn 1.9260661610692833 -0.0136526816398667 -2.4818729956789380
v 0.4023174100000000 -0.0344555600000000 -0.0453161200000000
vn -0.0000012039652367 -0.0000234412448939 -0.0000008067934948
v 0.3887218300000000 -0.0004275900000000 -0.0560542100000000
vn -1.9260664825440148 0.0136266027744446 2.4818722039880252
v 0.3983050700000000 -0.0099734900000000 -0.0485646800000000
vn -1.9260657506210683 0.0136288297792440 2.4818714796555499
v 0.4026323000000000 0.0335140600000000 -0.0454453100000000
vn -0.0463513237518453 -0.0057556674212006 -3.1412451389809553
v 0.3601326000000000 0.0003247200000000 -0.0588966400000000
vn -0.0463513272257614 -0.0057557888593004 -3.1412454013570796
v 0.3599310700000000 -0.0431758600000000 -0.0588139600000000
vn 0.0609033599499081 3.1473079000151039 3.1352748234058438
v 0.3625877500000000 0.0431895300000000 -0.0590114100000000
vn 0.0926985587699801 0.0115114878436323 6.2824909126193873
v 0.3401763200000000 -0.0002075300000000 -0.0586011900000000
vn 0.0463463952768634 0.0057557301192136 3.1412454543126627
v 0.3379170300000000 -0.0007950100000000 -0.0585667800000000
vn 0.0145537749452052 3.1415540179925823 -0.0059712344386919
v 0.3681575400000000 0.0433558300000000 0.0420572200000000
vn -0.0000012461898002 0.0000000077774296 0.0000010542212864
v 0.3937257700000000 0.0431439900000000 -0.0070735000000000
vn 0.0291092432628869 6.2831065287175853 -0.0119417375593828
v 0.3674808300000000 0.0432717900000000 -0.0038041100000000
vn 0.0291099994517405 6.2831065275906166 -0.0119404872888200
v 0.3633551300000000 0.0432848200000000 -0.0070061600000000
vn -0.0145547137903903 -3.1415525169863781 0.0059699547326258
v 0.3667134500000000 0.0431765100000000 -0.0558093600000000
vn -0.0291069896722944 -6.2831065370262982 0.0119428592091152
v 0.3673901700000000 0.0432605400000000 -0.0099480200000000
vn -0.0145543065191381 -3.1415539515552764 0.0059714476848346
v 0.3552343800000000 0.0433271700000000 -0.0045208700000000
vn -0.7903967016112032 3.0405038813401557 0.0145234989235064
v 0.3202493600000000 0.0378252800000000 -0.0094327400000000
vn -0.8527688961742870 -3.0236044970994511 0.0143770762697296
v 0.3198989500000000 -0.0378118800000000 -0.0092889800000000
vn -1.6963189287776708 -6.0497741520813513 0.0323687933595530
v 0.3221525800000000 -0.0384476400000000 -0.0093210700000000
vn 0.8425776502794916 3.0264443786438462 -0.0175034088169800
v 0.3384885400000000 -0.0429770500000000 -0.0064811800000000
vn 0.8425782083269164 3.0264438514062046 -0.0175030583952813
v 0.3223583600000000 -0.0384220900000000 0.0046248400000000
vn -0.0145519304814697 -3.1415526136376082 0.0059738387701553
v 0.3500598500000000 -0.0546082800000000 -0.0183503400000000
vn -0.0291074076736440 -6.2831065383609275 0.0119411371880881
v 0.3555296700000000 -0.0546295300000000 -0.0162012300000000
vn -0.0291086208575559 -6.2831065328647036 0.0119410720246202
v 0.3578664200000000 -0.0546300900000000 -0.0107975300000000
vn -0.0291077892882567 -6.2831065300586655 0.0119445742487623
v 0.3556901300000000 -0.0546096100000000 -0.0053267600000000
vn -0.0145563716053870 -3.1415532508803676 0.0059736938352661
v 0.3502865000000000 -0.0545801300000000 -0.0029905600000000
vn 0.0145526617971843 3.1415532728117763 -0.0059711982501121
v 0.3580268900000000 -0.0546101600000000 0.0000774600000000
vn 0.0291059637971533 6.2831065451889430 -0.0119410642644578
v 0.3590348000000000 -0.0546303600000000 -0.0080951600000000
vn 0.0291045352022279 6.2831065519525282 -0.0119409877683160
v 0.3523966100000000 -0.0546088300000000 -0.0129461200000000
vn 0.0145527722375685 3.1415532790121325 -0.0059699210131795
v 0.3469925800000000 -0.0545794100000000 -0.0106366500000000
vn 0.0000000060160318 0.0000016982436032 0.0000000014257795
v 0.3526484400000000 -0.0491431800000000 0.0024033200000000
vn 0.0145546347777639 3.1415541854395599 -0.0059699720905327
v 0.3580772700000000 -0.0437351500000000 0.0000567900000000
vn 0.0291078210129734 6.2831065359406839 -0.0119414038842562
v 0.3602535600000000 -0.0437556300000000 -0.0054139800000000
vn 0.0291073852693661 6.2831065355228741 -0.0119426852171358
v 0.3558090600000000 -0.0437541300000000 -0.0154568600000000
vn 0.0145549974073747 3.1415532568055475 -0.0059716720787768
v 0.3470429600000000 -0.0437043900000000 -0.0106573200000000
vn -0.0145559620722109 -3.1415525996739286 0.0059694300201734
v 0.3501102300000000 -0.0437332600000000 -0.0183710100000000
vn -0.0291082592982357 -6.2831065314977952 0.0119426726101796
v 0.3567484300000000 -0.0437548000000000 -0.0135200500000000
vn -0.0291076687052224 -6.2831065344493418 0.0119425595314713
v 0.3593152000000000 -0.0437499600000000 -0.0047203100000000
vn -0.0145534465485327 -3.1415532683825460 0.0059716160024032
v 0.3503368800000000 -0.0437051200000000 -0.0030112300000000
vn 0.0145527525166067 3.1415532768799910 -0.0059705828595893
v 0.2227419800000000 -0.0758292800000000 -0.0213808800000000
vn 0.0145525469320939 3.1415532867053697 -0.0059710524286638
v 0.1860038300000000 -0.0756279800000000 -0.0050141900000000
vn 1.2929913880260400 3.1410846652553288 2.8637331597812210
v 0.2236172600000000 -0.0757205900000000 0.0379369000000000
vn 1.3278516345580493 -0.0295400932745653 2.8470229224432400
v 0.2228905200000000 0.0005745100000000 0.0382974000000000
vn 2.6062894440935245 -0.0300090799515453 5.7167272970203689
v 0.2239699300000000 0.0004055500000000 0.0377922100000000
vn -0.0015362346701560 0.0000084189304722 0.0006848800319065
v 0.2607080900000000 0.0002042400000000 0.0214255200000000
vn -1.2799744286175123 0.0004765659760233 -2.8690178713459060
v 0.2225378500000000 -0.0755516400000000 0.0384420900000000
vn -1.1362166995978253 -0.0061540932406964 -6.0073133154016638
v 0.1850722100000000 0.0007817800000000 0.0551695800000000
vn -2.5599518726263550 0.0009533275953008 -5.7380365200438304
v 0.2228897700000000 0.0004115100000000 0.0382977100000000
vn -1.2799745330083805 0.0004765867555995 -2.8690178304493372
v 0.2232424400000000 0.0765376600000000 0.0381530200000000
vn -0.0000004016615101 -0.0000005771203524 0.0000005114282868
v 0.2656636500000000 0.0001191300000000 -0.0112770200000000
vn 3.1060974499045031 -0.0134954330109483 0.4707157551257640
v 0.2653109700000000 -0.0760070200000000 -0.0111323400000000
vn 0.0000000051158645 -0.0000012977691797 -0.0000000709632118
v 0.2706192000000000 0.0000340100000000 -0.0439795700000000
vn -3.1060986449789887 0.0134954381958307 -0.4707159401804948
v 0.2660163200000000 0.0762452700000000 -0.0114217100000000
vn 1.3633106528211933 -0.0116954162579997 -2.8303447371148565
v 0.2487105300000000 0.0001154500000000 -0.0545327900000000
vn 1.3633106754140734 -0.0116948842269667 -2.8303447879994064
v 0.2483578500000000 -0.0760106900000000 -0.0543881100000000
vn 1.3169581424551122 -0.0174509699929622 -5.9715907006303333
v 0.2268018500000000 0.0001968900000000 -0.0650860200000000
vn -0.0463514852637015 -0.0057552648930317 -3.1412458977449367
v 0.1488865000000000 0.0056716700000000 -0.0639463500000000
vn 0.0000003723974468 -0.0000002422346663 -0.0000000050510971
v 0.2035852600000000 0.0764328900000000 -0.0648831300000000
vn -0.0927022979299134 -0.0115120956034734 -6.2824908563378941
v 0.1724557600000000 0.0055618200000000 -0.0642939300000000
vn -0.0463518517525866 -0.0057564113215925 -3.1412461436589876
v 0.1721030900000000 -0.0705643200000000 -0.0641492400000000
vn 0.0463511885101275 0.0057561493993471 3.1412455555595873
v 0.2061415400000000 0.0002931900000000 -0.0647813400000000
vn 0.0927030390741886 0.0115115520031048 6.2824908463977192
v 0.1825722700000000 0.0004030400000000 -0.0644337600000000
vn 0.0463506602990602 0.0057553620103873 3.1412456314676915
v 0.1491929500000000 0.0718195300000000 -0.0640720800000000
vn 0.0463484444165931 0.0057543286318652 3.1412454712249911
v 0.1517492200000000 -0.0043201700000000 -0.0639702900000000
vn -0.1430208345424059 0.0076907165574254 3.1383260338682133
v 0.1832486400000000 0.0007900200000000 0.0550607200000000
vn 0.3320621317199596 -3.0977714906244476 3.1374047298988295
v 0.0937455300000000 0.0632952900000000 0.0508286900000000
vn -0.2867792366550858 0.0143200903969287 6.2766207892795567
v 0.0952171700000000 -0.0126761000000000 0.0510819400000000
vn -0.1437592678206296 0.0066301673539285 3.1382955051084598
v 0.0054893600000000 0.0013260900000000 0.0469421000000000
vn 0.0000005091592993 0.0000003915925015 0.0000000224959473
v 0.0949924700000000 -0.0611791800000000 0.0511741300000000
vn 0.1868658829021148 -0.0694948028854286 -3.1352601192354852
v 0.0935208200000000 0.0147922100000000 0.0509208800000000
vn 0.3306249907034546 -0.0761253920762239 -6.2735548289188277
v 0.0953443900000000 0.0147839700000000 0.0510297500000000
vn 0.0145544461759642 3.1415527955018701 -0.0059714729660863
v 0.2205383800000000 0.0764365600000000 -0.0216273600000000
vn -0.4605474010722260 6.2470135509694726 -0.0046503531122174
v 0.1808964900000000 0.0766520700000000 -0.0048640400000000
vn 0.0145541005130000 3.1415529021153872 -0.0059722865426845
v 0.2214188800000000 0.0765459000000000 0.0380441500000000
vn -0.4751002153563704 3.1054597072127557 0.0013210218614271
v 0.0931719000000000 0.0632240600000000 0.0119539400000000
vn -0.4751000566523148 3.1054606484695726 0.0013206623771245
v 0.0922914100000000 0.0631147300000000 -0.0477175700000000
vn 0.4750815292138998 -3.1054631845932841 -0.0009206775996160
v 0.1500734400000000 0.0719288600000000 -0.0044005700000000
vn 0.4750824381509287 -3.1054625996912115 -0.0009196595395322
v 0.0620419800000000 0.0584627500000000 -0.0083793500000000
vn -0.4847886895371937 -3.1039376424784750 0.0124675254694824
v 0.0944188500000000 -0.0612504100000000 0.0122993700000000
vn -0.0000210065504468 0.0000029797233865 -0.0000747424415909
v 0.0609372000000000 -0.0562594200000000 -0.0470361900000000
vn -0.9700649797853074 -6.2077979376517023 0.0252186499358549
v 0.1512386400000000 -0.0701903800000000 -0.0040216000000000
vn -0.4852762315742106 -3.1038602943206910 0.0127493054126086
v 0.1514427700000000 -0.0704680300000000 -0.0638445600000000
vn -0.4852760203852280 -3.1038602365628272 0.0127502212360711
v 0.1849244200000000 -0.0754590200000000 -0.0045090000000000
vn 0.4847680017316773 3.1039409520076355 -0.0125428231379587
v 0.1523180500000000 -0.0703593400000000 -0.0045267800000000
vn 0.9696718850432499 6.2078586884136602 -0.0253857151658865
v 0.0954982500000000 -0.0614193700000000 0.0117941800000000
vn 0.4849041549526603 3.1039180740856072 -0.0128433237014096
v 0.0046910300000000 -0.0472482200000000 0.0081595300000000
vn 0.4849042598944148 3.1039180745926984 -0.0128433252508586
v 0.0960718800000000 -0.0613481400000000 0.0506689400000000
vn -0.0145557758566161 -3.1415539198406823 0.0059691195109703
v 0.3505270900000000 0.0432161800000000 -0.0175846000000000
vn -0.0291082364933857 -6.2831065303026215 0.0119433569518941
v 0.3559973100000000 0.0431949700000000 -0.0154082400000000
vn -0.0291080765672534 -6.2831065354829470 0.0119410218733556
v 0.3602765200000000 0.0431944100000000 -0.0052748000000000
vn -0.0145527625848628 -3.1415532777730055 0.0059683417719861
v 0.3507537300000000 0.0432443200000000 -0.0022248200000000
vn 0.0145538443434766 3.1415523473199443 -0.0059715015158057
v 0.3584945100000000 0.0432143400000000 0.0008694100000000
vn 0.0291082129928236 6.2831065370737100 -0.0119398518652112
v 0.3606708000000000 0.0431938600000000 -0.0046008400000000
vn 0.0291069508940100 6.2831065395283030 -0.0119416360233284
v 0.3583340500000000 0.0431944200000000 -0.0100045400000000
vn 0.0291071107799104 6.2831065350447055 -0.0119436056027064
v 0.3528638300000000 0.0432156200000000 -0.0121809000000000
vn 0.0145569913770965 3.1415523160290761 -0.0059709083160009
v 0.3474602000000000 0.0432451000000000 -0.0098441800000000
vn -1.1488067161136302 0.0108796006194644 2.9239929794305346
v 0.3531156700000000 0.0486812700000000 0.0031685400000000
vn 0.0145540077416928 3.1415532663784180 -0.0059713026294310
v 0.3585448900000000 0.0540893600000000 0.0008487400000000
vn 0.0291081712915605 6.2831065268966491 -0.0119453080699061
v 0.3607211800000000 0.0540688800000000 -0.0046215100000000
vn 0.0291098263796002 6.2831065249770077 -0.0119422827717657
v 0.3583844400000000 0.0540694300000000 -0.0100252100000000
vn 0.0291070557025668 6.2831065402743178 -0.0119409888714602
v 0.3529142100000000 0.0540906400000000 -0.0122015700000000
vn 0.0145515574282383 3.1415542018708384 -0.0059710771920535
v 0.3475105900000000 0.0541201100000000 -0.0098648500000000
vn -0.0145521303043973 -3.1415532748201418 0.0059724032904442
v 0.3505774700000000 0.0540911900000000 -0.0176052700000000
vn -0.0291070451034574 -6.2831065396953649 0.0119413187060135
v 0.3560476900000000 0.0540699900000000 -0.0154289100000000
vn -0.0291103943556731 -6.2831065275708529 0.0119395346687965
v 0.3583844400000000 0.0540694300000000 -0.0100252100000000
vn -0.0291111799721984 -6.2831065150435617 0.0119442106554652
v 0.3562081400000000 0.0540899100000000 -0.0045549600000000
vn -0.0145559002607622 -3.1415526148861739 0.0059726667711178
v 0.3508041100000000 0.0541193400000000 -0.0022454900000000
vn 0.0000000000000000 -0.0000000000000000 -0.0000000000000000
v 0.2631863800000000 0.0002161900000000 0.0050738800000000
vn -0.0000000000000001 0.0000000000000000 -0.0000000000000000
v 0.3033613400000000 -0.0000485800000000 -0.0363055500000000
vn 0.0463511827549060 0.0057562704029644 3.1412454272625085
v -0.1525993700000000 0.0472612700000000 -0.0595739200000000
vn 0.0463511729216710 0.0057562645145244 3.1412445257705293
v -0.1527883000000000 0.0064791800000000 -0.0594964100000000
vn 0.8317220316297397 -0.0036636018576614 0.0994169954723160
v -0.1087433700000000 0.0425437700000000 -0.0602124000000000
vn 0.8830798041371035 3.0148679727214547 -0.0185557804417467
v -0.0517474200000000 0.0667772000000000 -0.0455716300000000
vn 0.0145552928874604 3.1415532794234817 -0.0059788668184481
v -0.3236547500000000 0.0844563600000000 0.0102068500000000
vn 0.0291093700146330 6.2831065161540636 -0.0119480366797796
v -0.3199304000000000 0.0844390000000000 0.0101519300000000
vn 0.0145541985890278 3.1415530668608120 -0.0059697181469925
v -0.3207326700000000 0.0843393800000000 -0.0442183400000000
vn -0.0145553574821457 -3.1415532587835040 0.0059720084290732
v -0.1516290700000000 0.0836299800000000 -0.0052725900000000
vn -0.0291090701690348 -6.2831065276845770 0.0119427029784393
v -0.1553534300000000 0.0836473400000000 -0.0052176700000000
vn -0.0145541522186285 -3.1415532658825835 0.0059710944454645
v -0.3643396000000000 0.0845774000000000 -0.0252752700000000
vn -0.0002444600910483 0.0000202275833689 -0.0015239221566481
v -0.3207398000000000 0.0245592800000000 -0.0258086500000000
vn -0.3344896024940037 -3.1237180457125246 0.0106585661161456
v -0.5328172600000000 0.0473233500000000 -0.0097784100000000
vn -0.3344889494720124 -3.1237169960779267 0.0106619700893918
v -0.3210097700000000 0.0245257500000000 -0.0441046500000000
vn 0.3342447575333387 3.1237375737236350 -0.0121825144371902
v -0.1118525100000000 0.0022864100000000 -0.0057104800000000
vn -0.0145537256727082 -3.1415532682063376 0.0059713727669080
v -0.0512474500000000 0.0016257000000000 0.0089226500000000
vn 0.7708163724940825 -3.1509742063795794 -3.0358544076931668
v -0.0520497200000000 0.0015260700000000 -0.0454476100000000
vn 0.0463525973145477 0.0057566308219482 3.1412453248284931
v -0.1108613000000000 0.0431681200000000 0.0485822700000000
vn 0.0927042370277873 0.0115133287377056 6.2824908254645102
v -0.1071388300000000 0.0427430100000000 0.0485281200000000
vn 0.0463513423049688 0.0057556496613776 3.1412458837485562
v -0.0504852900000000 0.0424789600000000 0.0476926400000000
vn 0.7853709051466083 -0.0094183957068884 -3.0418265344652657
v -0.0518607800000000 0.0423081600000000 -0.0455251200000000
vn 0.0000002134692946 0.0000022404598670 -0.0000000228726329
v -0.3648657600000000 0.0292432500000000 -0.0434661700000000
vn -0.0463503575763319 -0.0057562533127741 -3.1412455347442241
v -0.1122217300000000 -0.0391797300000000 0.0487532300000000
vn -0.0927014791728905 -0.0115125659953513 -6.2824908675572360
v -0.1081149000000000 -0.0387638600000000 0.0486918700000000
vn -0.0463511358762636 -0.0057562345922168 -3.1412462277894484
v -0.0515153400000000 -0.0390276600000000 0.0478571900000000
vn 0.8558735799270040 -3.0227528088214606 -0.0070903479450740
v -0.0529965700000000 -0.0636665600000000 -0.0447978900000000
vn 1.7117476109839860 -6.0455054924692728 -0.0141796040750466
v -0.0524309700000000 -0.0635963300000000 -0.0064665700000000
vn 0.8413192082879255 -6.1643063880325659 -0.0011199099919652
v -0.1091061100000000 -0.0796455700000000 -0.0056008800000000
vn -0.0317511885848855 3.0130310619304832 -3.0251004484651260
v -0.0520982800000000 -0.0634259900000000 -0.0448115900000000
vn -0.8563698018414093 3.0226132310893488 0.0063223821171239
v -0.1082078200000000 -0.0794050000000000 -0.0056145800000000
vn -0.0145541314646540 -3.1415532939827555 0.0059720284464958
v -0.3216592700000000 -0.0786996100000000 -0.0259864200000000
vn -0.0145539108362706 -3.1415534563115357 0.0059697182957296
v -0.3208570000000000 -0.0785999900000000 0.0283838400000000
vn 0.0145531153599512 3.1415532703125852 -0.0059714077892314
v -0.1132109200000000 -0.0796264400000000 -0.0055403500000000
vn 0.0609054039942455 3.1473095375268492 3.1352747435004251
v -0.1540839800000000 -0.0795393000000000 -0.0593196800000000
vn 0.0291078000595201 6.2831065335308285 -0.0119427229615441
v -0.1573865200000000 -0.0794205500000000 -0.0048888800000000
vn 0.0145541612685353 3.1415532685149294 -0.0059700712813285
v -0.3252141300000000 -0.0786121900000000 0.0113447700000000
vn -0.3057760680157129 3.1266763476137158 -0.0012183587892105
v -0.3216344900000000 -0.0189173200000000 -0.0431997100000000
vn 0.0000001311910861 0.0000000129712490 0.0000003631803310
v -0.5334861400000001 -0.0396222800000000 -0.0091736500000000
vn -0.6114197795932177 6.2533655085633377 -0.0016050292868902
v -0.3213821700000000 -0.0188859900000000 -0.0261001000000000
vn -0.6122886260800012 3.1340519698792524 3.1261925568014348
v -0.3246867300000000 -0.0192022300000000 0.0283315200000000
vn -0.3056443187829161 3.1266892264380290 -0.0003901370065441
v -0.1128350700000000 0.0015027300000000 -0.0056945400000000
vn 0.3057756576130248 -3.1266762183181935 0.0012183828559828
v -0.3205799000000000 -0.0187863600000000 0.0282701600000000
vn 0.6114046278289205 -6.2533663338483905 0.0032788800423443
v -0.3208322100000000 -0.0188177000000000 0.0111705500000000
vn 0.3056287143439686 -3.1266906191806059 0.0020621624671952
v -0.1529248800000000 -0.0024157600000000 -0.0050958100000000
vn 0.0145549022413161 3.1415532660672234 -0.0059703708470926
v -0.0526942800000000 0.0015845700000000 -0.0449219100000000
vn 0.0145537463246737 3.1415532662123553 -0.0059720271061294
v -0.0518920100000000 0.0016841900000000 0.0094483500000000
vn -0.0291041789697255 -6.2831065592460869 0.0119380160916868
v -0.0512315200000000 0.0016506200000000 -0.0066038200000000
vn -0.8391703204840265 -3.1319718974208128 3.0373896566266207
v -0.0517971200000000 0.0015803900000000 -0.0449351400000000
vn -0.0145548009434737 -3.1415532623572640 0.0059714848474199
v 0.0047075600000000 0.0014203900000000 0.0086136700000000
vn -0.0463503890251334 -0.0057543622838979 -3.1412449026066209
v -0.1530177900000000 -0.0430569000000000 -0.0594022600000000
vn -0.0463510232771831 -0.0057551386264988 -3.1412454320342675
v -0.1537271500000000 -0.0025153800000000 -0.0594660700000000
vn -0.0463511029677696 -0.0057552372507209 -3.1412454449182219
v -0.1088211500000000 -0.0387225400000000 -0.0600623500000000
vn 0.0463523640288249 0.0057538890946011 3.1412459042563512
v -0.1529978900000000 -0.0387614000000000 -0.0594104200000000
vn 0.0463516397990492 0.0057546811918549 3.1412463892405720
v -0.1088222900000000 -0.0389672900000000 -0.0600618900000000
vn 0.8246193929198602 -0.0095813998101629 -3.0314219647218072
v -0.0519104800000000 -0.0228886600000000 -0.0448886300000000
vn -0.0000002925754171 -0.0000007233410039 -0.0000000773009596
v -0.1079240000000000 -0.0387267200000000 -0.0600755800000000
vn -0.8246202382375076 0.0095843848236638 3.0314206378666730
v -0.0519849200000000 -0.0389569500000000 -0.0448580900000000
vn -0.0145537247530842 -3.1415533365210502 0.0059714778933337
v -0.5586387600000000 0.0475353300000000 0.0388125000000000
vn -0.0145538294287422 -3.1415532869824947 0.0059704141999042
v -0.5500869900000001 0.0473714400000000 -0.0265720200000000
vn -0.0145539155436256 -3.1415532692180475 0.0059714206289796
v -0.5423279800000000 0.0474593100000000 0.0385719600000000
vn 0.0145544354226795 3.1415532648451840 -0.0059710668564383
v -0.5498864300000000 0.0473963400000000 -0.0129798500000000
vn 0.0145544765457933 3.1415525876933796 -0.0059706325984062
v -0.5488835900000000 0.0475208700000000 0.0549831100000000
vn 0.0000002058304597 0.0000000204030858 -0.0000012174109160
v -0.5333184200000000 0.0595796100000000 0.0003485300000000
vn 0.0145544267333614 3.1415525324939075 -0.0059710652953392
v -0.5497352900000000 0.0800213800000000 -0.0130418600000000
vn 0.0145544805521740 3.1415539432321395 -0.0059706410014001
v -0.5487324500000000 0.0801459100000000 0.0549211000000000
vn -0.0145533733782596 -3.1415539446628085 0.0059709109977146
v -0.5584876100000000 0.0801603700000000 0.0387504900000000
vn -0.0145542283075840 -3.1415531899680404 0.0059709610672461
v -0.5421768400000000 0.0800843500000000 0.0385099600000000
vn -0.0145539149613103 -3.1415531949294255 0.0059711827081780
v -0.5591927100000000 -0.0720374100000000 0.0390397700000000
vn -0.0145539350556507 -3.1415532685002612 0.0059703633957407
v -0.5506409500000000 -0.0722013000000000 -0.0263447600000000
vn -0.0145542397118375 -3.1415532685897736 0.0059709611104708
v -0.5428819400000000 -0.0721134300000000 0.0387992300000000
vn -0.0000002340794154 -0.0000003404187459 0.0000013764000460
v -0.5338534800000000 -0.0559149900000000 0.0005680500000000
vn 0.0000000000000002 -0.0000000000000000 0.0000000000000000
v -0.5648704700000000 -0.0555637100000000 0.1097907000000000
vn -0.0145539120950664 -3.1415525895006415 0.0059711857231881
v -0.5590415700000000 -0.0394123700000000 0.0389777600000000
vn -0.0145538378441911 -3.1415545128573923 0.0059704154084296
v -0.5504898000000000 -0.0395762600000000 -0.0264067600000000
vn -0.0145542226520962 -3.1415532686646186 0.0059709633130977
v -0.5427307900000000 -0.0394883900000000 0.0387372200000000
vn 0.0000429456792692 0.0000473342945471 -0.0001777547061096
v 0.3462981200000000 0.3247061200000000 -0.0097986700000000
vn -5.6015953653974320 2.7795476800766861 -0.6120942748601332
v 0.2645623000000000 0.1593105200000000 -0.0127218600000000
vn -5.6027600651009291 2.7771382110773244 -0.6123626451529369
v 0.2346117800000000 0.0958831800000000 -0.0267385400000000
vn -2.8019974456359091 1.3871366515781971 -0.3070287048265868
v 0.2381540000000000 0.0958046500000000 -0.0594202400000000
vn -0.0013714028877945 -0.0027981576451718 -0.0001420710995632
v 0.2241144100000000 0.0768090800000000 -0.0171132600000000
vn 2.8008739544256369 -1.3895013167544430 0.3065865072443692
v 0.2681045200000000 0.1592319900000000 -0.0454035700000000
vn 5.6022910690263190 -2.7785896124137359 0.6100672804680846
v 0.3058502300000000 0.2422046800000000 -0.0141900700000000
vn 5.6020418552862941 -2.7790243352109405 0.6103732528607084
v 0.3011396800000000 0.2373735000000000 0.0071792000000000
vn 2.8011527816988306 -1.3890957689543315 0.3058687651849682
v 0.2726049200000000 0.0874514000000000 -0.0217637600000000
vn -0.0004154244253822 -0.0003219801095240 0.0023516708756449
v 0.3125391900000000 0.1614618700000000 -0.0513657300000000
vn 5.6021973211732812 -2.7787527102835026 0.6101913163053765
v 0.3025281800000000 0.1508788700000000 -0.0077472000000000
vn 5.6019022580105009 -2.7792411083006114 0.6106745477678264
v 0.3403016700000000 0.2338519500000000 0.0234658800000000
vn -0.0002204605780968 -0.0001183829055678 0.0014823040182264
v 0.3355642700000000 0.2290204300000000 0.0448628100000000
vn -5.6016611491453725 2.7793651187051180 -0.6122959534113540
v 0.3455752800000000 0.2396034400000000 0.0012442800000000
vn -2.8000912789938894 1.3905921478990471 -0.3087787798735440
v 0.2767181500000000 0.0873597300000000 -0.0599732900000000
vn -5.6011704111262945 2.7800587567693382 -0.6136476275840500
v 0.3396775000000000 0.2289287500000000 0.0066532800000000
vn -2.8010787557637737 1.3894664950102378 -0.3048689297751025
v 0.2667071400000000 0.0767767200000000 -0.0163547600000000
vn -2.8001958337458923 1.3907298076155201 -0.3072252305758256
v 0.4001012900000000 0.4395444100000000 0.0750122100000000
vn -2.8001943835649534 1.3907298372245138 -0.3072248700756693
v 0.3883907900000000 0.4126809300000000 0.0601430900000000
vn 2.8013351330932679 -1.3888420019518151 0.3053571030711098
v 0.3938115500000000 0.4248748300000000 0.0661587800000000
vn 2.8013363924700343 -1.3888397885409420 0.3053569371694139
v 0.4084867400000000 0.4566089000000000 0.0758636000000000
vn 2.8013347385415397 -1.3888404418063436 0.3053560072838594
v 0.3941346600000000 0.4273360400000000 0.0743888000000000
vn -0.9202399154632724 -1.2530309141819802 2.7299590522902157
v 0.3978684200000000 0.4042635200000000 0.0748650200000000
vn -0.9202398935156622 -1.2530298538145028 2.7299591131720371
v 0.3857492100000000 0.4102715600000000 0.0735374100000000
vn -0.0007499914250328 -0.0017446303484155 -0.0010527202952851
v 0.3915786700000000 0.3895939300000000 0.0660115900000000
vn 0.9194908223584197 1.2512856626300524 -2.7310106118245683
v 0.3978678900000000 0.4042362200000000 0.0748378200000000
vn 0.9194915639540557 1.2512859143441686 -2.7310123951414109
v 0.4099871000000000 0.3982281800000000 0.0761654400000000
vn 0.0019678161052613 0.0039943439457020 0.0002030034589191
v 0.4041576400000000 0.4189058000000000 0.0836912500000000
vn 2.8013369994875519 -1.3888410172296524 0.3053582865006818
v 0.4180499700000000 0.4128587500000000 0.0688140100000000
vn 2.8013372007821022 -1.3888419405453019 0.3053553062323162
v 0.4327251600000000 0.4445928200000000 0.0785188300000000
vn 2.8013368635636082 -1.3888410199008319 0.3053578875344302
v 0.4183730800000000 0.4153199700000000 0.0770440200000000
vn -2.8007496621591863 1.3899981655075941 -0.3054636847793119
v 0.4243391900000000 0.4275010400000000 0.0776402400000000
vn -2.8007489604875850 1.3899997070674697 -0.3054654622495381
v 0.4126286800000000 0.4006375500000000 0.0627711200000000
vn 2.8374262019212573 1.3140748749138407 0.3030260534001988
v 0.4080648700000000 -0.4245696100000000 0.0768040300000000
vn 2.8374251196690023 1.3140762962099528 0.3030256955602935
v 0.3970942500000000 -0.3974396500000000 0.0618795800000000
vn -2.8383308144967421 -1.3139802342619882 -0.2948663961600516
v 0.4021571900000000 -0.4097686900000000 0.0679454800000000
vn -2.8383290437557847 -1.3139782838920948 -0.2948684171179877
v 0.4159921400000000 -0.4418421000000000 0.0776978400000000
vn -2.8383289250650972 -1.3139803897623181 -0.2948686060389703
v 0.4024299800000000 -0.4122008900000000 0.0761579500000000
vn -0.0000013328537765 -0.0000003420604668 -0.0000012138200566
v 0.3822208700000000 -0.4006108900000000 0.0739603400000000
vn -0.8825415352678148 1.2812649170961823 2.7293012021092387
v 0.3945027200000000 -0.3949284000000000 0.0752641400000000
vn 0.0000002065543819 -0.0000007679058467 0.0000004272825417
v 0.3763131900000000 -0.3858099700000000 0.0651017900000000
vn 0.8825396637069086 -1.2812660964892630 -2.7293012536289591
v 0.3699390200000000 -0.4062933800000000 0.0726565500000000
vn 0.0000003537470179 0.0000017151726023 0.0000000336787049
v 0.3881285500000000 -0.4154118100000000 0.0828189000000000
vn -2.8360548289847358 -1.3158692967406358 -0.3080223046583966
v 0.3776198200000000 -0.4211333200000000 0.0653102400000000
vn -2.8360540809641748 -1.3158701275257616 -0.3080227735145099
v 0.3914546400000000 -0.4532339800000000 0.0750626600000000
vn -2.8360574912371304 -1.3158693561131829 -0.3080206813703534
v 0.3778661600000000 -0.4235931200000000 0.0735504100000000
vn 2.8358861813168335 1.3170604320607897 0.3044762486718952
v 0.3835275000000000 -0.4359342400000000 0.0741688000000000
vn 2.8358861779087912 1.3170608191581139 0.3044775082360605
v 0.3725301500000000 -0.4088046800000000 0.0592447400000000
vn 3.5275870017431092 0.5022634963323598 -2.6531190114494465
v 0.3671444700000000 -0.3039581700000000 -0.0071874400000000
vn 5.6743981107336658 2.6296416466977734 0.6038281654524968
v 0.2950038100000000 -0.1479445500000000 -0.0086653300000000
vn 2.8371928643963065 1.3148576121922775 0.3018177236570769
v 0.3033725000000000 -0.1558972000000000 -0.0526884900000000
vn 2.8371924586369803 1.3148577299688962 0.3018188970626551
v 0.2667611800000000 -0.0837571100000000 -0.0228047500000000
vn -2.8373202016328252 -1.3145764670428415 -0.3018400929010571
v 0.3348626100000000 -0.2319144300000000 -0.0174474100000000
vn -5.6743940911676791 -2.6294586077158053 -0.6046615832526022
v 0.3302796800000000 -0.2269311800000000 0.0039292600000000
vn -2.8370737157113202 -1.3148820519904421 -0.3028196382105871
v 0.2627219500000000 -0.0759008200000000 -0.0189253000000000
vn 0.6903815008569976 -0.8125195729542825 -2.9551289100480873
v 0.3499501200000000 -0.3119296900000000 -0.0090126200000000
vn 0.6903815791804135 -0.8125194144274890 -2.9551294180451908
v 0.3854794500000000 -0.3958032100000000 0.0223490200000000
vn -2.8370816215927328 -1.3146364228166061 -0.3038189898270008
v 0.2286394700000000 -0.0913121400000000 -0.0277483400000000
vn 0.0003892617719972 -0.0003234925267477 -0.0022438897645343
v 0.2690098500000000 -0.1718142700000000 -0.0563938000000000
vn -5.6741326424943814 -2.6294834513997647 -0.6070030427020069
v 0.2568555100000000 -0.1554722000000000 -0.0136085700000000
vn -5.6742319656238909 -2.6297303629458439 -0.6050004472182609
v 0.2923851200000000 -0.2393724000000000 0.0177803600000000
vn -0.0002802966919130 0.0001642066656773 0.0019132560780068
v 0.2878016600000000 -0.2343891500000000 0.0391565100000000
vn 5.6744529982709127 2.6292643684553427 0.6049510482106625
v 0.2999560000000000 -0.2507312100000000 -0.0036287100000000
vn 2.8369835170799726 1.3149511003627925 0.3033737599659103
v 0.2323958200000000 -0.0913955400000000 -0.0624721800000000
vn 5.6738826641924964 2.6299993940163322 0.6071047392741730
v 0.2915580000000000 -0.2344725500000000 0.0044326700000000
vn 2.8369004316720101 1.3150478900323925 0.3037302130511461
v 0.2202414800000000 -0.0750534700000000 -0.0196869600000000
vn 3.5619243494742703 -0.0066646837241392 5.1760088982684955
v 0.3276755900000000 0.0187981500000000 -0.0530133900000000
vn 3.5619245565849198 -0.0066642750833184 5.1760087562703978
v 0.3195898400000000 0.0166168800000000 -0.0474519000000000
vn 3.5619242035380028 -0.0066636564575688 5.1760090000197190
v 0.3275776600000000 -0.0023405100000000 -0.0529732100000000
vn -0.0000000091560312 0.0000008571081053 -0.0000008917165025
v 0.3042813800000000 0.0168176900000000 0.0207516000000000
vn -0.0000000171495641 -0.0000008684111208 -0.0000008884383352
v 0.3040005900000000 0.0167828300000000 0.0017219300000000
vn 0.0000000175815864 0.0000008644482413 0.0000009189855665
v 0.3042041100000000 0.0001377800000000 0.0207833100000000
vn 0.0000000171066427 0.0000008724266535 0.0000008842587896
v 0.3037197900000000 0.0167479600000000 -0.0173077400000000
vn -0.0000000167603957 -0.0000008683607858 -0.0000008620639853
v 0.3036425200000000 0.0000680500000000 -0.0172760400000000
vn 6.2710367610465365 -0.0283115920410035 0.3895048134690006
v 0.4110665400000000 0.0131315900000000 -0.0202445000000000
vn 6.2710365656737661 -0.0283122861589789 0.3895079084942902
v 0.4099742200000000 0.0145295500000000 -0.0025564800000000
vn 6.2710367380555914 -0.0283125495589313 0.3895051140226844
v 0.4110098600000000 0.0008970700000000 -0.0202212500000000
vn -6.2710367786167733 0.0283140364062485 -0.3895043529096685
v 0.4088693000000000 0.0132087500000000 0.0151367100000000
vn -6.2710367784390462 0.0283140553376388 -0.3895043543949137
v 0.4099616200000000 0.0118107900000000 -0.0025513100000000
vn -6.2710367449971045 0.0283108311195823 -0.3895051271576070
v 0.4088000200000000 -0.0017445200000000 0.0151651300000000
vn 0.0927025729416266 0.0115112101151393 6.2824908539013435
v 0.3733904100000000 -0.0221130900000000 -0.0590511500000000
vn 0.0927025685483430 0.0115114539203897 6.2824908535194677
v 0.3734911800000000 -0.0003628000000000 -0.0590924900000000
vn 0.0927018046322112 0.0115105079941024 6.2824908665251034
v 0.3622854600000000 -0.0220613300000000 -0.0588873900000000
vn -1.6224987014096377 6.0700701165130031 0.0128198619153506
v 0.3322106300000000 0.0409481900000000 0.0179297300000000
vn -1.6225018138305263 6.0700692869765085 0.0128187275195116
v 0.3318269400000000 0.0409005500000000 -0.0080728900000000
vn -1.6224983918878948 6.0700702007453335 0.0128191534057922
v 0.3228923400000000 0.0384604100000000 0.0165354700000000
vn -1.7351450402075925 -0.0034389095217554 -6.0388473625087853
v 0.0329052300000000 0.0297875800000000 -0.0390307600000000
vn -1.7351438280952762 -0.0034404226762610 -6.0388477099248732
v 0.0613560000000000 0.0341399800000000 -0.0472080100000000
vn -1.7351452651896802 -0.0034383327140191 -6.0388472981934065
v 0.0327928800000000 0.0055360300000000 -0.0389846600000000
vn 1.7351446861698754 0.0034389020805136 6.0388474642401988
v 0.0897659000000000 0.0296699900000000 -0.0553684900000000
vn 1.7351466482500435 0.0034388919190761 6.0388469004807712
v 0.0613151300000000 0.0253175900000000 -0.0471912400000000
vn 1.7351458138884175 0.0034392137580656 6.0388471400349948
v 0.0896126800000000 -0.0034039400000000 -0.0553056300000000
vn 0.0000000125265495 0.0000000747196046 -0.0000000756567525
v 0.2688416600000000 0.0109991900000000 -0.0296978900000000
vn 0.0000000000000000 0.0000000000000000 0.0000000000000001
v 0.2687912800000000 0.0001241700000000 -0.0296772200000000
vn 0.0000000000000000 0.0000000000000000 -0.0000000000000000
v 0.2669733600000000 0.0110298600000000 -0.0181141900000000
vn 0.0000000000000000 -0.0000000000000000 0.0000000000000001
v 0.2687408900000000 -0.0107508400000000 -0.0296565500000000
vn -0.0000000000000001 -0.0000000000000001 0.0000000000000001
v 0.2668725900000000 -0.0107201700000000 -0.0180728500000000
vn -0.0000000000000001 0.0000000000000000 0.0000000000000000
v 0.3038930900000000 0.0108862100000000 -0.0037035900000000
vn 0.0000000000000000 -0.0000000000000000 0.0000000000000000
v 0.3038427100000000 0.0000111900000000 -0.0036829200000000
vn 0.0000000000000001 0.0000000000000000 -0.0000000000000000
v 0.3037326400000000 0.0108662800000000 -0.0145778000000000
vn 0.0000000000000000 0.0000000000000000 -0.0000000000000000
v 0.3037923300000000 -0.0108638200000000 -0.0036622500000000
vn -0.0000000000000001 0.0000000000000000 -0.0000000000000000
v 0.3036318700000000 -0.0108837400000000 -0.0145364600000000
vn 1.7661593084817806 6.0297364626475840 -0.0371091960268114
v -0.0790620500000000 0.0751867400000000 0.0208632400000000
vn 1.7661582283903570 6.0297367798503716 -0.0371090601885104
v -0.0507730700000000 0.0668981900000000 0.0204610100000000
vn 1.7661573074998318 6.0297370561815136 -0.0371079887172209
v -0.0794631900000000 0.0751369300000000 -0.0063218900000000
vn -1.7661593103856190 -6.0297364628838759 0.0371090670271527
v -0.0223695600000000 0.0586238700000000 0.0278201500000000
vn -1.7661587098853335 -6.0297366423913470 0.0371084792409064
v -0.0506585400000000 0.0669124200000000 0.0282223800000000
vn -1.7661589486388287 -6.0297365653750967 0.0371096303516700
v -0.0226561700000000 0.0585882800000000 0.0083963900000000
vn 0.0291081222983908 6.2831065316404233 -0.0119429322187944
v -0.0794021300000000 0.0017790900000000 0.0210027600000000
vn 0.0291086316090796 6.2831065304572098 -0.0119423128555918
v -0.0510753600000000 0.0016470600000000 0.0205850300000000
vn 0.0291075708808504 6.2831065375460877 -0.0119411689770469
v -0.0798032700000000 0.0017292800000000 -0.0061823700000000
vn -0.6002087624423995 0.0146682630029459 6.2544345777933241
v -0.2191228300000000 0.0341347400000000 0.0386264800000000
vn -0.6002084347882306 0.0146684324668108 6.2544346088392304
v -0.2190293100000000 0.0543219100000000 0.0385881100000000
vn -0.6002087315291962 0.0146685247820423 6.2544345801458201
v -0.3235664800000000 0.0452711700000000 0.0285774000000000
vn 0.6002086675899914 -0.0146684339463053 -6.2544345864948667
v -0.2189852200000000 0.0638376800000000 0.0385700300000000
vn 0.6002085843659151 -0.0146687129157113 -6.2544345938273684
v -0.2190787400000000 0.0436505100000000 0.0386084000000000
vn 0.6002086348262193 -0.0146684522175034 -6.2544345895961992
v -0.3234783100000000 0.0643027100000000 0.0285412300000000
vn -0.5734830235771899 -0.0092374865679435 -6.2569520930615798
v -0.4488043100000000 0.0754326200000000 -0.0358409300000000
vn -0.5734830598015244 -0.0092375079052541 -6.2569520897099293
v -0.3646536500000000 0.0750281100000000 -0.0435531900000000
vn -0.5734830164325512 -0.0092349030356593 -6.2569520975292976
v -0.4488484000000000 0.0659168500000000 -0.0358228400000000
vn 0.5734830160627974 0.0092364271971866 6.2569520953131228
v -0.2805429200000000 0.0660048300000000 -0.0512490700000000
vn 0.5734830079061733 0.0092327032763822 6.2569521015579559
v -0.3646935800000000 0.0664093300000000 -0.0435368100000000
vn 0.5734826904232501 0.0092329417184256 6.2569521303050823
v -0.2806269300000000 0.0478702800000000 -0.0512146000000000
vn -1.7117470987322210 6.0455056368255455 0.0141798959643525
v -0.0235739300000000 -0.0555072000000000 0.0283051900000000
vn -1.7117469242736920 6.0455056866133123 0.0141797292903423
v -0.0238567300000000 -0.0555423200000000 0.0091395300000000
vn -1.7117470475656178 6.0455056439145070 0.0141830495382363
v -0.0519115000000000 -0.0635318200000000 0.0287380300000000
vn -0.0291082790516242 -6.2831065331626075 0.0119417491236320
v -0.0800273200000000 0.0018365100000000 0.0210118800000000
vn -0.0291082796560095 -6.2831065331731457 0.0119417421039186
v -0.0804284600000000 0.0017867000000000 -0.0061732500000000
vn -0.0291082821731042 -6.2831065331460252 0.0119417502400694
v -0.0517275400000000 0.0017046100000000 0.0205945400000000
vn -0.6132888986576902 0.0147257996058220 6.2531653969771144
v -0.4291419100000000 -0.0686016700000000 0.0182032600000000
vn -0.6132886780186781 0.0147255904908577 6.2531654191095383
v -0.3249177300000000 -0.0690650900000000 0.0284262900000000
vn -0.6132889165510987 0.0147284863897540 6.2531653888955665
v -0.4290978200000000 -0.0590859000000000 0.0181851700000000
vn 0.6132886685676884 -0.0147256311515898 -6.2531654199413991
v -0.2206441800000000 -0.0588707300000000 0.0386290700000000
vn 0.6132886428522691 -0.0147283547383539 -6.2531654160482404
v -0.3248683500000000 -0.0584073100000000 0.0284060400000000
vn 0.6132889313788719 -0.0147254376982033 -6.2531653946213668
v -0.2205507200000000 -0.0386971900000000 0.0385907300000000
vn -0.6049800681879473 -0.0090833835907553 -6.2539854663722387
v -0.2819614000000000 -0.0331716300000000 -0.0506383600000000
vn -0.6049800681430348 -0.0090833789201927 -6.2539854663833667
v -0.2820453500000000 -0.0512925400000000 -0.0506039200000000
vn -0.6049800681879617 -0.0090833835911503 -6.2539854663722361
v -0.3659150700000000 -0.0413725900000000 -0.0425051800000000
vn 0.6049796734031674 0.0090833583217476 6.2539855045984813
v -0.2820894400000000 -0.0608083100000000 -0.0505858300000000
vn 0.6049804117643014 0.0090833547653538 6.2539854331781699
v -0.2820054900000000 -0.0426873900000000 -0.0506202700000000
vn 0.6049804427676593 0.0090833771157259 6.2539854301465958
v -0.3660032400000000 -0.0604041300000000 -0.0424690100000000
vn 6.1952795227372537 -0.0267116051292155 1.0470032137778007
v -0.5464091200000000 0.0679443500000000 0.0780215600000000
vn -0.0000000674679479 0.0000001110312156 0.0000004020441832
v -0.5420140600000000 0.0719529900000000 0.0521176300000000
vn -6.1952793618534212 0.0267101626919437 -1.0470042025395569
v -0.5464469100000000 0.0597880900000000 0.0780370600000000
vn -0.0000000801543207 -0.0000001149732295 0.0000004713599313
v -0.5420896400000000 0.0556404700000000 0.0521486300000000
vn -0.0927034583308515 -0.0115134579722436 -6.2824908367176828
v -0.5418182499999999 0.0718022100000000 -0.0267388000000000
vn -0.0927006086963633 -0.0115125794620227 -6.2824908803740138
v -0.5418560400000000 0.0636459500000000 -0.0267232900000000
vn -0.0927025322726550 -0.0115106306308649 -6.2824908555641015
v -0.5499736400000000 0.0718402200000000 -0.0266185300000000
vn -3.1412169673604269 0.0146420812347572 0.0463246642020868
v -0.5657829900000000 0.0719785000000000 0.0076034900000000
vn -0.0000000003967620 -0.0000002298399303 0.0000000457341131
v -0.5658207800000000 0.0638222400000000 0.0076189900000000
vn -6.2824339678531071 0.0292835642590219 0.0926472707947516
v -0.5652815700000000 0.0720407600000000 0.0415849700000000
vn 3.1412168461556855 -0.0146419173007404 -0.0463237662428740
v -0.5658585600000000 0.0556659800000000 0.0076344900000000
vn 6.2824339588675500 -0.0292801574316547 -0.0926489567643054
v -0.5653571400000000 0.0557282400000000 0.0416159700000000
vn 0.0000000573416594 -0.0000000991673783 -0.0000003418300411
v -0.5469441800000000 -0.0475502600000000 0.0782410700000000
vn -0.0000001805884093 0.0000001902178549 0.0000010734165843
v -0.5469819700000000 -0.0557065200000000 0.0782565700000000
vn 0.0000000806677671 0.0000005470659933 -0.0000004633668809
v -0.5425680200000000 -0.0476197500000000 0.0523449000000000
vn -0.0000002761802815 -0.0000000927958886 0.0000016318336881
v -0.5470197500000000 -0.0638627800000000 0.0782720700000000
vn 0.0000001897389159 0.0000001614316022 -0.0000011185965354
v -0.5426435900000000 -0.0639322700000000 0.0523759000000000
vn -0.0000000026127047 -0.0000002569572399 -0.0000000959513939
v -0.5663369400000000 -0.0475942400000000 0.0078307600000000
vn -0.0000000114537773 -0.0000000014220834 -0.0000007762281673
v -0.5663747300000000 -0.0557505000000000 0.0078462600000000
vn -0.0000000000000004 0.0000000000000000 0.0000000000000000
v -0.5658355200000000 -0.0475319700000000 0.0418122400000000
vn -0.0000000003533960 0.0000002517915586 -0.0000001035465425
v -0.5664125200000000 -0.0639067600000000 0.0078617600000000
vn -0.0000000000000002 -0.0000000000000000 -0.0000000000000000
v -0.5659110899999999 -0.0638444900000000 0.0418432400000000
vn -5.6023176858651471 2.7792956305616618 -0.6066052661597480
v 0.3384653800000000 0.3201498300000000 0.0413225000000000
vn -5.6023178971512362 2.7792955946911451 -0.6066034791744499
v 0.3408206500000000 0.3225654200000000 0.0306378600000000
vn -5.6023176980949918 2.7792955789858924 -0.6066053895180147
v 0.2999527400000000 0.2398676200000000 0.0291762700000000
vn -1.0803407893491239 -0.8448883559208631 6.1316755499002147
v 0.2721177700000000 0.1423813400000000 -0.0611213700000000
vn -1.0803404790122082 -0.8448883826415526 6.1316756008960898
v 0.2806089100000000 0.1381702500000000 -0.0602055700000000
vn -1.0803401251597597 -0.8448871693565677 6.1316758304213659
v 0.2870930300000000 0.1740950100000000 -0.0541130300000000
vn -5.6011989347346240 2.7802943170133636 -0.6123329230618895
v 0.3967539800000000 0.3469332000000000 0.0201689100000000
vn -5.6011988322945845 2.7802946542478804 -0.6123323288967957
v 0.3778672300000000 0.3054466600000000 0.0045623700000000
vn -5.6011984489239062 2.7802950739775030 -0.6123339299319057
v 0.3943852800000000 0.3445174400000000 0.0308673700000000
vn 1.7584264892929840 2.3162992831143456 -5.5696599103650586
v 0.4057468900000000 0.4063424100000000 0.0469894300000000
vn -1.7584281335131200 -2.3162983981435734 5.5696597592996335
v 0.3966574800000000 0.4108484400000000 0.0459937200000000
vn -1.7584268405119601 -2.3162993162763206 5.5696597856903685
v 0.4027170800000000 0.4078444200000000 0.0466575200000000
vn -0.6784362913694220 0.0117772410714242 6.2464392336356012
v 0.4197658800000000 0.4430141700000000 0.0853138400000000
vn 0.6745103273031645 -0.0197819988582879 -6.2468441708783358
v 0.4137065400000000 0.4460318400000000 0.0846636300000000
vn 1.7003274172335874 -2.3717258707502009 -5.5643706447874033
v 0.3839239600000000 -0.4058179300000000 0.0454346900000000
vn -1.7008003896189643 2.3729002646381243 5.5637253682317702
v 0.3931222900000000 -0.4015562200000000 0.0464331700000000
vn -1.7007988102599607 2.3728998950689366 5.5637260086522407
v 0.3869811600000000 -0.4043974900000000 0.0457676500000000
vn -0.6704064034348924 0.0155960450720067 6.2472977856004634
v 0.3938783900000000 -0.4441890400000000 0.0835077700000000
vn 0.6704056545671951 -0.0155983228662282 -6.2472978602755065
v 0.4030898100000000 -0.4399203600000000 0.0844856000000000
vn 5.6744549635685484 2.6295843619447536 0.6035433324841588
v 0.3620205400000000 -0.3048416300000000 0.0448119200000000
vn 5.6744550864191057 2.6295840224954055 0.6035436564076969
v 0.3643120100000000 -0.3073332500000000 0.0341235900000000
vn 5.6744557217043807 2.6295834512844860 0.6035401722373630
v 0.3282416800000000 -0.2293264500000000 0.0333846400000000
vn 5.6746849276083635 2.6290105823706500 0.6038807287160779
v 0.3482285700000000 -0.3593330100000000 0.0155174500000000
vn 5.6746855339390869 2.6290096148581559 0.6038792430861528
v 0.3304637600000000 -0.3173829100000000 -0.0001770200000000
vn 5.6746847572542300 2.6290109330369793 0.6038808029035662
v 0.3459368400000000 -0.3568413800000000 0.0262055200000000
vn -0.0291090640014876 -6.2831065269724817 0.0119430922983665
v 0.3798165500000000 -0.0438409100000000 -0.0312760700000000
vn -0.0291073676325792 -6.2831065381815234 0.0119413302064411
v 0.3801549100000000 -0.0437988900000000 -0.0083454000000000
vn -0.0291094728775273 -6.2831065272876518 0.0119419298496415
v 0.3666487500000000 -0.0437826300000000 -0.0327133300000000
vn -0.0291090059851699 -6.2831065319921997 0.0119405925477956
v 0.3744153700000000 -0.0437235600000000 0.0172988400000000
vn -0.0291080758363215 -6.2831065346468877 0.0119414622689829
v 0.3683374800000000 -0.0436902500000000 0.0200124100000000
vn 0.0291088404880575 6.2831065301529101 -0.0119419640180012
v 0.3805386000000000 -0.0437512500000000 0.0176572200000000
vn 0.0291086692660628 6.2831065307930398 -0.0119420448882454
v 0.3802002400000000 -0.0437932600000000 -0.0052734500000000
vn 0.0291069693815202 6.2831065394357752 -0.0119416407434785
v 0.3674161300000000 -0.0436873500000000 0.0192919200000000
vn 0.0291150415897085 6.2831065063367841 -0.0119393748396597
v 0.3542936600000000 -0.0436234500000000 0.0209266100000000
vn 0.0291157753047743 6.2831065051666197 -0.0119382020762169
v 0.3522308100000000 -0.0436169300000000 0.0193255900000000
vn 0.0291084888179046 6.2831065315203229 -0.0119421020812279
v 0.3625683800000000 -0.0437639800000000 -0.0328434300000000
vn 0.0291093462779373 6.2831065274380675 -0.0119421597887987
v 0.3514634300000000 -0.0437122200000000 -0.0326796600000000
vn 0.0291073787658918 6.2831065340642613 -0.0119434686455559
v 0.3518471200000000 -0.0436645800000000 -0.0066770400000000
vn -3.5619231126577260 0.0066639588040388 -5.1760097503311187
v 0.3275983100000000 0.0021182400000000 -0.0529816800000000
vn -3.5619234186375102 0.0066631482172515 -5.1760095408097735
v 0.3275003800000000 -0.0190204300000000 -0.0529415100000000
vn -3.5619256571933020 0.0066629894963147 -5.1760080005300839
v 0.3194352900000000 -0.0167429400000000 -0.0473885000000000
vn 0.0000000172352451 0.0000008603845984 0.0000008967860276
v 0.3035652400000000 -0.0166118700000000 -0.0172443300000000
vn 0.0000000171923752 0.0000008643988045 0.0000008926096405
v 0.3038460400000000 -0.0165770000000000 0.0017853400000000
vn -0.0000000082149085 -0.0000017047942982 -0.0000000182834811
v 0.3041268300000000 -0.0165421300000000 0.0208150100000000
vn -0.9354065340432397 0.0109307938762092 6.2131564231209566
v 0.3300652900000000 -0.0166326500000000 0.0437217200000000
vn -0.9354042895665634 0.0109309197318285 6.2131567608095413
v 0.3393600900000000 -0.0192152400000000 0.0451256200000000
vn -0.9354050547196981 0.0109281257049774 6.2131566505290223
v 0.3465054300000000 0.0025044700000000 0.0461631600000000
vn 0.9353515058732866 -0.0213572190905021 -6.2131376158914193
v 0.3302198400000000 0.0167271800000000 0.0436583100000000
vn 0.9353524380274647 -0.0213565171182184 -6.2131374779727881
v 0.3395381200000000 0.0192149600000000 0.0450525700000000
vn 0.9353502316542706 -0.0213571337898813 -6.2131378080105160
v 0.3464819400000000 -0.0025659100000000 0.0461727900000000
vn 0.9511070497723999 -0.0162107599745301 -6.2107608386954745
v 0.3559009900000000 0.0216721700000000 0.0475257100000000
vn 0.4834070944922365 -0.0107453228028306 -3.1041821196416688
v 0.3629455600000000 0.0216415800000000 0.0486045900000000
vn 0.9511105317604280 -0.0162109040608612 -6.2107603050931699
v 0.3628448000000000 -0.0001087100000000 0.0486459300000000
vn 2.5598830502326515 -0.0009525609144675 5.7380672239100603
v 0.3793597000000000 0.0032074000000000 0.0455004400000000
vn 2.5598830509669948 -0.0009525155348999 5.7380672235889199
v 0.3792589400000000 -0.0185428900000000 0.0455417800000000
vn 2.5598844728000896 -0.0009532065494838 5.7380665891605984
v 0.3887292600000000 -0.0151962000000000 0.0413174000000000
vn -2.5615219103941422 0.0009629664828302 -5.7373358085104549
v 0.3851848800000000 0.0215277100000000 0.0428995300000000
vn 6.2710367075982854 -0.0283140339037464 0.3895054964906001
v 0.4088126200000000 0.0009742300000000 0.0151599600000000
vn 6.2710367207532949 -0.0283113807823972 0.3895054775335143
v 0.4087433400000000 -0.0139790400000000 0.0151883800000000
vn 6.2710366977598593 -0.0283140679884197 0.3895056524114232
v 0.4098482600000000 -0.0126582500000000 -0.0025048100000000
vn -6.2710368526382343 0.0283098854188758 -0.3895034628640712
v 0.4109972700000000 -0.0018216900000000 -0.0202160800000000
vn -6.2710367577949322 0.0283116037722362 -0.3895048649670536
v 0.4109405900000000 -0.0140562100000000 -0.0201928300000000
vn -6.2710366998333207 0.0283121782179603 -0.3895057563959772
v 0.4098356700000000 -0.0153770000000000 -0.0024996400000000
vn 3.8521307999581840 -0.0273050785220685 -4.9637445882108482
v 0.4003553300000000 -0.0126987600000000 -0.0469584900000000
vn 3.8521305517252706 -0.0273070087243170 -4.9637447702394555
v 0.3955196200000000 -0.0174415800000000 -0.0506851600000000
vn 3.8521321613607071 -0.0273029518159978 -4.9637435433939112
v 0.3935575300000000 0.0043152300000000 -0.0523275300000000
vn -3.8521307558419995 0.0272560484580879 4.9637448919206690
v 0.4004686900000000 0.0117702800000000 -0.0470049900000000
vn -3.8521321266016484 0.0272561476182669 4.9637438275935484
v 0.3956770600000000 0.0165432300000000 -0.0507497600000000
vn -3.8521334275241310 0.0272545128982086 4.9637428269830917
v 0.3935134500000000 -0.0052005400000000 -0.0523094400000000
vn -0.0927027667349995 -0.0115099302690879 -6.2824908533878050
v 0.3723643700000000 -0.0000449200000000 -0.0590764500000000
vn -0.0927028245253944 -0.0115109166233086 -6.2824908507277630
v 0.3722636000000000 -0.0217952100000000 -0.0590351100000000
vn -0.0927026304532459 -0.0115104315649024 -6.2824908544803089
v 0.3600318400000000 -0.0214255700000000 -0.0588553000000000
vn 0.0927017664354687 0.0115121304654993 6.2824908641158643
v 0.3624869900000000 0.0214392400000000 -0.0589700700000000
vn 0.0927037041068745 0.0115130637864751 6.2824908338142498
v 0.3513820400000000 0.0214910000000000 -0.0588063000000000
vn 0.0927028137846650 0.0115114399672951 6.2824908499274077
v 0.3512812700000000 -0.0002592900000000 -0.0587649600000000
vn 0.0927097185753937 0.0115102697179289 6.2824907501729914
v 0.3400755600000000 -0.0219578200000000 -0.0585598600000000
vn 0.0463602513897411 0.0057550976822493 3.1412452648123996
v 0.3389459100000000 -0.0222515600000000 -0.0585426500000000
vn 0.0291080061056919 6.2831065311379524 -0.0119434797876451
v 0.3809416600000000 0.0432499100000000 0.0174918600000000
vn 0.0291075502637460 6.2831065377851951 -0.0119410933748095
v 0.3806033000000000 0.0432078900000000 -0.0054388100000000
vn 0.0291077605791009 6.2831065324142017 -0.0119434067548794
v 0.3678191800000000 0.0433138100000000 0.0191265600000000
vn 0.0291045487768271 6.2831065444419689 -0.0119449058062926
v 0.3546967100000000 0.0433777100000000 0.0207612500000000
vn 0.0291051405573784 6.2831065425119927 -0.0119444781332093
v 0.3526338600000000 0.0433842200000000 0.0191602300000000
vn 0.0291086292420974 6.2831065313709278 -0.0119418383234440
v 0.3629714400000000 0.0432371800000000 -0.0330087800000000
vn 0.0291068812286832 6.2831065366365593 -0.0119433278073700
v 0.3518664900000000 0.0432889400000000 -0.0328450200000000
vn 0.0291093500757571 6.2831065297070019 -0.0119409567807406
v 0.3522501800000000 0.0433365800000000 -0.0068424000000000
vn -0.0291075413515005 -6.2831065350306803 0.0119425644730024
v 0.3802196100000000 0.0431602500000000 -0.0314414300000000
vn -0.0291098712083179 -6.2831065242435660 0.0119425607488064
v 0.3805579700000000 0.0432022700000000 -0.0085107600000000
vn -0.0291074855162526 -6.2831065354305302 0.0119424902355266
v 0.3670518100000000 0.0432185200000000 -0.0328786900000000
vn -0.0291080504354588 -6.2831065334195690 0.0119421704472332
v 0.3748184300000000 0.0432776000000000 0.0171334800000000
vn -0.0291081693826540 -6.2831065334290441 0.0119418755261549
v 0.3687405400000000 0.0433109100000000 0.0198470600000000
vn -1.6016500349900447 6.0755383479671323 0.0209308561067433
v 0.3135740500000000 0.0359726200000000 0.0151412100000000
vn -0.7904003391058338 3.0405043678706214 0.0145215542627720
v 0.3124444100000000 0.0356788800000000 0.0151584200000000
vn -0.8527653794612968 -3.0236047491801710 0.0143783158804398
v 0.3121146500000000 -0.0354995300000000 0.0152937000000000
vn -1.6963147748374707 -6.0497753204769094 0.0323691647686370
v 0.3132414700000000 -0.0358174100000000 0.0152776600000000
vn -1.6870980598690100 -6.0523402735284186 0.0359854715953429
v 0.3314473700000000 -0.0410302300000000 -0.0079171700000000
vn -1.6870946175618629 -6.0523412513933899 0.0359823901048173
v 0.3318310600000000 -0.0409825900000000 0.0180854500000000
vn -1.6870976044458785 -6.0523404112143684 0.0359836657298134
v 0.3225362600000000 -0.0384000000000000 0.0166815600000000
vn 1.6851555033613350 6.0528871700816467 -0.0350062866866726
v 0.3289129500000000 -0.0404293300000000 -0.0269147500000000
vn 1.6851560233972951 6.0528870267703496 -0.0350060325923398
v 0.3208478600000000 -0.0381518500000000 -0.0213617400000000
vn 1.6851564214088048 6.0528869114312300 -0.0350068159946248
v 0.3304234500000000 -0.0406995700000000 -0.0009281700000000
vn -0.0291074796096289 -6.2831065335314733 0.0119435017636444
v 0.3490046000000000 -0.0545939500000000 -0.0133859200000000
vn -0.0291101942617085 -6.2831065294648587 0.0119390259221354
v 0.3501729700000000 -0.0545942300000000 -0.0106840800000000
vn -0.0291114590285147 -6.2831065138610063 0.0119441523747511
v 0.3490848300000000 -0.0545839900000000 -0.0079486900000000
vn 0.0291060792057835 6.2831065396645958 -0.0119436876131826
v 0.3524101900000000 -0.0545922700000000 -0.0041973100000000
vn 0.0291086784472484 6.2831065345169623 -0.0119400619829867
v 0.3524605700000000 -0.0437172500000000 -0.0042179800000000
vn -0.0291089387525052 -6.2831065303419029 0.0119416245938792
v 0.3493871900000000 -0.0437140300000000 -0.0100125100000000
vn 0.0291096498987932 6.2831065261776029 -0.0119420828036265
v 0.2043729000000000 -0.0757286300000000 -0.0131975300000000
vn 0.0291075809521013 6.2831065350501731 -0.0119424570813469
v 0.2048105400000000 -0.0756742900000000 0.0164613600000000
vn 0.0291096362760835 6.2831065262349117 -0.0119420858595656
v 0.2231796200000000 -0.0757749400000000 0.0082780100000000
vn 1.3278621922941203 -0.0295458560754365 2.8470179050589870
v 0.2419756400000000 0.0384524500000000 0.0297891200000000
vn 2.6062997181569107 -0.0300133884424428 5.7167224437682371
v 0.2425153500000000 0.0383679700000000 0.0295365200000000
vn 2.5568778847410858 -0.0009362573772343 5.7394069563237311
v 0.2237935900000000 -0.0376575200000000 0.0378645600000000
vn 2.5568750984848161 -0.0009371484864552 5.7394081974413993
v 0.2421626700000000 -0.0377581800000000 0.0296812100000000
vn 2.5568750984180539 -0.0009371485713521 5.7394081974711266
v 0.2423390100000000 0.0003048900000000 0.0296088700000000
vn -2.5599513644895704 0.0009536247791586 -5.7380367466933260
v 0.2038050300000000 -0.0373849300000000 0.0468058300000000
vn -2.5599492310826206 0.0009541269786766 -5.7380376984005999
v 0.2039809900000000 0.0005966500000000 0.0467336400000000
vn -2.5599492311514185 0.0009541268125561 -5.7380376983699355
v 0.2227138100000000 -0.0375700600000000 0.0383699000000000
vn -2.5599498452897529 0.0009545190439072 -5.7380374243154009
v 0.2230661100000000 0.0384745800000000 0.0382253600000000
vn -2.5599517588681300 0.0009530573122672 -5.7380365708407943
v 0.2419752700000000 0.0383709500000000 0.0297892700000000
vn -2.5599502512270127 0.0009535284463200 -5.7380372433761293
v 0.2417989300000000 0.0003078800000000 0.0298616100000000
vn 6.2121973721675907 -0.0269908823328585 0.9414313070332876
v 0.2654873100000000 -0.0379439400000000 -0.0112046800000000
vn 3.1060988441849160 -0.0134953444958991 0.4707162580004096
v 0.2679650900000000 -0.0379865000000000 -0.0275559500000000
vn 0.0000000109369340 0.0000000964561348 -0.0000000694041113
v 0.2681414300000000 0.0000765700000000 -0.0276283000000000
vn -6.2121973593497222 0.0269907880890770 -0.9414313943161589
v 0.2658399800000000 0.0381822000000000 -0.0113493700000000
vn -3.1060985994244232 0.0134954374426030 -0.4707162254599146
v 0.2683177600000000 0.0381396400000000 -0.0277006400000000
vn 2.7266184876316721 -0.0233910695606516 -5.6606909547445721
v 0.2485341900000000 -0.0379476200000000 -0.0544604500000000
vn 2.7266199269892288 -0.0233899556038526 -5.6606902660432095
v 0.2375798500000000 -0.0379069000000000 -0.0597370600000000
vn 2.7266204355136052 -0.0233908995616316 -5.6606900171979042
v 0.2377561900000000 0.0001561700000000 -0.0598094100000000
vn -0.0927030664384578 -0.0115106007147879 -6.2824908477371393
v 0.1762358800000000 0.0410522800000000 -0.0644147400000000
vn -0.0927025422679980 -0.0115105768681604 -6.2824908555153822
v 0.1880205100000000 0.0409973500000000 -0.0645885300000000
vn -0.0927028661642517 -0.0115111478486676 -6.2824908496898662
v 0.1606711300000000 0.0056167400000000 -0.0641201400000000
vn -0.0927039148273964 -0.0115116974938310 -6.2824908332081417
v 0.1996288100000000 0.0028793600000000 -0.0646899800000000
vn -0.0927019745526571 -0.0115105871874157 -6.2824908638735062
v 0.1994524700000000 -0.0351837200000000 -0.0646176300000000
vn -0.0927019317411316 -0.0115106048768774 -6.2824908644728064
v 0.1722794300000000 -0.0325012500000000 -0.0642215900000000
vn 0.0927028223782095 0.0115107637595356 6.2824908510396780
v 0.2048634000000000 0.0383630400000000 -0.0648322300000000
vn 0.0927027406342876 0.0115109455054690 6.2824908519129163
v 0.1930787700000000 0.0384179600000000 -0.0646584400000000
vn 0.0927027375554589 0.0115116971160945 6.2824908505809773
v 0.1943569100000000 0.0003481100000000 -0.0646075500000000
vn 0.0927006861747795 0.0115104306684569 6.2824908831695314
v 0.1658826100000000 0.0361112800000000 -0.0642529200000000
vn 0.0927044346492241 0.0115122091677436 6.2824908246008500
v 0.1504710800000000 0.0337496800000000 -0.0640211800000000
vn 0.0927044387136625 0.0115121968643372 6.2824908245634212
v 0.1671607500000000 -0.0019585700000000 -0.0642020200000000
vn -0.2860400570869934 0.0153827016575429 6.2766521380894611
v 0.1384970800000000 0.0320426600000000 0.0529447100000000
vn -0.2860402502396670 0.0153814608145714 6.2766521323283060
v 0.0944813500000000 0.0253096000000000 0.0509553200000000
vn -0.2860403256116898 0.0153814022760573 6.2766521290369166
v 0.1392329100000000 -0.0059430400000000 0.0530713300000000
vn -0.2875176295311261 0.0132628573814833 6.2765894651219325
v 0.0503532700000000 -0.0056750000000000 0.0490120200000000
vn -0.2875173811604148 0.0132610161381468 6.2765894803889051
v 0.0502409100000000 -0.0299265400000000 0.0490581100000000
vn -0.2875176125463060 0.0132628401537289 6.2765894659363841
v 0.0951048200000000 -0.0369276400000000 0.0511280300000000
vn 0.1868498603895789 -0.0694718963181616 -3.1352616012155634
v 0.0493927400000000 -0.0161923900000000 0.0489775900000000
vn 0.3306092232987511 -0.0761044189752332 -6.2735562324307104
v 0.0503045200000000 -0.0161965100000000 0.0490320200000000
vn 0.2875173236975936 -0.0132612586787932 -6.2765894825090864
v 0.1402083000000000 0.0077828700000000 0.0530996600000000
vn 0.2875182262354659 -0.0132616573292658 -6.2765894403236047
v 0.1400323400000000 -0.0301987000000000 0.0531718500000000
vn 0.2875173876030186 -0.0132612589682874 -6.2765894795811255
v 0.0951684300000000 -0.0231976100000000 0.0511019400000000
vn 0.0291091032691659 6.2831065279633327 -0.0119424756076241
v 0.2007174400000000 0.0765443200000000 -0.0132457000000000
vn 0.0291070312783146 6.2831065391811673 -0.0119416234713412
v 0.2011576800000000 0.0765989900000000 0.0165900600000000
vn 0.0291089038488644 6.2831065313563945 -0.0119411765793139
v 0.2209786300000000 0.0764912300000000 0.0082084000000000
vn -0.9501999231723218 6.2109202806912220 0.0026414500560148
v 0.1370342000000000 0.0699380700000000 0.0035449500000000
vn -0.9501991533154299 6.2109203991113482 0.0026399420725211
v 0.1365939500000000 0.0698834000000000 -0.0262908000000000
vn -0.9501999076391119 6.2109202833895232 0.0026406915060007
v 0.0927316500000000 0.0631694000000000 -0.0178818200000000
vn 0.9501647840522703 -6.2109259457535524 -0.0018395297222383
v 0.1219094800000000 0.0676120800000000 0.0232140600000000
vn 0.9501641922543715 -6.2109260358533867 -0.0018409973768487
v 0.0778937500000000 0.0608790200000000 0.0212246700000000
vn 0.9501648003877960 -6.2109259425592365 -0.0018418744867280
v 0.1060577100000000 0.0651958100000000 -0.0063899600000000
vn -0.9695787028466715 -6.2078750657091417 0.0249381610958992
v 0.0776780200000000 -0.0587549200000000 -0.0173684100000000
vn -0.9695787006205842 -6.2078750670758893 0.0249379074467571
v 0.1060879200000000 -0.0632249000000000 -0.0255289000000000
vn -0.9695789081765502 -6.2078750328635248 0.0249383542554691
v 0.1228287400000000 -0.0657204000000000 0.0041388800000000
vn -0.9705518710436138 -6.2077207146661424 0.0254989935951991
v 0.1513407100000000 -0.0703292100000000 -0.0339330800000000
vn -0.9705494601620996 -6.2077210888180945 0.0254996696449894
v 0.1681836000000000 -0.0729635200000000 -0.0341767800000000
vn -0.9705530375948108 -6.2077205338619939 0.0254986086109352
v 0.1680815300000000 -0.0728247000000000 -0.0042653000000000
vn 0.9695368292363122 6.2078810022159736 -0.0250879139029151
v 0.1066276300000000 -0.0633093800000000 -0.0257814900000000
vn 0.9695366859206319 6.2078810255631183 -0.0250876753799386
v 0.0782177300000000 -0.0588394000000000 -0.0176210000000000
vn 0.9695366959968925 6.2078810249550260 -0.0250874364172795
v 0.1239081500000000 -0.0658893600000000 0.0036337000000000
vn 0.9698068852745979 6.2078363855800607 -0.0256830584390370
v 0.0500946400000000 -0.0543337900000000 0.0099768600000000
vn 0.9698082748318682 6.2078361549386019 -0.0256863360917636
v 0.0503814500000000 -0.0542981800000000 0.0294142400000000
vn 0.9698068129186675 6.2078363966302188 -0.0256831195554954
v 0.0957850700000000 -0.0613837500000000 0.0312315600000000
vn -0.0291069793138908 -6.2831065337546796 0.0119446019386539
v 0.3494722400000000 0.0432305500000000 -0.0125929300000000
vn -0.0291046829096557 -6.2831065476318191 0.0119428960029292
v 0.3500965400000000 0.0432354000000000 -0.0085235200000000
vn 0.0291089739748027 6.2831065331618490 -0.0119400552822560
v 0.3541457300000000 0.0432294400000000 -0.0017855400000000
vn 0.0291064168422291 6.2831065435018081 -0.0119408472105694
v 0.3529773600000000 0.0432297200000000 -0.0044873900000000
vn 0.0291087376094057 6.2831065303217670 -0.0119421244565729
v 0.3502422500000000 0.0432403200000000 -0.0055755700000000
vn 0.0291070397236021 6.2831065352274429 -0.0119436832805725
v 0.3529281500000000 0.0541072500000000 -0.0034291800000000
vn -0.0291096783116409 -6.2831065231559391 0.0119436032521979
v 0.3498548200000000 0.0541104800000000 -0.0092196500000000
vn 0.0000000000000001 -0.0000000000000000 -0.0000000000000000
v 0.2650043000000000 -0.0106895000000000 -0.0064891500000000
vn -0.0000000000000002 0.0000000000000000 -0.0000000000000001
v 0.2650546800000000 0.0001855200000000 -0.0065098200000000
vn -0.0000000000000001 -0.0000000000000000 -0.0000000000000001
v 0.2651050600000000 0.0110605300000000 -0.0065304900000000
vn 0.0000000000000001 0.0000000000000000 0.0000000000000000
v 0.3034714200000000 -0.0109036700000000 -0.0254106700000000
vn 0.0000000000000002 -0.0000000000000000 -0.0000000000000000
v 0.3035218000000000 -0.0000286600000000 -0.0254313400000000
vn 0.0000000000000000 -0.0000000000000000 -0.0000000000000000
v 0.3035721800000000 0.0108463600000000 -0.0254520100000000
vn 0.0927040413140407 0.0115086171701321 6.2824908369842021
v -0.1526938300000000 0.0268702300000000 -0.0595351600000000
vn 0.0927020478416056 0.0115094273069979 6.2824908649162952
v -0.1307658400000000 0.0245114800000000 -0.0598544100000000
vn 0.0927023691332862 0.0115125393635745 6.2824908544741973
v -0.1306713700000000 0.0449025200000000 -0.0598931600000000
vn 1.7661591962152525 6.0297364963335713 -0.0371090654028777
v -0.0227706900000000 0.0585740600000000 0.0006350200000000
vn 1.7661593137661877 6.0297364627617398 -0.0371089259759395
v -0.0230573100000000 0.0585384700000000 -0.0187887400000000
vn 1.7661587903445415 6.0297366124064053 -0.0371095222427815
v -0.0514608100000000 0.0668127900000000 -0.0261478800000000
vn 0.0145552262015339 3.1415530954611670 -0.0059785149855115
v -0.4282828200000000 0.0849046300000000 -0.0089699500000000
vn 0.0291093060594072 6.2831065171036675 -0.0119476932325599
v -0.4264206400000000 0.0848959500000000 -0.0089974200000000
vn 0.0291082249297333 6.2831065334128224 -0.0119417493958723
v -0.2138412800000000 0.0839322400000000 0.0021161400000000
vn 0.0291082254498770 6.2831065334110727 -0.0119417490490106
v -0.2142424200000000 0.0838824300000000 -0.0250689900000000
vn 0.0291082239768772 6.2831065334195806 -0.0119417481632085
v -0.3203315300000000 0.0843891900000000 -0.0170332000000000
vn -0.0145553524022404 -3.1415528186905846 0.0059719992052818
v -0.1739686500000000 0.0836824200000000 -0.0321341900000000
vn -0.0291090861162577 -6.2831065275511673 0.0119427342966585
v -0.1758308300000000 0.0836911000000000 -0.0321067300000000
vn -0.0291081213058292 -6.2831065333508995 0.0119420347545991
v -0.2393691100000000 0.0840686100000000 0.0116425900000000
vn -0.0291083289830626 -6.2831065325251272 0.0119419630184739
v -0.3438621900000000 0.0845336400000000 0.0016137900000000
vn -0.0291087699039598 -6.2831065294205422 0.0119425217208771
v -0.2598465100000000 0.0841123700000000 -0.0152464700000000
vn -0.6689786659524688 -6.2474339296995600 0.0213176662952835
v -0.4267785300000000 0.0359413100000000 -0.0177935300000000
vn -0.6689789986941114 -6.2474338959606603 0.0213171120288766
v -0.4269135200000000 0.0359245500000000 -0.0269415300000000
vn -0.6689781857563495 -6.2474339720294374 0.0213203296401369
v -0.3208747800000000 0.0245425200000000 -0.0349566500000000
vn 0.6684895150666775 6.2474751474472709 -0.0243650288743798
v -0.3221999000000000 0.0248216400000000 0.0014035600000000
vn 0.6684891357901244 6.2474751872601288 -0.0243652263839100
v -0.2177562500000000 0.0136852100000000 0.0114526400000000
vn 0.6684888084077057 6.2474752146830355 -0.0243671768192149
v -0.2162961500000000 0.0134228400000000 -0.0157595600000000
vn -0.0291080197629823 -6.2831065331548093 0.0119423853054164
v -0.0796887400000000 0.0017435000000000 0.0015790100000000
vn -0.0291077675382776 -6.2831065311602359 0.0119440494789693
v -0.0800898800000000 0.0016936900000000 -0.0256061200000000
vn -0.0291085354929764 -6.2831065331814857 0.0119411138266563
v -0.0516485800000000 0.0015758900000000 -0.0182624800000000
vn 0.0463452448633055 0.0057555123129020 3.1412455305759948
v -0.1089056000000000 0.0633466100000000 0.0485164400000000
vn 0.0926948203690239 0.0115110602211827 6.2824909685613761
v -0.1070443600000000 0.0631340600000000 0.0484893700000000
vn 0.0927026867833509 0.0115124893217320 6.2824908498787488
v -0.0789065300000000 0.0222199400000000 0.0481491400000000
vn 0.0927026851853149 0.0115124927326264 6.2824908498960790
v -0.0505797600000000 0.0220879200000000 0.0477314000000000
vn 0.0927026809432287 0.0115094481916613 6.2824908555362260
v -0.0788120600000000 0.0426109900000000 0.0481103800000000
vn 1.5707419158355516 -0.0188405135256664 -6.0836528889512342
v -0.0519552500000000 0.0219171200000000 -0.0454863700000000
vn 1.5707421136572934 -0.0188409870732797 -6.0836528364088833
v -0.0803965500000000 0.0220349200000000 -0.0528300100000000
vn 1.5707420854630734 -0.0188376738738603 -6.0836528539477417
v -0.0803020800000000 0.0424259700000000 -0.0528687600000000
vn -0.5734832240059207 -0.0092361786844454 -6.2569520766210509
v -0.2805870000000000 0.0564890600000000 -0.0512309800000000
vn -0.5734828541310661 -0.0092366621806210 -6.2569521098083767
v -0.2806710100000000 0.0383545100000000 -0.0511965200000000
vn -0.5734831897965688 -0.0092361576761790 -6.2569520797875189
v -0.3647817500000000 0.0473778000000000 -0.0435006400000000
vn 0.5734830803478013 0.0092349051045721 6.2569520916680554
v -0.4488883300000000 0.0572980800000000 -0.0358064600000000
vn 0.5734826892789803 0.0092346678759614 6.2569521278618652
v -0.4489324100000000 0.0477823100000000 -0.0357883800000000
vn 0.5734830336562402 0.0092349059236651 6.2569520959460370
v -0.3648216800000000 0.0387590200000000 -0.0434842600000000
vn -0.0463506207870746 -0.0057547288062876 -3.1412465006743471
v -0.1102627800000000 -0.0593628400000000 0.0487613100000000
vn -0.0927017176437342 -0.0115095573256167 -6.2824908695502160
v -0.1082093700000000 -0.0591549100000000 0.0487306300000000
vn -0.0927022482927977 -0.0115124958901264 -6.2824908563369402
v -0.0797206500000000 -0.0185047200000000 0.0482357700000000
vn -0.0927022385951156 -0.0115125323627726 -6.2824908564132009
v -0.0514208700000000 -0.0186366200000000 0.0478184300000000
vn -0.0927022385689587 -0.0115125267170395 -6.2824908564239328
v -0.0798151200000000 -0.0388957600000000 0.0482745300000000
vn 1.7117478508340920 -6.0455054239105381 -0.0141798797769772
v -0.0242578700000000 -0.0555921300000000 -0.0180456000000000
vn 1.7117473391216071 -6.0455055662321753 -0.0141809739304912
v -0.0239750600000000 -0.0555570100000000 0.0011200600000000
vn 1.7117471642691306 -6.0455056123800563 -0.0141824058111485
v -0.0527137700000000 -0.0636314500000000 -0.0256322300000000
vn 1.7117470485481527 -6.0455056478247542 -0.0141812642917445
v -0.0520298300000000 -0.0635465200000000 0.0207185600000000
vn 1.7117470779585748 -6.0455056447158873 -0.0141790396650113
v -0.0803674000000000 -0.0715711400000000 0.0211514100000000
vn 1.7117474226268348 -6.0455055427835696 -0.0141808905206497
v -0.0807685400000000 -0.0716209500000000 -0.0060337300000000
vn -1.7127422222951394 6.0452271944748865 0.0126432389646357
v -0.0521462900000000 -0.0634964700000000 -0.0176196100000000
vn -1.7127422264718433 6.0452271932921819 0.0126432389539129
v -0.0801530500000000 -0.0714155000000000 -0.0252130800000000
vn -1.7127414594720025 6.0452274080976931 0.0126444353131097
v -0.0802010600000000 -0.0714859700000000 0.0019789000000000
vn -0.0291083288338463 -6.2831065325793904 0.0119419346642719
v -0.2153826900000000 -0.0791725900000000 -0.0157936500000000
vn -0.0291082620002591 -6.2831065288660106 0.0119440513254180
v -0.2149815500000000 -0.0791227800000000 0.0113914800000000
vn -0.0291080414601439 -6.2831065342882777 0.0119417359829729
v -0.3212581400000000 -0.0786498000000000 0.0011987100000000
vn 0.0291090891269112 6.2831065277039038 -0.0119426464432280
v -0.1336474500000000 -0.0795828700000000 -0.0324300100000000
vn 0.0291084637721528 6.2831065336093479 -0.0119410633313582
v -0.1557352500000000 -0.0794799200000000 -0.0321042800000000
vn 0.0291084691828662 6.2831065335849097 -0.0119410630023488
v -0.1352987200000000 -0.0795234900000000 -0.0052146100000000
vn 0.0291081487094615 6.2831065334194713 -0.0119419317048158
v -0.2617368600000000 -0.0789728000000000 -0.0236617200000000
vn 0.0291081487854529 6.2831065334087803 -0.0119419371485581
v -0.3456506600000000 -0.0785686200000000 -0.0155449000000000
vn 0.0291081463273363 6.2831065334357508 -0.0119419289470451
v -0.2413003300000000 -0.0790163700000000 0.0032279400000000
vn -0.6115521303112597 6.2533523533552868 -0.0024374279364740
v -0.4275603200000000 -0.0292698000000000 -0.0261866800000000
vn -0.6115518190015724 6.2533523854264548 -0.0024332487110955
v -0.4274341600000000 -0.0292541300000000 -0.0176368800000000
vn -0.6115515686344584 6.2533524098381887 -0.0024334368889146
v -0.3215083300000000 -0.0189016500000000 -0.0346499100000000
vn -0.6112885885290349 6.2533785473989640 -0.0007802704802850
v -0.3230344500000000 -0.0190441100000000 0.0011157100000000
vn -0.6112885885290351 6.2533785473989649 -0.0007802704802844
v -0.2187609000000000 -0.0088497500000000 0.0113184900000000
vn -0.6112885885290352 6.2533785473989649 -0.0007802704802849
v -0.2171086200000000 -0.0086916300000000 -0.0158973200000000
vn 0.6115519660701644 -6.2533523709732108 0.0024334303008856
v -0.4270330200000000 -0.0292043200000000 0.0095482600000000
vn 0.6115513708632803 -6.2533524277540327 0.0024370997924593
v -0.4271591800000000 -0.0292199900000000 0.0009984500000000
vn 0.6115512834579193 -6.2533524361685338 0.0024374419528820
v -0.3207060600000000 -0.0188020300000000 0.0197203500000000
vn 0.6112575709608948 -6.2533802690415978 0.0041227483979511
v -0.3433316700000000 -0.0210346900000000 -0.0156845400000000
vn 0.6112576211225113 -6.2533802641791914 0.0041226864522053
v -0.2593780000000000 -0.0128337200000000 -0.0238177200000000
vn 0.6112575581903674 -6.2533802701575230 0.0041229493022121
v -0.2368785500000000 -0.0106167300000000 0.0030373700000000
vn 0.0291082332508575 6.2831065345919672 -0.0119411084324447
v -0.0807112600000000 0.0017515800000000 -0.0253389100000000
vn 0.0291082390210787 6.2831065345877466 -0.0119410965918595
v -0.0803101200000000 0.0018013900000000 0.0018462200000000
vn 0.0291077438124566 6.2831065344572004 -0.0119423726813979
v -0.0522931400000000 0.0016343800000000 -0.0177367800000000
vn -0.0291032930540502 -6.2831065633426180 0.0119380193413447
v -0.0234277600000000 0.0015727100000000 0.0201772000000000
vn -0.0291037993405816 -6.2831065596136826 0.0119387482701241
v -0.0229791800000000 0.0015706200000000 0.0201705900000000
vn -0.0291077785275022 -6.2831065341903827 0.0119424284165731
v -0.0515143200000000 0.0016155000000000 -0.0257694800000000
vn -0.0291096036508822 -6.2831065247162927 0.0119429644671928
v -0.0235447800000000 0.0015003900000000 -0.0181607300000000
vn -0.0291060233349506 -6.2831065466443965 0.0119401530080902
v -0.0232619800000000 0.0015355000000000 0.0010049300000000
vn -0.0927033282925528 -0.0115118673020790 -6.2824908415512892
v -0.1533724700000000 -0.0227861400000000 -0.0594341700000000
vn -0.0927033282925514 -0.0115118673020785 -6.2824908415512883
v -0.1312741500000000 -0.0206189600000000 -0.0597642100000000
vn -0.0927024626347430 -0.0115126236688094 -6.2824908529383290
v -0.1309194700000000 -0.0408897200000000 -0.0597323100000000
vn 0.0927039908169965 0.0115101042075867 6.2824908350063060
v -0.1535409400000000 -0.0591503500000000 -0.0593650500000000
vn 0.0927025966165085 0.0115115963050651 6.2824908528437673
v -0.1314531300000000 -0.0592533000000000 -0.0596907800000000
vn 0.0927026169549747 0.0115116199477803 6.2824908525003842
v -0.1309100900000000 -0.0388643400000000 -0.0597361500000000
vn -0.6132889768210885 0.0147285444302362 6.2531653828470493
v -0.2206000900000000 -0.0493549600000000 0.0386109900000000
vn -0.6132886772392580 0.0147254434253817 6.2531654195330146
v -0.2205066300000000 -0.0291814200000000 0.0385726400000000
vn -0.6132886778246244 0.0147283531799153 6.2531654126221383
v -0.3247801900000000 -0.0393757800000000 0.0283698600000000
vn 1.6492384809583629 -0.0191627886238372 -6.0628428006023487
v -0.0520043800000000 -0.0431573200000000 -0.0448501100000000
vn 1.6492363286890945 -0.0191651332611524 -6.0628433786583429
v -0.0800111400000000 -0.0510763500000000 -0.0524435800000000
vn 1.6492384780500453 -0.0191627865962059 -6.0628428013998903
v -0.0799172400000000 -0.0308076900000000 -0.0524821100000000
vn -1.6492381119644501 0.0191633737283542 6.0628428991279009
v -0.0518910200000000 -0.0186882800000000 -0.0448966200000000
vn -1.6492367159969210 0.0191627811804335 6.0628432807373924
v -0.0798605600000000 -0.0185731700000000 -0.0525053600000000
vn -1.6492367159969203 0.0191627811804329 6.0628432807373933
v -0.0799544600000000 -0.0388418300000000 -0.0524668400000000
vn -0.0291076528152874 -6.2831065371796191 0.0119411622439104
v -0.5543628800000000 0.0474533800000000 0.0061202400000000
vn -0.0291077489483306 -6.2831065367956196 0.0119411299596059
v -0.5462074900000000 0.0474153700000000 0.0059999700000000
vn -0.0291077555192730 -6.2831065331373663 0.0119430385673793
v -0.5504833700000000 0.0474973200000000 0.0386922300000000
vn 0.0291081716541304 6.2831065354251514 -0.0119408206225655
v -0.5576406800000000 0.0474841600000000 0.0143258100000000
vn 0.0291065733056576 6.2831065387505936 -0.0119429664946571
v -0.5571392600000000 0.0475464300000000 0.0483072900000000
vn 0.0291066434816484 6.2831065386366518 -0.0119428552515246
v -0.5493850100000000 0.0474586000000000 0.0210016300000000
vn 6.1952790561060143 -0.0267116659973959 1.0470059733501711
v -0.5376945800000000 0.0596491100000000 0.0262447100000000
vn -6.1952794516435734 0.0267113671975575 -1.0470036405171996
v -0.5376567900000000 0.0678053700000000 0.0262292100000000
vn 0.0291081896717096 6.2831065353419477 -0.0119408204801881
v -0.5574895400000000 0.0801092000000000 0.0142638100000000
vn 0.0291088178948800 6.2831065302698299 -0.0119419578581158
v -0.5569881200000000 0.0801714700000000 0.0482452900000000
vn 0.0291067215745229 6.2831065383210847 -0.0119428309612659
v -0.5492338700000000 0.0800836400000000 0.0209396200000000
vn -0.0291077812088288 -6.2831065344482155 0.0119422863615686
v -0.5542117300000000 0.0800784200000000 0.0060582300000000
vn -0.0291080065134171 -6.2831065343930099 0.0119417662518305
v -0.5460563500000000 0.0800404100000000 0.0059379600000000
vn -0.0291078695224344 -6.2831065346533581 0.0119419632100027
v -0.5503322300000000 0.0801223600000000 0.0386302200000000
vn -0.0291078556108936 -6.2831065347847321 0.0119419279190632
v -0.5549168300000000 -0.0721193600000000 0.0063475100000000
vn -0.0291081588454868 -6.2831065335912539 0.0119418167892270
v -0.5467614400000000 -0.0721573700000000 0.0062272400000000
vn -0.0291078616125860 -6.2831065346973611 0.0119419593372213
v -0.5510373200000001 -0.0720754200000000 0.0389195000000000
vn 0.0000000761304999 0.0000003695154953 -0.0000004410471656
v -0.5382674300000000 -0.0640017600000000 0.0264797200000000
vn 0.0000001806324633 -0.0000000058192804 -0.0000010689779242
v -0.5382296400000000 -0.0558455000000000 0.0264642200000000
vn 0.0000000073006612 -0.0000003172441537 -0.0000000512932122
v -0.5381918500000000 -0.0476892400000000 0.0264487200000000
vn 0.0000000000000000 -0.0000000000000000 -0.0000000000000000
v -0.5654096700000000 -0.0637822300000000 0.0758247200000000
vn 0.0000000000000001 -0.0000000000000000 -0.0000000000000000
v -0.5653718900000000 -0.0556259700000000 0.0758092200000000
vn 0.0000000000000000 -0.0000000000000000 0.0000000000000000
v -0.5653341000000000 -0.0474697100000000 0.0757937200000000
vn -0.0291077102679324 -6.2831065348034212 0.0119422723856575
v -0.5547656900000000 -0.0394943200000000 0.0062855000000000
vn -0.0291080327035127 -6.2831065343666435 0.0119417162851613
v -0.5466103000000000 -0.0395323300000000 0.0061652300000000
vn -0.0291078453781847 -6.2831065347614983 0.0119419651636507
v -0.5508861800000000 -0.0394503800000000 0.0388574900000000
vn -5.6016642228597959 2.7790941840898253 -0.6135234752187313
v 0.3243030700000000 0.2834946700000000 0.0043464800000000
vn -5.6016639028575694 2.7790952477962896 -0.6135215786390702
v 0.3054302100000000 0.2420083200000000 -0.0112602700000000
vn -5.6016641182582747 2.7790948121896664 -0.6135215851420498
v 0.2834351500000000 0.2007968600000000 0.0028848900000000
vn -5.6015261331557999 2.7800017422890764 -0.6106659453386302
v 0.2715820900000000 0.1688083000000000 -0.0338753500000000
vn -5.6015267323614566 2.7800008079341323 -0.6106647024994842
v 0.2566068400000000 0.1370946400000000 -0.0408836900000000
vn -5.6015260746990281 2.7800018969664646 -0.6106657773975058
v 0.2495870400000000 0.1275968500000000 -0.0197302000000000
vn -5.6039946599748323 2.7742737945193885 -0.6140573005521601
v 0.2363828900000000 0.0958439200000000 -0.0430793900000000
vn -5.6039957073144411 2.7742714102575010 -0.6140585142714060
v 0.2311342000000000 0.0863068700000000 -0.0382667500000000
vn -5.6039958758285628 2.7742713231744758 -0.6140573698366802
v 0.2293630900000000 0.0863461300000000 -0.0219259000000000
vn 5.6017489911220917 -2.7790012067406953 0.6131705617007162
v 0.3072013200000000 0.2419690600000000 -0.0276011200000000
vn 5.6017480450192174 -2.7790018510598506 0.6131762847398345
v 0.3260741800000000 0.2834554000000000 -0.0119943700000000
vn 5.6017480296579958 -2.7790017788631136 0.6131767522878172
v 0.2869773700000000 0.2007183400000000 -0.0297968200000000
vn 5.6028323043869657 -2.7781786699001731 0.6069687400409859
v 0.3425917600000000 0.3225261600000000 0.0142970100000000
vn 5.6028317107583980 -2.7781793159516335 0.6069712626547150
v 0.3402364900000000 0.3201105700000000 0.0249816500000000
vn 5.6028318873008489 -2.7781789186373804 0.6069714515790599
v 0.3034949600000000 0.2397890900000000 -0.0035054300000000
vn 5.6012523635795795 -2.7798691041126946 0.6137730263227956
v 0.2993685700000000 0.2374127700000000 0.0235200600000000
vn 5.6012522182202975 -2.7798691099808206 0.6137743262698212
v 0.2608559400000000 0.1571305500000000 0.0113738200000000
vn 5.6012525417995320 -2.7798687742744761 0.6137728937835392
v 0.2626270500000000 0.1570912900000000 -0.0049670300000000
vn 5.6023067173099150 -2.7781927680137084 0.6117368660563258
v 0.2925720500000000 0.1244566400000000 -0.0365647500000000
vn 5.6023068540966330 -2.7781923532813515 0.6117374968610785
v 0.3075336800000000 0.1561703700000000 -0.0295564700000000
vn 5.6023063984368129 -2.7781935026499851 0.6117364499712059
v 0.2875665500000000 0.1191651400000000 -0.0147554800000000
vn 5.6020882917753507 -2.7793121765803970 0.6086445601435343
v 0.3413820600000000 0.2293706400000000 -0.0069416500000000
vn 5.6020884900991739 -2.7793117898800310 0.6086445005795011
v 0.3602688000000000 0.2708571900000000 0.0086648900000000
vn 5.6020884764318293 -2.7793122465993774 0.6086425408052634
v 0.3214149200000000 0.1923654100000000 0.0078593400000000
vn 5.6017165250794134 -2.7791698369441677 0.6127026966068532
v 0.3767868500000000 0.3099279700000000 0.0349699000000000
vn 5.6017166333525585 -2.7791698916096044 0.6127014587439792
v 0.3744181500000000 0.3075122100000000 0.0456683600000000
vn 5.6017164848181569 -2.7791699441737014 0.6127025783163076
v 0.3379329700000000 0.2314361900000000 0.0341643400000000
vn -5.6031397795511149 2.7775447201230823 -0.6070317478284097
v 0.3440188600000000 0.2322463800000000 -0.0180524500000000
vn -5.6031392998276015 2.7775458680528011 -0.6070309233631731
v 0.3290572300000000 0.2005326500000000 -0.0250607300000000
vn -5.6031395338124339 2.7775455530825912 -0.6070302047664105
v 0.3605369100000000 0.2713171700000000 0.0082525600000000
vn -5.6001827128320389 2.7811854083383891 -0.6175588325819635
v 0.3111467100000000 0.1634815800000000 -0.0293645000000000
vn -5.6001825340626850 2.7811855729809243 -0.6175597122378356
v 0.3081978200000000 0.1581442400000000 -0.0266600000000000
vn -5.6021578833802987 2.7789328306900134 -0.6097351691872467
v 0.3031923200000000 0.1528527400000000 -0.0048507400000000
vn -5.6021583242078847 2.7789323926039455 -0.6097331155519068
v 0.3011357000000000 0.1528985700000000 0.0142540300000000
vn -5.6021579869226876 2.7789327339786483 -0.6097346586238915
v 0.3376208800000000 0.2289745900000000 0.0257580400000000
vn -5.6003881496245933 2.7814603534642357 -0.6144497375714235
v 0.3982772100000000 0.4334143100000000 0.0638883400000000
vn -5.6003884695364912 2.7814594510303907 -0.6144509068287809
v 0.3924219600000000 0.4199825700000000 0.0564537800000000
vn -5.6003876751993129 2.7814613325648967 -0.6144496295667448
v 0.3942460400000000 0.4261126700000000 0.0675776500000000
vn 5.6026716151471110 -2.7776821342742002 0.6107129752169441
v 0.4011491400000000 0.4407418600000000 0.0710111900000000
vn 5.6026719069150337 -2.7776822863119239 0.6107096070398245
v 0.4013107000000000 0.4419724700000000 0.0751262000000000
vn -1.8404790672401787 -2.5060607386879812 5.4599188621632990
v 0.3886639400000000 0.3999327500000000 0.0697745000000000
vn -1.8404787951405444 -2.5060594153971776 5.4599195612573030
v 0.3947235500000000 0.3969287300000000 0.0704383000000000
vn 1.8389817529609269 2.5025707147308611 -5.4620237581316431
v 0.4007828900000000 0.3939110600000000 0.0710885100000000
vn 1.8389776248571910 2.5025701374942733 -5.4620254124719541
v 0.3947232800000000 0.3969150800000000 0.0704247000000000
vn -0.6633635449179787 0.0142443289305567 6.2480527775209964
v 0.4053206900000000 0.4289468800000000 0.0837918500000000
vn 0.6673009880840799 -0.0062517091633580 -6.2476465898601381
v 0.4113803000000000 0.4259428600000000 0.0844556500000000
vn 5.6026713053169077 -2.7776827772697064 0.6107128930367737
v 0.4254683500000000 0.4293410900000000 0.0757239200000000
vn -5.6015010847813516 2.7799945508367672 -0.6109283909322218
v 0.4225153700000000 0.4213845800000000 0.0665299700000000
vn -5.6015004292658510 2.7799959622046693 -0.6109279788928221
v 0.4166601200000000 0.4079528400000000 0.0590954100000000
vn -5.6015001876599708 2.7799960046899845 -0.6109300007918591
v 0.4184839400000000 0.4140692900000000 0.0702056800000000
vn 5.6748508894473266 2.6281524828804939 0.6060524017082793
v 0.4064068000000000 -0.4184247700000000 0.0656824800000000
vn 5.6748516832259872 2.6281509198081028 0.6060517473310507
v 0.4009214900000000 -0.4048597900000000 0.0582202500000000
vn 5.6748516742460691 2.6281509824574232 0.6060515597378489
v 0.4025795600000000 -0.4110046300000000 0.0693418100000000
vn -5.6766604332640664 -2.6279567503046617 -0.5897348965376508
v 0.4090746600000000 -0.4258053900000000 0.0728216600000000
vn -5.6766597847068141 -2.6279579398369215 -0.5897358387225620
v 0.4092110600000000 -0.4270214900000000 0.0769278900000000
vn -1.7650801488807504 2.5625298769014107 5.4586033289076656
v 0.3823374900000000 -0.3917898100000000 0.0698570100000000
vn 0.8825415841270905 -1.2812653243422290 -2.7293015046036091
v 0.3731261100000000 -0.3960516800000000 0.0688791700000000
vn 1.7650780508630484 -2.5625299045289625 -5.4586039943400824
v 0.3792670300000000 -0.3932104300000000 0.0695310700000000
vn -0.6704051595791592 0.0155982928232672 6.2472979134680244
v 0.3982331100000000 -0.4212068100000000 0.0839177000000000
vn 0.6704035297055559 -0.0155971844251489 -6.2472980911367610
v 0.3859512000000000 -0.4269029300000000 0.0826139300000000
vn -5.6721121623823230 -2.6317389819807677 -0.6160447649529333
v 0.3845372300000000 -0.4371836500000000 0.0701864500000000
vn -5.6721127647791638 -2.6317385238226021 -0.6160411757219514
v 0.3846604000000000 -0.4384135500000000 0.0743065400000000
vn 5.6717730546934044 2.6341185464469348 0.6089560769613361
v 0.3818692200000000 -0.4297894200000000 0.0630336200000000
vn 5.6717717634537665 2.6341219382514303 0.6089534317704608
v 0.3763705500000000 -0.4162246400000000 0.0555715900000000
vn 5.6717727801883964 2.6341191996790352 0.6089558080377947
v 0.3780288300000000 -0.4223694600000000 0.0667067700000000
vn 5.6744110494718933 2.6295690381789361 0.6040227805504634
v 0.3488388100000000 -0.2678881200000000 0.0077544400000000
vn 5.6744116121375594 2.6295679215299734 0.6040223559243572
v 0.3310741400000000 -0.2259513600000000 -0.0079263800000000
vn 5.6744117202479263 2.6295678477815940 0.6040216613524321
v 0.3127684800000000 -0.1898813100000000 0.0070154900000000
vn 5.6743848563777037 2.6297145824450721 0.6036350892255515
v 0.2991881600000000 -0.1519208800000000 -0.0306769100000000
vn 5.6743849373022561 2.6297146088787824 0.6036342133470427
v 0.2850668400000000 -0.1198271600000000 -0.0377466200000000
vn 5.6743846703300109 2.6297142094268193 0.6036384631614675
v 0.2808824900000000 -0.1158508300000000 -0.0157350400000000
vn -5.6746404348393229 -2.6291526232105555 -0.6036803984798689
v 0.3664767400000000 -0.3073814300000000 0.0140517300000000
vn -5.6746397668990207 -2.6291532667601150 -0.6036838743560351
v 0.3641852800000000 -0.3048898000000000 0.0247400600000000
vn -5.6746397488148146 -2.6291533338621189 -0.6036837521070439
v 0.3325711500000000 -0.2294228000000000 -0.0067590800000000
vn -5.6741480279050265 -2.6297643494396050 -0.6056411711526939
v 0.3281149500000000 -0.2268830000000000 0.0240011200000000
vn -5.6741484000781490 -2.6297640441979873 -0.6056390097093531
v 0.2943360800000000 -0.1513678200000000 0.0125738400000000
vn -5.6741486010548323 -2.6297636532991078 -0.6056388241219995
v 0.2965008200000000 -0.1514160000000000 -0.0074980200000000
vn 1.3807632360707800 -1.6250398576496585 -5.9102585350661414
v 0.3585472900000000 -0.3079439300000000 -0.0081000300000000
vn 1.3807639699841219 -1.6250395309108954 -5.9102584534457749
v 0.3763119600000000 -0.3498806900000000 0.0075807900000000
vn 1.3807629664844847 -1.6250402204316110 -5.9102584982993651
v 0.3677147900000000 -0.3538664500000000 0.0066682000000000
vn -5.6741625799111821 -2.6292720841655237 -0.6076388141977587
v 0.2488246600000000 -0.1315632000000000 -0.0420710700000000
vn -5.6741625212090288 -2.6292721786948619 -0.6076389533304346
v 0.2629326800000000 -0.1636432400000000 -0.0350011900000000
vn -5.6741628909485575 -2.6292715458950040 -0.6076382388230284
v 0.2427474900000000 -0.1233921700000000 -0.0206784600000000
vn -5.6741027643627060 -2.6296943065098888 -0.6063689290462204
v 0.2948055000000000 -0.2376733700000000 -0.0122368400000000
vn -5.6741027246653681 -2.6296948212494695 -0.6063670681894805
v 0.3125703100000000 -0.2796234700000000 0.0034576300000000
vn -5.6741029349701950 -2.6296945687697493 -0.6063661952126314
v 0.2746203100000000 -0.1974223000000000 0.0020859000000000
vn -5.6743601468017459 -2.6297679767865136 -0.6036347546434384
v 0.3280433800000000 -0.3190819400000000 0.0298401800000000
vn -5.6743603373046110 -2.6297676061534343 -0.6036345785386865
v 0.3257516500000000 -0.3165903100000000 0.0405282500000000
vn -5.6743601625627500 -2.6297677378810542 -0.6036356472864984
v 0.2900933900000000 -0.2368807700000000 0.0284684400000000
vn 5.6749402764483490 2.6286259835755059 0.6031549565086625
v 0.2985909400000000 -0.2433527700000000 -0.0229413700000000
vn 5.6749412665842245 2.6286240707065818 0.6031539770303819
v 0.2844829200000000 -0.2112727400000000 -0.0300112600000000
vn 5.6749402793613033 2.6286259765759725 0.6031549596062082
v 0.3140640200000000 -0.2828112500000000 0.0034411700000000
vn 5.6739653769832765 2.6299031583484496 0.6067486158675020
v 0.2661759100000000 -0.1710633700000000 -0.0330504500000000
vn 5.6739649922322464 2.6299037185285128 0.6067497857850215
v 0.2619769100000000 -0.1629340400000000 -0.0290197600000000
vn 5.6739649562529166 2.6299037348089320 0.6067500516761086
v 0.2957570000000000 -0.2426018800000000 0.0004019800000000
vn 5.6737993933407518 2.6300962027401034 0.6074635897034582
v 0.2558997400000000 -0.1547630100000000 -0.0076271400000000
vn 5.6738000083485201 2.6300955181266876 0.6074608095515617
v 0.2540215700000000 -0.1547213100000000 0.0097347800000000
vn 5.6737999125199607 2.6300957273638006 0.6074607986827585
v 0.2896798300000000 -0.2344308500000000 0.0217945900000000
vn 0.0000012492673115 -0.0000000733405463 -0.0000008597910773
v 0.3355654800000000 -0.0212979100000000 -0.0584945200000000
vn 1.7809627936236305 -0.0033310037696800 2.5880040249642979
v 0.3274797300000000 -0.0234791800000000 -0.0529330300000000
vn -0.0000010062641055 0.0000000051664218 0.0000006924777240
v 0.3357613400000000 0.0209794300000000 -0.0585748700000000
vn 1.7809621836180090 -0.0033314703950569 2.5880042945942998
v 0.3277735200000000 0.0399368200000000 -0.0530535600000000
vn 1.7809613877003077 -0.0033302777654420 2.5880039642375645
v 0.3116020200000000 0.0355742800000000 -0.0419306000000000
vn 1.7809618527325086 -0.0033322468916333 2.5880052455100948
v 0.3115040900000000 0.0144356100000000 -0.0418904200000000
vn 0.0000000169015613 0.0000008436083031 0.0000008794612911
v 0.3044076300000000 -0.0165072600000000 0.0398446800000000
vn 0.0000000002908117 0.0000000207905679 0.0000000131484029
v 0.3045621800000000 0.0168525600000000 0.0397812700000000
vn -0.0000000000801375 -0.0000000040290911 -0.0000000041605859
v 0.3043586600000000 0.0334976100000000 0.0207199000000000
vn -0.0000000174573203 -0.0000008644312231 -0.0000009106509932
v 0.3037970600000000 0.0334278700000000 -0.0173394400000000
vn -0.0000000076599216 -0.0000017087473707 0.0000000206005234
v 0.3032844500000000 -0.0166467300000000 -0.0362740000000000
vn -0.0000000000372703 -0.0000000080418728 0.0000000000142291
v 0.3034389900000000 0.0167130900000000 -0.0363374100000000
vn -0.0000001029323778 -0.0000004342201929 0.0000016256631022
v 0.4120455000000000 -0.0127354100000000 -0.0378860200000000
vn 6.2710367488449945 -0.0283130845272328 0.3895049014268633
v 0.4109531800000000 -0.0113374500000000 -0.0201979900000000
vn 0.0000001074488748 0.0000004332043584 -0.0000016984440324
v 0.4121588600000000 0.0117336300000000 -0.0379325200000000
vn 0.0000000101139395 0.0000008402206664 -0.0000001017601709
v 0.4111232200000000 0.0253661100000000 -0.0202677600000000
vn 0.0000000466911640 -0.0000023071157736 -0.0000009194114717
v 0.4089385700000000 0.0281620300000000 0.0151082900000000
vn 6.2710368113516450 -0.0283096264956203 0.3895041464093417
v 0.4088818900000000 0.0159275100000000 0.0151315400000000
vn 0.0000000752735194 -0.0000008537382332 -0.0000012739462530
v 0.4076384200000000 -0.0152998400000000 0.0328815700000000
vn -6.2710367496955994 0.0283130169900102 -0.3895048926417673
v 0.4087307500000000 -0.0166978000000000 0.0151935500000000
vn 0.0000000814484479 -0.0000007741778138 -0.0000013675706087
v 0.4077769700000000 0.0146067100000000 0.0328247300000000
vn -6.2710368043491895 0.0283107633110501 -0.3895041765185829
v 0.4110539400000000 0.0104128300000000 -0.0202393300000000
vn 0.0609045120478036 3.1473107015422830 3.1352770082679764
v 0.3510797500000000 -0.0437598600000000 -0.0586822800000000
vn 0.0927016034705593 0.0115101487004586 6.2824908701516859
v 0.3511805100000000 -0.0220095800000000 -0.0587236200000000
vn 0.0609061567634205 3.1473067346110151 3.1352749477719533
v 0.3732896500000000 -0.0438633800000000 -0.0590098200000000
vn 0.0000012247739786 0.0000000144048091 -0.0000000180986214
v 0.3844953600000000 -0.0221648500000000 -0.0592149200000000
vn -0.0000003896451694 0.0000003929222011 0.0000000050294964
v 0.3846968900000000 0.0213357300000000 -0.0592976000000000
vn 0.0927027885787085 0.0115122711071101 6.2824908487750122
v 0.3735919400000000 0.0213874900000000 -0.0591338300000000
vn -0.3435753711999521 3.0243560031487564 -3.1001578815678608
v 0.3139577400000000 0.0360202600000000 0.0411438300000000
vn -0.3435735378647758 3.0243559871605412 -3.1001588373064450
v 0.3325943100000000 0.0409958400000000 0.0439323600000000
vn -0.7966963579998863 6.1765880356078258 0.0004385769288586
v 0.3415289100000000 0.0434359800000000 0.0193239900000000
vn -0.7966948232642000 6.1765889844408557 0.0004376047243775
v 0.3407615400000000 0.0433406900000000 -0.0326812500000000
vn -1.6016452794061753 6.0755395941588821 0.0209330125335645
v 0.3314432500000000 0.0408529100000000 -0.0340755100000000
vn -0.8675721820527238 -0.0017196483523113 -3.0194248398977073
v 0.0042297600000000 -0.0230679100000000 -0.0307613200000000
vn -0.8675723476602835 -0.0017203210295015 -3.0194237303101201
v 0.0326805300000000 -0.0187155100000000 -0.0389385700000000
vn -0.8675728581534937 -0.0017192611707980 -3.0194225226126745
v 0.0044544600000000 0.0254351800000000 -0.0308535000000000
vn 0.0000001583260665 -0.0000001192120234 -0.0000000454239988
v 0.0330175800000000 0.0540391200000000 -0.0390768500000000
vn -0.0000004768480667 0.0000008568048403 0.0000001365253053
v 0.0899191200000000 0.0627439200000000 -0.0554313500000000
vn -0.8675730127129830 -0.0017196021077301 -3.0194235396296789
v 0.0898067700000000 0.0384923800000000 -0.0553852600000000
vn 0.8675715602168709 0.0017195317772108 3.0194239538845480
v 0.1179102200000000 -0.0321254700000000 -0.0634200200000000
vn 0.8675729793701075 0.0017199044375058 3.0194232846561135
v 0.0894594500000000 -0.0364778700000000 -0.0552427700000000
vn 0.8675716452664204 0.0017198448189457 3.0194241092762537
v 0.1182166700000000 0.0340223900000000 -0.0635457400000000
vn 0.8675721844018167 0.0017195296904523 3.0194242375844134
v 0.0328643600000000 0.0209651900000000 -0.0390139900000000
vn 0.0000000000000001 0.0000000000000000 -0.0000000000000000
v 0.2651554400000000 0.0219355400000000 -0.0065511600000000
vn 0.0000000085554369 -0.0000000674729823 -0.0000000548507108
v 0.2688920400000000 0.0218742000000000 -0.0297185600000000
vn -0.0000000103726095 0.0000000511326421 0.0000000656784068
v 0.2707099600000000 0.0109685100000000 -0.0412816000000000
vn 0.0000000000000000 0.0000000000000000 0.0000000000000000
v 0.2706091900000000 -0.0107815100000000 -0.0412402600000000
vn 0.0000000000000002 -0.0000000000000000 -0.0000000000000000
v 0.2649539100000000 -0.0215645100000000 -0.0064684800000000
vn 0.0000000000000000 -0.0000000000000000 0.0000000000000001
v 0.2686905100000000 -0.0216258500000000 -0.0296358900000000
vn 0.0000000000000000 -0.0000000000000000 0.0000000000000000
v 0.3036225600000000 0.0217213700000000 -0.0254726800000000
vn 0.0000000000000000 -0.0000000000000000 -0.0000000000000000
v 0.3039434700000000 0.0217612200000000 -0.0037242600000000
vn 0.0000000000000000 0.0000000000000000 0.0000000000000000
v 0.3040535500000000 0.0109061300000000 0.0071706200000000
vn 0.0000000000000000 0.0000000000000000 -0.0000000000000000
v 0.3039527900000000 -0.0108439000000000 0.0072119600000000
vn 0.0000000000000000 0.0000000000000000 0.0000000000000000
v 0.3034210300000000 -0.0217786800000000 -0.0253900000000000
vn -0.0000000000000002 0.0000000000000000 0.0000000000000000
v 0.3037419500000000 -0.0217388300000000 -0.0036415800000000
vn 0.8976343589244994 6.1564211092984777 -0.0245257217482127
v -0.1081533000000000 0.0833756700000000 -0.0331047800000000
vn 1.7661578212521323 6.0297369020636626 -0.0371085795353867
v -0.0798643200000000 0.0750871200000000 -0.0335070200000000
vn 0.8976327696400196 6.1564215769301649 -0.0245253183186906
v -0.1073510300000000 0.0834752900000000 0.0212654800000000
vn -0.0000009761103565 0.0000002869190723 0.0000001638583708
v -0.0786609100000000 0.0752365500000000 0.0480483700000000
vn 0.0000011306153415 -0.0000003320985800 -0.0000001514405422
v -0.0220829500000000 0.0586594600000000 0.0472439000000000
vn 1.7661598875218028 6.0297362910130907 -0.0371095255249414
v -0.0224840800000000 0.0586096500000000 0.0200587700000000
vn 0.0000001906602962 -0.0000000587456286 -0.0000004711536453
v 0.0053462000000000 0.0502641400000000 -0.0114296000000000
vn -0.8830805344331694 -3.0148674978014851 0.0185525323394604
v -0.0229427800000000 0.0585526900000000 -0.0110273600000000
vn 0.0000002099408272 -0.0000000607125920 0.0000001268612195
v 0.0059194300000000 0.0503353200000000 0.0274179100000000
vn -0.8830780325486980 -3.0148678872153774 0.0185565097232629
v -0.0789475300000000 0.0752009600000000 0.0286246200000000
vn -0.0000000368672900 -0.0000000002125567 -0.0000002016951024
v -0.1085311700000000 0.0018114900000000 -0.0329497600000000
vn 0.0145535093241077 3.1415525518354128 -0.0059697077476362
v -0.0802044000000000 0.0016794700000000 -0.0333675000000000
vn 0.0000001402102887 -0.0000000025627356 -0.0000010065599637
v -0.1077289000000000 0.0019111200000000 0.0214205000000000
vn 0.0609048584834340 3.1473095298145748 3.1352757201032251
v -0.0790009900000000 0.0018289000000000 0.0481879000000000
vn 0.0609054003736090 3.1473095250869756 3.1352739635634652
v -0.0223474500000000 0.0015648500000000 0.0473524200000000
vn 0.0145535219895307 3.1415536443122463 -0.0059697121892684
v -0.0227485900000000 0.0015150400000000 0.0201672900000000
vn 0.0341400424589317 3.1310706712299070 3.1150349642636503
v -0.4281036400000000 0.0362204400000000 0.0185666800000000
vn -0.3001043647264300 0.0073328534737369 3.1272173117322497
v -0.4280101200000000 0.0564076100000000 0.0185283200000000
vn 0.0341403357493496 3.1310702434337987 3.1150343994147973
v -0.2192163500000000 0.0139475700000000 0.0386648500000000
vn 0.0000001417022850 0.0000002585567320 0.0000000129921689
v -0.1146791800000000 0.0229983100000000 0.0486755700000000
vn 0.0000000770943896 -0.0000000996060459 0.0000000076320124
v -0.1144921400000000 0.0633726500000000 0.0485988300000000
vn -0.3001043673000193 0.0073360486202234 3.1272172999816861
v -0.2189357800000000 0.0745090800000000 0.0385497400000000
vn 0.2855504520839620 -3.1488859395992179 -3.1212465894332668
v -0.4278778700000000 0.0849549100000000 0.0184740600000000
vn 0.3001043284881632 -0.0073355750598542 -3.1272172936118232
v -0.4279713900000000 0.0647677400000000 0.0185124300000000
vn 0.2855501086454582 -3.1488859295653837 -3.1212459752466324
v -0.2188917000000000 0.0840248500000000 0.0385316600000000
vn 0.3001043391023591 -0.0073328588833818 -3.1272172928830040
v -0.2191722700000000 0.0234633400000000 0.0386467600000000
vn 0.0000001292676631 0.0000000138625267 -0.0000000118685299
v -0.5330431500000000 0.0568055900000000 -0.0280925000000000
vn -0.5734829417543258 -0.0092353787030015 -6.2569521036716091
v -0.4488924800000000 0.0564010800000000 -0.0358047600000000
vn -0.0000000027337384 0.0000001180326313 0.0000000000763616
v -0.5329549800000000 0.0758371300000000 -0.0281286700000000
vn -0.0000000276457392 0.0000004465848565 0.0000000018744526
v -0.4487602300000000 0.0849483900000000 -0.0358590200000000
vn 0.0000000347657537 0.0000007310897750 -0.0000000042659654
v -0.2804589000000000 0.0841393700000000 -0.0512835400000000
vn -0.5734829241105216 -0.0092352526605535 -6.2569521054755945
v -0.2805029900000000 0.0746236000000000 -0.0512654500000000
vn -0.0000000731861778 0.0000000901191826 0.0000000065748493
v -0.1965602800000000 0.0293312300000000 -0.0588923900000000
vn 0.5734829032302344 0.0092356479929107 6.2569521068045013
v -0.2807109400000000 0.0297357400000000 -0.0511801300000000
vn 0.0000002883398500 0.0000001318177446 -0.0000000266225506
v -0.1963922500000000 0.0656003200000000 -0.0589613300000000
vn 0.5734831647033710 0.0092352584010239 6.2569520834155039
v -0.4488442400000000 0.0668138400000000 -0.0358245500000000
vn 0.0000003579896617 0.0000001035864822 -0.0000009481179311
v -0.0799662700000000 -0.0715213300000000 0.0483365400000000
vn -1.7122454749832907 6.0453661836366033 0.0134123347875409
v -0.0802490700000000 -0.0715564500000000 0.0291708800000000
vn -0.0000006635810742 -0.0000001884396498 0.0000002347952232
v -0.0232911300000000 -0.0554720800000000 0.0474708500000000
vn 0.0000002408946667 0.0000000682205925 -0.0000000054349710
v 0.0047636400000000 -0.0474825800000000 0.0278723500000000
vn -0.0000001620198583 -0.0000000477365634 0.0000007936302882
v 0.0041980400000000 -0.0475528100000000 -0.0104589800000000
vn -1.7122451611399194 6.0453662692370767 0.0134133922153481
v -0.0241395300000000 -0.0555774300000000 -0.0100261300000000
vn -0.0609052823539316 -3.1473095393615145 -3.1352757061684837
v -0.0230266200000000 0.0016225200000000 0.0473623300000000
vn -0.0609059183754184 -3.1473070781466559 -3.1352757196659544
v -0.0796261900000000 0.0018863200000000 0.0481970200000000
vn 0.0000001103919272 -0.0000000013396246 -0.0000004357620661
v -0.1083271000000000 0.0019684100000000 0.0214292300000000
vn -0.0000000612096554 0.0000000009620624 0.0000003569747886
v -0.1091293800000000 0.0018687900000000 -0.0329410400000000
vn -0.0291030959133628 -6.2831065632767249 0.0119385349814554
v -0.0808295900000000 0.0017368900000000 -0.0333583800000000
vn -0.3066444509537226 0.0073629017799664 3.1265838522664513
v -0.5332779100000000 -0.0491067200000000 0.0079440500000000
vn -0.6132887816275132 0.0147272074129995 6.2531654051404990
v -0.4290537400000000 -0.0495701400000000 0.0181670800000000
vn -0.3066442923184262 0.0073644525799290 3.1265837564245818
v -0.5333660800000000 -0.0681382500000000 0.0079802200000000
vn -0.0000000086767039 -0.0000017306127417 0.0000000032239240
v -0.4291859900000000 -0.0781174400000000 0.0182213400000000
vn -0.0000003130855514 -0.0000012170214034 -0.0000000278407031
v -0.2207376400000000 -0.0790442700000000 0.0386674100000000
vn -0.6132888396900129 0.0147240167077326 6.2531654069598348
v -0.2206935500000000 -0.0695285000000000 0.0386493300000000
vn -0.0000001061925922 -0.0000001872925925 -0.0000000099739330
v -0.1162330800000000 -0.0189870600000000 0.0487754200000000
vn 0.3066441151610020 -0.0073627203744504 -3.1265825503347866
v -0.2204572600000000 -0.0185236400000000 0.0385523900000000
vn 0.0000001568917170 -0.0000000004870576 0.0000000153885427
v -0.1164200000000000 -0.0593341500000000 0.0488521100000000
vn 0.3066444840546451 -0.0073627227112890 -3.1265828806822693
v -0.4290925300000000 -0.0579439000000000 0.0181830000000000
vn 0.0031385308851868 -3.1312317250894388 -3.1249302721750101
v -0.4497847900000000 -0.0314526500000000 -0.0344064400000000
vn -0.3024900761788776 -0.0045418566324780 -3.1269929640845198
v -0.4498687400000000 -0.0495735600000000 -0.0343720000000000
vn 0.0031385309301109 -3.1312317204188198 -3.1249302721861385
v -0.2818774500000000 -0.0150507100000000 -0.0506728000000000
vn -0.0000002209637319 0.0000000358461649 0.0000000213228748
v -0.1980077300000000 -0.0249706600000000 -0.0587715400000000
vn 0.0000005180042223 0.0000000319490712 -0.0000000501556323
v -0.1981756300000000 -0.0612124900000000 -0.0587026600000000
vn -0.3024900536037746 -0.0045418566358221 -3.1269927310594188
v -0.2821293000000000 -0.0694134600000000 -0.0505694800000000
vn 0.3170438153644756 3.1460947882086128 3.1210206897991792
v -0.4500010000000000 -0.0781208700000000 -0.0343177400000000
vn 0.3024898078803988 0.0045418573869661 3.1269927071449590
v -0.4499170500000000 -0.0599999500000000 -0.0343521800000000
vn 0.3170438204825206 3.1460947885263471 3.1210206893314800
v -0.2821733900000000 -0.0789292300000000 -0.0505513900000000
vn 0.3024902623810887 0.0045418378892173 3.1269929346533272
v -0.2819215400000000 -0.0245664800000000 -0.0506547100000000
vn -0.0000001098356968 -0.0000007055480863 0.0000006319124571
v -0.5376001100000000 0.0800397600000000 0.0262059500000000
vn 6.1952790509451185 -0.0267126007664168 1.0470059800389233
v -0.5376379000000000 0.0718835000000000 0.0262214600000000
vn 0.0000001076981918 0.0000006877901562 -0.0000006197191901
v -0.5463524400000001 0.0801787400000000 0.0779983000000000
vn -0.0000000225770380 -0.0000002537160928 0.0000001271183249
v -0.5507663900000001 0.0720919800000000 0.1039099800000000
vn 0.0000001786250976 -0.0000003734519810 -0.0000010664768897
v -0.5508230700000000 0.0598575900000000 0.1039332300000000
vn 6.1952793218010669 -0.0267101364606913 1.0470044402130347
v -0.5464658000000000 0.0557099600000000 0.0780448100000000
vn -0.0000001299745875 0.0000007307459930 0.0000007877228743
v -0.5377512600000000 0.0474147200000000 0.0262679600000000
vn -6.1952794915256746 0.0267133467337378 -1.0470033540241008
v -0.5377134700000000 0.0555709800000000 0.0262524600000000
vn -0.0000000129328366 0.0000008500685971 0.0000000982086892
v -0.5465035800000000 0.0475537000000000 0.0780603100000000
vn -6.1952793488919644 0.0267121507039597 -1.0470042285232386
v -0.5463902300000000 0.0720224800000000 0.0780138100000000
vn -0.0609056986941263 -3.1473080962027189 -3.1352750590733796
v -0.5580912400000000 0.0800344900000000 -0.0265137600000000
vn -0.0463517738015222 -0.0057548599496864 -3.1412454211254834
v -0.5581290200000000 0.0718782300000000 -0.0264982600000000
vn -0.0609056153150569 -3.1473081026464005 -3.1352750892155288
v -0.5417804600000000 0.0799584700000000 -0.0267543000000000
vn -0.0463517267554008 -0.0057567390672029 -3.1412441685563555
v -0.5336628600000000 0.0717641900000000 -0.0268590700000000
vn -0.0463517058154715 -0.0057548295218686 -3.1412441961587412
v -0.5337384300000000 0.0554516700000000 -0.0268280600000000
vn -0.0463507825565973 -0.0057548515018430 -3.1412460357830292
v -0.5418938200000000 0.0554896900000000 -0.0267077900000000
vn -3.1266624941848957 3.1561959229284868 0.0403533437102369
v -0.5647423600000000 0.0802592900000000 0.0755509500000000
vn -3.1412169801314676 0.0146415024904805 0.0463239811284064
v -0.5647801500000000 0.0721030300000000 0.0755664500000000
vn -3.1266624696939322 3.1561954355466835 0.0403539716590138
v -0.5657451999999999 0.0801347600000000 0.0075879900000000
vn -0.0000000000000002 0.0000000000000000 -0.0000000000000000
v -0.5662844100000000 0.0719162400000000 -0.0263779900000000
vn 0.0000000000000002 0.0000000000000000 -0.0000000000000000
v -0.5663599800000000 0.0556037200000000 -0.0263469900000000
vn 3.1557714501683125 3.1269105597265954 -0.0522946154933833
v -0.5648935100000000 0.0476342500000000 0.0756129600000000
vn 3.1412171123243557 -0.0146415599019243 -0.0463239829729646
v -0.5648557200000000 0.0557905100000000 0.0755974500000000
vn 3.1557714500404912 3.1269116326158022 -0.0522947660398965
v -0.5658963500000000 0.0475097200000000 0.0076500000000000
vn -0.0000000188229694 0.0000001007609956 0.0000001139486326
v -0.5381540700000000 -0.0395329800000000 0.0264332200000000
vn 0.0000001358735656 0.0000003492041590 -0.0000007950738381
v -0.5469063900000000 -0.0393940000000000 0.0782255700000000
vn -0.0000000842903638 -0.0000002718847129 0.0000004918235315
v -0.5513203400000000 -0.0474807600000000 0.1041372500000000
vn 0.0000000327230714 -0.0000002443607993 -0.0000001998626798
v -0.5513959100000000 -0.0637932800000000 0.1041682500000000
vn -0.0000000266529055 -0.0000001433206538 0.0000001540535421
v -0.5383052100000000 -0.0721580200000000 0.0264952300000000
vn -0.0000001836088039 -0.0000002933484013 0.0000010789556171
v -0.5470575400000000 -0.0720190400000000 0.0782875800000000
vn 0.0000000000000001 -0.0000000000000000 -0.0000000000000000
v -0.5652963200000000 -0.0393134500000000 0.0757782100000000
vn 0.0000000016814413 0.0000000739959893 0.0000000906353276
v -0.5662991600000000 -0.0394379800000000 0.0078152500000000
vn 0.0000000002333505 -0.0000002566042050 0.0000000969272865
v -0.5668383600000000 -0.0476565000000000 -0.0261507200000000
vn 0.0000000026882720 0.0000002521691757 0.0000001025887153
v -0.5669139399999999 -0.0639690200000000 -0.0261197200000000
vn 0.0000000000000000 -0.0000000000000000 -0.0000000000000000
v -0.5654474600000000 -0.0719384900000000 0.0758402200000000
vn 0.0000000009248968 -0.0000000689072003 0.0000000844916068
v -0.5664503000000000 -0.0720630200000000 0.0078772600000000
vn -0.0005324082149134 -0.0002863572836515 0.0035833078332173
v 0.2590848300000000 0.1571698200000000 0.0277146800000000
vn -5.6019909253221529 2.7791952317579178 -0.6100631548915445
v 0.2614401000000000 0.1595854100000000 0.0170300400000000
vn -0.0005327883280065 -0.0002868799740864 0.0035843774029007
v 0.3361101000000000 0.3177342400000000 0.0520071400000000
vn 0.0002571096685076 0.0005583257910415 0.0001828699904583
v 0.3769780100000000 0.4004320500000000 0.0534687400000000
vn 0.0002569870264475 0.0005580164784512 0.0001825850863814
v 0.3816885600000000 0.4052632300000000 0.0320994600000000
vn -5.6019909285038789 2.7791954643627448 -0.6100620704241495
v 0.3431759200000000 0.3249810100000000 0.0199532300000000
vn -3.3409314377805854 0.9675565674801070 2.7605045797299281
v 0.2935771500000000 0.2100197600000000 -0.0480205000000000
vn -0.5401689046687614 -0.4224443648601196 3.0658379807457816
v 0.3020682900000000 0.2058086700000000 -0.0471047000000000
vn -3.3409338618179714 0.9675567719627854 2.7605044202428997
v 0.2636266300000000 0.1465924200000000 -0.0620371800000000
vn -0.5401702608883874 -0.4224430218895681 3.0658377181660765
v 0.2571425100000000 0.1106676700000000 -0.0681297100000000
vn -0.5401716984862593 -0.4224441702743150 3.0658385005602460
v 0.2741247900000000 0.1022455000000000 -0.0662981000000000
vn -0.5401713781898799 -0.4224432812213215 3.0658376942516350
v 0.2891000500000000 0.1339591600000000 -0.0592897600000000
vn 0.0002589397367183 0.0005624436536075 0.0001844900107101
v 0.4109033300000000 0.3835882200000000 0.0571723800000000
vn -5.6021702458653584 2.7789186735572113 -0.6096779930695017
v 0.3920165800000000 0.3421016800000000 0.0415658400000000
vn 0.0002590975905681 0.0005628358327424 0.0001848257006073
v 0.4156407300000000 0.3884197500000000 0.0357754500000000
vn 0.0004443324699923 0.0004906775386222 -0.0018427947271891
v 0.3991226800000000 0.3493489700000000 0.0094704400000000
vn 0.0004447780539887 0.0004913699025229 -0.0018437269075063
v 0.3613491900000000 0.2663758800000000 -0.0217426400000000
vn -5.6021682451497314 2.7789211904063911 -0.6096849427927891
v 0.3589804900000000 0.2639601200000000 -0.0110441700000000
vn -1.9215387198096590 2.5481489179937480 -3.0902940420839595
v 0.4265468000000000 0.4286998700000000 0.0628542500000000
vn 0.8792125267804152 1.1581508055745382 -2.7848295925799871
v 0.4204871900000000 0.4317038900000000 0.0621904500000000
vn -1.9215371617614423 2.5481477059647593 -3.0902936781843566
v 0.4148363000000000 0.4018363900000000 0.0479851400000000
vn 0.8792147401804723 1.1581491749773085 -2.7848295719063336
v 0.3966574800000000 0.4108484400000000 0.0459937200000000
vn -3.6794084460428378 0.2325814007471153 2.4776038746381599
v 0.4023083800000000 0.4407159400000000 0.0601990200000000
vn -0.8792161004457609 -1.1581485369882314 2.7848310650870385
v 0.4083679800000000 0.4377119200000000 0.0608628300000000
vn -3.6794080928444268 0.2325820345456599 2.4776023369042353
v 0.3905978700000000 0.4138524600000000 0.0453299100000000
vn -0.8792152630621370 -1.1581493989947005 2.7848290850355530
v 0.4087766900000000 0.4048404000000000 0.0473213300000000
vn -0.0055651892784695 0.0027615407046634 -0.0006034051499946
v 0.4204693100000000 0.4214163600000000 0.0854309600000000
vn -0.6708985629636754 0.0130101046472894 6.2472461569324906
v 0.4144097100000000 0.4244203800000000 0.0847671600000000
vn -0.0055662651274225 0.0027620747766109 -0.0006035260629935
v 0.4288552900000000 0.4385081500000000 0.0863095500000000
vn -0.6708994027528791 0.0130103352240863 6.2472460632521729
v 0.4106764700000000 0.4475202000000000 0.0843181300000000
vn 0.0055724020224173 -0.0027684123168869 0.0006042025209725
v 0.3962316800000000 0.4334733900000000 0.0828165300000000
vn 0.6709056164366697 -0.0130169029981938 -6.2472453829289458
v 0.4022912900000000 0.4304693700000000 0.0834803400000000
vn 0.0055725502125122 -0.0027684827891757 0.0006042159192599
v 0.4046171300000000 0.4505378700000000 0.0836679200000000
vn 0.6709073289244468 -0.0130177502394872 -6.2472452020140494
v 0.4227959500000000 0.4415258200000000 0.0856593400000000
vn 3.6860496683773776 0.1311970802309037 -2.4777057806968741
v 0.3857096200000000 -0.4372093900000000 0.0593604700000000
vn 0.8501628186932170 -1.1858643957116024 -2.7821845461564418
v 0.3918507500000000 -0.4343681200000000 0.0600259900000000
vn 3.6860507239485667 0.1311954064094824 -2.4777080016948108
v 0.3747122700000000 -0.4100798300000000 0.0444364100000000
vn 0.8501632462895765 -1.1858635605135130 -2.7821866638582677
v 0.3931356500000000 -0.4015560200000000 0.0464329700000000
vn 1.9870233051886155 2.5005260191134022 3.0848886363017298
v 0.4102340400000000 -0.4258449100000000 0.0620231500000000
vn -0.8504024668850954 1.1864503708974348 2.7818628865279598
v 0.4040929100000000 -0.4286861800000000 0.0613576200000000
vn 1.9870242983365123 2.5005259621079365 3.0848890964956688
v 0.3992634100000000 -0.3987149500000000 0.0470986900000000
vn -0.8504015868308330 1.1864501260367457 2.7818639448831632
v 0.3808400400000000 -0.4072387600000000 0.0451021300000000
vn -0.0000036306670811 -0.0000016835689799 -0.0000003854064152
v 0.3798102700000000 -0.4297441700000000 0.0819620400000000
vn -0.6704044353816802 0.0155980109547599 6.2472979918860361
v 0.3890217200000000 -0.4254686800000000 0.0829398600000000
vn 0.0000010006074989 0.0000004642131115 0.0000001062179229
v 0.3877374100000000 -0.4470439100000000 0.0828559000000000
vn -0.6704055217420237 0.0155967468298486 6.2472978784626347
v 0.4030898800000000 -0.4399067300000000 0.0844855800000000
vn -0.0000009624888700 -0.0000004484146944 -0.0000001021671161
v 0.4043740300000000 -0.4183655700000000 0.0845696000000000
vn 0.6704065924373831 -0.0155963809001077 -6.2472977644795460
v 0.3951625800000000 -0.4226410600000000 0.0835917800000000
vn 0.0000010912180177 -0.0000001559244315 0.0000001174893984
v 0.4142831100000000 -0.4399561700000000 0.0856868600000000
vn 0.6704054460432917 -0.0155974193596649 -6.2472978849073568
v 0.3938783300000000 -0.4442026700000000 0.0835078000000000
vn 0.0001535931187507 -0.0000898369313639 -0.0010507798540764
v 0.2921713500000000 -0.1513196400000000 0.0326457000000000
vn 5.6744330307076476 2.6295766382697061 0.6037830966193822
v 0.2944628100000000 -0.1538112700000000 0.0219573600000000
vn 0.0001536393565268 -0.0000899703205579 -0.0010506334117126
v 0.3597290800000000 -0.3023500000000000 0.0555002600000000
vn -0.0000922612846435 0.0002151565702574 -0.0000698869847083
v 0.3957994100000000 -0.3803568100000000 0.0562392000000000
vn -0.0000925682622570 0.0002158986505757 -0.0000702347677822
v 0.4003823400000000 -0.3853400600000000 0.0348625300000000
vn 5.6744338418209335 2.6295754368648607 0.6037807073348231
v 0.3666034700000000 -0.3098248800000000 0.0234352500000000
vn 0.0001622892625766 -0.0003785624365465 0.0001233522497155
v 0.3614099200000000 -0.3962998500000000 0.0525880700000000
vn 5.6748126536842367 2.6288182141782341 0.6035176562384064
v 0.3436451100000000 -0.3543497500000000 0.0368936000000000
vn 0.0001624087746102 -0.0003787029891962 0.0001228382677318
v 0.3659933700000000 -0.4012831100000000 0.0312119100000000
vn 0.0002912013573777 -0.0003421464766080 -0.0012439876559759
v 0.3505203000000000 -0.3618246400000000 0.0048293700000000
vn 0.0002905274433673 -0.0003410961969168 -0.0012422318360073
v 0.3149906900000000 -0.2779244300000000 -0.0265595700000000
vn 5.6748124894997511 2.6288186554883595 0.6035172758052112
v 0.3126989600000000 -0.2754328100000000 -0.0158714900000000
vn -0.0145544081085230 -3.1415531816225561 0.0059718253331604
v 0.3531426000000000 -0.0437663800000000 -0.0570812600000000
vn -0.0291060067014057 -6.2831065439995060 0.0119415858500094
v 0.3534809500000000 -0.0437243600000000 -0.0341505900000000
vn -0.0145533694683560 -3.1415532722104111 0.0059697898201031
v 0.3794782000000000 -0.0438829200000000 -0.0542067400000000
vn -0.0000000237886863 0.0000000004600588 0.0000001840147258
v 0.3929843600000000 -0.0438991800000000 -0.0298388100000000
vn -0.0000000932807183 0.0000000017989963 0.0000007191101028
v 0.3936610700000000 -0.0438151500000000 0.0160225200000000
vn -0.0291100018750477 -6.2831065249749756 0.0119418568964817
v 0.3804932700000000 -0.0437568800000000 0.0145852600000000
vn -0.0145519814678773 -3.1415532776408233 0.0059703156422504
v 0.3474030600000000 -0.0436910500000000 -0.0314370100000000
vn -0.0145558460987152 -3.1415532566128901 0.0059719593587547
v 0.3622595800000000 -0.0436569300000000 0.0227259900000000
vn 0.0145540790656750 3.1415526088863723 -0.0059714290642725
v 0.3546320100000000 -0.0435814300000000 0.0438572800000000
vn 0.0145544277190300 3.1415525150498143 -0.0059707643079964
v 0.3808769600000000 -0.0437092300000000 0.0405878900000000
vn 0.0291074980999737 6.2831065334797094 -0.0119434856838212
v 0.3788304600000000 -0.0438320200000000 -0.0290046300000000
vn 0.0291074911533378 6.2831065339137151 -0.0119432741009438
v 0.3736733400000000 -0.0438157400000000 -0.0330071900000000
vn -0.8289923987418141 0.1153837359080490 0.0120205964399948
v 0.3411258600000000 -0.0435651700000000 0.0194893500000000
vn -0.8289933041421793 0.1153829166779644 0.0120208417680017
v 0.3403584800000000 -0.0436604600000000 -0.0325158900000000
vn -1.7809629782777376 0.0033318862679802 -2.5880053006185872
v 0.3113702000000000 -0.0144654600000000 -0.0418354900000000
vn -0.9383838372518742 3.0297759592733482 -2.6055076900842056
v 0.3112722700000000 -0.0356041300000000 -0.0417953100000000
vn -1.7809623501056466 0.0033325651339283 -2.5880051593547626
v 0.3276962500000000 0.0232569100000000 -0.0530218600000000
vn -0.9383821458383347 3.0297754956930762 -2.6055084576207923
v 0.3274024500000000 -0.0401590900000000 -0.0529013300000000
vn -0.0000000000126378 0.0000000127145502 -0.0000000048755633
v 0.3040495600000000 -0.0332220400000000 0.0208467100000000
vn -0.0000000093218447 0.0000008611064243 -0.0000009042236550
v 0.3034879700000000 -0.0332917800000000 -0.0172126300000000
vn -0.4677034229452579 0.0054662318036395 3.1065786916304887
v 0.3536507700000000 0.0242241700000000 0.0472006900000000
vn -0.4677034412347330 0.0054647385252838 3.1065781864906250
v 0.3207704900000000 -0.0140500600000000 0.0423178200000000
vn -1.3112523770361908 -3.0207045890338655 3.1245707060715939
v 0.3136251500000000 -0.0357697600000000 0.0412802800000000
vn -1.3112513506763106 -3.0207042083413373 3.1245709244043858
v 0.3322147500000000 -0.0409349400000000 0.0440880800000000
vn -0.4677012944432863 0.0054647679351835 3.1065782308934744
v 0.3486548800000000 -0.0217978300000000 0.0465295100000000
vn 0.4676756754568662 -0.0106775991935269 -3.1065693406752017
v 0.3534257500000000 -0.0243467800000000 0.0472930100000000
vn 0.9432298587950142 -0.0187837754051660 -6.2119491371890270
v 0.3627440300000000 -0.0218590000000000 0.0486872700000000
vn 0.4676751102924588 -0.0106788747766063 -3.1065694213727655
v 0.3209015500000000 0.0142393900000000 0.0422640500000000
vn 0.9432275107576551 -0.0187820360493229 -6.2119495098394459
v 0.3488564100000000 0.0217027500000000 0.0464468400000000
vn 1.7554958180446292 -0.0085824879866797 -0.2363462818900504
v 0.3697886100000000 -0.0218895800000000 0.0497661500000000
vn 0.4755528128549708 -0.0081048426020476 -3.1053819585666762
v 0.3489571700000000 0.0434530400000000 0.0464055000000000
vn 0.4755554535665888 -0.0081055948949054 -3.1053815363588679
v 0.3630463300000000 0.0433918700000000 0.0485632500000000
vn 1.7554964886539208 -0.0085821122818324 -0.2363465897393224
v 0.3699901400000000 0.0216110000000000 0.0496834700000000
vn 1.2799409857738966 -0.0004779043049975 2.8690338522981742
v 0.3981995900000000 -0.0118495100000000 0.0370930300000000
vn 1.2799427056572825 -0.0004769129469671 2.8690334928721262
v 0.3980988200000000 -0.0335998000000000 0.0371343700000000
vn 1.2799421354720801 -0.0004760041834183 2.8690337094867671
v 0.3794604600000000 0.0249576900000000 0.0454591000000000
vn 1.2799418813322001 -0.0004760029649530 2.8690338607735404
v 0.3791581700000000 -0.0402931800000000 0.0455831200000000
vn -1.2807627447335543 0.0004810924104784 -2.8686675715152949
v 0.3880223000000000 -0.0219895300000000 0.0416254300000000
vn -1.2807636575849626 0.0004814572252383 -2.8686676222806922
v 0.3941001900000000 -0.0220228400000000 0.0389118500000000
vn -1.2807610266852043 0.0004807200016651 -2.8686666544860993
v 0.3760680300000000 0.0215776800000000 0.0469699000000000
vn -1.2807609071668979 0.0004815298882243 -2.8686679307314265
v 0.3943017200000000 0.0214777400000000 0.0388291700000000
vn -0.0000000021330889 0.0000031539161080 0.0000002635641507
v 0.4108839100000000 -0.0262907300000000 -0.0201695700000000
vn -0.0000000569474053 0.0000000459946616 0.0000009201926683
v 0.4086740700000000 -0.0289323200000000 0.0152168000000000
vn 1.9260647503923531 -0.0136543302248344 -2.4818725756375613
v 0.3915954500000000 0.0260720300000000 -0.0539699000000000
vn 1.9260646567898747 -0.0136544180988218 -2.4818736986195358
v 0.3867597400000000 0.0213292200000000 -0.0576965700000000
vn 1.9260670269225044 -0.0136520880020986 -2.4818725707318632
v 0.4051910300000000 -0.0079559500000000 -0.0432318100000000
vn 1.9260655404035036 -0.0136524820928851 -2.4818701023179814
v 0.4071531200000000 -0.0297127500000000 -0.0415894400000000
vn 1.9260659331694183 -0.0136517863518801 -2.4818713815930060
v 0.3974817000000000 -0.0391983800000000 -0.0490428000000000
vn 1.9260661936342678 -0.0136528922426179 -2.4818723794549729
v 0.3906839100000000 -0.0221843900000000 -0.0544118400000000
vn -1.9260652551574444 0.0136276045745163 2.4818708893028383
v 0.3913498400000000 -0.0269443200000000 -0.0538691300000000
vn -1.9260647496520660 0.0136275791007527 2.4818711858206832
v 0.3865582100000000 -0.0221713600000000 -0.0576139000000000
vn -1.9260653261912259 0.0136279513967851 2.4818732112064401
v 0.4052603100000000 0.0069973300000000 -0.0432602300000000
vn -1.9260668347592285 0.0136283867517117 2.4818719860307294
v 0.4074239200000000 0.0287411000000000 -0.0417005400000000
vn -1.9260652271655860 0.0136276180753178 2.4818711477317290
v 0.3978406800000000 0.0382870100000000 -0.0491900700000000
vn -1.9260657629661768 0.0136278596438704 2.4818728517789173
v 0.3908854400000000 0.0213161900000000 -0.0544945200000000
vn -0.0463513237518454 -0.0057556674212012 -3.1412451389809553
v 0.3478000700000000 -0.0210559300000000 -0.0586754900000000
vn -0.0463513270958004 -0.0057547900881945 -3.1412454278449493
v 0.3476993100000000 -0.0428062200000000 -0.0586341500000000
vn -0.0463512657829832 -0.0057557662108725 -3.1412454365754323
v 0.3724651300000000 0.0217053700000000 -0.0591177900000000
vn -0.0463512787856744 -0.0057567505054727 -3.1412454496217204
v 0.3721628400000000 -0.0435455000000000 -0.0589937700000000
vn 0.0609050922074252 3.1473085334421755 3.1352736150858900
v 0.3736927100000000 0.0431377800000000 -0.0591751700000000
vn 0.0609069492690308 3.1473073597786119 3.1352749355315752
v 0.3514828000000000 0.0432412900000000 -0.0588476400000000
vn 0.0926986989280497 0.0115117064587610 6.2824909101510737
v 0.3402770900000000 0.0215427600000000 -0.0586425300000000
vn 0.0927049018508806 0.0115120740024300 6.2824908179414658
v 0.3380178000000000 0.0209552800000000 -0.0586081200000000
vn 0.0463593542175620 0.0057558364867631 3.1412452490861416
v 0.3368881500000000 0.0206615400000000 -0.0585909100000000
vn 0.0145540798604326 3.1415532657908374 -0.0059714359813093
v 0.3550350700000000 0.0434197300000000 0.0436919200000000
vn 0.0145549497967542 3.1415526049690965 -0.0059708450509845
v 0.3812800100000000 0.0432919300000000 0.0404225300000000
vn 0.0000000409417262 -0.0000000017901912 -0.0000008420897977
v 0.3940641300000000 0.0431860100000000 0.0158571600000000
vn 0.0000004640595973 -0.0000000036013004 -0.0000007636721965
v 0.3933874100000000 0.0431019800000000 -0.0300041700000000
vn 0.0291046943747604 6.2831065443745926 -0.0119445864994040
v 0.3802649400000000 0.0431658800000000 -0.0283694700000000
vn 0.0291054300057284 6.2831065417870766 -0.0119441538175982
v 0.3782020900000000 0.0431723900000000 -0.0299705000000000
vn 0.0291101012951768 6.2831065268932047 -0.0119406059882224
v 0.3740763900000000 0.0431854200000000 -0.0331725500000000
vn -0.0145536178090076 -3.1415540198698668 0.0059706729213908
v 0.3535456500000000 0.0432347800000000 -0.0572466100000000
vn -0.0291098372852680 -6.2831065262939809 0.0119415644162015
v 0.3538840100000000 0.0432767900000000 -0.0343159500000000
vn -0.0145542273225631 -3.1415532630430159 0.0059715718954422
v 0.3798812500000000 0.0431182300000000 -0.0543721000000000
vn -0.0291096769520557 -6.2831065274416842 0.0119413513279243
v 0.3808963300000000 0.0432442800000000 0.0144199000000000
vn -0.0145563139157706 -3.1415532549087968 0.0059717155398824
v 0.3478061100000000 0.0433101100000000 -0.0316023700000000
vn -0.0145563240470445 -3.1415532548587759 0.0059717171572323
v 0.3626626400000000 0.0433442300000000 0.0225606300000000
vn -1.5807961226537646 6.0810079388875558 0.0290460001147081
v 0.3291839600000000 0.0402654300000000 -0.0340411000000000
vn -0.7904000828804464 3.0405041830108290 0.0145219563517242
v 0.3280543200000000 0.0399716900000000 -0.0340238900000000
vn -0.8527722689131091 -3.0236035495094620 0.0143763088379606
v 0.3276832500000000 -0.0401242300000000 -0.0338716600000000
vn -1.7055454590046040 -6.0472064391162865 0.0287502057851570
v 0.3288100600000000 -0.0404421100000000 -0.0338877000000000
vn -1.6963213723459369 -6.0497734739300721 0.0323662770740041
v 0.3310636800000000 -0.0410778700000000 -0.0339197900000000
vn 0.8425780982264190 3.0264434878578479 -0.0175032648771142
v 0.3399990400000000 -0.0432472900000000 0.0195054000000000
vn 0.8425780683123505 3.0264430967376104 -0.0175033664983756
v 0.3319339500000000 -0.0409698100000000 0.0250584100000000
vn 0.8425772277798980 3.0264439390835971 -0.0175041108168687
v 0.3369780500000000 -0.0427068100000000 -0.0324677600000000
vn 0.8425771966557112 3.0264425487826396 -0.0175031523879263
v 0.3127827600000000 -0.0358743700000000 -0.0158087300000000
vn -0.0291089472266022 -6.2831065333130720 0.0119400409580217
v 0.3620547400000000 -0.0546651100000000 -0.0190165300000000
vn -0.0291102063236911 -6.2831065329698195 0.0119371519717307
v 0.3632231200000000 -0.0546653900000000 -0.0163146900000000
vn -0.0291076630003003 -6.2831065332427123 0.0119432056456592
v 0.3655598600000000 -0.0546659500000000 -0.0109109900000000
vn -0.0291100804659616 -6.2831065153806147 0.0119467094565595
v 0.3633835800000000 -0.0546454600000000 -0.0054402100000000
vn -0.0291062392874066 -6.2831065412069691 0.0119424877744857
v 0.3622954400000000 -0.0546352200000000 -0.0027048300000000
vn 0.0291092213204751 6.2831065323533046 -0.0119398777741314
v 0.3667282400000000 -0.0546662200000000 -0.0082088800000000
vn 0.0291078494622827 6.2831065357118341 -0.0119414541176392
v 0.3655598700000000 -0.0546659400000000 -0.0109107300000000
vn 0.0291072717935009 6.2831065342248236 -0.0119436437807145
v 0.3632231200000000 -0.0546653900000000 -0.0163144200000000
vn 0.0291045665446104 6.2831065440272420 -0.0119450770237396
v 0.3577533000000000 -0.0546441300000000 -0.0184635400000000
vn 0.0291020145157133 6.2831065577291305 -0.0119440841156433
v 0.3550183900000000 -0.0546335100000000 -0.0195380900000000
vn 0.0291072545262211 6.2831065376603199 -0.0119418791616788
v 0.3647339700000000 -0.0437907200000000 -0.0129577800000000
vn -0.0291061854876574 -6.2831065407100564 0.0119428810286917
v 0.3626893100000000 -0.0437902400000000 -0.0176862800000000
vn -0.0291081529581249 -6.2831065314986123 0.0119429317604214
v 0.3656102500000000 -0.0437909300000000 -0.0109316600000000
vn 0.0145527568509255 3.1415532113644353 -0.0059705835728293
v 0.2415487000000000 -0.0758755900000000 0.0000946700000000
vn 1.2929942239080170 3.1410849032544990 2.8637329081930245
v 0.2419863300000000 -0.0758212500000000 0.0297535600000000
vn 0.0145527530490586 3.1415527498119360 -0.0059705784550333
v 0.2039352700000000 -0.0757829700000000 -0.0428564200000000
vn 0.0145542467134268 3.1415532749083774 -0.0059714632322605
v 0.1855661900000000 -0.0756823200000000 -0.0346730800000000
vn 0.0145553864338957 3.1415525970464033 -0.0059706183301176
v 0.1864414600000000 -0.0755736300000000 0.0246447000000000
vn 1.2929924930822725 3.1410845052816079 2.8637323261303491
v 0.2052481800000000 -0.0756199400000000 0.0461202500000000
vn 2.6556835026756320 -0.0590687984796808 5.6940559895883283
v 0.2048848100000000 -0.0374723900000000 0.0463004900000000
vn 2.6062602700901532 -0.0299920493289425 5.7167410820011861
v 0.2054245200000000 -0.0375568700000000 0.0460479000000000
vn 1.3278608866360386 -0.0295453872071736 2.8470189561936654
v 0.2038054100000000 -0.0373034300000000 0.0468056800000000
vn -0.0015362814841759 0.0000079571303020 0.0006848999228118
v 0.2608844200000000 0.0382673100000000 0.0213531800000000
vn -0.0015367101741595 0.0000089363103422 0.0006850903027876
v 0.2605317500000000 -0.0378588300000000 0.0214978700000000
vn -1.2799756884593876 0.0004760570522759 -2.8690183706996297
v 0.2414466300000000 -0.0757367700000000 0.0300061500000000
vn -2.5599510680893927 0.0009538012372882 -5.7380368788992095
v 0.2416225900000000 -0.0377551900000000 0.0299339600000000
vn -1.2799760696260081 0.0004775679545153 -2.8690192580204430
v 0.2036290700000000 -0.0753665000000000 0.0468780200000000
vn -1.1362167003968333 -0.0061540942691191 -6.0073133152261571
v 0.1848962500000000 -0.0371998000000000 0.0552417700000000
vn -1.1362167003968293 -0.0061540942691184 -6.0073133152261589
v 0.1852481700000000 0.0387633500000000 0.0550973900000000
vn -2.5599497427360736 0.0009538257144314 -5.7380374701836123
v 0.2041569500000000 0.0385782200000000 0.0466614500000000
vn -1.2799761735978850 0.0004765222505099 -2.8690181492838800
v 0.2043332900000000 0.0766412900000000 0.0465891100000000
vn -1.2799749232823165 0.0004772595246673 -2.8690187138835119
v 0.2421516000000000 0.0764340200000000 0.0297169300000000
vn -0.0000000115506808 -0.0000000912047237 0.0000000736043462
v 0.2707955400000000 0.0380970800000000 -0.0440519200000000
vn 3.1060987918743455 -0.0134951927994841 0.4707162518323307
v 0.2630095300000000 -0.0379013900000000 0.0051465900000000
vn 3.1060986401266746 -0.0134954355502807 0.4707159415918147
v 0.2628331900000000 -0.0759644600000000 0.0052189400000000
vn 3.1060986850103527 -0.0134954433834672 0.4707156605363803
v 0.2677887500000000 -0.0760495700000000 -0.0274836100000000
vn -0.0000000112195234 -0.0000000885898955 0.0000000714941108
v 0.2704428700000000 -0.0380290600000000 -0.0439072300000000
vn -3.1060991684787540 0.0134948388089015 -0.4707162328621455
v 0.2633622000000000 0.0382247600000000 0.0050019000000000
vn -3.1060986743393730 0.0134953447056099 -0.4707157337797580
v 0.2635385400000000 0.0762878300000000 0.0049295600000000
vn -3.1060986519434914 0.0134952868997338 -0.4707158678782759
v 0.2684941000000000 0.0762027100000000 -0.0277729900000000
vn 1.3633093101219604 -0.0116957439466151 -2.8303456118482986
v 0.2379325300000000 0.0382192400000000 -0.0598817500000000
vn 1.3169582566116502 -0.0174510359725477 -5.9715909071249431
v 0.2269781900000000 0.0382599600000000 -0.0651583600000000
vn 1.3633093101219620 -0.0116957439466149 -2.8303456118483021
v 0.2594885300000000 -0.0379883400000000 -0.0491838400000000
vn 1.3633100862596381 -0.0116957369579964 -2.8303450690164724
v 0.2593121900000000 -0.0760514100000000 -0.0491114900000000
vn 1.3633100877850455 -0.0116952346170930 -2.8303450763218301
v 0.2374035200000000 -0.0759699700000000 -0.0596647200000000
vn 1.3169593433653159 -0.0174510199069681 -5.9715906301642345
v 0.2266255200000000 -0.0378661800000000 -0.0650136700000000
vn -0.0463512677896636 -0.0057560234650378 -3.1412456983024448
v 0.1333217500000000 -0.0297638600000000 -0.0636517600000000
vn -0.0927022687442025 -0.0115118206303024 -6.2824908572721689
v 0.1451063800000000 -0.0298187900000000 -0.0638255500000000
vn -0.0463509817027977 -0.0057560324308614 -3.1412461116307000
v 0.1644512500000000 0.0411072000000000 -0.0642409500000000
vn -0.0000000801453220 -0.0000000091414425 0.0000000011993582
v 0.1918006300000000 0.0764878100000000 -0.0647093400000000
vn -0.0000006483108085 0.0000005547953002 0.0000000085496823
v 0.2153699000000000 0.0763779600000000 -0.0650569200000000
vn -0.0927027849203286 -0.0115108841854480 -6.2824908513717848
v 0.1998051500000000 0.0409424300000000 -0.0647623200000000
vn -0.0463515075180796 -0.0057558320603158 -3.1412453513509089
v 0.1449300400000000 -0.0678818600000000 -0.0637532000000000
vn -0.0463509742389684 -0.0057553003304049 -3.1412453601941071
v 0.1992761300000000 -0.0732467900000000 -0.0645452900000000
vn 0.0463511553471905 0.0057554644634715 3.1412449403799791
v 0.1956350500000000 -0.0377217400000000 -0.0645566500000000
vn 0.0927036576851506 0.0115117037570317 6.2824908369917081
v 0.1838504100000000 -0.0376668100000000 -0.0643828600000000
vn 0.0463510114549705 0.0057557642615652 3.1412459194813005
v 0.2166480300000000 0.0383081100000000 -0.0650060200000000
vn 0.0927034529209857 0.0115116863654256 6.2824908400450745
v 0.1812941400000000 0.0384728900000000 -0.0644846500000000
vn 0.0463484343272679 0.0057543255974543 3.1412457161642258
v 0.1684388900000000 -0.0400284200000000 -0.0641511300000000
vn 0.0463522634356934 0.0057561074821437 3.1412466795729488
v 0.1646044700000000 0.0741811300000000 -0.0643038100000000
vn 0.0463522634356917 0.0057561074821427 3.1412466795729461
v 0.1337814200000000 0.0694579200000000 -0.0638403400000000
vn 0.0463484352344263 0.0057543250135594 3.1412452564891340
v 0.1350595600000000 0.0313880700000000 -0.0637894500000000
vn -0.1430208755012387 0.0076907003923952 3.1383260423163422
v 0.1839844600000000 -0.0371956800000000 0.0551873400000000
vn -0.2867784111267468 0.0143223865705449 6.2766208222452438
v 0.1399687300000000 -0.0439287300000000 0.0531979500000000
vn -0.1430195915201915 0.0076914494896369 3.1383266492693669
v 0.1825128100000000 0.0387757100000000 0.0549340900000000
vn 0.3320616783115973 -3.0977727923677394 3.1374050366452009
v 0.1377612600000000 0.0700283500000000 0.0528180800000000
vn 0.3320622668524332 -3.0977718292548269 3.1374062897495825
v 0.0497297900000000 0.0565622400000000 0.0488393100000000
vn -0.2867791788856119 0.0143201719459133 6.2766207917722001
v 0.0504656200000000 0.0185765400000000 0.0489659300000000
vn -0.0000001817669914 -0.0000010286602574 -0.0000000061534159
v 0.1398563800000000 -0.0681802800000000 0.0532440400000000
vn -0.1437589974017515 0.0066316502701088 3.1382947237265806
v 0.0056017100000000 0.0255776400000000 0.0468960100000000
vn -0.1437592461657891 0.0066304348493411 3.1382955773561654
v 0.0053770100000000 -0.0229254500000000 0.0469882000000000
vn 0.0000000163408113 -0.0000000097260709 0.0000000007690931
v 0.0501285600000000 -0.0541780900000000 0.0491042100000000
vn 0.1868480405300744 -0.0694709877630107 -3.1352615172280074
v 0.1376489000000000 0.0457768100000000 0.0528641800000000
vn 0.3736969968503964 -0.1389437449273848 -6.2705233270156144
v 0.1385606900000000 0.0457726900000000 0.0529186100000000
vn 0.3306082271459012 -0.0761036114601498 -6.2735563439299433
v 0.1403842600000000 0.0457644500000000 0.0530274700000000
vn 0.0145544537808835 3.1415537535598199 -0.0059714755024614
v 0.2407995700000000 0.0763834700000000 -0.0001732600000000
vn 0.0145539042107059 3.1415532674521796 -0.0059709900103545
v 0.2412398200000000 0.0764381400000000 0.0296624900000000
vn 0.0145542490432730 3.1415527714897844 -0.0059701763783425
v 0.2002771900000000 0.0764896500000000 -0.0430814500000000
vn -0.4605455989491585 6.2470132525508308 -0.0046505147006226
v 0.1804562500000000 0.0765974100000000 -0.0346997900000000
vn -0.4605451299272035 6.2470135700609912 -0.0046514066925668
v 0.1813367400000000 0.0767067400000000 0.0249717200000000
vn 0.0145538066080613 3.1415532694104544 -0.0059701709938186
v 0.2015979300000000 0.0766536500000000 0.0464258100000000
vn -0.4750995595403225 3.1054603486930921 0.0013209100501554
v 0.0488693600000000 0.0564553900000000 -0.0094728300000000
vn -0.4751000348034513 3.1054605574538749 0.0013193562561210
v 0.0484291100000000 0.0564007200000000 -0.0393085800000000
vn -0.4750996037305275 3.1054596812707667 0.0013194149913513
v 0.1374744400000000 0.0699927400000000 0.0333807100000000
vn -0.4750999960752491 3.1054601231113717 0.0013196102336120
v 0.1361537000000000 0.0698287300000000 -0.0561265600000000
vn 0.4750823392420471 -3.1054625384019428 -0.0009204876618221
v 0.1342216700000000 0.0695125900000000 -0.0340045900000000
vn 0.4750825109372490 -3.1054628856158235 -0.0009203022432118
v 0.0902059400000000 0.0627795300000000 -0.0359939800000000
vn 0.4750826322832338 -3.1054633779940750 -0.0009213260437685
v 0.1659252100000000 0.0743451400000000 0.0252034500000000
vn 0.4750823624849317 -3.1054632898008476 -0.0009204275191249
v 0.0338780200000000 0.0541459600000000 0.0192352900000000
vn -0.4847887433995300 -3.1039379967665655 0.0124675260618326
v 0.1395695700000000 -0.0682158900000000 0.0338066600000000
vn -0.9700658755223803 -6.2077977926972130 0.0252199852828359
v 0.1679794600000000 -0.0726858800000000 0.0256461800000000
vn -0.4847888970942551 -3.1039376082664361 0.0124679722784282
v 0.0492681300000000 -0.0542849300000000 -0.0092079300000000
vn -0.0000210845232805 0.0000029905608174 -0.0000750578248763
v 0.0325273000000000 -0.0517894400000000 -0.0388757100000000
vn -0.0000210045376098 0.0000029794391825 -0.0000747350021004
v 0.0893471000000000 -0.0607294100000000 -0.0551966800000000
vn -0.9700648689126461 -6.2077979601624618 0.0252173898612808
v 0.1344978200000000 -0.0676948900000000 -0.0336893800000000
vn -0.4852729301643730 -3.1038614967758251 0.0127492682897141
v 0.1848223500000000 -0.0753201900000000 0.0254024800000000
vn -0.4852749109735134 -3.1038605289024934 0.0127504674248639
v 0.1345998900000000 -0.0678337200000000 -0.0636008600000000
vn -0.4852743155696938 -3.1038594050144872 0.0127491920258684
v 0.1682856600000000 -0.0731023500000000 -0.0640882700000000
vn -0.4852765162802894 -3.1038609389592393 0.0127492463575848
v 0.1850264800000000 -0.0755978400000000 -0.0344204900000000
vn 0.4847685811441053 3.1039395877777589 -0.0125447165056164
v 0.1695985800000000 -0.0729393200000000 0.0248884000000000
vn 0.9696717445307035 6.2078587116985169 -0.0253853988113754
v 0.1411886800000000 -0.0684693300000000 0.0330488900000000
vn 0.4847680302786369 3.1039414492935884 -0.0125429902383222
v 0.1350375200000000 -0.0677793700000000 -0.0339419700000000
vn 0.9696718389312805 6.2078586961354558 -0.0253855902329989
v 0.0498078300000000 -0.0543694100000000 -0.0094605200000000
vn 0.4849039026543238 3.1039176708873155 -0.0128429213318661
v 0.1414754900000000 -0.0684337100000000 0.0524862700000000
vn 0.4849038138502137 3.1039189856532730 -0.0128420642174159
v 0.0044042200000000 -0.0472838300000000 -0.0112778400000000
vn 0.4849030713163900 3.1039173850390815 -0.0128409989275646
v 0.0049778400000000 -0.0472126100000000 0.0275969100000000
vn 0.4849034776043986 3.1039177523193722 -0.0128433752791845
v 0.0506682700000000 -0.0542625600000000 0.0488516200000000
vn -0.0291085934574472 -6.2831065287419907 0.0119433077734283
v 0.3645670300000000 0.0431589100000000 -0.0134953100000000
vn 0.0291091283242219 6.2831065275240432 -0.0119426453096324
v 0.3651512200000000 0.0431587700000000 -0.0121443800000000
vn 0.0291068426363521 6.2831065358533058 -0.0119438346221168
v 0.3568529800000000 0.0431856200000000 -0.0182421500000000
vn 0.0291074726579876 6.2831065379657574 -0.0119411863065270
v 0.3652016000000000 0.0540337800000000 -0.0121650500000000
vn 0.0291071570084427 6.2831065393038790 -0.0119412515676773
v 0.3582709100000000 0.0540553400000000 -0.0177187300000000
vn 0.0291052484142465 6.2831065439062801 -0.0119434829930875
v 0.3555358000000000 0.0540659400000000 -0.0188069100000000
vn -0.0291092660577566 -6.2831065332695095 0.0119392867101994
v 0.3631569500000000 0.0540342700000000 -0.0168932900000000
vn -0.0291059348166413 -6.2831065453434238 0.0119410525800458
v 0.3660778800000000 0.0540335700000000 -0.0101386700000000
vn -0.0291066923148976 -6.2831065332391134 0.0119455746656493
v 0.3633575100000000 0.0540591700000000 -0.0033008500000000
vn 0.0000000000000000 -0.0000000000000000 -0.0000000000000000
v 0.2632367600000000 0.0110912000000000 0.0050532100000000
vn 0.0000000000000000 -0.0000000000000000 0.0000000000000000
v 0.2631360000000000 -0.0106588200000000 0.0050945500000000
vn 0.0000000000000000 -0.0000000000000000 -0.0000000000000000
v 0.3034117200000000 0.0108264300000000 -0.0363262200000000
vn 0.0000000000000000 0.0000000000000000 0.0000000000000000
v 0.3033109600000000 -0.0109235900000000 -0.0362848800000000
vn 0.0463512243372587 0.0057562266265437 3.1412464155393787
v -0.1305769000000000 0.0652935600000000 -0.0599319200000000
vn 0.8317218414275102 -0.0036643123343241 0.0994208548148428
v -0.1086489100000000 0.0629348100000000 -0.0602511600000000
vn 0.0463517330561229 0.0057539637002202 3.1412448796617856
v -0.1746218300000000 0.0292289800000000 -0.0592159200000000
vn 0.0463511994188557 0.0057562302229129 3.1412444284983621
v -0.1747163000000000 0.0088379300000000 -0.0591771700000000
vn 0.0463511837844787 0.0057562531698808 3.1412446225742472
v -0.1308603000000000 0.0041204300000000 -0.0598156500000000
vn 0.8317220808946864 -0.0036642606731354 0.0994172951894614
v -0.1088378400000000 0.0221527300000000 -0.0601736500000000
vn 0.8830790743867722 3.0148682396299664 -0.0185552914066803
v -0.0801509300000000 0.0750515300000000 -0.0529307700000000
vn 0.8830789932222549 3.0148686375302924 -0.0185537580418617
v -0.0233439200000000 0.0585028800000000 -0.0382124900000000
vn 0.0145552260586730 3.1415530276848971 -0.0059785083223178
v -0.2190266900000000 0.0840080900000000 0.0293836600000000
vn 0.0291105227643604 6.2831064984599152 -0.0119545314984341
v -0.2171645100000000 0.0839994100000000 0.0293561900000000
vn 0.0291093338674765 6.2831065166811495 -0.0119478475959556
v -0.2134401500000000 0.0839820500000000 0.0293012700000000
vn 0.0145541986052038 3.1415530810618968 -0.0059697173091741
v -0.4268217800000000 0.0848461400000000 -0.0361825500000000
vn 0.0145541988892998 3.1415530952777906 -0.0059697080056703
v -0.2146435500000000 0.0838326200000000 -0.0522541300000000
vn -0.0291106784977412 -6.2831065177828167 0.0119439922097667
v -0.1330138400000000 0.0835949000000000 0.0216439300000000
vn -0.0291090374766143 -6.2831065277774858 0.0119427337920924
v -0.1348760200000000 0.0836035800000000 0.0216714000000000
vn -0.0145553538255608 -3.1415528186743438 0.0059720042814206
v -0.1292894800000000 0.0835775400000000 0.0215890100000000
vn -0.0145543614122778 -3.1415532650278051 0.0059710342745399
v -0.2803239200000000 0.0841561300000000 -0.0421355300000000
vn -0.0145541547978430 -3.1415533118170309 0.0059710824956373
v -0.4483552700000000 0.0849986700000000 -0.0084150100000000
vn -0.0002447472747348 0.0000206860634036 -0.0015237792017473
v -0.2148360500000000 0.0131604800000000 -0.0429717700000000
vn -0.3344894842822373 -3.1237169349215370 0.0106587286748851
v -0.2149710400000000 0.0131437200000000 -0.0521197700000000
vn -0.0002448733527796 0.0000206961227220 -0.0015259329166160
v -0.4266435400000000 0.0359580700000000 -0.0086455200000000
vn -0.3344893658639729 -3.1237158534698333 0.0106585537477513
v -0.5326822800000000 0.0473401100000000 -0.0006304000000000
vn -0.3344891060842901 -3.1237157748238786 0.0106601044667166
v -0.5329522500000000 0.0473065900000000 -0.0189264100000000
vn -0.3344895090534509 -3.1237169614778564 0.0106584229335154
v -0.4270485000000000 0.0359077900000000 -0.0360895300000000
vn 0.3342444374069449 3.1237375671291518 -0.0121827129194343
v -0.1103924100000000 0.0020240500000000 -0.0329226800000000
vn 0.3342445839364524 3.1237374700859522 -0.0121835098607317
v -0.1133126100000000 0.0025487700000000 0.0215017300000000
vn -0.0145541404660231 -3.1415527922970341 0.0059703458762047
v -0.0232072900000000 0.0014580800000000 -0.0109188400000000
vn 0.7708169948690055 -3.1509734485037901 -3.0358544357296378
v -0.0236084200000000 0.0014082700000000 -0.0381039700000000
vn -0.0145541453786785 -3.1415537428368054 0.0059703496534733
v -0.0792876100000000 0.0017933100000000 0.0287641400000000
vn 0.7708169988094592 -3.1509732813742866 -3.0358560485161528
v -0.0804910100000000 0.0016438800000000 -0.0527912500000000
vn 0.0463517107332485 0.0057553400798072 3.1412453402754723
v -0.1128170000000000 0.0229896300000000 0.0486481000000000
vn 0.0927030610823141 0.0115104945283514 6.2824908480077708
v -0.1090945300000000 0.0225645200000000 0.0485939500000000
vn 0.0463513274234480 0.0057562324141520 3.1412455518472315
v -0.0787175900000000 0.0630020300000000 0.0480716300000000
vn 0.0463513632319059 0.0057562710832747 3.1412462249945112
v -0.0222529900000000 0.0219558900000000 0.0473136600000000
vn 0.7853707991636230 -0.0094208035098378 -3.0418261626258660
v -0.0802076100000000 0.0628170100000000 -0.0529075200000000
vn 0.7853714266253786 -0.0094201867120806 -3.0418271180205041
v -0.0235139600000000 0.0217993100000000 -0.0381427300000000
vn -0.0000000741692339 0.0000025030182329 0.0000000031035947
v -0.4489765000000000 0.0382665400000000 -0.0357702900000000
vn -0.0000000804229354 -0.0000007819983525 0.0000000085249940
v -0.2807550300000000 0.0202199700000000 -0.0511620500000000
vn -0.0463567814631265 -0.0057551909637611 -3.1412444455554640
v -0.1141806800000000 -0.0189966200000000 0.0487451600000000
vn -0.0927085452999821 -0.0115098537499403 -6.2824907682525151
v -0.1100738500000000 -0.0185807600000000 0.0486837900000000
vn -0.0463526654553496 -0.0057531466944175 -3.1412457400316249
v -0.0799095900000000 -0.0592868100000000 0.0483132800000000
vn -0.0463511289952567 -0.0057562348590032 -3.1412457611047970
v -0.0231210900000000 -0.0187685200000000 0.0474010900000000
vn 0.8558739530323948 -3.0227522053878704 -0.0070906298571524
v -0.0814524800000000 -0.0717058800000000 -0.0523845200000000
vn 1.7117471205079355 -6.0455056277031689 -0.0141811564379484
v -0.0811696700000000 -0.0716707600000000 -0.0332188600000000
vn 0.8558730133635613 -3.0227536774670294 -0.0070898564947190
v -0.0245406700000000 -0.0556272500000000 -0.0372112600000000
vn 1.7117472837660404 -6.0455055805768776 -0.0141815399226160
v -0.0236922600000000 -0.0555218900000000 0.0202857200000000
vn 0.8413198196889385 -6.1643062164346301 -0.0011197596249921
v -0.1095072400000000 -0.0796953800000000 -0.0327860100000000
vn 0.8413197707671775 -6.1643062296179103 -0.0011199197173721
v -0.1087049700000000 -0.0795957600000000 0.0215842500000000
vn -0.8563715108705803 3.0226125404643969 0.0063214446275668
v -0.1082558300000000 -0.0794754800000000 0.0215774000000000
vn -0.0317519246355328 3.0130319663518565 -3.0250996597255706
v -0.0240915200000000 -0.0555069600000000 -0.0372181100000000
vn -0.0317510554939358 3.0130323332986522 -3.0250998713326358
v -0.0801050400000000 -0.0713450200000000 -0.0524050600000000
vn -0.8563715108705789 3.0226125404643982 0.0063214446275672
v -0.1081598100000000 -0.0793345300000000 -0.0328065600000000
vn -0.0145541145738906 -3.1415532646475124 0.0059718407272828
v -0.4275347200000000 -0.0781768200000000 -0.0089940600000000
vn -0.0145541843716115 -3.1415530825364706 0.0059697176115035
v -0.4271335800000000 -0.0781270100000000 0.0181910800000000
vn -0.0145539262801661 -3.1415532400661532 0.0059699058997921
v -0.2157838300000000 -0.0792224000000000 -0.0429787800000000
vn -0.0145541976387263 -3.1415534546186654 0.0059699099408559
v -0.2145804200000000 -0.0790729700000000 0.0385766100000000
vn 0.0145553258187891 3.1415525258274832 -0.0059707523507691
v -0.1148621900000000 -0.0795670700000000 0.0216750500000000
vn 0.0291078047189557 6.2831065335114760 -0.0119427217884865
v -0.1369499900000000 -0.0794641200000000 0.0220007800000000
vn 0.0145537741314928 3.1415540452430042 -0.0059706880022954
v -0.1115596500000000 -0.0796858200000000 -0.0327557500000000
vn 0.0609046609726309 3.1473104689882425 3.1352732110761727
v -0.1319961800000000 -0.0796422500000000 -0.0596454100000000
vn 0.0609056980796409 3.1473069946201333 3.1352766011217144
v -0.1761717800000000 -0.0794363500000000 -0.0589939500000000
vn 0.0291078021360361 6.2831065335322505 -0.0119427171537168
v -0.1778230500000000 -0.0793769800000000 -0.0317785500000000
vn 0.0145541595704474 3.1415532351406892 -0.0059700632721447
v -0.2208638000000000 -0.0790599400000000 0.0301176100000000
vn 0.0145541605314057 3.1415533019193753 -0.0059700693335703
v -0.4295644600000000 -0.0781644400000000 -0.0074280700000000
vn -0.3057760975671371 3.1266763461652229 -0.0012185629192186
v -0.2155825000000000 -0.0085491700000000 -0.0516629400000000
vn -0.6114205911442192 6.2533654280764654 -0.0016063764378685
v -0.2154563400000000 -0.0085335000000000 -0.0431131400000000
vn -0.3057760624343224 3.1266760028311289 -0.0012186963902390
v -0.4276864700000000 -0.0292854700000000 -0.0347364900000000
vn 0.0000001817968834 0.0000000176280162 -0.0000003881381703
v -0.5336123000000000 -0.0396379500000000 -0.0177234500000000
vn 0.0000001533699702 0.0000000148558337 -0.0000003678650324
v -0.5333599900000000 -0.0396066200000000 -0.0006238400000000
vn -0.6114200831092945 6.2533654788101067 -0.0016052108799985
v -0.4273080000000000 -0.0292384700000000 -0.0090870700000000
vn -0.3056441240623525 3.1266894069410580 -0.0003888147977161
v -0.1111827900000000 0.0016608500000000 -0.0329103600000000
vn -0.6122886267917965 3.1340519771810817 3.1261925564512856
v -0.4289602800000000 -0.0293965900000000 0.0181287400000000
vn -0.6122885849983322 3.1340520115686981 3.1261927999237829
v -0.2204131700000000 -0.0090078700000000 0.0385343000000000
vn -0.3056443741538499 3.1266899531810366 -0.0003900395293832
v -0.1144873500000000 0.0013446100000000 0.0215212700000000
vn 0.3057756840270601 -3.1266762316787813 0.0012185677886452
v -0.2142529300000000 -0.0083840700000000 0.0384422600000000
vn 0.6114047049744943 -6.2533663264412818 0.0032785254265371
v -0.2143790900000000 -0.0083997400000000 0.0298924500000000
vn 0.3057762762167188 -3.1266761734650830 0.0012150840919346
v -0.4269068600000000 -0.0291886600000000 0.0180980600000000
vn 0.6114045205682097 -6.2533663444618712 0.0032785329124917
v -0.4272853400000000 -0.0292356600000000 -0.0075513600000000
vn 0.3056285682949196 -3.1266893929635637 0.0020623090409623
v -0.1304254200000000 -0.0001987700000000 0.0217592700000000
vn 0.3056285965232231 -3.1266898261642728 0.0020621636130088
v -0.1754243300000000 -0.0046327500000000 -0.0319509000000000
vn 0.0145537552068850 3.1415537472846422 -0.0059720159880240
v -0.0242761600000000 0.0014673600000000 -0.0373197800000000
vn 0.0145553452968147 3.1415532631523808 -0.0059697394647275
v -0.0238750300000000 0.0015171700000000 -0.0101346500000000
vn 0.0145541918604026 3.1415527822130378 -0.0059713855597283
v -0.0811124000000000 0.0017017700000000 -0.0525240400000000
vn 0.0145535736673970 3.1415527893251571 -0.0059713782024818
v -0.0799089900000000 0.0018512100000000 0.0290313600000000
vn -0.0290984410677169 -6.2831065968640187 0.0119322054864068
v -0.0799324300000000 0.0017327100000000 -0.0333716100000000
vn -0.0291040906448547 -6.2831065621452140 0.0119367048745075
v -0.0794838600000000 0.0017306200000000 -0.0333782200000000
vn -0.0145529775840285 -3.1415532718331187 0.0059709435691532
v 0.0049903600000000 0.0014555100000000 0.0277793300000000
vn -0.8391747695450185 -3.1319687871878457 3.0373926705110414
v -0.0797666600000000 0.0016955000000000 -0.0525438900000000
vn -0.8391750605618333 -3.1319689670526061 3.0373926175410344
v -0.0238275900000000 0.0014652700000000 -0.0373264000000000
vn -0.0145548166689179 -3.1415543055648216 0.0059714983238747
v 0.0044247500000000 0.0013852700000000 -0.0105519900000000
vn -0.0463503971266423 -0.0057543618721696 -3.1412454423516492
v -0.1305647900000000 -0.0611604700000000 -0.0597004000000000
vn -0.0463511040068219 -0.0057552388235486 -3.1412454276648218
v -0.1084664700000000 -0.0589932900000000 -0.0600304400000000
vn -0.0463503971266405 -0.0057543618721680 -3.1412454423516487
v -0.1754707900000000 -0.0249533200000000 -0.0591041200000000
vn -0.0463523050153677 -0.0057567286755802 -3.1412454095170217
v -0.1758254700000000 -0.0046825600000000 -0.0591360300000000
vn -0.0463510232771837 -0.0057551386264983 -3.1412454320342675
v -0.1316288300000000 -0.0003482000000000 -0.0597961200000000
vn -0.0463503971266404 -0.0057543618721685 -3.1412454423516487
v -0.1091758300000000 -0.0184517800000000 -0.0600942600000000
vn 0.0463502716220801 0.0057569882753826 3.1412458841669837
v -0.1303670400000000 -0.0184753900000000 -0.0597815300000000
vn 0.0463516275703687 0.0057547024722737 3.1412453830157583
v -0.1082792400000000 -0.0185783400000000 -0.0601072600000000
vn 0.0463495263779833 0.0057570290393636 3.1412450111191266
v -0.1756287400000000 -0.0590474000000000 -0.0590393200000000
vn 0.0463523494365282 0.0057553814391250 3.1412444431719568
v -0.1093653300000000 -0.0593562400000000 -0.0600165200000000
vn 0.8246192405486528 -0.0095813960158774 -3.0314214002768920
v -0.0798233400000000 -0.0105390200000000 -0.0525206300000000
vn -0.0000009696488969 0.0000009652946095 -0.0000002668197358
v -0.1078300900000000 -0.0184580500000000 -0.0601141100000000
vn 0.8246179993770040 -0.0095837366111054 -3.0314215465939096
v -0.0239976200000000 -0.0352382900000000 -0.0372566400000000
vn 0.0000008827415343 -0.0000000048351151 0.0000002401419872
v -0.1080179000000000 -0.0589953800000000 -0.0600370600000000
vn -0.8246203422670830 0.0095838107606476 3.0314210038873002
v -0.0800483600000000 -0.0591105000000000 -0.0524283100000000
vn -0.8246186964886612 0.0095813878708010 3.0314213885421637
v -0.0239214900000000 -0.0188034000000000 -0.0372878700000000
vn -0.0145537185058618 -3.1415539469024845 0.0059704391917611
v -0.5547592500000000 0.0475792600000000 0.0713844900000000
vn -0.0145540350121800 -3.1415537910629618 0.0059702448768849
v -0.5466038700000000 0.0475412500000000 0.0712642300000000
vn -0.0145539000659097 -3.1415538733904160 0.0059707358755936
v -0.5625182600000000 0.0474913900000000 0.0062405100000000
vn -0.0145538576822094 -3.1415532688785954 0.0059703529322035
v -0.5582423800000000 0.0474094500000000 -0.0264517500000000
vn -0.0145553813802370 -3.1415532449684900 0.0059708828371054
v -0.5419316100000000 0.0473334300000000 -0.0266922900000000
vn -0.0145538388642790 -3.1415532684519523 0.0059706232883447
v -0.5380521000000000 0.0473773600000000 0.0058797000000000
vn 0.0145552919458333 3.1415526685037634 -0.0059711438597257
v -0.5416307600000000 0.0473707800000000 -0.0063040300000000
vn 0.0145530984930889 3.1415525936434623 -0.0059723201775207
v -0.5411293400000000 0.0474330500000000 0.0276774500000000
vn 0.0145544717800214 3.1415525331046656 -0.0059706341482347
v -0.5581421000000000 0.0474219000000000 -0.0196556700000000
vn 0.0145544751390935 3.1415534579640636 -0.0059706371428626
v -0.5566378400000001 0.0476086900000000 0.0822887700000000
vn 0.0000001765471134 0.0000001072200033 -0.0000010419215624
v -0.5332617400000000 0.0718140000000000 0.0003252800000000
vn 0.0145552897139956 3.1415532607388785 -0.0059711449118715
v -0.5414796200000001 0.0799958200000000 -0.0063660400000000
vn 0.0145520705032196 3.1415532736012750 -0.0059722239053570
v -0.5409782000000000 0.0800580900000000 0.0276154400000000
vn 0.0145544972167728 3.1415545899958643 -0.0059706376758037
v -0.5579909600000000 0.0800469400000000 -0.0197176700000000
vn 0.0145544778104680 3.1415523952015896 -0.0059706324823574
v -0.5564866900000000 0.0802337300000000 0.0822267700000000
vn -0.0145536947957839 -3.1415531973627902 0.0059704390297582
v -0.5546081100000000 0.0802043000000000 0.0713224900000000
vn -0.0145540114795884 -3.1415532683656897 0.0059702479039480
v -0.5464527200000000 0.0801662900000000 0.0712022200000000
vn -0.0145540900367549 -3.1415532696111081 0.0059709489932929
v -0.5623671200000000 0.0801164300000000 0.0061785000000000
vn -0.0145538417555824 -3.1415532684471765 0.0059706187524199
v -0.5379009600000000 0.0800024000000000 0.0058176900000000
vn -0.0145542982707471 -3.1415526644734486 0.0059702844562537
v -0.5553132100000000 -0.0719934800000000 0.0716117600000000
vn -0.0145540114795893 -3.1415532683656902 0.0059702479039468
v -0.5471578200000000 -0.0720314900000000 0.0714914900000000
vn -0.0145539422972522 -3.1415527374452301 0.0059706969894748
v -0.5630722200000000 -0.0720813500000000 0.0064677700000000
vn -0.0145540077665664 -3.1415532493070115 0.0059707669441607
v -0.5587963400000000 -0.0721632900000000 -0.0262244900000000
vn -0.0145537794307562 -3.1415520433569011 0.0059703361081309
v -0.5424855600000000 -0.0722393100000000 -0.0264650300000000
vn -0.0145537971919602 -3.1415538702124213 0.0059705749535518
v -0.5386060600000000 -0.0721953800000000 0.0061069700000000
vn 0.0000000009114456 -0.0000003707378877 -0.0000000148515757
v -0.5338156900000000 -0.0477587300000000 0.0005525500000000
vn -0.0000002430714894 0.0000004161711251 0.0000014489020523
v -0.5338912600000000 -0.0640712500000000 0.0005835500000000
vn 0.0000000000000002 0.0000000000000000 0.0000000000000000
v -0.5648326800000000 -0.0474074500000000 0.1097752000000000
vn 0.0000000000000000 -0.0000000000000000 0.0000000000000000
v -0.5649082500000000 -0.0637199700000000 0.1098062000000000
vn -0.0145537081117238 -3.1415532713407370 0.0059709698061595
v -0.5551620600000000 -0.0393684400000000 0.0715497500000000
vn -0.0145539985701526 -3.1415532641272286 0.0059711219405279
v -0.5470066700000000 -0.0394064500000000 0.0714294800000000
vn -0.0145541327438554 -3.1415538027577754 0.0059709409411973
v -0.5629210700000000 -0.0394563100000000 0.0064057700000000
vn -0.0145538555432166 -3.1415520429831241 0.0059703472489201
v -0.5586451900000000 -0.0395382500000000 -0.0262865000000000
vn -0.0145538806975139 -3.1415532507293200 0.0059703283034971
v -0.5423344200000000 -0.0396142700000000 -0.0265270300000000
vn -0.0145538390851525 -3.1415532684545777 0.0059706213682408
v -0.5384549100000000 -0.0395703400000000 0.0060449600000000
vn -5.6015948162300067 2.7795488007903431 -0.6120942209759727
v 0.2425672400000000 0.1180990600000000 0.0014232900000000
vn 0.0000429467172114 0.0000473264351979 -0.0001778000570313
v 0.3651709800000000 0.3661924700000000 0.0058080700000000
vn 0.0000424117921263 0.0000467531691775 -0.0001755112674287
v 0.3274252600000000 0.2832197700000000 -0.0254054200000000
vn -5.6015949226328337 2.7795486259026854 -0.6120940354833880
v 0.2865573500000000 0.2005219700000000 -0.0268670100000000
vn -5.6027615868497982 2.7771354470098419 -0.6123612404211198
v 0.2275919800000000 0.0863853900000000 -0.0055850500000000
vn -5.6027602834756571 2.7771383170775978 -0.6123601671911386
v 0.2416315800000000 0.1053809700000000 -0.0478920300000000
vn -0.0013713616235171 -0.0027980557736311 -0.0001419886385867
v 0.2223433000000000 0.0768483400000000 -0.0007724100000000
vn -2.8019971192546946 1.3871362492615362 -0.3070300302484691
v 0.2434026900000000 0.1053417000000000 -0.0642328800000000
vn -2.8019980582907662 1.3871372539093143 -0.3070273484261754
v 0.2329053100000000 0.0862676000000000 -0.0546076000000000
vn -0.0013717115863070 -0.0027987560413705 -0.0001419668252710
v 0.2258855200000000 0.0767698200000000 -0.0334541100000000
vn 2.8008748967932098 -1.3895003452461869 0.3065827851718040
v 0.2478805700000000 0.1179812700000000 -0.0475992700000000
vn 5.6022908505353426 -2.7785895412572312 0.6100695969620529
v 0.2667534300000000 0.1594676200000000 -0.0319925200000000
vn 2.8008751342144045 -1.3895006449032619 0.3065836875072158
v 0.2883284600000000 0.2004827100000000 -0.0432078600000000
vn 5.6022900112093428 -2.7785907771819596 0.6100716638899156
v 0.3449470300000000 0.3249417500000000 0.0036123700000000
vn 5.6020421754060798 -2.7790238541163346 0.6103724802457660
v 0.2643981600000000 0.1570520300000000 -0.0213078800000000
vn 5.6020421673868235 -2.7790241620230267 0.6103711848570537
v 0.3378812100000000 0.3176949800000000 0.0356662900000000
vn 2.8011536119442346 -1.3890956867177340 0.3058701336348674
v 0.2675994200000000 0.0821599000000000 0.0000455000000000
vn 5.6021970920197353 -2.7787530638269247 0.6101918129679250
v 0.2825610500000000 0.1138736300000000 0.0070537800000000
vn 2.8011528509144554 -1.3890970798359041 0.3058690693144270
v 0.2776104200000000 0.0927429100000000 -0.0435730200000000
vn -0.0004153197469363 -0.0003218156857472 0.0023514589633406
v 0.2975775600000000 0.1297481400000000 -0.0583740100000000
vn -0.0004169725389289 -0.0003242735016902 0.0023554940729988
v 0.3275008100000000 0.1931756000000000 -0.0443574600000000
vn 5.6021973468356618 -2.7787524887537280 0.6101920872813212
v 0.3224953100000000 0.1878841000000000 -0.0225481900000000
vn 5.6019022787718047 -2.7792409852326614 0.6106749297073185
v 0.3014477900000000 0.1553601800000000 0.0226603200000000
vn 5.6019026601032937 -2.7792411203408300 0.6106707939356890
v 0.3791555500000000 0.3123437300000000 0.0242714300000000
vn -0.0002203052483345 -0.0001183258034768 0.0014811433436077
v 0.2990790900000000 0.1529444100000000 0.0333587900000000
vn -0.0002203013793118 -0.0001183283539574 0.0014810964015333
v 0.3720494500000000 0.3050964400000000 0.0563668300000000
vn -5.6016597196090903 2.7793673811091222 -0.6122987875803704
v 0.3770549500000000 0.3103879500000000 0.0345575600000000
vn -5.6016605153191916 2.7793662388388332 -0.6122966754020062
v 0.3140956000000000 0.1688189200000000 -0.0320690100000000
vn -5.6011707055954716 2.7800587728446198 -0.6136448226716831
v 0.3741060600000000 0.3050506100000000 0.0372620600000000
vn -5.6011700194176370 2.7800593400443914 -0.6136485520623656
v 0.3052489300000000 0.1528069000000000 -0.0239555000000000
vn -2.8010785494450752 1.3894661836849544 -0.3048675253257362
v 0.2687637500000000 0.0767308800000000 -0.0354595200000000
vn -2.8010794574500961 1.3894665829462491 -0.3048672858862734
v 0.2646505300000000 0.0768225600000000 0.0027500100000000
vn -2.8001930883608250 1.3907288071735662 -0.3072264667682512
v 0.3960701200000000 0.4322427800000000 0.0787015300000000
vn -2.8001937980853029 1.3907305163610453 -0.3072245750449334
v 0.3902148700000000 0.4188110400000000 0.0712669700000000
vn -2.8001924615649343 1.3907301508349512 -0.3072249672702883
v 0.4041324600000000 0.4468460500000000 0.0713229000000000
vn -2.8001936332221922 1.3907312089304908 -0.3072268375951331
v 0.3865667000000000 0.4065508300000000 0.0490192200000000
vn 2.8013370500525552 -1.3888416003118036 0.3053552014975818
v 0.3866355000000000 0.4102384000000000 0.0654213800000000
vn 2.8013368993008823 -1.3888414193274479 0.3053557429876647
v 0.3867970600000000 0.4114690100000000 0.0695363800000000
vn 2.8013357752570665 -1.3888407376680818 0.3053583134769050
v 0.4009875900000000 0.4395112600000000 0.0668961800000000
vn 2.8013350414883194 -1.3888405507744483 0.3053549915019403
v 0.4014722600000000 0.4432030800000000 0.0792412100000000
vn -0.9202405434281167 -1.2530297801146282 2.7299602925399626
v 0.4007831500000000 0.3939247100000000 0.0711021100000000
vn -0.9202403380632004 -1.2530299107298390 2.7299593704132041
v 0.3949536900000000 0.4146023300000000 0.0786279300000000
vn -0.9202405044678583 -1.2530292390737978 2.7299583744084241
v 0.3888940800000000 0.4176063500000000 0.0779641200000000
vn -0.9202410925610358 -1.2530311204270017 2.7299602422514413
v 0.3826043400000000 0.4029367600000000 0.0691106900000000
vn 0.9194892176443465 1.2512860780145043 -2.7310132529839826
v 0.3886636800000000 0.3999190900000000 0.0697609000000000
vn 0.9194901148726595 1.2512856304832347 -2.7310123107926620
v 0.4070721100000000 0.4085533400000000 0.0799147500000000
vn 0.9194887134634167 1.2512858456048548 -2.7310125070639488
v 0.4131317100000000 0.4055493200000000 0.0805785500000000
vn 0.9194914645915773 1.2512858455672040 -2.7310103311986440
v 0.4068425000000000 0.3909070400000000 0.0717523200000000
vn 2.8013351956630581 -1.3888411187962437 0.3053618353731608
v 0.4108739300000000 0.3982223200000000 0.0680766000000000
vn 2.8013361208568552 -1.3888418683512469 0.3053608421113351
v 0.4110354800000000 0.3994529300000000 0.0721916100000000
vn 2.8013352011725132 -1.3888425132648499 0.3053554733557326
v 0.4252260100000000 0.4274951800000000 0.0695514100000000
vn 2.8013350418038221 -1.3888397685737086 0.3053562871954599
v 0.4257106800000000 0.4311870000000000 0.0818964400000000
vn -2.8007510850969028 1.3899982554976902 -0.3054638866767923
v 0.4203077600000000 0.4201857500000000 0.0813159500000000
vn -2.8007490685535701 1.3900002480265599 -0.3054663544701042
v 0.4144525000000000 0.4067540100000000 0.0738814000000000
vn -2.8007494767456871 1.3899980838822228 -0.3054645613560490
v 0.4283706200000000 0.4348163200000000 0.0739645300000000
vn -2.8007492286349267 1.3899996952580016 -0.3054652297281558
v 0.4108048600000000 0.3945211000000000 0.0516608500000000
vn 2.8374252459862830 1.3140755753683127 0.3030253494482908
v 0.4042376400000000 -0.4171494700000000 0.0804633600000000
vn 2.8374268784231798 1.3140745711614870 0.3030256300502716
v 0.3987523300000000 -0.4035844900000000 0.0730011400000000
vn 2.8374252179287431 1.3140766692173587 0.3030264694204014
v 0.4118921100000000 -0.4319897500000000 0.0731447000000000
vn 2.8374268767053672 1.3140748597277279 0.3030260376933315
v 0.3954361800000000 -0.3912948100000000 0.0507580200000000
vn -2.8383301730245516 -1.3139768745740925 -0.2948732310059063
v 0.3953761200000000 -0.3949480800000000 0.0671755300000000
vn -2.8383312796534641 -1.3139777063437086 -0.2948715977718406
v 0.3955125100000000 -0.3961641900000000 0.0712817600000000
vn -2.8383289404777932 -1.3139778739225747 -0.2948689785815852
v 0.4089382700000000 -0.4245892900000000 0.0687154200000000
vn -2.8383290500615264 -1.3139796874891227 -0.2948705322834162
v 0.4093474500000000 -0.4282375900000000 0.0810341300000000
vn -0.8825416069802712 1.2812636414575895 2.7293012682915352
v 0.3913156400000000 -0.4051701100000000 0.0790415200000000
vn -0.8825422472400777 1.2812634050296450 2.7293015606397306
v 0.3974565600000000 -0.4023288600000000 0.0796934200000000
vn -0.8825414123132936 1.2812652874485848 2.7293010680063698
v 0.3915488800000000 -0.3875279400000000 0.0708348600000000
vn 0.8825366795772565 -1.2812650669982395 -2.7293016207599701
v 0.3854079600000000 -0.3903691900000000 0.0701829600000000
vn 0.8825394193367531 -1.2812656523738513 -2.7293000882506080
v 0.3790337900000000 -0.4108526000000000 0.0777377300000000
vn 0.8825398861983418 -1.2812659935479762 -2.7293012300103285
v 0.3728928600000000 -0.4136938400000000 0.0770858300000000
vn 0.8825398861983373 -1.2812659935479789 -2.7293012300103356
v 0.3669851800000000 -0.3988929200000000 0.0682272700000000
vn -2.8360555209551777 -1.3158706855782818 -0.3080224248857792
v 0.3708255800000000 -0.4063128900000000 0.0645541200000000
vn -2.8360568785828635 -1.3158703352271472 -0.3080221395100591
v 0.3709487500000000 -0.4075427900000000 0.0686742000000000
vn -2.8360557625122977 -1.3158696968635197 -0.3080244497355983
v 0.3844140600000000 -0.4359537400000000 0.0660663700000000
vn -2.8360567005012269 -1.3158685373320502 -0.3080206876128778
v 0.3847835700000000 -0.4396434500000000 0.0784266200000000
vn 2.8358871274943236 1.3170606337134094 0.3044768548421066
v 0.3796871000000000 -0.4285142700000000 0.0778419500000000
vn 2.8358870687559499 1.3170599521816087 0.3044772757037644
v 0.3741884300000000 -0.4149494900000000 0.0703799200000000
vn 2.8358844608828289 1.3170605535434097 0.3044768878676660
v 0.3873679000000000 -0.4433542100000000 0.0704956500000000
vn 2.8358868963257553 1.3170581611992429 0.3044765097646955
v 0.3708718800000000 -0.4026598600000000 0.0481095600000000
vn 5.6743983426537676 2.6296412130818978 0.6038278735119205
v 0.2766981500000000 -0.1118745100000000 0.0062765500000000
vn 3.5275873152396691 0.5022644304016766 -2.6531198345908940
v 0.3849091300000000 -0.3458949300000000 0.0084933800000000
vn 3.5275881979812969 0.5022647931089705 -2.6531204901486518
v 0.3493798000000000 -0.2620214100000000 -0.0228682500000000
vn 5.6743977551911469 2.6296417965280177 0.6038308525476193
v 0.3133094800000000 -0.1840146000000000 -0.0236072000000000
vn 2.8371933911041234 1.3148576766073385 0.3018171149748228
v 0.2625768300000000 -0.0797807900000000 -0.0007931600000000
vn 2.8371928643963065 1.3148576121922779 0.3018177236570763
v 0.3174938200000000 -0.1879909200000000 -0.0456187800000000
vn 2.8371920137779800 1.3148570267345223 0.3018178977705456
v 0.2892511800000000 -0.1238034800000000 -0.0597582100000000
vn 2.8371921337119215 1.3148566018649437 0.3018173103880063
v 0.2709455200000000 -0.0877334300000000 -0.0448163300000000
vn -2.8373200142088337 -1.3145762419794937 -0.3018409762348712
v 0.3009570100000000 -0.1539558000000000 -0.0382582200000000
vn -5.6743940757347673 -2.6294585349659756 -0.6046620359943946
v 0.2986655500000000 -0.1514641800000000 -0.0275698800000000
vn -2.8373201567007897 -1.3145760570729896 -0.3018400198796350
v 0.3687682000000000 -0.3098730600000000 0.0033633900000000
vn -5.6743941590436799 -2.6294584734169519 -0.6046615301133146
v 0.3618938100000000 -0.3023981800000000 0.0354284000000000
vn -2.8370746843668257 -1.3148819922075512 -0.3028193714987644
v 0.2648866900000000 -0.0759490000000000 -0.0389971600000000
vn -2.8370740139525124 -1.3148821747198041 -0.3028205855763469
v 0.2605572200000000 -0.0758526400000000 0.0011465600000000
vn 0.6903812187550602 -0.8125199968696417 -2.9551288593966105
v 0.3591176100000000 -0.3578522100000000 0.0057556100000000
vn 0.6903817967492550 -0.8125193435341904 -2.9551299467327405
v 0.3768822800000000 -0.3997889700000000 0.0214364300000000
vn 0.6903816432101701 -0.8125195488207754 -2.9551294342208227
v 0.3407826300000000 -0.2660071700000000 -0.0237808400000000
vn 0.6903815620552358 -0.8125197004182297 -2.9551297555074916
v 0.3940766200000000 -0.3918174500000000 0.0232616100000000
vn -2.8370801199881641 -1.3146353363922292 -0.3038193895478846
v 0.2225623000000000 -0.0831411000000000 -0.0063557300000000
vn -5.6741330100502383 -2.6294824364661840 -0.6070039966921936
v 0.2366703200000000 -0.1152211400000000 0.0007141600000000
vn -2.8370814406203024 -1.3146359335876512 -0.3038191181705119
v 0.2347166400000000 -0.0994831700000000 -0.0491409500000000
vn 0.0003890047964639 -0.0003234075786009 -0.0022418576824493
v 0.2549018300000000 -0.1397342400000000 -0.0634636800000000
vn 0.0003886335391705 -0.0003229737553956 -0.0022402349141846
v 0.2831178700000000 -0.2038943000000000 -0.0493239200000000
vn -5.6741326528431397 -2.6294830762946786 -0.6070045691965447
v 0.2770407000000000 -0.1957232700000000 -0.0279313000000000
vn -5.6742317648654401 -2.6297308585511541 -0.6050001643463818
v 0.2544351200000000 -0.1571712400000000 0.0164086300000000
vn -5.6742315912352392 -2.6297310683571835 -0.6050008893733482
v 0.3303351100000000 -0.3215735700000000 0.0191521000000000
vn -0.0002803273497798 0.0001641887156424 0.0019136431678270
v 0.2521434000000000 -0.1546796100000000 0.0270967000000000
vn -0.0002804511772544 0.0001642313337250 0.0019146005196237
v 0.3234599200000000 -0.3140986800000000 0.0512163300000000
vn 5.6744521341041425 2.6292652449859792 0.6049553713552420
v 0.3295370900000000 -0.3222697200000000 0.0298237200000000
vn 5.6744525784249227 2.6292647659073283 0.6049532745219897
v 0.2703749100000000 -0.1791927100000000 -0.0370811400000000
vn 5.6738831578793842 2.6299987232871200 0.6071030297363073
v 0.3253380900000000 -0.3141403800000000 0.0338544100000000
vn 2.8369839198028850 1.3149511856362723 0.3033729901834523
v 0.2365948100000000 -0.0995248700000000 -0.0665028700000000
vn 2.8369822678402299 1.3149512288948957 0.3033755692062517
v 0.2281968200000000 -0.0832662000000000 -0.0584414900000000
vn 5.6738827952623883 2.6299993542944669 0.6071036856688924
v 0.2577779100000000 -0.1548047100000000 -0.0249890600000000
vn 2.8369004479198701 1.3150479505282160 0.3037303582063154
v 0.2221196500000000 -0.0750951700000000 -0.0370488800000000
vn 2.8368994019130245 1.3150478676870410 0.3037306326302565
v 0.2183633000000000 -0.0750117700000000 -0.0023250300000000
vn 3.5619244876753111 -0.0066630501153850 5.1760088052684283
v 0.3266159000000000 0.0079561600000000 -0.0522981100000000
vn -0.0000000080792433 -0.0000017174935857 -0.0000000050714808
v 0.3041409800000000 0.0168002600000000 0.0112367700000000
vn -0.0000000095451559 0.0000008570602911 -0.0000009180874305
v 0.3041023500000000 0.0084603000000000 0.0112526200000000
vn -0.0000000076043714 -0.0000017254698513 0.0000000296514102
v 0.3042427500000000 0.0084777400000000 0.0207674500000000
vn 0.0000000172352499 0.0000008603849979 0.0000008967855039
v 0.3038601900000000 0.0167653900000000 -0.0077929000000000
vn 0.0000000170995780 0.0000008730836477 0.0000008835731067
v 0.3038215500000000 0.0084254400000000 -0.0077770500000000
vn -0.0000000171495527 -0.0000008684129946 -0.0000008884379390
v 0.3036811500000000 0.0084080000000000 -0.0172918900000000
vn 6.2710367881340634 -0.0283122266426490 0.3895043312327142
v 0.4104920400000000 0.0077133100000000 -0.0113888600000000
vn -6.2710367787692478 0.0283140509439318 -0.3895043493980410
v 0.4094154600000000 0.0125097700000000 0.0062927000000000
vn -6.2710367790989681 0.0283140597662245 -0.3895043434482094
v 0.4093808200000000 0.0050331400000000 0.0063069100000000
vn -6.2710367790989689 0.0283140597662191 -0.3895043434482032
v 0.4088346600000000 0.0057321100000000 0.0151509200000000
vn 0.0927045464016972 0.0115114020797237 6.2824908244280646
v 0.3734408000000000 -0.0112379500000000 -0.0590718200000000
vn 0.0926988319965633 0.0115114287149933 6.2824909087011687
v 0.3678883200000000 -0.0112120700000000 -0.0589899400000000
vn -1.7351450402075921 -0.0034389095217563 -6.0388473625087853
v 0.0471306200000000 0.0319637800000000 -0.0431193800000000
vn -1.7351452651896806 -0.0034383327140194 -6.0388472981934065
v 0.0470744400000000 0.0198380100000000 -0.0430963400000000
vn -1.7351452370791602 -0.0034397811046703 -6.0388473054468266
v 0.0328490600000000 0.0176618100000000 -0.0390077100000000
vn 1.7351444288947453 0.0034386857420216 6.0388475382862055
v 0.0755405100000000 0.0274937900000000 -0.0512798700000000
vn 1.7351448388584001 0.0034403464793691 6.0388474195449229
v 0.0754639000000000 0.0109568200000000 -0.0512484400000000
vn 1.7351445203980136 0.0034390564161963 6.0388475117835405
v 0.0896892900000000 0.0131330200000000 -0.0553370600000000
vn -0.0000000000000002 0.0000000000000000 0.0000000000000001
v 0.2678823200000000 0.0055770200000000 -0.0238957100000000
vn -0.0000000000000002 -0.0000000000000000 0.0000000000000001
v 0.2678319300000000 -0.0052980000000000 -0.0238750400000000
vn 0.0000000000000000 0.0000000000000000 -0.0000000000000000
v 0.3037876700000000 0.0054387400000000 -0.0091303600000000
vn 0.0000000000000002 -0.0000000000000000 0.0000000000000000
v 0.3037372900000000 -0.0054362800000000 -0.0091096900000000
vn 1.7661593173384480 6.0297364600326731 -0.0371091993912250
v -0.0649175600000000 0.0710424700000000 0.0206621200000000
vn 1.7661587464286281 6.0297366313443863 -0.0371085351295768
v -0.0651181300000000 0.0710175600000000 0.0070695600000000
vn 1.7661587848102887 6.0297366128439576 -0.0371097145315049
v -0.0792626200000000 0.0751618400000000 0.0072706800000000
vn -1.7661589486388287 -6.0297365653750967 0.0371096303516704
v -0.0365140500000000 0.0627681400000000 0.0280212700000000
vn -1.7661589178840917 -6.0297365769432592 0.0371092145145287
v -0.0366573600000000 0.0627503500000000 0.0183093900000000
vn -1.7661589178840922 -6.0297365769432583 0.0371092145145286
v -0.0225128600000000 0.0586060700000000 0.0181082700000000
vn 0.0291086371346065 6.2831065304349298 -0.0119423111169500
v -0.0652387500000000 0.0017130800000000 0.0207939000000000
vn 0.0291075709454104 6.2831065375541382 -0.0119411645845612
v -0.0654393100000000 0.0016881700000000 0.0072013300000000
vn 0.0291086403065109 6.2831065304137459 -0.0119423145212519
v -0.0796027000000000 0.0017541800000000 0.0074102000000000
vn -0.6002084347743963 0.0146684333537215 6.2544346088384426
v -0.2190760700000000 0.0442283300000000 0.0386073000000000
vn -0.6002087572479641 0.0146686415516958 6.2544345774038250
v -0.2712978900000000 0.0497965400000000 0.0335827600000000
vn -0.6002087633429727 0.0146653361621281 6.2544345845710936
v -0.2713446500000000 0.0397029600000000 0.0336019400000000
vn 0.6002086356074356 -0.0146684517845334 -6.2544345895222362
v -0.2190319800000000 0.0537440900000000 0.0385892100000000
vn 0.6002085835846447 -0.0146687133489715 -6.2544345939013333
v -0.2712785300000000 0.0539766100000000 0.0335748100000000
vn 0.6002085837569514 -0.0146687124707010 -6.2544345938868569
v -0.2712317600000000 0.0640701900000000 0.0335556300000000
vn -0.5734830328886216 -0.0092316819229985 -6.2569521007751998
v -0.4067289800000000 0.0752303600000000 -0.0396970600000000
vn -0.5734830605996331 -0.0092376634720205 -6.2569520894042787
v -0.4067510200000000 0.0704724800000000 -0.0396880200000000
vn 0.5734827208830466 0.0092332358441465 6.2569521270792308
v -0.3226182500000000 0.0662070800000000 -0.0473929400000000
vn 0.5734825971999863 0.0092362017957078 6.2569521340370731
v -0.3226602500000000 0.0571398100000000 -0.0473757100000000
vn 0.5734826351432059 0.0092362181405438 6.2569521305348657
v -0.2805849200000000 0.0569375500000000 -0.0512318300000000
vn -1.7117470987322210 6.0455056368255464 0.0141798959643525
v -0.0237153300000000 -0.0555247600000000 0.0187223600000000
vn -1.7117467366394263 6.0455057380371970 0.0141804555508741
v -0.0378841200000000 -0.0595370700000000 0.0189387800000000
vn -1.7117473527876776 6.0455055621978842 0.0141810442058639
v -0.0377427100000000 -0.0595195100000000 0.0285216100000000
vn -0.0291082821731042 -6.2831065331460243 0.0119417502400694
v -0.0802278900000000 0.0018116100000000 0.0074193200000000
vn -0.0291082821731042 -6.2831065331460243 0.0119417502400694
v -0.0660780000000000 0.0017456600000000 0.0072106500000000
vn -0.0291082821731042 -6.2831065331460243 0.0119417502400694
v -0.0658774300000000 0.0017705600000000 0.0208032100000000
vn -0.6132883188528487 0.0147292118436107 6.2531654458037940
v -0.3770298200000000 -0.0688333800000000 0.0233147700000000
vn -0.6132886456123756 0.0147228160211215 6.2531654288214620
v -0.3770077700000000 -0.0640755000000000 0.0233057300000000
vn 0.6132886422353033 -0.0147283551777739 -6.2531654161077173
v -0.2727562700000000 -0.0586390200000000 0.0335175500000000
vn 0.6132887268490247 -0.0147256314107670 -6.2531654142247621
v -0.2727095400000000 -0.0485522500000000 0.0334983800000000
vn 0.6132889311796170 -0.0147254441123367 -6.2531653946258050
v -0.2205974500000000 -0.0487839600000000 0.0386099000000000
vn -0.6049800681879468 -0.0090833835907573 -6.2539854663722370
v -0.2820033800000000 -0.0422320800000000 -0.0506211400000000
vn -0.6049800681430227 -0.0090833789201409 -6.2539854663833676
v -0.3239802100000000 -0.0463325700000000 -0.0465545500000000
vn -0.6049800681535121 -0.0090833796033892 -6.2539854663813603
v -0.3239382400000000 -0.0372721100000000 -0.0465717700000000
vn 0.6049799844821374 0.0090836344137959 6.2539854741051855
v -0.2820474600000000 -0.0517478500000000 -0.0506030500000000
vn 0.6049796639844609 0.0090834033664814 6.2539855054441738
v -0.3240043700000000 -0.0515457600000000 -0.0465446400000000
vn 0.6049796734031672 0.0090833583217474 6.2539855045984805
v -0.3240463400000000 -0.0606062200000000 -0.0465274200000000
vn -6.2824339533467359 0.0292845065158832 0.0926479566021322
v -0.5655370000000000 0.0709901000000000 0.0245961700000000
vn 6.2824339734034425 -0.0292801685846433 -0.0926479676475083
v -0.5656031300000000 0.0567166500000000 0.0246233000000000
vn 6.1952792752031618 -0.0267114181858462 1.0470046832427602
v -0.5447891600000000 -0.0547217300000000 0.0653065500000000
vn -6.1952792752491934 0.0267114082435286 -1.0470046832239999
v -0.5447986100000000 -0.0567607900000000 0.0653104200000000
vn -0.0000000000000004 -0.0000000000000000 0.0000000000000000
v -0.5661051300000000 -0.0516412400000000 0.0248292500000000
vn 0.0000000000000000 -0.0000000000000000 -0.0000000000000000
v -0.5660862300000000 -0.0475631100000000 0.0248215000000000
vn 0.0000000000000000 0.0000000000000000 0.0000000000000000
v -0.5661429100000001 -0.0597975000000000 0.0248447500000000
vn 0.0000000000000000 -0.0000000000000000 -0.0000000000000000
v -0.5661618100000000 -0.0638756300000000 0.0248525000000000
vn -5.6023179685527236 2.7792955937383548 -0.6066028241014740
v 0.3203866900000000 0.2812165200000000 0.0299070700000000
vn -5.6023179685526827 2.7792955937386985 -0.6066028241016371
v 0.3192090600000000 0.2800087300000000 0.0352493900000000
vn -1.0803412591718673 -0.8448872755634655 6.1316756159850883
v 0.2849123600000000 0.1556062400000000 -0.0570448200000000
vn -5.6011978330399952 2.7802959842542090 -0.6123354304951292
v 0.3873106100000000 0.3261899300000000 0.0123656400000000
vn 1.7584283719954752 2.3162999335116252 -5.5696590454800976
v 0.4050916100000000 0.3985000400000000 0.0435210700000000
vn -1.7584276293345265 -2.3163012705525263 5.5696587239017443
v 0.3967596500000000 0.4026305600000000 0.0426083400000000
vn 5.6744544412724274 2.6295845695354227 0.6035473385943473
v 0.3462768400000000 -0.2683298500000000 0.0337541200000000
vn 5.6744556844165226 2.6295834755203482 0.6035404172151747
v 0.3451311100000000 -0.2670840400000000 0.0390982800000000
vn 5.6746850298068283 2.6290104784515793 0.6038802207639236
v 0.3382003000000000 -0.3371121400000000 0.0130142500000000
vn -0.0291070637932708 -6.2831065377072965 0.0119423202288382
v 0.3766937800000000 -0.0438053300000000 -0.0201700500000000
vn -0.0291089391467286 -6.2831065281198715 0.0119427934442607
v 0.3758503000000000 -0.0437025400000000 0.0318571800000000
vn 0.0291092587862264 6.2831065309851404 -0.0119405063130686
v 0.3738081800000000 -0.0437403000000000 0.0070092300000000
vn 0.0291100378169135 6.2831065251837162 -0.0119416601756179
v 0.3473858900000000 -0.0435688600000000 0.0328090400000000
vn 0.0291093652671816 6.2831065296361945 -0.0119409570047649
v 0.3516552800000000 -0.0436884000000000 -0.0196783500000000
vn 0.0000000174958538 0.0000008724761085 0.0000009106347506
v 0.3036038800000000 -0.0082719100000000 -0.0172601800000000
vn -0.0000000000000007 -0.0000000000000154 0.0000000000000086
v 0.3037056400000000 -0.0165944300000000 -0.0077295000000000
vn -0.0000000092916265 0.0000008698078994 -0.0000009049237715
v 0.3037442800000000 -0.0082544800000000 -0.0077453500000000
vn 0.0000000172352274 0.0000008603843686 0.0000008967851228
v 0.3041654700000000 -0.0082021700000000 0.0207991600000000
vn -0.0000000171495640 -0.0000008684111160 -0.0000008884383402
v 0.3039864400000000 -0.0165595600000000 0.0113001700000000
vn -0.0000000171924185 -0.0000008643995065 -0.0000008926131881
v 0.3040250700000000 -0.0082196100000000 0.0112843200000000
vn -0.9354054151427369 0.0109297958485934 6.2131565933283559
v 0.3394472100000000 -0.0073869100000000 0.0451179200000000
vn 0.9353497301622572 -0.0213575145640491 -6.2131378821949905
v 0.3395156700000000 0.0073916100000000 0.0450898400000000
vn 0.9511102655720922 -0.0162106667581210 -6.2107603464764161
v 0.3628951800000000 0.0107664400000000 0.0486252600000000
vn 2.5598808436678380 -0.0009543887714926 5.7380682080026642
v 0.3793093200000000 -0.0076677500000000 0.0455211100000000
vn -2.5615187712621688 0.0009628836709584 -5.7373372100346707
v 0.3837157900000000 0.0324111800000000 0.0435572600000000
vn 6.2710367038128725 -0.0283140218396048 0.3895055583126586
v 0.4087779800000000 -0.0065024100000000 0.0151741700000000
vn 6.2710367011165609 -0.0283139859747227 0.3895056043302981
v 0.4092958000000000 -0.0133186500000000 0.0063417900000000
vn 6.2710367383562495 -0.0283123172189837 0.3895051260684299
v 0.4093477600000000 -0.0021036900000000 0.0063204700000000
vn -6.2710366997401108 0.0283121392838832 -0.3895057607266730
v 0.4104164700000000 -0.0085993400000000 -0.0113578600000000
vn 3.8521315594280838 -0.0273045472328870 -4.9637440017503138
v 0.3963519700000000 -0.0047846200000000 -0.0501088400000000
vn -3.8521317283751215 0.0272558202113630 4.9637441384345955
v 0.3963921100000000 0.0038814900000000 -0.0501253100000000
vn 0.0926988903691816 0.0115114284429359 6.2824909078403719
v 0.3513316600000000 0.0106158600000000 -0.0587856300000000
vn 0.0927045324022008 0.0115114261032094 6.2824908245905240
v 0.3568841300000000 0.0105899800000000 -0.0588675100000000
vn 0.0927352107204973 0.0115128243574551 6.2824903691617298
v 0.3400251800000000 -0.0328329600000000 -0.0585391900000000
vn 0.0463867386490591 0.0057567731704527 3.1412449322524076
v 0.3394603500000000 -0.0329798300000000 -0.0585305800000000
vn 0.0291078580857643 6.2831065323975333 -0.0119431779077248
v 0.3807724800000000 0.0432289000000000 0.0060265300000000
vn 0.0291078611897027 6.2831065323939841 -0.0119431722099712
v 0.3742112400000000 0.0432608500000000 0.0068438800000000
vn 0.0291057378494506 6.2831065416676459 -0.0119434676632807
v 0.3477889400000000 0.0434323000000000 0.0326436800000000
vn 0.0291093621865725 6.2831065296505528 -0.0119409569593338
v 0.3576108100000000 0.0432868800000000 -0.0199255900000000
vn -0.0291090481389126 -6.2831065268856836 0.0119431766827702
v 0.3770968400000000 0.0431958300000000 -0.0203354100000000
vn -0.0291044920221991 -6.2831065535193718 0.0119402657318591
v 0.3785325600000000 0.0432861300000000 0.0306742300000000
vn -0.0291034637049742 -6.2831065570448592 0.0119409151350470
v 0.3754936100000000 0.0433027800000000 0.0320310200000000
vn -1.6016502769524341 6.0755382863003140 0.0209324847050055
v 0.3091067500000000 0.0347525500000000 0.0274453900000000
vn -0.7904001850726545 3.0405033585992474 0.0145227610188999
v 0.3085419300000000 0.0346056800000000 0.0274539900000000
vn -0.8527795870438212 -3.0236020207945087 0.0143747935893235
v 0.3082225100000000 -0.0343433500000000 0.0275850400000000
vn -1.6963302474378967 -6.0497709710414602 0.0323674747472645
v 0.3087859100000000 -0.0345022900000000 0.0275770200000000
vn -1.6870968470936392 -6.0523406237084165 0.0359834332502055
v 0.3304773700000000 -0.0406835800000000 0.0049086600000000
vn 1.6851554247174569 6.0528871942997942 -0.0350058847591019
v 0.3306763400000000 -0.0408491400000000 -0.0146155900000000
vn 0.0291073847265262 6.2831065383643878 -0.0119411918551922
v 0.2045917200000000 -0.0757014600000000 0.0016319100000000
vn 0.0291073773187896 6.2831065383975551 -0.0119411924589531
v 0.2139950800000000 -0.0757246100000000 0.0123696800000000
vn 0.0291075830721695 6.2831065350341113 -0.0119424603686105
v 0.2137762600000000 -0.0757517800000000 -0.0024597600000000
vn 1.3278016470716905 -0.0295104693907289 2.8470473844464936
v 0.2515182000000000 0.0573914100000000 0.0255349700000000
vn 2.6062383443169286 -0.0299778741724990 5.7167514491517473
v 0.2517880500000000 0.0573491700000000 0.0254086800000000
vn 2.5568770813146386 -0.0009364605855959 5.7394073142122464
v 0.2329781300000000 -0.0377078500000000 0.0337728800000000
vn 2.5568746923741763 -0.0009376668232771 5.7394083782768783
v 0.2422508400000000 -0.0187266400000000 0.0296450400000000
vn 2.5568750984180530 -0.0009371485713533 5.7394081974711266
v 0.2330663000000000 -0.0186763100000000 0.0337367100000000
vn -2.5599513647781742 0.0009536246094627 -5.7380367465645961
v 0.2038930100000000 -0.0183941400000000 0.0467697400000000
vn -2.5599505581279534 0.0009541031384728 -5.7380371063617375
v 0.2133474000000000 -0.0184867100000000 0.0425517700000000
vn -2.5599492310834608 0.0009541269775916 -5.7380376984002250
v 0.2132594200000000 -0.0374775000000000 0.0425878600000000
vn -2.5599502512278507 0.0009535284452370 -5.7380372433757572
v 0.2325206900000000 0.0384227700000000 0.0340073200000000
vn -2.5599498449351379 0.0009545191275803 -5.7380374244735926
v 0.2418871000000000 0.0193394100000000 0.0298254400000000
vn -2.5599498450690357 0.0009545190487765 -5.7380374244138697
v 0.2324325200000000 0.0193912300000000 0.0340434900000000
vn 6.2121972859117705 -0.0269906308825903 0.9414318834159137
v 0.2667262000000000 -0.0379652200000000 -0.0193803200000000
vn -0.0000000222788437 -0.0000000048581569 0.0000001468714258
v 0.2680532600000000 -0.0189549700000000 -0.0275921300000000
vn 3.1060984409121675 -0.0134955311002353 0.4707156237754616
v 0.2668143700000000 -0.0189336900000000 -0.0194164900000000
vn -6.2121972972622039 0.0269907206305335 -0.9414318059450635
v 0.2670788700000000 0.0381609200000000 -0.0195250100000000
vn 0.0000000213834919 -0.0000001884142798 -0.0000001465041454
v 0.2682295900000000 0.0191081100000000 -0.0276644700000000
vn -3.1060984880116767 0.0134946728258346 -0.4707161293159500
v 0.2669907000000000 0.0191293800000000 -0.0194888300000000
vn 2.7266192169762538 -0.0233911080697673 -5.6606906032771152
v 0.2417759000000000 -0.0188906300000000 -0.0577945000000000
vn -0.0927040870794582 -0.0115113493388139 -6.2824908313035515
v 0.1743458200000000 0.0233070500000000 -0.0643543400000000
vn -0.0927021357347325 -0.0115122368734812 -6.2824908584722250
v 0.1995406400000000 -0.0161521800000000 -0.0646538000000000
vn -0.0927019745526565 -0.0115105871874150 -6.2824908638735053
v 0.1858659500000000 -0.0338424800000000 -0.0644196100000000
vn -0.0927024780487506 -0.0115111248432197 -6.2824908554589154
v 0.1859541200000000 -0.0148109500000000 -0.0644557800000000
vn 0.0927043912431776 0.0115105562252899 6.2824908282681662
v 0.1937178400000000 0.0193830400000000 -0.0646329900000000
vn 0.0927044346492289 0.0115122091677447 6.2824908246008508
v 0.1581768500000000 0.0349304800000000 -0.0641370500000000
vn 0.0927044240106787 0.0115121919496884 6.2824908247893827
v 0.1588159200000000 0.0158955600000000 -0.0641116000000000
vn 0.0927044944809095 0.0115122111753225 6.2824908237142960
v 0.1665216800000000 0.0170763600000000 -0.0642274700000000
vn -0.2860403256125928 0.0153814022759224 6.2766521290368331
v 0.1164892200000000 0.0286761300000000 0.0519500100000000
vn -0.2860402927342602 0.0153814417504758 6.2766521304384453
v 0.1168571300000000 0.0096832800000000 0.0520133200000000
vn -0.2860403256125927 0.0153814022759225 6.2766521290368331
v 0.1388649900000000 0.0130498100000000 0.0530080200000000
vn -0.2875183977975403 0.0132607142626400 6.2765894344568816
v 0.0502970900000000 -0.0178007700000000 0.0490350700000000
vn -0.2875183863211546 0.0132606299544217 6.2765894351606555
v 0.0726728700000000 -0.0334270900000000 0.0500930700000000
vn -0.2875173789970883 0.0132610169183033 6.2765894804861881
v 0.0727290400000000 -0.0213013200000000 0.0500700300000000
vn 0.1868159947479028 -0.0694239698098841 -3.1352648740694908
v 0.0273287000000000 -0.0316846900000000 0.0480059400000000
vn 0.3305752509853768 -0.0760554414349558 -6.2735593759966610
v 0.0277845900000000 -0.0316867500000000 0.0480331500000000
vn 0.2875182286395438 -0.0132616608323085 -6.2765894402060987
v 0.1401203200000000 -0.0112079100000000 0.0531357600000000
vn 0.2875173236966822 -0.0132612586778251 -6.2765894825091744
v 0.1176003800000000 -0.0266981500000000 0.0521368900000000
vn 0.2875175056587665 -0.0132608010962784 -6.2765894751410114
v 0.1176883600000000 -0.0077073700000000 0.0521008000000000
vn 0.0291091040199346 6.2831065279788234 -0.0119424656293324
v 0.2009375600000000 0.0765716500000000 0.0016721800000000
vn 0.0291090953888235 6.2831065280148373 -0.0119424677175593
v 0.2110681600000000 0.0765451100000000 0.0123992300000000
vn 0.0291070408423985 6.2831065391294105 -0.0119416273824973
v 0.2108480300000000 0.0765177700000000 -0.0025186500000000
vn -0.9502000321468822 6.2109202643131081 0.0026407575745041
v 0.1368140700000000 0.0699107400000000 -0.0113729300000000
vn -0.9501999231723214 6.2109202806912220 0.0026414500560124
v 0.1146628000000000 0.0665264000000000 -0.0220863100000000
vn -0.9502000321468821 6.2109202643131081 0.0026407575745039
v 0.1148829300000000 0.0665537300000000 -0.0071684300000000
vn 0.9501647840522692 -6.2109259457535524 -0.0018395297222387
v 0.0999016200000000 0.0642455500000000 0.0222193700000000
vn 0.9501638724340310 -6.2109260844847629 -0.0018419930868423
v 0.0919757300000000 0.0630374100000000 0.0074173600000000
vn 0.9501649719444930 -6.2109259163318145 -0.0018418139356481
v 0.1139836000000000 0.0664039400000000 0.0084120500000000
vn -0.9695773717041301 -6.2078752861251756 0.0249350466818402
v 0.0918829700000000 -0.0609899100000000 -0.0214486500000000
vn -0.9695773717041301 -6.2078752861251756 0.0249350466818405
v 0.1144583300000000 -0.0644726500000000 -0.0106950100000000
vn -0.9695789081780966 -6.2078750328632699 0.0249383542569166
v 0.1002533800000000 -0.0622376600000000 -0.0066147600000000
vn -0.9705494601621009 -6.2077210888180936 0.0254996696449887
v 0.1597621500000000 -0.0716463700000000 -0.0340549300000000
vn -0.9705518710436141 -6.2077207146661406 0.0254989935951997
v 0.1681325600000000 -0.0728941100000000 -0.0192210400000000
vn -0.9705495505613385 -6.2077210738059474 0.0254998835729476
v 0.1597111200000000 -0.0715769500000000 -0.0190991900000000
vn 0.9695352963148631 6.2078812541983606 -0.0250848027613986
v 0.0924226800000000 -0.0610743900000000 -0.0217012500000000
vn 0.9695366961685207 6.2078810249545135 -0.0250874299106740
v 0.1010629400000000 -0.0623643800000000 -0.0069936500000000
vn 0.9695353755660467 6.2078812429608092 -0.0250845207009591
v 0.1152678900000000 -0.0645993700000000 -0.0110738900000000
vn 0.9698068852745982 6.2078363855800607 -0.0256830584390367
v 0.0502380500000000 -0.0543159900000000 0.0196955500000000
vn 0.9698068405496263 6.2078363910196597 -0.0256834324040141
v 0.0730832600000000 -0.0578409700000000 0.0303229000000000
vn 0.9698068129181874 6.2078363966309649 -0.0256831195538733
v 0.0729398500000000 -0.0578587700000000 0.0206042100000000
vn -0.0000000000000002 -0.0000000000000001 0.0000000000000001
v 0.2659636400000000 -0.0052673300000000 -0.0122913400000000
vn 0.0000000000000002 0.0000000000000000 0.0000000000000001
v 0.2660140200000000 0.0056076900000000 -0.0123120100000000
vn 0.0000000000000004 0.0000000000000000 -0.0000000000000000
v 0.3035768400000000 -0.0054562000000000 -0.0199839000000000
vn -0.0000000000000002 0.0000000000000000 -0.0000000000000000
v 0.3036272200000000 0.0054188100000000 -0.0200045700000000
vn 0.0927040413140407 0.0115086171701321 6.2824908369842030
v -0.1417298400000000 0.0256908500000000 -0.0596947900000000
vn 0.0927020623280894 0.0115094028594047 6.2824908647473086
v -0.1307186000000000 0.0347070000000000 -0.0598737800000000
vn 0.0927029345011999 0.0115101968433409 6.2824908504234269
v -0.1416826000000000 0.0358863700000000 -0.0597141600000000
vn 1.7661599828220638 6.0297362603836442 -0.0371099667507931
v -0.0229140000000000 0.0585562600000000 -0.0090768600000000
vn 1.7661580947195863 6.0297368211827198 -0.0371087061582028
v -0.0372590600000000 0.0626756300000000 -0.0224683100000000
vn 1.7661587903463518 6.0297366124040677 -0.0371095222448221
v -0.0371157500000000 0.0626934300000000 -0.0127564300000000
vn 0.0145552965911310 3.1415534030043495 -0.0059760135452222
v -0.4805968600000000 0.0851287600000000 -0.0185583600000000
vn 0.0291094425334919 6.2831065147674749 -0.0119485862954573
v -0.4796657700000000 0.0851244200000000 -0.0185720900000000
vn 0.0291082247243451 6.2831065334170635 -0.0119417476647295
v -0.2140418500000000 0.0839073300000000 -0.0114764300000000
vn 0.0291082242848657 6.2831065334422052 -0.0119417355056706
v -0.2672869700000000 0.0841358100000000 -0.0210511000000000
vn 0.0291082244725560 6.2831065334336520 -0.0119417395474694
v -0.2670864100000000 0.0841607100000000 -0.0074585300000000
vn -0.0145553587482994 -3.1415540649579952 0.0059720076460895
v -0.1851384500000000 0.0837086400000000 -0.0455649900000000
vn -0.0291092982625793 -6.2831065266116246 0.0119427115337278
v -0.1860695400000000 0.0837129800000000 -0.0455512600000000
vn -0.0291083183741757 -6.2831065361809300 0.0119400650130683
v -0.2916156500000000 0.0843011200000000 0.0066281900000000
vn -0.0291083197537918 -6.2831065361827498 0.0119400606917955
v -0.3018543500000000 0.0843230100000000 -0.0068163400000000
vn -0.0291083294428898 -6.2831065325138873 0.0119419678100729
v -0.2496078100000000 0.0840904900000000 -0.0018019400000000
vn -0.6689783793032712 -6.2474339634960785 0.0213167572001051
v -0.3738941500000000 0.0302335300000000 -0.0309490900000000
vn -0.6689783582826552 -6.2474339633203746 0.0213174683444461
v -0.3738266600000000 0.0302419100000000 -0.0263750900000000
vn 0.6684888086235929 6.2474752146920389 -0.0243671685796116
v -0.2699780800000000 0.0192534200000000 0.0064281000000000
vn 0.6684888084077634 6.2474752146829928 -0.0243671768192027
v -0.2170262000000000 0.0135540300000000 -0.0021534600000000
vn 0.6684891353986757 6.2474751872641772 -0.0243652360858409
v -0.2692480300000000 0.0191222400000000 -0.0071780000000000
vn -0.0291085371083756 -6.2831065331716509 0.0119411150646099
v -0.0798893100000000 0.0017186000000000 -0.0120135500000000
vn -0.0291080186243305 -6.2831065331684623 0.0119423808966186
v -0.0658692300000000 0.0016347900000000 -0.0219343000000000
vn -0.0291085345094230 -6.2831065331814466 0.0119411162424794
v -0.0656686600000000 0.0016596900000000 -0.0083417300000000
vn 0.0463605652909672 0.0057546998946628 3.1412451821475185
v -0.1079277500000000 0.0734358600000000 0.0484835300000000
vn 0.0927109420440332 0.0115110303194270 6.2824907307286439
v -0.1069971300000000 0.0733295800000000 0.0484699900000000
vn 0.0927026851853149 0.0115124927326264 6.2824908498960781
v -0.0647431400000000 0.0221539300000000 0.0479402700000000
vn 0.0927026968139176 0.0115125257090887 6.2824908496640628
v -0.0646959100000000 0.0323494500000000 0.0479208900000000
vn 0.0927026769633820 0.0115124983956369 6.2824908500070222
v -0.0788592900000000 0.0324154700000000 0.0481297600000000
vn 1.5707419177329174 -0.0188405153182113 -6.0836528884558003
v -0.0661759000000000 0.0219760200000000 -0.0491581900000000
vn 1.5707421251054066 -0.0188379979782228 -6.0836528427083287
v -0.0803493100000000 0.0322304400000000 -0.0528493900000000
vn 1.5707421274788793 -0.0188380036554575 -6.0836528420788909
v -0.0661286700000000 0.0321715400000000 -0.0491775700000000
vn -0.5734828583093247 -0.0092329774375228 -6.2569521148647382
v -0.2806290100000000 0.0474217900000000 -0.0512137500000000
vn -0.5734831903442104 -0.0092361525785238 -6.2569520797448792
v -0.3227263800000000 0.0428661600000000 -0.0473485800000000
vn -0.5734828572200159 -0.0092329821878617 -6.2569521149575698
v -0.3226843700000000 0.0519334300000000 -0.0473658100000000
vn 0.5734833859760985 0.0092376528855987 6.2569520595974355
v -0.4068770400000000 0.0432706700000000 -0.0396363200000000
vn 0.5734827143663861 0.0092316711752790 6.2569521299853106
v -0.4068550000000000 0.0480285500000000 -0.0396453600000000
vn -0.0463503704003555 -0.0057546893538635 -3.1412453615308937
v -0.1092833100000000 -0.0694544000000000 0.0487653400000000
vn -0.0927015155803489 -0.0115092923348954 -6.2824908730176006
v -0.1082566000000000 -0.0693504300000000 0.0487500000000000
vn -0.0927022385951137 -0.0115125323627743 -6.2824908564132018
v -0.0655707600000000 -0.0185706700000000 0.0480271000000000
vn -0.0927022254517160 -0.0115125050312131 -6.2824908566572253
v -0.0656179900000000 -0.0287661900000000 0.0480464800000000
vn -0.0927022254517151 -0.0115125050312144 -6.2824908566572244
v -0.0797678900000000 -0.0287002400000000 0.0482551500000000
vn 1.7117477388925777 -6.0455054541546138 -0.0141804985363470
v -0.0241164700000000 -0.0555745700000000 -0.0084627700000000
vn 1.7117478508342305 -6.0455054239104999 -0.0141798797769072
v -0.0383444200000000 -0.0595942300000000 -0.0122560900000000
vn 1.7117475642560371 -6.0455055042539403 -0.0141802205664540
v -0.0384858200000000 -0.0596117900000000 -0.0218389200000000
vn 1.7117472828218465 -6.0455055835003160 -0.0141804081202506
v -0.0661986200000000 -0.0675588300000000 0.0209349800000000
vn 1.7117484941677357 -6.0455052372230931 -0.0141818112757843
v -0.0805679700000000 -0.0715960500000000 0.0075588400000000
vn 1.7117482076593353 -6.0455053191264376 -0.0141814787736639
v -0.0663991800000000 -0.0675837300000000 0.0073424200000000
vn -1.7127415160581230 6.0452273930283287 0.0126439750841693
v -0.0661496700000000 -0.0674559800000000 -0.0214163400000000
vn -1.7127425738761053 6.0452270952221534 0.0126430683065302
v -0.0801770500000000 -0.0714507300000000 -0.0116170900000000
vn -1.7127415842695952 6.0452273734508930 0.0126440954443497
v -0.0661736800000000 -0.0674912200000000 -0.0078203500000000
vn -0.0291083458404262 -6.2831065332077225 0.0119415625407405
v -0.2151821200000000 -0.0791476900000000 -0.0022010800000000
vn -0.0291083268481586 -6.2831065326003435 0.0119419284769744
v -0.2681198500000000 -0.0788862900000000 0.0062951000000000
vn -0.0291083466859877 -6.2831065332218001 0.0119415530701815
v -0.2683204100000000 -0.0789111900000000 -0.0072974700000000
vn 0.0291090891255855 6.2831065277039162 -0.0119426464434138
v -0.1446913500000000 -0.0795314000000000 -0.0322671500000000
vn 0.0291068960733906 6.2831065389182124 -0.0119420919383483
v -0.1455169900000000 -0.0795017100000000 -0.0186594500000000
vn 0.0291090891255816 6.2831065277039171 -0.0119426464434140
v -0.1344730900000000 -0.0795531800000000 -0.0188223100000000
vn 0.0291081487854545 6.2831065334087732 -0.0119419371484166
v -0.3036937600000000 -0.0787707100000000 -0.0196033100000000
vn 0.0291081473046354 6.2831065334290672 -0.0119419300793448
v -0.2934754900000000 -0.0787924900000000 -0.0061584800000000
vn 0.0291081487854547 6.2831065334087732 -0.0119419371484165
v -0.2515185900000000 -0.0789945800000000 -0.0102168900000000
vn -0.6115518158013411 6.2533523843130343 -0.0024369044077200
v -0.3744712400000000 -0.0240778900000000 -0.0261433900000000
vn -0.6115521341104222 6.2533523531125956 -0.0024370850412795
v -0.3745343200000000 -0.0240857300000000 -0.0304183000000000
vn -0.6112885885290368 6.2533785473989631 -0.0007802704802845
v -0.2708976700000000 -0.0139469300000000 0.0062171000000000
vn -0.6112885885290369 6.2533785473989640 -0.0007802704802849
v -0.2179347600000000 -0.0087706900000000 -0.0022894200000000
vn -0.6112885885290351 6.2533785473989649 -0.0007802704802847
v -0.2700715300000000 -0.0138678700000000 -0.0073908100000000
vn 0.6115519283738717 -6.2533523759314695 0.0024301628909975
v -0.3739326200000000 -0.0240110100000000 0.0103594000000000
vn 0.6115513420702423 -6.2533524305662169 0.0024370968705974
v -0.3738695400000000 -0.0240031800000000 0.0146343000000000
vn 0.6112575580542370 -6.2533802701717649 0.0041229478830613
v -0.3013548300000000 -0.0169342000000000 -0.0197511300000000
vn 0.6112575746018615 -6.2533802685506235 0.0041229534021012
v -0.2481282700000000 -0.0117252200000000 -0.0103901700000000
vn 0.6112575746019466 -6.2533802685506128 0.0041229534037912
v -0.2901051100000000 -0.0158257100000000 -0.0063235800000000
vn 0.0291077364060520 6.2831065344713766 -0.0119423832776159
v -0.0805106900000000 0.0017764900000000 -0.0117463400000000
vn 0.0291082406586289 6.2831065345777768 -0.0119410978356162
v -0.0663016300000000 0.0017178900000000 -0.0079452800000000
vn 0.0291077364053258 6.2831065344713748 -0.0119423832793145
v -0.0665022000000000 0.0016929800000000 -0.0215378400000000
vn -0.0291084507072474 -6.2831065304216827 0.0119427719522087
v -0.0089651500000000 0.0015311500000000 0.0335594400000000
vn -0.0291060233349505 -6.2831065466443956 0.0119401530080902
v -0.0375295500000000 0.0015579500000000 -0.0219651100000000
vn -0.0291064553888291 -6.2831065456085256 0.0119396449896642
v -0.0234033800000000 0.0015179500000000 -0.0085779000000000
vn -0.0291064553888291 -6.2831065456085256 0.0119396449896643
v -0.0373881500000000 0.0015755000000000 -0.0123822800000000
vn -0.0927007942532821 -0.0115087237443374 -6.2824908847032983
v -0.1423233100000000 -0.0217025500000000 -0.0595991900000000
vn -0.0927007942532825 -0.0115087237443390 -6.2824908847032965
v -0.1310968100000000 -0.0307543400000000 -0.0597482600000000
vn -0.0927033282925508 -0.0115118673020790 -6.2824908415512901
v -0.1421459700000000 -0.0318379300000000 -0.0595832400000000
vn 0.0927018571038301 0.0115108947268271 6.2824908650415932
v -0.1424970400000000 -0.0592018200000000 -0.0595279200000000
vn 0.0927039801150982 0.0115101393166680 6.2824908350998818
v -0.1311816100000000 -0.0490588200000000 -0.0597134700000000
vn 0.0927018881462962 0.0115108832561594 6.2824908646045801
v -0.1422255100000000 -0.0490073500000000 -0.0595506000000000
vn -0.6132889768210884 0.0147285444302719 6.2531653828470102
v -0.2205533600000000 -0.0392681900000000 0.0385918100000000
vn -0.6132886189579108 0.0147254431662413 6.2531654252496551
v -0.2726434100000000 -0.0342786000000000 0.0334712500000000
vn -0.6132886225901394 0.0147287323299478 6.2531654171460991
v -0.2726901400000000 -0.0443653700000000 0.0334904200000000
vn 1.6492373795120727 -0.0191634272409663 -6.0628430982033112
v -0.0660077600000000 -0.0471168400000000 -0.0486468500000000
vn 1.6492372455089548 -0.0191657801838149 -6.0628431272170396
v -0.0799641900000000 -0.0409420200000000 -0.0524628500000000
vn 1.6492384809583627 -0.0191627886238368 -6.0628428006023496
v -0.0659608100000000 -0.0369825100000000 -0.0486661100000000
vn -1.6492367159969210 0.0191627811804328 6.0628432807373933
v -0.0658757900000000 -0.0186307200000000 -0.0487009900000000
vn -1.6492367154509224 0.0191627851232266 6.0628432808734551
v -0.0799075100000000 -0.0287075000000000 -0.0524861000000000
vn -1.6492367159969203 0.0191627811804327 6.0628432807373933
v -0.0659227400000000 -0.0287650600000000 -0.0486817300000000
vn -0.0291078201161368 -6.2831065331127638 0.0119428941071407
v -0.5473260100000000 0.0474515900000000 0.0223310700000000
vn 0.0291058750447120 6.2831065411981291 -0.0119433803647616
v -0.5573899700000000 0.0475152900000000 0.0313165500000000
vn 0.0291059537203207 6.2831065378411379 -0.0119449532644975
v -0.5572388300000000 0.0801403300000000 0.0312545500000000
vn 0.0291042697886048 6.2831065457432400 -0.0119448987702126
v -0.5531109900000000 0.0801275600000000 0.0345924500000000
vn -0.0291078068068023 -6.2831065331891764 0.0119428863665553
v -0.5512525600000000 0.0800956400000000 0.0223291900000000
vn -0.0291078171687923 -6.2831065331413489 0.0119428862721430
v -0.5519576500000000 -0.0721021400000000 0.0226184700000000
vn -0.0000000000000002 -0.0000000000000000 -0.0000000000000001
v -0.5404507800000000 -0.0629474800000000 0.0394258700000000
vn 0.0000000000000001 -0.0000000000000000 0.0000000000000000
v -0.5403846600000000 -0.0486740300000000 0.0393987500000000
vn 0.0000000000000000 -0.0000000000000000 0.0000000000000000
v -0.5656603800000000 -0.0638133600000000 0.0588339800000000
vn -0.0000000000000004 -0.0000000000000000 -0.0000000000000000
v -0.5656414900000000 -0.0597352300000000 0.0588262300000000
vn 0.0000000000000000 0.0000000000000000 0.0000000000000000
v -0.5655848100000000 -0.0475008400000000 0.0588029800000000
vn 0.0000000000000002 0.0000000000000000 0.0000000000000000
v -0.5656037100000000 -0.0515789700000000 0.0588107300000000
vn -0.0291078159794105 -6.2831065331439797 0.0119428877885347
v -0.5518065100000000 -0.0394771000000000 0.0225564600000000
vn -5.6016643122802812 2.7790946229339735 -0.6135206709247093
v 0.3148666400000000 0.2627514900000000 -0.0034568900000000
vn -5.6016638901939375 2.7790952728203018 -0.6135215809102409
v 0.2944326800000000 0.2214025900000000 -0.0041876900000000
vn -5.6016637001342664 2.7790952484014619 -0.6135234268272162
v 0.3038691100000000 0.2421457600000000 0.0036156800000000
vn -5.6015265262030081 2.7800011051056965 -0.6106652407025071
v 0.2640944600000000 0.1529514700000000 -0.0373795200000000
vn -5.6015262754799595 2.7800014518975402 -0.6106659618075232
v 0.2530969400000000 0.1323457400000000 -0.0303069500000000
vn -5.6015267098301393 2.7800008490689598 -0.6106647219139287
v 0.2605845700000000 0.1482025800000000 -0.0268027800000000
vn -5.6039943445297471 2.7742745644153715 -0.6140567010225388
v 0.2328729900000000 0.0910950200000000 -0.0325026500000000
vn 5.6017487773601440 -2.7790017330486720 0.6131701292453192
v 0.3166377500000000 0.2627122300000000 -0.0197977500000000
vn 5.6017482803103427 -2.7790018278951099 0.6131742402240259
v 0.3065257700000000 0.2420868700000000 -0.0208956000000000
vn 5.6017480296629500 -2.7790017788655921 0.6131767522874007
v 0.2970893500000000 0.2213437000000000 -0.0286989700000000
vn 5.6028313168779196 -2.7781796151421698 0.6069735290549154
v 0.3218657200000000 0.2799498300000000 0.0107381100000000
vn 5.6028314042470795 -2.7781795175220405 0.6069731693862633
v 0.3230433600000000 0.2811576300000000 0.0053957900000000
vn 5.6012527004390007 -2.7798685503974885 0.6137724600205355
v 0.2801122500000000 0.1972716600000000 0.0174469400000000
vn 5.6012524068158847 -2.7798689945026531 0.6137731281932725
v 0.2617414900000000 0.1571109200000000 0.0032034000000000
vn 5.6012525435077940 -2.7798687159539295 0.6137731423394762
v 0.2809978100000000 0.1972520300000000 0.0092765100000000
vn 5.6023066549205822 -2.7781930449543331 0.6117361796952586
v 0.3000528700000000 0.1403135000000000 -0.0330606100000000
vn 5.6023064628586896 -2.7781927665536394 0.6117392029493052
v 0.2975501200000000 0.1376677500000000 -0.0221559800000000
vn 5.6023063739491201 -2.7781933534642533 0.6117373517533781
v 0.2900693000000000 0.1218108900000000 -0.0256601100000000
vn 5.6020883245648534 -2.7793117265446501 0.6086463134059397
v 0.3508254300000000 0.2501139200000000 0.0008616200000000
vn 5.6020884764310948 -2.7793122465997735 0.6086425408076782
v 0.3408418600000000 0.2316113000000000 0.0082621100000000
vn 5.6020879457820900 -2.7793123094969681 0.6086471378045064
v 0.3313984900000000 0.2108680300000000 0.0004588400000000
vn 5.6017164825601835 -2.7791698574052210 0.6127029925349169
v 0.3561755600000000 0.2694742000000000 0.0399163500000000
vn 5.6017164825601844 -2.7791698574052215 0.6127029925349168
v 0.3573599100000000 0.2706820800000000 0.0345671200000000
vn -5.6031393429023373 2.7775457717883727 -0.6070309662358454
v 0.3365380500000000 0.2163895200000000 -0.0215565900000000
vn -5.6031408064912922 2.7775434632014857 -0.6070280199595620
v 0.3447970700000000 0.2359249100000000 -0.0084040900000000
vn -5.6031391046321994 2.7775459945568755 -0.6070321461714780
v 0.3522778800000000 0.2517817800000000 -0.0048999500000000
vn -5.6001821984394970 2.7811858556602571 -0.6175614826623930
v 0.2939324300000000 0.1254206500000000 -0.0446689000000000
vn -5.6001829341828158 2.7811848424152519 -0.6175593738816767
v 0.2924579800000000 0.1227519800000000 -0.0433166400000000
vn -5.6021576794906602 2.7789330097672202 -0.6097362263337816
v 0.3021640100000000 0.1528756600000000 0.0047016400000000
vn -5.6021579657529008 2.7789328039715744 -0.6097345341287836
v 0.3193782900000000 0.1909365800000000 0.0200060300000000
vn -5.6021573673524392 2.7789332839192151 -0.6097378447349912
v 0.3204066000000000 0.1909136600000000 0.0104536500000000
vn -5.6003888751038984 2.7814590569831981 -0.6144489940342190
v 0.3953495800000000 0.4266984400000000 0.0601710600000000
vn -5.6015012300333318 2.7799945496844836 -0.6109270643657582
v 0.4195877400000000 0.4146687100000000 0.0628126900000000
vn 5.6748516630796226 2.6281510254140308 0.6060514780083780
v 0.4036641400000000 -0.4116422800000000 0.0619513600000000
vn 5.6717731376953893 2.6341188293434348 0.6089540801684969
v 0.3791198900000000 -0.4230070300000000 0.0593026000000000
vn 5.6744114504062342 2.6295686202062205 0.6040208336473034
v 0.3399564700000000 -0.2469197400000000 -0.0000859700000000
vn 5.6744117809492289 2.6295676746290719 0.6040218449092307
v 0.3219213100000000 -0.2079163400000000 -0.0004554400000000
vn 5.6744117200233539 2.6295678059433563 0.6040218456010019
v 0.3308036400000000 -0.2288847200000000 0.0073849600000000
vn 5.6743849538321314 2.6297146249752790 0.6036339878352259
v 0.2921275000000000 -0.1358740200000000 -0.0342117700000000
vn 5.6743847730005967 2.6297145012555712 0.6036362266890488
v 0.2829746700000000 -0.1178389900000000 -0.0267408300000000
vn 5.6743846944607155 2.6297145527334771 0.6036367407229195
v 0.2900353300000000 -0.1338858500000000 -0.0232059700000000
vn -5.6746403250797339 -2.6291527923838078 -0.6036806934416280
v 0.3483782100000000 -0.2671563000000000 0.0089904900000000
vn -5.6746395997303107 -2.6291532669973825 -0.6036854446740075
v 0.3495239400000000 -0.2684021200000000 0.0036463300000000
vn -5.6741484000781481 -2.6297640441979890 -0.6056390097093498
v 0.3112255200000000 -0.1891254100000000 0.0182874800000000
vn -5.6741481106720872 -2.6297641207246896 -0.6056413888289702
v 0.2954184500000000 -0.1513919100000000 0.0025379100000000
vn -5.6741484000781472 -2.6297640441979890 -0.6056390097093500
v 0.3123078800000000 -0.1891495000000000 0.0082515500000000
vn -5.6741627263074648 -2.6292713724850523 -0.6076405266033337
v 0.2558786700000000 -0.1476032200000000 -0.0385361300000000
vn -5.6741629263370257 -2.6292711301920839 -0.6076397071249824
v 0.2528400800000000 -0.1435177000000000 -0.0278398200000000
vn -5.6741629047327713 -2.6292711225618808 -0.6076399418814936
v 0.2457860800000000 -0.1274776900000000 -0.0313747600000000
vn -5.6741027246653672 -2.6296948212494744 -0.6063670681894808
v 0.3036879000000000 -0.2586484200000000 -0.0043896000000000
vn -5.6741033027672927 -2.6296937813195762 -0.6063661685565983
v 0.2935953100000000 -0.2385228900000000 0.0027717600000000
vn -5.6741030082271706 -2.6296939823171535 -0.6063680530408957
v 0.2847129100000000 -0.2175478400000000 -0.0050754700000000
vn -5.6743611433329360 -2.6297668934018663 -0.6036301067288568
v 0.3079225200000000 -0.2767355400000000 0.0344983500000000
vn -5.6743604687070892 -2.6297673104245556 -0.6036346316259751
v 0.3090683800000000 -0.2779813600000000 0.0291543100000000
vn 5.6749396251033009 2.6286266561493083 0.6031581536678734
v 0.2915369300000000 -0.2273127600000000 -0.0264763100000000
vn 5.6749402490411214 2.6286260494322873 0.6031549273644998
v 0.2992734700000000 -0.2470419900000000 -0.0132850400000000
vn 5.6749405815904224 2.6286254095442061 0.6031545872113753
v 0.3063274800000000 -0.2630820100000000 -0.0097501000000000
vn 5.6739676742286411 2.6298997087357687 0.6067420853282008
v 0.2788669600000000 -0.2027679600000000 -0.0143088900000000
vn 5.6739668873097173 2.6299009179821398 0.6067442027209795
v 0.2809664500000000 -0.2068326300000000 -0.0163242300000000
vn 5.6737998210525191 2.6300958810558313 0.6074609875724597
v 0.2549606500000000 -0.1547421600000000 0.0010538200000000
vn 5.6737994020683740 2.6300961787562538 0.6074636120275424
v 0.2718507000000000 -0.1945760800000000 0.0157646900000000
vn 5.6737999090968305 2.6300957647416632 0.6074606688197035
v 0.2727897900000000 -0.1945969300000000 0.0070837300000000
vn 3.5619237019208381 -0.0066639863585018 5.1760093447883850
v 0.3295501300000000 -0.0123645300000000 -0.0543434900000000
vn 3.5619254523491986 -0.0066643972208725 5.1760081396824784
v 0.3297459900000000 0.0299128100000000 -0.0544238400000000
vn 0.0000000171066201 0.0000008724260440 0.0000008842583967
v 0.3043058700000000 -0.0081847400000000 0.0303139900000000
vn -0.0000000087668294 0.0000008571554171 -0.0000008653404882
v 0.3042672300000000 -0.0165247000000000 0.0303298400000000
vn 0.0000000172352496 0.0000008603849836 0.0000008967855089
v 0.3044604200000000 0.0251750800000000 0.0302505900000000
vn -0.0000000000857480 0.0000000080276353 -0.0000000083517386
v 0.3043200200000000 0.0251576500000000 0.0207357500000000
vn 0.0000000170567040 0.0000008770974782 0.0000008793972340
v 0.3044217800000000 0.0168351300000000 0.0302664400000000
vn -0.0000000076900984 -0.0000017174484225 0.0000000213029391
v 0.3038988300000000 0.0251053500000000 -0.0078087500000000
vn -0.0000000095452319 0.0000008570597969 -0.0000009180921865
v 0.3037584300000000 0.0250879200000000 -0.0173235900000000
vn 0.0000000167281513 0.0000008348897882 0.0000008704582291
v 0.3034634800000000 -0.0082893400000000 -0.0267750200000000
vn -0.0000000174137522 -0.0000008436741142 -0.0000009141722748
v 0.3034248400000000 -0.0166293000000000 -0.0267591700000000
vn 0.0000000175815860 0.0000008644482365 0.0000009189855714
v 0.3036180300000000 0.0250704800000000 -0.0268384200000000
vn -0.0000000091559763 0.0000008571092236 -0.0000008917121681
v 0.3035793900000000 0.0167305300000000 -0.0268225700000000
vn 0.0000000172352281 0.0000008603843781 0.0000008967851227
v 0.3041796200000000 0.0251402200000000 0.0112209200000000
vn 6.2710367975973682 -0.0283129609564392 0.3895041254954223
v 0.4115276800000000 -0.0059191700000000 -0.0290536300000000
vn 6.2710368032174797 -0.0283112593536254 0.3895041586973426
v 0.4116410400000000 0.0185498700000000 -0.0291001400000000
vn 6.2710365759310758 -0.0283122753156691 0.3895077441387274
v 0.4094563900000000 0.0213457900000000 0.0062759000000000
vn -6.2710366092406069 0.0283108423442498 -0.3895073120085196
v 0.4082192200000000 -0.0085221800000000 0.0240233500000000
vn -6.2710366571788665 0.0283089678312319 -0.3895066764238960
v 0.4087653900000000 -0.0092211600000000 0.0151793400000000
vn -6.2710365973640583 0.0283097555245135 -0.3895075822023173
v 0.4083577700000000 0.0213843700000000 0.0239665100000000
vn -6.2710366718142962 0.0283088626119099 -0.3895064484433322
v 0.4089039400000000 0.0206853900000000 0.0151225000000000
vn -6.2710365986816381 0.0283098357333650 -0.3895075551586820
v 0.4083231400000000 0.0139077300000000 0.0239807200000000
vn -6.2710367831592153 0.0283139759641460 -0.3895042841697984
v 0.4105424200000000 0.0185884500000000 -0.0114095300000000
vn -6.2710367901399291 0.0283138368976288 -0.3895041818888659
v 0.4110885800000000 0.0178894700000000 -0.0202535400000000
vn -6.2710367526734432 0.0283115988170921 -0.3895049477753152
v 0.4105077800000000 0.0111118100000000 -0.0113953200000000
vn 0.0927023664027550 0.0115100106359898 6.2824908591467317
v 0.3788925100000000 -0.0330141100000000 -0.0591123700000000
vn 0.0927045465972477 0.0115114447016488 6.2824908243468318
v 0.3790940300000000 0.0104864600000000 -0.0591950500000000
vn 0.0927045465974797 0.0115114447008937 6.2824908243471063
v 0.3735415600000000 0.0105123400000000 -0.0591131600000000
vn -1.6224959499883971 6.0700708564686092 0.0128177250194044
v 0.3370616100000000 0.0422159100000000 0.0316281700000000
vn -1.6224977444371802 6.0700703779160303 0.0128172066077381
v 0.3324024700000000 0.0409720200000000 0.0309310400000000
vn -1.6225024124134655 6.0700691264743627 0.0128189654083587
v 0.3339646700000000 0.0414986800000000 -0.0207256400000000
vn -1.7351453603732678 -0.0034399231372299 -6.0388472699397973
v 0.0185113200000000 -0.0087659400000000 -0.0348729900000000
vn -1.7351450402075921 -0.0034389095217547 -6.0388473625087862
v 0.0327367000000000 -0.0065897400000000 -0.0389616200000000
vn -1.7351450402062167 -0.0034389095231099 -6.0388473625103831
v 0.0184551400000000 -0.0208917100000000 -0.0348499400000000
vn -1.7351450402075925 -0.0034389095217553 -6.0388473625087862
v 0.0187360200000000 0.0397371500000000 -0.0349651800000000
vn -1.7351450402075921 -0.0034389095217562 -6.0388473625087844
v 0.0329614100000000 0.0419133500000000 -0.0390538000000000
vn -1.7351453603732678 -0.0034399231372303 -6.0388472699397981
v 0.0186798500000000 0.0276113800000000 -0.0349421300000000
vn -1.7351438280938423 -0.0034404226774275 -6.0388477099257694
v 0.0756375600000000 0.0484419500000000 -0.0513196800000000
vn -1.7351450402062176 -0.0034389095231088 -6.0388473625103813
v 0.0898629500000000 0.0506181500000000 -0.0554083100000000
vn -1.7351450402075925 -0.0034389095217547 -6.0388473625087862
v 0.0755813900000000 0.0363161800000000 -0.0512966300000000
vn 1.7351446861691411 0.0034389020801911 6.0388474642406891
v 0.1037614500000000 -0.0177647000000000 -0.0593628300000000
vn 1.7351463909743154 0.0034386755803756 6.0388469745271554
v 0.0895360600000000 -0.0199409000000000 -0.0552742000000000
vn 1.7351447473541020 0.0034399758046879 6.0388474460486989
v 0.1036848400000000 -0.0343016700000000 -0.0593314000000000
vn 1.7351458140353930 0.0034392127180342 6.0388471399934991
v 0.1040679000000000 0.0483831500000000 -0.0594885500000000
vn 1.7351446861691409 0.0034389020801904 6.0388474642406891
v 0.0898425100000000 0.0462069500000000 -0.0553999200000000
vn 1.7351444288947462 0.0034386857420215 6.0388475382862046
v 0.1039912800000000 0.0318461900000000 -0.0594571200000000
vn 1.7351447473550590 0.0034399758042128 6.0388474460476109
v 0.0471663600000000 0.0396783500000000 -0.0431340400000000
vn 1.7351446861698743 0.0034389020805146 6.0388474642401988
v 0.0329409700000000 0.0375021500000000 -0.0390454200000000
vn 1.7351444288933269 0.0034386857418088 6.0388475382871230
v 0.0470897400000000 0.0231413900000000 -0.0431026100000000
vn 0.0000000000000000 -0.0000000000000000 -0.0000000000000001
v 0.2660644000000000 0.0164827000000000 -0.0123326800000000
vn -0.0000000346751579 -0.0000002154441185 0.0000002091968004
v 0.2702806700000000 0.0191324400000000 -0.0384011700000000
vn 0.0000000000000000 0.0000000000000000 0.0000000000000000
v 0.2697002300000000 -0.0053286700000000 -0.0354587400000000
vn 0.0000000000000000 -0.0000000000000000 0.0000000000000000
v 0.2659132500000000 -0.0161423400000000 -0.0122706700000000
vn 0.0000000000000000 0.0000000000000000 0.0000000000000001
v 0.2697506200000000 0.0055463400000000 -0.0354794100000000
vn 0.0000000000000000 0.0000000000000000 0.0000000000000000
v 0.3036776000000000 0.0162938300000000 -0.0200252400000000
vn 0.0000000000000000 0.0000000000000000 -0.0000000000000000
v 0.3038977500000000 -0.0054163500000000 0.0017645200000000
vn 0.0000000000000000 0.0000000000000000 0.0000000000000000
v 0.3035264500000000 -0.0163312100000000 -0.0199632300000000
vn 0.0000000000000000 0.0000000000000000 0.0000000000000000
v 0.3039481300000000 0.0054586600000000 0.0017438500000000
vn 1.7661574665209556 6.0297370104977457 -0.0371078433977829
v -0.0938082500000000 0.0792563000000000 -0.0197133400000000
vn 1.7661582283889741 6.0297367798508192 -0.0371090601859706
v -0.0796637500000000 0.0751120300000000 -0.0199144500000000
vn 1.7661586442299642 6.0297366571037152 -0.0371092136810192
v -0.0940088100000000 0.0792313900000000 -0.0333059000000000
vn 1.7661573042776886 6.0297370571061251 -0.0371079919092826
v -0.0930059700000000 0.0793559200000000 0.0346569300000000
vn 1.7661593117046830 6.0297364617232070 -0.0371091928358068
v -0.0788614800000000 0.0752116500000000 0.0344558100000000
vn 1.7661587880335556 6.0297366119194562 -0.0371097113417627
v -0.0932065400000000 0.0793310200000000 0.0210643600000000
vn 1.7661586498629664 6.0297366554134220 -0.0371092202350689
v -0.0364280100000000 0.0627788300000000 0.0338524500000000
vn 1.7661589054496867 6.0297365856601077 -0.0371083898094239
v -0.0222835200000000 0.0586345500000000 0.0336513400000000
vn 1.7661574608881201 6.0297370121879839 -0.0371078368437844
v -0.0366285700000000 0.0627539200000000 0.0202598900000000
vn -1.7661575641153344 -6.0297369700476366 0.0371097709700749
v -0.0086549800000000 0.0544262100000000 -0.0015166000000000
vn -1.7661589138556919 -6.0297365780263421 0.0371092300187640
v -0.0227994800000000 0.0585704800000000 -0.0013154800000000
vn -1.7661585232234804 -6.0297366980985831 0.0371083114964330
v -0.0087982900000000 0.0544084100000000 -0.0112284800000000
vn -1.7661577866174241 -6.0297369068574653 0.0371094488924894
v -0.0080817600000000 0.0544973900000000 0.0373309100000000
vn -1.7661593187177749 -6.0297364604644015 0.0371090636023434
v -0.0222262500000000 0.0586416600000000 0.0375320200000000
vn -1.7661583090543322 -6.0297367588689923 0.0371086301496848
v -0.0082250700000000 0.0544795900000000 0.0276190300000000
vn -1.7661587055838002 -6.0297366437256752 0.0371084671590782
v -0.0646597300000000 0.0710744800000000 0.0381353800000000
vn -1.7661589403085096 -6.0297365677940826 0.0371096337732101
v -0.0788042200000000 0.0752187600000000 0.0383365000000000
vn -1.7661575600865294 -6.0297369711322579 0.0371097864767465
v -0.0648030300000000 0.0710566900000000 0.0284235000000000
vn 0.0291086316088320 6.2831065304572178 -0.0119423128540217
v -0.0941672200000000 0.0017703900000000 -0.0195660600000000
vn 0.0291086340174012 6.2831065304514819 -0.0119423100034268
v -0.0800038300000000 0.0017043700000000 -0.0197749300000000
vn 0.0291075733963257 6.2831065375189672 -0.0119411771135183
v -0.0943677900000000 0.0017454800000000 -0.0331586300000000
vn 0.0291075734612830 6.2831065375270141 -0.0119411727223500
v -0.0933649500000000 0.0018700100000000 0.0348042000000000
vn 0.0291086366001138 6.2831065304323843 -0.0119423137492628
v -0.0792015600000000 0.0018040000000000 0.0345953300000000
vn 0.0291086340190541 6.2831065304514606 -0.0119423100029292
v -0.0935655200000000 0.0018451000000000 0.0212116300000000
vn 0.0291086340174012 6.2831065304514819 -0.0119423100034268
v -0.0367114100000000 0.0016059600000000 0.0339687200000000
vn 0.0291086392078626 6.2831065304168501 -0.0119423155727244
v -0.0225480200000000 0.0015399400000000 0.0337598500000000
vn 0.0291075708808504 6.2831065375460877 -0.0119411689770469
v -0.0369119700000000 0.0015810500000000 0.0203761600000000
vn -0.6002087911682387 0.0146682458707916 6.2544345750768198
v -0.3758350600000000 0.0407458100000000 0.0235720400000000
vn -0.6002084629633105 0.0146684507330270 6.2544346060925404
v -0.3757883000000000 0.0508393900000000 0.0235528600000000
vn -0.6002087633429731 0.0146653361621291 6.2544345845710918
v -0.4280568800000000 0.0463140200000000 0.0185475000000000
vn -0.6002087342007588 0.0146682515548633 6.2544345805303703
v -0.1669477700000000 0.0184729400000000 0.0436702100000000
vn -0.6002087256464268 0.0146689028905466 6.2544345798236867
v -0.1669010100000000 0.0285665200000000 0.0436510200000000
vn -0.6002087852852853 0.0146686239792980 6.2544345747544083
v -0.2191695900000000 0.0240411600000000 0.0386456700000000
vn -0.6002087626545510 0.0146653357157468 6.2544345846382035
v -0.1667607200000000 0.0588472800000000 0.0435934700000000
vn -0.6002087565457092 0.0146686419918934 6.2544345774701835
v -0.1667139600000000 0.0689408600000000 0.0435742900000000
vn -0.6002087315291581 0.0146685247856099 6.2544345801458086
v -0.2189825500000000 0.0644155000000000 0.0385689300000000
vn 0.6002086675899913 -0.0146684339463069 -6.2544345864948667
v -0.3756780900000000 0.0746288100000000 0.0235076400000000
vn 0.6002086675899916 -0.0146684339463055 -6.2544345864948658
v -0.3757248500000000 0.0645352300000000 0.0235268300000000
vn 0.6002086675905226 -0.0146684339432351 -6.2544345864948294
v -0.4279246300000000 0.0748613300000000 0.0184932400000000
vn 0.6002086675905224 -0.0146684339432364 -6.2544345864948285
v -0.1666919200000000 0.0736987500000000 0.0435652400000000
vn 0.6002086675905226 -0.0146684339432363 -6.2544345864948303
v -0.1667386800000000 0.0636051600000000 0.0435844300000000
vn 0.6002086675899913 -0.0146684339463061 -6.2544345864948667
v -0.2189384600000000 0.0739312600000000 0.0385508400000000
vn 0.6002088834545937 -0.0146658213824532 -6.2544345719067547
v -0.1668789600000000 0.0333244100000000 0.0436419800000000
vn 0.6002089176377492 -0.0146685270339731 -6.2544345622806814
v -0.1669257300000000 0.0232308200000000 0.0436611600000000
vn 0.6002086236512416 -0.0146656328607895 -6.2544345972809410
v -0.2191255100000000 0.0335569200000000 0.0386275800000000
vn -0.5734826288277632 -0.0092313374116155 -6.2569521383177378
v -0.4909457700000000 0.0613612200000000 -0.0319576700000000
vn -0.5734829625163278 -0.0092310795964019 -6.2569521081138220
v -0.4909678200000000 0.0566033400000000 -0.0319486300000000
vn -0.5734830268672544 -0.0092376761380786 -6.2569520924760793
v -0.4908576000000000 0.0803927600000000 -0.0319938400000000
vn -0.5734829625163355 -0.0092310795977594 -6.2569521081138175
v -0.4908796500000000 0.0756348700000000 -0.0319848000000000
vn -0.5734830269090774 -0.0092376851455182 -6.2569520924601791
v -0.3225562800000000 0.0795837400000000 -0.0474183600000000
vn -0.5734830328886216 -0.0092316819229940 -6.2569521007751989
v -0.3225783200000000 0.0748258600000000 -0.0474093200000000
vn 0.5734830160628765 0.0092364271975451 6.2569520953134870
v -0.2385936000000000 0.0386007600000000 -0.0550535000000000
vn 0.5734830164063358 0.0092364312628606 6.2569520952756301
v -0.2806689400000000 0.0388030100000000 -0.0511973700000000
vn 0.5734830238898420 0.0092361534815110 6.2569520949999644
v -0.2386356100000000 0.0295334800000000 -0.0550362600000000
vn 0.5734830549922021 0.0092364530419170 6.2569520917072410
v -0.2384255800000000 0.0748698400000000 -0.0551224300000000
vn 0.5734830243830040 0.0092361582318196 6.2569520949477697
v -0.2805009100000000 0.0750721000000000 -0.0512663000000000
vn 0.5734830170255745 0.0092364316027135 6.2569520952187432
v -0.2384675800000000 0.0658025700000000 -0.0551052000000000
vn 0.5734830164063363 0.0092364312628598 6.2569520952756310
v -0.4067269000000000 0.0756788600000000 -0.0396979100000000
vn 0.5734830160628767 0.0092364271975446 6.2569520953134870
v -0.4488022400000000 0.0758811100000000 -0.0358417800000000
vn 0.5734830083989607 0.0092327080226264 6.2569521015057852
v -0.4067689100000000 0.0666115900000000 -0.0396806800000000
vn -1.7117468731070880 6.0455056937022738 0.0141828828642289
v -0.0659388800000000 -0.0675265800000000 0.0385372900000000
vn -1.7117480439079111 6.0455053618039418 0.0141830506327584
v -0.0660802800000000 -0.0675441300000000 0.0289544600000000
vn -1.7117475404219453 6.0455055107740003 0.0141803179453330
v -0.0801076700000000 -0.0715388900000000 0.0387537100000000
vn -1.7117469242736933 6.0455056866133132 0.0141797292903419
v -0.0092637400000000 -0.0514773300000000 0.0376716000000000
vn -1.7117467351941511 6.0455057384496573 0.0141804541700454
v -0.0094051400000000 -0.0514948900000000 0.0280887700000000
vn -1.7117475404220852 6.0455055107738351 0.0141803179456014
v -0.0234325300000000 -0.0554896400000000 0.0378880200000000
vn -1.7117482315435628 6.0455053103794816 0.0141823243701965
v -0.0098293500000000 -0.0515475700000000 -0.0006597200000000
vn -1.7117470475654111 6.0455056439145576 0.0141830495395382
v -0.0099707500000000 -0.0515651200000000 -0.0102425500000000
vn -1.7117468777395000 6.0455056923904653 0.0141828829356661
v -0.0239981300000000 -0.0555598800000000 -0.0004433000000000
vn -0.0291082821731042 -6.2831065331460234 0.0119417502400694
v -0.0373770800000000 0.0016635700000000 0.0339784400000000
vn -0.0291082796560095 -6.2831065331731457 0.0119417421039186
v -0.0375776500000000 0.0016386600000000 0.0203858700000000
vn -0.0291078386907205 -6.2831065355020321 0.0119415916571873
v -0.0232271900000000 0.0015976200000000 0.0337697700000000
vn -0.0291082747228630 -6.2831065332060447 0.0119417368161279
v -0.0939766400000000 0.0019273700000000 0.0348131200000000
vn -0.0291082790520085 -6.2831065331625968 0.0119417491259632
v -0.0941772100000000 0.0019024600000000 0.0212205600000000
vn -0.0291082786231427 -6.2831065331842710 0.0119417387671064
v -0.0798267500000000 0.0018614200000000 0.0346044500000000
vn -0.0291066297998053 -6.2831065419370322 0.0119411521401669
v -0.0947789200000000 0.0018277500000000 -0.0195571400000000
vn -0.0291082379516872 -6.2831065289797472 0.0119440501025217
v -0.0949794800000000 0.0018028400000000 -0.0331497100000000
vn -0.0291082747228870 -6.2831065332060509 0.0119417368144210
v -0.0806290200000000 0.0017618000000000 -0.0197658100000000
vn -0.6132886755365941 0.0147227980106571 6.2531654259290077
v -0.4811878700000000 -0.0540963100000000 0.0130646100000000
vn -0.6132883772058979 0.0147291966182215 6.2531654401166517
v -0.4811658200000000 -0.0493384300000000 0.0130555700000000
vn -0.6132886748387587 0.0147227975605411 6.2531654259985459
v -0.4812760400000000 -0.0731278500000000 0.0131007800000000
vn -0.6132889714500454 0.0147291992732196 6.2531653818293567
v -0.4812539900000000 -0.0683699600000000 0.0130917400000000
vn -0.6132886474834720 0.0147290042776394 6.2531654140610282
v -0.2728276800000000 -0.0740546800000000 0.0335468500000000
vn -0.6132889479967665 0.0147219833266489 6.2531654011252078
v -0.2728056400000000 -0.0692968000000000 0.0335378100000000
vn 0.6132885845709570 -0.0147283544792483 -6.2531654217648587
v -0.1683919000000000 -0.0288421200000000 0.0436830800000000
vn 0.6132886693839094 -0.0147256242980373 -6.2531654198774866
v -0.2205039900000000 -0.0286104100000000 0.0385715600000000
vn 0.6132885839539909 -0.0147283549186684 -6.2531654218243338
v -0.1683451700000000 -0.0187553500000000 0.0436639000000000
vn 0.6132889305626508 -0.0147254445517553 -6.2531653946852783
v -0.1685788200000000 -0.0691892100000000 0.0437597600000000
vn 0.6132883363190227 -0.0147254419095185 -6.2531654529728131
v -0.2206909100000000 -0.0689575000000000 0.0386482400000000
vn 0.6132889311796170 -0.0147254441123366 -6.2531653946258032
v -0.1685320900000000 -0.0591024400000000 0.0437405900000000
vn 0.6132889313788717 -0.0147254376982023 -6.2531653946213659
v -0.3770271700000000 -0.0682623800000000 0.0233136900000000
vn 0.6132889311796170 -0.0147254441123346 -6.2531653946258050
v -0.4291392600000000 -0.0680306700000000 0.0182021700000000
vn 0.6132886693839092 -0.0147256242980390 -6.2531654198774866
v -0.3769804400000000 -0.0581756000000000 0.0232945200000000
vn -0.6049800681535120 -0.0090833796033896 -6.2539854663813603
v -0.4078499300000000 -0.0364126200000000 -0.0384558100000000
vn -0.6049800681430348 -0.0090833789201904 -6.2539854663833667
v -0.4078919100000000 -0.0454730800000000 -0.0384385900000000
vn -0.6049800681879471 -0.0090833835907574 -6.2539854663722387
v -0.4498267700000000 -0.0405131000000000 -0.0343892200000000
vn -0.6049800681430348 -0.0090833789201905 -6.2539854663833649
v -0.2399425900000000 -0.0200106800000000 -0.0547221700000000
vn -0.6049800681430223 -0.0090833789201430 -6.2539854663833676
v -0.2399845700000000 -0.0290711400000000 -0.0547049500000000
vn -0.6049800681430351 -0.0090833789201907 -6.2539854663833667
v -0.2819194300000000 -0.0241111700000000 -0.0506555800000000
vn -0.6049800681430227 -0.0090833789201407 -6.2539854663833676
v -0.2401104900000000 -0.0562525200000000 -0.0546532900000000
vn -0.6049800681879616 -0.0090833835911503 -6.2539854663722352
v -0.2401524700000000 -0.0653129800000000 -0.0546360700000000
vn -0.6049800681430226 -0.0090833789201390 -6.2539854663833676
v -0.2820873300000000 -0.0603530000000000 -0.0505867000000000
vn 0.6049804117643012 0.0090833547653555 6.2539854331781699
v -0.4080021200000000 -0.0692625000000000 -0.0383933700000000
vn 0.6049804023461062 0.0090833998100847 6.2539854340237646
v -0.4079601400000000 -0.0602020400000000 -0.0384105900000000
vn 0.6049796734031675 0.0090833583217496 6.2539855045984813
v -0.4499590200000000 -0.0690604100000000 -0.0343349600000000
vn 0.6049804117647377 0.0090833547652966 6.2539854331780855
v -0.2401745100000000 -0.0700708600000000 -0.0546270200000000
vn 0.6049804023454973 0.0090833998101444 6.2539854340238827
v -0.2401325400000000 -0.0610104000000000 -0.0546442400000000
vn 0.6049796639844607 0.0090834033664812 6.2539855054441738
v -0.2821314100000000 -0.0698687700000000 -0.0505686100000000
vn 0.6049804123944090 0.0090833594373341 6.2539854331104330
v -0.2400066100000000 -0.0338290200000000 -0.0546959100000000
vn 0.6049804023693273 0.0090834048227958 6.2539854340142371
v -0.2399646400000000 -0.0247685700000000 -0.0547131300000000
vn 0.6049804023693275 0.0090834048227957 6.2539854340142362
v -0.2819635100000000 -0.0336269300000000 -0.0506374900000000
vn 6.1952792782091901 -0.0267117611325027 1.0470046567039644
v -0.5398165400000000 0.0739573100000000 0.0391656700000000
vn 6.1952793899817671 -0.0267101649106142 1.0470040360490822
v -0.5485594100000000 0.0761353600000000 0.0909541400000000
vn 6.1952792521844096 -0.0267132387475479 1.0470047729975416
v -0.5486137300000000 0.0644107400000000 0.0909764300000000
vn -6.1952792060139013 0.0267117639079031 -1.0470050838253755
v -0.5399110000000000 0.0535666600000000 0.0392044200000000
vn -6.1952792017361347 0.0267153641624591 -1.0470050172649707
v -0.5486727700000000 0.0516665800000000 0.0910006500000000
vn -6.2824339549830786 0.0292841572635735 0.0926479557595075
v -0.5650119700000000 0.0761500300000000 0.0585679600000000
vn -6.2824339907213389 0.0292764575484003 0.0926479660866977
v -0.5650308600000000 0.0720719000000000 0.0585757100000000
vn -3.1412169556928724 0.0146453539222848 0.0463241123244857
v -0.5660148100000000 0.0760255000000000 -0.0093950000000000
vn -0.0000000000000004 -0.0000000000000000 0.0000000000000000
v -0.5660337000000000 0.0719473700000000 -0.0093872500000000
vn -0.0000000000000002 -0.0000000000000000 0.0000000000000000
v -0.5660903800000000 0.0597129800000000 -0.0093640000000000
vn 0.0000000000000000 -0.0000000000000000 -0.0000000000000000
v -0.5661092700000000 0.0556348500000000 -0.0093562500000000
vn 6.2824339545080630 -0.0292842735338075 -0.0926479512296541
v -0.5651253200000000 0.0516812500000000 0.0586144700000000
vn 6.2824339901951944 -0.0292765711367680 -0.0926479658708007
v -0.5651064300000000 0.0557593800000000 0.0586067100000000
vn 3.1412171256855732 -0.0146388156772057 -0.0463241288562726
v -0.5661281700000000 0.0515567200000000 -0.0093484900000000
vn -0.0000000000000002 0.0000000000000000 -0.0000000000000000
v -0.5660525900000000 0.0678692400000000 -0.0093795000000000
vn 6.1952792894239828 -0.0267116077251690 1.0470045942596873
v -0.5491228100000000 -0.0454764400000000 0.0911852800000000
vn 0.0000000079189563 0.0000017094662530 -0.0000000032496344
v -0.5491889400000000 -0.0597499000000000 0.0912124100000000
vn 6.1952794632167647 -0.0267145795767944 1.0470034900526264
v -0.5492078300000000 -0.0638280300000000 0.0912201600000000
vn -6.1952794465398551 0.0267123274178812 -1.0470036462216754
v -0.5492172800000000 -0.0658670900000000 0.0912240400000000
vn -0.0000000078372022 -0.0000016918191060 0.0000000032160876
v -0.5491511500000000 -0.0515936400000000 0.0911969100000000
vn -6.1952794984093877 0.0267069840316267 -1.0470034756149049
v -0.5491322600000000 -0.0475155100000000 0.0911891600000000
vn 0.0000000000000002 -0.0000000000000000 0.0000000000000000
v -0.5655659200000001 -0.0434227100000000 0.0587952200000000
vn -6.2824339765689032 0.0292794852521020 0.0926479689460094
v -0.5665852900000000 -0.0471156000000000 -0.0091609500000000
vn -6.2824339464137982 0.0292859934395770 0.0926479565769313
v -0.5666443300000000 -0.0598597600000000 -0.0091367300000000
vn -6.2824339549071135 0.0292841599625409 0.0926479600614834
v -0.5666632300000000 -0.0639378900000000 -0.0091289800000000
vn 0.0000000000000002 -0.0000000000000000 0.0000000000000000
v -0.5656792800000000 -0.0678914900000000 0.0588417300000000
vn 6.2824339768498270 -0.0292794246064480 -0.0926479690612408
v -0.5666655900000001 -0.0644476600000000 -0.0091280100000000
vn 6.2824339464137982 -0.0292859934396625 -0.0926479565769312
v -0.5666065500000000 -0.0517035000000000 -0.0091522300000000
vn 6.2824339543809673 -0.0292842735510259 -0.0926479598456059
v -0.5665876500000000 -0.0476253700000000 -0.0091599800000000
vn -5.6023173726859268 2.7792957305298258 -0.6066077005043068
v 0.2795187800000000 0.1985187200000000 0.0284454700000000
vn -5.6023172295930967 2.7792959941924638 -0.6066078140119302
v 0.2806964200000000 0.1997265100000000 0.0231031500000000
vn -5.6023181884681925 2.7792950642342462 -0.6066032191090746
v 0.3565440600000000 0.3590831500000000 0.0527379400000000
vn -5.6023179530640252 2.7792950301564501 -0.6066055493081897
v 0.3577216900000000 0.3602909400000000 0.0473956200000000
vn -5.6023180785643936 2.7792953498094426 -0.6066029256594626
v 0.3612546100000000 0.3639143200000000 0.0313686600000000
vn -5.6023180940580630 2.7792953212604301 -0.6066029133699984
v 0.3624322400000000 0.3651221200000000 0.0260263400000000
vn -1.0803403740671382 -0.8448867759244639 6.1316758407775742
v 0.2924578700000000 0.1910046100000000 -0.0508378200000000
vn -1.0803414846765751 -0.8448874108920459 6.1316755576051198
v 0.2625073600000000 0.1275772700000000 -0.0648545000000000
vn -1.0803428653184701 -0.8448866080523292 6.1316754249710073
v 0.2773668500000000 0.1202078700000000 -0.0632518300000000
vn -1.0803421891132641 -0.8448870727361779 6.1316754800838265
v 0.2816124200000000 0.1181023300000000 -0.0627939300000000
vn -5.6011989878988668 2.7802946193655025 -0.6123310638931359
v 0.4026443000000000 0.3640528300000000 0.0440198800000000
vn -5.6011993054293061 2.7802943608432358 -0.6123293331576323
v 0.4014599600000000 0.3628449500000000 0.0493691100000000
vn -5.6011984538586361 2.7802951729833332 -0.6123334352566238
v 0.4073817000000000 0.3688843600000000 0.0226229500000000
vn -5.6011991971614012 2.7802942327466784 -0.6123309051553836
v 0.4061973500000000 0.3676764800000000 0.0279721800000000
vn -5.6011986692608051 2.7802945669105084 -0.6123342167667681
v 0.3690160400000000 0.2853073300000000 -0.0059155200000000
vn -1.9215396209195363 2.5481492362507248 -3.0902941384280136
v 0.4294744300000000 0.4354157400000000 0.0665715300000000
vn 0.8792106248179857 1.1581513760795323 -2.7848300609519288
v 0.4264446200000000 0.4369177500000000 0.0662396300000000
vn -1.9215384592373801 2.5481450153106096 -3.0902932755569292
v 0.4177639200000000 0.4085522600000000 0.0517024100000000
vn 1.7584252421910185 2.3162975257631109 -5.5696610349395081
v 0.4147341200000000 0.4100542700000000 0.0513705100000000
vn 0.8792120072883296 1.1581491600585379 -2.7848305460807410
v 0.4026149100000000 0.4160623000000000 0.0500429000000000
vn -3.6794120933652490 0.2325820433134371 2.4776032644044896
v 0.4052360000000000 0.4474318100000000 0.0639163000000000
vn -0.8792170247210922 -1.1581477886788756 2.7848279801653231
v 0.4082658100000000 0.4459298000000000 0.0642482100000000
vn -3.6794079259566610 0.2325799485708454 2.4776053807916836
v 0.3935255000000000 0.4205683300000000 0.0490471900000000
vn -0.8792139339344438 -1.1581496120329631 2.7848313020012001
v 0.4086745100000000 0.4130582800000000 0.0507067000000000
vn 3.6860472532672350 0.1311987376777518 -2.4777087568405354
v 0.3884589600000000 -0.4439917800000000 0.0630914800000000
vn 0.8501619474180786 -1.1858627665111237 -2.7821872460171724
v 0.3915295200000000 -0.4425711500000000 0.0634242400000000
vn 3.6860479972199984 0.1311967174668344 -2.4777095740632364
v 0.3774616100000000 -0.4168622200000000 0.0481674200000000
vn 1.7003272127235141 -2.3717267036242062 -5.5643703522795196
v 0.3843703800000000 -0.4136657900000000 0.0489161300000000
vn 0.8501641366785128 -1.1858626245994199 -2.7821838574073698
v 0.3928144300000000 -0.4097590500000000 0.0498312300000000
vn 1.9870243320755248 2.5005244841925895 3.0848897842347078
v 0.4129766900000000 -0.4326274000000000 0.0657542600000000
vn -0.8504017665037731 1.1864486205644738 2.7818618496860519
v 0.4099061300000000 -0.4340480400000000 0.0654215000000000
vn 1.9870243644011556 2.5005261058087607 3.0848868637806279
v 0.4020060700000000 -0.4054974400000000 0.0508298100000000
vn -1.7008040153827340 2.3729013913044841 5.5637237793367502
v 0.3989355100000000 -0.4069180800000000 0.0504970500000000
vn -1.7007990741981276 2.3729030443655956 5.5637245848073524
v 0.3897238200000000 -0.4111799800000000 0.0494987600000000
vn -0.8503995920841178 1.1864502801846430 2.7818611216802833
v 0.3866532500000000 -0.4126006200000000 0.0491660000000000
vn 5.6744548021273200 2.6295844905933108 0.6035442897967298
v 0.3102065200000000 -0.1903230400000000 0.0330151700000000
vn 5.6744554247576522 2.6295840810202269 0.6035402203950364
v 0.3113522500000000 -0.1915688600000000 0.0276710000000000
vn 5.6744548021273236 2.6295844905933099 0.6035442897967117
v 0.3777642500000000 -0.3413534000000000 0.0558697300000000
vn 5.6744555032705541 2.6295840348662263 0.6035396833122126
v 0.3789099800000000 -0.3425992200000000 0.0505255600000000
vn 5.6744556145843292 2.6295837212197148 0.6035400032801381
v 0.3823471700000000 -0.3463366600000000 0.0344930600000000
vn 5.6744554247586576 2.6295840810198108 0.6035402203908855
v 0.3834929000000000 -0.3475824700000000 0.0291488900000000
vn 5.6746850456031632 2.6290104996713799 0.6038799799407572
v 0.3531004500000000 -0.3759477100000000 0.0420688100000000
vn 5.6746856077677048 2.6290095182316451 0.6038789699891542
v 0.3576839000000000 -0.3809309600000000 0.0206926600000000
vn 5.6746852509456156 2.6290098720105304 0.6038807828571172
v 0.3221543000000000 -0.2970307600000000 -0.0106962700000000
vn -0.0291090500321417 -6.2831065269014310 0.0119431637825393
v 0.3566037200000000 -0.0437599400000000 -0.0452566100000000
vn -0.0291082803155454 -6.2831065357523483 0.0119403833770846
v 0.3862312800000000 -0.0438910500000000 -0.0420227700000000
vn -0.0291062903544245 -6.2831065448003276 0.0119404732108352
v 0.3869079900000000 -0.0438070200000000 0.0038385600000000
vn -0.0291096127908104 -6.2831065272104700 0.0119416298845922
v 0.3762724000000000 -0.0437591500000000 0.0030998100000000
vn -0.0291030325139769 -6.2831065604476208 0.0119401763064468
v 0.3467278700000000 -0.0437162300000000 -0.0463345500000000
vn -0.0145481987475237 -3.1415537969240179 0.0059685687759017
v 0.3436889300000000 -0.0436995800000000 -0.0449777600000000
vn -0.0291043438556168 -6.2831065569207043 0.0119388364781838
v 0.3615844000000000 -0.0436821200000000 0.0078284500000000
vn -0.0145563152939115 -3.1415532549038971 0.0059717147563392
v 0.3585454500000000 -0.0436654600000000 0.0091852400000000
vn 0.0291078563584746 6.2831065324123276 -0.0119431743349593
v 0.3610240700000000 -0.0436343900000000 0.0315746000000000
vn 0.0291086101885575 6.2831065289165080 -0.0119431761500010
v 0.3544628400000000 -0.0436024400000000 0.0323919500000000
vn 0.0291089151732797 6.2831065273799229 -0.0119432411498506
v 0.3872690100000000 -0.0437621900000000 0.0283052000000000
vn 0.0291081592374225 6.2831065318416490 -0.0119427363577892
v 0.3865923000000000 -0.0438462200000000 -0.0175561300000000
vn 0.0291092496246920 6.2831065273392657 -0.0119424472604787
v 0.3800310600000000 -0.0438142700000000 -0.0167387800000000
vn 0.0291069230436796 6.2831065364301928 -0.0119433344712568
v 0.3492627300000000 -0.0436278100000000 0.0063652200000000
vn 0.0291093308049763 6.2831065298079807 -0.0119409506253202
v 0.3734814900000000 -0.0438395600000000 -0.0460085000000000
vn 0.0291087018309897 6.2831065327433810 -0.0119409393277069
v 0.3679290200000000 -0.0438136800000000 -0.0459266200000000
vn -3.5619230689089267 0.0066627781270559 -5.1760097819548410
v 0.3153537800000000 -0.0261735400000000 -0.0445919000000000
vn -3.5619225150021303 0.0066630012003263 -5.1760101628426547
v 0.3113212300000000 -0.0250347900000000 -0.0418154000000000
vn -3.5619227878389230 0.0066640668746494 -5.1760099737186724
v 0.3296635500000000 0.0121182100000000 -0.0543900200000000
vn -3.5619258235507174 0.0066633285234611 -5.1760078856072660
v 0.3314839700000000 -0.0307285000000000 -0.0556979200000000
vn 0.0000000174958170 0.0000008724744166 0.0000009106340497
v 0.3039478000000000 -0.0248995200000000 0.0113160200000000
vn -0.0000000096630398 0.0000008316134159 -0.0000009180390430
v 0.3040882000000000 -0.0248820900000000 0.0208308600000000
vn -0.0000000080792497 -0.0000017174948197 -0.0000000050714577
v 0.3035407600000000 0.0083905700000000 -0.0268067200000000
vn -0.0000000171494566 -0.0000008684109306 -0.0000008884311590
v 0.3033862100000000 -0.0249692600000000 -0.0267433200000000
vn -0.0000000079934483 -0.0000017255201446 0.0000000032831720
v 0.3035266000000000 -0.0249518200000000 -0.0172284800000000
vn -0.0000000091989060 0.0000008611219291 -0.0000008958923727
v 0.3036670000000000 -0.0249343900000000 -0.0077136500000000
vn -0.0000000176994795 -0.0000008898931747 -0.0000009189399227
v 0.3043831400000000 0.0084951700000000 0.0302822900000000
vn -0.0000000076043932 -0.0000017254750066 0.0000000296515300
v 0.3042286000000000 -0.0248646500000000 0.0303457000000000
vn -0.9354036146648061 0.0109309503193852 6.2131568623648219
v 0.3524017900000000 0.0127186700000000 0.0470329000000000
vn -0.9354068469667344 0.0109302461847875 6.2131563769728668
v 0.3206833700000000 -0.0258783800000000 0.0423255100000000
vn -0.9354033301007189 0.0109290467656941 6.2131569085554403
v 0.3381111100000000 -0.0307207400000000 0.0449578200000000
vn 0.9353510006569110 -0.0213573077552194 -6.2131376916416992
v 0.3522834100000000 -0.0128344000000000 0.0470814700000000
vn 0.9353500394132375 -0.0213576550669127 -6.2131378351599134
v 0.3174296500000000 0.0251298300000000 0.0417039400000000
vn 0.9353522022102310 -0.0213569890581616 -6.2131375118528487
v 0.3220887900000000 0.0263737200000000 0.0424010700000000
vn 0.9353536668889615 -0.0213536088766744 -6.2131373029615506
v 0.3360662200000000 0.0301054000000000 0.0444924600000000
vn 0.9353556209167504 -0.0213544511320425 -6.2131370059059901
v 0.3407253600000000 0.0313493000000000 0.0451896000000000
vn 0.9511106786954462 -0.0162109292318484 -6.2107602825259907
v 0.3645555600000000 -0.0109915000000000 0.0489363200000000
vn 0.9511012191800835 -0.0162106274832409 -6.2107617319224033
v 0.3489067900000000 0.0325779000000000 0.0464261700000000
vn 0.9511014293362559 -0.0162106283961070 -6.2107616997367368
v 0.3524290800000000 0.0325626000000000 0.0469656000000000
vn 2.5598844035892259 -0.0009533471746811 5.7380666200162027
v 0.3981492000000000 -0.0227246600000000 0.0371137000000000
vn 2.5598826865010329 -0.0009527263236198 5.7380673861472165
v 0.3746749200000000 0.0124092000000000 0.0475919500000000
vn 2.5598832377057748 -0.0009531677849143 5.7380671401721557
v 0.3794100800000000 0.0140825400000000 0.0454797700000000
vn 2.5598826865010369 -0.0009527263236199 5.7380673861472147
v 0.3744733900000000 -0.0310913800000000 0.0476746300000000
vn 2.5598815082566322 -0.0009548238247173 5.7380679114445670
v 0.3792085500000000 -0.0294180400000000 0.0455624500000000
vn -1.2807619091186633 0.0004809734782307 -2.8686666363768518
v 0.3910108600000000 -0.0328813300000000 0.0402893100000000
vn -1.2807618889304082 0.0004808604485086 -2.8686674824402494
v 0.3940498100000000 -0.0328979900000000 0.0389325200000000
vn -1.2807616018741019 0.0004808264181536 -2.8686676156467166
v 0.3790566000000000 0.0106858800000000 0.0456337800000000
vn -1.2807604370116423 0.0004808524903036 -2.8686681306731989
v 0.3942513400000000 0.0106025900000000 0.0388498400000000
vn 6.2710366924718883 -0.0283139074375118 0.3895057492184807
v 0.4104007200000000 -0.0119978500000000 -0.0113514000000000
vn 6.2710366866561387 -0.0283098388331387 0.3895061385623924
v 0.4103660800000000 -0.0194744900000000 -0.0113371900000000
vn 6.2710366887230142 -0.0283097434242297 0.3895061122214883
v 0.4109185400000000 -0.0188140900000000 -0.0201837800000000
vn 6.2710367002770511 -0.0283098393132032 0.3895059192326223
v 0.4083294300000000 0.0152671100000000 0.0239781400000000
vn 6.2710367002768637 -0.0283098393129795 0.3895059192326331
v 0.4082948000000000 0.0077904700000000 0.0239923500000000
vn 6.2710368408244417 -0.0283092937836862 0.3895036960476188
v 0.4088472600000000 0.0084508700000000 0.0151457500000000
vn 6.2710367142781722 -0.0283103029258062 0.3895056601111535
v 0.4081735600000000 -0.0183777600000000 0.0240420800000000
vn 6.2710366726573259 -0.0283094085227622 0.3895063951482367
v 0.4087087100000000 -0.0214556800000000 0.0152025900000000
vn -6.2710367006887795 0.0283121463806616 -0.3895057449372574
v 0.4092690400000000 -0.0190960300000000 0.0063527700000000
vn -6.2710367005285361 0.0283118958549246 -0.3895057657270994
v 0.4116064000000000 0.0110732300000000 -0.0290859300000000
vn -6.2710368082851087 0.0283103987991598 -0.3895041396506854
v 0.4115780600000000 0.0049559700000000 -0.0290743000000000
vn -6.2710369214709347 0.0283111448737111 -0.3895022631103873
v 0.4114647100000000 -0.0195130700000000 -0.0290278000000000
vn 3.8521318691352251 -0.0273052255312684 -4.9637437576695058
v 0.3913675600000000 0.0140079200000000 -0.0540803800000000
vn 3.8521316576609332 -0.0273077536158606 -4.9637439078760712
v 0.4061720800000000 -0.0188343500000000 -0.0424106200000000
vn 3.8521320465055489 -0.0273041188501158 -4.9637436261082346
v 0.3965006600000000 -0.0283199800000000 -0.0498639800000000
vn 3.8521310493806364 -0.0273048406334249 -4.9637443959565646
v 0.3940828100000000 -0.0306913800000000 -0.0517273200000000
vn -3.8521313010002447 0.0272537373754702 4.9637444815374243
v 0.3912337400000000 -0.0148791900000000 -0.0540254800000000
vn -3.8521319864687116 0.0272552236472389 4.9637439414175368
v 0.4033473500000000 0.0208523100000000 -0.0448208600000000
vn -3.8521324429452295 0.0272573381649985 4.9637435755567507
v 0.3955609600000000 0.0286083600000000 -0.0509061100000000
vn -0.0927032163112653 -0.0115114148285666 -6.2824908440339815
v 0.3553945400000000 -0.0321621000000000 -0.0587672000000000
vn -0.0927032799689276 -0.0115114400900344 -6.2824908430483006
v 0.3754726900000000 0.0107378100000000 -0.0591420700000000
vn -0.0927009421422273 -0.0115114733930362 -6.2824908774819459
v 0.3783291000000000 -0.0328551700000000 -0.0591043500000000
vn 0.0926988905666072 0.0115114710614590 6.2824909077593691
v 0.3512308900000000 -0.0111344300000000 -0.0587442900000000
vn 0.0927022402755075 0.0115100138761196 6.2824908610019579
v 0.3456784200000000 -0.0111085500000000 -0.0586624100000000
vn 0.0927021432415408 0.0115114345915791 6.2824908598312579
v 0.3680898500000000 0.0322885100000000 -0.0590726200000000
vn 0.0463592602004345 0.0057571124362115 3.1412453510994851
v 0.3363737100000000 0.0313898200000000 -0.0586029800000000
vn 0.0926885770616384 0.0115100095010307 6.2824910625685604
v 0.3402267000000000 0.0106676200000000 -0.0586218600000000
vn 0.0291074004336307 6.2831065345651247 -0.0119431529420252
v 0.3614271300000000 0.0433667700000000 0.0314092400000000
vn 0.0291085868408344 6.2831065290006958 -0.0119431887627197
v 0.3548658900000000 0.0433987200000000 0.0322265900000000
vn 0.0291091746492795 6.2831065289827102 -0.0119417653708804
v 0.3876720700000000 0.0432389700000000 0.0281398500000000
vn 0.0291082000118278 6.2831065360063771 -0.0119404453833064
v 0.3869953500000000 0.0431549400000000 -0.0177214900000000
vn 0.0291052987687520 6.2831065497228424 -0.0119402991790875
v 0.3804341200000000 0.0431868900000000 -0.0169041400000000
vn 0.0291065898029962 6.2831065374028086 -0.0119436353260790
v 0.3861412800000000 0.0431145500000000 -0.0410524100000000
vn 0.0291116841707267 6.2831065229295238 -0.0119388279146227
v 0.3707786100000000 0.0432286100000000 -0.0184883300000000
vn 0.0291093547865308 6.2831065297036242 -0.0119409470737439
v 0.3496657800000000 0.0433733400000000 0.0061998600000000
vn 0.0291086248009416 6.2831065308060161 -0.0119421463552791
v 0.3683320700000000 0.0431874800000000 -0.0460919800000000
vn 0.0291086377988837 6.2831065301825797 -0.0119424426491283
v 0.3488984100000000 0.0432780500000000 -0.0458053900000000
vn -0.0291096890643820 -6.2831065293052788 0.0119403416928101
v 0.3602987300000000 0.0432266500000000 -0.0450626500000000
vn -0.0291072256514026 -6.2831065405392197 0.0119404337528584
v 0.3537148300000000 0.0432557900000000 -0.0457812800000000
vn -0.0291079812196646 -6.2831065318661192 0.0119431564532555
v 0.3866343300000000 0.0431101100000000 -0.0421881300000000
vn -0.0291077095634176 -6.2831065351513029 0.0119420906207104
v 0.3751125100000000 0.0431610900000000 -0.0434457300000000
vn -0.0291095794642088 -6.2831065277135769 0.0119414460075626
v 0.3840191000000000 0.0432087100000000 0.0033138900000000
vn -0.0291083416636748 -6.2831065324151867 0.0119419890851009
v 0.3471309300000000 0.0432849200000000 -0.0464999100000000
vn -0.0145563152939161 -3.1415532549039047 0.0059717147563415
v 0.3440919800000000 0.0433015800000000 -0.0451431200000000
vn -0.0291098881431945 -6.2831065254120144 0.0119419045745835
v 0.3619874600000000 0.0433190400000000 0.0076630900000000
vn -0.0145563172975740 -3.1415532548969223 0.0059717135434968
v 0.3589485100000000 0.0433357000000000 0.0090198800000000
vn -1.5807869547870124 6.0810103153196886 0.0290474217199615
v 0.3325216200000000 0.0411917600000000 -0.0463280700000000
vn -0.7903872369249576 3.0405060384276279 0.0145252547528064
v 0.3319567900000000 0.0410448900000000 -0.0463194700000000
vn -1.5807621681865485 6.0810167174034193 0.0290560564777401
v 0.3258463100000000 0.0393391000000000 -0.0217541200000000
vn -1.6016284937764211 6.0755438844985132 0.0209396586255077
v 0.3269759500000000 0.0396328300000000 -0.0217713300000000
vn -0.8527723219458526 -3.0236031271478199 0.0143754342867415
v 0.3315754000000000 -0.0412804000000000 -0.0461630000000000
vn -1.6963404760906018 -6.0497681004067498 0.0323620245908119
v 0.3266081300000000 -0.0397627600000000 -0.0216204300000000
vn -1.6870945392099801 -6.0523412561248691 0.0359852682274577
v 0.3180807100000000 -0.0370848800000000 0.0289809200000000
vn -1.6870974124864535 -6.0523404578659568 0.0359848183773653
v 0.3134333100000000 -0.0357935900000000 0.0282789700000000
vn -1.6870963655202165 -6.0523407597039185 0.0359831381582389
v 0.3335792300000000 -0.0416997000000000 -0.0205675100000000
vn -1.6870967584823817 -6.0523406456974138 0.0359838891266197
v 0.3366703000000000 -0.0422500600000000 0.0317887100000000
vn -1.6871006204735066 -6.0523395595914575 0.0359854990445116
v 0.3320229000000000 -0.0409587600000000 0.0310867700000000
vn 1.6851560535088106 6.0528870173786773 -0.0350062069997446
v 0.3331949700000000 -0.0414040600000000 0.0106768600000000
vn 1.6851573491027025 6.0528866495223621 -0.0350074442080133
v 0.3291658400000000 -0.0405789000000000 -0.0406021700000000
vn 1.6851549338847434 6.0528873322470371 -0.0350056607448524
v 0.3160600600000000 -0.0368779900000000 -0.0315785300000000
vn 1.6851559838077819 6.0528870365440763 -0.0350062484082568
v 0.3120275100000000 -0.0357392500000000 -0.0288020200000000
vn 0.0291075830723108 6.2831065350341060 -0.0119424603694686
v 0.2323641600000000 -0.0758252700000000 0.0041863400000000
vn 0.0291075862396334 6.2831065350330730 -0.0119424531894700
v 0.2325829800000000 -0.0757980900000000 0.0190157800000000
vn 0.0291096510765003 6.2831065261770336 -0.0119420802325156
v 0.2417675200000000 -0.0758484200000000 0.0149241100000000
vn 0.0291075887458012 6.2831065350106545 -0.0119424588815904
v 0.1947507300000000 -0.0757326500000000 -0.0387647500000000
vn 0.0291075966957334 6.2831065349767874 -0.0119424573132485
v 0.1949695500000000 -0.0757054700000000 -0.0239353100000000
vn 0.0291096510754277 6.2831065261770425 -0.0119420802336364
v 0.2041540800000000 -0.0757558000000000 -0.0280269800000000
vn 0.0291096415636209 6.2831065262178116 -0.0119420819676800
v 0.1956260000000000 -0.0756239600000000 0.0205530300000000
vn 0.0291075809514945 6.2831065350501900 -0.0119424570795605
v 0.1958448200000000 -0.0755967900000000 0.0353824700000000
vn 0.0291075830723111 6.2831065350341060 -0.0119424603694703
v 0.2050293600000000 -0.0756471100000000 0.0312908000000000
vn 2.6556237021420039 -0.0590358150278527 5.6940842221339150
v 0.1958819600000000 -0.0564958400000000 0.0503020400000000
vn 2.6062406310732218 -0.0299796477250403 5.7167504242044780
v 0.1961518100000000 -0.0565380800000000 0.0501757500000000
vn 1.3278568146762852 -0.0295435807299577 2.8470212779860251
v 0.2133479700000000 -0.0183644600000000 0.0425515400000000
vn 2.5568769005545460 -0.0009366915408859 5.7394073947023738
v 0.2424271800000000 0.0193364300000000 0.0295727000000000
vn 2.5568770817380950 -0.0009364608335721 5.7394073140237714
v 0.2516117200000000 0.0192861000000000 0.0254810200000000
vn 2.5568760818879031 -0.0009367139884140 5.7394077594114110
v 0.2516998900000000 0.0383176400000000 0.0254448500000000
vn 2.5568769009121715 -0.0009366918731524 5.7394073945429982
v 0.2053363500000000 -0.0565884100000000 0.0460840700000000
vn 2.5568752792442191 -0.0009369175315790 5.7394081169517923
v 0.2145208900000000 -0.0566387300000000 0.0419924000000000
vn 2.5568760822471099 -0.0009367140755462 5.7394077592511588
v 0.2146090600000000 -0.0376072000000000 0.0419562300000000
vn 2.5568770817392195 -0.0009364608343661 5.7394073140230590
v 0.2420745000000000 -0.0567897100000000 0.0297173800000000
vn 2.5568750980600381 -0.0009371482377811 5.7394081976306746
v 0.2512590400000000 -0.0568400400000000 0.0256257100000000
vn 2.5568750984848139 -0.0009371484864553 5.7394081974414002
v 0.2513472100000000 -0.0378085000000000 0.0255895400000000
vn -2.5599513647102170 0.0009536247744983 -5.7380367465948874
v 0.2320802200000000 -0.0566534200000000 0.0341880200000000
vn -2.5599513647781635 0.0009536246103913 -5.7380367465646014
v 0.2321682000000000 -0.0376626300000000 0.0341519300000000
vn -2.5599492311507888 0.0009541268131232 -5.7380376983702153
v 0.2415346100000000 -0.0567459800000000 0.0299700500000000
vn -2.5599513644895699 0.0009536247791590 -5.7380367466933251
v 0.1942626600000000 -0.0562831500000000 0.0510599000000000
vn -2.5599513647099936 0.0009536247759497 -5.7380367465949869
v 0.1943506400000000 -0.0372923600000000 0.0510238000000000
vn -2.5599513647099919 0.0009536247759500 -5.7380367465949877
v 0.2037170500000000 -0.0563757200000000 0.0468419300000000
vn -2.5599513644895722 0.0009536247791577 -5.7380367466933233
v 0.1946145800000000 0.0196800000000000 0.0509155200000000
vn -2.5599513647099910 0.0009536247759510 -5.7380367465949877
v 0.1947025600000000 0.0386707900000000 0.0508794200000000
vn -2.5599509675989438 0.0009531087028695 -5.7380369238467672
v 0.2040689700000000 0.0195874300000000 0.0466975500000000
vn -2.5599502509393872 0.0009535286154097 -5.7380372435044231
v 0.2417107600000000 -0.0187236600000000 0.0298977900000000
vn -2.5599515781181119 0.0009534991713586 -5.7380366514066932
v 0.2511653400000000 -0.0187754800000000 0.0256797400000000
vn -2.5599502508730549 0.0009535285295349 -5.7380372435340306
v 0.2510771700000000 -0.0378070100000000 0.0257159100000000
vn -2.5599498452897698 0.0009545190439055 -5.7380374243153920
v 0.2042451200000000 0.0576097600000000 0.0466252800000000
vn -2.5599504319773181 0.0009530865857778 -5.7380371628098894
v 0.2136997000000000 0.0575579400000000 0.0424072400000000
vn -2.5599498449351414 0.0009545191275800 -5.7380374244735917
v 0.2136115300000000 0.0385264000000000 0.0424434100000000
vn -2.5599507994723028 0.0009536220981909 -5.7380369987689592
v 0.2420634300000000 0.0574024800000000 0.0297531000000000
vn -2.5599500263935799 0.0009540771014275 -5.7380373435916709
v 0.2515180100000000 0.0573506700000000 0.0255350500000000
vn -2.5599512051894795 0.0009526315051555 -5.7380368179278758
v 0.2514298500000000 0.0383191300000000 0.0255712200000000
vn -0.0000000813351457 0.0000006959397246 0.0000005566548335
v 0.2694684800000000 0.0190868300000000 -0.0358401100000000
vn 0.0000000107038360 -0.0000000915869746 -0.0000000732568906
v 0.2695566500000000 0.0381183600000000 -0.0358762800000000
vn 6.2121972743610590 -0.0269907220873645 0.9414319570203653
v 0.2629213600000000 -0.0569329200000000 0.0051827700000000
vn 6.2121973703847146 -0.0269908770611739 0.9414313189490425
v 0.2641602500000000 -0.0569542000000000 -0.0029928700000000
vn 6.2121972880258118 -0.0269906335394305 0.9414318693898780
v 0.2642484200000000 -0.0379226700000000 -0.0030290400000000
vn 6.2121973700535564 -0.0269908796760185 0.9414313210592822
v 0.2678769200000000 -0.0570180400000000 -0.0275197800000000
vn 3.1060984417347450 -0.0134953535491182 0.4707156234379966
v 0.2691158100000000 -0.0570393200000000 -0.0356954200000000
vn 0.0000000207939113 -0.0000001779223447 -0.0000001423132253
v 0.2692039800000000 -0.0380077800000000 -0.0357315900000000
vn 0.0000000877454692 0.0000006877945745 -0.0000005592854075
v 0.2692921500000000 -0.0189762400000000 -0.0357677600000000
vn -6.2121972847659350 0.0269908782112257 -0.9414318838860558
v 0.2634503700000000 0.0572562900000000 0.0049657300000000
vn -6.2121972966155967 0.0269907224698601 -0.9414318101590723
v 0.2646892600000000 0.0572350100000000 -0.0032099000000000
vn -6.2121973629578644 0.0269898505246446 -0.9414313973858721
v 0.2646010900000000 0.0382034800000000 -0.0031737300000000
vn -6.2121972966156038 0.0269907224697634 -0.9414318101590384
v 0.2684059300000000 0.0571711800000000 -0.0277368100000000
vn -3.1060986743065175 0.0134953517964925 -0.4707157337932709
v 0.2696448200000000 0.0571499000000000 -0.0359124500000000
vn 2.7266184949819134 -0.0233902911417236 -5.6606909544187864
v 0.2378443600000000 0.0191877100000000 -0.0598455800000000
vn 2.7266184949819099 -0.0233902911418726 -5.6606909544187287
v 0.2323671900000000 0.0192080700000000 -0.0624838800000000
vn 2.7266184880915763 -0.0233917782912100 -5.6606909515915440
v 0.2594003600000000 -0.0570198700000000 -0.0491476700000000
vn 2.7266179617344131 -0.0233910327474529 -5.6606912082077647
v 0.2539231900000000 -0.0569995100000000 -0.0517859700000000
vn 2.7266189096446007 -0.0233899345142185 -5.6606907561588446
v 0.2320145200000000 -0.0569180700000000 -0.0623392000000000
vn -0.0927040743828458 -0.0115095827221403 -6.2824908347283737
v 0.1469964400000000 -0.0120735600000000 -0.0638859500000000
vn -0.0927025764021543 -0.0115118663376965 -6.2824908526463341
v 0.1781259400000000 0.0587975100000000 -0.0644751400000000
vn -0.0927026500248237 -0.0115118422926724 -6.2824908516041962
v 0.1840182600000000 0.0587700500000000 -0.0645620400000000
vn -0.0927026327197510 -0.0115118546877720 -6.2824908518367497
v 0.2016952000000000 0.0586876600000000 -0.0648227200000000
vn -0.0927025867698686 -0.0115108288208438 -6.2824908543970146
v 0.1586929000000000 -0.0311600200000000 -0.0640235700000000
vn -0.0927038720151374 -0.0115117151845082 -6.2824908338074348
v 0.1586047300000000 -0.0501915600000000 -0.0639874000000000
vn -0.0927039148273964 -0.0115116974938310 -6.2824908332081417
v 0.1450182100000000 -0.0488503300000000 -0.0637893700000000
vn -0.0927016932071042 -0.0115113532260290 -6.2824908666212949
v 0.2133916700000000 0.0396012000000000 -0.0649603400000000
vn -0.0927019729507692 -0.0115105870905067 -6.2824908638973191
v 0.2133035000000000 0.0205696600000000 -0.0649241700000000
vn -0.0927029025253264 -0.0115109920465344 -6.2824908494387488
v 0.1997169800000000 0.0219108900000000 -0.0647261500000000
vn -0.0927024780487087 -0.0115111248432085 -6.2824908554589163
v 0.2130389900000000 -0.0365249500000000 -0.0648156500000000
vn -0.0927019317411323 -0.0115106048768672 -6.2824908644728055
v 0.2129508200000000 -0.0555564800000000 -0.0647794800000000
vn -0.0927019712959949 -0.0115105881758254 -6.2824908639197483
v 0.1993643000000000 -0.0542152500000000 -0.0645814600000000
vn 0.0927011736072870 0.0115121098784172 6.2824908729018345
v 0.1920498200000000 -0.0186730800000000 -0.0645386500000000
vn 0.0927021502511619 0.0115121157960218 6.2824908584793766
v 0.2115897300000000 0.0573636300000000 -0.0649663000000000
vn 0.0927011730680860 0.0115121100994932 6.2824908729093902
v 0.1894935400000000 0.0574666200000000 -0.0646404400000000
vn 0.0927044944809095 0.0115122111753225 6.2824908237142960
v 0.1755055800000000 -0.0198126900000000 -0.0642924400000000
vn 0.0927006314891941 0.0115104313082099 6.2824908839752345
v 0.1677998200000000 -0.0209934900000000 -0.0641765700000000
vn 0.0927006861747795 0.0115104306684569 6.2824908831695314
v 0.1761446500000000 -0.0388476100000000 -0.0642669900000000
vn 0.0927044346492245 0.0115122091677455 6.2824908246008508
v 0.1729493000000000 0.0563270100000000 -0.0643942300000000
vn 0.0927006913160466 0.0115104333153837 6.2824908830888253
v 0.1652435400000000 0.0551462100000000 -0.0642783600000000
vn 0.0927007551870131 0.0115102597793658 6.2824908824643053
v 0.1735883700000000 0.0372920900000000 -0.0643687800000000
vn 0.0927044944809092 0.0115122111753212 6.2824908237142960
v 0.1421262500000000 0.0516038000000000 -0.0639307600000000
vn 0.0927006913160466 0.0115104333153837 6.2824908830888262
v 0.1344204900000000 0.0504230000000000 -0.0638148900000000
vn 0.0927006861747789 0.0115104306684555 6.2824908831695332
v 0.1427653200000000 0.0325688800000000 -0.0639053100000000
vn -0.2860403250356316 0.0153814053559889 6.2766521290556208
v 0.1616086800000000 -0.0215693600000000 0.0541293300000000
vn -0.2860402910646154 0.0153814468130264 6.2766521305021481
v 0.1396008200000000 -0.0249358900000000 0.0531346400000000
vn -0.2860403239433877 0.0153814073382381 6.2766521291004986
v 0.1619766000000000 -0.0405622000000000 0.0541926400000000
vn -0.2860403250365395 0.0153814053558504 6.2766521290555373
v 0.1601370300000000 0.0544020300000000 0.0538760900000000
vn -0.2860400559936246 0.0153827036403406 6.2766521381344278
v 0.1381291700000000 0.0510355000000000 0.0528813900000000
vn -0.2860398556935319 0.0153821984889446 6.2766521485009292
v 0.1605049500000000 0.0354091900000000 0.0539394000000000
vn -0.2860402927338406 0.0153814417506636 6.2766521304384835
v 0.0721055700000000 0.0409359200000000 0.0498973100000000
vn -0.2860403256116894 0.0153814022760578 6.2766521290369166
v 0.0500977100000000 0.0375693900000000 0.0489026200000000
vn -0.2860403256116897 0.0153814022760581 6.2766521290369175
v 0.0724734800000000 0.0219430700000000 0.0499606200000000
vn -0.2875180048948329 0.0132632288027319 6.2765894471424888
v 0.1175367800000000 -0.0404281900000000 0.0521629900000000
vn -0.2875183999618860 0.0132607134812808 6.2765894343593889
v 0.1174806000000000 -0.0525539600000000 0.0521860400000000
vn -0.2875173835788256 0.0132610122635144 6.2765894802861393
v 0.1399125500000000 -0.0560545000000000 0.0532210000000000
vn -0.2875176295311260 0.0132628573814833 6.2765894651219307
v 0.0280336600000000 0.0220770900000000 0.0479309700000000
vn -0.2875173620112476 0.0132609996920232 6.2765894813008281
v 0.0279774900000000 0.0099513200000000 0.0479540200000000
vn -0.2875173620112467 0.0132609996920246 6.2765894813008281
v 0.0504094400000000 0.0064507700000000 0.0489889700000000
vn -0.2875173780711925 0.0132610793419569 6.2765894803968036
v 0.0278089600000000 -0.0264260000000000 0.0480231600000000
vn -0.2875184054695779 0.0132606464012719 6.2765894342488728
v 0.0277527800000000 -0.0385517700000000 0.0480462000000000
vn -0.2875176171292283 0.0132628354968897 6.2765894657362846
v 0.0501847400000000 -0.0420523100000000 0.0490811600000000
vn 0.1868837262578723 -0.0695207382935173 -3.1352586738793886
v 0.1597129500000000 0.0612691100000000 0.0538358200000000
vn 0.3737338907094074 -0.1389944012735207 -6.2705200052520791
v 0.1601688400000000 0.0612670500000000 0.0538630400000000
vn 0.3306089202820650 -0.0761051055378332 -6.2735562665950440
v 0.1178643200000000 0.0302742100000000 0.0520286100000000
vn 0.3737336764852432 -0.1389924915595068 -6.2705200603684492
v 0.1169525400000000 0.0302783300000000 0.0519741800000000
vn 0.2875182262354456 -0.0132616573293362 -6.2765894403236278
v 0.0727364800000000 -0.0196970600000000 0.0500669800000000
vn 0.2875182286395650 -0.0132616608322385 -6.2765894402060756
v 0.0726485000000000 -0.0386878500000000 0.0501030700000000
vn 0.2875182262354459 -0.0132616573293368 -6.2765894403236286
v 0.0502165400000000 -0.0351873000000000 0.0490681100000000
vn 0.2875182262354463 -0.0132616573293367 -6.2765894403236278
v 0.1628162100000000 0.0422639000000000 0.0540624300000000
vn 0.2875182286393255 -0.0132616608313286 -6.2765894402060907
v 0.1627282300000000 0.0232731100000000 0.0540985300000000
vn 0.2875177360878013 -0.0132620531411217 -6.2765894619400608
v 0.1402962800000000 0.0267736600000000 0.0530635700000000
vn 0.2875182262354462 -0.0132616573293366 -6.2765894403236278
v 0.1624642900000000 -0.0336992500000000 0.0542068100000000
vn 0.2875182286393254 -0.0132616608313286 -6.2765894402060907
v 0.1623763100000000 -0.0526900400000000 0.0542429100000000
vn 0.2875182262354456 -0.0132616573293363 -6.2765894403236278
v 0.1399443600000000 -0.0491894900000000 0.0532079500000000
vn 0.0291088978850493 6.2831065313884036 -0.0119411742759795
v 0.2308891000000000 0.0764373500000000 0.0040175700000000
vn 0.0291070295994782 6.2831065391813574 -0.0119416274502904
v 0.2311092200000000 0.0764646800000000 0.0189354500000000
vn 0.0291070295994926 6.2831065391813636 -0.0119416274491139
v 0.2410197000000000 0.0764108100000000 0.0147446200000000
vn 0.0291089038488644 6.2831065313563954 -0.0119411765793139
v 0.1903667200000000 0.0765435300000000 -0.0388906200000000
vn 0.0291091032691659 6.2831065279633318 -0.0119424756076241
v 0.1905868400000000 0.0765708600000000 -0.0239727400000000
vn 0.0291070391605322 6.2831065391296388 -0.0119416313608837
v 0.2004973100000000 0.0765169800000000 -0.0281635700000000
vn 0.0291070408423959 6.2831065391294105 -0.0119416273824979
v 0.1912472100000000 0.0766528600000000 0.0207808900000000
vn 0.0291090937069778 6.2831065280150709 -0.0119424716947774
v 0.1914673400000000 0.0766802000000000 0.0356987700000000
vn 0.0291078160671361 6.2831065348721200 -0.0119419783471585
v 0.2013778100000000 0.0766263200000000 0.0315079400000000
vn -0.9502000321463560 6.2109202643135415 0.0026407575744920
v 0.0708005000000000 0.0598123900000000 -0.0136773200000000
vn -0.9501998961110973 6.2109202849396041 0.0026411953681871
v 0.0705803800000000 0.0597850600000000 -0.0285952000000000
vn -0.9501991803767667 6.2109203948629279 0.0026401967599395
v 0.0486492300000000 0.0564280600000000 -0.0243907100000000
vn -0.9501999230668479 6.2109202807075086 0.0026414496973864
v 0.1594055900000000 0.0733497400000000 0.0291762100000000
vn -0.9501999671506226 6.2109202744200980 0.0026403739237523
v 0.1591854700000000 0.0733224100000000 0.0142583300000000
vn -0.9501999670754967 6.2109202744318921 0.0026403732167089
v 0.1372543200000000 0.0699654000000000 0.0184628300000000
vn -0.9501999941372173 6.2109202701833759 0.0026406279051566
v 0.1585251000000000 0.0732404000000000 -0.0304953000000000
vn -0.9501999610763273 6.2109202748373518 0.0026415793684393
v 0.1583049700000000 0.0732130700000000 -0.0454131800000000
vn -0.9501992182358642 6.2109203890166045 0.0026403250165227
v 0.1363738300000000 0.0698560700000000 -0.0412086800000000
vn 0.9501647840522689 -6.2109259457535524 -0.0018395297222388
v 0.1201396900000000 0.0673542000000000 -0.0201972700000000
vn 0.9501647840522711 -6.2109259457535524 -0.0018395297222382
v 0.0981318200000000 0.0639876700000000 -0.0211919700000000
vn 0.9501648003877959 -6.2109259425592382 -0.0018418744867275
v 0.1122138000000000 0.0661460600000000 -0.0349992800000000
vn 0.9501641671153234 -6.2109260394260755 -0.0018419167984794
v 0.1518432400000000 0.0721867400000000 0.0390107700000000
vn 0.9501638724340311 -6.2109260844847620 -0.0018419930868416
v 0.1298353700000000 0.0688202200000000 0.0380160700000000
vn 0.9501641922543712 -6.2109260358533867 -0.0018409973768489
v 0.1439173500000000 0.0709786100000000 0.0242087600000000
vn 0.9501647836337520 -6.2109259458176460 -0.0018395294929446
v 0.0638117700000000 0.0587206300000000 0.0350319900000000
vn 0.9501647840522702 -6.2109259457535515 -0.0018395297222385
v 0.0418039100000000 0.0553541000000000 0.0340373000000000
vn 0.9501649715252805 -6.2109259163960164 -0.0018418137055897
v 0.0558858900000000 0.0575124900000000 0.0202299800000000
vn -0.9695789081780944 -6.2078750328632708 0.0249383542569130
v 0.1311991600000000 -0.0669681400000000 0.0189727700000000
vn -0.9695789155485603 -6.2078750316950151 0.0249383585138860
v 0.1454041000000000 -0.0692031400000000 0.0148925300000000
vn -0.9695789155485590 -6.2078750316950151 0.0249383585138817
v 0.1537745200000000 -0.0704508800000000 0.0297264200000000
vn -0.9695789155480820 -6.2078750316955977 0.0249383585126918
v 0.0408977100000000 -0.0530371800000000 -0.0240418200000000
vn -0.9695787079910207 -6.2078750659076380 0.0249379117037465
v 0.0551026600000000 -0.0552721800000000 -0.0281220600000000
vn -0.9695788416631985 -6.2078750431072587 0.0249383903953424
v 0.0634730700000000 -0.0565199200000000 -0.0132881700000000
vn -0.9695787006192501 -6.2078750670761096 0.0249379074455084
v 0.0977175100000000 -0.0619771600000000 -0.0403627900000000
vn -0.9695787079910195 -6.2078750659076363 0.0249379117037456
v 0.1119224600000000 -0.0642121500000000 -0.0444430300000000
vn -0.9695787079910195 -6.2078750659076380 0.0249379117037459
v 0.1202928700000000 -0.0654599000000000 -0.0296091400000000
vn -0.9705524798628679 -6.2077206223844490 0.0254982864500649
v 0.1680305000000000 -0.0727552900000000 0.0106904400000000
vn -0.9705489723567433 -6.2077211698268888 0.0254985152666854
v 0.1764519400000000 -0.0740724500000000 0.0105685900000000
vn -0.9705495505581101 -6.2077210738071278 0.0254998835721930
v 0.1764009100000000 -0.0740030400000000 0.0255243300000000
vn -0.9705494601581754 -6.2077210888196470 0.0254996696430836
v 0.1345488500000000 -0.0677643000000000 -0.0486451200000000
vn -0.9705518710436742 -6.2077207146660731 0.0254989935947972
v 0.1429703000000000 -0.0690814600000000 -0.0487669700000000
vn -0.9705524798628706 -6.2077206223844481 0.0254982864500656
v 0.1429192600000000 -0.0690120500000000 -0.0338112300000000
vn -0.9705500032371337 -6.2077210026226197 0.0254999833399748
v 0.1682346300000000 -0.0730329400000000 -0.0491325200000000
vn -0.9705488673005340 -6.2077211871660358 0.0254982928732545
v 0.1766560700000000 -0.0743500900000000 -0.0492543800000000
vn -0.9705524141227457 -6.2077206284693531 0.0254993072917662
v 0.1766050400000000 -0.0742806800000000 -0.0342986300000000
vn 0.9695366169172926 6.2078810361918411 -0.0250877119702137
v 0.1467533600000000 -0.0694143400000000 0.0142610500000000
vn 0.9695368256214700 6.2078810028053804 -0.0250879078856453
v 0.1325484100000000 -0.0671793400000000 0.0183412900000000
vn 0.9695366133017218 6.2078810367808366 -0.0250877059531879
v 0.1553936300000000 -0.0707043200000000 0.0289686500000000
vn 0.9695366925530282 6.2078810255435064 -0.0250874238922736
v 0.1121923100000000 -0.0642543900000000 -0.0445693200000000
vn 0.9695366895348044 6.2078810249741165 -0.0250876813965262
v 0.0979873600000000 -0.0620194000000000 -0.0404890800000000
vn 0.9695368290646832 6.2078810022164870 -0.0250879204095220
v 0.1208325700000000 -0.0655443800000000 -0.0298617300000000
vn 0.9695368256203249 6.2078810028055802 -0.0250879078832691
v 0.0553725200000000 -0.0553144200000000 -0.0282483600000000
vn 0.9695366133017210 6.2078810367808366 -0.0250877059531868
v 0.0411675700000000 -0.0530794200000000 -0.0241681100000000
vn 0.9695366961685614 6.2078810249545180 -0.0250874299091675
v 0.0640127800000000 -0.0566044000000000 -0.0135407600000000
vn 0.9698083515294260 6.2078361431682314 -0.0256862849612056
v 0.1184868700000000 -0.0649265400000000 0.0321402200000000
vn 0.9698068908006494 6.2078363847157929 -0.0256830585208785
v 0.1186302800000000 -0.0649087300000000 0.0418589100000000
vn 0.9698082767482858 6.2078361546459107 -0.0256863344730987
v 0.1413320800000000 -0.0684515200000000 0.0427675800000000
vn 0.9698082712224757 6.2078361555095025 -0.0256863343930866
v 0.0271060200000000 -0.0508266200000000 -0.0103691800000000
vn 0.9698068441580879 6.2078363904489109 -0.0256834341022724
v 0.0272494300000000 -0.0508088100000000 -0.0006504900000000
vn 0.9698082712224747 6.2078361555095025 -0.0256863343930867
v 0.0499512400000000 -0.0543516000000000 0.0002581700000000
vn 0.9698068932254312 6.2078363842889717 -0.0256830701245676
v 0.0276796500000000 -0.0507553900000000 0.0285055700000000
vn 0.9698063552823230 6.2078364665044887 -0.0256835108379256
v 0.0278230500000000 -0.0507375900000000 0.0382242600000000
vn 0.9698074320818288 6.2078362870064536 -0.0256862367962521
v 0.0505248600000000 -0.0542803700000000 0.0391329300000000
vn 0.0000000000000000 -0.0000000000000000 -0.0000000000000001
v 0.2641457200000000 0.0056383600000000 -0.0007283100000000
vn 0.0000000000000000 -0.0000000000000000 0.0000000000000000
v 0.2677815500000000 -0.0161730100000000 -0.0238543700000000
vn 0.0000000000000000 -0.0000000000000000 -0.0000000000000001
v 0.2640953400000000 -0.0052366500000000 -0.0007076400000000
vn 0.0000000000000000 0.0000000000000000 0.0000000000000001
v 0.2679327000000000 0.0164520300000000 -0.0239163800000000
vn 0.0000000000000000 -0.0000000000000000 -0.0000000000000001
v 0.2641961000000000 0.0165133700000000 -0.0007489800000000
vn 0.0000000000000000 0.0000000000000000 -0.0000000000000000
v 0.3034667600000000 0.0053988900000000 -0.0308787800000000
vn 0.0000000000000000 0.0000000000000000 0.0000000000000000
v 0.3036869100000000 -0.0163112900000000 -0.0090890200000000
vn 0.0000000000000000 -0.0000000000000000 0.0000000000000000
v 0.3034163800000000 -0.0054761200000000 -0.0308581100000000
vn 0.0000000000000000 0.0000000000000000 0.0000000000000000
v 0.3038380500000000 0.0163137500000000 -0.0091510300000000
vn 0.0927023789388981 0.0115125067594798 6.2824908543892537
v -0.1306241400000000 0.0550980400000000 -0.0599125400000000
vn 0.0927023707562098 0.0115125407814782 6.2824908544476497
v -0.1196601400000000 0.0539186700000000 -0.0600721600000000
vn 0.0927023934250722 0.0115124823099126 6.2824908542203035
v -0.1196129100000000 0.0641141900000000 -0.0600915400000000
vn 0.0927040553968875 0.0115086243625916 6.2824908367633210
v -0.1746690600000000 0.0190334600000000 -0.0591965500000000
vn 0.0927020623280893 0.0115094028594026 6.2824908647473086
v -0.1637050700000000 0.0178540800000000 -0.0593561700000000
vn 0.0927020478416046 0.0115094273069968 6.2824908649162952
v -0.1636578300000000 0.0280496000000000 -0.0593755400000000
vn 0.0927023717724033 0.0115125365563530 6.2824908544403977
v -0.1308130700000000 0.0143159600000000 -0.0598350300000000
vn 0.0927024101167788 0.0115124922849325 6.2824908539557276
v -0.1198490700000000 0.0131365800000000 -0.0599946500000000
vn 0.0927020396593382 0.0115094613305396 6.2824908649747115
v -0.1198018400000000 0.0233321000000000 -0.0600140300000000
vn 1.7661591916697581 6.0297364977846781 -0.0371090462328512
v -0.0656625700000000 0.0709499600000000 -0.0298274500000000
vn 1.7661591962138588 6.0297364963357145 -0.0371090654011974
v -0.0658058700000000 0.0709321600000000 -0.0395393300000000
vn 1.7661587948892619 6.0297366109572268 -0.0371095414133455
v -0.0800076300000000 0.0750693300000000 -0.0432189000000000
vn 1.7661587903463523 6.0297366124040677 -0.0371095222448220
v -0.0082823300000000 0.0544724800000000 0.0237383400000000
vn 1.7661576349418511 6.0297369567453503 -0.0371085614908438
v -0.0084256300000000 0.0544546900000000 0.0140264600000000
vn 1.7661591962152521 6.0297364963335705 -0.0371090654028773
v -0.0226273900000000 0.0585918500000000 0.0103468900000000
vn 1.7661587948886381 6.0297366109574417 -0.0371095414111255
v -0.0088555500000000 0.0544013000000000 -0.0151091700000000
vn 1.7661576349408554 6.0297369567468175 -0.0371085614866341
v -0.0089988600000000 0.0543835100000000 -0.0248210400000000
vn 1.7661596535250916 6.0297363614768322 -0.0371092130042029
v -0.0232006100000000 0.0585206700000000 -0.0285006100000000
vn 0.0145552958744660 3.1415532858436968 -0.0059760202191243
v -0.1667126500000000 0.0837839500000000 0.0389720600000000
vn 0.0291105227552309 6.2831064984434608 -0.0119545401355279
v -0.1657815600000000 0.0837796100000000 0.0389583300000000
vn 0.0291094407713411 6.2831065147981873 -0.0119485744476982
v -0.2666852700000000 0.0842105200000000 0.0197266000000000
vn 0.0291105524369978 6.2831064980251021 -0.0119546877832110
v -0.2685474500000000 0.0842192000000000 0.0197540600000000
vn 0.0291082253465001 6.2831065334178797 -0.0119417457191237
v -0.3733760900000000 0.0846425700000000 -0.0130153100000000
vn 0.0291082249924651 6.2831065334319076 -0.0119417391988747
v -0.3735766600000000 0.0846176600000000 -0.0266078800000000
vn 0.0291082249299664 6.2831065334128162 -0.0119417493975967
v -0.4266212100000000 0.0848710400000000 -0.0225899800000000
vn 0.0291082252445262 6.2831065334153084 -0.0119417473196821
v -0.1603955900000000 0.0837286700000000 0.0252833700000000
vn 0.0291082249299693 6.2831065334128153 -0.0119417493975784
v -0.1605961600000000 0.0837037600000000 0.0116908100000000
vn 0.0291082244723227 6.2831065334336671 -0.0119417395459050
v -0.2136407100000000 0.0839571400000000 0.0157087000000000
vn 0.0291082234569670 6.2831065334213232 -0.0119417485117974
v -0.1611978600000000 0.0836290500000000 -0.0290868900000000
vn 0.0291082239769122 6.2831065334195735 -0.0119417481650464
v -0.1613984300000000 0.0836041400000000 -0.0426794500000000
vn 0.0291082248890893 6.2831065334387146 -0.0119417358689957
v -0.2144429900000000 0.0838575200000000 -0.0386615600000000
vn -0.0291091366838132 -6.2831065271629960 0.0119428152719822
v -0.1241717700000000 0.0835795300000000 0.0351090600000000
vn -0.0291107840817244 -6.2831065171813307 0.0119440512840729
v -0.1423214600000000 0.0836124400000000 0.0081856700000000
vn -0.0145553570339720 -3.1415536989200095 0.0059720081971663
v -0.1404592800000000 0.0836037600000000 0.0081582100000000
vn -0.0291081255844556 -6.2831065333300469 0.0119420352961272
v -0.2178386700000000 0.0839017300000000 -0.0236766000000000
vn -0.0291087700600508 -6.2831065293970942 0.0119425336774444
v -0.2700852100000000 0.0841342500000000 -0.0286910000000000
vn -0.0291083199100099 -6.2831065361592993 0.0119400726482879
v -0.2280773800000000 0.0839236100000000 -0.0371211300000000
vn -0.0291081255478829 -6.2831065333470137 0.0119420264583654
v -0.1768838600000000 0.0838142100000000 0.0301015300000000
vn -0.0291081206713944 -6.2831065333570235 0.0119420330777027
v -0.2291304000000000 0.0840467300000000 0.0250871300000000
vn -0.0291081402900286 -6.2831065332176479 0.0119420585912070
v -0.1871225600000000 0.0838360900000000 0.0166570000000000
vn -0.0291081207539184 -6.2831065333759648 0.0119420229120427
v -0.3858700300000000 0.0847442800000000 0.0100439300000000
vn -0.0291081211498730 -6.2831065333743439 0.0119420227984994
v -0.4381165700000000 0.0849767900000000 0.0050295300000000
vn -0.0291081198343601 -6.2831065333629006 0.0119420320251759
v -0.3961087300000000 0.0847661600000000 -0.0034006100000000
vn -0.6689790234407859 -6.2474338944895056 0.0213167665780140
v -0.2678554200000000 0.0188515000000000 -0.0389642100000000
vn -0.6689787021446839 -6.2474339281428648 0.0213169867339138
v -0.2679229100000000 0.0188431200000000 -0.0435382100000000
vn -0.6689789611376069 -6.2474339011640616 0.0213167656709551
v -0.4796629100000000 0.0416490900000000 -0.0046379600000000
vn -0.6689789418645435 -6.2474339008806989 0.0213174535378599
v -0.4797304000000000 0.0416407100000000 -0.0092119600000000
vn -0.6689790234407860 -6.2474338944895047 0.0213167665780136
v -0.4799328800000000 0.0416155700000000 -0.0229339700000000
vn -0.6689786580101189 -6.2474339306463333 0.0213176380554396
v -0.4800003700000000 0.0416071900000000 -0.0275079700000000
vn 0.6684891357900655 6.2474751872601422 -0.0243652263839474
v -0.2155661000000000 0.0132916600000000 -0.0293656600000000
vn 0.6684888715801962 6.2474752079690372 -0.0243671651367738
v -0.1633442800000000 0.0077234500000000 -0.0243411200000000
vn 0.6684888717559269 6.2474752079559464 -0.0243671636725951
v -0.1626142300000000 0.0075922600000000 -0.0379472300000000
vn 0.6684888084077637 6.2474752146829919 -0.0243671768192023
v -0.4273735900000000 0.0360892600000000 0.0049605800000000
vn 0.6684895152824644 6.2474751474563091 -0.0243650206363559
v -0.3751517700000000 0.0305210400000000 0.0099851200000000
vn 0.6684891983553060 6.2474751805411550 -0.0243652326430506
v -0.3744217200000000 0.0303898600000000 -0.0036209800000000
vn 0.6684894813938651 6.2474751509974071 -0.0243650424399128
v -0.2184863000000000 0.0138163900000000 0.0250587500000000
vn 0.6684891430248973 6.2474751782227118 -0.0243673449695342
v -0.1662644800000000 0.0082481700000000 0.0300832900000000
vn 0.6684895154581617 6.2474751474432182 -0.0243650191724530
v -0.1655344300000000 0.0081169900000000 0.0164771900000000
vn -0.0291085446065311 -6.2831065331570501 0.0119411044695544
v -0.0374279300000000 0.0015169800000000 -0.0145906600000000
vn -0.0291080197630479 -6.2831065331548039 0.0119423853069946
v -0.0376285000000000 0.0014920800000000 -0.0281832300000000
vn -0.0291085446076478 -6.2831065331570333 0.0119411044688947
v -0.0234078500000000 0.0014331800000000 -0.0245114100000000
vn -0.0291085446064477 -6.2831065331570572 0.0119411044679794
v -0.0935082500000000 0.0018522100000000 0.0250923200000000
vn -0.0291080197629823 -6.2831065331548093 0.0119423853054164
v -0.0937088200000000 0.0018273100000000 0.0114997600000000
vn -0.0291085446075673 -6.2831065331570413 0.0119411044673046
v -0.0794881700000000 0.0017684100000000 0.0151715800000000
vn -0.0291080261221644 -6.2831065331538642 0.0119423702999291
v -0.0943105300000000 0.0017525900000000 -0.0292779400000000
vn -0.0291085420086132 -6.2831065331668379 0.0119411056451816
v -0.0945110900000000 0.0017276900000000 -0.0428705100000000
vn -0.0291085446075673 -6.2831065331570422 0.0119411044673046
v -0.0802904500000000 0.0016687800000000 -0.0391986900000000
vn 0.0463495979161473 0.0057557444119430 3.1412465144384916
v -0.1137948500000000 0.0129003800000000 0.0486810200000000
vn 0.0927016077853466 0.0115089968152601 6.2824908721978128
v -0.0929282100000000 0.0528725200000000 0.0482998800000000
vn 0.0927026696931377 0.0115094129311312 6.2824908557668415
v -0.0787648300000000 0.0528065100000000 0.0480910100000000
vn 0.0927026968139180 0.0115125257090905 6.2824908496640601
v -0.0928809800000000 0.0630680400000000 0.0482805000000000
vn 0.0927025666862352 0.0115127965228619 6.2824908510878981
v -0.0931171500000000 0.0120904400000000 0.0483773900000000
vn 0.0927026980595786 0.0115125302279578 6.2824908496373988
v -0.0789537600000000 0.0120244200000000 0.0481685200000000
vn 0.0927025293943063 0.0115118824456420 6.2824908533130914
v -0.0930699100000000 0.0222859600000000 0.0483580100000000
vn 0.0927026769633820 0.0115124983956369 6.2824908500070222
v -0.0364636100000000 0.0118263800000000 0.0475419100000000
vn 0.0927026723175064 0.0115125201986032 6.2824908500356225
v -0.0223002200000000 0.0117603700000000 0.0473330400000000
vn 0.0927026867833509 0.0115124893217320 6.2824908498787488
v -0.0364163700000000 0.0220219100000000 0.0475225300000000
vn 1.5707421136573738 -0.0188409870733926 -6.0836528364088629
v -0.0802548500000000 0.0526214900000000 -0.0528881400000000
vn 1.5707421155546630 -0.0188409888659018 -6.0836528359134494
v -0.0944754900000000 0.0526803900000000 -0.0565599600000000
vn 1.5707420740147451 -0.0188406629692134 -6.0836528476480378
v -0.0944282600000000 0.0628759100000000 -0.0565793400000000
vn 1.5707419158355513 -0.0188405135256666 -6.0836528889512334
v -0.0235611900000000 0.0116037900000000 -0.0381233500000000
vn 1.5707421112846638 -0.0188409813926793 -6.0836528370390708
v -0.0377818400000000 0.0116626900000000 -0.0417951700000000
vn 1.5707421112846636 -0.0188409813926793 -6.0836528370390708
v -0.0377346000000000 0.0218582200000000 -0.0418145500000000
vn 1.5707420759121109 -0.0188406647617582 -6.0836528471526039
v -0.0804437800000000 0.0118394000000000 -0.0528106300000000
vn 1.5707417540877684 -0.0188411343724715 -6.0836529287902090
v -0.0946644300000000 0.0118983000000000 -0.0564824500000000
vn 1.5707414986399622 -0.0188404025829554 -6.0836529970104722
v -0.0946171900000000 0.0220938200000000 -0.0565018300000000
vn -0.5734832236342051 -0.0092364307125474 -6.2569520762828903
v -0.4068371200000000 0.0518894400000000 -0.0396527000000000
vn -0.5734832236342050 -0.0092364307125462 -6.2569520762828903
v -0.4068791200000000 0.0428221700000000 -0.0396354600000000
vn -0.5734828534093259 -0.0092364155961430 -6.2569521102383447
v -0.4489344900000000 0.0473338100000000 -0.0357875200000000
vn -0.5734828570456074 -0.0092327305092087 -6.2569521153449452
v -0.2384476200000000 0.0701119600000000 -0.0551133900000000
vn -0.5734828541316984 -0.0092366621768059 -6.2569521098079282
v -0.2384896300000000 0.0610446900000000 -0.0550961600000000
vn -0.5734832236342301 -0.0092364307121154 -6.2569520762832624
v -0.2805449900000000 0.0655563300000000 -0.0512482200000000
vn -0.5734828535836579 -0.0092366672747983 -6.2569521098510323
v -0.2386156500000000 0.0338428700000000 -0.0550444500000000
vn -0.5734828572200160 -0.0092329821878609 -6.2569521149575698
v -0.2386576500000000 0.0247756000000000 -0.0550272200000000
vn -0.5734828561788500 -0.0092359460154867 -6.2569521106779398
v -0.2807130200000000 0.0292872400000000 -0.0511792800000000
vn 0.5734826450091975 0.0092382688274348 6.2569521266004005
v -0.3227663100000000 0.0342473800000000 -0.0473321900000000
vn 0.5734823919598560 0.0092318960417678 6.2569521592037596
v -0.3227883500000000 0.0294895000000000 -0.0473231500000000
vn 0.5734826841092843 0.0092316835993816 6.2569521327402020
v -0.4908996100000000 0.0713254900000000 -0.0319766100000000
vn 0.5734829392345646 0.0092374443513818 6.2569521008517155
v -0.4909216500000000 0.0665676000000000 -0.0319675700000000
vn 0.5734826840516802 0.0092316933010924 6.2569521327311683
v -0.4909877800000000 0.0522939500000000 -0.0319404400000000
vn 0.5734834106782232 0.0092382341374107 6.2569520564745398
v -0.4910098200000000 0.0475360700000000 -0.0319314000000000
vn -0.0463503831255354 -0.0057562457039761 -3.1412454391067359
v -0.1151601500000000 -0.0089050700000000 0.0487411200000000
vn -0.0927022254255597 -0.0115124993854790 -6.2824908566679563
v -0.0940122400000000 -0.0490253400000000 0.0485025800000000
vn -0.0927029054846134 -0.0115100184690722 -6.2824908511783359
v -0.0798623500000000 -0.0490912900000000 0.0482939100000000
vn -0.0927037819753193 -0.0115087954640322 -6.2824908404847095
v -0.0940594800000000 -0.0592208600000000 0.0485219600000000
vn -0.0927036507222606 -0.0115088730897452 -6.2824908422791594
v -0.0938233100000000 -0.0082432500000000 0.0484250700000000
vn -0.0927037722778757 -0.0115088319367832 -6.2824908405609570
v -0.0796734200000000 -0.0083092000000000 0.0482163900000000
vn -0.0927028081231364 -0.0115100091129114 -6.2824908526321703
v -0.0938705400000000 -0.0184387700000000 0.0484444400000000
vn -0.0927022254517171 -0.0115125050312127 -6.2824908566572253
v -0.0372237400000000 -0.0085070500000000 0.0475903800000000
vn -0.0927022482927987 -0.0115124958901259 -6.2824908563369402
v -0.0230738500000000 -0.0085730000000000 0.0473817100000000
vn -0.0927022482927987 -0.0115124958901259 -6.2824908563369419
v -0.0372709800000000 -0.0187025700000000 0.0476097600000000
vn 1.7117474510635926 -6.0455055359879637 -0.0141803551713447
v -0.0670831200000000 -0.0676686600000000 -0.0390083700000000
vn 1.7117471689018839 -6.0455056110681502 -0.0141824058825440
v -0.0669417200000000 -0.0676511000000000 -0.0294255400000000
vn 1.7117477388925755 -6.0455054541546138 -0.0141804985363466
v -0.0813110700000000 -0.0716883200000000 -0.0428016900000000
vn 1.7117478462027014 -6.0455054252220544 -0.0141798797062371
v -0.0101713200000000 -0.0515900300000000 -0.0238351200000000
vn 1.7117477342607961 -6.0455054554662411 -0.0141804984654153
v -0.0100299200000000 -0.0515724700000000 -0.0142522900000000
vn 1.7117475642565130 -6.0455055042538062 -0.0141802205661945
v -0.0243992700000000 -0.0556096900000000 -0.0276284300000000
vn 1.7117471652067884 -6.0455056121171795 -0.0141824046961064
v -0.0096057100000000 -0.0515198000000000 0.0144962000000000
vn 1.7117459894413534 -6.0455059513383045 -0.0141797150112759
v -0.0094643100000000 -0.0515022400000000 0.0240790300000000
vn 1.7117458762489115 -6.0455059830723279 -0.0141798496161669
v -0.0238336600000000 -0.0555394500000000 0.0107028900000000
vn 1.7117467584114547 -6.0455057307590954 -0.0141809302296735
v -0.0809691100000000 -0.0716458600000000 -0.0196262900000000
vn 1.7117470473131260 -6.0455056481715879 -0.0141812655104206
v -0.0951378900000000 -0.0756581700000000 -0.0194098700000000
vn 1.7117470451517216 -6.0455056487894572 -0.0141812630023885
v -0.0953384600000000 -0.0756830700000000 -0.0330024300000000
vn 1.7117472828216929 -6.0455055834998648 -0.0141804081213428
v -0.0234916900000000 -0.0554969900000000 0.0338782800000000
vn 1.7117475717232700 -6.0455055009129381 -0.0141807434004720
v -0.0376604800000000 -0.0595093000000000 0.0340947100000000
vn 1.7117482052657309 -6.0455053198106912 -0.0141814759956060
v -0.0378610500000000 -0.0595342100000000 0.0205021400000000
vn 1.7117482076591810 -6.0455053191264891 -0.0141814787725735
v -0.0801668300000000 -0.0715462300000000 0.0347439700000000
vn 1.7117484931648421 -6.0455052375035594 -0.0141818127649000
v -0.0943356200000000 -0.0755585500000000 0.0349603900000000
vn 1.7117472862176693 -6.0455055825352924 -0.0141804094106194
v -0.0945361900000000 -0.0755834500000000 0.0213678300000000
vn -1.7127415884473258 6.0452273722669378 0.0126440954327305
v -0.0802250600000000 -0.0715212100000000 0.0155748900000000
vn -1.7127422264718435 6.0452271932921811 0.0126432389539122
v -0.0942284400000000 -0.0754807200000000 0.0117781500000000
vn -1.7127412410424665 6.0452274703373474 0.0126442660804820
v -0.0942524500000000 -0.0755159600000000 0.0253741400000000
vn -1.7127424449018158 6.0452271310522452 0.0126434081869079
v -0.0241155300000000 -0.0555422000000000 -0.0236221200000000
vn -1.7127422264722831 6.0452271932914377 0.0126432389537290
v -0.0381189100000000 -0.0595017100000000 -0.0274188600000000
vn -1.7127424672270695 6.0452271241930378 0.0126436637704052
v -0.0381429100000000 -0.0595369500000000 -0.0138228700000000
vn -1.7127412410424658 6.0452274703373465 0.0126442660804859
v -0.0801290400000000 -0.0713802600000000 -0.0388090700000000
vn -1.7127422264718426 6.0452271932921819 0.0126432389539145
v -0.0941324200000000 -0.0753397700000000 -0.0426058100000000
vn -1.7127412410424647 6.0452274703373474 0.0126442660804826
v -0.0941564300000000 -0.0753750100000000 -0.0290098200000000
vn -0.0291080411595188 -6.2831065342709769 0.0119417458192217
v -0.3743964300000000 -0.0784133100000000 -0.0038976700000000
vn -0.0291080419431972 -6.2831065342663504 0.0119417463428864
v -0.3741958600000000 -0.0783884000000000 0.0096948900000000
vn -0.0291083294140746 -6.2831065325773636 0.0119419343165561
v -0.4273341500000000 -0.0781519100000000 0.0045985100000000
vn -0.0291080400458987 -6.2831065342932124 0.0119417368320798
v -0.1626455300000000 -0.0794588900000000 -0.0378824000000000
vn -0.0291080414599404 -6.2831065342882741 0.0119417359846780
v -0.1624449700000000 -0.0794339900000000 -0.0242898300000000
vn -0.0291080406145152 -6.2831065342741992 0.0119417454532108
v -0.2155832600000000 -0.0791975000000000 -0.0293862200000000
vn -0.0291083277172382 -6.2831065325986266 0.0119419272635533
v -0.1618432600000000 -0.0793592700000000 0.0164878700000000
vn -0.0291083452721814 -6.2831065332267446 0.0119415539158814
v -0.1616427000000000 -0.0793343700000000 0.0300804300000000
vn -0.0291083466860821 -6.2831065332218152 0.0119415530685234
v -0.2147809900000000 -0.0790978700000000 0.0249840500000000
vn 0.0291075447015563 6.2831065372950299 -0.0119413649897518
v -0.1250804600000000 -0.0795452800000000 0.0082302200000000
vn 0.0291084703619220 6.2831065335737177 -0.0119410660129650
v -0.1361243600000000 -0.0794938100000000 0.0083930900000000
vn 0.0291090878837247 6.2831065277070355 -0.0119426478256232
v -0.1259060900000000 -0.0795155900000000 0.0218379200000000
vn 0.0291084577782568 6.2831065336400123 -0.0119410618154629
v -0.1217779200000000 -0.0796640300000000 -0.0462005800000000
vn 0.0291075501122720 6.2831065372705872 -0.0119413646618131
v -0.1328218200000000 -0.0796125600000000 -0.0460377100000000
vn 0.0291084607412596 6.2831065336169969 -0.0119410666998079
v -0.1226035500000000 -0.0796343500000000 -0.0325928800000000
vn 0.0291068960724019 6.2831065389182159 -0.0119420919388172
v -0.1659535200000000 -0.0794581400000000 -0.0455491100000000
vn 0.0291084691828662 6.2831065335849079 -0.0119410630023487
v -0.1769974200000000 -0.0794066700000000 -0.0453862500000000
vn 0.0291068960733906 6.2831065389182132 -0.0119420919383483
v -0.1667791500000000 -0.0794284500000000 -0.0319414100000000
vn 0.0291081478601385 6.2831065334228420 -0.0119419320050410
v -0.1891251600000000 -0.0792402400000000 0.0126143600000000
vn 0.0291081478598935 6.2831065334228429 -0.0119419320030246
v -0.2310820600000000 -0.0790381500000000 0.0166727800000000
vn 0.0291081463275947 6.2831065334357525 -0.0119419289491087
v -0.1789068900000000 -0.0792620300000000 0.0260592000000000
vn 0.0291081487854551 6.2831065334087732 -0.0119419371484204
v -0.2299982200000000 -0.0791531000000000 -0.0411649700000000
vn 0.0291081487094614 6.2831065334194705 -0.0119419317048158
v -0.2719551200000000 -0.0789510100000000 -0.0371065600000000
vn 0.0291081466758399 6.2831065334343705 -0.0119419288239101
v -0.2197799600000000 -0.0791748900000000 -0.0277201400000000
vn 0.0291081487854536 6.2831065334087803 -0.0119419371485589
v -0.3978258300000000 -0.0783447400000000 -0.0249313200000000
vn 0.0291081477340047 6.2831065334048279 -0.0119419417885795
v -0.4397827300000000 -0.0781426500000000 -0.0208729100000000
vn 0.0291081487092009 6.2831065334194864 -0.0119419317030838
v -0.3876075600000000 -0.0783665300000000 -0.0114864900000000
vn -0.6115516099739106 6.2533524070746980 -0.0024301499234448
v -0.2685454100000000 -0.0137254100000000 -0.0431564300000000
vn -0.6115515569178872 6.2533524124072191 -0.0024297796509602
v -0.2684823300000000 -0.0137175800000000 -0.0388815200000000
vn -0.6115518472285586 6.2533523812316414 -0.0024369247175540
v -0.4806493900000000 -0.0344617100000000 -0.0262299700000000
vn -0.6115521913879844 6.2533523475103481 -0.0024370870456699
v -0.4805863100000000 -0.0344538700000000 -0.0219550700000000
vn -0.6115521123993001 6.2533523553726234 -0.0024367352969012
v -0.4803970700000000 -0.0344303800000000 -0.0091303600000000
vn -0.6115521341117801 6.2533523531125450 -0.0024370850591495
v -0.4803339900000000 -0.0344225400000000 -0.0048554600000000
vn -0.6112888099625388 6.2533785260373129 -0.0007779860611657
v -0.2162824800000000 -0.0086125700000000 -0.0295052300000000
vn -0.6112885379325217 6.2533785526080052 -0.0007781563224046
v -0.1641457000000000 -0.0035153900000000 -0.0244038400000000
vn -0.6112884864919714 6.2533785577089791 -0.0007775732602846
v -0.1633195600000000 -0.0034363200000000 -0.0380117500000000
vn -0.6112885885687753 6.2533785473950765 -0.0007802705060440
v -0.4281341400000000 -0.0293175300000000 0.0045208400000000
vn -0.6112885885687752 6.2533785473950774 -0.0007802705060430
v -0.3759973600000000 -0.0242203500000000 0.0096222200000000
vn -0.6112885885629792 6.2533785473956494 -0.0007802704590400
v -0.3751712200000000 -0.0241412900000000 -0.0039856800000000
vn -0.6112885835803635 6.2533785479084889 -0.0007800638421728
v -0.2195870400000000 -0.0089288100000000 0.0249263900000000
vn -0.6112885333628630 6.2533785530592629 -0.0007781197828656
v -0.1674502600000000 -0.0038316300000000 0.0300277800000000
vn -0.6112885885290366 6.2533785473989640 -0.0007802704802842
v -0.1666241200000000 -0.0037525700000000 0.0164198800000000
vn 0.6115518431549550 -6.2533523840090446 0.0024308226883017
v -0.2674794900000000 -0.0135930500000000 0.0290813100000000
vn 0.6115512847893032 -6.2533524361677504 0.0024370977437021
v -0.2675425700000000 -0.0136008800000000 0.0248064000000000
vn 0.6115515534117375 -6.2533524097047453 0.0024375918517574
v -0.4801334200000000 -0.0343976400000000 0.0087371100000000
vn 0.6115525625138503 -6.2533523140699501 0.0024297646323831
v -0.4801965000000000 -0.0344054700000000 0.0044622100000000
vn 0.6115519605894830 -6.2533523727880977 0.0024301444143644
v -0.4803857400000000 -0.0344289700000000 -0.0083625000000000
vn 0.6115520364153293 -6.2533523655171557 0.0024297724896616
v -0.4804488200000000 -0.0344368000000000 -0.0126374000000000
vn 0.6112575710971815 -6.2533802690272768 0.0041227498187010
v -0.2256288200000000 -0.0095082300000000 0.0164649100000000
vn 0.6112575581904041 -6.2533802701572769 0.0041229493017923
v -0.1836519800000000 -0.0054077500000000 0.0123983200000000
vn 0.6112575746020042 -6.2533802685503659 0.0041229534035632
v -0.1724022600000000 -0.0042992500000000 0.0258258600000000
vn 0.6112570450197589 -6.2533803199012663 0.0041235830281959
v -0.4385350700000000 -0.0303441500000000 -0.0209789000000000
vn 0.6112575710971813 -6.2533802690272786 0.0041227498187009
v -0.3965582300000000 -0.0262436700000000 -0.0250454900000000
vn 0.6112575580542364 -6.2533802701717649 0.0041229478830607
v -0.3853085000000000 -0.0251351700000000 -0.0116179500000000
vn 0.6112575747381259 -6.2533802685361266 0.0041229548225312
v -0.2706277300000000 -0.0139422100000000 -0.0372452600000000
vn 0.6112575747381260 -6.2533802685361275 0.0041229548225307
v -0.2286508900000000 -0.0098417300000000 -0.0413118500000000
vn 0.6112575580542778 -6.2533802701715189 0.0041229478828198
v -0.2174011700000000 -0.0087332300000000 -0.0278843100000000
vn 0.0291075035540489 6.2831065324086293 -0.0119440360974974
v -0.0382846500000000 0.0015508700000000 -0.0275282800000000
vn 0.0291082406582285 6.2831065345777990 -0.0119410978345769
v -0.0380840900000000 0.0015757800000000 -0.0139357100000000
vn 0.0291091004314423 6.2831065293546988 -0.0119417503815207
v -0.0240756000000000 0.0014922700000000 -0.0237272100000000
vn 0.0291077438131866 6.2831065344572021 -0.0119423726796938
v -0.0951208900000000 0.0017852800000000 -0.0427325400000000
vn 0.0291082332508575 6.2831065345919681 -0.0119411084324447
v -0.0949203200000000 0.0018101900000000 -0.0291399700000000
vn 0.0291077364060519 6.2831065344713775 -0.0119423832776159
v -0.0809118300000000 0.0017266800000000 -0.0389314700000000
vn 0.0291091004301701 6.2831065293546944 -0.0119417503834161
v -0.0943186100000000 0.0018849000000000 0.0116377300000000
vn 0.0291077438128229 6.2831065344572048 -0.0119423726814456
v -0.0941180500000000 0.0019098100000000 0.0252302900000000
vn 0.0291075009720387 6.2831065324183459 -0.0119440372781102
v -0.0801095600000000 0.0018263000000000 0.0154387900000000
vn -0.0290295096670735 -6.2831070523465833 0.0118596206427159
v -0.0938343100000000 0.0017716600000000 -0.0467621200000000
vn -0.0290357418928133 -6.2831070099536879 0.0118667711468180
v -0.0936100300000000 0.0017706200000000 -0.0467654300000000
vn -0.0291442056094202 -6.2831062970952569 0.0119781562659817
v -0.0664791300000000 0.0016958500000000 -0.0199744800000000
vn -0.0291072947996885 -6.2831065367071020 0.0119422833966516
v -0.0231205800000000 0.0015530600000000 0.0105877600000000
vn -0.0291060190480745 -6.2831065466643787 0.0119401529444824
v -0.0091358100000000 0.0014955100000000 0.0143921300000000
vn -0.0291069868814384 -6.2831065383163116 0.0119421853161617
v -0.0089944100000000 0.0015130600000000 0.0239749600000000
vn -0.0291096036508822 -6.2831065247162927 0.0119429644671928
v -0.0796252600000000 0.0017130600000000 -0.0429610500000000
vn -0.0291096027082015 -6.2831065247125597 0.0119429687291969
v -0.0656404900000000 0.0016555000000000 -0.0391566800000000
vn -0.0291096018869474 -6.2831065247145270 0.0119429696948398
v -0.0654990900000000 0.0016730600000000 -0.0295738500000000
vn -0.0291096182484739 -6.2831065246193845 0.0119429798708473
v -0.0236861800000000 0.0014828300000000 -0.0277435700000000
vn -0.0291096207716471 -6.2831065245976383 0.0119429851617163
v -0.0097014200000000 0.0014252700000000 -0.0239391900000000
vn -0.0291096173057793 -6.2831065246156497 0.0119429841328454
v -0.0095600100000000 0.0014428300000000 -0.0143563600000000
vn -0.0927013553555431 -0.0115110726950979 -6.2824908721200083
v -0.1307421300000000 -0.0510250900000000 -0.0597163500000000
vn -0.0927024662498721 -0.0115126251356185 -6.2824908528822947
v -0.1196929700000000 -0.0499415000000000 -0.0598813700000000
vn -0.0927007942532826 -0.0115087237443391 -6.2824908847032974
v -0.1195156300000000 -0.0600768800000000 -0.0598654200000000
vn -0.0927033282925505 -0.0115118673020775 -6.2824908415512892
v -0.1756481300000000 -0.0148179400000000 -0.0591200700000000
vn -0.0927033282925528 -0.0115118673020790 -6.2824908415512883
v -0.1645989700000000 -0.0137343500000000 -0.0592851000000000
vn -0.0927033282925515 -0.0115118673020786 -6.2824908415512901
v -0.1644216300000000 -0.0238697300000000 -0.0592691400000000
vn -0.0927033282925528 -0.0115118673020790 -6.2824908415512901
v -0.1314514900000000 -0.0104835800000000 -0.0597801700000000
vn -0.0927013559112184 -0.0115110670244740 -6.2824908721222004
v -0.1204023300000000 -0.0093999900000000 -0.0599451900000000
vn -0.0927033282925514 -0.0115118673020785 -6.2824908415512892
v -0.1202249900000000 -0.0195353700000000 -0.0599292400000000
vn 0.0927032357035492 0.0115124966781337 6.2824908417653758
v -0.1306385700000000 -0.0286698700000000 -0.0597588400000000
vn 0.0927025954413022 0.0115115946592543 6.2824908528642203
v -0.1195946600000000 -0.0287213400000000 -0.0599217100000000
vn 0.0927018774416440 0.0115109183693953 6.2824908646982092
v -0.1193231400000000 -0.0185268600000000 -0.0599443900000000
vn 0.0927018897113930 0.0115109300038563 6.2824908644958573
v -0.1759002600000000 -0.0692418800000000 -0.0590166300000000
vn 0.0927039935537392 0.0115101526021605 6.2824908348772439
v -0.1648563600000000 -0.0692933500000000 -0.0591795000000000
vn 0.0927026276576877 0.0115115848356712 6.2824908524068315
v -0.1645848400000000 -0.0590988800000000 -0.0592021800000000
vn 0.0927018895011781 0.0115108845417255 6.2824908645822317
v -0.1317246600000000 -0.0694477700000000 -0.0596681000000000
vn 0.0927026276576853 0.0115115848356730 6.2824908524068306
v -0.1206807600000000 -0.0694992500000000 -0.0598309600000000
vn 0.0927032655768972 0.0115124835565620 6.2824908413486149
v -0.1204092300000000 -0.0593047700000000 -0.0598536500000000
vn -0.6132889761156102 0.0147285371277917 6.2531653829333980
v -0.3769169600000000 -0.0444729600000000 0.0232684700000000
vn -0.6132886758368535 0.0147254365659917 6.2531654196867086
v -0.3768702300000000 -0.0343861800000000 0.0232493000000000
vn -0.6132886765337793 0.0147254361228991 6.2531654196194006
v -0.4290070100000000 -0.0394833600000000 0.0181479100000000
vn -0.6132886758368542 0.0147254365659912 6.2531654196867086
v -0.1685567800000000 -0.0644313200000000 0.0437507200000000
vn -0.6132886765368117 0.0147254429760676 6.2531654196029649
v -0.1685100500000000 -0.0543445500000000 0.0437315500000000
vn -0.6132886772392575 0.0147254434253827 6.2531654195330120
v -0.2206468200000000 -0.0594417300000000 0.0386301600000000
vn -0.6132886772392576 0.0147254434253837 6.2531654195330129
v -0.1683698600000000 -0.0240842400000000 0.0436740300000000
vn -0.6132886765368113 0.0147254429760703 6.2531654196029631
v -0.1683231300000000 -0.0139974700000000 0.0436548600000000
vn -0.6132886765337793 0.0147254361229000 6.2531654196194006
v -0.2204599000000000 -0.0190946500000000 0.0385534700000000
vn 1.6492384809583627 -0.0191627886238369 -6.0628428006023496
v -0.0798702900000000 -0.0206733500000000 -0.0525013700000000
vn 1.6492379285281842 -0.0191634295009484 -6.0628429488507933
v -0.0938736700000000 -0.0246328700000000 -0.0562981100000000
vn 1.6492390299751505 -0.0191627908834640 -6.0628426512494373
v -0.0938267200000000 -0.0144985400000000 -0.0563173700000000
vn 1.6492377978576929 -0.0191657770320377 -6.0628429769751939
v -0.0240445700000000 -0.0453726300000000 -0.0372373700000000
vn 1.6492384780500451 -0.0191627865962058 -6.0628428013998903
v -0.0380479500000000 -0.0493321400000000 -0.0410341100000000
vn 1.6492373799360320 -0.0191634198040268 -6.0628430981114931
v -0.0380010000000000 -0.0391978100000000 -0.0410533700000000
vn 1.6492373799360331 -0.0191634198040254 -6.0628430981114922
v -0.0800580900000000 -0.0612106900000000 -0.0524243200000000
vn 1.6492384780500453 -0.0191627865962055 -6.0628428013998912
v -0.0940614700000000 -0.0651702000000000 -0.0562210600000000
vn 1.6492384776265037 -0.0191627940331299 -6.0628428014915983
v -0.0940145200000000 -0.0550358700000000 -0.0562403200000000
vn -1.6492387204054133 0.0191657806523501 6.0628427260082809
v -0.0800014100000000 -0.0489761700000000 -0.0524475800000000
vn -1.6492367134919492 0.0191627869515930 6.0628432814005633
v -0.0939861800000000 -0.0489186100000000 -0.0562519500000000
vn -1.6492381100492752 0.0191633661025695 6.0628428996729777
v -0.0940331300000000 -0.0590529400000000 -0.0562326900000000
vn -1.6492392694225952 0.0191657829121714 6.0628425766549787
v -0.0238745400000000 -0.0086690600000000 -0.0373071300000000
vn -1.6492392694225941 0.0191657829121701 6.0628425766549796
v -0.0378593000000000 -0.0086115100000000 -0.0411115100000000
vn -1.6492398867080356 0.0191652102118534 6.0628424105491296
v -0.0379062500000000 -0.0187458400000000 -0.0410922400000000
vn -1.6492387204054122 0.0191657806523497 6.0628427260082809
v -0.0798136100000000 -0.0084388300000000 -0.0525246200000000
vn -1.6492392694219320 0.0191657829116332 6.0628425766556724
v -0.0937983800000000 -0.0083812800000000 -0.0563290000000000
vn -1.6492392669162517 0.0191657886824388 6.0628425773185324
v -0.0938453300000000 -0.0185156100000000 -0.0563097300000000
vn -0.0291059082526896 -6.2831065459423003 0.0119408029643199
v -0.5505824600000000 0.0475287900000000 0.0550083000000000
vn -0.0291063151169335 -6.2831065440099501 0.0119408289258322
v -0.5568123400000000 0.0474337900000000 -0.0101582400000000
vn -0.0291108653889344 -6.2831065221015727 0.0119412640041144
v -0.5440695500000000 0.0473744000000000 -0.0103461600000000
vn -0.0291077117629733 -6.2831065373017640 0.0119409507714610
v -0.5399918600000000 0.0473553900000000 -0.0104062900000000
vn 0.0291094429865427 6.2831065289055346 -0.0119411512214657
v -0.5486037600000000 0.0474242800000000 0.0048453700000000
vn 0.0291101886383115 6.2831065244741922 -0.0119416657054379
v -0.5413800500000000 0.0474019100000000 0.0106867100000000
vn 0.0291089458702634 6.2831065309847931 -0.0119412697815726
v -0.5620192200000000 0.0474658100000000 -0.0060028300000000
vn 0.0291079556583177 6.2831065348137489 -0.0119416688223917
v -0.5578913900000000 0.0474530300000000 -0.0026649300000000
vn 0.0291089586417019 6.2831065309303566 -0.0119412672914921
v -0.5589524700000000 0.0475839500000000 0.0636290800000000
vn 6.1952794779727807 -0.0267113955700196 1.0470034840012454
v -0.5354687100000000 0.0677706200000000 0.0132811200000000
vn 6.1952794596651035 -0.0267085433486693 1.0470036650927388
v -0.5442966100000000 0.0515970900000000 0.0651044700000000
vn 6.1952794417447983 -0.0267129745558008 1.0470036580784614
v -0.5355277500000000 0.0550264600000000 0.0133053400000000
vn -6.1952795513486363 0.0267118601821016 -1.0470030379724136
v -0.5355206700000000 0.0565557600000000 0.0133024300000000
vn -6.1952792598049076 0.0267092597762814 -1.0470048294172360
v -0.5441832500000000 0.0760658700000000 0.0650579700000000
vn -6.1952795312305700 0.0267133777613220 -1.0470031182917658
v -0.5354474600000000 0.0723585200000000 0.0132724000000000
vn 0.0291094365429883 6.2831065289355683 -0.0119411511246619
v -0.5484526199999999 0.0800493200000000 0.0047833600000000
vn 0.0291056655384249 6.2831065420010646 -0.0119434671861446
v -0.5412289100000000 0.0800269500000000 0.0106247000000000
vn 0.0291089961933377 6.2831065307502421 -0.0119412705237038
v -0.5618680800000000 0.0800908500000000 -0.0060648400000000
vn 0.0291079678072940 6.2831065347526369 -0.0119416713619647
v -0.5577402500000000 0.0800780700000000 -0.0027269300000000
vn 0.0291089659504469 6.2831065308784524 -0.0119412767850735
v -0.5588013200000000 0.0802089900000000 0.0635670700000000
vn -0.0291059343507488 -6.2831065458172581 0.0119408051508936
v -0.5504313199999999 0.0801538300000000 0.0549462900000000
vn -0.0291114436172497 -6.2831065193121933 0.0119413221949447
v -0.5602291800000000 0.0800754600000000 -0.0101676300000000
vn -0.0291106311455543 -6.2831065232406482 0.0119412356338816
v -0.5439184000000000 0.0799994400000000 -0.0104081700000000
vn -0.0291077475116824 -6.2831065371451054 0.0119409460925544
v -0.5398407100000000 0.0799804300000000 -0.0104683000000000
vn -0.0291098995393468 -6.2831065267679813 0.0119411636898012
v -0.5511364200000000 -0.0720439500000000 0.0552355600000000
vn -0.0291098942984952 -6.2831065267868231 0.0119411665525658
v -0.5588954300000000 -0.0721318200000000 -0.0099084200000000
vn -0.0291078639008608 -6.2831065365807124 0.0119409627688964
v -0.5456429300000000 -0.0721935900000000 -0.0101038600000000
vn 6.1952793922276133 -0.0267159293749343 1.0470038756712294
v -0.5360226700000000 -0.0518021200000000 0.0135083800000000
vn 6.1952793984857912 -0.0267145785507749 1.0470038731035014
v -0.5360037700000000 -0.0477239900000000 0.0135006300000000
vn 6.1952792391155969 -0.0267137248985166 1.0470048379027355
v -0.5448505600000000 -0.0679756500000000 0.0653317400000000
vn 6.1952794225929493 -0.0267093758639209 1.0470038632164047
v -0.5448316700000000 -0.0638975200000000 0.0653239900000000
vn 6.1952793047970616 -0.0267096417184706 1.0470045534504842
v -0.5360817100000000 -0.0645462700000000 0.0135326100000000
vn -6.1952792275598991 0.0267090502602746 -1.0470050255623673
v -0.5360604500000000 -0.0599583800000000 0.0135238900000000
vn -6.1952790054289686 0.0267145723094341 -1.0470061990182755
v -0.5360793400000000 -0.0640365100000000 0.0135316400000000
vn -6.1952794322687605 0.0267144560389658 -1.0470036763291073
v -0.5447372000000000 -0.0435068700000000 0.0652852300000000
vn -6.1952793874005092 0.0267169714096161 -1.0470038776511601
v -0.5447561000000000 -0.0475850000000000 0.0652929800000000
vn -6.1952794442487518 0.0267096258169196 -1.0470037287004548
v -0.5360014100000000 -0.0472142200000000 0.0134996600000000
vn 0.0000000000000002 0.0000000000000000 -0.0000000000000000
v -0.5650928400000000 -0.0494776400000000 0.0927883300000000
vn -0.0000000000000002 -0.0000000000000000 -0.0000000000000000
v -0.5661807000000000 -0.0679537600000000 0.0248602500000000
vn 0.0000000000000004 0.0000000000000000 0.0000000000000000
v -0.5651778600000000 -0.0678292300000000 0.0928232100000000
vn 0.0000000000000000 0.0000000000000000 0.0000000000000000
v -0.5651495200000000 -0.0617120300000000 0.0928115800000000
vn 0.0000000000000000 0.0000000000000000 -0.0000000000000000
v -0.5660673400000000 -0.0434849800000000 0.0248137400000000
vn 0.0000000000000000 -0.0000000000000000 -0.0000000000000000
v -0.5650645000000000 -0.0433604500000000 0.0927767000000000
vn -0.0291098994077530 -6.2831065267516335 0.0119411726110928
v -0.5509852700000000 -0.0394189100000000 0.0551735500000000
vn -0.0291092837422190 -6.2831065297886299 0.0119410753582778
v -0.5572151500000000 -0.0395139100000000 -0.0099929800000000
vn -0.0291108228845156 -6.2831065223066576 0.0119412597275608
v -0.5444723600000000 -0.0395733000000000 -0.0101809000000000
vn -0.0291077117383480 -6.2831065373020643 0.0119409507640479
v -0.5403946600000000 -0.0395923100000000 -0.0102410400000000
vn -5.6016641430553680 2.7790947164593942 -0.6135217923696127
v 0.2724376300000000 0.1801911400000000 0.0099574600000000
vn -5.6016643064023066 2.7790946348324668 -0.6135206706955521
v 0.2630012000000000 0.1594479600000000 0.0021540900000000
vn -5.6016637001342646 2.7790952484014637 -0.6135234268272151
v 0.2520036700000000 0.1388422300000000 0.0092266600000000
vn -5.6016638901939384 2.7790952728203031 -0.6135215809102407
v 0.3541734500000000 0.3455867400000000 0.0128806500000000
vn -5.6016637271765832 2.7790951936610413 -0.6135234278815013
v 0.3447370200000000 0.3248435700000000 0.0050772800000000
vn -5.6016643309091041 2.7790943757357205 -0.6135216205764059
v 0.3337394900000000 0.3042378400000000 0.0121498500000000
vn -5.6016641552291562 2.7790943216009740 -0.6135234698184387
v 0.3164277400000000 0.2626140500000000 -0.0183328400000000
vn -5.6016641182576841 2.7790948121893431 -0.6135215851400467
v 0.3069913100000000 0.2418708700000000 -0.0261362200000000
vn -5.6016637411386636 2.7790951647874267 -0.6135234311918902
v 0.2959937800000000 0.2212651500000000 -0.0190636400000000
vn -5.6015259662288912 2.7800020164810646 -0.6106662282930584
v 0.2460771400000000 0.1228479500000000 -0.0091534500000000
vn -5.6015257428511598 2.7800023756478667 -0.6106666422240399
v 0.2385895100000000 0.1069911200000000 -0.0126576200000000
vn -5.6015261331555415 2.7800017422892624 -0.6106659453387346
v 0.2350796100000000 0.1022422300000000 -0.0020808800000000
vn -5.6015259264776525 2.7800021196109501 -0.6106661234347464
v 0.2900672500000000 0.2052708700000000 -0.0374437600000000
vn -5.6015260290509676 2.7800019323485738 -0.6106660350454663
v 0.2825796200000000 0.1894140300000000 -0.0409479300000000
vn -5.6015260290509676 2.7800019323485743 -0.6106660350454663
v 0.2790697200000000 0.1846651400000000 -0.0303711800000000
vn -5.6015265262025107 2.7800011051055580 -0.6106652407048868
v 0.2601167300000000 0.1418435300000000 -0.0514604400000000
vn -5.6015267098301385 2.7800008490689616 -0.6106647219139316
v 0.2526291100000000 0.1259867000000000 -0.0549646100000000
vn -5.6015262813769162 2.7800015196447800 -0.6106655993014937
v 0.2491192100000000 0.1212378000000000 -0.0443878600000000
vn -5.6039964036045049 2.7742703579408472 -0.6140569140959505
v 0.2284775400000000 0.0863657600000000 -0.0137554700000000
vn -5.6039951701514106 2.7742727118993336 -0.6140575358058015
v 0.2258532000000000 0.0815972400000000 -0.0113491600000000
vn -5.6039945336888284 2.7742738023732580 -0.6140584174503571
v 0.2425171300000000 0.1053613400000000 -0.0560624600000000
vn -5.6039958707689426 2.7742712200467547 -0.6140578819442625
v 0.2398927900000000 0.1005928100000000 -0.0536561400000000
vn -5.6039954281525803 2.7742718749595170 -0.6140589624689705
v 0.2293954200000000 0.0815187100000000 -0.0440308600000000
vn 5.6017485533682709 -2.7790017323286200 0.6131721788407200
v 0.2674289700000000 0.1593498000000000 -0.0386980400000000
vn 5.6017494707506108 -2.7790006894547652 0.6131685243946746
v 0.2768654000000000 0.1800929800000000 -0.0308946700000000
vn 5.6017495201725751 -2.7790006896135537 0.6131680721668513
v 0.2573170000000000 0.1387244400000000 -0.0397958900000000
vn 5.6017496947425007 -2.7790006901747972 0.6131664747992293
v 0.3078768600000000 0.2418512400000000 -0.0343066400000000
vn 5.6017489911220917 -2.7790012067406877 0.6131705617006743
v 0.3173132900000000 0.2625944100000000 -0.0265032700000000
vn 5.6017494569643240 -2.7790007186125676 0.6131685181937541
v 0.2977648900000000 0.2212258800000000 -0.0354044900000000
vn 5.6017480243111031 -2.7790022494532516 0.6131746683820082
v 0.3456225800000000 0.3248239300000000 -0.0030931500000000
vn 5.6017480450266603 -2.7790018510626511 0.6131762847276081
v 0.3550590100000000 0.3455671100000000 0.0047102200000000
vn 5.6017475272578645 -2.7790023442972416 0.6131787793533555
v 0.3355106000000000 0.3041985800000000 -0.0041910000000000
vn 5.6028322676709310 -2.7781787550245571 0.6069686892805158
v 0.2851241900000000 0.1996283600000000 -0.0177489800000000
vn 5.6028323533859972 -2.7781785177666274 0.6069689840331127
v 0.2839465600000000 0.1984205600000000 -0.0124066600000000
vn 5.6028323876919304 -2.7781784943285071 0.6069687746741301
v 0.3633178000000000 0.3651024900000000 0.0178559200000000
vn 5.6028312686445387 -2.7781796914955659 0.6069736248048112
v 0.3621401600000000 0.3638946900000000 0.0231982400000000
vn 5.6028315326967641 -2.7781791463442720 0.6069736826154133
v 0.3586072500000000 0.3602713100000000 0.0392251900000000
vn 5.6028324734052344 -2.7781782570717310 0.6069690694272993
v 0.3574296100000000 0.3590635100000000 0.0445675100000000
vn 5.6012525435077940 -2.7798687159539295 0.6137731423394757
v 0.2635126000000000 0.1570716600000000 -0.0131374500000000
vn 5.6012520172632607 -2.7798694674431044 0.6137745412100954
v 0.2442562800000000 0.1169305500000000 -0.0192105700000000
vn 5.6012523635795777 -2.7798691041126946 0.6137730263227970
v 0.2451418400000000 0.1169109200000000 -0.0273810000000000
vn 5.6012523635783769 -2.7798691041131782 0.6137730263269257
v 0.3369956600000000 0.3177146100000000 0.0438367200000000
vn 5.6012520172627438 -2.7798694674433424 0.6137745412118683
v 0.3177393400000000 0.2775735100000000 0.0377636000000000
vn 5.6012520286318077 -2.7798694536318576 0.6137745000127762
v 0.3186248900000000 0.2775538700000000 0.0295931700000000
vn 5.6012521676457165 -2.7798691965087392 0.6137743959123512
v 0.2599703800000000 0.1571501900000000 0.0195442500000000
vn 5.6012524576704301 -2.7798689335619464 0.6137729401015907
v 0.2407140600000000 0.1170090800000000 0.0134711300000000
vn 5.6012523635784977 -2.7798691041132324 0.6137730263270290
v 0.2415996200000000 0.1169894500000000 0.0053007100000000
vn 5.6023066710052758 -2.7781928038822006 0.6117371272201945
v 0.2775829800000000 0.1006625200000000 -0.0073549900000000
vn 5.6023066269140482 -2.7781930949318858 0.6117362092075991
v 0.2850638000000000 0.1165193800000000 -0.0038508500000000
vn 5.6023063336338721 -2.7781934526826539 0.6117372703615932
v 0.2750802300000000 0.0980167700000000 0.0035496400000000
vn 5.6023067676452492 -2.7781925940007031 0.6117371953622641
v 0.2875939900000000 0.1112455200000000 -0.0509735200000000
vn 5.6023066865209366 -2.7781922240675163 0.6117396183344539
v 0.2950748000000000 0.1271023900000000 -0.0474693800000000
vn 5.6023066304338514 -2.7781928957677855 0.6117370814781921
v 0.2850912400000000 0.1085997700000000 -0.0400688900000000
vn 5.6023065901191389 -2.7781929949860111 0.6117370000864560
v 0.3175172500000000 0.1746729900000000 -0.0369569600000000
vn 5.6023065901191256 -2.7781929949861457 0.6117370000864235
v 0.3249980600000000 0.1905298500000000 -0.0334528200000000
vn 5.6023064593401273 -2.7781929657180600 0.6117383306816823
v 0.3150145000000000 0.1720272400000000 -0.0260523300000000
vn 5.6020884874604455 -2.7793121791444055 0.6086427473209934
v 0.3019879800000000 0.1531195200000000 0.0074565600000000
vn 5.6020882611541767 -2.7793122383026456 0.6086445601391454
v 0.3114313600000000 0.1738627900000000 0.0152598300000000
vn 5.6020883441568179 -2.7793117322765379 0.6086461068937625
v 0.2920044200000000 0.1346169000000000 0.0148570500000000
vn 5.6020881427752975 -2.7793121189383805 0.6086461948094768
v 0.3419222500000000 0.2271299900000000 -0.0221454100000000
vn 5.6020885398415210 -2.7793117348407579 0.6086442940724979
v 0.3513656200000000 0.2478732600000000 -0.0143421400000000
vn 5.6020882296972516 -2.7793124921976617 0.6086436903077965
v 0.3319386800000000 0.2086273700000000 -0.0147449200000000
vn 5.6020879457823334 -2.7793123094967824 0.6086471378038234
v 0.3796957400000000 0.3101030800000000 0.0090676700000000
vn 5.6020884764318302 -2.7793122465993769 0.6086425408052685
v 0.3891391100000000 0.3308463500000000 0.0168709400000000
vn 5.6020884874604464 -2.7793121791444060 0.6086427473209908
v 0.3697121700000000 0.2916004600000000 0.0164681600000000
vn 5.6017167995375701 -2.7791699043252174 0.6126998816910258
v 0.3196903800000000 0.1933981800000000 0.0284123300000000
vn 5.6017165063199581 -2.7791699635074725 0.6127022940362807
v 0.3185060300000000 0.1921903000000000 0.0337615700000000
vn 5.6017164825601844 -2.7791698574052202 0.6127029925349167
v 0.3973981400000000 0.3503817400000000 0.0300234400000000
vn 5.6017165637294752 -2.7791698139326737 0.6127024476215281
v 0.3962137900000000 0.3491738600000000 0.0353726700000000
vn 5.6017167183682988 -2.7791699477977101 0.6127004266043398
v 0.3926607400000000 0.3455502100000000 0.0514203700000000
vn 5.6017165063199501 -2.7791699635075680 0.6127022940361516
v 0.3914763900000000 0.3443423300000000 0.0567696000000000
vn -5.6031393912691767 2.7775457503125396 -0.6070306180587425
v 0.3762767400000000 0.3067094200000000 0.0249092000000000
vn -5.6031400661784510 2.7775444758775971 -0.6070302197255574
v 0.3687959300000000 0.2908525600000000 0.0214050600000000
vn -5.6031392998222724 2.7775458680515017 -0.6070309233642204
v 0.3845357700000000 0.3262448100000000 0.0380617000000000
vn -5.6031396075982860 2.7775451438877741 -0.6070313960356520
v 0.3432406500000000 0.2285678600000000 -0.0277008100000000
vn -5.6031393881417060 2.7775457572847517 -0.6070306149617219
v 0.3357598400000000 0.2127109900000000 -0.0312049500000000
vn -5.6031400094157400 2.7775448374225187 -0.6070290893300767
v 0.3514996700000000 0.2481032500000000 -0.0145483100000000
vn -5.6031393286210873 2.7775458036912157 -0.6070309520279399
v 0.3133173900000000 0.1651404000000000 -0.0417173700000000
vn -5.6031400661784554 2.7775444758775878 -0.6070302197255502
v 0.3058365800000000 0.1492835300000000 -0.0452215100000000
vn -5.6031393624703334 2.7775458146728544 -0.6070305893949932
v 0.3215764200000000 0.1846757900000000 -0.0285648700000000
vn -5.6016617341363579 2.7793647431611945 -0.6122923585837332
v 0.3927947900000000 0.3457802000000000 0.0512142000000000
vn -5.6011715262235002 2.7800576111013506 -0.6136426704050338
v 0.3913203500000000 0.3431115300000000 0.0525664500000000
vn -5.6016613138970062 2.7793653204655495 -0.6122935950077177
v 0.3298354400000000 0.2042111800000000 -0.0154123600000000
vn -5.6001840037226422 2.7811838556527482 -0.6175541189477298
v 0.3283610000000000 0.2015425100000000 -0.0140601100000000
vn -5.6001810503096863 2.7811875543405278 -0.6175642441518168
v 0.3239376600000000 0.1935364900000000 -0.0100033600000000
vn -5.6011689100040547 2.7800610975144702 -0.6136506617984303
v 0.3224632100000000 0.1908678200000000 -0.0086511100000000
vn -5.6021579436201785 2.7789328442594643 -0.6097345538639004
v 0.3558634700000000 0.2670126000000000 0.0315100500000000
vn -5.6021578427476761 2.7789330278774718 -0.6097346438087619
v 0.3548351700000000 0.2670355200000000 0.0410624400000000
vn -5.6021581208527618 2.7789327627661611 -0.6097332968783551
v 0.3730777600000000 0.3050735200000000 0.0468144500000000
vn -5.6021580275553200 2.7789325367911970 -0.6097351840023862
v 0.2870063400000000 0.1147688900000000 -0.0297075100000000
vn -5.6021581436129901 2.7789323889482249 -0.6097347914891140
v 0.2859780400000000 0.1147918100000000 -0.0201551300000000
vn -5.6021579994378383 2.7789326828468708 -0.6097347766739681
v 0.3042206200000000 0.1528298200000000 -0.0144031200000000
vn -5.6021580461005946 2.7789326577149711 -0.6097344624851844
v 0.2828931200000000 0.1148605700000000 0.0085020200000000
vn -5.6021573673524401 2.7789332839192160 -0.6097378447349927
v 0.2818648100000000 0.1148834900000000 0.0180544000000000
vn -5.6021578833801939 2.7789328306898371 -0.6097351691872893
v 0.3001074000000000 0.1529214900000000 0.0238064100000000
vn -5.6003889965395448 2.7814588973259777 -0.6144486099540175
v 0.3931425000000000 0.4255269100000000 0.0749842500000000
vn -5.6003878897373616 2.7814603524957464 -0.6144521106361129
v 0.4012048300000000 0.4401301800000000 0.0676056200000000
vn -5.6003873264475388 2.7814622824861654 -0.6144485081975823
v 0.3894943300000000 0.4132667000000000 0.0527365000000000
vn 2.8013355830243150 -1.3888401158764836 0.3053503676298387
v 0.3830474800000000 0.4029201900000000 0.0650526700000000
vn 2.8013354598312925 -1.3888405278502336 0.3053512578527474
v 0.3831282600000000 0.4035354900000000 0.0671101800000000
vn 2.8013356301870096 -1.3888408100508756 0.3053592533514858
v 0.3973995700000000 0.4321930400000000 0.0665274800000000
vn 2.8013371029284162 -1.3888411801449634 0.3053549627730213
v 0.3978034600000000 0.4352695600000000 0.0768150000000000
vn 2.8013347773249739 -1.3888414054872897 0.3053644000912508
v 0.4072859100000000 0.3909041100000000 0.0677079000000000
vn 2.8013334344296670 -1.3888408385861328 0.3053638612609098
v 0.4073666800000000 0.3915194100000000 0.0697654100000000
vn 2.8013358991370150 -1.3888405020738215 0.3053582485480527
v 0.4216379900000000 0.4201769700000000 0.0691827100000000
vn 2.8013351033144409 -1.3888430572370463 0.3053561560375525
v 0.4220418800000000 0.4232534900000000 0.0794702300000000
vn -5.6014981976876381 2.7799996034854226 -0.6109318704068295
v 0.4173801300000000 0.4134698800000000 0.0775986800000000
vn -5.6015006811954713 2.7799952732792850 -0.6109288039091917
v 0.4254429900000000 0.4281004500000000 0.0702472500000000
vn -5.6014984572698516 2.7799993905160147 -0.6109304594563039
v 0.4137324900000000 0.4012369700000000 0.0553781300000000
vn 5.6748522062193159 2.6281501319492939 0.6060502667552856
v 0.4014949800000000 -0.4103669800000000 0.0767322500000000
vn 5.6748506244958383 2.6281523495685608 0.6060554606838600
v 0.4091494500000000 -0.4252072600000000 0.0694135900000000
vn 5.6748516630797496 2.6281510254156188 0.6060514780084909
v 0.3981788300000000 -0.3980773000000000 0.0544891400000000
vn -2.8383307371030617 -1.3139805572035081 -0.2948657020506200
v 0.3919855800000000 -0.3875377800000000 0.0667905600000000
vn -2.8383296800351392 -1.3139796200461002 -0.2948669289240755
v 0.3920537800000000 -0.3881458300000000 0.0688436700000000
vn -2.8383299616523288 -1.3139798414600452 -0.2948633685500495
v 0.4055477300000000 -0.4171789900000000 0.0683304500000000
vn -2.8383296741433455 -1.3139794397014708 -0.2948702235333874
v 0.4058887200000000 -0.4202192400000000 0.0785960400000000
vn -2.8360558254943808 -1.3158701404192150 -0.3080343992438176
v 0.3674284600000000 -0.3989026700000000 0.0641760600000000
vn -2.8360540164988381 -1.3158691651763574 -0.3080320789603899
v 0.3674900400000000 -0.3995176300000000 0.0662361000000000
vn -2.8360564907608499 -1.3158707135340884 -0.3080258132451882
v 0.3810169400000000 -0.4285435300000000 0.0656883100000000
vn -2.8360549098497971 -1.3158697136285518 -0.3080215108225814
v 0.3813248600000000 -0.4316182900000000 0.0759885200000000
vn 5.6717726747065269 2.6341194757291246 0.6089555963698559
v 0.3769377600000000 -0.4217318800000000 0.0741109400000000
vn 5.6717723446683017 2.6341205991311742 0.6089538109167870
v 0.3846185600000000 -0.4365718200000000 0.0667646300000000
vn 5.6717731376961957 2.6341188293434183 0.6089540801718006
v 0.3736212100000000 -0.4094422500000000 0.0518405800000000
vn 5.6744110559572345 2.6295690242009533 0.6040227804769354
v 0.3036156500000000 -0.1718462900000000 0.0144864300000000
vn 5.6744110979453266 2.6295689811968050 0.6040225732421336
v 0.2947333100000000 -0.1508779100000000 0.0066460200000000
vn 5.6744115372332447 2.6295679931578078 0.6040227477764589
v 0.2855804800000000 -0.1328428900000000 0.0141169600000000
vn 5.6744117475044460 2.6295676047897385 0.6040224631408748
v 0.3757563000000000 -0.3278599100000000 0.0159643200000000
vn 5.6744118504176075 2.6295674304715662 0.6040222552173442
v 0.3668739700000000 -0.3068915200000000 0.0081239100000000
vn 5.6744115372332509 2.6295679931577944 0.6040227477763964
v 0.3577211400000000 -0.2888565000000000 0.0155948500000000
vn 5.6744117137626926 2.6295678617593983 0.6040216614259061
v 0.3402269700000000 -0.2439863800000000 -0.0153973200000000
vn 5.6744117809492280 2.6295676746290768 0.6040218449092193
v 0.3313446400000000 -0.2230180000000000 -0.0232377300000000
vn 5.6744115512119073 2.6295680528443168 0.6040223566150194
v 0.3221918100000000 -0.2049829800000000 -0.0157667900000000
vn 5.6743847584778297 2.6297147875408546 0.6036351160268599
v 0.2787903200000000 -0.1138626700000000 -0.0047292500000000
vn 5.6743846148701618 2.6297145667184783 0.6036374279865138
v 0.2717296600000000 -0.0978158100000000 -0.0082641000000000
vn 5.6743849656144860 2.6297145554663994 0.6036341798907497
v 0.2696374900000000 -0.0958276500000000 0.0027416900000000
vn 5.6743847330360317 2.6297148151344985 0.6036352349781856
v 0.3154016500000000 -0.1860027600000000 -0.0346129900000000
vn 5.6743847584778315 2.6297147875408560 0.6036351160268603
v 0.3083409900000000 -0.1699559000000000 -0.0381478500000000
vn 5.6743846030879128 2.6297146362271682 0.6036372359310442
v 0.3062488200000000 -0.1679677400000000 -0.0271420500000000
vn 5.6743847584778315 2.6297147875408555 0.6036351160268624
v 0.2871590100000000 -0.1218153200000000 -0.0487524100000000
vn 5.6743847009877975 2.6297144311317018 0.6036372091288675
v 0.2800983500000000 -0.1057684600000000 -0.0522872700000000
vn 5.6743850994671297 2.6297141858549220 0.6036345318265188
v 0.2780061800000000 -0.1037803000000000 -0.0412814800000000
vn -5.6746402366420270 -2.6291530508278007 -0.6036803991853532
v 0.3167640800000000 -0.1916893000000000 -0.0225086500000000
vn -5.6746398702939462 -2.6291534642021022 -0.6036820425537222
v 0.3156183500000000 -0.1904434900000000 -0.0171644800000000
vn -5.6746399062821427 -2.6291532971350140 -0.6036824318724183
v 0.3845752700000000 -0.3476065600000000 0.0191129600000000
vn -5.6746404184174288 -2.6291527824889909 -0.6036798591510240
v 0.3834295400000000 -0.3463607500000000 0.0244571300000000
vn -5.6746395888672083 -2.6291534276320658 -0.6036848471978832
v 0.3799923400000000 -0.3426233100000000 0.0404896300000000
vn -5.6746404184174324 -2.6291527824889891 -0.6036798591509951
v 0.3788466100000000 -0.3413774900000000 0.0458338000000000
vn -5.6741484000781490 -2.6297640441979859 -0.6056390097093503
v 0.2975831800000000 -0.1514400900000000 -0.0175339500000000
vn -5.6741486010548314 -2.6297636532991109 -0.6056388241220014
v 0.2806937500000000 -0.1136825000000000 -0.0232475900000000
vn -5.6741478833966488 -2.6297643373591786 -0.6056425774787562
v 0.2817761200000000 -0.1137065900000000 -0.0332835200000000
vn -5.6741486010548314 -2.6297636532991104 -0.6056388241219992
v 0.3608114500000000 -0.3023740900000000 0.0454643300000000
vn -5.6741484000781499 -2.6297640441979864 -0.6056390097093500
v 0.3439220200000000 -0.2646165000000000 0.0397506900000000
vn -5.6741486010548323 -2.6297636532991073 -0.6056388241219992
v 0.3450043800000000 -0.2646405900000000 0.0297147600000000
vn -5.6741486010548314 -2.6297636532991078 -0.6056388241220031
v 0.2932537200000000 -0.1513437300000000 0.0226097700000000
vn -5.6741484000781472 -2.6297640441979890 -0.6056390097093497
v 0.2763642900000000 -0.1135861400000000 0.0168961300000000
vn -5.6741486010548314 -2.6297636532991113 -0.6056388241220013
v 0.2774466500000000 -0.1136102300000000 0.0068602000000000
vn 1.3807645219388665 -1.6250392057699918 -5.9102584138940779
v 0.3722985300000000 -0.3768277100000000 0.0140523200000000
vn 1.3807636783882362 -1.6250394473897043 -5.9102585445314997
v 0.3679999400000000 -0.3788205900000000 0.0135960200000000
vn 1.3807642345906463 -1.6250380790927026 -5.9102587908072337
v 0.3518142600000000 -0.2859791100000000 -0.0157122900000000
vn 1.3807625027332973 -1.6250401414018607 -5.9102586283679734
v 0.3894928800000000 -0.3688561900000000 0.0158775000000000
vn 1.3807647799017739 -1.6250392355841157 -5.9102583454311937
v 0.3851942900000000 -0.3708490700000000 0.0154212000000000
vn -5.6741625799111794 -2.6292720841655282 -0.6076388141977622
v 0.2326549000000000 -0.1032666400000000 -0.0135170900000000
vn -5.6741629263353390 -2.6292711301918312 -0.6076397071238984
v 0.2397089100000000 -0.1193066500000000 -0.0099821500000000
vn -5.6741626752796837 -2.6292719628857055 -0.6076384484205066
v 0.2296163100000000 -0.0991811200000000 -0.0028207800000000
vn -5.6741625583064828 -2.6292720765346433 -0.6076390489521479
v 0.2448092400000000 -0.1196087000000000 -0.0563023200000000
vn -5.6741626752796837 -2.6292719628857033 -0.6076384484205071
v 0.2518632500000000 -0.1356487200000000 -0.0527673800000000
vn -5.6741625799103144 -2.6292720841646249 -0.6076388141978792
v 0.2417706500000000 -0.1155231900000000 -0.0456060100000000
vn -5.6741624799743642 -2.6292722773880812 -0.6076389113217373
v 0.2730252700000000 -0.1837687700000000 -0.0421625500000000
vn -5.6741626030069829 -2.6292720395104574 -0.6076387917518784
v 0.2800792800000000 -0.1998087800000000 -0.0386276100000000
vn -5.6741624212715687 -2.6292723719174429 -0.6076390504573264
v 0.2699866900000000 -0.1796832500000000 -0.0314662400000000
vn -5.6741027246644720 -2.6296948212491387 -0.6063670681942970
v 0.2556453200000000 -0.1563217200000000 0.0014000300000000
vn -5.6741027084795954 -2.6296943816639176 -0.6063691260478599
v 0.2645277200000000 -0.1772967700000000 0.0092472600000000
vn -5.6741029631754634 -2.6296940789071015 -0.6063680557143458
v 0.2455527200000000 -0.1361961900000000 0.0085613900000000
vn -5.6741027304111205 -2.6296948088108913 -0.6063670683670649
v 0.2960156900000000 -0.2368238500000000 -0.0272454300000000
vn -5.6741027282928611 -2.6296947675707685 -0.6063672670353575
v 0.3048981000000000 -0.2577989000000000 -0.0193982000000000
vn -5.6741030960913541 -2.6296939801207038 -0.6063672403755750
v 0.2859231000000000 -0.2166983200000000 -0.0200840700000000
vn -5.6741029631762840 -2.6296940789073058 -0.6063680557130766
v 0.3315453000000000 -0.3207240500000000 0.0041435000000000
vn -5.6741029292244569 -2.6296945812082981 -0.6063661950350477
v 0.3404277000000000 -0.3416991000000000 0.0119907400000000
vn -5.6741027586169590 -2.6296943189484718 -0.6063689288686269
v 0.3214527100000000 -0.3005985200000000 0.0113048700000000
vn -5.6743601236461183 -2.6297681204767827 -0.6036343463120887
v 0.2722642600000000 -0.1970260100000000 0.0224385300000000
vn -5.6743603093304298 -2.6297677041086169 -0.6036344147523315
v 0.2711183900000000 -0.1957801900000000 0.0277825700000000
vn -5.6743604836572734 -2.6297672810177932 -0.6036346192018798
v 0.3481642400000000 -0.3614283400000000 0.0251820100000000
vn -5.6743604088560780 -2.6297673293692259 -0.6036351117037686
v 0.3470183800000000 -0.3601825200000000 0.0305260500000000
vn -5.6743602114864506 -2.6297679156562808 -0.6036344128952755
v 0.3435807800000000 -0.3564450800000000 0.0465581600000000
vn -5.6743602227062784 -2.6297678840426348 -0.6036344451556440
v 0.3424349200000000 -0.3551992700000000 0.0519022000000000
vn 5.6749409242471822 2.6286247341001006 0.6031543067872145
v 0.3288545600000000 -0.3185805000000000 0.0201673800000000
vn 5.6749416713318661 2.6286236221490418 0.6031521237149695
v 0.3218005600000000 -0.3025404800000000 0.0166324400000000
vn 5.6749403373266087 2.6286259282701758 0.6031546247452327
v 0.3365911000000000 -0.3383097300000000 0.0333586600000000
vn 5.6749397645334820 2.6286264486264161 0.6031577462446753
v 0.2979084100000000 -0.2396635500000000 -0.0325977000000000
vn 5.6749409369515478 2.6286247035876498 0.6031543202619197
v 0.2908544000000000 -0.2236235400000000 -0.0361326400000000
vn 5.6749405815904206 2.6286254095442110 0.6031545872113846
v 0.3056449500000000 -0.2593927900000000 -0.0194064300000000
vn 5.6749402666663160 2.6286260070807441 0.6031549461066640
v 0.2696923800000000 -0.1755034900000000 -0.0467374700000000
vn 5.6749402392590849 2.6286260729375304 0.6031549169624946
v 0.2626383700000000 -0.1594634700000000 -0.0502724100000000
vn 5.6749410154968771 2.6286245513714634 0.6031542446102762
v 0.2774289200000000 -0.1952327200000000 -0.0335462000000000
vn 5.6739649717352165 2.6299035129499710 0.6067508685185159
v 0.3126470500000000 -0.2824358000000000 0.0151128500000000
vn 5.6739658231905263 2.6299024314145840 0.6067475940312106
v 0.3105475500000000 -0.2783711300000000 0.0171281900000000
vn 5.6739657521176197 2.6299026897658440 0.6067471388601365
v 0.2534848600000000 -0.1393587900000000 -0.0517920100000000
vn 5.6739650676878703 2.6299036536886300 0.6067493612008394
v 0.2513853600000000 -0.1352941200000000 -0.0497766600000000
vn 5.6739649797744507 2.6299034949951920 0.6067508711566590
v 0.2450868600000000 -0.1231001200000000 -0.0437306200000000
vn 5.6739649751087713 2.6299034193195565 0.6067512427809830
v 0.2429873600000000 -0.1190354600000000 -0.0417152800000000
vn 5.6737998837398900 2.6300957902044271 0.6074607954181942
v 0.3075089600000000 -0.2742856100000000 0.0278245000000000
vn 5.6737998837397425 2.6300957902042690 0.6074607954182201
v 0.3065698800000000 -0.2742647600000000 0.0365054600000000
vn 5.6738000284011072 2.6300954792701079 0.6074607904919838
v 0.3243990100000000 -0.3141195300000000 0.0425353700000000
vn 5.6737999268312054 2.6300957421395497 0.6074606010412121
v 0.2399487800000000 -0.1149499400000000 -0.0310189700000000
vn 5.6737998210525173 2.6300958810558326 0.6074609875724611
v 0.2390096900000000 -0.1149290900000000 -0.0223380100000000
vn 5.6737998498327364 2.6300958182153615 0.6074609908369957
v 0.2568388300000000 -0.1547838600000000 -0.0163081000000000
vn 5.6737998498328928 2.6300958182152545 0.6074609908365703
v 0.2361924400000000 -0.1148665400000000 0.0037048700000000
vn 5.6737994020683695 2.6300961787562547 0.6074636120275567
v 0.2352533500000000 -0.1148456900000000 0.0123858300000000
vn 5.6738000083485236 2.6300955181266836 0.6074608095515425
v 0.2530824800000000 -0.1547004600000000 0.0184157400000000
vn 3.5619239440804780 -0.0066642912377028 5.1760091777510180
v 0.3236816800000000 0.0282768500000000 -0.0502527300000000
vn 3.5619238136243179 -0.0066628715413375 5.1760092693534352
v 0.3145852100000000 0.0258229200000000 -0.0439960600000000
vn 3.5619251200750206 -0.0066630166766794 5.1760083701189696
v 0.3195408700000000 0.0060475500000000 -0.0474318100000000
vn -0.0000000172852155 -0.0000008557124671 -0.0000009016499685
v 0.3043445100000000 0.0001552200000000 0.0302981400000000
vn -0.0000000172851915 -0.0000008557140008 -0.0000009016494036
v 0.3040392200000000 0.0251227800000000 0.0017060800000000
vn 0.0000000174958176 0.0000008724744262 0.0000009106340497
v 0.3039619500000000 0.0084428700000000 0.0017377800000000
vn 0.0000000168031791 0.0000008643504910 0.0000008662339690
v 0.3040637100000000 0.0001203500000000 0.0112684700000000
vn 0.0000000170996000 0.0000008730842790 0.0000008835734827
v 0.3035021200000000 0.0000506100000000 -0.0267908700000000
vn -0.0000000085863103 -0.0000017429885070 -0.0000000313982131
v 0.3037829100000000 0.0000854800000000 -0.0077612000000000
vn 6.2710367928482587 -0.0283125078620278 0.3895042348678620
v 0.4115772800000000 0.0047860300000000 -0.0290739800000000
vn 6.2710368015096085 -0.0283120909719152 0.3895041257475214
v 0.4105345500000000 0.0168892000000000 -0.0114063000000000
vn -6.2710367784390462 0.0283140553376101 -0.3895043543949254
v 0.4082885000000000 0.0064310900000000 0.0239949300000000
vn -6.2710367784390462 0.0283140553376389 -0.3895043543949137
v 0.4082538600000000 -0.0010455400000000 0.0240091400000000
vn -6.2710367448446300 0.0283108165818990 -0.3895051306692345
v 0.4094501000000000 0.0199864100000000 0.0062784900000000
vn -6.2710367786167733 0.0283140364062306 -0.3895043529096728
v 0.4099962600000000 0.0192874300000000 -0.0025655200000000
vn -6.2710366402604496 0.0283101914996604 -0.3895068598934888
v 0.4099269800000000 0.0043341600000000 -0.0025371000000000
vn -6.2710366718142954 0.0283088626118812 -0.3895064484433438
v 0.4093461800000000 -0.0024435000000000 0.0063211200000000
vn 0.0927028224776561 0.0115096152522000 6.2824908531409296
v 0.3705637900000000 -0.0329753000000000 -0.0589895400000000
vn 0.0927021684101459 0.0115114580644310 6.2824908594162920
v 0.3580707200000000 -0.0329170700000000 -0.0588053100000000
vn 0.0927045391497036 0.0115114021142629 6.2824908245347846
v 0.3789932700000000 -0.0112638300000000 -0.0591537100000000
vn 0.0927045464016816 0.0115114020797630 6.2824908244280593
v 0.3623358400000000 -0.0111861900000000 -0.0589080600000000
vn -1.6224996235467155 6.0700698713502508 0.0128192382170553
v 0.3236665800000000 0.0386397200000000 0.0296239200000000
vn -1.6224996448187630 6.0700698649148670 0.0128195931566286
v 0.3326011700000000 0.0410798600000000 0.0050155600000000
vn -1.7351452651883408 -0.0034383327162611 -6.0388472981942938
v 0.0186236700000000 0.0154856100000000 -0.0349190800000000
vn -1.7351449169128161 -0.0034387674908286 -6.0388473980159505
v 0.0185674900000000 0.0033598300000000 -0.0348960400000000
vn -1.7351453603732678 -0.0034399231372303 -6.0388472699397981
v 0.0471867900000000 0.0440895500000000 -0.0431424300000000
vn -1.7351450402062167 -0.0034389095231104 -6.0388473625103822
v 0.0614121800000000 0.0462657500000000 -0.0472310600000000
vn -1.7351437048011531 -0.0034402806436921 -6.0388477454318874
v 0.0612998300000000 0.0220142100000000 -0.0471849600000000
vn -1.7351437048011529 -0.0034402806436917 -6.0388477454318874
v 0.0470182600000000 0.0077122300000000 -0.0430732900000000
vn 1.7351445203980087 0.0034390564161973 6.0388475117835405
v 0.1039146700000000 0.0153092200000000 -0.0594256900000000
vn 1.7351446860226778 0.0034389031210842 6.0388474642819006
v 0.1038380600000000 -0.0012277400000000 -0.0593942600000000
vn 1.7351444288933258 0.0034386857418100 6.0388475382871221
v 0.0756171300000000 0.0440307500000000 -0.0513113000000000
vn 1.7351460713114395 0.0034394290562928 6.0388470659469995
v 0.0613917400000000 0.0418545500000000 -0.0472226700000000
vn 1.7351459055390108 0.0034395833924292 6.0388471134906192
v 0.0612385200000000 0.0087806200000000 -0.0471598100000000
vn 1.7351450044825671 0.0034401931838170 6.0388473720438212
v 0.0753872900000000 -0.0055801400000000 -0.0512170000000000
vn 1.7661583693597058 6.0297367306102663 -0.0371103520124505
v -0.0934071100000000 0.0793061100000000 0.0074718000000000
vn 1.7661587850118878 6.0297366128688896 -0.0371097008846710
v -0.0936076800000000 0.0792812000000000 -0.0061207700000000
vn 1.7661587850118896 6.0297366128688896 -0.0371097008846715
v -0.0647169900000000 0.0710673700000000 0.0342546900000000
vn 1.7661583637266589 6.0297367323005693 -0.0371103454582178
v -0.0505725000000000 0.0669231000000000 0.0340535700000000
vn 1.7661573044786336 6.0297370571307862 -0.0371079782617625
v -0.0509736300000000 0.0668732900000000 0.0068684400000000
vn 1.7661587432058707 6.0297366322687171 -0.0371085383206759
v -0.0653186900000000 0.0709926600000000 -0.0065230100000000
vn -1.7661579566159689 -6.0297368559889266 0.0371096234861391
v -0.0083683700000000 0.0544618000000000 0.0179071500000000
vn -1.7661587098853335 -6.0297366423913479 0.0371084792409056
v -0.0085116800000000 0.0544440000000000 0.0081952800000000
vn -1.7661589138556939 -6.0297365780263430 0.0371092300187632
v -0.0363707400000000 0.0627859400000000 0.0377331400000000
vn -1.7661575641153338 -6.0297369700476384 0.0371097709700748
v -0.0505152400000000 0.0669302100000000 0.0379342600000000
vn -1.7661579566159680 -6.0297368559889266 0.0371096234861399
v -0.0508018500000000 0.0668946200000000 0.0185105100000000
vn -1.7661593103856186 -6.0297364628838768 0.0371090670271545
v -0.0368006600000000 0.0627325500000000 0.0085975100000000
vn 0.0291086340190541 6.2831065304514606 -0.0119423100029292
v -0.0937660800000000 0.0018202000000000 0.0076190700000000
vn 0.0291075733964918 6.2831065375189690 -0.0119411771132730
v -0.0939666500000000 0.0017952900000000 -0.0059735000000000
vn 0.0291086376321541 6.2831065304212617 -0.0119423170871438
v -0.0650381800000000 0.0017379800000000 0.0343864600000000
vn 0.0291081165064185 6.2831065316644965 -0.0119429336705334
v -0.0508747900000000 0.0016719700000000 0.0341775900000000
vn 0.0291075734612829 6.2831065375270141 -0.0119411727223500
v -0.0512759300000000 0.0016221600000000 0.0069924600000000
vn 0.0291086392092560 6.2831065304168270 -0.0119423155747009
v -0.0656398800000000 0.0016632700000000 -0.0063912400000000
vn -0.6002087290731716 0.0146686232856135 6.2544345801504297
v -0.2713914100000000 0.0296093700000000 0.0336211200000000
vn -0.6002084347882590 0.0146684324639310 6.2544346088392402
v -0.3236132400000000 0.0351775900000000 0.0285965800000000
vn -0.6002087315431991 0.0146685238983785 6.2544345801468335
v -0.1668542400000000 0.0386601100000000 0.0436318400000000
vn -0.6002087283706592 0.0146686237259926 6.2544345802168122
v -0.1668074800000000 0.0487536900000000 0.0436126500000000
vn -0.6002087918704547 0.0146682454305986 6.2544345750104640
v -0.2712511300000000 0.0598901300000000 0.0335635700000000
vn -0.6002087256604446 0.0146689020006772 6.2544345798241059
v -0.3235197100000000 0.0553647600000000 0.0285582100000000
vn 0.6002086348262194 -0.0146684522175033 -6.2544345895961984
v -0.2711850000000000 0.0741637800000000 0.0335364400000000
vn 0.6002085837569515 -0.0146687124707022 -6.2544345938868569
v -0.3234315500000000 0.0743963000000000 0.0285220400000000
vn 0.6002086675905226 -0.0146684339432362 -6.2544345864948294
v -0.1667854400000000 0.0535115800000000 0.0436036100000000
vn 0.6002086675905226 -0.0146684339432335 -6.2544345864948285
v -0.1668322000000000 0.0434179900000000 0.0436228000000000
vn 0.6002086349985288 -0.0146684513392317 -6.2544345895817202
v -0.2713252900000000 0.0438830200000000 0.0335940000000000
vn 0.6002086669810814 -0.0146684335010058 -6.2544345865543498
v -0.3235250700000000 0.0542091300000000 0.0285604100000000
vn -0.5734826597486028 -0.0092380118523680 -6.2569521256296481
v -0.4909016900000000 0.0708769900000000 -0.0319757600000000
vn -0.5734823260181978 -0.0092382606598165 -6.2569521558496870
v -0.4909237300000000 0.0661191100000000 -0.0319667100000000
vn -0.5734830633497841 -0.0092382571148158 -6.2569520882751268
v -0.4067069400000000 0.0799882500000000 -0.0397061000000000
vn -0.5734830605579126 -0.0092376544642574 -6.2569520894213966
v -0.4067730700000000 0.0657146000000000 -0.0396789700000000
vn 0.5734830248525454 0.0092361578867271 6.2569520949052215
v -0.2385095900000000 0.0567353000000000 -0.0550879600000000
vn 0.5734830390081695 0.0092330028331973 6.2569520982652538
v -0.2385516000000000 0.0476680300000000 -0.0550707300000000
vn 0.5734830243829963 0.0092361582313027 6.2569520949477502
v -0.3225762400000000 0.0752743500000000 -0.0474101700000000
vn 0.5734830544993859 0.0092364482962067 6.2569520917590644
v -0.3646515700000000 0.0754766100000000 -0.0435540400000000
vn 0.5734830165559989 0.0092364319478716 6.2569520952609015
v -0.3647355900000000 0.0573420600000000 -0.0435195800000000
vn 0.5734830238902016 0.0092361534855795 6.2569520949999200
v -0.3227022600000000 0.0480725400000000 -0.0473584700000000
vn -1.7117482361753060 6.0455053090678614 0.0141823244414178
v -0.0376013100000000 -0.0595019500000000 0.0381044400000000
vn -1.7117482315428747 6.0455053103796699 0.0141823243713404
v -0.0517701000000000 -0.0635142700000000 0.0383208600000000
vn -1.7117467320077480 6.0455057393487923 0.0141804554803183
v -0.0095465500000000 -0.0515124500000000 0.0185059400000000
vn -1.7117475357898828 6.0455055120857049 0.0141803178743733
v -0.0096879500000000 -0.0515300100000000 0.0089231100000000
vn -1.7117469242736938 6.0455056866133132 0.0141797292903424
v -0.0380255200000000 -0.0595546300000000 0.0093559500000000
vn -1.7117470941006445 6.0455056381371142 0.0141798958935480
v -0.0520529000000000 -0.0635493800000000 0.0191552000000000
vn -0.0291082822378952 -6.2831065331540676 0.0119417458491393
v -0.0656768600000000 0.0017954700000000 0.0343957800000000
vn -0.0291082811406610 -6.2831065331571487 0.0119417469028421
v -0.0515269700000000 0.0017295200000000 0.0341871100000000
vn -0.0291082811406610 -6.2831065331571487 0.0119417469028421
v -0.0943777800000000 0.0018775600000000 0.0076279900000000
vn -0.0291077047555729 -6.2831065347672270 0.0119423047492929
v -0.0945783500000000 0.0018526500000000 -0.0059645800000000
vn -0.0291082747228870 -6.2831065332060509 0.0119417368144210
v -0.0662785700000000 0.0017207500000000 -0.0063819200000000
vn -0.0291082720478463 -6.2831065332135712 0.0119417393833831
v -0.0519281100000000 0.0016797100000000 0.0070019800000000
vn -0.6132889458388503 0.0147285882800836 6.2531653857796794
v -0.4812319500000000 -0.0636120800000000 0.0130826900000000
vn -0.6132889479967670 0.0147219833266459 6.2531654011252087
v -0.4812099100000000 -0.0588542000000000 0.0130736500000000
vn -0.6132886199107377 0.0147283636721671 6.2531654182748024
v -0.3770518600000000 -0.0735912600000000 0.0233238200000000
vn -0.6132889465977240 0.0147219833204261 6.2531654012624367
v -0.3769857300000000 -0.0593176100000000 0.0232966900000000
vn 0.6132889313788716 -0.0147254376982033 -6.2531653946213668
v -0.1684853600000000 -0.0490156700000000 0.0437214200000000
vn 0.6132886693839095 -0.0147256242980366 -6.2531654198774866
v -0.1684386300000000 -0.0389288900000000 0.0437022500000000
vn 0.6132886428523304 -0.0147283547383851 -6.2531654160481933
v -0.2728030000000000 -0.0687257900000000 0.0335367300000000
vn 0.6132887276652452 -0.0147256245572136 -6.2531654141608470
v -0.3249150800000000 -0.0684940800000000 0.0284252100000000
vn 0.6132886422353642 -0.0147283551778052 -6.2531654161076693
v -0.3248216200000000 -0.0483205400000000 0.0283868600000000
vn 0.6132889894609953 -0.0147254443714757 -6.2531653889091574
v -0.2726628100000000 -0.0384654800000000 0.0334792100000000
vn -0.6049800681430346 -0.0090833789201928 -6.2539854663833658
v -0.3238962600000000 -0.0282116500000000 -0.0465889900000000
vn -0.6049800681879616 -0.0090833835911503 -6.2539854663722352
v -0.3658731000000000 -0.0323121400000000 -0.0425224000000000
vn -0.6049800681535120 -0.0090833796033913 -6.2539854663813603
v -0.2400265400000000 -0.0381316000000000 -0.0546877300000000
vn -0.6049800681430350 -0.0090833789201907 -6.2539854663833667
v -0.2400685200000000 -0.0471920600000000 -0.0546705100000000
vn -0.6049800681430346 -0.0090833789201903 -6.2539854663833658
v -0.3240221900000000 -0.0553930300000000 -0.0465373300000000
vn -0.6049800681430224 -0.0090833789201406 -6.2539854663833685
v -0.3659570500000000 -0.0504330500000000 -0.0424879600000000
vn 0.6049799844821372 0.0090836344137937 6.2539854741051855
v -0.3240883200000000 -0.0696666800000000 -0.0465102000000000
vn 0.6049801382587534 0.0090865972335209 6.2539854549242495
v -0.3660452200000000 -0.0694645900000000 -0.0424517900000000
vn 0.6049801072553865 0.0090865748831515 6.2539854579558485
v -0.2400905600000000 -0.0519499400000000 -0.0546614600000000
vn 0.6049800983021646 0.0090866202634515 6.2539854587559756
v -0.2400485900000000 -0.0428894800000000 -0.0546786900000000
vn 0.6049796734031674 0.0090833583217495 6.2539855045984813
v -0.3239623900000000 -0.0424853000000000 -0.0465618600000000
vn 0.6049804427681709 0.0090833771157233 6.2539854301464963
v -0.3659612700000000 -0.0513436700000000 -0.0424862300000000
vn 6.1952792804156154 -0.0267111526443906 1.0470046591735849
v -0.5441927000000000 0.0740268000000000 0.0650618400000000
vn 6.1952793322976358 -0.0267116587806719 1.0470043392686816
v -0.5442375699999999 0.0643412400000000 0.0650802500000000
vn -6.1952794274768612 0.0267104662478566 -1.0470038064986060
v -0.5442871600000000 0.0536361500000000 0.0651006000000000
vn -6.1952794120282757 0.0267112904029908 -1.0470038768813388
v -0.5486184500000000 0.0633912000000000 0.0909783600000000
vn -6.1952792315543785 0.0267116505926999 -1.0470049355875171
v -0.5442422900000000 0.0633217100000000 0.0650821900000000
vn -0.0000000000000004 0.0000000000000000 0.0000000000000000
v -0.5660714900000000 0.0637911100000000 -0.0093717500000000
vn -0.0000000156909885 -0.0000033864492475 0.0000000064360971
v -0.5655700700000000 0.0638533700000000 0.0246097300000000
vn 6.1952794377392690 -0.0267119597055744 1.0470037076770584
v -0.5447466500000000 -0.0455459400000000 0.0652891100000000
vn 0.0000000000000000 0.0000000000000000 0.0000000000000001
v -0.5491700500000000 -0.0556717700000000 0.0912046600000000
vn -6.1952792805928087 0.0267112465735140 -1.0470046557280108
v -0.5448411200000000 -0.0659365900000000 0.0653278600000000
vn 0.0000000000000000 -0.0000000000000000 0.0000000000000000
v -0.5661240200000000 -0.0557193700000000 0.0248370000000000
vn -5.6023171531734137 2.7792960399255575 -0.6066083102482748
v 0.3180314200000000 0.2788009300000000 0.0405917100000000
vn -5.6023174708016139 2.7792955175238943 -0.6066077702884594
v 0.3588993300000000 0.3614987300000000 0.0420533000000000
vn -5.6023173277086880 2.7792957811866055 -0.6066078837968204
v 0.3600769700000000 0.3627065300000000 0.0367109800000000
vn -5.6023172295930923 2.7792959941924664 -0.6066078140119648
v 0.3215643300000000 0.2824243200000000 0.0245647500000000
vn -1.0803413938928776 -0.8448872086413131 6.1316756014695102
v 0.2753598300000000 0.1603437100000000 -0.0580751100000000
vn -1.0803399545673551 -0.8448879226589476 6.1316757566795479
v 0.2688757100000000 0.1244189600000000 -0.0641676400000000
vn -1.0803428813974718 -0.8448864708012700 6.1316754410497207
v 0.2731212800000000 0.1223134200000000 -0.0637097400000000
vn -5.6011986857793659 2.7802948372673155 -0.6123328381073238
v 0.4044208300000000 0.3658646500000000 0.0359960300000000
vn -5.6011984538586574 2.7802951729829202 -0.6123334352565293
v 0.3884949600000000 0.3273978100000000 0.0070164100000000
vn -5.6011986493550001 2.7802947908666158 -0.6123333819826283
v 0.3855340800000000 0.3243781100000000 0.0203894900000000
vn 1.7584244915024476 2.3162978599753199 -5.5696611329488173
v 0.4071596100000000 0.4138092900000000 0.0505407500000000
vn -1.7584268412401558 -2.3162988935015916 5.5696599612835991
v 0.4003425500000000 0.4171888100000000 0.0497939700000000
vn -1.7008029976156016 2.3729028858759080 5.5637234530289215
v 0.3927943800000000 -0.4097593500000000 0.0498315200000000
vn 5.6744557629294485 2.6295834293664457 0.6035398801321890
v 0.3439853800000000 -0.2658382200000000 0.0444424500000000
vn 5.6744551939987344 2.6295839684623918 0.6035428803850130
v 0.3800557100000000 -0.3438450300000000 0.0451813900000000
vn 5.6744556844165217 2.6295834755203447 0.6035404172151903
v 0.3812014400000000 -0.3450908400000000 0.0398372300000000
vn 5.6744546447674971 2.6295847493924596 0.6035446417040775
v 0.3474225800000000 -0.2695756600000000 0.0284099500000000
vn 5.6746848848888511 2.6290103657082082 0.6038820733653825
v 0.3559651100000000 -0.3790622400000000 0.0287087200000000
vn 5.6746847378651371 2.6290105693425283 0.6038825684302602
v 0.3548192400000000 -0.3778164300000000 0.0340527600000000
vn 5.6746844606264952 2.6290114082938278 0.6038815212754365
v 0.3399191000000000 -0.3389808600000000 0.0049981900000000
vn 5.6746851610870976 2.6290100715152387 0.6038807587255373
v 0.3370544400000000 -0.3358663300000000 0.0183582900000000
vn -0.0291087591575186 -6.2831065316035852 0.0119413986584940
v 0.3763554300000000 -0.0438473500000000 -0.0431007200000000
vn -0.0291091015120690 -6.2831065266254500 0.0119431835503808
v 0.3664795700000000 -0.0438036400000000 -0.0441786600000000
vn -0.0291085758210407 -6.2831065291659467 0.0119431279751563
v 0.3865696300000000 -0.0438490300000000 -0.0190921100000000
vn -0.0291089962018199 -6.2831065324699376 0.0119403643347195
v 0.3668179300000000 -0.0437616300000000 -0.0212480000000000
vn -0.0291033545515343 -6.2831065614466102 0.0119388668291051
v 0.3646233500000000 -0.0436987700000000 0.0064716600000000
vn 0.0291083060293630 6.2831065303524856 -0.0119431612898017
v 0.3774271600000000 -0.0437142600000000 0.0295312300000000
vn 0.0291062600311530 6.2831065398353658 -0.0119431595491801
v 0.3675853100000000 -0.0436663400000000 0.0307572500000000
vn 0.0291086396157976 6.2831065340067589 -0.0119404260137685
v 0.3836500400000000 -0.0437882300000000 0.0057832100000000
vn 0.0291044344587107 6.2831065536662507 -0.0119403305280140
v 0.3672469500000000 -0.0437083500000000 0.0078265800000000
vn 0.0291123699215849 6.2831065225377687 -0.0119373614219100
v 0.3601700000000000 -0.0436747800000000 0.0082436700000000
vn 0.0291137827842203 6.2831065130419974 -0.0119389162871210
v 0.3575914400000000 -0.0436666300000000 0.0062423900000000
vn 0.0291067997026534 6.2831065388949456 -0.0119423387560735
v 0.3599839900000000 -0.0437272200000000 -0.0198011700000000
vn 0.0291090727193885 6.2831065296409356 -0.0119416673297469
v 0.3505775300000000 -0.0437328100000000 -0.0456707400000000
vn 0.0291093437797888 6.2831065297363473 -0.0119409566878841
v 0.3461028000000000 -0.0436625200000000 -0.0195964700000000
vn -3.5619236375701036 0.0066653677991522 -5.1760093872927504
v 0.3245249400000000 -0.0075970400000000 -0.0508792200000000
vn -3.5619222741608461 0.0066654690779246 -5.1760103254060557
v 0.3315819000000000 -0.0095898300000000 -0.0557381000000000
vn -3.5619241067773579 0.0066629224078822 -5.1760090675515604
v 0.3244270100000000 -0.0287357000000000 -0.0508390400000000
vn -0.0000000079935443 -0.0000017255214142 0.0000000032770784
v 0.3038846800000000 -0.0082370400000000 0.0017694900000000
vn 0.0000000170995782 0.0000008730836429 0.0000008835731017
v 0.3038074000000000 -0.0249169500000000 0.0018011900000000
vn -0.9354065235235220 0.0109301485402261 6.2131564258400065
v 0.3311400200000000 -0.0287837900000000 0.0439049000000000
vn -0.9354055350802372 0.0109297366409715 6.2131565753768268
v 0.3475801500000000 -0.0096466800000000 0.0463463300000000
vn 0.9353514869669124 -0.0213560242143134 -6.2131376228431989
v 0.3290775000000000 0.0282395600000000 0.0434467700000000
vn 0.9353483878208602 -0.0213564661274382 -6.2131380878831184
v 0.3476691700000000 0.0095684200000000 0.0463098100000000
vn 0.9511106877038978 -0.0162109292708768 -6.2107602811463423
v 0.3576117500000000 0.0107893800000000 0.0478161000000000
vn 0.9511104225296306 -0.0162108285680227 -6.2107603220177516
v 0.3634362300000000 0.0325148100000000 0.0486513500000000
vn 0.9511099698206873 -0.0162108841163451 -6.2107603912001936
v 0.3664174700000000 0.0107511400000000 0.0491647000000000
vn 2.5598835582774804 -0.0009541484148445 5.7380669969960438
v 0.3864120600000000 -0.0051577300000000 0.0423528300000000
vn 2.5598804284303096 -0.0009527139469941 5.7380683935202565
v 0.3745741500000000 -0.0093410900000000 0.0476332900000000
vn 2.5598847073875537 -0.0009527639009153 5.7380664845806564
v 0.3898626700000000 -0.0256530100000000 0.0408100300000000
vn -2.5615218200613414 0.0009615467330629 -5.7373358490795869
v 0.3874137100000000 0.0106400700000000 0.0419026100000000
vn 6.2710366797001864 -0.0283126364969227 0.3895060472230149
v 0.4099002200000000 -0.0014432900000000 -0.0025261200000000
vn 6.2710366998000460 -0.0283140525665979 0.3895056206854827
v 0.4082601600000000 0.0003138300000000 0.0240065600000000
vn 6.2710366984835293 -0.0283141191585003 0.3895056370406688
v 0.4082255200000000 -0.0071628000000000 0.0240207700000000
vn 6.2710368544858079 -0.0283088879788612 0.3895035055877040
v 0.4092611600000000 -0.0207952800000000 0.0063560000000000
vn 6.2710366992892803 -0.0283098582100139 0.3895059337594559
v 0.4098136200000000 -0.0201348900000000 -0.0024906000000000
vn -6.2710369231738579 0.0283105972584315 -0.3895022755130517
v 0.4115143000000000 -0.0088078700000000 -0.0290481400000000
vn -6.2710366949467060 0.0283120750354293 -0.3895058425704275
v 0.4103739600000000 -0.0177752400000000 -0.0113404200000000
vn 3.8521312896404698 -0.0273061728286852 -4.9637442021776987
v 0.4019408300000000 -0.0229843100000000 -0.0456714700000000
vn 3.8521346810207051 -0.0273054167159356 -4.9637415744426878
v 0.3921207200000000 -0.0089345800000000 -0.0533696900000000
vn -3.8521329493046479 0.0272574560532085 4.9637431819458175
v 0.3991546800000000 0.0250286500000000 -0.0480975300000000
vn -3.8521366594439193 0.0272576230386022 4.9637403017511135
v 0.3921994400000000 0.0080578200000000 -0.0534019800000000
vn -0.0927039702014795 -0.0115114054253395 -6.2824908329267917
v 0.3677270700000000 -0.0107814500000000 -0.0589883500000000
vn -0.0927015467371056 -0.0115114217030562 -6.2824908686550769
v 0.3784298600000000 -0.0111048800000000 -0.0591456900000000
vn -0.0927032426711670 -0.0115114252374832 -6.2824908436258777
v 0.3691552800000000 -0.0325779400000000 -0.0589694900000000
vn 0.0927045466118118 0.0115114499933565 6.2824908243373443
v 0.3624366100000000 0.0105641000000000 -0.0589494000000000
vn 0.0927045018329715 0.0115114449095324 6.2824908250084173
v 0.3507383600000000 0.0323693800000000 -0.0588167400000000
vn 0.0927044880187686 0.0115114023511248 6.2824908252889067
v 0.3457791800000000 0.0106417400000000 -0.0587037500000000
vn 0.0463596853630979 0.0057554763667882 3.1412453340158910
v 0.3384314700000000 -0.0115232800000000 -0.0585547100000000
vn 0.0927118856394053 0.0115100752263125 6.2824907185568293
v 0.3395611200000000 -0.0112295400000000 -0.0585719200000000
vn 0.0291076737132463 6.2831065332600806 -0.0119431733364219
v 0.3729092900000000 0.0433108600000000 0.0299788800000000
vn 0.0291078592876046 6.2831065323872402 -0.0119431803936474
v 0.3873337100000000 0.0431969500000000 0.0052091800000000
vn 0.0291086108787993 6.2831065289137040 -0.0119431759444672
v 0.3676500100000000 0.0432928000000000 0.0076612200000000
vn 0.0291065965151516 6.2831065374120199 -0.0119436141247316
v 0.3605730600000000 0.0433263800000000 0.0080783200000000
vn 0.0291074438291408 6.2831065358015445 -0.0119423964513080
v 0.3579945000000000 0.0433345200000000 0.0060770300000000
vn 0.0291075876772438 6.2831065358052856 -0.0119420439073603
v 0.3659395200000000 0.0432480600000000 -0.0200484100000000
vn 0.0291036710990349 6.2831065515856865 -0.0119432847679879
v 0.3627796000000000 0.0432133600000000 -0.0460101000000000
vn 0.0291051194476442 6.2831065448333208 -0.0119433084216570
v 0.3572271200000000 0.0432392300000000 -0.0459282100000000
vn 0.0291086374747043 6.2831065312878867 -0.0119418619644740
v 0.3492820900000000 0.0433257000000000 -0.0198027600000000
vn -0.0291081759602006 -6.2831065333646059 0.0119418935282727
v 0.3869726900000000 0.0431521200000000 -0.0192574700000000
vn -0.0291052886628758 -6.2831065443727399 0.0119431398438110
v 0.3672209900000000 0.0432395300000000 -0.0214133500000000
vn -0.0291075955571141 -6.2831065375114177 0.0119411271913714
v 0.3711043000000000 0.0432690700000000 0.0035927300000000
vn -1.5807871480937195 6.0810102669467794 0.0290470283995488
v 0.3169117100000000 0.0368989500000000 0.0028542400000000
vn -0.7903872369249574 3.0405060384276292 0.0145252547528072
v 0.3163468800000000 0.0367520800000000 0.0028628400000000
vn -1.6016502011308311 6.0755383039874591 0.0209306628698427
v 0.3180413500000000 0.0371926900000000 0.0028370300000000
vn -0.8527652768800402 -3.0236051026293262 0.0143778509845379
v 0.3160068000000000 -0.0366557000000000 0.0030023600000000
vn -1.7055376937655577 -6.0472086104049678 0.0287541589613118
v 0.3165702100000000 -0.0368146400000000 0.0029943400000000
vn -1.6963231883258392 -6.0497729654031067 0.0323674621217711
v 0.3176970200000000 -0.0371325200000000 0.0029783000000000
vn -1.6870979316961179 -6.0523403270151741 0.0359824843722570
v 0.3223444200000000 -0.0384238200000000 0.0036802400000000
vn -1.6870966838881141 -6.0523406571282115 0.0359854642534746
v 0.3250518100000000 -0.0390218200000000 0.0300338400000000
vn 1.6851565442436345 6.0528868791763060 -0.0350064800214594
v 0.3200926100000000 -0.0380167300000000 -0.0343550300000000
vn 1.6851561370296955 6.0528869911764271 -0.0350067169664922
v 0.3216031100000000 -0.0382869700000000 -0.0083684500000000
vn 0.0291075809514926 6.2831065350501909 -0.0119424570795563
v 0.2135574400000000 -0.0757789600000000 -0.0172892100000000
vn 0.0291096341564398 6.2831065262509842 -0.0119420825711770
v 0.2229608000000000 -0.0758021100000000 -0.0065514300000000
vn 0.0291073942397600 6.2831065383236053 -0.0119411901208789
v 0.1951883700000000 -0.0756783000000000 -0.0091058600000000
vn 0.0291096489542405 6.2831065261931194 -0.0119420769455263
v 0.1954071800000000 -0.0756511300000000 0.0057235800000000
vn 0.0291084950449733 6.2831065299256057 -0.0119429258599207
v 0.2142139000000000 -0.0756974400000000 0.0271991300000000
vn 0.0291075809521013 6.2831065350501731 -0.0119424570813469
v 0.2233984400000000 -0.0757477700000000 0.0231074600000000
vn 2.6556633065234201 -0.0590582820293373 5.6940655177192347
v 0.2329727900000000 0.0194290000000000 0.0337906600000000
vn 2.6062386572665153 -0.0299801558958649 5.7167512880704461
v 0.2332426400000000 0.0193867600000000 0.0336643700000000
vn 1.3278623444252939 -0.0295466291316633 2.8470182633860284
v 0.2324330800000000 0.0195134800000000 0.0340432600000000
vn 2.5568770817385209 -0.0009364608332708 5.7394073140233681
v 0.2238817600000000 -0.0186259900000000 0.0378283800000000
vn 2.5568746923741759 -0.0009376668232765 5.7394083782768783
v 0.2331544700000000 0.0003552200000000 0.0337005400000000
vn 2.5568760818879457 -0.0009367139883100 5.7394077594111783
v 0.2237054300000000 -0.0566890600000000 0.0379007300000000
vn 2.5568778846753157 -0.0009362574624434 5.7394069563530179
v 0.2328899600000000 -0.0567393900000000 0.0338090600000000
vn 2.5568772997445270 -0.0009376811954652 5.7394072167040386
v 0.2514353800000000 -0.0187769700000000 0.0255533700000000
vn 2.5568769009784256 -0.0009366917885582 5.7394073945134956
v 0.2515235500000000 0.0002545700000000 0.0255172000000000
vn -2.5599509675997991 0.0009531087017809 -5.7380369238463844
v 0.2131714400000000 -0.0564682800000000 0.0426239600000000
vn -2.5599509673789740 0.0009531087062761 -5.7380369239449029
v 0.2226258300000000 -0.0565608500000000 0.0384059900000000
vn -2.5599513647099914 0.0009536247759503 -5.7380367465949877
v 0.1944386200000000 -0.0183015800000000 0.0509877100000000
vn -2.5599513647781729 0.0009536246094631 -5.7380367465645969
v 0.1945266000000000 0.0006892100000000 0.0509516100000000
vn -2.5599492308623732 0.0009541269820523 -5.7380376984988590
v 0.2134353800000000 0.0005040800000000 0.0425156800000000
vn -2.5599513647099919 0.0009536247759497 -5.7380367465949860
v 0.2228017900000000 -0.0185792700000000 0.0383338000000000
vn -2.5599502508730545 0.0009535285295363 -5.7380372435340288
v 0.2229779400000000 0.0194430500000000 0.0382615300000000
vn -2.5599515781181119 0.0009534991713597 -5.7380366514066932
v 0.2323443500000000 0.0003596900000000 0.0340796600000000
vn -2.5599515810134528 0.0009528266381520 -5.7380366502266504
v 0.2231542800000000 0.0575061200000000 0.0381891900000000
vn -2.5599512050558935 0.0009526315835613 -5.7380368179874592
v 0.2326088600000000 0.0574543000000000 0.0339711400000000
vn -2.5599502512270136 0.0009535284463193 -5.7380372433761293
v 0.2513416800000000 0.0192875900000000 0.0256074000000000
vn -2.5599498450015039 0.0009545192135631 -5.7380374244439709
v 0.2512535100000000 0.0002560600000000 0.0256435700000000
vn 6.2121972966477941 -0.0269907843915427 0.9414318081714330
v 0.2655754800000000 -0.0189124100000000 -0.0112408500000000
vn 0.0000000110349991 -0.0000000889724347 -0.0000000753668659
v 0.2669025400000000 0.0000978500000000 -0.0194526600000000
vn 6.2121972963494860 -0.0269907799154713 0.9414318102681941
v 0.2653991400000000 -0.0569754800000000 -0.0111685100000000
vn 6.2121972746922189 -0.0269907194726166 0.9414319549101116
v 0.2666380300000000 -0.0569967600000000 -0.0193441400000000
vn -0.0000000275109588 -0.0000012031845435 0.0000001470430974
v 0.2693803200000000 0.0000552900000000 -0.0358039300000000
vn -6.2121977963266470 0.0269884957446464 -0.9414285765488820
v 0.2657518100000000 0.0191506600000000 -0.0113132000000000
vn -6.2121973614880384 0.0269907855052715 -0.9414313802801900
v 0.2659281500000000 0.0572137300000000 -0.0113855400000000
vn -6.2121972869042468 0.0269908756274201 -0.9414318698501069
v 0.2671670400000000 0.0571924600000000 -0.0195611800000000
vn 2.7266214046688066 -0.0233899097557701 -5.6606895544692923
v 0.2415995600000000 -0.0569537000000000 -0.0577221600000000
vn 2.7266213442323202 -0.0233914307398684 -5.6606895772953942
v 0.2321908500000000 -0.0188550000000000 -0.0624115400000000
vn -0.0927043956902941 -0.0115110863797000 -6.2824908272318165
v 0.1655073500000000 0.0233482400000000 -0.0642239900000000
vn -0.0927026491638613 -0.0115118414365877 -6.2824908516183839
v 0.1899105700000000 0.0587425800000000 -0.0646489300000000
vn -0.0927026402609576 -0.0115118433340185 -6.2824908517463491
v 0.1958028900000000 0.0587151200000000 -0.0647358300000000
vn -0.0927039812631979 -0.0115114177274308 -6.2824908327405398
v 0.1860422900000000 0.0042205900000000 -0.0644919500000000
vn -0.0927023417710135 -0.0115104815980236 -6.2824908586484023
v 0.1723675900000000 -0.0134697200000000 -0.0642577600000000
vn -0.0927021373368267 -0.0115122369710811 -6.2824908584484049
v 0.2132153300000000 0.0015381200000000 -0.0648880000000000
vn -0.0927039115700726 -0.0115116984833599 -6.2824908332543909
v 0.2131271600000000 -0.0174934100000000 -0.0648518200000000
vn -0.0927025059316675 -0.0115111157977437 -6.2824908550640570
v 0.1857777800000000 -0.0528740200000000 -0.0643834400000000
vn -0.0927021078517921 -0.0115122459196709 -6.2824908588670816
v 0.1721912600000000 -0.0515327900000000 -0.0641854200000000
vn 0.0927037392846959 0.0115105128110197 6.2824908379689210
v 0.2025563100000000 0.0193418400000000 -0.0647633400000000
vn 0.0927030907934583 0.0115121590253685 6.2824908445217318
v 0.1983320200000000 0.0574254300000000 -0.0647707800000000
vn 0.0927019836056254 0.0115107247384311 6.2824908634872196
v 0.1742274400000000 0.0182571600000000 -0.0643433400000000
vn 0.0927044893377394 0.0115122085278349 6.2824908237950394
v 0.1748665100000000 -0.0007777600000000 -0.0643178900000000
vn 0.0927006355482995 0.0115104190040944 6.2824908839379612
v 0.1575377800000000 0.0539654100000000 -0.0641625000000000
vn 0.0927044240106788 0.0115121919496885 6.2824908247893836
v 0.1498320100000000 0.0527846000000000 -0.0640466300000000
vn 0.0927006355482939 0.0115104190040941 6.2824908839379612
v 0.1511101500000000 0.0147147500000000 -0.0639957300000000
vn 0.0927006259888290 0.0115104167364244 6.2824908840831757
v 0.1594549800000000 -0.0031393700000000 -0.0640861500000000
vn -0.2860402502396663 0.0153814608145717 6.2766521323283051
v 0.1608728600000000 0.0164163400000000 0.0540027100000000
vn -0.2860402927338401 0.0153814417506643 6.2766521304384826
v 0.1612407700000000 -0.0025765100000000 0.0540660200000000
vn -0.2860398778589252 0.0153822162907085 6.2766521474471775
v 0.1161213000000000 0.0476689800000000 0.0518867000000000
vn -0.2860400570866213 0.0153827016576930 6.2766521380895064
v 0.0941134400000000 0.0443024500000000 0.0508920100000000
vn -0.2860402927342601 0.0153814417504758 6.2766521304384444
v 0.0948492600000000 0.0063167500000000 0.0510186300000000
vn -0.2860402496636026 0.0153814638945322 6.2766521323470092
v 0.1172250400000000 -0.0093095700000000 0.0520766300000000
vn -0.2875176240227618 0.0132629244616571 6.2765894652325187
v 0.0727852200000000 -0.0091755500000000 0.0500469800000000
vn -0.2875173641761530 0.0132609989099555 6.2765894812031586
v 0.0951610000000000 -0.0248018700000000 0.0511049800000000
vn -0.2875183884852957 0.0132606291734215 6.2765894350632827
v 0.0279213100000000 -0.0021744500000000 0.0479770600000000
vn -0.2875176341140645 0.0132628527239403 6.2765894649218517
v 0.0278651400000000 -0.0143002200000000 0.0480001100000000
vn -0.2875179833270477 0.0132632162322874 6.2765894481570275
v 0.0726166900000000 -0.0455528600000000 0.0501161200000000
vn -0.2875176295309534 0.0132628573810117 6.2765894651219538
v 0.0950486500000000 -0.0490534100000000 0.0511510800000000
vn 0.1868837266190904 -0.0695207513870491 -3.1352584609921781
v 0.0714567800000000 -0.0007000900000000 0.0499492300000000
vn 0.3737318783974211 -0.1389916788689573 -6.2705201855015380
v 0.0719126700000000 -0.0007021500000000 0.0499764500000000
vn 0.3306072203911443 -0.0761021910784171 -6.2735564354012157
v 0.0728244600000000 -0.0007062700000000 0.0500308800000000
vn 0.2875173212934944 -0.0132612551758204 -6.2765894826266155
v 0.1177763400000000 0.0112834200000000 0.0520647100000000
vn 0.2875182901417821 -0.0132616576197993 -6.2765894373955797
v 0.0952564100000000 -0.0042068200000000 0.0510658400000000
vn 0.2875182286393064 -0.0132616608314003 -6.2765894402061138
v 0.1626402500000000 0.0042823300000000 0.0541346200000000
vn 0.2875182262354662 -0.0132616573292653 -6.2765894403236047
v 0.1625522700000000 -0.0147084600000000 0.0541707200000000
vn 0.2875177360876738 -0.0132620531411941 -6.2765894619400546
v 0.1175124000000000 -0.0456889400000000 0.0521729900000000
vn 0.2875178023978510 -0.0132620569337905 -6.2765894588945139
v 0.0950804500000000 -0.0421883900000000 0.0511380300000000
vn 0.0291078160671339 6.2831065348721209 -0.0119419783471639
v 0.2106279100000000 0.0764904400000000 -0.0174365300000000
vn 0.0291070312783161 6.2831065391811665 -0.0119416234713401
v 0.2207585000000000 0.0764639000000000 -0.0067094800000000
vn 0.0291070295994782 6.2831065391813583 -0.0119416274502904
v 0.1908069700000000 0.0765982000000000 -0.0090548700000000
vn 0.0291078168176712 6.2831065348876063 -0.0119419683701836
v 0.1910270900000000 0.0766255300000000 0.0058630100000000
vn 0.0291090973055432 6.2831065279953435 -0.0119424733041531
v 0.2112882800000000 0.0765724400000000 0.0273171100000000
vn 0.0291091032691687 6.2831065279633318 -0.0119424756076253
v 0.2211987500000000 0.0765185600000000 0.0231262800000000
vn -0.9501999671506225 6.2109202744200980 0.0026403739237524
v 0.1151030500000000 0.0665810700000000 0.0077494400000000
vn -0.9501998365990761 6.2109202939091972 0.0026415129505967
v 0.0929517800000000 0.0631967300000000 -0.0029639400000000
vn -0.9501992183111684 6.2109203890045244 0.0026403257226697
v 0.1589653500000000 0.0732950700000000 -0.0006595400000000
vn -0.9501991804069515 6.2109203948584559 0.0026401964115604
v 0.1587452200000000 0.0732677400000000 -0.0155774200000000
vn -0.9501999941368977 6.2109202701836272 0.0026406279044223
v 0.1144426800000000 0.0664990700000000 -0.0370041900000000
vn -0.9501999671506215 6.2109202744200989 0.0026403739237487
v 0.0925115300000000 0.0631420600000000 -0.0327996900000000
vn 0.9501641922545389 -6.2109260358533609 -0.0018409973763914
v 0.1359914600000000 0.0697704700000000 0.0094067500000000
vn 0.9501641671154971 -6.2109260394260470 -0.0018419167991998
v 0.1280655700000000 0.0685623400000000 -0.0053952600000000
vn 0.9501649719444927 -6.2109259163318153 -0.0018418139356479
v 0.1078275000000000 0.0654536900000000 0.0370213800000000
vn 0.9501641922545390 -6.2109260358533600 -0.0018409973763909
v 0.0858196400000000 0.0620871600000000 0.0360266800000000
vn 0.9501641671153233 -6.2109260394260764 -0.0018419167984795
v 0.0699678600000000 0.0596708900000000 0.0064226600000000
vn 0.9501642707766238 -6.2109260238984882 -0.0018408026420483
v 0.0840498400000000 0.0618292800000000 -0.0073846500000000
vn -0.9695788416637050 -6.2078750431066529 0.0249383903965774
v 0.0860484400000000 -0.0600026600000000 -0.0025345200000000
vn -0.9695789081765495 -6.2078750328635257 0.0249383542554656
v 0.1086238000000000 -0.0634854000000000 0.0082191300000000
vn -0.9695773790743892 -6.2078752849569518 0.0249350509389656
v 0.0693076100000000 -0.0575071700000000 -0.0322023000000000
vn -0.9695787006192514 -6.2078750670761105 0.0249379074455092
v 0.0835125600000000 -0.0597421600000000 -0.0362825400000000
vn -0.9695787079910191 -6.2078750659076372 0.0249379117037460
v 0.1286632800000000 -0.0667076400000000 -0.0147752500000000
vn -0.9695773790743878 -6.2078752849569510 0.0249350509389663
v 0.1370336900000000 -0.0679553900000000 0.0000586400000000
vn -0.9705493649762641 -6.2077211032457669 0.0254997802037193
v 0.1512896700000000 -0.0702598000000000 -0.0189773400000000
vn -0.9705517758573883 -6.2077207290938761 0.0254991041536664
v 0.1596600900000000 -0.0715075400000000 -0.0041434500000000
vn -0.9705525702628290 -6.2077206073720665 0.0254985003792086
v 0.1513917400000000 -0.0703986200000000 -0.0488888200000000
vn -0.9705517758572177 -6.2077207290940244 0.0254991041543991
v 0.1598131900000000 -0.0717157800000000 -0.0490106700000000
vn -0.9705524798628647 -6.2077206223844481 0.0254982864500646
v 0.1765540100000000 -0.0742112700000000 -0.0193428900000000
vn -0.9705517758573841 -6.2077207290938752 0.0254991041536655
v 0.1765029700000000 -0.0741418600000000 -0.0043871500000000
vn 0.9695366859206203 6.2078810255628820 -0.0250876753809253
v 0.1294728400000000 -0.0668343600000000 -0.0151541400000000
vn 0.9695353791804890 6.2078812423720056 -0.0250845267165086
v 0.1381131000000000 -0.0681243500000000 -0.0004465400000000
vn 0.9695366167456371 6.2078810361925996 -0.0250877184777418
v 0.0837824100000000 -0.0597844000000000 -0.0364088400000000
vn 0.9695355122478932 6.2078812196340527 -0.0250850107072691
v 0.0695774600000000 -0.0575494100000000 -0.0323286000000000
vn 0.9695366959968907 6.2078810249550260 -0.0250874364172786
v 0.0868579900000000 -0.0601293800000000 -0.0029134100000000
vn 0.9695366895348692 6.2078810249743439 -0.0250876813956772
v 0.1097032000000000 -0.0636543600000000 0.0077139400000000
vn 0.9698083435790457 6.2078361444586045 -0.0256862732780755
v 0.0727964500000000 -0.0578765800000000 0.0108855200000000
vn 0.9698083024630687 6.2078361493274992 -0.0256866489415625
v 0.0956416600000000 -0.0614015600000000 0.0215128700000000
vn 0.9698068184435991 6.2078363957674370 -0.0256831196341177
v 0.0273928400000000 -0.0507910100000000 0.0090682000000000
vn 0.9698083515296377 6.2078361431681914 -0.0256862849617790
v 0.0275362400000000 -0.0507732000000000 0.0187868900000000
vn 0.9698082712224756 6.2078361555095016 -0.0256863343930864
v 0.0732266700000000 -0.0578231600000000 0.0400415900000000
vn 0.9698068852751695 6.2078363855793368 -0.0256830584405054
v 0.0959284700000000 -0.0613659500000000 0.0409502500000000
vn 0.0927023691332879 0.0115125393635761 6.2824908544741973
v -0.1526466000000000 0.0370657500000000 -0.0595545400000000
vn 0.0927023717724026 0.0115125365563526 6.2824908544403986
v -0.1416353700000000 0.0460819000000000 -0.0597335400000000
vn 0.0927029345011997 0.0115101968433388 6.2824908504234287
v -0.1527410700000000 0.0166747100000000 -0.0595157900000000
vn 0.0927023691332863 0.0115125393635745 6.2824908544741964
v -0.1417770700000000 0.0154953300000000 -0.0596754100000000
vn 0.0927020649668357 0.0115094000500100 6.2824908647135835
v -0.1197546100000000 0.0335276200000000 -0.0600334000000000
vn 0.0927023799550823 0.0115125025343867 6.2824908543820017
v -0.1197073700000000 0.0437231500000000 -0.0600527800000000
vn 1.7661576445512344 6.0297369539115913 -0.0371085645925810
v -0.0369724500000000 0.0627112200000000 -0.0030445500000000
vn 1.7661576374105441 6.0297369560414547 -0.0371085585573230
v -0.0513175100000000 0.0668305900000000 -0.0164360000000000
vn 1.7661595860420130 6.0297363735560054 -0.0371104619316528
v -0.0085689400000000 0.0544368900000000 0.0043145900000000
vn 1.7661576303965585 6.0297369581958389 -0.0371085423184204
v -0.0087122500000000 0.0544191000000000 -0.0053972900000000
vn 1.7661589220494318 6.0297365745481679 -0.0371094050859717
v -0.0374023600000000 0.0626578400000000 -0.0321801800000000
vn 1.7661576445503573 6.0297369539130052 -0.0371085645904235
v -0.0516041200000000 0.0667950000000000 -0.0358597600000000
vn 0.0145552957418251 3.1415532180783714 -0.0059760077936970
v -0.3759687900000000 0.0846804900000000 0.0006184500000000
vn 0.0291105525118311 6.2831064980247415 -0.0119546877769039
v -0.3750377000000000 0.0846761500000000 0.0006047200000000
vn 0.0291094424536232 6.2831065147659499 -0.0119485872865629
v -0.3731755200000000 0.0846674700000000 0.0005772600000000
vn 0.0291082234569515 6.2831065334213223 -0.0119417485118049
v -0.2668858400000000 0.0841856200000000 0.0061340300000000
vn 0.0291082244723227 6.2831065334336671 -0.0119417395459050
v -0.3201309600000000 0.0844140900000000 -0.0034406400000000
vn 0.0291082244725578 6.2831065334336609 -0.0119417395476003
v -0.1607967300000000 0.0836788600000000 -0.0019017600000000
vn 0.0291082244725578 6.2831065334336600 -0.0119417395476003
v -0.1609972900000000 0.0836539500000000 -0.0154943200000000
vn 0.0291082254498771 6.2831065334110736 -0.0119417490490130
v -0.2674875400000000 0.0841109000000000 -0.0346436700000000
vn 0.0291082232692758 6.2831065334298755 -0.0119417444699957
v -0.3205321000000000 0.0843642800000000 -0.0306257700000000
vn -0.0291091043634985 -6.2831065273428663 0.0119427994301442
v -0.1651265900000000 0.0836670500000000 -0.0186690700000000
vn -0.0145553379431993 -3.1415532589113973 0.0059719887715512
v -0.1627988600000000 0.0836562000000000 -0.0187033900000000
vn -0.0291081296518916 -6.2831065333203169 0.0119420305006982
v -0.1973612700000000 0.0838579700000000 0.0032124600000000
vn -0.0291081324018831 -6.2831065332861744 0.0119420417622571
v -0.2075999700000000 0.0838798500000000 -0.0102320700000000
vn -0.0291081209100406 -6.2831065333525160 0.0119420348684436
v -0.2813769400000000 0.0842792400000000 0.0200727300000000
vn -0.0291087675596270 -6.2831065294226640 0.0119425263196474
v -0.3336234900000000 0.0845117600000000 0.0150583300000000
vn -0.0291081193292616 -6.2831065333556104 0.0119420370936232
v -0.3541008900000000 0.0845555200000000 -0.0118307400000000
vn -0.0291081193294321 -6.2831065333556060 0.0119420370938954
v -0.3120930500000000 0.0843448900000000 -0.0202608700000000
vn -0.6689778762549012 -6.2474339916623256 0.0213242870854390
v -0.3737591600000000 0.0302502900000000 -0.0218010900000000
vn -0.6689789703370106 -6.2474338977627681 0.0213174737811426
v -0.4797979000000000 0.0416323300000000 -0.0137859700000000
vn -0.6689790180823626 -6.2474338949282409 0.0213168061575408
v -0.4798653900000000 0.0416239500000000 -0.0183599700000000
vn -0.6689786241789207 -6.2474339342030616 0.0213176573922914
v -0.3739616400000000 0.0302251500000000 -0.0355230900000000
vn 0.6684895152824646 6.2474751474563082 -0.0243650206363556
v -0.3214698500000000 0.0246904600000000 -0.0122025400000000
vn 0.6684894535609400 6.2474751540502798 -0.0243650232844882
v -0.2685179800000000 0.0189910600000000 -0.0207841000000000
vn 0.6684891987468351 6.2474751805370978 -0.0243652229411086
v -0.3229299500000000 0.0249528200000000 0.0150096600000000
vn 0.6684888028787264 6.2474752144310166 -0.0243673931374419
v -0.2707081300000000 0.0193846100000000 0.0200342100000000
vn 0.6684895152824645 6.2474751474563099 -0.0243650206363546
v -0.1648043800000000 0.0079858100000000 0.0028710800000000
vn 0.6684891983553060 6.2474751805411541 -0.0243652326430513
v -0.1640743300000000 0.0078546300000000 -0.0107350200000000
vn -0.0291080256448549 -6.2831065331500469 0.0119423734718704
v -0.0654680900000000 0.0016846000000000 0.0052508300000000
vn -0.0291080246622351 -6.2831065331500202 0.0119423758845814
v -0.0514480100000000 0.0016007900000000 -0.0046699200000000
vn -0.0291071696604700 -6.2831065383311078 0.0119417338334834
v -0.0939093900000000 0.0018024000000000 -0.0020928100000000
vn -0.0291071696604700 -6.2831065383311078 0.0119417338334834
v -0.0941099600000000 0.0017775000000000 -0.0156853700000000
vn -0.0291080197629823 -6.2831065331548093 0.0119423853054164
v -0.0660698000000000 0.0016098800000000 -0.0355268700000000
vn -0.0291077686769950 -6.2831065311465766 0.0119440538893452
v -0.0518491500000000 0.0015509800000000 -0.0318550500000000
vn 0.0463607838253069 0.0057546792571015 3.1412453693900462
v -0.1098834500000000 0.0532573600000000 0.0485493600000000
vn 0.0927096753475236 0.0115090822408788 6.2824907529879139
v -0.1080222200000000 0.0530448100000000 0.0485222800000000
vn 0.0927036252540351 0.0115128880327681 6.2824908353001225
v -0.0930226800000000 0.0324814800000000 0.0483386300000000
vn 0.0927021909397134 0.0115098492132798 6.2824908620319970
v -0.0929754500000000 0.0426770000000000 0.0483192500000000
vn 0.0927026741458310 0.0115125029333972 6.2824908500402810
v -0.0647903800000000 0.0119584100000000 0.0479596500000000
vn 0.0927026980595917 0.0115125302279550 6.2824908496373997
v -0.0506269900000000 0.0118924000000000 0.0477507800000000
vn 0.0927026753653504 0.0115125018065296 6.2824908500243506
v -0.0505325200000000 0.0322834400000000 0.0477120200000000
vn 0.0927026626896088 0.0115094174665472 6.2824908558618260
v -0.0646486800000000 0.0425449800000000 0.0479015100000000
vn 1.5707417698061779 -0.0188381527467366 -6.0836529339649026
v -0.0519080200000000 0.0321126400000000 -0.0455057500000000
vn 1.5707417655368383 -0.0188381452737541 -6.0836529350903525
v -0.0660814300000000 0.0423670600000000 -0.0491969400000000
vn 1.5707421112846633 -0.0188409813926795 -6.0836528370390708
v -0.0520024800000000 0.0117216000000000 -0.0454669900000000
vn 1.5707417540877666 -0.0188411343724702 -6.0836529287902090
v -0.0662231300000000 0.0117805000000000 -0.0491388100000000
vn 1.5707406928127505 -0.0188382443757658 -6.0836532117496365
v -0.0945699600000000 0.0322893500000000 -0.0565212100000000
vn 1.5707421274786797 -0.0188380036556103 -6.0836528420779983
v -0.0945227300000000 0.0424848700000000 -0.0565405800000000
vn -0.5734831897170986 -0.0092364523943657 -6.2569520793599311
v -0.3226423700000000 0.0610007000000000 -0.0473830400000000
vn -0.5734828233029254 -0.0092330038700792 -6.2569521180342562
v -0.3647397400000000 0.0564450700000000 -0.0435178700000000
vn -0.5734828574426767 -0.0092361929399933 -6.2569521101974290
v -0.2385316300000000 0.0519774100000000 -0.0550789200000000
vn -0.5734828567248967 -0.0092359456664175 -6.2569521106284069
v -0.2385736400000000 0.0429101400000000 -0.0550616900000000
vn -0.5734831902647783 -0.0092364472967341 -6.2569520793172613
v -0.3227683900000000 0.0337988800000000 -0.0473313400000000
vn -0.5734832241816386 -0.0092364256179394 -6.2569520762406068
v -0.3648237600000000 0.0383105300000000 -0.0434834000000000
vn 0.5734833823975483 0.0092382555674293 6.2569520590349601
v -0.4068329600000000 0.0527864300000000 -0.0396544000000000
vn 0.5734826475568149 0.0092376564485430 6.2569521272717283
v -0.4909437000000000 0.0618097200000000 -0.0319585200000000
vn 0.5734823919599024 0.0092318960418018 6.2569521592037640
v -0.4909657400000000 0.0570518300000000 -0.0319494800000000
vn 0.5734833566070204 0.0092376743222585 6.2569520622575512
v -0.4068990900000000 0.0385127800000000 -0.0396272700000000
vn -0.0463501977274959 -0.0057562474608878 -3.1412443648839341
v -0.1112422600000000 -0.0492712900000000 0.0487572700000000
vn -0.0927006947054479 -0.0115125246222255 -6.2824908792082894
v -0.1102155500000000 -0.0491673200000000 0.0487419300000000
vn -0.0927015507172819 -0.0115125216070936 -6.2824908665829282
v -0.1081621400000000 -0.0489593900000000 0.0487112500000000
vn -0.0927021612193106 -0.0115125303066279 -6.2824908575586988
v -0.0939177800000000 -0.0286342900000000 0.0484638200000000
vn -0.0927022385689635 -0.0115125267170416 -6.2824908564239328
v -0.0939650100000000 -0.0388298100000000 0.0484832000000000
vn -0.0927022340195058 -0.0115094149617782 -6.2824908621917386
v -0.0655235300000000 -0.0083751500000000 0.0480077200000000
vn -0.0927028826696857 -0.0115100332558964 -6.2824908514878892
v -0.0513736400000000 -0.0084411000000000 0.0477990500000000
vn -0.0927022482927987 -0.0115124958901259 -6.2824908563369402
v -0.0514681000000000 -0.0288321400000000 0.0478378100000000
vn -0.0927022482666433 -0.0115124902443907 -6.2824908563476729
v -0.0656652300000000 -0.0389617100000000 0.0480658600000000
vn 1.7117471689018839 -6.0455056110681502 -0.0141824058825436
v -0.0386272200000000 -0.0596293500000000 -0.0314217500000000
vn 1.7117471642691304 -6.0455056123800563 -0.0141824058111484
v -0.0528551700000000 -0.0636490000000000 -0.0352150600000000
vn 1.7117473344901597 -6.0455055675437066 -0.0141809738598529
v -0.0098885100000000 -0.0515549100000000 -0.0046694600000000
vn 1.7117470510765482 -6.0455056441141197 -0.0141825404161074
v -0.0097471100000000 -0.0515373500000000 0.0049133700000000
vn 1.7117477388922453 -6.0455054541547097 -0.0141804985360538
v -0.0382030200000000 -0.0595766700000000 -0.0026732600000000
vn 1.7117475596246436 -6.0455055055654583 -0.0141802204957112
v -0.0525723700000000 -0.0636138900000000 -0.0160494000000000
vn 1.7117470451517218 -6.0455056487894563 -0.0141812630023861
v -0.0522304000000000 -0.0635714200000000 0.0071260000000000
vn 1.7117469322595795 -6.0455056856215510 -0.0141791880763104
v -0.0665997500000000 -0.0676086400000000 -0.0062501500000000
vn 1.7117467596467366 -6.0455057304121871 -0.0141809290118901
v -0.0518292600000000 -0.0635216100000000 0.0343111300000000
vn 1.7117470461546844 -6.0455056485089713 -0.0141812615132105
v -0.0659980500000000 -0.0675339200000000 0.0345275500000000
vn 1.7117467596465799 -6.0455057304116036 -0.0141809290122385
v -0.0947367500000000 -0.0756083600000000 0.0077752600000000
vn 1.7117468960564630 -6.0455056906599411 -0.0141814101243841
v -0.0949373200000000 -0.0756332600000000 -0.0058173000000000
vn -1.7127422222952728 6.0452271944748563 0.0126432389635866
v -0.0521703000000000 -0.0635317000000000 -0.0040236200000000
vn -1.7127424407249885 6.0452271322351967 0.0126434081964658
v -0.0661976800000000 -0.0675264600000000 0.0057756400000000
vn -1.7127415842689373 6.0452273734510786 0.0126440954440076
v -0.0521222900000000 -0.0634612300000000 -0.0312156000000000
vn -1.7127425696990328 6.0452270964055845 0.0126430683172146
v -0.0661256600000000 -0.0674207400000000 -0.0350123300000000
vn -1.7127412410424647 6.0452274703373492 0.0126442660804830
v -0.0941804300000000 -0.0754102500000000 -0.0154138300000000
vn -1.7127422264718439 6.0452271932921811 0.0126432389539124
v -0.0942044400000000 -0.0754454900000000 -0.0018178400000000
vn -0.0291082638973650 -6.2831065288391423 0.0119440608362436
v -0.2685209800000000 -0.0789361000000000 -0.0208900300000000
vn -0.0291080400461023 -6.2831065342932177 0.0119417368303743
v -0.3214587000000000 -0.0786747000000000 -0.0123938500000000
vn -0.0291080419431968 -6.2831065342663512 0.0119417463428861
v -0.1622444000000000 -0.0794090800000000 -0.0106972700000000
vn -0.0291080420314275 -6.2831065342722612 0.0119417430191488
v -0.1620438300000000 -0.0793841800000000 0.0028953000000000
vn -0.0291080411594983 -6.2831065342709769 0.0119417458192086
v -0.2679192800000000 -0.0788613800000000 0.0198876600000000
vn -0.0291080424883930 -6.2831065342631405 0.0119417467053633
v -0.3210575700000000 -0.0786248900000000 0.0147912800000000
vn 0.0291090735559919 6.2831065277802960 -0.0119426442029197
v -0.1234291900000000 -0.0796046600000000 -0.0189851800000000
vn 0.0291090837138791 6.2831065277283624 -0.0119426467718156
v -0.1242548200000000 -0.0795749700000000 -0.0053774800000000
vn 0.0291084691828702 6.2831065335849088 -0.0119410630023485
v -0.1438657200000000 -0.0795610900000000 -0.0458748500000000
vn 0.0291090837138801 6.2831065277283624 -0.0119426467718146
v -0.1549096200000000 -0.0795096100000000 -0.0457119800000000
vn 0.0291084637721528 6.2831065336093470 -0.0119410633313582
v -0.1565608900000000 -0.0794502400000000 -0.0184965800000000
vn 0.0291068960724019 6.2831065389182159 -0.0119420919388172
v -0.1463426200000000 -0.0794720200000000 -0.0050517500000000
vn 0.0291081487110778 6.2831065333981577 -0.0119419429175347
v -0.2095616900000000 -0.0791966700000000 -0.0142753000000000
vn 0.0291081472529096 6.2831065334216909 -0.0119419340926265
v -0.1993434200000000 -0.0792184600000000 -0.0008304700000000
vn 0.0291081463273363 6.2831065334357508 -0.0119419289470481
v -0.3139120200000000 -0.0787489200000000 -0.0330481400000000
vn 0.0291081472529094 6.2831065334216909 -0.0119419340926266
v -0.3558689300000000 -0.0785468300000000 -0.0289897300000000
vn 0.0291081466759712 6.2831065334343714 -0.0119419288260156
v -0.3354324000000000 -0.0785904000000000 -0.0021000700000000
vn 0.0291081482085177 6.2831065334214564 -0.0119419318818161
v -0.2832572300000000 -0.0788142800000000 0.0072863600000000
vn -0.6115516411731563 6.2533524040156516 -0.0024301702204658
v -0.3745974000000000 -0.0240935600000000 -0.0346932000000000
vn -0.6115516670257427 6.2533524014955972 -0.0024301490714056
v -0.4805232300000000 -0.0344460400000000 -0.0176801700000000
vn -0.6115516139696576 6.2533524068281316 -0.0024297787988882
v -0.4804601500000000 -0.0344382100000000 -0.0134052600000000
vn -0.6115509735383667 6.2533524694547964 -0.0024297912056510
v -0.3744081600000000 -0.0240700600000000 -0.0218684900000000
vn -0.6112885885290366 6.2533785473989631 -0.0007802704802835
v -0.3222083100000000 -0.0189650500000000 -0.0124922000000000
vn -0.6112885885290364 6.2533785473989640 -0.0007802704802847
v -0.2692453900000000 -0.0137888100000000 -0.0209987100000000
vn -0.6112885885290368 6.2533785473989640 -0.0007802704802845
v -0.3238605900000000 -0.0191231700000000 0.0147236100000000
vn -0.6112885885290351 6.2533785473989649 -0.0007802704802848
v -0.2717238100000000 -0.0140259900000000 0.0198250000000000
vn -0.6112885885290350 6.2533785473989649 -0.0007802704802841
v -0.1657979800000000 -0.0036735100000000 0.0028119700000000
vn -0.6112885885290367 6.2533785473989649 -0.0007802704802848
v -0.1649718400000000 -0.0035944500000000 -0.0107959300000000
vn 0.6115516713594555 -6.2533523984373547 0.0024369080140838
v -0.3738064600000000 -0.0239953400000000 0.0189092100000000
vn 0.6115516390428938 -6.2533524015906181 0.0024369264374669
v -0.4802595800000000 -0.0344133000000000 0.0001873000000000
vn 0.6115513415713695 -6.2533524306138837 0.0024370997375169
v -0.4803226600000000 -0.0344211400000000 -0.0040876000000000
vn 0.6115512845196239 -6.2533524361929205 0.0024371005895512
v -0.3739957000000000 -0.0240188400000000 0.0060845000000000
vn 0.6112575709608949 -6.2533802690415978 0.0041227483979516
v -0.3320819400000000 -0.0199261900000000 -0.0022569900000000
vn 0.6112576212587230 -6.2533802641649396 0.0041226878730459
v -0.2788553800000000 -0.0147172100000000 0.0071039600000000
vn 0.6112575581904041 -6.2533802701572787 0.0041229493017914
v -0.3545814000000000 -0.0221431800000000 -0.0291120800000000
vn 0.6112575710971813 -6.2533802690272768 0.0041227498187013
v -0.3126045600000000 -0.0180427000000000 -0.0331786700000000
vn 0.6112575709609988 -6.2533802690415854 0.0041227483997916
v -0.2061514400000000 -0.0076247400000000 -0.0144567600000000
vn 0.6112575710971108 -6.2533802690273452 0.0041227498187922
v -0.1949017100000000 -0.0065162400000000 -0.0010292200000000
vn 0.0291082332501529 6.2831065345919637 -0.0119411084341344
v -0.0667027700000000 0.0016680800000000 -0.0351304100000000
vn 0.0291090930226715 6.2831065293688653 -0.0119417609812844
v -0.0524937100000000 0.0016094700000000 -0.0313293400000000
vn 0.0291077364060519 6.2831065344713775 -0.0119423832776160
v -0.0947197500000000 0.0018350900000000 -0.0155474100000000
vn 0.0291090951185214 6.2831065293628194 -0.0119417590551725
v -0.0945191800000000 0.0018600000000000 -0.0019548400000000
vn 0.0291077438124566 6.2831065344572004 -0.0119423726813980
v -0.0661010700000000 0.0017427900000000 0.0056472900000000
vn 0.0291082406586289 6.2831065345777777 -0.0119410978356162
v -0.0520925800000000 0.0016592800000000 -0.0041442100000000
vn -0.0291445210387130 -6.2831062937135904 0.0119791634836568
v -0.0372174900000000 0.0016111400000000 0.0067850400000000
vn -0.0291442022310928 -6.2831062971021989 0.0119781607689213
v -0.0377782100000000 0.0016137600000000 0.0067933100000000
vn -0.0291096018869475 -6.2831065247145279 0.0119429696948398
v -0.0513729200000000 0.0016330600000000 -0.0161866500000000
vn -0.0291092485332006 -6.2831065277714107 0.0119422226917635
v -0.0372467500000000 0.0015930600000000 -0.0027994500000000
vn -0.0291060190480745 -6.2831065466643787 0.0119401529444824
v -0.0516557200000000 0.0015979400000000 -0.0353523100000000
vn -0.0291077793487562 -6.2831065341884127 0.0119424274509302
v -0.0376709500000000 0.0015403900000000 -0.0315479400000000
vn -0.0291096018869474 -6.2831065247145279 0.0119429696948398
v -0.0094186100000000 0.0014603900000000 -0.0047735300000000
vn -0.0291077785275022 -6.2831065341903836 0.0119424284165731
v -0.0092772100000000 0.0014779500000000 0.0048093000000000
vn -0.0927033282925529 -0.0115118673020792 -6.2824908415512892
v -0.1531951300000000 -0.0329215200000000 -0.0594182100000000
vn -0.0927033277361703 -0.0115118729700794 -6.2824908415491167
v -0.1419686300000000 -0.0419733100000000 -0.0595672800000000
vn -0.0927007942532831 -0.0115087237443385 -6.2824908847032974
v -0.1535498100000000 -0.0126507600000000 -0.0594501200000000
vn -0.0927033282925504 -0.0115118673020774 -6.2824908415512892
v -0.1425006500000000 -0.0115671700000000 -0.0596151400000000
vn -0.0927033282925528 -0.0115118673020791 -6.2824908415512892
v -0.1200476500000000 -0.0296707500000000 -0.0599132800000000
vn -0.0927013569406560 -0.0115110713193909 -6.2824908720991406
v -0.1198703100000000 -0.0398061300000000 -0.0598973300000000
vn 0.0927026276576877 0.0115115848356713 6.2824908524068306
v -0.1532694100000000 -0.0489558700000000 -0.0593877400000000
vn 0.0927018871840646 0.0115109270703132 6.2824908645385191
v -0.1419539900000000 -0.0388128700000000 -0.0595732900000000
vn 0.0927026278672724 0.0115116303003024 6.2824908523203895
v -0.1538124600000000 -0.0693448300000000 -0.0593423700000000
vn 0.0927018749436088 0.0115109210765262 6.2824908647301223
v -0.1427685600000000 -0.0693963000000000 -0.0595052300000000
vn 0.0927026278691894 0.0115116302965282 6.2824908523203797
v -0.1201377100000000 -0.0491102900000000 -0.0598763400000000
vn 0.0927039919887327 0.0115101058554405 6.2824908349859987
v -0.1198661900000000 -0.0389158200000000 -0.0598990200000000
vn -0.6132886492713977 0.0147283349161445 6.2531654154655332
v -0.2727368700000000 -0.0544521400000000 0.0335096000000000
vn -0.6132886807451976 0.0147284471664484 6.2531654121139431
v -0.3248269200000000 -0.0494625500000000 0.0283890400000000
vn -0.6132889768210884 0.0147285444302718 6.2531653828470102
v -0.1684633200000000 -0.0442577800000000 0.0437123800000000
vn -0.6132889768210885 0.0147285444302362 6.2531653828470484
v -0.1684165900000000 -0.0341710100000000 0.0436932000000000
vn -0.6132886182524327 0.0147254358637578 6.2531654253360420
v -0.2725966800000000 -0.0241918300000000 0.0334520800000000
vn -0.6132886758368539 0.0147254365659925 6.2531654196867086
v -0.3247334600000000 -0.0292890100000000 0.0283506900000000
vn 1.6492384810973055 -0.0191627920317557 -6.0628428005537831
v -0.0519574300000000 -0.0330229900000000 -0.0448693700000000
vn 1.6492384780500458 -0.0191627865962054 -6.0628428013998903
v -0.0659138600000000 -0.0268481700000000 -0.0486853700000000
vn 1.6492384780500453 -0.0191627865962055 -6.0628428013998903
v -0.0520513300000000 -0.0532916600000000 -0.0448308500000000
vn 1.6492363257810614 -0.0191651312300354 -6.0628433794558294
v -0.0660547100000000 -0.0572511700000000 -0.0486275900000000
vn 1.6492372488413447 -0.0191657747722740 -6.0628431263276621
v -0.0939675700000000 -0.0449015400000000 -0.0562595800000000
vn 1.6492365760838430 -0.0191653057370357 -6.0628433108160733
v -0.0939206200000000 -0.0347672000000000 -0.0562788500000000
vn -1.6492393401958876 0.0191652021790232 6.0628425592387485
v -0.0519379700000000 -0.0288226100000000 -0.0448773600000000
vn -1.6492387198583478 0.0191657845941222 6.0628427261446429
v -0.0659696900000000 -0.0388993900000000 -0.0486624700000000
vn -1.6492367115767759 0.0191627793258118 6.0628432819456393
v -0.0518440700000000 -0.0085539500000000 -0.0449158800000000
vn -1.6492367154509229 0.0191627851232266 6.0628432808734551
v -0.0658288400000000 -0.0084963900000000 -0.0487202500000000
vn -1.6492370919947845 0.0191629389430630 6.0628431779584107
v -0.0938922800000000 -0.0286499400000000 -0.0562904700000000
vn -1.6492367159969208 0.0191627811804335 6.0628432807373933
v -0.0939392300000000 -0.0387842800000000 -0.0562712100000000
vn -0.0291105930494204 -6.2831065197490767 0.0119431650572382
v -0.5565008200000000 0.0474943500000000 0.0224663700000000
vn 0.0291089458702649 6.2831065309847922 -0.0119412697815739
v -0.5615178000000000 0.0475280700000000 0.0279786500000000
vn 0.0291054396806845 6.2831065427828827 -0.0119436074524489
v -0.5511982200000000 0.0474961300000000 0.0363234200000000
vn 6.1952793212589441 -0.0267097879452348 1.0470044523128885
v -0.5399039200000000 0.0550959600000000 0.0392015200000000
vn -6.1952791786300523 0.0267097879259308 -1.0470052962699297
v -0.5398236199999999 0.0724280100000000 0.0391685700000000
vn 0.0291105093505600 6.2831065201825655 -0.0119431418116619
v -0.5613666600000000 0.0801531100000000 0.0279166400000000
vn 0.0291088772952317 6.2831065295729580 -0.0119421797042603
v -0.5489831600000000 0.0801147800000000 0.0379303600000000
vn -0.0291078512968386 -6.2831065366349135 0.0119409649792389
v -0.5530932100000000 0.0800422000000000 -0.0102728700000000
vn -0.0291120860899734 -6.2831065123914849 0.0119433970669082
v -0.5441165900000000 0.0800623800000000 0.0222239600000000
vn -0.0291092745352209 -6.2831065297764317 0.0119411043779274
v -0.5527788900000000 -0.0721603300000000 -0.0099986300000000
vn -0.0291121127926392 -6.2831065122717353 0.0119433949761307
v -0.5448216900000000 -0.0721354000000000 0.0225132300000000
vn 0.0000000000000002 -0.0000000000000001 -0.0000000000000001
v -0.5404177200000000 -0.0558107600000000 0.0394123100000000
vn 0.0000000000000000 0.0000000000000000 -0.0000000000000000
v -0.5656226000000000 -0.0556571000000000 0.0588184800000000
vn 0.0000000000000000 -0.0000000000000000 0.0000000000000000
v -0.5651211800000000 -0.0555948400000000 0.0927999600000000
vn -0.0291120770229579 -6.2831065124286010 0.0119433996536713
v -0.5446705500000000 -0.0395103600000000 0.0224512200000000
vn -5.6016639211999166 2.7790950044058222 -0.6135225136625573
v 0.3133055400000000 0.2628889400000000 0.0114190600000000
vn -5.6016641164288972 2.7790947703559774 -0.6135217913307208
v 0.2928715800000000 0.2215400400000000 0.0106882600000000
vn -5.6016641182581814 2.7790948121898569 -0.6135215851419867
v 0.3353005900000000 0.3041003900000000 -0.0027261000000000
vn -5.6016643719140413 2.7790942921221835 -0.6135216249375270
v 0.3258641600000000 0.2833572200000000 -0.0105294700000000
vn -5.6016639211999006 2.7790950044058436 -0.6135225136625924
v 0.2849962500000000 0.2006594200000000 -0.0119910600000000
vn -5.6016643250311091 2.7790943876342622 -0.6135216203472263
v 0.2739987200000000 0.1800536900000000 -0.0049184900000000
vn -5.6015265262025071 2.7800011051055580 -0.6106652407049024
v 0.2680721900000000 0.1640594100000000 -0.0232986100000000
vn -5.6015262582602068 2.7800015138920191 -0.6106658375351036
v 0.2570746700000000 0.1434536800000000 -0.0162260300000000
vn -5.6015260290507127 2.7800019323485130 -0.6106660350467975
v 0.2750919900000000 0.1735572000000000 -0.0444521000000000
vn -5.6015261331560637 2.7800017422891088 -0.6106659453372394
v 0.2676043600000000 0.1577003600000000 -0.0479562700000000
vn -5.6015260688020803 2.7800018292191848 -0.6106661399033945
v 0.2456093100000000 0.1164889100000000 -0.0338111100000000
vn -5.6015259490094689 2.7800020784762602 -0.6106661040179050
v 0.2420994100000000 0.1117400100000000 -0.0232343700000000
vn -5.6039940911400041 2.7742750820584088 -0.6140566748024019
v 0.2354973400000000 0.0958635500000000 -0.0349089700000000
vn -5.6039952114021609 2.7742724897327005 -0.6140581630735050
v 0.2339880200000000 0.0898636300000000 -0.0482419200000000
vn -5.6039956231341144 2.7742718380585405 -0.6140573497639158
v 0.2289364800000000 0.0839422400000000 -0.0288931700000000
vn 5.6017495201725733 -2.7790006896135542 0.6131680721668625
v 0.2876529200000000 0.2006005200000000 -0.0365023400000000
vn 5.6017480563135074 -2.7790018271725847 0.6131762898198956
v 0.2775409500000000 0.1799751600000000 -0.0376001900000000
vn 5.6017495088782896 -2.7790007135008041 0.6131680670868133
v 0.3267497200000000 0.2833375900000000 -0.0186999000000000
vn 5.6017497441644579 -2.7790006903335884 0.6131660225714475
v 0.3361861500000000 0.3040807600000000 -0.0108965200000000
vn 5.6017485533682736 -2.7790017323286178 0.6131721788406922
v 0.3159622000000000 0.2628300400000000 -0.0130922200000000
vn 5.6017497441644579 -2.7790006903335849 0.6131660225714353
v 0.2964138000000000 0.2214615100000000 -0.0219934500000000
vn 5.6028324139085219 -2.7781784373710652 0.6069687933310988
v 0.3242210000000000 0.2823654200000000 0.0000534700000000
vn 5.6028322688409880 -2.7781786219196571 0.6069692877143815
v 0.3609625200000000 0.3626869000000000 0.0285405500000000
vn 5.6028324650240311 -2.7781782802602941 0.6069690406169471
v 0.3597848900000000 0.3614791000000000 0.0338828700000000
vn 5.6028323086970842 -2.7781785687573546 0.6069691631532229
v 0.3206880800000000 0.2787420400000000 0.0160804300000000
vn 5.6012520818112375 -2.7798694141171731 0.6137741936705345
v 0.3002541300000000 0.2373931400000000 0.0153496300000000
vn 5.6012525625743965 -2.7798687366179631 0.6137728747455719
v 0.2818833600000000 0.1972324000000000 0.0011060900000000
vn 5.6012524670773729 -2.7798689097164115 0.6137729622587969
v 0.2984830200000000 0.2374324000000000 0.0316904800000000
vn 5.6012524494145488 -2.7798688865057075 0.6137732285689587
v 0.2792267000000000 0.1972912900000000 0.0256173700000000
vn 5.6012523741579212 -2.7798691725957143 0.6137726196129514
v 0.2424851700000000 0.1169698200000000 -0.0028697200000000
vn 5.6012520286323335 -2.7798694536316995 0.6137745000107655
v 0.2433707300000000 0.1169501900000000 -0.0110401500000000
vn 5.6023065497342239 -2.7781926387998643 0.6117389875296994
v 0.2825884900000000 0.1059540200000000 -0.0291642500000000
vn 5.6023066865209366 -2.7781922240675163 0.6117396183344569
v 0.2800857300000000 0.1033082700000000 -0.0182596200000000
vn 5.6023063704301785 -2.7781935526277364 0.6117364794835990
v 0.3025556200000000 0.1429592600000000 -0.0439652400000000
vn 5.6023065314368514 -2.7781926246905311 0.6117392191810671
v 0.3100364300000000 0.1588161200000000 -0.0404611000000000
vn 5.6023068300340704 -2.7781923170607410 0.6117378817227435
v 0.3050309300000000 0.1535246200000000 -0.0186518400000000
vn 5.6023065497352666 -2.7781926387999940 0.6117389875275753
v 0.2950473600000000 0.1350220000000000 -0.0112513400000000
vn 5.6020882807486307 -2.7793122440362543 0.6086443536284087
v 0.3219551200000000 0.1901247600000000 -0.0073444300000000
vn 5.6020881427752984 -2.7793121189383805 0.6086461948094744
v 0.3119715500000000 0.1716221400000000 0.0000560700000000
vn 5.6020883716693142 -2.7793120607701587 0.6086443536414381
v 0.3608089900000000 0.2686165300000000 -0.0065388700000000
vn 5.6020882807482577 -2.7793122440364897 0.6086443536295314
v 0.3702523700000000 0.2893598100000000 0.0012644000000000
vn 5.6020885372027580 -2.7793121241052123 0.6086425408139798
v 0.3502852400000000 0.2523545700000000 0.0160653800000000
vn 5.6020882794378863 -2.7793124371583611 0.6086434838027126
v 0.3308583000000000 0.2131086800000000 0.0156626100000000
vn 5.6017165637294735 -2.7791698139326741 0.6127024476215286
v 0.3585442600000000 0.2718899600000000 0.0292178900000000
vn 5.6017165637294752 -2.7791698139326733 0.6127024476215288
v 0.3950294400000000 0.3479659800000000 0.0407219100000000
vn 5.6017167757780921 -2.7791697982226315 0.6127005801898446
v 0.3938450900000000 0.3467581000000000 0.0460711400000000
vn 5.6017165063199563 -2.7791699635074720 0.6127022940362810
v 0.3549912100000000 0.2682663200000000 0.0452655800000000
vn -5.6031393140982146 2.7775458361473202 -0.6070309375731886
v 0.3597587000000000 0.2676386400000000 -0.0013958100000000
vn -5.6031389268053378 2.7775461101582541 -0.6070332587359822
v 0.3680177200000000 0.2871740300000000 0.0117566900000000
vn -5.6031393912644711 2.7775457503109098 -0.6070306180577599
v 0.3282790200000000 0.1968541300000000 -0.0347090900000000
vn -5.6031387216132460 2.7775463607696405 -0.6070340060053108
v 0.3207982100000000 0.1809972600000000 -0.0382132300000000
vn -5.6031392471852994 2.7775457973202329 -0.6070317328516519
v 0.3373162600000000 0.2200680400000000 -0.0119082300000000
vn -5.6031394024251062 2.7775457253809974 -0.6070306291623573
v 0.3530560900000000 0.2554603000000000 0.0047484200000000
vn -5.6001825169381529 2.7811857565994043 -0.6175590405993991
v 0.3254121100000000 0.1962051700000000 -0.0113556100000000
vn -5.6021577960849838 2.7789330530092919 -0.6097349579975027
v 0.3214349100000000 0.1908907400000000 0.0009012700000000
vn -5.6021575115275404 2.7789329900204720 -0.6097378595502065
v 0.3386491900000000 0.2289516700000000 0.0162056600000000
vn -5.6021575115275404 2.7789329900204720 -0.6097378595502050
v 0.2849497300000000 0.1148147300000000 -0.0106027500000000
vn -5.6021580309153869 2.7789326219400512 -0.6097347650536672
v 0.2839214200000000 0.1148376500000000 -0.0010503700000000
vn -5.6021579964237826 2.7789327097816989 -0.6097346816095028
v 0.3183499900000000 0.1909595000000000 0.0295584200000000
vn -5.6021579869226894 2.7789327339786460 -0.6097346586238901
v 0.3365925800000000 0.2289975100000000 0.0353104300000000
vn -5.6003878897373784 2.7814603524957158 -0.6144521106360863
v 0.3971736700000000 0.4328285400000000 0.0712949300000000
vn -5.6003878897406709 2.7814603524954009 -0.6144521106392180
v 0.3913184100000000 0.4193968000000000 0.0638603700000000
vn 5.6026721455365207 -2.7776809553178028 0.6107134716344121
v 0.3975813200000000 0.4335774800000000 0.0711568600000000
vn 5.6026707855625766 -2.7776838190598978 0.6107129229475876
v 0.4218803200000000 0.4220228800000000 0.0753552200000000
vn -5.6015013279823327 2.7799938323351667 -0.6109294304917500
v 0.4214115600000000 0.4207851700000000 0.0739229600000000
vn -5.6014980290411494 2.7799999550940324 -0.6109318167196570
v 0.4155563100000000 0.4073534200000000 0.0664884000000000
vn 5.6748517055583951 2.6281508338929438 0.6060519107905248
v 0.4053222200000000 -0.4177871200000000 0.0730729200000000
vn 5.6748516630797390 2.6281510254156415 0.6060514780084969
v 0.3998369100000000 -0.4042221400000000 0.0656106900000000
vn -5.6766592123333384 -2.6279594677002112 -0.5897345397993274
v 0.4057011800000000 -0.4185471000000000 0.0729499700000000
vn -5.6721120937636815 -2.6317389295588605 -0.6160456206658859
v 0.3811555000000000 -0.4299271700000000 0.0703234000000000
vn 5.6717731376953813 2.6341188293434530 0.6089540801684944
v 0.3807781600000000 -0.4291518500000000 0.0704377900000000
vn 5.6717716569936627 2.6341221338082077 0.6089535774269244
v 0.3752794900000000 -0.4155870700000000 0.0629757600000000
vn 5.6744110777053196 2.6295689773268203 0.6040227802304006
v 0.3396859700000000 -0.2498531000000000 0.0152253700000000
vn 5.6744118504176075 2.6295674304715626 0.6040222552173433
v 0.3216508100000000 -0.2108496900000000 0.0148559000000000
vn 5.6744117034168315 2.6295683291356333 0.6040197239188514
v 0.3579916400000000 -0.2859231400000000 0.0002835000000000
vn 5.6744112669815809 2.6295687761345028 0.6040218779806678
v 0.3491093000000000 -0.2649547600000000 -0.0075569100000000
vn 5.6744116549444605 2.6295683861174215 0.6040199312257988
v 0.3130389800000000 -0.1869479600000000 -0.0082958500000000
vn 5.6744112604959938 2.6295687901116693 0.6040218780513100
v 0.3038861500000000 -0.1689129300000000 -0.0008249200000000
vn 5.6743850278505477 2.6297136238381063 0.6036376534479441
v 0.2970959900000000 -0.1499327200000000 -0.0196711200000000
vn 5.6743844437533708 2.6297148895374494 0.6036376301948265
v 0.2879431500000000 -0.1318976900000000 -0.0122001800000000
vn 5.6743847419477076 2.6297147714443314 0.6036353415398615
v 0.3012803300000000 -0.1539090400000000 -0.0416827000000000
vn 5.6743847419477085 2.6297147714443305 0.6036353415398639
v 0.2942196700000000 -0.1378621800000000 -0.0452175600000000
vn 5.6743849538323801 2.6297146249753061 0.6036339878340417
v 0.2759140100000000 -0.1017921300000000 -0.0302756900000000
vn 5.6743846868601331 2.6297142255233434 0.6036382376484675
v 0.2738218400000000 -0.0998039700000000 -0.0192698900000000
vn -5.6746397771521320 -2.6291530889841583 -0.6036845521897475
v 0.3506696800000000 -0.2696479300000000 -0.0016978400000000
vn -5.6746403976667441 -2.6291526472491173 -0.6036806432050947
v 0.3822838100000000 -0.3451149300000000 0.0298013000000000
vn -5.6746391651691059 -2.6291536838342893 -0.6036877141740555
v 0.3811380800000000 -0.3438691200000000 0.0351454600000000
vn -5.6746398702939462 -2.6291534642021017 -0.6036820425537158
v 0.3472324800000000 -0.2659104900000000 0.0143346600000000
vn -5.6741484000781490 -2.6297640441979895 -0.6056390097093501
v 0.3291973200000000 -0.2269070900000000 0.0139651900000000
vn -5.6741480279050256 -2.6297643494396041 -0.6056411711526942
v 0.3133902500000000 -0.1891735900000000 -0.0017843800000000
vn -5.6741484000781472 -2.6297640441979899 -0.6056390097093503
v 0.3270325800000000 -0.2268589100000000 0.0340370500000000
vn -5.6741480279050256 -2.6297643494396059 -0.6056411711526976
v 0.3101431500000000 -0.1891013200000000 0.0283234100000000
vn -5.6741481106720864 -2.6297641207246945 -0.6056413888289720
v 0.2785290200000000 -0.1136343200000000 -0.0031757300000000
vn -5.6741484000781481 -2.6297640441979895 -0.6056390097093498
v 0.2796113900000000 -0.1136584100000000 -0.0132116600000000
vn 1.3807632505811394 -1.6250396455931702 -5.9102585899809066
v 0.3620563900000000 -0.3314034100000000 -0.0008299900000000
vn 1.3807617939216106 -1.6250404698405079 -5.9102587036570187
v 0.3717282100000000 -0.3269194300000000 0.0001966800000000
vn 1.3807617623690596 -1.6250406337652956 -5.9102586659593985
v 0.3787464100000000 -0.3738383900000000 0.0147367600000000
vn -5.6741626752792014 -2.6292719628854635 -0.6076384484232548
v 0.2387320700000000 -0.1114376700000000 -0.0349097000000000
vn -5.6741625583070103 -2.6292720765354223 -0.6076390489538428
v 0.2356934800000000 -0.1073521500000000 -0.0242134000000000
vn -5.6741628676344860 -2.6292712247214705 -0.6076398462593968
v 0.2589172600000000 -0.1516887400000000 -0.0492324300000000
vn -5.6741628047970272 -2.6292713157852767 -0.6076400390041303
v 0.2659712600000000 -0.1677287500000000 -0.0456974900000000
vn -5.6741627339816318 -2.6292718683562697 -0.6076383092888789
v 0.2598940900000000 -0.1595577200000000 -0.0243048800000000
vn -5.6741627368779675 -2.6292717617046311 -0.6076387437315824
v 0.2498015000000000 -0.1394321900000000 -0.0171435100000000
vn -5.6741029349695546 -2.6296945687693838 -0.6063661952163384
v 0.2758305100000000 -0.1965727900000000 -0.0129227000000000
vn -5.6741029094101894 -2.6296941953018491 -0.6063680540512408
v 0.2657379100000000 -0.1764472500000000 -0.0057613400000000
vn -5.6741027835356519 -2.6296942650048254 -0.6063689296364263
v 0.3137805000000000 -0.2787739500000000 -0.0115509700000000
vn -5.6741032970215635 -2.6296937937581149 -0.6063661683789960
v 0.3226629000000000 -0.2997490000000000 -0.0037037300000000
vn -5.6741029631762148 -2.6296940789071495 -0.6063680557108270
v 0.3024777100000000 -0.2594979400000000 0.0106190000000000
vn -5.6741029328510511 -2.6296945275293071 -0.6063663938799784
v 0.2835027200000000 -0.2183973500000000 0.0099331300000000
vn -5.6743604574873858 -2.6297673420387033 -0.6036345993657954
v 0.3102142500000000 -0.2792271700000000 0.0238102700000000
vn -5.6743600630092574 -2.6297675281867137 -0.6036374966361300
v 0.3458725100000000 -0.3589367100000000 0.0358700800000000
vn -5.6743603632410577 -2.6297676076124503 -0.6036343283663179
v 0.3447266500000000 -0.3576909000000000 0.0412141200000000
vn -5.6743603287812263 -2.6297674868877032 -0.6036351782444931
v 0.3067766600000000 -0.2754897300000000 0.0398423800000000
vn 5.6749402519540748 2.6286260424327588 0.6031549304620470
v 0.3133814900000000 -0.2791220300000000 -0.0062151600000000
vn 5.6749396909560028 2.6286265344355790 0.6031580645117912
v 0.3211180300000000 -0.2988512600000000 0.0069761100000000
vn 5.6749412665904790 2.6286240707015409 0.6031539770140042
v 0.2838004000000000 -0.2075835200000000 -0.0396675900000000
vn 5.6749397036509919 2.6286265039307857 0.6031580780113621
v 0.2767463900000000 -0.1915435000000000 -0.0432025300000000
vn 5.6749401978997378 2.6286261357943879 0.6031550321685309
v 0.2922194600000000 -0.2310019800000000 -0.0168199800000000
vn 5.6749408469075409 2.6286251685155375 0.6031531413349434
v 0.3070100100000000 -0.2667712300000000 -0.0000937700000000
vn 5.6739651689546786 2.6299032418254207 0.6067501994019650
v 0.2830659500000000 -0.2108972900000000 -0.0183395800000000
vn 5.6739649384108679 2.6299037532376306 0.6067501386404732
v 0.2492858600000000 -0.1312294600000000 -0.0477613100000000
vn 5.6739658320116062 2.6299023918545430 0.6067476830094428
v 0.2471863600000000 -0.1271647900000000 -0.0457459700000000
vn 5.6739649751087669 2.6299034193195623 0.6067512427810032
v 0.2767674600000000 -0.1987032900000000 -0.0122935400000000
vn 5.6738000963928350 2.6300954018125160 0.6074604907987994
v 0.2737288700000000 -0.1946177800000000 -0.0015972400000000
vn 5.6737999037926734 2.6300957513475400 0.6074607763584124
v 0.2906189200000000 -0.2344517000000000 0.0131136300000000
vn 5.6738000083485218 2.6300955181266863 0.6074608095515516
v 0.2380706100000000 -0.1149082400000000 -0.0136570500000000
vn 5.6738000284011108 2.6300954792701075 0.6074607904919741
v 0.2371315200000000 -0.1148873900000000 -0.0049760900000000
vn 5.6737998498328919 2.6300958182152572 0.6074609908365692
v 0.2709116100000000 -0.1945552300000000 0.0244456500000000
vn 5.6737997252242600 2.6300960902929997 0.6074609767032191
v 0.2887407500000000 -0.2344100000000000 0.0304755500000000
vn 0.0000005018285014 -0.0000002433121580 -0.0000003456531379
v 0.3355165100000000 -0.0318672400000000 -0.0584744300000000
vn 1.7809655586804360 -0.0033310876897672 2.5880015473858737
v 0.3314736400000000 -0.0329578800000000 -0.0556936800000000
vn -0.0000000355555174 0.0000001084647699 0.0000000246075644
v 0.3356144400000000 -0.0107285700000000 -0.0585146000000000
vn 1.7809626157590910 -0.0033318155345341 2.5880052406230840
v 0.3234858200000000 -0.0140004800000000 -0.0501723800000000
vn -0.0000010974874971 -0.0000002329130454 0.0000007549480570
v 0.3357123700000000 0.0104100900000000 -0.0585547800000000
vn -0.0000019489051153 -0.0000002283033271 0.0000013408695814
v 0.3358103000000000 0.0315487600000000 -0.0585949600000000
vn 1.7809621458578639 -0.0033314074991810 2.5880044702114779
v 0.3154980000000000 0.0049569100000000 -0.0446510700000000
vn 1.7809626861872689 -0.0033313582953502 2.5880040434199993
v 0.3075101800000000 0.0239143100000000 -0.0391297600000000
vn -0.0000000080919137 -0.0000017047805553 -0.0000000099486226
v 0.3043689900000000 -0.0248472200000000 0.0398605300000000
vn -0.0000000091187218 0.0000008651504796 -0.0000008917281325
v 0.3044462700000000 -0.0081673100000000 0.0398288300000000
vn 0.0000000172907387 0.0000008436560123 0.0000009058365526
v 0.3045235400000000 0.0085126100000000 0.0397971300000000
vn -0.0000000092361608 0.0000008530806680 -0.0000008958764285
v 0.3046008200000000 0.0251925200000000 0.0397654200000000
vn 0.0000000091547516 -0.0000008571085298 0.0000008917139008
v 0.3044990600000000 0.0335150400000000 0.0302347400000000
vn 0.0000000001230127 0.0000000000152692 0.0000000083364777
v 0.3042182600000000 0.0334801700000000 0.0112050700000000
vn -0.0000000088897705 0.0000008571406131 -0.0000008736722873
v 0.3039374600000000 0.0334453100000000 -0.0078246100000000
vn 0.0000000094637647 -0.0000008610866587 0.0000009139272853
v 0.3036566700000000 0.0334104400000000 -0.0268542800000000
vn 0.0000000171495169 0.0000008684128469 0.0000008884346530
v 0.3032458100000000 -0.0249866900000000 -0.0362581500000000
vn -0.0000000091004756 0.0000008403797166 -0.0000008826636837
v 0.3033230800000000 -0.0083067800000000 -0.0362898600000000
vn 0.0000000000801125 0.0000000040280626 0.0000000041595182
v 0.3034003600000000 0.0083731400000000 -0.0363215600000000
vn -0.0000000002162842 -0.0000000047047034 -0.0000000131789303
v 0.3034776300000000 0.0250530500000000 -0.0363532600000000
vn 6.2710368018068259 -0.0283109666028424 0.3895042026847327
v 0.4114851700000000 -0.0150950600000000 -0.0290361900000000
vn 6.2710367612690003 -0.0283126191705620 0.3895047352278375
v 0.4104495300000000 -0.0014625800000000 -0.0113714200000000
vn 0.0000000054888722 0.0000010081038196 -0.0000000150924300
v 0.4116693800000000 0.0246671300000000 -0.0291117700000000
vn 0.0000000090352881 0.0000009624447263 -0.0000000755081190
v 0.4105770600000000 0.0260650900000000 -0.0114237400000000
vn 6.2710366859552549 -0.0283105534844074 0.3895060978875748
v 0.4094138800000000 0.0121699000000000 0.0062933400000000
vn -0.0000000323161948 -0.0000034427051912 0.0000002700949464
v 0.4094847300000000 0.0274630500000000 0.0062642800000000
vn -0.0000000142814933 0.0000004929027418 0.0000002657616609
v 0.4081193300000000 0.0292105000000000 0.0283743000000000
vn 6.2710367414880848 -0.0283128718182321 0.3895050353346335
v 0.4083640700000000 0.0227437500000000 0.0239639300000000
vn 0.0000000826744161 0.0000008541242155 -0.0000012689893832
v 0.4076037900000000 -0.0227764800000000 0.0328957800000000
vn -6.2710366514106575 0.0283107226875016 -0.3895066417847201
v 0.4081672700000000 -0.0197371400000000 0.0240446700000000
vn -0.0000000442055730 -0.0000000246462908 0.0000007099187227
v 0.4076730600000000 -0.0078232000000000 0.0328673600000000
vn -6.2710367058909871 0.0283098727944550 -0.3895058264272611
v 0.4093115500000000 -0.0099201400000000 0.0063353300000000
vn 0.0000000063223943 0.0000007745677436 -0.0000000454930879
v 0.4077423400000000 0.0071300700000000 0.0328389400000000
vn -0.0000000380851807 0.0000001425959225 0.0000006235376774
v 0.4078116100000000 0.0220833500000000 0.0328105200000000
vn -6.2710366798672510 0.0283090623144092 -0.3895063043091689
v 0.4104589800000000 0.0005765500000000 -0.0113753000000000
vn -6.2710367463829408 0.0283129663703542 -0.3895049496544372
v 0.4116347400000000 0.0171904900000000 -0.0290975600000000
vn 0.0927006605857960 0.0115114441483653 6.2824908816912881
v 0.3455776500000000 -0.0328588400000000 -0.0586210700000000
vn 0.0927045308409126 0.0115114234627142 6.2824908246182671
v 0.3567833700000000 -0.0111603100000000 -0.0588261700000000
vn 0.0000010067518405 -0.0000000046490396 -0.0000000148460741
v 0.3844449800000000 -0.0330399900000000 -0.0591942500000000
vn 0.0000009892441804 -0.0000000042213061 -0.0000000145885020
v 0.3845457500000000 -0.0112897000000000 -0.0592355900000000
vn 0.0926988890214595 0.0115114737149364 6.2824909077773059
v 0.3679890800000000 0.0105382200000000 -0.0590312800000000
vn -0.0000024996231158 0.0000000116067330 0.0000000368619277
v 0.3846465100000000 0.0104605800000000 -0.0592769300000000
vn -0.0000041549118885 0.0000000189766979 0.0000000612742281
v 0.3847472700000000 0.0322108700000000 -0.0593182700000000
vn 0.0927037076137978 0.0115114059909809 6.2824908367978889
v 0.3764185600000000 0.0322496900000000 -0.0591954500000000
vn -0.7966959233736748 6.1765893863710284 0.0004371574904786
v 0.3417207600000000 0.0434598000000000 0.0323253100000000
vn -0.7966942264071206 6.1765884375256714 0.0004395755903036
v 0.3413370700000000 0.0434121600000000 0.0063226800000000
vn -0.7966952920349689 6.1765879498214558 0.0004370595108178
v 0.3409533800000000 0.0433645200000000 -0.0196799400000000
vn -0.7966937044781548 6.1765885855576679 0.0004396304982316
v 0.3405696900000000 0.0433168700000000 -0.0456825600000000
vn -1.6016448490013051 6.0755397058959755 0.0209325996931626
v 0.3359105500000000 0.0420729800000000 -0.0463796900000000
vn -0.8675722980496778 -0.0017201376131945 -3.0194229199991351
v 0.0041735800000000 -0.0351936800000000 -0.0307382700000000
vn -0.8675730347891124 -0.0017188104109676 -3.0194234373310977
v 0.0183989700000000 -0.0330174800000000 -0.0348269000000000
vn -0.8675728581534934 -0.0017192611707984 -3.0194225226126745
v 0.0042859300000000 -0.0109421400000000 -0.0307843600000000
vn -0.8675708153822916 -0.0017208205685322 -3.0194241702951965
v 0.0469620900000000 -0.0044135400000000 -0.0430502400000000
vn -0.8675721810291293 -0.0017196475720561 -3.0194248359210585
v 0.0043982900000000 0.0133094100000000 -0.0308304600000000
vn -0.8675730623235898 -0.0017197855240360 -3.0194243499406612
v 0.0045106400000000 0.0375609500000000 -0.0308765500000000
vn -0.0000008251250369 0.0000012915810481 0.0000002363487368
v 0.0187922000000000 0.0518629200000000 -0.0349882200000000
vn 0.0000002756465420 0.0000005791097577 -0.0000000795316950
v 0.0472429700000000 0.0562153200000000 -0.0431654800000000
vn -0.8675737963552969 -0.0017180913995895 -3.0194235823981361
v 0.0755252100000000 0.0241904100000000 -0.0512735900000000
vn 0.0000003869877208 -0.0000002215742832 -0.0000001110670866
v 0.0756937400000000 0.0605677200000000 -0.0513427300000000
vn 0.0000003869872570 -0.0000002215736845 -0.0000001110671080
v 0.1041445100000000 0.0649201200000000 -0.0595199800000000
vn -0.8675720054171033 -0.0017200991121430 -3.0194239251792840
v 0.1040883300000000 0.0527943500000000 -0.0594969300000000
vn 0.8675725490134514 0.0017199074403209 3.0194236758223978
v 0.1178336100000000 -0.0486624300000000 -0.0633885900000000
vn 0.8675728090576127 0.0017204460024064 3.0194235225076662
v 0.1036082200000000 -0.0508386300000000 -0.0592999600000000
vn 0.8675715972918596 0.0017193988017993 3.0194245542621414
v 0.1179868300000000 -0.0155885000000000 -0.0634514500000000
vn 0.8675730919411201 0.0017195246189125 3.0194237812909126
v 0.0753106800000000 -0.0221171000000000 -0.0511855700000000
vn 0.8675709964520493 0.0017195346968030 3.0194241158694615
v 0.1181400600000000 0.0174854200000000 -0.0635143100000000
vn 0.8675733593639662 0.0017203473245247 3.0194232627253186
v 0.1182932800000000 0.0505593500000000 -0.0635771800000000
vn 0.8675723899204177 0.0017195258011602 3.0194229191664954
v 0.0470131300000000 0.0066044200000000 -0.0430711800000000
vn 0.8675728458359151 0.0017195247307397 3.0194234672475240
v 0.0187155900000000 0.0353259500000000 -0.0349567900000000
vn 0.0000000000000000 -0.0000000000000000 0.0000000000000000
v 0.2698770900000000 -0.0175668900000000 -0.0368834500000000
vn 0.0000000000000000 0.0000000000000000 -0.0000000000000001
v 0.2638051200000000 -0.0174672100000000 0.0007635800000000
vn 6.2029544843048185 -0.0268348229555422 1.0005264425674614
v 0.2698010000000000 0.0164213600000000 -0.0355000800000000
vn 0.0000000000000002 -0.0000000000000000 0.0000000000000000
v 0.3035033800000000 0.0176307900000000 -0.0322613100000000
vn -0.0000000000000002 0.0000000000000000 0.0000000000000000
v 0.3038611300000000 -0.0176482500000000 0.0031470500000000
vn 0.0000000000000000 0.0000000000000000 0.0000000000000000
v 0.3033396400000000 -0.0177130100000000 -0.0321941300000000
vn 0.0000000000000000 0.0000000000000000 -0.0000000000000000
v 0.3040248700000000 0.0176955400000000 0.0030798700000000
vn 0.8976333689184691 6.1564218304912313 -0.0245248877033903
v -0.1083538700000000 0.0833507600000000 -0.0466973500000000
vn 1.7661584770652405 6.0297367040869698 -0.0371095355104192
v -0.0942093800000000 0.0792064900000000 -0.0468984700000000
vn 0.8976331836141146 6.1564218879725203 -0.0245245642898638
v -0.1079527400000000 0.0834005700000000 -0.0195122200000000
vn 1.7661592607322230 6.0297364769826869 -0.0371091393328218
v -0.0655192600000000 0.0709677500000000 -0.0201155700000000
vn 0.8976328571201883 6.1564219768403863 -0.0245254183643502
v -0.1075516000000000 0.0834503800000000 0.0076729100000000
vn 0.8976322335447203 6.1564221650331845 -0.0245249228648247
v -0.1071504700000000 0.0835001900000000 0.0348580500000000
vn 0.0000002856147635 -0.0000000835899867 0.0000000111943886
v -0.0928054100000000 0.0793808300000000 0.0482494900000000
vn 0.0000005327004905 -0.0000001477499647 0.0000013456678187
v -0.0645164200000000 0.0710922800000000 0.0478472600000000
vn 1.7661595146686997 6.0297363938710120 -0.0371105579308504
v -0.0368291400000000 0.0627290200000000 0.0066673200000000
vn -0.0000011467385623 0.0000003303571936 -0.0000008989504477
v -0.0362274400000000 0.0628037300000000 0.0474450200000000
vn -0.0000008599622729 0.0000002469113844 -0.0000008090369513
v -0.0079384600000000 0.0545151800000000 0.0470427800000000
vn 1.7661579053251648 6.0297368756191299 -0.0371088749460363
v -0.0081390200000000 0.0544902800000000 0.0334502200000000
vn -0.0000003048303536 0.0000000921966793 0.0000004727763610
v 0.0052029000000000 0.0502463500000000 -0.0211414700000000
vn -0.8830795275382803 -3.0148690839167971 0.0185532767495374
v -0.0089415900000000 0.0543906200000000 -0.0209403500000000
vn -0.0000003076156448 0.0000000930223870 0.0000004743814200
v 0.0054895100000000 0.0502819400000000 -0.0017177200000000
vn -0.8830807008033996 -3.0148681023249830 0.0185532885674607
v -0.0369439700000000 0.0627147600000000 -0.0011143600000000
vn 0.0000004626430067 -0.0000001350145932 0.0000000807535786
v 0.0057761200000000 0.0503175300000000 0.0177060300000000
vn 0.0000002487091915 -0.0000000736793228 -0.0000001349485968
v 0.0060627300000000 0.0503531200000000 0.0371297900000000
vn -0.8830786305024576 -3.0148691026887473 0.0185557884506748
v -0.0649463400000000 0.0710388900000000 0.0187116300000000
vn -0.8830788729110272 -3.0148692601581177 0.0185557960133265
v -0.0929487100000000 0.0793630300000000 0.0385376200000000
vn -0.0000001298941640 0.0000000009809515 0.0000001994990388
v -0.1087317400000000 0.0017865900000000 -0.0465423200000000
vn 0.0145535126723958 3.1415539928240448 -0.0059702753664239
v -0.0945683600000000 0.0017205800000000 -0.0467511900000000
vn -0.0000001450015197 0.0000000010529505 0.0000002005560987
v -0.1083306100000000 0.0018364000000000 -0.0193571900000000
vn 0.0145540650996115 3.1415536384577734 -0.0059714687462757
v -0.0658404500000000 0.0016383600000000 -0.0199838000000000
vn 0.0000001715493196 0.0000000002742285 0.0000005623771114
v -0.1079294700000000 0.0018862100000000 0.0078279400000000
vn -0.0000003106802296 0.0000000033489592 0.0000010047929153
v -0.1075283300000000 0.0019360200000000 0.0350130700000000
vn 0.0609054423400858 3.1473094612084842 3.1352744422433387
v -0.0931643800000000 0.0018949100000000 0.0483967700000000
vn 0.0609054003737712 3.1473095459063676 3.1352739569840882
v -0.0648376100000000 0.0017628900000000 0.0479790300000000
vn 0.0145535027761028 3.1415529257749077 -0.0059702699427494
v -0.0371125400000000 0.0015561500000000 0.0067835900000000
vn 0.0609053804551417 3.1473095482041504 3.1352744371188033
v -0.0365108400000000 0.0016308600000000 0.0475612900000000
vn 0.0609059343532104 3.1473095059620846 3.1352740925321707
v -0.0081840700000000 0.0014988400000000 0.0471435500000000
vn 0.0145540606527816 3.1415532403846353 -0.0059714656966718
v -0.0083846400000000 0.0014739300000000 0.0335509800000000
vn 0.0341400620852861 3.1310702586688093 3.1150345523536678
v -0.4803254700000000 0.0417886500000000 0.0135421400000000
vn -0.3001043781775345 0.0073326644023109 3.1272172763789841
v -0.4802787100000000 0.0518822400000000 0.0135229600000000
vn 0.0341403782280362 3.1310731486788725 3.1150347838978991
v -0.3758818200000000 0.0306522200000000 0.0235912300000000
vn -0.3001040520228700 0.0073355721710324 3.1272171089415561
v -0.3757415400000000 0.0609329800000000 0.0235336700000000
vn 0.0341400607765384 3.1310732032650179 3.1150347376045340
v -0.2714381700000000 0.0195157900000000 0.0336403100000000
vn 0.0341400164597402 3.1310702896603724 3.1150328375064529
v -0.1669945300000000 0.0083793600000000 0.0436893900000000
vn 0.0000001785982444 -0.0000001969207098 0.0000000176009927
v -0.1147259400000000 0.0129047200000000 0.0486947500000000
vn -0.0000001726354496 -0.0000000708907263 -0.0000000164007039
v -0.1146324200000000 0.0330918900000000 0.0486563800000000
vn -0.3001043871573433 0.0073328789201672 3.1272172770190201
v -0.2712043700000000 0.0699837100000000 0.0335443900000000
vn -0.0000002013750782 -0.0000000889065942 -0.0000000191164518
v -0.1145389000000000 0.0532790600000000 0.0486180100000000
vn 0.0000000981040668 0.0000000988263847 0.0000000091827757
v -0.1144453800000000 0.0734662300000000 0.0485796400000000
vn -0.3001043814307094 0.0073355735891823 3.1272172854944893
v -0.1666672000000000 0.0790344500000000 0.0435551000000000
vn 0.2855501082681509 -3.1488859295707425 -3.1212459789853519
v -0.4801244100000000 0.0851874300000000 0.0134596600000000
vn 0.3001043405266864 -0.0073328516250728 -3.1272172927633384
v -0.4801711700000000 0.0750938400000000 0.0134788400000000
vn 0.2855501054650569 -3.1488859293317715 -3.1212459755780393
v -0.3756313300000000 0.0847224000000000 0.0234884600000000
vn 0.3001043405266865 -0.0073328516250727 -3.1272172927633379
v -0.3757716100000000 0.0544416400000000 0.0235460100000000
vn 0.2855504520839612 -3.1488859395992201 -3.1212465894332651
v -0.2711382400000000 0.0842573600000000 0.0335172600000000
vn 0.2855504429184872 -3.1488859395348698 -3.1212465779161547
v -0.1666451600000000 0.0837923300000000 0.0435460600000000
vn 0.3001043402594695 -0.0073326715290941 -3.1272172962515792
v -0.2713720500000000 0.0337894400000000 0.0336131800000000
vn 0.3001042950807492 -0.0073356001594607 -3.1272172967588987
v -0.1669724900000000 0.0131372400000000 0.0436803500000000
vn -0.5734829100394310 -0.0092361600637644 -6.2569521054245474
v -0.4909898600000000 0.0518454500000000 -0.0319395900000000
vn -0.5734829449462469 -0.0092322017117725 -6.2569521080686314
v -0.4067951100000000 0.0609567100000000 -0.0396699300000000
vn -0.0000000117027984 -0.0000026278391960 0.0000000049542344
v -0.4908355600000000 0.0851506400000000 -0.0320028900000000
vn -0.0000000107073455 -0.0000023112640052 0.0000000043954964
v -0.4066849000000000 0.0847461300000000 -0.0397151500000000
vn -0.5734832799425731 -0.0092356287917157 -6.2569520723055607
v -0.3226003600000000 0.0700679700000000 -0.0474002800000000
vn -0.0000000093805025 -0.0000020248426015 0.0000000038504819
v -0.3225342300000000 0.0843416200000000 -0.0474274100000000
vn -0.0000000121723505 -0.0000026274941047 0.0000000049967626
v -0.2383835700000000 0.0839371100000000 -0.0551396700000000
vn -0.5734829730044511 -0.0092387429772527 -6.2569520958388640
v -0.2384056100000000 0.0791792300000000 -0.0551306200000000
vn 0.0000000723049915 0.0000000109402053 -0.0000000066432846
v -0.1966022900000000 0.0202639600000000 -0.0588751600000000
vn 0.5734828609512338 0.0092321895933859 6.2569521157851016
v -0.2386776200000000 0.0204662100000000 -0.0550190300000000
vn -0.0000000775864819 -0.0000001010246491 0.0000000072603725
v -0.1965182700000000 0.0383985000000000 -0.0589096300000000
vn 0.5734831443018450 0.0092385263233294 6.2569520804586753
v -0.3227442700000000 0.0390052600000000 -0.0473412400000000
vn 0.0000002967083903 -0.0000001455754132 -0.0000000269798974
v -0.1964342600000000 0.0565330400000000 -0.0589440900000000
vn -0.0000000910555449 0.0000001233549222 0.0000000081636049
v -0.1963502500000000 0.0746675900000000 -0.0589785600000000
vn 0.5734835614219649 0.0092387527133848 6.2569520418928741
v -0.4068109200000000 0.0575443200000000 -0.0396634500000000
vn 0.5734828755685416 0.0092356399744753 6.2569521093521008
v -0.4908775700000000 0.0760833700000000 -0.0319856500000000
vn 0.0000001518917057 0.0000000420241464 0.0000004191175695
v -0.0941350500000000 -0.0755336400000000 0.0485529600000000
vn -1.7122436085318222 6.0453667119339087 0.0134124455471979
v -0.0942764500000000 -0.0755512000000000 0.0389701300000000
vn 0.0000001203193818 0.0000000382972576 -0.0000018029990665
v -0.0657974800000000 -0.0675090200000000 0.0481201200000000
vn -1.7122457011207768 6.0453661214854186 0.0134110894958732
v -0.0662216900000000 -0.0675616900000000 0.0193716300000000
vn 0.0000007829256735 0.0000002199049489 0.0000007567741796
v -0.0374599100000000 -0.0594844000000000 0.0476872700000000
vn 0.0000001531266656 0.0000000423709597 0.0000004203362123
v -0.0091223400000000 -0.0514597700000000 0.0472544300000000
vn 0.0000002426465282 0.0000000687125663 -0.0000000037062974
v 0.0049050400000000 -0.0474650200000000 0.0374551800000000
vn 0.0000002249399778 0.0000000644384957 -0.0000003189426764
v 0.0046222400000000 -0.0475001400000000 0.0182895100000000
vn -1.7122439430716259 6.0453666164458992 0.0134127296742535
v -0.0381669200000000 -0.0595721900000000 -0.0002268800000000
vn -0.0000001908005847 -0.0000000517259964 -0.0000009795894636
v 0.0043394400000000 -0.0475352500000000 -0.0008761500000000
vn 0.0000005527568228 0.0000001570915393 -0.0000002480314922
v 0.0040566300000000 -0.0475703700000000 -0.0200418100000000
vn -1.7122450495891379 6.0453663045333714 0.0134120156068554
v -0.0101121500000000 -0.0515826800000000 -0.0198253800000000
vn -0.0609051340944638 -3.1473095409542484 -3.1352761829083207
v -0.0088767300000000 0.0015565700000000 0.0471536600000000
vn -0.0609057129195850 -3.1473096225992210 -3.1352756993895454
v -0.0371765100000000 0.0016884700000000 0.0475710000000000
vn -0.0609052589052591 -3.1473064116297662 -3.1352757159707081
v -0.0654762900000000 0.0018203700000000 0.0479883500000000
vn -0.0609052209357953 -3.1473094886991873 -3.1352757196585381
v -0.0937760800000000 0.0019522700000000 0.0484056900000000
vn 0.0000007196276856 -0.0000000025291911 0.0000004235212437
v -0.1081265400000000 0.0019933200000000 0.0350217900000000
vn 0.0000007107097004 -0.0000000024803939 0.0000004274575663
v -0.1085276700000000 0.0019435100000000 0.0078366600000000
vn 0.0000008835265834 -0.0000000048029529 -0.0000003737392332
v -0.1089288100000000 0.0018936900000000 -0.0193484700000000
vn -0.0000007510179766 0.0000000038934200 0.0000002180275712
v -0.1093299400000000 0.0018438800000000 -0.0465336000000000
vn -0.0291031303444995 -6.2831065675009619 0.0119362262510474
v -0.0951800500000000 0.0017779300000000 -0.0467422700000000
vn -0.6132885144032556 0.0147300861051296 6.2531654245669710
v -0.4811437800000000 -0.0445805400000000 0.0130465200000000
vn -0.6132891092991576 0.0147268035900205 6.2531653739530491
v -0.3769636900000000 -0.0545597300000000 0.0232876500000000
vn -0.0000000079817717 -0.0000017228801571 0.0000000032737695
v -0.4812980800000000 -0.0778857300000000 0.0131098200000000
vn -0.0000000074364063 -0.0000017379116205 0.0000000033627496
v -0.3770739000000000 -0.0783491500000000 0.0233328600000000
vn -0.6132888125656639 0.0147237246763338 6.2531654103076297
v -0.2727836000000000 -0.0645389100000000 0.0335287700000000
vn 0.0000000254467512 0.0000054928145608 -0.0000000104443729
v -0.2728497300000000 -0.0788125600000000 0.0335559000000000
vn -0.0000000079817005 -0.0000017228802865 0.0000000032738814
v -0.1686255500000000 -0.0792759800000000 0.0437789300000000
vn -0.6132888110959007 0.0147237323951167 6.2531654104336107
v -0.1686035100000000 -0.0745181000000000 0.0437698900000000
vn 0.0000001558023698 -0.0000000006927573 0.0000000152821871
v -0.1161863500000000 -0.0089002900000000 0.0487562500000000
vn 0.3066442037840724 -0.0073627211058787 -3.1265827191611368
v -0.1682984400000000 -0.0086685800000000 0.0436447300000000
vn -0.0000003237457140 0.0000000891366400 -0.0000000319616920
v -0.1162798100000000 -0.0290738300000000 0.0487945900000000
vn 0.3066445063023567 -0.0073627227444252 -3.1265828438853545
v -0.2726160800000000 -0.0283787100000000 0.0334600400000000
vn 0.0000001569316473 -0.0000000009042948 0.0000000153934414
v -0.1163732700000000 -0.0492473700000000 0.0488329400000000
vn 0.0000001565048161 -0.0000000011420707 0.0000000153521382
v -0.1164667300000000 -0.0694209200000000 0.0488712800000000
vn 0.3066441151610020 -0.0073627203744512 -3.1265825503347866
v -0.3769337100000000 -0.0480888300000000 0.0232753500000000
vn 0.3066442037840724 -0.0073627211058787 -3.1265827191611368
v -0.4812513500000000 -0.0677989600000000 0.0130906500000000
vn 0.0031385177372725 -3.1312319662584009 -3.1249299763822944
v -0.4917616300000000 -0.0355531300000000 -0.0303398500000000
vn -0.3024900310181875 -0.0045418559559180 -3.1269924980363260
v -0.4918036000000000 -0.0446135900000000 -0.0303226300000000
vn 0.0031389756649924 -3.1312319270374460 -3.1249322393746981
v -0.4078079600000000 -0.0273521600000000 -0.0384730300000000
vn -0.3024900310181877 -0.0045418559559168 -3.1269924980363260
v -0.4079338800000000 -0.0545335400000000 -0.0384213700000000
vn 0.0031389756649925 -3.1312319270374482 -3.1249322393746968
v -0.3238542900000000 -0.0191511900000000 -0.0466062100000000
vn 0.0031389756649922 -3.1312319270374451 -3.1249322393746981
v -0.2399006200000000 -0.0109502200000000 -0.0547393900000000
vn -0.0000002148051180 -0.0000000334094922 0.0000000208277247
v -0.1979657600000000 -0.0159102000000000 -0.0587887600000000
vn -0.0000002139593326 -0.0000000335890666 0.0000000207461675
v -0.1980497100000000 -0.0340311200000000 -0.0587543200000000
vn -0.3024900310181876 -0.0045418559559168 -3.1269924980363251
v -0.3240641600000000 -0.0644534900000000 -0.0465201100000000
vn 0.0000005246288654 -0.0000000369710833 -0.0000000506964044
v -0.1981336600000000 -0.0521520300000000 -0.0587198800000000
vn 0.0000003680688847 -0.0000001574048482 -0.0000000353766378
v -0.1982176100000000 -0.0702729500000000 -0.0586854400000000
vn -0.3024900537043413 -0.0045420966377052 -3.1269929689147378
v -0.2401944400000000 -0.0743734300000000 -0.0546188500000000
vn 0.3170438205342774 3.1460947885337380 3.1210206933460460
v -0.4919579000000000 -0.0779187800000000 -0.0302593300000000
vn 0.3024898561040619 0.0045415459795175 3.1269927982992152
v -0.4919159200000000 -0.0688583200000000 -0.0302765500000000
vn 0.3170441058164143 3.1460953764653685 3.1210206736070338
v -0.4080440900000000 -0.0783229600000000 -0.0383761500000000
vn 0.3024902405041205 0.0045418328861722 3.1269927087326157
v -0.4079181700000000 -0.0511415800000000 -0.0384278100000000
vn 0.3170441583111307 3.1460948621357376 3.1210206616119738
v -0.3241302900000000 -0.0787271400000000 -0.0464929800000000
vn 0.3170441358619056 3.1460950192555202 3.1210206584602393
v -0.2402164900000000 -0.0791313200000000 -0.0546098000000000
vn 0.3024897860266542 0.0045418573966339 3.1269924812147205
v -0.3239204200000000 -0.0334248400000000 -0.0465790800000000
vn 0.3024901712601805 0.0045415218791812 3.1269927244455555
v -0.2399226600000000 -0.0157081100000000 -0.0547303500000000
vn 0.0000000077785121 0.0000016788063145 -0.0000000031909937
v -0.5354120300000000 0.0800050100000000 0.0132578700000000
vn 6.1952794465579721 -0.0267123235012204 1.0470036462144008
v -0.5354403700000000 0.0738878200000000 0.0132694900000000
vn -0.0000000070244259 -0.0000015163855932 0.0000000028828461
v -0.5397882000000001 0.0800745000000000 0.0391540400000000
vn 6.1952793557026009 -0.0267119996387128 1.0470041920757192
v -0.5398448800000000 0.0678401100000000 0.0391772900000000
vn -0.0000000136606018 -0.0000029488138455 0.0000000056044688
v -0.5441643600000000 0.0801440000000000 0.0650502200000000
vn 0.0000000097971140 0.0000021148817286 -0.0000000040203049
v -0.5485405200000000 0.0802134900000000 0.0909463900000000
vn 6.1952791751298637 -0.0267124570130355 1.0470052488841508
v -0.5486633300000000 0.0537056500000000 0.0909967700000000
vn -0.0000000104554378 -0.0000022565951481 0.0000000042894283
v -0.5355631800000000 0.0473799700000000 0.0133198700000000
vn 0.0000000070044039 0.0000015120176344 -0.0000000028736981
v -0.5399393400000000 0.0474494600000000 0.0392160500000000
vn -6.1952790719329274 0.0267120051620601 -1.0470058710460655
v -0.5398826600000000 0.0596838500000000 0.0391928000000000
vn 0.0000000137617715 0.0000029706490057 -0.0000000056459689
v -0.5443155000000000 0.0475189600000000 0.0651122200000000
vn 0.0000000254980190 0.0000055024963534 -0.0000000104590834
v -0.5486916700000000 0.0475884500000000 0.0910084000000000
vn -6.1952794407153462 0.0267109514752911 -1.0470037157895884
v -0.5485688600000000 0.0740963000000000 0.0909580200000000
vn -3.1266624688951126 3.1561991965983065 0.0403533418959835
v -0.5644916500000000 0.0802904200000000 0.0925416900000000
vn -3.1412169637228016 0.0146453534329531 0.0463238352173379
v -0.5645105500000001 0.0762122900000000 0.0925494400000000
vn -3.1266624713477009 3.1561991965937435 0.0403533335165636
v -0.5649930700000000 0.0802281600000000 0.0585602100000000
vn -3.1412175473797124 0.0146388091121570 0.0463241280924607
v -0.5650497500000000 0.0679937700000000 0.0585834600000000
vn -3.1266626517336626 3.1561940807635986 0.0403528297130535
v -0.5654944900000000 0.0801658900000000 0.0245787300000000
vn -3.1266624615133281 3.1561991965555651 0.0403533374495366
v -0.5659959100000000 0.0801036300000000 -0.0094027500000000
vn -3.1412169952971221 0.0146382287820903 0.0463239873501045
v -0.5655889600000000 0.0597752400000000 0.0246174800000000
vn 3.1557714263758458 3.1269073343357525 -0.0522946100693794
v -0.5646428000000000 0.0476653800000000 0.0926037000000000
vn 3.1412168232275670 -0.0146453618177053 -0.0463241083111666
v -0.5646239000000000 0.0517435100000000 0.0925959500000000
vn 3.1557715237804556 3.1269073304004356 -0.0522949997006732
v -0.5651442200000000 0.0476031200000000 0.0586222200000000
vn 3.1412164387584012 -0.0146382261791782 -0.0463239741891218
v -0.5650875400000001 0.0598375100000000 0.0585989600000000
vn 3.1557714501663359 3.1269124686137251 -0.0522946198273273
v -0.5656456399999999 0.0475408500000000 0.0246407400000000
vn 3.1557714620629773 3.1269150367341982 -0.0522946247081042
v -0.5661470600000000 0.0474785900000000 -0.0093407400000000
vn 3.1412169556928720 -0.0146453539223575 -0.0463241123244768
v -0.5655511700000000 0.0679315000000000 0.0246019800000000
vn 0.0000000027723284 0.0000005984953746 -0.0000000011375154
v -0.5359659900000000 -0.0395677300000000 0.0134851300000000
vn 6.1952794674606233 -0.0267068604956036 1.0470036618945666
v -0.5359848800000000 -0.0436458600000000 0.0134928800000000
vn 0.0000000000000000 0.0000000000000000 -0.0000000000000001
v -0.5403421500000000 -0.0394982300000000 0.0393813100000000
vn -0.0000000096958324 -0.0000020930488435 0.0000000039780204
v -0.5447183100000000 -0.0394287400000000 0.0652774800000000
vn 0.0000000214319129 0.0000046248955243 -0.0000000087895523
v -0.5490944700000000 -0.0393592500000000 0.0911736600000000
vn 6.1952794305734873 -0.0267144560138414 1.0470036863588734
v -0.5492267300000000 -0.0679061600000000 0.0912279100000000
vn -0.0000000026914668 -0.0000005810312653 0.0000000011045407
v -0.5361171300000001 -0.0721927700000000 0.0135471400000000
vn -6.1952792382830077 0.0267137217460510 -1.0470048429109258
v -0.5360982399999999 -0.0681146400000000 0.0135393900000000
vn 0.0000000000000000 -0.0000000000000000 0.0000000000000000
v -0.5404932900000000 -0.0721232800000000 0.0394433100000000
vn -0.0000000253965342 -0.0000054806653894 0.0000000104155322
v -0.5448694600000000 -0.0720537800000000 0.0653394900000000
vn 0.0000000136607960 0.0000029488145607 -0.0000000056055788
v -0.5492456200000000 -0.0719842900000000 0.0912356600000000
vn -6.1952792374208645 0.0267137248727146 -1.0470048479325584
v -0.5491133700000000 -0.0434373800000000 0.0911814100000000
vn 0.0000000000000000 -0.0000000000000000 0.0000000000000000
v -0.5650456100000000 -0.0392823200000000 0.0927689500000000
vn 0.0000000000000000 -0.0000000000000000 0.0000000000000000
v -0.5655470300000000 -0.0393445800000000 0.0587874700000000
vn 0.0000000000000000 -0.0000000000000000 0.0000000000000000
v -0.5660484500000000 -0.0394068500000000 0.0248059900000000
vn 0.0000000026573519 0.0000005736801563 -0.0000000010902932
v -0.5665498700000000 -0.0394691100000000 -0.0091754900000000
vn -6.2824339905942406 0.0292764575641870 0.0926479747002193
v -0.5666821200000000 -0.0680160200000000 -0.0091212300000000
vn 0.0000000000000004 0.0000000000000000 0.0000000000000000
v -0.5651967500000000 -0.0719073600000000 0.0928309600000000
vn 0.0000000000000000 0.0000000000000000 0.0000000000000000
v -0.5656981700000000 -0.0719696200000000 0.0588494800000000
vn -0.0000000000000004 0.0000000000000000 0.0000000000000000
v -0.5661995900000000 -0.0720318900000000 0.0248680000000000
vn -0.0000000023767301 -0.0000005130996025 0.0000000009751583
v -0.5667010099999999 -0.0720941500000000 -0.0091134800000000
vn 6.2824339900680943 -0.0292765711525800 -0.0926479744843340
v -0.5665687600000000 -0.0435472400000000 -0.0091677400000000
vn -0.0005330318545617 -0.0002867953735594 0.0035870584196017
v 0.2398285100000000 0.1170287100000000 0.0216415600000000
vn -5.6019912903139053 2.7791950916162249 -0.6100604130293590
v 0.2410061400000000 0.1182365100000000 0.0162992400000000
vn -0.0005330087412304 -0.0002871074626706 0.0035853707154785
v 0.2783411400000000 0.1973109200000000 0.0337877900000000
vn -5.6019911335531782 2.7791950924657738 -0.6100618973470812
v 0.2818740600000000 0.2009343100000000 0.0177608300000000
vn -0.0005324873646180 -0.0002866535161655 0.0035826330465330
v 0.3168537800000000 0.2775931400000000 0.0459340200000000
vn -0.0005328396713814 -0.0002867845646528 0.0035852922729313
v 0.3553664200000000 0.3578753500000000 0.0580802600000000
vn -5.6019908220035362 2.7791952592444176 -0.6100640128684834
v 0.3227419700000000 0.2836321100000000 0.0192224300000000
vn -5.6019903989720170 2.7791956381704659 -0.6100661599392293
v 0.3636098800000000 0.3663299100000000 0.0206840200000000
vn -3.3409316019898050 0.9675551125416462 2.7605045357314730
v 0.3010647800000000 0.2258765900000000 -0.0445163300000000
vn -0.5401682023487574 -0.4224448645239958 3.0658375298117480
v 0.3053103500000000 0.2237710500000000 -0.0440584300000000
vn -3.3409318952187790 0.9675567271106512 2.7605051346269422
v 0.2860895200000000 0.1941629300000000 -0.0515246700000000
vn -0.5401708991923818 -0.4224428357646661 3.0658379019765873
v 0.2988262300000000 0.1878463000000000 -0.0501509600000000
vn -3.3409318217241499 0.9675566906548226 2.7605051425526645
v 0.2711142600000000 0.1624492600000000 -0.0585330100000000
vn -3.3409317688028746 0.9675558338074093 2.7605059224372734
v 0.2561390000000000 0.1307355900000000 -0.0655413500000000
vn -0.5401701981708609 -0.4224439900561691 3.0658377560898260
v 0.2923421100000000 0.1519215400000000 -0.0562434900000000
vn -0.5401736119305898 -0.4224424283025615 3.0658374801611115
v 0.2858579900000000 0.1159967900000000 -0.0623360200000000
vn -5.6021683035530545 2.7789212037647948 -0.6096843446002267
v 0.4002756100000000 0.3616370700000000 0.0547183400000000
vn -5.6021687226314372 2.7789205270936126 -0.6096835869014877
v 0.3837575600000000 0.3225662900000000 0.0284133400000000
vn 0.0004451802816567 0.0004915099337954 -0.0018467927822533
v 0.4085660500000000 0.3700922400000000 0.0172737100000000
vn 0.0004446361915798 0.0004913885958058 -0.0018423330566486
v 0.3896793100000000 0.3286056900000000 0.0016671700000000
vn -5.6021699420604989 2.7789189679268267 -0.6096794354769172
v 0.3672395100000000 0.2834955100000000 0.0021083300000000
vn 0.0004443581559386 0.0004908050491885 -0.0018424506817912
v 0.3707925600000000 0.2871191500000000 -0.0139393700000000
vn 0.0004449157970638 0.0004915229057851 -0.0018442921326791
v 0.3519058200000000 0.2456326100000000 -0.0295459100000000
vn -5.6021684996146357 2.7789208471705416 -0.6096841653382811
v 0.3507214700000000 0.2444247300000000 -0.0241966800000000
vn -1.9215387492353730 2.5481470477126065 -3.0902924762916961
v 0.4236191700000000 0.4219840000000000 0.0591369700000000
vn 1.7584281020250816 2.3163010364578116 -5.5696586720244854
v 0.4205893700000000 0.4234860100000000 0.0588050700000000
vn 0.8792141000816387 1.1581494420017817 -2.7848280857952359
v 0.4145297600000000 0.4264900300000000 0.0581412600000000
vn -1.9215332675614192 2.5481478904524235 -3.0902949288032850
v 0.4119086700000000 0.3951205200000000 0.0442678600000000
vn 1.7584302318288341 2.3163009185659398 -5.5696580486397416
v 0.3967596500000000 0.4026305600000000 0.0426083400000000
vn 0.8792155036521989 1.1581494596439041 -2.7848294227874053
v 0.3907000500000000 0.4056345800000000 0.0419445300000000
vn -3.6794063003053310 0.2325832463739264 2.4776057041312241
v 0.3993807500000000 0.4340000700000000 0.0564817500000000
vn -1.7584269389020122 -2.3162970976612907 5.5696606772999138
v 0.4024105500000000 0.4324980600000000 0.0568136500000000
vn -0.8792152108372363 -1.1581493697753467 2.7848291136755003
v 0.4084701600000000 0.4294940400000000 0.0574774600000000
vn -3.6794055331912725 0.2325807653765183 2.4776020206228986
v 0.3876702500000000 0.4071365900000000 0.0416126300000000
vn -1.7584288958595851 -2.3162998357855997 5.5696589207311611
v 0.3907000500000000 0.4056345800000000 0.0419445300000000
vn -1.7584259113873222 -2.3163005280573974 5.5696595750712721
v 0.4013043600000000 0.4003775500000000 0.0431061900000000
vn -0.8792149440765068 -1.1581486194412756 2.7848288367676153
v 0.4088788700000000 0.3966225200000000 0.0439359500000000
vn 3.6860469247135903 0.1311956009165253 -2.4777066861138781
v 0.3829602900000000 -0.4304270000000000 0.0556294500000000
vn 1.7003252278042222 -2.3717278582178731 -5.5643704666902369
v 0.3860308500000000 -0.4290063700000000 0.0559622100000000
vn 0.8501621139990307 -1.1858627441993512 -2.7821850942594626
v 0.3921719800000000 -0.4261651000000000 0.0566277300000000
vn 3.6860480059371321 0.1311940913980558 -2.4777102269192874
v 0.3719629400000000 -0.4032974400000000 0.0407053900000000
vn 1.7003268365596789 -2.3717271643448461 -5.5643702708483378
v 0.3750335000000000 -0.4018768100000000 0.0410381500000000
vn 1.7003287292753642 -2.3717254419916953 -5.5643704266108038
v 0.3850128300000000 -0.3972597400000000 0.0421196300000000
vn 0.8501611399391978 -1.1858616160364426 -2.7821855378918405
v 0.3934568800000000 -0.3933530000000000 0.0430347200000000
vn 1.9870220908701020 2.5005264832299261 3.0848875401682831
v 0.4074913800000000 -0.4190624200000000 0.0582920300000000
vn -1.7008011171019140 2.3728994201579292 5.5637255060079491
v 0.4044208200000000 -0.4204830600000000 0.0579592700000000
vn -0.8503988201758564 1.1864492953739414 2.7818625688381164
v 0.3982796900000000 -0.4233243300000000 0.0572937500000000
vn 1.9870258211150849 2.5005249227437814 3.0848878607973407
v 0.3965207600000000 -0.3919324600000000 0.0433675800000000
vn -1.7008002083271485 2.3729012765493049 5.5637249920767964
v 0.3873090700000000 -0.3961943700000000 0.0423693000000000
vn -1.7008047437439737 2.3729020759658743 5.5637232646703980
v 0.3811679400000000 -0.3990356400000000 0.0417037800000000
vn -0.8504023187946865 1.1864495573909026 2.7818614938569133
v 0.3750268200000000 -0.4018769100000000 0.0410382500000000
vn 0.0001540385485598 -0.0000905605809979 -0.0010518155211905
v 0.2752819200000000 -0.1135620500000000 0.0269320600000000
vn 5.6744338462106585 2.6295753695169712 0.6037809582573640
v 0.2764276500000000 -0.1148078700000000 0.0215878900000000
vn 0.0001529085383372 -0.0000897513864885 -0.0010447153617522
v 0.3090607800000000 -0.1890772300000000 0.0383593400000000
vn 5.6744333098347619 2.6295760714414977 0.6037829438249934
v 0.3124979800000000 -0.1928146700000000 0.0223268400000000
vn 0.0001536964758646 -0.0000903594921653 -0.0010494754993175
v 0.3428396500000000 -0.2645924100000000 0.0497866200000000
vn 0.0001529085383356 -0.0000897513864873 -0.0010447153617461
v 0.3766185100000000 -0.3401075900000000 0.0612139000000000
vn 5.6744335355564379 2.6295765810159963 0.6037786026373767
v 0.3485683100000000 -0.2708214800000000 0.0230657800000000
vn 5.6744332203137766 2.6295764542083702 0.6037821162102083
v 0.3846386300000000 -0.3488282900000000 0.0238047300000000
vn 5.6748126288912335 2.6288183619875660 0.6035172437039474
v 0.3513816500000000 -0.3740789900000000 0.0500848700000000
vn 5.6748118412073136 2.6288191760112891 0.6035211073594410
v 0.3359085700000000 -0.3346205100000000 0.0237023300000000
vn 0.0002908375964448 -0.0003417275554940 -0.0012424000752322
v 0.3594027000000000 -0.3827996900000000 0.0126766100000000
vn 0.0002909611188548 -0.0003416064366477 -0.0012440794646545
v 0.3416379000000000 -0.3408495900000000 -0.0030178600000000
vn 5.6748121040580557 2.6288187969027805 0.6035202871450071
v 0.3204355000000000 -0.2951620400000000 -0.0026802200000000
vn 0.0002915342445320 -0.0003424191851791 -0.0012459282912447
v 0.3238730900000000 -0.2988994800000000 -0.0187123300000000
vn 0.0002906077917957 -0.0003414306176124 -0.0012415216062513
v 0.3061082900000000 -0.2569493800000000 -0.0344068000000000
vn 5.6748120630087691 2.6288186834774878 0.6035211636822714
v 0.3049624200000000 -0.2557035700000000 -0.0290627600000000
vn -0.0000017532389186 0.0000000079580886 -0.0000000869979930
v 0.3928151800000000 -0.0439201900000000 -0.0413041400000000
vn -0.0000022102901312 0.0000000103034488 0.0000000331491319
v 0.3931535300000000 -0.0438781700000000 -0.0183734800000000
vn 0.0000012894296470 -0.0000000063941066 -0.0000002219290762
v 0.3934918900000000 -0.0438361500000000 0.0045571900000000
vn -0.0000022248288457 0.0000000103708913 0.0000000331957948
v 0.3938302500000000 -0.0437941400000000 0.0274878600000000
vn -0.0291030163096494 -6.2831065605337066 0.0119401704744964
v 0.3872463500000000 -0.0437650000000000 0.0267692300000000
vn -0.0291081340245303 -6.2831065354720419 0.0119408873719441
v 0.3587145600000000 -0.0437241600000000 -0.0212882300000000
vn -0.0145526435050529 -3.1415532738291865 0.0059707076230773
v 0.3511171900000000 -0.0436825200000000 -0.0178962600000000
vn -0.0291032389621226 -6.2831065594667601 0.0119401912028398
v 0.3842074000000000 -0.0437483500000000 0.0281260100000000
vn -0.0145548936699420 -3.1415525753846709 0.0059713302823222
v 0.3659737100000000 -0.0436484000000000 0.0362667400000000
vn 0.0291080791769379 6.2831065319271175 -0.0119428862870485
v 0.3715359100000000 -0.0437762100000000 -0.0174224000000000
vn 0.0291081665736875 6.2831065343573647 -0.0119413947630250
v 0.3817414600000000 -0.0438739900000000 -0.0439890400000000
vn -0.8289901036588581 0.1153821362550793 0.0120207162970745
v 0.3413177000000000 -0.0435413500000000 0.0324906600000000
vn -0.8290004543586744 0.1153824673859052 0.0120212927772711
v 0.3409340100000000 -0.0435890000000000 0.0064880400000000
vn -0.8289942615527730 0.1153815531476101 0.0120211302089075
v 0.3405503200000000 -0.0436366400000000 -0.0195145800000000
vn -0.8289893879097839 0.1153834483910257 0.0120208239259238
v 0.3401666400000000 -0.0436842800000000 -0.0455172000000000
vn -1.7809618868952684 0.0033317123555449 -2.5880027146076290
v 0.3072886800000000 -0.0238960500000000 -0.0390388900000000
vn -1.7809626808898671 0.0033327496856874 -2.5880041002955272
v 0.3154517100000000 -0.0050348700000000 -0.0446320800000000
vn -1.7809603965899852 0.0033318287509458 -2.5880048853707569
v 0.3236147300000000 0.0138263200000000 -0.0502252700000000
vn -1.7809650530888570 0.0033319651951702 -2.5880018961749176
v 0.3317777600000000 0.0326875000000000 -0.0558184500000000
vn 0.0000000170693637 0.0000008643835306 0.0000008842731777
v 0.3041899600000000 -0.0332046100000000 0.0303615500000000
vn 0.0000000003090588 -0.0000000039807328 0.0000000222150372
v 0.3039091600000000 -0.0332394800000000 0.0113318800000000
vn -0.0000000170681359 -0.0000008643831878 -0.0000008842758504
v 0.3036283700000000 -0.0332743400000000 -0.0076978000000000
vn 0.0000000173153824 0.0000008644136799 0.0000009009466036
v 0.3033475700000000 -0.0333092100000000 -0.0267274700000000
vn -0.4677035739257259 0.0054651450894293 3.1065775701943279
v 0.3618708300000000 0.0337927300000000 0.0484214100000000
vn -0.4677034900677082 0.0054651567574722 3.1065778996532551
v 0.3665182300000000 0.0325014300000000 0.0491233600000000
vn -0.4677023297182277 0.0054657696333141 3.1065789658312224
v 0.3454307000000000 0.0146556100000000 0.0459799800000000
vn -0.4677015413333990 0.0054644908776584 3.1065784729607540
v 0.3593728900000000 0.0107817300000000 0.0480858200000000
vn -0.4677020459884523 0.0054646851456892 3.1065783966421270
v 0.3289905600000000 -0.0044815000000000 0.0435385400000000
vn -0.4677030176059356 0.0054649478013069 3.1065781775199084
v 0.3125504200000000 -0.0236186200000000 0.0410971000000000
vn -0.4677035826330250 0.0054651614133866 3.1065784432085248
v 0.3522275500000000 -0.0109379700000000 0.0470482800000000
vn -0.4677015413333990 0.0054644908776584 3.1065784729607540
v 0.3450822100000000 -0.0326576800000000 0.0460107400000000
vn 0.4676753490755269 -0.0106784775906205 -3.1065683516061231
v 0.3615568000000000 -0.0339933300000000 0.0485502500000000
vn 0.9432303414169436 -0.0187838114153969 -6.2119490641623525
v 0.3662159400000000 -0.0327494300000000 0.0492473800000000
vn 0.4676768521771248 -0.0106782632448221 -3.1065686436518316
v 0.3452947000000000 -0.0147002400000000 0.0460357700000000
vn 0.9432281348650318 -0.0187850420726676 -6.2119493909622490
v 0.3592721300000000 -0.0109685600000000 0.0481271600000000
vn 0.4676766310888067 -0.0106782998516577 -3.1065681592172965
v 0.3290326000000000 0.0045928400000000 0.0435212900000000
vn 0.4676746893796384 -0.0106789292541973 -3.1065689669590486
v 0.3127705000000000 0.0238859300000000 0.0410068100000000
vn 0.9432286461712203 -0.0187829326266742 -6.2119493208758509
v 0.3523283200000000 0.0108123100000000 0.0470069400000000
vn 0.9432305151593567 -0.0187840496811875 -6.2119490371890729
v 0.3453845000000000 0.0325931900000000 0.0458867300000000
vn 1.7554977858330121 -0.0085809122816586 -0.2363471919374746
v 0.3697382300000000 -0.0327647300000000 0.0497868200000000
vn 1.7554977965743217 -0.0085805586757953 -0.2363469241742693
v 0.3698389900000000 -0.0110144400000000 0.0497454800000000
vn 1.7554977766302708 -0.0085814816630746 -0.2363454178937074
v 0.3699397600000000 0.0107358500000000 0.0497041400000000
vn 1.7554980706508092 -0.0085809135181835 -0.2363471483175222
v 0.3700405200000000 0.0324861400000000 0.0496628000000000
vn 1.2799419636853278 -0.0004775432834989 2.8690334160896627
v 0.4028843700000000 -0.0210513100000000 0.0350015100000000
vn 1.2799409696610029 -0.0004768702313399 2.8690342294372977
v 0.3935148100000000 -0.0026477100000000 0.0391845500000000
vn 1.2799439874463268 -0.0004757137923655 2.8690333426073957
v 0.3841452400000000 0.0157558900000000 0.0433675800000000
vn 1.2799432987854307 -0.0004748903243464 2.8690324511301526
v 0.3747756800000000 0.0341594900000000 0.0475506100000000
vn -2.5615201826640575 0.0009609711093062 -5.7373365802148051
v 0.3911116300000000 -0.0111310400000000 0.0402479700000000
vn -1.2807615439051498 0.0004814491537057 -2.8686667168783861
v 0.3941505800000000 -0.0111477000000000 0.0388911800000000
vn -1.2807586229856445 0.0004804719687797 -2.8686682023465142
v 0.3850337300000000 -0.0110977300000000 0.0429615400000000
vn -2.5615191913404090 0.0009617826035926 -5.7373370226719995
v 0.3791573600000000 0.0324361700000000 0.0455924400000000
vn -1.2807600627372491 0.0004809864036366 -2.8686692436042396
v 0.3730794700000000 0.0324694800000000 0.0483060100000000
vn -2.5615254327097001 0.0009631504816002 -5.7373342358843988
v 0.3913131600000000 0.0323695400000000 0.0401652900000000
vn -1.2807657443236127 0.0004814688946322 -2.8686666855788889
v 0.3943521000000000 0.0323528800000000 0.0388085000000000
vn -0.0000000155386617 0.0000023587395606 0.0000004215964122
v 0.4114363700000000 -0.0256303300000000 -0.0290161700000000
vn -0.0000000001047316 0.0000032271680171 0.0000002362330833
v 0.4103314500000000 -0.0269511300000000 -0.0113229800000000
vn 0.0000000637025963 0.0000022536190783 -0.0000008618191591
v 0.4092265300000000 -0.0282719200000000 0.0063702100000000
vn 0.0000000440652574 0.0000016417929585 -0.0000005901185737
v 0.4081216100000000 -0.0295927200000000 0.0240634000000000
vn 1.9260681047761192 -0.0136513800131266 -2.4818717381528859
v 0.3881965500000000 0.0345790200000000 -0.0566544200000000
vn 1.9260660759169705 -0.0136520800411242 -2.4818710688628314
v 0.3857787000000000 0.0322076200000000 -0.0585177600000000
vn 1.9260667299194059 -0.0136532917590117 -2.4818708689969906
v 0.3949943400000000 0.0175650400000000 -0.0512853700000000
vn 1.9260657756483401 -0.0136516212529879 -2.4818709656441520
v 0.3877407800000000 0.0104508100000000 -0.0568753900000000
vn 1.9260643026083628 -0.0136525869880855 -2.4818716087275288
v 0.4017921400000000 0.0005510500000000 -0.0459163300000000
vn 1.9260631180718328 -0.0136550536104563 -2.4818738384223940
v 0.4085899300000000 -0.0164629400000000 -0.0405472900000000
vn 1.9260673575753577 -0.0136528614049641 -2.4818700699276381
v 0.3897028700000000 -0.0113059900000000 -0.0552330300000000
vn 1.9260641031878429 -0.0136528921241559 -2.4818723914577605
v 0.3916649500000000 -0.0330627900000000 -0.0535906600000000
vn -1.9260653998632797 0.0136279835454186 2.4818731538565419
v 0.3878722200000000 -0.0354297300000000 -0.0565213600000000
vn -1.9260658792254954 0.0136276359003366 2.4818729648655955
v 0.3854764100000000 -0.0330432500000000 -0.0583937400000000
vn -1.9260673084724267 0.0136278488830732 2.4818719954760624
v 0.3948274500000000 -0.0184589100000000 -0.0512169100000000
vn -1.9260657352946553 0.0136267968930125 2.4818730197009153
v 0.3876400200000000 -0.0112994800000000 -0.0568340500000000
vn -1.9260646984158079 0.0136276253854792 2.4818722507815010
v 0.4017826900000000 -0.0014880800000000 -0.0459124500000000
vn -1.9260646906655277 0.0136269116673487 2.4818713311834464
v 0.4087379300000000 0.0154827400000000 -0.0406080000000000
vn -1.9260682399567592 0.0136294477922562 2.4818686075040750
v 0.3898036300000000 0.0104443000000000 -0.0552743700000000
vn -1.9260666770559232 0.0136282820409560 2.4818722015473260
v 0.3919672500000000 0.0321880800000000 -0.0537146800000000
vn -0.0463516054106078 -0.0057552645612207 -3.1412450083190895
v 0.3416338100000000 -0.0317462500000000 -0.0585649100000000
vn -0.0463516031967024 -0.0057552589529002 -3.1412457102172375
v 0.3539663400000000 -0.0103656000000000 -0.0587860600000000
vn -0.0463516060129814 -0.0057552589108949 -3.1412457101757614
v 0.3662988700000000 0.0110150500000000 -0.0590072100000000
vn -0.0463527579582638 -0.0057552345533079 -3.1412450993817838
v 0.3786313900000000 0.0323956900000000 -0.0592283600000000
vn 0.0926976632783461 0.0115109722969026 6.2824909267734323
v 0.3403274700000000 0.0324179100000000 -0.0586632000000000
vn 0.0926871567603351 0.0115106164577282 6.2824910824012052
v 0.3388146500000000 0.0103004400000000 -0.0586003600000000
vn 0.0463534079129050 0.0057564209620133 3.1412454525349625
v 0.3374025900000000 0.0099332700000000 -0.0585788500000000
vn 0.0927021972682810 0.0115123454727375 6.2824908573439551
v 0.3375033600000000 0.0316835600000000 -0.0586201900000000
vn 0.0000017754155462 -0.0000000084870888 -0.0000001383916279
v 0.3942333100000000 0.0432070200000000 0.0273225000000000
vn -0.0000022314937368 0.0000000104012188 0.0000000329083924
v 0.3938949500000000 0.0431650000000000 0.0043918300000000
vn 0.0000028653046017 -0.0000000137388279 -0.0000002455547370
v 0.3935565900000000 0.0431229900000000 -0.0185388400000000
vn -0.0000014830176740 0.0000000069132025 0.0000000221482582
v 0.3932182300000000 0.0430809700000000 -0.0414695000000000
vn 0.0291118385867167 6.2831065264381234 -0.0119366058518821
v 0.3728414600000000 0.0432220900000000 -0.0168873000000000
vn 0.0291098574708993 6.2831065276740938 -0.0119407895197522
v 0.3766607900000000 0.0431486600000000 -0.0462148000000000
vn 0.0291079807789496 6.2831065335008738 -0.0119422980230931
v 0.3835627200000000 0.0431226900000000 -0.0430536900000000
vn -0.0291085851421023 -6.2831065290254235 0.0119431791952859
v 0.3591176200000000 0.0432769900000000 -0.0214535900000000
vn -0.0145563047332649 -3.1415525681111656 0.0059717173227973
v 0.3515202400000000 0.0433186400000000 -0.0180616200000000
vn -0.0291093571928654 -6.2831065273585329 0.0119421745399961
v 0.3861299300000000 0.0432444800000000 0.0272822600000000
vn -0.0291115347094170 -6.2831065130701766 0.0119443843123826
v 0.3724546700000000 0.0433194400000000 0.0333878100000000
vn -0.0145563240470447 -3.1415532548587830 0.0059717171572324
v 0.3663767700000000 0.0433527600000000 0.0361013800000000
vn -1.5807871196251138 6.0810102655307769 0.0290488732348658
v 0.3252814800000000 0.0391922300000000 -0.0217455200000000
vn -0.7903999956853807 3.0405039047445639 0.0145232176530505
v 0.3241518400000000 0.0388984900000000 -0.0217283100000000
vn -1.5807969577156453 6.0810077290309508 0.0290444880957009
v 0.3336512600000000 0.0414855000000000 -0.0463452800000000
vn -0.8527681328180569 -3.0236043021397436 0.0143768016139562
v 0.3237911000000000 -0.0389680500000000 -0.0215803200000000
vn -1.7055615564891349 -6.0472019139848836 0.0287470353705786
v 0.3251996200000000 -0.0393654000000000 -0.0216003700000000
vn -1.6963270284507683 -6.0497718663558873 0.0323669875663162
v 0.3355192400000000 -0.0423929900000000 -0.0462191500000000
vn -1.7055530073685252 -6.0472043119017371 0.0287498421117449
v 0.3327022100000000 -0.0415982800000000 -0.0461790400000000
vn 0.8425787446403664 3.0264433533112927 -0.0175035038251789
v 0.3407542900000000 -0.0433824100000000 0.0324986900000000
vn 0.8425791645989725 3.0264439811337720 -0.0175035601168106
v 0.3367217500000000 -0.0422436700000000 0.0352751900000000
vn 0.8425780353567978 3.0264435062713257 -0.0175031074886115
v 0.3392437900000000 -0.0431121700000000 0.0065121100000000
vn 0.8425778320146242 3.0264431699327226 -0.0175030976928126
v 0.3271461500000000 -0.0396959500000000 0.0148416200000000
vn 0.8425762790463602 3.0264432323379715 -0.0175024143307123
v 0.3377333000000000 -0.0428419300000000 -0.0194744700000000
vn 0.8425794300106942 3.0264429006374423 -0.0175037250952747
v 0.3362228000000000 -0.0425717000000000 -0.0454610500000000
vn 0.8425773858867540 3.0264440856922254 -0.0175031516958444
v 0.3175705600000000 -0.0371482300000000 -0.0055919500000000
vn 0.8425792721539714 3.0264443500784397 -0.0175035552229495
v 0.3079949700000000 -0.0346005100000000 -0.0260255200000000
vn 0.0145546415777148 3.1415537885053109 -0.0059706140692937
v 0.2509520500000000 -0.0758987500000000 0.0108324400000000
vn 1.2929923807403221 3.1410853350447163 2.8637320999443165
v 0.2511708700000000 -0.0758715800000000 0.0256618800000000
vn 0.0145546215563636 3.1415527999559316 -0.0059706079364875
v 0.2321453400000000 -0.0758524400000000 -0.0106431100000000
vn 1.2929924082027282 3.1410849827482403 2.8637323721235886
v 0.2328018000000000 -0.0757709200000000 0.0338452300000000
vn 0.0145546311213623 3.1415537885615921 -0.0059706099452354
v 0.2133386200000000 -0.0758061300000000 -0.0321186500000000
vn 0.0145546297816428 3.1415537230694959 -0.0059706121469038
v 0.1945319100000000 -0.0757598200000000 -0.0535941900000000
vn 0.0145553895626567 3.1415532513265347 -0.0059706226273051
v 0.1853473700000000 -0.0757094900000000 -0.0495025200000000
vn 0.0145519872053037 3.1415532671868869 -0.0059705708235033
v 0.1857850100000000 -0.0756551500000000 -0.0198436300000000
vn 1.2929923754527859 3.1410853350618191 2.8637320960524377
v 0.2144327200000000 -0.0756702700000000 0.0420285700000000
vn 0.0145550534475953 3.1415539224481437 -0.0059714016307712
v 0.1862226500000000 -0.0756008000000000 0.0098152600000000
vn 0.0145542440414181 3.1415532550403213 -0.0059714609359988
v 0.1866602800000000 -0.0755464600000000 0.0394741500000000
vn 1.2929916126301244 3.1410849527305644 2.8637330620000450
v 0.1960636400000000 -0.0755696100000000 0.0502119200000000
vn 2.6556980077527252 -0.0590776880538698 5.6940491324195897
v 0.2140225900000000 -0.0184700600000000 0.0422358000000000
vn 2.6062813623476608 -0.0300029876872608 5.7167311771048572
v 0.2146972200000000 -0.0185756600000000 0.0419200600000000
vn 2.6556834375236091 -0.0590697586637931 5.6940560100152382
v 0.1953422500000000 -0.0564113600000000 0.0505546300000000
vn 1.3278607728766976 -0.0295448674784686 2.8470190146449350
v 0.1942628500000000 -0.0562424000000000 0.0510598200000000
vn -0.0015365289906492 0.0000091670952911 0.0006850096242204
v 0.2609725900000000 0.0572988500000000 0.0213170100000000
vn -0.0015382147753517 0.0000086646167048 0.0006857619310416
v 0.2607962600000000 0.0192357800000000 0.0213893500000000
vn -0.0015366402074298 0.0000079003453852 0.0006850608939206
v 0.2606199200000000 -0.0188272900000000 0.0214616900000000
vn -0.0015384426605593 0.0000079162584018 0.0006858633407657
v 0.2604435800000000 -0.0568903700000000 0.0215340400000000
vn -1.2799748855448208 0.0004770514225979 -2.8690176711199027
v 0.2509010200000000 -0.0758293400000000 0.0257881800000000
vn -2.5599497390671520 0.0009538296324745 -5.7380374718190579
v 0.2509890000000000 -0.0568385500000000 0.0257520900000000
vn -1.2799760820549777 0.0004760572791862 -2.8690192527264839
v 0.2319922400000000 -0.0756442000000000 0.0342241200000000
vn -2.5599497426685467 0.0009538258792151 -5.7380374702137118
v 0.2322561800000000 -0.0186718400000000 0.0341158300000000
vn -1.2799744088692810 0.0004775607750265 -2.8690189450279457
v 0.2130834600000000 -0.0754590700000000 0.0426600500000000
vn -1.2799752826552422 0.0004775674953121 -2.8690174938684034
v 0.1941746800000000 -0.0752739400000000 0.0510959900000000
vn -1.1362164995801589 -0.0061539414981584 -6.0073128745028521
v 0.1848082700000000 -0.0561905800000000 0.0552778700000000
vn -1.1362165024967212 -0.0061539391045804 -6.0073128745727260
v 0.1849842300000000 -0.0182090100000000 0.0552056800000000
vn -2.5599514776285544 0.0009528066361288 -5.7380366963538521
v 0.2135233600000000 0.0194948700000000 0.0424795800000000
vn -1.1362164995801596 -0.0061539414981591 -6.0073128745028512
v 0.1851601900000000 0.0197725700000000 0.0551334900000000
vn -1.1362165024967212 -0.0061539391045802 -6.0073128745727260
v 0.1853361500000000 0.0577541400000000 0.0550613000000000
vn -2.5599514670430672 0.0009543181096709 -5.7380367008251953
v 0.1947905400000000 0.0576615700000000 0.0508433300000000
vn -1.2799749232823179 0.0004772595246675 -2.8690187138835137
v 0.1948787100000000 0.0766931100000000 0.0508071600000000
vn -1.2799762908020411 0.0004755997081395 -2.8690191625985202
v 0.2137878600000000 0.0765894700000000 0.0423710600000000
vn -1.2799751028244613 0.0004768174954460 -2.8690186298361233
v 0.2326970200000000 0.0764858400000000 0.0339349700000000
vn -1.2799757888813004 0.0004767497529161 -2.8690183257826236
v 0.2516061800000000 0.0763822000000000 0.0254988800000000
vn -0.0000000003068798 0.0000000026258010 0.0000000021002776
v 0.2708837100000000 0.0571286200000000 -0.0440880900000000
vn 0.0000000770659095 0.0000007846221673 -0.0000004860382476
v 0.2707073700000000 0.0190655500000000 -0.0440157400000000
vn 3.1060990321876645 -0.0134952807708033 0.4707162884770660
v 0.2643365900000000 -0.0188911300000000 -0.0030652200000000
vn 3.1060984203005049 -0.0134953454133774 0.4707161208059668
v 0.2616824700000000 -0.0569116400000000 0.0133584000000000
vn 3.1060986446721102 -0.0134954355700295 0.4707159422807621
v 0.2615943000000000 -0.0759431800000000 0.0133945700000000
vn 3.1060986850432033 -0.0134954362925513 0.4707156605229018
v 0.2640720800000000 -0.0759857400000000 -0.0029567000000000
vn -0.0000000706312510 0.0000006043522260 0.0000004833981716
v 0.2705310400000000 -0.0189975200000000 -0.0439434000000000
vn 3.1060998369754702 -0.0134954478571184 0.4707161147342799
v 0.2665498600000000 -0.0760282900000000 -0.0193079700000000
vn 3.1060986449704178 -0.0134954400460999 0.4707159401840005
v 0.2690276400000000 -0.0760708500000000 -0.0356592500000000
vn -0.0000000107281625 0.0000000863465667 0.0000000732670796
v 0.2703547000000000 -0.0570605900000000 -0.0438710500000000
vn -3.1060990488534772 0.0134937231603504 -0.4707124827722267
v 0.2645129300000000 0.0191719400000000 -0.0031375600000000
vn -3.1060982417913432 0.0134954368484081 -0.4707156663201432
v 0.2622114800000000 0.0572775700000000 0.0131413700000000
vn -3.1060974502356640 0.0134954303961058 -0.4707157530155183
v 0.2622996500000000 0.0763091100000000 0.0131052000000000
vn -3.1060986519763372 0.0134952798089150 -0.4707158678648319
v 0.2647774300000000 0.0762665500000000 -0.0032460800000000
vn -3.1060986743065158 0.0134953517964926 -0.4707157337932812
v 0.2672552100000000 0.0762239900000000 -0.0195973500000000
vn -3.1060998412126311 0.0134954452510578 -0.4707161175230740
v 0.2697329900000000 0.0761814300000000 -0.0359486200000000
vn 1.3633075597173085 -0.0116958798120047 -2.8303462871355909
v 0.2325435300000000 0.0572711400000000 -0.0625562300000000
vn 1.3169572560035416 -0.0174522761071429 -5.9715921437895592
v 0.2270663600000000 0.0572915000000000 -0.0651945300000000
vn 1.3633112792385536 -0.0116951522009017 -2.8303443312597194
v 0.2433215300000000 0.0191673500000000 -0.0572072700000000
vn 1.3169603581964096 -0.0174504473623879 -5.9715898998564905
v 0.2268900200000000 0.0192284300000000 -0.0651221900000000
vn 1.3633085156247269 -0.0116952887307654 -2.8303458912032937
v 0.2540995300000000 -0.0189364400000000 -0.0518583200000000
vn 1.3633108629929891 -0.0116958942409074 -2.8303445286892375
v 0.2648775300000000 -0.0570402300000000 -0.0465093600000000
vn 1.3169581872501299 -0.0174511708444133 -5.9715897567560976
v 0.2267136800000000 -0.0188346400000000 -0.0650498500000000
vn 1.3169561901357063 -0.0174504397309592 -5.9715919205811545
v 0.2265373500000000 -0.0568977100000000 -0.0649775000000000
vn -0.0463486143768251 -0.0057571099338901 -3.1412449905173094
v 0.1255393700000000 -0.0474816300000000 -0.0635044600000000
vn -0.0927001383252976 -0.0115128747797661 -6.2824908867753351
v 0.1314316900000000 -0.0475090900000000 -0.0635913500000000
vn -0.0463539312879181 -0.0057536602098815 -3.1412451196439561
v 0.1411041200000000 -0.0120461000000000 -0.0637990500000000
vn -0.0927018826385075 -0.0115105400267263 -6.2824908653159826
v 0.1558349100000000 -0.0121147500000000 -0.0640162900000000
vn -0.0463503908468602 -0.0057563289022170 -3.1412447578748566
v 0.1566688700000000 0.0233894400000000 -0.0640936500000000
vn -0.0463486143768248 -0.0057571099338887 -3.1412449905173081
v 0.1722336200000000 0.0588249700000000 -0.0643882500000000
vn -0.0927019223534978 -0.0115122305579182 -6.2824908616325175
v 0.1831843000000000 0.0232658500000000 -0.0644846800000000
vn -0.0927038439257476 -0.0115113009682141 -6.2824908349801056
v 0.2105336800000000 0.0586464600000000 -0.0649530700000000
vn -0.0463509864753845 -0.0057552935452533 -3.1412454319486596
v 0.1313435200000000 -0.0665406300000000 -0.0635551800000000
vn -0.0463511281503084 -0.0057569621315216 -3.1412454987232517
v 0.1585165700000000 -0.0692230900000000 -0.0639512200000000
vn -0.0463520630741406 -0.0057552861733595 -3.1412446895491577
v 0.1856896100000000 -0.0719055600000000 -0.0643472700000000
vn -0.0463509650683648 -0.0057553093251672 -3.1412455041582983
v 0.2128626600000000 -0.0745880200000000 -0.0647433100000000
vn 0.0463534350264038 0.0057553014193531 3.1412453958033817
v 0.1903818000000000 -0.0567292000000000 -0.0644443100000000
vn 0.0927028765349246 0.0115099122497800 6.2824908517976370
v 0.1844894800000000 -0.0567017400000000 -0.0643574100000000
vn 0.0463506238636164 0.0057561938632377 3.1412457962527247
v 0.2008882900000000 -0.0187142800000000 -0.0646689900000000
vn 0.0927026408792826 0.0115121475917716 6.2824908511820219
v 0.1832113400000000 -0.0186318900000000 -0.0644083100000000
vn 0.0463505601250096 0.0057552310441833 3.1412449495904875
v 0.2113947900000000 0.0193006500000000 -0.0648936800000000
vn 0.0463497860453324 0.0057561620309023 3.1412453199095278
v 0.2219012800000000 0.0573155700000000 -0.0651183600000000
vn 0.0927009756270557 0.0115101428741291 6.2824908794271037
v 0.1848793600000000 0.0194242300000000 -0.0645026500000000
vn 0.0927026334859854 0.0115121473436985 6.2824908512916018
v 0.1806550700000000 0.0575078100000000 -0.0645101000000000
vn 0.0463484437343797 0.0057543268230213 3.1412454712383706
v 0.1767837200000000 -0.0578825400000000 -0.0642415500000000
vn 0.0463483888553352 0.0057543252033497 3.1412452272662561
v 0.1600940500000000 -0.0221742900000000 -0.0640607100000000
vn 0.0463521908630985 0.0057560996102392 3.1412439504532599
v 0.1723102300000000 0.0753619400000000 -0.0644196800000000
vn 0.0463500007286391 0.0057550561617316 3.1412454463843127
v 0.1568987100000000 0.0730003300000000 -0.0641879400000000
vn 0.0463484437343756 0.0057543268230212 3.1412454712383711
v 0.1434043900000000 0.0135339500000000 -0.0638798700000000
vn 0.0463522000707092 0.0057560899543176 3.1412439503350891
v 0.1414871800000000 0.0706387300000000 -0.0639562100000000
vn 0.0463499759379309 0.0057550555895744 3.1412456410396339
v 0.1260756600000000 0.0682771200000000 -0.0637244700000000
vn 0.0463484468678062 0.0057543283785539 3.1412461457301952
v 0.1267147300000000 0.0492422000000000 -0.0636990300000000
vn -0.1430209165680289 0.0076906834069743 3.1383265462511272
v 0.1843523700000000 -0.0561885200000000 0.0552506500000000
vn -0.2867784359883606 0.0143223686135934 6.2766208216004866
v 0.1623445100000000 -0.0595550500000000 0.0542559500000000
vn -0.1430208345424056 0.0076907165574259 3.1383260338682128
v 0.1836165500000000 -0.0182028300000000 0.0551240300000000
vn -0.2867795019563497 0.0143218992842870 6.2766207737440212
v 0.1175929500000000 -0.0283024100000000 0.0521399400000000
vn -0.1430204739937151 0.0076911959173399 3.1383254885739666
v 0.1828807300000000 0.0197828700000000 0.0549974100000000
vn -0.1430194156972609 0.0076907442571458 3.1383260984600918
v 0.1821449000000000 0.0577685600000000 0.0548707800000000
vn 0.3320622775652506 -3.0977717719785183 3.1374062900974349
v 0.1597691200000000 0.0733948800000000 0.0538127800000000
vn 0.3320622944768984 -3.0977717657042367 3.1374039453516915
v 0.1157533900000000 0.0666618200000000 0.0518233900000000
vn -0.2867794933896005 0.0143219599410757 6.2766207740501194
v 0.0728414000000000 0.0029502200000000 0.0500239300000000
vn 0.3320620685865928 -3.0977719087997153 3.1374054056406231
v 0.0717376600000000 0.0599287700000000 0.0498340000000000
vn 0.3320622137526971 -3.0977727320245672 3.1374063106187315
v 0.0277219300000000 0.0531957100000000 0.0478446100000000
vn -0.2867794647241227 0.0143220010043349 6.2766207752367835
v 0.0280898400000000 0.0342028600000000 0.0479079200000000
vn 0.0000006483825432 0.0000012676139851 0.0000000270228186
v 0.1622883300000000 -0.0716808200000000 0.0542790000000000
vn -0.0000005144328885 -0.0000005458320189 -0.0000000224120985
v 0.1174244200000000 -0.0646797300000000 0.0522090800000000
vn -0.1437592812204271 0.0066301875521523 3.1382955007036433
v 0.0056578900000000 0.0377034100000000 0.0468729600000000
vn -0.1437591230822495 0.0066304579456994 3.1382939298521477
v 0.0055455300000000 0.0134518700000000 0.0469190600000000
vn -0.0000000321426170 -0.0000000916844621 -0.0000000012786491
v 0.0725605200000000 -0.0576786300000000 0.0501391700000000
vn -0.1437589402802835 0.0066316283384507 3.1382939017170148
v 0.0054331800000000 -0.0107996800000000 0.0469651500000000
vn -0.1437592164260470 0.0066302334831802 3.1382946789022164
v 0.0053208300000000 -0.0350512200000000 0.0470112400000000
vn -0.0000000334181362 -0.0000000882366086 -0.0000000013443640
v 0.0276966100000000 -0.0506775400000000 0.0480692500000000
vn 0.1868481665658252 -0.0694715868750719 -3.1352616896133627
v 0.1155848600000000 0.0302845100000000 0.0518925300000000
vn 0.3737318845976844 -0.1389906140572706 -6.2705202087246841
v 0.1164966500000000 0.0302803900000000 0.0519469600000000
vn 0.3306248832806342 -0.0761249933252833 -6.2735548431379149
v 0.1629041900000000 0.0612546900000000 0.0540263400000000
vn 0.3737159036561281 -0.1389682390315810 -6.2705216573695850
v 0.1610806200000000 0.0612629300000000 0.0539174700000000
vn 0.0145546522947662 3.1415532397457775 -0.0059709994511270
v 0.2509301700000000 0.0763569300000000 0.0105537900000000
vn 0.0145549953420653 3.1415532639204029 -0.0059701885240743
v 0.2511502900000000 0.0763842600000000 0.0254716600000000
vn 0.0145546416079390 3.1415527744550191 -0.0059709922150979
v 0.2306689800000000 0.0764100200000000 -0.0109003100000000
vn 0.0145541062452585 3.1415532640431634 -0.0059722910607688
v 0.2313293500000000 0.0764920200000000 0.0338533200000000
vn 0.0145525918188719 3.1415542363754589 -0.0059701592795369
v 0.2104077800000000 0.0764631100000000 -0.0323544000000000
vn 0.0145525906948258 3.1415537710329335 -0.0059701559549586
v 0.1901465900000000 0.0765162000000000 -0.0538085000000000
vn -0.4605472681181673 6.2470135699271836 -0.0046504216990755
v 0.1802361200000000 0.0765700700000000 -0.0496176700000000
vn -0.4605460449292585 6.2470134098595844 -0.0046503905842713
v 0.1806763700000000 0.0766247400000000 -0.0197819100000000
vn 0.0145532311397302 3.1415536316983710 -0.0059714552557445
v 0.2115084000000000 0.0765997800000000 0.0422349800000000
vn -0.4605448714464266 6.2470133640608436 -0.0046510092716474
v 0.1811166200000000 0.0766794100000000 0.0100538400000000
vn -0.4605459496661565 6.2470132018891142 -0.0046504809155488
v 0.1815568600000000 0.0767340800000000 0.0398896000000000
vn 0.0145549903101049 3.1415532639366921 -0.0059701922202812
v 0.1916874600000000 0.0767075300000000 0.0506166400000000
vn -0.4750996037305280 3.1054596812707667 0.0013194149913519
v 0.0267180800000000 0.0530710600000000 -0.0201862100000000
vn -0.4750997711702645 3.1054601702387425 0.0013189329337866
v 0.0264979600000000 0.0530437200000000 -0.0351040900000000
vn -0.4750997788556713 3.1054605629590757 0.0013196067502108
v 0.0710206300000000 0.0598397300000000 0.0012405500000000
vn -0.4750999323471709 3.1054597169662230 0.0013210176676292
v 0.0703602600000000 0.0597577300000000 -0.0435130800000000
vn -0.4751000030205296 3.1054605015222929 0.0013205976588759
v 0.1153231700000000 0.0666084000000000 0.0226673200000000
vn -0.4751003733762295 3.1054602240016469 0.0013213419019861
v 0.1596257200000000 0.0733770700000000 0.0440940900000000
vn -0.4750997274639895 3.1054596541486554 0.0013192515332109
v 0.1142225500000000 0.0664717300000000 -0.0519220700000000
vn -0.4751000639566670 3.1054605771502404 0.0013210187407325
v 0.1580848500000000 0.0731857400000000 -0.0603310500000000
vn 0.4750823428010758 -3.1054628999556546 -0.0009213152578417
v 0.1262957800000000 0.0683044600000000 -0.0488066000000000
vn 0.4750824610072440 -3.1054630307159905 -0.0009215116924363
v 0.1042879100000000 0.0649379300000000 -0.0498012900000000
vn 0.4750819311160127 -3.1054634855606471 -0.0009203147505931
v 0.1421475500000000 0.0707207300000000 -0.0192025800000000
vn 0.4750825475486078 -3.1054633152761153 -0.0009196597115437
v 0.0761239600000000 0.0606211400000000 -0.0221866600000000
vn 0.4750822961923556 -3.1054624652048330 -0.0009197829078071
v 0.1579993300000000 0.0731370000000000 0.0104014400000000
vn 0.4750824571679107 -3.1054630426677203 -0.0009205589997034
v 0.1738511000000000 0.0755532700000000 0.0400054600000000
vn 0.4750824923921306 -3.1054630105829366 -0.0009214469391155
v 0.0479600000000000 0.0563043600000000 0.0054279700000000
vn 0.4750822365036624 -3.1054626304774366 -0.0009198700106939
v 0.0197960400000000 0.0519875700000000 0.0330426000000000
vn -0.4847886895371950 -3.1039376424784755 0.0124675254694829
v 0.1621449300000000 -0.0716986300000000 0.0445603100000000
vn -0.9700653940880426 -6.2077978720707412 0.0252188456913188
v 0.1763498800000000 -0.0739336200000000 0.0404800700000000
vn -0.4847886283045980 -3.1039372893586101 0.0124675206200035
v 0.1169942100000000 -0.0647331500000000 0.0230530200000000
vn -0.9700646506026578 -6.2077979979319275 0.0252165076140809
v 0.1596090500000000 -0.0714381300000000 0.0108122900000000
vn -0.4847886843928863 -3.1039376422802030 0.0124677748609448
v 0.0718434900000000 -0.0577676700000000 0.0015457200000000
vn -0.4847889509565656 -3.1039379625545291 0.0124679728708010
v 0.0266927700000000 -0.0508021900000000 -0.0199615800000000
vn -0.0000210780060877 0.0000029907541581 -0.0000747719810725
v 0.0183223500000000 -0.0495544400000000 -0.0347954700000000
vn -0.0000210066664339 0.0000029787276163 -0.0000749926272392
v 0.0467322500000000 -0.0540244300000000 -0.0429559500000000
vn -0.9700662678540035 -6.2077977318888413 0.0252198375981290
v 0.1428682300000000 -0.0689426400000000 -0.0188554900000000
vn -0.0000210035286379 0.0000029790282059 -0.0000747814462149
v 0.0751421500000000 -0.0584944200000000 -0.0511164300000000
vn -0.0000210052720124 0.0000029793234944 -0.0000747757638287
v 0.1035520500000000 -0.0629644100000000 -0.0592769200000000
vn -0.9700632787638228 -6.2077982020630635 0.0252191453400872
v 0.1261274100000000 -0.0664471500000000 -0.0485232700000000
vn -0.4852759099782205 -3.1038603592126712 0.0127500114501943
v 0.1847713200000000 -0.0752507800000000 0.0403582200000000
vn -0.4852728679827024 -3.1038602728042091 0.0127495016388053
v 0.1848733900000000 -0.0753896000000000 0.0104467400000000
vn -0.4852757179414182 -3.1038603721744296 0.0127499019981435
v 0.1261784400000000 -0.0665165600000000 -0.0634790100000000
vn -0.4852747412214539 -3.1038605469553446 0.0127493116702787
v 0.1430213300000000 -0.0691508700000000 -0.0637227100000000
vn -0.4852765159380453 -3.1038602646173539 0.0127493028866116
v 0.1849754500000000 -0.0755284300000000 -0.0194647400000000
vn -0.4852764197081799 -3.1038614871143677 0.0127493074121178
v 0.1598642200000000 -0.0717851900000000 -0.0639664100000000
vn -0.4852743755289692 -3.1038606225151284 0.0127490989626416
v 0.1767071100000000 -0.0744195000000000 -0.0642101200000000
vn -0.4852759517890615 -3.1038596880645377 0.0127490330474428
v 0.1850775200000000 -0.0756672500000000 -0.0493762300000000
vn 0.4847679998526843 3.1039409522978962 -0.0125428239291561
v 0.1782388400000000 -0.0742293000000000 0.0395960000000000
vn 0.9696718389312807 6.2078586961354558 -0.0253855902329985
v 0.1640338900000000 -0.0719943100000000 0.0436762400000000
vn 0.4847677199303783 3.1039411181819512 -0.0125424329207197
v 0.1609583100000000 -0.0716493300000000 0.0101808100000000
vn 0.9696719027629457 6.2078586860283487 -0.0253856356018248
v 0.1183434700000000 -0.0649443500000000 0.0224215400000000
vn 0.4847685866386725 3.1039395868985045 -0.0125447217313091
v 0.1436777900000000 -0.0690693600000000 -0.0192343800000000
vn 0.4847686908213521 3.1039400735358678 -0.0125446007543162
v 0.1263972600000000 -0.0664893900000000 -0.0486495700000000
vn 0.9696719752044283 6.2078586745810496 -0.0253856543668213
v 0.0726530400000000 -0.0578943900000000 0.0011668300000000
vn 0.9696717409214555 6.2078587122693918 -0.0253853971127686
v 0.0269626200000000 -0.0508444300000000 -0.0200878700000000
vn 0.4849041875378455 3.1039180856435964 -0.0128433863658726
v 0.1641773000000000 -0.0719765000000000 0.0533949300000000
vn 0.4849028776779237 3.1039187141851157 -0.0128401355587414
v 0.1187736800000000 -0.0648909300000000 0.0515776000000000
vn 0.4849039826230614 3.1039170733675800 -0.0128430613069981
v 0.0042608100000000 -0.0473016400000000 -0.0209965300000000
vn 0.4849030070172260 3.1039174096868534 -0.0128410670179173
v 0.0045476200000000 -0.0472660300000000 -0.0015591600000000
vn 0.4849040836846309 3.1039180698659057 -0.0128429480272169
v 0.0733700700000000 -0.0578053500000000 0.0497602800000000
vn 0.4849038175681714 3.1039189999693546 -0.0128420612116181
v 0.0048344400000000 -0.0472304100000000 0.0178782200000000
vn 0.4849043609559844 3.1039190710910254 -0.0128432119710775
v 0.0051212500000000 -0.0471948000000000 0.0373156000000000
vn 0.4849035294275059 3.1039186161191394 -0.0128433154643883
v 0.0279664600000000 -0.0507197800000000 0.0479429500000000
vn 0.0463511909376103 0.0057562363809554 3.1412454272041126
v -0.1195656700000000 0.0743097100000000 -0.0601109200000000
vn 0.8317226367439927 -0.0036641779413321 0.0994171627418415
v -0.1086016700000000 0.0731303400000000 -0.0602705400000000
vn 0.0463511707107231 0.0057562571012589 3.1412444386543807
v -0.1415881400000000 0.0562774200000000 -0.0597529200000000
vn 0.8317222259573598 -0.0036640620023653 0.0994190036088357
v -0.1086961400000000 0.0527392900000000 -0.0602317800000000
vn 0.0463511922456270 0.0057562713922263 3.1412459708273230
v -0.1636106000000000 0.0382451200000000 -0.0593949200000000
vn 0.0463529220237500 0.0057531823246883 3.1412459453895218
v -0.1856330600000000 0.0202128300000000 -0.0590369200000000
vn 0.0463517517867414 0.0057539519269332 3.1412455200576659
v -0.1856802900000000 0.0100173100000000 -0.0590175500000000
vn 0.0463511972278080 0.0057562706239246 3.1412463286964152
v -0.1637523000000000 0.0076585600000000 -0.0593367900000000
vn 0.8317203330541456 -0.0036650321676898 0.0994202847901868
v -0.1087906100000000 0.0323482500000000 -0.0601930200000000
vn 0.0463511972278081 0.0057562706239246 3.1412463286964156
v -0.1418243000000000 0.0052998100000000 -0.0596560300000000
vn 0.0463512253479591 0.0057562377501654 3.1412462313985055
v -0.1198963100000000 0.0029410600000000 -0.0599752700000000
vn 0.8317218706048337 -0.0036643239486183 0.0994208544055897
v -0.1088850800000000 0.0119572000000000 -0.0601542700000000
vn 0.8830806181123474 3.0148687082727808 -0.0185564238445928
v -0.0943526900000000 0.0791886900000000 -0.0566103400000000
vn 0.8830789977663542 3.0148686360813293 -0.0185537772102056
v -0.0659491800000000 0.0709143700000000 -0.0492512000000000
vn 0.8830797806475343 3.0148681853572445 -0.0185560508000977
v -0.0375456700000000 0.0626400400000000 -0.0418920600000000
vn 0.8830797971222845 3.0148679748761134 -0.0185557642009195
v -0.0091421600000000 0.0543657100000000 -0.0345329200000000
vn 0.0145552967363308 3.1415534368733589 -0.0059760267607855
v -0.2713407200000000 0.0842322200000000 0.0197952500000000
vn 0.0291105525118963 6.2831064980247655 -0.0119546877741383
v -0.2694785400000000 0.0842235400000000 0.0197677900000000
vn 0.0291094428557221 6.2831065147971179 -0.0119485699353622
v -0.1601950200000000 0.0837535700000000 0.0388759400000000
vn 0.0291105226721263 6.2831064984550853 -0.0119545343064581
v -0.1639193800000000 0.0837709300000000 0.0389308600000000
vn 0.0145542009897914 3.1415534417317375 -0.0059697225522065
v -0.4798663400000000 0.0850995200000000 -0.0321646500000000
vn 0.0145542007701170 3.1415534701504657 -0.0059697127576184
v -0.3737772200000000 0.0845927600000000 -0.0402004400000000
vn 0.0145542010059672 3.1415534559327862 -0.0059697217143884
v -0.2676881100000000 0.0840860000000000 -0.0482362300000000
vn 0.0145542008021731 3.1415534417402844 -0.0059697185119670
v -0.1615990000000000 0.0835792400000000 -0.0562720200000000
vn -0.0291092260518461 -6.2831065265753985 0.0119429065809126
v -0.1441836300000000 0.0836211200000000 0.0082131300000000
vn -0.0291107285685468 -6.2831065175263436 0.0119440050913750
v -0.1218440500000000 0.0835686800000000 0.0350747300000000
vn -0.0145553540727040 -3.1415532588224506 0.0059719962506885
v -0.1181196900000000 0.0835513200000000 0.0350198100000000
vn -0.0145541666679268 -3.1415534991211937 0.0059689756235729
v -0.2383160800000000 0.0839455000000000 -0.0505656600000000
vn -0.0145539652262555 -3.1415532674639071 0.0059709520384601
v -0.3223317600000000 0.0843667700000000 -0.0337054000000000
vn -0.0145539669492321 -3.1415532215296080 0.0059709534253483
v -0.4063474400000000 0.0847880400000000 -0.0168451400000000
vn -0.0145539660297690 -3.1415530386524964 0.0059709377563883
v -0.4903631100000000 0.0852093100000000 0.0000151200000000
vn -0.0002450682192140 0.0000206593533989 -0.0015243151270914
v -0.1618841800000000 0.0074610800000000 -0.0515533300000000
vn -0.3344895144118741 -3.1237169610391247 0.0106583833539939
v -0.1619516700000000 0.0074527000000000 -0.0561273300000000
vn -0.0002447976426489 0.0000205720352531 -0.0015241238158374
v -0.2677879300000000 0.0188598800000000 -0.0343902100000000
vn -0.3344892346149068 -3.1237169901457582 0.0106583792788785
v -0.2679904000000000 0.0188347400000000 -0.0481122100000000
vn -0.0002441889615712 0.0000209510135127 -0.0015177009640298
v -0.3736916700000000 0.0302586800000000 -0.0172270800000000
vn -0.0002450819741135 0.0000206016925040 -0.0015243172809573
v -0.4795954200000000 0.0416574700000000 -0.0000639600000000
vn -0.3344894541771896 -3.1237169368313826 0.0106591137052041
v -0.3740291400000000 0.0302167700000000 -0.0400970900000000
vn -0.3344891743798210 -3.1237169659381063 0.0106591096294722
v -0.4800678700000000 0.0415988100000000 -0.0320819700000000
vn 0.3342442876436962 3.1237377378830775 -0.0121836552775982
v -0.1096623600000000 0.0018928700000000 -0.0465287900000000
vn 0.3342447575333388 3.1237375737236359 -0.0121825144371901
v -0.1111224600000000 0.0021552300000000 -0.0193165800000000
vn 0.3342447613398899 3.1237376134079460 -0.0121825100216748
v -0.1125825600000000 0.0024175900000000 0.0078956200000000
vn 0.3342445544382107 3.1237376685774620 -0.0121838306170828
v -0.1140426600000000 0.0026799600000000 0.0351078300000000
vn -0.0145548283199653 -3.1415537402128253 0.0059697207881285
v -0.0091872100000000 0.0013742700000000 -0.0208395900000000
vn 0.7708169988094594 -3.1509732813742866 -3.0358560485161528
v -0.0093877700000000 0.0013493700000000 -0.0344321500000000
vn -0.0145538942930486 -3.1415537408285790 0.0059720182374669
v -0.0372273700000000 0.0015418900000000 -0.0009981000000000
vn 0.7708171511508335 -3.1509735961547936 -3.0358543949218757
v -0.0378290700000000 0.0014671700000000 -0.0417757900000000
vn -0.0145548234072946 -3.1415527896730513 0.0059697170107416
v -0.0652675300000000 0.0017095000000000 0.0188434000000000
vn -0.0145538912673301 -3.1415532655655247 0.0059720141428599
v -0.0933076900000000 0.0018771200000000 0.0386848900000000
vn 0.7708169344507645 -3.1509742475848039 -3.0358573748010222
v -0.0662703700000000 0.0015849800000000 -0.0491194300000000
vn 0.7708169964850329 -3.1509734485136329 -3.0358544369680720
v -0.0947116600000000 0.0017027800000000 -0.0564630700000000
vn 0.0927000740511969 0.0115118024598455 6.2824908896843539
v -0.1095126100000000 0.0328131800000000 0.0485813500000000
vn 0.0463473895660738 0.0057559780672157 3.1412455646682660
v -0.1118391500000000 0.0330788700000000 0.0486151900000000
vn 0.0927007849178334 0.0115125623494837 6.2824908778065156
v -0.1110030000000000 0.0125815500000000 0.0486404100000000
vn 0.0463513466962288 0.0057562648735109 3.1412452982037822
v -0.0928337500000000 0.0732635700000000 0.0482611200000000
vn 0.0463513085519134 0.0057537543301138 3.1412449723125611
v -0.0646014400000000 0.0527405000000000 0.0478821400000000
vn 0.0463513528339813 0.0057562687292401 3.1412449612328386
v -0.0363691400000000 0.0322174300000000 0.0475031500000000
vn 0.0463513149771408 0.0057562318311915 3.1412446249858483
v -0.0081368300000000 0.0116943600000000 0.0471241700000000
vn 0.7853714266253788 -0.0094201867120802 -3.0418271180205045
v -0.0943810300000000 0.0730714300000000 -0.0565987200000000
vn 0.7853708423172733 -0.0094203238267731 -3.0418263220616830
v -0.0660342000000000 0.0525625900000000 -0.0492163200000000
vn 0.7853709438966437 -0.0094197549729262 -3.0418260579023859
v -0.0376873700000000 0.0320537400000000 -0.0418339300000000
vn 0.7853709609113276 -0.0094201826629197 -3.0418261227869130
v -0.0093405400000000 0.0115448900000000 -0.0344515300000000
vn 0.0000006453701326 0.0000025548009209 -0.0000000629254167
v -0.4910318600000000 0.0427781800000000 -0.0319223500000000
vn -0.0000000859550788 -0.0000005182602547 0.0000000086429377
v -0.4069211300000000 0.0337549000000000 -0.0396182300000000
vn -0.0000000537845418 -0.0000008016613806 0.0000000061125383
v -0.3228103900000000 0.0247316100000000 -0.0473141100000000
vn -0.0000000864969640 -0.0000005186040628 0.0000000086931116
v -0.2386996600000000 0.0157083300000000 -0.0550099900000000
vn -0.0927025212271683 -0.0115112397837364 -6.2824908546109102
v -0.1106344400000000 -0.0288282600000000 0.0487108400000000
vn -0.0463506618576198 -0.0057547409353528 -3.1412463388157184
v -0.1132012000000000 -0.0290881800000000 0.0487491900000000
vn -0.0927022788723896 -0.0115109054856077 -6.2824908587993678
v -0.1120800300000000 -0.0085931700000000 0.0486951000000000
vn -0.0463517765159748 -0.0057537892567735 -3.1412450900628346
v -0.0941067100000000 -0.0694163800000000 0.0485413300000000
vn -0.0463511096137311 -0.0057556433896897 -3.1412446337790962
v -0.0657124600000000 -0.0491572400000000 0.0480852400000000
vn -0.0463511192975420 -0.0057562610311228 -3.1412450952321436
v -0.0373182100000000 -0.0288980900000000 0.0476291400000000
vn -0.0463511192975420 -0.0057562610311228 -3.1412450952321431
v -0.0089239600000000 -0.0086389500000000 0.0471730400000000
vn 0.8558738665050619 -3.0227527284780580 -0.0070900071555998
v -0.0956804300000000 -0.0757255400000000 -0.0561778300000000
vn 1.7117471650852876 -6.0455056190584679 -0.0141794609302642
v -0.0955390300000000 -0.0757079800000000 -0.0465950000000000
vn 0.8558737858598474 -3.0227532487668398 -0.0070898686789015
v -0.0672245200000000 -0.0676862200000000 -0.0485912000000000
vn 1.7117479694619171 -6.0455053841106636 -0.0141825270575915
v -0.0668003200000000 -0.0676335500000000 -0.0198427100000000
vn 0.8558741555371627 -3.0227519336014570 -0.0070925493867975
v -0.0387686200000000 -0.0596469000000000 -0.0410045800000000
vn 0.8558739796976396 -3.0227526967439959 -0.0070898725506372
v -0.0103127200000000 -0.0516075900000000 -0.0334179500000000
vn 1.7117478542353630 -6.0455054192807633 -0.0141814429476489
v -0.0380616100000000 -0.0595591100000000 0.0069095700000000
vn 1.7117472022366929 -6.0455056073002540 -0.0141799891428954
v -0.0093229100000000 -0.0514846800000000 0.0336618600000000
vn 0.8413196164817726 -6.1643060276211523 -0.0011175675514472
v -0.1097078100000000 -0.0797202900000000 -0.0463785800000000
vn 0.8413188984976551 -6.1643060482658356 -0.0011194334039249
v -0.1093066800000000 -0.0796704800000000 -0.0191934500000000
vn 0.8413192392257013 -6.1643059523818007 -0.0011195994188542
v -0.1089055400000000 -0.0796206700000000 0.0079916800000000
vn 0.8413196929482946 -6.1643058245124731 -0.0011195939833810
v -0.1085044000000000 -0.0795708600000000 0.0351768200000000
vn -0.8563707156012648 3.0226146528277846 0.0063217943263469
v -0.1082798300000000 -0.0795107100000000 0.0351733900000000
vn -0.8563714392010549 3.0226142392479991 0.0063218839633589
v -0.1082318200000000 -0.0794402400000000 0.0079814100000000
vn -0.0317527671451414 3.0130305041309930 -3.0250997267362436
v -0.0100881500000000 -0.0515474400000000 -0.0334213700000000
vn -0.0317519219670495 3.0130322930759315 -3.0251002884315374
v -0.0380949000000000 -0.0594664800000000 -0.0410148500000000
vn -0.8563707156012625 3.0226146528277833 0.0063217943263462
v -0.1081838100000000 -0.0793697600000000 -0.0192105700000000
vn -0.0317532352468383 3.0130305172396872 -3.0250998677806127
v -0.0661016600000000 -0.0673855100000000 -0.0486083200000000
vn -0.0317520796331652 3.0130322470895505 -3.0250996589585335
v -0.0941084200000000 -0.0753045400000000 -0.0562018000000000
vn -0.8563714392010547 3.0226142392479991 0.0063218839633589
v -0.1081358000000000 -0.0792992900000000 -0.0464025500000000
vn -0.0145541301005230 -3.1415531098323211 0.0059720280888891
v -0.4804724400000000 -0.0779154200000000 -0.0004978800000000
vn -0.0145541617286117 -3.1415534685582962 0.0059718417967854
v -0.4802718700000000 -0.0778905100000000 0.0130946900000000
vn -0.0145539269834322 -3.1415532400712221 0.0059699015182800
v -0.3745970000000000 -0.0784382100000000 -0.0174902400000000
vn -0.0145539100386192 -3.1415532698497350 0.0059697142627552
v -0.3739952900000000 -0.0783635000000000 0.0232874600000000
vn -0.0145541139936975 -3.1415532646495392 0.0059718410750017
v -0.2687215500000000 -0.0789610100000000 -0.0344826000000000
vn -0.0145541307611506 -3.1415532939776827 0.0059720328297037
v -0.1628461000000000 -0.0794838000000000 -0.0514749600000000
vn -0.0145539096977434 -3.1415530833788132 0.0059697139161320
v -0.2677187100000000 -0.0788364800000000 0.0334802300000000
vn -0.0145541303234291 -3.1415530779594460 0.0059720275217834
v -0.1614421300000000 -0.0793094600000000 0.0436730000000000
vn 0.0145559687999324 3.1415539895975115 -0.0059712381342596
v -0.1156878300000000 -0.0795373800000000 0.0352827500000000
vn 0.0291094342942153 6.2831065276007481 -0.0119418593677663
v -0.1267317300000000 -0.0794859000000000 0.0354456200000000
vn 0.0145531379522842 3.1415540077818811 -0.0059703109799537
v -0.1140365600000000 -0.0795967500000000 0.0080673500000000
vn 0.0291094374575134 6.2831065275816336 -0.0119418617127021
v -0.1471682600000000 -0.0794423300000000 0.0085559500000000
vn 0.0145531047560617 3.1415525381827853 -0.0059714060686586
v -0.1123852800000000 -0.0796561300000000 -0.0191480500000000
vn 0.0145559570212094 3.1415524808616939 -0.0059712349731958
v -0.1107340100000000 -0.0797155100000000 -0.0463634400000000
vn 0.0609063149924114 3.1473069887467751 3.1352750143119716
v -0.1209522800000000 -0.0796937200000000 -0.0598082800000000
vn 0.0609056980796432 3.1473069946201337 3.1352766011217135
v -0.1430400800000000 -0.0795907700000000 -0.0594825500000000
vn 0.0291094337934109 6.2831065276027305 -0.0119418595447173
v -0.1676047900000000 -0.0793987600000000 -0.0183337100000000
vn 0.0609054004857331 3.1473111705667014 3.1352731988783393
v -0.1651278800000000 -0.0794878300000000 -0.0591568100000000
vn 0.0609054053233893 3.1473095331661889 3.1352747434888011
v -0.1872156800000000 -0.0793848800000000 -0.0588310800000000
vn 0.0291094324398111 6.2831065276063143 -0.0119418609588307
v -0.1880413200000000 -0.0793551900000000 -0.0452233800000000
vn 0.0145539875686566 3.1415532649012370 -0.0059718618541301
v -0.1686886300000000 -0.0792838100000000 0.0395040300000000
vn 0.0145539876824504 3.1415532982809924 -0.0059718708202991
v -0.2730389600000000 -0.0788360600000000 0.0207311900000000
vn 0.0145539872524803 3.1415532315141723 -0.0059718572259927
v -0.3773893000000000 -0.0783883100000000 0.0019583500000000
vn 0.0145539859704389 3.1415530792462452 -0.0059718663776571
v -0.4817396300000000 -0.0779405600000000 -0.0168144900000000
vn -0.3057764082425393 3.1266759673678015 -0.0012229079714683
v -0.1625565000000000 -0.0033651000000000 -0.0558945600000000
vn -0.6114206681662810 6.2533654186524066 -0.0016126155126453
v -0.1624934300000000 -0.0033572600000000 -0.0516196500000000
vn -0.3057757512059008 3.1266760377907215 -0.0012148913401101
v -0.2686084900000000 -0.0137332400000000 -0.0474313300000000
vn -0.6114200656045155 6.2533654806768695 -0.0016048411209944
v -0.2684192500000000 -0.0137097500000000 -0.0346066200000000
vn -0.3057757951732352 3.1266762060894218 -0.0012148909995920
v -0.3746604800000000 -0.0241013900000000 -0.0389681000000000
vn -0.3057755024372250 3.1266764057934902 -0.0012148956849578
v -0.4807124700000000 -0.0344695400000000 -0.0305048700000000
vn -0.6114197824753855 6.2533655082908597 -0.0016050309780660
v -0.3743450800000000 -0.0240622300000000 -0.0175935900000000
vn -0.6114201005424044 6.2533654771160689 -0.0016052092042186
v -0.4802709100000000 -0.0344147100000000 -0.0005805500000000
vn -0.3056441219402218 3.1266891742317271 -0.0003891187168042
v -0.1103566500000000 0.0017399200000000 -0.0465182600000000
vn -0.3056443231411885 3.1266892708764895 -0.0003901368663054
v -0.1120089300000000 0.0015817900000000 -0.0193024500000000
vn -0.6122886389828134 3.1340520136426133 3.1261925923376808
v -0.4810970500000000 -0.0344937700000000 0.0130273500000000
vn -0.6122886383079937 3.1340520131906349 3.1261925926926395
v -0.3768235000000000 -0.0242994100000000 0.0232301300000000
vn -0.3056443274718344 3.1266893153176123 -0.0003901370110727
v -0.1136612100000000 0.0014236700000000 0.0079133600000000
vn -0.6122886007807907 3.1340519882030842 3.1261925960258470
v -0.2725499500000000 -0.0141050500000000 0.0334329100000000
vn -0.6122885773580715 3.1340519827036122 3.1261950467874806
v -0.1682764000000000 -0.0039107000000000 0.0436356900000000
vn -0.3056443157476487 3.1266885129045461 -0.0003888559433996
v -0.1153134800000000 0.0012655500000000 0.0351291700000000
vn 0.3057753033848378 -3.1266762514653470 0.0012222123731490
v -0.1610894500000000 -0.0031829200000000 0.0435283100000000
vn 0.6114044098165129 -6.2533663539490068 0.0032820045177481
v -0.1611525300000000 -0.0031907600000000 0.0392534100000000
vn 0.3057759380503505 -3.1266761709915487 0.0012156041091090
v -0.2674164200000000 -0.0135852200000000 0.0333562100000000
vn 0.6114043777157516 -6.2533663570801714 0.0032820244119826
v -0.2676056500000000 -0.0136087200000000 0.0205315000000000
vn 0.3057763096479877 -3.1266761542580568 0.0012148833131181
v -0.3737433800000000 -0.0239875100000000 0.0231841100000000
vn 0.3057752032496336 -3.1266762433064281 0.0012229291161372
v -0.4800703500000000 -0.0343898000000000 0.0130120100000000
vn 0.6114043364564525 -6.2533663609520085 0.0032822537810069
v -0.3740587800000000 -0.0240266800000000 0.0018096000000000
vn 0.6114046082168263 -6.2533663355765139 0.0032774091151246
v -0.4805119000000000 -0.0344446300000000 -0.0169123100000000
vn 0.3056290063069813 -3.1266908755868146 0.0020606443605435
v -0.1191757000000000 0.0009097300000000 0.0351868200000000
vn 0.3056289387840500 -3.1266900776939917 0.0020605849813198
v -0.1416751500000000 -0.0013072600000000 0.0083317300000000
vn 0.3056288795000919 -3.1266900161601821 0.0020607866385090
v -0.1641746000000000 -0.0035242500000000 -0.0185233500000000
vn 0.3056289706532916 -3.1266905104036073 0.0020606445570712
v -0.1866740600000000 -0.0057412400000000 -0.0453784400000000
vn 0.0145539874262728 3.1415527871864120 -0.0059703522828021
v -0.0100671100000000 0.0014087600000000 -0.0335187200000000
vn 0.0145546565090612 3.1415532657271301 -0.0059697261321057
v -0.0098665400000000 0.0014336600000000 -0.0199261500000000
vn 0.0145541873543722 3.1415526065451296 -0.0059713869231265
v -0.0384852200000000 0.0015259600000000 -0.0411208500000000
vn 0.0145539870417678 3.1415532682648362 -0.0059703605202419
v -0.0378835200000000 0.0016006800000000 -0.0003431500000000
vn 0.0145537502103555 3.1415539229727689 -0.0059720271483627
v -0.0669033400000000 0.0016431700000000 -0.0487229700000000
vn 0.0145540487989347 3.1415537523647439 -0.0059697122741926
v -0.0953214500000000 0.0017603800000000 -0.0563251000000000
vn 0.0145537482189772 3.1415537457658820 -0.0059720267942256
v -0.0659005000000000 0.0017677000000000 0.0192398500000000
vn 0.0145546590900847 3.1415532657174148 -0.0059697249519452
v -0.0939174800000000 0.0019347100000000 0.0388228600000000
vn -0.0291257264728189 -6.2831064177847793 0.0119596327804514
v -0.0659184100000000 0.0016932300000000 -0.0199827500000000
vn -0.0290902495681304 -6.2831066517380023 0.0119232487039994
v -0.0653576900000000 0.0016906200000000 -0.0199910200000000
vn -0.0290979130030349 -6.2831066022886963 0.0119306364786265
v -0.0942828900000000 0.0017737500000000 -0.0467555000000000
vn -0.0145533607674135 -3.1415532768802112 0.0059699121088945
v 0.0051317600000000 0.0014730700000000 0.0373621600000000
vn -0.0145548009434737 -3.1415532623572640 0.0059714848474199
v 0.0048489600000000 0.0014379500000000 0.0181965000000000
vn -0.8391734399184599 -3.1319720573586367 3.0373930537068019
v -0.0937514300000000 0.0017530600000000 -0.0563482600000000
vn -0.8391732419117477 -3.1319719501657897 3.0373931638543628
v -0.0657818900000000 0.0016379400000000 -0.0487395100000000
vn -0.0145547998156065 -3.1415522190527976 0.0059714867746142
v 0.0045661600000000 0.0014028300000000 -0.0009691600000000
vn -0.8391734318742189 -3.1319716951787320 3.0373930501411390
v -0.0378123500000000 0.0015228300000000 -0.0411307700000000
vn -0.8391732419117472 -3.1319719501657906 3.0373931638543628
v -0.0098428200000000 0.0014077100000000 -0.0335220200000000
vn -0.0145540010831694 -3.1415532628041269 0.0059706408336971
v 0.0042833500000000 0.0013677100000000 -0.0201348200000000
vn -0.0463504046529408 -0.0057543513886393 -3.1412458774470551
v -0.1193382900000000 -0.0702122600000000 -0.0598494700000000
vn -0.0463503847002844 -0.0057543384058290 -3.1412444562367119
v -0.1082891300000000 -0.0691286700000000 -0.0600144900000000
vn -0.0463504046722806 -0.0057543671282173 -3.1412459820944965
v -0.1417912900000000 -0.0521086800000000 -0.0595513300000000
vn -0.0463522289303055 -0.0057566342402792 -3.1412454138073698
v -0.1086438100000000 -0.0488579200000000 -0.0600464000000000
vn -0.0463503971266418 -0.0057543618721696 -3.1412454423516492
v -0.1642442900000000 -0.0340051100000000 -0.0592531900000000
vn -0.0463504023652849 -0.0057543612788582 -3.1412450070881812
v -0.1866972900000000 -0.0159015300000000 -0.0589550500000000
vn -0.0463510418445048 -0.0057551388125866 -3.1412453438425052
v -0.1868746300000000 -0.0057661500000000 -0.0589710000000000
vn -0.0463503971266423 -0.0057543618721695 -3.1412454423516487
v -0.1647763100000000 -0.0035989700000000 -0.0593010500000000
vn -0.0463522253247827 -0.0057566300513576 -3.1412453966330687
v -0.1089984900000000 -0.0285871600000000 -0.0600783100000000
vn -0.0463523050153677 -0.0057567286755802 -3.1412454095170221
v -0.1426779900000000 -0.0014317900000000 -0.0596311000000000
vn -0.0463514399137158 -0.0057574793714644 -3.1412454209062495
v -0.1205796700000000 0.0007353900000000 -0.0599611500000000
vn -0.0463502378661167 -0.0057559879466061 -3.1412454563074483
v -0.1093531700000000 -0.0083164000000000 -0.0601102100000000
vn 0.0463495284162690 0.0057570344010026 3.1412455011409257
v -0.1190516200000000 -0.0083323900000000 -0.0599670800000000
vn 0.0463502760927330 0.0057562033720796 3.1412464354058005
v -0.1080077200000000 -0.0083838600000000 -0.0601299400000000
vn 0.0463523501396532 0.0057545926271852 3.1412444782722915
v -0.1416824700000000 -0.0286183900000000 -0.0595959700000000
vn 0.0463502462186521 0.0057562020417308 3.1412445015349424
v -0.1085507600000000 -0.0287728100000000 -0.0600845700000000
vn 0.0463516392120175 0.0057562304941933 3.1412458597938198
v -0.1643133100000000 -0.0489044000000000 -0.0592248700000000
vn 0.0463502605817511 0.0057570200026054 3.1412449550163717
v -0.1869441600000000 -0.0691904000000000 -0.0588537700000000
vn 0.0463502638677552 0.0057562246485305 3.1412454291809255
v -0.1090938100000000 -0.0491617700000000 -0.0600392000000000
vn 0.0463516472478087 0.0057562432554375 3.1412464006850276
v -0.1096368600000000 -0.0695507200000000 -0.0599938300000000
vn 0.8246196485994135 -0.0095813907317704 -3.0314215392971944
v -0.0937797700000000 -0.0043642000000000 -0.0563366300000000
vn 0.0000008837322434 -0.0000000024352795 0.0000002404040724
v -0.1077831400000000 -0.0083237200000000 -0.0601333700000000
vn 0.8246192370778500 -0.0095813980172544 -3.0314214012147072
v -0.0658669100000000 -0.0167138400000000 -0.0487046300000000
vn -0.0000015460636144 -0.0000002149688833 -0.0000004198861263
v -0.1078770400000000 -0.0285923800000000 -0.0600948400000000
vn 0.8246183187540261 -0.0095813855218743 -3.0314209790628093
v -0.0379540500000000 -0.0290634700000000 -0.0410726300000000
vn 0.8246184160578804 -0.0095843843195159 -3.0314218651147922
v -0.0100412000000000 -0.0414131100000000 -0.0334406400000000
vn 0.0000008813113629 -0.0000000036272743 0.0000002397491292
v -0.1079709500000000 -0.0488610500000000 -0.0600563200000000
vn 0.0000008837317352 -0.0000000024352791 0.0000002404037617
v -0.1080648500000000 -0.0691297200000000 -0.0600178000000000
vn -0.8246188734889252 0.0095813881569643 3.0314211076458264
v -0.0940800800000000 -0.0691872800000000 -0.0562134300000000
vn -0.8246204865744338 0.0095843952973258 3.0314215334130550
v -0.0660166400000000 -0.0490337200000000 -0.0486432000000000
vn -0.8246199625771953 0.0095819804912647 3.0314213617781274
v -0.0379532000000000 -0.0288801700000000 -0.0410729800000000
vn -0.8246183577254612 0.0095813925616131 3.0314216404367280
v -0.0098897700000000 -0.0087266200000000 -0.0335027600000000
vn -0.0145577121676402 -3.1415532480926580 0.0059718928550765
v -0.5528195000000000 0.0476012300000000 0.0876704900000000
vn -0.0145571204807902 -3.1415532486139139 0.0059716734253279
v -0.5487418100000000 0.0475822200000000 0.0876103600000000
vn -0.0145499930442468 -3.1415526129429709 0.0059699502670685
v -0.5566990100000000 0.0475572900000000 0.0550985000000000
vn -0.0145549364770826 -3.1415527406530361 0.0059705776645185
v -0.5444659200000000 0.0475002800000000 0.0549180900000000
vn -0.0145576971890142 -3.1415531760556363 0.0059718926861605
v -0.5605785100000000 0.0475133600000000 0.0225265100000000
vn -0.0145520587702677 -3.1415527471208660 0.0059701967294011
v -0.5644580200000000 0.0474694200000000 -0.0100454900000000
vn -0.0145542984723794 -3.1415532622183289 0.0059713952614049
v -0.5401900400000000 0.0474183300000000 0.0222258300000000
vn -0.0145511740248298 -3.1415532839226081 0.0059703653722830
v -0.5359141600000000 0.0473363900000000 -0.0104664300000000
vn 0.0145554489025312 3.1415532559604031 -0.0059718111129933
v -0.5372522199999999 0.0473891300000000 0.0140246200000000
vn 0.0145544851524412 3.1415539432181356 -0.0059706371560496
v -0.5450064700000000 0.0474769600000000 0.0413302800000000
vn 0.0145544851524409 3.1415539432181276 -0.0059706371560496
v -0.5527607200000000 0.0475647800000000 0.0686359400000000
vn 0.0145544599170184 3.1415523952797382 -0.0059706349818299
v -0.5605149600000000 0.0476526000000000 0.0959416100000000
vn 0.0145488717339005 3.1415539673362773 -0.0059730864662247
v -0.5371010800000000 0.0800141800000000 0.0139626100000000
vn 0.0145544618775035 3.1415525877536061 -0.0059706366693452
v -0.5448553200000000 0.0801020000000000 0.0412682700000000
vn 0.0145544837023429 3.1415534579242355 -0.0059706372208487
v -0.5526095700000000 0.0801898200000000 0.0685739300000000
vn 0.0145544986314537 3.1415539431629567 -0.0059706333281124
v -0.5603638200000000 0.0802776400000000 0.0958796000000000
vn -0.0145576739686384 -3.1415527149388156 0.0059718937147880
v -0.5526683600000000 0.0802262700000000 0.0876084800000000
vn -0.0145570863712624 -3.1415532487674049 0.0059716758293530
v -0.5485906600000000 0.0802072600000000 0.0875483500000000
vn -0.0145500200145582 -3.1415532903644934 0.0059699485093574
v -0.5565478600000000 0.0801823300000000 0.0550364900000000
vn -0.0145549482104102 -3.1415532633879035 0.0059705836162436
v -0.5443147800000000 0.0801253200000000 0.0548560900000000
vn -0.0145534131599906 -3.1415525914316964 0.0059713858193428
v -0.5604273700000000 0.0801384000000000 0.0224645000000000
vn -0.0145577257264356 -3.1415533188990383 0.0059709957565423
v -0.5643068700000000 0.0800944700000000 -0.0101075000000000
vn -0.0145571045372278 -3.1415533273573479 0.0059716761064339
v -0.5400389000000000 0.0800433700000000 0.0221638200000000
vn -0.0145506152761227 -3.1415532842928711 0.0059701451194914
v -0.5357630200000000 0.0799614300000000 -0.0105284400000000
vn -0.0145576999242942 -3.1415537814677035 0.0059718985933653
v -0.5533734500000000 -0.0719715100000000 0.0878977600000000
vn -0.0145571041481463 -3.1415532486816273 0.0059716776183780
v -0.5492957600000000 -0.0719905200000000 0.0878376200000000
vn -0.0145551454549875 -3.1415533314393409 0.0059706884486840
v -0.5572529600000000 -0.0720154400000000 0.0553257600000000
vn -0.0145549498695320 -3.1415532633845387 0.0059705813425333
v -0.5450198800000000 -0.0720724600000000 0.0551453600000000
vn -0.0145534256167306 -3.1415538743490714 0.0059713879120034
v -0.5611324600000001 -0.0720593800000000 0.0227537700000000
vn -0.0145551447904248 -3.1415531872298930 0.0059706879321981
v -0.5650119700000000 -0.0721033100000000 -0.0098182200000000
vn -0.0145571193265850 -3.1415532486162561 0.0059716750070365
v -0.5407440000000000 -0.0721544100000000 0.0224531000000000
vn -0.0145534866267831 -3.1415526689724969 0.0059704316082781
v -0.5364681100000001 -0.0722363500000000 -0.0102391600000000
vn -0.0145499710061550 -3.1415532135976916 0.0059709725066996
v -0.5532223100000000 -0.0393464700000000 0.0878357500000000
vn -0.0145505641068098 -3.1415526837003189 0.0059711923163195
v -0.5491446100000000 -0.0393654700000000 0.0877756100000000
vn -0.0145551481897984 -3.1415539368517766 0.0059706943550036
v -0.5571018100000000 -0.0393904000000000 0.0552637500000000
vn -0.0145549470563692 -3.1415532633902443 0.0059705851977865
v -0.5448687300000000 -0.0394474200000000 0.0550833500000000
vn -0.0145534231874934 -3.1415533410383634 0.0059713840943350
v -0.5609813200000000 -0.0394343400000000 0.0226917600000000
vn -0.0145561581887025 -3.1415526489724339 0.0059708103695626
v -0.5648608300000000 -0.0394782700000000 -0.0098802300000000
vn -0.0145570863712624 -3.1415532487674045 0.0059716758293537
v -0.5405928500000000 -0.0395293700000000 0.0223910900000000
vn -0.0145506248249294 -3.1415532842389546 0.0059701502188418
v -0.5363169700000000 -0.0396113100000000 -0.0103011700000000
vn -5.6015954998519497 2.7795474566194973 -0.6120940678589752
v 0.2315697100000000 0.0974933300000000 0.0084958700000000
vn -5.6015950673688550 2.7795482077215765 -0.6120946180855437
v 0.2535647700000000 0.1387047900000000 -0.0056492900000000
vn 0.0000419788736834 0.0000462915795518 -0.0001736480264227
v 0.3746074100000000 0.3869356400000000 0.0136114500000000
vn 0.0000428565419943 0.0000472432778282 -0.0001773519158396
v 0.3557345500000000 0.3454492900000000 -0.0019953000000000
vn -5.6015951557793278 2.7795483945833288 -0.6120929558381635
v 0.2755598200000000 0.1799162400000000 -0.0197944400000000
vn 0.0000428930490948 0.0000472177975062 -0.0001778021493498
v 0.3368616900000000 0.3039629500000000 -0.0176020500000000
vn 0.0000425003582323 0.0000468429940041 -0.0001759142323592
v 0.3179888300000000 0.2624766000000000 -0.0332087900000000
vn -5.6015950265310561 2.7795484110206141 -0.6120940660794324
v 0.2975548800000000 0.2211277000000000 -0.0339395900000000
vn -5.6027606920073270 2.7771371013670416 -0.6123619602646847
v 0.2240820900000000 0.0816365000000000 0.0049917000000000
vn -5.6027611047097121 2.7771364573095232 -0.6123610745763804
v 0.2311018800000000 0.0911342900000000 -0.0161617900000000
vn -5.6027603260462664 2.7771380285641114 -0.6123610989544324
v 0.2381216800000000 0.1006320700000000 -0.0373152800000000
vn -5.6027597082679659 2.7771389396347685 -0.6123626220748641
v 0.2451414800000000 0.1101298600000000 -0.0584687800000000
vn -0.0013705943517659 -0.0027964403775022 -0.0001417101303487
v 0.2214577400000000 0.0768679700000000 0.0073980200000000
vn -0.0013703242310494 -0.0027957659311776 -0.0001411345561958
v 0.2232288500000000 0.0768287100000000 -0.0089428400000000
vn -0.0013707981416571 -0.0027967077779497 -0.0001410664451832
v 0.2249999600000000 0.0767894500000000 -0.0252836900000000
vn -0.0013705526974537 -0.0027963309456516 -0.0001415970700058
v 0.2267710700000000 0.0767501800000000 -0.0416245400000000
vn 2.8008748967932102 -1.3895003452461874 0.3065827851718093
v 0.2377686000000000 0.0973559100000000 -0.0486971200000000
vn 5.6022903275416605 -2.7785903903998150 0.6100705640263075
v 0.2472050300000000 0.1180990800000000 -0.0408937400000000
vn 2.8008748495900244 -1.3895004646036966 0.3065831595330084
v 0.2579925400000000 0.1386066300000000 -0.0465014200000000
vn 5.6022902274666846 -2.7785905322663704 0.6100708337460907
v 0.2863018300000000 0.2008361500000000 -0.0230913000000000
vn 2.8008745041237670 -1.3895001595660503 0.3065827845814593
v 0.2782164900000000 0.1798573500000000 -0.0443057200000000
vn 2.8008748473712517 -1.3895003450873968 0.3065832373996193
v 0.2984404300000000 0.2211080700000000 -0.0421100100000000
vn 5.6022915920162344 -2.7785887632696098 0.6100663134038380
v 0.3253986300000000 0.2835732200000000 -0.0052888500000000
vn 5.6022898504755112 -2.7785904970650646 0.6100743913601193
v 0.3644954300000000 0.3663102800000000 0.0125136000000000
vn 5.6020417890817766 -2.7790245109707636 0.6103730755202338
v 0.2460273900000000 0.1168912900000000 -0.0355514200000000
vn 5.6020414145936357 -2.7790246283984659 0.6103759602880561
v 0.2827689200000000 0.1972127700000000 -0.0070643400000000
vn 5.6020428927293242 -2.7790231505372809 0.6103690731953078
v 0.3195104500000000 0.2775342400000000 0.0214227500000000
vn 5.6020425380598287 -2.7790234465613373 0.6103709984500822
v 0.3562519800000000 0.3578557200000000 0.0499098300000000
vn 2.8011531208818328 -1.3890965014814676 0.3058692235333786
v 0.2650966600000000 0.0795141500000000 0.0109501400000000
vn 5.6021970699162926 -2.7787531581676412 0.6101915830560295
v 0.2725774800000000 0.0953710200000000 0.0144542800000000
vn 2.8011537398948985 -1.3890954934678041 0.3058689859884755
v 0.2701021700000000 0.0848056500000000 -0.0108591300000000
vn 5.6021979623704024 -2.7787515834712684 0.6101905526645215
v 0.2925446100000000 0.1323762500000000 -0.0003467100000000
vn 2.8011536167371989 -1.3890977336963064 0.3058676847851745
v 0.2751076700000000 0.0900971600000000 -0.0326683900000000
vn 2.8011534288534348 -1.3890961373185262 0.3058697639941972
v 0.2801131800000000 0.0953886600000000 -0.0544776600000000
vn -0.0004174223444418 -0.0003251193685625 0.0023557856597133
v 0.2900967400000000 0.1138912800000000 -0.0618781500000000
vn -0.0004171837202720 -0.0003250202697216 0.0023540253363805
v 0.3050583700000000 0.1456050100000000 -0.0548698700000000
vn 5.6021974953694897 -2.7787524028307367 0.6101911068462083
v 0.3125117400000000 0.1693814800000000 -0.0151477000000000
vn -0.0004171189614857 -0.0003246262463412 0.0023552279717330
v 0.3200200000000000 0.1773187400000000 -0.0478616000000000
vn -0.0004158273048702 -0.0003229492542736 0.0023509783137897
v 0.3349816300000000 0.2090324700000000 -0.0408533200000000
vn 5.6021973211732803 -2.7787527102835026 0.6101913163053764
v 0.3324788800000000 0.2063867200000000 -0.0299486800000000
vn 5.6019020825575465 -2.7792413020132725 0.6106752795457494
v 0.2820208500000000 0.1161142900000000 0.0222575500000000
vn 5.6019023880493277 -2.7792409481801510 0.6106740987073475
v 0.3208747300000000 0.1946060700000000 0.0230631000000000
vn 5.6019027666109578 -2.7792405868934567 0.6106722515572555
v 0.3597286100000000 0.2730978400000000 0.0238686500000000
vn 5.6019026706158357 -2.7792410895413693 0.6106708361349671
v 0.3985824900000000 0.3515896200000000 0.0246742100000000
vn -0.0002204979489592 -0.0001184078734169 0.0014825318473319
v 0.2808365000000000 0.1149064100000000 0.0276067800000000
vn -0.0002205144836770 -0.0001184336923739 0.0014825664923470
v 0.3173216800000000 0.1909824200000000 0.0391108000000000
vn -0.0002204167796900 -0.0001183644009260 0.0014819869340211
v 0.3538068600000000 0.2670584400000000 0.0506148200000000
vn -0.0002204894788051 -0.0001184395491197 0.0014823127847736
v 0.3902920400000000 0.3431344500000000 0.0621188400000000
vn -5.6016607536506404 2.7793658737375178 -0.6122960178951360
v 0.3613151200000000 0.2749956900000000 0.0179009200000000
vn -5.6016601165831492 2.7793668534475442 -0.6122974236211112
v 0.2983557700000000 0.1334266700000000 -0.0487256500000000
vn -5.6001811056882635 2.7811873584730242 -0.6175646240627389
v 0.3598406700000000 0.2723270200000000 0.0192531700000000
vn -5.6011700863347427 2.7800591818778462 -0.6136486583534916
v 0.3568917800000000 0.2669896800000000 0.0219576700000000
vn -5.6001818467398765 2.7811864152714501 -0.6175621517220800
v 0.2968813200000000 0.1307580000000000 -0.0473734000000000
vn -5.6001841204026626 2.7811834381621949 -0.6175549410421262
v 0.2909835400000000 0.1200833100000000 -0.0419643900000000
vn -5.6011700861050695 2.7800592015099137 -0.6136485720230054
v 0.2880346500000000 0.1147459700000000 -0.0392598900000000
vn -2.8010787557637720 1.3894664950102351 -0.3048689297750948
v 0.2697920600000000 0.0767079600000000 -0.0450119000000000
vn -2.8010793908150653 1.3894665754256885 -0.3048674474868935
v 0.2677354500000000 0.0767538000000000 -0.0259071400000000
vn -2.8010785294725902 1.3894661510323976 -0.3048673727376096
v 0.2656788300000000 0.0767996400000000 -0.0068023800000000
vn -2.8010787557637720 1.3894664950102360 -0.3048689297751019
v 0.2636222200000000 0.0768454800000000 0.0123023900000000
vn 2.8013355578976293 -1.3888414367477466 0.3053584174763546
v 0.3902235200000000 0.4175566100000000 0.0657900800000000
vn 5.6026706564644142 -2.7776838041850533 0.6107141749387952
v 0.3903043000000000 0.4181719200000000 0.0678475800000000
vn 2.8013353536709618 -1.3888426308393222 0.3053557986427098
v 0.3904658600000000 0.4194025300000000 0.0719625900000000
vn 2.8013354203087992 -1.3888416080258315 0.3053575802708809
v 0.4045756100000000 0.4468294700000000 0.0672648800000000
vn 5.6026715533661546 -2.7776822338597360 0.6107130890654604
v 0.4047876500000000 0.4484446400000000 0.0726658300000000
vn 2.8013376111446378 -1.3888403740170618 0.3053562720436226
v 0.4051410600000000 0.4511366000000000 0.0816674100000000
vn 2.8013342515976847 -1.3888422373923224 0.3053529329489498
v 0.4144619500000000 0.4055405400000000 0.0684453000000000
vn 5.6026706396759725 -2.7776841301152233 0.6107128464385625
v 0.4145427300000000 0.4061558400000000 0.0705028100000000
vn 2.8013344811976406 -1.3888404770770302 0.3053604667717880
v 0.4147042800000000 0.4073864500000000 0.0746178200000000
vn 2.8013364897191737 -1.3888393953674947 0.3053578023717917
v 0.4288140300000000 0.4348133900000000 0.0699201100000000
vn 5.6026729270196940 -2.7776793277810032 0.6107137047453057
v 0.4290260700000000 0.4364285700000000 0.0753210600000000
vn 2.8013371131035374 -1.3888412789680722 0.3053544199501053
v 0.4293794800000000 0.4391205200000000 0.0843226400000000
vn -2.8383289584858353 -1.3139788717682999 -0.2948656824462326
v 0.3987666500000000 -0.4023583900000000 0.0675605000000000
vn -5.6766594467433613 -2.6279603455973319 -0.5897283713920739
v 0.3988348500000000 -0.4029664400000000 0.0696136200000000
vn -2.8383292498877268 -1.3139789837047453 -0.2948650747898645
v 0.3989712500000000 -0.4041825400000000 0.0737198600000000
vn -2.8383301257368849 -1.3139811789298692 -0.2948688164084183
v 0.4123288100000000 -0.4319995900000000 0.0691004000000000
vn -5.6766587691246677 -2.6279597530287964 -0.5897375346090961
v 0.4126016000000000 -0.4344317900000000 0.0773128700000000
vn -2.8383293462509993 -1.3139794373583102 -0.2948686587965137
v 0.4128061900000000 -0.4362559400000000 0.0834722200000000
vn -2.8360563340391174 -1.3158680575732209 -0.3080261905277557
v 0.3742227000000000 -0.4137231000000000 0.0649321800000000
vn -5.6721127540776131 -2.6317363896434456 -0.6160503914302462
v 0.3742842800000000 -0.4143380500000000 0.0669922200000000
vn -2.8360550600801524 -1.3158691811724341 -0.3080224022535735
v 0.3744074500000000 -0.4155679600000000 0.0711123100000000
vn -2.8360560776245625 -1.3158691445750486 -0.3080238826177414
v 0.3878111800000000 -0.4433639600000000 0.0664444300000000
vn -5.6721124656243695 -2.6317385106024136 -0.6160439866107605
v 0.3880344200000000 -0.4455931600000000 0.0739120800000000
vn -2.8360573435458316 -1.3158698855397288 -0.3080221533004970
v 0.3882422700000000 -0.4476686200000000 0.0808647200000000
vn 5.6743984131233836 2.6296408993467835 0.6038285768458136
v 0.2675453200000000 -0.0938394800000000 0.0137474800000000
vn 5.6743981116611426 2.6296414996465796 0.6038287961419330
v 0.2858509800000000 -0.1299095300000000 -0.0011943900000000
vn 3.5275836012077115 0.5022632412037091 -2.6531165500808367
v 0.3937914700000000 -0.3668633100000000 0.0163337900000000
vn 3.5275844507142100 0.5022622618346968 -2.6531193175233039
v 0.3760268000000000 -0.3249265500000000 0.0006529700000000
vn 5.6743981704085309 2.6296412146771955 0.6038294869883322
v 0.3041566400000000 -0.1659795800000000 -0.0161362600000000
vn 3.5275899349640349 0.5022665035580335 -2.6531165842081075
v 0.3582621400000000 -0.2829897900000000 -0.0150278400000000
vn 3.5275900157404565 0.5022649027164294 -2.6531185146654286
v 0.3404974700000000 -0.2410530300000000 -0.0307086600000000
vn 5.6743982846558403 2.6296411213547519 0.6038288176345613
v 0.3224623100000000 -0.2020496200000000 -0.0310781300000000
vn 2.8371917916403291 1.3148569033227355 0.3018170649646436
v 0.2604846600000000 -0.0777926200000000 0.0102126300000000
vn 2.8371916611743799 1.3148573838914925 0.3018186533230584
v 0.2646690000000000 -0.0817689500000000 -0.0117989600000000
vn 2.8371921112910288 1.3148568724149632 0.3018174883845851
v 0.3245544800000000 -0.2040377800000000 -0.0420839300000000
vn 2.8371918775514011 1.3148571592520528 0.3018176178827822
v 0.3104331600000000 -0.1719440600000000 -0.0491536400000000
vn 2.8371925270836718 1.3148570777752799 0.3018175448414741
v 0.2688533500000000 -0.0857452700000000 -0.0338105400000000
vn 2.8371923665180154 1.3148574075672492 0.3018176174890941
v 0.2963118400000000 -0.1398503400000000 -0.0562233500000000
vn 2.8371926730821544 1.3148571987888222 0.3018203398779215
v 0.2821905300000000 -0.1077566200000000 -0.0632930600000000
vn 2.8371924686298113 1.3148576284676952 0.3018181507605275
v 0.2730376900000000 -0.0897216000000000 -0.0558221300000000
vn -2.8373204763231099 -1.3145758573764725 -0.3018388813792982
v 0.2840042200000000 -0.1149764900000000 -0.0486636200000000
vn -5.6743941838111498 -2.6294585046446919 -0.6046611455148759
v 0.2828584900000000 -0.1137306700000000 -0.0433194500000000
vn -2.8373204751068535 -1.3145763876697871 -0.3018393222990067
v 0.3179098100000000 -0.1929351200000000 -0.0278528100000000
vn -5.6743938327893195 -2.6294590646746951 -0.6046620111075238
v 0.3144726200000000 -0.1891976800000000 -0.0118203100000000
vn -2.8373204763231055 -1.3145758573764754 -0.3018388813793225
v 0.3518154100000000 -0.2708937500000000 -0.0070420100000000
vn -2.8373201174696372 -1.3145768299461467 -0.3018416023609199
v 0.3857210000000000 -0.3488523700000000 0.0137688000000000
vn -5.6743940337660046 -2.6294586737758161 -0.6046618255201728
v 0.3460867500000000 -0.2646646800000000 0.0196788300000000
vn -5.6743940216878324 -2.6294587616852052 -0.6046615566133895
v 0.3777008800000000 -0.3401316800000000 0.0511779700000000
vn -2.8370743351692429 -1.3148826682374102 -0.3028204929221903
v 0.2659690500000000 -0.0759730900000000 -0.0490330900000000
vn -2.8370740139525124 -1.3148821747198038 -0.3028205855763469
v 0.2638043200000000 -0.0759249100000000 -0.0289612300000000
vn -2.8370746843668257 -1.3148819922075512 -0.3028193714987643
v 0.2616395900000000 -0.0758767300000000 -0.0088893700000000
vn -2.8370737157113206 -1.3148820519904425 -0.3028196382105871
v 0.2594748500000000 -0.0758285500000000 0.0111824900000000
vn 0.6903800640580700 -0.8125206626391832 -2.9551300161849561
v 0.3637013600000000 -0.3808134700000000 0.0131397300000000
vn 0.6903803281268110 -0.8125205266104719 -2.9551298872280971
v 0.3545338700000000 -0.3348909500000000 -0.0016285000000000
vn 0.6903807483698736 -0.8125198985957767 -2.9551298936386861
v 0.3453663800000000 -0.2889684300000000 -0.0163967300000000
vn 0.6903836955117391 -0.8125189100555607 -2.9551285795940720
v 0.3361988800000000 -0.2430459100000000 -0.0311649600000000
vn -2.8370820845602398 -1.3146367177523806 -0.3038194042616565
v 0.2195237200000000 -0.0790555900000000 0.0043405800000000
vn -5.6741326960335909 -2.6294833685021715 -0.6070029006960834
v 0.2265777300000000 -0.0950956000000000 0.0078755200000000
vn -2.8370819035866419 -1.3146362285236477 -0.3038195326074935
v 0.2256008900000000 -0.0872266200000000 -0.0170520300000000
vn -5.6741330371431973 -2.6294826186913753 -0.6070029517640083
v 0.2467629100000000 -0.1353466700000000 -0.0064472100000000
vn -2.8370805829546564 -1.3146356313282104 -0.3038198039816717
v 0.2316780600000000 -0.0953976500000000 -0.0384446500000000
vn -2.8370820845602402 -1.3146367177523817 -0.3038194042616553
v 0.2377552300000000 -0.1035686900000000 -0.0598372600000000
vn 0.0003886248218650 -0.0003228991125444 -0.0022404949030901
v 0.2478478200000000 -0.1236942200000000 -0.0669986200000000
vn 0.0003882818425316 -0.0003222949340871 -0.0022398949940995
v 0.2619558400000000 -0.1557742500000000 -0.0599287400000000
vn -5.6741327912678834 -2.6294833227370633 -0.6070021996308611
v 0.2669481000000000 -0.1755977400000000 -0.0207699400000000
vn 0.0003887133453988 -0.0003226853805396 -0.0022422347610807
v 0.2760638600000000 -0.1878542800000000 -0.0528588600000000
vn 0.0003889111839874 -0.0003233768550039 -0.0022410946402027
v 0.2901718800000000 -0.2199343200000000 -0.0457889800000000
vn -5.6741327462744806 -2.6294830779942453 -0.6070036847548419
v 0.2871332900000000 -0.2158488000000000 -0.0350926700000000
vn -5.6742313350246461 -2.6297309863080396 -0.6050036611452377
v 0.2354601300000000 -0.1160706500000000 0.0157227600000000
vn -5.6742313926370045 -2.6297313511205522 -0.6050015157206244
v 0.2734101200000000 -0.1982718200000000 0.0170944900000000
vn -5.6742319165877140 -2.6297307485608807 -0.6049992154370741
v 0.3113601100000000 -0.2804729900000000 0.0184662300000000
vn -5.6742314435487069 -2.6297311323033155 -0.6050020115816617
v 0.3493101100000000 -0.3626741500000000 0.0198379700000000
vn -0.0002798740302593 0.0001639177230443 0.0019105398072364
v 0.2343142600000000 -0.1148248400000000 0.0210667900000000
vn -0.0002801831531443 0.0001640609751350 0.0019128443226634
v 0.2699725300000000 -0.1945343800000000 0.0331266100000000
vn -0.0002802586151361 0.0001640916871503 0.0019133992830391
v 0.3056307900000000 -0.2742439100000000 0.0451864200000000
vn -0.0002802311320385 0.0001641018090476 0.0019130970809840
v 0.3412890500000000 -0.3539534500000000 0.0572462400000000
vn 5.6744530633138899 2.6292642194102074 0.6049510954946237
v 0.3443276400000000 -0.3580389700000000 0.0465499300000000
vn 5.6744526796720471 2.6292645416090545 0.6049532770015847
v 0.3147465500000000 -0.2865004600000000 0.0130975000000000
vn 5.6744526386616316 2.6292645121623863 0.6049538212564282
v 0.2851654500000000 -0.2149619600000000 -0.0203549300000000
vn 5.6744524862170538 2.6292650548156713 0.6049528845712422
v 0.2555843600000000 -0.1434234600000000 -0.0538073500000000
vn 5.6738825413547183 2.6299995363380524 0.6071052676453796
v 0.3422281400000000 -0.3539743000000000 0.0485652700000000
vn 5.6738826861911740 2.6299992547686797 0.6071051328706756
v 0.3084480500000000 -0.2743064600000000 0.0191435400000000
vn 5.6738817597131064 2.6300003642547720 0.6071089879897558
v 0.2746679600000000 -0.1946386300000000 -0.0102782000000000
vn 5.6738832466729168 2.6299985275678450 0.6071030477354802
v 0.2408878600000000 -0.1149707900000000 -0.0396999300000000
vn 2.8368995604286558 1.3150475675984714 0.3037304513452397
v 0.2230587300000000 -0.0751160200000000 -0.0457298400000000
vn 2.8368995604286531 1.3150475675984707 0.3037304513452432
v 0.2211805600000000 -0.0750743200000000 -0.0283679200000000
vn 2.8368997909372702 1.3150480649794569 0.3037316307805011
v 0.2193023900000000 -0.0750326200000000 -0.0110059900000000
vn 2.8369004767000887 1.3150478876877458 0.3037303614708515
v 0.2174242200000000 -0.0749909200000000 0.0063559300000000
# 4791 vertices, 0 vertices normals

f 1755//1755 1756//1756 1757//1757
f 1758//1758 1759//1759 1760//1760
f 3166//3166 578//578 1761//1761
f 1762//1762 1763//1763 1764//1764
f 1765//1765 584//584 1766//1766
f 30//30 37//37 188//188
f 37//37 36//36 190//190
f 29//29 28//28 190//190
f 1767//1767 1768//1768 1769//1769
f 1770//1770 1771//1771 1772//1772
f 64//64 71//71 196//196
f 56//56 196//196 197//197
f 58//58 57//57 198//198
f 62//62 61//61 199//199
f 595//595 596//596 1773//1773
f 598//598 596//596 1774//1774
f 600//600 601//601 1775//1775
f 603//603 601//601 1776//1776
f 1777//1777 1778//1778 1779//1779
f 1780//1780 1781//1781 1782//1782
f 1783//1783 1784//1784 1785//1785
f 1786//1786 1787//1787 1788//1788
f 1789//1789 1790//1790 1791//1791
f 1792//1792 621//621 1793//1793
f 1794//1794 1795//1795 1796//1796
f 1797//1797 1798//1798 1799//1799
f 1800//1800 1801//1801 1802//1802
f 1803//1803 633//633 1804//1804
f 1805//1805 1806//1806 1807//1807
f 1808//1808 1809//1809 1810//1810
f 1811//1811 1812//1812 1813//1813
f 645//645 3265//3265 3266//3266
f 647//647 3267//3267 3269//3269
f 648//648 649//649 650//650
f 658//658 3272//3272 1816//1816
f 660//660 3274//3274 1817//1817
f 663//663 1819//1819 1818//1818
f 665//665 1821//1821 1820//1820
f 668//668 1823//1823 1822//1822
f 1825//1825 673//673 3285//3285
f 1827//1827 270//270 4092//4092
f 683//683 285//285 1275//1275
f 687//687 1829//1829 1828//1828
f 3295//3295 689//689 1830//1830
f 3304//3304 697//697 1833//1833
f 703//703 3308//3308 1835//1835
f 1836//1836 1837//1837 1838//1838
f 1839//1839 1840//1840 1841//1841
f 718//718 3320//3320 1844//1844
f 719//719 1845//1845 3323//3323
f 1847//1847 1848//1848 1849//1849
f 728//728 1850//1850 3333//3333
f 740//740 1854//1854 1853//1853
f 18//18 1855//1855 1856//1856
f 1857//1857 744//744 1858//1858
f 750//750 1860//1860 3354//3354
f 1862//1862 316//316 1863//1863
f 14//14 1864//1864 1865//1865
f 21//21 1866//1866 1867//1867
f 29//29 341//341 766//766
f 29//29 766//766 767//767
f 29//29 767//767 768//768
f 29//29 768//768 345//345
f 22//22 346//346 769//769
f 22//22 769//769 349//349
f 30//30 188//188 189//189
f 31//31 350//350 23//23
f 23//23 350//350 31//31
f 30//30 351//351 770//770
f 30//30 770//770 354//354
f 37//37 355//355 771//771
f 37//37 771//771 358//358
f 1870//1870 1871//1871 1872//1872
f 41//41 1873//1873 1874//1874
f 1875//1875 1876//1876 1877//1877
f 1878//1878 1879//1879 1880//1880
f 1881//1881 1882//1882 1883//1883
f 1884//1884 1885//1885 1886//1886
f 1887//1887 1888//1888 1889//1889
f 796//796 3405//3405 1891//1891
f 1892//1892 1893//1893 1894//1894
f 802//802 3414//3414 1895//1895
f 1896//1896 1897//1897 1898//1898
f 1899//1899 1900//1900 1901//1901
f 1902//1902 1903//1903 1904//1904
f 55//55 1905//1905 1906//1906
f 1907//1907 1908//1908 1909//1909
f 1910//1910 1911//1911 1912//1912
f 1913//1913 1914//1914 1915//1915
f 1916//1916 1917//1917 1918//1918
f 1919//1919 1920//1920 1921//1921
f 1922//1922 1923//1923 1924//1924
f 1925//1925 1926//1926 1927//1927
f 1928//1928 1929//1929 1930//1930
f 63//63 407//407 838//838
f 63//63 838//838 839//839
f 63//63 839//839 410//410
f 56//56 411//411 840//840
f 56//56 840//840 841//841
f 56//56 841//841 842//842
f 56//56 842//842 415//415
f 64//64 196//196 56//56
f 56//56 197//197 64//64
f 65//65 416//416 57//57
f 64//64 417//417 843//843
f 64//64 843//843 421//421
f 71//71 422//422 844//844
f 71//71 844//844 426//426
f 599//599 845//845 1931//1931
f 597//597 847//847 1932//1932
f 604//604 848//848 1933//1933
f 602//602 850//850 1934//1934
f 1935//1935 1936//1936 1937//1937
f 1938//1938 1939//1939 1940//1940
f 87//87 1941//1941 1942//1942
f 1943//1943 1944//1944 1945//1945
f 85//85 1946//1946 1947//1947
f 1948//1948 1949//1949 1950//1950
f 869//869 1952//1952 1951//1951
f 1953//1953 1954//1954 1955//1955
f 1956//1956 1957//1957 1958//1958
f 75//75 1959//1959 1960//1960
f 1961//1961 1962//1962 1963//1963
f 1964//1964 1965//1965 1966//1966
f 1967//1967 1968//1968 1969//1969
f 889//889 1971//1971 1970//1970
f 89//89 1972//1972 1973//1973
f 1974//1974 1975//1975 1976//1976
f 1977//1977 1978//1978 1979//1979
f 1980//1980 1981//1981 1982//1982
f 1983//1983 1984//1984 1985//1985
f 1986//1986 1987//1987 1988//1988
f 1989//1989 1990//1990 1991//1991
f 1992//1992 1993//1993 1994//1994
f 915//915 1996//1996 1995//1995
f 1997//1997 1998//1998 1999//1999
f 921//921 2001//2001 2000//2000
f 2002//2002 2003//2003 2004//2004
f 2005//2005 2006//2006 2007//2007
f 2009//2009 2010//2010 2011//2011
f 2012//2012 2013//2013 2014//2014
f 2015//2015 2016//2016 2017//2017
f 2018//2018 2019//2019 2020//2020
f 2021//2021 2022//2022 2023//2023
f 2024//2024 2025//2025 2026//2026
f 2028//2028 952//952 3665//3665
f 2029//2029 957//957 2030//2030
f 665//665 2035//2035 2036//2036
f 663//663 2037//2037 2038//2038
f 2040//2040 2041//2041 2042//2042
f 2043//2043 2044//2044 2045//2045
f 982//982 2046//2046 3692//3692
f 2047//2047 2048//2048 2049//2049
f 988//988 2051//2051 2050//2050
f 2052//2052 2053//2053 2054//2054
f 2055//2055 2056//2056 2057//2057
f 2058//2058 2059//2059 2060//2060
f 1000//1000 2062//2062 2061//2061
f 2063//2063 2064//2064 2065//2065
f 2066//2066 517//517 2067//2067
f 2068//2068 2069//2069 2070//2070
f 1009//1009 2071//2071 1011//1011
f 527//527 1015//1015 1014//1014
f 527//527 1017//1017 1016//1016
f 1021//1021 2072//2072 1023//1023
f 1024//1024 2073//2073 1026//1026
f 543//543 1031//1031 1030//1030
f 545//545 1273//1273 1032//1032
f 545//545 1277//1277 1033//1033
f 1036//1036 2074//2074 1038//1038
f 2075//2075 2076//2076 2077//2077
f 2078//2078 2079//2079 2080//2080
f 1047//1047 2082//2082 2081//2081
f 2083//2083 2084//2084 2085//2085
f 2086//2086 2087//2087 2088//2088
f 2089//2089 2090//2090 2091//2091
f 1062//1062 2093//2093 2092//2092
f 2094//2094 2095//2095 2096//2096
f 1068//1068 2098//2098 2097//2097
f 2099//2099 2100//2100 2101//2101
f 2104//2104 1839//1839 2105//2105
f 2106//2106 2107//2107 2108//2108
f 2109//2109 2110//2110 1758//1758
f 2111//2111 1836//1836 2112//2112
f 2113//2113 2110//2110 2114//2114
f 2115//2115 2107//2107 1755//1755
f 1084//1084 2116//2116 3827//3827
f 1086//1086 2117//2117 3165//3165
f 578//578 2118//2118 3831//3831
f 2119//2119 2120//2120 3836//3836
f 2121//2121 2122//2122 2123//2123
f 2124//2124 2125//2125 2126//2126
f 1096//1096 2127//2127 3173//3173
f 584//584 2128//2128 2129//2129
f 1101//1101 2130//2130 2131//2131
f 188//188 37//37 29//29
f 189//189 29//29 37//37
f 190//190 36//36 28//28
f 190//190 28//28 36//36
f 2133//2133 2134//2134 2135//2135
f 2136//2136 2137//2137 2138//2138
f 2139//2139 2140//2140 2141//2141
f 2142//2142 2143//2143 2144//2144
f 2145//2145 2146//2146 2147//2147
f 2148//2148 2149//2149 2150//2150
f 197//197 196//196 71//71
f 198//198 57//57 65//65
f 199//199 61//61 69//69
f 1115//1115 2151//2151 847//847
f 1116//1116 2152//2152 595//595
f 596//596 2153//2153 598//598
f 1119//1119 2154//2154 845//845
f 1120//1120 3876//3876 598//598
f 596//596 2155//2155 595//595
f 1121//1121 2156//2156 850//850
f 1122//1122 3882//3882 600//600
f 601//601 2157//2157 603//603
f 1125//1125 2158//2158 848//848
f 1126//1126 3880//3880 603//603
f 601//601 2159//2159 600//600
f 2160//2160 2161//2161 2162//2162
f 2163//2163 2164//2164 2165//2165
f 2166//2166 2167//2167 2168//2168
f 2169//2169 2170//2170 2171//2171
f 2172//2172 2173//2173 2174//2174
f 2175//2175 2176//2176 2177//2177
f 2178//2178 2179//2179 2180//2180
f 2181//2181 2182//2182 2183//2183
f 2184//2184 2185//2185 2186//2186
f 2187//2187 2188//2188 2189//2189
f 2190//2190 2191//2191 2192//2192
f 2193//2193 2194//2194 2195//2195
f 2196//2196 2197//2197 2198//2198
f 2199//2199 2200//2200 2201//2201
f 2202//2202 2203//2203 2204//2204
f 1153//1153 2205//2205 2206//2206
f 1155//1155 2207//2207 2208//2208
f 621//621 2209//2209 2210//2210
f 2211//2211 2212//2212 2213//2213
f 2214//2214 2215//2215 2216//2216
f 2217//2217 2218//2218 2219//2219
f 2220//2220 2221//2221 2222//2222
f 2223//2223 2224//2224 2225//2225
f 2226//2226 2227//2227 2228//2228
f 2229//2229 2230//2230 2231//2231
f 2232//2232 2233//2233 2234//2234
f 2235//2235 2236//2236 2237//2237
f 1174//1174 2238//2238 2239//2239
f 1176//1176 2240//2240 2241//2241
f 633//633 2242//2242 2243//2243
f 2244//2244 2245//2245 2246//2246
f 2247//2247 2248//2248 2249//2249
f 2250//2250 2251//2251 2252//2252
f 2253//2253 2254//2254 2255//2255
f 2256//2256 2257//2257 2258//2258
f 2259//2259 2260//2260 2261//2261
f 2262//2262 2263//2263 2264//2264
f 2265//2265 2266//2266 2267//2267
f 2268//2268 2269//2269 2270//2270
f 2272//2272 1197//1197 2273//2273
f 2273//2273 1198//1198 4014//4014
f 2275//2275 1198//1198 3268//3268
f 3268//3268 1197//1197 4020//4020
f 1204//1204 650//650 1205//1205
f 1206//1206 1207//1207 648//648
f 649//649 1208//1208 1209//1209
f 2276//2276 653//653 2277//2277
f 2278//2278 1213//1213 2279//2279
f 2280//2280 1214//1214 2281//2281
f 2282//2282 655//655 2283//2283
f 2284//2284 1214//1214 2281//2281
f 2285//2285 1213//1213 2279//2279
f 2287//2287 1221//1221 2288//2288
f 2290//2290 1220//1220 2291//2291
f 2292//2292 663//663 2037//2037
f 2294//2294 1227//1227 2295//2295
f 2296//2296 665//665 2035//2035
f 2298//2298 1226//1226 2299//2299
f 2300//2300 668//668 2301//2301
f 2302//2302 1233//1233 2303//2303
f 2304//2304 1234//1234 2305//2305
f 2308//2308 1240//1240 2309//2309
f 1242//1242 2310//2310 2311//2311
f 1244//1244 2312//2312 2313//2313
f 146//146 2315//2315 2316//2316
f 269//269 2317//2317 2318//2318
f 271//271 3286//3286 2319//2319
f 141//141 2320//2320 2321//2321
f 272//272 2322//2322 3287//3287
f 273//273 3287//3287 2323//2323
f 148//148 1256//1256 1257//1257
f 274//274 1258//1258 678//678
f 276//276 678//678 1259//1259
f 143//143 1260//1260 1261//1261
f 277//277 1262//1262 679//679
f 278//278 679//679 1263//1263
f 156//156 2324//2324 2325//2325
f 279//279 2326//2326 2327//2327
f 281//281 2327//2327 2328//2328
f 151//151 2329//2329 2330//2330
f 282//282 2331//2331 2332//2332
f 283//283 2333//2333 2334//2334
f 158//158 1272//1272 1273//1273
f 284//284 1274//1274 683//683
f 153//153 1276//1276 1277//1277
f 287//287 1278//1278 684//684
f 288//288 684//684 1279//1279
f 2335//2335 687//687 2336//2336
f 2337//2337 1283//1283 2338//2338
f 2339//2339 1284//1284 2340//2340
f 1294//1294 2345//2345 3297//3297
f 692//692 2346//2346 2347//2347
f 18//18 2348//2348 2349//2349
f 299//299 2350//2350 2351//2351
f 1300//1300 2352//2352 2353//2353
f 1301//1301 2354//2354 3302//3302
f 697//697 2355//2355 2356//2356
f 2358//2358 1096//1096 2359//2359
f 1307//1307 2361//2361 2360//2360
f 1309//1309 3313//3313 2363//2363
f 1840//1840 2364//2364 2365//2365
f 2114//2114 2366//2366 1760//1760
f 2112//2112 2367//2367 2368//2368
f 1837//1837 2369//2369 2368//2368
f 2108//2108 2370//2370 1757//1757
f 2105//2105 2371//2371 2365//2365
f 2376//2376 1100//1100 2377//2377
f 2378//2378 1101//1101 2379//2379
f 2381//2381 1322//1322 2382//2382
f 1326//1326 2383//2383 3325//3325
f 719//719 2385//2385 2384//2384
f 1328//1328 2387//2387 2386//2386
f 8//8 2388//2388 2389//2389
f 315//315 2390//2390 3326//3326
f 317//317 3326//3326 2391//2391
f 2392//2392 2393//2393 2394//2394
f 2395//2395 2396//2396 2397//2397
f 2401//2401 1086//1086 2402//2402
f 3332//3332 1084//1084 2403//2403
f 2405//2405 1338//1338 3334//3334
f 2406//2406 1339//1339 2407//2407
f 1350//1350 3340//3340 2413//2413
f 2414//2414 740//740 2415//2415
f 3850//3850 1351//1351 2416//2416
f 4205//4205 12//12 2417//2417
f 4203//4203 327//327 2418//2418
f 1356//1356 2419//2419 2420//2420
f 1357//1357 2421//2421 3346//3346
f 744//744 2422//2422 2423//2423
f 3351//3351 332//332 2425//2425
f 4211//4211 1351//1351 2427//2427
f 1363//1363 2429//2429 2430//2430
f 1365//1365 2431//2431 2432//2432
f 16//16 2434//2434 2435//2435
f 335//335 2436//2436 2437//2437
f 2438//2438 12//12 2439//2439
f 2440//2440 187//187 2441//2441
f 2442//2442 19//19 4224//4224
f 2443//2443 338//338 4222//4222
f 1314//1314 2445//2445 2444//2444
f 1315//1315 2448//2448 2447//2447
f 2451//2451 1307//1307 2452//2452
f 341//341 27//27 342//342
f 26//26 1378//1378 27//27
f 1378//1378 26//26 1379//1379
f 1380//1380 343//343 1379//1379
f 1381//1381 24//24 1382//1382
f 1381//1381 343//343 1380//1380
f 344//344 23//23 345//345
f 23//23 344//344 1382//1382
f 346//346 24//24 347//347
f 25//25 1383//1383 24//24
f 1383//1383 25//25 1384//1384
f 1385//1385 347//347 1384//1384
f 1386//1386 27//27 1387//1387
f 1386//1386 347//347 1385//1385
f 348//348 28//28 349//349
f 28//28 348//348 1387//1387
f 188//188 29//29 189//189
f 189//189 37//37 30//30
f 350//350 22//22 23//23
f 350//350 30//30 31//31
f 351//351 32//32 352//352
f 33//33 1388//1388 32//32
f 353//353 36//36 354//354
f 355//355 35//35 356//356
f 34//34 1389//1389 35//35
f 1390//1390 356//356 1389//1389
f 357//357 356//356 1390//1390
f 357//357 31//31 358//358
f 2453//2453 2454//2454 2455//2455
f 2456//2456 2457//2457 2458//2458
f 2459//2459 2460//2460 2461//2461
f 2462//2462 51//51 2463//2463
f 4245//4245 362//362 2464//2464
f 2465//2465 2466//2466 2467//2467
f 2468//2468 2469//2469 2470//2470
f 2471//2471 2472//2472 2473//2473
f 2474//2474 2475//2475 2476//2476
f 2477//2477 2478//2478 2479//2479
f 2480//2480 2481//2481 2482//2482
f 2483//2483 2484//2484 2485//2485
f 2486//2486 2487//2487 2488//2488
f 2489//2489 2490//2490 2491//2491
f 1888//1888 2492//2492 2493//2493
f 2494//2494 2495//2495 2496//2496
f 2497//2497 2498//2498 2499//2499
f 1885//1885 2500//2500 2499//2499
f 2501//2501 2502//2502 2503//2503
f 2504//2504 2505//2505 2493//2493
f 2506//2506 793//793 2507//2507
f 2508//2508 1421//1421 2509//2509
f 3403//3403 1422//1422 2510//2510
f 2511//2511 796//796 4296//4296
f 2512//2512 1427//1427 2513//2513
f 2514//2514 1428//1428 4300//4300
f 2515//2515 2516//2516 2517//2517
f 2518//2518 2519//2519 2520//2520
f 2521//2521 2522//2522 2523//2523
f 2527//2527 2528//2528 2529//2529
f 2530//2530 2531//2531 2532//2532
f 2533//2533 2534//2534 2535//2535
f 2536//2536 2537//2537 2538//2538
f 2539//2539 2540//2540 2541//2541
f 2542//2542 2543//2543 2544//2544
f 2545//2545 2546//2546 2547//2547
f 2548//2548 2549//2549 2550//2550
f 2551//2551 2552//2552 2553//2553
f 2554//2554 49//49 2555//2555
f 2556//2556 390//390 2557//2557
f 2558//2558 2559//2559 2560//2560
f 2561//2561 2562//2562 2563//2563
f 2564//2564 2565//2565 2566//2566
f 2567//2567 2568//2568 2569//2569
f 2570//2570 2571//2571 2572//2572
f 2573//2573 2574//2574 2575//2575
f 2576//2576 2577//2577 2578//2578
f 2579//2579 2580//2580 2581//2581
f 2582//2582 2583//2583 2584//2584
f 2585//2585 2586//2586 2587//2587
f 2588//2588 2589//2589 2590//2590
f 2591//2591 2592//2592 2593//2593
f 2594//2594 2595//2595 2596//2596
f 2597//2597 2598//2598 2599//2599
f 2600//2600 2601//2601 2602//2602
f 2603//2603 2604//2604 2605//2605
f 2606//2606 2607//2607 2608//2608
f 2609//2609 2610//2610 2611//2611
f 2612//2612 2613//2613 2614//2614
f 2615//2615 2616//2616 2617//2617
f 2618//2618 2619//2619 2620//2620
f 2621//2621 2622//2622 2623//2623
f 2624//2624 2625//2625 2626//2626
f 2627//2627 2628//2628 2629//2629
f 407//407 61//61 408//408
f 60//60 1485//1485 61//61
f 409//409 57//57 410//410
f 411//411 58//58 412//412
f 59//59 1486//1486 58//58
f 1487//1487 413//413 1486//1486
f 414//414 62//62 415//415
f 62//62 414//414 1487//1487
f 197//197 71//71 64//64
f 416//416 56//56 57//57
f 417//417 66//66 418//418
f 67//67 1488//1488 66//66
f 1489//1489 69//69 1490//1490
f 1489//1489 419//419 1488//1488
f 420//420 70//70 421//421
f 70//70 420//420 1490//1490
f 422//422 69//69 423//423
f 68//68 1491//1491 69//69
f 1492//1492 424//424 1491//1491
f 1493//1493 424//424 1492//1492
f 425//425 65//65 426//426
f 65//65 425//425 1493//1493
f 847//847 846//846 2630//2630
f 598//598 1120//1120 2631//2631
f 845//845 1119//1119 3877//3877
f 845//845 846//846 2632//2632
f 595//595 1116//1116 2633//2633
f 847//847 1115//1115 2634//2634
f 850//850 849//849 2635//2635
f 603//603 1126//1126 2636//2636
f 848//848 1125//1125 3881//3881
f 848//848 849//849 2637//2637
f 600//600 1122//1122 2638//2638
f 850//850 1121//1121 3879//3879
f 2639//2639 2640//2640 2641//2641
f 2642//2642 2643//2643 2644//2644
f 2645//2645 2646//2646 2647//2647
f 2648//2648 2649//2649 2650//2650
f 2651//2651 2652//2652 2653//2653
f 2654//2654 2655//2655 2656//2656
f 2657//2657 81//81 2658//2658
f 2659//2659 434//434 2660//2660
f 2661//2661 2662//2662 2663//2663
f 2664//2664 2665//2665 2666//2666
f 2667//2667 2668//2668 2669//2669
f 2671//2671 436//436 2672//2672
f 2673//2673 2674//2674 2675//2675
f 2676//2676 2677//2677 2678//2678
f 2679//2679 2680//2680 2681//2681
f 2682//2682 869//869 2683//2683
f 2684//2684 1519//1519 2685//2685
f 2686//2686 1520//1520 2687//2687
f 2688//2688 2689//2689 2690//2690
f 2691//2691 2692//2692 2693//2693
f 2694//2694 2695//2695 2696//2696
f 2697//2697 2698//2698 2699//2699
f 2700//2700 2701//2701 2702//2702
f 2703//2703 2704//2704 2705//2705
f 2706//2706 84//84 4462//4462
f 2707//2707 2708//2708 2709//2709
f 2710//2710 2711//2711 2712//2712
f 2713//2713 2714//2714 2715//2715
f 2716//2716 2717//2717 2718//2718
f 2719//2719 2720//2720 2721//2721
f 2722//2722 2723//2723 2724//2724
f 2725//2725 2726//2726 2727//2727
f 2728//2728 2729//2729 2730//2730
f 2731//2731 2732//2732 2733//2733
f 2734//2734 889//889 2735//2735
f 2736//2736 1155//1155 2737//2737
f 2738//2738 1153//1153 2739//2739
f 2740//2740 96//96 4477//4477
f 2741//2741 2742//2742 2743//2743
f 2744//2744 2745//2745 2746//2746
f 2747//2747 2748//2748 2749//2749
f 2750//2750 2751//2751 2752//2752
f 2753//2753 2754//2754 2755//2755
f 2756//2756 2757//2757 2758//2758
f 2759//2759 2760//2760 2761//2761
f 2762//2762 2763//2763 2764//2764
f 2765//2765 2766//2766 2767//2767
f 2768//2768 2769//2769 2770//2770
f 2771//2771 2772//2772 2773//2773
f 2774//2774 2775//2775 2776//2776
f 2777//2777 2778//2778 2779//2779
f 2780//2780 2781//2781 2782//2782
f 2783//2783 2784//2784 2785//2785
f 2786//2786 2787//2787 2788//2788
f 2789//2789 2790//2790 2791//2791
f 2792//2792 2793//2793 2794//2794
f 2795//2795 2796//2796 2797//2797
f 2798//2798 2799//2799 2800//2800
f 2801//2801 2802//2802 2803//2803
f 2804//2804 915//915 2805//2805
f 2806//2806 1565//1565 2807//2807
f 2808//2808 1566//1566 2809//2809
f 2810//2810 2811//2811 2812//2812
f 2813//2813 2814//2814 2815//2815
f 2816//2816 2817//2817 2818//2818
f 2819//2819 921//921 2820//2820
f 2821//2821 1566//1566 2822//2822
f 2823//2823 1565//1565 2824//2824
f 2825//2825 2826//2826 2827//2827
f 2828//2828 2829//2829 2830//2830
f 2831//2831 2832//2832 2833//2833
f 2834//2834 2835//2835 2836//2836
f 2837//2837 2838//2838 2839//2839
f 2840//2840 2841//2841 2842//2842
f 2843//2843 101//101 2844//2844
f 4562//4562 231//231 2845//2845
f 2846//2846 2847//2847 2848//2848
f 2849//2849 2850//2850 2851//2851
f 2852//2852 2853//2853 2854//2854
f 2855//2855 2856//2856 2857//2857
f 2858//2858 2859//2859 2860//2860
f 2861//2861 2862//2862 2863//2863
f 2864//2864 2865//2865 2866//2866
f 2867//2867 2868//2868 2869//2869
f 2870//2870 2871//2871 2872//2872
f 2873//2873 2874//2874 2875//2875
f 2876//2876 2877//2877 2878//2878
f 2879//2879 2880//2880 2881//2881
f 2882//2882 2883//2883 2884//2884
f 2885//2885 2886//2886 2887//2887
f 2888//2888 2889//2889 2890//2890
f 2891//2891 2892//2892 2893//2893
f 2894//2894 2895//2895 2896//2896
f 2897//2897 2898//2898 2899//2899
f 2902//2902 1608//1608 2903//2903
f 1610//1610 2904//2904 2905//2905
f 1612//1612 2906//2906 2907//2907
f 1614//1614 4009//4009 2909//2909
f 647//647 3266//3266 2910//2910
f 645//645 3269//3269 2913//2913
f 1615//1615 2915//2915 2916//2916
f 1617//1617 2917//2917 2918//2918
f 2921//2921 1204//1204 3670//3670
f 2922//2922 1206//1206 2923//2923
f 1629//1629 2928//2928 2927//2927
f 660//660 2930//2930 2929//2929
f 1630//1630 2933//2933 2932//2932
f 658//658 2935//2935 2934//2934
f 665//665 1821//1821 2938//2938
f 1632//1632 2940//2940 2939//2939
f 663//663 1819//1819 2941//2941
f 1631//1631 2937//2937 2942//2942
f 2945//2945 1637//1637 2946//2946
f 2947//2947 2948//2948 2949//2949
f 2950//2950 2951//2951 2952//2952
f 2953//2953 2954//2954 2955//2955
f 2956//2956 2957//2957 2958//2958
f 2959//2959 2960//2960 2961//2961
f 2962//2962 2963//2963 2964//2964
f 2965//2965 982//982 2966//2966
f 2967//2967 1646//1646 2968//2968
f 3691//3691 1647//1647 2969//2969
f 2970//2970 2971//2971 2972//2972
f 2973//2973 2974//2974 2975//2975
f 2976//2976 2977//2977 2978//2978
f 2979//2979 988//988 2980//2980
f 2981//2981 1234//1234 2982//2982
f 2983//2983 1233//1233 2984//2984
f 2985//2985 2986//2986 2987//2987
f 2988//2988 2989//2989 2990//2990
f 2991//2991 2992//2992 2993//2993
f 2994//2994 2995//2995 2996//2996
f 2997//2997 2998//2998 2999//2999
f 3000//3000 3001//3001 3002//3002
f 3003//3003 3004//3004 3005//3005
f 3006//3006 3007//3007 3008//3008
f 3009//3009 3010//3010 3011//3011
f 3012//3012 1000//1000 3013//3013
f 3014//3014 1244//1244 3015//3015
f 3016//3016 1242//1242 3017//3017
f 3018//3018 3019//3019 3020//3020
f 3021//3021 3022//3022 3023//3023
f 3024//3024 3025//3025 3026//3026
f 134//134 3027//3027 3028//3028
f 516//516 3029//3029 3030//3030
f 518//518 3031//3031 3032//3032
f 3033//3033 3034//3034 3035//3035
f 3036//3036 3037//3037 3038//3038
f 3039//3039 3040//3040 3041//3041
f 1671//1671 1011//1011 3042//3042
f 1673//1673 1252//1252 3043//3043
f 1010//1010 1254//1254 3044//3044
f 139//139 3045//3045 3046//3046
f 522//522 3047//3047 3740//3740
f 524//524 3740//3740 3048//3048
f 1679//1679 525//525 1015//1015
f 1680//1680 143//143 1681//1681
f 1014//1014 526//526 1682//1682
f 1683//1683 528//528 1017//1017
f 1684//1684 148//148 1685//1685
f 1016//1016 529//529 1686//1686
f 1257//1257 276//276 1018//1018
f 1259//1259 142//142 1262//1262
f 1018//1018 277//277 1260//1260
f 1261//1261 278//278 1019//1019
f 1263//1263 147//147 1258//1258
f 1019//1019 274//274 1256//1256
f 144//144 3049//3049 3050//3050
f 531//531 3051//3051 3741//3741
f 533//533 3741//3741 3052//3052
f 1691//1691 1023//1023 3053//3053
f 1693//1693 1248//1248 3054//3054
f 1022//1022 1250//1250 3055//3055
f 1695//1695 1026//1026 3056//3056
f 1697//1697 1268//1268 3057//3057
f 1025//1025 1270//1270 3058//3058
f 149//149 3059//3059 3060//3060
f 538//538 3061//3061 3746//3746
f 540//540 3746//3746 3062//3062
f 1030//1030 541//541 1029//1029
f 1703//1703 153//153 1704//1704
f 1029//1029 542//542 1705//1705
f 1706//1706 541//541 1031//1031
f 1707//1707 158//158 1708//1708
f 1030//1030 544//544 1709//1709
f 1032//1032 287//287 1276//1276
f 1279//1279 157//157 1274//1274
f 1033//1033 284//284 1272//1272
f 154//154 3063//3063 3064//3064
f 546//546 3065//3065 3747//3747
f 548//548 3747//3747 3066//3066
f 1714//1714 1038//1038 3067//3067
f 1716//1716 1264//1264 3068//3068
f 1037//1037 1266//1266 3069//3069
f 3070//3070 3071//3071 3072//3072
f 3073//3073 3074//3074 3075//3075
f 3076//3076 3077//3077 3078//3078
f 3079//3079 3080//3080 3081//3081
f 3082//3082 3083//3083 3084//3084
f 3085//3085 3086//3086 3087//3087
f 3088//3088 1047//1047 3089//3089
f 3090//3090 1284//1284 3091//3091
f 3092//3092 1283//1283 3093//3093
f 3094//3094 3095//3095 3096//3096
f 3097//3097 3098//3098 3099//3099
f 3100//3100 3101//3101 3102//3102
f 1733//1733 3104//3104 3103//3103
f 1735//1735 3107//3107 3106//3106
f 3108//3108 3109//3109 3110//3110
f 3111//3111 3112//3112 3113//3113
f 3114//3114 3115//3115 3116//3116
f 3117//3117 3118//3118 3119//3119
f 3120//3120 3121//3121 3122//3122
f 3123//3123 3124//3124 3125//3125
f 3126//3126 1062//1062 3127//3127
f 3128//3128 1288//1288 3129//3129
f 3130//3130 1286//1286 3131//3131
f 3132//3132 3133//3133 3134//3134
f 3135//3135 3136//3136 3137//3137
f 3138//3138 3139//3139 3140//3140
f 3141//3141 1068//1068 3142//3142
f 3143//3143 1749//1749 3144//3144
f 3145//3145 1750//1750 3146//3146
f 3147//3147 3148//3148 3149//3149
f 3150//3150 3151//3151 3152//3152
f 3153//3153 3154//3154 3155//3155
f 3156//3156 172//172 3157//3157
f 1754//1754 570//570 3158//3158
f 2370//2370 1757//1757 3159//3159
f 2115//2115 3160//3160 1755//1755
f 1756//1756 3161//3161 3162//3162
f 2366//2366 1760//1760 3163//3163
f 2109//2109 3160//3160 1758//1758
f 1759//1759 3161//3161 3164//3164
f 579//579 1761//1761 3828//3828
f 3167//3167 1764//1764 3168//3168
f 3169//3169 3170//3170 1762//1762
f 1763//1763 3171//3171 3172//3172
f 182//182 3173//3173 3174//3174
f 583//583 3175//3175 1765//1765
f 585//585 1766//1766 3176//3176
f 3179//3179 1769//1769 3180//3180
f 3181//3181 3182//3182 1767//1767
f 1768//1768 3183//3183 3184//3184
f 3185//3185 1772//1772 3186//3186
f 3187//3187 3188//3188 1770//1770
f 1771//1771 3189//3189 3190//3190
f 200//200 2633//2633 597//597
f 595//595 2155//2155 596//596
f 597//597 1773//1773 202//202
f 203//203 2631//2631 599//599
f 598//598 2153//2153 596//596
f 599//599 1774//1774 202//202
f 204//204 2638//2638 602//602
f 600//600 2159//2159 601//601
f 602//602 1775//1775 206//206
f 207//207 2636//2636 604//604
f 603//603 2157//2157 601//601
f 604//604 1776//1776 206//206
f 3191//3191 1779//1779 3192//3192
f 3193//3193 3194//3194 1777//1777
f 1778//1778 3195//3195 3196//3196
f 3197//3197 1782//1782 3198//3198
f 3199//3199 3200//3200 1780//1780
f 1781//1781 3201//3201 3202//3202
f 3203//3203 1785//1785 3204//3204
f 3205//3205 3206//3206 1783//1783
f 1784//1784 3207//3207 3208//3208
f 3209//3209 1788//1788 3210//3210
f 3211//3211 3212//3212 1786//1786
f 1787//1787 3213//3213 3214//3214
f 3215//3215 1791//1791 3216//3216
f 3217//3217 3218//3218 1789//1789
f 1790//1790 3219//3219 3220//3220
f 221//221 3221//3221 3222//3222
f 620//620 3223//3223 1792//1792
f 622//622 1793//1793 3224//3224
f 3225//3225 1796//1796 3226//3226
f 3227//3227 3228//3228 1794//1794
f 1795//1795 3229//3229 3230//3230
f 3231//3231 1799//1799 3232//3232
f 3233//3233 3234//3234 1797//1797
f 1798//1798 3235//3235 3236//3236
f 3237//3237 1802//1802 3238//3238
f 3239//3239 3240//3240 1800//1800
f 1801//1801 3241//3241 3242//3242
f 232//232 3243//3243 3244//3244
f 632//632 3245//3245 1803//1803
f 634//634 1804//1804 3246//3246
f 3247//3247 1807//1807 3248//3248
f 3249//3249 3250//3250 1805//1805
f 1806//1806 3251//3251 3252//3252
f 3253//3253 1810//1810 3254//3254
f 3255//3255 3256//3256 1808//1808
f 1809//1809 3257//3257 3258//3258
f 3259//3259 1813//1813 3260//3260
f 3261//3261 3262//3262 1811//1811
f 1812//1812 3263//3263 3264//3264
f 245//245 648//648 650//650
f 648//648 246//246 649//649
f 650//650 649//649 247//247
f 2285//2285 249//249 3270//3270
f 1814//1814 652//652 3271//3271
f 2280//2280 249//249 3270//3270
f 1815//1815 652//652 3271//3271
f 2290//2290 253//253 3273//3273
f 2287//2287 253//253 3273//3273
f 2941//2941 661//661 1819//1819
f 1818//1818 662//662 3275//3275
f 2938//2938 664//664 1821//1821
f 1820//1820 662//662 3275//3275
f 3276//3276 666//666 1823//1823
f 3277//3277 261//261 3278//3278
f 1822//1822 667//667 3279//3279
f 3280//3280 669//669 1824//1824
f 3281//3281 264//264 3282//3282
f 672//672 3284//3284 1825//1825
f 2318//2318 675//675 3286//3286
f 274//274 678//678 276//276
f 277//277 679//679 278//278
f 2332//2332 681//681 3288//3288
f 2333//2333 283//283 3288//3288
f 284//284 683//683 286//286
f 1275//1275 286//286 683//683
f 287//287 684//684 288//288
f 3289//3289 685//685 1829//1829
f 3290//3290 290//290 3291//3291
f 1828//1828 686//686 3292//3292
f 292//292 3293//3293 3294//3294
f 690//690 1830//1830 3296//3296
f 295//295 3297//3297 3298//3298
f 691//691 3299//3299 1831//1831
f 693//693 1831//1831 3300//3300
f 2347//2347 694//694 3301//3301
f 2350//2350 299//299 3301//3301
f 300//300 3302//3302 3303//3303
f 698//698 1833//1833 3305//3305
f 3307//3307 700//700 3306//3306
f 1835//1835 702//702 3310//3310
f 705//705 3311//3311 3312//3312
f 3164//3164 1838//1838 3314//3314
f 3163//3163 2111//2111 1836//1836
f 1837//1837 2369//2369 3315//3315
f 3162//3162 1841//1841 3314//3314
f 3159//3159 2104//2104 1839//1839
f 1840//1840 2364//2364 3315//3315
f 2373//2373 308//308 3316//3316
f 1842//1842 711//711 3317//3317
f 1843//1843 714//714 3319//3319
f 1844//1844 717//717 3322//3322
f 720//720 1845//1845 3324//3324
f 3328//3328 3329//3329 1847//1847
f 1848//1848 3330//3330 3331//3331
f 3841//3841 726//726 1850//1850
f 1851//1851 730//730 3335//3335
f 2409//2409 323//323 3336//3336
f 1852//1852 733//733 3337//3337
f 736//736 3338//3338 3339//3339
f 325//325 2411//2411 3340//3340
f 3341//3341 738//738 1854//1854
f 1853//1853 739//739 3343//3343
f 3345//3345 328//328 3344//3344
f 743//743 3347//3347 1857//1857
f 745//745 1858//1858 3348//3348
f 3350//3350 747//747 3349//3349
f 3351//3351 748//748 1860//1860
f 3352//3352 326//326 3353//3353
f 751//751 3355//3355 1861//1861
f 753//753 1861//1861 3356//3356
f 2436//2436 335//335 3357//3357
f 3358//3358 336//336 3359//3359
f 3358//3358 756//756 3360//3360
f 3361//3361 337//337 3362//3362
f 3363//3363 759//759 3362//3362
f 762//762 3364//3364 1868//1868
f 2450//2450 305//305 3366//3366
f 1869//1869 764//764 3367//3367
f 766//766 341//341 342//342
f 766//766 342//342 767//767
f 343//343 767//767 342//342
f 767//767 344//344 768//768
f 344//344 767//767 343//343
f 768//768 344//344 345//345
f 769//769 346//346 347//347
f 348//348 769//769 347//347
f 769//769 348//348 349//349
f 770//770 351//351 352//352
f 353//353 770//770 352//352
f 770//770 353//353 354//354
f 771//771 355//355 356//356
f 357//357 771//771 356//356
f 771//771 357//357 358//358
f 3368//3368 1872//1872 3369//3369
f 3370//3370 3371//3371 1870//1870
f 1871//1871 3372//3372 3373//3373
f 3374//3374 363//363 3375//3375
f 3374//3374 775//775 3376//3376
f 3377//3377 1877//1877 3378//3378
f 3379//3379 3380//3380 1875//1875
f 1876//1876 3381//3381 3382//3382
f 3383//3383 1880//1880 3384//3384
f 3385//3385 3386//3386 1878//1878
f 1879//1879 3387//3387 3388//3388
f 3389//3389 1883//1883 3390//3390
f 3391//3391 3392//3392 1881//1881
f 1882//1882 3393//3393 3394//3394
f 3395//3395 1886//1886 3396//3396
f 3397//3397 3398//3398 1884//1884
f 1885//1885 2500//2500 3399//3399
f 3400//3400 1889//1889 3396//3396
f 3401//3401 3402//3402 1887//1887
f 1888//1888 2492//2492 3399//3399
f 1890//1890 792//792 3404//3404
f 3406//3406 377//377 3407//3407
f 1891//1891 795//795 4299//4299
f 3408//3408 1894//1894 3409//3409
f 3410//3410 3411//3411 1892//1892
f 1893//1893 3412//3412 3413//3413
f 2525//2525 377//377 3415//3415
f 1895//1895 801//801 4311//4311
f 3416//3416 1898//1898 3417//3417
f 3418//3418 3419//3419 1896//1896
f 1897//1897 3420//3420 3421//3421
f 3422//3422 1901//1901 3423//3423
f 3424//3424 3425//3425 1899//1899
f 1900//1900 3426//3426 3427//3427
f 3428//3428 1904//1904 3429//3429
f 3430//3430 3431//3431 1902//1902
f 1903//1903 3432//3432 3433//3433
f 3434//3434 389//389 3435//3435
f 3436//3436 813//813 3435//3435
f 3437//3437 1909//1909 3438//3438
f 3439//3439 3440//3440 1907//1907
f 1908//1908 3441//3441 3442//3442
f 3443//3443 1912//1912 3444//3444
f 3445//3445 3446//3446 1910//1910
f 1911//1911 3447//3447 3448//3448
f 3449//3449 1915//1915 3450//3450
f 3451//3451 3452//3452 1913//1913
f 1914//1914 3453//3453 3454//3454
f 3455//3455 1918//1918 3456//3456
f 3457//3457 3458//3458 1916//1916
f 1917//1917 3459//3459 3460//3460
f 3461//3461 1921//1921 3462//3462
f 3463//3463 3464//3464 1919//1919
f 1920//1920 3465//3465 3466//3466
f 3467//3467 1924//1924 3468//3468
f 3469//3469 3470//3470 1922//1922
f 1923//1923 3471//3471 3472//3472
f 3473//3473 1927//1927 3474//3474
f 3475//3475 3476//3476 1925//1925
f 1926//1926 3477//3477 3478//3478
f 3479//3479 1930//1930 3480//3480
f 3481//3481 3482//3482 1928//1928
f 1929//1929 3483//3483 3484//3484
f 838//838 407//407 408//408
f 838//838 408//408 839//839
f 409//409 839//839 408//408
f 839//839 409//409 410//410
f 840//840 411//411 412//412
f 840//840 412//412 841//841
f 413//413 841//841 412//412
f 841//841 414//414 842//842
f 414//414 841//841 413//413
f 842//842 414//414 415//415
f 843//843 417//417 418//418
f 419//419 843//843 418//418
f 420//420 843//843 419//419
f 843//843 420//420 421//421
f 844//844 422//422 423//423
f 424//424 844//844 423//423
f 425//425 844//844 424//424
f 844//844 425//425 426//426
f 202//202 599//599 1931//1931
f 599//599 203//203 2154//2154
f 846//846 845//845 2632//2632
f 202//202 597//597 1932//1932
f 597//597 200//200 2151//2151
f 846//846 847//847 2630//2630
f 206//206 604//604 1933//1933
f 604//604 207//207 2158//2158
f 849//849 848//848 2637//2637
f 206//206 602//602 1934//1934
f 602//602 204//204 2156//2156
f 849//849 850//850 2635//2635
f 3485//3485 1937//1937 3486//3486
f 3487//3487 3488//3488 1935//1935
f 1936//1936 3489//3489 3490//3490
f 3491//3491 1940//1940 3492//3492
f 3493//3493 3494//3494 1938//1938
f 1939//1939 3495//3495 3496//3496
f 3497//3497 433//433 3498//3498
f 3499//3499 858//858 3498//3498
f 3500//3500 1945//1945 3501//3501
f 3502//3502 3503//3503 1943//1943
f 1944//1944 3504//3504 3505//3505
f 3506//3506 862//862 3507//3507
f 3508//3508 1950//1950 3509//3509
f 3510//3510 3511//3511 1948//1948
f 1949//1949 3512//3512 3513//3513
f 3514//3514 867//867 1952//1952
f 3515//3515 440//440 3516//3516
f 1951//1951 868//868 3517//3517
f 3518//3518 1955//1955 3519//3519
f 3520//3520 3521//3521 1953//1953
f 1954//1954 3522//3522 3523//3523
f 3524//3524 1958//1958 3525//3525
f 3526//3526 3527//3527 1956//1956
f 1957//1957 3528//3528 3529//3529
f 3530//3530 445//445 3531//3531
f 3532//3532 1963//1963 3533//3533
f 3534//3534 3535//3535 1961//1961
f 1962//1962 3536//3536 3537//3537
f 3538//3538 1966//1966 3539//3539
f 3540//3540 3541//3541 1964//1964
f 1965//1965 3542//3542 3543//3543
f 3544//3544 1969//1969 3545//3545
f 3546//3546 3547//3547 1967//1967
f 1968//1968 3548//3548 3549//3549
f 3550//3550 887//887 1971//1971
f 3551//3551 221//221 3552//3552
f 1970//1970 888//888 3553//3553
f 3554//3554 450//450 3555//3555
f 3556//3556 891//891 3555//3555
f 3557//3557 1976//1976 3558//3558
f 3559//3559 3560//3560 1974//1974
f 1975//1975 3561//3561 3562//3562
f 3563//3563 1979//1979 3564//3564
f 3565//3565 3566//3566 1977//1977
f 1978//1978 3567//3567 3568//3568
f 3569//3569 1982//1982 3570//3570
f 3571//3571 3572//3572 1980//1980
f 1981//1981 3573//3573 3574//3574
f 3575//3575 1985//1985 3576//3576
f 3577//3577 3578//3578 1983//1983
f 1984//1984 3579//3579 3580//3580
f 3581//3581 1988//1988 3582//3582
f 3583//3583 3584//3584 1986//1986
f 1987//1987 3585//3585 3586//3586
f 3587//3587 1991//1991 3588//3588
f 3589//3589 3590//3590 1989//1989
f 1990//1990 3591//3591 3592//3592
f 3593//3593 1994//1994 3594//3594
f 3595//3595 3596//3596 1992//1992
f 1993//1993 3597//3597 3598//3598
f 3599//3599 913//913 1996//1996
f 3600//3600 465//465 3601//3601
f 1995//1995 914//914 3602//3602
f 3603//3603 1999//1999 3604//3604
f 3605//3605 3606//3606 1997//1997
f 1998//1998 3607//3607 3608//3608
f 3609//3609 919//919 2001//2001
f 3610//3610 465//465 3611//3611
f 2000//2000 920//920 3612//3612
f 3613//3613 2004//2004 3614//3614
f 3615//3615 3616//3616 2002//2002
f 2003//2003 3617//3617 3618//3618
f 3619//3619 2007//2007 3620//3620
f 3621//3621 3622//3622 2005//2005
f 2006//2006 3623//3623 3624//3624
f 3625//3625 928//928 3626//3626
f 3627//3627 2011//2011 3628//3628
f 3629//3629 3630//3630 2009//2009
f 2010//2010 3631//3631 3632//3632
f 3633//3633 2014//2014 3634//3634
f 3635//3635 3636//3636 2012//2012
f 2013//2013 3637//3637 3638//3638
f 3639//3639 2017//2017 3640//3640
f 3641//3641 3642//3642 2015//2015
f 2016//2016 3643//3643 3644//3644
f 3645//3645 2020//2020 3646//3646
f 3647//3647 3648//3648 2018//2018
f 2019//2019 3649//3649 3650//3650
f 3651//3651 2023//2023 3652//3652
f 3653//3653 3654//3654 2021//2021
f 2022//2022 3655//3655 3656//3656
f 3657//3657 2026//2026 3658//3658
f 3659//3659 3660//3660 2024//2024
f 2025//2025 3661//3661 3662//3662
f 3663//3663 948//948 2027//2027
f 951//951 3664//3664 2028//2028
f 956//956 3668//3668 2029//2029
f 958//958 2030//2030 3669//3669
f 2031//2031 960//960 3671//3671
f 3672//3672 496//496 2926//2926
f 2032//2032 963//963 3673//3673
f 966//966 3674//3674 2033//2033
f 966//966 3674//3674 2034//2034
f 969//969 3675//3675 2036//2036
f 968//968 2035//2035 2296//2296
f 499//499 3676//3676 2940//2940
f 969//969 3675//3675 2038//2038
f 970//970 2037//2037 2292//2292
f 499//499 3676//3676 2937//2937
f 2039//2039 972//972 3677//3677
f 3678//3678 2042//2042 3679//3679
f 3680//3680 3681//3681 2040//2040
f 2041//2041 3682//3682 3683//3683
f 3684//3684 2045//2045 3685//3685
f 3686//3686 3687//3687 2043//2043
f 2044//2044 3688//3688 3689//3689
f 3690//3690 980//980 2046//2046
f 3693//3693 2049//2049 3694//3694
f 3695//3695 3696//3696 2047//2047
f 2048//2048 3697//3697 3698//3698
f 3699//3699 986//986 2051//2051
f 3700//3700 261//261 3701//3701
f 2050//2050 987//987 3702//3702
f 3703//3703 2054//2054 3704//3704
f 3705//3705 3706//3706 2052//2052
f 2053//2053 3707//3707 3708//3708
f 3709//3709 2057//2057 3710//3710
f 3711//3711 3712//3712 2055//2055
f 2056//2056 3713//3713 3714//3714
f 3715//3715 2060//2060 3716//3716
f 3717//3717 3718//3718 2058//2058
f 2059//2059 3719//3719 3720//3720
f 3721//3721 998//998 2062//2062
f 3722//3722 266//266 3723//3723
f 2061//2061 999//999 3724//3724
f 3725//3725 2065//2065 3726//3726
f 3727//3727 3728//3728 2063//2063
f 2064//2064 3729//3729 3730//3730
f 3030//3030 1004//1004 3731//3731
f 3031//3031 518//518 3731//3731
f 3732//3732 2070//2070 3733//3733
f 3734//3734 3735//3735 2068//2068
f 2069//2069 3736//3736 3737//3737
f 520//520 1009//1009 3738//3738
f 1009//1009 272//272 2071//2071
f 1011//1011 1010//1010 3739//3739
f 525//525 1014//1014 1015//1015
f 1014//1014 525//525 526//526
f 528//528 1016//1016 1017//1017
f 1016//1016 528//528 529//529
f 1018//1018 276//276 277//277
f 1019//1019 278//278 274//274
f 534//534 1021//1021 3742//3742
f 1021//1021 269//269 2072//2072
f 1023//1023 1022//1022 3743//3743
f 536//536 1024//1024 3744//3744
f 1024//1024 282//282 2073//2073
f 1026//1026 1025//1025 3745//3745
f 1029//1029 541//541 542//542
f 541//541 1030//1030 1031//1031
f 1030//1030 541//541 544//544
f 286//286 1032//1032 1273//1273
f 1032//1032 286//286 287//287
f 288//288 1033//1033 1277//1277
f 1033//1033 288//288 284//284
f 549//549 1036//1036 3748//3748
f 1036//1036 279//279 2074//2074
f 1038//1038 1037//1037 3749//3749
f 3750//3750 2077//2077 3751//3751
f 3752//3752 3753//3753 2075//2075
f 2076//2076 3754//3754 3755//3755
f 3756//3756 2080//2080 3757//3757
f 3758//3758 3759//3759 2078//2078
f 2079//2079 3760//3760 3761//3761
f 3762//3762 1045//1045 2082//2082
f 3763//3763 290//290 3764//3764
f 2081//2081 1046//1046 3765//3765
f 3766//3766 2085//2085 3767//3767
f 3768//3768 3769//3769 2083//2083
f 2084//2084 3770//3770 3771//3771
f 1052//1052 3772//3772 3773//3773
f 3775//3775 2088//2088 3776//3776
f 3777//3777 3778//3778 2086//2086
f 2087//2087 3779//3779 3780//3780
f 3781//3781 2091//2091 3782//3782
f 3783//3783 3784//3784 2089//2089
f 2090//2090 3785//3785 3786//3786
f 3787//3787 1060//1060 2093//2093
f 3788//3788 292//292 3789//3789
f 2092//2092 1061//1061 3790//3790
f 3791//3791 2096//2096 3792//3792
f 3793//3793 3794//3794 2094//2094
f 2095//2095 3795//3795 3796//3796
f 3797//3797 1066//1066 2098//2098
f 3798//3798 566//566 3799//3799
f 2097//2097 1067//1067 3800//3800
f 3801//3801 2101//2101 3802//3802
f 3803//3803 3804//3804 2099//2099
f 2100//2100 3805//3805 3806//3806
f 19//19 3807//3807 3808//3808
f 1072//1072 3809//3809 2102//2102
f 1073//1073 2102//2102 3810//3810
f 171//171 3811//3811 1754//1754
f 1074//1074 3812//3812 2103//2103
f 569//569 2103//2103 3156//3156
f 173//173 3158//3158 3813//3813
f 1077//1077 3157//3157 3814//3814
f 3815//3815 2105//2105 2371//2371
f 3816//3816 3159//3159 2104//2104
f 1839//1839 3162//3162 1841//1841
f 3817//3817 2108//2108 2370//2370
f 3818//3818 3819//3819 2106//2106
f 2107//2107 3820//3820 2115//2115
f 3161//3161 1758//1758 1759//1759
f 3160//3160 3821//3821 2109//2109
f 2110//2110 3822//3822 2113//2113
f 3823//3823 2112//2112 2367//2367
f 3824//3824 3163//3163 2111//2111
f 1836//1836 3164//3164 1838//1838
f 3825//3825 2114//2114 2366//2366
f 3826//3826 3822//3822 2113//2113
f 2110//2110 3821//3821 2109//2109
f 3161//3161 1755//1755 1756//1756
f 3160//3160 3820//3820 2115//2115
f 2107//2107 3819//3819 2106//2106
f 579//579 2116//2116 3165//3165
f 1087//1087 2117//2117 3829//3829
f 179//179 3166//3166 3830//3830
f 1088//1088 2118//2118 3832//3832
f 3837//3837 3168//3168 2119//2119
f 2120//2120 3172//3172 3838//3838
f 3839//3839 2123//2123 3167//3167
f 3840//3840 3833//3833 2121//2121
f 2122//2122 3832//3832 3169//3169
f 3171//3171 2126//2126 3841//3841
f 3170//3170 3830//3830 2124//2124
f 2125//2125 3829//3829 3842//3842
f 1095//1095 3843//3843 3174//3174
f 184//184 3844//3844 3176//3176
f 1097//1097 2127//2127 3845//3845
f 183//183 3175//3175 3846//3846
f 1099//1099 3847//3847 2129//2129
f 1098//1098 2128//2128 3848//3848
f 4//4 3850//3850 3849//3849
f 756//756 1864//1864 3177//3177
f 187//187 3360//3360 3178//3178
f 586//586 3177//3177 2131//2131
f 1102//1102 2130//2130 3851//3851
f 186//186 3178//3178 3852//3852
f 1104//1104 2441//2441 2132//2132
f 1103//1103 2132//2132 3853//3853
f 16//16 3855//3855 3854//3854
f 3856//3856 2135//2135 3857//3857
f 3858//3858 3180//3180 2133//2133
f 2134//2134 3184//3184 3859//3859
f 3860//3860 2138//2138 3179//3179
f 3861//3861 3862//3862 2136//2136
f 2137//2137 3863//3863 3181//3181
f 3183//3183 2141//2141 3864//3864
f 3182//3182 3865//3865 2139//2139
f 2140//2140 3866//3866 3867//3867
f 3868//3868 2144//2144 3869//3869
f 3870//3870 3186//3186 2142//2142
f 2143//2143 3190//3190 3871//3871
f 3872//3872 2147//2147 3185//3185
f 3873//3873 3866//3866 2145//2145
f 2146//2146 3865//3865 3187//3187
f 3189//3189 2150//2150 3874//3874
f 3188//3188 3863//3863 2148//2148
f 2149//2149 3862//3862 3875//3875
f 72//72 1115//1115 2634//2634
f 1115//1115 200//200 2151//2151
f 847//847 597//597 1932//1932
f 200//200 1116//1116 2633//2633
f 595//595 1117//1117 2155//2155
f 202//202 596//596 1774//1774
f 596//596 201//201 2153//2153
f 598//598 1118//1118 3876//3876
f 1119//1119 203//203 2154//2154
f 845//845 599//599 1931//1931
f 203//203 1120//1120 2631//2631
f 598//598 1118//1118 2153//2153
f 202//202 596//596 1773//1773
f 596//596 201//201 2155//2155
f 595//595 1117//1117 3878//3878
f 1121//1121 204//204 2156//2156
f 850//850 602//602 1934//1934
f 204//204 1122//1122 2638//2638
f 600//600 1123//1123 2159//2159
f 206//206 601//601 1776//1776
f 601//601 205//205 2157//2157
f 603//603 1124//1124 3880//3880
f 1125//1125 207//207 2158//2158
f 848//848 604//604 1933//1933
f 207//207 1126//1126 2636//2636
f 603//603 1124//1124 2157//2157
f 206//206 601//601 1775//1775
f 601//601 205//205 2159//2159
f 600//600 1123//1123 3882//3882
f 3883//3883 2162//2162 3884//3884
f 3885//3885 3192//3192 2160//2160
f 2161//2161 3196//3196 3886//3886
f 3887//3887 2165//2165 3191//3191
f 3888//3888 3889//3889 2163//2163
f 2164//2164 3890//3890 3193//3193
f 3195//3195 2168//2168 3891//3891
f 3194//3194 3892//3892 2166//2166
f 2167//2167 3893//3893 3894//3894
f 3895//3895 2171//2171 3896//3896
f 3897//3897 3198//3198 2169//2169
f 2170//2170 3202//3202 3898//3898
f 3899//3899 2174//2174 3197//3197
f 3900//3900 3893//3893 2172//2172
f 2173//2173 3892//3892 3199//3199
f 3201//3201 2177//2177 3901//3901
f 3200//3200 3890//3890 2175//2175
f 2176//2176 3889//3889 3902//3902
f 3903//3903 2180//2180 3904//3904
f 3905//3905 3204//3204 2178//2178
f 2179//2179 3208//3208 3906//3906
f 3907//3907 2183//2183 3203//3203
f 3908//3908 3909//3909 2181//2181
f 2182//2182 3910//3910 3205//3205
f 3207//3207 2186//2186 3911//3911
f 3206//3206 3912//3912 2184//2184
f 2185//2185 3913//3913 3914//3914
f 3915//3915 2189//2189 3916//3916
f 3917//3917 3210//3210 2187//2187
f 2188//2188 3214//3214 3918//3918
f 3919//3919 2192//2192 3209//3209
f 3920//3920 3921//3921 2190//2190
f 2191//2191 3922//3922 3211//3211
f 3213//3213 2195//2195 3923//3923
f 3212//3212 3924//3924 2193//2193
f 2194//2194 3925//3925 3926//3926
f 3927//3927 2198//2198 3928//3928
f 3929//3929 3216//3216 2196//2196
f 2197//2197 3220//3220 3930//3930
f 3931//3931 2201//2201 3215//3215
f 3932//3932 3925//3925 2199//2199
f 2200//2200 3924//3924 3217//3217
f 3219//3219 2204//2204 3933//3933
f 3218//3218 3922//3922 2202//2202
f 2203//2203 3921//3921 3934//3934
f 1154//1154 3935//3935 2206//2206
f 622//622 2205//2205 3222//3222
f 223//223 3936//3936 3224//3224
f 620//620 3221//3221 2208//2208
f 1156//1156 2207//2207 3937//3937
f 222//222 3223//3223 3938//3938
f 1158//1158 3939//3939 2210//2210
f 1157//1157 2209//2209 3940//3940
f 85//85 3942//3942 3941//3941
f 3943//3943 2213//2213 3944//3944
f 3945//3945 3226//3226 2211//2211
f 2212//2212 3230//3230 3946//3946
f 3947//3947 2216//2216 3225//3225
f 3948//3948 3941//3941 2214//2214
f 2215//2215 3940//3940 3227//3227
f 3229//3229 2219//2219 3949//3949
f 3228//3228 3938//3938 2217//2217
f 2218//2218 3937//3937 3950//3950
f 3951//3951 2222//2222 3952//3952
f 3953//3953 3232//3232 2220//2220
f 2221//2221 3236//3236 3954//3954
f 3955//3955 2225//2225 3231//3231
f 3956//3956 3957//3957 2223//2223
f 2224//2224 3958//3958 3233//3233
f 3235//3235 2228//2228 3959//3959
f 3234//3234 3960//3960 2226//2226
f 2227//2227 3961//3961 3962//3962
f 3963//3963 2231//2231 2008//2008
f 3964//3964 3238//3238 2229//2229
f 2230//2230 3242//3242 3626//3626
f 3965//3965 2234//2234 3237//3237
f 3966//3966 3967//3967 2232//2232
f 2233//2233 3968//3968 3239//3239
f 3241//3241 2237//2237 2845//2845
f 3240//3240 3969//3969 2235//2235
f 2236//2236 3970//3970 3971//3971
f 1175//1175 3972//3972 2239//2239
f 634//634 2238//2238 3244//3244
f 234//234 3973//3973 3246//3246
f 632//632 3243//3243 2241//2241
f 1177//1177 2240//2240 3974//3974
f 233//233 3245//3245 3975//3975
f 1179//1179 3976//3976 2243//2243
f 1178//1178 2242//2242 3977//3977
f 95//95 3979//3979 3978//3978
f 3980//3980 2246//2246 3981//3981
f 3982//3982 3248//3248 2244//2244
f 2245//2245 3252//3252 3983//3983
f 3984//3984 2249//2249 3247//3247
f 3985//3985 3978//3978 2247//2247
f 2248//2248 3977//3977 3249//3249
f 3251//3251 2252//2252 3986//3986
f 3250//3250 3975//3975 2250//2250
f 2251//2251 3974//3974 3987//3987
f 3988//3988 2255//2255 3989//3989
f 3990//3990 3254//3254 2253//2253
f 2254//2254 3258//3258 3991//3991
f 3992//3992 2258//2258 3253//3253
f 3993//3993 3994//3994 2256//2256
f 2257//2257 3995//3995 3255//3255
f 3257//3257 2261//2261 3996//3996
f 3256//3256 3997//3997 2259//2259
f 2260//2260 3998//3998 3999//3999
f 4000//4000 2264//2264 4001//4001
f 4002//4002 3260//3260 2262//2262
f 2263//2263 3264//3264 4003//4003
f 4004//4004 2267//2267 3259//3259
f 4005//4005 3998//3998 2265//2265
f 2266//2266 3997//3997 3261//3261
f 3263//3263 2270//2270 4006//4006
f 3262//3262 3995//3995 2268//2268
f 2269//2269 3994//3994 4007//4007
f 112//112 4008//4008 4009//4009
f 1194//1194 4010//4010 2271//2271
f 1195//1195 2271//2271 4011//4011
f 242//242 4012//4012 3265//3265
f 1196//1196 4013//4013 2272//2272
f 107//107 4015//4015 2912//2912
f 1200//1200 4016//4016 2274//2274
f 1201//1201 2274//2274 4017//4017
f 244//244 4018//4018 3267//3267
f 1202//1202 4019//4019 2275//2275
f 114//114 1204//1204 1205//1205
f 1204//1204 245//245 650//650
f 1205//1205 650//650 247//247
f 245//245 1206//1206 648//648
f 1206//1206 113//113 1207//1207
f 648//648 1207//1207 246//246
f 247//247 649//649 1209//1209
f 649//649 246//246 1208//1208
f 1209//1209 1208//1208 108//108
f 115//115 4021//4021 4022//4022
f 1210//1210 4023//4023 2276//2276
f 1211//1211 2277//2277 4024//4024
f 248//248 4025//4025 1814//1814
f 1212//1212 4026//4026 2278//2278
f 651//651 2279//2279 2285//2285
f 250//250 3271//3271 4027//4027
f 652//652 3270//3270 2280//2280
f 654//654 2281//2281 2284//2284
f 110//110 4028//4028 4029//4029
f 1215//1215 4030//4030 2282//2282
f 1216//1216 2283//2283 4031//4031
f 251//251 4032//4032 1815//1815
f 1217//1217 4033//4033 2284//2284
f 654//654 2281//2281 2280//2280
f 250//250 3271//3271 4034//4034
f 652//652 3270//3270 2285//2285
f 651//651 2279//2279 2278//2278
f 122//122 4035//4035 4036//4036
f 1218//1218 4037//4037 2034//2034
f 252//252 4038//4038 3272//3272
f 1219//1219 4039//4039 2286//2286
f 656//656 2286//2286 2290//2290
f 657//657 3273//3273 2287//2287
f 659//659 2288//2288 4040//4040
f 117//117 4041//4041 4042//4042
f 1222//1222 4043//4043 2033//2033
f 255//255 4044//4044 3274//3274
f 1223//1223 4045//4045 2289//2289
f 659//659 2289//2289 2287//2287
f 657//657 3273//3273 2290//2290
f 656//656 2291//2291 4046//4046
f 125//125 4047//4047 2942//2942
f 1224//1224 4048//4048 2292//2292
f 970//970 2037//2037 2038//2038
f 256//256 4049//4049 2941//2941
f 1225//1225 4050//4050 2293//2293
f 258//258 3275//3275 1820//1820
f 662//662 2293//2293 2294//2294
f 664//664 2295//2295 4051//4051
f 120//120 4052//4052 2939//2939
f 1228//1228 4053//4053 2296//2296
f 968//968 2035//2035 2036//2036
f 259//259 4054//4054 2938//2938
f 1229//1229 4055//4055 2297//2297
f 258//258 3275//3275 1818//1818
f 662//662 2297//2297 2298//2298
f 661//661 2299//2299 4056//4056
f 136//136 4057//4057 4058//4058
f 1230//1230 4059//4059 2300//2300
f 1231//1231 2301//2301 4060//4060
f 260//260 4061//4061 3276//3276
f 1232//1232 4062//4062 2302//2302
f 666//666 2303//2303 3277//3277
f 262//262 3279//3279 4063//4063
f 667//667 3278//3278 2304//2304
f 1235//1235 2305//2305 4064//4064
f 128//128 4065//4065 4066//4066
f 1236//1236 4067//4067 2306//2306
f 1237//1237 2306//2306 4068//4068
f 263//263 4069//4069 3280//3280
f 1238//1238 4070//4070 2307//2307
f 669//669 2307//2307 3281//3281
f 265//265 1824//1824 4071//4071
f 670//670 3282//3282 2308//2308
f 1241//1241 2309//2309 4072//4072
f 1243//1243 4073//4073 2311//2311
f 674//674 2310//2310 3283//3283
f 268//268 4074//4074 3285//3285
f 672//672 3283//3283 2313//2313
f 1245//1245 2312//2312 4075//4075
f 267//267 3284//3284 4076//4076
f 1247//1247 4077//4077 2314//2314
f 1246//1246 2314//2314 4078//4078
f 132//132 4080//4080 4079//4079
f 4081//4081 269//269 4082//4082
f 4083//4083 1249//1249 4082//4082
f 4084//4084 145//145 1826//1826
f 1826//1826 270//270 4085//4085
f 4086//4086 1251//1251 4085//4085
f 4087//4087 272//272 4088//4088
f 4089//4089 1253//1253 4088//4088
f 4090//4090 140//140 4091//4091
f 1827//1827 676//676 4091//4091
f 4093//4093 1255//1255 4092//4092
f 1256//1256 274//274 1257//1257
f 276//276 1257//1257 274//274
f 1258//1258 147//147 678//678
f 275//275 678//678 147//147
f 678//678 275//275 1259//1259
f 142//142 1259//1259 275//275
f 1260//1260 277//277 1261//1261
f 278//278 1261//1261 277//277
f 1262//1262 142//142 679//679
f 275//275 679//679 142//142
f 679//679 275//275 1263//1263
f 147//147 1263//1263 275//275
f 4094//4094 279//279 4095//4095
f 4096//4096 1265//1265 4095//4095
f 4097//4097 155//155 4098//4098
f 4099//4099 680//680 4098//4098
f 4100//4100 1267//1267 4099//4099
f 4101//4101 282//282 4102//4102
f 4103//4103 1269//1269 4102//4102
f 4104//4104 150//150 4105//4105
f 4105//4105 280//280 4106//4106
f 4107//4107 1271//1271 4106//4106
f 1272//1272 284//284 1273//1273
f 286//286 1273//1273 284//284
f 1274//1274 157//157 683//683
f 285//285 683//683 157//157
f 1278//1278 1275//1275 285//285
f 1276//1276 287//287 1277//1277
f 288//288 1277//1277 287//287
f 285//285 684//684 1278//1278
f 684//684 285//285 1279//1279
f 157//157 1279//1279 285//285
f 168//168 4108//4108 4109//4109
f 1280//1280 4110//4110 2335//2335
f 1281//1281 2336//2336 4111//4111
f 289//289 4112//4112 3289//3289
f 1282//1282 4113//4113 2337//2337
f 685//685 2338//2338 3290//3290
f 291//291 3292//3292 4114//4114
f 686//686 3291//3291 2339//2339
f 1285//1285 2340//2340 4115//4115
f 1287//1287 4116//4116 2341//2341
f 690//690 2341//2341 3294//3294
f 294//294 4117//4117 3296//3296
f 688//688 3293//3293 2342//2342
f 1289//1289 2342//2342 4118//4118
f 293//293 3295//3295 4119//4119
f 1291//1291 4120//4120 2343//2343
f 1290//1290 2343//2343 4121//4121
f 164//164 4123//4123 4122//4122
f 1293//1293 2348//2348 2344//2344
f 693//693 2344//2344 3298//3298
f 297//297 4129//4129 3300//3300
f 1295//1295 2345//2345 4124//4124
f 296//296 3299//3299 4125//4125
f 1296//1296 2346//2346 4126//4126
f 8//8 4128//4128 4127//4127
f 4130//4130 1298//1298 4129//4129
f 4128//4128 8//8 4131//4131
f 1832//1832 694//694 4131//4131
f 4132//4132 1299//1299 1832//1832
f 699//699 1834//1834 2353//2353
f 698//698 2352//2352 3303//3303
f 301//301 3306//3306 3305//3305
f 1296//1296 2354//2354 4127//4127
f 296//296 3304//3304 4126//4126
f 1302//1302 4133//4133 2356//2356
f 1295//1295 2355//2355 4125//4125
f 9//9 4134//4134 4124//4124
f 17//17 1834//1834 4135//4135
f 700//700 3307//3307 2357//2357
f 1304//1304 2357//2357 4136//4136
f 302//302 4133//4133 3308//3308
f 1303//1303 4134//4134 2358//2358
f 701//701 2359//2359 3309//3309
f 303//303 3310//3310 4137//4137
f 1305//1305 3309//3309 4138//4138
f 4139//4139 1306//1306 2361//2361
f 4140//4140 304//304 3311//3311
f 2360//2360 706//706 3313//3313
f 4141//4141 1308//1308 2362//2362
f 4142//4142 12//12 3812//3812
f 2362//2362 1074//1074 3811//3811
f 3312//3312 171//171 3809//3809
f 2363//2363 1072//1072 3807//3807
f 2371//2371 2365//2365 4143//4143
f 1841//1841 3314//3314 1840//1840
f 2364//2364 3315//3315 4144//4144
f 1759//1759 1760//1760 3164//3164
f 2113//2113 3826//3826 2114//2114
f 2366//2366 3825//3825 3163//3163
f 2369//2369 2368//2368 4145//4145
f 2111//2111 3824//3824 2112//2112
f 2367//2367 3823//3823 4146//4146
f 2367//2367 2368//2368 4146//4146
f 1838//1838 3314//3314 1837//1837
f 2369//2369 3315//3315 4145//4145
f 1756//1756 1757//1757 3162//3162
f 2106//2106 3818//3818 2108//2108
f 2370//2370 3817//3817 3159//3159
f 2364//2364 2365//2365 4144//4144
f 2104//2104 3816//3816 2105//2105
f 2371//2371 3815//3815 4143//4143
f 3//3 4147//4147 4148//4148
f 1312//1312 4149//4149 2372//2372
f 717//717 2372//2372 4150//4150
f 307//307 4151//4151 1842//1842
f 1313//1313 4152//4152 2373//2373
f 309//309 3317//3317 4153//4153
f 711//711 3316//3316 2374//2374
f 1316//1316 2374//2374 4154//4154
f 1//1 4155//4155 4156//4156
f 1317//1317 4157//4157 2375//2375
f 1318//1318 2375//2375 4158//4158
f 310//310 4159//4159 1843//1843
f 1319//1319 4160//4160 2376//2376
f 713//713 2377//2377 3318//3318
f 309//309 3319//3319 4161//4161
f 714//714 3318//3318 2378//2378
f 1320//1320 2379//2379 4162//4162
f 1//1 4156//4156 4163//4163
f 1318//1318 4158//4158 2380//2380
f 1321//1321 2380//2380 4164//4164
f 309//309 4161//4161 3320//3320
f 1320//1320 4162//4162 2381//2381
f 716//716 2382//2382 3321//3321
f 312//312 3322//3322 4165//4165
f 1324//1324 3321//3321 4166//4166
f 4167//4167 1325//1325 2383//2383
f 4168//4168 313//313 3323//3323
f 4169//4169 1327//1327 2385//2385
f 4170//4170 3//3 4166//4166
f 2384//2384 1324//1324 4165//4165
f 3325//3325 720//720 2387//2387
f 3324//3324 312//312 4164//4164
f 2386//2386 1321//1321 4163//4163
f 4171//4171 317//317 4172//4172
f 4171//4171 1329//1329 4173//4173
f 4174//4174 316//316 1846//1846
f 4174//4174 1331//1331 4175//4175
f 4176//4176 5//5 4177//4177
f 4176//4176 722//722 1846//1846
f 3827//3827 2394//2394 4178//4178
f 3828//3828 3327//3327 2392//2392
f 2393//2393 3331//3331 4179//4179
f 3831//3831 2397//2397 1849//1849
f 3834//3834 3840//3840 2395//2395
f 2396//2396 3839//3839 3328//3328
f 3330//3330 2399//2399 4180//4180
f 3329//3329 3837//3837 2398//2398
f 2398//2398 3835//3835 4181//4181
f 10//10 3836//3836 4181//4181
f 1091//1091 3838//3838 2400//2400
f 1334//1334 2400//2400 4180//4180
f 1093//1093 3842//3842 2401//2401
f 726//726 2402//2402 3332//3332
f 318//318 3333//3333 4179//4179
f 1333//1333 2403//2403 4178//4178
f 4//4 4182//4182 4183//4183
f 1335//1335 4184//4184 2404//2404
f 1336//1336 2404//2404 4185//4185
f 319//319 4186//4186 1851//1851
f 1337//1337 4187//4187 2405//2405
f 321//321 3335//3335 4188//4188
f 730//730 3334//3334 2406//2406
f 1340//1340 2407//2407 4189//4189
f 2//2 4190//4190 4191//4191
f 1341//1341 4192//4192 2408//2408
f 1342//1342 2408//2408 4193//4193
f 322//322 4194//4194 1852//1852
f 1343//1343 4195//4195 2409//2409
f 321//321 3337//3337 4196//4196
f 733//733 3336//3336 2410//2410
f 1346//1346 2410//2410 4197//4197
f 4198//4198 1347//1347 2411//2411
f 4199//4199 324//324 3338//3338
f 4200//4200 1349//1349 2412//2412
f 4201//4201 4//4 3849//3849
f 2412//2412 1098//1098 3848//3848
f 3339//3339 183//183 3846//3846
f 2413//2413 1097//1097 3845//3845
f 18//18 3843//3843 1855//1855
f 1095//1095 3844//3844 2414//2414
f 741//741 2415//2415 3345//3345
f 184//184 3847//3847 3341//3341
f 738//738 2416//2416 3342//3342
f 327//327 3343//3343 2418//2418
f 1353//1353 3342//3342 4202//4202
f 4203//4203 1355//1355 4204//4204
f 4205//4205 1353//1353 4202//4202
f 746//746 1859//1859 2420//2420
f 745//745 2419//2419 3346//3346
f 331//331 3349//3349 3348//3348
f 1358//1358 2421//2421 4206//4206
f 330//330 3347//3347 4207//4207
f 1360//1360 4210//4210 2423//2423
f 1359//1359 2422//2422 4208//4208
f 7//7 2424//2424 4209//4209
f 2425//2425 332//332 4210//4210
f 4211//4211 1362//1362 4212//4212
f 2424//2424 7//7 4212//4212
f 15//15 1859//1859 3851//3851
f 747//747 3350//3350 2426//2426
f 1102//1102 2426//2426 3852//3852
f 748//748 2427//2427 3352//3352
f 186//186 3354//3354 3853//3853
f 749//749 3353//3353 2428//2428
f 1103//1103 2428//2428 3854//3854
f 1364//1364 2434//2434 2430//2430
f 753//753 2429//2429 2432//2432
f 334//334 4213//4213 3356//3356
f 1359//1359 2431//2431 4209//4209
f 330//330 3355//3355 4208//4208
f 1366//1366 3357//3357 2433//2433
f 1358//1358 2433//2433 4207//4207
f 5//5 4215//4215 4206//4206
f 4214//4214 1367//1367 4213//4213
f 1862//1862 754//754 4215//4215
f 1863//1863 316//316 4216//4216
f 4217//4217 1368//1368 4216//4216
f 4218//4218 1370//1370 4219//4219
f 4218//4218 187//187 2440//2440
f 4220//4220 1104//1104 3855//3855
f 4220//4220 12//12 2438//2438
f 4221//4221 1371//1371 4222//4222
f 4223//4223 1373//1373 4224//4224
f 1867//1867 759//759 2445//2445
f 3363//3363 338//338 3364//3364
f 2444//2444 762//762 3365//3365
f 2443//2443 1373//1373 2446//2446
f 4223//4223 18//18 4138//4138
f 2446//2446 1305//1305 4137//4137
f 3365//3365 761//761 2448//2448
f 1868//1868 303//303 4136//4136
f 2447//2447 1304//1304 4135//4135
f 17//17 4225//4225 4226//4226
f 1374//1374 4227//4227 2449//2449
f 1375//1375 2449//2449 4228//4228
f 339//339 4229//4229 1869//1869
f 1376//1376 4230//4230 2450//2450
f 340//340 3367//3367 4231//4231
f 764//764 3366//3366 2451//2451
f 1377//1377 2452//2452 4232//4232
f 1378//1378 342//342 27//27
f 342//342 1379//1379 343//343
f 1379//1379 342//342 1378//1378
f 25//25 1380//1380 26//26
f 1379//1379 26//26 1380//1380
f 343//343 1381//1381 344//344
f 1382//1382 344//344 1381//1381
f 24//24 1380//1380 25//25
f 1380//1380 24//24 1381//1381
f 23//23 1382//1382 24//24
f 1383//1383 347//347 24//24
f 1384//1384 347//347 1383//1383
f 26//26 1384//1384 25//25
f 1384//1384 26//26 1385//1385
f 347//347 1386//1386 348//348
f 1387//1387 348//348 1386//1386
f 27//27 1385//1385 26//26
f 1385//1385 27//27 1386//1386
f 28//28 1387//1387 27//27
f 1388//1388 352//352 32//32
f 352//352 1388//1388 353//353
f 34//34 1388//1388 33//33
f 35//35 1388//1388 34//34
f 1388//1388 35//35 353//353
f 36//36 353//353 35//35
f 1389//1389 356//356 35//35
f 33//33 1390//1390 34//34
f 1389//1389 34//34 1390//1390
f 32//32 1390//1390 33//33
f 1390//1390 32//32 357//357
f 31//31 357//357 32//32
f 4233//4233 2455//2455 4234//4234
f 4235//4235 3369//3369 2453//2453
f 2454//2454 3373//3373 4236//4236
f 4237//4237 2458//2458 3368//3368
f 4238//4238 4239//4239 2456//2456
f 2457//2457 4240//4240 3370//3370
f 3372//3372 2461//2461 4241//4241
f 3371//3371 4242//4242 2459//2459
f 2460//2460 4243//4243 4244//4244
f 4245//4245 1398//1398 4246//4246
f 4247//4247 1399//1399 4248//4248
f 4247//4247 51//51 2462//2462
f 1874//1874 2467//2467 4249//4249
f 3375//3375 3378//3378 2465//2465
f 2466//2466 3382//3382 4250//4250
f 4246//4246 2470//2470 3377//3377
f 2463//2463 4244//4244 2468//2468
f 2469//2469 4241//4241 3379//3379
f 3381//3381 2473//2473 4251//4251
f 3380//3380 4236//4236 2471//2471
f 2472//2472 4234//4234 4252//4252
f 4253//4253 2476//2476 4254//4254
f 4255//4255 3384//3384 2474//2474
f 2475//2475 3388//3388 4256//4256
f 4257//4257 2479//2479 3383//3383
f 4258//4258 4259//4259 2477//2477
f 2478//2478 4260//4260 3385//3385
f 3387//3387 2482//2482 4261//4261
f 3386//3386 4262//4262 2480//2480
f 2481//2481 4263//4263 4264//4264
f 4254//4254 2485//2485 4252//4252
f 4256//4256 3390//3390 2483//2483
f 2484//2484 3394//3394 4251//4251
f 4261//4261 2488//2488 3389//3389
f 4264//4264 4265//4265 2486//2486
f 2487//2487 4266//4266 3391//3391
f 3393//3393 2491//2491 4250//4250
f 3392//3392 4267//4267 2489//2489
f 2490//2490 4268//4268 4249//4249
f 2505//2505 2493//2493 4269//4269
f 1889//1889 3396//3396 1888//1888
f 2492//2492 3399//3399 4270//4270
f 4271//4271 2496//2496 3395//3395
f 4272//4272 4273//4273 2494//2494
f 2495//2495 4274//4274 3397//3397
f 2500//2500 2499//2499 4275//4275
f 3398//3398 4276//4276 2497//2497
f 2498//2498 4277//4277 4278//4278
f 2498//2498 2499//2499 4278//4278
f 1886//1886 3396//3396 1885//1885
f 2500//2500 3399//3399 4275//4275
f 4279//4279 2503//2503 3400//3400
f 4280//4280 4281//4281 2501//2501
f 2502//2502 4282//4282 3401//3401
f 2492//2492 2493//2493 4270//4270
f 3402//3402 4283//4283 2504//2504
f 2505//2505 4284//4284 4269//4269
f 43//43 4285//4285 4286//4286
f 1418//1418 4287//4287 2506//2506
f 1419//1419 2507//2507 4288//4288
f 373//373 4289//4289 1890//1890
f 1420//1420 4290//4290 2508//2508
f 791//791 2509//2509 3403//3403
f 375//375 3404//3404 4291//4291
f 1423//1423 2510//2510 4292//4292
f 53//53 4293//4293 4294//4294
f 1424//1424 4295//4295 2511//2511
f 376//376 4297//4297 3405//3405
f 1426//1426 4298//4298 2512//2512
f 794//794 2513//2513 3406//3406
f 795//795 3407//3407 2514//2514
f 4294//4294 2517//2517 4301//4301
f 4296//4296 3409//3409 2515//2515
f 2516//2516 3413//3413 4302//4302
f 4299//4299 2520//2520 3408//3408
f 4300//4300 4286//4286 2518//2518
f 2519//2519 4288//4288 3410//3410
f 3412//3412 2523//2523 4303//4303
f 3411//3411 4291//4291 2521//2521
f 2522//2522 4292//4292 4304//4304
f 50//50 4305//4305 4306//4306
f 1432//1432 4307//4307 2524//2524
f 1433//1433 2524//2524 4308//4308
f 380//380 4309//4309 3414//3414
f 1434//1434 4310//4310 2525//2525
f 801//801 3415//3415 2526//2526
f 1435//1435 2526//2526 4312//4312
f 4306//4306 2529//2529 4313//4313
f 4308//4308 3417//3417 2527//2527
f 2528//2528 3421//3421 4314//4314
f 4311//4311 2532//2532 3416//3416
f 4312//4312 4315//4315 2530//2530
f 2531//2531 4316//4316 3418//3418
f 3420//3420 2535//2535 4317//4317
f 3419//3419 4318//4318 2533//2533
f 2534//2534 4319//4319 4320//4320
f 4321//4321 2538//2538 4322//4322
f 4323//4323 3423//3423 2536//2536
f 2537//2537 3427//3427 4324//4324
f 4325//4325 2541//2541 3422//3422
f 4326//4326 4327//4327 2539//2539
f 2540//2540 4328//4328 3424//3424
f 3426//3426 2544//2544 4329//4329
f 3425//3425 4330//4330 2542//2542
f 2543//2543 4331//4331 4332//4332
f 4322//4322 2547//2547 4333//4333
f 4324//4324 3429//3429 2545//2545
f 2546//2546 3433//3433 4334//4334
f 4329//4329 2550//2550 3428//3428
f 4332//4332 4335//4335 2548//2548
f 2549//2549 4336//4336 3430//3430
f 3432//3432 2553//2553 4337//4337
f 3431//3431 4338//4338 2551//2551
f 2552//2552 4339//4339 4340//4340
f 4341//4341 1450//1450 4342//4342
f 2557//2557 390//390 4342//4342
f 4343//4343 1452//1452 4344//4344
f 2555//2555 49//49 4344//4344
f 1906//1906 2560//2560 4340//4340
f 3436//3436 3438//3438 2558//2558
f 2559//2559 3442//3442 4337//4337
f 2556//2556 2563//2563 3437//3437
f 4343//4343 4263//4263 2561//2561
f 2562//2562 4262//4262 3439//3439
f 3441//3441 2566//2566 4334//4334
f 3440//3440 4260//4260 2564//2564
f 2565//2565 4259//4259 4333//4333
f 4345//4345 2569//2569 4346//4346
f 4347//4347 3444//3444 2567//2567
f 2568//2568 3448//3448 4348//4348
f 4349//4349 2572//2572 3443//3443
f 4350//4350 4351//4351 2570//2570
f 2571//2571 4352//4352 3445//3445
f 3447//3447 2575//2575 4353//4353
f 3446//3446 4354//4354 2573//2573
f 2574//2574 4355//4355 4356//4356
f 4357//4357 2578//2578 4358//4358
f 4359//4359 3450//3450 2576//2576
f 2577//2577 3454//3454 4360//4360
f 4361//4361 2581//2581 3449//3449
f 4362//4362 4355//4355 2579//2579
f 2580//2580 4354//4354 3451//3451
f 3453//3453 2584//2584 4363//4363
f 3452//3452 4352//4352 2582//2582
f 2583//2583 4351//4351 4364//4364
f 4365//4365 2587//2587 4366//4366
f 4367//4367 3456//3456 2585//2585
f 2586//2586 3460//3460 4368//4368
f 4369//4369 2590//2590 3455//3455
f 4370//4370 4327//4327 2588//2588
f 2589//2589 4328//4328 3457//3457
f 3459//3459 2593//2593 4371//4371
f 3458//3458 4330//4330 2591//2591
f 2592//2592 4331//4331 4372//4372
f 4373//4373 2596//2596 4374//4374
f 4375//4375 3462//3462 2594//2594
f 2595//2595 3466//3466 4376//4376
f 4377//4377 2599//2599 3461//3461
f 4378//4378 4379//4379 2597//2597
f 2598//2598 4380//4380 3463//3463
f 3465//3465 2602//2602 4381//4381
f 3464//3464 4382//4382 2600//2600
f 2601//2601 4383//4383 4384//4384
f 4374//4374 2605//2605 4385//4385
f 4376//4376 3468//3468 2603//2603
f 2604//2604 3472//3472 4386//4386
f 4381//4381 2608//2608 3467//3467
f 4384//4384 4387//4387 2606//2606
f 2607//2607 4388//4388 3469//3469
f 3471//3471 2611//2611 4389//4389
f 3470//3470 4390//4390 2609//2609
f 2610//2610 4391//4391 4392//4392
f 4393//4393 2614//2614 4394//4394
f 4395//4395 3474//3474 2612//2612
f 2613//2613 3478//3478 4396//4396
f 4397//4397 2617//2617 3473//3473
f 4398//4398 4383//4383 2615//2615
f 2616//2616 4382//4382 3475//3475
f 3477//3477 2620//2620 4399//4399
f 3476//3476 4380//4380 2618//2618
f 2619//2619 4379//4379 4400//4400
f 4394//4394 2623//2623 4401//4401
f 4396//4396 3480//3480 2621//2621
f 2622//2622 3484//3484 4402//4402
f 4399//4399 2626//2626 3479//3479
f 4400//4400 4403//4403 2624//2624
f 2625//2625 4404//4404 3481//3481
f 3483//3483 2629//2629 4405//4405
f 3482//3482 4406//4406 2627//2627
f 2628//2628 4407//4407 4408//4408
f 1485//1485 408//408 61//61
f 408//408 1485//1485 409//409
f 59//59 1485//1485 60//60
f 58//58 1485//1485 59//59
f 1485//1485 58//58 409//409
f 57//57 409//409 58//58
f 1486//1486 412//412 58//58
f 412//412 1486//1486 413//413
f 60//60 1486//1486 59//59
f 413//413 1487//1487 414//414
f 61//61 1487//1487 60//60
f 1486//1486 60//60 1487//1487
f 62//62 1487//1487 61//61
f 1488//1488 418//418 66//66
f 418//418 1488//1488 419//419
f 68//68 1488//1488 67//67
f 419//419 1489//1489 420//420
f 1490//1490 420//420 1489//1489
f 69//69 1489//1489 68//68
f 1488//1488 68//68 1489//1489
f 70//70 1490//1490 69//69
f 1491//1491 423//423 69//69
f 423//423 1491//1491 424//424
f 67//67 1492//1492 68//68
f 1491//1491 68//68 1492//1492
f 424//424 1493//1493 425//425
f 66//66 1492//1492 67//67
f 1492//1492 66//66 1493//1493
f 65//65 1493//1493 66//66
f 72//72 2634//2634 1494//1494
f 847//847 1932//1932 846//846
f 1494//1494 2630//2630 427//427
f 202//202 1774//1774 599//599
f 598//598 3876//3876 1120//1120
f 599//599 2631//2631 203//203
f 427//427 2632//2632 1495//1495
f 845//845 2154//2154 1119//1119
f 845//845 1931//1931 846//846
f 1495//1495 2632//2632 427//427
f 202//202 1773//1773 597//597
f 595//595 3878//3878 1116//1116
f 597//597 2633//2633 200//200
f 427//427 2630//2630 1494//1494
f 847//847 2151//2151 1115//1115
f 1494//1494 2634//2634 72//72
f 850//850 1934//1934 849//849
f 1496//1496 2635//2635 428//428
f 206//206 1776//1776 604//604
f 603//603 3880//3880 1126//1126
f 604//604 2636//2636 207//207
f 428//428 2637//2637 1497//1497
f 848//848 2158//2158 1125//1125
f 848//848 1933//1933 849//849
f 1497//1497 2637//2637 428//428
f 206//206 1775//1775 602//602
f 600//600 3882//3882 1122//1122
f 602//602 2638//2638 204//204
f 428//428 2635//2635 1496//1496
f 850//850 2156//2156 1121//1121
f 4409//4409 2641//2641 4410//4410
f 4411//4411 3486//3486 2639//2639
f 2640//2640 3490//3490 4412//4412
f 4413//4413 2644//2644 3485//3485
f 4414//4414 4415//4415 2642//2642
f 2643//2643 4416//4416 3487//3487
f 3489//3489 2647//2647 4417//4417
f 3488//3488 4418//4418 2645//2645
f 2646//2646 4419//4419 4420//4420
f 3884//3884 2650//2650 4421//4421
f 3886//3886 3492//3492 2648//2648
f 2649//2649 3496//3496 4422//4422
f 3891//3891 2653//2653 3491//3491
f 3894//3894 3900//3900 2651//2651
f 2652//2652 3899//3899 3493//3493
f 3495//3495 2656//2656 4423//4423
f 3494//3494 3897//3897 2654//2654
f 2655//2655 3895//3895 4424//4424
f 4425//4425 1506//1506 4426//4426
f 2660//2660 434//434 4426//4426
f 4427//4427 1508//1508 4428//4428
f 2658//2658 81//81 4428//4428
f 1942//1942 2663//2663 4429//4429
f 3499//3499 3501//3501 2661//2661
f 2662//2662 3505//3505 4430//4430
f 2659//2659 2666//2666 3500//3500
f 4427//4427 3888//3888 2664//2664
f 2665//2665 3887//3887 3502//3502
f 3504//3504 2669//2669 4431//4431
f 3503//3503 3885//3885 2667//2667
f 2668//2668 3883//3883 4432//4432
f 4433//4433 436//436 2671//2671
f 4434//4434 1513//1513 4435//4435
f 4434//4434 81//81 2670//2670
f 1947//1947 2675//2675 4436//4436
f 3506//3506 3509//3509 2673//2673
f 2674//2674 3513//3513 4437//4437
f 4433//4433 2678//2678 3508//3508
f 2670//2670 3932//3932 2676//2676
f 2677//2677 3931//3931 3510//3510
f 3512//3512 2681//2681 4438//4438
f 3511//3511 3929//3929 2679//2679
f 2680//2680 3927//3927 4439//4439
f 74//74 4440//4440 4441//4441
f 1516//1516 4442//4442 2682//2682
f 1517//1517 2683//2683 4443//4443
f 439//439 4444//4444 3514//3514
f 1518//1518 4445//4445 2684//2684
f 867//867 2685//2685 3515//3515
f 441//441 3517//3517 4446//4446
f 868//868 3516//3516 2686//2686
f 1521//1521 2687//2687 4447//4447
f 4440//4440 2690//2690 4448//4448
f 4442//4442 3519//3519 2688//2688
f 2689//2689 3523//3523 4449//4449
f 4444//4444 2693//2693 3518//3518
f 4445//4445 3915//3915 2691//2691
f 2692//2692 3917//3917 3520//3520
f 3522//3522 2696//2696 4450//4450
f 3521//3521 3919//3919 2694//2694
f 2695//2695 3920//3920 4451//4451
f 4452//4452 2699//2699 4453//4453
f 4454//4454 3525//3525 2697//2697
f 2698//2698 3529//3529 4455//4455
f 4456//4456 2702//2702 3524//3524
f 4457//4457 3908//3908 2700//2700
f 2701//2701 3907//3907 3526//3526
f 3528//3528 2705//2705 4458//4458
f 3527//3527 3905//3905 2703//2703
f 2704//2704 3903//3903 4459//4459
f 4460//4460 445//445 4461//4461
f 1960//1960 2709//2709 4463//4463
f 3531//3531 3533//3533 2707//2707
f 2708//2708 3537//3537 4464//4464
f 4460//4460 2712//2712 3532//3532
f 4462//4462 3909//3909 2710//2710
f 2711//2711 3910//3910 3534//3534
f 3536//3536 2715//2715 4465//4465
f 3535//3535 3912//3912 2713//2713
f 2714//2714 3913//3913 4466//4466
f 4467//4467 2718//2718 4410//4410
f 4468//4468 3539//3539 2716//2716
f 2717//2717 3543//3543 4412//4412
f 4469//4469 2721//2721 3538//3538
f 4470//4470 4453//4453 2719//2719
f 2720//2720 4455//4455 3540//3540
f 3542//3542 2724//2724 4417//4417
f 3541//3541 4458//4458 2722//2722
f 2723//2723 4459//4459 4420//4420
f 3935//3935 2727//2727 4471//4471
f 3936//3936 3545//3545 2725//2725
f 2726//2726 3549//3549 4472//4472
f 3939//3939 2730//2730 3544//3544
f 3942//3942 3948//3948 2728//2728
f 2729//2729 3947//3947 3546//3546
f 3548//3548 2733//2733 4473//4473
f 3547//3547 3945//3945 2731//2731
f 2732//2732 3943//3943 4474//4474
f 86//86 3944//3944 4474//4474
f 1160//1160 3946//3946 2734//2734
f 1535//1535 2735//2735 4473//4473
f 225//225 3949//3949 3550//3550
f 1162//1162 3950//3950 2736//2736
f 887//887 2737//2737 3551//3551
f 449//449 3553//3553 4472//4472
f 888//888 3552//3552 2738//2738
f 1534//1534 2739//2739 4471//4471
f 4475//4475 450//450 4476//4476
f 1973//1973 2743//2743 4478//4478
f 3556//3556 3558//3558 2741//2741
f 2742//2742 3562//3562 4479//4479
f 4475//4475 2746//2746 3557//3557
f 4477//4477 3966//3966 2744//2744
f 2745//2745 3965//3965 3559//3559
f 3561//3561 2749//2749 4480//4480
f 3560//3560 3964//3964 2747//2747
f 2748//2748 3963//3963 4481//4481
f 4482//4482 2752//2752 4483//4483
f 4484//4484 3564//3564 2750//2750
f 2751//2751 3568//3568 4485//4485
f 4486//4486 2755//2755 3563//3563
f 4487//4487 3961//3961 2753//2753
f 2754//2754 3960//3960 3565//3565
f 3567//3567 2758//2758 4488//4488
f 3566//3566 3958//3958 2756//2756
f 2757//2757 3957//3957 4489//4489
f 4483//4483 2761//2761 4490//4490
f 4485//4485 3570//3570 2759//2759
f 2760//2760 3574//3574 4491//4491
f 4488//4488 2764//2764 3569//3569
f 4489//4489 3956//3956 2762//2762
f 2763//2763 3955//3955 3571//3571
f 3573//3573 2767//2767 4492//4492
f 3572//3572 3953//3953 2765//2765
f 2766//2766 3951//3951 4493//4493
f 3952//3952 2770//2770 4494//4494
f 3954//3954 3576//3576 2768//2768
f 2769//2769 3580//3580 4495//4495
f 3959//3959 2773//2773 3575//3575
f 3962//3962 4496//4496 2771//2771
f 2772//2772 4497//4497 3577//3577
f 3579//3579 2776//2776 4498//4498
f 3578//3578 4499//4499 2774//2774
f 2775//2775 4500//4500 4501//4501
f 4502//4502 2779//2779 4503//4503
f 4504//4504 3582//3582 2777//2777
f 2778//2778 3586//3586 4505//4505
f 4506//4506 2782//2782 3581//3581
f 4507//4507 4490//4490 2780//2780
f 2781//2781 4491//4491 3583//3583
f 3585//3585 2785//2785 4508//4508
f 3584//3584 4492//4492 2783//2783
f 2784//2784 4493//4493 4509//4509
f 4510//4510 2788//2788 4511//4511
f 4512//4512 3588//3588 2786//2786
f 2787//2787 3592//3592 4513//4513
f 4514//4514 2791//2791 3587//3587
f 4515//4515 4516//4516 2789//2789
f 2790//2790 4517//4517 3589//3589
f 3591//3591 2794//2794 4518//4518
f 3590//3590 4519//4519 2792//2792
f 2793//2793 4520//4520 4521//4521
f 4511//4511 2797//2797 4522//4522
f 4513//4513 3594//3594 2795//2795
f 2796//2796 3598//3598 4523//4523
f 4518//4518 2800//2800 3593//3593
f 4521//4521 4005//4005 2798//2798
f 2799//2799 4004//4004 3595//3595
f 3597//3597 2803//2803 4524//4524
f 3596//3596 4002//4002 2801//2801
f 2802//2802 4000//4000 4525//4525
f 94//94 4526//4526 4527//4527
f 1562//1562 4528//4528 2804//2804
f 1563//1563 2805//2805 4529//4529
f 464//464 4530//4530 3599//3599
f 1564//1564 4531//4531 2806//2806
f 913//913 2807//2807 3600//3600
f 466//466 3602//3602 4532//4532
f 914//914 3601//3601 2808//2808
f 1567//1567 2809//2809 4533//4533
f 4527//4527 2812//2812 4534//4534
f 4529//4529 3604//3604 2810//2810
f 2811//2811 3608//3608 4535//4535
f 4532//4532 2815//2815 3603//3603
f 4533//4533 4536//4536 2813//2813
f 2814//2814 4537//4537 3605//3605
f 3607//3607 2818//2818 4538//4538
f 3606//3606 4539//4539 2816//2816
f 2817//2817 4540//4540 4541//4541
f 90//90 4542//4542 4543//4543
f 1572//1572 4544//4544 2819//2819
f 1573//1573 2820//2820 4545//4545
f 469//469 4546//4546 3609//3609
f 1574//1574 4547//4547 2821//2821
f 919//919 2822//2822 3610//3610
f 470//470 3612//3612 4548//4548
f 920//920 3611//3611 2823//2823
f 1575//1575 2824//2824 4549//4549
f 4543//4543 2827//2827 4550//4550
f 4545//4545 3614//3614 2825//2825
f 2826//2826 3618//3618 4551//4551
f 4548//4548 2830//2830 3613//3613
f 4549//4549 3988//3988 2828//2828
f 2829//2829 3990//3990 3615//3615
f 3617//3617 2833//2833 4552//4552
f 3616//3616 3992//3992 2831//2831
f 2832//2832 3993//3993 4553//4553
f 4554//4554 2836//2836 4555//4555
f 4556//4556 3620//3620 2834//2834
f 2835//2835 3624//3624 4557//4557
f 4558//4558 2839//2839 3619//3619
f 4559//4559 3970//3970 2837//2837
f 2838//2838 3969//3969 3621//3621
f 3623//3623 2842//2842 4560//4560
f 3622//3622 3968//3968 2840//2840
f 2841//2841 3967//3967 4561//4561
f 4562//4562 1583//1583 4563//4563
f 4564//4564 1173//1173 3971//3971
f 4564//4564 101//101 2843//2843
f 2008//2008 2848//2848 4565//4565
f 3625//3625 3628//3628 2846//2846
f 2847//2847 3632//3632 4566//4566
f 4563//4563 2851//2851 3627//3627
f 2844//2844 4567//4567 2849//2849
f 2850//2850 4568//4568 3629//3629
f 3631//3631 2854//2854 4569//4569
f 3630//3630 4570//4570 2852//2852
f 2853//2853 4571//4571 4572//4572
f 4573//4573 2857//2857 4574//4574
f 4575//4575 3634//3634 2855//2855
f 2856//2856 3638//3638 4576//4576
f 4577//4577 2860//2860 3633//3633
f 4578//4578 4579//4579 2858//2858
f 2859//2859 4580//4580 3635//3635
f 3637//3637 2863//2863 4581//4581
f 3636//3636 4582//4582 2861//2861
f 2862//2862 4583//4583 4584//4584
f 4585//4585 2866//2866 4586//4586
f 4587//4587 3640//3640 2864//2864
f 2865//2865 3644//3644 4588//4588
f 4589//4589 2869//2869 3639//3639
f 4590//4590 4520//4520 2867//2867
f 2868//2868 4519//4519 3641//3641
f 3643//3643 2872//2872 4591//4591
f 3642//3642 4517//4517 2870//2870
f 2871//2871 4516//4516 4592//4592
f 3972//3972 2875//2875 4536//4536
f 3973//3973 3646//3646 2873//2873
f 2874//2874 3650//3650 4537//4537
f 3976//3976 2878//2878 3645//3645
f 3979//3979 3985//3985 2876//2876
f 2877//2877 3984//3984 3647//3647
f 3649//3649 2881//2881 4539//4539
f 3648//3648 3982//3982 2879//2879
f 2880//2880 3980//3980 4540//4540
f 4593//4593 2884//2884 4594//4594
f 4595//4595 3652//3652 2882//2882
f 2883//2883 3656//3656 4596//4596
f 4597//4597 2887//2887 3651//3651
f 4598//4598 4496//4496 2885//2885
f 2886//2886 4497//4497 3653//3653
f 3655//3655 2890//2890 4599//4599
f 3654//3654 4499//4499 2888//2888
f 2889//2889 4500//4500 4600//4600
f 4601//4601 2893//2893 4600//4600
f 4602//4602 3658//3658 2891//2891
f 2892//2892 3662//3662 4599//4599
f 4603//4603 2896//2896 3657//3657
f 4604//4604 4571//4571 2894//2894
f 2895//2895 4570//4570 3659//3659
f 3661//3661 2899//2899 4596//4596
f 3660//3660 4568//4568 2897//2897
f 2898//2898 4567//4567 4594//4594
f 111//111 4605//4605 4606//4606
f 1604//1604 4607//4607 2900//2900
f 1605//1605 2900//2900 4608//4608
f 485//485 4609//4609 3663//3663
f 1606//1606 4610//4610 2901//2901
f 487//487 2027//2027 4611//4611
f 949//949 2901//2901 2902//2902
f 1609//1609 2903//2903 4612//4612
f 1611//1611 4613//4613 2905//2905
f 489//489 4614//4614 3665//3665
f 951//951 2904//2904 2907//2907
f 1217//1217 2906//2906 4033//4033
f 251//251 3664//3664 4032//4032
f 1613//1613 4615//4615 2908//2908
f 1215//1215 2908//2908 4030//4030
f 110//110 4616//4616 4028//4028
f 4011//4011 243//243 3666//3666
f 2909//2909 954//954 2911//2911
f 4014//4014 111//111 4019//4019
f 2910//2910 1202//1202 4018//4018
f 3666//3666 244//244 4016//4016
f 2911//2911 1200//1200 4015//4015
f 4017//4017 243//243 3667//3667
f 2912//2912 955//955 2914//2914
f 4020//4020 116//116 4013//4013
f 2913//2913 1196//1196 4012//4012
f 3667//3667 242//242 4010//4010
f 2914//2914 1194//1194 4008//4008
f 1616//1616 4617//4617 2916//2916
f 492//492 4618//4618 3669//3669
f 956//956 2915//2915 2918//2918
f 1212//1212 2917//2917 4026//4026
f 248//248 3668//3668 4025//4025
f 1618//1618 4619//4619 2919//2919
f 1210//1210 2919//2919 4023//4023
f 115//115 4620//4620 4021//4021
f 116//116 4621//4621 4622//4622
f 1619//1619 4623//4623 2920//2920
f 1620//1620 2920//2920 4624//4624
f 493//493 4625//4625 2031//2031
f 1621//1621 4626//4626 2921//2921
f 494//494 3671//3671 4627//4627
f 960//960 3670//3670 2922//2922
f 1622//1622 2923//2923 4628//4628
f 121//121 4629//4629 4630//4630
f 1623//1623 4631//4631 2924//2924
f 1624//1624 2924//2924 4632//4632
f 495//495 4633//4633 2032//2032
f 1625//1625 4634//4634 2925//2925
f 962//962 2925//2925 3672//3672
f 497//497 3673//3673 4635//4635
f 1628//1628 2926//2926 4636//4636
f 4036//4036 967//967 2928//2928
f 2034//2034 254//254 3674//3674
f 2927//2927 966//966 2931//2931
f 1816//1816 659//659 2930//2930
f 4040//4040 121//121 4045//4045
f 2929//2929 1223//1223 4044//4044
f 2033//2033 255//255 4043//4043
f 2931//2931 1222//1222 4041//4041
f 4042//4042 965//965 2933//2933
f 2033//2033 254//254 3674//3674
f 2932//2932 966//966 2936//2936
f 1817//1817 656//656 2935//2935
f 4046//4046 126//126 4039//4039
f 2934//2934 1219//1219 4038//4038
f 2034//2034 252//252 4037//4037
f 2936//2936 1218//1218 4035//4035
f 2942//2942 970//970 2937//2937
f 2038//2038 258//258 3675//3675
f 2937//2937 969//969 3676//3676
f 1820//1820 664//664 1821//1821
f 4051//4051 119//119 4055//4055
f 2938//2938 1229//1229 4054//4054
f 2296//2296 259//259 4053//4053
f 2939//2939 1228//1228 4052//4052
f 2939//2939 968//968 2940//2940
f 2036//2036 258//258 3675//3675
f 2940//2940 969//969 3676//3676
f 1818//1818 661//661 1819//1819
f 4056//4056 124//124 4050//4050
f 2941//2941 1225//1225 4049//4049
f 2292//2292 256//256 4048//4048
f 2942//2942 1224//1224 4047//4047
f 126//126 4637//4637 4638//4638
f 1633//1633 4639//4639 2943//2943
f 1634//1634 2943//2943 4640//4640
f 500//500 4641//4641 2039//2039
f 1635//1635 4642//4642 2944//2944
f 502//502 3677//3677 4643//4643
f 972//972 2944//2944 2945//2945
f 1638//1638 2946//2946 4644//4644
f 4058//4058 2949//2949 4645//4645
f 4060//4060 3679//3679 2947//2947
f 2948//2948 3683//3683 4646//4646
f 4063//4063 2952//2952 3678//3678
f 4064//4064 4647//4647 2950//2950
f 2951//2951 4648//4648 3680//3680
f 3682//3682 2955//2955 4649//4649
f 3681//3681 4650//4650 2953//2953
f 2954//2954 4651//4651 4652//4652
f 4645//4645 2958//2958 4653//4653
f 4646//4646 3685//3685 2956//2956
f 2957//2957 3689//3689 4654//4654
f 4649//4649 2961//2961 3684//3684
f 4652//4652 4065//4065 2959//2959
f 2960//2960 4067//4067 3686//3686
f 3688//3688 2964//2964 4655//4655
f 3687//3687 4069//4069 2962//2962
f 2963//2963 4070//4070 4656//4656
f 136//136 4653//4653 4657//4657
f 1643//1643 4654//4654 2965//2965
f 1645//1645 2966//2966 4658//4658
f 505//505 4655//4655 3690//3690
f 1644//1644 4656//4656 2967//2967
f 980//980 2968//2968 3691//3691
f 507//507 3692//3692 4659//4659
f 1648//1648 2969//2969 4660//4660
f 4661//4661 2972//2972 4662//4662
f 4663//4663 3694//3694 2970//2970
f 2971//2971 3698//3698 4664//4664
f 4665//4665 2975//2975 3693//3693
f 4666//4666 4651//4651 2973//2973
f 2974//2974 4650//4650 3695//3695
f 3697//3697 2978//2978 4667//4667
f 3696//3696 4648//4648 2976//2976
f 2977//2977 4647//4647 4668//4668
f 135//135 4662//4662 4669//4669
f 1650//1650 4664//4664 2979//2979
f 1653//1653 2980//2980 4670//4670
f 509//509 4667//4667 3699//3699
f 1652//1652 4668//4668 2981//2981
f 986//986 2982//2982 3700//3700
f 510//510 3702//3702 4671//4671
f 987//987 3701//3701 2983//2983
f 1654//1654 2984//2984 4672//4672
f 4669//4669 2987//2987 4660//4660
f 4670//4670 3704//3704 2985//2985
f 2986//2986 3708//3708 4659//4659
f 4671//4671 2990//2990 3703//3703
f 4672//4672 4062//4062 2988//2988
f 2989//2989 4061//4061 3705//3705
f 3707//3707 2993//2993 4658//4658
f 3706//3706 4059//4059 2991//2991
f 2992//2992 4057//4057 4657//4657
f 4673//4673 2996//2996 4674//4674
f 4675//4675 3710//3710 2994//2994
f 2995//2995 3714//3714 4676//4676
f 4677//4677 2999//2999 3709//3709
f 4678//4678 4679//4679 2997//2997
f 2998//2998 4680//4680 3711//3711
f 3713//3713 3002//3002 4681//4681
f 3712//3712 4682//4682 3000//3000
f 3001//3001 4683//4683 4684//4684
f 4674//4674 3005//3005 4685//4685
f 4676//4676 3716//3716 3003//3003
f 3004//3004 3720//3720 4686//4686
f 4681//4681 3008//3008 3715//3715
f 4684//4684 4079//4079 3006//3006
f 3007//3007 4078//4078 3717//3717
f 3719//3719 3011//3011 4687//4687
f 3718//3718 4076//4076 3009//3009
f 3010//3010 4075//4075 4688//4688
f 137//137 4685//4685 4689//4689
f 1661//1661 4686//4686 3012//3012
f 1663//1663 3013//3013 4690//4690
f 514//514 4687//4687 3721//3721
f 1662//1662 4688//4688 3014//3014
f 998//998 3015//3015 3722//3722
f 515//515 3724//3724 4691//4691
f 999//999 3723//3723 3016//3016
f 1664//1664 3017//3017 4692//4692
f 4073//4073 3020//3020 3027//3027
f 4074//4074 3726//3726 3018//3018
f 3019//3019 3730//3730 4693//4693
f 4077//4077 3023//3023 3725//3725
f 4080//4080 4683//4683 3021//3021
f 3022//3022 4682//4682 3727//3727
f 3729//3729 3026//3026 3029//3029
f 3728//3728 4680//4680 3024//3024
f 3025//3025 4679//4679 4694//4694
f 4693//4693 516//516 4695//4695
f 4696//4696 1667//1667 4695//4695
f 4694//4694 131//131 4697//4697
f 2066//2066 1004//1004 4697//4697
f 2067//2067 517//517 4698//4698
f 4699//4699 1668//1668 4698//4698
f 3028//3028 3035//3035 4692//4692
f 4696//4696 3733//3733 3033//3033
f 3034//3034 3737//3737 4691//4691
f 3032//3032 3038//3038 3732//3732
f 4699//4699 4700//4700 3036//3036
f 3037//3037 4701//4701 3734//3734
f 3736//3736 3041//3041 4690//4690
f 3735//3735 4702//4702 3039//3039
f 3040//3040 4703//4703 4689//4689
f 143//143 1671//1671 3042//3042
f 1671//1671 520//520 3738//3738
f 1672//1672 1011//1011 3739//3739
f 520//520 1673//1673 3043//3043
f 1673//1673 141//141 2320//2320
f 1009//1009 1252//1252 4087//4087
f 521//521 1010//1010 3044//3044
f 1010//1010 272//272 2322//2322
f 1674//1674 1254//1254 4090//4090
f 4704//4704 522//522 4705//4705
f 4706//4706 1676//1676 4705//4705
f 4707//4707 141//141 4708//4708
f 4709//4709 1678//1678 4708//4708
f 144//144 1679//1679 527//527
f 1015//1015 527//527 1679//1679
f 525//525 1680//1680 526//526
f 1681//1681 526//526 1680//1680
f 527//527 1014//1014 139//139
f 1682//1682 139//139 1014//1014
f 139//139 1683//1683 527//527
f 1017//1017 527//527 1683//1683
f 528//528 1684//1684 529//529
f 1685//1685 529//529 1684//1684
f 527//527 1016//1016 144//144
f 1686//1686 144//144 1016//1016
f 148//148 1257//1257 530//530
f 1018//1018 530//530 1257//1257
f 276//276 1259//1259 277//277
f 1262//1262 277//277 1259//1259
f 530//530 1018//1018 143//143
f 1260//1260 143//143 1018//1018
f 143//143 1261//1261 530//530
f 1019//1019 530//530 1261//1261
f 278//278 1263//1263 274//274
f 1258//1258 274//274 1263//1263
f 530//530 1019//1019 148//148
f 1256//1256 148//148 1019//1019
f 4710//4710 531//531 4711//4711
f 4712//4712 1688//1688 4711//4711
f 4713//4713 146//146 4714//4714
f 4715//4715 1690//1690 4714//4714
f 148//148 1691//1691 3053//3053
f 1691//1691 534//534 3742//3742
f 1692//1692 1023//1023 3743//3743
f 534//534 1693//1693 3054//3054
f 1693//1693 146//146 2315//2315
f 1021//1021 1248//1248 4081//4081
f 535//535 1022//1022 3055//3055
f 1022//1022 269//269 2317//2317
f 1694//1694 1250//1250 4084//4084
f 153//153 1695//1695 3056//3056
f 1695//1695 536//536 3744//3744
f 1696//1696 1026//1026 3745//3745
f 536//536 1697//1697 3057//3057
f 1697//1697 151//151 2329//2329
f 1024//1024 1268//1268 4101//4101
f 537//537 1025//1025 3058//3058
f 1025//1025 282//282 2331//2331
f 1698//1698 1270//1270 4104//4104
f 4716//4716 538//538 4717//4717
f 4718//4718 1700//1700 4717//4717
f 4719//4719 151//151 4720//4720
f 4721//4721 1702//1702 4720//4720
f 154//154 1030//1030 543//543
f 1029//1029 543//543 1030//1030
f 541//541 1703//1703 542//542
f 1704//1704 542//542 1703//1703
f 543//543 1029//1029 149//149
f 1705//1705 149//149 1029//1029
f 149//149 1706//1706 543//543
f 1031//1031 543//543 1706//1706
f 541//541 1707//1707 544//544
f 1708//1708 544//544 1707//1707
f 543//543 1030//1030 154//154
f 1709//1709 154//154 1030//1030
f 158//158 1273//1273 545//545
f 286//286 1275//1275 287//287
f 1278//1278 287//287 1275//1275
f 545//545 1032//1032 153//153
f 1276//1276 153//153 1032//1032
f 153//153 1277//1277 545//545
f 288//288 1279//1279 284//284
f 1274//1274 284//284 1279//1279
f 545//545 1033//1033 158//158
f 1272//1272 158//158 1033//1033
f 4722//4722 546//546 4723//4723
f 4724//4724 1711//1711 4723//4723
f 4725//4725 156//156 4726//4726
f 4727//4727 1713//1713 4726//4726
f 158//158 1714//1714 3067//3067
f 1714//1714 549//549 3748//3748
f 1715//1715 1038//1038 3749//3749
f 549//549 1716//1716 3068//3068
f 1716//1716 156//156 2324//2324
f 1036//1036 1264//1264 4094//4094
f 550//550 1037//1037 3069//3069
f 1037//1037 279//279 2326//2326
f 1717//1717 1266//1266 4097//4097
f 4109//4109 3072//3072 4728//4728
f 4111//4111 3751//3751 3070//3070
f 3071//3071 3755//3755 4729//4729
f 4114//4114 3075//3075 3750//3750
f 4115//4115 4730//4730 3073//3073
f 3074//3074 4731//4731 3752//3752
f 3754//3754 3078//3078 4732//4732
f 3753//3753 4733//4733 3076//3076
f 3077//3077 4734//4734 4735//4735
f 4728//4728 3081//3081 4736//4736
f 4729//4729 3757//3757 3079//3079
f 3080//3080 3761//3761 4737//4737
f 4732//4732 3084//3084 3756//3756
f 4735//4735 4738//4738 3082//3082
f 3083//3083 4739//4739 3758//3758
f 3760//3760 3087//3087 4740//4740
f 3759//3759 4741//4741 3085//3085
f 3086//3086 4742//4742 4743//4743
f 167//167 4744//4744 4745//4745
f 1726//1726 4746//4746 3088//3088
f 1727//1727 3089//3089 4747//4747
f 555//555 4748//4748 3762//3762
f 1728//1728 4749//4749 3090//3090
f 1045//1045 3091//3091 3763//3763
f 556//556 3765//3765 4750//4750
f 1046//1046 3764//3764 3092//3092
f 1729//1729 3093//3093 4751//4751
f 4745//4745 3096//3096 4752//4752
f 4747//4747 3767//3767 3094//3094
f 3095//3095 3771//3771 4753//4753
f 4750//4750 3099//3099 3766//3766
f 4751//4751 4113//4113 3097//3097
f 3098//3098 4112//4112 3768//3768
f 3770//3770 3102//3102 4754//4754
f 3769//3769 4110//4110 3100//3100
f 3101//3101 4108//4108 4755//4755
f 4756//4756 1732//1732 3104//3104
f 4757//4757 558//558 3772//3772
f 3103//3103 1053//1053 3774//3774
f 4758//4758 1734//1734 3105//3105
f 4759//4759 160//160 4734//4734
f 3105//3105 1720//1720 4733//4733
f 3774//3774 1052//1052 3107//3107
f 3773//3773 551//551 4731//4731
f 3106//3106 1719//1719 4730//4730
f 4760//4760 3110//3110 4761//4761
f 4762//4762 3776//3776 3108//3108
f 3109//3109 3780//3780 4763//4763
f 4764//4764 3113//3113 3775//3775
f 4765//4765 4766//4766 3111//3111
f 3112//3112 4767//4767 3777//3777
f 3779//3779 3116//3116 4768//4768
f 3778//3778 4769//4769 3114//3114
f 3115//3115 4770//4770 4771//4771
f 4761//4761 3119//3119 4772//4772
f 4763//4763 3782//3782 3117//3117
f 3118//3118 3786//3786 4773//4773
f 4768//4768 3122//3122 3781//3781
f 4771//4771 4122//4122 3120//3120
f 3121//3121 4121//4121 3783//3783
f 3785//3785 3125//3125 4774//4774
f 3784//3784 4119//4119 3123//3123
f 3124//3124 4118//4118 4775//4775
f 169//169 4772//4772 4776//4776
f 1742//1742 4773//4773 3126//3126
f 1744//1744 3127//3127 4777//4777
f 563//563 4774//4774 3787//3787
f 1743//1743 4775//4775 3128//3128
f 1060//1060 3129//3129 3788//3788
f 564//564 3790//3790 4778//4778
f 1061//1061 3789//3789 3130//3130
f 1745//1745 3131//3131 4779//4779
f 4116//4116 3134//3134 4780//4780
f 4117//4117 3792//3792 3132//3132
f 3133//3133 3796//3796 4781//4781
f 4120//4120 3137//3137 3791//3791
f 4123//4123 4770//4770 3135//3135
f 3136//3136 4769//4769 3793//3793
f 3795//3795 3140//3140 4782//4782
f 3794//3794 4767//4767 3138//3138
f 3139//3139 4766//4766 4783//4783
f 166//166 4780//4780 4784//4784
f 1746//1746 4781//4781 3141//3141
f 1748//1748 3142//3142 4785//4785
f 565//565 4782//4782 3797//3797
f 1747//1747 4783//4783 3143//3143
f 1066//1066 3144//3144 3798//3798
f 567//567 3800//3800 4786//4786
f 1067//1067 3799//3799 3145//3145
f 1751//1751 3146//3146 4787//4787
f 4784//4784 3149//3149 4779//4779
f 4785//4785 3802//3802 3147//3147
f 3148//3148 3806//3806 4778//4778
f 4786//4786 3152//3152 3801//3801
f 4787//4787 4788//4788 3150//3150
f 3151//3151 4789//4789 3803//3803
f 3805//3805 3155//3155 4777//4777
f 3804//3804 4790//4790 3153//3153
f 3154//3154 4791//4791 4776//4776
f 1754//1754 569//569 570//570
f 572//572 1755//1755 1757//1757
f 1755//1755 573//573 1756//1756
f 1757//1757 1756//1756 574//574
f 575//575 1758//1758 1760//1760
f 1758//1758 573//573 1759//1759
f 1760//1760 1759//1759 576//576
f 577//577 1761//1761 579//579
f 1761//1761 577//577 3166//3166
f 580//580 1762//1762 1764//1764
f 1762//1762 581//581 1763//1763
f 1764//1764 1763//1763 582//582
f 583//583 1766//1766 585//585
f 1766//1766 583//583 1765//1765
f 586//586 3178//3178 588//588
f 589//589 1767//1767 1769//1769
f 1767//1767 590//590 1768//1768
f 1769//1769 1768//1768 591//591
f 592//592 1770//1770 1772//1772
f 1770//1770 593//593 1771//1771
f 1772//1772 1771//1771 594//594
f 595//595 1773//1773 597//597
f 598//598 1774//1774 599//599
f 600//600 1775//1775 602//602
f 603//603 1776//1776 604//604
f 605//605 1777//1777 1779//1779
f 1777//1777 606//606 1778//1778
f 1779//1779 1778//1778 607//607
f 608//608 1780//1780 1782//1782
f 1780//1780 609//609 1781//1781
f 1782//1782 1781//1781 610//610
f 611//611 1783//1783 1785//1785
f 1783//1783 612//612 1784//1784
f 1785//1785 1784//1784 613//613
f 614//614 1786//1786 1788//1788
f 1786//1786 615//615 1787//1787
f 1788//1788 1787//1787 616//616
f 617//617 1789//1789 1791//1791
f 1789//1789 618//618 1790//1790
f 1791//1791 1790//1790 619//619
f 620//620 1793//1793 622//622
f 1793//1793 620//620 1792//1792
f 623//623 1794//1794 1796//1796
f 1794//1794 624//624 1795//1795
f 1796//1796 1795//1795 625//625
f 626//626 1797//1797 1799//1799
f 1797//1797 627//627 1798//1798
f 1799//1799 1798//1798 628//628
f 629//629 1800//1800 1802//1802
f 1800//1800 630//630 1801//1801
f 1802//1802 1801//1801 631//631
f 632//632 1804//1804 634//634
f 1804//1804 632//632 1803//1803
f 635//635 1805//1805 1807//1807
f 1805//1805 636//636 1806//1806
f 1807//1807 1806//1806 637//637
f 638//638 1808//1808 1810//1810
f 1808//1808 639//639 1809//1809
f 1810//1810 1809//1809 640//640
f 641//641 1811//1811 1813//1813
f 1811//1811 642//642 1812//1812
f 1813//1813 1812//1812 643//643
f 644//644 3266//3266 3265//3265
f 646//646 3269//3269 3267//3267
f 1814//1814 651//651 652//652
f 1815//1815 654//654 652//652
f 656//656 1816//1816 3272//3272
f 1816//1816 656//656 657//657
f 659//659 1817//1817 3274//3274
f 1817//1817 659//659 657//657
f 661//661 1818//1818 1819//1819
f 1818//1818 661//661 662//662
f 664//664 1820//1820 1821//1821
f 1820//1820 664//664 662//662
f 666//666 1822//1822 1823//1823
f 1822//1822 666//666 667//667
f 1824//1824 669//669 670//670
f 672//672 3285//3285 674//674
f 3285//3285 672//672 1825//1825
f 676//676 1827//1827 677//677
f 4092//4092 677//677 1827//1827
f 681//681 4105//4105 682//682
f 685//685 1828//1828 1829//1829
f 1828//1828 685//685 686//686
f 688//688 1830//1830 690//690
f 1830//1830 688//688 3295//3295
f 691//691 1831//1831 693//693
f 694//694 1832//1832 695//695
f 696//696 1833//1833 698//698
f 1833//1833 696//696 3304//3304
f 700//700 1834//1834 699//699
f 701//701 702//702 3308//3308
f 1835//1835 3308//3308 702//702
f 706//706 3311//3311 705//705
f 576//576 1836//1836 1838//1838
f 1836//1836 707//707 1837//1837
f 1838//1838 1837//1837 708//708
f 574//574 1839//1839 1841//1841
f 1839//1839 709//709 1840//1840
f 1841//1841 1840//1840 708//708
f 710//710 711//711 1842//1842
f 713//713 714//714 1843//1843
f 716//716 717//717 3320//3320
f 1844//1844 3320//3320 717//717
f 1845//1845 721//721 3323//3323
f 721//721 1845//1845 720//720
f 723//723 1847//1847 1849//1849
f 1847//1847 724//724 1848//1848
f 1849//1849 1848//1848 725//725
f 726//726 727//727 1850//1850
f 3333//3333 1850//1850 727//727
f 1851//1851 729//729 730//730
f 1852//1852 732//732 733//733
f 737//737 3338//3338 736//736
f 738//738 739//739 1854//1854
f 1853//1853 1854//1854 739//739
f 1855//1855 742//742 1856//1856
f 742//742 1855//1855 741//741
f 743//743 1858//1858 745//745
f 1858//1858 743//743 1857//1857
f 747//747 1859//1859 746//746
f 748//748 749//749 1860//1860
f 3354//3354 1860//1860 749//749
f 751//751 1861//1861 753//753
f 754//754 1862//1862 755//755
f 1863//1863 755//755 1862//1862
f 1864//1864 757//757 1865//1865
f 757//757 1864//1864 756//756
f 1866//1866 758//758 1867//1867
f 759//759 1867//1867 758//758
f 762//762 1868//1868 761//761
f 763//763 764//764 1869//1869
f 772//772 1870//1870 1872//1872
f 1870//1870 773//773 1871//1871
f 1872//1872 1871//1871 774//774
f 1873//1873 776//776 1874//1874
f 776//776 1873//1873 775//775
f 777//777 1875//1875 1877//1877
f 1875//1875 778//778 1876//1876
f 1877//1877 1876//1876 779//779
f 780//780 1878//1878 1880//1880
f 1878//1878 781//781 1879//1879
f 1880//1880 1879//1879 782//782
f 783//783 1881//1881 1883//1883
f 1881//1881 784//784 1882//1882
f 1883//1883 1882//1882 785//785
f 786//786 1884//1884 1886//1886
f 1884//1884 787//787 1885//1885
f 1886//1886 1885//1885 788//788
f 789//789 1887//1887 1889//1889
f 1887//1887 790//790 1888//1888
f 1889//1889 1888//1888 788//788
f 791//791 792//792 1890//1890
f 794//794 1891//1891 3405//3405
f 1891//1891 794//794 795//795
f 797//797 1892//1892 1894//1894
f 1892//1892 798//798 1893//1893
f 1894//1894 1893//1893 799//799
f 800//800 801//801 3414//3414
f 1895//1895 3414//3414 801//801
f 803//803 1896//1896 1898//1898
f 1896//1896 804//804 1897//1897
f 1898//1898 1897//1897 805//805
f 806//806 1899//1899 1901//1901
f 1899//1899 807//807 1900//1900
f 1901//1901 1900//1900 808//808
f 809//809 1902//1902 1904//1904
f 1902//1902 810//810 1903//1903
f 1904//1904 1903//1903 811//811
f 1905//1905 812//812 1906//1906
f 813//813 1906//1906 812//812
f 814//814 1907//1907 1909//1909
f 1907//1907 815//815 1908//1908
f 1909//1909 1908//1908 816//816
f 817//817 1910//1910 1912//1912
f 1910//1910 818//818 1911//1911
f 1912//1912 1911//1911 819//819
f 820//820 1913//1913 1915//1915
f 1913//1913 821//821 1914//1914
f 1915//1915 1914//1914 822//822
f 823//823 1916//1916 1918//1918
f 1916//1916 824//824 1917//1917
f 1918//1918 1917//1917 825//825
f 826//826 1919//1919 1921//1921
f 1919//1919 827//827 1920//1920
f 1921//1921 1920//1920 828//828
f 829//829 1922//1922 1924//1924
f 1922//1922 830//830 1923//1923
f 1924//1924 1923//1923 831//831
f 832//832 1925//1925 1927//1927
f 1925//1925 833//833 1926//1926
f 1927//1927 1926//1926 834//834
f 835//835 1928//1928 1930//1930
f 1928//1928 836//836 1929//1929
f 1930//1930 1929//1929 837//837
f 1931//1931 845//845 846//846
f 1932//1932 847//847 846//846
f 1933//1933 848//848 849//849
f 1934//1934 850//850 849//849
f 851//851 1935//1935 1937//1937
f 1935//1935 852//852 1936//1936
f 1937//1937 1936//1936 853//853
f 854//854 1938//1938 1940//1940
f 1938//1938 855//855 1939//1939
f 1940//1940 1939//1939 856//856
f 1941//1941 857//857 1942//1942
f 858//858 1942//1942 857//857
f 859//859 1943//1943 1945//1945
f 1943//1943 860//860 1944//1944
f 1945//1945 1944//1944 861//861
f 1946//1946 863//863 1947//1947
f 863//863 1946//1946 862//862
f 864//864 1948//1948 1950//1950
f 1948//1948 865//865 1949//1949
f 1950//1950 1949//1949 866//866
f 867//867 868//868 1952//1952
f 1951//1951 1952//1952 868//868
f 870//870 1953//1953 1955//1955
f 1953//1953 871//871 1954//1954
f 1955//1955 1954//1954 872//872
f 873//873 1956//1956 1958//1958
f 1956//1956 874//874 1957//1957
f 1958//1958 1957//1957 875//875
f 1959//1959 876//876 1960//1960
f 877//877 1960//1960 876//876
f 878//878 1961//1961 1963//1963
f 1961//1961 879//879 1962//1962
f 1963//1963 1962//1962 880//880
f 881//881 1964//1964 1966//1966
f 1964//1964 882//882 1965//1965
f 1966//1966 1965//1965 883//883
f 884//884 1967//1967 1969//1969
f 1967//1967 885//885 1968//1968
f 1969//1969 1968//1968 886//886
f 887//887 888//888 1971//1971
f 1970//1970 1971//1971 888//888
f 1972//1972 890//890 1973//1973
f 891//891 1973//1973 890//890
f 892//892 1974//1974 1976//1976
f 1974//1974 893//893 1975//1975
f 1976//1976 1975//1975 894//894
f 895//895 1977//1977 1979//1979
f 1977//1977 896//896 1978//1978
f 1979//1979 1978//1978 897//897
f 898//898 1980//1980 1982//1982
f 1980//1980 899//899 1981//1981
f 1982//1982 1981//1981 900//900
f 901//901 1983//1983 1985//1985
f 1983//1983 902//902 1984//1984
f 1985//1985 1984//1984 903//903
f 904//904 1986//1986 1988//1988
f 1986//1986 905//905 1987//1987
f 1988//1988 1987//1987 906//906
f 907//907 1989//1989 1991//1991
f 1989//1989 908//908 1990//1990
f 1991//1991 1990//1990 909//909
f 910//910 1992//1992 1994//1994
f 1992//1992 911//911 1993//1993
f 1994//1994 1993//1993 912//912
f 913//913 1995//1995 1996//1996
f 1995//1995 913//913 914//914
f 916//916 1997//1997 1999//1999
f 1997//1997 917//917 1998//1998
f 1999//1999 1998//1998 918//918
f 919//919 2000//2000 2001//2001
f 2000//2000 919//919 920//920
f 922//922 2002//2002 2004//2004
f 2002//2002 923//923 2003//2003
f 2004//2004 2003//2003 924//924
f 925//925 2005//2005 2007//2007
f 2005//2005 926//926 2006//2006
f 2007//2007 2006//2006 927//927
f 929//929 2008//2008 928//928
f 930//930 2009//2009 2011//2011
f 2009//2009 931//931 2010//2010
f 2011//2011 2010//2010 932//932
f 933//933 2012//2012 2014//2014
f 2012//2012 934//934 2013//2013
f 2014//2014 2013//2013 935//935
f 936//936 2015//2015 2017//2017
f 2015//2015 937//937 2016//2016
f 2017//2017 2016//2016 938//938
f 939//939 2018//2018 2020//2020
f 2018//2018 940//940 2019//2019
f 2020//2020 2019//2019 941//941
f 942//942 2021//2021 2023//2023
f 2021//2021 943//943 2022//2022
f 2023//2023 2022//2022 944//944
f 945//945 2024//2024 2026//2026
f 2024//2024 946//946 2025//2025
f 2026//2026 2025//2025 947//947
f 2027//2027 948//948 949//949
f 951//951 2028//2028 953//953
f 3665//3665 953//953 2028//2028
f 956//956 2029//2029 958//958
f 2030//2030 958//958 2029//2029
f 2031//2031 959//959 960//960
f 2032//2032 962//962 963//963
f 966//966 2033//2033 965//965
f 966//966 2034//2034 967//967
f 2035//2035 968//968 2036//2036
f 969//969 2036//2036 968//968
f 2037//2037 970//970 2038//2038
f 969//969 2038//2038 970//970
f 2039//2039 971//971 972//972
f 974//974 2040//2040 2042//2042
f 2040//2040 975//975 2041//2041
f 2042//2042 2041//2041 976//976
f 977//977 2043//2043 2045//2045
f 2043//2043 978//978 2044//2044
f 2045//2045 2044//2044 979//979
f 980//980 981//981 2046//2046
f 3692//3692 2046//2046 981//981
f 983//983 2047//2047 2049//2049
f 2047//2047 984//984 2048//2048
f 2049//2049 2048//2048 985//985
f 986//986 987//987 2051//2051
f 2050//2050 2051//2051 987//987
f 989//989 2052//2052 2054//2054
f 2052//2052 990//990 2053//2053
f 2054//2054 2053//2053 991//991
f 992//992 2055//2055 2057//2057
f 2055//2055 993//993 2056//2056
f 2057//2057 2056//2056 994//994
f 995//995 2058//2058 2060//2060
f 2058//2058 996//996 2059//2059
f 2060//2060 2059//2059 997//997
f 998//998 999//999 2062//2062
f 2061//2061 2062//2062 999//999
f 1001//1001 2063//2063 2065//2065
f 2063//2063 1002//1002 2064//2064
f 2065//2065 2064//2064 1003//1003
f 1004//1004 2066//2066 1005//1005
f 2067//2067 1005//1005 2066//2066
f 1006//1006 2068//2068 2070//2070
f 2068//2068 1007//1007 2069//2069
f 2070//2070 2069//2069 1008//1008
f 2071//2071 1010//1010 1011//1011
f 1012//1012 4708//4708 1013//1013
f 2072//2072 1022//1022 1023//1023
f 2073//2073 1025//1025 1026//1026
f 1027//1027 4720//4720 1028//1028
f 1034//1034 4726//4726 1035//1035
f 2074//2074 1037//1037 1038//1038
f 1039//1039 2075//2075 2077//2077
f 2075//2075 1040//1040 2076//2076
f 2077//2077 2076//2076 1041//1041
f 1042//1042 2078//2078 2080//2080
f 2078//2078 1043//1043 2079//2079
f 2080//2080 2079//2079 1044//1044
f 1045//1045 2081//2081 2082//2082
f 2081//2081 1045//1045 1046//1046
f 1048//1048 2083//2083 2085//2085
f 2083//2083 1049//1049 2084//2084
f 2085//2085 2084//2084 1050//1050
f 1053//1053 3772//3772 1052//1052
f 1054//1054 2086//2086 2088//2088
f 2086//2086 1055//1055 2087//2087
f 2088//2088 2087//2087 1056//1056
f 1057//1057 2089//2089 2091//2091
f 2089//2089 1058//1058 2090//2090
f 2091//2091 2090//2090 1059//1059
f 1060//1060 1061//1061 2093//2093
f 2092//2092 2093//2093 1061//1061
f 1063//1063 2094//2094 2096//2096
f 2094//2094 1064//1064 2095//2095
f 2096//2096 2095//2095 1065//1065
f 1066//1066 2097//2097 2098//2098
f 2097//2097 1066//1066 1067//1067
f 1069//1069 2099//2099 2101//2101
f 2099//2099 1070//1070 2100//2100
f 2101//2101 2100//2100 1071//1071
f 1072//1072 2102//2102 1073//1073
f 1074//1074 2103//2103 569//569
f 570//570 3157//3157 1077//1077
f 1078//1078 2104//2104 2105//2105
f 2104//2104 574//574 1839//1839
f 2105//2105 1839//1839 709//709
f 1079//1079 2106//2106 2108//2108
f 2106//2106 1080//1080 2107//2107
f 2108//2108 2107//2107 572//572
f 573//573 2109//2109 1758//1758
f 2109//2109 1081//1081 2110//2110
f 1758//1758 2110//2110 575//575
f 1082//1082 2111//2111 2112//2112
f 2111//2111 576//576 1836//1836
f 2112//2112 1836//1836 707//707
f 1083//1083 2113//2113 2114//2114
f 2113//2113 1081//1081 2110//2110
f 2114//2114 2110//2110 575//575
f 573//573 2115//2115 1755//1755
f 2115//2115 1080//1080 2107//2107
f 1755//1755 2107//2107 572//572
f 2116//2116 1085//1085 3827//3827
f 1085//1085 2116//2116 579//579
f 2117//2117 577//577 3165//3165
f 577//577 2117//2117 1087//1087
f 2118//2118 1089//1089 3831//3831
f 1089//1089 2118//2118 1088//1088
f 1090//1090 2119//2119 3836//3836
f 2119//2119 582//582 2120//2120
f 3836//3836 2120//2120 1091//1091
f 1092//1092 2121//2121 2123//2123
f 2121//2121 1088//1088 2122//2122
f 2123//2123 2122//2122 580//580
f 581//581 2124//2124 2126//2126
f 2124//2124 1087//1087 2125//2125
f 2126//2126 2125//2125 1093//1093
f 1095//1095 3174//3174 585//585
f 2127//2127 583//583 3173//3173
f 583//583 2127//2127 1097//1097
f 2128//2128 1099//1099 2129//2129
f 1099//1099 2128//2128 1098//1098
f 756//756 3177//3177 588//588
f 2130//2130 586//586 2131//2131
f 586//586 2130//2130 1102//1102
f 1104//1104 2132//2132 1103//1103
f 1105//1105 2133//2133 2135//2135
f 2133//2133 591//591 2134//2134
f 2135//2135 2134//2134 1106//1106
f 1107//1107 2136//2136 2138//2138
f 2136//2136 1108//1108 2137//2137
f 2138//2138 2137//2137 589//589
f 590//590 2139//2139 2141//2141
f 2139//2139 1109//1109 2140//2140
f 2141//2141 2140//2140 1110//1110
f 1111//1111 2142//2142 2144//2144
f 2142//2142 594//594 2143//2143
f 2144//2144 2143//2143 1112//1112
f 1113//1113 2145//2145 2147//2147
f 2145//2145 1109//1109 2146//2146
f 2147//2147 2146//2146 592//592
f 593//593 2148//2148 2150//2150
f 2148//2148 1108//1108 2149//2149
f 2150//2150 2149//2149 1114//1114
f 2151//2151 597//597 847//847
f 2152//2152 1117//1117 595//595
f 2153//2153 1118//1118 598//598
f 2154//2154 599//599 845//845
f 3876//3876 1118//1118 598//598
f 2155//2155 1117//1117 595//595
f 2156//2156 602//602 850//850
f 3882//3882 1123//1123 600//600
f 2157//2157 1124//1124 603//603
f 2158//2158 604//604 848//848
f 3880//3880 1124//1124 603//603
f 2159//2159 1123//1123 600//600
f 1127//1127 2160//2160 2162//2162
f 2160//2160 607//607 2161//2161
f 2162//2162 2161//2161 1128//1128
f 1129//1129 2163//2163 2165//2165
f 2163//2163 1130//1130 2164//2164
f 2165//2165 2164//2164 605//605
f 606//606 2166//2166 2168//2168
f 2166//2166 1131//1131 2167//2167
f 2168//2168 2167//2167 1132//1132
f 1133//1133 2169//2169 2171//2171
f 2169//2169 610//610 2170//2170
f 2171//2171 2170//2170 1134//1134
f 1135//1135 2172//2172 2174//2174
f 2172//2172 1131//1131 2173//2173
f 2174//2174 2173//2173 608//608
f 609//609 2175//2175 2177//2177
f 2175//2175 1130//1130 2176//2176
f 2177//2177 2176//2176 1136//1136
f 1137//1137 2178//2178 2180//2180
f 2178//2178 613//613 2179//2179
f 2180//2180 2179//2179 1138//1138
f 1139//1139 2181//2181 2183//2183
f 2181//2181 1140//1140 2182//2182
f 2183//2183 2182//2182 611//611
f 612//612 2184//2184 2186//2186
f 2184//2184 1141//1141 2185//2185
f 2186//2186 2185//2185 1142//1142
f 1143//1143 2187//2187 2189//2189
f 2187//2187 616//616 2188//2188
f 2189//2189 2188//2188 1144//1144
f 1145//1145 2190//2190 2192//2192
f 2190//2190 1146//1146 2191//2191
f 2192//2192 2191//2191 614//614
f 615//615 2193//2193 2195//2195
f 2193//2193 1147//1147 2194//2194
f 2195//2195 2194//2194 1148//1148
f 1149//1149 2196//2196 2198//2198
f 2196//2196 619//619 2197//2197
f 2198//2198 2197//2197 1150//1150
f 1151//1151 2199//2199 2201//2201
f 2199//2199 1147//1147 2200//2200
f 2201//2201 2200//2200 617//617
f 618//618 2202//2202 2204//2204
f 2202//2202 1146//1146 2203//2203
f 2204//2204 2203//2203 1152//1152
f 2205//2205 1154//1154 2206//2206
f 1154//1154 2205//2205 622//622
f 2207//2207 620//620 2208//2208
f 620//620 2207//2207 1156//1156
f 2209//2209 1158//1158 2210//2210
f 1158//1158 2209//2209 1157//1157
f 1159//1159 2211//2211 2213//2213
f 2211//2211 625//625 2212//2212
f 2213//2213 2212//2212 1160//1160
f 1161//1161 2214//2214 2216//2216
f 2214//2214 1157//1157 2215//2215
f 2216//2216 2215//2215 623//623
f 624//624 2217//2217 2219//2219
f 2217//2217 1156//1156 2218//2218
f 2219//2219 2218//2218 1162//1162
f 1163//1163 2220//2220 2222//2222
f 2220//2220 628//628 2221//2221
f 2222//2222 2221//2221 1164//1164
f 1165//1165 2223//2223 2225//2225
f 2223//2223 1166//1166 2224//2224
f 2225//2225 2224//2224 626//626
f 627//627 2226//2226 2228//2228
f 2226//2226 1167//1167 2227//2227
f 2228//2228 2227//2227 1168//1168
f 1169//1169 2229//2229 2231//2231
f 2229//2229 631//631 2230//2230
f 2231//2231 2230//2230 928//928
f 1170//1170 2232//2232 2234//2234
f 2232//2232 1171//1171 2233//2233
f 2234//2234 2233//2233 629//629
f 630//630 2235//2235 2237//2237
f 2235//2235 1172//1172 2236//2236
f 2237//2237 2236//2236 1173//1173
f 2238//2238 1175//1175 2239//2239
f 1175//1175 2238//2238 634//634
f 2240//2240 632//632 2241//2241
f 632//632 2240//2240 1177//1177
f 2242//2242 1179//1179 2243//2243
f 1179//1179 2242//2242 1178//1178
f 1180//1180 2244//2244 2246//2246
f 2244//2244 637//637 2245//2245
f 2246//2246 2245//2245 1181//1181
f 1182//1182 2247//2247 2249//2249
f 2247//2247 1178//1178 2248//2248
f 2249//2249 2248//2248 635//635
f 636//636 2250//2250 2252//2252
f 2250//2250 1177//1177 2251//2251
f 2252//2252 2251//2251 1183//1183
f 1184//1184 2253//2253 2255//2255
f 2253//2253 640//640 2254//2254
f 2255//2255 2254//2254 1185//1185
f 1186//1186 2256//2256 2258//2258
f 2256//2256 1187//1187 2257//2257
f 2258//2258 2257//2257 638//638
f 639//639 2259//2259 2261//2261
f 2259//2259 1188//1188 2260//2260
f 2261//2261 2260//2260 1189//1189
f 1190//1190 2262//2262 2264//2264
f 2262//2262 643//643 2263//2263
f 2264//2264 2263//2263 1191//1191
f 1192//1192 2265//2265 2267//2267
f 2265//2265 1188//1188 2266//2266
f 2267//2267 2266//2266 641//641
f 642//642 2268//2268 2270//2270
f 2268//2268 1187//1187 2269//2269
f 2270//2270 2269//2269 1193//1193
f 1194//1194 2271//2271 1195//1195
f 1196//1196 2272//2272 644//644
f 2273//2273 644//644 2272//2272
f 644//644 2273//2273 1199//1199
f 4014//4014 1199//1199 2273//2273
f 1200//1200 2274//2274 1201//1201
f 1202//1202 2275//2275 646//646
f 3268//3268 646//646 2275//2275
f 646//646 3268//3268 1203//1203
f 4020//4020 1203//1203 3268//3268
f 1210//1210 2276//2276 1211//1211
f 2277//2277 1211//1211 2276//2276
f 1212//1212 2278//2278 651//651
f 2279//2279 651//651 2278//2278
f 652//652 2280//2280 654//654
f 2281//2281 654//654 2280//2280
f 1215//1215 2282//2282 1216//1216
f 2283//2283 1216//1216 2282//2282
f 1217//1217 2284//2284 654//654
f 2281//2281 654//654 2284//2284
f 652//652 2285//2285 651//651
f 2279//2279 651//651 2285//2285
f 1218//1218 2034//2034 967//967
f 1219//1219 2286//2286 656//656
f 657//657 2287//2287 659//659
f 2288//2288 659//659 2287//2287
f 1222//1222 2033//2033 965//965
f 1223//1223 2289//2289 659//659
f 657//657 2290//2290 656//656
f 2291//2291 656//656 2290//2290
f 1224//1224 2292//2292 970//970
f 2037//2037 970//970 2292//2292
f 1225//1225 2293//2293 661//661
f 662//662 2294//2294 664//664
f 2295//2295 664//664 2294//2294
f 1228//1228 2296//2296 968//968
f 2035//2035 968//968 2296//2296
f 1229//1229 2297//2297 664//664
f 662//662 2298//2298 661//661
f 2299//2299 661//661 2298//2298
f 1230//1230 2300//2300 1231//1231
f 2301//2301 1231//1231 2300//2300
f 1232//1232 2302//2302 666//666
f 2303//2303 666//666 2302//2302
f 667//667 2304//2304 1235//1235
f 2305//2305 1235//1235 2304//2304
f 1236//1236 2306//2306 1237//1237
f 1238//1238 2307//2307 669//669
f 670//670 2308//2308 1241//1241
f 2309//2309 1241//1241 2308//2308
f 2310//2310 1243//1243 2311//2311
f 1243//1243 2310//2310 674//674
f 2312//2312 672//672 2313//2313
f 672//672 2312//2312 1245//1245
f 1247//1247 2314//2314 1246//1246
f 2315//2315 1248//1248 2316//2316
f 1249//1249 2316//2316 1248//1248
f 2317//2317 1250//1250 2318//2318
f 675//675 2318//2318 1250//1250
f 3286//3286 675//675 2319//2319
f 1251//1251 2319//2319 675//675
f 2320//2320 1252//1252 2321//2321
f 1253//1253 2321//2321 1252//1252
f 2322//2322 1254//1254 3287//3287
f 676//676 3287//3287 1254//1254
f 3287//3287 677//677 2323//2323
f 1255//1255 2323//2323 677//677
f 2324//2324 1264//1264 2325//2325
f 1265//1265 2325//2325 1264//1264
f 2326//2326 1266//1266 2327//2327
f 680//680 2327//2327 1266//1266
f 2327//2327 680//680 2328//2328
f 1267//1267 2328//2328 680//680
f 2329//2329 1268//1268 2330//2330
f 1269//1269 2330//2330 1268//1268
f 2331//2331 1270//1270 2332//2332
f 681//681 2332//2332 1270//1270
f 2333//2333 682//682 2334//2334
f 1271//1271 2334//2334 682//682
f 1280//1280 2335//2335 1281//1281
f 2336//2336 1281//1281 2335//2335
f 1282//1282 2337//2337 685//685
f 2338//2338 685//685 2337//2337
f 686//686 2339//2339 1285//1285
f 2340//2340 1285//1285 2339//2339
f 1287//1287 2341//2341 690//690
f 688//688 2342//2342 1289//1289
f 1291//1291 2343//2343 1290//1290
f 1293//1293 2344//2344 693//693
f 2345//2345 691//691 3297//3297
f 691//691 2345//2345 1295//1295
f 2346//2346 1297//1297 2347//2347
f 1297//1297 2346//2346 1296//1296
f 2348//2348 1293//1293 2349//2349
f 1298//1298 2349//2349 1293//1293
f 694//694 2347//2347 1297//1297
f 2350//2350 695//695 2351//2351
f 1299//1299 2351//2351 695//695
f 2352//2352 699//699 2353//2353
f 699//699 2352//2352 698//698
f 2354//2354 696//696 3302//3302
f 696//696 2354//2354 1296//1296
f 2355//2355 1302//1302 2356//2356
f 1302//1302 2355//2355 1295//1295
f 1303//1303 4133//4133 1302//1302
f 700//700 2357//2357 1304//1304
f 1303//1303 2359//2359 701//701
f 2359//2359 1303//1303 2358//2358
f 702//702 3309//3309 1305//1305
f 1306//1306 2360//2360 2361//2361
f 2360//2360 1306//1306 706//706
f 2362//2362 1308//1308 1074//1074
f 705//705 2363//2363 3313//3313
f 2363//2363 705//705 1072//1072
f 709//709 1840//1840 2365//2365
f 1840//1840 708//708 2364//2364
f 2365//2365 2364//2364 1310//1310
f 575//575 2114//2114 1760//1760
f 2114//2114 1083//1083 2366//2366
f 1760//1760 2366//2366 576//576
f 707//707 2112//2112 2368//2368
f 2112//2112 1082//1082 2367//2367
f 2368//2368 2367//2367 1311//1311
f 707//707 1837//1837 2368//2368
f 1837//1837 708//708 2369//2369
f 2368//2368 2369//2369 1311//1311
f 572//572 2108//2108 1757//1757
f 2108//2108 1079//1079 2370//2370
f 1757//1757 2370//2370 574//574
f 709//709 2105//2105 2365//2365
f 2105//2105 1078//1078 2371//2371
f 2365//2365 2371//2371 1310//1310
f 1312//1312 2372//2372 717//717
f 1313//1313 2373//2373 710//710
f 711//711 2374//2374 1316//1316
f 1317//1317 2375//2375 1318//1318
f 1319//1319 2377//2377 713//713
f 2377//2377 1319//1319 2376//2376
f 714//714 2379//2379 1320//1320
f 2379//2379 714//714 2378//2378
f 1318//1318 2380//2380 1321//1321
f 1320//1320 2382//2382 716//716
f 2382//2382 1320//1320 2381//2381
f 717//717 3321//3321 1324//1324
f 1325//1325 721//721 2383//2383
f 3325//3325 2383//2383 721//721
f 1327//1327 1324//1324 2385//2385
f 2384//2384 2385//2385 1324//1324
f 720//720 1321//1321 2387//2387
f 2386//2386 2387//2387 1321//1321
f 2388//2388 1330//1330 2389//2389
f 1330//1330 2388//2388 1329//1329
f 2390//2390 722//722 3326//3326
f 722//722 2390//2390 1331//1331
f 3326//3326 1332//1332 2391//2391
f 1332//1332 3326//3326 722//722
f 1085//1085 2392//2392 2394//2394
f 2392//2392 725//725 2393//2393
f 2394//2394 2393//2393 1333//1333
f 1089//1089 2395//2395 2397//2397
f 2395//2395 1092//1092 2396//2396
f 2397//2397 2396//2396 723//723
f 724//724 2398//2398 2399//2399
f 2399//2399 2398//2398 1334//1334
f 1091//1091 2400//2400 1334//1334
f 1093//1093 2402//2402 726//726
f 2402//2402 1093//1093 2401//2401
f 727//727 2403//2403 1333//1333
f 2403//2403 727//727 3332//3332
f 1335//1335 2404//2404 1336//1336
f 1337//1337 2405//2405 729//729
f 3334//3334 729//729 2405//2405
f 730//730 2406//2406 1340//1340
f 2407//2407 1340//1340 2406//2406
f 1341//1341 2408//2408 1342//1342
f 1343//1343 2409//2409 732//732
f 733//733 2410//2410 1346//1346
f 2411//2411 1347//1347 737//737
f 2412//2412 1349//1349 1098//1098
f 736//736 2413//2413 3340//3340
f 2413//2413 736//736 1097//1097
f 1095//1095 2415//2415 741//741
f 2415//2415 1095//1095 2414//2414
f 1099//1099 2416//2416 738//738
f 2416//2416 1099//1099 3850//3850
f 739//739 3342//3342 1353//1353
f 1354//1354 2417//2417 1355//1355
f 2417//2417 1354//1354 4205//4205
f 1354//1354 2418//2418 1353//1353
f 2418//2418 1354//1354 4203//4203
f 2419//2419 746//746 2420//2420
f 746//746 2419//2419 745//745
f 2421//2421 743//743 3346//3346
f 743//743 2421//2421 1358//1358
f 2422//2422 1360//1360 2423//2423
f 1360//1360 2422//2422 1359//1359
f 1360//1360 2424//2424 1361//1361
f 1362//1362 3351//3351 1361//1361
f 2425//2425 1361//1361 3351//3351
f 747//747 2426//2426 1102//1102
f 1362//1362 2427//2427 748//748
f 2427//2427 1362//1362 4211//4211
f 749//749 2428//2428 1103//1103
f 2429//2429 1364//1364 2430//2430
f 1364//1364 2429//2429 753//753
f 2431//2431 751//751 2432//2432
f 751//751 2431//2431 1359//1359
f 1366//1366 2433//2433 1358//1358
f 2434//2434 1364//1364 2435//2435
f 1367//1367 2435//2435 1364//1364
f 754//754 3357//3357 1366//1366
f 2436//2436 755//755 2437//2437
f 1368//1368 2437//2437 755//755
f 1369//1369 2439//2439 1370//1370
f 2439//2439 1369//1369 2438//2438
f 1369//1369 2441//2441 1104//1104
f 2441//2441 1369//1369 2440//2440
f 1371//1371 2442//2442 1372//1372
f 4224//4224 1372//1372 2442//2442
f 1373//1373 2443//2443 1372//1372
f 4222//4222 1372//1372 2443//2443
f 759//759 2444//2444 2445//2445
f 2444//2444 759//759 762//762
f 2446//2446 1373//1373 1305//1305
f 761//761 2447//2447 2448//2448
f 2447//2447 761//761 1304//1304
f 1374//1374 2449//2449 1375//1375
f 1376//1376 2450//2450 763//763
f 764//764 2452//2452 1377//1377
f 2452//2452 764//764 2451//2451
f 1391//1391 2453//2453 2455//2455
f 2453//2453 774//774 2454//2454
f 2455//2455 2454//2454 1392//1392
f 1393//1393 2456//2456 2458//2458
f 2456//2456 1394//1394 2457//2457
f 2458//2458 2457//2457 772//772
f 773//773 2459//2459 2461//2461
f 2459//2459 1395//1395 2460//2460
f 2461//2461 2460//2460 1396//1396
f 1397//1397 2463//2463 1398//1398
f 2463//2463 1397//1397 2462//2462
f 1397//1397 2464//2464 1399//1399
f 2464//2464 1397//1397 4245//4245
f 776//776 2465//2465 2467//2467
f 2465//2465 779//779 2466//2466
f 2467//2467 2466//2466 1400//1400
f 1398//1398 2468//2468 2470//2470
f 2468//2468 1396//1396 2469//2469
f 2470//2470 2469//2469 777//777
f 778//778 2471//2471 2473//2473
f 2471//2471 1392//1392 2472//2472
f 2473//2473 2472//2472 1401//1401
f 1402//1402 2474//2474 2476//2476
f 2474//2474 782//782 2475//2475
f 2476//2476 2475//2475 1403//1403
f 1404//1404 2477//2477 2479//2479
f 2477//2477 1405//1405 2478//2478
f 2479//2479 2478//2478 780//780
f 781//781 2480//2480 2482//2482
f 2480//2480 1406//1406 2481//2481
f 2482//2482 2481//2481 1407//1407
f 1403//1403 2483//2483 2485//2485
f 2483//2483 785//785 2484//2484
f 2485//2485 2484//2484 1401//1401
f 1407//1407 2486//2486 2488//2488
f 2486//2486 1408//1408 2487//2487
f 2488//2488 2487//2487 783//783
f 784//784 2489//2489 2491//2491
f 2489//2489 1409//1409 2490//2490
f 2491//2491 2490//2490 1400//1400
f 790//790 1888//1888 2493//2493
f 1888//1888 788//788 2492//2492
f 2493//2493 2492//2492 1410//1410
f 1411//1411 2494//2494 2496//2496
f 2494//2494 1412//1412 2495//2495
f 2496//2496 2495//2495 786//786
f 787//787 2497//2497 2499//2499
f 2497//2497 1413//1413 2498//2498
f 2499//2499 2498//2498 1414//1414
f 787//787 1885//1885 2499//2499
f 1885//1885 788//788 2500//2500
f 2499//2499 2500//2500 1414//1414
f 1415//1415 2501//2501 2503//2503
f 2501//2501 1416//1416 2502//2502
f 2503//2503 2502//2502 789//789
f 790//790 2504//2504 2493//2493
f 2504//2504 1417//1417 2505//2505
f 2493//2493 2505//2505 1410//1410
f 1418//1418 2507//2507 1419//1419
f 2507//2507 1418//1418 2506//2506
f 1420//1420 2509//2509 791//791
f 2509//2509 1420//1420 2508//2508
f 792//792 2510//2510 1423//1423
f 2510//2510 792//792 3403//3403
f 1424//1424 2511//2511 1425//1425
f 4296//4296 1425//1425 2511//2511
f 1426//1426 2512//2512 794//794
f 2513//2513 794//794 2512//2512
f 795//795 2514//2514 1429//1429
f 4300//4300 1429//1429 2514//2514
f 1425//1425 2515//2515 2517//2517
f 2515//2515 799//799 2516//2516
f 2517//2517 2516//2516 1430//1430
f 1429//1429 2518//2518 2520//2520
f 2518//2518 1419//1419 2519//2519
f 2520//2520 2519//2519 797//797
f 798//798 2521//2521 2523//2523
f 2521//2521 1423//1423 2522//2522
f 2523//2523 2522//2522 1431//1431
f 1432//1432 2524//2524 1433//1433
f 1434//1434 2525//2525 800//800
f 801//801 2526//2526 1435//1435
f 1433//1433 2527//2527 2529//2529
f 2527//2527 805//805 2528//2528
f 2529//2529 2528//2528 1436//1436
f 1435//1435 2530//2530 2532//2532
f 2530//2530 1437//1437 2531//2531
f 2532//2532 2531//2531 803//803
f 804//804 2533//2533 2535//2535
f 2533//2533 1438//1438 2534//2534
f 2535//2535 2534//2534 1439//1439
f 1440//1440 2536//2536 2538//2538
f 2536//2536 808//808 2537//2537
f 2538//2538 2537//2537 1441//1441
f 1442//1442 2539//2539 2541//2541
f 2539//2539 1443//1443 2540//2540
f 2541//2541 2540//2540 806//806
f 807//807 2542//2542 2544//2544
f 2542//2542 1444//1444 2543//2543
f 2544//2544 2543//2543 1445//1445
f 1441//1441 2545//2545 2547//2547
f 2545//2545 811//811 2546//2546
f 2547//2547 2546//2546 1446//1446
f 1445//1445 2548//2548 2550//2550
f 2548//2548 1447//1447 2549//2549
f 2550//2550 2549//2549 809//809
f 810//810 2551//2551 2553//2553
f 2551//2551 1448//1448 2552//2552
f 2553//2553 2552//2552 1449//1449
f 1450//1450 2554//2554 1451//1451
f 2555//2555 1451//1451 2554//2554
f 1452//1452 2556//2556 1451//1451
f 2557//2557 1451//1451 2556//2556
f 813//813 2558//2558 2560//2560
f 2558//2558 816//816 2559//2559
f 2560//2560 2559//2559 1449//1449
f 1452//1452 2561//2561 2563//2563
f 2561//2561 1406//1406 2562//2562
f 2563//2563 2562//2562 814//814
f 815//815 2564//2564 2566//2566
f 2564//2564 1405//1405 2565//2565
f 2566//2566 2565//2565 1446//1446
f 1453//1453 2567//2567 2569//2569
f 2567//2567 819//819 2568//2568
f 2569//2569 2568//2568 1454//1454
f 1455//1455 2570//2570 2572//2572
f 2570//2570 1456//1456 2571//2571
f 2572//2572 2571//2571 817//817
f 818//818 2573//2573 2575//2575
f 2573//2573 1457//1457 2574//2574
f 2575//2575 2574//2574 1458//1458
f 1459//1459 2576//2576 2578//2578
f 2576//2576 822//822 2577//2577
f 2578//2578 2577//2577 1460//1460
f 1461//1461 2579//2579 2581//2581
f 2579//2579 1457//1457 2580//2580
f 2581//2581 2580//2580 820//820
f 821//821 2582//2582 2584//2584
f 2582//2582 1456//1456 2583//2583
f 2584//2584 2583//2583 1462//1462
f 1463//1463 2585//2585 2587//2587
f 2585//2585 825//825 2586//2586
f 2587//2587 2586//2586 1464//1464
f 1465//1465 2588//2588 2590//2590
f 2588//2588 1443//1443 2589//2589
f 2590//2590 2589//2589 823//823
f 824//824 2591//2591 2593//2593
f 2591//2591 1444//1444 2592//2592
f 2593//2593 2592//2592 1466//1466
f 1467//1467 2594//2594 2596//2596
f 2594//2594 828//828 2595//2595
f 2596//2596 2595//2595 1468//1468
f 1469//1469 2597//2597 2599//2599
f 2597//2597 1470//1470 2598//2598
f 2599//2599 2598//2598 826//826
f 827//827 2600//2600 2602//2602
f 2600//2600 1471//1471 2601//2601
f 2602//2602 2601//2601 1472//1472
f 1468//1468 2603//2603 2605//2605
f 2603//2603 831//831 2604//2604
f 2605//2605 2604//2604 1473//1473
f 1472//1472 2606//2606 2608//2608
f 2606//2606 1474//1474 2607//2607
f 2608//2608 2607//2607 829//829
f 830//830 2609//2609 2611//2611
f 2609//2609 1475//1475 2610//2610
f 2611//2611 2610//2610 1476//1476
f 1477//1477 2612//2612 2614//2614
f 2612//2612 834//834 2613//2613
f 2614//2614 2613//2613 1478//1478
f 1479//1479 2615//2615 2617//2617
f 2615//2615 1471//1471 2616//2616
f 2617//2617 2616//2616 832//832
f 833//833 2618//2618 2620//2620
f 2618//2618 1470//1470 2619//2619
f 2620//2620 2619//2619 1480//1480
f 1478//1478 2621//2621 2623//2623
f 2621//2621 837//837 2622//2622
f 2623//2623 2622//2622 1481//1481
f 1480//1480 2624//2624 2626//2626
f 2624//2624 1482//1482 2625//2625
f 2626//2626 2625//2625 835//835
f 836//836 2627//2627 2629//2629
f 2627//2627 1483//1483 2628//2628
f 2629//2629 2628//2628 1484//1484
f 847//847 2630//2630 1494//1494
f 598//598 2631//2631 599//599
f 845//845 3877//3877 1495//1495
f 845//845 2632//2632 1495//1495
f 595//595 2633//2633 597//597
f 847//847 2634//2634 1494//1494
f 850//850 2635//2635 1496//1496
f 603//603 2636//2636 604//604
f 848//848 3881//3881 1497//1497
f 848//848 2637//2637 1497//1497
f 600//600 2638//2638 602//602
f 850//850 3879//3879 1496//1496
f 1498//1498 2639//2639 2641//2641
f 2639//2639 853//853 2640//2640
f 2641//2641 2640//2640 1499//1499
f 1500//1500 2642//2642 2644//2644
f 2642//2642 1501//1501 2643//2643
f 2644//2644 2643//2643 851//851
f 852//852 2645//2645 2647//2647
f 2645//2645 1502//1502 2646//2646
f 2647//2647 2646//2646 1503//1503
f 1128//1128 2648//2648 2650//2650
f 2648//2648 856//856 2649//2649
f 2650//2650 2649//2649 1504//1504
f 1132//1132 2651//2651 2653//2653
f 2651//2651 1135//1135 2652//2652
f 2653//2653 2652//2652 854//854
f 855//855 2654//2654 2656//2656
f 2654//2654 1133//1133 2655//2655
f 2656//2656 2655//2655 1505//1505
f 1506//1506 2657//2657 1507//1507
f 2658//2658 1507//1507 2657//2657
f 1508//1508 2659//2659 1507//1507
f 2660//2660 1507//1507 2659//2659
f 858//858 2661//2661 2663//2663
f 2661//2661 861//861 2662//2662
f 2663//2663 2662//2662 1509//1509
f 1508//1508 2664//2664 2666//2666
f 2664//2664 1129//1129 2665//2665
f 2666//2666 2665//2665 859//859
f 860//860 2667//2667 2669//2669
f 2667//2667 1127//1127 2668//2668
f 2669//2669 2668//2668 1510//1510
f 1511//1511 2670//2670 1512//1512
f 1511//1511 2672//2672 1513//1513
f 2672//2672 1511//1511 2671//2671
f 863//863 2673//2673 2675//2675
f 2673//2673 866//866 2674//2674
f 2675//2675 2674//2674 1514//1514
f 1512//1512 2676//2676 2678//2678
f 2676//2676 1151//1151 2677//2677
f 2678//2678 2677//2677 864//864
f 865//865 2679//2679 2681//2681
f 2679//2679 1149//1149 2680//2680
f 2681//2681 2680//2680 1515//1515
f 1516//1516 2683//2683 1517//1517
f 2683//2683 1516//1516 2682//2682
f 1518//1518 2685//2685 867//867
f 2685//2685 1518//1518 2684//2684
f 868//868 2687//2687 1521//1521
f 2687//2687 868//868 2686//2686
f 1516//1516 2688//2688 2690//2690
f 2688//2688 872//872 2689//2689
f 2690//2690 2689//2689 1522//1522
f 1518//1518 2691//2691 2693//2693
f 2691//2691 1143//1143 2692//2692
f 2693//2693 2692//2692 870//870
f 871//871 2694//2694 2696//2696
f 2694//2694 1145//1145 2695//2695
f 2696//2696 2695//2695 1523//1523
f 1524//1524 2697//2697 2699//2699
f 2697//2697 875//875 2698//2698
f 2699//2699 2698//2698 1525//1525
f 1526//1526 2700//2700 2702//2702
f 2700//2700 1139//1139 2701//2701
f 2702//2702 2701//2701 873//873
f 874//874 2703//2703 2705//2705
f 2703//2703 1137//1137 2704//2704
f 2705//2705 2704//2704 1527//1527
f 1528//1528 4462//4462 1529//1529
f 4462//4462 1528//1528 2706//2706
f 877//877 2707//2707 2709//2709
f 2707//2707 880//880 2708//2708
f 2709//2709 2708//2708 1530//1530
f 1529//1529 2710//2710 2712//2712
f 2710//2710 1140//1140 2711//2711
f 2712//2712 2711//2711 878//878
f 879//879 2713//2713 2715//2715
f 2713//2713 1141//1141 2714//2714
f 2715//2715 2714//2714 1531//1531
f 1532//1532 2716//2716 2718//2718
f 2716//2716 883//883 2717//2717
f 2718//2718 2717//2717 1499//1499
f 1533//1533 2719//2719 2721//2721
f 2719//2719 1525//1525 2720//2720
f 2721//2721 2720//2720 881//881
f 882//882 2722//2722 2724//2724
f 2722//2722 1527//1527 2723//2723
f 2724//2724 2723//2723 1503//1503
f 1154//1154 2725//2725 2727//2727
f 2725//2725 886//886 2726//2726
f 2727//2727 2726//2726 1534//1534
f 1158//1158 2728//2728 2730//2730
f 2728//2728 1161//1161 2729//2729
f 2730//2730 2729//2729 884//884
f 885//885 2731//2731 2733//2733
f 2731//2731 1159//1159 2732//2732
f 2733//2733 2732//2732 1535//1535
f 1160//1160 2735//2735 1535//1535
f 2735//2735 1160//1160 2734//2734
f 1162//1162 2737//2737 887//887
f 2737//2737 1162//1162 2736//2736
f 888//888 2739//2739 1534//1534
f 2739//2739 888//888 2738//2738
f 1536//1536 4477//4477 1537//1537
f 4477//4477 1536//1536 2740//2740
f 891//891 2741//2741 2743//2743
f 2741//2741 894//894 2742//2742
f 2743//2743 2742//2742 1538//1538
f 1537//1537 2744//2744 2746//2746
f 2744//2744 1170//1170 2745//2745
f 2746//2746 2745//2745 892//892
f 893//893 2747//2747 2749//2749
f 2747//2747 1169//1169 2748//2748
f 2749//2749 2748//2748 1539//1539
f 1540//1540 2750//2750 2752//2752
f 2750//2750 897//897 2751//2751
f 2752//2752 2751//2751 1541//1541
f 1542//1542 2753//2753 2755//2755
f 2753//2753 1167//1167 2754//2754
f 2755//2755 2754//2754 895//895
f 896//896 2756//2756 2758//2758
f 2756//2756 1166//1166 2757//2757
f 2758//2758 2757//2757 1543//1543
f 1541//1541 2759//2759 2761//2761
f 2759//2759 900//900 2760//2760
f 2761//2761 2760//2760 1544//1544
f 1543//1543 2762//2762 2764//2764
f 2762//2762 1165//1165 2763//2763
f 2764//2764 2763//2763 898//898
f 899//899 2765//2765 2767//2767
f 2765//2765 1163//1163 2766//2766
f 2767//2767 2766//2766 1545//1545
f 1164//1164 2768//2768 2770//2770
f 2768//2768 903//903 2769//2769
f 2770//2770 2769//2769 1546//1546
f 1168//1168 2771//2771 2773//2773
f 2771//2771 1547//1547 2772//2772
f 2773//2773 2772//2772 901//901
f 902//902 2774//2774 2776//2776
f 2774//2774 1548//1548 2775//2775
f 2776//2776 2775//2775 1549//1549
f 1550//1550 2777//2777 2779//2779
f 2777//2777 906//906 2778//2778
f 2779//2779 2778//2778 1551//1551
f 1552//1552 2780//2780 2782//2782
f 2780//2780 1544//1544 2781//2781
f 2782//2782 2781//2781 904//904
f 905//905 2783//2783 2785//2785
f 2783//2783 1545//1545 2784//2784
f 2785//2785 2784//2784 1553//1553
f 1554//1554 2786//2786 2788//2788
f 2786//2786 909//909 2787//2787
f 2788//2788 2787//2787 1555//1555
f 1556//1556 2789//2789 2791//2791
f 2789//2789 1557//1557 2790//2790
f 2791//2791 2790//2790 907//907
f 908//908 2792//2792 2794//2794
f 2792//2792 1558//1558 2793//2793
f 2794//2794 2793//2793 1559//1559
f 1555//1555 2795//2795 2797//2797
f 2795//2795 912//912 2796//2796
f 2797//2797 2796//2796 1560//1560
f 1559//1559 2798//2798 2800//2800
f 2798//2798 1192//1192 2799//2799
f 2800//2800 2799//2799 910//910
f 911//911 2801//2801 2803//2803
f 2801//2801 1190//1190 2802//2802
f 2803//2803 2802//2802 1561//1561
f 1562//1562 2804//2804 1563//1563
f 2805//2805 1563//1563 2804//2804
f 1564//1564 2806//2806 913//913
f 2807//2807 913//913 2806//2806
f 914//914 2808//2808 1567//1567
f 2809//2809 1567//1567 2808//2808
f 1563//1563 2810//2810 2812//2812
f 2810//2810 918//918 2811//2811
f 2812//2812 2811//2811 1568//1568
f 1567//1567 2813//2813 2815//2815
f 2813//2813 1569//1569 2814//2814
f 2815//2815 2814//2814 916//916
f 917//917 2816//2816 2818//2818
f 2816//2816 1570//1570 2817//2817
f 2818//2818 2817//2817 1571//1571
f 1572//1572 2819//2819 1573//1573
f 2820//2820 1573//1573 2819//2819
f 1574//1574 2821//2821 919//919
f 2822//2822 919//919 2821//2821
f 920//920 2823//2823 1575//1575
f 2824//2824 1575//1575 2823//2823
f 1573//1573 2825//2825 2827//2827
f 2825//2825 924//924 2826//2826
f 2827//2827 2826//2826 1576//1576
f 1575//1575 2828//2828 2830//2830
f 2828//2828 1184//1184 2829//2829
f 2830//2830 2829//2829 922//922
f 923//923 2831//2831 2833//2833
f 2831//2831 1186//1186 2832//2832
f 2833//2833 2832//2832 1577//1577
f 1578//1578 2834//2834 2836//2836
f 2834//2834 927//927 2835//2835
f 2836//2836 2835//2835 1579//1579
f 1580//1580 2837//2837 2839//2839
f 2837//2837 1172//1172 2838//2838
f 2839//2839 2838//2838 925//925
f 926//926 2840//2840 2842//2842
f 2840//2840 1171//1171 2841//2841
f 2842//2842 2841//2841 1581//1581
f 1582//1582 2844//2844 1583//1583
f 2844//2844 1582//1582 2843//2843
f 1582//1582 2845//2845 1173//1173
f 2845//2845 1582//1582 4562//4562
f 929//929 2846//2846 2848//2848
f 2846//2846 932//932 2847//2847
f 2848//2848 2847//2847 1584//1584
f 1583//1583 2849//2849 2851//2851
f 2849//2849 1585//1585 2850//2850
f 2851//2851 2850//2850 930//930
f 931//931 2852//2852 2854//2854
f 2852//2852 1586//1586 2853//2853
f 2854//2854 2853//2853 1587//1587
f 1588//1588 2855//2855 2857//2857
f 2855//2855 935//935 2856//2856
f 2857//2857 2856//2856 1589//1589
f 1590//1590 2858//2858 2860//2860
f 2858//2858 1591//1591 2859//2859
f 2860//2860 2859//2859 933//933
f 934//934 2861//2861 2863//2863
f 2861//2861 1592//1592 2862//2862
f 2863//2863 2862//2862 1593//1593
f 1594//1594 2864//2864 2866//2866
f 2864//2864 938//938 2865//2865
f 2866//2866 2865//2865 1595//1595
f 1596//1596 2867//2867 2869//2869
f 2867//2867 1558//1558 2868//2868
f 2869//2869 2868//2868 936//936
f 937//937 2870//2870 2872//2872
f 2870//2870 1557//1557 2871//2871
f 2872//2872 2871//2871 1597//1597
f 1175//1175 2873//2873 2875//2875
f 2873//2873 941//941 2874//2874
f 2875//2875 2874//2874 1569//1569
f 1179//1179 2876//2876 2878//2878
f 2876//2876 1182//1182 2877//2877
f 2878//2878 2877//2877 939//939
f 940//940 2879//2879 2881//2881
f 2879//2879 1180//1180 2880//2880
f 2881//2881 2880//2880 1570//1570
f 1598//1598 2882//2882 2884//2884
f 2882//2882 944//944 2883//2883
f 2884//2884 2883//2883 1599//1599
f 1600//1600 2885//2885 2887//2887
f 2885//2885 1547//1547 2886//2886
f 2887//2887 2886//2886 942//942
f 943//943 2888//2888 2890//2890
f 2888//2888 1548//1548 2889//2889
f 2890//2890 2889//2889 1601//1601
f 1602//1602 2891//2891 2893//2893
f 2891//2891 947//947 2892//2892
f 2893//2893 2892//2892 1601//1601
f 1603//1603 2894//2894 2896//2896
f 2894//2894 1586//1586 2895//2895
f 2896//2896 2895//2895 945//945
f 946//946 2897//2897 2899//2899
f 2897//2897 1585//1585 2898//2898
f 2899//2899 2898//2898 1599//1599
f 1604//1604 2900//2900 1605//1605
f 1606//1606 2901//2901 948//948
f 949//949 2902//2902 1609//1609
f 2903//2903 1609//1609 2902//2902
f 2904//2904 953//953 2905//2905
f 1611//1611 2905//2905 953//953
f 2906//2906 1217//1217 2907//2907
f 951//951 2907//2907 1217//1217
f 1613//1613 2908//2908 1215//1215
f 1195//1195 2909//2909 4009//4009
f 2909//2909 1195//1195 954//954
f 1199//1199 2910//2910 3266//3266
f 2910//2910 1199//1199 1202//1202
f 2911//2911 954//954 1200//1200
f 2912//2912 1201//1201 955//955
f 1203//1203 2913//2913 3269//3269
f 2913//2913 1203//1203 1196//1196
f 2914//2914 955//955 1194//1194
f 2915//2915 958//958 2916//2916
f 1616//1616 2916//2916 958//958
f 2917//2917 1212//1212 2918//2918
f 956//956 2918//2918 1212//1212
f 1618//1618 2919//2919 1210//1210
f 1619//1619 2920//2920 1620//1620
f 1621//1621 2921//2921 959//959
f 3670//3670 959//959 2921//2921
f 960//960 2922//2922 1622//1622
f 2923//2923 1622//1622 2922//2922
f 1623//1623 2924//2924 1624//1624
f 1625//1625 2925//2925 962//962
f 963//963 2926//2926 1628//1628
f 967//967 2927//2927 2928//2928
f 2927//2927 967//967 966//966
f 659//659 2929//2929 2930//2930
f 2929//2929 659//659 1223//1223
f 2931//2931 965//965 1222//1222
f 965//965 2932//2932 2933//2933
f 2932//2932 965//965 966//966
f 656//656 2934//2934 2935//2935
f 2934//2934 656//656 1219//1219
f 2936//2936 967//967 1218//1218
f 2937//2937 970//970 969//969
f 664//664 2938//2938 1821//1821
f 2938//2938 664//664 1229//1229
f 968//968 2939//2939 2940//2940
f 2939//2939 968//968 1228//1228
f 2940//2940 968//968 969//969
f 661//661 2941//2941 1819//1819
f 2941//2941 661//661 1225//1225
f 970//970 2942//2942 2937//2937
f 2942//2942 970//970 1224//1224
f 1633//1633 2943//2943 1634//1634
f 1635//1635 2944//2944 971//971
f 972//972 2945//2945 1638//1638
f 2946//2946 1638//1638 2945//2945
f 1231//1231 2947//2947 2949//2949
f 2947//2947 976//976 2948//2948
f 2949//2949 2948//2948 1639//1639
f 1235//1235 2950//2950 2952//2952
f 2950//2950 1640//1640 2951//2951
f 2952//2952 2951//2951 974//974
f 975//975 2953//2953 2955//2955
f 2953//2953 1641//1641 2954//2954
f 2955//2955 2954//2954 1642//1642
f 1639//1639 2956//2956 2958//2958
f 2956//2956 979//979 2957//2957
f 2958//2958 2957//2957 1643//1643
f 1642//1642 2959//2959 2961//2961
f 2959//2959 1236//1236 2960//2960
f 2961//2961 2960//2960 977//977
f 978//978 2962//2962 2964//2964
f 2962//2962 1238//1238 2963//2963
f 2964//2964 2963//2963 1644//1644
f 1643//1643 2966//2966 1645//1645
f 2966//2966 1643//1643 2965//2965
f 1644//1644 2968//2968 980//980
f 2968//2968 1644//1644 2967//2967
f 981//981 2969//2969 1648//1648
f 2969//2969 981//981 3691//3691
f 1649//1649 2970//2970 2972//2972
f 2970//2970 985//985 2971//2971
f 2972//2972 2971//2971 1650//1650
f 1651//1651 2973//2973 2975//2975
f 2973//2973 1641//1641 2974//2974
f 2975//2975 2974//2974 983//983
f 984//984 2976//2976 2978//2978
f 2976//2976 1640//1640 2977//2977
f 2978//2978 2977//2977 1652//1652
f 1650//1650 2980//2980 1653//1653
f 2980//2980 1650//1650 2979//2979
f 1652//1652 2982//2982 986//986
f 2982//2982 1652//1652 2981//2981
f 987//987 2984//2984 1654//1654
f 2984//2984 987//987 2983//2983
f 1653//1653 2985//2985 2987//2987
f 2985//2985 991//991 2986//2986
f 2987//2987 2986//2986 1648//1648
f 1654//1654 2988//2988 2990//2990
f 2988//2988 1232//1232 2989//2989
f 2990//2990 2989//2989 989//989
f 990//990 2991//2991 2993//2993
f 2991//2991 1230//1230 2992//2992
f 2993//2993 2992//2992 1645//1645
f 1655//1655 2994//2994 2996//2996
f 2994//2994 994//994 2995//2995
f 2996//2996 2995//2995 1656//1656
f 1657//1657 2997//2997 2999//2999
f 2997//2997 1658//1658 2998//2998
f 2999//2999 2998//2998 992//992
f 993//993 3000//3000 3002//3002
f 3000//3000 1659//1659 3001//3001
f 3002//3002 3001//3001 1660//1660
f 1656//1656 3003//3003 3005//3005
f 3003//3003 997//997 3004//3004
f 3005//3005 3004//3004 1661//1661
f 1660//1660 3006//3006 3008//3008
f 3006//3006 1246//1246 3007//3007
f 3008//3008 3007//3007 995//995
f 996//996 3009//3009 3011//3011
f 3009//3009 1245//1245 3010//3010
f 3011//3011 3010//3010 1662//1662
f 1661//1661 3013//3013 1663//1663
f 3013//3013 1661//1661 3012//3012
f 1662//1662 3015//3015 998//998
f 3015//3015 1662//1662 3014//3014
f 999//999 3017//3017 1664//1664
f 3017//3017 999//999 3016//3016
f 1243//1243 3018//3018 3020//3020
f 3018//3018 1003//1003 3019//3019
f 3020//3020 3019//3019 1665//1665
f 1247//1247 3021//3021 3023//3023
f 3021//3021 1659//1659 3022//3022
f 3023//3023 3022//3022 1001//1001
f 1002//1002 3024//3024 3026//3026
f 3024//3024 1658//1658 3025//3025
f 3026//3026 3025//3025 1666//1666
f 3027//3027 1665//1665 3028//3028
f 1667//1667 3028//3028 1665//1665
f 3029//3029 1666//1666 3030//3030
f 1004//1004 3030//3030 1666//1666
f 3031//3031 1005//1005 3032//3032
f 1668//1668 3032//3032 1005//1005
f 1667//1667 3033//3033 3035//3035
f 3033//3033 1008//1008 3034//3034
f 3035//3035 3034//3034 1664//1664
f 1668//1668 3036//3036 3038//3038
f 3036//3036 1669//1669 3037//3037
f 3038//3038 3037//3037 1006//1006
f 1007//1007 3039//3039 3041//3041
f 3039//3039 1670//1670 3040//3040
f 3041//3041 3040//3040 1663//1663
f 3042//3042 1011//1011 1672//1672
f 3043//3043 1252//1252 1009//1009
f 3044//3044 1254//1254 1674//1674
f 3045//3045 1675//1675 3046//3046
f 1676//1676 3046//3046 1675//1675
f 3047//3047 1677//1677 3740//3740
f 1012//1012 3740//3740 1677//1677
f 3740//3740 1013//1013 3048//3048
f 1678//1678 3048//3048 1013//1013
f 3049//3049 1687//1687 3050//3050
f 1688//1688 3050//3050 1687//1687
f 3051//3051 1689//1689 3741//3741
f 1020//1020 3741//3741 1689//1689
f 3741//3741 1020//1020 3052//3052
f 1690//1690 3052//3052 1020//1020
f 3053//3053 1023//1023 1692//1692
f 3054//3054 1248//1248 1021//1021
f 3055//3055 1250//1250 1694//1694
f 3056//3056 1026//1026 1696//1696
f 3057//3057 1268//1268 1024//1024
f 3058//3058 1270//1270 1698//1698
f 3059//3059 1699//1699 3060//3060
f 1700//1700 3060//3060 1699//1699
f 3061//3061 1701//1701 3746//3746
f 1027//1027 3746//3746 1701//1701
f 3746//3746 1028//1028 3062//3062
f 1702//1702 3062//3062 1028//1028
f 3063//3063 1710//1710 3064//3064
f 1711//1711 3064//3064 1710//1710
f 3065//3065 1712//1712 3747//3747
f 1034//1034 3747//3747 1712//1712
f 3747//3747 1035//1035 3066//3066
f 1713//1713 3066//3066 1035//1035
f 3067//3067 1038//1038 1715//1715
f 3068//3068 1264//1264 1036//1036
f 3069//3069 1266//1266 1717//1717
f 1281//1281 3070//3070 3072//3072
f 3070//3070 1041//1041 3071//3071
f 3072//3072 3071//3071 1718//1718
f 1285//1285 3073//3073 3075//3075
f 3073//3073 1719//1719 3074//3074
f 3075//3075 3074//3074 1039//1039
f 1040//1040 3076//3076 3078//3078
f 3076//3076 1720//1720 3077//3077
f 3078//3078 3077//3077 1721//1721
f 1718//1718 3079//3079 3081//3081
f 3079//3079 1044//1044 3080//3080
f 3081//3081 3080//3080 1722//1722
f 1721//1721 3082//3082 3084//3084
f 3082//3082 1723//1723 3083//3083
f 3084//3084 3083//3083 1042//1042
f 1043//1043 3085//3085 3087//3087
f 3085//3085 1724//1724 3086//3086
f 3087//3087 3086//3086 1725//1725
f 1726//1726 3088//3088 1727//1727
f 3089//3089 1727//1727 3088//3088
f 1728//1728 3090//3090 1045//1045
f 3091//3091 1045//1045 3090//3090
f 1046//1046 3092//3092 1729//1729
f 3093//3093 1729//1729 3092//3092
f 1727//1727 3094//3094 3096//3096
f 3094//3094 1050//1050 3095//3095
f 3096//3096 3095//3095 1730//1730
f 1729//1729 3097//3097 3099//3099
f 3097//3097 1282//1282 3098//3098
f 3099//3099 3098//3098 1048//1048
f 1049//1049 3100//3100 3102//3102
f 3100//3100 1280//1280 3101//3101
f 3102//3102 3101//3101 1731//1731
f 1732//1732 3103//3103 3104//3104
f 3103//3103 1732//1732 1053//1053
f 3105//3105 1734//1734 1720//1720
f 1052//1052 3106//3106 3107//3107
f 3106//3106 1052//1052 1719//1719
f 1736//1736 3108//3108 3110//3110
f 3108//3108 1056//1056 3109//3109
f 3110//3110 3109//3109 1737//1737
f 1738//1738 3111//3111 3113//3113
f 3111//3111 1739//1739 3112//3112
f 3113//3113 3112//3112 1054//1054
f 1055//1055 3114//3114 3116//3116
f 3114//3114 1740//1740 3115//3115
f 3116//3116 3115//3115 1741//1741
f 1737//1737 3117//3117 3119//3119
f 3117//3117 1059//1059 3118//3118
f 3119//3119 3118//3118 1742//1742
f 1741//1741 3120//3120 3122//3122
f 3120//3120 1290//1290 3121//3121
f 3122//3122 3121//3121 1057//1057
f 1058//1058 3123//3123 3125//3125
f 3123//3123 1289//1289 3124//3124
f 3125//3125 3124//3124 1743//1743
f 1742//1742 3127//3127 1744//1744
f 3127//3127 1742//1742 3126//3126
f 1743//1743 3129//3129 1060//1060
f 3129//3129 1743//1743 3128//3128
f 1061//1061 3131//3131 1745//1745
f 3131//3131 1061//1061 3130//3130
f 1287//1287 3132//3132 3134//3134
f 3132//3132 1065//1065 3133//3133
f 3134//3134 3133//3133 1746//1746
f 1291//1291 3135//3135 3137//3137
f 3135//3135 1740//1740 3136//3136
f 3137//3137 3136//3136 1063//1063
f 1064//1064 3138//3138 3140//3140
f 3138//3138 1739//1739 3139//3139
f 3140//3140 3139//3139 1747//1747
f 1746//1746 3141//3141 1748//1748
f 3142//3142 1748//1748 3141//3141
f 1747//1747 3143//3143 1066//1066
f 3144//3144 1066//1066 3143//3143
f 1067//1067 3145//3145 1751//1751
f 3146//3146 1751//1751 3145//3145
f 1748//1748 3147//3147 3149//3149
f 3147//3147 1071//1071 3148//3148
f 3149//3149 3148//3148 1745//1745
f 1751//1751 3150//3150 3152//3152
f 3150//3150 1752//1752 3151//3151
f 3152//3152 3151//3151 1069//1069
f 1070//1070 3153//3153 3155//3155
f 3153//3153 1753//1753 3154//3154
f 3155//3155 3154//3154 1744//1744
f 171//171 1754//1754 571//571
f 569//569 3156//3156 570//570
f 3157//3157 570//570 3156//3156
f 571//571 1754//1754 173//173
f 3158//3158 173//173 1754//1754
f 174//174 2370//2370 3159//3159
f 2370//2370 572//572 1757//1757
f 3159//3159 1757//1757 574//574
f 572//572 2115//2115 1755//1755
f 2115//2115 175//175 3160//3160
f 1755//1755 3160//3160 573//573
f 574//574 1756//1756 3162//3162
f 1756//1756 573//573 3161//3161
f 3162//3162 3161//3161 176//176
f 177//177 2366//2366 3163//3163
f 2366//2366 575//575 1760//1760
f 3163//3163 1760//1760 576//576
f 575//575 2109//2109 1758//1758
f 2109//2109 175//175 3160//3160
f 1758//1758 3160//3160 573//573
f 576//576 1759//1759 3164//3164
f 1759//1759 573//573 3161//3161
f 3164//3164 3161//3161 176//176
f 579//579 3165//3165 577//577
f 578//578 3166//3166 179//179
f 1761//1761 3327//3327 3828//3828
f 3327//3327 1761//1761 578//578
f 180//180 3167//3167 3168//3168
f 3167//3167 580//580 1764//1764
f 3168//3168 1764//1764 582//582
f 580//580 3169//3169 1762//1762
f 3169//3169 179//179 3170//3170
f 1762//1762 3170//3170 581//581
f 582//582 1763//1763 3172//3172
f 1763//1763 581//581 3171//3171
f 3172//3172 3171//3171 181//181
f 3173//3173 585//585 3174//3174
f 585//585 3173//3173 583//583
f 3175//3175 584//584 1765//1765
f 584//584 3175//3175 183//183
f 1766//1766 184//184 3176//3176
f 184//184 1766//1766 584//584
f 588//588 3177//3177 586//586
f 587//587 3178//3178 186//186
f 187//187 3178//3178 587//587
f 191//191 3179//3179 3180//3180
f 3179//3179 589//589 1769//1769
f 3180//3180 1769//1769 591//591
f 589//589 3181//3181 1767//1767
f 3181//3181 192//192 3182//3182
f 1767//1767 3182//3182 590//590
f 591//591 1768//1768 3184//3184
f 1768//1768 590//590 3183//3183
f 3184//3184 3183//3183 193//193
f 194//194 3185//3185 3186//3186
f 3185//3185 592//592 1772//1772
f 3186//3186 1772//1772 594//594
f 592//592 3187//3187 1770//1770
f 3187//3187 192//192 3188//3188
f 1770//1770 3188//3188 593//593
f 594//594 1771//1771 3190//3190
f 1771//1771 593//593 3189//3189
f 3190//3190 3189//3189 195//195
f 2633//2633 595//595 597//597
f 2155//2155 201//201 596//596
f 1773//1773 596//596 202//202
f 2631//2631 598//598 599//599
f 2153//2153 201//201 596//596
f 1774//1774 596//596 202//202
f 2638//2638 600//600 602//602
f 2159//2159 205//205 601//601
f 1775//1775 601//601 206//206
f 2636//2636 603//603 604//604
f 2157//2157 205//205 601//601
f 1776//1776 601//601 206//206
f 208//208 3191//3191 3192//3192
f 3191//3191 605//605 1779//1779
f 3192//3192 1779//1779 607//607
f 605//605 3193//3193 1777//1777
f 3193//3193 209//209 3194//3194
f 1777//1777 3194//3194 606//606
f 607//607 1778//1778 3196//3196
f 1778//1778 606//606 3195//3195
f 3196//3196 3195//3195 210//210
f 211//211 3197//3197 3198//3198
f 3197//3197 608//608 1782//1782
f 3198//3198 1782//1782 610//610
f 608//608 3199//3199 1780//1780
f 3199//3199 209//209 3200//3200
f 1780//1780 3200//3200 609//609
f 610//610 1781//1781 3202//3202
f 1781//1781 609//609 3201//3201
f 3202//3202 3201//3201 212//212
f 213//213 3203//3203 3204//3204
f 3203//3203 611//611 1785//1785
f 3204//3204 1785//1785 613//613
f 611//611 3205//3205 1783//1783
f 3205//3205 214//214 3206//3206
f 1783//1783 3206//3206 612//612
f 613//613 1784//1784 3208//3208
f 1784//1784 612//612 3207//3207
f 3208//3208 3207//3207 215//215
f 216//216 3209//3209 3210//3210
f 3209//3209 614//614 1788//1788
f 3210//3210 1788//1788 616//616
f 614//614 3211//3211 1786//1786
f 3211//3211 217//217 3212//3212
f 1786//1786 3212//3212 615//615
f 616//616 1787//1787 3214//3214
f 1787//1787 615//615 3213//3213
f 3214//3214 3213//3213 218//218
f 219//219 3215//3215 3216//3216
f 3215//3215 617//617 1791//1791
f 3216//3216 1791//1791 619//619
f 617//617 3217//3217 1789//1789
f 3217//3217 217//217 3218//3218
f 1789//1789 3218//3218 618//618
f 619//619 1790//1790 3220//3220
f 1790//1790 618//618 3219//3219
f 3220//3220 3219//3219 220//220
f 3221//3221 622//622 3222//3222
f 622//622 3221//3221 620//620
f 3223//3223 621//621 1792//1792
f 621//621 3223//3223 222//222
f 1793//1793 223//223 3224//3224
f 223//223 1793//1793 621//621
f 224//224 3225//3225 3226//3226
f 3225//3225 623//623 1796//1796
f 3226//3226 1796//1796 625//625
f 623//623 3227//3227 1794//1794
f 3227//3227 222//222 3228//3228
f 1794//1794 3228//3228 624//624
f 625//625 1795//1795 3230//3230
f 1795//1795 624//624 3229//3229
f 3230//3230 3229//3229 225//225
f 226//226 3231//3231 3232//3232
f 3231//3231 626//626 1799//1799
f 3232//3232 1799//1799 628//628
f 626//626 3233//3233 1797//1797
f 3233//3233 227//227 3234//3234
f 1797//1797 3234//3234 627//627
f 628//628 1798//1798 3236//3236
f 1798//1798 627//627 3235//3235
f 3236//3236 3235//3235 228//228
f 229//229 3237//3237 3238//3238
f 3237//3237 629//629 1802//1802
f 3238//3238 1802//1802 631//631
f 629//629 3239//3239 1800//1800
f 3239//3239 230//230 3240//3240
f 1800//1800 3240//3240 630//630
f 631//631 1801//1801 3242//3242
f 1801//1801 630//630 3241//3241
f 3242//3242 3241//3241 231//231
f 3243//3243 634//634 3244//3244
f 634//634 3243//3243 632//632
f 3245//3245 633//633 1803//1803
f 633//633 3245//3245 233//233
f 1804//1804 234//234 3246//3246
f 234//234 1804//1804 633//633
f 235//235 3247//3247 3248//3248
f 3247//3247 635//635 1807//1807
f 3248//3248 1807//1807 637//637
f 635//635 3249//3249 1805//1805
f 3249//3249 233//233 3250//3250
f 1805//1805 3250//3250 636//636
f 637//637 1806//1806 3252//3252
f 1806//1806 636//636 3251//3251
f 3252//3252 3251//3251 236//236
f 237//237 3253//3253 3254//3254
f 3253//3253 638//638 1810//1810
f 3254//3254 1810//1810 640//640
f 638//638 3255//3255 1808//1808
f 3255//3255 238//238 3256//3256
f 1808//1808 3256//3256 639//639
f 640//640 1809//1809 3258//3258
f 1809//1809 639//639 3257//3257
f 3258//3258 3257//3257 239//239
f 240//240 3259//3259 3260//3260
f 3259//3259 641//641 1813//1813
f 3260//3260 1813//1813 643//643
f 641//641 3261//3261 1811//1811
f 3261//3261 238//238 3262//3262
f 1811//1811 3262//3262 642//642
f 643//643 1812//1812 3264//3264
f 1812//1812 642//642 3263//3263
f 3264//3264 3263//3263 241//241
f 242//242 3265//3265 645//645
f 645//645 3266//3266 243//243
f 244//244 3267//3267 647//647
f 647//647 3269//3269 243//243
f 248//248 1814//1814 653//653
f 651//651 2285//2285 652//652
f 3270//3270 652//652 2285//2285
f 653//653 1814//1814 250//250
f 3271//3271 250//250 1814//1814
f 251//251 1815//1815 655//655
f 654//654 2280//2280 652//652
f 3270//3270 652//652 2280//2280
f 655//655 1815//1815 250//250
f 3271//3271 250//250 1815//1815
f 252//252 3272//3272 658//658
f 656//656 2290//2290 657//657
f 3273//3273 657//657 2290//2290
f 658//658 1816//1816 254//254
f 255//255 3274//3274 660//660
f 659//659 2287//2287 657//657
f 3273//3273 657//657 2287//2287
f 660//660 1817//1817 254//254
f 256//256 2941//2941 663//663
f 1819//1819 663//663 2941//2941
f 661//661 2293//2293 662//662
f 663//663 1818//1818 258//258
f 3275//3275 258//258 1818//1818
f 259//259 2938//2938 665//665
f 1821//1821 665//665 2938//2938
f 664//664 2297//2297 662//662
f 665//665 1820//1820 258//258
f 3275//3275 258//258 1820//1820
f 260//260 3276//3276 668//668
f 1823//1823 668//668 3276//3276
f 666//666 3277//3277 667//667
f 3278//3278 667//667 3277//3277
f 668//668 1822//1822 262//262
f 3279//3279 262//262 1822//1822
f 263//263 3280//3280 671//671
f 1824//1824 671//671 3280//3280
f 669//669 3281//3281 670//670
f 3282//3282 670//670 3281//3281
f 671//671 1824//1824 265//265
f 674//674 3283//3283 672//672
f 3284//3284 673//673 1825//1825
f 673//673 3284//3284 267//267
f 268//268 3285//3285 673//673
f 269//269 2318//2318 271//271
f 3286//3286 271//271 2318//2318
f 272//272 3287//3287 273//273
f 677//677 3287//3287 676//676
f 279//279 2327//2327 281//281
f 282//282 2332//2332 283//283
f 3288//3288 283//283 2332//2332
f 682//682 3288//3288 681//681
f 3288//3288 682//682 2333//2333
f 289//289 3289//3289 687//687
f 1829//1829 687//687 3289//3289
f 685//685 3290//3290 686//686
f 3291//3291 686//686 3290//3290
f 687//687 1828//1828 291//291
f 3292//3292 291//291 1828//1828
f 3293//3293 690//690 3294//3294
f 690//690 3293//3293 688//688
f 689//689 3295//3295 293//293
f 1830//1830 294//294 3296//3296
f 294//294 1830//1830 689//689
f 3297//3297 693//693 3298//3298
f 693//693 3297//3297 691//691
f 3299//3299 692//692 1831//1831
f 692//692 3299//3299 296//296
f 1831//1831 297//297 3300//3300
f 297//297 1831//1831 692//692
f 297//297 3301//3301 299//299
f 3301//3301 297//297 2347//2347
f 695//695 3301//3301 694//694
f 3301//3301 695//695 2350//2350
f 3302//3302 698//698 3303//3303
f 698//698 3302//3302 696//696
f 697//697 3304//3304 296//296
f 1833//1833 301//301 3305//3305
f 301//301 1833//1833 697//697
f 699//699 3306//3306 700//700
f 302//302 3307//3307 301//301
f 3306//3306 301//301 3307//3307
f 302//302 3308//3308 703//703
f 701//701 3309//3309 702//702
f 703//703 3310//3310 303//303
f 3310//3310 703//703 1835//1835
f 3311//3311 304//304 704//704
f 704//704 3312//3312 3311//3311
f 3312//3312 704//704 171//171
f 3313//3313 706//706 705//705
f 176//176 3164//3164 3314//3314
f 3164//3164 576//576 1838//1838
f 3314//3314 1838//1838 708//708
f 576//576 3163//3163 1836//1836
f 3163//3163 177//177 2111//2111
f 1836//1836 2111//2111 707//707
f 708//708 1837//1837 3315//3315
f 1837//1837 707//707 2369//2369
f 3315//3315 2369//2369 306//306
f 176//176 3162//3162 3314//3314
f 3162//3162 574//574 1841//1841
f 3314//3314 1841//1841 708//708
f 574//574 3159//3159 1839//1839
f 3159//3159 174//174 2104//2104
f 1839//1839 2104//2104 709//709
f 708//708 1840//1840 3315//3315
f 1840//1840 709//709 2364//2364
f 3315//3315 2364//2364 306//306
f 307//307 1842//1842 712//712
f 710//710 3316//3316 711//711
f 3316//3316 710//710 2373//2373
f 712//712 3317//3317 309//309
f 3317//3317 712//712 1842//1842
f 310//310 1843//1843 715//715
f 713//713 3318//3318 714//714
f 715//715 3319//3319 309//309
f 3319//3319 715//715 1843//1843
f 309//309 3320//3320 718//718
f 716//716 3321//3321 717//717
f 718//718 3322//3322 312//312
f 3322//3322 718//718 1844//1844
f 313//313 719//719 3323//3323
f 719//719 312//312 1845//1845
f 3324//3324 1845//1845 312//312
f 721//721 720//720 3325//3325
f 315//315 3326//3326 317//317
f 3327//3327 1849//1849 725//725
f 723//723 3328//3328 1847//1847
f 3328//3328 180//180 3329//3329
f 1847//1847 3329//3329 724//724
f 725//725 1848//1848 3331//3331
f 1848//1848 724//724 3330//3330
f 3331//3331 3330//3330 318//318
f 181//181 1850//1850 728//728
f 1850//1850 181//181 3841//3841
f 726//726 3332//3332 727//727
f 728//728 3333//3333 318//318
f 319//319 1851//1851 731//731
f 729//729 3334//3334 730//730
f 731//731 1851//1851 321//321
f 3335//3335 321//321 1851//1851
f 322//322 1852//1852 734//734
f 732//732 2409//2409 733//733
f 3336//3336 733//733 2409//2409
f 734//734 1852//1852 321//321
f 3337//3337 321//321 1852//1852
f 3338//3338 324//324 735//735
f 735//735 3339//3339 3338//3338
f 3339//3339 735//735 183//183
f 737//737 3340//3340 2411//2411
f 3340//3340 737//737 736//736
f 184//184 1854//1854 740//740
f 1854//1854 184//184 3341//3341
f 738//738 3342//3342 739//739
f 740//740 3343//3343 327//327
f 3343//3343 740//740 1853//1853
f 741//741 3344//3344 742//742
f 3344//3344 741//741 3345//3345
f 328//328 3345//3345 327//327
f 745//745 3346//3346 743//743
f 3347//3347 744//744 1857//1857
f 744//744 3347//3347 330//330
f 1858//1858 331//331 3348//3348
f 331//331 1858//1858 744//744
f 746//746 3349//3349 747//747
f 332//332 3350//3350 331//331
f 3349//3349 331//331 3350//3350
f 332//332 1860//1860 750//750
f 1860//1860 332//332 3351//3351
f 748//748 3353//3353 749//749
f 3353//3353 748//748 3352//3352
f 750//750 3354//3354 186//186
f 753//753 2432//2432 751//751
f 3355//3355 752//752 1861//1861
f 752//752 3355//3355 330//330
f 1861//1861 334//334 3356//3356
f 334//334 1861//1861 752//752
f 334//334 3357//3357 335//335
f 755//755 3357//3357 754//754
f 3357//3357 755//755 2436//2436
f 756//756 3359//3359 757//757
f 3359//3359 756//756 3358//3358
f 336//336 3360//3360 187//187
f 3360//3360 336//336 3358//3358
f 758//758 3361//3361 759//759
f 3362//3362 759//759 3361//3361
f 338//338 3363//3363 337//337
f 3362//3362 337//337 3363//3363
f 338//338 1868//1868 3364//3364
f 1868//1868 338//338 760//760
f 1868//1868 760//760 303//303
f 3365//3365 762//762 761//761
f 339//339 1869//1869 765//765
f 763//763 3366//3366 764//764
f 3366//3366 763//763 2450//2450
f 765//765 3367//3367 340//340
f 3367//3367 765//765 1869//1869
f 359//359 3368//3368 3369//3369
f 3368//3368 772//772 1872//1872
f 3369//3369 1872//1872 774//774
f 772//772 3370//3370 1870//1870
f 3370//3370 360//360 3371//3371
f 1870//1870 3371//3371 773//773
f 774//774 1871//1871 3373//3373
f 1871//1871 773//773 3372//3372
f 3373//3373 3372//3372 361//361
f 775//775 3375//3375 776//776
f 3375//3375 775//775 3374//3374
f 363//363 3376//3376 362//362
f 3376//3376 363//363 3374//3374
f 363//363 3377//3377 3378//3378
f 3377//3377 777//777 1877//1877
f 3378//3378 1877//1877 779//779
f 777//777 3379//3379 1875//1875
f 3379//3379 361//361 3380//3380
f 1875//1875 3380//3380 778//778
f 779//779 1876//1876 3382//3382
f 1876//1876 778//778 3381//3381
f 3382//3382 3381//3381 364//364
f 365//365 3383//3383 3384//3384
f 3383//3383 780//780 1880//1880
f 3384//3384 1880//1880 782//782
f 780//780 3385//3385 1878//1878
f 3385//3385 366//366 3386//3386
f 1878//1878 3386//3386 781//781
f 782//782 1879//1879 3388//3388
f 1879//1879 781//781 3387//3387
f 3388//3388 3387//3387 367//367
f 367//367 3389//3389 3390//3390
f 3389//3389 783//783 1883//1883
f 3390//3390 1883//1883 785//785
f 783//783 3391//3391 1881//1881
f 3391//3391 368//368 3392//3392
f 1881//1881 3392//3392 784//784
f 785//785 1882//1882 3394//3394
f 1882//1882 784//784 3393//3393
f 3394//3394 3393//3393 364//364
f 369//369 3395//3395 3396//3396
f 3395//3395 786//786 1886//1886
f 3396//3396 1886//1886 788//788
f 786//786 3397//3397 1884//1884
f 3397//3397 370//370 3398//3398
f 1884//1884 3398//3398 787//787
f 788//788 1885//1885 3399//3399
f 1885//1885 787//787 2500//2500
f 3399//3399 2500//2500 371//371
f 369//369 3400//3400 3396//3396
f 3400//3400 789//789 1889//1889
f 3396//3396 1889//1889 788//788
f 789//789 3401//3401 1887//1887
f 3401//3401 372//372 3402//3402
f 1887//1887 3402//3402 790//790
f 788//788 1888//1888 3399//3399
f 1888//1888 790//790 2492//2492
f 3399//3399 2492//2492 371//371
f 373//373 1890//1890 793//793
f 791//791 3403//3403 792//792
f 793//793 3404//3404 375//375
f 3404//3404 793//793 1890//1890
f 376//376 3405//3405 796//796
f 794//794 3406//3406 795//795
f 3407//3407 795//795 3406//3406
f 796//796 1891//1891 378//378
f 4299//4299 378//378 1891//1891
f 378//378 3408//3408 3409//3409
f 3408//3408 797//797 1894//1894
f 3409//3409 1894//1894 799//799
f 797//797 3410//3410 1892//1892
f 3410//3410 375//375 3411//3411
f 1892//1892 3411//3411 798//798
f 799//799 1893//1893 3413//3413
f 1893//1893 798//798 3412//3412
f 3413//3413 3412//3412 379//379
f 380//380 3414//3414 802//802
f 800//800 3415//3415 801//801
f 3415//3415 800//800 2525//2525
f 802//802 4311//4311 381//381
f 4311//4311 802//802 1895//1895
f 381//381 3416//3416 3417//3417
f 3416//3416 803//803 1898//1898
f 3417//3417 1898//1898 805//805
f 803//803 3418//3418 1896//1896
f 3418//3418 382//382 3419//3419
f 1896//1896 3419//3419 804//804
f 805//805 1897//1897 3421//3421
f 1897//1897 804//804 3420//3420
f 3421//3421 3420//3420 383//383
f 384//384 3422//3422 3423//3423
f 3422//3422 806//806 1901//1901
f 3423//3423 1901//1901 808//808
f 806//806 3424//3424 1899//1899
f 3424//3424 385//385 3425//3425
f 1899//1899 3425//3425 807//807
f 808//808 1900//1900 3427//3427
f 1900//1900 807//807 3426//3426
f 3427//3427 3426//3426 386//386
f 386//386 3428//3428 3429//3429
f 3428//3428 809//809 1904//1904
f 3429//3429 1904//1904 811//811
f 809//809 3430//3430 1902//1902
f 3430//3430 387//387 3431//3431
f 1902//1902 3431//3431 810//810
f 811//811 1903//1903 3433//3433
f 1903//1903 810//810 3432//3432
f 3433//3433 3432//3432 388//388
f 812//812 3434//3434 813//813
f 3435//3435 813//813 3434//3434
f 390//390 3436//3436 389//389
f 3435//3435 389//389 3436//3436
f 390//390 3437//3437 3438//3438
f 3437//3437 814//814 1909//1909
f 3438//3438 1909//1909 816//816
f 814//814 3439//3439 1907//1907
f 3439//3439 366//366 3440//3440
f 1907//1907 3440//3440 815//815
f 816//816 1908//1908 3442//3442
f 1908//1908 815//815 3441//3441
f 3442//3442 3441//3441 388//388
f 391//391 3443//3443 3444//3444
f 3443//3443 817//817 1912//1912
f 3444//3444 1912//1912 819//819
f 817//817 3445//3445 1910//1910
f 3445//3445 392//392 3446//3446
f 1910//1910 3446//3446 818//818
f 819//819 1911//1911 3448//3448
f 1911//1911 818//818 3447//3447
f 3448//3448 3447//3447 393//393
f 394//394 3449//3449 3450//3450
f 3449//3449 820//820 1915//1915
f 3450//3450 1915//1915 822//822
f 820//820 3451//3451 1913//1913
f 3451//3451 392//392 3452//3452
f 1913//1913 3452//3452 821//821
f 822//822 1914//1914 3454//3454
f 1914//1914 821//821 3453//3453
f 3454//3454 3453//3453 395//395
f 396//396 3455//3455 3456//3456
f 3455//3455 823//823 1918//1918
f 3456//3456 1918//1918 825//825
f 823//823 3457//3457 1916//1916
f 3457//3457 385//385 3458//3458
f 1916//1916 3458//3458 824//824
f 825//825 1917//1917 3460//3460
f 1917//1917 824//824 3459//3459
f 3460//3460 3459//3459 397//397
f 398//398 3461//3461 3462//3462
f 3461//3461 826//826 1921//1921
f 3462//3462 1921//1921 828//828
f 826//826 3463//3463 1919//1919
f 3463//3463 399//399 3464//3464
f 1919//1919 3464//3464 827//827
f 828//828 1920//1920 3466//3466
f 1920//1920 827//827 3465//3465
f 3466//3466 3465//3465 400//400
f 400//400 3467//3467 3468//3468
f 3467//3467 829//829 1924//1924
f 3468//3468 1924//1924 831//831
f 829//829 3469//3469 1922//1922
f 3469//3469 401//401 3470//3470
f 1922//1922 3470//3470 830//830
f 831//831 1923//1923 3472//3472
f 1923//1923 830//830 3471//3471
f 3472//3472 3471//3471 402//402
f 403//403 3473//3473 3474//3474
f 3473//3473 832//832 1927//1927
f 3474//3474 1927//1927 834//834
f 832//832 3475//3475 1925//1925
f 3475//3475 399//399 3476//3476
f 1925//1925 3476//3476 833//833
f 834//834 1926//1926 3478//3478
f 1926//1926 833//833 3477//3477
f 3478//3478 3477//3477 404//404
f 404//404 3479//3479 3480//3480
f 3479//3479 835//835 1930//1930
f 3480//3480 1930//1930 837//837
f 835//835 3481//3481 1928//1928
f 3481//3481 405//405 3482//3482
f 1928//1928 3482//3482 836//836
f 837//837 1929//1929 3484//3484
f 1929//1929 836//836 3483//3483
f 3484//3484 3483//3483 406//406
f 202//202 1931//1931 846//846
f 599//599 2154//2154 845//845
f 846//846 2632//2632 427//427
f 202//202 1932//1932 846//846
f 597//597 2151//2151 847//847
f 846//846 2630//2630 427//427
f 206//206 1933//1933 849//849
f 604//604 2158//2158 848//848
f 849//849 2637//2637 428//428
f 206//206 1934//1934 849//849
f 602//602 2156//2156 850//850
f 849//849 2635//2635 428//428
f 429//429 3485//3485 3486//3486
f 3485//3485 851//851 1937//1937
f 3486//3486 1937//1937 853//853
f 851//851 3487//3487 1935//1935
f 3487//3487 430//430 3488//3488
f 1935//1935 3488//3488 852//852
f 853//853 1936//1936 3490//3490
f 1936//1936 852//852 3489//3489
f 3490//3490 3489//3489 431//431
f 210//210 3491//3491 3492//3492
f 3491//3491 854//854 1940//1940
f 3492//3492 1940//1940 856//856
f 854//854 3493//3493 1938//1938
f 3493//3493 211//211 3494//3494
f 1938//1938 3494//3494 855//855
f 856//856 1939//1939 3496//3496
f 1939//1939 855//855 3495//3495
f 3496//3496 3495//3495 432//432
f 857//857 3497//3497 858//858
f 3498//3498 858//858 3497//3497
f 434//434 3499//3499 433//433
f 3498//3498 433//433 3499//3499
f 434//434 3500//3500 3501//3501
f 3500//3500 859//859 1945//1945
f 3501//3501 1945//1945 861//861
f 859//859 3502//3502 1943//1943
f 3502//3502 208//208 3503//3503
f 1943//1943 3503//3503 860//860
f 861//861 1944//1944 3505//3505
f 1944//1944 860//860 3504//3504
f 3505//3505 3504//3504 435//435
f 862//862 3506//3506 863//863
f 437//437 3507//3507 436//436
f 3507//3507 437//437 3506//3506
f 437//437 3508//3508 3509//3509
f 3508//3508 864//864 1950//1950
f 3509//3509 1950//1950 866//866
f 864//864 3510//3510 1948//1948
f 3510//3510 219//219 3511//3511
f 1948//1948 3511//3511 865//865
f 866//866 1949//1949 3513//3513
f 1949//1949 865//865 3512//3512
f 3513//3513 3512//3512 438//438
f 439//439 1952//1952 869//869
f 1952//1952 439//439 3514//3514
f 867//867 3516//3516 868//868
f 3516//3516 867//867 3515//3515
f 869//869 3517//3517 441//441
f 3517//3517 869//869 1951//1951
f 439//439 3518//3518 3519//3519
f 3518//3518 870//870 1955//1955
f 3519//3519 1955//1955 872//872
f 870//870 3520//3520 1953//1953
f 3520//3520 216//216 3521//3521
f 1953//1953 3521//3521 871//871
f 872//872 1954//1954 3523//3523
f 1954//1954 871//871 3522//3522
f 3523//3523 3522//3522 442//442
f 443//443 3524//3524 3525//3525
f 3524//3524 873//873 1958//1958
f 3525//3525 1958//1958 875//875
f 873//873 3526//3526 1956//1956
f 3526//3526 213//213 3527//3527
f 1956//1956 3527//3527 874//874
f 875//875 1957//1957 3529//3529
f 1957//1957 874//874 3528//3528
f 3529//3529 3528//3528 444//444
f 876//876 3531//3531 877//877
f 3531//3531 876//876 3530//3530
f 446//446 3531//3531 445//445
f 446//446 3532//3532 3533//3533
f 3532//3532 878//878 1963//1963
f 3533//3533 1963//1963 880//880
f 878//878 3534//3534 1961//1961
f 3534//3534 214//214 3535//3535
f 1961//1961 3535//3535 879//879
f 880//880 1962//1962 3537//3537
f 1962//1962 879//879 3536//3536
f 3537//3537 3536//3536 447//447
f 448//448 3538//3538 3539//3539
f 3538//3538 881//881 1966//1966
f 3539//3539 1966//1966 883//883
f 881//881 3540//3540 1964//1964
f 3540//3540 444//444 3541//3541
f 1964//1964 3541//3541 882//882
f 883//883 1965//1965 3543//3543
f 1965//1965 882//882 3542//3542
f 3543//3543 3542//3542 431//431
f 223//223 3544//3544 3545//3545
f 3544//3544 884//884 1969//1969
f 3545//3545 1969//1969 886//886
f 884//884 3546//3546 1967//1967
f 3546//3546 224//224 3547//3547
f 1967//1967 3547//3547 885//885
f 886//886 1968//1968 3549//3549
f 1968//1968 885//885 3548//3548
f 3549//3549 3548//3548 449//449
f 225//225 1971//1971 889//889
f 1971//1971 225//225 3550//3550
f 887//887 3552//3552 888//888
f 3552//3552 887//887 3551//3551
f 889//889 3553//3553 449//449
f 3553//3553 889//889 1970//1970
f 890//890 3555//3555 891//891
f 3555//3555 890//890 3554//3554
f 451//451 3556//3556 450//450
f 3555//3555 450//450 3556//3556
f 451//451 3557//3557 3558//3558
f 3557//3557 892//892 1976//1976
f 3558//3558 1976//1976 894//894
f 892//892 3559//3559 1974//1974
f 3559//3559 229//229 3560//3560
f 1974//1974 3560//3560 893//893
f 894//894 1975//1975 3562//3562
f 1975//1975 893//893 3561//3561
f 3562//3562 3561//3561 452//452
f 453//453 3563//3563 3564//3564
f 3563//3563 895//895 1979//1979
f 3564//3564 1979//1979 897//897
f 895//895 3565//3565 1977//1977
f 3565//3565 227//227 3566//3566
f 1977//1977 3566//3566 896//896
f 897//897 1978//1978 3568//3568
f 1978//1978 896//896 3567//3567
f 3568//3568 3567//3567 454//454
f 454//454 3569//3569 3570//3570
f 3569//3569 898//898 1982//1982
f 3570//3570 1982//1982 900//900
f 898//898 3571//3571 1980//1980
f 3571//3571 226//226 3572//3572
f 1980//1980 3572//3572 899//899
f 900//900 1981//1981 3574//3574
f 1981//1981 899//899 3573//3573
f 3574//3574 3573//3573 455//455
f 228//228 3575//3575 3576//3576
f 3575//3575 901//901 1985//1985
f 3576//3576 1985//1985 903//903
f 901//901 3577//3577 1983//1983
f 3577//3577 456//456 3578//3578
f 1983//1983 3578//3578 902//902
f 903//903 1984//1984 3580//3580
f 1984//1984 902//902 3579//3579
f 3580//3580 3579//3579 457//457
f 458//458 3581//3581 3582//3582
f 3581//3581 904//904 1988//1988
f 3582//3582 1988//1988 906//906
f 904//904 3583//3583 1986//1986
f 3583//3583 455//455 3584//3584
f 1986//1986 3584//3584 905//905
f 906//906 1987//1987 3586//3586
f 1987//1987 905//905 3585//3585
f 3586//3586 3585//3585 459//459
f 460//460 3587//3587 3588//3588
f 3587//3587 907//907 1991//1991
f 3588//3588 1991//1991 909//909
f 907//907 3589//3589 1989//1989
f 3589//3589 461//461 3590//3590
f 1989//1989 3590//3590 908//908
f 909//909 1990//1990 3592//3592
f 1990//1990 908//908 3591//3591
f 3592//3592 3591//3591 462//462
f 462//462 3593//3593 3594//3594
f 3593//3593 910//910 1994//1994
f 3594//3594 1994//1994 912//912
f 910//910 3595//3595 1992//1992
f 3595//3595 240//240 3596//3596
f 1992//1992 3596//3596 911//911
f 912//912 1993//1993 3598//3598
f 1993//1993 911//911 3597//3597
f 3598//3598 3597//3597 463//463
f 464//464 3599//3599 915//915
f 1996//1996 915//915 3599//3599
f 913//913 3600//3600 914//914
f 3601//3601 914//914 3600//3600
f 915//915 1995//1995 466//466
f 3602//3602 466//466 1995//1995
f 466//466 3603//3603 3604//3604
f 3603//3603 916//916 1999//1999
f 3604//3604 1999//1999 918//918
f 916//916 3605//3605 1997//1997
f 3605//3605 467//467 3606//3606
f 1997//1997 3606//3606 917//917
f 918//918 1998//1998 3608//3608
f 1998//1998 917//917 3607//3607
f 3608//3608 3607//3607 468//468
f 469//469 3609//3609 921//921
f 2001//2001 921//921 3609//3609
f 919//919 3610//3610 920//920
f 3611//3611 920//920 3610//3610
f 921//921 2000//2000 470//470
f 3612//3612 470//470 2000//2000
f 470//470 3613//3613 3614//3614
f 3613//3613 922//922 2004//2004
f 3614//3614 2004//2004 924//924
f 922//922 3615//3615 2002//2002
f 3615//3615 237//237 3616//3616
f 2002//2002 3616//3616 923//923
f 924//924 2003//2003 3618//3618
f 2003//2003 923//923 3617//3617
f 3618//3618 3617//3617 471//471
f 472//472 3619//3619 3620//3620
f 3619//3619 925//925 2007//2007
f 3620//3620 2007//2007 927//927
f 925//925 3621//3621 2005//2005
f 3621//3621 230//230 3622//3622
f 2005//2005 3622//3622 926//926
f 927//927 2006//2006 3624//3624
f 2006//2006 926//926 3623//3623
f 3624//3624 3623//3623 473//473
f 928//928 3625//3625 929//929
f 474//474 3626//3626 231//231
f 3626//3626 474//474 3625//3625
f 474//474 3627//3627 3628//3628
f 3627//3627 930//930 2011//2011
f 3628//3628 2011//2011 932//932
f 930//930 3629//3629 2009//2009
f 3629//3629 475//475 3630//3630
f 2009//2009 3630//3630 931//931
f 932//932 2010//2010 3632//3632
f 2010//2010 931//931 3631//3631
f 3632//3632 3631//3631 476//476
f 477//477 3633//3633 3634//3634
f 3633//3633 933//933 2014//2014
f 3634//3634 2014//2014 935//935
f 933//933 3635//3635 2012//2012
f 3635//3635 478//478 3636//3636
f 2012//2012 3636//3636 934//934
f 935//935 2013//2013 3638//3638
f 2013//2013 934//934 3637//3637
f 3638//3638 3637//3637 479//479
f 480//480 3639//3639 3640//3640
f 3639//3639 936//936 2017//2017
f 3640//3640 2017//2017 938//938
f 936//936 3641//3641 2015//2015
f 3641//3641 461//461 3642//3642
f 2015//2015 3642//3642 937//937
f 938//938 2016//2016 3644//3644
f 2016//2016 937//937 3643//3643
f 3644//3644 3643//3643 481//481
f 234//234 3645//3645 3646//3646
f 3645//3645 939//939 2020//2020
f 3646//3646 2020//2020 941//941
f 939//939 3647//3647 2018//2018
f 3647//3647 235//235 3648//3648
f 2018//2018 3648//3648 940//940
f 941//941 2019//2019 3650//3650
f 2019//2019 940//940 3649//3649
f 3650//3650 3649//3649 467//467
f 482//482 3651//3651 3652//3652
f 3651//3651 942//942 2023//2023
f 3652//3652 2023//2023 944//944
f 942//942 3653//3653 2021//2021
f 3653//3653 456//456 3654//3654
f 2021//2021 3654//3654 943//943
f 944//944 2022//2022 3656//3656
f 2022//2022 943//943 3655//3655
f 3656//3656 3655//3655 483//483
f 484//484 3657//3657 3658//3658
f 3657//3657 945//945 2026//2026
f 3658//3658 2026//2026 947//947
f 945//945 3659//3659 2024//2024
f 3659//3659 475//475 3660//3660
f 2024//2024 3660//3660 946//946
f 947//947 2025//2025 3662//3662
f 2025//2025 946//946 3661//3661
f 3662//3662 3661//3661 483//483
f 485//485 3663//3663 950//950
f 2027//2027 950//950 3663//3663
f 948//948 2901//2901 949//949
f 950//950 2027//2027 487//487
f 953//953 2904//2904 951//951
f 3664//3664 251//251 2028//2028
f 952//952 2028//2028 251//251
f 489//489 3665//3665 952//952
f 3666//3666 243//243 647//647
f 3666//3666 647//647 244//244
f 3667//3667 243//243 645//645
f 3667//3667 645//645 242//242
f 958//958 2915//2915 956//956
f 3668//3668 248//248 2029//2029
f 957//957 2029//2029 248//248
f 2030//2030 957//957 3669//3669
f 492//492 3669//3669 957//957
f 493//493 2031//2031 961//961
f 959//959 3670//3670 960//960
f 961//961 2031//2031 494//494
f 3671//3671 494//494 2031//2031
f 495//495 2032//2032 964//964
f 962//962 3672//3672 963//963
f 2926//2926 963//963 3672//3672
f 964//964 2032//2032 497//497
f 3673//3673 497//497 2032//2032
f 254//254 2033//2033 3674//3674
f 2033//2033 254//254 660//660
f 2033//2033 660//660 255//255
f 2931//2931 966//966 965//965
f 254//254 2034//2034 3674//3674
f 2034//2034 254//254 658//658
f 2034//2034 658//658 252//252
f 2936//2936 966//966 967//967
f 258//258 2036//2036 3675//3675
f 2036//2036 258//258 665//665
f 665//665 2296//2296 2035//2035
f 2296//2296 665//665 259//259
f 969//969 2940//2940 3676//3676
f 2940//2940 969//969 968//968
f 258//258 2038//2038 3675//3675
f 2038//2038 258//258 663//663
f 663//663 2292//2292 2037//2037
f 2292//2292 663//663 256//256
f 969//969 2937//2937 3676//3676
f 2937//2937 969//969 970//970
f 500//500 2039//2039 973//973
f 971//971 2944//2944 972//972
f 973//973 2039//2039 502//502
f 3677//3677 502//502 2039//2039
f 262//262 3678//3678 3679//3679
f 3678//3678 974//974 2042//2042
f 3679//3679 2042//2042 976//976
f 974//974 3680//3680 2040//2040
f 3680//3680 503//503 3681//3681
f 2040//2040 3681//3681 975//975
f 976//976 2041//2041 3683//3683
f 2041//2041 975//975 3682//3682
f 3683//3683 3682//3682 504//504
f 504//504 3684//3684 3685//3685
f 3684//3684 977//977 2045//2045
f 3685//3685 2045//2045 979//979
f 977//977 3686//3686 2043//2043
f 3686//3686 263//263 3687//3687
f 2043//2043 3687//3687 978//978
f 979//979 2044//2044 3689//3689
f 2044//2044 978//978 3688//3688
f 3689//3689 3688//3688 505//505
f 505//505 2046//2046 982//982
f 2046//2046 505//505 3690//3690
f 980//980 3691//3691 981//981
f 982//982 3692//3692 507//507
f 508//508 3693//3693 3694//3694
f 3693//3693 983//983 2049//2049
f 3694//3694 2049//2049 985//985
f 983//983 3695//3695 2047//2047
f 3695//3695 503//503 3696//3696
f 2047//2047 3696//3696 984//984
f 985//985 2048//2048 3698//3698
f 2048//2048 984//984 3697//3697
f 3698//3698 3697//3697 509//509
f 509//509 2051//2051 988//988
f 2051//2051 509//509 3699//3699
f 986//986 3701//3701 987//987
f 3701//3701 986//986 3700//3700
f 988//988 3702//3702 510//510
f 3702//3702 988//988 2050//2050
f 510//510 3703//3703 3704//3704
f 3703//3703 989//989 2054//2054
f 3704//3704 2054//2054 991//991
f 989//989 3705//3705 2052//2052
f 3705//3705 260//260 3706//3706
f 2052//2052 3706//3706 990//990
f 991//991 2053//2053 3708//3708
f 2053//2053 990//990 3707//3707
f 3708//3708 3707//3707 507//507
f 511//511 3709//3709 3710//3710
f 3709//3709 992//992 2057//2057
f 3710//3710 2057//2057 994//994
f 992//992 3711//3711 2055//2055
f 3711//3711 512//512 3712//3712
f 2055//2055 3712//3712 993//993
f 994//994 2056//2056 3714//3714
f 2056//2056 993//993 3713//3713
f 3714//3714 3713//3713 513//513
f 513//513 3715//3715 3716//3716
f 3715//3715 995//995 2060//2060
f 3716//3716 2060//2060 997//997
f 995//995 3717//3717 2058//2058
f 3717//3717 267//267 3718//3718
f 2058//2058 3718//3718 996//996
f 997//997 2059//2059 3720//3720
f 2059//2059 996//996 3719//3719
f 3720//3720 3719//3719 514//514
f 514//514 2062//2062 1000//1000
f 2062//2062 514//514 3721//3721
f 998//998 3723//3723 999//999
f 3723//3723 998//998 3722//3722
f 1000//1000 3724//3724 515//515
f 3724//3724 1000//1000 2061//2061
f 268//268 3725//3725 3726//3726
f 3725//3725 1001//1001 2065//2065
f 3726//3726 2065//2065 1003//1003
f 1001//1001 3727//3727 2063//2063
f 3727//3727 512//512 3728//3728
f 2063//2063 3728//3728 1002//1002
f 1003//1003 2064//2064 3730//3730
f 2064//2064 1002//1002 3729//3729
f 3730//3730 3729//3729 516//516
f 516//516 3030//3030 518//518
f 3731//3731 518//518 3030//3030
f 1005//1005 3031//3031 1004//1004
f 3731//3731 1004//1004 3031//3031
f 518//518 3732//3732 3733//3733
f 3732//3732 1006//1006 2070//2070
f 3733//3733 2070//2070 1008//1008
f 1006//1006 3734//3734 2068//2068
f 3734//3734 519//519 3735//3735
f 2068//2068 3735//3735 1007//1007
f 1008//1008 2069//2069 3737//3737
f 2069//2069 1007//1007 3736//3736
f 3737//3737 3736//3736 515//515
f 3738//3738 1009//1009 1011//1011
f 2071//2071 272//272 1010//1010
f 3739//3739 1010//1010 521//521
f 522//522 3740//3740 524//524
f 1013//1013 3740//3740 1012//1012
f 531//531 3741//3741 533//533
f 3742//3742 1021//1021 1023//1023
f 2072//2072 269//269 1022//1022
f 3743//3743 1022//1022 535//535
f 3744//3744 1024//1024 1026//1026
f 2073//2073 282//282 1025//1025
f 3745//3745 1025//1025 537//537
f 538//538 3746//3746 540//540
f 1028//1028 3746//3746 1027//1027
f 546//546 3747//3747 548//548
f 1035//1035 3747//3747 1034//1034
f 3748//3748 1036//1036 1038//1038
f 2074//2074 279//279 1037//1037
f 3749//3749 1037//1037 550//550
f 291//291 3750//3750 3751//3751
f 3750//3750 1039//1039 2077//2077
f 3751//3751 2077//2077 1041//1041
f 1039//1039 3752//3752 2075//2075
f 3752//3752 551//551 3753//3753
f 2075//2075 3753//3753 1040//1040
f 1041//1041 2076//2076 3755//3755
f 2076//2076 1040//1040 3754//3754
f 3755//3755 3754//3754 552//552
f 552//552 3756//3756 3757//3757
f 3756//3756 1042//1042 2080//2080
f 3757//3757 2080//2080 1044//1044
f 1042//1042 3758//3758 2078//2078
f 3758//3758 553//553 3759//3759
f 2078//2078 3759//3759 1043//1043
f 1044//1044 2079//2079 3761//3761
f 2079//2079 1043//1043 3760//3760
f 3761//3761 3760//3760 554//554
f 555//555 3762//3762 1047//1047
f 2082//2082 1047//1047 3762//3762
f 1045//1045 3763//3763 1046//1046
f 3764//3764 1046//1046 3763//3763
f 1047//1047 2081//2081 556//556
f 3765//3765 556//556 2081//2081
f 556//556 3766//3766 3767//3767
f 3766//3766 1048//1048 2085//2085
f 3767//3767 2085//2085 1050//1050
f 1048//1048 3768//3768 2083//2083
f 3768//3768 289//289 3769//3769
f 2083//2083 3769//3769 1049//1049
f 1050//1050 2084//2084 3771//3771
f 2084//2084 1049//1049 3770//3770
f 3771//3771 3770//3770 557//557
f 3772//3772 558//558 1051//1051
f 1051//1051 3773//3773 3772//3772
f 3773//3773 1051//1051 551//551
f 3774//3774 1053//1053 1052//1052
f 560//560 3775//3775 3776//3776
f 3775//3775 1054//1054 2088//2088
f 3776//3776 2088//2088 1056//1056
f 1054//1054 3777//3777 2086//2086
f 3777//3777 561//561 3778//3778
f 2086//2086 3778//3778 1055//1055
f 1056//1056 2087//2087 3780//3780
f 2087//2087 1055//1055 3779//3779
f 3780//3780 3779//3779 562//562
f 562//562 3781//3781 3782//3782
f 3781//3781 1057//1057 2091//2091
f 3782//3782 2091//2091 1059//1059
f 1057//1057 3783//3783 2089//2089
f 3783//3783 293//293 3784//3784
f 2089//2089 3784//3784 1058//1058
f 1059//1059 2090//2090 3786//3786
f 2090//2090 1058//1058 3785//3785
f 3786//3786 3785//3785 563//563
f 563//563 2093//2093 1062//1062
f 2093//2093 563//563 3787//3787
f 1060//1060 3789//3789 1061//1061
f 3789//3789 1060//1060 3788//3788
f 1062//1062 3790//3790 564//564
f 3790//3790 1062//1062 2092//2092
f 294//294 3791//3791 3792//3792
f 3791//3791 1063//1063 2096//2096
f 3792//3792 2096//2096 1065//1065
f 1063//1063 3793//3793 2094//2094
f 3793//3793 561//561 3794//3794
f 2094//2094 3794//3794 1064//1064
f 1065//1065 2095//2095 3796//3796
f 2095//2095 1064//1064 3795//3795
f 3796//3796 3795//3795 565//565
f 565//565 3797//3797 1068//1068
f 2098//2098 1068//1068 3797//3797
f 1066//1066 3798//3798 1067//1067
f 3799//3799 1067//1067 3798//3798
f 1068//1068 2097//2097 567//567
f 3800//3800 567//567 2097//2097
f 567//567 3801//3801 3802//3802
f 3801//3801 1069//1069 2101//2101
f 3802//3802 2101//2101 1071//1071
f 1069//1069 3803//3803 2099//2099
f 3803//3803 568//568 3804//3804
f 2099//2099 3804//3804 1070//1070
f 1071//1071 2100//2100 3806//3806
f 2100//2100 1070//1070 3805//3805
f 3806//3806 3805//3805 564//564
f 3807//3807 1072//1072 3808//3808
f 1073//1073 3808//3808 1072//1072
f 3809//3809 171//171 2102//2102
f 571//571 2102//2102 171//171
f 2102//2102 571//571 3810//3810
f 173//173 3810//3810 571//571
f 3811//3811 1074//1074 1754//1754
f 569//569 1754//1754 1074//1074
f 3812//3812 12//12 2103//2103
f 1075//1075 2103//2103 12//12
f 2103//2103 1075//1075 3156//3156
f 172//172 3156//3156 1075//1075
f 3158//3158 570//570 3813//3813
f 1077//1077 3813//3813 570//570
f 1076//1076 3157//3157 172//172
f 3157//3157 1076//1076 3814//3814
f 13//13 3814//3814 1076//1076
f 21//21 3815//3815 2371//2371
f 3815//3815 1078//1078 2105//2105
f 2371//2371 2105//2105 709//709
f 1078//1078 3816//3816 2104//2104
f 3816//3816 174//174 3159//3159
f 2104//2104 3159//3159 574//574
f 709//709 1839//1839 1841//1841
f 1839//1839 574//574 3162//3162
f 1841//1841 3162//3162 176//176
f 174//174 3817//3817 2370//2370
f 3817//3817 1079//1079 2108//2108
f 2370//2370 2108//2108 572//572
f 1079//1079 3818//3818 2106//2106
f 3818//3818 14//14 3819//3819
f 2106//2106 3819//3819 1080//1080
f 572//572 2107//2107 2115//2115
f 2107//2107 1080//1080 3820//3820
f 2115//2115 3820//3820 175//175
f 176//176 3161//3161 1759//1759
f 3161//3161 573//573 1758//1758
f 1759//1759 1758//1758 575//575
f 573//573 3160//3160 2109//2109
f 3160//3160 175//175 3821//3821
f 2109//2109 3821//3821 1081//1081
f 575//575 2110//2110 2113//2113
f 2110//2110 1081//1081 3822//3822
f 2113//2113 3822//3822 13//13
f 20//20 3823//3823 2367//2367
f 3823//3823 1082//1082 2112//2112
f 2367//2367 2112//2112 707//707
f 1082//1082 3824//3824 2111//2111
f 3824//3824 177//177 3163//3163
f 2111//2111 3163//3163 576//576
f 707//707 1836//1836 1838//1838
f 1836//1836 576//576 3164//3164
f 1838//1838 3164//3164 176//176
f 177//177 3825//3825 2366//2366
f 3825//3825 1083//1083 2114//2114
f 2366//2366 2114//2114 575//575
f 1083//1083 3826//3826 2113//2113
f 3826//3826 13//13 3822//3822
f 2113//2113 3822//3822 1081//1081
f 575//575 2110//2110 2109//2109
f 2110//2110 1081//1081 3821//3821
f 2109//2109 3821//3821 175//175
f 176//176 3161//3161 1756//1756
f 3161//3161 573//573 1755//1755
f 1756//1756 1755//1755 572//572
f 573//573 3160//3160 2115//2115
f 3160//3160 175//175 3820//3820
f 2115//2115 3820//3820 1080//1080
f 572//572 2107//2107 2106//2106
f 2107//2107 1080//1080 3819//3819
f 2106//2106 3819//3819 14//14
f 11//11 1084//1084 3827//3827
f 1084//1084 178//178 2116//2116
f 3165//3165 2116//2116 178//178
f 1085//1085 579//579 3828//3828
f 178//178 1086//1086 3165//3165
f 1086//1086 6//6 2117//2117
f 3829//3829 2117//2117 6//6
f 577//577 1087//1087 3166//3166
f 3830//3830 3166//3166 1087//1087
f 3327//3327 578//578 3831//3831
f 578//578 179//179 2118//2118
f 3832//3832 2118//2118 179//179
f 1089//1089 1088//1088 3834//3834
f 3833//3833 3834//3834 1088//1088
f 10//10 3835//3835 3836//3836
f 3835//3835 1090//1090 3836//3836
f 1090//1090 3837//3837 2119//2119
f 3837//3837 180//180 3168//3168
f 2119//2119 3168//3168 582//582
f 1091//1091 2120//2120 3838//3838
f 2120//2120 582//582 3172//3172
f 3838//3838 3172//3172 181//181
f 180//180 3839//3839 3167//3167
f 3839//3839 1092//1092 2123//2123
f 3167//3167 2123//2123 580//580
f 1092//1092 3840//3840 2121//2121
f 2121//2121 3833//3833 1088//1088
f 580//580 2122//2122 3169//3169
f 2122//2122 1088//1088 3832//3832
f 3169//3169 3832//3832 179//179
f 181//181 3171//3171 3841//3841
f 3171//3171 581//581 2126//2126
f 3841//3841 2126//2126 1093//1093
f 581//581 3170//3170 2124//2124
f 3170//3170 179//179 3830//3830
f 2124//2124 3830//3830 1087//1087
f 1093//1093 2125//2125 3842//3842
f 2125//2125 1087//1087 3829//3829
f 3842//3842 3829//3829 6//6
f 18//18 1094//1094 3843//3843
f 3174//3174 3843//3843 1094//1094
f 1094//1094 182//182 3174//3174
f 1095//1095 585//585 3844//3844
f 3176//3176 3844//3844 585//585
f 182//182 1096//1096 3173//3173
f 1096//1096 2//2 2127//2127
f 3845//3845 2127//2127 2//2
f 583//583 1097//1097 3175//3175
f 3846//3846 3175//3175 1097//1097
f 184//184 584//584 3847//3847
f 2129//2129 3847//3847 584//584
f 584//584 183//183 2128//2128
f 3848//3848 2128//2128 183//183
f 1099//1099 1098//1098 3850//3850
f 3849//3849 3850//3850 1098//1098
f 14//14 1100//1100 1864//1864
f 3177//3177 1864//1864 1100//1100
f 1100//1100 185//185 3177//3177
f 756//756 588//588 3360//3360
f 3178//3178 3360//3360 588//588
f 185//185 1101//1101 3177//3177
f 2131//2131 3177//3177 1101//1101
f 1101//1101 15//15 2130//2130
f 3851//3851 2130//2130 15//15
f 586//586 1102//1102 3178//3178
f 3852//3852 3178//3178 1102//1102
f 187//187 587//587 2441//2441
f 2132//2132 2441//2441 587//587
f 587//587 186//186 2132//2132
f 3853//3853 2132//2132 186//186
f 1104//1104 1103//1103 3855//3855
f 3854//3854 3855//3855 1103//1103
f 54//54 3856//3856 3857//3857
f 3856//3856 1105//1105 2135//2135
f 3857//3857 2135//2135 1106//1106
f 1105//1105 3858//3858 2133//2133
f 3858//3858 191//191 3180//3180
f 2133//2133 3180//3180 591//591
f 1106//1106 2134//2134 3859//3859
f 2134//2134 591//591 3184//3184
f 3859//3859 3184//3184 193//193
f 191//191 3860//3860 3179//3179
f 3860//3860 1107//1107 2138//2138
f 3179//3179 2138//2138 589//589
f 1107//1107 3861//3861 2136//2136
f 3861//3861 47//47 3862//3862
f 2136//2136 3862//3862 1108//1108
f 589//589 2137//2137 3181//3181
f 2137//2137 1108//1108 3863//3863
f 3181//3181 3863//3863 192//192
f 193//193 3183//3183 3864//3864
f 3183//3183 590//590 2141//2141
f 3864//3864 2141//2141 1110//1110
f 590//590 3182//3182 2139//2139
f 3182//3182 192//192 3865//3865
f 2139//2139 3865//3865 1109//1109
f 1110//1110 2140//2140 3867//3867
f 2140//2140 1109//1109 3866//3866
f 3867//3867 3866//3866 46//46
f 53//53 3868//3868 3869//3869
f 3868//3868 1111//1111 2144//2144
f 3869//3869 2144//2144 1112//1112
f 1111//1111 3870//3870 2142//2142
f 3870//3870 194//194 3186//3186
f 2142//2142 3186//3186 594//594
f 1112//1112 2143//2143 3871//3871
f 2143//2143 594//594 3190//3190
f 3871//3871 3190//3190 195//195
f 194//194 3872//3872 3185//3185
f 3872//3872 1113//1113 2147//2147
f 3185//3185 2147//2147 592//592
f 1113//1113 3873//3873 2145//2145
f 3873//3873 46//46 3866//3866
f 2145//2145 3866//3866 1109//1109
f 592//592 2146//2146 3187//3187
f 2146//2146 1109//1109 3865//3865
f 3187//3187 3865//3865 192//192
f 195//195 3189//3189 3874//3874
f 3189//3189 593//593 2150//2150
f 3874//3874 2150//2150 1114//1114
f 593//593 3188//3188 2148//2148
f 3188//3188 192//192 3863//3863
f 2148//2148 3863//3863 1108//1108
f 1114//1114 2149//2149 3875//3875
f 2149//2149 1108//1108 3862//3862
f 3875//3875 3862//3862 47//47
f 2634//2634 1115//1115 847//847
f 2151//2151 200//200 597//597
f 1932//1932 597//597 202//202
f 2633//2633 1116//1116 595//595
f 2155//2155 1117//1117 201//201
f 1774//1774 596//596 598//598
f 2153//2153 201//201 1118//1118
f 3877//3877 1119//1119 845//845
f 2154//2154 203//203 599//599
f 1931//1931 599//599 202//202
f 2631//2631 1120//1120 598//598
f 2153//2153 1118//1118 201//201
f 1773//1773 596//596 595//595
f 2155//2155 201//201 1117//1117
f 3878//3878 1117//1117 2152//2152
f 3879//3879 1121//1121 850//850
f 2156//2156 204//204 602//602
f 1934//1934 602//602 206//206
f 2638//2638 1122//1122 600//600
f 2159//2159 1123//1123 205//205
f 1776//1776 601//601 603//603
f 2157//2157 205//205 1124//1124
f 3881//3881 1125//1125 848//848
f 2158//2158 207//207 604//604
f 1933//1933 604//604 206//206
f 2636//2636 1126//1126 603//603
f 2157//2157 1124//1124 205//205
f 1775//1775 601//601 600//600
f 2159//2159 205//205 1123//1123
f 73//73 3883//3883 3884//3884
f 3883//3883 1127//1127 2162//2162
f 3884//3884 2162//2162 1128//1128
f 1127//1127 3885//3885 2160//2160
f 3885//3885 208//208 3192//3192
f 2160//2160 3192//3192 607//607
f 1128//1128 2161//2161 3886//3886
f 2161//2161 607//607 3196//3196
f 3886//3886 3196//3196 210//210
f 208//208 3887//3887 3191//3191
f 3887//3887 1129//1129 2165//2165
f 3191//3191 2165//2165 605//605
f 1129//1129 3888//3888 2163//2163
f 3888//3888 75//75 3889//3889
f 2163//2163 3889//3889 1130//1130
f 605//605 2164//2164 3193//3193
f 2164//2164 1130//1130 3890//3890
f 3193//3193 3890//3890 209//209
f 210//210 3195//3195 3891//3891
f 3195//3195 606//606 2168//2168
f 3891//3891 2168//2168 1132//1132
f 606//606 3194//3194 2166//2166
f 3194//3194 209//209 3892//3892
f 2166//2166 3892//3892 1131//1131
f 1132//1132 2167//2167 3894//3894
f 2167//2167 1131//1131 3893//3893
f 3894//3894 3893//3893 78//78
f 79//79 3895//3895 3896//3896
f 3895//3895 1133//1133 2171//2171
f 3896//3896 2171//2171 1134//1134
f 1133//1133 3897//3897 2169//2169
f 3897//3897 211//211 3198//3198
f 2169//2169 3198//3198 610//610
f 1134//1134 2170//2170 3898//3898
f 2170//2170 610//610 3202//3202
f 3898//3898 3202//3202 212//212
f 211//211 3899//3899 3197//3197
f 3899//3899 1135//1135 2174//2174
f 3197//3197 2174//2174 608//608
f 1135//1135 3900//3900 2172//2172
f 3900//3900 78//78 3893//3893
f 2172//2172 3893//3893 1131//1131
f 608//608 2173//2173 3199//3199
f 2173//2173 1131//1131 3892//3892
f 3199//3199 3892//3892 209//209
f 212//212 3201//3201 3901//3901
f 3201//3201 609//609 2177//2177
f 3901//3901 2177//2177 1136//1136
f 609//609 3200//3200 2175//2175
f 3200//3200 209//209 3890//3890
f 2175//2175 3890//3890 1130//1130
f 1136//1136 2176//2176 3902//3902
f 2176//2176 1130//1130 3889//3889
f 3902//3902 3889//3889 75//75
f 74//74 3903//3903 3904//3904
f 3903//3903 1137//1137 2180//2180
f 3904//3904 2180//2180 1138//1138
f 1137//1137 3905//3905 2178//2178
f 3905//3905 213//213 3204//3204
f 2178//2178 3204//3204 613//613
f 1138//1138 2179//2179 3906//3906
f 2179//2179 613//613 3208//3208
f 3906//3906 3208//3208 215//215
f 213//213 3907//3907 3203//3203
f 3907//3907 1139//1139 2183//2183
f 3203//3203 2183//2183 611//611
f 1139//1139 3908//3908 2181//2181
f 3908//3908 76//76 3909//3909
f 2181//2181 3909//3909 1140//1140
f 611//611 2182//2182 3205//3205
f 2182//2182 1140//1140 3910//3910
f 3205//3205 3910//3910 214//214
f 215//215 3207//3207 3911//3911
f 3207//3207 612//612 2186//2186
f 3911//3911 2186//2186 1142//1142
f 612//612 3206//3206 2184//2184
f 3206//3206 214//214 3912//3912
f 2184//2184 3912//3912 1141//1141
f 1142//1142 2185//2185 3914//3914
f 2185//2185 1141//1141 3913//3913
f 3914//3914 3913//3913 77//77
f 83//83 3915//3915 3916//3916
f 3915//3915 1143//1143 2189//2189
f 3916//3916 2189//2189 1144//1144
f 1143//1143 3917//3917 2187//2187
f 3917//3917 216//216 3210//3210
f 2187//2187 3210//3210 616//616
f 1144//1144 2188//2188 3918//3918
f 2188//2188 616//616 3214//3214
f 3918//3918 3214//3214 218//218
f 216//216 3919//3919 3209//3209
f 3919//3919 1145//1145 2192//2192
f 3209//3209 2192//2192 614//614
f 1145//1145 3920//3920 2190//2190
f 3920//3920 84//84 3921//3921
f 2190//2190 3921//3921 1146//1146
f 614//614 2191//2191 3211//3211
f 2191//2191 1146//1146 3922//3922
f 3211//3211 3922//3922 217//217
f 218//218 3213//3213 3923//3923
f 3213//3213 615//615 2195//2195
f 3923//3923 2195//2195 1148//1148
f 615//615 3212//3212 2193//2193
f 3212//3212 217//217 3924//3924
f 2193//2193 3924//3924 1147//1147
f 1148//1148 2194//2194 3926//3926
f 2194//2194 1147//1147 3925//3925
f 3926//3926 3925//3925 81//81
f 82//82 3927//3927 3928//3928
f 3927//3927 1149//1149 2198//2198
f 3928//3928 2198//2198 1150//1150
f 1149//1149 3929//3929 2196//2196
f 3929//3929 219//219 3216//3216
f 2196//2196 3216//3216 619//619
f 1150//1150 2197//2197 3930//3930
f 2197//2197 619//619 3220//3220
f 3930//3930 3220//3220 220//220
f 219//219 3931//3931 3215//3215
f 3931//3931 1151//1151 2201//2201
f 3215//3215 2201//2201 617//617
f 1151//1151 3932//3932 2199//2199
f 3932//3932 81//81 3925//3925
f 2199//2199 3925//3925 1147//1147
f 617//617 2200//2200 3217//3217
f 2200//2200 1147//1147 3924//3924
f 3217//3217 3924//3924 217//217
f 220//220 3219//3219 3933//3933
f 3219//3219 618//618 2204//2204
f 3933//3933 2204//2204 1152//1152
f 618//618 3218//3218 2202//2202
f 3218//3218 217//217 3922//3922
f 2202//2202 3922//3922 1146//1146
f 1152//1152 2203//2203 3934//3934
f 2203//2203 1146//1146 3921//3921
f 3934//3934 3921//3921 84//84
f 88//88 1153//1153 3935//3935
f 2206//2206 3935//3935 1153//1153
f 1153//1153 221//221 2205//2205
f 3222//3222 2205//2205 221//221
f 1154//1154 622//622 3936//3936
f 3224//3224 3936//3936 622//622
f 221//221 1155//1155 3221//3221
f 2208//2208 3221//3221 1155//1155
f 1155//1155 87//87 2207//2207
f 3937//3937 2207//2207 87//87
f 620//620 1156//1156 3223//3223
f 3938//3938 3223//3223 1156//1156
f 223//223 621//621 3939//3939
f 2210//2210 3939//3939 621//621
f 621//621 222//222 2209//2209
f 3940//3940 2209//2209 222//222
f 1158//1158 1157//1157 3942//3942
f 3941//3941 3942//3942 1157//1157
f 86//86 3943//3943 3944//3944
f 3943//3943 1159//1159 2213//2213
f 3944//3944 2213//2213 1160//1160
f 1159//1159 3945//3945 2211//2211
f 3945//3945 224//224 3226//3226
f 2211//2211 3226//3226 625//625
f 1160//1160 2212//2212 3946//3946
f 2212//2212 625//625 3230//3230
f 3946//3946 3230//3230 225//225
f 224//224 3947//3947 3225//3225
f 3947//3947 1161//1161 2216//2216
f 3225//3225 2216//2216 623//623
f 1161//1161 3948//3948 2214//2214
f 3948//3948 85//85 3941//3941
f 2214//2214 3941//3941 1157//1157
f 623//623 2215//2215 3227//3227
f 2215//2215 1157//1157 3940//3940
f 3227//3227 3940//3940 222//222
f 225//225 3229//3229 3949//3949
f 3229//3229 624//624 2219//2219
f 3949//3949 2219//2219 1162//1162
f 624//624 3228//3228 2217//2217
f 3228//3228 222//222 3938//3938
f 2217//2217 3938//3938 1156//1156
f 1162//1162 2218//2218 3950//3950
f 2218//2218 1156//1156 3937//3937
f 3950//3950 3937//3937 87//87
f 89//89 3951//3951 3952//3952
f 3951//3951 1163//1163 2222//2222
f 3952//3952 2222//2222 1164//1164
f 1163//1163 3953//3953 2220//2220
f 3953//3953 226//226 3232//3232
f 2220//2220 3232//3232 628//628
f 1164//1164 2221//2221 3954//3954
f 2221//2221 628//628 3236//3236
f 3954//3954 3236//3236 228//228
f 226//226 3955//3955 3231//3231
f 3955//3955 1165//1165 2225//2225
f 3231//3231 2225//2225 626//626
f 1165//1165 3956//3956 2223//2223
f 3956//3956 92//92 3957//3957
f 2223//2223 3957//3957 1166//1166
f 626//626 2224//2224 3233//3233
f 2224//2224 1166//1166 3958//3958
f 3233//3233 3958//3958 227//227
f 228//228 3235//3235 3959//3959
f 3235//3235 627//627 2228//2228
f 3959//3959 2228//2228 1168//1168
f 627//627 3234//3234 2226//2226
f 3234//3234 227//227 3960//3960
f 2226//2226 3960//3960 1167//1167
f 1168//1168 2227//2227 3962//3962
f 2227//2227 1167//1167 3961//3961
f 3962//3962 3961//3961 99//99
f 91//91 3963//3963 2008//2008
f 3963//3963 1169//1169 2231//2231
f 2008//2008 2231//2231 928//928
f 1169//1169 3964//3964 2229//2229
f 3964//3964 229//229 3238//3238
f 2229//2229 3238//3238 631//631
f 928//928 2230//2230 3626//3626
f 2230//2230 631//631 3242//3242
f 3626//3626 3242//3242 231//231
f 229//229 3965//3965 3237//3237
f 3965//3965 1170//1170 2234//2234
f 3237//3237 2234//2234 629//629
f 1170//1170 3966//3966 2232//2232
f 3966//3966 90//90 3967//3967
f 2232//2232 3967//3967 1171//1171
f 629//629 2233//2233 3239//3239
f 2233//2233 1171//1171 3968//3968
f 3239//3239 3968//3968 230//230
f 231//231 3241//3241 2845//2845
f 3241//3241 630//630 2237//2237
f 2845//2845 2237//2237 1173//1173
f 630//630 3240//3240 2235//2235
f 3240//3240 230//230 3969//3969
f 2235//2235 3969//3969 1172//1172
f 1173//1173 2236//2236 3971//3971
f 2236//2236 1172//1172 3970//3970
f 3971//3971 3970//3970 94//94
f 98//98 1174//1174 3972//3972
f 2239//2239 3972//3972 1174//1174
f 1174//1174 232//232 2238//2238
f 3244//3244 2238//2238 232//232
f 1175//1175 634//634 3973//3973
f 3246//3246 3973//3973 634//634
f 232//232 1176//1176 3243//3243
f 2241//2241 3243//3243 1176//1176
f 1176//1176 97//97 2240//2240
f 3974//3974 2240//2240 97//97
f 632//632 1177//1177 3245//3245
f 3975//3975 3245//3245 1177//1177
f 234//234 633//633 3976//3976
f 2243//2243 3976//3976 633//633
f 633//633 233//233 2242//2242
f 3977//3977 2242//2242 233//233
f 1179//1179 1178//1178 3979//3979
f 3978//3978 3979//3979 1178//1178
f 96//96 3980//3980 3981//3981
f 3980//3980 1180//1180 2246//2246
f 3981//3981 2246//2246 1181//1181
f 1180//1180 3982//3982 2244//2244
f 3982//3982 235//235 3248//3248
f 2244//2244 3248//3248 637//637
f 1181//1181 2245//2245 3983//3983
f 2245//2245 637//637 3252//3252
f 3983//3983 3252//3252 236//236
f 235//235 3984//3984 3247//3247
f 3984//3984 1182//1182 2249//2249
f 3247//3247 2249//2249 635//635
f 1182//1182 3985//3985 2247//2247
f 3985//3985 95//95 3978//3978
f 2247//2247 3978//3978 1178//1178
f 635//635 2248//2248 3249//3249
f 2248//2248 1178//1178 3977//3977
f 3249//3249 3977//3977 233//233
f 236//236 3251//3251 3986//3986
f 3251//3251 636//636 2252//2252
f 3986//3986 2252//2252 1183//1183
f 636//636 3250//3250 2250//2250
f 3250//3250 233//233 3975//3975
f 2250//2250 3975//3975 1177//1177
f 1183//1183 2251//2251 3987//3987
f 2251//2251 1177//1177 3974//3974
f 3987//3987 3974//3974 97//97
f 105//105 3988//3988 3989//3989
f 3988//3988 1184//1184 2255//2255
f 3989//3989 2255//2255 1185//1185
f 1184//1184 3990//3990 2253//2253
f 3990//3990 237//237 3254//3254
f 2253//2253 3254//3254 640//640
f 1185//1185 2254//2254 3991//3991
f 2254//2254 640//640 3258//3258
f 3991//3991 3258//3258 239//239
f 237//237 3992//3992 3253//3253
f 3992//3992 1186//1186 2258//2258
f 3253//3253 2258//2258 638//638
f 1186//1186 3993//3993 2256//2256
f 3993//3993 106//106 3994//3994
f 2256//2256 3994//3994 1187//1187
f 638//638 2257//2257 3255//3255
f 2257//2257 1187//1187 3995//3995
f 3255//3255 3995//3995 238//238
f 239//239 3257//3257 3996//3996
f 3257//3257 639//639 2261//2261
f 3996//3996 2261//2261 1189//1189
f 639//639 3256//3256 2259//2259
f 3256//3256 238//238 3997//3997
f 2259//2259 3997//3997 1188//1188
f 1189//1189 2260//2260 3999//3999
f 2260//2260 1188//1188 3998//3998
f 3999//3999 3998//3998 103//103
f 104//104 4000//4000 4001//4001
f 4000//4000 1190//1190 2264//2264
f 4001//4001 2264//2264 1191//1191
f 1190//1190 4002//4002 2262//2262
f 4002//4002 240//240 3260//3260
f 2262//2262 3260//3260 643//643
f 1191//1191 2263//2263 4003//4003
f 2263//2263 643//643 3264//3264
f 4003//4003 3264//3264 241//241
f 240//240 4004//4004 3259//3259
f 4004//4004 1192//1192 2267//2267
f 3259//3259 2267//2267 641//641
f 1192//1192 4005//4005 2265//2265
f 4005//4005 103//103 3998//3998
f 2265//2265 3998//3998 1188//1188
f 641//641 2266//2266 3261//3261
f 2266//2266 1188//1188 3997//3997
f 3261//3261 3997//3997 238//238
f 241//241 3263//3263 4006//4006
f 3263//3263 642//642 2270//2270
f 4006//4006 2270//2270 1193//1193
f 642//642 3262//3262 2268//2268
f 3262//3262 238//238 3995//3995
f 2268//2268 3995//3995 1187//1187
f 1193//1193 2269//2269 4007//4007
f 2269//2269 1187//1187 3994//3994
f 4007//4007 3994//3994 106//106
f 4008//4008 1194//1194 4009//4009
f 1195//1195 4009//4009 1194//1194
f 4010//4010 242//242 2271//2271
f 645//645 2271//2271 242//242
f 2271//2271 645//645 4011//4011
f 243//243 4011//4011 645//645
f 4012//4012 1196//1196 3265//3265
f 644//644 3265//3265 1196//1196
f 4013//4013 116//116 2272//2272
f 1197//1197 2272//2272 116//116
f 1198//1198 2273//2273 1197//1197
f 1199//1199 3266//3266 644//644
f 111//111 4014//4014 1198//1198
f 4015//4015 1200//1200 2912//2912
f 1201//1201 2912//2912 1200//1200
f 4016//4016 244//244 2274//2274
f 647//647 2274//2274 244//244
f 2274//2274 647//647 4017//4017
f 243//243 4017//4017 647//647
f 4018//4018 1202//1202 3267//3267
f 646//646 3267//3267 1202//1202
f 4019//4019 111//111 2275//2275
f 1198//1198 2275//2275 111//111
f 1203//1203 3269//3269 646//646
f 1197//1197 3268//3268 1198//1198
f 116//116 4020//4020 1197//1197
f 4021//4021 1210//1210 4022//4022
f 1211//1211 4022//4022 1210//1210
f 4023//4023 248//248 2276//2276
f 653//653 2276//2276 248//248
f 2277//2277 653//653 4024//4024
f 250//250 4024//4024 653//653
f 4025//4025 1212//1212 1814//1814
f 651//651 1814//1814 1212//1212
f 4026//4026 114//114 2278//2278
f 1213//1213 2278//2278 114//114
f 2279//2279 1213//1213 2285//2285
f 249//249 2285//2285 1213//1213
f 3271//3271 652//652 4027//4027
f 654//654 4027//4027 652//652
f 3270//3270 249//249 2280//2280
f 1214//1214 2280//2280 249//249
f 2281//2281 1214//1214 2284//2284
f 109//109 2284//2284 1214//1214
f 4028//4028 1215//1215 4029//4029
f 1216//1216 4029//4029 1215//1215
f 4030//4030 251//251 2282//2282
f 655//655 2282//2282 251//251
f 2283//2283 655//655 4031//4031
f 250//250 4031//4031 655//655
f 4032//4032 1217//1217 1815//1815
f 654//654 1815//1815 1217//1217
f 4033//4033 109//109 2284//2284
f 1214//1214 2284//2284 109//109
f 2281//2281 1214//1214 2280//2280
f 249//249 2280//2280 1214//1214
f 3271//3271 652//652 4034//4034
f 651//651 4034//4034 652//652
f 3270//3270 249//249 2285//2285
f 1213//1213 2285//2285 249//249
f 2279//2279 1213//1213 2278//2278
f 114//114 2278//2278 1213//1213
f 4035//4035 1218//1218 4036//4036
f 967//967 4036//4036 1218//1218
f 4037//4037 252//252 2034//2034
f 658//658 2034//2034 252//252
f 254//254 2034//2034 658//658
f 4038//4038 1219//1219 3272//3272
f 656//656 3272//3272 1219//1219
f 4039//4039 126//126 2286//2286
f 1220//1220 2286//2286 126//126
f 2286//2286 1220//1220 2290//2290
f 253//253 2290//2290 1220//1220
f 659//659 1816//1816 657//657
f 3273//3273 253//253 2287//2287
f 1221//1221 2287//2287 253//253
f 2288//2288 1221//1221 4040//4040
f 121//121 4040//4040 1221//1221
f 4041//4041 1222//1222 4042//4042
f 965//965 4042//4042 1222//1222
f 4043//4043 255//255 2033//2033
f 660//660 2033//2033 255//255
f 254//254 2033//2033 660//660
f 4044//4044 1223//1223 3274//3274
f 659//659 3274//3274 1223//1223
f 4045//4045 121//121 2289//2289
f 1221//1221 2289//2289 121//121
f 2289//2289 1221//1221 2287//2287
f 253//253 2287//2287 1221//1221
f 656//656 1817//1817 657//657
f 3273//3273 253//253 2290//2290
f 1220//1220 2290//2290 253//253
f 2291//2291 1220//1220 4046//4046
f 126//126 4046//4046 1220//1220
f 4047//4047 1224//1224 2942//2942
f 970//970 2942//2942 1224//1224
f 4048//4048 256//256 2292//2292
f 663//663 2292//2292 256//256
f 2037//2037 663//663 2038//2038
f 258//258 2038//2038 663//663
f 4049//4049 1225//1225 2941//2941
f 661//661 2941//2941 1225//1225
f 4050//4050 124//124 2293//2293
f 1226//1226 2293//2293 124//124
f 257//257 2293//2293 1226//1226
f 3275//3275 662//662 1820//1820
f 664//664 1820//1820 662//662
f 2293//2293 257//257 2294//2294
f 1227//1227 2294//2294 257//257
f 2295//2295 1227//1227 4051//4051
f 119//119 4051//4051 1227//1227
f 4052//4052 1228//1228 2939//2939
f 968//968 2939//2939 1228//1228
f 4053//4053 259//259 2296//2296
f 665//665 2296//2296 259//259
f 2035//2035 665//665 2036//2036
f 258//258 2036//2036 665//665
f 4054//4054 1229//1229 2938//2938
f 664//664 2938//2938 1229//1229
f 4055//4055 119//119 2297//2297
f 1227//1227 2297//2297 119//119
f 257//257 2297//2297 1227//1227
f 3275//3275 662//662 1818//1818
f 661//661 1818//1818 662//662
f 2297//2297 257//257 2298//2298
f 1226//1226 2298//2298 257//257
f 2299//2299 1226//1226 4056//4056
f 124//124 4056//4056 1226//1226
f 4057//4057 1230//1230 4058//4058
f 1231//1231 4058//4058 1230//1230
f 4059//4059 260//260 2300//2300
f 668//668 2300//2300 260//260
f 2301//2301 668//668 4060//4060
f 262//262 4060//4060 668//668
f 4061//4061 1232//1232 3276//3276
f 666//666 3276//3276 1232//1232
f 4062//4062 130//130 2302//2302
f 1233//1233 2302//2302 130//130
f 2303//2303 1233//1233 3277//3277
f 261//261 3277//3277 1233//1233
f 3279//3279 667//667 4063//4063
f 1235//1235 4063//4063 667//667
f 3278//3278 261//261 2304//2304
f 1234//1234 2304//2304 261//261
f 2305//2305 1234//1234 4064//4064
f 129//129 4064//4064 1234//1234
f 4065//4065 1236//1236 4066//4066
f 1237//1237 4066//4066 1236//1236
f 4067//4067 263//263 2306//2306
f 671//671 2306//2306 263//263
f 2306//2306 671//671 4068//4068
f 265//265 4068//4068 671//671
f 4069//4069 1238//1238 3280//3280
f 669//669 3280//3280 1238//1238
f 4070//4070 127//127 2307//2307
f 1239//1239 2307//2307 127//127
f 2307//2307 1239//1239 3281//3281
f 264//264 3281//3281 1239//1239
f 1824//1824 670//670 4071//4071
f 1241//1241 4071//4071 670//670
f 3282//3282 264//264 2308//2308
f 1240//1240 2308//2308 264//264
f 2309//2309 1240//1240 4072//4072
f 131//131 4072//4072 1240//1240
f 134//134 1242//1242 4073//4073
f 2311//2311 4073//4073 1242//1242
f 1242//1242 266//266 2310//2310
f 3283//3283 2310//2310 266//266
f 1243//1243 674//674 4074//4074
f 3285//3285 4074//4074 674//674
f 266//266 1244//1244 3283//3283
f 2313//2313 3283//3283 1244//1244
f 1244//1244 133//133 2312//2312
f 4075//4075 2312//2312 133//133
f 672//672 1245//1245 3284//3284
f 4076//4076 3284//3284 1245//1245
f 268//268 673//673 4077//4077
f 2314//2314 4077//4077 673//673
f 673//673 267//267 2314//2314
f 4078//4078 2314//2314 267//267
f 1247//1247 1246//1246 4080//4080
f 4079//4079 4080//4080 1246//1246
f 1248//1248 4082//4082 1249//1249
f 4082//4082 1248//1248 4081//4081
f 271//271 4083//4083 269//269
f 4082//4082 269//269 4083//4083
f 1250//1250 1826//1826 675//675
f 1826//1826 1250//1250 4084//4084
f 270//270 1826//1826 145//145
f 675//675 4085//4085 1251//1251
f 4085//4085 675//675 1826//1826
f 140//140 4086//4086 270//270
f 4085//4085 270//270 4086//4086
f 1252//1252 4088//4088 1253//1253
f 4088//4088 1252//1252 4087//4087
f 273//273 4088//4088 272//272
f 4088//4088 273//273 4089//4089
f 1254//1254 4091//4091 676//676
f 4091//4091 1254//1254 4090//4090
f 270//270 4091//4091 140//140
f 4091//4091 270//270 1827//1827
f 677//677 4092//4092 1255//1255
f 145//145 4092//4092 270//270
f 4092//4092 145//145 4093//4093
f 1264//1264 4095//4095 1265//1265
f 4095//4095 1264//1264 4094//4094
f 281//281 4095//4095 279//279
f 4095//4095 281//281 4096//4096
f 1266//1266 4098//4098 680//680
f 4098//4098 1266//1266 4097//4097
f 280//280 4098//4098 155//155
f 4098//4098 280//280 4099//4099
f 680//680 4099//4099 1267//1267
f 150//150 4099//4099 280//280
f 4099//4099 150//150 4100//4100
f 1268//1268 4102//4102 1269//1269
f 4102//4102 1268//1268 4101//4101
f 283//283 4103//4103 282//282
f 4102//4102 282//282 4103//4103
f 1270//1270 4105//4105 681//681
f 4105//4105 1270//1270 4104//4104
f 280//280 4105//4105 150//150
f 682//682 4106//4106 1271//1271
f 4106//4106 682//682 4105//4105
f 155//155 4107//4107 280//280
f 4106//4106 280//280 4107//4107
f 4108//4108 1280//1280 4109//4109
f 1281//1281 4109//4109 1280//1280
f 4110//4110 289//289 2335//2335
f 687//687 2335//2335 289//289
f 2336//2336 687//687 4111//4111
f 291//291 4111//4111 687//687
f 4112//4112 1282//1282 3289//3289
f 685//685 3289//3289 1282//1282
f 4113//4113 162//162 2337//2337
f 1283//1283 2337//2337 162//162
f 2338//2338 1283//1283 3290//3290
f 290//290 3290//3290 1283//1283
f 3292//3292 686//686 4114//4114
f 1285//1285 4114//4114 686//686
f 3291//3291 290//290 2339//2339
f 1284//1284 2339//2339 290//290
f 2340//2340 1284//1284 4115//4115
f 161//161 4115//4115 1284//1284
f 166//166 1286//1286 4116//4116
f 2341//2341 4116//4116 1286//1286
f 1286//1286 292//292 2341//2341
f 3294//3294 2341//2341 292//292
f 1287//1287 690//690 4117//4117
f 3296//3296 4117//4117 690//690
f 292//292 1288//1288 3293//3293
f 2342//2342 3293//3293 1288//1288
f 1288//1288 165//165 2342//2342
f 4118//4118 2342//2342 165//165
f 688//688 1289//1289 3295//3295
f 4119//4119 3295//3295 1289//1289
f 294//294 689//689 4120//4120
f 2343//2343 4120//4120 689//689
f 689//689 293//293 2343//2343
f 4121//4121 2343//2343 293//293
f 1291//1291 1290//1290 4123//4123
f 4122//4122 4123//4123 1290//1290
f 18//18 1292//1292 2348//2348
f 2344//2344 2348//2348 1292//1292
f 1292//1292 295//295 2344//2344
f 3298//3298 2344//2344 295//295
f 1293//1293 693//693 4129//4129
f 3300//3300 4129//4129 693//693
f 295//295 1294//1294 3297//3297
f 1294//1294 9//9 2345//2345
f 4124//4124 2345//2345 9//9
f 691//691 1295//1295 3299//3299
f 4125//4125 3299//3299 1295//1295
f 297//297 692//692 2347//2347
f 692//692 296//296 2346//2346
f 4126//4126 2346//2346 296//296
f 1297//1297 1296//1296 4128//4128
f 4127//4127 4128//4128 1296//1296
f 1293//1293 4129//4129 1298//1298
f 299//299 4129//4129 297//297
f 4129//4129 299//299 4130//4130
f 1297//1297 4131//4131 694//694
f 4131//4131 1297//1297 4128//4128
f 298//298 4131//4131 8//8
f 4131//4131 298//298 1832//1832
f 695//695 1832//1832 1299//1299
f 1//1 1832//1832 298//298
f 1832//1832 1//1 4132//4132
f 17//17 1300//1300 1834//1834
f 2353//2353 1834//1834 1300//1300
f 1300//1300 300//300 2352//2352
f 3303//3303 2352//2352 300//300
f 699//699 698//698 3306//3306
f 3305//3305 3306//3306 698//698
f 300//300 1301//1301 3302//3302
f 1301//1301 8//8 2354//2354
f 4127//4127 2354//2354 8//8
f 696//696 1296//1296 3304//3304
f 4126//4126 3304//3304 1296//1296
f 301//301 697//697 4133//4133
f 2356//2356 4133//4133 697//697
f 697//697 296//296 2355//2355
f 4125//4125 2355//2355 296//296
f 1302//1302 1295//1295 4134//4134
f 4124//4124 4134//4134 1295//1295
f 301//301 4133//4133 302//302
f 2//2 4134//4134 9//9
f 1302//1302 4134//4134 1303//1303
f 1834//1834 1304//1304 4135//4135
f 1304//1304 1834//1834 700//700
f 3307//3307 703//703 2357//2357
f 703//703 3307//3307 302//302
f 2357//2357 303//303 4136//4136
f 303//303 2357//2357 703//703
f 4133//4133 701//701 3308//3308
f 701//701 4133//4133 1303//1303
f 4134//4134 1096//1096 2358//2358
f 1096//1096 4134//4134 2//2
f 2359//2359 182//182 3309//3309
f 182//182 2359//2359 1096//1096
f 3310//3310 1305//1305 4137//4137
f 1305//1305 3310//3310 702//702
f 1094//1094 3309//3309 182//182
f 3309//3309 18//18 4138//4138
f 18//18 3309//3309 1094//1094
f 20//20 4139//4139 1307//1307
f 2361//2361 1307//1307 4139//4139
f 1306//1306 4140//4140 706//706
f 3311//3311 706//706 4140//4140
f 1307//1307 2360//2360 305//305
f 3313//3313 305//305 2360//2360
f 304//304 4141//4141 704//704
f 2362//2362 704//704 4141//4141
f 1308//1308 4142//4142 1074//1074
f 3812//3812 1074//1074 4142//4142
f 704//704 2362//2362 171//171
f 3811//3811 171//171 2362//2362
f 305//305 3313//3313 1309//1309
f 705//705 3312//3312 1072//1072
f 3809//3809 1072//1072 3312//3312
f 1309//1309 2363//2363 19//19
f 3807//3807 19//19 2363//2363
f 21//21 2371//2371 4143//4143
f 2371//2371 709//709 2365//2365
f 4143//4143 2365//2365 1310//1310
f 709//709 1841//1841 1840//1840
f 1841//1841 176//176 3314//3314
f 1840//1840 3314//3314 708//708
f 1310//1310 2364//2364 4144//4144
f 2364//2364 708//708 3315//3315
f 4144//4144 3315//3315 306//306
f 176//176 1759//1759 3164//3164
f 1759//1759 575//575 1760//1760
f 3164//3164 1760//1760 576//576
f 575//575 2113//2113 2114//2114
f 2113//2113 13//13 3826//3826
f 2114//2114 3826//3826 1083//1083
f 576//576 2366//2366 3163//3163
f 2366//2366 1083//1083 3825//3825
f 3163//3163 3825//3825 177//177
f 306//306 2369//2369 4145//4145
f 2369//2369 707//707 2368//2368
f 4145//4145 2368//2368 1311//1311
f 707//707 2111//2111 2112//2112
f 2111//2111 177//177 3824//3824
f 2112//2112 3824//3824 1082//1082
f 1311//1311 2367//2367 4146//4146
f 2367//2367 1082//1082 3823//3823
f 4146//4146 3823//3823 20//20
f 20//20 2367//2367 4146//4146
f 2367//2367 707//707 2368//2368
f 4146//4146 2368//2368 1311//1311
f 707//707 1838//1838 1837//1837
f 1838//1838 176//176 3314//3314
f 1837//1837 3314//3314 708//708
f 1311//1311 2369//2369 4145//4145
f 2369//2369 708//708 3315//3315
f 4145//4145 3315//3315 306//306
f 176//176 1756//1756 3162//3162
f 1756//1756 572//572 1757//1757
f 3162//3162 1757//1757 574//574
f 572//572 2106//2106 2108//2108
f 2106//2106 14//14 3818//3818
f 2108//2108 3818//3818 1079//1079
f 574//574 2370//2370 3159//3159
f 2370//2370 1079//1079 3817//3817
f 3159//3159 3817//3817 174//174
f 306//306 2364//2364 4144//4144
f 2364//2364 709//709 2365//2365
f 4144//4144 2365//2365 1310//1310
f 709//709 2104//2104 2105//2105
f 2104//2104 174//174 3816//3816
f 2105//2105 3816//3816 1078//1078
f 1310//1310 2371//2371 4143//4143
f 2371//2371 1078//1078 3815//3815
f 4143//4143 3815//3815 21//21
f 4147//4147 717//717 4148//4148
f 717//717 4147//4147 1312//1312
f 4149//4149 712//712 2372//2372
f 712//712 4149//4149 307//307
f 2372//2372 309//309 4150//4150
f 309//309 2372//2372 712//712
f 4151//4151 710//710 1842//1842
f 710//710 4151//4151 1313//1313
f 4152//4152 1314//1314 2373//2373
f 1314//1314 4152//4152 21//21
f 308//308 2373//2373 1314//1314
f 3317//3317 1316//1316 4153//4153
f 1316//1316 3317//3317 711//711
f 3316//3316 1315//1315 2374//2374
f 1315//1315 3316//3316 308//308
f 2374//2374 17//17 4154//4154
f 17//17 2374//2374 1315//1315
f 4155//4155 1318//1318 4156//4156
f 1318//1318 4155//4155 1317//1317
f 4157//4157 715//715 2375//2375
f 715//715 4157//4157 310//310
f 2375//2375 309//309 4158//4158
f 309//309 2375//2375 715//715
f 4159//4159 713//713 1843//1843
f 713//713 4159//4159 1319//1319
f 4160//4160 1100//1100 2376//2376
f 1100//1100 4160//4160 14//14
f 2377//2377 185//185 3318//3318
f 185//185 2377//2377 1100//1100
f 3319//3319 1320//1320 4161//4161
f 1320//1320 3319//3319 714//714
f 3318//3318 1101//1101 2378//2378
f 1101//1101 3318//3318 185//185
f 2379//2379 15//15 4162//4162
f 15//15 2379//2379 1101//1101
f 4156//4156 1321//1321 4163//4163
f 1321//1321 4156//4156 1318//1318
f 4158//4158 718//718 2380//2380
f 718//718 4158//4158 309//309
f 2380//2380 312//312 4164//4164
f 312//312 2380//2380 718//718
f 4161//4161 716//716 3320//3320
f 716//716 4161//4161 1320//1320
f 4162//4162 1322//1322 2381//2381
f 1322//1322 4162//4162 15//15
f 2382//2382 311//311 3321//3321
f 311//311 2382//2382 1322//1322
f 3322//3322 1324//1324 4165//4165
f 1324//1324 3322//3322 717//717
f 1323//1323 3321//3321 311//311
f 3321//3321 3//3 4166//4166
f 3//3 3321//3321 1323//1323
f 10//10 2383//2383 1326//1326
f 2383//2383 10//10 4167//4167
f 1325//1325 3323//3323 721//721
f 3323//3323 1325//1325 4168//4168
f 1326//1326 3325//3325 314//314
f 313//313 2385//2385 719//719
f 2385//2385 313//313 4169//4169
f 1327//1327 4166//4166 1324//1324
f 4166//4166 1327//1327 4170//4170
f 719//719 4165//4165 312//312
f 4165//4165 719//719 2384//2384
f 314//314 2387//2387 1328//1328
f 2387//2387 314//314 3325//3325
f 720//720 4164//4164 1321//1321
f 4164//4164 720//720 3324//3324
f 1328//1328 4163//4163 1//1
f 4163//4163 1328//1328 2386//2386
f 1329//1329 4171//4171 1330//1330
f 4172//4172 1330//1330 4171//4171
f 317//317 4173//4173 315//315
f 4173//4173 317//317 4171//4171
f 1331//1331 4174//4174 722//722
f 1846//1846 722//722 4174//4174
f 316//316 4174//4174 3//3
f 4175//4175 3//3 4174//4174
f 722//722 4176//4176 1332//1332
f 4177//4177 1332//1332 4176//4176
f 5//5 1846//1846 316//316
f 1846//1846 5//5 4176//4176
f 11//11 3827//3827 4178//4178
f 3827//3827 1085//1085 2394//2394
f 4178//4178 2394//2394 1333//1333
f 1085//1085 3828//3828 2392//2392
f 2392//2392 3327//3327 725//725
f 1333//1333 2393//2393 4179//4179
f 2393//2393 725//725 3331//3331
f 4179//4179 3331//3331 318//318
f 3327//3327 3831//3831 1849//1849
f 3831//3831 1089//1089 2397//2397
f 1849//1849 2397//2397 723//723
f 1089//1089 3834//3834 2395//2395
f 3834//3834 3833//3833 3840//3840
f 2395//2395 3840//3840 1092//1092
f 723//723 2396//2396 3328//3328
f 2396//2396 1092//1092 3839//3839
f 3328//3328 3839//3839 180//180
f 318//318 3330//3330 4180//4180
f 3330//3330 724//724 2399//2399
f 4180//4180 2399//2399 1334//1334
f 724//724 3329//3329 2398//2398
f 3329//3329 180//180 3837//3837
f 2398//2398 3837//3837 1090//1090
f 1334//1334 2398//2398 4181//4181
f 2398//2398 1090//1090 3835//3835
f 4181//4181 3835//3835 10//10
f 3836//3836 1334//1334 4181//4181
f 1334//1334 3836//3836 1091//1091
f 3838//3838 728//728 2400//2400
f 728//728 3838//3838 181//181
f 2400//2400 318//318 4180//4180
f 318//318 2400//2400 728//728
f 726//726 3841//3841 1093//1093
f 3842//3842 1086//1086 2401//2401
f 1086//1086 3842//3842 6//6
f 2402//2402 178//178 3332//3332
f 178//178 2402//2402 1086//1086
f 3333//3333 1333//1333 4179//4179
f 1333//1333 3333//3333 727//727
f 1084//1084 3332//3332 178//178
f 2403//2403 11//11 4178//4178
f 11//11 2403//2403 1084//1084
f 4182//4182 1335//1335 4183//4183
f 1336//1336 4183//4183 1335//1335
f 4184//4184 319//319 2404//2404
f 731//731 2404//2404 319//319
f 2404//2404 731//731 4185//4185
f 321//321 4185//4185 731//731
f 4186//4186 1337//1337 1851//1851
f 729//729 1851//1851 1337//1337
f 4187//4187 11//11 2405//2405
f 1338//1338 2405//2405 11//11
f 320//320 3334//3334 1338//1338
f 3335//3335 730//730 4188//4188
f 1340//1340 4188//4188 730//730
f 3334//3334 320//320 2406//2406
f 1339//1339 2406//2406 320//320
f 2407//2407 1339//1339 4189//4189
f 9//9 4189//4189 1339//1339
f 4190//4190 1341//1341 4191//4191
f 1342//1342 4191//4191 1341//1341
f 4192//4192 322//322 2408//2408
f 734//734 2408//2408 322//322
f 2408//2408 734//734 4193//4193
f 321//321 4193//4193 734//734
f 4194//4194 1343//1343 1852//1852
f 732//732 1852//1852 1343//1343
f 4195//4195 6//6 2409//2409
f 1344//1344 2409//2409 6//6
f 323//323 2409//2409 1344//1344
f 3337//3337 733//733 4196//4196
f 1346//1346 4196//4196 733//733
f 3336//3336 323//323 2410//2410
f 1345//1345 2410//2410 323//323
f 2410//2410 1345//1345 4197//4197
f 7//7 4197//4197 1345//1345
f 19//19 4198//4198 1348//1348
f 2411//2411 1348//1348 4198//4198
f 1347//1347 4199//4199 737//737
f 3338//3338 737//737 4199//4199
f 1348//1348 2411//2411 325//325
f 324//324 4200//4200 735//735
f 2412//2412 735//735 4200//4200
f 1349//1349 4201//4201 1098//1098
f 3849//3849 1098//1098 4201//4201
f 735//735 2412//2412 183//183
f 3848//3848 183//183 2412//2412
f 325//325 3340//3340 1350//1350
f 736//736 3339//3339 1097//1097
f 3846//3846 1097//1097 3339//3339
f 1350//1350 2413//2413 2//2
f 3845//3845 2//2 2413//2413
f 3843//3843 741//741 1855//1855
f 741//741 3843//3843 1095//1095
f 3844//3844 740//740 2414//2414
f 740//740 3844//3844 184//184
f 2415//2415 327//327 3345//3345
f 327//327 2415//2415 740//740
f 3847//3847 738//738 3341//3341
f 738//738 3847//3847 1099//1099
f 1351//1351 3850//3850 4//4
f 2416//2416 326//326 3342//3342
f 326//326 2416//2416 1351//1351
f 3343//3343 1353//1353 2418//2418
f 1353//1353 3343//3343 739//739
f 1352//1352 3342//3342 326//326
f 3342//3342 16//16 4202//4202
f 16//16 3342//3342 1352//1352
f 327//327 4204//4204 328//328
f 4204//4204 327//327 4203//4203
f 1355//1355 4203//4203 1354//1354
f 12//12 4202//4202 16//16
f 4202//4202 12//12 4205//4205
f 1353//1353 4205//4205 1354//1354
f 15//15 1356//1356 1859//1859
f 2420//2420 1859//1859 1356//1356
f 1356//1356 329//329 2419//2419
f 3346//3346 2419//2419 329//329
f 746//746 745//745 3349//3349
f 3348//3348 3349//3349 745//745
f 329//329 1357//1357 3346//3346
f 1357//1357 5//5 2421//2421
f 4206//4206 2421//2421 5//5
f 743//743 1358//1358 3347//3347
f 4207//4207 3347//3347 1358//1358
f 331//331 744//744 4210//4210
f 2423//2423 4210//4210 744//744
f 744//744 330//330 2422//2422
f 4208//4208 2422//2422 330//330
f 1360//1360 1359//1359 2424//2424
f 4209//4209 2424//2424 1359//1359
f 331//331 4210//4210 332//332
f 1361//1361 2425//2425 1360//1360
f 4210//4210 1360//1360 2425//2425
f 4//4 4211//4211 7//7
f 4212//4212 7//7 4211//4211
f 1361//1361 4212//4212 1362//1362
f 4212//4212 1361//1361 2424//2424
f 1859//1859 1102//1102 3851//3851
f 1102//1102 1859//1859 747//747
f 3350//3350 750//750 2426//2426
f 750//750 3350//3350 332//332
f 2426//2426 186//186 3852//3852
f 186//186 2426//2426 750//750
f 748//748 3351//3351 1362//1362
f 1351//1351 4211//4211 4//4
f 2427//2427 326//326 3352//3352
f 326//326 2427//2427 1351//1351
f 3354//3354 1103//1103 3853//3853
f 1103//1103 3354//3354 749//749
f 3353//3353 1352//1352 2428//2428
f 1352//1352 3353//3353 326//326
f 2428//2428 16//16 3854//3854
f 16//16 2428//2428 1352//1352
f 16//16 1363//1363 2434//2434
f 2430//2430 2434//2434 1363//1363
f 1363//1363 333//333 2429//2429
f 2432//2432 2429//2429 333//333
f 1364//1364 753//753 4213//4213
f 3356//3356 4213//4213 753//753
f 333//333 1365//1365 2432//2432
f 1365//1365 7//7 2431//2431
f 4209//4209 2431//2431 7//7
f 751//751 1359//1359 3355//3355
f 4208//4208 3355//3355 1359//1359
f 334//334 752//752 3357//3357
f 2433//2433 3357//3357 752//752
f 752//752 330//330 2433//2433
f 4207//4207 2433//2433 330//330
f 1366//1366 1358//1358 4215//4215
f 4206//4206 4215//4215 1358//1358
f 1364//1364 4213//4213 1367//1367
f 335//335 4213//4213 334//334
f 4213//4213 335//335 4214//4214
f 1366//1366 4215//4215 754//754
f 316//316 4215//4215 5//5
f 4215//4215 316//316 1862//1862
f 755//755 4216//4216 1368//1368
f 4216//4216 755//755 1863//1863
f 3//3 4216//4216 316//316
f 4216//4216 3//3 4217//4217
f 187//187 4219//4219 336//336
f 4219//4219 187//187 4218//4218
f 1370//1370 2440//2440 1369//1369
f 2440//2440 1370//1370 4218//4218
f 12//12 3855//3855 16//16
f 3855//3855 12//12 4220//4220
f 1104//1104 2438//2438 1369//1369
f 2438//2438 1104//1104 4220//4220
f 337//337 4221//4221 338//338
f 4222//4222 338//338 4221//4221
f 1372//1372 4222//4222 1371//1371
f 18//18 4223//4223 19//19
f 4224//4224 19//19 4223//4223
f 1372//1372 4224//4224 1373//1373
f 21//21 1867//1867 1314//1314
f 2445//2445 1314//1314 1867//1867
f 759//759 3363//3363 762//762
f 3364//3364 762//762 3363//3363
f 1314//1314 2444//2444 308//308
f 3365//3365 308//308 2444//2444
f 338//338 2443//2443 760//760
f 2446//2446 760//760 2443//2443
f 1373//1373 4223//4223 1305//1305
f 4138//4138 1305//1305 4223//4223
f 760//760 2446//2446 303//303
f 4137//4137 303//303 2446//2446
f 308//308 3365//3365 1315//1315
f 2448//2448 1315//1315 3365//3365
f 761//761 1868//1868 1304//1304
f 4136//4136 1304//1304 1868//1868
f 1315//1315 2447//2447 17//17
f 4135//4135 17//17 2447//2447
f 4225//4225 1375//1375 4226//4226
f 1375//1375 4225//4225 1374//1374
f 4227//4227 765//765 2449//2449
f 765//765 4227//4227 339//339
f 2449//2449 340//340 4228//4228
f 340//340 2449//2449 765//765
f 4229//4229 763//763 1869//1869
f 763//763 4229//4229 1376//1376
f 4230//4230 1309//1309 2450//2450
f 1309//1309 4230//4230 19//19
f 305//305 2450//2450 1309//1309
f 3367//3367 1377//1377 4231//4231
f 1377//1377 3367//3367 764//764
f 3366//3366 1307//1307 2451//2451
f 1307//1307 3366//3366 305//305
f 2452//2452 20//20 4232//4232
f 20//20 2452//2452 1307//1307
f 38//38 4233//4233 4234//4234
f 4233//4233 1391//1391 2455//2455
f 4234//4234 2455//2455 1392//1392
f 1391//1391 4235//4235 2453//2453
f 4235//4235 359//359 3369//3369
f 2453//2453 3369//3369 774//774
f 1392//1392 2454//2454 4236//4236
f 2454//2454 774//774 3373//3373
f 4236//4236 3373//3373 361//361
f 359//359 4237//4237 3368//3368
f 4237//4237 1393//1393 2458//2458
f 3368//3368 2458//2458 772//772
f 1393//1393 4238//4238 2456//2456
f 4238//4238 50//50 4239//4239
f 2456//2456 4239//4239 1394//1394
f 772//772 2457//2457 3370//3370
f 2457//2457 1394//1394 4240//4240
f 3370//3370 4240//4240 360//360
f 361//361 3372//3372 4241//4241
f 3372//3372 773//773 2461//2461
f 4241//4241 2461//2461 1396//1396
f 773//773 3371//3371 2459//2459
f 3371//3371 360//360 4242//4242
f 2459//2459 4242//4242 1395//1395
f 1396//1396 2460//2460 4244//4244
f 2460//2460 1395//1395 4243//4243
f 4244//4244 4243//4243 51//51
f 362//362 4246//4246 363//363
f 4246//4246 362//362 4245//4245
f 1398//1398 4245//4245 1397//1397
f 51//51 4248//4248 52//52
f 4248//4248 51//51 4247//4247
f 1399//1399 2462//2462 1397//1397
f 2462//2462 1399//1399 4247//4247
f 41//41 1874//1874 4249//4249
f 1874//1874 776//776 2467//2467
f 4249//4249 2467//2467 1400//1400
f 776//776 3375//3375 2465//2465
f 3375//3375 363//363 3378//3378
f 2465//2465 3378//3378 779//779
f 1400//1400 2466//2466 4250//4250
f 2466//2466 779//779 3382//3382
f 4250//4250 3382//3382 364//364
f 363//363 4246//4246 3377//3377
f 4246//4246 1398//1398 2470//2470
f 3377//3377 2470//2470 777//777
f 1398//1398 2463//2463 2468//2468
f 2463//2463 51//51 4244//4244
f 2468//2468 4244//4244 1396//1396
f 777//777 2469//2469 3379//3379
f 2469//2469 1396//1396 4241//4241
f 3379//3379 4241//4241 361//361
f 364//364 3381//3381 4251//4251
f 3381//3381 778//778 2473//2473
f 4251//4251 2473//2473 1401//1401
f 778//778 3380//3380 2471//2471
f 3380//3380 361//361 4236//4236
f 2471//2471 4236//4236 1392//1392
f 1401//1401 2472//2472 4252//4252
f 2472//2472 1392//1392 4234//4234
f 4252//4252 4234//4234 38//38
f 38//38 4253//4253 4254//4254
f 4253//4253 1402//1402 2476//2476
f 4254//4254 2476//2476 1403//1403
f 1402//1402 4255//4255 2474//2474
f 4255//4255 365//365 3384//3384
f 2474//2474 3384//3384 782//782
f 1403//1403 2475//2475 4256//4256
f 2475//2475 782//782 3388//3388
f 4256//4256 3388//3388 367//367
f 365//365 4257//4257 3383//3383
f 4257//4257 1404//1404 2479//2479
f 3383//3383 2479//2479 780//780
f 1404//1404 4258//4258 2477//2477
f 4258//4258 52//52 4259//4259
f 2477//2477 4259//4259 1405//1405
f 780//780 2478//2478 3385//3385
f 2478//2478 1405//1405 4260//4260
f 3385//3385 4260//4260 366//366
f 367//367 3387//3387 4261//4261
f 3387//3387 781//781 2482//2482
f 4261//4261 2482//2482 1407//1407
f 781//781 3386//3386 2480//2480
f 3386//3386 366//366 4262//4262
f 2480//2480 4262//4262 1406//1406
f 1407//1407 2481//2481 4264//4264
f 2481//2481 1406//1406 4263//4263
f 4264//4264 4263//4263 44//44
f 38//38 4254//4254 4252//4252
f 4254//4254 1403//1403 2485//2485
f 4252//4252 2485//2485 1401//1401
f 1403//1403 4256//4256 2483//2483
f 4256//4256 367//367 3390//3390
f 2483//2483 3390//3390 785//785
f 1401//1401 2484//2484 4251//4251
f 2484//2484 785//785 3394//3394
f 4251//4251 3394//3394 364//364
f 367//367 4261//4261 3389//3389
f 4261//4261 1407//1407 2488//2488
f 3389//3389 2488//2488 783//783
f 1407//1407 4264//4264 2486//2486
f 4264//4264 44//44 4265//4265
f 2486//2486 4265//4265 1408//1408
f 783//783 2487//2487 3391//3391
f 2487//2487 1408//1408 4266//4266
f 3391//3391 4266//4266 368//368
f 364//364 3393//3393 4250//4250
f 3393//3393 784//784 2491//2491
f 4250//4250 2491//2491 1400//1400
f 784//784 3392//3392 2489//2489
f 3392//3392 368//368 4267//4267
f 2489//2489 4267//4267 1409//1409
f 1400//1400 2490//2490 4249//4249
f 2490//2490 1409//1409 4268//4268
f 4249//4249 4268//4268 41//41
f 42//42 2505//2505 4269//4269
f 2505//2505 790//790 2493//2493
f 4269//4269 2493//2493 1410//1410
f 790//790 1889//1889 1888//1888
f 1889//1889 369//369 3396//3396
f 1888//1888 3396//3396 788//788
f 1410//1410 2492//2492 4270//4270
f 2492//2492 788//788 3399//3399
f 4270//4270 3399//3399 371//371
f 369//369 4271//4271 3395//3395
f 4271//4271 1411//1411 2496//2496
f 3395//3395 2496//2496 786//786
f 1411//1411 4272//4272 2494//2494
f 4272//4272 38//38 4273//4273
f 2494//2494 4273//4273 1412//1412
f 786//786 2495//2495 3397//3397
f 2495//2495 1412//1412 4274//4274
f 3397//3397 4274//4274 370//370
f 371//371 2500//2500 4275//4275
f 2500//2500 787//787 2499//2499
f 4275//4275 2499//2499 1414//1414
f 787//787 3398//3398 2497//2497
f 3398//3398 370//370 4276//4276
f 2497//2497 4276//4276 1413//1413
f 1414//1414 2498//2498 4278//4278
f 2498//2498 1413//1413 4277//4277
f 4278//4278 4277//4277 39//39
f 39//39 2498//2498 4278//4278
f 2498//2498 787//787 2499//2499
f 4278//4278 2499//2499 1414//1414
f 787//787 1886//1886 1885//1885
f 1886//1886 369//369 3396//3396
f 1885//1885 3396//3396 788//788
f 1414//1414 2500//2500 4275//4275
f 2500//2500 788//788 3399//3399
f 4275//4275 3399//3399 371//371
f 369//369 4279//4279 3400//3400
f 4279//4279 1415//1415 2503//2503
f 3400//3400 2503//2503 789//789
f 1415//1415 4280//4280 2501//2501
f 4280//4280 41//41 4281//4281
f 2501//2501 4281//4281 1416//1416
f 789//789 2502//2502 3401//3401
f 2502//2502 1416//1416 4282//4282
f 3401//3401 4282//4282 372//372
f 371//371 2492//2492 4270//4270
f 2492//2492 790//790 2493//2493
f 4270//4270 2493//2493 1410//1410
f 790//790 3402//3402 2504//2504
f 3402//3402 372//372 4283//4283
f 2504//2504 4283//4283 1417//1417
f 1410//1410 2505//2505 4269//4269
f 2505//2505 1417//1417 4284//4284
f 4269//4269 4284//4284 42//42
f 4285//4285 1419//1419 4286//4286
f 1419//1419 4285//4285 1418//1418
f 4287//4287 793//793 2506//2506
f 793//793 4287//4287 373//373
f 2507//2507 375//375 4288//4288
f 375//375 2507//2507 793//793
f 4289//4289 791//791 1890//1890
f 791//791 4289//4289 1420//1420
f 4290//4290 1421//1421 2508//2508
f 1421//1421 4290//4290 39//39
f 2509//2509 374//374 3403//3403
f 374//374 2509//2509 1421//1421
f 3404//3404 1423//1423 4291//4291
f 1423//1423 3404//3404 792//792
f 1422//1422 3403//3403 374//374
f 2510//2510 40//40 4292//4292
f 40//40 2510//2510 1422//1422
f 4293//4293 1424//1424 4294//4294
f 1425//1425 4294//4294 1424//1424
f 4295//4295 376//376 2511//2511
f 796//796 2511//2511 376//376
f 378//378 4296//4296 796//796
f 4297//4297 1426//1426 3405//3405
f 794//794 3405//3405 1426//1426
f 4298//4298 45//45 2512//2512
f 1427//1427 2512//2512 45//45
f 2513//2513 1427//1427 3406//3406
f 377//377 3406//3406 1427//1427
f 1429//1429 4299//4299 795//795
f 3407//3407 377//377 2514//2514
f 1428//1428 2514//2514 377//377
f 43//43 4300//4300 1428//1428
f 53//53 4294//4294 4301//4301
f 4294//4294 1425//1425 2517//2517
f 4301//4301 2517//2517 1430//1430
f 1425//1425 4296//4296 2515//2515
f 4296//4296 378//378 3409//3409
f 2515//2515 3409//3409 799//799
f 1430//1430 2516//2516 4302//4302
f 2516//2516 799//799 3413//3413
f 4302//4302 3413//3413 379//379
f 378//378 4299//4299 3408//3408
f 4299//4299 1429//1429 2520//2520
f 3408//3408 2520//2520 797//797
f 1429//1429 4300//4300 2518//2518
f 4300//4300 43//43 4286//4286
f 2518//2518 4286//4286 1419//1419
f 797//797 2519//2519 3410//3410
f 2519//2519 1419//1419 4288//4288
f 3410//3410 4288//4288 375//375
f 379//379 3412//3412 4303//4303
f 3412//3412 798//798 2523//2523
f 4303//4303 2523//2523 1431//1431
f 798//798 3411//3411 2521//2521
f 3411//3411 375//375 4291//4291
f 2521//2521 4291//4291 1423//1423
f 1431//1431 2522//2522 4304//4304
f 2522//2522 1423//1423 4292//4292
f 4304//4304 4292//4292 40//40
f 4305//4305 1433//1433 4306//4306
f 1433//1433 4305//4305 1432//1432
f 4307//4307 802//802 2524//2524
f 802//802 4307//4307 380//380
f 2524//2524 381//381 4308//4308
f 381//381 2524//2524 802//802
f 4309//4309 800//800 3414//3414
f 800//800 4309//4309 1434//1434
f 4310//4310 1428//1428 2525//2525
f 1428//1428 4310//4310 43//43
f 377//377 2525//2525 1428//1428
f 1435//1435 4311//4311 801//801
f 3415//3415 1427//1427 2526//2526
f 1427//1427 3415//3415 377//377
f 2526//2526 45//45 4312//4312
f 45//45 2526//2526 1427//1427
f 50//50 4306//4306 4313//4313
f 4306//4306 1433//1433 2529//2529
f 4313//4313 2529//2529 1436//1436
f 1433//1433 4308//4308 2527//2527
f 4308//4308 381//381 3417//3417
f 2527//2527 3417//3417 805//805
f 1436//1436 2528//2528 4314//4314
f 2528//2528 805//805 3421//3421
f 4314//4314 3421//3421 383//383
f 381//381 4311//4311 3416//3416
f 4311//4311 1435//1435 2532//2532
f 3416//3416 2532//2532 803//803
f 1435//1435 4312//4312 2530//2530
f 4312//4312 45//45 4315//4315
f 2530//2530 4315//4315 1437//1437
f 803//803 2531//2531 3418//3418
f 2531//2531 1437//1437 4316//4316
f 3418//3418 4316//4316 382//382
f 383//383 3420//3420 4317//4317
f 3420//3420 804//804 2535//2535
f 4317//4317 2535//2535 1439//1439
f 804//804 3419//3419 2533//2533
f 3419//3419 382//382 4318//4318
f 2533//2533 4318//4318 1438//1438
f 1439//1439 2534//2534 4320//4320
f 2534//2534 1438//1438 4319//4319
f 4320//4320 4319//4319 46//46
f 52//52 4321//4321 4322//4322
f 4321//4321 1440//1440 2538//2538
f 4322//4322 2538//2538 1441//1441
f 1440//1440 4323//4323 2536//2536
f 4323//4323 384//384 3423//3423
f 2536//2536 3423//3423 808//808
f 1441//1441 2537//2537 4324//4324
f 2537//2537 808//808 3427//3427
f 4324//4324 3427//3427 386//386
f 384//384 4325//4325 3422//3422
f 4325//4325 1442//1442 2541//2541
f 3422//3422 2541//2541 806//806
f 1442//1442 4326//4326 2539//2539
f 4326//4326 49//49 4327//4327
f 2539//2539 4327//4327 1443//1443
f 806//806 2540//2540 3424//3424
f 2540//2540 1443//1443 4328//4328
f 3424//3424 4328//4328 385//385
f 386//386 3426//3426 4329//4329
f 3426//3426 807//807 2544//2544
f 4329//4329 2544//2544 1445//1445
f 807//807 3425//3425 2542//2542
f 3425//3425 385//385 4330//4330
f 2542//2542 4330//4330 1444//1444
f 1445//1445 2543//2543 4332//4332
f 2543//2543 1444//1444 4331//4331
f 4332//4332 4331//4331 48//48
f 52//52 4322//4322 4333//4333
f 4322//4322 1441//1441 2547//2547
f 4333//4333 2547//2547 1446//1446
f 1441//1441 4324//4324 2545//2545
f 4324//4324 386//386 3429//3429
f 2545//2545 3429//3429 811//811
f 1446//1446 2546//2546 4334//4334
f 2546//2546 811//811 3433//3433
f 4334//4334 3433//3433 388//388
f 386//386 4329//4329 3428//3428
f 4329//4329 1445//1445 2550//2550
f 3428//3428 2550//2550 809//809
f 1445//1445 4332//4332 2548//2548
f 4332//4332 48//48 4335//4335
f 2548//2548 4335//4335 1447//1447
f 809//809 2549//2549 3430//3430
f 2549//2549 1447//1447 4336//4336
f 3430//3430 4336//4336 387//387
f 388//388 3432//3432 4337//4337
f 3432//3432 810//810 2553//2553
f 4337//4337 2553//2553 1449//1449
f 810//810 3431//3431 2551//2551
f 3431//3431 387//387 4338//4338
f 2551//2551 4338//4338 1448//1448
f 1449//1449 2552//2552 4340//4340
f 2552//2552 1448//1448 4339//4339
f 4340//4340 4339//4339 55//55
f 389//389 4341//4341 390//390
f 4342//4342 390//390 4341//4341
f 1451//1451 2557//2557 1450//1450
f 4342//4342 1450//1450 2557//2557
f 44//44 4343//4343 49//49
f 4344//4344 49//49 4343//4343
f 1451//1451 2555//2555 1452//1452
f 4344//4344 1452//1452 2555//2555
f 55//55 1906//1906 4340//4340
f 1906//1906 813//813 2560//2560
f 4340//4340 2560//2560 1449//1449
f 813//813 3436//3436 2558//2558
f 3436//3436 390//390 3438//3438
f 2558//2558 3438//3438 816//816
f 1449//1449 2559//2559 4337//4337
f 2559//2559 816//816 3442//3442
f 4337//4337 3442//3442 388//388
f 390//390 2556//2556 3437//3437
f 2556//2556 1452//1452 2563//2563
f 3437//3437 2563//2563 814//814
f 1452//1452 4343//4343 2561//2561
f 4343//4343 44//44 4263//4263
f 2561//2561 4263//4263 1406//1406
f 814//814 2562//2562 3439//3439
f 2562//2562 1406//1406 4262//4262
f 3439//3439 4262//4262 366//366
f 388//388 3441//3441 4334//4334
f 3441//3441 815//815 2566//2566
f 4334//4334 2566//2566 1446//1446
f 815//815 3440//3440 2564//2564
f 3440//3440 366//366 4260//4260
f 2564//2564 4260//4260 1405//1405
f 1446//1446 2565//2565 4333//4333
f 2565//2565 1405//1405 4259//4259
f 4333//4333 4259//4259 52//52
f 41//41 4345//4345 4346//4346
f 4345//4345 1453//1453 2569//2569
f 4346//4346 2569//2569 1454//1454
f 1453//1453 4347//4347 2567//2567
f 4347//4347 391//391 3444//3444
f 2567//2567 3444//3444 819//819
f 1454//1454 2568//2568 4348//4348
f 2568//2568 819//819 3448//3448
f 4348//4348 3448//3448 393//393
f 391//391 4349//4349 3443//3443
f 4349//4349 1455//1455 2572//2572
f 3443//3443 2572//2572 817//817
f 1455//1455 4350//4350 2570//2570
f 4350//4350 45//45 4351//4351
f 2570//2570 4351//4351 1456//1456
f 817//817 2571//2571 3445//3445
f 2571//2571 1456//1456 4352//4352
f 3445//3445 4352//4352 392//392
f 393//393 3447//3447 4353//4353
f 3447//3447 818//818 2575//2575
f 4353//4353 2575//2575 1458//1458
f 818//818 3446//3446 2573//2573
f 3446//3446 392//392 4354//4354
f 2573//2573 4354//4354 1457//1457
f 1458//1458 2574//2574 4356//4356
f 2574//2574 1457//1457 4355//4355
f 4356//4356 4355//4355 49//49
f 47//47 4357//4357 4358//4358
f 4357//4357 1459//1459 2578//2578
f 4358//4358 2578//2578 1460//1460
f 1459//1459 4359//4359 2576//2576
f 4359//4359 394//394 3450//3450
f 2576//2576 3450//3450 822//822
f 1460//1460 2577//2577 4360//4360
f 2577//2577 822//822 3454//3454
f 4360//4360 3454//3454 395//395
f 394//394 4361//4361 3449//3449
f 4361//4361 1461//1461 2581//2581
f 3449//3449 2581//2581 820//820
f 1461//1461 4362//4362 2579//2579
f 4362//4362 49//49 4355//4355
f 2579//2579 4355//4355 1457//1457
f 820//820 2580//2580 3451//3451
f 2580//2580 1457//1457 4354//4354
f 3451//3451 4354//4354 392//392
f 395//395 3453//3453 4363//4363
f 3453//3453 821//821 2584//2584
f 4363//4363 2584//2584 1462//1462
f 821//821 3452//3452 2582//2582
f 3452//3452 392//392 4352//4352
f 2582//2582 4352//4352 1456//1456
f 1462//1462 2583//2583 4364//4364
f 2583//2583 1456//1456 4351//4351
f 4364//4364 4351//4351 45//45
f 46//46 4365//4365 4366//4366
f 4365//4365 1463//1463 2587//2587
f 4366//4366 2587//2587 1464//1464
f 1463//1463 4367//4367 2585//2585
f 4367//4367 396//396 3456//3456
f 2585//2585 3456//3456 825//825
f 1464//1464 2586//2586 4368//4368
f 2586//2586 825//825 3460//3460
f 4368//4368 3460//3460 397//397
f 396//396 4369//4369 3455//3455
f 4369//4369 1465//1465 2590//2590
f 3455//3455 2590//2590 823//823
f 1465//1465 4370//4370 2588//2588
f 4370//4370 49//49 4327//4327
f 2588//2588 4327//4327 1443//1443
f 823//823 2589//2589 3457//3457
f 2589//2589 1443//1443 4328//4328
f 3457//3457 4328//4328 385//385
f 397//397 3459//3459 4371//4371
f 3459//3459 824//824 2593//2593
f 4371//4371 2593//2593 1466//1466
f 824//824 3458//3458 2591//2591
f 3458//3458 385//385 4330//4330
f 2591//2591 4330//4330 1444//1444
f 1466//1466 2592//2592 4372//4372
f 2592//2592 1444//1444 4331//4331
f 4372//4372 4331//4331 48//48
f 52//52 4373//4373 4374//4374
f 4373//4373 1467//1467 2596//2596
f 4374//4374 2596//2596 1468//1468
f 1467//1467 4375//4375 2594//2594
f 4375//4375 398//398 3462//3462
f 2594//2594 3462//3462 828//828
f 1468//1468 2595//2595 4376//4376
f 2595//2595 828//828 3466//3466
f 4376//4376 3466//3466 400//400
f 398//398 4377//4377 3461//3461
f 4377//4377 1469//1469 2599//2599
f 3461//3461 2599//2599 826//826
f 1469//1469 4378//4378 2597//2597
f 4378//4378 54//54 4379//4379
f 2597//2597 4379//4379 1470//1470
f 826//826 2598//2598 3463//3463
f 2598//2598 1470//1470 4380//4380
f 3463//3463 4380//4380 399//399
f 400//400 3465//3465 4381//4381
f 3465//3465 827//827 2602//2602
f 4381//4381 2602//2602 1472//1472
f 827//827 3464//3464 2600//2600
f 3464//3464 399//399 4382//4382
f 2600//2600 4382//4382 1471//1471
f 1472//1472 2601//2601 4384//4384
f 2601//2601 1471//1471 4383//4383
f 4384//4384 4383//4383 53//53
f 52//52 4374//4374 4385//4385
f 4374//4374 1468//1468 2605//2605
f 4385//4385 2605//2605 1473//1473
f 1468//1468 4376//4376 2603//2603
f 4376//4376 400//400 3468//3468
f 2603//2603 3468//3468 831//831
f 1473//1473 2604//2604 4386//4386
f 2604//2604 831//831 3472//3472
f 4386//4386 3472//3472 402//402
f 400//400 4381//4381 3467//3467
f 4381//4381 1472//1472 2608//2608
f 3467//3467 2608//2608 829//829
f 1472//1472 4384//4384 2606//2606
f 4384//4384 53//53 4387//4387
f 2606//2606 4387//4387 1474//1474
f 829//829 2607//2607 3469//3469
f 2607//2607 1474//1474 4388//4388
f 3469//3469 4388//4388 401//401
f 402//402 3471//3471 4389//4389
f 3471//3471 830//830 2611//2611
f 4389//4389 2611//2611 1476//1476
f 830//830 3470//3470 2609//2609
f 3470//3470 401//401 4390//4390
f 2609//2609 4390//4390 1475//1475
f 1476//1476 2610//2610 4392//4392
f 2610//2610 1475//1475 4391//4391
f 4392//4392 4391//4391 50//50
f 51//51 4393//4393 4394//4394
f 4393//4393 1477//1477 2614//2614
f 4394//4394 2614//2614 1478//1478
f 1477//1477 4395//4395 2612//2612
f 4395//4395 403//403 3474//3474
f 2612//2612 3474//3474 834//834
f 1478//1478 2613//2613 4396//4396
f 2613//2613 834//834 3478//3478
f 4396//4396 3478//3478 404//404
f 403//403 4397//4397 3473//3473
f 4397//4397 1479//1479 2617//2617
f 3473//3473 2617//2617 832//832
f 1479//1479 4398//4398 2615//2615
f 4398//4398 53//53 4383//4383
f 2615//2615 4383//4383 1471//1471
f 832//832 2616//2616 3475//3475
f 2616//2616 1471//1471 4382//4382
f 3475//3475 4382//4382 399//399
f 404//404 3477//3477 4399//4399
f 3477//3477 833//833 2620//2620
f 4399//4399 2620//2620 1480//1480
f 833//833 3476//3476 2618//2618
f 3476//3476 399//399 4380//4380
f 2618//2618 4380//4380 1470//1470
f 1480//1480 2619//2619 4400//4400
f 2619//2619 1470//1470 4379//4379
f 4400//4400 4379//4379 54//54
f 51//51 4394//4394 4401//4401
f 4394//4394 1478//1478 2623//2623
f 4401//4401 2623//2623 1481//1481
f 1478//1478 4396//4396 2621//2621
f 4396//4396 404//404 3480//3480
f 2621//2621 3480//3480 837//837
f 1481//1481 2622//2622 4402//4402
f 2622//2622 837//837 3484//3484
f 4402//4402 3484//3484 406//406
f 404//404 4399//4399 3479//3479
f 4399//4399 1480//1480 2626//2626
f 3479//3479 2626//2626 835//835
f 1480//1480 4400//4400 2624//2624
f 4400//4400 54//54 4403//4403
f 2624//2624 4403//4403 1482//1482
f 835//835 2625//2625 3481//3481
f 2625//2625 1482//1482 4404//4404
f 3481//3481 4404//4404 405//405
f 406//406 3483//3483 4405//4405
f 3483//3483 836//836 2629//2629
f 4405//4405 2629//2629 1484//1484
f 836//836 3482//3482 2627//2627
f 3482//3482 405//405 4406//4406
f 2627//2627 4406//4406 1483//1483
f 1484//1484 2628//2628 4408//4408
f 2628//2628 1483//1483 4407//4407
f 4408//4408 4407//4407 55//55
f 2634//2634 847//847 1494//1494
f 1932//1932 202//202 846//846
f 2630//2630 846//846 427//427
f 1774//1774 598//598 599//599
f 2631//2631 1120//1120 203//203
f 2632//2632 845//845 1495//1495
f 2154//2154 203//203 1119//1119
f 3877//3877 845//845 1495//1495
f 1931//1931 202//202 846//846
f 2632//2632 846//846 427//427
f 1773//1773 595//595 597//597
f 3878//3878 2152//2152 1116//1116
f 2633//2633 1116//1116 200//200
f 2630//2630 847//847 1494//1494
f 2151//2151 200//200 1115//1115
f 2634//2634 1115//1115 72//72
f 3879//3879 850//850 1496//1496
f 1934//1934 206//206 849//849
f 2635//2635 849//849 428//428
f 1776//1776 603//603 604//604
f 2636//2636 1126//1126 207//207
f 2637//2637 848//848 1497//1497
f 2158//2158 207//207 1125//1125
f 3881//3881 848//848 1497//1497
f 1933//1933 206//206 849//849
f 2637//2637 849//849 428//428
f 1775//1775 600//600 602//602
f 2638//2638 1122//1122 204//204
f 2635//2635 850//850 1496//1496
f 2156//2156 204//204 1121//1121
f 73//73 4409//4409 4410//4410
f 4409//4409 1498//1498 2641//2641
f 4410//4410 2641//2641 1499//1499
f 1498//1498 4411//4411 2639//2639
f 4411//4411 429//429 3486//3486
f 2639//2639 3486//3486 853//853
f 1499//1499 2640//2640 4412//4412
f 2640//2640 853//853 3490//3490
f 4412//4412 3490//3490 431//431
f 429//429 4413//4413 3485//3485
f 4413//4413 1500//1500 2644//2644
f 3485//3485 2644//2644 851//851
f 1500//1500 4414//4414 2642//2642
f 4414//4414 86//86 4415//4415
f 2642//2642 4415//4415 1501//1501
f 851//851 2643//2643 3487//3487
f 2643//2643 1501//1501 4416//4416
f 3487//3487 4416//4416 430//430
f 431//431 3489//3489 4417//4417
f 3489//3489 852//852 2647//2647
f 4417//4417 2647//2647 1503//1503
f 852//852 3488//3488 2645//2645
f 3488//3488 430//430 4418//4418
f 2645//2645 4418//4418 1502//1502
f 1503//1503 2646//2646 4420//4420
f 2646//2646 1502//1502 4419//4419
f 4420//4420 4419//4419 74//74
f 73//73 3884//3884 4421//4421
f 3884//3884 1128//1128 2650//2650
f 4421//4421 2650//2650 1504//1504
f 1128//1128 3886//3886 2648//2648
f 3886//3886 210//210 3492//3492
f 2648//2648 3492//3492 856//856
f 1504//1504 2649//2649 4422//4422
f 2649//2649 856//856 3496//3496
f 4422//4422 3496//3496 432//432
f 210//210 3891//3891 3491//3491
f 3891//3891 1132//1132 2653//2653
f 3491//3491 2653//2653 854//854
f 1132//1132 3894//3894 2651//2651
f 3894//3894 78//78 3900//3900
f 2651//2651 3900//3900 1135//1135
f 854//854 2652//2652 3493//3493
f 2652//2652 1135//1135 3899//3899
f 3493//3493 3899//3899 211//211
f 432//432 3495//3495 4423//4423
f 3495//3495 855//855 2656//2656
f 4423//4423 2656//2656 1505//1505
f 855//855 3494//3494 2654//2654
f 3494//3494 211//211 3897//3897
f 2654//2654 3897//3897 1133//1133
f 1505//1505 2655//2655 4424//4424
f 2655//2655 1133//1133 3895//3895
f 4424//4424 3895//3895 79//79
f 433//433 4425//4425 434//434
f 4426//4426 434//434 4425//4425
f 1507//1507 2660//2660 1506//1506
f 4426//4426 1506//1506 2660//2660
f 75//75 4427//4427 81//81
f 4428//4428 81//81 4427//4427
f 1507//1507 2658//2658 1508//1508
f 4428//4428 1508//1508 2658//2658
f 87//87 1942//1942 4429//4429
f 1942//1942 858//858 2663//2663
f 4429//4429 2663//2663 1509//1509
f 858//858 3499//3499 2661//2661
f 3499//3499 434//434 3501//3501
f 2661//2661 3501//3501 861//861
f 1509//1509 2662//2662 4430//4430
f 2662//2662 861//861 3505//3505
f 4430//4430 3505//3505 435//435
f 434//434 2659//2659 3500//3500
f 2659//2659 1508//1508 2666//2666
f 3500//3500 2666//2666 859//859
f 1508//1508 4427//4427 2664//2664
f 4427//4427 75//75 3888//3888
f 2664//2664 3888//3888 1129//1129
f 859//859 2665//2665 3502//3502
f 2665//2665 1129//1129 3887//3887
f 3502//3502 3887//3887 208//208
f 435//435 3504//3504 4431//4431
f 3504//3504 860//860 2669//2669
f 4431//4431 2669//2669 1510//1510
f 860//860 3503//3503 2667//2667
f 3503//3503 208//208 3885//3885
f 2667//2667 3885//3885 1127//1127
f 1510//1510 2668//2668 4432//4432
f 2668//2668 1127//1127 3883//3883
f 4432//4432 3883//3883 73//73
f 436//436 4433//4433 437//437
f 1512//1512 2671//2671 1511//1511
f 2671//2671 1512//1512 4433//4433
f 81//81 4435//4435 75//75
f 4435//4435 81//81 4434//4434
f 1513//1513 2670//2670 1511//1511
f 2670//2670 1513//1513 4434//4434
f 85//85 1947//1947 4436//4436
f 1947//1947 863//863 2675//2675
f 4436//4436 2675//2675 1514//1514
f 863//863 3506//3506 2673//2673
f 3506//3506 437//437 3509//3509
f 2673//2673 3509//3509 866//866
f 1514//1514 2674//2674 4437//4437
f 2674//2674 866//866 3513//3513
f 4437//4437 3513//3513 438//438
f 437//437 4433//4433 3508//3508
f 4433//4433 1512//1512 2678//2678
f 3508//3508 2678//2678 864//864
f 1512//1512 2670//2670 2676//2676
f 2670//2670 81//81 3932//3932
f 2676//2676 3932//3932 1151//1151
f 864//864 2677//2677 3510//3510
f 2677//2677 1151//1151 3931//3931
f 3510//3510 3931//3931 219//219
f 438//438 3512//3512 4438//4438
f 3512//3512 865//865 2681//2681
f 4438//4438 2681//2681 1515//1515
f 865//865 3511//3511 2679//2679
f 3511//3511 219//219 3929//3929
f 2679//2679 3929//3929 1149//1149
f 1515//1515 2680//2680 4439//4439
f 2680//2680 1149//1149 3927//3927
f 4439//4439 3927//3927 82//82
f 4440//4440 1517//1517 4441//4441
f 1517//1517 4440//4440 1516//1516
f 4442//4442 869//869 2682//2682
f 869//869 4442//4442 439//439
f 2683//2683 441//441 4443//4443
f 441//441 2683//2683 869//869
f 4444//4444 867//867 3514//3514
f 867//867 4444//4444 1518//1518
f 4445//4445 1519//1519 2684//2684
f 1519//1519 4445//4445 83//83
f 2685//2685 440//440 3515//3515
f 440//440 2685//2685 1519//1519
f 3517//3517 1521//1521 4446//4446
f 1521//1521 3517//3517 868//868
f 3516//3516 1520//1520 2686//2686
f 1520//1520 3516//3516 440//440
f 2687//2687 88//88 4447//4447
f 88//88 2687//2687 1520//1520
f 74//74 4440//4440 4448//4448
f 4440//4440 1516//1516 2690//2690
f 4448//4448 2690//2690 1522//1522
f 1516//1516 4442//4442 2688//2688
f 4442//4442 439//439 3519//3519
f 2688//2688 3519//3519 872//872
f 1522//1522 2689//2689 4449//4449
f 2689//2689 872//872 3523//3523
f 4449//4449 3523//3523 442//442
f 439//439 4444//4444 3518//3518
f 4444//4444 1518//1518 2693//2693
f 3518//3518 2693//2693 870//870
f 1518//1518 4445//4445 2691//2691
f 4445//4445 83//83 3915//3915
f 2691//2691 3915//3915 1143//1143
f 870//870 2692//2692 3520//3520
f 2692//2692 1143//1143 3917//3917
f 3520//3520 3917//3917 216//216
f 442//442 3522//3522 4450//4450
f 3522//3522 871//871 2696//2696
f 4450//4450 2696//2696 1523//1523
f 871//871 3521//3521 2694//2694
f 3521//3521 216//216 3919//3919
f 2694//2694 3919//3919 1145//1145
f 1523//1523 2695//2695 4451//4451
f 2695//2695 1145//1145 3920//3920
f 4451//4451 3920//3920 84//84
f 80//80 4452//4452 4453//4453
f 4452//4452 1524//1524 2699//2699
f 4453//4453 2699//2699 1525//1525
f 1524//1524 4454//4454 2697//2697
f 4454//4454 443//443 3525//3525
f 2697//2697 3525//3525 875//875
f 1525//1525 2698//2698 4455//4455
f 2698//2698 875//875 3529//3529
f 4455//4455 3529//3529 444//444
f 443//443 4456//4456 3524//3524
f 4456//4456 1526//1526 2702//2702
f 3524//3524 2702//2702 873//873
f 1526//1526 4457//4457 2700//2700
f 4457//4457 76//76 3908//3908
f 2700//2700 3908//3908 1139//1139
f 873//873 2701//2701 3526//3526
f 2701//2701 1139//1139 3907//3907
f 3526//3526 3907//3907 213//213
f 444//444 3528//3528 4458//4458
f 3528//3528 874//874 2705//2705
f 4458//4458 2705//2705 1527//1527
f 874//874 3527//3527 2703//2703
f 3527//3527 213//213 3905//3905
f 2703//2703 3905//3905 1137//1137
f 1527//1527 2704//2704 4459//4459
f 2704//2704 1137//1137 3903//3903
f 4459//4459 3903//3903 74//74
f 445//445 4460//4460 446//446
f 1529//1529 4460//4460 1528//1528
f 4461//4461 1528//1528 4460//4460
f 76//76 4462//4462 84//84
f 75//75 1960//1960 4463//4463
f 1960//1960 877//877 2709//2709
f 4463//4463 2709//2709 1530//1530
f 877//877 3531//3531 2707//2707
f 3531//3531 446//446 3533//3533
f 2707//2707 3533//3533 880//880
f 1530//1530 2708//2708 4464//4464
f 2708//2708 880//880 3537//3537
f 4464//4464 3537//3537 447//447
f 446//446 4460//4460 3532//3532
f 4460//4460 1529//1529 2712//2712
f 3532//3532 2712//2712 878//878
f 1529//1529 4462//4462 2710//2710
f 4462//4462 76//76 3909//3909
f 2710//2710 3909//3909 1140//1140
f 878//878 2711//2711 3534//3534
f 2711//2711 1140//1140 3910//3910
f 3534//3534 3910//3910 214//214
f 447//447 3536//3536 4465//4465
f 3536//3536 879//879 2715//2715
f 4465//4465 2715//2715 1531//1531
f 879//879 3535//3535 2713//2713
f 3535//3535 214//214 3912//3912
f 2713//2713 3912//3912 1141//1141
f 1531//1531 2714//2714 4466//4466
f 2714//2714 1141//1141 3913//3913
f 4466//4466 3913//3913 77//77
f 73//73 4467//4467 4410//4410
f 4467//4467 1532//1532 2718//2718
f 4410//4410 2718//2718 1499//1499
f 1532//1532 4468//4468 2716//2716
f 4468//4468 448//448 3539//3539
f 2716//2716 3539//3539 883//883
f 1499//1499 2717//2717 4412//4412
f 2717//2717 883//883 3543//3543
f 4412//4412 3543//3543 431//431
f 448//448 4469//4469 3538//3538
f 4469//4469 1533//1533 2721//2721
f 3538//3538 2721//2721 881//881
f 1533//1533 4470//4470 2719//2719
f 4470//4470 80//80 4453//4453
f 2719//2719 4453//4453 1525//1525
f 881//881 2720//2720 3540//3540
f 2720//2720 1525//1525 4455//4455
f 3540//3540 4455//4455 444//444
f 431//431 3542//3542 4417//4417
f 3542//3542 882//882 2724//2724
f 4417//4417 2724//2724 1503//1503
f 882//882 3541//3541 2722//2722
f 3541//3541 444//444 4458//4458
f 2722//2722 4458//4458 1527//1527
f 1503//1503 2723//2723 4420//4420
f 2723//2723 1527//1527 4459//4459
f 4420//4420 4459//4459 74//74
f 88//88 3935//3935 4471//4471
f 3935//3935 1154//1154 2727//2727
f 4471//4471 2727//2727 1534//1534
f 1154//1154 3936//3936 2725//2725
f 3936//3936 223//223 3545//3545
f 2725//2725 3545//3545 886//886
f 1534//1534 2726//2726 4472//4472
f 2726//2726 886//886 3549//3549
f 4472//4472 3549//3549 449//449
f 223//223 3939//3939 3544//3544
f 3939//3939 1158//1158 2730//2730
f 3544//3544 2730//2730 884//884
f 1158//1158 3942//3942 2728//2728
f 3942//3942 85//85 3948//3948
f 2728//2728 3948//3948 1161//1161
f 884//884 2729//2729 3546//3546
f 2729//2729 1161//1161 3947//3947
f 3546//3546 3947//3947 224//224
f 449//449 3548//3548 4473//4473
f 3548//3548 885//885 2733//2733
f 4473//4473 2733//2733 1535//1535
f 885//885 3547//3547 2731//2731
f 3547//3547 224//224 3945//3945
f 2731//2731 3945//3945 1159//1159
f 1535//1535 2732//2732 4474//4474
f 2732//2732 1159//1159 3943//3943
f 4474//4474 3943//3943 86//86
f 3944//3944 1535//1535 4474//4474
f 1535//1535 3944//3944 1160//1160
f 3946//3946 889//889 2734//2734
f 889//889 3946//3946 225//225
f 2735//2735 449//449 4473//4473
f 449//449 2735//2735 889//889
f 3949//3949 887//887 3550//3550
f 887//887 3949//3949 1162//1162
f 3950//3950 1155//1155 2736//2736
f 1155//1155 3950//3950 87//87
f 2737//2737 221//221 3551//3551
f 221//221 2737//2737 1155//1155
f 3553//3553 1534//1534 4472//4472
f 1534//1534 3553//3553 888//888
f 3552//3552 1153//1153 2738//2738
f 1153//1153 3552//3552 221//221
f 2739//2739 88//88 4471//4471
f 88//88 2739//2739 1153//1153
f 450//450 4475//4475 451//451
f 1537//1537 4475//4475 1536//1536
f 4476//4476 1536//1536 4475//4475
f 90//90 4477//4477 96//96
f 89//89 1973//1973 4478//4478
f 1973//1973 891//891 2743//2743
f 4478//4478 2743//2743 1538//1538
f 891//891 3556//3556 2741//2741
f 3556//3556 451//451 3558//3558
f 2741//2741 3558//3558 894//894
f 1538//1538 2742//2742 4479//4479
f 2742//2742 894//894 3562//3562
f 4479//4479 3562//3562 452//452
f 451//451 4475//4475 3557//3557
f 4475//4475 1537//1537 2746//2746
f 3557//3557 2746//2746 892//892
f 1537//1537 4477//4477 2744//2744
f 4477//4477 90//90 3966//3966
f 2744//2744 3966//3966 1170//1170
f 892//892 2745//2745 3559//3559
f 2745//2745 1170//1170 3965//3965
f 3559//3559 3965//3965 229//229
f 452//452 3561//3561 4480//4480
f 3561//3561 893//893 2749//2749
f 4480//4480 2749//2749 1539//1539
f 893//893 3560//3560 2747//2747
f 3560//3560 229//229 3964//3964
f 2747//2747 3964//3964 1169//1169
f 1539//1539 2748//2748 4481//4481
f 2748//2748 1169//1169 3963//3963
f 4481//4481 3963//3963 91//91
f 93//93 4482//4482 4483//4483
f 4482//4482 1540//1540 2752//2752
f 4483//4483 2752//2752 1541//1541
f 1540//1540 4484//4484 2750//2750
f 4484//4484 453//453 3564//3564
f 2750//2750 3564//3564 897//897
f 1541//1541 2751//2751 4485//4485
f 2751//2751 897//897 3568//3568
f 4485//4485 3568//3568 454//454
f 453//453 4486//4486 3563//3563
f 4486//4486 1542//1542 2755//2755
f 3563//3563 2755//2755 895//895
f 1542//1542 4487//4487 2753//2753
f 4487//4487 99//99 3961//3961
f 2753//2753 3961//3961 1167//1167
f 895//895 2754//2754 3565//3565
f 2754//2754 1167//1167 3960//3960
f 3565//3565 3960//3960 227//227
f 454//454 3567//3567 4488//4488
f 3567//3567 896//896 2758//2758
f 4488//4488 2758//2758 1543//1543
f 896//896 3566//3566 2756//2756
f 3566//3566 227//227 3958//3958
f 2756//2756 3958//3958 1166//1166
f 1543//1543 2757//2757 4489//4489
f 2757//2757 1166//1166 3957//3957
f 4489//4489 3957//3957 92//92
f 93//93 4483//4483 4490//4490
f 4483//4483 1541//1541 2761//2761
f 4490//4490 2761//2761 1544//1544
f 1541//1541 4485//4485 2759//2759
f 4485//4485 454//454 3570//3570
f 2759//2759 3570//3570 900//900
f 1544//1544 2760//2760 4491//4491
f 2760//2760 900//900 3574//3574
f 4491//4491 3574//3574 455//455
f 454//454 4488//4488 3569//3569
f 4488//4488 1543//1543 2764//2764
f 3569//3569 2764//2764 898//898
f 1543//1543 4489//4489 2762//2762
f 4489//4489 92//92 3956//3956
f 2762//2762 3956//3956 1165//1165
f 898//898 2763//2763 3571//3571
f 2763//2763 1165//1165 3955//3955
f 3571//3571 3955//3955 226//226
f 455//455 3573//3573 4492//4492
f 3573//3573 899//899 2767//2767
f 4492//4492 2767//2767 1545//1545
f 899//899 3572//3572 2765//2765
f 3572//3572 226//226 3953//3953
f 2765//2765 3953//3953 1163//1163
f 1545//1545 2766//2766 4493//4493
f 2766//2766 1163//1163 3951//3951
f 4493//4493 3951//3951 89//89
f 89//89 3952//3952 4494//4494
f 3952//3952 1164//1164 2770//2770
f 4494//4494 2770//2770 1546//1546
f 1164//1164 3954//3954 2768//2768
f 3954//3954 228//228 3576//3576
f 2768//2768 3576//3576 903//903
f 1546//1546 2769//2769 4495//4495
f 2769//2769 903//903 3580//3580
f 4495//4495 3580//3580 457//457
f 228//228 3959//3959 3575//3575
f 3959//3959 1168//1168 2773//2773
f 3575//3575 2773//2773 901//901
f 1168//1168 3962//3962 2771//2771
f 3962//3962 99//99 4496//4496
f 2771//2771 4496//4496 1547//1547
f 901//901 2772//2772 3577//3577
f 2772//2772 1547//1547 4497//4497
f 3577//3577 4497//4497 456//456
f 457//457 3579//3579 4498//4498
f 3579//3579 902//902 2776//2776
f 4498//4498 2776//2776 1549//1549
f 902//902 3578//3578 2774//2774
f 3578//3578 456//456 4499//4499
f 2774//2774 4499//4499 1548//1548
f 1549//1549 2775//2775 4501//4501
f 2775//2775 1548//1548 4500//4500
f 4501//4501 4500//4500 100//100
f 97//97 4502//4502 4503//4503
f 4502//4502 1550//1550 2779//2779
f 4503//4503 2779//2779 1551//1551
f 1550//1550 4504//4504 2777//2777
f 4504//4504 458//458 3582//3582
f 2777//2777 3582//3582 906//906
f 1551//1551 2778//2778 4505//4505
f 2778//2778 906//906 3586//3586
f 4505//4505 3586//3586 459//459
f 458//458 4506//4506 3581//3581
f 4506//4506 1552//1552 2782//2782
f 3581//3581 2782//2782 904//904
f 1552//1552 4507//4507 2780//2780
f 4507//4507 93//93 4490//4490
f 2780//2780 4490//4490 1544//1544
f 904//904 2781//2781 3583//3583
f 2781//2781 1544//1544 4491//4491
f 3583//3583 4491//4491 455//455
f 459//459 3585//3585 4508//4508
f 3585//3585 905//905 2785//2785
f 4508//4508 2785//2785 1553//1553
f 905//905 3584//3584 2783//2783
f 3584//3584 455//455 4492//4492
f 2783//2783 4492//4492 1545//1545
f 1553//1553 2784//2784 4509//4509
f 2784//2784 1545//1545 4493//4493
f 4509//4509 4493//4493 89//89
f 95//95 4510//4510 4511//4511
f 4510//4510 1554//1554 2788//2788
f 4511//4511 2788//2788 1555//1555
f 1554//1554 4512//4512 2786//2786
f 4512//4512 460//460 3588//3588
f 2786//2786 3588//3588 909//909
f 1555//1555 2787//2787 4513//4513
f 2787//2787 909//909 3592//3592
f 4513//4513 3592//3592 462//462
f 460//460 4514//4514 3587//3587
f 4514//4514 1556//1556 2791//2791
f 3587//3587 2791//2791 907//907
f 1556//1556 4515//4515 2789//2789
f 4515//4515 93//93 4516//4516
f 2789//2789 4516//4516 1557//1557
f 907//907 2790//2790 3589//3589
f 2790//2790 1557//1557 4517//4517
f 3589//3589 4517//4517 461//461
f 462//462 3591//3591 4518//4518
f 3591//3591 908//908 2794//2794
f 4518//4518 2794//2794 1559//1559
f 908//908 3590//3590 2792//2792
f 3590//3590 461//461 4519//4519
f 2792//2792 4519//4519 1558//1558
f 1559//1559 2793//2793 4521//4521
f 2793//2793 1558//1558 4520//4520
f 4521//4521 4520//4520 103//103
f 95//95 4511//4511 4522//4522
f 4511//4511 1555//1555 2797//2797
f 4522//4522 2797//2797 1560//1560
f 1555//1555 4513//4513 2795//2795
f 4513//4513 462//462 3594//3594
f 2795//2795 3594//3594 912//912
f 1560//1560 2796//2796 4523//4523
f 2796//2796 912//912 3598//3598
f 4523//4523 3598//3598 463//463
f 462//462 4518//4518 3593//3593
f 4518//4518 1559//1559 2800//2800
f 3593//3593 2800//2800 910//910
f 1559//1559 4521//4521 2798//2798
f 4521//4521 103//103 4005//4005
f 2798//2798 4005//4005 1192//1192
f 910//910 2799//2799 3595//3595
f 2799//2799 1192//1192 4004//4004
f 3595//3595 4004//4004 240//240
f 463//463 3597//3597 4524//4524
f 3597//3597 911//911 2803//2803
f 4524//4524 2803//2803 1561//1561
f 911//911 3596//3596 2801//2801
f 3596//3596 240//240 4002//4002
f 2801//2801 4002//4002 1190//1190
f 1561//1561 2802//2802 4525//4525
f 2802//2802 1190//1190 4000//4000
f 4525//4525 4000//4000 104//104
f 4526//4526 1562//1562 4527//4527
f 1563//1563 4527//4527 1562//1562
f 4528//4528 464//464 2804//2804
f 915//915 2804//2804 464//464
f 2805//2805 915//915 4529//4529
f 466//466 4529//4529 915//915
f 4530//4530 1564//1564 3599//3599
f 913//913 3599//3599 1564//1564
f 4531//4531 105//105 2806//2806
f 1565//1565 2806//2806 105//105
f 2807//2807 1565//1565 3600//3600
f 465//465 3600//3600 1565//1565
f 3602//3602 914//914 4532//4532
f 1567//1567 4532//4532 914//914
f 3601//3601 465//465 2808//2808
f 1566//1566 2808//2808 465//465
f 2809//2809 1566//1566 4533//4533
f 98//98 4533//4533 1566//1566
f 94//94 4527//4527 4534//4534
f 4527//4527 1563//1563 2812//2812
f 4534//4534 2812//2812 1568//1568
f 1563//1563 4529//4529 2810//2810
f 4529//4529 466//466 3604//3604
f 2810//2810 3604//3604 918//918
f 1568//1568 2811//2811 4535//4535
f 2811//2811 918//918 3608//3608
f 4535//4535 3608//3608 468//468
f 466//466 4532//4532 3603//3603
f 4532//4532 1567//1567 2815//2815
f 3603//3603 2815//2815 916//916
f 1567//1567 4533//4533 2813//2813
f 4533//4533 98//98 4536//4536
f 2813//2813 4536//4536 1569//1569
f 916//916 2814//2814 3605//3605
f 2814//2814 1569//1569 4537//4537
f 3605//3605 4537//4537 467//467
f 468//468 3607//3607 4538//4538
f 3607//3607 917//917 2818//2818
f 4538//4538 2818//2818 1571//1571
f 917//917 3606//3606 2816//2816
f 3606//3606 467//467 4539//4539
f 2816//2816 4539//4539 1570//1570
f 1571//1571 2817//2817 4541//4541
f 2817//2817 1570//1570 4540//4540
f 4541//4541 4540//4540 96//96
f 4542//4542 1572//1572 4543//4543
f 1573//1573 4543//4543 1572//1572
f 4544//4544 469//469 2819//2819
f 921//921 2819//2819 469//469
f 2820//2820 921//921 4545//4545
f 470//470 4545//4545 921//921
f 4546//4546 1574//1574 3609//3609
f 919//919 3609//3609 1574//1574
f 4547//4547 98//98 2821//2821
f 1566//1566 2821//2821 98//98
f 2822//2822 1566//1566 3610//3610
f 465//465 3610//3610 1566//1566
f 3612//3612 920//920 4548//4548
f 1575//1575 4548//4548 920//920
f 3611//3611 465//465 2823//2823
f 1565//1565 2823//2823 465//465
f 2824//2824 1565//1565 4549//4549
f 105//105 4549//4549 1565//1565
f 90//90 4543//4543 4550//4550
f 4543//4543 1573//1573 2827//2827
f 4550//4550 2827//2827 1576//1576
f 1573//1573 4545//4545 2825//2825
f 4545//4545 470//470 3614//3614
f 2825//2825 3614//3614 924//924
f 1576//1576 2826//2826 4551//4551
f 2826//2826 924//924 3618//3618
f 4551//4551 3618//3618 471//471
f 470//470 4548//4548 3613//3613
f 4548//4548 1575//1575 2830//2830
f 3613//3613 2830//2830 922//922
f 1575//1575 4549//4549 2828//2828
f 4549//4549 105//105 3988//3988
f 2828//2828 3988//3988 1184//1184
f 922//922 2829//2829 3615//3615
f 2829//2829 1184//1184 3990//3990
f 3615//3615 3990//3990 237//237
f 471//471 3617//3617 4552//4552
f 3617//3617 923//923 2833//2833
f 4552//4552 2833//2833 1577//1577
f 923//923 3616//3616 2831//2831
f 3616//3616 237//237 3992//3992
f 2831//2831 3992//3992 1186//1186
f 1577//1577 2832//2832 4553//4553
f 2832//2832 1186//1186 3993//3993
f 4553//4553 3993//3993 106//106
f 102//102 4554//4554 4555//4555
f 4554//4554 1578//1578 2836//2836
f 4555//4555 2836//2836 1579//1579
f 1578//1578 4556//4556 2834//2834
f 4556//4556 472//472 3620//3620
f 2834//2834 3620//3620 927//927
f 1579//1579 2835//2835 4557//4557
f 2835//2835 927//927 3624//3624
f 4557//4557 3624//3624 473//473
f 472//472 4558//4558 3619//3619
f 4558//4558 1580//1580 2839//2839
f 3619//3619 2839//2839 925//925
f 1580//1580 4559//4559 2837//2837
f 4559//4559 94//94 3970//3970
f 2837//2837 3970//3970 1172//1172
f 925//925 2838//2838 3621//3621
f 2838//2838 1172//1172 3969//3969
f 3621//3621 3969//3969 230//230
f 473//473 3623//3623 4560//4560
f 3623//3623 926//926 2842//2842
f 4560//4560 2842//2842 1581//1581
f 926//926 3622//3622 2840//2840
f 3622//3622 230//230 3968//3968
f 2840//2840 3968//3968 1171//1171
f 1581//1581 2841//2841 4561//4561
f 2841//2841 1171//1171 3967//3967
f 4561//4561 3967//3967 90//90
f 231//231 4563//4563 474//474
f 4563//4563 231//231 4562//4562
f 1583//1583 4562//4562 1582//1582
f 101//101 3971//3971 94//94
f 3971//3971 101//101 4564//4564
f 1173//1173 2843//2843 1582//1582
f 2843//2843 1173//1173 4564//4564
f 91//91 2008//2008 4565//4565
f 2008//2008 929//929 2848//2848
f 4565//4565 2848//2848 1584//1584
f 929//929 3625//3625 2846//2846
f 3625//3625 474//474 3628//3628
f 2846//2846 3628//3628 932//932
f 1584//1584 2847//2847 4566//4566
f 2847//2847 932//932 3632//3632
f 4566//4566 3632//3632 476//476
f 474//474 4563//4563 3627//3627
f 4563//4563 1583//1583 2851//2851
f 3627//3627 2851//2851 930//930
f 1583//1583 2844//2844 2849//2849
f 2844//2844 101//101 4567//4567
f 2849//2849 4567//4567 1585//1585
f 930//930 2850//2850 3629//3629
f 2850//2850 1585//1585 4568//4568
f 3629//3629 4568//4568 475//475
f 476//476 3631//3631 4569//4569
f 3631//3631 931//931 2854//2854
f 4569//4569 2854//2854 1587//1587
f 931//931 3630//3630 2852//2852
f 3630//3630 475//475 4570//4570
f 2852//2852 4570//4570 1586//1586
f 1587//1587 2853//2853 4572//4572
f 2853//2853 1586//1586 4571//4571
f 4572//4572 4571//4571 102//102
f 100//100 4573//4573 4574//4574
f 4573//4573 1588//1588 2857//2857
f 4574//4574 2857//2857 1589//1589
f 1588//1588 4575//4575 2855//2855
f 4575//4575 477//477 3634//3634
f 2855//2855 3634//3634 935//935
f 1589//1589 2856//2856 4576//4576
f 2856//2856 935//935 3638//3638
f 4576//4576 3638//3638 479//479
f 477//477 4577//4577 3633//3633
f 4577//4577 1590//1590 2860//2860
f 3633//3633 2860//2860 933//933
f 1590//1590 4578//4578 2858//2858
f 4578//4578 106//106 4579//4579
f 2858//2858 4579//4579 1591//1591
f 933//933 2859//2859 3635//3635
f 2859//2859 1591//1591 4580//4580
f 3635//3635 4580//4580 478//478
f 479//479 3637//3637 4581//4581
f 3637//3637 934//934 2863//2863
f 4581//4581 2863//2863 1593//1593
f 934//934 3636//3636 2861//2861
f 3636//3636 478//478 4582//4582
f 2861//2861 4582//4582 1592//1592
f 1593//1593 2862//2862 4584//4584
f 2862//2862 1592//1592 4583//4583
f 4584//4584 4583//4583 94//94
f 101//101 4585//4585 4586//4586
f 4585//4585 1594//1594 2866//2866
f 4586//4586 2866//2866 1595//1595
f 1594//1594 4587//4587 2864//2864
f 4587//4587 480//480 3640//3640
f 2864//2864 3640//3640 938//938
f 1595//1595 2865//2865 4588//4588
f 2865//2865 938//938 3644//3644
f 4588//4588 3644//3644 481//481
f 480//480 4589//4589 3639//3639
f 4589//4589 1596//1596 2869//2869
f 3639//3639 2869//2869 936//936
f 1596//1596 4590//4590 2867//2867
f 4590//4590 103//103 4520//4520
f 2867//2867 4520//4520 1558//1558
f 936//936 2868//2868 3641//3641
f 2868//2868 1558//1558 4519//4519
f 3641//3641 4519//4519 461//461
f 481//481 3643//3643 4591//4591
f 3643//3643 937//937 2872//2872
f 4591//4591 2872//2872 1597//1597
f 937//937 3642//3642 2870//2870
f 3642//3642 461//461 4517//4517
f 2870//2870 4517//4517 1557//1557
f 1597//1597 2871//2871 4592//4592
f 2871//2871 1557//1557 4516//4516
f 4592//4592 4516//4516 93//93
f 98//98 3972//3972 4536//4536
f 3972//3972 1175//1175 2875//2875
f 4536//4536 2875//2875 1569//1569
f 1175//1175 3973//3973 2873//2873
f 3973//3973 234//234 3646//3646
f 2873//2873 3646//3646 941//941
f 1569//1569 2874//2874 4537//4537
f 2874//2874 941//941 3650//3650
f 4537//4537 3650//3650 467//467
f 234//234 3976//3976 3645//3645
f 3976//3976 1179//1179 2878//2878
f 3645//3645 2878//2878 939//939
f 1179//1179 3979//3979 2876//2876
f 3979//3979 95//95 3985//3985
f 2876//2876 3985//3985 1182//1182
f 939//939 2877//2877 3647//3647
f 2877//2877 1182//1182 3984//3984
f 3647//3647 3984//3984 235//235
f 467//467 3649//3649 4539//4539
f 3649//3649 940//940 2881//2881
f 4539//4539 2881//2881 1570//1570
f 940//940 3648//3648 2879//2879
f 3648//3648 235//235 3982//3982
f 2879//2879 3982//3982 1180//1180
f 1570//1570 2880//2880 4540//4540
f 2880//2880 1180//1180 3980//3980
f 4540//4540 3980//3980 96//96
f 101//101 4593//4593 4594//4594
f 4593//4593 1598//1598 2884//2884
f 4594//4594 2884//2884 1599//1599
f 1598//1598 4595//4595 2882//2882
f 4595//4595 482//482 3652//3652
f 2882//2882 3652//3652 944//944
f 1599//1599 2883//2883 4596//4596
f 2883//2883 944//944 3656//3656
f 4596//4596 3656//3656 483//483
f 482//482 4597//4597 3651//3651
f 4597//4597 1600//1600 2887//2887
f 3651//3651 2887//2887 942//942
f 1600//1600 4598//4598 2885//2885
f 4598//4598 99//99 4496//4496
f 2885//2885 4496//4496 1547//1547
f 942//942 2886//2886 3653//3653
f 2886//2886 1547//1547 4497//4497
f 3653//3653 4497//4497 456//456
f 483//483 3655//3655 4599//4599
f 3655//3655 943//943 2890//2890
f 4599//4599 2890//2890 1601//1601
f 943//943 3654//3654 2888//2888
f 3654//3654 456//456 4499//4499
f 2888//2888 4499//4499 1548//1548
f 1601//1601 2889//2889 4600//4600
f 2889//2889 1548//1548 4500//4500
f 4600//4600 4500//4500 100//100
f 100//100 4601//4601 4600//4600
f 4601//4601 1602//1602 2893//2893
f 4600//4600 2893//2893 1601//1601
f 1602//1602 4602//4602 2891//2891
f 4602//4602 484//484 3658//3658
f 2891//2891 3658//3658 947//947
f 1601//1601 2892//2892 4599//4599
f 2892//2892 947//947 3662//3662
f 4599//4599 3662//3662 483//483
f 484//484 4603//4603 3657//3657
f 4603//4603 1603//1603 2896//2896
f 3657//3657 2896//2896 945//945
f 1603//1603 4604//4604 2894//2894
f 4604//4604 102//102 4571//4571
f 2894//2894 4571//4571 1586//1586
f 945//945 2895//2895 3659//3659
f 2895//2895 1586//1586 4570//4570
f 3659//3659 4570//4570 475//475
f 483//483 3661//3661 4596//4596
f 3661//3661 946//946 2899//2899
f 4596//4596 2899//2899 1599//1599
f 946//946 3660//3660 2897//2897
f 3660//3660 475//475 4568//4568
f 2897//2897 4568//4568 1585//1585
f 1599//1599 2898//2898 4594//4594
f 2898//2898 1585//1585 4567//4567
f 4594//4594 4567//4567 101//101
f 4605//4605 1604//1604 4606//4606
f 1605//1605 4606//4606 1604//1604
f 4607//4607 485//485 2900//2900
f 950//950 2900//2900 485//485
f 2900//2900 950//950 4608//4608
f 487//487 4608//4608 950//950
f 4609//4609 1606//1606 3663//3663
f 948//948 3663//3663 1606//1606
f 4610//4610 109//109 2901//2901
f 1607//1607 2901//2901 109//109
f 486//486 2901//2901 1607//1607
f 2027//2027 949//949 4611//4611
f 1609//1609 4611//4611 949//949
f 2901//2901 486//486 2902//2902
f 1608//1608 2902//2902 486//486
f 2903//2903 1608//1608 4612//4612
f 108//108 4612//4612 1608//1608
f 107//107 2905//2905 4613//4613
f 2905//2905 107//107 1610//1610
f 2904//2904 1610//1610 488//488
f 1611//1611 3665//3665 4614//4614
f 3665//3665 1611//1611 953//953
f 488//488 2907//2907 2904//2904
f 2907//2907 488//488 1612//1612
f 1612//1612 4033//4033 2906//2906
f 4033//4033 1612//1612 109//109
f 951//951 4032//4032 3664//3664
f 4032//4032 951//951 1217//1217
f 489//489 2908//2908 4615//4615
f 2908//2908 489//489 952//952
f 952//952 4030//4030 2908//2908
f 4030//4030 952//952 251//251
f 1613//1613 4028//4028 4616//4616
f 4028//4028 1613//1613 1215//1215
f 112//112 4009//4009 1614//1614
f 1195//1195 4011//4011 954//954
f 3666//3666 954//954 4011//4011
f 1614//1614 2909//2909 490//490
f 2911//2911 490//490 2909//2909
f 243//243 3266//3266 647//647
f 1199//1199 4014//4014 1202//1202
f 4019//4019 1202//1202 4014//4014
f 647//647 2910//2910 244//244
f 4018//4018 244//244 2910//2910
f 954//954 3666//3666 1200//1200
f 4016//4016 1200//1200 3666//3666
f 490//490 2911//2911 107//107
f 4015//4015 107//107 2911//2911
f 107//107 2912//2912 490//490
f 1201//1201 4017//4017 955//955
f 3667//3667 955//955 4017//4017
f 2914//2914 490//490 2912//2912
f 243//243 3269//3269 645//645
f 1203//1203 4020//4020 1196//1196
f 4013//4013 1196//1196 4020//4020
f 645//645 2913//2913 242//242
f 4012//4012 242//242 2913//2913
f 490//490 2914//2914 1614//1614
f 955//955 3667//3667 1194//1194
f 4010//4010 1194//1194 3667//3667
f 1614//1614 2914//2914 112//112
f 4008//4008 112//112 2914//2914
f 112//112 2916//2916 4617//4617
f 2916//2916 112//112 1615//1615
f 2915//2915 1615//1615 491//491
f 1616//1616 3669//3669 4618//4618
f 3669//3669 1616//1616 958//958
f 491//491 2918//2918 2915//2915
f 2918//2918 491//491 1617//1617
f 1617//1617 4026//4026 2917//2917
f 4026//4026 1617//1617 114//114
f 956//956 4025//4025 3668//3668
f 4025//4025 956//956 1212//1212
f 492//492 2919//2919 4619//4619
f 2919//2919 492//492 957//957
f 957//957 4023//4023 2919//2919
f 4023//4023 957//957 248//248
f 1618//1618 4021//4021 4620//4620
f 4021//4021 1618//1618 1210//1210
f 4621//4621 1619//1619 4622//4622
f 1620//1620 4622//4622 1619//1619
f 4623//4623 493//493 2920//2920
f 961//961 2920//2920 493//493
f 2920//2920 961//961 4624//4624
f 494//494 4624//4624 961//961
f 4625//4625 1621//1621 2031//2031
f 959//959 2031//2031 1621//1621
f 4626//4626 114//114 2921//2921
f 1204//1204 2921//2921 114//114
f 245//245 3670//3670 1204//1204
f 3671//3671 960//960 4627//4627
f 1622//1622 4627//4627 960//960
f 3670//3670 245//245 2922//2922
f 1206//1206 2922//2922 245//245
f 2923//2923 1206//1206 4628//4628
f 113//113 4628//4628 1206//1206
f 4629//4629 1623//1623 4630//4630
f 1624//1624 4630//4630 1623//1623
f 4631//4631 495//495 2924//2924
f 964//964 2924//2924 495//495
f 2924//2924 964//964 4632//4632
f 497//497 4632//4632 964//964
f 4633//4633 1625//1625 2032//2032
f 962//962 2032//2032 1625//1625
f 4634//4634 119//119 2925//2925
f 1626//1626 2925//2925 119//119
f 2925//2925 1626//1626 3672//3672
f 496//496 3672//3672 1626//1626
f 3673//3673 963//963 4635//4635
f 1628//1628 4635//4635 963//963
f 1627//1627 2926//2926 496//496
f 2926//2926 1627//1627 4636//4636
f 118//118 4636//4636 1627//1627
f 122//122 4036//4036 1629//1629
f 2928//2928 1629//1629 4036//4036
f 967//967 2034//2034 966//966
f 3674//3674 966//966 2034//2034
f 1629//1629 2927//2927 498//498
f 2931//2931 498//498 2927//2927
f 254//254 1816//1816 660//660
f 2930//2930 660//660 1816//1816
f 659//659 4040//4040 1223//1223
f 4045//4045 1223//1223 4040//4040
f 660//660 2929//2929 255//255
f 4044//4044 255//255 2929//2929
f 498//498 2931//2931 1630//1630
f 965//965 2033//2033 1222//1222
f 4043//4043 1222//1222 2033//2033
f 1630//1630 2931//2931 117//117
f 4041//4041 117//117 2931//2931
f 117//117 4042//4042 1630//1630
f 2933//2933 1630//1630 4042//4042
f 965//965 2033//2033 966//966
f 3674//3674 966//966 2033//2033
f 1630//1630 2932//2932 498//498
f 2936//2936 498//498 2932//2932
f 254//254 1817//1817 658//658
f 2935//2935 658//658 1817//1817
f 656//656 4046//4046 1219//1219
f 4039//4039 1219//1219 4046//4046
f 658//658 2934//2934 252//252
f 4038//4038 252//252 2934//2934
f 498//498 2936//2936 1629//1629
f 967//967 2034//2034 1218//1218
f 4037//4037 1218//1218 2034//2034
f 1629//1629 2936//2936 122//122
f 4035//4035 122//122 2936//2936
f 125//125 2942//2942 1631//1631
f 2937//2937 1631//1631 2942//2942
f 970//970 2038//2038 969//969
f 3675//3675 969//969 2038//2038
f 1631//1631 2937//2937 499//499
f 3676//3676 499//499 2937//2937
f 258//258 1820//1820 665//665
f 1821//1821 665//665 1820//1820
f 664//664 4051//4051 1229//1229
f 4055//4055 1229//1229 4051//4051
f 665//665 2938//2938 259//259
f 4054//4054 259//259 2938//2938
f 499//499 2940//2940 1632//1632
f 968//968 2296//2296 1228//1228
f 4053//4053 1228//1228 2296//2296
f 1632//1632 2939//2939 120//120
f 4052//4052 120//120 2939//2939
f 120//120 2939//2939 1632//1632
f 2940//2940 1632//1632 2939//2939
f 968//968 2036//2036 969//969
f 3675//3675 969//969 2036//2036
f 1632//1632 2940//2940 499//499
f 3676//3676 499//499 2940//2940
f 258//258 1818//1818 663//663
f 1819//1819 663//663 1818//1818
f 661//661 4056//4056 1225//1225
f 4050//4050 1225//1225 4056//4056
f 663//663 2941//2941 256//256
f 4049//4049 256//256 2941//2941
f 499//499 2937//2937 1631//1631
f 970//970 2292//2292 1224//1224
f 4048//4048 1224//1224 2292//2292
f 1631//1631 2942//2942 125//125
f 4047//4047 125//125 2942//2942
f 4637//4637 1633//1633 4638//4638
f 1634//1634 4638//4638 1633//1633
f 4639//4639 500//500 2943//2943
f 973//973 2943//2943 500//500
f 2943//2943 973//973 4640//4640
f 502//502 4640//4640 973//973
f 4641//4641 1635//1635 2039//2039
f 971//971 2039//2039 1635//1635
f 4642//4642 124//124 2944//2944
f 1636//1636 2944//2944 124//124
f 501//501 2944//2944 1636//1636
f 3677//3677 972//972 4643//4643
f 1638//1638 4643//4643 972//972
f 2944//2944 501//501 2945//2945
f 1637//1637 2945//2945 501//501
f 2946//2946 1637//1637 4644//4644
f 123//123 4644//4644 1637//1637
f 136//136 4058//4058 4645//4645
f 4058//4058 1231//1231 2949//2949
f 4645//4645 2949//2949 1639//1639
f 1231//1231 4060//4060 2947//2947
f 4060//4060 262//262 3679//3679
f 2947//2947 3679//3679 976//976
f 1639//1639 2948//2948 4646//4646
f 2948//2948 976//976 3683//3683
f 4646//4646 3683//3683 504//504
f 262//262 4063//4063 3678//3678
f 4063//4063 1235//1235 2952//2952
f 3678//3678 2952//2952 974//974
f 1235//1235 4064//4064 2950//2950
f 4064//4064 129//129 4647//4647
f 2950//2950 4647//4647 1640//1640
f 974//974 2951//2951 3680//3680
f 2951//2951 1640//1640 4648//4648
f 3680//3680 4648//4648 503//503
f 504//504 3682//3682 4649//4649
f 3682//3682 975//975 2955//2955
f 4649//4649 2955//2955 1642//1642
f 975//975 3681//3681 2953//2953
f 3681//3681 503//503 4650//4650
f 2953//2953 4650//4650 1641//1641
f 1642//1642 2954//2954 4652//4652
f 2954//2954 1641//1641 4651//4651
f 4652//4652 4651//4651 128//128
f 136//136 4645//4645 4653//4653
f 4645//4645 1639//1639 2958//2958
f 4653//4653 2958//2958 1643//1643
f 1639//1639 4646//4646 2956//2956
f 4646//4646 504//504 3685//3685
f 2956//2956 3685//3685 979//979
f 1643//1643 2957//2957 4654//4654
f 2957//2957 979//979 3689//3689
f 4654//4654 3689//3689 505//505
f 504//504 4649//4649 3684//3684
f 4649//4649 1642//1642 2961//2961
f 3684//3684 2961//2961 977//977
f 1642//1642 4652//4652 2959//2959
f 4652//4652 128//128 4065//4065
f 2959//2959 4065//4065 1236//1236
f 977//977 2960//2960 3686//3686
f 2960//2960 1236//1236 4067//4067
f 3686//3686 4067//4067 263//263
f 505//505 3688//3688 4655//4655
f 3688//3688 978//978 2964//2964
f 4655//4655 2964//2964 1644//1644
f 978//978 3687//3687 2962//2962
f 3687//3687 263//263 4069//4069
f 2962//2962 4069//4069 1238//1238
f 1644//1644 2963//2963 4656//4656
f 2963//2963 1238//1238 4070//4070
f 4656//4656 4070//4070 127//127
f 4653//4653 1645//1645 4657//4657
f 1645//1645 4653//4653 1643//1643
f 4654//4654 982//982 2965//2965
f 982//982 4654//4654 505//505
f 2966//2966 507//507 4658//4658
f 507//507 2966//2966 982//982
f 4655//4655 980//980 3690//3690
f 980//980 4655//4655 1644//1644
f 4656//4656 1646//1646 2967//2967
f 1646//1646 4656//4656 127//127
f 2968//2968 506//506 3691//3691
f 506//506 2968//2968 1646//1646
f 3692//3692 1648//1648 4659//4659
f 1648//1648 3692//3692 981//981
f 1647//1647 3691//3691 506//506
f 2969//2969 135//135 4660//4660
f 135//135 2969//2969 1647//1647
f 135//135 4661//4661 4662//4662
f 4661//4661 1649//1649 2972//2972
f 4662//4662 2972//2972 1650//1650
f 1649//1649 4663//4663 2970//2970
f 4663//4663 508//508 3694//3694
f 2970//2970 3694//3694 985//985
f 1650//1650 2971//2971 4664//4664
f 2971//2971 985//985 3698//3698
f 4664//4664 3698//3698 509//509
f 508//508 4665//4665 3693//3693
f 4665//4665 1651//1651 2975//2975
f 3693//3693 2975//2975 983//983
f 1651//1651 4666//4666 2973//2973
f 4666//4666 128//128 4651//4651
f 2973//2973 4651//4651 1641//1641
f 983//983 2974//2974 3695//3695
f 2974//2974 1641//1641 4650//4650
f 3695//3695 4650//4650 503//503
f 509//509 3697//3697 4667//4667
f 3697//3697 984//984 2978//2978
f 4667//4667 2978//2978 1652//1652
f 984//984 3696//3696 2976//2976
f 3696//3696 503//503 4648//4648
f 2976//2976 4648//4648 1640//1640
f 1652//1652 2977//2977 4668//4668
f 2977//2977 1640//1640 4647//4647
f 4668//4668 4647//4647 129//129
f 4662//4662 1653//1653 4669//4669
f 1653//1653 4662//4662 1650//1650
f 4664//4664 988//988 2979//2979
f 988//988 4664//4664 509//509
f 2980//2980 510//510 4670//4670
f 510//510 2980//2980 988//988
f 4667//4667 986//986 3699//3699
f 986//986 4667//4667 1652//1652
f 4668//4668 1234//1234 2981//2981
f 1234//1234 4668//4668 129//129
f 2982//2982 261//261 3700//3700
f 261//261 2982//2982 1234//1234
f 3702//3702 1654//1654 4671//4671
f 1654//1654 3702//3702 987//987
f 3701//3701 1233//1233 2983//2983
f 1233//1233 3701//3701 261//261
f 2984//2984 130//130 4672//4672
f 130//130 2984//2984 1233//1233
f 135//135 4669//4669 4660//4660
f 4669//4669 1653//1653 2987//2987
f 4660//4660 2987//2987 1648//1648
f 1653//1653 4670//4670 2985//2985
f 4670//4670 510//510 3704//3704
f 2985//2985 3704//3704 991//991
f 1648//1648 2986//2986 4659//4659
f 2986//2986 991//991 3708//3708
f 4659//4659 3708//3708 507//507
f 510//510 4671//4671 3703//3703
f 4671//4671 1654//1654 2990//2990
f 3703//3703 2990//2990 989//989
f 1654//1654 4672//4672 2988//2988
f 4672//4672 130//130 4062//4062
f 2988//2988 4062//4062 1232//1232
f 989//989 2989//2989 3705//3705
f 2989//2989 1232//1232 4061//4061
f 3705//3705 4061//4061 260//260
f 507//507 3707//3707 4658//4658
f 3707//3707 990//990 2993//2993
f 4658//4658 2993//2993 1645//1645
f 990//990 3706//3706 2991//2991
f 3706//3706 260//260 4059//4059
f 2991//2991 4059//4059 1230//1230
f 1645//1645 2992//2992 4657//4657
f 2992//2992 1230//1230 4057//4057
f 4657//4657 4057//4057 136//136
f 137//137 4673//4673 4674//4674
f 4673//4673 1655//1655 2996//2996
f 4674//4674 2996//2996 1656//1656
f 1655//1655 4675//4675 2994//2994
f 4675//4675 511//511 3710//3710
f 2994//2994 3710//3710 994//994
f 1656//1656 2995//2995 4676//4676
f 2995//2995 994//994 3714//3714
f 4676//4676 3714//3714 513//513
f 511//511 4677//4677 3709//3709
f 4677//4677 1657//1657 2999//2999
f 3709//3709 2999//2999 992//992
f 1657//1657 4678//4678 2997//2997
f 4678//4678 131//131 4679//4679
f 2997//2997 4679//4679 1658//1658
f 992//992 2998//2998 3711//3711
f 2998//2998 1658//1658 4680//4680
f 3711//3711 4680//4680 512//512
f 513//513 3713//3713 4681//4681
f 3713//3713 993//993 3002//3002
f 4681//4681 3002//3002 1660//1660
f 993//993 3712//3712 3000//3000
f 3712//3712 512//512 4682//4682
f 3000//3000 4682//4682 1659//1659
f 1660//1660 3001//3001 4684//4684
f 3001//3001 1659//1659 4683//4683
f 4684//4684 4683//4683 132//132
f 137//137 4674//4674 4685//4685
f 4674//4674 1656//1656 3005//3005
f 4685//4685 3005//3005 1661//1661
f 1656//1656 4676//4676 3003//3003
f 4676//4676 513//513 3716//3716
f 3003//3003 3716//3716 997//997
f 1661//1661 3004//3004 4686//4686
f 3004//3004 997//997 3720//3720
f 4686//4686 3720//3720 514//514
f 513//513 4681//4681 3715//3715
f 4681//4681 1660//1660 3008//3008
f 3715//3715 3008//3008 995//995
f 1660//1660 4684//4684 3006//3006
f 4684//4684 132//132 4079//4079
f 3006//3006 4079//4079 1246//1246
f 995//995 3007//3007 3717//3717
f 3007//3007 1246//1246 4078//4078
f 3717//3717 4078//4078 267//267
f 514//514 3719//3719 4687//4687
f 3719//3719 996//996 3011//3011
f 4687//4687 3011//3011 1662//1662
f 996//996 3718//3718 3009//3009
f 3718//3718 267//267 4076//4076
f 3009//3009 4076//4076 1245//1245
f 1662//1662 3010//3010 4688//4688
f 3010//3010 1245//1245 4075//4075
f 4688//4688 4075//4075 133//133
f 4685//4685 1663//1663 4689//4689
f 1663//1663 4685//4685 1661//1661
f 4686//4686 1000//1000 3012//3012
f 1000//1000 4686//4686 514//514
f 3013//3013 515//515 4690//4690
f 515//515 3013//3013 1000//1000
f 4687//4687 998//998 3721//3721
f 998//998 4687//4687 1662//1662
f 4688//4688 1244//1244 3014//3014
f 1244//1244 4688//4688 133//133
f 3015//3015 266//266 3722//3722
f 266//266 3015//3015 1244//1244
f 3724//3724 1664//1664 4691//4691
f 1664//1664 3724//3724 999//999
f 3723//3723 1242//1242 3016//3016
f 1242//1242 3723//3723 266//266
f 3017//3017 134//134 4692//4692
f 134//134 3017//3017 1242//1242
f 134//134 4073//4073 3027//3027
f 4073//4073 1243//1243 3020//3020
f 3027//3027 3020//3020 1665//1665
f 1243//1243 4074//4074 3018//3018
f 4074//4074 268//268 3726//3726
f 3018//3018 3726//3726 1003//1003
f 1665//1665 3019//3019 4693//4693
f 3019//3019 1003//1003 3730//3730
f 4693//4693 3730//3730 516//516
f 268//268 4077//4077 3725//3725
f 4077//4077 1247//1247 3023//3023
f 3725//3725 3023//3023 1001//1001
f 1247//1247 4080//4080 3021//3021
f 4080//4080 132//132 4683//4683
f 3021//3021 4683//4683 1659//1659
f 1001//1001 3022//3022 3727//3727
f 3022//3022 1659//1659 4682//4682
f 3727//3727 4682//4682 512//512
f 516//516 3729//3729 3029//3029
f 3729//3729 1002//1002 3026//3026
f 3029//3029 3026//3026 1666//1666
f 1002//1002 3728//3728 3024//3024
f 3728//3728 512//512 4680//4680
f 3024//3024 4680//4680 1658//1658
f 1666//1666 3025//3025 4694//4694
f 3025//3025 1658//1658 4679//4679
f 4694//4694 4679//4679 131//131
f 1665//1665 4693//4693 1667//1667
f 4695//4695 1667//1667 4693//4693
f 518//518 4696//4696 516//516
f 4695//4695 516//516 4696//4696
f 1666//1666 4694//4694 1004//1004
f 4697//4697 1004//1004 4694//4694
f 517//517 2066//2066 131//131
f 4697//4697 131//131 2066//2066
f 1005//1005 2067//2067 1668//1668
f 4698//4698 1668//1668 2067//2067
f 138//138 4699//4699 517//517
f 4698//4698 517//517 4699//4699
f 134//134 3028//3028 4692//4692
f 3028//3028 1667//1667 3035//3035
f 4692//4692 3035//3035 1664//1664
f 1667//1667 4696//4696 3033//3033
f 4696//4696 518//518 3733//3733
f 3033//3033 3733//3733 1008//1008
f 1664//1664 3034//3034 4691//4691
f 3034//3034 1008//1008 3737//3737
f 4691//4691 3737//3737 515//515
f 518//518 3032//3032 3732//3732
f 3032//3032 1668//1668 3038//3038
f 3732//3732 3038//3038 1006//1006
f 1668//1668 4699//4699 3036//3036
f 4699//4699 138//138 4700//4700
f 3036//3036 4700//4700 1669//1669
f 1006//1006 3037//3037 3734//3734
f 3037//3037 1669//1669 4701//4701
f 3734//3734 4701//4701 519//519
f 515//515 3736//3736 4690//4690
f 3736//3736 1007//1007 3041//3041
f 4690//4690 3041//3041 1663//1663
f 1007//1007 3735//3735 3039//3039
f 3735//3735 519//519 4702//4702
f 3039//3039 4702//4702 1670//1670
f 1663//1663 3040//3040 4689//4689
f 3040//3040 1670//1670 4703//4703
f 4689//4689 4703//4703 137//137
f 143//143 3042//3042 1672//1672
f 1671//1671 3738//3738 1011//1011
f 1672//1672 3739//3739 521//521
f 520//520 3043//3043 1009//1009
f 1673//1673 2320//2320 1252//1252
f 1009//1009 4087//4087 272//272
f 521//521 3044//3044 1674//1674
f 1010//1010 2322//2322 1254//1254
f 1674//1674 4090//4090 140//140
f 1675//1675 4704//4704 1676//1676
f 4705//4705 1676//1676 4704//4704
f 524//524 4706//4706 522//522
f 4705//4705 522//522 4706//4706
f 1677//1677 4707//4707 1012//1012
f 4708//4708 1012//1012 4707//4707
f 523//523 4708//4708 141//141
f 1013//1013 4708//4708 1678//1678
f 142//142 4709//4709 523//523
f 4708//4708 523//523 4709//4709
f 1687//1687 4710//4710 1688//1688
f 4711//4711 1688//1688 4710//4710
f 533//533 4712//4712 531//531
f 4711//4711 531//531 4712//4712
f 1689//1689 4713//4713 1020//1020
f 4714//4714 1020//1020 4713//4713
f 532//532 4714//4714 146//146
f 1020//1020 4714//4714 1690//1690
f 147//147 4715//4715 532//532
f 4714//4714 532//532 4715//4715
f 148//148 3053//3053 1692//1692
f 1691//1691 3742//3742 1023//1023
f 1692//1692 3743//3743 535//535
f 534//534 3054//3054 1021//1021
f 1693//1693 2315//2315 1248//1248
f 1021//1021 4081//4081 269//269
f 535//535 3055//3055 1694//1694
f 1022//1022 2317//2317 1250//1250
f 1694//1694 4084//4084 145//145
f 153//153 3056//3056 1696//1696
f 1695//1695 3744//3744 1026//1026
f 1696//1696 3745//3745 537//537
f 536//536 3057//3057 1024//1024
f 1697//1697 2329//2329 1268//1268
f 1024//1024 4101//4101 282//282
f 537//537 3058//3058 1698//1698
f 1025//1025 2331//2331 1270//1270
f 1698//1698 4104//4104 150//150
f 1699//1699 4716//4716 1700//1700
f 4717//4717 1700//1700 4716//4716
f 540//540 4718//4718 538//538
f 4717//4717 538//538 4718//4718
f 1701//1701 4719//4719 1027//1027
f 4720//4720 1027//1027 4719//4719
f 539//539 4720//4720 151//151
f 1028//1028 4720//4720 1702//1702
f 152//152 4721//4721 539//539
f 4720//4720 539//539 4721//4721
f 1710//1710 4722//4722 1711//1711
f 4723//4723 1711//1711 4722//4722
f 548//548 4724//4724 546//546
f 4723//4723 546//546 4724//4724
f 1712//1712 4725//4725 1034//1034
f 4726//4726 1034//1034 4725//4725
f 547//547 4726//4726 156//156
f 1035//1035 4726//4726 1713//1713
f 157//157 4727//4727 547//547
f 4726//4726 547//547 4727//4727
f 158//158 3067//3067 1715//1715
f 1714//1714 3748//3748 1038//1038
f 1715//1715 3749//3749 550//550
f 549//549 3068//3068 1036//1036
f 1716//1716 2324//2324 1264//1264
f 1036//1036 4094//4094 279//279
f 550//550 3069//3069 1717//1717
f 1037//1037 2326//2326 1266//1266
f 1717//1717 4097//4097 155//155
f 168//168 4109//4109 4728//4728
f 4109//4109 1281//1281 3072//3072
f 4728//4728 3072//3072 1718//1718
f 1281//1281 4111//4111 3070//3070
f 4111//4111 291//291 3751//3751
f 3070//3070 3751//3751 1041//1041
f 1718//1718 3071//3071 4729//4729
f 3071//3071 1041//1041 3755//3755
f 4729//4729 3755//3755 552//552
f 291//291 4114//4114 3750//3750
f 4114//4114 1285//1285 3075//3075
f 3750//3750 3075//3075 1039//1039
f 1285//1285 4115//4115 3073//3073
f 4115//4115 161//161 4730//4730
f 3073//3073 4730//4730 1719//1719
f 1039//1039 3074//3074 3752//3752
f 3074//3074 1719//1719 4731//4731
f 3752//3752 4731//4731 551//551
f 552//552 3754//3754 4732//4732
f 3754//3754 1040//1040 3078//3078
f 4732//4732 3078//3078 1721//1721
f 1040//1040 3753//3753 3076//3076
f 3753//3753 551//551 4733//4733
f 3076//3076 4733//4733 1720//1720
f 1721//1721 3077//3077 4735//4735
f 3077//3077 1720//1720 4734//4734
f 4735//4735 4734//4734 160//160
f 168//168 4728//4728 4736//4736
f 4728//4728 1718//1718 3081//3081
f 4736//4736 3081//3081 1722//1722
f 1718//1718 4729//4729 3079//3079
f 4729//4729 552//552 3757//3757
f 3079//3079 3757//3757 1044//1044
f 1722//1722 3080//3080 4737//4737
f 3080//3080 1044//1044 3761//3761
f 4737//4737 3761//3761 554//554
f 552//552 4732//4732 3756//3756
f 4732//4732 1721//1721 3084//3084
f 3756//3756 3084//3084 1042//1042
f 1721//1721 4735//4735 3082//3082
f 4735//4735 160//160 4738//4738
f 3082//3082 4738//4738 1723//1723
f 1042//1042 3083//3083 3758//3758
f 3083//3083 1723//1723 4739//4739
f 3758//3758 4739//4739 553//553
f 554//554 3760//3760 4740//4740
f 3760//3760 1043//1043 3087//3087
f 4740//4740 3087//3087 1725//1725
f 1043//1043 3759//3759 3085//3085
f 3759//3759 553//553 4741//4741
f 3085//3085 4741//4741 1724//1724
f 1725//1725 3086//3086 4743//4743
f 3086//3086 1724//1724 4742//4742
f 4743//4743 4742//4742 159//159
f 4744//4744 1726//1726 4745//4745
f 1727//1727 4745//4745 1726//1726
f 4746//4746 555//555 3088//3088
f 1047//1047 3088//3088 555//555
f 3089//3089 1047//1047 4747//4747
f 556//556 4747//4747 1047//1047
f 4748//4748 1728//1728 3762//3762
f 1045//1045 3762//3762 1728//1728
f 4749//4749 161//161 3090//3090
f 1284//1284 3090//3090 161//161
f 3091//3091 1284//1284 3763//3763
f 290//290 3763//3763 1284//1284
f 3765//3765 1046//1046 4750//4750
f 1729//1729 4750//4750 1046//1046
f 3764//3764 290//290 3092//3092
f 1283//1283 3092//3092 290//290
f 3093//3093 1283//1283 4751//4751
f 162//162 4751//4751 1283//1283
f 167//167 4745//4745 4752//4752
f 4745//4745 1727//1727 3096//3096
f 4752//4752 3096//3096 1730//1730
f 1727//1727 4747//4747 3094//3094
f 4747//4747 556//556 3767//3767
f 3094//3094 3767//3767 1050//1050
f 1730//1730 3095//3095 4753//4753
f 3095//3095 1050//1050 3771//3771
f 4753//4753 3771//3771 557//557
f 556//556 4750//4750 3766//3766
f 4750//4750 1729//1729 3099//3099
f 3766//3766 3099//3099 1048//1048
f 1729//1729 4751//4751 3097//3097
f 4751//4751 162//162 4113//4113
f 3097//3097 4113//4113 1282//1282
f 1048//1048 3098//3098 3768//3768
f 3098//3098 1282//1282 4112//4112
f 3768//3768 4112//4112 289//289
f 557//557 3770//3770 4754//4754
f 3770//3770 1049//1049 3102//3102
f 4754//4754 3102//3102 1731//1731
f 1049//1049 3769//3769 3100//3100
f 3769//3769 289//289 4110//4110
f 3100//3100 4110//4110 1280//1280
f 1731//1731 3101//3101 4755//4755
f 3101//3101 1280//1280 4108//4108
f 4755//4755 4108//4108 168//168
f 165//165 4756//4756 1733//1733
f 3104//3104 1733//1733 4756//4756
f 1732//1732 4757//4757 1053//1053
f 3772//3772 1053//1053 4757//4757
f 1733//1733 3103//3103 559//559
f 3774//3774 559//559 3103//3103
f 558//558 4758//4758 1051//1051
f 3105//3105 1051//1051 4758//4758
f 1734//1734 4759//4759 1720//1720
f 4734//4734 1720//1720 4759//4759
f 1051//1051 3105//3105 551//551
f 4733//4733 551//551 3105//3105
f 559//559 3774//3774 1735//1735
f 3107//3107 1735//1735 3774//3774
f 1052//1052 3773//3773 1719//1719
f 4731//4731 1719//1719 3773//3773
f 1735//1735 3106//3106 161//161
f 4730//4730 161//161 3106//3106
f 169//169 4760//4760 4761//4761
f 4760//4760 1736//1736 3110//3110
f 4761//4761 3110//3110 1737//1737
f 1736//1736 4762//4762 3108//3108
f 4762//4762 560//560 3776//3776
f 3108//3108 3776//3776 1056//1056
f 1737//1737 3109//3109 4763//4763
f 3109//3109 1056//1056 3780//3780
f 4763//4763 3780//3780 562//562
f 560//560 4764//4764 3775//3775
f 4764//4764 1738//1738 3113//3113
f 3775//3775 3113//3113 1054//1054
f 1738//1738 4765//4765 3111//3111
f 4765//4765 163//163 4766//4766
f 3111//3111 4766//4766 1739//1739
f 1054//1054 3112//3112 3777//3777
f 3112//3112 1739//1739 4767//4767
f 3777//3777 4767//4767 561//561
f 562//562 3779//3779 4768//4768
f 3779//3779 1055//1055 3116//3116
f 4768//4768 3116//3116 1741//1741
f 1055//1055 3778//3778 3114//3114
f 3778//3778 561//561 4769//4769
f 3114//3114 4769//4769 1740//1740
f 1741//1741 3115//3115 4771//4771
f 3115//3115 1740//1740 4770//4770
f 4771//4771 4770//4770 164//164
f 169//169 4761//4761 4772//4772
f 4761//4761 1737//1737 3119//3119
f 4772//4772 3119//3119 1742//1742
f 1737//1737 4763//4763 3117//3117
f 4763//4763 562//562 3782//3782
f 3117//3117 3782//3782 1059//1059
f 1742//1742 3118//3118 4773//4773
f 3118//3118 1059//1059 3786//3786
f 4773//4773 3786//3786 563//563
f 562//562 4768//4768 3781//3781
f 4768//4768 1741//1741 3122//3122
f 3781//3781 3122//3122 1057//1057
f 1741//1741 4771//4771 3120//3120
f 4771//4771 164//164 4122//4122
f 3120//3120 4122//4122 1290//1290
f 1057//1057 3121//3121 3783//3783
f 3121//3121 1290//1290 4121//4121
f 3783//3783 4121//4121 293//293
f 563//563 3785//3785 4774//4774
f 3785//3785 1058//1058 3125//3125
f 4774//4774 3125//3125 1743//1743
f 1058//1058 3784//3784 3123//3123
f 3784//3784 293//293 4119//4119
f 3123//3123 4119//4119 1289//1289
f 1743//1743 3124//3124 4775//4775
f 3124//3124 1289//1289 4118//4118
f 4775//4775 4118//4118 165//165
f 4772//4772 1744//1744 4776//4776
f 1744//1744 4772//4772 1742//1742
f 4773//4773 1062//1062 3126//3126
f 1062//1062 4773//4773 563//563
f 3127//3127 564//564 4777//4777
f 564//564 3127//3127 1062//1062
f 4774//4774 1060//1060 3787//3787
f 1060//1060 4774//4774 1743//1743
f 4775//4775 1288//1288 3128//3128
f 1288//1288 4775//4775 165//165
f 3129//3129 292//292 3788//3788
f 292//292 3129//3129 1288//1288
f 3790//3790 1745//1745 4778//4778
f 1745//1745 3790//3790 1061//1061
f 3789//3789 1286//1286 3130//3130
f 1286//1286 3789//3789 292//292
f 3131//3131 166//166 4779//4779
f 166//166 3131//3131 1286//1286
f 166//166 4116//4116 4780//4780
f 4116//4116 1287//1287 3134//3134
f 4780//4780 3134//3134 1746//1746
f 1287//1287 4117//4117 3132//3132
f 4117//4117 294//294 3792//3792
f 3132//3132 3792//3792 1065//1065
f 1746//1746 3133//3133 4781//4781
f 3133//3133 1065//1065 3796//3796
f 4781//4781 3796//3796 565//565
f 294//294 4120//4120 3791//3791
f 4120//4120 1291//1291 3137//3137
f 3791//3791 3137//3137 1063//1063
f 1291//1291 4123//4123 3135//3135
f 4123//4123 164//164 4770//4770
f 3135//3135 4770//4770 1740//1740
f 1063//1063 3136//3136 3793//3793
f 3136//3136 1740//1740 4769//4769
f 3793//3793 4769//4769 561//561
f 565//565 3795//3795 4782//4782
f 3795//3795 1064//1064 3140//3140
f 4782//4782 3140//3140 1747//1747
f 1064//1064 3794//3794 3138//3138
f 3794//3794 561//561 4767//4767
f 3138//3138 4767//4767 1739//1739
f 1747//1747 3139//3139 4783//4783
f 3139//3139 1739//1739 4766//4766
f 4783//4783 4766//4766 163//163
f 4780//4780 1746//1746 4784//4784
f 1748//1748 4784//4784 1746//1746
f 4781//4781 565//565 3141//3141
f 1068//1068 3141//3141 565//565
f 3142//3142 1068//1068 4785//4785
f 567//567 4785//4785 1068//1068
f 4782//4782 1747//1747 3797//3797
f 1066//1066 3797//3797 1747//1747
f 4783//4783 163//163 3143//3143
f 1749//1749 3143//3143 163//163
f 3144//3144 1749//1749 3798//3798
f 566//566 3798//3798 1749//1749
f 3800//3800 1067//1067 4786//4786
f 1751//1751 4786//4786 1067//1067
f 3799//3799 566//566 3145//3145
f 1750//1750 3145//3145 566//566
f 3146//3146 1750//1750 4787//4787
f 170//170 4787//4787 1750//1750
f 166//166 4784//4784 4779//4779
f 4784//4784 1748//1748 3149//3149
f 4779//4779 3149//3149 1745//1745
f 1748//1748 4785//4785 3147//3147
f 4785//4785 567//567 3802//3802
f 3147//3147 3802//3802 1071//1071
f 1745//1745 3148//3148 4778//4778
f 3148//3148 1071//1071 3806//3806
f 4778//4778 3806//3806 564//564
f 567//567 4786//4786 3801//3801
f 4786//4786 1751//1751 3152//3152
f 3801//3801 3152//3152 1069//1069
f 1751//1751 4787//4787 3150//3150
f 4787//4787 170//170 4788//4788
f 3150//3150 4788//4788 1752//1752
f 1069//1069 3151//3151 3803//3803
f 3151//3151 1752//1752 4789//4789
f 3803//3803 4789//4789 568//568
f 564//564 3805//3805 4777//4777
f 3805//3805 1070//1070 3155//3155
f 4777//4777 3155//3155 1744//1744
f 1070//1070 3804//3804 3153//3153
f 3804//3804 568//568 4790//4790
f 3153//3153 4790//4790 1753//1753
f 1744//1744 3154//3154 4776//4776
f 3154//3154 1753//1753 4791//4791
f 4776//4776 4791//4791 169//169
# 8736 faces, 0 coords texture

# End of File
