query_label,query_category,metric,weights_map,retrieved_cat_rank_1,retrieved_cat_rank_2,retrieved_cat_rank_3,retrieved_cat_rank_4,retrieved_cat_rank_5,retrieved_cat_rank_6,retrieved_cat_rank_7,retrieved_cat_rank_8,retrieved_cat_rank_9,retrieved_cat_rank_10,retrieved_cat_rank_11,retrieved_cat_rank_12,retrieved_cat_rank_13,retrieved_cat_rank_14,retrieved_cat_rank_15,retrieved_cat_rank_16,retrieved_cat_rank_17,retrieved_cat_rank_18,retrieved_cat_rank_19,retrieved_cat_rank_20,retrieved_cat_rank_21,retrieved_cat_rank_22,retrieved_cat_rank_23,retrieved_cat_rank_24,retrieved_cat_rank_25,retrieved_cat_rank_26,retrieved_cat_rank_27,retrieved_cat_rank_28,retrieved_cat_rank_29,retrieved_cat_rank_30,retrieved_cat_rank_31,retrieved_cat_rank_32,retrieved_cat_rank_33,retrieved_cat_rank_34,retrieved_cat_rank_35,retrieved_cat_rank_36,retrieved_cat_rank_37,retrieved_cat_rank_38,retrieved_cat_rank_39,retrieved_cat_rank_40,retrieved_cat_rank_41,retrieved_cat_rank_42,retrieved_cat_rank_43,retrieved_cat_rank_44,retrieved_cat_rank_45,retrieved_cat_rank_46,retrieved_cat_rank_47,retrieved_cat_rank_48,retrieved_cat_rank_49,retrieved_cat_rank_50,retrieved_cat_rank_51,retrieved_cat_rank_52,retrieved_cat_rank_53,retrieved_cat_rank_54,retrieved_cat_rank_55,retrieved_cat_rank_56,retrieved_cat_rank_57,retrieved_cat_rank_58,retrieved_cat_rank_59,retrieved_cat_rank_60,retrieved_cat_rank_61,retrieved_cat_rank_62,retrieved_cat_rank_63,retrieved_cat_rank_64,retrieved_cat_rank_65,retrieved_cat_rank_66,retrieved_cat_rank_67,retrieved_cat_rank_68,retrieved_cat_rank_69,retrieved_cat_rank_70,retrieved_cat_rank_71,retrieved_cat_rank_72,retrieved_cat_rank_73,retrieved_cat_rank_74,retrieved_cat_rank_75,retrieved_cat_rank_76,retrieved_cat_rank_77,retrieved_cat_rank_78,retrieved_cat_rank_79,retrieved_cat_rank_80,retrieved_cat_rank_81,retrieved_cat_rank_82,retrieved_cat_rank_83,retrieved_cat_rank_84,retrieved_cat_rank_85,retrieved_cat_rank_86,retrieved_cat_rank_87,retrieved_cat_rank_88,retrieved_cat_rank_89,retrieved_cat_rank_90,retrieved_cat_rank_91,retrieved_cat_rank_92,retrieved_cat_rank_93,retrieved_cat_rank_94,retrieved_cat_rank_95,retrieved_cat_rank_96,retrieved_cat_rank_97,retrieved_cat_rank_98,retrieved_cat_rank_99,retrieved_cat_rank_100,retrieved_cat_rank_101,retrieved_cat_rank_102,retrieved_cat_rank_103,retrieved_cat_rank_104,retrieved_cat_rank_105,retrieved_cat_rank_106,retrieved_cat_rank_107,retrieved_cat_rank_108,retrieved_cat_rank_109,retrieved_cat_rank_110,retrieved_cat_rank_111,retrieved_cat_rank_112,retrieved_cat_rank_113,retrieved_cat_rank_114,retrieved_cat_rank_115,retrieved_cat_rank_116,retrieved_cat_rank_117,retrieved_cat_rank_118,retrieved_cat_rank_119,retrieved_cat_rank_120,retrieved_cat_rank_121,retrieved_cat_rank_122,retrieved_cat_rank_123,retrieved_cat_rank_124,retrieved_cat_rank_125,retrieved_cat_rank_126,retrieved_cat_rank_127,retrieved_cat_rank_128,retrieved_cat_rank_129,retrieved_cat_rank_130,retrieved_cat_rank_131,retrieved_cat_rank_132,retrieved_cat_rank_133,retrieved_cat_rank_134,retrieved_cat_rank_135,retrieved_cat_rank_136,retrieved_cat_rank_137,retrieved_cat_rank_138,retrieved_cat_rank_139,retrieved_cat_rank_140,retrieved_cat_rank_141,retrieved_cat_rank_142
AircraftBuoyant/m1337_rm.obj,AircraftBuoyant,euclidean,neutral,AircraftBuoyant,Drum,Drum,Vase,Drum,Vase,Drum,Drum,Vase,House,Mug,BuildingNonResidential,Monitor,Cup,House,,,,,,,,,,,,,,,,,,,,,,,,,,,,,,,,,,,,,,,,,,,,,,,,,,,,,,,,,,,,,,,,,,,,,,,,,,,,,,,,,,,,,,,,,,,,,,,,,,,,,,,,,,,,,,,,,,,,,,,,,,,,,,,
AircraftBuoyant/m1337_rm.obj,AircraftBuoyant,cosine,neutral,AircraftBuoyant,Vase,Vase,Mug,HumanHead,Mug,Drum,Drum,Drum,Drum,HumanHead,Drum,Wheel,BuildingNonResidential,Wheel,,,,,,,,,,,,,,,,,,,,,,,,,,,,,,,,,,,,,,,,,,,,,,,,,,,,,,,,,,,,,,,,,,,,,,,,,,,,,,,,,,,,,,,,,,,,,,,,,,,,,,,,,,,,,,,,,,,,,,,,,,,,,,,
AircraftBuoyant/m1337_rm.obj,AircraftBuoyant,manhattan,neutral,AircraftBuoyant,Drum,Drum,Vase,Drum,Vase,Vase,Drum,Drum,House,Mug,Monitor,BuildingNonResidential,Cup,House,,,,,,,,,,,,,,,,,,,,,,,,,,,,,,,,,,,,,,,,,,,,,,,,,,,,,,,,,,,,,,,,,,,,,,,,,,,,,,,,,,,,,,,,,,,,,,,,,,,,,,,,,,,,,,,,,,,,,,,,,,,,,,,
AircraftBuoyant/m1337_rm.obj,AircraftBuoyant,manhattan+chi-squared,neutral,AircraftBuoyant,Drum,Drum,Vase,Drum,Vase,Drum,Drum,House,Vase,Mug,BuildingNonResidential,Monitor,Cup,House,,,,,,,,,,,,,,,,,,,,,,,,,,,,,,,,,,,,,,,,,,,,,,,,,,,,,,,,,,,,,,,,,,,,,,,,,,,,,,,,,,,,,,,,,,,,,,,,,,,,,,,,,,,,,,,,,,,,,,,,,,,,,,,
AircraftBuoyant/m1337_rm.obj,AircraftBuoyant,manhattan+emd,neutral,AircraftBuoyant,Drum,Vase,Drum,Vase,Drum,Vase,Drum,House,Drum,Mug,Monitor,BuildingNonResidential,House,Cup,,,,,,,,,,,,,,,,,,,,,,,,,,,,,,,,,,,,,,,,,,,,,,,,,,,,,,,,,,,,,,,,,,,,,,,,,,,,,,,,,,,,,,,,,,,,,,,,,,,,,,,,,,,,,,,,,,,,,,,,,,,,,,,
AircraftBuoyant/m1337_rm.obj,AircraftBuoyant,manhattan+kullback-leibler,neutral,AircraftBuoyant,Vase,Drum,Drum,Vase,Drum,Drum,Vase,House,Drum,BuildingNonResidential,Mug,Monitor,Cup,House,,,,,,,,,,,,,,,,,,,,,,,,,,,,,,,,,,,,,,,,,,,,,,,,,,,,,,,,,,,,,,,,,,,,,,,,,,,,,,,,,,,,,,,,,,,,,,,,,,,,,,,,,,,,,,,,,,,,,,,,,,,,,,,
AircraftBuoyant/m1337_rm.obj,AircraftBuoyant,knn,neutral,AircraftBuoyant,Drum,Drum,Vase,Vase,Drum,Drum,Drum,House,BuildingNonResidential,Mug,Monitor,Vase,Cup,Shelf,,,,,,,,,,,,,,,,,,,,,,,,,,,,,,,,,,,,,,,,,,,,,,,,,,,,,,,,,,,,,,,,,,,,,,,,,,,,,,,,,,,,,,,,,,,,,,,,,,,,,,,,,,,,,,,,,,,,,,,,,,,,,,,
AircraftBuoyant/m1338_rm.obj,AircraftBuoyant,euclidean,neutral,AircraftBuoyant,Drum,Drum,Vase,Vase,Drum,House,Drum,Vase,Drum,House,Mug,BuildingNonResidential,Monitor,Cup,,,,,,,,,,,,,,,,,,,,,,,,,,,,,,,,,,,,,,,,,,,,,,,,,,,,,,,,,,,,,,,,,,,,,,,,,,,,,,,,,,,,,,,,,,,,,,,,,,,,,,,,,,,,,,,,,,,,,,,,,,,,,,,
AircraftBuoyant/m1338_rm.obj,AircraftBuoyant,cosine,neutral,Vase,AircraftBuoyant,Vase,Mug,Drum,HumanHead,Mug,Drum,Drum,Drum,Wheel,Wheel,Drum,HumanHead,BuildingNonResidential,,,,,,,,,,,,,,,,,,,,,,,,,,,,,,,,,,,,,,,,,,,,,,,,,,,,,,,,,,,,,,,,,,,,,,,,,,,,,,,,,,,,,,,,,,,,,,,,,,,,,,,,,,,,,,,,,,,,,,,,,,,,,,,
AircraftBuoyant/m1338_rm.obj,AircraftBuoyant,manhattan,neutral,AircraftBuoyant,Vase,Drum,Drum,Vase,Drum,House,Drum,Vase,Drum,House,Mug,Monitor,BuildingNonResidential,Cup,,,,,,,,,,,,,,,,,,,,,,,,,,,,,,,,,,,,,,,,,,,,,,,,,,,,,,,,,,,,,,,,,,,,,,,,,,,,,,,,,,,,,,,,,,,,,,,,,,,,,,,,,,,,,,,,,,,,,,,,,,,,,,,
AircraftBuoyant/m1338_rm.obj,AircraftBuoyant,manhattan+chi-squared,neutral,AircraftBuoyant,Drum,Drum,Vase,Vase,Drum,House,Drum,Vase,Drum,House,Mug,BuildingNonResidential,Monitor,Cup,,,,,,,,,,,,,,,,,,,,,,,,,,,,,,,,,,,,,,,,,,,,,,,,,,,,,,,,,,,,,,,,,,,,,,,,,,,,,,,,,,,,,,,,,,,,,,,,,,,,,,,,,,,,,,,,,,,,,,,,,,,,,,,
AircraftBuoyant/m1338_rm.obj,AircraftBuoyant,manhattan+emd,neutral,AircraftBuoyant,Vase,Drum,Drum,Vase,Drum,House,Vase,Drum,Drum,House,Drum,Mug,Monitor,BuildingNonResidential,,,,,,,,,,,,,,,,,,,,,,,,,,,,,,,,,,,,,,,,,,,,,,,,,,,,,,,,,,,,,,,,,,,,,,,,,,,,,,,,,,,,,,,,,,,,,,,,,,,,,,,,,,,,,,,,,,,,,,,,,,,,,,,
AircraftBuoyant/m1338_rm.obj,AircraftBuoyant,manhattan+kullback-leibler,neutral,AircraftBuoyant,Vase,Drum,Drum,Vase,Drum,House,Drum,Vase,Drum,House,Drum,BuildingNonResidential,Mug,Monitor,,,,,,,,,,,,,,,,,,,,,,,,,,,,,,,,,,,,,,,,,,,,,,,,,,,,,,,,,,,,,,,,,,,,,,,,,,,,,,,,,,,,,,,,,,,,,,,,,,,,,,,,,,,,,,,,,,,,,,,,,,,,,,,
AircraftBuoyant/m1338_rm.obj,AircraftBuoyant,knn,neutral,AircraftBuoyant,Drum,Drum,Vase,Drum,House,Drum,Vase,Vase,Drum,BuildingNonResidential,Mug,Cup,Monitor,BuildingNonResidential,,,,,,,,,,,,,,,,,,,,,,,,,,,,,,,,,,,,,,,,,,,,,,,,,,,,,,,,,,,,,,,,,,,,,,,,,,,,,,,,,,,,,,,,,,,,,,,,,,,,,,,,,,,,,,,,,,,,,,,,,,,,,,,
AircraftBuoyant/m1343_rm.obj,AircraftBuoyant,euclidean,neutral,Hat,HumanHead,Hat,Vase,Mug,HumanHead,HumanHead,Computer,HumanHead,Mug,AircraftBuoyant,Computer,House,Vase,Computer,,,,,,,,,,,,,,,,,,,,,,,,,,,,,,,,,,,,,,,,,,,,,,,,,,,,,,,,,,,,,,,,,,,,,,,,,,,,,,,,,,,,,,,,,,,,,,,,,,,,,,,,,,,,,,,,,,,,,,,,,,,,,,,
AircraftBuoyant/m1343_rm.obj,AircraftBuoyant,cosine,neutral,HumanHead,HumanHead,HumanHead,Mug,Hat,HumanHead,HumanHead,Bookset,Bookset,Mug,Hat,House,Computer,HumanHead,HumanHead,,,,,,,,,,,,,,,,,,,,,,,,,,,,,,,,,,,,,,,,,,,,,,,,,,,,,,,,,,,,,,,,,,,,,,,,,,,,,,,,,,,,,,,,,,,,,,,,,,,,,,,,,,,,,,,,,,,,,,,,,,,,,,,
AircraftBuoyant/m1343_rm.obj,AircraftBuoyant,manhattan,neutral,HumanHead,Hat,Hat,Mug,HumanHead,HumanHead,Vase,Mug,HumanHead,Computer,House,HumanHead,Cup,Hat,Bookset,,,,,,,,,,,,,,,,,,,,,,,,,,,,,,,,,,,,,,,,,,,,,,,,,,,,,,,,,,,,,,,,,,,,,,,,,,,,,,,,,,,,,,,,,,,,,,,,,,,,,,,,,,,,,,,,,,,,,,,,,,,,,,,
AircraftBuoyant/m1343_rm.obj,AircraftBuoyant,manhattan+chi-squared,neutral,Hat,HumanHead,Vase,Hat,Mug,Computer,HumanHead,HumanHead,Mug,HumanHead,Vase,House,Computer,AircraftBuoyant,Computer,,,,,,,,,,,,,,,,,,,,,,,,,,,,,,,,,,,,,,,,,,,,,,,,,,,,,,,,,,,,,,,,,,,,,,,,,,,,,,,,,,,,,,,,,,,,,,,,,,,,,,,,,,,,,,,,,,,,,,,,,,,,,,,
AircraftBuoyant/m1343_rm.obj,AircraftBuoyant,manhattan+emd,neutral,HumanHead,Mug,Hat,HumanHead,HumanHead,Vase,Mug,Cup,Hat,HumanHead,Hat,Mug,HumanHead,AircraftBuoyant,House,,,,,,,,,,,,,,,,,,,,,,,,,,,,,,,,,,,,,,,,,,,,,,,,,,,,,,,,,,,,,,,,,,,,,,,,,,,,,,,,,,,,,,,,,,,,,,,,,,,,,,,,,,,,,,,,,,,,,,,,,,,,,,,
AircraftBuoyant/m1343_rm.obj,AircraftBuoyant,manhattan+kullback-leibler,neutral,Hat,HumanHead,HumanHead,Mug,HumanHead,Hat,Computer,Computer,Mug,HumanHead,Vase,House,Vase,Bookset,Bookset,,,,,,,,,,,,,,,,,,,,,,,,,,,,,,,,,,,,,,,,,,,,,,,,,,,,,,,,,,,,,,,,,,,,,,,,,,,,,,,,,,,,,,,,,,,,,,,,,,,,,,,,,,,,,,,,,,,,,,,,,,,,,,,
AircraftBuoyant/m1343_rm.obj,AircraftBuoyant,knn,neutral,Hat,HumanHead,Mug,Vase,Computer,Hat,HumanHead,HumanHead,Drum,Mug,Vase,HumanHead,PianoBoard,Computer,Hat,,,,,,,,,,,,,,,,,,,,,,,,,,,,,,,,,,,,,,,,,,,,,,,,,,,,,,,,,,,,,,,,,,,,,,,,,,,,,,,,,,,,,,,,,,,,,,,,,,,,,,,,,,,,,,,,,,,,,,,,,,,,,,,
AircraftBuoyant/m1341_rm.obj,AircraftBuoyant,euclidean,neutral,AircraftBuoyant,Ship,Bottle,Bird,Hand,BuildingNonResidential,Hand,AquaticAnimal,Car,Tree,Hand,Fish,Hand,Car,Bottle,,,,,,,,,,,,,,,,,,,,,,,,,,,,,,,,,,,,,,,,,,,,,,,,,,,,,,,,,,,,,,,,,,,,,,,,,,,,,,,,,,,,,,,,,,,,,,,,,,,,,,,,,,,,,,,,,,,,,,,,,,,,,,,
AircraftBuoyant/m1341_rm.obj,AircraftBuoyant,cosine,neutral,Hand,AircraftBuoyant,BuildingNonResidential,Bird,FloorLamp,Ship,Bottle,AquaticAnimal,Hand,Tree,Bird,Spoon,Fish,Fish,FloorLamp,,,,,,,,,,,,,,,,,,,,,,,,,,,,,,,,,,,,,,,,,,,,,,,,,,,,,,,,,,,,,,,,,,,,,,,,,,,,,,,,,,,,,,,,,,,,,,,,,,,,,,,,,,,,,,,,,,,,,,,,,,,,,,,
AircraftBuoyant/m1341_rm.obj,AircraftBuoyant,manhattan,neutral,AircraftBuoyant,Hand,Bottle,FloorLamp,Bird,BuildingNonResidential,Ship,Hand,Hand,MilitaryVehicle,Fish,Bottle,Spoon,AquaticAnimal,Fish,,,,,,,,,,,,,,,,,,,,,,,,,,,,,,,,,,,,,,,,,,,,,,,,,,,,,,,,,,,,,,,,,,,,,,,,,,,,,,,,,,,,,,,,,,,,,,,,,,,,,,,,,,,,,,,,,,,,,,,,,,,,,,,
AircraftBuoyant/m1341_rm.obj,AircraftBuoyant,manhattan+chi-squared,neutral,AircraftBuoyant,Bottle,Spoon,AquaticAnimal,FloorLamp,Hand,TruckNonContainer,Ship,Hand,Fish,Tree,Hand,BuildingNonResidential,Hand,Bottle,,,,,,,,,,,,,,,,,,,,,,,,,,,,,,,,,,,,,,,,,,,,,,,,,,,,,,,,,,,,,,,,,,,,,,,,,,,,,,,,,,,,,,,,,,,,,,,,,,,,,,,,,,,,,,,,,,,,,,,,,,,,,,,
AircraftBuoyant/m1341_rm.obj,AircraftBuoyant,manhattan+emd,neutral,AircraftBuoyant,Hand,Humanoid,MilitaryVehicle,WheelChair,FloorLamp,Insect,WheelChair,MilitaryVehicle,Insect,Hand,Bird,BuildingNonResidential,House,PlantWildNonTree,,,,,,,,,,,,,,,,,,,,,,,,,,,,,,,,,,,,,,,,,,,,,,,,,,,,,,,,,,,,,,,,,,,,,,,,,,,,,,,,,,,,,,,,,,,,,,,,,,,,,,,,,,,,,,,,,,,,,,,,,,,,,,,
AircraftBuoyant/m1341_rm.obj,AircraftBuoyant,manhattan+kullback-leibler,neutral,FloorLamp,Musical_Instrument,Spoon,Quadruped,BuildingNonResidential,Tree,FloorLamp,NonWheelChair,Cellphone,Guitar,MilitaryVehicle,AquaticAnimal,DeskLamp,Tree,Tree,,,,,,,,,,,,,,,,,,,,,,,,,,,,,,,,,,,,,,,,,,,,,,,,,,,,,,,,,,,,,,,,,,,,,,,,,,,,,,,,,,,,,,,,,,,,,,,,,,,,,,,,,,,,,,,,,,,,,,,,,,,,,,,
AircraftBuoyant/m1341_rm.obj,AircraftBuoyant,knn,neutral,Hand,AircraftBuoyant,Bottle,Ship,Bird,BuildingNonResidential,Hand,FloorLamp,AquaticAnimal,Tree,Fish,Fish,Hand,Bird,Car,,,,,,,,,,,,,,,,,,,,,,,,,,,,,,,,,,,,,,,,,,,,,,,,,,,,,,,,,,,,,,,,,,,,,,,,,,,,,,,,,,,,,,,,,,,,,,,,,,,,,,,,,,,,,,,,,,,,,,,,,,,,,,,
AircraftBuoyant/m1342_rm.obj,AircraftBuoyant,euclidean,neutral,Drum,Cup,HumanHead,HumanHead,AircraftBuoyant,Hat,HumanHead,Mug,FloorLamp,HumanHead,House,House,Vase,MilitaryVehicle,Vase,,,,,,,,,,,,,,,,,,,,,,,,,,,,,,,,,,,,,,,,,,,,,,,,,,,,,,,,,,,,,,,,,,,,,,,,,,,,,,,,,,,,,,,,,,,,,,,,,,,,,,,,,,,,,,,,,,,,,,,,,,,,,,,
AircraftBuoyant/m1342_rm.obj,AircraftBuoyant,cosine,neutral,HumanHead,HumanHead,Hat,HumanHead,FloorLamp,HumanHead,Drum,Cup,AircraftBuoyant,Bookset,House,MilitaryVehicle,Vase,HumanHead,Apartment,,,,,,,,,,,,,,,,,,,,,,,,,,,,,,,,,,,,,,,,,,,,,,,,,,,,,,,,,,,,,,,,,,,,,,,,,,,,,,,,,,,,,,,,,,,,,,,,,,,,,,,,,,,,,,,,,,,,,,,,,,,,,,,
AircraftBuoyant/m1342_rm.obj,AircraftBuoyant,manhattan,neutral,Cup,HumanHead,Drum,HumanHead,AircraftBuoyant,Hat,HumanHead,Mug,FloorLamp,HumanHead,Vase,House,HumanHead,Mug,HumanHead,,,,,,,,,,,,,,,,,,,,,,,,,,,,,,,,,,,,,,,,,,,,,,,,,,,,,,,,,,,,,,,,,,,,,,,,,,,,,,,,,,,,,,,,,,,,,,,,,,,,,,,,,,,,,,,,,,,,,,,,,,,,,,,
AircraftBuoyant/m1342_rm.obj,AircraftBuoyant,manhattan+chi-squared,neutral,Drum,Cup,HumanHead,HumanHead,AircraftBuoyant,Hat,Mug,FloorLamp,HumanHead,House,HumanHead,House,MilitaryVehicle,Vase,BuildingNonResidential,,,,,,,,,,,,,,,,,,,,,,,,,,,,,,,,,,,,,,,,,,,,,,,,,,,,,,,,,,,,,,,,,,,,,,,,,,,,,,,,,,,,,,,,,,,,,,,,,,,,,,,,,,,,,,,,,,,,,,,,,,,,,,,
AircraftBuoyant/m1342_rm.obj,AircraftBuoyant,manhattan+emd,neutral,HumanHead,HumanHead,Mug,Cup,Vase,Drum,Drum,Hat,AircraftBuoyant,HumanHead,Mug,AircraftBuoyant,HumanHead,HumanHead,FloorLamp,,,,,,,,,,,,,,,,,,,,,,,,,,,,,,,,,,,,,,,,,,,,,,,,,,,,,,,,,,,,,,,,,,,,,,,,,,,,,,,,,,,,,,,,,,,,,,,,,,,,,,,,,,,,,,,,,,,,,,,,,,,,,,,
AircraftBuoyant/m1342_rm.obj,AircraftBuoyant,manhattan+kullback-leibler,neutral,Drum,Cup,HumanHead,Mug,HumanHead,AircraftBuoyant,Hat,HumanHead,FloorLamp,House,MilitaryVehicle,Vase,HumanHead,HumanHead,Vase,,,,,,,,,,,,,,,,,,,,,,,,,,,,,,,,,,,,,,,,,,,,,,,,,,,,,,,,,,,,,,,,,,,,,,,,,,,,,,,,,,,,,,,,,,,,,,,,,,,,,,,,,,,,,,,,,,,,,,,,,,,,,,,
AircraftBuoyant/m1342_rm.obj,AircraftBuoyant,knn,neutral,Drum,Cup,HumanHead,HumanHead,Hat,Mug,HumanHead,House,FloorLamp,House,Vase,HumanHead,PianoBoard,HumanHead,AircraftBuoyant,,,,,,,,,,,,,,,,,,,,,,,,,,,,,,,,,,,,,,,,,,,,,,,,,,,,,,,,,,,,,,,,,,,,,,,,,,,,,,,,,,,,,,,,,,,,,,,,,,,,,,,,,,,,,,,,,,,,,,,,,,,,,,,
AircraftBuoyant/m1346_rm.obj,AircraftBuoyant,euclidean,neutral,AircraftBuoyant,AircraftBuoyant,Bottle,Rocket,Bottle,AircraftBuoyant,Ship,Hand,Bottle,Bottle,Bottle,Hand,Ship,Train,Car,,,,,,,,,,,,,,,,,,,,,,,,,,,,,,,,,,,,,,,,,,,,,,,,,,,,,,,,,,,,,,,,,,,,,,,,,,,,,,,,,,,,,,,,,,,,,,,,,,,,,,,,,,,,,,,,,,,,,,,,,,,,,,,
AircraftBuoyant/m1346_rm.obj,AircraftBuoyant,cosine,neutral,AircraftBuoyant,Rocket,Bottle,AircraftBuoyant,AircraftBuoyant,Hand,Hand,Bottle,Bottle,Bottle,Train,Ship,Motorcycle,Ship,Skyscraper,,,,,,,,,,,,,,,,,,,,,,,,,,,,,,,,,,,,,,,,,,,,,,,,,,,,,,,,,,,,,,,,,,,,,,,,,,,,,,,,,,,,,,,,,,,,,,,,,,,,,,,,,,,,,,,,,,,,,,,,,,,,,,,
AircraftBuoyant/m1346_rm.obj,AircraftBuoyant,manhattan,neutral,AircraftBuoyant,Bottle,Rocket,AircraftBuoyant,Bottle,AircraftBuoyant,Bottle,Bottle,Bottle,Hand,Bottle,Hand,Ship,Train,Ship,,,,,,,,,,,,,,,,,,,,,,,,,,,,,,,,,,,,,,,,,,,,,,,,,,,,,,,,,,,,,,,,,,,,,,,,,,,,,,,,,,,,,,,,,,,,,,,,,,,,,,,,,,,,,,,,,,,,,,,,,,,,,,,
AircraftBuoyant/m1346_rm.obj,AircraftBuoyant,manhattan+chi-squared,neutral,AircraftBuoyant,Rocket,AircraftBuoyant,AircraftBuoyant,Bottle,Hand,Hand,Ship,Insect,Bottle,Skyscraper,Humanoid,Bus,Ship,Ship,,,,,,,,,,,,,,,,,,,,,,,,,,,,,,,,,,,,,,,,,,,,,,,,,,,,,,,,,,,,,,,,,,,,,,,,,,,,,,,,,,,,,,,,,,,,,,,,,,,,,,,,,,,,,,,,,,,,,,,,,,,,,,,
AircraftBuoyant/m1346_rm.obj,AircraftBuoyant,manhattan+emd,neutral,AircraftBuoyant,Bottle,Rocket,Bottle,AircraftBuoyant,Bottle,Ship,Bottle,Bookset,Hand,Ship,Bottle,Hand,Motorcycle,Humanoid,,,,,,,,,,,,,,,,,,,,,,,,,,,,,,,,,,,,,,,,,,,,,,,,,,,,,,,,,,,,,,,,,,,,,,,,,,,,,,,,,,,,,,,,,,,,,,,,,,,,,,,,,,,,,,,,,,,,,,,,,,,,,,,
AircraftBuoyant/m1346_rm.obj,AircraftBuoyant,manhattan+kullback-leibler,neutral,AircraftBuoyant,Rocket,AircraftBuoyant,AircraftBuoyant,Hand,Bottle,AircraftBuoyant,Hand,Rocket,Bus,Skyscraper,Humanoid,Bottle,Ship,Insect,,,,,,,,,,,,,,,,,,,,,,,,,,,,,,,,,,,,,,,,,,,,,,,,,,,,,,,,,,,,,,,,,,,,,,,,,,,,,,,,,,,,,,,,,,,,,,,,,,,,,,,,,,,,,,,,,,,,,,,,,,,,,,,
AircraftBuoyant/m1346_rm.obj,AircraftBuoyant,knn,neutral,AircraftBuoyant,Bottle,AircraftBuoyant,Rocket,Bottle,AircraftBuoyant,Bottle,Ship,Hand,Bottle,Hand,Car,Bottle,Motorcycle,Train,,,,,,,,,,,,,,,,,,,,,,,,,,,,,,,,,,,,,,,,,,,,,,,,,,,,,,,,,,,,,,,,,,,,,,,,,,,,,,,,,,,,,,,,,,,,,,,,,,,,,,,,,,,,,,,,,,,,,,,,,,,,,,,
AircraftBuoyant/m1349_rm.obj,AircraftBuoyant,euclidean,neutral,Rocket,Humanoid,AircraftBuoyant,Ship,AircraftBuoyant,Bottle,Hand,Bottle,Fish,Motorcycle,Hand,Bottle,Quadruped,Cellphone,Insect,,,,,,,,,,,,,,,,,,,,,,,,,,,,,,,,,,,,,,,,,,,,,,,,,,,,,,,,,,,,,,,,,,,,,,,,,,,,,,,,,,,,,,,,,,,,,,,,,,,,,,,,,,,,,,,,,,,,,,,,,,,,,,,
AircraftBuoyant/m1349_rm.obj,AircraftBuoyant,cosine,neutral,Rocket,AircraftBuoyant,AircraftBuoyant,Hand,Fish,Bottle,Hand,Ship,Motorcycle,Humanoid,Humanoid,Hand,Hand,Hand,Insect,,,,,,,,,,,,,,,,,,,,,,,,,,,,,,,,,,,,,,,,,,,,,,,,,,,,,,,,,,,,,,,,,,,,,,,,,,,,,,,,,,,,,,,,,,,,,,,,,,,,,,,,,,,,,,,,,,,,,,,,,,,,,,,
AircraftBuoyant/m1349_rm.obj,AircraftBuoyant,manhattan,neutral,Rocket,AircraftBuoyant,Humanoid,AircraftBuoyant,Fish,Hand,Ship,Motorcycle,Hand,Bottle,Bottle,Humanoid,Bottle,Cellphone,AircraftBuoyant,,,,,,,,,,,,,,,,,,,,,,,,,,,,,,,,,,,,,,,,,,,,,,,,,,,,,,,,,,,,,,,,,,,,,,,,,,,,,,,,,,,,,,,,,,,,,,,,,,,,,,,,,,,,,,,,,,,,,,,,,,,,,,,
AircraftBuoyant/m1349_rm.obj,AircraftBuoyant,manhattan+chi-squared,neutral,Rocket,AircraftBuoyant,AircraftBuoyant,Ship,Motorcycle,Humanoid,Fish,Bus,Humanoid,Hand,Insect,Hand,Bottle,AircraftBuoyant,Hand,,,,,,,,,,,,,,,,,,,,,,,,,,,,,,,,,,,,,,,,,,,,,,,,,,,,,,,,,,,,,,,,,,,,,,,,,,,,,,,,,,,,,,,,,,,,,,,,,,,,,,,,,,,,,,,,,,,,,,,,,,,,,,,
AircraftBuoyant/m1349_rm.obj,AircraftBuoyant,manhattan+emd,neutral,Humanoid,Bottle,AircraftBuoyant,Skyscraper,Quadruped,AquaticAnimal,Humanoid,Rocket,Quadruped,Biplane,Motorcycle,Fish,Bottle,Biplane,Hand,,,,,,,,,,,,,,,,,,,,,,,,,,,,,,,,,,,,,,,,,,,,,,,,,,,,,,,,,,,,,,,,,,,,,,,,,,,,,,,,,,,,,,,,,,,,,,,,,,,,,,,,,,,,,,,,,,,,,,,,,,,,,,,
AircraftBuoyant/m1349_rm.obj,AircraftBuoyant,manhattan+kullback-leibler,neutral,AircraftBuoyant,Rocket,AircraftBuoyant,Ship,AircraftBuoyant,Humanoid,Hand,Hand,Bus,Humanoid,Motorcycle,Fish,Skyscraper,Insect,AquaticAnimal,,,,,,,,,,,,,,,,,,,,,,,,,,,,,,,,,,,,,,,,,,,,,,,,,,,,,,,,,,,,,,,,,,,,,,,,,,,,,,,,,,,,,,,,,,,,,,,,,,,,,,,,,,,,,,,,,,,,,,,,,,,,,,,
AircraftBuoyant/m1349_rm.obj,AircraftBuoyant,knn,neutral,Rocket,AircraftBuoyant,Humanoid,Ship,Bottle,Hand,AircraftBuoyant,Hand,Fish,Motorcycle,AircraftBuoyant,Insect,Quadruped,Cellphone,Quadruped,,,,,,,,,,,,,,,,,,,,,,,,,,,,,,,,,,,,,,,,,,,,,,,,,,,,,,,,,,,,,,,,,,,,,,,,,,,,,,,,,,,,,,,,,,,,,,,,,,,,,,,,,,,,,,,,,,,,,,,,,,,,,,,
AircraftBuoyant/m1348_rm.obj,AircraftBuoyant,euclidean,neutral,AircraftBuoyant,Bottle,AircraftBuoyant,Rocket,Bottle,AircraftBuoyant,Bottle,Ship,Hand,Hand,Bottle,Bottle,Ship,Cellphone,Train,,,,,,,,,,,,,,,,,,,,,,,,,,,,,,,,,,,,,,,,,,,,,,,,,,,,,,,,,,,,,,,,,,,,,,,,,,,,,,,,,,,,,,,,,,,,,,,,,,,,,,,,,,,,,,,,,,,,,,,,,,,,,,,
AircraftBuoyant/m1348_rm.obj,AircraftBuoyant,cosine,neutral,AircraftBuoyant,Rocket,Bottle,AircraftBuoyant,AircraftBuoyant,Hand,Hand,Bottle,Bottle,Bottle,Train,Ship,Ship,Skyscraper,Motorcycle,,,,,,,,,,,,,,,,,,,,,,,,,,,,,,,,,,,,,,,,,,,,,,,,,,,,,,,,,,,,,,,,,,,,,,,,,,,,,,,,,,,,,,,,,,,,,,,,,,,,,,,,,,,,,,,,,,,,,,,,,,,,,,,
AircraftBuoyant/m1348_rm.obj,AircraftBuoyant,manhattan,neutral,AircraftBuoyant,Bottle,Rocket,AircraftBuoyant,AircraftBuoyant,Bottle,Bottle,Hand,Bottle,Hand,Ship,Bottle,Train,Bottle,Ship,,,,,,,,,,,,,,,,,,,,,,,,,,,,,,,,,,,,,,,,,,,,,,,,,,,,,,,,,,,,,,,,,,,,,,,,,,,,,,,,,,,,,,,,,,,,,,,,,,,,,,,,,,,,,,,,,,,,,,,,,,,,,,,
AircraftBuoyant/m1348_rm.obj,AircraftBuoyant,manhattan+chi-squared,neutral,AircraftBuoyant,Rocket,AircraftBuoyant,Bottle,AircraftBuoyant,Hand,Hand,Ship,Bottle,Insect,Humanoid,Bus,Skyscraper,Ship,Motorcycle,,,,,,,,,,,,,,,,,,,,,,,,,,,,,,,,,,,,,,,,,,,,,,,,,,,,,,,,,,,,,,,,,,,,,,,,,,,,,,,,,,,,,,,,,,,,,,,,,,,,,,,,,,,,,,,,,,,,,,,,,,,,,,,
AircraftBuoyant/m1348_rm.obj,AircraftBuoyant,manhattan+emd,neutral,AircraftBuoyant,Rocket,Bottle,Bottle,Hand,Ship,Hand,Bottle,AircraftBuoyant,AircraftBuoyant,Ship,Bottle,Bottle,Bookset,Cellphone,,,,,,,,,,,,,,,,,,,,,,,,,,,,,,,,,,,,,,,,,,,,,,,,,,,,,,,,,,,,,,,,,,,,,,,,,,,,,,,,,,,,,,,,,,,,,,,,,,,,,,,,,,,,,,,,,,,,,,,,,,,,,,,
AircraftBuoyant/m1348_rm.obj,AircraftBuoyant,manhattan+kullback-leibler,neutral,AircraftBuoyant,Rocket,AircraftBuoyant,AircraftBuoyant,Hand,Bottle,Hand,AircraftBuoyant,Rocket,Bus,Humanoid,Skyscraper,Insect,Motorcycle,Ship,,,,,,,,,,,,,,,,,,,,,,,,,,,,,,,,,,,,,,,,,,,,,,,,,,,,,,,,,,,,,,,,,,,,,,,,,,,,,,,,,,,,,,,,,,,,,,,,,,,,,,,,,,,,,,,,,,,,,,,,,,,,,,,
AircraftBuoyant/m1348_rm.obj,AircraftBuoyant,knn,neutral,AircraftBuoyant,Bottle,Rocket,AircraftBuoyant,AircraftBuoyant,Bottle,Hand,Ship,Hand,Bottle,Bottle,Bottle,Cellphone,Train,Hand,,,,,,,,,,,,,,,,,,,,,,,,,,,,,,,,,,,,,,,,,,,,,,,,,,,,,,,,,,,,,,,,,,,,,,,,,,,,,,,,,,,,,,,,,,,,,,,,,,,,,,,,,,,,,,,,,,,,,,,,,,,,,,,
AircraftBuoyant/m1345_rm.obj,AircraftBuoyant,euclidean,neutral,BuildingNonResidential,HumanHead,FloorLamp,PlantIndoors,Computer,House,BuildingNonResidential,Ship,Computer,Quadruped,NonWheelChair,FloorLamp,ClassicPiano,Quadruped,Bottle,,,,,,,,,,,,,,,,,,,,,,,,,,,,,,,,,,,,,,,,,,,,,,,,,,,,,,,,,,,,,,,,,,,,,,,,,,,,,,,,,,,,,,,,,,,,,,,,,,,,,,,,,,,,,,,,,,,,,,,,,,,,,,,
AircraftBuoyant/m1345_rm.obj,AircraftBuoyant,cosine,neutral,Bottle,HumanHead,BuildingNonResidential,BuildingNonResidential,Hand,Apartment,HumanHead,Quadruped,FloorLamp,HumanHead,House,BuildingNonResidential,Computer,Computer,Ship,,,,,,,,,,,,,,,,,,,,,,,,,,,,,,,,,,,,,,,,,,,,,,,,,,,,,,,,,,,,,,,,,,,,,,,,,,,,,,,,,,,,,,,,,,,,,,,,,,,,,,,,,,,,,,,,,,,,,,,,,,,,,,,
AircraftBuoyant/m1345_rm.obj,AircraftBuoyant,manhattan,neutral,HumanHead,Bottle,BuildingNonResidential,BuildingNonResidential,FloorLamp,Computer,FloorLamp,FloorLamp,Computer,BuildingNonResidential,FloorLamp,House,PlantIndoors,Quadruped,AquaticAnimal,,,,,,,,,,,,,,,,,,,,,,,,,,,,,,,,,,,,,,,,,,,,,,,,,,,,,,,,,,,,,,,,,,,,,,,,,,,,,,,,,,,,,,,,,,,,,,,,,,,,,,,,,,,,,,,,,,,,,,,,,,,,,,,
AircraftBuoyant/m1345_rm.obj,AircraftBuoyant,manhattan+chi-squared,neutral,BuildingNonResidential,PlantIndoors,House,Computer,FloorLamp,Quadruped,Computer,HumanHead,Ship,NonWheelChair,FloorLamp,PlantIndoors,ClassicPiano,FloorLamp,BuildingNonResidential,,,,,,,,,,,,,,,,,,,,,,,,,,,,,,,,,,,,,,,,,,,,,,,,,,,,,,,,,,,,,,,,,,,,,,,,,,,,,,,,,,,,,,,,,,,,,,,,,,,,,,,,,,,,,,,,,,,,,,,,,,,,,,,
AircraftBuoyant/m1345_rm.obj,AircraftBuoyant,manhattan+emd,neutral,HumanHead,Bottle,BuildingNonResidential,FloorLamp,Wheel,Bookset,FloorLamp,HumanHead,BuildingNonResidential,ClassicPiano,Quadruped,Bookset,FloorLamp,Computer,Computer,,,,,,,,,,,,,,,,,,,,,,,,,,,,,,,,,,,,,,,,,,,,,,,,,,,,,,,,,,,,,,,,,,,,,,,,,,,,,,,,,,,,,,,,,,,,,,,,,,,,,,,,,,,,,,,,,,,,,,,,,,,,,,,
AircraftBuoyant/m1345_rm.obj,AircraftBuoyant,manhattan+kullback-leibler,neutral,BuildingNonResidential,FloorLamp,HumanHead,FloorLamp,Bottle,BuildingNonResidential,Computer,House,Computer,FloorLamp,FloorLamp,PlantIndoors,Quadruped,Bookset,AquaticAnimal,,,,,,,,,,,,,,,,,,,,,,,,,,,,,,,,,,,,,,,,,,,,,,,,,,,,,,,,,,,,,,,,,,,,,,,,,,,,,,,,,,,,,,,,,,,,,,,,,,,,,,,,,,,,,,,,,,,,,,,,,,,,,,,
AircraftBuoyant/m1345_rm.obj,AircraftBuoyant,knn,neutral,BuildingNonResidential,HumanHead,House,Ship,FloorLamp,BuildingNonResidential,PlantIndoors,Computer,Quadruped,Computer,Bottle,FloorLamp,ClassicPiano,FloorLamp,Helicopter,,,,,,,,,,,,,,,,,,,,,,,,,,,,,,,,,,,,,,,,,,,,,,,,,,,,,,,,,,,,,,,,,,,,,,,,,,,,,,,,,,,,,,,,,,,,,,,,,,,,,,,,,,,,,,,,,,,,,,,,,,,,,,,
AircraftBuoyant/m1351_rm.obj,AircraftBuoyant,euclidean,neutral,Rocket,Apartment,Skyscraper,BuildingNonResidential,Skyscraper,Train,Train,Train,Rocket,Train,Ship,Skyscraper,Hand,Rocket,Skyscraper,,,,,,,,,,,,,,,,,,,,,,,,,,,,,,,,,,,,,,,,,,,,,,,,,,,,,,,,,,,,,,,,,,,,,,,,,,,,,,,,,,,,,,,,,,,,,,,,,,,,,,,,,,,,,,,,,,,,,,,,,,,,,,,
AircraftBuoyant/m1351_rm.obj,AircraftBuoyant,cosine,neutral,Rocket,Skyscraper,Apartment,Skyscraper,Train,Ship,Rocket,Train,BuildingNonResidential,Skyscraper,Skyscraper,Rocket,Hand,Skyscraper,Skyscraper,,,,,,,,,,,,,,,,,,,,,,,,,,,,,,,,,,,,,,,,,,,,,,,,,,,,,,,,,,,,,,,,,,,,,,,,,,,,,,,,,,,,,,,,,,,,,,,,,,,,,,,,,,,,,,,,,,,,,,,,,,,,,,,
AircraftBuoyant/m1351_rm.obj,AircraftBuoyant,manhattan,neutral,Rocket,Apartment,Skyscraper,BuildingNonResidential,Train,Train,Skyscraper,Ship,Skyscraper,Train,Train,Rocket,Skyscraper,Skyscraper,Rocket,,,,,,,,,,,,,,,,,,,,,,,,,,,,,,,,,,,,,,,,,,,,,,,,,,,,,,,,,,,,,,,,,,,,,,,,,,,,,,,,,,,,,,,,,,,,,,,,,,,,,,,,,,,,,,,,,,,,,,,,,,,,,,,
AircraftBuoyant/m1351_rm.obj,AircraftBuoyant,manhattan+chi-squared,neutral,Rocket,Ship,Skyscraper,Skyscraper,BuildingNonResidential,Rocket,Apartment,Rocket,Skyscraper,Truck,Skyscraper,Train,Humanoid,Train,Ship,,,,,,,,,,,,,,,,,,,,,,,,,,,,,,,,,,,,,,,,,,,,,,,,,,,,,,,,,,,,,,,,,,,,,,,,,,,,,,,,,,,,,,,,,,,,,,,,,,,,,,,,,,,,,,,,,,,,,,,,,,,,,,,
AircraftBuoyant/m1351_rm.obj,AircraftBuoyant,manhattan+emd,neutral,Rocket,Apartment,Skyscraper,BuildingNonResidential,Ship,Train,Rocket,Truck,Train,Skyscraper,Rocket,Truck,Skyscraper,Train,Train,,,,,,,,,,,,,,,,,,,,,,,,,,,,,,,,,,,,,,,,,,,,,,,,,,,,,,,,,,,,,,,,,,,,,,,,,,,,,,,,,,,,,,,,,,,,,,,,,,,,,,,,,,,,,,,,,,,,,,,,,,,,,,,
AircraftBuoyant/m1351_rm.obj,AircraftBuoyant,manhattan+kullback-leibler,neutral,Rocket,Ship,BuildingNonResidential,Skyscraper,Rocket,Rocket,Truck,Skyscraper,Skyscraper,Apartment,Fish,Skyscraper,Train,Ship,Train,,,,,,,,,,,,,,,,,,,,,,,,,,,,,,,,,,,,,,,,,,,,,,,,,,,,,,,,,,,,,,,,,,,,,,,,,,,,,,,,,,,,,,,,,,,,,,,,,,,,,,,,,,,,,,,,,,,,,,,,,,,,,,,
AircraftBuoyant/m1351_rm.obj,AircraftBuoyant,knn,neutral,Rocket,Skyscraper,Apartment,Skyscraper,BuildingNonResidential,Train,Train,Train,Rocket,Ship,Hand,Humanoid,Rocket,Train,Skyscraper,,,,,,,,,,,,,,,,,,,,,,,,,,,,,,,,,,,,,,,,,,,,,,,,,,,,,,,,,,,,,,,,,,,,,,,,,,,,,,,,,,,,,,,,,,,,,,,,,,,,,,,,,,,,,,,,,,,,,,,,,,,,,,,
Apartment/D00138_rm.obj,Apartment,euclidean,neutral,Vase,PianoBoard,Hand,Hand,HumanHead,HumanHead,Mug,Mug,HumanHead,Vase,House,Hat,Shelf,HumanHead,Mug,BuildingNonResidential,HumanHead,House,HumanHead,Mug,HumanHead,Drum,,,,,,,,,,,,,,,,,,,,,,,,,,,,,,,,,,,,,,,,,,,,,,,,,,,,,,,,,,,,,,,,,,,,,,,,,,,,,,,,,,,,,,,,,,,,,,,,,,,,,,,,,,,,,,,,,,,,,,,,
Apartment/D00138_rm.obj,Apartment,cosine,neutral,PianoBoard,PianoBoard,PianoBoard,PianoBoard,Shelf,House,PianoBoard,MultiSeat,MultiSeat,MultiSeat,RectangleTable,Monitor,MilitaryVehicle,House,Hat,Chess,Bed,DeskLamp,Bed,Shelf,DeskLamp,Apartment,,,,,,,,,,,,,,,,,,,,,,,,,,,,,,,,,,,,,,,,,,,,,,,,,,,,,,,,,,,,,,,,,,,,,,,,,,,,,,,,,,,,,,,,,,,,,,,,,,,,,,,,,,,,,,,,,,,,,,,,
Apartment/D00138_rm.obj,Apartment,manhattan,neutral,Vase,PianoBoard,Shelf,Hand,Hand,House,HumanHead,Vase,HumanHead,Mug,HumanHead,Hat,Mug,Mug,HumanHead,House,BuildingNonResidential,Mug,Apartment,House,PianoBoard,HumanHead,,,,,,,,,,,,,,,,,,,,,,,,,,,,,,,,,,,,,,,,,,,,,,,,,,,,,,,,,,,,,,,,,,,,,,,,,,,,,,,,,,,,,,,,,,,,,,,,,,,,,,,,,,,,,,,,,,,,,,,,
Apartment/D00138_rm.obj,Apartment,manhattan+chi-squared,neutral,Vase,PianoBoard,Hand,Hand,HumanHead,HumanHead,Mug,Mug,HumanHead,Vase,House,Hat,HumanHead,Shelf,Mug,BuildingNonResidential,HumanHead,House,HumanHead,Mug,HumanHead,Drum,,,,,,,,,,,,,,,,,,,,,,,,,,,,,,,,,,,,,,,,,,,,,,,,,,,,,,,,,,,,,,,,,,,,,,,,,,,,,,,,,,,,,,,,,,,,,,,,,,,,,,,,,,,,,,,,,,,,,,,,
Apartment/D00138_rm.obj,Apartment,manhattan+emd,neutral,PianoBoard,Shelf,Vase,House,Apartment,Wheel,PianoBoard,RectangleTable,Hand,Hand,House,HumanHead,Apartment,Apartment,Vase,Wheel,PianoBoard,HumanHead,House,HumanHead,Wheel,Bookset,,,,,,,,,,,,,,,,,,,,,,,,,,,,,,,,,,,,,,,,,,,,,,,,,,,,,,,,,,,,,,,,,,,,,,,,,,,,,,,,,,,,,,,,,,,,,,,,,,,,,,,,,,,,,,,,,,,,,,,,
Apartment/D00138_rm.obj,Apartment,manhattan+kullback-leibler,neutral,Vase,PianoBoard,HumanHead,House,Shelf,Vase,HumanHead,Mug,Mug,Mug,HumanHead,House,Mug,HumanHead,BuildingNonResidential,Hand,Hand,Hat,Apartment,HumanHead,House,Apartment,,,,,,,,,,,,,,,,,,,,,,,,,,,,,,,,,,,,,,,,,,,,,,,,,,,,,,,,,,,,,,,,,,,,,,,,,,,,,,,,,,,,,,,,,,,,,,,,,,,,,,,,,,,,,,,,,,,,,,,,
Apartment/D00138_rm.obj,Apartment,knn,neutral,Vase,Hand,PianoBoard,Hand,HumanHead,HumanHead,Mug,HumanHead,Mug,Vase,HumanHead,Hat,House,BuildingNonResidential,Shelf,Mug,HumanHead,Mug,House,HumanHead,Drum,HumanHead,,,,,,,,,,,,,,,,,,,,,,,,,,,,,,,,,,,,,,,,,,,,,,,,,,,,,,,,,,,,,,,,,,,,,,,,,,,,,,,,,,,,,,,,,,,,,,,,,,,,,,,,,,,,,,,,,,,,,,,,
Apartment/D00156_rm.obj,Apartment,euclidean,neutral,PianoBoard,PianoBoard,Apartment,House,House,RectangleTable,Hat,Mug,Monitor,Wheel,Hat,PianoBoard,Bird,BuildingNonResidential,Chess,DeskLamp,House,Monitor,RectangleTable,Mug,FloorLamp,DeskLamp,,,,,,,,,,,,,,,,,,,,,,,,,,,,,,,,,,,,,,,,,,,,,,,,,,,,,,,,,,,,,,,,,,,,,,,,,,,,,,,,,,,,,,,,,,,,,,,,,,,,,,,,,,,,,,,,,,,,,,,,
Apartment/D00156_rm.obj,Apartment,cosine,neutral,Apartment,DeskLamp,House,Hat,Computer,Computer,Hand,House,Hand,House,MilitaryVehicle,Bookset,Vase,Monitor,HumanHead,HumanHead,HumanHead,HumanHead,Hat,Bird,Vase,HumanHead,,,,,,,,,,,,,,,,,,,,,,,,,,,,,,,,,,,,,,,,,,,,,,,,,,,,,,,,,,,,,,,,,,,,,,,,,,,,,,,,,,,,,,,,,,,,,,,,,,,,,,,,,,,,,,,,,,,,,,,,
Apartment/D00156_rm.obj,Apartment,manhattan,neutral,Apartment,House,House,PianoBoard,Hat,RectangleTable,Mug,PianoBoard,Hat,Monitor,BuildingNonResidential,Bird,Monitor,House,PianoBoard,Wheel,Mug,FloorLamp,DeskLamp,BuildingNonResidential,Chess,DeskLamp,,,,,,,,,,,,,,,,,,,,,,,,,,,,,,,,,,,,,,,,,,,,,,,,,,,,,,,,,,,,,,,,,,,,,,,,,,,,,,,,,,,,,,,,,,,,,,,,,,,,,,,,,,,,,,,,,,,,,,,,
Apartment/D00156_rm.obj,Apartment,manhattan+chi-squared,neutral,PianoBoard,PianoBoard,RectangleTable,House,House,Hat,Apartment,Mug,Monitor,Wheel,Bird,Hat,PianoBoard,DeskLamp,Chess,BuildingNonResidential,House,RectangleTable,Monitor,Mug,FloorLamp,DeskLamp,,,,,,,,,,,,,,,,,,,,,,,,,,,,,,,,,,,,,,,,,,,,,,,,,,,,,,,,,,,,,,,,,,,,,,,,,,,,,,,,,,,,,,,,,,,,,,,,,,,,,,,,,,,,,,,,,,,,,,,,
Apartment/D00156_rm.obj,Apartment,manhattan+emd,neutral,Apartment,House,Hat,Monitor,House,RectangleTable,DeskLamp,House,FloorLamp,Hat,BuildingNonResidential,Bird,BuildingNonResidential,Mug,Monitor,Hat,PianoBoard,PianoBoard,Computer,ClassicPiano,Mug,Computer,,,,,,,,,,,,,,,,,,,,,,,,,,,,,,,,,,,,,,,,,,,,,,,,,,,,,,,,,,,,,,,,,,,,,,,,,,,,,,,,,,,,,,,,,,,,,,,,,,,,,,,,,,,,,,,,,,,,,,,,
Apartment/D00156_rm.obj,Apartment,manhattan+kullback-leibler,neutral,Apartment,RectangleTable,PianoBoard,House,House,Hat,PianoBoard,Mug,Monitor,Hat,BuildingNonResidential,Bird,Wheel,House,PianoBoard,DeskLamp,Monitor,RectangleTable,Mug,DeskLamp,FloorLamp,Chess,,,,,,,,,,,,,,,,,,,,,,,,,,,,,,,,,,,,,,,,,,,,,,,,,,,,,,,,,,,,,,,,,,,,,,,,,,,,,,,,,,,,,,,,,,,,,,,,,,,,,,,,,,,,,,,,,,,,,,,,
Apartment/D00156_rm.obj,Apartment,knn,neutral,PianoBoard,PianoBoard,House,Hat,House,Mug,Apartment,RectangleTable,Monitor,Chess,BuildingNonResidential,Wheel,DeskLamp,Hat,PianoBoard,House,RectangleTable,Bird,Shelf,Mug,DeskLamp,FloorLamp,,,,,,,,,,,,,,,,,,,,,,,,,,,,,,,,,,,,,,,,,,,,,,,,,,,,,,,,,,,,,,,,,,,,,,,,,,,,,,,,,,,,,,,,,,,,,,,,,,,,,,,,,,,,,,,,,,,,,,,,
AircraftBuoyant/m1344_rm.obj,AircraftBuoyant,euclidean,neutral,HumanHead,HumanHead,Drum,Computer,AircraftBuoyant,Mug,HumanHead,Hat,HumanHead,HumanHead,HumanHead,HumanHead,Hat,Computer,HumanHead,,,,,,,,,,,,,,,,,,,,,,,,,,,,,,,,,,,,,,,,,,,,,,,,,,,,,,,,,,,,,,,,,,,,,,,,,,,,,,,,,,,,,,,,,,,,,,,,,,,,,,,,,,,,,,,,,,,,,,,,,,,,,,,
AircraftBuoyant/m1344_rm.obj,AircraftBuoyant,cosine,neutral,HumanHead,HumanHead,Drum,HumanHead,HumanHead,HumanHead,HumanHead,Mug,HumanHead,HumanHead,HumanHead,Hat,Mug,House,Hat,,,,,,,,,,,,,,,,,,,,,,,,,,,,,,,,,,,,,,,,,,,,,,,,,,,,,,,,,,,,,,,,,,,,,,,,,,,,,,,,,,,,,,,,,,,,,,,,,,,,,,,,,,,,,,,,,,,,,,,,,,,,,,,
AircraftBuoyant/m1344_rm.obj,AircraftBuoyant,manhattan,neutral,HumanHead,Drum,HumanHead,HumanHead,AircraftBuoyant,Mug,HumanHead,HumanHead,Computer,HumanHead,Hat,HumanHead,Vase,Hat,HumanHead,,,,,,,,,,,,,,,,,,,,,,,,,,,,,,,,,,,,,,,,,,,,,,,,,,,,,,,,,,,,,,,,,,,,,,,,,,,,,,,,,,,,,,,,,,,,,,,,,,,,,,,,,,,,,,,,,,,,,,,,,,,,,,,
AircraftBuoyant/m1344_rm.obj,AircraftBuoyant,manhattan+chi-squared,neutral,HumanHead,Drum,HumanHead,Computer,Mug,AircraftBuoyant,Hat,HumanHead,HumanHead,HumanHead,HumanHead,Hat,HumanHead,Computer,HumanHead,,,,,,,,,,,,,,,,,,,,,,,,,,,,,,,,,,,,,,,,,,,,,,,,,,,,,,,,,,,,,,,,,,,,,,,,,,,,,,,,,,,,,,,,,,,,,,,,,,,,,,,,,,,,,,,,,,,,,,,,,,,,,,,
AircraftBuoyant/m1344_rm.obj,AircraftBuoyant,manhattan+emd,neutral,HumanHead,Drum,HumanHead,HumanHead,HumanHead,HumanHead,Mug,HumanHead,AircraftBuoyant,HumanHead,Hat,Drum,Hat,Vase,Mug,,,,,,,,,,,,,,,,,,,,,,,,,,,,,,,,,,,,,,,,,,,,,,,,,,,,,,,,,,,,,,,,,,,,,,,,,,,,,,,,,,,,,,,,,,,,,,,,,,,,,,,,,,,,,,,,,,,,,,,,,,,,,,,
AircraftBuoyant/m1344_rm.obj,AircraftBuoyant,manhattan+kullback-leibler,neutral,Drum,HumanHead,Computer,HumanHead,HumanHead,HumanHead,Hat,HumanHead,HumanHead,Mug,HumanHead,Bookset,Hat,Computer,Computer,,,,,,,,,,,,,,,,,,,,,,,,,,,,,,,,,,,,,,,,,,,,,,,,,,,,,,,,,,,,,,,,,,,,,,,,,,,,,,,,,,,,,,,,,,,,,,,,,,,,,,,,,,,,,,,,,,,,,,,,,,,,,,,
AircraftBuoyant/m1344_rm.obj,AircraftBuoyant,knn,neutral,HumanHead,HumanHead,Drum,Computer,Mug,HumanHead,AircraftBuoyant,HumanHead,Computer,Hat,HumanHead,PianoBoard,HumanHead,Vase,HumanHead,,,,,,,,,,,,,,,,,,,,,,,,,,,,,,,,,,,,,,,,,,,,,,,,,,,,,,,,,,,,,,,,,,,,,,,,,,,,,,,,,,,,,,,,,,,,,,,,,,,,,,,,,,,,,,,,,,,,,,,,,,,,,,,
AircraftBuoyant/m1340_rm.obj,AircraftBuoyant,euclidean,neutral,AircraftBuoyant,Hand,BuildingNonResidential,Bird,Bird,AquaticAnimal,Ship,Tree,Fish,Bottle,Train,AquaticAnimal,MilitaryVehicle,MilitaryVehicle,Car,,,,,,,,,,,,,,,,,,,,,,,,,,,,,,,,,,,,,,,,,,,,,,,,,,,,,,,,,,,,,,,,,,,,,,,,,,,,,,,,,,,,,,,,,,,,,,,,,,,,,,,,,,,,,,,,,,,,,,,,,,,,,,,
AircraftBuoyant/m1340_rm.obj,AircraftBuoyant,cosine,neutral,AircraftBuoyant,BuildingNonResidential,Bird,Tree,Bird,Hand,Helicopter,Quadruped,MilitaryVehicle,AquaticAnimal,MilitaryVehicle,TruckNonContainer,Humanoid,Hand,MilitaryVehicle,,,,,,,,,,,,,,,,,,,,,,,,,,,,,,,,,,,,,,,,,,,,,,,,,,,,,,,,,,,,,,,,,,,,,,,,,,,,,,,,,,,,,,,,,,,,,,,,,,,,,,,,,,,,,,,,,,,,,,,,,,,,,,,
AircraftBuoyant/m1340_rm.obj,AircraftBuoyant,manhattan,neutral,AircraftBuoyant,BuildingNonResidential,Hand,Bird,Bird,AquaticAnimal,Ship,MilitaryVehicle,MilitaryVehicle,Humanoid,TruckNonContainer,Tree,Hand,Train,Cup,,,,,,,,,,,,,,,,,,,,,,,,,,,,,,,,,,,,,,,,,,,,,,,,,,,,,,,,,,,,,,,,,,,,,,,,,,,,,,,,,,,,,,,,,,,,,,,,,,,,,,,,,,,,,,,,,,,,,,,,,,,,,,,
AircraftBuoyant/m1340_rm.obj,AircraftBuoyant,manhattan+chi-squared,neutral,AircraftBuoyant,TruckNonContainer,Quadruped,Helicopter,AquaticAnimal,BuildingNonResidential,Hand,Bottle,DeskLamp,Bird,Spoon,Train,Ship,Hand,Bird,,,,,,,,,,,,,,,,,,,,,,,,,,,,,,,,,,,,,,,,,,,,,,,,,,,,,,,,,,,,,,,,,,,,,,,,,,,,,,,,,,,,,,,,,,,,,,,,,,,,,,,,,,,,,,,,,,,,,,,,,,,,,,,
AircraftBuoyant/m1340_rm.obj,AircraftBuoyant,manhattan+emd,neutral,AircraftBuoyant,NonWheelChair,Humanoid,Quadruped,MilitaryVehicle,Insect,Bird,BuildingNonResidential,Jet,Hand,Tree,Tree,Insect,Insect,Bird,,,,,,,,,,,,,,,,,,,,,,,,,,,,,,,,,,,,,,,,,,,,,,,,,,,,,,,,,,,,,,,,,,,,,,,,,,,,,,,,,,,,,,,,,,,,,,,,,,,,,,,,,,,,,,,,,,,,,,,,,,,,,,,
AircraftBuoyant/m1340_rm.obj,AircraftBuoyant,manhattan+kullback-leibler,neutral,DeskLamp,Tree,AircraftBuoyant,Quadruped,BuildingNonResidential,DeskLamp,Starship,PlantIndoors,Helicopter,Tree,Tree,PlantIndoors,PlantIndoors,PlantIndoors,Helicopter,,,,,,,,,,,,,,,,,,,,,,,,,,,,,,,,,,,,,,,,,,,,,,,,,,,,,,,,,,,,,,,,,,,,,,,,,,,,,,,,,,,,,,,,,,,,,,,,,,,,,,,,,,,,,,,,,,,,,,,,,,,,,,,
AircraftBuoyant/m1340_rm.obj,AircraftBuoyant,knn,neutral,AircraftBuoyant,BuildingNonResidential,Hand,Bird,Bird,AquaticAnimal,Humanoid,Hand,MilitaryVehicle,Fish,TruckNonContainer,MilitaryVehicle,Bottle,Train,MilitaryVehicle,,,,,,,,,,,,,,,,,,,,,,,,,,,,,,,,,,,,,,,,,,,,,,,,,,,,,,,,,,,,,,,,,,,,,,,,,,,,,,,,,,,,,,,,,,,,,,,,,,,,,,,,,,,,,,,,,,,,,,,,,,,,,,,
AircraftBuoyant/m1350_rm.obj,AircraftBuoyant,euclidean,neutral,Bottle,AircraftBuoyant,AircraftBuoyant,Car,Bus,Bottle,Rocket,Bottle,Bus,Bottle,Skyscraper,Train,Car,Humanoid,Bus,,,,,,,,,,,,,,,,,,,,,,,,,,,,,,,,,,,,,,,,,,,,,,,,,,,,,,,,,,,,,,,,,,,,,,,,,,,,,,,,,,,,,,,,,,,,,,,,,,,,,,,,,,,,,,,,,,,,,,,,,,,,,,,
AircraftBuoyant/m1350_rm.obj,AircraftBuoyant,cosine,neutral,AircraftBuoyant,AircraftBuoyant,Bottle,Car,Rocket,Bus,Bus,Bottle,Skyscraper,Humanoid,Truck,Bus,AircraftBuoyant,Hand,Bus,,,,,,,,,,,,,,,,,,,,,,,,,,,,,,,,,,,,,,,,,,,,,,,,,,,,,,,,,,,,,,,,,,,,,,,,,,,,,,,,,,,,,,,,,,,,,,,,,,,,,,,,,,,,,,,,,,,,,,,,,,,,,,,
AircraftBuoyant/m1350_rm.obj,AircraftBuoyant,manhattan,neutral,Bottle,AircraftBuoyant,AircraftBuoyant,Rocket,Bottle,Bus,Car,Bottle,Bottle,Train,Skyscraper,Bus,Bottle,Bus,Truck,,,,,,,,,,,,,,,,,,,,,,,,,,,,,,,,,,,,,,,,,,,,,,,,,,,,,,,,,,,,,,,,,,,,,,,,,,,,,,,,,,,,,,,,,,,,,,,,,,,,,,,,,,,,,,,,,,,,,,,,,,,,,,,
AircraftBuoyant/m1350_rm.obj,AircraftBuoyant,manhattan+chi-squared,neutral,Bottle,AircraftBuoyant,AircraftBuoyant,Bottle,Bus,Humanoid,Bus,Train,Car,Truck,Skyscraper,Rocket,Bus,Ship,Train,,,,,,,,,,,,,,,,,,,,,,,,,,,,,,,,,,,,,,,,,,,,,,,,,,,,,,,,,,,,,,,,,,,,,,,,,,,,,,,,,,,,,,,,,,,,,,,,,,,,,,,,,,,,,,,,,,,,,,,,,,,,,,,
AircraftBuoyant/m1350_rm.obj,AircraftBuoyant,manhattan+emd,neutral,Bottle,Bottle,AircraftBuoyant,Rocket,Bottle,AircraftBuoyant,Bottle,Skyscraper,Ship,Bottle,Bottle,Car,Insect,Train,Train,,,,,,,,,,,,,,,,,,,,,,,,,,,,,,,,,,,,,,,,,,,,,,,,,,,,,,,,,,,,,,,,,,,,,,,,,,,,,,,,,,,,,,,,,,,,,,,,,,,,,,,,,,,,,,,,,,,,,,,,,,,,,,,
AircraftBuoyant/m1350_rm.obj,AircraftBuoyant,manhattan+kullback-leibler,neutral,AircraftBuoyant,AircraftBuoyant,Train,AircraftBuoyant,Humanoid,Bus,Bus,Rocket,Truck,Hand,Bus,Skyscraper,Ship,Bus,Bus,,,,,,,,,,,,,,,,,,,,,,,,,,,,,,,,,,,,,,,,,,,,,,,,,,,,,,,,,,,,,,,,,,,,,,,,,,,,,,,,,,,,,,,,,,,,,,,,,,,,,,,,,,,,,,,,,,,,,,,,,,,,,,,
AircraftBuoyant/m1350_rm.obj,AircraftBuoyant,knn,neutral,Bottle,AircraftBuoyant,AircraftBuoyant,Rocket,Car,Bottle,Bus,Bus,Humanoid,Bus,Car,Skyscraper,Hand,AircraftBuoyant,Train,,,,,,,,,,,,,,,,,,,,,,,,,,,,,,,,,,,,,,,,,,,,,,,,,,,,,,,,,,,,,,,,,,,,,,,,,,,,,,,,,,,,,,,,,,,,,,,,,,,,,,,,,,,,,,,,,,,,,,,,,,,,,,,
Apartment/D00639_rm.obj,Apartment,euclidean,neutral,Apartment,House,Bookset,Bookset,Computer,RectangleTable,Apartment,Apartment,House,Bookset,Bookset,Vase,Bookset,Quadruped,Monitor,Drum,ClassicPiano,Apartment,Drum,Shelf,House,Quadruped,,,,,,,,,,,,,,,,,,,,,,,,,,,,,,,,,,,,,,,,,,,,,,,,,,,,,,,,,,,,,,,,,,,,,,,,,,,,,,,,,,,,,,,,,,,,,,,,,,,,,,,,,,,,,,,,,,,,,,,,
Apartment/D00639_rm.obj,Apartment,cosine,neutral,House,Monitor,Car,MilitaryVehicle,ClassicPiano,TruckNonContainer,Bookset,Quadruped,BuildingNonResidential,Bookset,House,House,House,HumanHead,House,ClassicPiano,Bookset,ClassicPiano,House,Computer,Apartment,Cup,,,,,,,,,,,,,,,,,,,,,,,,,,,,,,,,,,,,,,,,,,,,,,,,,,,,,,,,,,,,,,,,,,,,,,,,,,,,,,,,,,,,,,,,,,,,,,,,,,,,,,,,,,,,,,,,,,,,,,,,
Apartment/D00639_rm.obj,Apartment,manhattan,neutral,Apartment,Bookset,House,Apartment,Apartment,Monitor,House,Quadruped,Bookset,Bookset,Apartment,House,Quadruped,Vase,Bookset,Computer,Bookset,Car,MilitaryVehicle,ClassicPiano,BuildingNonResidential,BuildingNonResidential,,,,,,,,,,,,,,,,,,,,,,,,,,,,,,,,,,,,,,,,,,,,,,,,,,,,,,,,,,,,,,,,,,,,,,,,,,,,,,,,,,,,,,,,,,,,,,,,,,,,,,,,,,,,,,,,,,,,,,,,
Apartment/D00639_rm.obj,Apartment,manhattan+chi-squared,neutral,Apartment,RectangleTable,Bookset,House,Computer,Bookset,Apartment,Apartment,House,Bookset,Bookset,Vase,Bookset,Drum,Quadruped,Shelf,Monitor,ClassicPiano,Drum,Chess,Shelf,BuildingNonResidential,,,,,,,,,,,,,,,,,,,,,,,,,,,,,,,,,,,,,,,,,,,,,,,,,,,,,,,,,,,,,,,,,,,,,,,,,,,,,,,,,,,,,,,,,,,,,,,,,,,,,,,,,,,,,,,,,,,,,,,,
Apartment/D00639_rm.obj,Apartment,manhattan+emd,neutral,MilitaryVehicle,Apartment,Apartment,Apartment,Apartment,House,Vase,Quadruped,Monitor,MilitaryVehicle,Bookset,Car,TruckNonContainer,Quadruped,RectangleTable,Hand,ClassicPiano,BuildingNonResidential,Apartment,HumanHead,Chess,House,,,,,,,,,,,,,,,,,,,,,,,,,,,,,,,,,,,,,,,,,,,,,,,,,,,,,,,,,,,,,,,,,,,,,,,,,,,,,,,,,,,,,,,,,,,,,,,,,,,,,,,,,,,,,,,,,,,,,,,,
Apartment/D00639_rm.obj,Apartment,manhattan+kullback-leibler,neutral,Apartment,Bookset,Apartment,Apartment,House,Bookset,Computer,Bookset,RectangleTable,Monitor,Bookset,Vase,House,Bookset,Apartment,Quadruped,Chess,Quadruped,BuildingNonResidential,Chess,Shelf,House,,,,,,,,,,,,,,,,,,,,,,,,,,,,,,,,,,,,,,,,,,,,,,,,,,,,,,,,,,,,,,,,,,,,,,,,,,,,,,,,,,,,,,,,,,,,,,,,,,,,,,,,,,,,,,,,,,,,,,,,
Apartment/D00639_rm.obj,Apartment,knn,neutral,Apartment,House,Bookset,House,RectangleTable,Apartment,Apartment,Computer,Vase,Bookset,Bookset,Drum,ClassicPiano,Bookset,Bookset,Quadruped,Monitor,Drum,Apartment,Apartment,Quadruped,Wheel,,,,,,,,,,,,,,,,,,,,,,,,,,,,,,,,,,,,,,,,,,,,,,,,,,,,,,,,,,,,,,,,,,,,,,,,,,,,,,,,,,,,,,,,,,,,,,,,,,,,,,,,,,,,,,,,,,,,,,,,
Apartment/D00348_rm.obj,Apartment,euclidean,neutral,Apartment,Hat,Wheel,HumanHead,Hat,Mug,HumanHead,Mug,Apartment,Bookset,HumanHead,HumanHead,Drum,Mug,Drum,HumanHead,BuildingNonResidential,HumanHead,Monitor,Mug,House,HumanHead,,,,,,,,,,,,,,,,,,,,,,,,,,,,,,,,,,,,,,,,,,,,,,,,,,,,,,,,,,,,,,,,,,,,,,,,,,,,,,,,,,,,,,,,,,,,,,,,,,,,,,,,,,,,,,,,,,,,,,,,
Apartment/D00348_rm.obj,Apartment,cosine,neutral,Drum,Car,PianoBoard,Mug,Apartment,Mug,House,DeskLamp,Bookset,HumanHead,Cup,Cup,Cup,Hat,House,HumanHead,RectangleTable,BuildingNonResidential,Mug,BuildingNonResidential,Mug,HumanHead,,,,,,,,,,,,,,,,,,,,,,,,,,,,,,,,,,,,,,,,,,,,,,,,,,,,,,,,,,,,,,,,,,,,,,,,,,,,,,,,,,,,,,,,,,,,,,,,,,,,,,,,,,,,,,,,,,,,,,,,
Apartment/D00348_rm.obj,Apartment,manhattan,neutral,Apartment,Hat,Wheel,HumanHead,Hat,HumanHead,Mug,Apartment,Bookset,Mug,HumanHead,Drum,Mug,HumanHead,BuildingNonResidential,House,Monitor,HumanHead,House,Drum,HumanHead,Mug,,,,,,,,,,,,,,,,,,,,,,,,,,,,,,,,,,,,,,,,,,,,,,,,,,,,,,,,,,,,,,,,,,,,,,,,,,,,,,,,,,,,,,,,,,,,,,,,,,,,,,,,,,,,,,,,,,,,,,,,
Apartment/D00348_rm.obj,Apartment,manhattan+chi-squared,neutral,Apartment,Hat,Wheel,HumanHead,Mug,Hat,HumanHead,Mug,Apartment,Drum,Bookset,HumanHead,HumanHead,Mug,Drum,HumanHead,BuildingNonResidential,HumanHead,Mug,Monitor,House,HumanHead,,,,,,,,,,,,,,,,,,,,,,,,,,,,,,,,,,,,,,,,,,,,,,,,,,,,,,,,,,,,,,,,,,,,,,,,,,,,,,,,,,,,,,,,,,,,,,,,,,,,,,,,,,,,,,,,,,,,,,,,
Apartment/D00348_rm.obj,Apartment,manhattan+emd,neutral,Apartment,Wheel,Hat,HumanHead,Hat,Apartment,Bookset,Drum,HumanHead,HumanHead,HumanHead,House,House,House,HumanHead,PianoBoard,HumanHead,Apartment,Mug,PianoBoard,Mug,Car,,,,,,,,,,,,,,,,,,,,,,,,,,,,,,,,,,,,,,,,,,,,,,,,,,,,,,,,,,,,,,,,,,,,,,,,,,,,,,,,,,,,,,,,,,,,,,,,,,,,,,,,,,,,,,,,,,,,,,,,
Apartment/D00348_rm.obj,Apartment,manhattan+kullback-leibler,neutral,Apartment,Hat,HumanHead,HumanHead,Mug,Hat,Wheel,Bookset,HumanHead,Apartment,Mug,Mug,HumanHead,Monitor,House,Mug,HumanHead,HumanHead,Drum,House,Cup,BuildingNonResidential,,,,,,,,,,,,,,,,,,,,,,,,,,,,,,,,,,,,,,,,,,,,,,,,,,,,,,,,,,,,,,,,,,,,,,,,,,,,,,,,,,,,,,,,,,,,,,,,,,,,,,,,,,,,,,,,,,,,,,,,
Apartment/D00348_rm.obj,Apartment,knn,neutral,Apartment,Hat,Wheel,Hat,HumanHead,HumanHead,Mug,Mug,Apartment,HumanHead,Drum,HumanHead,Bookset,HumanHead,Drum,Mug,HumanHead,Monitor,Mug,NonWheelChair,HumanHead,BuildingNonResidential,,,,,,,,,,,,,,,,,,,,,,,,,,,,,,,,,,,,,,,,,,,,,,,,,,,,,,,,,,,,,,,,,,,,,,,,,,,,,,,,,,,,,,,,,,,,,,,,,,,,,,,,,,,,,,,,,,,,,,,,
Apartment/D00045_rm.obj,Apartment,euclidean,neutral,PlantIndoors,ClassicPiano,Hat,Bookset,Tree,Car,Bed,RectangleTable,PlantIndoors,ClassicPiano,Bookset,Apartment,NonWheelChair,Bookset,MultiSeat,Bed,Bookset,Computer,BuildingNonResidential,RectangleTable,Bed,NonWheelChair,,,,,,,,,,,,,,,,,,,,,,,,,,,,,,,,,,,,,,,,,,,,,,,,,,,,,,,,,,,,,,,,,,,,,,,,,,,,,,,,,,,,,,,,,,,,,,,,,,,,,,,,,,,,,,,,,,,,,,,,
Apartment/D00045_rm.obj,Apartment,cosine,neutral,House,Hat,MilitaryVehicle,Bookset,Mug,Vase,HumanHead,Bookset,Apartment,House,BuildingNonResidential,ClassicPiano,RectangleTable,Tree,Cup,Computer,Car,HumanHead,House,Bookset,BuildingNonResidential,NonWheelChair,,,,,,,,,,,,,,,,,,,,,,,,,,,,,,,,,,,,,,,,,,,,,,,,,,,,,,,,,,,,,,,,,,,,,,,,,,,,,,,,,,,,,,,,,,,,,,,,,,,,,,,,,,,,,,,,,,,,,,,,
Apartment/D00045_rm.obj,Apartment,manhattan,neutral,Tree,Apartment,ClassicPiano,Bookset,Bookset,Bookset,Quadruped,RectangleTable,Hat,Mug,PlantIndoors,NonWheelChair,Computer,FloorLamp,Car,BuildingNonResidential,House,Apartment,PlantIndoors,MilitaryVehicle,Bookset,HumanHead,,,,,,,,,,,,,,,,,,,,,,,,,,,,,,,,,,,,,,,,,,,,,,,,,,,,,,,,,,,,,,,,,,,,,,,,,,,,,,,,,,,,,,,,,,,,,,,,,,,,,,,,,,,,,,,,,,,,,,,,
Apartment/D00045_rm.obj,Apartment,manhattan+chi-squared,neutral,PlantIndoors,Hat,RectangleTable,Tree,ClassicPiano,NonWheelChair,PlantIndoors,Car,Bookset,BuildingNonResidential,Bookset,Computer,Apartment,PlantIndoors,NonWheelChair,ClassicPiano,Bookset,Bookset,Bed,MultiSeat,FloorLamp,RectangleTable,,,,,,,,,,,,,,,,,,,,,,,,,,,,,,,,,,,,,,,,,,,,,,,,,,,,,,,,,,,,,,,,,,,,,,,,,,,,,,,,,,,,,,,,,,,,,,,,,,,,,,,,,,,,,,,,,,,,,,,,
Apartment/D00045_rm.obj,Apartment,manhattan+emd,neutral,FloorLamp,Mug,Apartment,HumanHead,Quadruped,MilitaryVehicle,House,Apartment,Apartment,House,Hand,RectangleTable,MilitaryVehicle,HumanHead,HumanHead,House,House,ClassicPiano,Hat,FloorLamp,House,Tree,,,,,,,,,,,,,,,,,,,,,,,,,,,,,,,,,,,,,,,,,,,,,,,,,,,,,,,,,,,,,,,,,,,,,,,,,,,,,,,,,,,,,,,,,,,,,,,,,,,,,,,,,,,,,,,,,,,,,,,,
Apartment/D00045_rm.obj,Apartment,manhattan+kullback-leibler,neutral,Tree,NonWheelChair,PlantIndoors,Bookset,Apartment,Bookset,PlantIndoors,Bookset,ClassicPiano,BuildingNonResidential,FloorLamp,Car,Quadruped,RectangleTable,NonWheelChair,Tree,Hat,Bookset,Computer,Bed,ClassicPiano,PlantIndoors,,,,,,,,,,,,,,,,,,,,,,,,,,,,,,,,,,,,,,,,,,,,,,,,,,,,,,,,,,,,,,,,,,,,,,,,,,,,,,,,,,,,,,,,,,,,,,,,,,,,,,,,,,,,,,,,,,,,,,,,
Apartment/D00045_rm.obj,Apartment,knn,neutral,Bookset,RectangleTable,Bookset,Hat,PlantIndoors,ClassicPiano,Car,Bookset,Apartment,ClassicPiano,Tree,Computer,Bookset,NonWheelChair,Bed,NonWheelChair,Bed,PlantIndoors,MultiSeat,RectangleTable,Bed,RectangleTable,,,,,,,,,,,,,,,,,,,,,,,,,,,,,,,,,,,,,,,,,,,,,,,,,,,,,,,,,,,,,,,,,,,,,,,,,,,,,,,,,,,,,,,,,,,,,,,,,,,,,,,,,,,,,,,,,,,,,,,,
AircraftBuoyant/m1352_rm.obj,AircraftBuoyant,euclidean,neutral,Rocket,Bottle,MilitaryVehicle,Train,Quadruped,AircraftBuoyant,Bottle,Bottle,Quadruped,MilitaryVehicle,MilitaryVehicle,Hand,Car,Hand,Hand,,,,,,,,,,,,,,,,,,,,,,,,,,,,,,,,,,,,,,,,,,,,,,,,,,,,,,,,,,,,,,,,,,,,,,,,,,,,,,,,,,,,,,,,,,,,,,,,,,,,,,,,,,,,,,,,,,,,,,,,,,,,,,,
AircraftBuoyant/m1352_rm.obj,AircraftBuoyant,cosine,neutral,Rocket,MilitaryVehicle,Train,Bottle,Quadruped,AircraftBuoyant,MilitaryVehicle,Hand,Hand,Hand,Hand,Quadruped,Car,MilitaryVehicle,Vase,,,,,,,,,,,,,,,,,,,,,,,,,,,,,,,,,,,,,,,,,,,,,,,,,,,,,,,,,,,,,,,,,,,,,,,,,,,,,,,,,,,,,,,,,,,,,,,,,,,,,,,,,,,,,,,,,,,,,,,,,,,,,,,
AircraftBuoyant/m1352_rm.obj,AircraftBuoyant,manhattan,neutral,Rocket,MilitaryVehicle,Bottle,Train,Quadruped,Quadruped,AircraftBuoyant,MilitaryVehicle,Hand,Hand,Hand,Hand,Bottle,Train,Bottle,,,,,,,,,,,,,,,,,,,,,,,,,,,,,,,,,,,,,,,,,,,,,,,,,,,,,,,,,,,,,,,,,,,,,,,,,,,,,,,,,,,,,,,,,,,,,,,,,,,,,,,,,,,,,,,,,,,,,,,,,,,,,,,
AircraftBuoyant/m1352_rm.obj,AircraftBuoyant,manhattan+chi-squared,neutral,Rocket,Train,MilitaryVehicle,Bottle,AircraftBuoyant,Ship,Bottle,Car,Hand,MilitaryVehicle,Quadruped,Car,Hand,Car,Quadruped,,,,,,,,,,,,,,,,,,,,,,,,,,,,,,,,,,,,,,,,,,,,,,,,,,,,,,,,,,,,,,,,,,,,,,,,,,,,,,,,,,,,,,,,,,,,,,,,,,,,,,,,,,,,,,,,,,,,,,,,,,,,,,,
AircraftBuoyant/m1352_rm.obj,AircraftBuoyant,manhattan+emd,neutral,Rocket,MilitaryVehicle,Train,Bottle,MilitaryVehicle,Bottle,Ship,Bottle,Ship,MilitaryVehicle,Quadruped,AircraftBuoyant,WheelChair,Hand,Hand,,,,,,,,,,,,,,,,,,,,,,,,,,,,,,,,,,,,,,,,,,,,,,,,,,,,,,,,,,,,,,,,,,,,,,,,,,,,,,,,,,,,,,,,,,,,,,,,,,,,,,,,,,,,,,,,,,,,,,,,,,,,,,,
AircraftBuoyant/m1352_rm.obj,AircraftBuoyant,manhattan+kullback-leibler,neutral,Rocket,Train,AircraftBuoyant,MilitaryVehicle,AircraftBuoyant,AircraftBuoyant,Bird,Car,Ship,Train,MilitaryVehicle,Hand,MilitaryVehicle,Hand,Car,,,,,,,,,,,,,,,,,,,,,,,,,,,,,,,,,,,,,,,,,,,,,,,,,,,,,,,,,,,,,,,,,,,,,,,,,,,,,,,,,,,,,,,,,,,,,,,,,,,,,,,,,,,,,,,,,,,,,,,,,,,,,,,
AircraftBuoyant/m1352_rm.obj,AircraftBuoyant,knn,neutral,Rocket,Bottle,MilitaryVehicle,Train,AircraftBuoyant,Bottle,Car,MilitaryVehicle,Quadruped,Hand,Hand,Bottle,Hand,Hand,Quadruped,,,,,,,,,,,,,,,,,,,,,,,,,,,,,,,,,,,,,,,,,,,,,,,,,,,,,,,,,,,,,,,,,,,,,,,,,,,,,,,,,,,,,,,,,,,,,,,,,,,,,,,,,,,,,,,,,,,,,,,,,,,,,,,
Apartment/D00792_rm.obj,Apartment,euclidean,neutral,HumanHead,Mug,HumanHead,HumanHead,Hat,Apartment,Mug,HumanHead,Hat,Mug,Mug,HumanHead,Apartment,HumanHead,Drum,Wheel,Vase,HumanHead,HumanHead,HumanHead,House,HumanHead,,,,,,,,,,,,,,,,,,,,,,,,,,,,,,,,,,,,,,,,,,,,,,,,,,,,,,,,,,,,,,,,,,,,,,,,,,,,,,,,,,,,,,,,,,,,,,,,,,,,,,,,,,,,,,,,,,,,,,,,
Apartment/D00792_rm.obj,Apartment,cosine,neutral,HumanHead,Apartment,BuildingNonResidential,House,Mug,Mug,House,Hat,Bookset,HumanHead,HumanHead,HumanHead,HumanHead,HumanHead,Wheel,HumanHead,HumanHead,HumanHead,Mug,Hat,HumanHead,Mug,,,,,,,,,,,,,,,,,,,,,,,,,,,,,,,,,,,,,,,,,,,,,,,,,,,,,,,,,,,,,,,,,,,,,,,,,,,,,,,,,,,,,,,,,,,,,,,,,,,,,,,,,,,,,,,,,,,,,,,,
Apartment/D00792_rm.obj,Apartment,manhattan,neutral,HumanHead,Mug,HumanHead,HumanHead,Hat,Mug,HumanHead,Apartment,Mug,Mug,Apartment,HumanHead,HumanHead,Hat,HumanHead,Wheel,HumanHead,HumanHead,Vase,HumanHead,Drum,House,,,,,,,,,,,,,,,,,,,,,,,,,,,,,,,,,,,,,,,,,,,,,,,,,,,,,,,,,,,,,,,,,,,,,,,,,,,,,,,,,,,,,,,,,,,,,,,,,,,,,,,,,,,,,,,,,,,,,,,,
Apartment/D00792_rm.obj,Apartment,manhattan+chi-squared,neutral,HumanHead,Mug,HumanHead,HumanHead,Hat,Apartment,Mug,HumanHead,Hat,Mug,Mug,Drum,HumanHead,Apartment,HumanHead,Wheel,Vase,HumanHead,HumanHead,HumanHead,House,HumanHead,,,,,,,,,,,,,,,,,,,,,,,,,,,,,,,,,,,,,,,,,,,,,,,,,,,,,,,,,,,,,,,,,,,,,,,,,,,,,,,,,,,,,,,,,,,,,,,,,,,,,,,,,,,,,,,,,,,,,,,,
Apartment/D00792_rm.obj,Apartment,manhattan+emd,neutral,HumanHead,Mug,HumanHead,HumanHead,HumanHead,Mug,HumanHead,Hat,HumanHead,Mug,Apartment,HumanHead,Mug,Apartment,HumanHead,Hat,HumanHead,HumanHead,Vase,House,Mug,HumanHead,,,,,,,,,,,,,,,,,,,,,,,,,,,,,,,,,,,,,,,,,,,,,,,,,,,,,,,,,,,,,,,,,,,,,,,,,,,,,,,,,,,,,,,,,,,,,,,,,,,,,,,,,,,,,,,,,,,,,,,,
Apartment/D00792_rm.obj,Apartment,manhattan+kullback-leibler,neutral,HumanHead,HumanHead,Mug,Hat,Mug,HumanHead,HumanHead,Mug,Apartment,Mug,HumanHead,Apartment,HumanHead,Wheel,Hat,Drum,HumanHead,HumanHead,HumanHead,HumanHead,House,Monitor,,,,,,,,,,,,,,,,,,,,,,,,,,,,,,,,,,,,,,,,,,,,,,,,,,,,,,,,,,,,,,,,,,,,,,,,,,,,,,,,,,,,,,,,,,,,,,,,,,,,,,,,,,,,,,,,,,,,,,,,
Apartment/D00792_rm.obj,Apartment,knn,neutral,HumanHead,Mug,HumanHead,HumanHead,Hat,Apartment,Mug,Hat,Mug,Mug,HumanHead,Drum,HumanHead,Apartment,Vase,HumanHead,Wheel,House,Monitor,Drum,HumanHead,HumanHead,,,,,,,,,,,,,,,,,,,,,,,,,,,,,,,,,,,,,,,,,,,,,,,,,,,,,,,,,,,,,,,,,,,,,,,,,,,,,,,,,,,,,,,,,,,,,,,,,,,,,,,,,,,,,,,,,,,,,,,,
Apartment/D00478_rm.obj,Apartment,euclidean,neutral,Apartment,House,House,Quadruped,HumanHead,Apartment,Bookset,Drum,Vase,Apartment,Drum,HumanHead,Apartment,HumanHead,House,RectangleTable,Quadruped,MilitaryVehicle,Computer,Bookset,Mug,BuildingNonResidential,,,,,,,,,,,,,,,,,,,,,,,,,,,,,,,,,,,,,,,,,,,,,,,,,,,,,,,,,,,,,,,,,,,,,,,,,,,,,,,,,,,,,,,,,,,,,,,,,,,,,,,,,,,,,,,,,,,,,,,,
Apartment/D00478_rm.obj,Apartment,cosine,neutral,Apartment,Vase,BuildingNonResidential,Quadruped,House,House,Car,Apartment,Monitor,House,BuildingNonResidential,Bookset,HumanHead,Wheel,Drum,HumanHead,Cup,House,TruckNonContainer,Bookset,Bookset,Drum,,,,,,,,,,,,,,,,,,,,,,,,,,,,,,,,,,,,,,,,,,,,,,,,,,,,,,,,,,,,,,,,,,,,,,,,,,,,,,,,,,,,,,,,,,,,,,,,,,,,,,,,,,,,,,,,,,,,,,,,
Apartment/D00478_rm.obj,Apartment,manhattan,neutral,Apartment,House,House,Quadruped,Vase,Apartment,Apartment,HumanHead,Apartment,HumanHead,MilitaryVehicle,House,Drum,BuildingNonResidential,Bookset,Quadruped,Hand,HumanHead,Monitor,Drum,BuildingNonResidential,Bookset,,,,,,,,,,,,,,,,,,,,,,,,,,,,,,,,,,,,,,,,,,,,,,,,,,,,,,,,,,,,,,,,,,,,,,,,,,,,,,,,,,,,,,,,,,,,,,,,,,,,,,,,,,,,,,,,,,,,,,,,
Apartment/D00478_rm.obj,Apartment,manhattan+chi-squared,neutral,Apartment,House,House,Quadruped,Drum,HumanHead,Bookset,Apartment,Apartment,Drum,HumanHead,HumanHead,Vase,RectangleTable,Apartment,House,Computer,Quadruped,Bookset,MilitaryVehicle,Monitor,Bookset,,,,,,,,,,,,,,,,,,,,,,,,,,,,,,,,,,,,,,,,,,,,,,,,,,,,,,,,,,,,,,,,,,,,,,,,,,,,,,,,,,,,,,,,,,,,,,,,,,,,,,,,,,,,,,,,,,,,,,,,
Apartment/D00478_rm.obj,Apartment,manhattan+emd,neutral,Apartment,Vase,Apartment,Quadruped,Apartment,Apartment,BuildingNonResidential,MilitaryVehicle,Car,Bookset,HumanHead,Car,Quadruped,HumanHead,BuildingNonResidential,Chess,TruckNonContainer,Hand,HumanHead,House,Bookset,Bookset,,,,,,,,,,,,,,,,,,,,,,,,,,,,,,,,,,,,,,,,,,,,,,,,,,,,,,,,,,,,,,,,,,,,,,,,,,,,,,,,,,,,,,,,,,,,,,,,,,,,,,,,,,,,,,,,,,,,,,,,
Apartment/D00478_rm.obj,Apartment,manhattan+kullback-leibler,neutral,Apartment,House,House,Quadruped,Apartment,HumanHead,Apartment,Apartment,Vase,HumanHead,Bookset,Drum,Drum,House,Quadruped,HumanHead,MilitaryVehicle,Monitor,Bookset,Computer,RectangleTable,BuildingNonResidential,,,,,,,,,,,,,,,,,,,,,,,,,,,,,,,,,,,,,,,,,,,,,,,,,,,,,,,,,,,,,,,,,,,,,,,,,,,,,,,,,,,,,,,,,,,,,,,,,,,,,,,,,,,,,,,,,,,,,,,,
Apartment/D00478_rm.obj,Apartment,knn,neutral,Apartment,House,House,Quadruped,Apartment,Apartment,Bookset,HumanHead,Vase,Drum,Drum,HumanHead,Apartment,RectangleTable,HumanHead,House,Computer,BuildingNonResidential,Monitor,RectangleTable,Shelf,Quadruped,,,,,,,,,,,,,,,,,,,,,,,,,,,,,,,,,,,,,,,,,,,,,,,,,,,,,,,,,,,,,,,,,,,,,,,,,,,,,,,,,,,,,,,,,,,,,,,,,,,,,,,,,,,,,,,,,,,,,,,,
Apartment/D00496_rm.obj,Apartment,euclidean,neutral,Mug,RectangleTable,Mug,Bird,HumanHead,HumanHead,BuildingNonResidential,House,Wheel,HumanHead,Monitor,HumanHead,HumanHead,DeskLamp,Hat,HumanHead,HumanHead,HumanHead,HumanHead,PianoBoard,Mug,BuildingNonResidential,,,,,,,,,,,,,,,,,,,,,,,,,,,,,,,,,,,,,,,,,,,,,,,,,,,,,,,,,,,,,,,,,,,,,,,,,,,,,,,,,,,,,,,,,,,,,,,,,,,,,,,,,,,,,,,,,,,,,,,,
Apartment/D00496_rm.obj,Apartment,cosine,neutral,Computer,Shelf,Computer,PianoBoard,Bed,Shelf,PianoBoard,Car,Bed,Vase,MultiSeat,MultiSeat,House,House,Mug,Vase,Chess,Computer,HumanHead,Hat,MultiSeat,Chess,,,,,,,,,,,,,,,,,,,,,,,,,,,,,,,,,,,,,,,,,,,,,,,,,,,,,,,,,,,,,,,,,,,,,,,,,,,,,,,,,,,,,,,,,,,,,,,,,,,,,,,,,,,,,,,,,,,,,,,,
Apartment/D00496_rm.obj,Apartment,manhattan,neutral,Mug,RectangleTable,House,Mug,Bird,Wheel,HumanHead,HumanHead,Shelf,BuildingNonResidential,PianoBoard,HumanHead,DeskLamp,PianoBoard,Monitor,HumanHead,HumanHead,PianoBoard,HumanHead,Apartment,PianoBoard,Shelf,,,,,,,,,,,,,,,,,,,,,,,,,,,,,,,,,,,,,,,,,,,,,,,,,,,,,,,,,,,,,,,,,,,,,,,,,,,,,,,,,,,,,,,,,,,,,,,,,,,,,,,,,,,,,,,,,,,,,,,,
Apartment/D00496_rm.obj,Apartment,manhattan+chi-squared,neutral,Mug,RectangleTable,Mug,Bird,HumanHead,HumanHead,BuildingNonResidential,Wheel,HumanHead,House,Monitor,HumanHead,DeskLamp,HumanHead,Hat,HumanHead,HumanHead,HumanHead,HumanHead,PianoBoard,Mug,BuildingNonResidential,,,,,,,,,,,,,,,,,,,,,,,,,,,,,,,,,,,,,,,,,,,,,,,,,,,,,,,,,,,,,,,,,,,,,,,,,,,,,,,,,,,,,,,,,,,,,,,,,,,,,,,,,,,,,,,,,,,,,,,,
Apartment/D00496_rm.obj,Apartment,manhattan+emd,neutral,RectangleTable,House,Wheel,Shelf,PianoBoard,Apartment,Mug,PianoBoard,PianoBoard,DeskLamp,House,PianoBoard,Mug,Bird,Vase,Mug,BuildingNonResidential,Vase,Shelf,RectangleTable,Computer,PianoBoard,,,,,,,,,,,,,,,,,,,,,,,,,,,,,,,,,,,,,,,,,,,,,,,,,,,,,,,,,,,,,,,,,,,,,,,,,,,,,,,,,,,,,,,,,,,,,,,,,,,,,,,,,,,,,,,,,,,,,,,,
Apartment/D00496_rm.obj,Apartment,manhattan+kullback-leibler,neutral,RectangleTable,Mug,House,Mug,DeskLamp,Bird,HumanHead,HumanHead,PianoBoard,BuildingNonResidential,PianoBoard,PianoBoard,Mug,BuildingNonResidential,Shelf,Apartment,HumanHead,Shelf,PianoBoard,Wheel,Monitor,Chess,,,,,,,,,,,,,,,,,,,,,,,,,,,,,,,,,,,,,,,,,,,,,,,,,,,,,,,,,,,,,,,,,,,,,,,,,,,,,,,,,,,,,,,,,,,,,,,,,,,,,,,,,,,,,,,,,,,,,,,,
Apartment/D00496_rm.obj,Apartment,knn,neutral,Mug,RectangleTable,Bird,Mug,HumanHead,BuildingNonResidential,HumanHead,HumanHead,Wheel,Monitor,House,HumanHead,HumanHead,HumanHead,Hat,HumanHead,Apartment,BuildingNonResidential,PianoBoard,PianoBoard,Apartment,DeskLamp,,,,,,,,,,,,,,,,,,,,,,,,,,,,,,,,,,,,,,,,,,,,,,,,,,,,,,,,,,,,,,,,,,,,,,,,,,,,,,,,,,,,,,,,,,,,,,,,,,,,,,,,,,,,,,,,,,,,,,,,
AircraftBuoyant/m1339_rm.obj,AircraftBuoyant,euclidean,neutral,BuildingNonResidential,House,Vase,Monitor,MilitaryVehicle,HumanHead,House,HumanHead,Quadruped,HumanHead,FloorLamp,HumanHead,House,Car,Bookset,,,,,,,,,,,,,,,,,,,,,,,,,,,,,,,,,,,,,,,,,,,,,,,,,,,,,,,,,,,,,,,,,,,,,,,,,,,,,,,,,,,,,,,,,,,,,,,,,,,,,,,,,,,,,,,,,,,,,,,,,,,,,,,
AircraftBuoyant/m1339_rm.obj,AircraftBuoyant,cosine,neutral,HumanHead,HumanHead,Apartment,Monitor,House,Vase,HumanHead,House,Quadruped,House,Cup,House,MilitaryVehicle,Car,Apartment,,,,,,,,,,,,,,,,,,,,,,,,,,,,,,,,,,,,,,,,,,,,,,,,,,,,,,,,,,,,,,,,,,,,,,,,,,,,,,,,,,,,,,,,,,,,,,,,,,,,,,,,,,,,,,,,,,,,,,,,,,,,,,,
AircraftBuoyant/m1339_rm.obj,AircraftBuoyant,manhattan,neutral,Vase,HumanHead,House,House,MilitaryVehicle,Monitor,HumanHead,HumanHead,Quadruped,BuildingNonResidential,HumanHead,FloorLamp,Apartment,House,House,,,,,,,,,,,,,,,,,,,,,,,,,,,,,,,,,,,,,,,,,,,,,,,,,,,,,,,,,,,,,,,,,,,,,,,,,,,,,,,,,,,,,,,,,,,,,,,,,,,,,,,,,,,,,,,,,,,,,,,,,,,,,,,
AircraftBuoyant/m1339_rm.obj,AircraftBuoyant,manhattan+chi-squared,neutral,BuildingNonResidential,House,Vase,Monitor,MilitaryVehicle,FloorLamp,House,HumanHead,HumanHead,Quadruped,House,HumanHead,HumanHead,Car,Bookset,,,,,,,,,,,,,,,,,,,,,,,,,,,,,,,,,,,,,,,,,,,,,,,,,,,,,,,,,,,,,,,,,,,,,,,,,,,,,,,,,,,,,,,,,,,,,,,,,,,,,,,,,,,,,,,,,,,,,,,,,,,,,,,
AircraftBuoyant/m1339_rm.obj,AircraftBuoyant,manhattan+emd,neutral,House,House,House,Quadruped,Vase,HumanHead,HumanHead,MilitaryVehicle,HumanHead,Monitor,Hat,House,House,FloorLamp,Drum,,,,,,,,,,,,,,,,,,,,,,,,,,,,,,,,,,,,,,,,,,,,,,,,,,,,,,,,,,,,,,,,,,,,,,,,,,,,,,,,,,,,,,,,,,,,,,,,,,,,,,,,,,,,,,,,,,,,,,,,,,,,,,,
AircraftBuoyant/m1339_rm.obj,AircraftBuoyant,manhattan+kullback-leibler,neutral,House,MilitaryVehicle,Monitor,BuildingNonResidential,House,Quadruped,HumanHead,HumanHead,HumanHead,House,Bookset,Vase,House,Apartment,HumanHead,,,,,,,,,,,,,,,,,,,,,,,,,,,,,,,,,,,,,,,,,,,,,,,,,,,,,,,,,,,,,,,,,,,,,,,,,,,,,,,,,,,,,,,,,,,,,,,,,,,,,,,,,,,,,,,,,,,,,,,,,,,,,,,
AircraftBuoyant/m1339_rm.obj,AircraftBuoyant,knn,neutral,House,MilitaryVehicle,BuildingNonResidential,Vase,House,Monitor,HumanHead,House,Quadruped,Car,FloorLamp,Bookset,HumanHead,HumanHead,TruckNonContainer,,,,,,,,,,,,,,,,,,,,,,,,,,,,,,,,,,,,,,,,,,,,,,,,,,,,,,,,,,,,,,,,,,,,,,,,,,,,,,,,,,,,,,,,,,,,,,,,,,,,,,,,,,,,,,,,,,,,,,,,,,,,,,,
Apartment/D00651_rm.obj,Apartment,euclidean,neutral,House,BuildingNonResidential,Apartment,Monitor,House,FloorLamp,PianoBoard,BuildingNonResidential,Bird,Mug,Hat,PianoBoard,RectangleTable,Mug,Wheel,RectangleTable,Mug,Shelf,PlantIndoors,Vase,Hat,BuildingNonResidential,,,,,,,,,,,,,,,,,,,,,,,,,,,,,,,,,,,,,,,,,,,,,,,,,,,,,,,,,,,,,,,,,,,,,,,,,,,,,,,,,,,,,,,,,,,,,,,,,,,,,,,,,,,,,,,,,,,,,,,,
Apartment/D00651_rm.obj,Apartment,cosine,neutral,Apartment,House,Hand,Hand,DeskLamp,Hat,Computer,Computer,House,Vase,HumanHead,House,HumanHead,HumanHead,Monitor,HumanHead,MilitaryVehicle,Bookset,Bird,HumanHead,HumanHead,Hat,,,,,,,,,,,,,,,,,,,,,,,,,,,,,,,,,,,,,,,,,,,,,,,,,,,,,,,,,,,,,,,,,,,,,,,,,,,,,,,,,,,,,,,,,,,,,,,,,,,,,,,,,,,,,,,,,,,,,,,,
Apartment/D00651_rm.obj,Apartment,manhattan,neutral,Apartment,BuildingNonResidential,House,House,Monitor,FloorLamp,BuildingNonResidential,Bird,Mug,Mug,Hat,PianoBoard,Hat,Mug,RectangleTable,Vase,PianoBoard,Wheel,BuildingNonResidential,RectangleTable,PlantIndoors,Monitor,,,,,,,,,,,,,,,,,,,,,,,,,,,,,,,,,,,,,,,,,,,,,,,,,,,,,,,,,,,,,,,,,,,,,,,,,,,,,,,,,,,,,,,,,,,,,,,,,,,,,,,,,,,,,,,,,,,,,,,,
Apartment/D00651_rm.obj,Apartment,manhattan+chi-squared,neutral,House,BuildingNonResidential,Monitor,Apartment,House,FloorLamp,PianoBoard,BuildingNonResidential,Bird,Hat,Mug,PianoBoard,Wheel,RectangleTable,Mug,RectangleTable,PlantIndoors,Mug,Shelf,Vase,Hat,BuildingNonResidential,,,,,,,,,,,,,,,,,,,,,,,,,,,,,,,,,,,,,,,,,,,,,,,,,,,,,,,,,,,,,,,,,,,,,,,,,,,,,,,,,,,,,,,,,,,,,,,,,,,,,,,,,,,,,,,,,,,,,,,,
Apartment/D00651_rm.obj,Apartment,manhattan+emd,neutral,Apartment,House,BuildingNonResidential,BuildingNonResidential,FloorLamp,House,Monitor,Hat,Bird,Mug,Vase,RectangleTable,Hat,Monitor,Mug,House,PlantIndoors,DeskLamp,House,Hat,PianoBoard,PianoBoard,,,,,,,,,,,,,,,,,,,,,,,,,,,,,,,,,,,,,,,,,,,,,,,,,,,,,,,,,,,,,,,,,,,,,,,,,,,,,,,,,,,,,,,,,,,,,,,,,,,,,,,,,,,,,,,,,,,,,,,,
Apartment/D00651_rm.obj,Apartment,manhattan+kullback-leibler,neutral,BuildingNonResidential,House,Apartment,House,Monitor,FloorLamp,BuildingNonResidential,Bird,PianoBoard,Mug,Hat,RectangleTable,Mug,RectangleTable,PianoBoard,Mug,Wheel,PlantIndoors,Hat,BuildingNonResidential,Vase,Shelf,,,,,,,,,,,,,,,,,,,,,,,,,,,,,,,,,,,,,,,,,,,,,,,,,,,,,,,,,,,,,,,,,,,,,,,,,,,,,,,,,,,,,,,,,,,,,,,,,,,,,,,,,,,,,,,,,,,,,,,,
Apartment/D00651_rm.obj,Apartment,knn,neutral,House,BuildingNonResidential,Monitor,Apartment,PianoBoard,FloorLamp,House,BuildingNonResidential,Bird,Mug,PianoBoard,Hat,RectangleTable,Mug,Wheel,RectangleTable,PlantIndoors,Shelf,Hat,Mug,Chess,DeskLamp,,,,,,,,,,,,,,,,,,,,,,,,,,,,,,,,,,,,,,,,,,,,,,,,,,,,,,,,,,,,,,,,,,,,,,,,,,,,,,,,,,,,,,,,,,,,,,,,,,,,,,,,,,,,,,,,,,,,,,,,
Apartment/D00086_rm.obj,Apartment,euclidean,neutral,Hand,MilitaryVehicle,HumanHead,Quadruped,Cup,Apartment,Truck,Mug,Shelf,Shelf,DeskPhone,Shelf,Mug,Starship,Car,Bookset,Shelf,Drum,Bottle,HumanHead,Bookset,Vase,,,,,,,,,,,,,,,,,,,,,,,,,,,,,,,,,,,,,,,,,,,,,,,,,,,,,,,,,,,,,,,,,,,,,,,,,,,,,,,,,,,,,,,,,,,,,,,,,,,,,,,,,,,,,,,,,,,,,,,,
Apartment/D00086_rm.obj,Apartment,cosine,neutral,Shelf,Quadruped,Shelf,Starship,House,Apartment,Car,RectangleTable,DeskPhone,MilitaryVehicle,Bookset,Quadruped,HumanHead,BuildingNonResidential,Bottle,Mug,Quadruped,Starship,Bookset,Bookset,Car,Hand,,,,,,,,,,,,,,,,,,,,,,,,,,,,,,,,,,,,,,,,,,,,,,,,,,,,,,,,,,,,,,,,,,,,,,,,,,,,,,,,,,,,,,,,,,,,,,,,,,,,,,,,,,,,,,,,,,,,,,,,
Apartment/D00086_rm.obj,Apartment,manhattan,neutral,Hand,MilitaryVehicle,Quadruped,HumanHead,Apartment,Shelf,Starship,Mug,Truck,Mug,DeskPhone,House,Apartment,House,Shelf,Shelf,Shelf,Bookset,HumanHead,House,Bookset,Quadruped,,,,,,,,,,,,,,,,,,,,,,,,,,,,,,,,,,,,,,,,,,,,,,,,,,,,,,,,,,,,,,,,,,,,,,,,,,,,,,,,,,,,,,,,,,,,,,,,,,,,,,,,,,,,,,,,,,,,,,,,
Apartment/D00086_rm.obj,Apartment,manhattan+chi-squared,neutral,Hand,MilitaryVehicle,HumanHead,Cup,Quadruped,Apartment,Truck,Mug,Shelf,Shelf,DeskPhone,Shelf,Car,Bookset,Bookset,Mug,HumanHead,Starship,Bookset,Computer,Quadruped,Wheel,,,,,,,,,,,,,,,,,,,,,,,,,,,,,,,,,,,,,,,,,,,,,,,,,,,,,,,,,,,,,,,,,,,,,,,,,,,,,,,,,,,,,,,,,,,,,,,,,,,,,,,,,,,,,,,,,,,,,,,,
Apartment/D00086_rm.obj,Apartment,manhattan+emd,neutral,MilitaryVehicle,Apartment,House,Mug,HumanHead,Hand,Quadruped,Quadruped,House,Apartment,House,Starship,House,HumanHead,Starship,Vase,HumanHead,Apartment,Monitor,Apartment,House,Car,,,,,,,,,,,,,,,,,,,,,,,,,,,,,,,,,,,,,,,,,,,,,,,,,,,,,,,,,,,,,,,,,,,,,,,,,,,,,,,,,,,,,,,,,,,,,,,,,,,,,,,,,,,,,,,,,,,,,,,,
Apartment/D00086_rm.obj,Apartment,manhattan+kullback-leibler,neutral,Hand,MilitaryVehicle,HumanHead,Quadruped,Apartment,Mug,Truck,Shelf,Bookset,Starship,Bookset,Quadruped,Computer,Car,BuildingNonResidential,HumanHead,Shelf,Bookset,House,Bookset,Bookset,House,,,,,,,,,,,,,,,,,,,,,,,,,,,,,,,,,,,,,,,,,,,,,,,,,,,,,,,,,,,,,,,,,,,,,,,,,,,,,,,,,,,,,,,,,,,,,,,,,,,,,,,,,,,,,,,,,,,,,,,,
Apartment/D00086_rm.obj,Apartment,knn,neutral,HumanHead,Hand,MilitaryVehicle,Quadruped,Apartment,Cup,Mug,Mug,Truck,Bookset,Shelf,Car,Shelf,Drum,Bookset,Shelf,Bookset,BuildingNonResidential,BuildingNonResidential,BuildingNonResidential,Shelf,HumanHead,,,,,,,,,,,,,,,,,,,,,,,,,,,,,,,,,,,,,,,,,,,,,,,,,,,,,,,,,,,,,,,,,,,,,,,,,,,,,,,,,,,,,,,,,,,,,,,,,,,,,,,,,,,,,,,,,,,,,,,,
Apartment/D00310_rm.obj,Apartment,euclidean,neutral,Car,MilitaryVehicle,Truck,Bus,Starship,Hand,Train,DeskPhone,Shelf,Car,MultiSeat,Hand,Bookset,Bus,Car,MultiSeat,Car,RectangleTable,House,Quadruped,PianoBoard,MultiSeat,,,,,,,,,,,,,,,,,,,,,,,,,,,,,,,,,,,,,,,,,,,,,,,,,,,,,,,,,,,,,,,,,,,,,,,,,,,,,,,,,,,,,,,,,,,,,,,,,,,,,,,,,,,,,,,,,,,,,,,,
Apartment/D00310_rm.obj,Apartment,cosine,neutral,Bus,BuildingNonResidential,MultiSeat,MultiSeat,Quadruped,Car,Bookset,House,MilitaryVehicle,TruckNonContainer,MultiSeat,Truck,Car,Starship,Car,Car,BuildingNonResidential,Hand,Bird,MultiSeat,MultiSeat,DeskPhone,,,,,,,,,,,,,,,,,,,,,,,,,,,,,,,,,,,,,,,,,,,,,,,,,,,,,,,,,,,,,,,,,,,,,,,,,,,,,,,,,,,,,,,,,,,,,,,,,,,,,,,,,,,,,,,,,,,,,,,,
Apartment/D00310_rm.obj,Apartment,manhattan,neutral,Car,Bus,MilitaryVehicle,Truck,Bookset,Bus,House,Shelf,MultiSeat,Train,Starship,DeskPhone,Hand,Car,Car,MultiSeat,Hand,Bird,Car,Hand,RectangleTable,Car,,,,,,,,,,,,,,,,,,,,,,,,,,,,,,,,,,,,,,,,,,,,,,,,,,,,,,,,,,,,,,,,,,,,,,,,,,,,,,,,,,,,,,,,,,,,,,,,,,,,,,,,,,,,,,,,,,,,,,,,
Apartment/D00310_rm.obj,Apartment,manhattan+chi-squared,neutral,Truck,Car,MilitaryVehicle,Shelf,Train,MultiSeat,Hand,Car,MultiSeat,Starship,MultiSeat,Car,Shelf,Quadruped,Hand,DeskPhone,Bus,PianoBoard,Car,Truck,Bus,ClassicPiano,,,,,,,,,,,,,,,,,,,,,,,,,,,,,,,,,,,,,,,,,,,,,,,,,,,,,,,,,,,,,,,,,,,,,,,,,,,,,,,,,,,,,,,,,,,,,,,,,,,,,,,,,,,,,,,,,,,,,,,,
Apartment/D00310_rm.obj,Apartment,manhattan+emd,neutral,Car,MilitaryVehicle,Bus,Bus,Train,Starship,Car,Shelf,MultiSeat,ClassicPiano,Car,Bird,Car,Car,Quadruped,TruckNonContainer,Bookset,BuildingNonResidential,Hand,Hand,MultiSeat,MultiSeat,,,,,,,,,,,,,,,,,,,,,,,,,,,,,,,,,,,,,,,,,,,,,,,,,,,,,,,,,,,,,,,,,,,,,,,,,,,,,,,,,,,,,,,,,,,,,,,,,,,,,,,,,,,,,,,,,,,,,,,,
Apartment/D00310_rm.obj,Apartment,manhattan+kullback-leibler,neutral,Shelf,Truck,Train,Bus,Car,MultiSeat,MilitaryVehicle,MultiSeat,Hand,Car,Quadruped,Car,MultiSeat,ClassicPiano,Car,House,MultiSeat,Hand,Car,Car,RectangleTable,Shelf,,,,,,,,,,,,,,,,,,,,,,,,,,,,,,,,,,,,,,,,,,,,,,,,,,,,,,,,,,,,,,,,,,,,,,,,,,,,,,,,,,,,,,,,,,,,,,,,,,,,,,,,,,,,,,,,,,,,,,,,
Apartment/D00310_rm.obj,Apartment,knn,neutral,Car,MilitaryVehicle,Truck,Bus,Train,DeskPhone,MultiSeat,RectangleTable,Starship,Bookset,Car,Car,Shelf,Hand,MultiSeat,Hand,Car,Car,Quadruped,MultiSeat,Car,Bus,,,,,,,,,,,,,,,,,,,,,,,,,,,,,,,,,,,,,,,,,,,,,,,,,,,,,,,,,,,,,,,,,,,,,,,,,,,,,,,,,,,,,,,,,,,,,,,,,,,,,,,,,,,,,,,,,,,,,,,,
Apartment/D00780_rm.obj,Apartment,euclidean,neutral,Car,Shelf,Shelf,Cup,PianoBoard,MultiSeat,House,Shelf,Car,House,Car,Chess,Shelf,Car,Shelf,BuildingNonResidential,Shelf,Chess,Shelf,Shelf,Wheel,TruckNonContainer,,,,,,,,,,,,,,,,,,,,,,,,,,,,,,,,,,,,,,,,,,,,,,,,,,,,,,,,,,,,,,,,,,,,,,,,,,,,,,,,,,,,,,,,,,,,,,,,,,,,,,,,,,,,,,,,,,,,,,,,
Apartment/D00780_rm.obj,Apartment,cosine,neutral,Bed,MultiSeat,RectangleTable,MultiSeat,DeskPhone,Shelf,Shelf,MultiSeat,Truck,House,House,Car,MultiSeat,Car,Cup,TruckNonContainer,RectangleTable,Car,Shelf,MilitaryVehicle,Vase,TruckNonContainer,,,,,,,,,,,,,,,,,,,,,,,,,,,,,,,,,,,,,,,,,,,,,,,,,,,,,,,,,,,,,,,,,,,,,,,,,,,,,,,,,,,,,,,,,,,,,,,,,,,,,,,,,,,,,,,,,,,,,,,,
Apartment/D00780_rm.obj,Apartment,manhattan,neutral,Shelf,PianoBoard,Shelf,Shelf,Shelf,House,Bed,Shelf,Shelf,MultiSeat,House,Shelf,Bed,Car,Shelf,Car,MultiSeat,Shelf,Cup,BuildingNonResidential,Shelf,DeskPhone,,,,,,,,,,,,,,,,,,,,,,,,,,,,,,,,,,,,,,,,,,,,,,,,,,,,,,,,,,,,,,,,,,,,,,,,,,,,,,,,,,,,,,,,,,,,,,,,,,,,,,,,,,,,,,,,,,,,,,,,
Apartment/D00780_rm.obj,Apartment,manhattan+chi-squared,neutral,Car,Cup,Shelf,Shelf,MultiSeat,Car,PianoBoard,Chess,House,House,Shelf,Car,Chess,Shelf,Car,TruckNonContainer,Shelf,BuildingNonResidential,Shelf,Shelf,Quadruped,MultiSeat,,,,,,,,,,,,,,,,,,,,,,,,,,,,,,,,,,,,,,,,,,,,,,,,,,,,,,,,,,,,,,,,,,,,,,,,,,,,,,,,,,,,,,,,,,,,,,,,,,,,,,,,,,,,,,,,,,,,,,,,
Apartment/D00780_rm.obj,Apartment,manhattan+emd,neutral,Shelf,Shelf,Shelf,Shelf,Shelf,Shelf,Shelf,Shelf,Shelf,Shelf,Bed,Wheel,Bed,Shelf,Bed,Bed,City,Shelf,DeskPhone,Shelf,Shelf,Wheel,,,,,,,,,,,,,,,,,,,,,,,,,,,,,,,,,,,,,,,,,,,,,,,,,,,,,,,,,,,,,,,,,,,,,,,,,,,,,,,,,,,,,,,,,,,,,,,,,,,,,,,,,,,,,,,,,,,,,,,,
Apartment/D00780_rm.obj,Apartment,manhattan+kullback-leibler,neutral,Car,Shelf,PianoBoard,Shelf,MultiSeat,Shelf,MultiSeat,Bed,BuildingNonResidential,Shelf,Chess,Shelf,TruckNonContainer,Shelf,Chess,MultiSeat,Shelf,MilitaryVehicle,House,DeskPhone,Shelf,Truck,,,,,,,,,,,,,,,,,,,,,,,,,,,,,,,,,,,,,,,,,,,,,,,,,,,,,,,,,,,,,,,,,,,,,,,,,,,,,,,,,,,,,,,,,,,,,,,,,,,,,,,,,,,,,,,,,,,,,,,,
Apartment/D00780_rm.obj,Apartment,knn,neutral,PianoBoard,Car,House,MultiSeat,Cup,Shelf,House,Car,Shelf,Shelf,Shelf,Car,TruckNonContainer,BuildingNonResidential,MultiSeat,RectangleTable,Car,Chess,Shelf,Chess,Shelf,Biplane,,,,,,,,,,,,,,,,,,,,,,,,,,,,,,,,,,,,,,,,,,,,,,,,,,,,,,,,,,,,,,,,,,,,,,,,,,,,,,,,,,,,,,,,,,,,,,,,,,,,,,,,,,,,,,,,,,,,,,,,
Apartment/m463_rm.obj,Apartment,euclidean,neutral,Hat,ClassicPiano,Ship,Helicopter,ClassicPiano,House,NonWheelChair,NonWheelChair,PlantIndoors,Computer,NonWheelChair,NonWheelChair,BuildingNonResidential,Insect,PlantIndoors,NonWheelChair,Quadruped,Tree,MultiSeat,NonWheelChair,PlantIndoors,Insect,,,,,,,,,,,,,,,,,,,,,,,,,,,,,,,,,,,,,,,,,,,,,,,,,,,,,,,,,,,,,,,,,,,,,,,,,,,,,,,,,,,,,,,,,,,,,,,,,,,,,,,,,,,,,,,,,,,,,,,,
Apartment/m463_rm.obj,Apartment,cosine,neutral,ClassicPiano,Hat,Computer,Quadruped,NonWheelChair,Helicopter,NonWheelChair,House,Computer,Ship,ClassicPiano,NonWheelChair,MultiSeat,BuildingNonResidential,Bookset,Computer,NonWheelChair,NonWheelChair,Computer,NonWheelChair,Bookset,Bookset,,,,,,,,,,,,,,,,,,,,,,,,,,,,,,,,,,,,,,,,,,,,,,,,,,,,,,,,,,,,,,,,,,,,,,,,,,,,,,,,,,,,,,,,,,,,,,,,,,,,,,,,,,,,,,,,,,,,,,,,
Apartment/m463_rm.obj,Apartment,manhattan,neutral,Hat,ClassicPiano,ClassicPiano,Ship,NonWheelChair,Helicopter,House,NonWheelChair,NonWheelChair,PlantIndoors,Computer,NonWheelChair,Quadruped,Computer,Computer,Tree,Insect,NonWheelChair,Computer,NonWheelChair,NonWheelChair,BuildingNonResidential,,,,,,,,,,,,,,,,,,,,,,,,,,,,,,,,,,,,,,,,,,,,,,,,,,,,,,,,,,,,,,,,,,,,,,,,,,,,,,,,,,,,,,,,,,,,,,,,,,,,,,,,,,,,,,,,,,,,,,,,
Apartment/m463_rm.obj,Apartment,manhattan+chi-squared,neutral,ClassicPiano,Hat,Ship,Helicopter,House,NonWheelChair,ClassicPiano,PlantIndoors,NonWheelChair,PlantIndoors,Computer,Insect,PlantIndoors,PlantIndoors,BuildingNonResidential,Insect,NonWheelChair,NonWheelChair,MultiSeat,NonWheelChair,Quadruped,PlantIndoors,,,,,,,,,,,,,,,,,,,,,,,,,,,,,,,,,,,,,,,,,,,,,,,,,,,,,,,,,,,,,,,,,,,,,,,,,,,,,,,,,,,,,,,,,,,,,,,,,,,,,,,,,,,,,,,,,,,,,,,,
Apartment/m463_rm.obj,Apartment,manhattan+emd,neutral,ClassicPiano,Hat,NonWheelChair,NonWheelChair,Computer,PlantIndoors,NonWheelChair,NonWheelChair,MilitaryVehicle,NonWheelChair,Ship,Insect,Tree,ClassicPiano,NonWheelChair,NonWheelChair,NonWheelChair,Quadruped,MultiSeat,ClassicPiano,Bookset,BuildingNonResidential,,,,,,,,,,,,,,,,,,,,,,,,,,,,,,,,,,,,,,,,,,,,,,,,,,,,,,,,,,,,,,,,,,,,,,,,,,,,,,,,,,,,,,,,,,,,,,,,,,,,,,,,,,,,,,,,,,,,,,,,
Apartment/m463_rm.obj,Apartment,manhattan+kullback-leibler,neutral,ClassicPiano,Hat,Helicopter,ClassicPiano,PlantIndoors,Computer,Ship,Quadruped,BuildingNonResidential,PlantIndoors,House,Insect,Bookset,NonWheelChair,PlantIndoors,NonWheelChair,BuildingNonResidential,NonWheelChair,Computer,Computer,Computer,Computer,,,,,,,,,,,,,,,,,,,,,,,,,,,,,,,,,,,,,,,,,,,,,,,,,,,,,,,,,,,,,,,,,,,,,,,,,,,,,,,,,,,,,,,,,,,,,,,,,,,,,,,,,,,,,,,,,,,,,,,,
Apartment/m463_rm.obj,Apartment,knn,neutral,Hat,ClassicPiano,Ship,Helicopter,ClassicPiano,NonWheelChair,House,NonWheelChair,NonWheelChair,Computer,BuildingNonResidential,Quadruped,NonWheelChair,Insect,NonWheelChair,PlantIndoors,PlantIndoors,Computer,Computer,NonWheelChair,PlantIndoors,MultiSeat,,,,,,,,,,,,,,,,,,,,,,,,,,,,,,,,,,,,,,,,,,,,,,,,,,,,,,,,,,,,,,,,,,,,,,,,,,,,,,,,,,,,,,,,,,,,,,,,,,,,,,,,,,,,,,,,,,,,,,,,
Apartment/m465_rm.obj,Apartment,euclidean,neutral,Skyscraper,Skyscraper,Rocket,AircraftBuoyant,Train,Train,Train,Skyscraper,Train,Skyscraper,Train,Train,BuildingNonResidential,Train,Humanoid,Ship,Humanoid,Skyscraper,Skyscraper,Hand,Hand,Rocket,,,,,,,,,,,,,,,,,,,,,,,,,,,,,,,,,,,,,,,,,,,,,,,,,,,,,,,,,,,,,,,,,,,,,,,,,,,,,,,,,,,,,,,,,,,,,,,,,,,,,,,,,,,,,,,,,,,,,,,,
Apartment/m465_rm.obj,Apartment,cosine,neutral,Skyscraper,Train,Train,Train,Rocket,Skyscraper,Skyscraper,AircraftBuoyant,Train,Skyscraper,Skyscraper,Train,Train,Skyscraper,Rocket,Train,Ship,Humanoid,Train,Humanoid,Bus,Hand,,,,,,,,,,,,,,,,,,,,,,,,,,,,,,,,,,,,,,,,,,,,,,,,,,,,,,,,,,,,,,,,,,,,,,,,,,,,,,,,,,,,,,,,,,,,,,,,,,,,,,,,,,,,,,,,,,,,,,,,
Apartment/m465_rm.obj,Apartment,manhattan,neutral,Skyscraper,Skyscraper,Train,Train,Train,Train,Rocket,Train,AircraftBuoyant,Skyscraper,Train,Train,Skyscraper,Skyscraper,Skyscraper,Humanoid,Rocket,BuildingNonResidential,Hand,Train,Hand,Ship,,,,,,,,,,,,,,,,,,,,,,,,,,,,,,,,,,,,,,,,,,,,,,,,,,,,,,,,,,,,,,,,,,,,,,,,,,,,,,,,,,,,,,,,,,,,,,,,,,,,,,,,,,,,,,,,,,,,,,,,
Apartment/m465_rm.obj,Apartment,manhattan+chi-squared,neutral,Skyscraper,Train,Train,Skyscraper,Train,Train,Skyscraper,Train,Skyscraper,Rocket,Skyscraper,Train,Ship,Rocket,Skyscraper,Train,AircraftBuoyant,Humanoid,Humanoid,BuildingNonResidential,Bus,Hand,,,,,,,,,,,,,,,,,,,,,,,,,,,,,,,,,,,,,,,,,,,,,,,,,,,,,,,,,,,,,,,,,,,,,,,,,,,,,,,,,,,,,,,,,,,,,,,,,,,,,,,,,,,,,,,,,,,,,,,,
Apartment/m465_rm.obj,Apartment,manhattan+emd,neutral,Skyscraper,Train,Train,Train,Train,Train,Rocket,Skyscraper,AircraftBuoyant,Rocket,Skyscraper,Train,Train,Skyscraper,Skyscraper,Humanoid,Motorcycle,Truck,Hand,Hand,Humanoid,Gun,,,,,,,,,,,,,,,,,,,,,,,,,,,,,,,,,,,,,,,,,,,,,,,,,,,,,,,,,,,,,,,,,,,,,,,,,,,,,,,,,,,,,,,,,,,,,,,,,,,,,,,,,,,,,,,,,,,,,,,,
Apartment/m465_rm.obj,Apartment,manhattan+kullback-leibler,neutral,Skyscraper,Train,Train,Skyscraper,Train,Train,Train,Skyscraper,Skyscraper,Train,Skyscraper,Train,Ship,Skyscraper,Rocket,Humanoid,Humanoid,Bus,Hand,Hand,AircraftBuoyant,Humanoid,,,,,,,,,,,,,,,,,,,,,,,,,,,,,,,,,,,,,,,,,,,,,,,,,,,,,,,,,,,,,,,,,,,,,,,,,,,,,,,,,,,,,,,,,,,,,,,,,,,,,,,,,,,,,,,,,,,,,,,,
Apartment/m465_rm.obj,Apartment,knn,neutral,Skyscraper,Skyscraper,Rocket,AircraftBuoyant,Train,Train,Train,Skyscraper,Train,BuildingNonResidential,Train,Humanoid,Hand,Skyscraper,Train,Hand,Rocket,Ship,Humanoid,Skyscraper,Skyscraper,Train,,,,,,,,,,,,,,,,,,,,,,,,,,,,,,,,,,,,,,,,,,,,,,,,,,,,,,,,,,,,,,,,,,,,,,,,,,,,,,,,,,,,,,,,,,,,,,,,,,,,,,,,,,,,,,,,,,,,,,,,
AircraftBuoyant/m1347_rm.obj,AircraftBuoyant,euclidean,neutral,Car,Car,Car,Car,Cellphone,Car,Car,Car,Train,Car,Rocket,MilitaryVehicle,Quadruped,Vase,Train,,,,,,,,,,,,,,,,,,,,,,,,,,,,,,,,,,,,,,,,,,,,,,,,,,,,,,,,,,,,,,,,,,,,,,,,,,,,,,,,,,,,,,,,,,,,,,,,,,,,,,,,,,,,,,,,,,,,,,,,,,,,,,,
AircraftBuoyant/m1347_rm.obj,AircraftBuoyant,cosine,neutral,Car,Car,Car,Car,Car,Train,Cellphone,Car,MilitaryVehicle,Car,Bus,Rocket,Quadruped,MultiSeat,Bus,,,,,,,,,,,,,,,,,,,,,,,,,,,,,,,,,,,,,,,,,,,,,,,,,,,,,,,,,,,,,,,,,,,,,,,,,,,,,,,,,,,,,,,,,,,,,,,,,,,,,,,,,,,,,,,,,,,,,,,,,,,,,,,
AircraftBuoyant/m1347_rm.obj,AircraftBuoyant,manhattan,neutral,Car,Car,Car,Cellphone,Car,Car,Car,Car,Vase,MilitaryVehicle,Quadruped,Car,Rocket,Train,Vase,,,,,,,,,,,,,,,,,,,,,,,,,,,,,,,,,,,,,,,,,,,,,,,,,,,,,,,,,,,,,,,,,,,,,,,,,,,,,,,,,,,,,,,,,,,,,,,,,,,,,,,,,,,,,,,,,,,,,,,,,,,,,,,
AircraftBuoyant/m1347_rm.obj,AircraftBuoyant,manhattan+chi-squared,neutral,Car,Car,Car,Car,Car,Cellphone,Car,Car,Car,Car,Car,Car,Car,Car,Bus,,,,,,,,,,,,,,,,,,,,,,,,,,,,,,,,,,,,,,,,,,,,,,,,,,,,,,,,,,,,,,,,,,,,,,,,,,,,,,,,,,,,,,,,,,,,,,,,,,,,,,,,,,,,,,,,,,,,,,,,,,,,,,,
AircraftBuoyant/m1347_rm.obj,AircraftBuoyant,manhattan+emd,neutral,Vase,Car,Bottle,Train,Vase,Train,Quadruped,Quadruped,Humanoid,Car,PlantIndoors,Bottle,Cellphone,Car,Hand,,,,,,,,,,,,,,,,,,,,,,,,,,,,,,,,,,,,,,,,,,,,,,,,,,,,,,,,,,,,,,,,,,,,,,,,,,,,,,,,,,,,,,,,,,,,,,,,,,,,,,,,,,,,,,,,,,,,,,,,,,,,,,,
AircraftBuoyant/m1347_rm.obj,AircraftBuoyant,manhattan+kullback-leibler,neutral,Car,Car,Car,Car,Car,Car,Car,Car,Cellphone,Bus,Car,Train,Car,Car,Humanoid,,,,,,,,,,,,,,,,,,,,,,,,,,,,,,,,,,,,,,,,,,,,,,,,,,,,,,,,,,,,,,,,,,,,,,,,,,,,,,,,,,,,,,,,,,,,,,,,,,,,,,,,,,,,,,,,,,,,,,,,,,,,,,,
AircraftBuoyant/m1347_rm.obj,AircraftBuoyant,knn,neutral,Car,Car,Car,Car,Car,Cellphone,Car,Car,Train,Car,Vase,Quadruped,Bus,Rocket,MilitaryVehicle,,,,,,,,,,,,,,,,,,,,,,,,,,,,,,,,,,,,,,,,,,,,,,,,,,,,,,,,,,,,,,,,,,,,,,,,,,,,,,,,,,,,,,,,,,,,,,,,,,,,,,,,,,,,,,,,,,,,,,,,,,,,,,,
Apartment/D00921_rm.obj,Apartment,euclidean,neutral,HumanHead,Hand,MilitaryVehicle,Quadruped,Mug,HumanHead,Drum,Apartment,Apartment,House,Apartment,House,Bookset,Apartment,HumanHead,Bookset,Drum,Bookset,Car,Computer,RectangleTable,Bookset,,,,,,,,,,,,,,,,,,,,,,,,,,,,,,,,,,,,,,,,,,,,,,,,,,,,,,,,,,,,,,,,,,,,,,,,,,,,,,,,,,,,,,,,,,,,,,,,,,,,,,,,,,,,,,,,,,,,,,,,
Apartment/D00921_rm.obj,Apartment,cosine,neutral,HumanHead,Hand,HumanHead,Bottle,Bookset,MilitaryVehicle,Quadruped,BuildingNonResidential,Bookset,Shelf,Bookset,Car,Car,Quadruped,ClassicPiano,House,Mug,Apartment,Car,NonWheelChair,Car,Truck,,,,,,,,,,,,,,,,,,,,,,,,,,,,,,,,,,,,,,,,,,,,,,,,,,,,,,,,,,,,,,,,,,,,,,,,,,,,,,,,,,,,,,,,,,,,,,,,,,,,,,,,,,,,,,,,,,,,,,,,
Apartment/D00921_rm.obj,Apartment,manhattan,neutral,Hand,HumanHead,MilitaryVehicle,Quadruped,HumanHead,Apartment,Apartment,Apartment,Bookset,Mug,Apartment,HumanHead,Bookset,Bookset,House,House,Quadruped,Computer,Bookset,BuildingNonResidential,BuildingNonResidential,Car,,,,,,,,,,,,,,,,,,,,,,,,,,,,,,,,,,,,,,,,,,,,,,,,,,,,,,,,,,,,,,,,,,,,,,,,,,,,,,,,,,,,,,,,,,,,,,,,,,,,,,,,,,,,,,,,,,,,,,,,
Apartment/D00921_rm.obj,Apartment,manhattan+chi-squared,neutral,HumanHead,Hand,MilitaryVehicle,Mug,Quadruped,HumanHead,Apartment,Drum,Apartment,House,Drum,HumanHead,House,RectangleTable,Apartment,Bookset,Bookset,Apartment,Computer,Bookset,Car,Cup,,,,,,,,,,,,,,,,,,,,,,,,,,,,,,,,,,,,,,,,,,,,,,,,,,,,,,,,,,,,,,,,,,,,,,,,,,,,,,,,,,,,,,,,,,,,,,,,,,,,,,,,,,,,,,,,,,,,,,,,
Apartment/D00921_rm.obj,Apartment,manhattan+emd,neutral,Hand,Quadruped,HumanHead,HumanHead,Apartment,Apartment,Apartment,MilitaryVehicle,BuildingNonResidential,BuildingNonResidential,Bottle,Bookset,Bookset,Bookset,HumanHead,Shelf,Apartment,Starship,ClassicPiano,House,Vase,RectangleTable,,,,,,,,,,,,,,,,,,,,,,,,,,,,,,,,,,,,,,,,,,,,,,,,,,,,,,,,,,,,,,,,,,,,,,,,,,,,,,,,,,,,,,,,,,,,,,,,,,,,,,,,,,,,,,,,,,,,,,,,
Apartment/D00921_rm.obj,Apartment,manhattan+kullback-leibler,neutral,Hand,MilitaryVehicle,HumanHead,Quadruped,HumanHead,Apartment,Mug,Apartment,Apartment,HumanHead,House,Bookset,House,Apartment,Bookset,Computer,Bookset,BuildingNonResidential,Car,Quadruped,Bookset,BuildingNonResidential,,,,,,,,,,,,,,,,,,,,,,,,,,,,,,,,,,,,,,,,,,,,,,,,,,,,,,,,,,,,,,,,,,,,,,,,,,,,,,,,,,,,,,,,,,,,,,,,,,,,,,,,,,,,,,,,,,,,,,,,
Apartment/D00921_rm.obj,Apartment,knn,neutral,HumanHead,Hand,MilitaryVehicle,Quadruped,Drum,Mug,HumanHead,Apartment,House,Apartment,Bookset,House,Apartment,Bookset,Computer,Drum,Apartment,Cup,Bookset,Shelf,Apartment,RectangleTable,,,,,,,,,,,,,,,,,,,,,,,,,,,,,,,,,,,,,,,,,,,,,,,,,,,,,,,,,,,,,,,,,,,,,,,,,,,,,,,,,,,,,,,,,,,,,,,,,,,,,,,,,,,,,,,,,,,,,,,,
AquaticAnimal/m56_rm.obj,AquaticAnimal,euclidean,neutral,AquaticAnimal,AquaticAnimal,Violin,Violin,Violin,Violin,Tool,Violin,Starship,Guitar,Guitar,Starship,Starship,Humanoid,Humanoid,AquaticAnimal,Violin,Tool,ComputerKeyboard,AquaticAnimal,Humanoid,Humanoid,Insect,Violin,Guitar,Ship,Violin,Humanoid,,,,,,,,,,,,,,,,,,,,,,,,,,,,,,,,,,,,,,,,,,,,,,,,,,,,,,,,,,,,,,,,,,,,,,,,,,,,,,,,,,,,,,,,,,,,,,,,,,,,,,,,,,,,,,,,,,
AquaticAnimal/m56_rm.obj,AquaticAnimal,cosine,neutral,AquaticAnimal,AquaticAnimal,AquaticAnimal,Violin,Violin,Starship,Violin,AquaticAnimal,Violin,AquaticAnimal,Humanoid,Starship,Insect,Humanoid,Humanoid,Humanoid,Gun,Humanoid,Jet,AquaticAnimal,Violin,AquaticAnimal,Violin,AquaticAnimal,Humanoid,Guitar,Tool,Humanoid,,,,,,,,,,,,,,,,,,,,,,,,,,,,,,,,,,,,,,,,,,,,,,,,,,,,,,,,,,,,,,,,,,,,,,,,,,,,,,,,,,,,,,,,,,,,,,,,,,,,,,,,,,,,,,,,,,
AquaticAnimal/m56_rm.obj,AquaticAnimal,manhattan,neutral,AquaticAnimal,AquaticAnimal,Violin,Violin,AquaticAnimal,Violin,Violin,Starship,Humanoid,Violin,Humanoid,Humanoid,Humanoid,Starship,Humanoid,Humanoid,Humanoid,AquaticAnimal,AquaticAnimal,Violin,Tool,Humanoid,Humanoid,Humanoid,Humanoid,AquaticAnimal,Violin,Insect,,,,,,,,,,,,,,,,,,,,,,,,,,,,,,,,,,,,,,,,,,,,,,,,,,,,,,,,,,,,,,,,,,,,,,,,,,,,,,,,,,,,,,,,,,,,,,,,,,,,,,,,,,,,,,,,,,
AquaticAnimal/m56_rm.obj,AquaticAnimal,manhattan+chi-squared,neutral,AquaticAnimal,AquaticAnimal,AquaticAnimal,Starship,Starship,Violin,Humanoid,AquaticAnimal,Humanoid,Humanoid,Violin,Violin,Humanoid,AquaticAnimal,Humanoid,Violin,Violin,Jet,AquaticAnimal,Gun,AquaticAnimal,Humanoid,Jet,Humanoid,Humanoid,Insect,Starship,Humanoid,,,,,,,,,,,,,,,,,,,,,,,,,,,,,,,,,,,,,,,,,,,,,,,,,,,,,,,,,,,,,,,,,,,,,,,,,,,,,,,,,,,,,,,,,,,,,,,,,,,,,,,,,,,,,,,,,,
AquaticAnimal/m56_rm.obj,AquaticAnimal,manhattan+emd,neutral,AquaticAnimal,Violin,AquaticAnimal,Violin,AquaticAnimal,Starship,Violin,Violin,Violin,Humanoid,SubmachineGun,Humanoid,Humanoid,Humanoid,Violin,Violin,Humanoid,Humanoid,Humanoid,Humanoid,Gun,AquaticAnimal,Starship,Jet,AquaticAnimal,AquaticAnimal,Humanoid,Violin,,,,,,,,,,,,,,,,,,,,,,,,,,,,,,,,,,,,,,,,,,,,,,,,,,,,,,,,,,,,,,,,,,,,,,,,,,,,,,,,,,,,,,,,,,,,,,,,,,,,,,,,,,,,,,,,,,
AquaticAnimal/m56_rm.obj,AquaticAnimal,manhattan+kullback-leibler,neutral,AquaticAnimal,AquaticAnimal,AquaticAnimal,Starship,AquaticAnimal,Violin,Starship,AquaticAnimal,Jet,AquaticAnimal,Gun,Humanoid,Jet,Insect,Violin,Humanoid,Humanoid,Humanoid,Humanoid,AquaticAnimal,AquaticAnimal,Humanoid,Fish,Violin,Humanoid,Humanoid,Humanoid,AquaticAnimal,,,,,,,,,,,,,,,,,,,,,,,,,,,,,,,,,,,,,,,,,,,,,,,,,,,,,,,,,,,,,,,,,,,,,,,,,,,,,,,,,,,,,,,,,,,,,,,,,,,,,,,,,,,,,,,,,,
AquaticAnimal/m56_rm.obj,AquaticAnimal,knn,neutral,AquaticAnimal,Violin,Violin,Violin,AquaticAnimal,Tool,Starship,Guitar,Violin,Starship,Starship,Guitar,Violin,Tool,Musical_Instrument,Ship,ComputerKeyboard,Violin,Guitar,Violin,Violin,Gun,Violin,Musical_Instrument,AquaticAnimal,SubmachineGun,Jet,Guitar,,,,,,,,,,,,,,,,,,,,,,,,,,,,,,,,,,,,,,,,,,,,,,,,,,,,,,,,,,,,,,,,,,,,,,,,,,,,,,,,,,,,,,,,,,,,,,,,,,,,,,,,,,,,,,,,,,
AquaticAnimal/m58_rm.obj,AquaticAnimal,euclidean,neutral,Bird,Fish,Bird,Vase,Bird,MilitaryVehicle,Humanoid,House,Quadruped,PlantIndoors,Quadruped,Quadruped,Quadruped,AircraftBuoyant,FloorLamp,Bottle,Quadruped,MilitaryVehicle,House,MilitaryVehicle,Hand,MilitaryVehicle,Hand,AircraftBuoyant,Car,Rocket,Car,Insect,,,,,,,,,,,,,,,,,,,,,,,,,,,,,,,,,,,,,,,,,,,,,,,,,,,,,,,,,,,,,,,,,,,,,,,,,,,,,,,,,,,,,,,,,,,,,,,,,,,,,,,,,,,,,,,,,,
AquaticAnimal/m58_rm.obj,AquaticAnimal,cosine,neutral,Bird,Fish,Bird,MilitaryVehicle,Computer,Computer,NonWheelChair,Bird,Insect,Vase,FloorLamp,Bird,Humanoid,MilitaryVehicle,MilitaryVehicle,House,MilitaryVehicle,Quadruped,Ship,AircraftBuoyant,House,Bottle,NonWheelChair,Rocket,Computer,Quadruped,Quadruped,Quadruped,,,,,,,,,,,,,,,,,,,,,,,,,,,,,,,,,,,,,,,,,,,,,,,,,,,,,,,,,,,,,,,,,,,,,,,,,,,,,,,,,,,,,,,,,,,,,,,,,,,,,,,,,,,,,,,,,,
AquaticAnimal/m58_rm.obj,AquaticAnimal,manhattan,neutral,Bird,Fish,Bird,Bird,Insect,House,MilitaryVehicle,Quadruped,Humanoid,Vase,Quadruped,FloorLamp,Bottle,Quadruped,MilitaryVehicle,Ship,House,Quadruped,PlantIndoors,Quadruped,MilitaryVehicle,Quadruped,AircraftBuoyant,WheelChair,NonWheelChair,MilitaryVehicle,Car,Hand,,,,,,,,,,,,,,,,,,,,,,,,,,,,,,,,,,,,,,,,,,,,,,,,,,,,,,,,,,,,,,,,,,,,,,,,,,,,,,,,,,,,,,,,,,,,,,,,,,,,,,,,,,,,,,,,,,
AquaticAnimal/m58_rm.obj,AquaticAnimal,manhattan+chi-squared,neutral,Fish,Bird,Bird,Quadruped,Vase,PlantIndoors,Bird,Hand,Hand,Humanoid,MilitaryVehicle,MilitaryVehicle,Quadruped,House,Quadruped,Hand,Quadruped,Hand,Hand,Bottle,Quadruped,MilitaryVehicle,House,Bottle,Hand,MilitaryVehicle,Bottle,PlantIndoors,,,,,,,,,,,,,,,,,,,,,,,,,,,,,,,,,,,,,,,,,,,,,,,,,,,,,,,,,,,,,,,,,,,,,,,,,,,,,,,,,,,,,,,,,,,,,,,,,,,,,,,,,,,,,,,,,,
AquaticAnimal/m58_rm.obj,AquaticAnimal,manhattan+emd,neutral,Fish,Insect,NonWheelChair,Ship,MilitaryVehicle,WheelChair,MilitaryVehicle,Bird,PlantIndoors,WheelChair,MilitaryVehicle,Starship,Hand,Bottle,FloorLamp,Tree,Hand,NonWheelChair,WheelChair,House,PlantIndoors,MilitaryVehicle,PlantWildNonTree,NonWheelChair,PlantIndoors,PlantIndoors,Bird,PlantIndoors,,,,,,,,,,,,,,,,,,,,,,,,,,,,,,,,,,,,,,,,,,,,,,,,,,,,,,,,,,,,,,,,,,,,,,,,,,,,,,,,,,,,,,,,,,,,,,,,,,,,,,,,,,,,,,,,,,
AquaticAnimal/m58_rm.obj,AquaticAnimal,manhattan+kullback-leibler,neutral,Fish,Bird,Bird,Vase,Bottle,Bird,House,Bottle,Quadruped,Bottle,Quadruped,Car,Quadruped,Quadruped,Quadruped,MilitaryVehicle,PlantIndoors,MilitaryVehicle,MilitaryVehicle,Bottle,FloorLamp,PlantIndoors,House,Apartment,Quadruped,MilitaryVehicle,Ship,MilitaryVehicle,,,,,,,,,,,,,,,,,,,,,,,,,,,,,,,,,,,,,,,,,,,,,,,,,,,,,,,,,,,,,,,,,,,,,,,,,,,,,,,,,,,,,,,,,,,,,,,,,,,,,,,,,,,,,,,,,,
AquaticAnimal/m58_rm.obj,AquaticAnimal,knn,neutral,Bird,Fish,Bird,Bird,MilitaryVehicle,Vase,Humanoid,House,FloorLamp,Bottle,Quadruped,Quadruped,Quadruped,Quadruped,MilitaryVehicle,PlantIndoors,AircraftBuoyant,MilitaryVehicle,Quadruped,AircraftBuoyant,Hand,Hand,Rocket,Hand,Car,Train,Car,MilitaryVehicle,,,,,,,,,,,,,,,,,,,,,,,,,,,,,,,,,,,,,,,,,,,,,,,,,,,,,,,,,,,,,,,,,,,,,,,,,,,,,,,,,,,,,,,,,,,,,,,,,,,,,,,,,,,,,,,,,,
Apartment/D00859_rm.obj,Apartment,euclidean,neutral,Cellphone,Car,Car,DeskPhone,Shelf,Quadruped,Car,Car,Car,Car,Car,Train,Bus,Car,Bus,Car,Quadruped,Apartment,Car,Car,Car,Car,,,,,,,,,,,,,,,,,,,,,,,,,,,,,,,,,,,,,,,,,,,,,,,,,,,,,,,,,,,,,,,,,,,,,,,,,,,,,,,,,,,,,,,,,,,,,,,,,,,,,,,,,,,,,,,,,,,,,,,,
Apartment/D00859_rm.obj,Apartment,cosine,neutral,Car,Car,Cellphone,MultiSeat,Car,Car,Shelf,Car,MultiSeat,Car,Car,Quadruped,Train,DeskPhone,Car,Car,Car,Bus,Hand,Car,Bus,Car,,,,,,,,,,,,,,,,,,,,,,,,,,,,,,,,,,,,,,,,,,,,,,,,,,,,,,,,,,,,,,,,,,,,,,,,,,,,,,,,,,,,,,,,,,,,,,,,,,,,,,,,,,,,,,,,,,,,,,,,
Apartment/D00859_rm.obj,Apartment,manhattan,neutral,Cellphone,Car,Shelf,Car,DeskPhone,Quadruped,Car,Car,Car,Car,Car,Car,Bus,Train,Bus,Car,Car,Car,Car,Hand,MultiSeat,Cellphone,,,,,,,,,,,,,,,,,,,,,,,,,,,,,,,,,,,,,,,,,,,,,,,,,,,,,,,,,,,,,,,,,,,,,,,,,,,,,,,,,,,,,,,,,,,,,,,,,,,,,,,,,,,,,,,,,,,,,,,,
Apartment/D00859_rm.obj,Apartment,manhattan+chi-squared,neutral,Cellphone,Shelf,Car,Car,Car,Quadruped,DeskPhone,Car,Truck,Bus,Car,Car,Car,Quadruped,Starship,Hand,Car,Hand,Car,Apartment,Car,Car,,,,,,,,,,,,,,,,,,,,,,,,,,,,,,,,,,,,,,,,,,,,,,,,,,,,,,,,,,,,,,,,,,,,,,,,,,,,,,,,,,,,,,,,,,,,,,,,,,,,,,,,,,,,,,,,,,,,,,,,
Apartment/D00859_rm.obj,Apartment,manhattan+emd,neutral,Car,Car,Car,Car,MultiSeat,Cellphone,Bus,Shelf,Car,Car,Car,Car,Car,MultiSeat,MultiSeat,ClassicPiano,MultiSeat,Quadruped,Car,Car,Cellphone,TruckNonContainer,,,,,,,,,,,,,,,,,,,,,,,,,,,,,,,,,,,,,,,,,,,,,,,,,,,,,,,,,,,,,,,,,,,,,,,,,,,,,,,,,,,,,,,,,,,,,,,,,,,,,,,,,,,,,,,,,,,,,,,,
Apartment/D00859_rm.obj,Apartment,manhattan+kullback-leibler,neutral,Cellphone,Car,Car,Car,Bus,Shelf,Car,DeskPhone,Car,Car,Truck,Hand,MilitaryVehicle,Car,Hand,Hand,Car,Car,Hand,MilitaryVehicle,Car,Car,,,,,,,,,,,,,,,,,,,,,,,,,,,,,,,,,,,,,,,,,,,,,,,,,,,,,,,,,,,,,,,,,,,,,,,,,,,,,,,,,,,,,,,,,,,,,,,,,,,,,,,,,,,,,,,,,,,,,,,,
Apartment/D00859_rm.obj,Apartment,knn,neutral,Cellphone,Car,Car,Car,DeskPhone,Shelf,Car,Car,Car,Bus,Car,Car,Car,Train,Bus,Car,Car,Quadruped,Car,MilitaryVehicle,Car,MilitaryVehicle,,,,,,,,,,,,,,,,,,,,,,,,,,,,,,,,,,,,,,,,,,,,,,,,,,,,,,,,,,,,,,,,,,,,,,,,,,,,,,,,,,,,,,,,,,,,,,,,,,,,,,,,,,,,,,,,,,,,,,,,
Apartment/D00953_rm.obj,Apartment,euclidean,neutral,BuildingNonResidential,Wheel,Computer,Ship,PlantWildNonTree,Bookset,AquaticAnimal,Tree,Computer,Hat,BuildingNonResidential,House,DeskPhone,NonWheelChair,Computer,Bird,NonWheelChair,ClassicPiano,TruckNonContainer,Computer,MilitaryVehicle,NonWheelChair,,,,,,,,,,,,,,,,,,,,,,,,,,,,,,,,,,,,,,,,,,,,,,,,,,,,,,,,,,,,,,,,,,,,,,,,,,,,,,,,,,,,,,,,,,,,,,,,,,,,,,,,,,,,,,,,,,,,,,,,
Apartment/D00953_rm.obj,Apartment,cosine,neutral,Bookset,BuildingNonResidential,AquaticAnimal,Wheel,ClassicPiano,Computer,PlantWildNonTree,Computer,House,Tree,BuildingNonResidential,Quadruped,Computer,NonWheelChair,Quadruped,Bird,NonWheelChair,BuildingNonResidential,MilitaryVehicle,Hand,Hand,Computer,,,,,,,,,,,,,,,,,,,,,,,,,,,,,,,,,,,,,,,,,,,,,,,,,,,,,,,,,,,,,,,,,,,,,,,,,,,,,,,,,,,,,,,,,,,,,,,,,,,,,,,,,,,,,,,,,,,,,,,,
Apartment/D00953_rm.obj,Apartment,manhattan,neutral,BuildingNonResidential,Bookset,Wheel,AquaticAnimal,Computer,Computer,Computer,Tree,PlantWildNonTree,Ship,Bird,ClassicPiano,Hat,NonWheelChair,Tree,House,Computer,NonWheelChair,NonWheelChair,Computer,Computer,House,,,,,,,,,,,,,,,,,,,,,,,,,,,,,,,,,,,,,,,,,,,,,,,,,,,,,,,,,,,,,,,,,,,,,,,,,,,,,,,,,,,,,,,,,,,,,,,,,,,,,,,,,,,,,,,,,,,,,,,,
Apartment/D00953_rm.obj,Apartment,manhattan+chi-squared,neutral,Computer,BuildingNonResidential,Ship,Wheel,PlantWildNonTree,Tree,Tree,Hat,NonWheelChair,Computer,Bird,TruckNonContainer,PlantIndoors,Computer,Computer,PlantIndoors,NonWheelChair,AquaticAnimal,NonWheelChair,Computer,BuildingNonResidential,NonWheelChair,,,,,,,,,,,,,,,,,,,,,,,,,,,,,,,,,,,,,,,,,,,,,,,,,,,,,,,,,,,,,,,,,,,,,,,,,,,,,,,,,,,,,,,,,,,,,,,,,,,,,,,,,,,,,,,,,,,,,,,,
Apartment/D00953_rm.obj,Apartment,manhattan+emd,neutral,Bookset,BuildingNonResidential,AquaticAnimal,Computer,Computer,BuildingNonResidential,PlantIndoors,Computer,Tree,Tree,Wheel,Bird,Tree,Computer,Computer,PlantWildNonTree,Bottle,PlantIndoors,Quadruped,NonWheelChair,FloorLamp,Computer,,,,,,,,,,,,,,,,,,,,,,,,,,,,,,,,,,,,,,,,,,,,,,,,,,,,,,,,,,,,,,,,,,,,,,,,,,,,,,,,,,,,,,,,,,,,,,,,,,,,,,,,,,,,,,,,,,,,,,,,
Apartment/D00953_rm.obj,Apartment,manhattan+kullback-leibler,neutral,BuildingNonResidential,Computer,Wheel,Tree,Tree,PlantWildNonTree,Computer,Bookset,Ship,Bird,Computer,Computer,Computer,NonWheelChair,PlantIndoors,PlantIndoors,Computer,Computer,NonWheelChair,Tree,AquaticAnimal,ClassicPiano,,,,,,,,,,,,,,,,,,,,,,,,,,,,,,,,,,,,,,,,,,,,,,,,,,,,,,,,,,,,,,,,,,,,,,,,,,,,,,,,,,,,,,,,,,,,,,,,,,,,,,,,,,,,,,,,,,,,,,,,
Apartment/D00953_rm.obj,Apartment,knn,neutral,BuildingNonResidential,Wheel,AquaticAnimal,Computer,PlantWildNonTree,Tree,NonWheelChair,Hat,Ship,NonWheelChair,Bird,Computer,Bookset,Computer,Computer,NonWheelChair,TruckNonContainer,ClassicPiano,BuildingNonResidential,NonWheelChair,MilitaryVehicle,PlantIndoors,,,,,,,,,,,,,,,,,,,,,,,,,,,,,,,,,,,,,,,,,,,,,,,,,,,,,,,,,,,,,,,,,,,,,,,,,,,,,,,,,,,,,,,,,,,,,,,,,,,,,,,,,,,,,,,,,,,,,,,,
Apartment/D00860_rm.obj,Apartment,euclidean,neutral,Apartment,House,House,Quadruped,Vase,Bookset,Apartment,HumanHead,Apartment,HumanHead,Drum,House,Drum,HumanHead,Apartment,BuildingNonResidential,Monitor,RectangleTable,Computer,Quadruped,MilitaryVehicle,Bookset,,,,,,,,,,,,,,,,,,,,,,,,,,,,,,,,,,,,,,,,,,,,,,,,,,,,,,,,,,,,,,,,,,,,,,,,,,,,,,,,,,,,,,,,,,,,,,,,,,,,,,,,,,,,,,,,,,,,,,,,
Apartment/D00860_rm.obj,Apartment,cosine,neutral,Apartment,Vase,BuildingNonResidential,Quadruped,House,House,Car,Apartment,Monitor,BuildingNonResidential,House,Wheel,HumanHead,HumanHead,Cup,Drum,Bookset,House,Bookset,Bookset,House,TruckNonContainer,,,,,,,,,,,,,,,,,,,,,,,,,,,,,,,,,,,,,,,,,,,,,,,,,,,,,,,,,,,,,,,,,,,,,,,,,,,,,,,,,,,,,,,,,,,,,,,,,,,,,,,,,,,,,,,,,,,,,,,,
Apartment/D00860_rm.obj,Apartment,manhattan,neutral,Apartment,Quadruped,House,House,Vase,Apartment,Apartment,Apartment,HumanHead,House,HumanHead,BuildingNonResidential,MilitaryVehicle,Bookset,Drum,HumanHead,Quadruped,Monitor,Hand,Bookset,House,BuildingNonResidential,,,,,,,,,,,,,,,,,,,,,,,,,,,,,,,,,,,,,,,,,,,,,,,,,,,,,,,,,,,,,,,,,,,,,,,,,,,,,,,,,,,,,,,,,,,,,,,,,,,,,,,,,,,,,,,,,,,,,,,,
Apartment/D00860_rm.obj,Apartment,manhattan+chi-squared,neutral,Apartment,House,House,Quadruped,Bookset,HumanHead,Apartment,Vase,Drum,HumanHead,Apartment,HumanHead,House,Drum,RectangleTable,Computer,Apartment,Monitor,Bookset,Quadruped,BuildingNonResidential,Bookset,,,,,,,,,,,,,,,,,,,,,,,,,,,,,,,,,,,,,,,,,,,,,,,,,,,,,,,,,,,,,,,,,,,,,,,,,,,,,,,,,,,,,,,,,,,,,,,,,,,,,,,,,,,,,,,,,,,,,,,,
Apartment/D00860_rm.obj,Apartment,manhattan+emd,neutral,Apartment,Vase,Apartment,Quadruped,Apartment,Apartment,BuildingNonResidential,MilitaryVehicle,Car,Bookset,HumanHead,Car,Chess,BuildingNonResidential,Quadruped,HumanHead,HumanHead,House,TruckNonContainer,Chess,Bookset,Hand,,,,,,,,,,,,,,,,,,,,,,,,,,,,,,,,,,,,,,,,,,,,,,,,,,,,,,,,,,,,,,,,,,,,,,,,,,,,,,,,,,,,,,,,,,,,,,,,,,,,,,,,,,,,,,,,,,,,,,,,
Apartment/D00860_rm.obj,Apartment,manhattan+kullback-leibler,neutral,Apartment,House,House,Quadruped,Apartment,Vase,Apartment,HumanHead,HumanHead,House,Bookset,Apartment,HumanHead,Drum,Monitor,Drum,BuildingNonResidential,Quadruped,Computer,Bookset,MilitaryVehicle,Bookset,,,,,,,,,,,,,,,,,,,,,,,,,,,,,,,,,,,,,,,,,,,,,,,,,,,,,,,,,,,,,,,,,,,,,,,,,,,,,,,,,,,,,,,,,,,,,,,,,,,,,,,,,,,,,,,,,,,,,,,,
Apartment/D00860_rm.obj,Apartment,knn,neutral,Apartment,House,House,Quadruped,Apartment,Vase,Apartment,Bookset,HumanHead,HumanHead,Drum,Drum,HumanHead,Apartment,House,RectangleTable,BuildingNonResidential,Monitor,Computer,RectangleTable,Shelf,Bookset,,,,,,,,,,,,,,,,,,,,,,,,,,,,,,,,,,,,,,,,,,,,,,,,,,,,,,,,,,,,,,,,,,,,,,,,,,,,,,,,,,,,,,,,,,,,,,,,,,,,,,,,,,,,,,,,,,,,,,,,
Apartment/D00869_rm.obj,Apartment,euclidean,neutral,Wheel,House,Mug,Drum,Monitor,BuildingNonResidential,BuildingNonResidential,Drum,Mug,BuildingNonResidential,Wheel,Drum,HumanHead,Drum,PianoBoard,BuildingNonResidential,Bookset,Mug,Wheel,HumanHead,HumanHead,Vase,,,,,,,,,,,,,,,,,,,,,,,,,,,,,,,,,,,,,,,,,,,,,,,,,,,,,,,,,,,,,,,,,,,,,,,,,,,,,,,,,,,,,,,,,,,,,,,,,,,,,,,,,,,,,,,,,,,,,,,,
Apartment/D00869_rm.obj,Apartment,cosine,neutral,House,House,PianoBoard,BuildingNonResidential,PianoBoard,Mug,Drum,Shelf,Vase,MultiSeat,MultiSeat,Bookset,PianoBoard,Bookset,Cup,Bookset,Computer,BuildingNonResidential,House,Computer,Cup,Cup,,,,,,,,,,,,,,,,,,,,,,,,,,,,,,,,,,,,,,,,,,,,,,,,,,,,,,,,,,,,,,,,,,,,,,,,,,,,,,,,,,,,,,,,,,,,,,,,,,,,,,,,,,,,,,,,,,,,,,,,
Apartment/D00869_rm.obj,Apartment,manhattan,neutral,House,Wheel,Monitor,Drum,Mug,BuildingNonResidential,Drum,Drum,BuildingNonResidential,Mug,Wheel,Drum,HumanHead,PianoBoard,BuildingNonResidential,BuildingNonResidential,Bookset,Mug,Wheel,Vase,HumanHead,HumanHead,,,,,,,,,,,,,,,,,,,,,,,,,,,,,,,,,,,,,,,,,,,,,,,,,,,,,,,,,,,,,,,,,,,,,,,,,,,,,,,,,,,,,,,,,,,,,,,,,,,,,,,,,,,,,,,,,,,,,,,,
Apartment/D00869_rm.obj,Apartment,manhattan+chi-squared,neutral,Wheel,House,Mug,Drum,Monitor,BuildingNonResidential,BuildingNonResidential,Drum,Mug,BuildingNonResidential,Wheel,Drum,HumanHead,Drum,BuildingNonResidential,PianoBoard,Bookset,Mug,HumanHead,Wheel,HumanHead,Vase,,,,,,,,,,,,,,,,,,,,,,,,,,,,,,,,,,,,,,,,,,,,,,,,,,,,,,,,,,,,,,,,,,,,,,,,,,,,,,,,,,,,,,,,,,,,,,,,,,,,,,,,,,,,,,,,,,,,,,,,
Apartment/D00869_rm.obj,Apartment,manhattan+emd,neutral,House,Mug,Wheel,Monitor,Drum,BuildingNonResidential,Drum,Drum,Drum,Wheel,BuildingNonResidential,BuildingNonResidential,BuildingNonResidential,PianoBoard,Mug,HumanHead,Wheel,Mug,Bookset,BuildingNonResidential,House,HumanHead,,,,,,,,,,,,,,,,,,,,,,,,,,,,,,,,,,,,,,,,,,,,,,,,,,,,,,,,,,,,,,,,,,,,,,,,,,,,,,,,,,,,,,,,,,,,,,,,,,,,,,,,,,,,,,,,,,,,,,,,
Apartment/D00869_rm.obj,Apartment,manhattan+kullback-leibler,neutral,House,Monitor,Drum,BuildingNonResidential,Wheel,Mug,Drum,HumanHead,Drum,BuildingNonResidential,BuildingNonResidential,PianoBoard,Mug,Bookset,BuildingNonResidential,Wheel,Mug,Drum,Vase,HumanHead,Wheel,BuildingNonResidential,,,,,,,,,,,,,,,,,,,,,,,,,,,,,,,,,,,,,,,,,,,,,,,,,,,,,,,,,,,,,,,,,,,,,,,,,,,,,,,,,,,,,,,,,,,,,,,,,,,,,,,,,,,,,,,,,,,,,,,,
Apartment/D00869_rm.obj,Apartment,knn,neutral,Wheel,Drum,House,Mug,Monitor,BuildingNonResidential,BuildingNonResidential,Drum,BuildingNonResidential,Mug,Wheel,Drum,Drum,HumanHead,BuildingNonResidential,HumanHead,HumanHead,PianoBoard,HumanHead,Bookset,Mug,Vase,,,,,,,,,,,,,,,,,,,,,,,,,,,,,,,,,,,,,,,,,,,,,,,,,,,,,,,,,,,,,,,,,,,,,,,,,,,,,,,,,,,,,,,,,,,,,,,,,,,,,,,,,,,,,,,,,,,,,,,,
AquaticAnimal/m60_rm.obj,AquaticAnimal,euclidean,neutral,Fish,Humanoid,AquaticAnimal,Humanoid,Humanoid,Ship,Fish,Humanoid,Humanoid,Fish,Fish,Fish,Fish,Humanoid,Humanoid,Humanoid,Fish,Humanoid,Humanoid,Humanoid,Fish,Humanoid,Bird,Humanoid,Humanoid,Rocket,Tool,Humanoid,,,,,,,,,,,,,,,,,,,,,,,,,,,,,,,,,,,,,,,,,,,,,,,,,,,,,,,,,,,,,,,,,,,,,,,,,,,,,,,,,,,,,,,,,,,,,,,,,,,,,,,,,,,,,,,,,,
AquaticAnimal/m60_rm.obj,AquaticAnimal,cosine,neutral,Fish,Humanoid,AquaticAnimal,Fish,Fish,Fish,Humanoid,Humanoid,Ship,Fish,Humanoid,Fish,Humanoid,Fish,Humanoid,Bird,Fish,Humanoid,Humanoid,Fish,Humanoid,AquaticAnimal,Humanoid,Humanoid,Humanoid,Fish,AquaticAnimal,Humanoid,,,,,,,,,,,,,,,,,,,,,,,,,,,,,,,,,,,,,,,,,,,,,,,,,,,,,,,,,,,,,,,,,,,,,,,,,,,,,,,,,,,,,,,,,,,,,,,,,,,,,,,,,,,,,,,,,,
AquaticAnimal/m60_rm.obj,AquaticAnimal,manhattan,neutral,Fish,Fish,Humanoid,Humanoid,AquaticAnimal,Humanoid,Fish,Fish,Fish,Humanoid,Humanoid,Ship,Humanoid,Humanoid,Humanoid,Humanoid,Humanoid,Fish,Humanoid,Fish,Fish,Humanoid,Bird,Fish,Tool,Humanoid,AquaticAnimal,Fish,,,,,,,,,,,,,,,,,,,,,,,,,,,,,,,,,,,,,,,,,,,,,,,,,,,,,,,,,,,,,,,,,,,,,,,,,,,,,,,,,,,,,,,,,,,,,,,,,,,,,,,,,,,,,,,,,,
AquaticAnimal/m60_rm.obj,AquaticAnimal,manhattan+chi-squared,neutral,Fish,Fish,Fish,Fish,Humanoid,Fish,AquaticAnimal,Fish,Fish,AquaticAnimal,Humanoid,Fish,Humanoid,Bird,Humanoid,Fish,Humanoid,Gun,Humanoid,Humanoid,Ship,Humanoid,AquaticAnimal,Fish,Humanoid,Humanoid,Humanoid,Humanoid,,,,,,,,,,,,,,,,,,,,,,,,,,,,,,,,,,,,,,,,,,,,,,,,,,,,,,,,,,,,,,,,,,,,,,,,,,,,,,,,,,,,,,,,,,,,,,,,,,,,,,,,,,,,,,,,,,
AquaticAnimal/m60_rm.obj,AquaticAnimal,manhattan+emd,neutral,Humanoid,Fish,Humanoid,AquaticAnimal,Humanoid,Fish,Fish,Humanoid,Humanoid,Fish,Fish,Ship,Fish,Fish,Tool,Humanoid,AquaticAnimal,Fish,AquaticAnimal,DeskPhone,Apartment,Humanoid,Humanoid,Skyscraper,Humanoid,Humanoid,Humanoid,Fish,,,,,,,,,,,,,,,,,,,,,,,,,,,,,,,,,,,,,,,,,,,,,,,,,,,,,,,,,,,,,,,,,,,,,,,,,,,,,,,,,,,,,,,,,,,,,,,,,,,,,,,,,,,,,,,,,,
AquaticAnimal/m60_rm.obj,AquaticAnimal,manhattan+kullback-leibler,neutral,Fish,Fish,Fish,Humanoid,Fish,Fish,Humanoid,Fish,Humanoid,Fish,Bird,Fish,Humanoid,Humanoid,Humanoid,Humanoid,Gun,AquaticAnimal,Fish,Humanoid,AquaticAnimal,Humanoid,AquaticAnimal,Humanoid,AquaticAnimal,Ship,Humanoid,Humanoid,,,,,,,,,,,,,,,,,,,,,,,,,,,,,,,,,,,,,,,,,,,,,,,,,,,,,,,,,,,,,,,,,,,,,,,,,,,,,,,,,,,,,,,,,,,,,,,,,,,,,,,,,,,,,,,,,,
AquaticAnimal/m60_rm.obj,AquaticAnimal,knn,neutral,Humanoid,Fish,AquaticAnimal,Humanoid,Ship,Humanoid,Fish,Fish,Fish,Humanoid,Humanoid,Humanoid,Fish,Humanoid,Humanoid,Fish,Bird,Humanoid,Fish,Fish,Humanoid,Humanoid,Humanoid,Humanoid,Gun,Humanoid,AquaticAnimal,Humanoid,,,,,,,,,,,,,,,,,,,,,,,,,,,,,,,,,,,,,,,,,,,,,,,,,,,,,,,,,,,,,,,,,,,,,,,,,,,,,,,,,,,,,,,,,,,,,,,,,,,,,,,,,,,,,,,,,,
AquaticAnimal/m61_rm.obj,AquaticAnimal,euclidean,neutral,Violin,AquaticAnimal,Guitar,AquaticAnimal,Violin,AquaticAnimal,AquaticAnimal,Insect,AquaticAnimal,AquaticAnimal,Fish,Humanoid,Fish,Fish,Humanoid,Gun,Insect,Skyscraper,Gun,Jet,Musical_Instrument,Humanoid,Skyscraper,Fish,Skyscraper,Bird,Guitar,Starship,,,,,,,,,,,,,,,,,,,,,,,,,,,,,,,,,,,,,,,,,,,,,,,,,,,,,,,,,,,,,,,,,,,,,,,,,,,,,,,,,,,,,,,,,,,,,,,,,,,,,,,,,,,,,,,,,,
AquaticAnimal/m61_rm.obj,AquaticAnimal,cosine,neutral,Violin,Insect,AquaticAnimal,Guitar,Musical_Instrument,Humanoid,AquaticAnimal,AquaticAnimal,Guitar,Jet,Fish,AquaticAnimal,AquaticAnimal,Jet,Guitar,Fish,Fish,Jet,Insect,Humanoid,Fish,AquaticAnimal,Gun,Humanoid,AquaticAnimal,Violin,Musical_Instrument,Humanoid,,,,,,,,,,,,,,,,,,,,,,,,,,,,,,,,,,,,,,,,,,,,,,,,,,,,,,,,,,,,,,,,,,,,,,,,,,,,,,,,,,,,,,,,,,,,,,,,,,,,,,,,,,,,,,,,,,
AquaticAnimal/m61_rm.obj,AquaticAnimal,manhattan,neutral,Violin,Guitar,AquaticAnimal,AquaticAnimal,AquaticAnimal,Bird,Musical_Instrument,Insect,AquaticAnimal,Guitar,Jet,Violin,Fish,Fish,Humanoid,Gun,AquaticAnimal,AquaticAnimal,Humanoid,Fish,Humanoid,Fish,Guitar,Jet,Insect,Gun,Starship,Ship,,,,,,,,,,,,,,,,,,,,,,,,,,,,,,,,,,,,,,,,,,,,,,,,,,,,,,,,,,,,,,,,,,,,,,,,,,,,,,,,,,,,,,,,,,,,,,,,,,,,,,,,,,,,,,,,,,
AquaticAnimal/m61_rm.obj,AquaticAnimal,manhattan+chi-squared,neutral,Violin,Guitar,AquaticAnimal,AquaticAnimal,Fish,AquaticAnimal,Bird,Jet,Violin,Humanoid,Fish,AquaticAnimal,Fish,Humanoid,AquaticAnimal,Jet,Guitar,Humanoid,Cellphone,Violin,SubmachineGun,AquaticAnimal,AquaticAnimal,Fish,Jet,Insect,Humanoid,Fish,,,,,,,,,,,,,,,,,,,,,,,,,,,,,,,,,,,,,,,,,,,,,,,,,,,,,,,,,,,,,,,,,,,,,,,,,,,,,,,,,,,,,,,,,,,,,,,,,,,,,,,,,,,,,,,,,,
AquaticAnimal/m61_rm.obj,AquaticAnimal,manhattan+emd,neutral,Musical_Instrument,Guitar,Guitar,Musical_Instrument,SubmachineGun,Jet,AquaticAnimal,Jet,AquaticAnimal,Violin,Guitar,Jet,Guitar,Jet,Helicopter,Jet,Insect,Jet,Guitar,Humanoid,Helicopter,AquaticAnimal,AquaticAnimal,Jet,Jet,Quadruped,Helicopter,Cellphone,,,,,,,,,,,,,,,,,,,,,,,,,,,,,,,,,,,,,,,,,,,,,,,,,,,,,,,,,,,,,,,,,,,,,,,,,,,,,,,,,,,,,,,,,,,,,,,,,,,,,,,,,,,,,,,,,,
AquaticAnimal/m61_rm.obj,AquaticAnimal,manhattan+kullback-leibler,neutral,Guitar,AquaticAnimal,Bird,AquaticAnimal,Cellphone,Fish,Violin,Violin,Jet,AquaticAnimal,Jet,Rocket,Spoon,Violin,AquaticAnimal,AquaticAnimal,Guitar,Humanoid,Musical_Instrument,AquaticAnimal,AquaticAnimal,DeskPhone,Fish,SubmachineGun,AquaticAnimal,Guitar,Humanoid,Fish,,,,,,,,,,,,,,,,,,,,,,,,,,,,,,,,,,,,,,,,,,,,,,,,,,,,,,,,,,,,,,,,,,,,,,,,,,,,,,,,,,,,,,,,,,,,,,,,,,,,,,,,,,,,,,,,,,
AquaticAnimal/m61_rm.obj,AquaticAnimal,knn,neutral,Violin,Guitar,AquaticAnimal,AquaticAnimal,Violin,AquaticAnimal,AquaticAnimal,Insect,Fish,Gun,Gun,Fish,AquaticAnimal,Humanoid,Insect,Humanoid,Jet,Musical_Instrument,Skyscraper,Gun,Starship,Skyscraper,Violin,Guitar,DeskPhone,Guitar,Musical_Instrument,Jet,,,,,,,,,,,,,,,,,,,,,,,,,,,,,,,,,,,,,,,,,,,,,,,,,,,,,,,,,,,,,,,,,,,,,,,,,,,,,,,,,,,,,,,,,,,,,,,,,,,,,,,,,,,,,,,,,,
AquaticAnimal/m62_rm.obj,AquaticAnimal,euclidean,neutral,SubmachineGun,Insect,Jet,Sign,AquaticAnimal,ComputerKeyboard,Door,Jet,Door,Starship,ComputerKeyboard,House,Jet,ComputerKeyboard,ComputerKeyboard,Tool,SubmachineGun,Ship,Tool,Tool,Gun,Jet,Monoplane,City,Gun,Door,Jet,Jet,,,,,,,,,,,,,,,,,,,,,,,,,,,,,,,,,,,,,,,,,,,,,,,,,,,,,,,,,,,,,,,,,,,,,,,,,,,,,,,,,,,,,,,,,,,,,,,,,,,,,,,,,,,,,,,,,,
AquaticAnimal/m62_rm.obj,AquaticAnimal,cosine,neutral,SubmachineGun,Jet,Ship,Jet,Monoplane,Jet,Bird,Jet,Jet,Insect,Jet,Jet,Jet,Insect,Jet,Jet,Jet,AquaticAnimal,Starship,City,Jet,Bird,City,Starship,City,Jet,House,Jet,,,,,,,,,,,,,,,,,,,,,,,,,,,,,,,,,,,,,,,,,,,,,,,,,,,,,,,,,,,,,,,,,,,,,,,,,,,,,,,,,,,,,,,,,,,,,,,,,,,,,,,,,,,,,,,,,,
AquaticAnimal/m62_rm.obj,AquaticAnimal,manhattan,neutral,SubmachineGun,Jet,Jet,Insect,Jet,Sign,AquaticAnimal,Ship,Jet,Jet,Monoplane,Jet,Bird,Jet,Jet,Jet,Jet,House,Starship,SubmachineGun,ComputerKeyboard,Jet,Ship,Jet,Jet,Jet,Monoplane,Insect,,,,,,,,,,,,,,,,,,,,,,,,,,,,,,,,,,,,,,,,,,,,,,,,,,,,,,,,,,,,,,,,,,,,,,,,,,,,,,,,,,,,,,,,,,,,,,,,,,,,,,,,,,,,,,,,,,
AquaticAnimal/m62_rm.obj,AquaticAnimal,manhattan+chi-squared,neutral,Jet,SubmachineGun,Jet,Jet,Insect,AquaticAnimal,Monoplane,Monoplane,Ship,Jet,SubmachineGun,Jet,Sign,Insect,Jet,Starship,Jet,Ship,Jet,Starship,Jet,Jet,City,Bird,Jet,Gun,City,Jet,,,,,,,,,,,,,,,,,,,,,,,,,,,,,,,,,,,,,,,,,,,,,,,,,,,,,,,,,,,,,,,,,,,,,,,,,,,,,,,,,,,,,,,,,,,,,,,,,,,,,,,,,,,,,,,,,,
AquaticAnimal/m62_rm.obj,AquaticAnimal,manhattan+emd,neutral,Jet,Jet,Monoplane,Jet,Jet,Jet,Sign,Jet,Ship,Jet,Jet,Bird,Jet,Jet,City,Jet,Jet,House,SubmachineGun,Monoplane,Ship,Jet,Jet,Jet,Biplane,Jet,Jet,Insect,,,,,,,,,,,,,,,,,,,,,,,,,,,,,,,,,,,,,,,,,,,,,,,,,,,,,,,,,,,,,,,,,,,,,,,,,,,,,,,,,,,,,,,,,,,,,,,,,,,,,,,,,,,,,,,,,,
AquaticAnimal/m62_rm.obj,AquaticAnimal,manhattan+kullback-leibler,neutral,Jet,SubmachineGun,Jet,Insect,Jet,AquaticAnimal,Monoplane,SubmachineGun,Ship,Starship,Jet,Monoplane,Insect,Jet,Jet,Jet,Jet,Jet,City,Jet,Jet,City,Jet,Jet,Ship,Jet,Ship,Sign,,,,,,,,,,,,,,,,,,,,,,,,,,,,,,,,,,,,,,,,,,,,,,,,,,,,,,,,,,,,,,,,,,,,,,,,,,,,,,,,,,,,,,,,,,,,,,,,,,,,,,,,,,,,,,,,,,
AquaticAnimal/m62_rm.obj,AquaticAnimal,knn,neutral,SubmachineGun,Insect,Door,Starship,Door,Jet,House,ComputerKeyboard,Sign,ComputerKeyboard,Tool,AquaticAnimal,ComputerKeyboard,ComputerKeyboard,Door,City,SubmachineGun,Tool,Tool,Gun,Tool,ComputerKeyboard,Tool,Ship,ComputerKeyboard,Door,Door,Jet,,,,,,,,,,,,,,,,,,,,,,,,,,,,,,,,,,,,,,,,,,,,,,,,,,,,,,,,,,,,,,,,,,,,,,,,,,,,,,,,,,,,,,,,,,,,,,,,,,,,,,,,,,,,,,,,,,
Apartment/D00366_rm.obj,Apartment,euclidean,neutral,Wheel,Mug,Mug,Apartment,HumanHead,Hat,HumanHead,Mug,Bookset,Hat,Drum,HumanHead,House,BuildingNonResidential,House,HumanHead,HumanHead,HumanHead,Hand,Hat,Drum,Apartment,,,,,,,,,,,,,,,,,,,,,,,,,,,,,,,,,,,,,,,,,,,,,,,,,,,,,,,,,,,,,,,,,,,,,,,,,,,,,,,,,,,,,,,,,,,,,,,,,,,,,,,,,,,,,,,,,,,,,,,,
Apartment/D00366_rm.obj,Apartment,cosine,neutral,Bookset,Hat,House,House,BuildingNonResidential,HumanHead,Car,HumanHead,Apartment,Mug,HumanHead,Hat,HumanHead,House,HumanHead,BuildingNonResidential,Mug,Apartment,Monitor,Mug,Mug,Wheel,,,,,,,,,,,,,,,,,,,,,,,,,,,,,,,,,,,,,,,,,,,,,,,,,,,,,,,,,,,,,,,,,,,,,,,,,,,,,,,,,,,,,,,,,,,,,,,,,,,,,,,,,,,,,,,,,,,,,,,,
Apartment/D00366_rm.obj,Apartment,manhattan,neutral,Wheel,Apartment,HumanHead,Mug,Mug,Hat,Bookset,HumanHead,Mug,HumanHead,House,House,Hat,BuildingNonResidential,Drum,HumanHead,Hand,Monitor,Apartment,HumanHead,Vase,HumanHead,,,,,,,,,,,,,,,,,,,,,,,,,,,,,,,,,,,,,,,,,,,,,,,,,,,,,,,,,,,,,,,,,,,,,,,,,,,,,,,,,,,,,,,,,,,,,,,,,,,,,,,,,,,,,,,,,,,,,,,,
Apartment/D00366_rm.obj,Apartment,manhattan+chi-squared,neutral,Wheel,Mug,Mug,Apartment,HumanHead,Hat,HumanHead,Mug,Bookset,Hat,Drum,House,HumanHead,BuildingNonResidential,House,HumanHead,HumanHead,Drum,HumanHead,Hat,Hand,HumanHead,,,,,,,,,,,,,,,,,,,,,,,,,,,,,,,,,,,,,,,,,,,,,,,,,,,,,,,,,,,,,,,,,,,,,,,,,,,,,,,,,,,,,,,,,,,,,,,,,,,,,,,,,,,,,,,,,,,,,,,,
Apartment/D00366_rm.obj,Apartment,manhattan+emd,neutral,HumanHead,Wheel,Apartment,Bookset,Mug,House,Hat,Mug,House,HumanHead,HumanHead,Mug,Vase,Hat,BuildingNonResidential,Apartment,Monitor,HumanHead,HumanHead,Hand,Drum,Car,,,,,,,,,,,,,,,,,,,,,,,,,,,,,,,,,,,,,,,,,,,,,,,,,,,,,,,,,,,,,,,,,,,,,,,,,,,,,,,,,,,,,,,,,,,,,,,,,,,,,,,,,,,,,,,,,,,,,,,,
Apartment/D00366_rm.obj,Apartment,manhattan+kullback-leibler,neutral,Wheel,Mug,Apartment,Mug,HumanHead,Hat,HumanHead,Mug,Bookset,House,HumanHead,House,BuildingNonResidential,Drum,Hat,HumanHead,Monitor,HumanHead,Apartment,HumanHead,HumanHead,Mug,,,,,,,,,,,,,,,,,,,,,,,,,,,,,,,,,,,,,,,,,,,,,,,,,,,,,,,,,,,,,,,,,,,,,,,,,,,,,,,,,,,,,,,,,,,,,,,,,,,,,,,,,,,,,,,,,,,,,,,,
Apartment/D00366_rm.obj,Apartment,knn,neutral,Wheel,Mug,Mug,Apartment,HumanHead,Hat,Bookset,Mug,Drum,Hat,HumanHead,HumanHead,House,HumanHead,BuildingNonResidential,House,HumanHead,Hat,Drum,Hand,HumanHead,Monitor,,,,,,,,,,,,,,,,,,,,,,,,,,,,,,,,,,,,,,,,,,,,,,,,,,,,,,,,,,,,,,,,,,,,,,,,,,,,,,,,,,,,,,,,,,,,,,,,,,,,,,,,,,,,,,,,,,,,,,,,
AquaticAnimal/m65_rm.obj,AquaticAnimal,euclidean,neutral,Jet,Jet,Fish,Jet,Starship,Jet,Jet,Jet,Monoplane,DeskPhone,Jet,Monoplane,Jet,Humanoid,Fish,Jet,Starship,Starship,Motorcycle,Biplane,Biplane,Biplane,DeskPhone,Humanoid,Starship,Jet,Jet,Ship,,,,,,,,,,,,,,,,,,,,,,,,,,,,,,,,,,,,,,,,,,,,,,,,,,,,,,,,,,,,,,,,,,,,,,,,,,,,,,,,,,,,,,,,,,,,,,,,,,,,,,,,,,,,,,,,,,
AquaticAnimal/m65_rm.obj,AquaticAnimal,cosine,neutral,Jet,Jet,Fish,Jet,Jet,Jet,Starship,Starship,DeskPhone,Jet,Starship,DeskPhone,Jet,Monoplane,Jet,Ship,Jet,Jet,Jet,Starship,Ship,Biplane,Monoplane,Bird,Fish,Jet,Humanoid,Motorcycle,,,,,,,,,,,,,,,,,,,,,,,,,,,,,,,,,,,,,,,,,,,,,,,,,,,,,,,,,,,,,,,,,,,,,,,,,,,,,,,,,,,,,,,,,,,,,,,,,,,,,,,,,,,,,,,,,,
AquaticAnimal/m65_rm.obj,AquaticAnimal,manhattan,neutral,Jet,Jet,Starship,Fish,Jet,Jet,DeskPhone,Starship,Jet,Jet,Jet,Jet,Jet,Fish,DeskPhone,Jet,Starship,Monoplane,Monoplane,Motorcycle,Humanoid,Jet,Jet,Jet,Starship,Ship,Biplane,Jet,,,,,,,,,,,,,,,,,,,,,,,,,,,,,,,,,,,,,,,,,,,,,,,,,,,,,,,,,,,,,,,,,,,,,,,,,,,,,,,,,,,,,,,,,,,,,,,,,,,,,,,,,,,,,,,,,,
AquaticAnimal/m65_rm.obj,AquaticAnimal,manhattan+chi-squared,neutral,Jet,Jet,Starship,Jet,Jet,Jet,Starship,Fish,Jet,Jet,Jet,Starship,Fish,DeskPhone,Monoplane,Jet,Jet,Jet,Jet,Monoplane,Insect,Motorcycle,Jet,Jet,Jet,Biplane,Ship,Starship,,,,,,,,,,,,,,,,,,,,,,,,,,,,,,,,,,,,,,,,,,,,,,,,,,,,,,,,,,,,,,,,,,,,,,,,,,,,,,,,,,,,,,,,,,,,,,,,,,,,,,,,,,,,,,,,,,
AquaticAnimal/m65_rm.obj,AquaticAnimal,manhattan+emd,neutral,Jet,Jet,Jet,Starship,Jet,Fish,Starship,Jet,Quadruped,Quadruped,Biplane,Biplane,AquaticAnimal,Motorcycle,Humanoid,Biplane,Quadruped,Jet,Humanoid,Jet,Motorcycle,Insect,Jet,Jet,Starship,Humanoid,Monoplane,Jet,,,,,,,,,,,,,,,,,,,,,,,,,,,,,,,,,,,,,,,,,,,,,,,,,,,,,,,,,,,,,,,,,,,,,,,,,,,,,,,,,,,,,,,,,,,,,,,,,,,,,,,,,,,,,,,,,,
AquaticAnimal/m65_rm.obj,AquaticAnimal,manhattan+kullback-leibler,neutral,Jet,Jet,Jet,Jet,Starship,Jet,Jet,Fish,Jet,Jet,Jet,Starship,DeskPhone,Jet,Motorcycle,Jet,Biplane,Jet,Fish,Starship,Jet,Motorcycle,DeskPhone,Starship,Quadruped,Jet,DeskPhone,Insect,,,,,,,,,,,,,,,,,,,,,,,,,,,,,,,,,,,,,,,,,,,,,,,,,,,,,,,,,,,,,,,,,,,,,,,,,,,,,,,,,,,,,,,,,,,,,,,,,,,,,,,,,,,,,,,,,,
AquaticAnimal/m65_rm.obj,AquaticAnimal,knn,neutral,Jet,Jet,Fish,Jet,Jet,Jet,Jet,Monoplane,DeskPhone,Jet,Biplane,Starship,Monoplane,Ship,Fish,Humanoid,Humanoid,Jet,Biplane,Biplane,Jet,Jet,Jet,Jet,Ship,Bicycle,Motorcycle,Monoplane,,,,,,,,,,,,,,,,,,,,,,,,,,,,,,,,,,,,,,,,,,,,,,,,,,,,,,,,,,,,,,,,,,,,,,,,,,,,,,,,,,,,,,,,,,,,,,,,,,,,,,,,,,,,,,,,,,
Apartment/D00681_rm.obj,Apartment,euclidean,neutral,Apartment,Bookset,House,House,Vase,Apartment,Apartment,Quadruped,Drum,Bookset,Shelf,Drum,Computer,Shelf,ClassicPiano,BuildingNonResidential,Bookset,Monitor,Bookset,Wheel,Bookset,House,,,,,,,,,,,,,,,,,,,,,,,,,,,,,,,,,,,,,,,,,,,,,,,,,,,,,,,,,,,,,,,,,,,,,,,,,,,,,,,,,,,,,,,,,,,,,,,,,,,,,,,,,,,,,,,,,,,,,,,,
Apartment/D00681_rm.obj,Apartment,cosine,neutral,Bookset,Car,Quadruped,Bookset,HumanHead,Bookset,House,BuildingNonResidential,ClassicPiano,Shelf,BuildingNonResidential,HumanHead,House,Apartment,Car,House,PianoBoard,Monitor,Drum,ClassicPiano,TruckNonContainer,House,,,,,,,,,,,,,,,,,,,,,,,,,,,,,,,,,,,,,,,,,,,,,,,,,,,,,,,,,,,,,,,,,,,,,,,,,,,,,,,,,,,,,,,,,,,,,,,,,,,,,,,,,,,,,,,,,,,,,,,,
Apartment/D00681_rm.obj,Apartment,manhattan,neutral,Bookset,Apartment,House,Bookset,House,Vase,Quadruped,BuildingNonResidential,Shelf,Apartment,Apartment,Car,Bookset,Drum,Wheel,Drum,ClassicPiano,Monitor,MilitaryVehicle,House,House,Bookset,,,,,,,,,,,,,,,,,,,,,,,,,,,,,,,,,,,,,,,,,,,,,,,,,,,,,,,,,,,,,,,,,,,,,,,,,,,,,,,,,,,,,,,,,,,,,,,,,,,,,,,,,,,,,,,,,,,,,,,,
Apartment/D00681_rm.obj,Apartment,manhattan+chi-squared,neutral,Apartment,Bookset,House,House,Shelf,Vase,Drum,Apartment,Apartment,Quadruped,Computer,RectangleTable,Drum,Bookset,Shelf,Bookset,Bookset,Monitor,ClassicPiano,BuildingNonResidential,Bookset,House,,,,,,,,,,,,,,,,,,,,,,,,,,,,,,,,,,,,,,,,,,,,,,,,,,,,,,,,,,,,,,,,,,,,,,,,,,,,,,,,,,,,,,,,,,,,,,,,,,,,,,,,,,,,,,,,,,,,,,,,
Apartment/D00681_rm.obj,Apartment,manhattan+emd,neutral,Bookset,Bookset,BuildingNonResidential,Car,Vase,Apartment,Quadruped,Shelf,Apartment,Apartment,Car,TruckNonContainer,Wheel,House,Monitor,Drum,MilitaryVehicle,House,Car,Shelf,Truck,HumanHead,,,,,,,,,,,,,,,,,,,,,,,,,,,,,,,,,,,,,,,,,,,,,,,,,,,,,,,,,,,,,,,,,,,,,,,,,,,,,,,,,,,,,,,,,,,,,,,,,,,,,,,,,,,,,,,,,,,,,,,,
Apartment/D00681_rm.obj,Apartment,manhattan+kullback-leibler,neutral,Apartment,Bookset,House,House,Vase,Apartment,Quadruped,Apartment,Drum,Bookset,Bookset,Shelf,BuildingNonResidential,Monitor,Computer,Drum,ClassicPiano,Bookset,House,Bookset,Chess,Shelf,,,,,,,,,,,,,,,,,,,,,,,,,,,,,,,,,,,,,,,,,,,,,,,,,,,,,,,,,,,,,,,,,,,,,,,,,,,,,,,,,,,,,,,,,,,,,,,,,,,,,,,,,,,,,,,,,,,,,,,,
Apartment/D00681_rm.obj,Apartment,knn,neutral,Apartment,House,Bookset,House,Apartment,Apartment,Vase,Quadruped,Drum,Bookset,Drum,ClassicPiano,RectangleTable,Monitor,Computer,Shelf,BuildingNonResidential,Bookset,Bookset,Wheel,House,Bookset,,,,,,,,,,,,,,,,,,,,,,,,,,,,,,,,,,,,,,,,,,,,,,,,,,,,,,,,,,,,,,,,,,,,,,,,,,,,,,,,,,,,,,,,,,,,,,,,,,,,,,,,,,,,,,,,,,,,,,,,
AquaticAnimal/m67_rm.obj,AquaticAnimal,euclidean,neutral,AquaticAnimal,Humanoid,AquaticAnimal,Humanoid,Humanoid,Humanoid,Fish,Violin,Humanoid,Fish,AquaticAnimal,Humanoid,Humanoid,Skyscraper,Fish,Fish,Humanoid,Humanoid,AquaticAnimal,Humanoid,Skyscraper,Humanoid,Skyscraper,Humanoid,Gun,Fish,Humanoid,Violin,,,,,,,,,,,,,,,,,,,,,,,,,,,,,,,,,,,,,,,,,,,,,,,,,,,,,,,,,,,,,,,,,,,,,,,,,,,,,,,,,,,,,,,,,,,,,,,,,,,,,,,,,,,,,,,,,,
AquaticAnimal/m67_rm.obj,AquaticAnimal,cosine,neutral,Humanoid,Humanoid,Fish,AquaticAnimal,AquaticAnimal,Humanoid,Humanoid,Humanoid,Humanoid,Humanoid,Fish,Fish,Humanoid,AquaticAnimal,Fish,Humanoid,Fish,Humanoid,Fish,Humanoid,Insect,Humanoid,Skyscraper,AquaticAnimal,Humanoid,Humanoid,Humanoid,Violin,,,,,,,,,,,,,,,,,,,,,,,,,,,,,,,,,,,,,,,,,,,,,,,,,,,,,,,,,,,,,,,,,,,,,,,,,,,,,,,,,,,,,,,,,,,,,,,,,,,,,,,,,,,,,,,,,,
AquaticAnimal/m67_rm.obj,AquaticAnimal,manhattan,neutral,AquaticAnimal,Humanoid,Humanoid,AquaticAnimal,Fish,Humanoid,Humanoid,Humanoid,Fish,Fish,Humanoid,Skyscraper,Violin,Humanoid,Fish,Humanoid,Gun,Humanoid,Fish,Ship,Fish,Insect,Humanoid,Humanoid,Humanoid,Humanoid,Humanoid,Humanoid,,,,,,,,,,,,,,,,,,,,,,,,,,,,,,,,,,,,,,,,,,,,,,,,,,,,,,,,,,,,,,,,,,,,,,,,,,,,,,,,,,,,,,,,,,,,,,,,,,,,,,,,,,,,,,,,,,
AquaticAnimal/m67_rm.obj,AquaticAnimal,manhattan+chi-squared,neutral,Humanoid,Humanoid,Humanoid,Fish,Humanoid,Humanoid,AquaticAnimal,Humanoid,Gun,Ship,Humanoid,AquaticAnimal,Fish,Humanoid,Humanoid,Humanoid,Fish,Humanoid,Fish,Fish,Humanoid,Ship,Humanoid,Humanoid,Fish,Humanoid,Insect,Humanoid,,,,,,,,,,,,,,,,,,,,,,,,,,,,,,,,,,,,,,,,,,,,,,,,,,,,,,,,,,,,,,,,,,,,,,,,,,,,,,,,,,,,,,,,,,,,,,,,,,,,,,,,,,,,,,,,,,
AquaticAnimal/m67_rm.obj,AquaticAnimal,manhattan+emd,neutral,AquaticAnimal,Humanoid,Humanoid,AquaticAnimal,Violin,Skyscraper,Humanoid,Fish,Humanoid,Humanoid,Humanoid,Humanoid,Gun,Ship,Violin,Humanoid,Humanoid,Humanoid,Humanoid,Humanoid,Fish,Fish,Humanoid,Violin,Humanoid,Fish,Humanoid,Humanoid,,,,,,,,,,,,,,,,,,,,,,,,,,,,,,,,,,,,,,,,,,,,,,,,,,,,,,,,,,,,,,,,,,,,,,,,,,,,,,,,,,,,,,,,,,,,,,,,,,,,,,,,,,,,,,,,,,
AquaticAnimal/m67_rm.obj,AquaticAnimal,manhattan+kullback-leibler,neutral,Humanoid,Humanoid,Humanoid,Humanoid,Gun,Humanoid,Humanoid,Ship,Humanoid,Humanoid,Ship,Humanoid,Fish,Humanoid,Ship,Ship,Insect,Skyscraper,Jet,Humanoid,Skyscraper,Skyscraper,AquaticAnimal,Humanoid,Train,Humanoid,Humanoid,AquaticAnimal,,,,,,,,,,,,,,,,,,,,,,,,,,,,,,,,,,,,,,,,,,,,,,,,,,,,,,,,,,,,,,,,,,,,,,,,,,,,,,,,,,,,,,,,,,,,,,,,,,,,,,,,,,,,,,,,,,
AquaticAnimal/m67_rm.obj,AquaticAnimal,knn,neutral,AquaticAnimal,AquaticAnimal,Humanoid,Humanoid,Violin,Fish,Humanoid,AquaticAnimal,Fish,Humanoid,Violin,Fish,Humanoid,Train,Skyscraper,Humanoid,Skyscraper,Humanoid,Gun,Humanoid,Insect,Humanoid,Skyscraper,Violin,Gun,Humanoid,Humanoid,Humanoid,,,,,,,,,,,,,,,,,,,,,,,,,,,,,,,,,,,,,,,,,,,,,,,,,,,,,,,,,,,,,,,,,,,,,,,,,,,,,,,,,,,,,,,,,,,,,,,,,,,,,,,,,,,,,,,,,,
AquaticAnimal/m68_rm.obj,AquaticAnimal,euclidean,neutral,Helicopter,Helicopter,Ship,Ship,Ship,Ship,Ship,Violin,Ship,Gun,AquaticAnimal,Ship,Ship,SubmachineGun,Helicopter,Humanoid,Gun,Quadruped,Jet,Jet,Jet,Violin,Ship,Jet,Skyscraper,Gun,Humanoid,Monoplane,,,,,,,,,,,,,,,,,,,,,,,,,,,,,,,,,,,,,,,,,,,,,,,,,,,,,,,,,,,,,,,,,,,,,,,,,,,,,,,,,,,,,,,,,,,,,,,,,,,,,,,,,,,,,,,,,,
AquaticAnimal/m68_rm.obj,AquaticAnimal,cosine,neutral,Helicopter,Helicopter,Humanoid,Ship,Ship,Violin,Ship,Ship,Ship,Gun,Gun,Skyscraper,Ship,Humanoid,Bird,Ship,Helicopter,Starship,Jet,Jet,Gun,Ship,Jet,Gun,Musical_Instrument,Guitar,Humanoid,Violin,,,,,,,,,,,,,,,,,,,,,,,,,,,,,,,,,,,,,,,,,,,,,,,,,,,,,,,,,,,,,,,,,,,,,,,,,,,,,,,,,,,,,,,,,,,,,,,,,,,,,,,,,,,,,,,,,,
AquaticAnimal/m68_rm.obj,AquaticAnimal,manhattan,neutral,Helicopter,Helicopter,Ship,Ship,Ship,Ship,Ship,Humanoid,Violin,Bird,Humanoid,Helicopter,Ship,Ship,Ship,Violin,Jet,Jet,AquaticAnimal,Jet,Skyscraper,Gun,Starship,Quadruped,Jet,Humanoid,Jet,SubmachineGun,,,,,,,,,,,,,,,,,,,,,,,,,,,,,,,,,,,,,,,,,,,,,,,,,,,,,,,,,,,,,,,,,,,,,,,,,,,,,,,,,,,,,,,,,,,,,,,,,,,,,,,,,,,,,,,,,,
AquaticAnimal/m68_rm.obj,AquaticAnimal,manhattan+chi-squared,neutral,Ship,Bird,Helicopter,Helicopter,Ship,Ship,Ship,Ship,Ship,Ship,Quadruped,Starship,Ship,Helicopter,Violin,Humanoid,Ship,Gun,Humanoid,Jet,Skyscraper,Tree,AquaticAnimal,Jet,Jet,Violin,Quadruped,AquaticAnimal,,,,,,,,,,,,,,,,,,,,,,,,,,,,,,,,,,,,,,,,,,,,,,,,,,,,,,,,,,,,,,,,,,,,,,,,,,,,,,,,,,,,,,,,,,,,,,,,,,,,,,,,,,,,,,,,,,
AquaticAnimal/m68_rm.obj,AquaticAnimal,manhattan+emd,neutral,Helicopter,Helicopter,Violin,Humanoid,Jet,Gun,Jet,Humanoid,Bird,Violin,Ship,Jet,Quadruped,Jet,Gun,Guitar,PlantWildNonTree,Jet,Musical_Instrument,Tree,AquaticAnimal,Jet,Jet,Jet,Jet,Helicopter,Jet,AquaticAnimal,,,,,,,,,,,,,,,,,,,,,,,,,,,,,,,,,,,,,,,,,,,,,,,,,,,,,,,,,,,,,,,,,,,,,,,,,,,,,,,,,,,,,,,,,,,,,,,,,,,,,,,,,,,,,,,,,,
AquaticAnimal/m68_rm.obj,AquaticAnimal,manhattan+kullback-leibler,neutral,Ship,Bird,Ship,Ship,Helicopter,Ship,Ship,Ship,Quadruped,Helicopter,Ship,Violin,Ship,Helicopter,Starship,Ship,AquaticAnimal,Tree,Gun,Ship,Violin,AquaticAnimal,Quadruped,Quadruped,Jet,Jet,Bird,Jet,,,,,,,,,,,,,,,,,,,,,,,,,,,,,,,,,,,,,,,,,,,,,,,,,,,,,,,,,,,,,,,,,,,,,,,,,,,,,,,,,,,,,,,,,,,,,,,,,,,,,,,,,,,,,,,,,,
AquaticAnimal/m68_rm.obj,AquaticAnimal,knn,neutral,Helicopter,Helicopter,Ship,Ship,Ship,Ship,Ship,Ship,Gun,Ship,Helicopter,Ship,Violin,Gun,Jet,Humanoid,Violin,Jet,Skyscraper,Quadruped,Humanoid,Jet,Jet,SubmachineGun,Ship,AquaticAnimal,Gun,Monoplane,,,,,,,,,,,,,,,,,,,,,,,,,,,,,,,,,,,,,,,,,,,,,,,,,,,,,,,,,,,,,,,,,,,,,,,,,,,,,,,,,,,,,,,,,,,,,,,,,,,,,,,,,,,,,,,,,,
AquaticAnimal/m55_rm.obj,AquaticAnimal,euclidean,neutral,Humanoid,Humanoid,Humanoid,AquaticAnimal,Violin,Humanoid,Humanoid,Humanoid,Humanoid,Fish,Violin,Insect,Fish,Violin,AquaticAnimal,Humanoid,Humanoid,Gun,Humanoid,AquaticAnimal,Humanoid,AquaticAnimal,Humanoid,Violin,Humanoid,Gun,Humanoid,Violin,,,,,,,,,,,,,,,,,,,,,,,,,,,,,,,,,,,,,,,,,,,,,,,,,,,,,,,,,,,,,,,,,,,,,,,,,,,,,,,,,,,,,,,,,,,,,,,,,,,,,,,,,,,,,,,,,,
AquaticAnimal/m55_rm.obj,AquaticAnimal,cosine,neutral,AquaticAnimal,Humanoid,Fish,Humanoid,Humanoid,Fish,Humanoid,Violin,Insect,Humanoid,Violin,Humanoid,Gun,Humanoid,Humanoid,AquaticAnimal,AquaticAnimal,Humanoid,Violin,Humanoid,Humanoid,Humanoid,Humanoid,AquaticAnimal,AquaticAnimal,Violin,AquaticAnimal,Violin,,,,,,,,,,,,,,,,,,,,,,,,,,,,,,,,,,,,,,,,,,,,,,,,,,,,,,,,,,,,,,,,,,,,,,,,,,,,,,,,,,,,,,,,,,,,,,,,,,,,,,,,,,,,,,,,,,
AquaticAnimal/m55_rm.obj,AquaticAnimal,manhattan,neutral,Humanoid,Humanoid,AquaticAnimal,Humanoid,Fish,Humanoid,Fish,Humanoid,Humanoid,Humanoid,Violin,Humanoid,Humanoid,AquaticAnimal,Violin,Violin,Insect,Humanoid,Humanoid,Gun,Humanoid,AquaticAnimal,Humanoid,AquaticAnimal,Violin,Humanoid,Violin,Ship,,,,,,,,,,,,,,,,,,,,,,,,,,,,,,,,,,,,,,,,,,,,,,,,,,,,,,,,,,,,,,,,,,,,,,,,,,,,,,,,,,,,,,,,,,,,,,,,,,,,,,,,,,,,,,,,,,
AquaticAnimal/m55_rm.obj,AquaticAnimal,manhattan+chi-squared,neutral,AquaticAnimal,Fish,Humanoid,Fish,Humanoid,Humanoid,Humanoid,Humanoid,AquaticAnimal,Humanoid,Humanoid,Humanoid,AquaticAnimal,Humanoid,AquaticAnimal,Humanoid,AquaticAnimal,Humanoid,Violin,Insect,Violin,Fish,AquaticAnimal,Humanoid,Violin,AquaticAnimal,AquaticAnimal,Humanoid,,,,,,,,,,,,,,,,,,,,,,,,,,,,,,,,,,,,,,,,,,,,,,,,,,,,,,,,,,,,,,,,,,,,,,,,,,,,,,,,,,,,,,,,,,,,,,,,,,,,,,,,,,,,,,,,,,
AquaticAnimal/m55_rm.obj,AquaticAnimal,manhattan+emd,neutral,Humanoid,Humanoid,Humanoid,Humanoid,AquaticAnimal,Humanoid,Humanoid,Humanoid,Humanoid,Fish,Violin,AquaticAnimal,Violin,Humanoid,Humanoid,Violin,Humanoid,Gun,Skyscraper,Ship,Ship,Humanoid,Fish,Humanoid,Humanoid,Humanoid,Humanoid,Spoon,,,,,,,,,,,,,,,,,,,,,,,,,,,,,,,,,,,,,,,,,,,,,,,,,,,,,,,,,,,,,,,,,,,,,,,,,,,,,,,,,,,,,,,,,,,,,,,,,,,,,,,,,,,,,,,,,,
AquaticAnimal/m55_rm.obj,AquaticAnimal,manhattan+kullback-leibler,neutral,AquaticAnimal,Fish,Humanoid,Fish,AquaticAnimal,Humanoid,Humanoid,AquaticAnimal,AquaticAnimal,AquaticAnimal,AquaticAnimal,Insect,AquaticAnimal,Fish,Humanoid,Humanoid,Humanoid,Fish,Fish,Humanoid,Jet,Humanoid,Gun,Humanoid,Fish,Humanoid,Humanoid,Train,,,,,,,,,,,,,,,,,,,,,,,,,,,,,,,,,,,,,,,,,,,,,,,,,,,,,,,,,,,,,,,,,,,,,,,,,,,,,,,,,,,,,,,,,,,,,,,,,,,,,,,,,,,,,,,,,,
AquaticAnimal/m55_rm.obj,AquaticAnimal,knn,neutral,Violin,Insect,AquaticAnimal,Humanoid,Violin,Humanoid,Violin,Humanoid,Humanoid,AquaticAnimal,Fish,AquaticAnimal,Gun,AquaticAnimal,Fish,Humanoid,Humanoid,Violin,Violin,Humanoid,Humanoid,Humanoid,Humanoid,AquaticAnimal,Humanoid,Humanoid,Humanoid,Train,,,,,,,,,,,,,,,,,,,,,,,,,,,,,,,,,,,,,,,,,,,,,,,,,,,,,,,,,,,,,,,,,,,,,,,,,,,,,,,,,,,,,,,,,,,,,,,,,,,,,,,,,,,,,,,,,,
AquaticAnimal/m69_rm.obj,AquaticAnimal,euclidean,neutral,AquaticAnimal,AquaticAnimal,AquaticAnimal,Humanoid,Quadruped,AquaticAnimal,Violin,Jet,Humanoid,Insect,Humanoid,Humanoid,Jet,Gun,Humanoid,Jet,AquaticAnimal,Humanoid,Humanoid,Humanoid,Humanoid,Ship,Humanoid,Humanoid,Humanoid,Humanoid,Gun,Humanoid,,,,,,,,,,,,,,,,,,,,,,,,,,,,,,,,,,,,,,,,,,,,,,,,,,,,,,,,,,,,,,,,,,,,,,,,,,,,,,,,,,,,,,,,,,,,,,,,,,,,,,,,,,,,,,,,,,
AquaticAnimal/m69_rm.obj,AquaticAnimal,cosine,neutral,AquaticAnimal,AquaticAnimal,AquaticAnimal,AquaticAnimal,Humanoid,Jet,Gun,Quadruped,Jet,Humanoid,Jet,AquaticAnimal,Insect,Humanoid,Gun,Starship,AquaticAnimal,Violin,Jet,Ship,AquaticAnimal,Humanoid,Humanoid,Humanoid,Jet,Skyscraper,Spoon,Humanoid,,,,,,,,,,,,,,,,,,,,,,,,,,,,,,,,,,,,,,,,,,,,,,,,,,,,,,,,,,,,,,,,,,,,,,,,,,,,,,,,,,,,,,,,,,,,,,,,,,,,,,,,,,,,,,,,,,
AquaticAnimal/m69_rm.obj,AquaticAnimal,manhattan,neutral,AquaticAnimal,AquaticAnimal,AquaticAnimal,Humanoid,AquaticAnimal,Jet,Jet,Quadruped,Humanoid,Violin,Insect,Gun,Jet,Humanoid,AquaticAnimal,Ship,AquaticAnimal,Humanoid,Humanoid,Humanoid,Humanoid,Gun,Jet,Humanoid,Humanoid,Humanoid,Humanoid,Jet,,,,,,,,,,,,,,,,,,,,,,,,,,,,,,,,,,,,,,,,,,,,,,,,,,,,,,,,,,,,,,,,,,,,,,,,,,,,,,,,,,,,,,,,,,,,,,,,,,,,,,,,,,,,,,,,,,
AquaticAnimal/m69_rm.obj,AquaticAnimal,manhattan+chi-squared,neutral,AquaticAnimal,AquaticAnimal,AquaticAnimal,Jet,AquaticAnimal,Humanoid,Humanoid,Humanoid,Jet,Jet,AquaticAnimal,Quadruped,Gun,Insect,Jet,AquaticAnimal,Jet,Humanoid,AquaticAnimal,Ship,AquaticAnimal,Violin,Humanoid,Humanoid,Skyscraper,Humanoid,Starship,Humanoid,,,,,,,,,,,,,,,,,,,,,,,,,,,,,,,,,,,,,,,,,,,,,,,,,,,,,,,,,,,,,,,,,,,,,,,,,,,,,,,,,,,,,,,,,,,,,,,,,,,,,,,,,,,,,,,,,,
AquaticAnimal/m69_rm.obj,AquaticAnimal,manhattan+emd,neutral,AquaticAnimal,AquaticAnimal,Jet,AquaticAnimal,Humanoid,Humanoid,Humanoid,Jet,Jet,Gun,Jet,Jet,AquaticAnimal,Helicopter,Helicopter,Humanoid,AquaticAnimal,Humanoid,Humanoid,Jet,Jet,Jet,Bird,Jet,Insect,Jet,Skyscraper,Jet,,,,,,,,,,,,,,,,,,,,,,,,,,,,,,,,,,,,,,,,,,,,,,,,,,,,,,,,,,,,,,,,,,,,,,,,,,,,,,,,,,,,,,,,,,,,,,,,,,,,,,,,,,,,,,,,,,
AquaticAnimal/m69_rm.obj,AquaticAnimal,manhattan+kullback-leibler,neutral,AquaticAnimal,AquaticAnimal,AquaticAnimal,Jet,AquaticAnimal,Jet,Humanoid,Jet,Humanoid,AquaticAnimal,Humanoid,Violin,Humanoid,Skyscraper,AquaticAnimal,Jet,Humanoid,Violin,AquaticAnimal,Jet,AquaticAnimal,AquaticAnimal,Insect,Jet,Spoon,Jet,AquaticAnimal,Guitar,,,,,,,,,,,,,,,,,,,,,,,,,,,,,,,,,,,,,,,,,,,,,,,,,,,,,,,,,,,,,,,,,,,,,,,,,,,,,,,,,,,,,,,,,,,,,,,,,,,,,,,,,,,,,,,,,,
AquaticAnimal/m69_rm.obj,AquaticAnimal,knn,neutral,AquaticAnimal,AquaticAnimal,AquaticAnimal,Humanoid,AquaticAnimal,Quadruped,Jet,Jet,Insect,AquaticAnimal,Violin,Gun,Humanoid,Humanoid,Humanoid,Humanoid,Humanoid,Jet,Humanoid,Gun,Humanoid,Humanoid,Humanoid,Humanoid,Humanoid,Humanoid,Skyscraper,Jet,,,,,,,,,,,,,,,,,,,,,,,,,,,,,,,,,,,,,,,,,,,,,,,,,,,,,,,,,,,,,,,,,,,,,,,,,,,,,,,,,,,,,,,,,,,,,,,,,,,,,,,,,,,,,,,,,,
Apartment/m464_rm.obj,Apartment,euclidean,neutral,Skyscraper,Fish,Humanoid,Fish,Fish,Humanoid,Fish,Fish,DeskPhone,Humanoid,Hand,Fish,Hand,Fish,Insect,Ship,Humanoid,Train,Humanoid,AquaticAnimal,Humanoid,Humanoid,,,,,,,,,,,,,,,,,,,,,,,,,,,,,,,,,,,,,,,,,,,,,,,,,,,,,,,,,,,,,,,,,,,,,,,,,,,,,,,,,,,,,,,,,,,,,,,,,,,,,,,,,,,,,,,,,,,,,,,,
Apartment/m464_rm.obj,Apartment,cosine,neutral,Skyscraper,Fish,Humanoid,DeskPhone,Fish,Fish,Fish,Humanoid,Humanoid,Fish,Fish,Rocket,Fish,Ship,Bottle,Humanoid,Humanoid,Car,Ship,AquaticAnimal,Humanoid,Humanoid,,,,,,,,,,,,,,,,,,,,,,,,,,,,,,,,,,,,,,,,,,,,,,,,,,,,,,,,,,,,,,,,,,,,,,,,,,,,,,,,,,,,,,,,,,,,,,,,,,,,,,,,,,,,,,,,,,,,,,,,
Apartment/m464_rm.obj,Apartment,manhattan,neutral,Skyscraper,Fish,Humanoid,Humanoid,Fish,Fish,DeskPhone,Fish,Fish,Fish,AquaticAnimal,Ship,Humanoid,Humanoid,Fish,Insect,Hand,Bottle,Humanoid,Hand,Humanoid,Humanoid,,,,,,,,,,,,,,,,,,,,,,,,,,,,,,,,,,,,,,,,,,,,,,,,,,,,,,,,,,,,,,,,,,,,,,,,,,,,,,,,,,,,,,,,,,,,,,,,,,,,,,,,,,,,,,,,,,,,,,,,
Apartment/m464_rm.obj,Apartment,manhattan+chi-squared,neutral,Skyscraper,Fish,DeskPhone,Ship,Fish,Humanoid,Fish,Fish,Humanoid,Fish,Fish,Humanoid,Rocket,Car,Bottle,Humanoid,Fish,Fish,Humanoid,Bird,AquaticAnimal,Humanoid,,,,,,,,,,,,,,,,,,,,,,,,,,,,,,,,,,,,,,,,,,,,,,,,,,,,,,,,,,,,,,,,,,,,,,,,,,,,,,,,,,,,,,,,,,,,,,,,,,,,,,,,,,,,,,,,,,,,,,,,
Apartment/m464_rm.obj,Apartment,manhattan+emd,neutral,Skyscraper,Fish,Humanoid,DeskPhone,Fish,Fish,AquaticAnimal,Fish,Humanoid,Humanoid,AquaticAnimal,Fish,Tool,Humanoid,Humanoid,Humanoid,Fish,Fish,Humanoid,Humanoid,Fish,Humanoid,,,,,,,,,,,,,,,,,,,,,,,,,,,,,,,,,,,,,,,,,,,,,,,,,,,,,,,,,,,,,,,,,,,,,,,,,,,,,,,,,,,,,,,,,,,,,,,,,,,,,,,,,,,,,,,,,,,,,,,,
Apartment/m464_rm.obj,Apartment,manhattan+kullback-leibler,neutral,Skyscraper,DeskPhone,Fish,Ship,Fish,Humanoid,Humanoid,Rocket,Fish,Car,Bottle,AquaticAnimal,Tool,Fish,AquaticAnimal,Guitar,Fish,Fish,Fish,Fish,Fish,Quadruped,,,,,,,,,,,,,,,,,,,,,,,,,,,,,,,,,,,,,,,,,,,,,,,,,,,,,,,,,,,,,,,,,,,,,,,,,,,,,,,,,,,,,,,,,,,,,,,,,,,,,,,,,,,,,,,,,,,,,,,,
Apartment/m464_rm.obj,Apartment,knn,neutral,Skyscraper,Fish,Humanoid,Fish,Fish,Fish,Fish,Humanoid,Fish,Humanoid,DeskPhone,Hand,Humanoid,Ship,Hand,Fish,Humanoid,Insect,Fish,Bottle,Humanoid,Train,,,,,,,,,,,,,,,,,,,,,,,,,,,,,,,,,,,,,,,,,,,,,,,,,,,,,,,,,,,,,,,,,,,,,,,,,,,,,,,,,,,,,,,,,,,,,,,,,,,,,,,,,,,,,,,,,,,,,,,,
AquaticAnimal/m70_rm.obj,AquaticAnimal,euclidean,neutral,AquaticAnimal,AquaticAnimal,Insect,Gun,Humanoid,AquaticAnimal,Humanoid,Jet,Humanoid,Jet,AquaticAnimal,Humanoid,Humanoid,Humanoid,Jet,Humanoid,Fish,Guitar,Humanoid,Violin,Humanoid,Humanoid,Spoon,Biplane,Humanoid,Humanoid,Humanoid,Humanoid,,,,,,,,,,,,,,,,,,,,,,,,,,,,,,,,,,,,,,,,,,,,,,,,,,,,,,,,,,,,,,,,,,,,,,,,,,,,,,,,,,,,,,,,,,,,,,,,,,,,,,,,,,,,,,,,,,
AquaticAnimal/m70_rm.obj,AquaticAnimal,cosine,neutral,AquaticAnimal,AquaticAnimal,Humanoid,Gun,AquaticAnimal,Insect,Humanoid,Humanoid,Humanoid,Humanoid,Humanoid,Humanoid,AquaticAnimal,Humanoid,AquaticAnimal,Fish,Humanoid,Jet,Humanoid,Humanoid,Humanoid,Humanoid,Humanoid,Humanoid,AquaticAnimal,Jet,Spoon,Biplane,,,,,,,,,,,,,,,,,,,,,,,,,,,,,,,,,,,,,,,,,,,,,,,,,,,,,,,,,,,,,,,,,,,,,,,,,,,,,,,,,,,,,,,,,,,,,,,,,,,,,,,,,,,,,,,,,,
AquaticAnimal/m70_rm.obj,AquaticAnimal,manhattan,neutral,AquaticAnimal,AquaticAnimal,Humanoid,Insect,Humanoid,Gun,AquaticAnimal,AquaticAnimal,Fish,Humanoid,Humanoid,Jet,Jet,Humanoid,Humanoid,Humanoid,Humanoid,Humanoid,Jet,Humanoid,Biplane,Humanoid,Jet,Humanoid,Spoon,Humanoid,Humanoid,Humanoid,,,,,,,,,,,,,,,,,,,,,,,,,,,,,,,,,,,,,,,,,,,,,,,,,,,,,,,,,,,,,,,,,,,,,,,,,,,,,,,,,,,,,,,,,,,,,,,,,,,,,,,,,,,,,,,,,,
AquaticAnimal/m70_rm.obj,AquaticAnimal,manhattan+chi-squared,neutral,AquaticAnimal,AquaticAnimal,Humanoid,Fish,Gun,Humanoid,AquaticAnimal,Jet,Humanoid,Insect,Humanoid,Humanoid,AquaticAnimal,Gun,Fish,Jet,Jet,Humanoid,Humanoid,AquaticAnimal,Humanoid,Humanoid,AquaticAnimal,AquaticAnimal,Humanoid,Monoplane,Humanoid,Humanoid,,,,,,,,,,,,,,,,,,,,,,,,,,,,,,,,,,,,,,,,,,,,,,,,,,,,,,,,,,,,,,,,,,,,,,,,,,,,,,,,,,,,,,,,,,,,,,,,,,,,,,,,,,,,,,,,,,
AquaticAnimal/m70_rm.obj,AquaticAnimal,manhattan+emd,neutral,Fish,Humanoid,Humanoid,Jet,Humanoid,Insect,Humanoid,Gun,AquaticAnimal,Spoon,Biplane,Humanoid,AquaticAnimal,Humanoid,Humanoid,Humanoid,Humanoid,Humanoid,Humanoid,Humanoid,Ship,Humanoid,Humanoid,Monoplane,AquaticAnimal,AquaticAnimal,Violin,Humanoid,,,,,,,,,,,,,,,,,,,,,,,,,,,,,,,,,,,,,,,,,,,,,,,,,,,,,,,,,,,,,,,,,,,,,,,,,,,,,,,,,,,,,,,,,,,,,,,,,,,,,,,,,,,,,,,,,,
AquaticAnimal/m70_rm.obj,AquaticAnimal,manhattan+kullback-leibler,neutral,AquaticAnimal,Fish,Gun,Jet,Insect,AquaticAnimal,Humanoid,AquaticAnimal,Humanoid,Jet,Humanoid,AquaticAnimal,AquaticAnimal,Humanoid,Monoplane,AquaticAnimal,Humanoid,Fish,Humanoid,AquaticAnimal,Fish,Humanoid,Humanoid,AquaticAnimal,Jet,Gun,Humanoid,Humanoid,,,,,,,,,,,,,,,,,,,,,,,,,,,,,,,,,,,,,,,,,,,,,,,,,,,,,,,,,,,,,,,,,,,,,,,,,,,,,,,,,,,,,,,,,,,,,,,,,,,,,,,,,,,,,,,,,,
AquaticAnimal/m70_rm.obj,AquaticAnimal,knn,neutral,AquaticAnimal,Insect,Gun,AquaticAnimal,Humanoid,AquaticAnimal,Jet,AquaticAnimal,Humanoid,Humanoid,Fish,Humanoid,Humanoid,Humanoid,Humanoid,Violin,Jet,Biplane,Humanoid,Jet,Humanoid,Guitar,Humanoid,Spoon,Humanoid,Humanoid,Humanoid,Humanoid,,,,,,,,,,,,,,,,,,,,,,,,,,,,,,,,,,,,,,,,,,,,,,,,,,,,,,,,,,,,,,,,,,,,,,,,,,,,,,,,,,,,,,,,,,,,,,,,,,,,,,,,,,,,,,,,,,
AquaticAnimal/m72_rm.obj,AquaticAnimal,euclidean,neutral,Insect,AquaticAnimal,AquaticAnimal,AquaticAnimal,AquaticAnimal,Humanoid,Jet,Gun,AquaticAnimal,Humanoid,AquaticAnimal,Jet,Humanoid,Quadruped,Humanoid,Humanoid,Violin,Humanoid,Violin,Fish,Humanoid,Guitar,Humanoid,Humanoid,Humanoid,Humanoid,Jet,Humanoid,,,,,,,,,,,,,,,,,,,,,,,,,,,,,,,,,,,,,,,,,,,,,,,,,,,,,,,,,,,,,,,,,,,,,,,,,,,,,,,,,,,,,,,,,,,,,,,,,,,,,,,,,,,,,,,,,,
AquaticAnimal/m72_rm.obj,AquaticAnimal,cosine,neutral,AquaticAnimal,Insect,AquaticAnimal,Jet,AquaticAnimal,AquaticAnimal,Humanoid,AquaticAnimal,Gun,AquaticAnimal,Jet,Humanoid,Humanoid,Violin,Humanoid,Fish,Humanoid,Quadruped,AquaticAnimal,AquaticAnimal,Humanoid,Humanoid,Humanoid,Humanoid,Violin,Humanoid,Guitar,Jet,,,,,,,,,,,,,,,,,,,,,,,,,,,,,,,,,,,,,,,,,,,,,,,,,,,,,,,,,,,,,,,,,,,,,,,,,,,,,,,,,,,,,,,,,,,,,,,,,,,,,,,,,,,,,,,,,,
AquaticAnimal/m72_rm.obj,AquaticAnimal,manhattan,neutral,Insect,AquaticAnimal,Humanoid,AquaticAnimal,AquaticAnimal,Jet,AquaticAnimal,AquaticAnimal,Jet,Gun,Humanoid,AquaticAnimal,Humanoid,Humanoid,AquaticAnimal,Humanoid,Jet,Humanoid,Fish,Jet,Quadruped,Ship,Humanoid,Gun,Humanoid,Violin,Guitar,Violin,,,,,,,,,,,,,,,,,,,,,,,,,,,,,,,,,,,,,,,,,,,,,,,,,,,,,,,,,,,,,,,,,,,,,,,,,,,,,,,,,,,,,,,,,,,,,,,,,,,,,,,,,,,,,,,,,,
AquaticAnimal/m72_rm.obj,AquaticAnimal,manhattan+chi-squared,neutral,AquaticAnimal,Insect,AquaticAnimal,Jet,Humanoid,AquaticAnimal,AquaticAnimal,Jet,Humanoid,AquaticAnimal,AquaticAnimal,Gun,Quadruped,Jet,Humanoid,Humanoid,AquaticAnimal,Gun,Fish,Ship,Jet,Humanoid,Humanoid,Humanoid,Humanoid,Humanoid,Ship,Humanoid,,,,,,,,,,,,,,,,,,,,,,,,,,,,,,,,,,,,,,,,,,,,,,,,,,,,,,,,,,,,,,,,,,,,,,,,,,,,,,,,,,,,,,,,,,,,,,,,,,,,,,,,,,,,,,,,,,
AquaticAnimal/m72_rm.obj,AquaticAnimal,manhattan+emd,neutral,AquaticAnimal,Jet,Jet,Jet,Humanoid,AquaticAnimal,Insect,Jet,AquaticAnimal,Humanoid,Humanoid,AquaticAnimal,Humanoid,Gun,AquaticAnimal,Biplane,AquaticAnimal,Jet,Jet,Humanoid,Jet,Guitar,AquaticAnimal,Helicopter,Violin,Bird,Humanoid,Humanoid,,,,,,,,,,,,,,,,,,,,,,,,,,,,,,,,,,,,,,,,,,,,,,,,,,,,,,,,,,,,,,,,,,,,,,,,,,,,,,,,,,,,,,,,,,,,,,,,,,,,,,,,,,,,,,,,,,
AquaticAnimal/m72_rm.obj,AquaticAnimal,manhattan+kullback-leibler,neutral,AquaticAnimal,Insect,Jet,Humanoid,AquaticAnimal,AquaticAnimal,AquaticAnimal,AquaticAnimal,Jet,Jet,Humanoid,AquaticAnimal,Fish,Gun,Quadruped,Humanoid,Gun,Humanoid,Humanoid,Humanoid,Humanoid,Ship,AquaticAnimal,Humanoid,Humanoid,Humanoid,Humanoid,Ship,,,,,,,,,,,,,,,,,,,,,,,,,,,,,,,,,,,,,,,,,,,,,,,,,,,,,,,,,,,,,,,,,,,,,,,,,,,,,,,,,,,,,,,,,,,,,,,,,,,,,,,,,,,,,,,,,,
AquaticAnimal/m72_rm.obj,AquaticAnimal,knn,neutral,AquaticAnimal,Insect,AquaticAnimal,AquaticAnimal,AquaticAnimal,Gun,Humanoid,AquaticAnimal,Jet,Humanoid,Jet,AquaticAnimal,Humanoid,Quadruped,Violin,Humanoid,Fish,Humanoid,Violin,Humanoid,Humanoid,Humanoid,Humanoid,Humanoid,Humanoid,Humanoid,Jet,Humanoid,,,,,,,,,,,,,,,,,,,,,,,,,,,,,,,,,,,,,,,,,,,,,,,,,,,,,,,,,,,,,,,,,,,,,,,,,,,,,,,,,,,,,,,,,,,,,,,,,,,,,,,,,,,,,,,,,,
AquaticAnimal/m71_rm.obj,AquaticAnimal,euclidean,neutral,Humanoid,Fish,Fish,Ship,DeskPhone,Fish,Fish,Humanoid,Fish,Insect,Apartment,Fish,Humanoid,Skyscraper,Humanoid,AquaticAnimal,DeskPhone,Humanoid,Quadruped,Humanoid,Humanoid,Fish,Humanoid,Car,Humanoid,Quadruped,Humanoid,Humanoid,,,,,,,,,,,,,,,,,,,,,,,,,,,,,,,,,,,,,,,,,,,,,,,,,,,,,,,,,,,,,,,,,,,,,,,,,,,,,,,,,,,,,,,,,,,,,,,,,,,,,,,,,,,,,,,,,,
AquaticAnimal/m71_rm.obj,AquaticAnimal,cosine,neutral,Fish,Humanoid,Fish,Ship,AquaticAnimal,Fish,Fish,Fish,Humanoid,Fish,Fish,Humanoid,DeskPhone,Ship,Humanoid,Humanoid,Humanoid,Humanoid,AquaticAnimal,Apartment,Humanoid,Humanoid,Humanoid,Humanoid,AquaticAnimal,Fish,Insect,Humanoid,,,,,,,,,,,,,,,,,,,,,,,,,,,,,,,,,,,,,,,,,,,,,,,,,,,,,,,,,,,,,,,,,,,,,,,,,,,,,,,,,,,,,,,,,,,,,,,,,,,,,,,,,,,,,,,,,,
AquaticAnimal/m71_rm.obj,AquaticAnimal,manhattan,neutral,Fish,Ship,Humanoid,Fish,Fish,Fish,Fish,Humanoid,DeskPhone,Fish,Apartment,AquaticAnimal,Fish,Humanoid,Skyscraper,Humanoid,Humanoid,Humanoid,Humanoid,Fish,Humanoid,Humanoid,Ship,Humanoid,AquaticAnimal,Fish,Humanoid,AquaticAnimal,,,,,,,,,,,,,,,,,,,,,,,,,,,,,,,,,,,,,,,,,,,,,,,,,,,,,,,,,,,,,,,,,,,,,,,,,,,,,,,,,,,,,,,,,,,,,,,,,,,,,,,,,,,,,,,,,,
AquaticAnimal/m71_rm.obj,AquaticAnimal,manhattan+chi-squared,neutral,Fish,Fish,Fish,AquaticAnimal,Humanoid,Humanoid,Fish,Humanoid,Fish,Humanoid,Ship,Humanoid,AquaticAnimal,Fish,Fish,Fish,Ship,Humanoid,Bird,Humanoid,AquaticAnimal,Humanoid,Hand,Apartment,Hand,Humanoid,Fish,Humanoid,,,,,,,,,,,,,,,,,,,,,,,,,,,,,,,,,,,,,,,,,,,,,,,,,,,,,,,,,,,,,,,,,,,,,,,,,,,,,,,,,,,,,,,,,,,,,,,,,,,,,,,,,,,,,,,,,,
AquaticAnimal/m71_rm.obj,AquaticAnimal,manhattan+emd,neutral,DeskPhone,Fish,Humanoid,Humanoid,Humanoid,Fish,AquaticAnimal,Fish,Apartment,Fish,Fish,Humanoid,Skyscraper,Humanoid,Fish,Fish,Humanoid,AquaticAnimal,Fish,Humanoid,Ship,Humanoid,AquaticAnimal,Fish,Tool,Humanoid,Humanoid,Biplane,,,,,,,,,,,,,,,,,,,,,,,,,,,,,,,,,,,,,,,,,,,,,,,,,,,,,,,,,,,,,,,,,,,,,,,,,,,,,,,,,,,,,,,,,,,,,,,,,,,,,,,,,,,,,,,,,,
AquaticAnimal/m71_rm.obj,AquaticAnimal,manhattan+kullback-leibler,neutral,Fish,Humanoid,AquaticAnimal,Humanoid,Ship,Fish,Fish,Fish,Fish,Hand,Humanoid,Humanoid,Fish,Fish,Humanoid,Humanoid,Train,Humanoid,Humanoid,Humanoid,Gun,Humanoid,Humanoid,Humanoid,Bus,Humanoid,Humanoid,Fish,,,,,,,,,,,,,,,,,,,,,,,,,,,,,,,,,,,,,,,,,,,,,,,,,,,,,,,,,,,,,,,,,,,,,,,,,,,,,,,,,,,,,,,,,,,,,,,,,,,,,,,,,,,,,,,,,,
AquaticAnimal/m71_rm.obj,AquaticAnimal,knn,neutral,Humanoid,Ship,Fish,Fish,DeskPhone,Humanoid,Humanoid,Fish,Humanoid,Insect,Humanoid,Humanoid,Humanoid,Quadruped,Humanoid,DeskPhone,AquaticAnimal,Car,Fish,Humanoid,Humanoid,Fish,Humanoid,Fish,AquaticAnimal,Quadruped,Fish,Fish,,,,,,,,,,,,,,,,,,,,,,,,,,,,,,,,,,,,,,,,,,,,,,,,,,,,,,,,,,,,,,,,,,,,,,,,,,,,,,,,,,,,,,,,,,,,,,,,,,,,,,,,,,,,,,,,,,
AquaticAnimal/m73_rm.obj,AquaticAnimal,euclidean,neutral,Hand,Hand,Hand,Quadruped,Quadruped,Car,Humanoid,Quadruped,Truck,Quadruped,Quadruped,Quadruped,Motorcycle,Quadruped,Motorcycle,Quadruped,Fish,Quadruped,Quadruped,Motorcycle,Car,Car,Quadruped,Quadruped,Humanoid,Motorcycle,Motorcycle,NonWheelChair,,,,,,,,,,,,,,,,,,,,,,,,,,,,,,,,,,,,,,,,,,,,,,,,,,,,,,,,,,,,,,,,,,,,,,,,,,,,,,,,,,,,,,,,,,,,,,,,,,,,,,,,,,,,,,,,,,
AquaticAnimal/m73_rm.obj,AquaticAnimal,cosine,neutral,Fish,Hand,Hand,Humanoid,Quadruped,Hand,Car,Hand,Hand,Quadruped,Quadruped,Truck,Train,Quadruped,Car,Quadruped,Car,NonWheelChair,Motorcycle,Quadruped,Car,Humanoid,Insect,Quadruped,Ship,Insect,Humanoid,Hand,,,,,,,,,,,,,,,,,,,,,,,,,,,,,,,,,,,,,,,,,,,,,,,,,,,,,,,,,,,,,,,,,,,,,,,,,,,,,,,,,,,,,,,,,,,,,,,,,,,,,,,,,,,,,,,,,,
AquaticAnimal/m73_rm.obj,AquaticAnimal,manhattan,neutral,Hand,Hand,Quadruped,Car,Hand,Truck,Car,Quadruped,Motorcycle,Quadruped,Quadruped,Quadruped,Fish,Motorcycle,Humanoid,Car,Quadruped,Truck,Quadruped,Quadruped,Motorcycle,Train,Motorcycle,Quadruped,Quadruped,Car,Car,Truck,,,,,,,,,,,,,,,,,,,,,,,,,,,,,,,,,,,,,,,,,,,,,,,,,,,,,,,,,,,,,,,,,,,,,,,,,,,,,,,,,,,,,,,,,,,,,,,,,,,,,,,,,,,,,,,,,,
AquaticAnimal/m73_rm.obj,AquaticAnimal,manhattan+chi-squared,neutral,Hand,Hand,Hand,Quadruped,Humanoid,Quadruped,Motorcycle,Quadruped,Quadruped,Fish,Motorcycle,Quadruped,Quadruped,Motorcycle,Car,Hand,Motorcycle,Motorcycle,Truck,Motorcycle,NonWheelChair,Car,Humanoid,Quadruped,TruckNonContainer,Hand,Hand,Insect,,,,,,,,,,,,,,,,,,,,,,,,,,,,,,,,,,,,,,,,,,,,,,,,,,,,,,,,,,,,,,,,,,,,,,,,,,,,,,,,,,,,,,,,,,,,,,,,,,,,,,,,,,,,,,,,,,
AquaticAnimal/m73_rm.obj,AquaticAnimal,manhattan+emd,neutral,Hand,Hand,Car,NonWheelChair,Humanoid,Insect,Humanoid,Truck,Quadruped,Quadruped,NonWheelChair,Bottle,Quadruped,Humanoid,Truck,Truck,Quadruped,Motorcycle,Hand,Truck,Ship,Humanoid,Quadruped,Car,Quadruped,Ship,Car,Car,,,,,,,,,,,,,,,,,,,,,,,,,,,,,,,,,,,,,,,,,,,,,,,,,,,,,,,,,,,,,,,,,,,,,,,,,,,,,,,,,,,,,,,,,,,,,,,,,,,,,,,,,,,,,,,,,,
AquaticAnimal/m73_rm.obj,AquaticAnimal,manhattan+kullback-leibler,neutral,Hand,Humanoid,Fish,Car,Quadruped,Motorcycle,Humanoid,Motorcycle,TruckNonContainer,Quadruped,Quadruped,Motorcycle,Truck,NonWheelChair,Truck,Insect,Truck,Truck,Humanoid,Motorcycle,MultiSeat,Train,Hand,Hand,Motorcycle,Motorcycle,Car,TruckNonContainer,,,,,,,,,,,,,,,,,,,,,,,,,,,,,,,,,,,,,,,,,,,,,,,,,,,,,,,,,,,,,,,,,,,,,,,,,,,,,,,,,,,,,,,,,,,,,,,,,,,,,,,,,,,,,,,,,,
AquaticAnimal/m73_rm.obj,AquaticAnimal,knn,neutral,Hand,Hand,Hand,Quadruped,Quadruped,Quadruped,Car,Fish,Quadruped,Quadruped,Quadruped,Car,Humanoid,Humanoid,Quadruped,Quadruped,Motorcycle,Motorcycle,Car,Quadruped,Truck,Quadruped,Quadruped,Quadruped,Hand,NonWheelChair,Hand,Quadruped,,,,,,,,,,,,,,,,,,,,,,,,,,,,,,,,,,,,,,,,,,,,,,,,,,,,,,,,,,,,,,,,,,,,,,,,,,,,,,,,,,,,,,,,,,,,,,,,,,,,,,,,,,,,,,,,,,
AquaticAnimal/m59_rm.obj,AquaticAnimal,euclidean,neutral,Starship,Violin,Ship,Ship,Knife,Humanoid,Ship,Humanoid,AquaticAnimal,Rocket,AquaticAnimal,Gun,Ship,Jet,Humanoid,Humanoid,Humanoid,Tool,Ship,Skyscraper,Rocket,Humanoid,Humanoid,Rocket,Helicopter,AquaticAnimal,Gun,Ship,,,,,,,,,,,,,,,,,,,,,,,,,,,,,,,,,,,,,,,,,,,,,,,,,,,,,,,,,,,,,,,,,,,,,,,,,,,,,,,,,,,,,,,,,,,,,,,,,,,,,,,,,,,,,,,,,,
AquaticAnimal/m59_rm.obj,AquaticAnimal,cosine,neutral,Starship,Ship,Violin,Humanoid,Knife,Ship,Humanoid,Ship,AquaticAnimal,AquaticAnimal,Gun,Ship,Humanoid,Jet,Ship,Humanoid,Humanoid,Ship,Humanoid,Ship,Ship,AquaticAnimal,Ship,Skyscraper,AquaticAnimal,Humanoid,Humanoid,Tool,,,,,,,,,,,,,,,,,,,,,,,,,,,,,,,,,,,,,,,,,,,,,,,,,,,,,,,,,,,,,,,,,,,,,,,,,,,,,,,,,,,,,,,,,,,,,,,,,,,,,,,,,,,,,,,,,,
AquaticAnimal/m59_rm.obj,AquaticAnimal,manhattan,neutral,Starship,Ship,Ship,Humanoid,Ship,Violin,Knife,Ship,Humanoid,AquaticAnimal,AquaticAnimal,Ship,Gun,Ship,Humanoid,Ship,Ship,Humanoid,Ship,Rocket,Humanoid,Ship,SubmachineGun,Humanoid,Tool,Jet,Knife,Ship,,,,,,,,,,,,,,,,,,,,,,,,,,,,,,,,,,,,,,,,,,,,,,,,,,,,,,,,,,,,,,,,,,,,,,,,,,,,,,,,,,,,,,,,,,,,,,,,,,,,,,,,,,,,,,,,,,
AquaticAnimal/m59_rm.obj,AquaticAnimal,manhattan+chi-squared,neutral,Starship,AquaticAnimal,Ship,Ship,Violin,Ship,Ship,Ship,Knife,Ship,Ship,Ship,Humanoid,Ship,Ship,Humanoid,Rocket,Ship,Rocket,SubmachineGun,AquaticAnimal,Rocket,Ship,Ship,Humanoid,Humanoid,AquaticAnimal,Gun,,,,,,,,,,,,,,,,,,,,,,,,,,,,,,,,,,,,,,,,,,,,,,,,,,,,,,,,,,,,,,,,,,,,,,,,,,,,,,,,,,,,,,,,,,,,,,,,,,,,,,,,,,,,,,,,,,
AquaticAnimal/m59_rm.obj,AquaticAnimal,manhattan+emd,neutral,Humanoid,Knife,Ship,Humanoid,SubmachineGun,Starship,Ship,AquaticAnimal,Knife,Gun,Humanoid,AquaticAnimal,Ship,Humanoid,Humanoid,Ship,AquaticAnimal,Humanoid,Violin,Humanoid,Gun,Ship,SubmachineGun,Humanoid,Humanoid,Humanoid,Humanoid,Ship,,,,,,,,,,,,,,,,,,,,,,,,,,,,,,,,,,,,,,,,,,,,,,,,,,,,,,,,,,,,,,,,,,,,,,,,,,,,,,,,,,,,,,,,,,,,,,,,,,,,,,,,,,,,,,,,,,
AquaticAnimal/m59_rm.obj,AquaticAnimal,manhattan+kullback-leibler,neutral,AquaticAnimal,Starship,Ship,Ship,Ship,Violin,Ship,Ship,Ship,Ship,Rocket,Ship,Ship,Ship,Ship,Rocket,Rocket,Ship,Humanoid,Humanoid,Ship,Humanoid,AquaticAnimal,Ship,Knife,Humanoid,AquaticAnimal,Humanoid,,,,,,,,,,,,,,,,,,,,,,,,,,,,,,,,,,,,,,,,,,,,,,,,,,,,,,,,,,,,,,,,,,,,,,,,,,,,,,,,,,,,,,,,,,,,,,,,,,,,,,,,,,,,,,,,,,
AquaticAnimal/m59_rm.obj,AquaticAnimal,knn,neutral,Starship,Violin,Knife,Ship,AquaticAnimal,Ship,Gun,AquaticAnimal,Rocket,Ship,Jet,Humanoid,Humanoid,Tool,Rocket,Ship,Humanoid,Humanoid,Helicopter,AquaticAnimal,Gun,Rocket,Humanoid,Jet,Ship,Humanoid,Ship,Gun,,,,,,,,,,,,,,,,,,,,,,,,,,,,,,,,,,,,,,,,,,,,,,,,,,,,,,,,,,,,,,,,,,,,,,,,,,,,,,,,,,,,,,,,,,,,,,,,,,,,,,,,,,,,,,,,,,
AquaticAnimal/m75_rm.obj,AquaticAnimal,euclidean,neutral,AquaticAnimal,Jet,Humanoid,Ship,Humanoid,Humanoid,Ship,Humanoid,Humanoid,Humanoid,Humanoid,AquaticAnimal,Humanoid,AquaticAnimal,Bird,Humanoid,Helicopter,Humanoid,Jet,Ship,Jet,Humanoid,Insect,Quadruped,Humanoid,Jet,Gun,AquaticAnimal,,,,,,,,,,,,,,,,,,,,,,,,,,,,,,,,,,,,,,,,,,,,,,,,,,,,,,,,,,,,,,,,,,,,,,,,,,,,,,,,,,,,,,,,,,,,,,,,,,,,,,,,,,,,,,,,,,
AquaticAnimal/m75_rm.obj,AquaticAnimal,cosine,neutral,AquaticAnimal,Jet,AquaticAnimal,Humanoid,Humanoid,Ship,Humanoid,Humanoid,Humanoid,Quadruped,Ship,Helicopter,Humanoid,Helicopter,Insect,Jet,AquaticAnimal,AquaticAnimal,Ship,AquaticAnimal,Gun,Helicopter,AquaticAnimal,Humanoid,Gun,Helicopter,Bird,Fish,,,,,,,,,,,,,,,,,,,,,,,,,,,,,,,,,,,,,,,,,,,,,,,,,,,,,,,,,,,,,,,,,,,,,,,,,,,,,,,,,,,,,,,,,,,,,,,,,,,,,,,,,,,,,,,,,,
AquaticAnimal/m75_rm.obj,AquaticAnimal,manhattan,neutral,Jet,AquaticAnimal,Humanoid,Humanoid,Insect,Jet,AquaticAnimal,Humanoid,AquaticAnimal,AquaticAnimal,Humanoid,Ship,Humanoid,AquaticAnimal,Bird,Ship,AquaticAnimal,Jet,Helicopter,Fish,Humanoid,Humanoid,Humanoid,Gun,Quadruped,Humanoid,Jet,AquaticAnimal,,,,,,,,,,,,,,,,,,,,,,,,,,,,,,,,,,,,,,,,,,,,,,,,,,,,,,,,,,,,,,,,,,,,,,,,,,,,,,,,,,,,,,,,,,,,,,,,,,,,,,,,,,,,,,,,,,
AquaticAnimal/m75_rm.obj,AquaticAnimal,manhattan+chi-squared,neutral,Jet,AquaticAnimal,Jet,AquaticAnimal,Insect,AquaticAnimal,AquaticAnimal,AquaticAnimal,Gun,Fish,Humanoid,Ship,Humanoid,Bird,Fish,Quadruped,AquaticAnimal,AquaticAnimal,Ship,AquaticAnimal,Gun,Jet,Humanoid,Humanoid,Humanoid,Humanoid,Fish,Jet,,,,,,,,,,,,,,,,,,,,,,,,,,,,,,,,,,,,,,,,,,,,,,,,,,,,,,,,,,,,,,,,,,,,,,,,,,,,,,,,,,,,,,,,,,,,,,,,,,,,,,,,,,,,,,,,,,
AquaticAnimal/m75_rm.obj,AquaticAnimal,manhattan+emd,neutral,Jet,AquaticAnimal,Humanoid,AquaticAnimal,Helicopter,Bird,Humanoid,AquaticAnimal,Humanoid,Helicopter,Jet,Humanoid,AquaticAnimal,Jet,Bird,Humanoid,AquaticAnimal,Helicopter,Helicopter,AquaticAnimal,Jet,Jet,Helicopter,Ship,Gun,PlantIndoors,Jet,Fish,,,,,,,,,,,,,,,,,,,,,,,,,,,,,,,,,,,,,,,,,,,,,,,,,,,,,,,,,,,,,,,,,,,,,,,,,,,,,,,,,,,,,,,,,,,,,,,,,,,,,,,,,,,,,,,,,,
AquaticAnimal/m75_rm.obj,AquaticAnimal,manhattan+kullback-leibler,neutral,AquaticAnimal,Jet,AquaticAnimal,Insect,AquaticAnimal,AquaticAnimal,AquaticAnimal,Fish,Humanoid,AquaticAnimal,Fish,Bird,AquaticAnimal,AquaticAnimal,Jet,Humanoid,Jet,Humanoid,Fish,Gun,Humanoid,Jet,Humanoid,Helicopter,Humanoid,TruckNonContainer,Helicopter,Bird,,,,,,,,,,,,,,,,,,,,,,,,,,,,,,,,,,,,,,,,,,,,,,,,,,,,,,,,,,,,,,,,,,,,,,,,,,,,,,,,,,,,,,,,,,,,,,,,,,,,,,,,,,,,,,,,,,
AquaticAnimal/m75_rm.obj,AquaticAnimal,knn,neutral,AquaticAnimal,Ship,Humanoid,Ship,Jet,Humanoid,Humanoid,Humanoid,AquaticAnimal,Humanoid,Humanoid,Humanoid,Bird,Helicopter,Humanoid,Humanoid,Helicopter,Ship,Humanoid,Humanoid,Humanoid,Helicopter,Fish,Helicopter,Jet,AquaticAnimal,Humanoid,Helicopter,,,,,,,,,,,,,,,,,,,,,,,,,,,,,,,,,,,,,,,,,,,,,,,,,,,,,,,,,,,,,,,,,,,,,,,,,,,,,,,,,,,,,,,,,,,,,,,,,,,,,,,,,,,,,,,,,,
AquaticAnimal/m76_rm.obj,AquaticAnimal,euclidean,neutral,Fish,Fish,Fish,AquaticAnimal,Fish,Humanoid,Humanoid,Humanoid,Humanoid,Humanoid,Humanoid,Humanoid,Fish,Humanoid,Humanoid,Humanoid,Humanoid,Humanoid,Fish,Gun,Humanoid,Humanoid,AquaticAnimal,Humanoid,Humanoid,Rocket,Humanoid,Humanoid,,,,,,,,,,,,,,,,,,,,,,,,,,,,,,,,,,,,,,,,,,,,,,,,,,,,,,,,,,,,,,,,,,,,,,,,,,,,,,,,,,,,,,,,,,,,,,,,,,,,,,,,,,,,,,,,,,
AquaticAnimal/m76_rm.obj,AquaticAnimal,cosine,neutral,Fish,Fish,Fish,AquaticAnimal,Fish,Fish,Humanoid,Humanoid,Humanoid,Humanoid,Humanoid,Fish,Humanoid,Humanoid,Humanoid,Humanoid,Humanoid,Ship,Humanoid,AquaticAnimal,Humanoid,Humanoid,Humanoid,Humanoid,Humanoid,Humanoid,Humanoid,Gun,,,,,,,,,,,,,,,,,,,,,,,,,,,,,,,,,,,,,,,,,,,,,,,,,,,,,,,,,,,,,,,,,,,,,,,,,,,,,,,,,,,,,,,,,,,,,,,,,,,,,,,,,,,,,,,,,,
AquaticAnimal/m76_rm.obj,AquaticAnimal,manhattan,neutral,Fish,Fish,AquaticAnimal,Fish,Fish,Humanoid,Humanoid,Humanoid,Humanoid,Humanoid,Humanoid,Fish,Humanoid,Fish,AquaticAnimal,Humanoid,Humanoid,Humanoid,Rocket,Humanoid,AquaticAnimal,Humanoid,Humanoid,Humanoid,Humanoid,Gun,Humanoid,Humanoid,,,,,,,,,,,,,,,,,,,,,,,,,,,,,,,,,,,,,,,,,,,,,,,,,,,,,,,,,,,,,,,,,,,,,,,,,,,,,,,,,,,,,,,,,,,,,,,,,,,,,,,,,,,,,,,,,,
AquaticAnimal/m76_rm.obj,AquaticAnimal,manhattan+chi-squared,neutral,AquaticAnimal,Fish,Fish,Fish,AquaticAnimal,Fish,Humanoid,Fish,AquaticAnimal,Fish,Humanoid,Humanoid,Humanoid,Fish,Humanoid,Humanoid,Humanoid,Gun,Bird,Humanoid,Humanoid,Humanoid,Humanoid,Ship,Humanoid,AquaticAnimal,Fish,Fish,,,,,,,,,,,,,,,,,,,,,,,,,,,,,,,,,,,,,,,,,,,,,,,,,,,,,,,,,,,,,,,,,,,,,,,,,,,,,,,,,,,,,,,,,,,,,,,,,,,,,,,,,,,,,,,,,,
AquaticAnimal/m76_rm.obj,AquaticAnimal,manhattan+emd,neutral,Fish,Fish,Humanoid,Fish,Humanoid,Humanoid,Humanoid,AquaticAnimal,Humanoid,Rocket,AquaticAnimal,Humanoid,Fish,Fish,Humanoid,Humanoid,Humanoid,Humanoid,AquaticAnimal,Humanoid,Humanoid,Fish,Humanoid,Humanoid,Ship,Humanoid,Humanoid,Humanoid,,,,,,,,,,,,,,,,,,,,,,,,,,,,,,,,,,,,,,,,,,,,,,,,,,,,,,,,,,,,,,,,,,,,,,,,,,,,,,,,,,,,,,,,,,,,,,,,,,,,,,,,,,,,,,,,,,
AquaticAnimal/m76_rm.obj,AquaticAnimal,manhattan+kullback-leibler,neutral,AquaticAnimal,Fish,Fish,Fish,AquaticAnimal,Fish,Fish,AquaticAnimal,Humanoid,Fish,Fish,Rocket,Bird,Fish,Humanoid,Fish,Humanoid,Humanoid,Humanoid,Fish,AquaticAnimal,Humanoid,Humanoid,Fish,Humanoid,AquaticAnimal,Humanoid,Humanoid,,,,,,,,,,,,,,,,,,,,,,,,,,,,,,,,,,,,,,,,,,,,,,,,,,,,,,,,,,,,,,,,,,,,,,,,,,,,,,,,,,,,,,,,,,,,,,,,,,,,,,,,,,,,,,,,,,
AquaticAnimal/m76_rm.obj,AquaticAnimal,knn,neutral,Fish,Fish,Fish,Fish,AquaticAnimal,Humanoid,Humanoid,Humanoid,Humanoid,Humanoid,Humanoid,Fish,Humanoid,Fish,Humanoid,Gun,Humanoid,Humanoid,AquaticAnimal,Humanoid,Humanoid,Humanoid,Humanoid,Humanoid,Humanoid,Ship,Humanoid,Rocket,,,,,,,,,,,,,,,,,,,,,,,,,,,,,,,,,,,,,,,,,,,,,,,,,,,,,,,,,,,,,,,,,,,,,,,,,,,,,,,,,,,,,,,,,,,,,,,,,,,,,,,,,,,,,,,,,,
AquaticAnimal/m78_rm.obj,AquaticAnimal,euclidean,neutral,Fish,Humanoid,AquaticAnimal,AquaticAnimal,Fish,Humanoid,Bird,Ship,Fish,Humanoid,Humanoid,Tool,Rocket,Fish,Humanoid,Humanoid,Humanoid,Fish,Humanoid,Car,Humanoid,Gun,Humanoid,Humanoid,Fish,Fish,Jet,Humanoid,,,,,,,,,,,,,,,,,,,,,,,,,,,,,,,,,,,,,,,,,,,,,,,,,,,,,,,,,,,,,,,,,,,,,,,,,,,,,,,,,,,,,,,,,,,,,,,,,,,,,,,,,,,,,,,,,,
AquaticAnimal/m78_rm.obj,AquaticAnimal,cosine,neutral,Humanoid,Fish,Fish,AquaticAnimal,AquaticAnimal,Fish,Fish,Bird,Ship,Humanoid,Humanoid,Humanoid,Humanoid,Humanoid,Fish,Fish,Humanoid,Humanoid,Humanoid,Fish,Humanoid,Fish,Humanoid,AquaticAnimal,Humanoid,Car,Gun,Rocket,,,,,,,,,,,,,,,,,,,,,,,,,,,,,,,,,,,,,,,,,,,,,,,,,,,,,,,,,,,,,,,,,,,,,,,,,,,,,,,,,,,,,,,,,,,,,,,,,,,,,,,,,,,,,,,,,,
AquaticAnimal/m78_rm.obj,AquaticAnimal,manhattan,neutral,Humanoid,Fish,AquaticAnimal,AquaticAnimal,Fish,Humanoid,Fish,Bird,Fish,Ship,Humanoid,Humanoid,Fish,Humanoid,Rocket,Humanoid,Tool,Humanoid,Humanoid,Fish,Humanoid,Fish,Fish,Humanoid,AquaticAnimal,Humanoid,Car,Gun,,,,,,,,,,,,,,,,,,,,,,,,,,,,,,,,,,,,,,,,,,,,,,,,,,,,,,,,,,,,,,,,,,,,,,,,,,,,,,,,,,,,,,,,,,,,,,,,,,,,,,,,,,,,,,,,,,
AquaticAnimal/m78_rm.obj,AquaticAnimal,manhattan+chi-squared,neutral,AquaticAnimal,Humanoid,Fish,Bird,Fish,AquaticAnimal,Fish,Humanoid,Humanoid,Fish,AquaticAnimal,Fish,Fish,Fish,Fish,Humanoid,Fish,Humanoid,Humanoid,Fish,Humanoid,TruckNonContainer,Fish,Humanoid,Humanoid,Humanoid,Humanoid,Humanoid,,,,,,,,,,,,,,,,,,,,,,,,,,,,,,,,,,,,,,,,,,,,,,,,,,,,,,,,,,,,,,,,,,,,,,,,,,,,,,,,,,,,,,,,,,,,,,,,,,,,,,,,,,,,,,,,,,
AquaticAnimal/m78_rm.obj,AquaticAnimal,manhattan+emd,neutral,Humanoid,Humanoid,AquaticAnimal,Fish,Ship,Humanoid,Fish,Fish,AquaticAnimal,Humanoid,Humanoid,Fish,Tool,AquaticAnimal,Humanoid,Fish,Humanoid,DeskPhone,AquaticAnimal,Rocket,Humanoid,Humanoid,Fish,Humanoid,Bird,Insect,Fish,Fish,,,,,,,,,,,,,,,,,,,,,,,,,,,,,,,,,,,,,,,,,,,,,,,,,,,,,,,,,,,,,,,,,,,,,,,,,,,,,,,,,,,,,,,,,,,,,,,,,,,,,,,,,,,,,,,,,,
AquaticAnimal/m78_rm.obj,AquaticAnimal,manhattan+kullback-leibler,neutral,AquaticAnimal,Humanoid,Humanoid,Fish,Fish,AquaticAnimal,Bird,AquaticAnimal,Humanoid,Fish,TruckNonContainer,Fish,Humanoid,Humanoid,Fish,Apartment,Fish,Tool,Fish,DeskPhone,Fish,Humanoid,Fish,Skyscraper,AquaticAnimal,Fish,Rocket,Humanoid,,,,,,,,,,,,,,,,,,,,,,,,,,,,,,,,,,,,,,,,,,,,,,,,,,,,,,,,,,,,,,,,,,,,,,,,,,,,,,,,,,,,,,,,,,,,,,,,,,,,,,,,,,,,,,,,,,
AquaticAnimal/m78_rm.obj,AquaticAnimal,knn,neutral,Fish,Humanoid,AquaticAnimal,Fish,AquaticAnimal,Fish,Fish,Ship,Bird,Humanoid,Humanoid,Humanoid,Humanoid,Fish,Humanoid,Humanoid,Rocket,Gun,Humanoid,Tool,Car,Humanoid,Humanoid,Humanoid,Humanoid,Fish,Humanoid,Humanoid,,,,,,,,,,,,,,,,,,,,,,,,,,,,,,,,,,,,,,,,,,,,,,,,,,,,,,,,,,,,,,,,,,,,,,,,,,,,,,,,,,,,,,,,,,,,,,,,,,,,,,,,,,,,,,,,,,
AquaticAnimal/m79_rm.obj,AquaticAnimal,euclidean,neutral,Ship,Ship,Ship,SubmachineGun,Ship,Ship,Knife,Humanoid,Ship,Ship,Ship,Gun,Rocket,Ship,Rocket,Rocket,Ship,AquaticAnimal,Gun,Knife,Humanoid,Ship,SubmachineGun,Ship,Ship,Ship,Violin,Humanoid,,,,,,,,,,,,,,,,,,,,,,,,,,,,,,,,,,,,,,,,,,,,,,,,,,,,,,,,,,,,,,,,,,,,,,,,,,,,,,,,,,,,,,,,,,,,,,,,,,,,,,,,,,,,,,,,,,
AquaticAnimal/m79_rm.obj,AquaticAnimal,cosine,neutral,Ship,Ship,Ship,Ship,SubmachineGun,Ship,Humanoid,Ship,Knife,Ship,Ship,Knife,Ship,AquaticAnimal,Humanoid,Ship,SubmachineGun,Gun,Ship,Gun,Ship,Ship,Ship,Ship,Monoplane,SubmachineGun,Ship,Ship,,,,,,,,,,,,,,,,,,,,,,,,,,,,,,,,,,,,,,,,,,,,,,,,,,,,,,,,,,,,,,,,,,,,,,,,,,,,,,,,,,,,,,,,,,,,,,,,,,,,,,,,,,,,,,,,,,
AquaticAnimal/m79_rm.obj,AquaticAnimal,manhattan,neutral,Ship,SubmachineGun,Ship,Ship,Ship,Ship,Knife,Humanoid,Ship,Ship,Ship,Ship,Gun,AquaticAnimal,Ship,Rocket,Knife,Rocket,Humanoid,SubmachineGun,Ship,Ship,Rocket,Ship,Ship,Gun,Ship,Humanoid,,,,,,,,,,,,,,,,,,,,,,,,,,,,,,,,,,,,,,,,,,,,,,,,,,,,,,,,,,,,,,,,,,,,,,,,,,,,,,,,,,,,,,,,,,,,,,,,,,,,,,,,,,,,,,,,,,
AquaticAnimal/m79_rm.obj,AquaticAnimal,manhattan+chi-squared,neutral,Ship,Ship,SubmachineGun,Ship,AquaticAnimal,Ship,Ship,Humanoid,Ship,Ship,Ship,Ship,Ship,Knife,Knife,Ship,Gun,Ship,Humanoid,SubmachineGun,Ship,Rocket,Ship,Rocket,Hand,Ship,Hand,Starship,,,,,,,,,,,,,,,,,,,,,,,,,,,,,,,,,,,,,,,,,,,,,,,,,,,,,,,,,,,,,,,,,,,,,,,,,,,,,,,,,,,,,,,,,,,,,,,,,,,,,,,,,,,,,,,,,,
AquaticAnimal/m79_rm.obj,AquaticAnimal,manhattan+emd,neutral,Ship,SubmachineGun,Humanoid,Knife,Ship,Rocket,Ship,Ship,AquaticAnimal,Humanoid,Ship,Humanoid,Humanoid,Ship,Rocket,SubmachineGun,Gun,Gun,Humanoid,Rocket,Humanoid,Humanoid,Knife,Ship,Gun,Ship,Gun,SubmachineGun,,,,,,,,,,,,,,,,,,,,,,,,,,,,,,,,,,,,,,,,,,,,,,,,,,,,,,,,,,,,,,,,,,,,,,,,,,,,,,,,,,,,,,,,,,,,,,,,,,,,,,,,,,,,,,,,,,
AquaticAnimal/m79_rm.obj,AquaticAnimal,manhattan+kullback-leibler,neutral,AquaticAnimal,Humanoid,Ship,Ship,Ship,Ship,Ship,Knife,Ship,SubmachineGun,Ship,Ship,Rocket,Knife,Ship,Starship,Ship,Ship,Ship,Ship,Hand,Gun,Hand,Violin,Humanoid,SubmachineGun,Gun,Ship,,,,,,,,,,,,,,,,,,,,,,,,,,,,,,,,,,,,,,,,,,,,,,,,,,,,,,,,,,,,,,,,,,,,,,,,,,,,,,,,,,,,,,,,,,,,,,,,,,,,,,,,,,,,,,,,,,
AquaticAnimal/m79_rm.obj,AquaticAnimal,knn,neutral,Ship,Ship,Ship,SubmachineGun,Ship,Ship,Knife,Humanoid,Ship,Ship,Ship,Rocket,Gun,Ship,Gun,AquaticAnimal,Ship,Humanoid,SubmachineGun,Ship,Rocket,Rocket,Ship,Ship,Knife,Ship,Violin,Humanoid,,,,,,,,,,,,,,,,,,,,,,,,,,,,,,,,,,,,,,,,,,,,,,,,,,,,,,,,,,,,,,,,,,,,,,,,,,,,,,,,,,,,,,,,,,,,,,,,,,,,,,,,,,,,,,,,,,
AquaticAnimal/m77_rm.obj,AquaticAnimal,euclidean,neutral,Ship,Humanoid,AquaticAnimal,Humanoid,Humanoid,TruckNonContainer,Humanoid,Humanoid,Humanoid,AquaticAnimal,Humanoid,Humanoid,Insect,Fish,Gun,Ship,Fish,Humanoid,Fish,AquaticAnimal,Humanoid,Humanoid,Humanoid,Humanoid,Jet,Humanoid,Humanoid,Humanoid,,,,,,,,,,,,,,,,,,,,,,,,,,,,,,,,,,,,,,,,,,,,,,,,,,,,,,,,,,,,,,,,,,,,,,,,,,,,,,,,,,,,,,,,,,,,,,,,,,,,,,,,,,,,,,,,,,
AquaticAnimal/m77_rm.obj,AquaticAnimal,cosine,neutral,Ship,AquaticAnimal,Humanoid,Humanoid,Humanoid,Humanoid,Humanoid,AquaticAnimal,Humanoid,Humanoid,AquaticAnimal,Ship,Humanoid,Humanoid,Humanoid,Humanoid,Fish,Fish,Jet,Gun,AquaticAnimal,Humanoid,Humanoid,Humanoid,Humanoid,Humanoid,Humanoid,TruckNonContainer,,,,,,,,,,,,,,,,,,,,,,,,,,,,,,,,,,,,,,,,,,,,,,,,,,,,,,,,,,,,,,,,,,,,,,,,,,,,,,,,,,,,,,,,,,,,,,,,,,,,,,,,,,,,,,,,,,
AquaticAnimal/m77_rm.obj,AquaticAnimal,manhattan,neutral,Ship,Humanoid,AquaticAnimal,Humanoid,Humanoid,TruckNonContainer,AquaticAnimal,AquaticAnimal,Humanoid,Fish,Fish,Humanoid,Ship,Humanoid,Humanoid,Humanoid,Gun,Humanoid,Jet,Humanoid,Fish,Humanoid,Humanoid,Humanoid,Humanoid,Gun,Jet,Humanoid,,,,,,,,,,,,,,,,,,,,,,,,,,,,,,,,,,,,,,,,,,,,,,,,,,,,,,,,,,,,,,,,,,,,,,,,,,,,,,,,,,,,,,,,,,,,,,,,,,,,,,,,,,,,,,,,,,
AquaticAnimal/m77_rm.obj,AquaticAnimal,manhattan+chi-squared,neutral,AquaticAnimal,AquaticAnimal,AquaticAnimal,Ship,Humanoid,Fish,Humanoid,Humanoid,Fish,AquaticAnimal,Humanoid,Gun,Humanoid,Fish,AquaticAnimal,Humanoid,AquaticAnimal,Jet,Fish,Humanoid,Fish,Humanoid,Humanoid,Fish,Fish,TruckNonContainer,Humanoid,Humanoid,,,,,,,,,,,,,,,,,,,,,,,,,,,,,,,,,,,,,,,,,,,,,,,,,,,,,,,,,,,,,,,,,,,,,,,,,,,,,,,,,,,,,,,,,,,,,,,,,,,,,,,,,,,,,,,,,,
AquaticAnimal/m77_rm.obj,AquaticAnimal,manhattan+emd,neutral,Humanoid,Fish,Humanoid,Ship,AquaticAnimal,Humanoid,Fish,Humanoid,Humanoid,Humanoid,Humanoid,Humanoid,AquaticAnimal,Humanoid,Fish,Humanoid,Fish,Jet,Humanoid,Humanoid,Ship,Humanoid,Humanoid,Spoon,AquaticAnimal,AquaticAnimal,Gun,Humanoid,,,,,,,,,,,,,,,,,,,,,,,,,,,,,,,,,,,,,,,,,,,,,,,,,,,,,,,,,,,,,,,,,,,,,,,,,,,,,,,,,,,,,,,,,,,,,,,,,,,,,,,,,,,,,,,,,,
AquaticAnimal/m77_rm.obj,AquaticAnimal,manhattan+kullback-leibler,neutral,AquaticAnimal,AquaticAnimal,Humanoid,AquaticAnimal,Humanoid,Fish,AquaticAnimal,Fish,Humanoid,AquaticAnimal,AquaticAnimal,Humanoid,Humanoid,Jet,Humanoid,TruckNonContainer,Humanoid,Ship,Fish,Jet,Bird,Gun,Fish,Fish,Gun,Humanoid,Humanoid,Humanoid,,,,,,,,,,,,,,,,,,,,,,,,,,,,,,,,,,,,,,,,,,,,,,,,,,,,,,,,,,,,,,,,,,,,,,,,,,,,,,,,,,,,,,,,,,,,,,,,,,,,,,,,,,,,,,,,,,
AquaticAnimal/m77_rm.obj,AquaticAnimal,knn,neutral,Ship,AquaticAnimal,Humanoid,Humanoid,Humanoid,TruckNonContainer,Humanoid,AquaticAnimal,Gun,Humanoid,Humanoid,Ship,Fish,Insect,Helicopter,Fish,Humanoid,Humanoid,Helicopter,AquaticAnimal,Humanoid,Humanoid,Humanoid,Humanoid,Humanoid,Humanoid,Humanoid,Gun,,,,,,,,,,,,,,,,,,,,,,,,,,,,,,,,,,,,,,,,,,,,,,,,,,,,,,,,,,,,,,,,,,,,,,,,,,,,,,,,,,,,,,,,,,,,,,,,,,,,,,,,,,,,,,,,,,
AquaticAnimal/m80_rm.obj,AquaticAnimal,euclidean,neutral,AquaticAnimal,Jet,Jet,AquaticAnimal,Spoon,Humanoid,AquaticAnimal,Humanoid,Insect,Humanoid,Jet,AquaticAnimal,Humanoid,Humanoid,Jet,Humanoid,Humanoid,Gun,Humanoid,Humanoid,Humanoid,Fish,AquaticAnimal,Humanoid,Humanoid,Humanoid,Humanoid,Humanoid,,,,,,,,,,,,,,,,,,,,,,,,,,,,,,,,,,,,,,,,,,,,,,,,,,,,,,,,,,,,,,,,,,,,,,,,,,,,,,,,,,,,,,,,,,,,,,,,,,,,,,,,,,,,,,,,,,
AquaticAnimal/m80_rm.obj,AquaticAnimal,cosine,neutral,AquaticAnimal,Jet,Spoon,AquaticAnimal,AquaticAnimal,AquaticAnimal,Humanoid,Jet,Insect,Humanoid,Jet,Jet,Humanoid,Gun,Humanoid,Humanoid,Humanoid,Humanoid,Humanoid,Humanoid,Humanoid,Humanoid,Humanoid,Humanoid,AquaticAnimal,Jet,AquaticAnimal,Fish,,,,,,,,,,,,,,,,,,,,,,,,,,,,,,,,,,,,,,,,,,,,,,,,,,,,,,,,,,,,,,,,,,,,,,,,,,,,,,,,,,,,,,,,,,,,,,,,,,,,,,,,,,,,,,,,,,
AquaticAnimal/m80_rm.obj,AquaticAnimal,manhattan,neutral,AquaticAnimal,Jet,AquaticAnimal,Spoon,AquaticAnimal,Jet,Jet,Humanoid,Jet,Humanoid,Humanoid,Insect,AquaticAnimal,Humanoid,Humanoid,Humanoid,Humanoid,Fish,Humanoid,Humanoid,Humanoid,Humanoid,Jet,Humanoid,Humanoid,Humanoid,Humanoid,AquaticAnimal,,,,,,,,,,,,,,,,,,,,,,,,,,,,,,,,,,,,,,,,,,,,,,,,,,,,,,,,,,,,,,,,,,,,,,,,,,,,,,,,,,,,,,,,,,,,,,,,,,,,,,,,,,,,,,,,,,
AquaticAnimal/m80_rm.obj,AquaticAnimal,manhattan+chi-squared,neutral,AquaticAnimal,AquaticAnimal,Jet,Jet,Jet,AquaticAnimal,AquaticAnimal,Fish,AquaticAnimal,Spoon,Insect,Humanoid,Humanoid,Jet,Monoplane,Humanoid,Jet,Jet,Humanoid,Humanoid,Humanoid,AquaticAnimal,Humanoid,Humanoid,Humanoid,Humanoid,Humanoid,Humanoid,,,,,,,,,,,,,,,,,,,,,,,,,,,,,,,,,,,,,,,,,,,,,,,,,,,,,,,,,,,,,,,,,,,,,,,,,,,,,,,,,,,,,,,,,,,,,,,,,,,,,,,,,,,,,,,,,,
AquaticAnimal/m80_rm.obj,AquaticAnimal,manhattan+emd,neutral,AquaticAnimal,Humanoid,Humanoid,Spoon,Jet,Fish,Humanoid,AquaticAnimal,Humanoid,Humanoid,Ship,Humanoid,Gun,Humanoid,Humanoid,Humanoid,Insect,Humanoid,Humanoid,Humanoid,Helicopter,Humanoid,Humanoid,Humanoid,Humanoid,Ship,Jet,Jet,,,,,,,,,,,,,,,,,,,,,,,,,,,,,,,,,,,,,,,,,,,,,,,,,,,,,,,,,,,,,,,,,,,,,,,,,,,,,,,,,,,,,,,,,,,,,,,,,,,,,,,,,,,,,,,,,,
AquaticAnimal/m80_rm.obj,AquaticAnimal,manhattan+kullback-leibler,neutral,AquaticAnimal,AquaticAnimal,Jet,Jet,Jet,Monoplane,AquaticAnimal,Humanoid,AquaticAnimal,Jet,Fish,Jet,AquaticAnimal,AquaticAnimal,AquaticAnimal,Insect,Spoon,Humanoid,AquaticAnimal,Humanoid,Humanoid,Humanoid,Jet,Violin,Humanoid,Jet,AquaticAnimal,Jet,,,,,,,,,,,,,,,,,,,,,,,,,,,,,,,,,,,,,,,,,,,,,,,,,,,,,,,,,,,,,,,,,,,,,,,,,,,,,,,,,,,,,,,,,,,,,,,,,,,,,,,,,,,,,,,,,,
AquaticAnimal/m80_rm.obj,AquaticAnimal,knn,neutral,AquaticAnimal,Jet,Jet,AquaticAnimal,Spoon,AquaticAnimal,Humanoid,Insect,Humanoid,Humanoid,Jet,AquaticAnimal,Humanoid,Humanoid,Jet,Humanoid,Humanoid,Humanoid,Gun,AquaticAnimal,Humanoid,Humanoid,Humanoid,Humanoid,Fish,Humanoid,Humanoid,Jet,,,,,,,,,,,,,,,,,,,,,,,,,,,,,,,,,,,,,,,,,,,,,,,,,,,,,,,,,,,,,,,,,,,,,,,,,,,,,,,,,,,,,,,,,,,,,,,,,,,,,,,,,,,,,,,,,,
AquaticAnimal/m53_rm.obj,AquaticAnimal,euclidean,neutral,Humanoid,Humanoid,Humanoid,AquaticAnimal,Violin,Humanoid,Humanoid,Humanoid,Humanoid,Violin,Violin,Humanoid,Humanoid,AquaticAnimal,Humanoid,Starship,Guitar,Gun,Violin,Violin,Violin,AquaticAnimal,Tool,Jet,Jet,AquaticAnimal,Humanoid,AquaticAnimal,,,,,,,,,,,,,,,,,,,,,,,,,,,,,,,,,,,,,,,,,,,,,,,,,,,,,,,,,,,,,,,,,,,,,,,,,,,,,,,,,,,,,,,,,,,,,,,,,,,,,,,,,,,,,,,,,,
AquaticAnimal/m53_rm.obj,AquaticAnimal,cosine,neutral,AquaticAnimal,AquaticAnimal,Humanoid,Humanoid,Humanoid,Humanoid,Humanoid,Humanoid,Humanoid,AquaticAnimal,Humanoid,Starship,Humanoid,Humanoid,Jet,Humanoid,AquaticAnimal,Violin,AquaticAnimal,AquaticAnimal,Violin,Guitar,Humanoid,Violin,Gun,Jet,Humanoid,Humanoid,,,,,,,,,,,,,,,,,,,,,,,,,,,,,,,,,,,,,,,,,,,,,,,,,,,,,,,,,,,,,,,,,,,,,,,,,,,,,,,,,,,,,,,,,,,,,,,,,,,,,,,,,,,,,,,,,,
AquaticAnimal/m53_rm.obj,AquaticAnimal,manhattan,neutral,AquaticAnimal,Humanoid,Humanoid,Humanoid,AquaticAnimal,Humanoid,Humanoid,Humanoid,Humanoid,Humanoid,Humanoid,Violin,Humanoid,Violin,Starship,Gun,AquaticAnimal,Humanoid,Violin,Humanoid,Humanoid,Guitar,Humanoid,AquaticAnimal,Humanoid,AquaticAnimal,Violin,Violin,,,,,,,,,,,,,,,,,,,,,,,,,,,,,,,,,,,,,,,,,,,,,,,,,,,,,,,,,,,,,,,,,,,,,,,,,,,,,,,,,,,,,,,,,,,,,,,,,,,,,,,,,,,,,,,,,,
AquaticAnimal/m53_rm.obj,AquaticAnimal,manhattan+chi-squared,neutral,AquaticAnimal,Humanoid,Humanoid,AquaticAnimal,Humanoid,AquaticAnimal,Humanoid,Humanoid,Humanoid,Humanoid,Humanoid,Humanoid,Humanoid,Gun,Humanoid,Humanoid,Humanoid,AquaticAnimal,Starship,Violin,Humanoid,Violin,Humanoid,Humanoid,AquaticAnimal,Humanoid,AquaticAnimal,Jet,,,,,,,,,,,,,,,,,,,,,,,,,,,,,,,,,,,,,,,,,,,,,,,,,,,,,,,,,,,,,,,,,,,,,,,,,,,,,,,,,,,,,,,,,,,,,,,,,,,,,,,,,,,,,,,,,,
AquaticAnimal/m53_rm.obj,AquaticAnimal,manhattan+emd,neutral,Humanoid,Humanoid,Humanoid,Gun,AquaticAnimal,Humanoid,Humanoid,Humanoid,Humanoid,Humanoid,AquaticAnimal,Humanoid,Humanoid,Violin,Violin,Starship,Humanoid,AquaticAnimal,Humanoid,Humanoid,Violin,AquaticAnimal,Humanoid,Humanoid,Guitar,AquaticAnimal,Violin,Humanoid,,,,,,,,,,,,,,,,,,,,,,,,,,,,,,,,,,,,,,,,,,,,,,,,,,,,,,,,,,,,,,,,,,,,,,,,,,,,,,,,,,,,,,,,,,,,,,,,,,,,,,,,,,,,,,,,,,
AquaticAnimal/m53_rm.obj,AquaticAnimal,manhattan+kullback-leibler,neutral,AquaticAnimal,AquaticAnimal,AquaticAnimal,Humanoid,Starship,Gun,AquaticAnimal,Humanoid,Humanoid,Humanoid,Humanoid,Ship,Humanoid,Humanoid,Ship,Humanoid,Humanoid,Fish,Jet,AquaticAnimal,Jet,AquaticAnimal,AquaticAnimal,Fish,Humanoid,Knife,Humanoid,Humanoid,,,,,,,,,,,,,,,,,,,,,,,,,,,,,,,,,,,,,,,,,,,,,,,,,,,,,,,,,,,,,,,,,,,,,,,,,,,,,,,,,,,,,,,,,,,,,,,,,,,,,,,,,,,,,,,,,,
AquaticAnimal/m53_rm.obj,AquaticAnimal,knn,neutral,Humanoid,Violin,Humanoid,Humanoid,Violin,Violin,Starship,Guitar,AquaticAnimal,Violin,Violin,Violin,Jet,Tool,Humanoid,Gun,Jet,AquaticAnimal,AquaticAnimal,AquaticAnimal,AquaticAnimal,Ship,Jet,Humanoid,Gun,Humanoid,Humanoid,Humanoid,,,,,,,,,,,,,,,,,,,,,,,,,,,,,,,,,,,,,,,,,,,,,,,,,,,,,,,,,,,,,,,,,,,,,,,,,,,,,,,,,,,,,,,,,,,,,,,,,,,,,,,,,,,,,,,,,,
AquaticAnimal/m63_rm.obj,AquaticAnimal,euclidean,neutral,Wheel,Bookset,BuildingNonResidential,Bird,ClassicPiano,NonWheelChair,Computer,PlantWildNonTree,Apartment,Tree,Computer,MilitaryVehicle,Tree,Computer,Computer,Musical_Instrument,Computer,Insect,Musical_Instrument,House,BuildingNonResidential,NonWheelChair,ClassicPiano,NonWheelChair,Quadruped,NonWheelChair,NonWheelChair,House,,,,,,,,,,,,,,,,,,,,,,,,,,,,,,,,,,,,,,,,,,,,,,,,,,,,,,,,,,,,,,,,,,,,,,,,,,,,,,,,,,,,,,,,,,,,,,,,,,,,,,,,,,,,,,,,,,
AquaticAnimal/m63_rm.obj,AquaticAnimal,cosine,neutral,Bookset,Apartment,ClassicPiano,Wheel,BuildingNonResidential,Computer,Computer,PlantWildNonTree,NonWheelChair,MilitaryVehicle,Computer,Hand,Hand,Bird,Insect,House,Tree,Quadruped,MilitaryVehicle,Quadruped,Computer,NonWheelChair,BuildingNonResidential,Train,NonWheelChair,Hat,House,DeskPhone,,,,,,,,,,,,,,,,,,,,,,,,,,,,,,,,,,,,,,,,,,,,,,,,,,,,,,,,,,,,,,,,,,,,,,,,,,,,,,,,,,,,,,,,,,,,,,,,,,,,,,,,,,,,,,,,,,
AquaticAnimal/m63_rm.obj,AquaticAnimal,manhattan,neutral,Bookset,Wheel,Computer,ClassicPiano,BuildingNonResidential,Apartment,Computer,Bird,Computer,PlantWildNonTree,Tree,NonWheelChair,Computer,MilitaryVehicle,Computer,Tree,Computer,Computer,Insect,BuildingNonResidential,NonWheelChair,Quadruped,Tree,Quadruped,House,Computer,Ship,PlantIndoors,,,,,,,,,,,,,,,,,,,,,,,,,,,,,,,,,,,,,,,,,,,,,,,,,,,,,,,,,,,,,,,,,,,,,,,,,,,,,,,,,,,,,,,,,,,,,,,,,,,,,,,,,,,,,,,,,,
AquaticAnimal/m63_rm.obj,AquaticAnimal,manhattan+chi-squared,neutral,Bird,Tree,Computer,Wheel,Computer,NonWheelChair,Tree,PlantWildNonTree,Bookset,BuildingNonResidential,ClassicPiano,Musical_Instrument,Computer,ClassicPiano,NonWheelChair,Musical_Instrument,MilitaryVehicle,Apartment,Bird,Humanoid,Quadruped,NonWheelChair,NonWheelChair,NonWheelChair,Computer,Computer,DeskPhone,NonWheelChair,,,,,,,,,,,,,,,,,,,,,,,,,,,,,,,,,,,,,,,,,,,,,,,,,,,,,,,,,,,,,,,,,,,,,,,,,,,,,,,,,,,,,,,,,,,,,,,,,,,,,,,,,,,,,,,,,,
AquaticAnimal/m63_rm.obj,AquaticAnimal,manhattan+emd,neutral,Bookset,Wheel,BuildingNonResidential,Computer,Computer,Tree,Computer,PlantWildNonTree,PlantIndoors,Computer,Quadruped,Apartment,NonWheelChair,Computer,FloorLamp,PlantIndoors,Ship,House,House,Helicopter,Tree,ClassicPiano,Bird,Tree,BuildingNonResidential,Hand,Hand,Computer,,,,,,,,,,,,,,,,,,,,,,,,,,,,,,,,,,,,,,,,,,,,,,,,,,,,,,,,,,,,,,,,,,,,,,,,,,,,,,,,,,,,,,,,,,,,,,,,,,,,,,,,,,,,,,,,,,
AquaticAnimal/m63_rm.obj,AquaticAnimal,manhattan+kullback-leibler,neutral,Bookset,ClassicPiano,Tree,Tree,Bird,Apartment,PlantWildNonTree,Computer,Wheel,BuildingNonResidential,Computer,Computer,Quadruped,Insect,Computer,Musical_Instrument,MilitaryVehicle,NonWheelChair,NonWheelChair,Computer,ClassicPiano,Bird,House,Musical_Instrument,Hat,BuildingNonResidential,House,Quadruped,,,,,,,,,,,,,,,,,,,,,,,,,,,,,,,,,,,,,,,,,,,,,,,,,,,,,,,,,,,,,,,,,,,,,,,,,,,,,,,,,,,,,,,,,,,,,,,,,,,,,,,,,,,,,,,,,,
AquaticAnimal/m63_rm.obj,AquaticAnimal,knn,neutral,Wheel,BuildingNonResidential,ClassicPiano,Computer,Bookset,NonWheelChair,Apartment,Bird,PlantWildNonTree,Tree,Computer,Computer,MilitaryVehicle,Computer,Quadruped,Tree,Musical_Instrument,Insect,House,Computer,Musical_Instrument,NonWheelChair,ClassicPiano,NonWheelChair,BuildingNonResidential,Ship,NonWheelChair,NonWheelChair,,,,,,,,,,,,,,,,,,,,,,,,,,,,,,,,,,,,,,,,,,,,,,,,,,,,,,,,,,,,,,,,,,,,,,,,,,,,,,,,,,,,,,,,,,,,,,,,,,,,,,,,,,,,,,,,,,
AquaticAnimal/m64_rm.obj,AquaticAnimal,euclidean,neutral,Insect,AquaticAnimal,AquaticAnimal,Starship,Insect,Starship,Gun,AquaticAnimal,Jet,Jet,Guitar,SubmachineGun,Ship,Tool,Gun,Gun,Guitar,Violin,Guitar,SubmachineGun,Musical_Instrument,Jet,ComputerKeyboard,Tool,Jet,AquaticAnimal,Jet,Fish,,,,,,,,,,,,,,,,,,,,,,,,,,,,,,,,,,,,,,,,,,,,,,,,,,,,,,,,,,,,,,,,,,,,,,,,,,,,,,,,,,,,,,,,,,,,,,,,,,,,,,,,,,,,,,,,,,
AquaticAnimal/m64_rm.obj,AquaticAnimal,cosine,neutral,Starship,Insect,AquaticAnimal,AquaticAnimal,Insect,AquaticAnimal,Jet,Gun,Quadruped,Jet,Jet,Fish,Violin,Jet,Guitar,AquaticAnimal,Jet,AquaticAnimal,Jet,Insect,Jet,Jet,Gun,Starship,Violin,Violin,Ship,Fish,,,,,,,,,,,,,,,,,,,,,,,,,,,,,,,,,,,,,,,,,,,,,,,,,,,,,,,,,,,,,,,,,,,,,,,,,,,,,,,,,,,,,,,,,,,,,,,,,,,,,,,,,,,,,,,,,,
AquaticAnimal/m64_rm.obj,AquaticAnimal,manhattan,neutral,Insect,AquaticAnimal,Starship,AquaticAnimal,AquaticAnimal,Jet,Insect,Fish,Humanoid,Jet,Gun,Fish,Humanoid,Jet,Ship,AquaticAnimal,Guitar,Fish,Quadruped,Guitar,Violin,AquaticAnimal,Starship,Gun,AquaticAnimal,Guitar,SubmachineGun,Jet,,,,,,,,,,,,,,,,,,,,,,,,,,,,,,,,,,,,,,,,,,,,,,,,,,,,,,,,,,,,,,,,,,,,,,,,,,,,,,,,,,,,,,,,,,,,,,,,,,,,,,,,,,,,,,,,,,
AquaticAnimal/m64_rm.obj,AquaticAnimal,manhattan+chi-squared,neutral,AquaticAnimal,AquaticAnimal,AquaticAnimal,Insect,Insect,Starship,Jet,Jet,Jet,Gun,Insect,Fish,Ship,AquaticAnimal,AquaticAnimal,Violin,Gun,Jet,Fish,Jet,Jet,Jet,Jet,Jet,Gun,AquaticAnimal,AquaticAnimal,Humanoid,,,,,,,,,,,,,,,,,,,,,,,,,,,,,,,,,,,,,,,,,,,,,,,,,,,,,,,,,,,,,,,,,,,,,,,,,,,,,,,,,,,,,,,,,,,,,,,,,,,,,,,,,,,,,,,,,,
AquaticAnimal/m64_rm.obj,AquaticAnimal,manhattan+emd,neutral,Jet,Insect,Starship,AquaticAnimal,SubmachineGun,Jet,Insect,Guitar,Guitar,Quadruped,Ship,Jet,Jet,Gun,Humanoid,Musical_Instrument,Guitar,Jet,Insect,Jet,Violin,Guitar,Jet,Jet,Jet,Jet,Jet,Jet,,,,,,,,,,,,,,,,,,,,,,,,,,,,,,,,,,,,,,,,,,,,,,,,,,,,,,,,,,,,,,,,,,,,,,,,,,,,,,,,,,,,,,,,,,,,,,,,,,,,,,,,,,,,,,,,,,
AquaticAnimal/m64_rm.obj,AquaticAnimal,manhattan+kullback-leibler,neutral,AquaticAnimal,Insect,Insect,Fish,Starship,AquaticAnimal,Fish,AquaticAnimal,Gun,Jet,AquaticAnimal,Jet,AquaticAnimal,AquaticAnimal,Humanoid,Fish,Insect,AquaticAnimal,AquaticAnimal,Humanoid,Fish,Jet,Jet,Jet,Fish,Gun,Skyscraper,Humanoid,,,,,,,,,,,,,,,,,,,,,,,,,,,,,,,,,,,,,,,,,,,,,,,,,,,,,,,,,,,,,,,,,,,,,,,,,,,,,,,,,,,,,,,,,,,,,,,,,,,,,,,,,,,,,,,,,,
AquaticAnimal/m64_rm.obj,AquaticAnimal,knn,neutral,Insect,Insect,Gun,Starship,AquaticAnimal,Tool,Jet,Jet,SubmachineGun,Gun,Starship,SubmachineGun,Musical_Instrument,Tool,ComputerKeyboard,Guitar,AquaticAnimal,Ship,Guitar,Jet,Tool,Jet,Guitar,AquaticAnimal,Jet,Violin,Jet,Guitar,,,,,,,,,,,,,,,,,,,,,,,,,,,,,,,,,,,,,,,,,,,,,,,,,,,,,,,,,,,,,,,,,,,,,,,,,,,,,,,,,,,,,,,,,,,,,,,,,,,,,,,,,,,,,,,,,,
Bed/D00121_rm.obj,Bed,euclidean,neutral,RectangleTable,Tree,RectangleTable,NonWheelChair,Bed,Monitor,Bed,Insect,Bed,Monitor,Tree,RectangleTable,RectangleTable,Bed,PlantIndoors,PlantIndoors,NonWheelChair,PlantIndoors,Tree,NonWheelChair,PlantIndoors,BuildingNonResidential,RectangleTable,MultiSeat,Insect,PianoBoard,,,,,,,,,,,,,,,,,,,,,,,,,,,,,,,,,,,,,,,,,,,,,,,,,,,,,,,,,,,,,,,,,,,,,,,,,,,,,,,,,,,,,,,,,,,,,,,,,,,,,,,,,,,,,,,,,,,,
Bed/D00121_rm.obj,Bed,cosine,neutral,RectangleTable,Tree,Bed,Computer,RoundTable,MilitaryVehicle,RectangleTable,RectangleTable,Computer,PianoBoard,DeskLamp,Computer,MultiSeat,RoundTable,RoundTable,Monitor,Cup,MultiSeat,Hat,PianoBoard,PlantIndoors,MultiSeat,PlantIndoors,PlantIndoors,DeskLamp,PianoBoard,,,,,,,,,,,,,,,,,,,,,,,,,,,,,,,,,,,,,,,,,,,,,,,,,,,,,,,,,,,,,,,,,,,,,,,,,,,,,,,,,,,,,,,,,,,,,,,,,,,,,,,,,,,,,,,,,,,,
Bed/D00121_rm.obj,Bed,manhattan,neutral,Monitor,Bed,Bed,Monitor,RectangleTable,Tree,Bed,RectangleTable,Bed,RectangleTable,NonWheelChair,RectangleTable,Insect,PianoBoard,Tree,MultiSeat,RectangleTable,Insect,RectangleTable,RectangleTable,ClassicPiano,PlantIndoors,PlantIndoors,MultiSeat,RectangleTable,PlantIndoors,,,,,,,,,,,,,,,,,,,,,,,,,,,,,,,,,,,,,,,,,,,,,,,,,,,,,,,,,,,,,,,,,,,,,,,,,,,,,,,,,,,,,,,,,,,,,,,,,,,,,,,,,,,,,,,,,,,,
Bed/D00121_rm.obj,Bed,manhattan+chi-squared,neutral,RectangleTable,RectangleTable,Tree,NonWheelChair,Bed,Monitor,Insect,Bed,Bed,Monitor,Tree,RectangleTable,PlantIndoors,RectangleTable,PlantIndoors,Bed,NonWheelChair,Tree,PlantIndoors,RectangleTable,NonWheelChair,PlantIndoors,BuildingNonResidential,MultiSeat,Insect,Computer,,,,,,,,,,,,,,,,,,,,,,,,,,,,,,,,,,,,,,,,,,,,,,,,,,,,,,,,,,,,,,,,,,,,,,,,,,,,,,,,,,,,,,,,,,,,,,,,,,,,,,,,,,,,,,,,,,,,
Bed/D00121_rm.obj,Bed,manhattan+emd,neutral,Monitor,Monitor,Bed,RectangleTable,RectangleTable,Bed,Bed,RectangleTable,RectangleTable,RectangleTable,Bed,RoundTable,Bed,RectangleTable,MultiSeat,MultiSeat,RoundTable,PianoBoard,Bed,Bed,ClassicPiano,Sign,RoundTable,Bed,Shelf,Monitor,,,,,,,,,,,,,,,,,,,,,,,,,,,,,,,,,,,,,,,,,,,,,,,,,,,,,,,,,,,,,,,,,,,,,,,,,,,,,,,,,,,,,,,,,,,,,,,,,,,,,,,,,,,,,,,,,,,,
Bed/D00121_rm.obj,Bed,manhattan+kullback-leibler,neutral,RectangleTable,RectangleTable,Tree,Bed,Monitor,NonWheelChair,Bed,Monitor,Bed,Insect,RectangleTable,RectangleTable,Bed,Tree,PlantIndoors,PlantIndoors,RectangleTable,NonWheelChair,Insect,MultiSeat,PianoBoard,NonWheelChair,PlantIndoors,PlantIndoors,RectangleTable,Tree,,,,,,,,,,,,,,,,,,,,,,,,,,,,,,,,,,,,,,,,,,,,,,,,,,,,,,,,,,,,,,,,,,,,,,,,,,,,,,,,,,,,,,,,,,,,,,,,,,,,,,,,,,,,,,,,,,,,
Bed/D00121_rm.obj,Bed,knn,neutral,Tree,NonWheelChair,RectangleTable,RectangleTable,Monitor,Bed,Insect,Bed,Monitor,RectangleTable,Tree,RectangleTable,Bed,NonWheelChair,PlantIndoors,BuildingNonResidential,Tree,Bed,NonWheelChair,RectangleTable,Computer,PlantIndoors,PlantIndoors,Computer,PlantIndoors,Insect,,,,,,,,,,,,,,,,,,,,,,,,,,,,,,,,,,,,,,,,,,,,,,,,,,,,,,,,,,,,,,,,,,,,,,,,,,,,,,,,,,,,,,,,,,,,,,,,,,,,,,,,,,,,,,,,,,,,
Bed/D00031_rm.obj,Bed,euclidean,neutral,Bed,MilitaryVehicle,Bed,Bed,MultiSeat,Hand,Hand,Shelf,Bed,MultiSeat,DeskPhone,MultiSeat,ClassicPiano,Shelf,RectangleTable,MultiSeat,Bed,MultiSeat,Bus,MultiSeat,Car,RectangleTable,ClassicPiano,Shelf,Ship,TruckNonContainer,,,,,,,,,,,,,,,,,,,,,,,,,,,,,,,,,,,,,,,,,,,,,,,,,,,,,,,,,,,,,,,,,,,,,,,,,,,,,,,,,,,,,,,,,,,,,,,,,,,,,,,,,,,,,,,,,,,,
Bed/D00031_rm.obj,Bed,cosine,neutral,MilitaryVehicle,City,Bed,Hand,Hand,Car,Monitor,Shelf,Bed,Hand,Shelf,Shelf,DeskPhone,Shelf,Bed,Shelf,Hand,Shelf,Shelf,Bed,MultiSeat,Car,Bookset,Car,Shelf,Bed,,,,,,,,,,,,,,,,,,,,,,,,,,,,,,,,,,,,,,,,,,,,,,,,,,,,,,,,,,,,,,,,,,,,,,,,,,,,,,,,,,,,,,,,,,,,,,,,,,,,,,,,,,,,,,,,,,,,
Bed/D00031_rm.obj,Bed,manhattan,neutral,Bed,MilitaryVehicle,Bed,Bed,Shelf,Monitor,Hand,Shelf,Hand,Bed,MultiSeat,City,Shelf,Shelf,MultiSeat,Bed,Shelf,Shelf,Shelf,Hand,Shelf,Car,MultiSeat,MultiSeat,RectangleTable,Car,,,,,,,,,,,,,,,,,,,,,,,,,,,,,,,,,,,,,,,,,,,,,,,,,,,,,,,,,,,,,,,,,,,,,,,,,,,,,,,,,,,,,,,,,,,,,,,,,,,,,,,,,,,,,,,,,,,,
Bed/D00031_rm.obj,Bed,manhattan+chi-squared,neutral,Bed,Bed,Bed,Bed,MilitaryVehicle,MultiSeat,Shelf,Shelf,RectangleTable,DeskPhone,ClassicPiano,Hand,MultiSeat,MultiSeat,RectangleTable,Hand,RectangleTable,Bus,MultiSeat,Computer,Bed,NonWheelChair,MultiSeat,ClassicPiano,MultiSeat,Ship,,,,,,,,,,,,,,,,,,,,,,,,,,,,,,,,,,,,,,,,,,,,,,,,,,,,,,,,,,,,,,,,,,,,,,,,,,,,,,,,,,,,,,,,,,,,,,,,,,,,,,,,,,,,,,,,,,,,
Bed/D00031_rm.obj,Bed,manhattan+emd,neutral,Bed,Bed,Shelf,Shelf,Bed,Car,Monitor,Shelf,Bed,Shelf,Shelf,Shelf,Sign,Bed,RoundTable,Shelf,Shelf,MilitaryVehicle,Shelf,City,RectangleTable,Shelf,RectangleTable,Shelf,Hand,DeskPhone,,,,,,,,,,,,,,,,,,,,,,,,,,,,,,,,,,,,,,,,,,,,,,,,,,,,,,,,,,,,,,,,,,,,,,,,,,,,,,,,,,,,,,,,,,,,,,,,,,,,,,,,,,,,,,,,,,,,
Bed/D00031_rm.obj,Bed,manhattan+kullback-leibler,neutral,Bed,Bed,MilitaryVehicle,Bed,Shelf,Shelf,MultiSeat,Bed,Bed,Shelf,Shelf,MultiSeat,Shelf,Shelf,Shelf,Shelf,Sign,Shelf,Ship,Monitor,DeskPhone,Computer,RectangleTable,RectangleTable,Bus,Shelf,,,,,,,,,,,,,,,,,,,,,,,,,,,,,,,,,,,,,,,,,,,,,,,,,,,,,,,,,,,,,,,,,,,,,,,,,,,,,,,,,,,,,,,,,,,,,,,,,,,,,,,,,,,,,,,,,,,,
Bed/D00031_rm.obj,Bed,knn,neutral,Bed,MilitaryVehicle,Bed,Bed,Hand,MultiSeat,Hand,Shelf,DeskPhone,MultiSeat,MultiSeat,MultiSeat,MultiSeat,Shelf,Bus,MultiSeat,Bed,RectangleTable,ClassicPiano,Car,ClassicPiano,TruckNonContainer,Bed,ClassicPiano,Ship,Bookset,,,,,,,,,,,,,,,,,,,,,,,,,,,,,,,,,,,,,,,,,,,,,,,,,,,,,,,,,,,,,,,,,,,,,,,,,,,,,,,,,,,,,,,,,,,,,,,,,,,,,,,,,,,,,,,,,,,,
AquaticAnimal/m54_rm.obj,AquaticAnimal,euclidean,neutral,AquaticAnimal,AquaticAnimal,Violin,Violin,Skyscraper,Skyscraper,Violin,Violin,Humanoid,Fish,Violin,Humanoid,Humanoid,Violin,Gun,AquaticAnimal,Fish,Humanoid,Gun,Skyscraper,Insect,Guitar,Fish,Fish,Train,Humanoid,Humanoid,Humanoid,,,,,,,,,,,,,,,,,,,,,,,,,,,,,,,,,,,,,,,,,,,,,,,,,,,,,,,,,,,,,,,,,,,,,,,,,,,,,,,,,,,,,,,,,,,,,,,,,,,,,,,,,,,,,,,,,,
AquaticAnimal/m54_rm.obj,AquaticAnimal,cosine,neutral,AquaticAnimal,Violin,AquaticAnimal,Fish,Violin,Skyscraper,Violin,Skyscraper,Humanoid,Violin,Insect,Fish,Fish,Humanoid,Fish,Gun,Violin,Humanoid,Humanoid,AquaticAnimal,Humanoid,AquaticAnimal,Humanoid,Humanoid,Skyscraper,Humanoid,Humanoid,Humanoid,,,,,,,,,,,,,,,,,,,,,,,,,,,,,,,,,,,,,,,,,,,,,,,,,,,,,,,,,,,,,,,,,,,,,,,,,,,,,,,,,,,,,,,,,,,,,,,,,,,,,,,,,,,,,,,,,,
AquaticAnimal/m54_rm.obj,AquaticAnimal,manhattan,neutral,AquaticAnimal,AquaticAnimal,Violin,Humanoid,Fish,Humanoid,Fish,Humanoid,Violin,Violin,Skyscraper,Gun,Fish,Violin,Skyscraper,Violin,Fish,Skyscraper,Humanoid,Violin,Fish,Fish,Ship,Insect,Humanoid,Humanoid,Humanoid,Humanoid,,,,,,,,,,,,,,,,,,,,,,,,,,,,,,,,,,,,,,,,,,,,,,,,,,,,,,,,,,,,,,,,,,,,,,,,,,,,,,,,,,,,,,,,,,,,,,,,,,,,,,,,,,,,,,,,,,
AquaticAnimal/m54_rm.obj,AquaticAnimal,manhattan+chi-squared,neutral,AquaticAnimal,Fish,Violin,Fish,Fish,Fish,AquaticAnimal,Humanoid,Violin,Skyscraper,Insect,Violin,Skyscraper,Gun,Humanoid,Fish,AquaticAnimal,AquaticAnimal,Violin,Humanoid,AquaticAnimal,Humanoid,AquaticAnimal,Humanoid,AquaticAnimal,Humanoid,Violin,Humanoid,,,,,,,,,,,,,,,,,,,,,,,,,,,,,,,,,,,,,,,,,,,,,,,,,,,,,,,,,,,,,,,,,,,,,,,,,,,,,,,,,,,,,,,,,,,,,,,,,,,,,,,,,,,,,,,,,,
AquaticAnimal/m54_rm.obj,AquaticAnimal,manhattan+emd,neutral,AquaticAnimal,Violin,AquaticAnimal,Skyscraper,Violin,Humanoid,Humanoid,Humanoid,Humanoid,Violin,Gun,Violin,Fish,Ship,Humanoid,Humanoid,Fish,Humanoid,Humanoid,Humanoid,Violin,Humanoid,Humanoid,Humanoid,Humanoid,Humanoid,Insect,Humanoid,,,,,,,,,,,,,,,,,,,,,,,,,,,,,,,,,,,,,,,,,,,,,,,,,,,,,,,,,,,,,,,,,,,,,,,,,,,,,,,,,,,,,,,,,,,,,,,,,,,,,,,,,,,,,,,,,,
AquaticAnimal/m54_rm.obj,AquaticAnimal,manhattan+kullback-leibler,neutral,AquaticAnimal,Fish,Violin,Fish,Fish,Humanoid,Fish,Skyscraper,Violin,Insect,AquaticAnimal,Skyscraper,AquaticAnimal,AquaticAnimal,Violin,Fish,AquaticAnimal,AquaticAnimal,Fish,Humanoid,AquaticAnimal,Humanoid,Skyscraper,AquaticAnimal,AquaticAnimal,Humanoid,PlantIndoors,Jet,,,,,,,,,,,,,,,,,,,,,,,,,,,,,,,,,,,,,,,,,,,,,,,,,,,,,,,,,,,,,,,,,,,,,,,,,,,,,,,,,,,,,,,,,,,,,,,,,,,,,,,,,,,,,,,,,,
AquaticAnimal/m54_rm.obj,AquaticAnimal,knn,neutral,Violin,AquaticAnimal,AquaticAnimal,Violin,Violin,Violin,Violin,Skyscraper,Skyscraper,Violin,Gun,AquaticAnimal,Guitar,Gun,Insect,Humanoid,Gun,Gun,Fish,Gun,Humanoid,Train,Humanoid,Gun,AquaticAnimal,Guitar,Starship,Humanoid,,,,,,,,,,,,,,,,,,,,,,,,,,,,,,,,,,,,,,,,,,,,,,,,,,,,,,,,,,,,,,,,,,,,,,,,,,,,,,,,,,,,,,,,,,,,,,,,,,,,,,,,,,,,,,,,,,
Bed/D00184_rm.obj,Bed,euclidean,neutral,Bed,Monitor,Computer,Computer,Car,DeskLamp,Computer,MultiSeat,ClassicPiano,MultiSeat,Chess,MultiSeat,PlantIndoors,House,PlantIndoors,Car,Chess,RectangleTable,TruckNonContainer,PlantIndoors,RoundTable,Chess,PlantIndoors,RoundTable,Chess,House,,,,,,,,,,,,,,,,,,,,,,,,,,,,,,,,,,,,,,,,,,,,,,,,,,,,,,,,,,,,,,,,,,,,,,,,,,,,,,,,,,,,,,,,,,,,,,,,,,,,,,,,,,,,,,,,,,,,
Bed/D00184_rm.obj,Bed,cosine,neutral,Bed,Car,PianoBoard,MultiSeat,MultiSeat,MultiSeat,PianoBoard,Bed,Computer,Shelf,Chess,Shelf,Monitor,Bed,Chess,House,Apartment,MultiSeat,Vase,Vase,Cup,House,Computer,House,Computer,Computer,,,,,,,,,,,,,,,,,,,,,,,,,,,,,,,,,,,,,,,,,,,,,,,,,,,,,,,,,,,,,,,,,,,,,,,,,,,,,,,,,,,,,,,,,,,,,,,,,,,,,,,,,,,,,,,,,,,,
Bed/D00184_rm.obj,Bed,manhattan,neutral,Monitor,Bed,Car,MultiSeat,MultiSeat,Chess,MultiSeat,Bed,DeskLamp,Bed,Chess,Computer,Shelf,ClassicPiano,Computer,Hat,PianoBoard,MultiSeat,MultiSeat,Car,PianoBoard,House,Computer,Computer,MultiSeat,Shelf,,,,,,,,,,,,,,,,,,,,,,,,,,,,,,,,,,,,,,,,,,,,,,,,,,,,,,,,,,,,,,,,,,,,,,,,,,,,,,,,,,,,,,,,,,,,,,,,,,,,,,,,,,,,,,,,,,,,
Bed/D00184_rm.obj,Bed,manhattan+chi-squared,neutral,Bed,Monitor,Computer,Computer,DeskLamp,MultiSeat,Car,Computer,ClassicPiano,MultiSeat,Chess,PlantIndoors,PlantIndoors,MultiSeat,House,RectangleTable,PlantIndoors,RoundTable,PlantIndoors,Car,PlantIndoors,TruckNonContainer,RoundTable,Chess,Chess,Chess,,,,,,,,,,,,,,,,,,,,,,,,,,,,,,,,,,,,,,,,,,,,,,,,,,,,,,,,,,,,,,,,,,,,,,,,,,,,,,,,,,,,,,,,,,,,,,,,,,,,,,,,,,,,,,,,,,,,
Bed/D00184_rm.obj,Bed,manhattan+emd,neutral,Monitor,Car,Bed,Bed,Bed,Shelf,PianoBoard,MultiSeat,MultiSeat,MultiSeat,PianoBoard,MultiSeat,MultiSeat,ClassicPiano,MultiSeat,Bed,Hat,MultiSeat,Bed,Shelf,PianoBoard,DeskLamp,MilitaryVehicle,PianoBoard,RoundTable,Shelf,,,,,,,,,,,,,,,,,,,,,,,,,,,,,,,,,,,,,,,,,,,,,,,,,,,,,,,,,,,,,,,,,,,,,,,,,,,,,,,,,,,,,,,,,,,,,,,,,,,,,,,,,,,,,,,,,,,,
Bed/D00184_rm.obj,Bed,manhattan+kullback-leibler,neutral,Bed,Monitor,Car,Computer,Computer,MultiSeat,DeskLamp,MultiSeat,Chess,Computer,MultiSeat,ClassicPiano,Car,Chess,Hat,PlantIndoors,House,House,Bed,MultiSeat,Shelf,ClassicPiano,PlantIndoors,PlantIndoors,PianoBoard,Computer,,,,,,,,,,,,,,,,,,,,,,,,,,,,,,,,,,,,,,,,,,,,,,,,,,,,,,,,,,,,,,,,,,,,,,,,,,,,,,,,,,,,,,,,,,,,,,,,,,,,,,,,,,,,,,,,,,,,
Bed/D00184_rm.obj,Bed,knn,neutral,Bed,Monitor,Computer,Computer,Car,DeskLamp,Computer,ClassicPiano,MultiSeat,MultiSeat,Chess,MultiSeat,House,PlantIndoors,PlantIndoors,PlantIndoors,RectangleTable,House,Chess,Bookset,Car,Chess,RoundTable,TruckNonContainer,RoundTable,PlantIndoors,,,,,,,,,,,,,,,,,,,,,,,,,,,,,,,,,,,,,,,,,,,,,,,,,,,,,,,,,,,,,,,,,,,,,,,,,,,,,,,,,,,,,,,,,,,,,,,,,,,,,,,,,,,,,,,,,,,,
Bed/D00210_rm.obj,Bed,euclidean,neutral,Bed,Bed,PlantIndoors,Bed,PlantIndoors,Tree,NonWheelChair,Bed,Car,Insect,RectangleTable,Tree,MultiSeat,ClassicPiano,BuildingNonResidential,Monitor,ClassicPiano,PianoBoard,Apartment,Bookset,Chess,Monitor,NonWheelChair,Shelf,PlantIndoors,RectangleTable,,,,,,,,,,,,,,,,,,,,,,,,,,,,,,,,,,,,,,,,,,,,,,,,,,,,,,,,,,,,,,,,,,,,,,,,,,,,,,,,,,,,,,,,,,,,,,,,,,,,,,,,,,,,,,,,,,,,
Bed/D00210_rm.obj,Bed,cosine,neutral,Bed,ClassicPiano,Drum,Car,Shelf,Bookset,PianoBoard,Shelf,PianoBoard,Shelf,Monitor,Bookset,BuildingNonResidential,Cup,Wheel,Apartment,House,Shelf,Car,House,RectangleTable,TruckNonContainer,Chess,Drum,ClassicPiano,PlantIndoors,,,,,,,,,,,,,,,,,,,,,,,,,,,,,,,,,,,,,,,,,,,,,,,,,,,,,,,,,,,,,,,,,,,,,,,,,,,,,,,,,,,,,,,,,,,,,,,,,,,,,,,,,,,,,,,,,,,,
Bed/D00210_rm.obj,Bed,manhattan,neutral,Bed,Bed,Bed,Bed,MultiSeat,Monitor,Car,ClassicPiano,RectangleTable,Bed,PlantIndoors,MultiSeat,Shelf,MultiSeat,Bed,PlantIndoors,Shelf,PianoBoard,Monitor,Chess,Shelf,Insect,Shelf,Bookset,Shelf,Tree,,,,,,,,,,,,,,,,,,,,,,,,,,,,,,,,,,,,,,,,,,,,,,,,,,,,,,,,,,,,,,,,,,,,,,,,,,,,,,,,,,,,,,,,,,,,,,,,,,,,,,,,,,,,,,,,,,,,
Bed/D00210_rm.obj,Bed,manhattan+chi-squared,neutral,PlantIndoors,Bed,Bed,PlantIndoors,Bed,NonWheelChair,Tree,Bed,Insect,RectangleTable,Tree,Car,PianoBoard,MultiSeat,Monitor,BuildingNonResidential,ClassicPiano,ClassicPiano,Bookset,Chess,Monitor,Apartment,NonWheelChair,Shelf,RectangleTable,RectangleTable,,,,,,,,,,,,,,,,,,,,,,,,,,,,,,,,,,,,,,,,,,,,,,,,,,,,,,,,,,,,,,,,,,,,,,,,,,,,,,,,,,,,,,,,,,,,,,,,,,,,,,,,,,,,,,,,,,,,
Bed/D00210_rm.obj,Bed,manhattan+emd,neutral,Bed,Bed,Monitor,Bed,Bed,Bed,Shelf,RectangleTable,ClassicPiano,Bed,Shelf,Monitor,Shelf,MultiSeat,MultiSeat,MultiSeat,Bed,Bed,RectangleTable,MultiSeat,MultiSeat,Shelf,Car,Monitor,Drum,Shelf,,,,,,,,,,,,,,,,,,,,,,,,,,,,,,,,,,,,,,,,,,,,,,,,,,,,,,,,,,,,,,,,,,,,,,,,,,,,,,,,,,,,,,,,,,,,,,,,,,,,,,,,,,,,,,,,,,,,
Bed/D00210_rm.obj,Bed,manhattan+kullback-leibler,neutral,Bed,Bed,Bed,Bed,Monitor,Insect,ClassicPiano,PlantIndoors,RectangleTable,MultiSeat,PianoBoard,Monitor,PlantIndoors,NonWheelChair,Tree,Shelf,Bed,Chess,Shelf,Car,Shelf,Bookset,Bookset,RectangleTable,Shelf,Tree,,,,,,,,,,,,,,,,,,,,,,,,,,,,,,,,,,,,,,,,,,,,,,,,,,,,,,,,,,,,,,,,,,,,,,,,,,,,,,,,,,,,,,,,,,,,,,,,,,,,,,,,,,,,,,,,,,,,
Bed/D00210_rm.obj,Bed,knn,neutral,Bed,Bed,PlantIndoors,Bed,PlantIndoors,RectangleTable,Tree,NonWheelChair,Bed,Car,MultiSeat,Tree,ClassicPiano,Insect,Bookset,BuildingNonResidential,PianoBoard,Chess,NonWheelChair,RectangleTable,PlantIndoors,ClassicPiano,ClassicPiano,Apartment,ClassicPiano,Chess,,,,,,,,,,,,,,,,,,,,,,,,,,,,,,,,,,,,,,,,,,,,,,,,,,,,,,,,,,,,,,,,,,,,,,,,,,,,,,,,,,,,,,,,,,,,,,,,,,,,,,,,,,,,,,,,,,,,
Bed/D00213_rm.obj,Bed,euclidean,neutral,Bed,MultiSeat,Bed,MultiSeat,MultiSeat,Bed,TruckNonContainer,MultiSeat,Truck,Bus,ClassicPiano,Car,Car,Car,MultiSeat,Car,TruckNonContainer,Car,Truck,Truck,DeskPhone,RectangleTable,Gun,TruckNonContainer,Monitor,Car,,,,,,,,,,,,,,,,,,,,,,,,,,,,,,,,,,,,,,,,,,,,,,,,,,,,,,,,,,,,,,,,,,,,,,,,,,,,,,,,,,,,,,,,,,,,,,,,,,,,,,,,,,,,,,,,,,,,
Bed/D00213_rm.obj,Bed,cosine,neutral,Bed,Bed,MultiSeat,MultiSeat,Bed,MultiSeat,MultiSeat,Bed,MultiSeat,TruckNonContainer,RectangleTable,Car,Car,MultiSeat,Car,Bed,Truck,Bus,Truck,Car,Bed,TruckNonContainer,Car,TruckNonContainer,MultiSeat,ClassicPiano,,,,,,,,,,,,,,,,,,,,,,,,,,,,,,,,,,,,,,,,,,,,,,,,,,,,,,,,,,,,,,,,,,,,,,,,,,,,,,,,,,,,,,,,,,,,,,,,,,,,,,,,,,,,,,,,,,,,
Bed/D00213_rm.obj,Bed,manhattan,neutral,Bed,Bed,MultiSeat,MultiSeat,Bed,MultiSeat,TruckNonContainer,MultiSeat,MultiSeat,Car,Car,ClassicPiano,Car,Truck,Car,Car,Car,RectangleTable,Bus,Bus,Truck,Monitor,MultiSeat,House,Bed,Car,,,,,,,,,,,,,,,,,,,,,,,,,,,,,,,,,,,,,,,,,,,,,,,,,,,,,,,,,,,,,,,,,,,,,,,,,,,,,,,,,,,,,,,,,,,,,,,,,,,,,,,,,,,,,,,,,,,,
Bed/D00213_rm.obj,Bed,manhattan+chi-squared,neutral,Bed,MultiSeat,MultiSeat,Bed,ClassicPiano,Monitor,Bed,Car,RectangleTable,Bus,Shelf,TruckNonContainer,Truck,MultiSeat,DeskPhone,MultiSeat,MultiSeat,Car,House,Car,Gun,Truck,MultiSeat,Truck,TruckNonContainer,Shelf,,,,,,,,,,,,,,,,,,,,,,,,,,,,,,,,,,,,,,,,,,,,,,,,,,,,,,,,,,,,,,,,,,,,,,,,,,,,,,,,,,,,,,,,,,,,,,,,,,,,,,,,,,,,,,,,,,,,
Bed/D00213_rm.obj,Bed,manhattan+emd,neutral,Bed,MultiSeat,Bed,RectangleTable,Car,Bed,House,Bed,MultiSeat,Cellphone,Car,MultiSeat,Shelf,Bed,Shelf,MultiSeat,MultiSeat,Sign,Bicycle,Humanoid,TruckNonContainer,Gun,ClassicPiano,Biplane,Car,Gun,,,,,,,,,,,,,,,,,,,,,,,,,,,,,,,,,,,,,,,,,,,,,,,,,,,,,,,,,,,,,,,,,,,,,,,,,,,,,,,,,,,,,,,,,,,,,,,,,,,,,,,,,,,,,,,,,,,,
Bed/D00213_rm.obj,Bed,manhattan+kullback-leibler,neutral,Bed,Bed,Bed,MultiSeat,MultiSeat,Monitor,MultiSeat,Car,MultiSeat,ClassicPiano,Car,Shelf,Bus,MultiSeat,TruckNonContainer,MultiSeat,DeskPhone,RectangleTable,Car,Truck,Gun,Shelf,Bed,House,Shelf,Car,,,,,,,,,,,,,,,,,,,,,,,,,,,,,,,,,,,,,,,,,,,,,,,,,,,,,,,,,,,,,,,,,,,,,,,,,,,,,,,,,,,,,,,,,,,,,,,,,,,,,,,,,,,,,,,,,,,,
Bed/D00213_rm.obj,Bed,knn,neutral,Bed,MultiSeat,Bed,MultiSeat,TruckNonContainer,MultiSeat,MultiSeat,Car,Bed,Car,Bus,ClassicPiano,MultiSeat,Truck,Car,Truck,TruckNonContainer,Truck,Car,Car,Bed,RectangleTable,Car,Humanoid,TruckNonContainer,Car,,,,,,,,,,,,,,,,,,,,,,,,,,,,,,,,,,,,,,,,,,,,,,,,,,,,,,,,,,,,,,,,,,,,,,,,,,,,,,,,,,,,,,,,,,,,,,,,,,,,,,,,,,,,,,,,,,,,
Bed/D00217_rm.obj,Bed,euclidean,neutral,Bed,Bed,MultiSeat,TruckNonContainer,Truck,TruckNonContainer,MultiSeat,TruckNonContainer,ClassicPiano,RectangleTable,Car,RectangleTable,TruckNonContainer,Car,Car,TruckNonContainer,Humanoid,MultiSeat,MultiSeat,Truck,Truck,Biplane,Car,TruckNonContainer,Gun,Humanoid,,,,,,,,,,,,,,,,,,,,,,,,,,,,,,,,,,,,,,,,,,,,,,,,,,,,,,,,,,,,,,,,,,,,,,,,,,,,,,,,,,,,,,,,,,,,,,,,,,,,,,,,,,,,,,,,,,,,
Bed/D00217_rm.obj,Bed,cosine,neutral,Bed,MultiSeat,Bed,TruckNonContainer,Truck,MultiSeat,RectangleTable,ClassicPiano,MultiSeat,TruckNonContainer,MultiSeat,TruckNonContainer,RectangleTable,Car,RectangleTable,Car,Car,Bicycle,Car,Truck,RectangleTable,MultiSeat,Truck,Truck,Bed,Biplane,,,,,,,,,,,,,,,,,,,,,,,,,,,,,,,,,,,,,,,,,,,,,,,,,,,,,,,,,,,,,,,,,,,,,,,,,,,,,,,,,,,,,,,,,,,,,,,,,,,,,,,,,,,,,,,,,,,,
Bed/D00217_rm.obj,Bed,manhattan,neutral,Bed,Bed,MultiSeat,MultiSeat,ClassicPiano,TruckNonContainer,RectangleTable,MultiSeat,TruckNonContainer,TruckNonContainer,MultiSeat,Truck,RectangleTable,Bicycle,MultiSeat,Car,Humanoid,Car,Car,MultiSeat,Sign,Truck,Car,Bed,Car,Car,,,,,,,,,,,,,,,,,,,,,,,,,,,,,,,,,,,,,,,,,,,,,,,,,,,,,,,,,,,,,,,,,,,,,,,,,,,,,,,,,,,,,,,,,,,,,,,,,,,,,,,,,,,,,,,,,,,,
Bed/D00217_rm.obj,Bed,manhattan+chi-squared,neutral,TruckNonContainer,Truck,Bed,Bed,Humanoid,MultiSeat,TruckNonContainer,RectangleTable,Sign,TruckNonContainer,ClassicPiano,MultiSeat,Gun,Car,MultiSeat,Humanoid,MultiSeat,TruckNonContainer,Humanoid,Car,Car,Car,Car,TruckNonContainer,Humanoid,Car,,,,,,,,,,,,,,,,,,,,,,,,,,,,,,,,,,,,,,,,,,,,,,,,,,,,,,,,,,,,,,,,,,,,,,,,,,,,,,,,,,,,,,,,,,,,,,,,,,,,,,,,,,,,,,,,,,,,
Bed/D00217_rm.obj,Bed,manhattan+emd,neutral,Bed,Bicycle,Humanoid,MultiSeat,Humanoid,Bed,Bicycle,ClassicPiano,Humanoid,Bicycle,MultiSeat,RectangleTable,Humanoid,Bicycle,MultiSeat,Humanoid,Bicycle,Car,Sign,Shelf,MultiSeat,BuildingNonResidential,Gun,TruckNonContainer,Car,Car,,,,,,,,,,,,,,,,,,,,,,,,,,,,,,,,,,,,,,,,,,,,,,,,,,,,,,,,,,,,,,,,,,,,,,,,,,,,,,,,,,,,,,,,,,,,,,,,,,,,,,,,,,,,,,,,,,,,
Bed/D00217_rm.obj,Bed,manhattan+kullback-leibler,neutral,Bed,Bed,ClassicPiano,MultiSeat,Truck,Humanoid,MultiSeat,MultiSeat,TruckNonContainer,RectangleTable,TruckNonContainer,Gun,MultiSeat,Humanoid,RectangleTable,TruckNonContainer,Sign,Humanoid,Monitor,Car,Car,MultiSeat,Car,Humanoid,TruckNonContainer,Truck,,,,,,,,,,,,,,,,,,,,,,,,,,,,,,,,,,,,,,,,,,,,,,,,,,,,,,,,,,,,,,,,,,,,,,,,,,,,,,,,,,,,,,,,,,,,,,,,,,,,,,,,,,,,,,,,,,,,
Bed/D00217_rm.obj,Bed,knn,neutral,Bed,MultiSeat,Bed,TruckNonContainer,RectangleTable,ClassicPiano,TruckNonContainer,Truck,TruckNonContainer,MultiSeat,RectangleTable,Bicycle,MultiSeat,Biplane,Car,TruckNonContainer,Car,Truck,Truck,Gun,Biplane,TruckNonContainer,NonWheelChair,Car,Car,Humanoid,,,,,,,,,,,,,,,,,,,,,,,,,,,,,,,,,,,,,,,,,,,,,,,,,,,,,,,,,,,,,,,,,,,,,,,,,,,,,,,,,,,,,,,,,,,,,,,,,,,,,,,,,,,,,,,,,,,,
AquaticAnimal/m57_rm.obj,AquaticAnimal,euclidean,neutral,AquaticAnimal,Starship,AquaticAnimal,Violin,Musical_Instrument,Violin,Violin,Tool,Violin,Starship,Starship,Humanoid,Violin,ComputerKeyboard,Guitar,Violin,Humanoid,Violin,Violin,ComputerKeyboard,Humanoid,Guitar,Jet,Violin,Musical_Instrument,Starship,Ship,Tool,,,,,,,,,,,,,,,,,,,,,,,,,,,,,,,,,,,,,,,,,,,,,,,,,,,,,,,,,,,,,,,,,,,,,,,,,,,,,,,,,,,,,,,,,,,,,,,,,,,,,,,,,,,,,,,,,,
AquaticAnimal/m57_rm.obj,AquaticAnimal,cosine,neutral,AquaticAnimal,AquaticAnimal,Starship,Violin,Starship,Violin,Humanoid,Violin,Humanoid,Violin,Violin,Jet,Tool,Humanoid,Jet,Jet,Violin,AquaticAnimal,Starship,AquaticAnimal,SubmachineGun,Humanoid,AquaticAnimal,Gun,Guitar,Gun,Humanoid,Monoplane,,,,,,,,,,,,,,,,,,,,,,,,,,,,,,,,,,,,,,,,,,,,,,,,,,,,,,,,,,,,,,,,,,,,,,,,,,,,,,,,,,,,,,,,,,,,,,,,,,,,,,,,,,,,,,,,,,
AquaticAnimal/m57_rm.obj,AquaticAnimal,manhattan,neutral,AquaticAnimal,AquaticAnimal,Starship,Violin,Violin,Humanoid,Humanoid,Starship,Musical_Instrument,Tool,Violin,Violin,Violin,Humanoid,Violin,Humanoid,Humanoid,Humanoid,Humanoid,SubmachineGun,Violin,Humanoid,Jet,Starship,Humanoid,Violin,AquaticAnimal,Humanoid,,,,,,,,,,,,,,,,,,,,,,,,,,,,,,,,,,,,,,,,,,,,,,,,,,,,,,,,,,,,,,,,,,,,,,,,,,,,,,,,,,,,,,,,,,,,,,,,,,,,,,,,,,,,,,,,,,
AquaticAnimal/m57_rm.obj,AquaticAnimal,manhattan+chi-squared,neutral,AquaticAnimal,AquaticAnimal,Starship,Starship,Humanoid,Violin,SubmachineGun,Gun,Starship,Violin,Humanoid,AquaticAnimal,Violin,Violin,SubmachineGun,Tool,Humanoid,Violin,Jet,Musical_Instrument,Humanoid,Humanoid,Violin,Starship,AquaticAnimal,SubmachineGun,Jet,Humanoid,,,,,,,,,,,,,,,,,,,,,,,,,,,,,,,,,,,,,,,,,,,,,,,,,,,,,,,,,,,,,,,,,,,,,,,,,,,,,,,,,,,,,,,,,,,,,,,,,,,,,,,,,,,,,,,,,,
AquaticAnimal/m57_rm.obj,AquaticAnimal,manhattan+emd,neutral,AquaticAnimal,AquaticAnimal,Violin,Violin,Violin,Starship,Musical_Instrument,SubmachineGun,Starship,Bird,Humanoid,Bird,Guitar,SubmachineGun,Gun,Starship,Bird,Humanoid,SubmachineGun,Violin,Humanoid,Musical_Instrument,Violin,Humanoid,Violin,Humanoid,Humanoid,Humanoid,,,,,,,,,,,,,,,,,,,,,,,,,,,,,,,,,,,,,,,,,,,,,,,,,,,,,,,,,,,,,,,,,,,,,,,,,,,,,,,,,,,,,,,,,,,,,,,,,,,,,,,,,,,,,,,,,,
AquaticAnimal/m57_rm.obj,AquaticAnimal,manhattan+kullback-leibler,neutral,AquaticAnimal,AquaticAnimal,Starship,Starship,SubmachineGun,AquaticAnimal,Gun,SubmachineGun,Violin,Jet,Starship,Violin,AquaticAnimal,Violin,Humanoid,Humanoid,SubmachineGun,Humanoid,Jet,Helicopter,AquaticAnimal,Jet,AquaticAnimal,Humanoid,Humanoid,Violin,AquaticAnimal,Knife,,,,,,,,,,,,,,,,,,,,,,,,,,,,,,,,,,,,,,,,,,,,,,,,,,,,,,,,,,,,,,,,,,,,,,,,,,,,,,,,,,,,,,,,,,,,,,,,,,,,,,,,,,,,,,,,,,
AquaticAnimal/m57_rm.obj,AquaticAnimal,knn,neutral,AquaticAnimal,Starship,Musical_Instrument,Violin,Violin,Violin,Violin,Tool,Starship,Violin,Starship,Guitar,ComputerKeyboard,AquaticAnimal,Jet,Ship,Guitar,Starship,Musical_Instrument,ComputerKeyboard,ComputerKeyboard,Tool,Violin,Gun,ComputerKeyboard,Tool,Spoon,Violin,,,,,,,,,,,,,,,,,,,,,,,,,,,,,,,,,,,,,,,,,,,,,,,,,,,,,,,,,,,,,,,,,,,,,,,,,,,,,,,,,,,,,,,,,,,,,,,,,,,,,,,,,,,,,,,,,,
Bed/D00322_rm.obj,Bed,euclidean,neutral,MultiSeat,Bed,Bed,Bed,MultiSeat,TruckNonContainer,ClassicPiano,Truck,RectangleTable,TruckNonContainer,MultiSeat,RectangleTable,Car,Bus,Car,MultiSeat,Car,TruckNonContainer,MultiSeat,Humanoid,Quadruped,Quadruped,TruckNonContainer,MultiSeat,Musical_Instrument,Truck,,,,,,,,,,,,,,,,,,,,,,,,,,,,,,,,,,,,,,,,,,,,,,,,,,,,,,,,,,,,,,,,,,,,,,,,,,,,,,,,,,,,,,,,,,,,,,,,,,,,,,,,,,,,,,,,,,,,
Bed/D00322_rm.obj,Bed,cosine,neutral,Bed,Bed,MultiSeat,Bed,MultiSeat,TruckNonContainer,Truck,Bed,TruckNonContainer,Car,MultiSeat,Humanoid,Car,MultiSeat,Bus,Car,RectangleTable,MultiSeat,Car,RectangleTable,ClassicPiano,RectangleTable,Car,Truck,MultiSeat,MultiSeat,,,,,,,,,,,,,,,,,,,,,,,,,,,,,,,,,,,,,,,,,,,,,,,,,,,,,,,,,,,,,,,,,,,,,,,,,,,,,,,,,,,,,,,,,,,,,,,,,,,,,,,,,,,,,,,,,,,,
Bed/D00322_rm.obj,Bed,manhattan,neutral,MultiSeat,Bed,Bed,Bed,MultiSeat,MultiSeat,TruckNonContainer,TruckNonContainer,ClassicPiano,RectangleTable,Truck,MultiSeat,Car,MultiSeat,Car,RectangleTable,MultiSeat,Car,Car,Car,Bus,MultiSeat,Truck,Humanoid,Bus,Truck,,,,,,,,,,,,,,,,,,,,,,,,,,,,,,,,,,,,,,,,,,,,,,,,,,,,,,,,,,,,,,,,,,,,,,,,,,,,,,,,,,,,,,,,,,,,,,,,,,,,,,,,,,,,,,,,,,,,
Bed/D00322_rm.obj,Bed,manhattan+chi-squared,neutral,MultiSeat,Bed,MultiSeat,Bed,Bed,ClassicPiano,RectangleTable,MultiSeat,Bus,MultiSeat,RectangleTable,TruckNonContainer,Truck,TruckNonContainer,MultiSeat,Bicycle,MultiSeat,Truck,Quadruped,Humanoid,Car,Quadruped,Gun,MultiSeat,TruckNonContainer,Monitor,,,,,,,,,,,,,,,,,,,,,,,,,,,,,,,,,,,,,,,,,,,,,,,,,,,,,,,,,,,,,,,,,,,,,,,,,,,,,,,,,,,,,,,,,,,,,,,,,,,,,,,,,,,,,,,,,,,,
Bed/D00322_rm.obj,Bed,manhattan+emd,neutral,MultiSeat,Bed,MultiSeat,RectangleTable,MultiSeat,MultiSeat,Bed,Bed,MultiSeat,Humanoid,Car,ClassicPiano,TruckNonContainer,Bus,Cellphone,TruckNonContainer,Bicycle,MultiSeat,Humanoid,Humanoid,Shelf,Gun,Biplane,MultiSeat,Gun,Humanoid,,,,,,,,,,,,,,,,,,,,,,,,,,,,,,,,,,,,,,,,,,,,,,,,,,,,,,,,,,,,,,,,,,,,,,,,,,,,,,,,,,,,,,,,,,,,,,,,,,,,,,,,,,,,,,,,,,,,
Bed/D00322_rm.obj,Bed,manhattan+kullback-leibler,neutral,Bed,MultiSeat,Bed,MultiSeat,Bed,MultiSeat,ClassicPiano,RectangleTable,MultiSeat,TruckNonContainer,Truck,Bus,TruckNonContainer,RectangleTable,MultiSeat,MultiSeat,Car,Bicycle,Truck,TruckNonContainer,Humanoid,Car,MultiSeat,TruckNonContainer,MultiSeat,Car,,,,,,,,,,,,,,,,,,,,,,,,,,,,,,,,,,,,,,,,,,,,,,,,,,,,,,,,,,,,,,,,,,,,,,,,,,,,,,,,,,,,,,,,,,,,,,,,,,,,,,,,,,,,,,,,,,,,
Bed/D00322_rm.obj,Bed,knn,neutral,Bed,MultiSeat,Bed,Bed,MultiSeat,Truck,TruckNonContainer,TruckNonContainer,ClassicPiano,RectangleTable,Car,Car,Car,Bus,Humanoid,RectangleTable,MultiSeat,Car,Quadruped,TruckNonContainer,MultiSeat,TruckNonContainer,Quadruped,TruckNonContainer,Truck,Car,,,,,,,,,,,,,,,,,,,,,,,,,,,,,,,,,,,,,,,,,,,,,,,,,,,,,,,,,,,,,,,,,,,,,,,,,,,,,,,,,,,,,,,,,,,,,,,,,,,,,,,,,,,,,,,,,,,,
Bed/D00417_rm.obj,Bed,euclidean,neutral,Bed,Bed,MultiSeat,Bed,Bed,MultiSeat,MultiSeat,Hand,Bus,Car,Hand,MultiSeat,Shelf,MultiSeat,Shelf,ClassicPiano,Bed,DeskPhone,MilitaryVehicle,MultiSeat,ClassicPiano,Shelf,TruckNonContainer,Bookset,RectangleTable,ClassicPiano,,,,,,,,,,,,,,,,,,,,,,,,,,,,,,,,,,,,,,,,,,,,,,,,,,,,,,,,,,,,,,,,,,,,,,,,,,,,,,,,,,,,,,,,,,,,,,,,,,,,,,,,,,,,,,,,,,,,
Bed/D00417_rm.obj,Bed,cosine,neutral,Bed,Bed,Bed,PianoBoard,MultiSeat,Shelf,MultiSeat,Monitor,Bed,Shelf,City,Truck,Bed,Bed,Bus,RectangleTable,Shelf,RectangleTable,MilitaryVehicle,Bookset,MultiSeat,Shelf,Shelf,Shelf,Shelf,Shelf,,,,,,,,,,,,,,,,,,,,,,,,,,,,,,,,,,,,,,,,,,,,,,,,,,,,,,,,,,,,,,,,,,,,,,,,,,,,,,,,,,,,,,,,,,,,,,,,,,,,,,,,,,,,,,,,,,,,
Bed/D00417_rm.obj,Bed,manhattan,neutral,Bed,Bed,Bed,MultiSeat,Shelf,Shelf,MultiSeat,Shelf,RectangleTable,Bed,Monitor,Bus,Shelf,Car,MilitaryVehicle,Shelf,Hand,Shelf,MultiSeat,MultiSeat,Shelf,Shelf,Bed,Hand,MultiSeat,Shelf,,,,,,,,,,,,,,,,,,,,,,,,,,,,,,,,,,,,,,,,,,,,,,,,,,,,,,,,,,,,,,,,,,,,,,,,,,,,,,,,,,,,,,,,,,,,,,,,,,,,,,,,,,,,,,,,,,,,
Bed/D00417_rm.obj,Bed,manhattan+chi-squared,neutral,Bed,MultiSeat,Bed,Bed,Shelf,RectangleTable,Shelf,MultiSeat,Chess,Bed,PianoBoard,Hand,Bus,Shelf,Bed,MultiSeat,ClassicPiano,Hand,Shelf,MilitaryVehicle,MultiSeat,MultiSeat,DeskPhone,ClassicPiano,MultiSeat,Bookset,,,,,,,,,,,,,,,,,,,,,,,,,,,,,,,,,,,,,,,,,,,,,,,,,,,,,,,,,,,,,,,,,,,,,,,,,,,,,,,,,,,,,,,,,,,,,,,,,,,,,,,,,,,,,,,,,,,,
Bed/D00417_rm.obj,Bed,manhattan+emd,neutral,Bed,Bed,Bed,Monitor,Shelf,Bed,Shelf,Shelf,Shelf,Shelf,Sign,Shelf,Shelf,Shelf,Apartment,RectangleTable,City,Shelf,RectangleTable,Car,Chess,Shelf,Shelf,Shelf,Bed,Wheel,,,,,,,,,,,,,,,,,,,,,,,,,,,,,,,,,,,,,,,,,,,,,,,,,,,,,,,,,,,,,,,,,,,,,,,,,,,,,,,,,,,,,,,,,,,,,,,,,,,,,,,,,,,,,,,,,,,,
Bed/D00417_rm.obj,Bed,manhattan+kullback-leibler,neutral,Bed,Bed,Bed,Shelf,Shelf,Bed,MultiSeat,Shelf,PianoBoard,MilitaryVehicle,Shelf,Chess,Bed,RectangleTable,Shelf,MultiSeat,Shelf,Shelf,Shelf,Shelf,Shelf,RectangleTable,Shelf,Bookset,Shelf,Bus,,,,,,,,,,,,,,,,,,,,,,,,,,,,,,,,,,,,,,,,,,,,,,,,,,,,,,,,,,,,,,,,,,,,,,,,,,,,,,,,,,,,,,,,,,,,,,,,,,,,,,,,,,,,,,,,,,,,
Bed/D00417_rm.obj,Bed,knn,neutral,Bed,Bed,MultiSeat,Bed,Bed,Bus,MultiSeat,Hand,MultiSeat,MultiSeat,Hand,MultiSeat,Car,Bed,Bookset,TruckNonContainer,MultiSeat,RectangleTable,MilitaryVehicle,Truck,DeskPhone,Shelf,Shelf,ClassicPiano,DeskPhone,ClassicPiano,,,,,,,,,,,,,,,,,,,,,,,,,,,,,,,,,,,,,,,,,,,,,,,,,,,,,,,,,,,,,,,,,,,,,,,,,,,,,,,,,,,,,,,,,,,,,,,,,,,,,,,,,,,,,,,,,,,,
Bed/D00538_rm.obj,Bed,euclidean,neutral,Insect,Bed,Bed,BuildingNonResidential,RectangleTable,NonWheelChair,RectangleTable,Bed,PlantIndoors,Monitor,RectangleTable,NonWheelChair,MultiSeat,Bed,PlantIndoors,PianoBoard,ClassicPiano,Tree,Bed,Monitor,RectangleTable,ClassicPiano,Computer,Tree,NonWheelChair,ClassicPiano,,,,,,,,,,,,,,,,,,,,,,,,,,,,,,,,,,,,,,,,,,,,,,,,,,,,,,,,,,,,,,,,,,,,,,,,,,,,,,,,,,,,,,,,,,,,,,,,,,,,,,,,,,,,,,,,,,,,
Bed/D00538_rm.obj,Bed,cosine,neutral,MultiSeat,Monitor,MultiSeat,PianoBoard,Bed,Bed,Bed,Car,PianoBoard,Cup,MultiSeat,MultiSeat,RectangleTable,Insect,Shelf,NonWheelChair,Chess,Computer,Chess,House,Vase,Tree,Computer,Computer,RoundTable,RectangleTable,,,,,,,,,,,,,,,,,,,,,,,,,,,,,,,,,,,,,,,,,,,,,,,,,,,,,,,,,,,,,,,,,,,,,,,,,,,,,,,,,,,,,,,,,,,,,,,,,,,,,,,,,,,,,,,,,,,,
Bed/D00538_rm.obj,Bed,manhattan,neutral,Monitor,RectangleTable,RectangleTable,Bed,RectangleTable,Bed,Bed,MultiSeat,Bed,Bed,Bed,PianoBoard,Monitor,Insect,PianoBoard,Cup,RectangleTable,ClassicPiano,Bed,MultiSeat,Car,PlantIndoors,RectangleTable,ClassicPiano,NonWheelChair,MultiSeat,,,,,,,,,,,,,,,,,,,,,,,,,,,,,,,,,,,,,,,,,,,,,,,,,,,,,,,,,,,,,,,,,,,,,,,,,,,,,,,,,,,,,,,,,,,,,,,,,,,,,,,,,,,,,,,,,,,,
Bed/D00538_rm.obj,Bed,manhattan+chi-squared,neutral,Insect,Bed,Bed,NonWheelChair,BuildingNonResidential,Bed,RectangleTable,PlantIndoors,RectangleTable,NonWheelChair,RectangleTable,Monitor,PlantIndoors,MultiSeat,Tree,Bed,ClassicPiano,Monitor,PianoBoard,Bed,Tree,NonWheelChair,Computer,ClassicPiano,RectangleTable,Chess,,,,,,,,,,,,,,,,,,,,,,,,,,,,,,,,,,,,,,,,,,,,,,,,,,,,,,,,,,,,,,,,,,,,,,,,,,,,,,,,,,,,,,,,,,,,,,,,,,,,,,,,,,,,,,,,,,,,
Bed/D00538_rm.obj,Bed,manhattan+emd,neutral,Monitor,RectangleTable,RectangleTable,Bed,Bed,RectangleTable,Bed,Bed,Bed,PianoBoard,RectangleTable,MultiSeat,Monitor,MultiSeat,Bed,Bed,Shelf,Bed,Shelf,MultiSeat,ClassicPiano,MultiSeat,PianoBoard,MultiSeat,MultiSeat,Monitor,,,,,,,,,,,,,,,,,,,,,,,,,,,,,,,,,,,,,,,,,,,,,,,,,,,,,,,,,,,,,,,,,,,,,,,,,,,,,,,,,,,,,,,,,,,,,,,,,,,,,,,,,,,,,,,,,,,,
Bed/D00538_rm.obj,Bed,manhattan+kullback-leibler,neutral,Bed,Bed,RectangleTable,Insect,Bed,Monitor,RectangleTable,Bed,RectangleTable,Bed,PianoBoard,MultiSeat,Monitor,NonWheelChair,RectangleTable,ClassicPiano,Bed,Cup,NonWheelChair,PianoBoard,NonWheelChair,Chess,Insect,PlantIndoors,RectangleTable,Tree,,,,,,,,,,,,,,,,,,,,,,,,,,,,,,,,,,,,,,,,,,,,,,,,,,,,,,,,,,,,,,,,,,,,,,,,,,,,,,,,,,,,,,,,,,,,,,,,,,,,,,,,,,,,,,,,,,,,
Bed/D00538_rm.obj,Bed,knn,neutral,Insect,Bed,Bed,Monitor,NonWheelChair,BuildingNonResidential,Bed,NonWheelChair,PlantIndoors,Tree,RectangleTable,Bed,RectangleTable,RectangleTable,ClassicPiano,RectangleTable,ClassicPiano,NonWheelChair,Monitor,Tree,PlantIndoors,Computer,ClassicPiano,Chess,RectangleTable,Cup,,,,,,,,,,,,,,,,,,,,,,,,,,,,,,,,,,,,,,,,,,,,,,,,,,,,,,,,,,,,,,,,,,,,,,,,,,,,,,,,,,,,,,,,,,,,,,,,,,,,,,,,,,,,,,,,,,,,
Bed/D00735_rm.obj,Bed,euclidean,neutral,MultiSeat,MultiSeat,MultiSeat,RectangleTable,TruckNonContainer,Hat,Chess,NonWheelChair,Chess,Chess,ClassicPiano,MultiSeat,DeskPhone,Computer,MultiSeat,Chess,RectangleTable,Ship,ClassicPiano,Quadruped,NonWheelChair,Apartment,Chess,NonWheelChair,Quadruped,Car,,,,,,,,,,,,,,,,,,,,,,,,,,,,,,,,,,,,,,,,,,,,,,,,,,,,,,,,,,,,,,,,,,,,,,,,,,,,,,,,,,,,,,,,,,,,,,,,,,,,,,,,,,,,,,,,,,,,
Bed/D00735_rm.obj,Bed,cosine,neutral,MultiSeat,MultiSeat,Apartment,MultiSeat,MultiSeat,DeskPhone,Cup,PlantIndoors,Shelf,Shelf,TruckNonContainer,House,House,Vase,Monitor,Truck,TruckNonContainer,MultiSeat,MultiSeat,Car,Car,Car,RectangleTable,RectangleTable,Shelf,Quadruped,,,,,,,,,,,,,,,,,,,,,,,,,,,,,,,,,,,,,,,,,,,,,,,,,,,,,,,,,,,,,,,,,,,,,,,,,,,,,,,,,,,,,,,,,,,,,,,,,,,,,,,,,,,,,,,,,,,,
Bed/D00735_rm.obj,Bed,manhattan,neutral,MultiSeat,MultiSeat,MultiSeat,Bed,RectangleTable,PianoBoard,Apartment,Bed,DeskPhone,Shelf,RectangleTable,PianoBoard,Bed,Chess,TruckNonContainer,MultiSeat,Bed,MultiSeat,PlantIndoors,Chess,Shelf,RectangleTable,Shelf,Chess,Shelf,Car,,,,,,,,,,,,,,,,,,,,,,,,,,,,,,,,,,,,,,,,,,,,,,,,,,,,,,,,,,,,,,,,,,,,,,,,,,,,,,,,,,,,,,,,,,,,,,,,,,,,,,,,,,,,,,,,,,,,
Bed/D00735_rm.obj,Bed,manhattan+chi-squared,neutral,MultiSeat,RectangleTable,MultiSeat,MultiSeat,Chess,Hat,TruckNonContainer,Chess,Chess,NonWheelChair,DeskPhone,Computer,Chess,Shelf,ClassicPiano,MultiSeat,Ship,RectangleTable,MultiSeat,PlantIndoors,ClassicPiano,Quadruped,Chess,Car,NonWheelChair,RectangleTable,,,,,,,,,,,,,,,,,,,,,,,,,,,,,,,,,,,,,,,,,,,,,,,,,,,,,,,,,,,,,,,,,,,,,,,,,,,,,,,,,,,,,,,,,,,,,,,,,,,,,,,,,,,,,,,,,,,,
Bed/D00735_rm.obj,Bed,manhattan+emd,neutral,RectangleTable,Bed,Bed,Bed,RectangleTable,Shelf,Shelf,PianoBoard,MultiSeat,MultiSeat,Wheel,Shelf,MultiSeat,Apartment,Monitor,Monitor,Shelf,Shelf,Shelf,RectangleTable,Bed,RectangleTable,Shelf,DeskPhone,PlantIndoors,Bed,,,,,,,,,,,,,,,,,,,,,,,,,,,,,,,,,,,,,,,,,,,,,,,,,,,,,,,,,,,,,,,,,,,,,,,,,,,,,,,,,,,,,,,,,,,,,,,,,,,,,,,,,,,,,,,,,,,,
Bed/D00735_rm.obj,Bed,manhattan+kullback-leibler,neutral,MultiSeat,RectangleTable,MultiSeat,MultiSeat,DeskPhone,Shelf,PlantIndoors,PianoBoard,Chess,Chess,Bed,Chess,Chess,RectangleTable,Shelf,RectangleTable,RectangleTable,Insect,TruckNonContainer,Apartment,MultiSeat,Car,Monitor,Chess,PianoBoard,Chess,,,,,,,,,,,,,,,,,,,,,,,,,,,,,,,,,,,,,,,,,,,,,,,,,,,,,,,,,,,,,,,,,,,,,,,,,,,,,,,,,,,,,,,,,,,,,,,,,,,,,,,,,,,,,,,,,,,,
Bed/D00735_rm.obj,Bed,knn,neutral,MultiSeat,MultiSeat,TruckNonContainer,RectangleTable,MultiSeat,DeskPhone,MultiSeat,Chess,NonWheelChair,Hat,MultiSeat,Chess,PlantIndoors,Chess,RectangleTable,ClassicPiano,Chess,ClassicPiano,Apartment,Quadruped,NonWheelChair,Computer,Quadruped,Chess,Insect,Chess,,,,,,,,,,,,,,,,,,,,,,,,,,,,,,,,,,,,,,,,,,,,,,,,,,,,,,,,,,,,,,,,,,,,,,,,,,,,,,,,,,,,,,,,,,,,,,,,,,,,,,,,,,,,,,,,,,,,
Bed/D00988_rm.obj,Bed,euclidean,neutral,Bed,Bed,Bed,Bed,MultiSeat,MilitaryVehicle,MultiSeat,Shelf,Shelf,Shelf,Bus,Monitor,PianoBoard,MultiSeat,Shelf,MultiSeat,Truck,RectangleTable,MultiSeat,DeskPhone,PianoBoard,Shelf,Computer,Sign,Hand,BuildingNonResidential,,,,,,,,,,,,,,,,,,,,,,,,,,,,,,,,,,,,,,,,,,,,,,,,,,,,,,,,,,,,,,,,,,,,,,,,,,,,,,,,,,,,,,,,,,,,,,,,,,,,,,,,,,,,,,,,,,,,
Bed/D00988_rm.obj,Bed,cosine,neutral,Bed,PianoBoard,Bed,MultiSeat,Bed,MultiSeat,Shelf,Bed,Bed,Monitor,Shelf,Truck,Shelf,RectangleTable,Bed,Shelf,Bus,MultiSeat,Shelf,Bookset,Shelf,MilitaryVehicle,Car,Bed,City,Shelf,,,,,,,,,,,,,,,,,,,,,,,,,,,,,,,,,,,,,,,,,,,,,,,,,,,,,,,,,,,,,,,,,,,,,,,,,,,,,,,,,,,,,,,,,,,,,,,,,,,,,,,,,,,,,,,,,,,,
Bed/D00988_rm.obj,Bed,manhattan,neutral,Bed,Bed,Bed,Monitor,Bed,PianoBoard,MultiSeat,Shelf,Shelf,MultiSeat,Shelf,MilitaryVehicle,Shelf,Shelf,Bus,Shelf,Shelf,MultiSeat,Truck,MultiSeat,MultiSeat,MultiSeat,Apartment,Bed,Shelf,Shelf,,,,,,,,,,,,,,,,,,,,,,,,,,,,,,,,,,,,,,,,,,,,,,,,,,,,,,,,,,,,,,,,,,,,,,,,,,,,,,,,,,,,,,,,,,,,,,,,,,,,,,,,,,,,,,,,,,,,
Bed/D00988_rm.obj,Bed,manhattan+chi-squared,neutral,Bed,Bed,Bed,Bed,MilitaryVehicle,Shelf,Shelf,MultiSeat,PianoBoard,MultiSeat,Shelf,Shelf,Shelf,Computer,Sign,Bus,RectangleTable,Monitor,Shelf,RectangleTable,Shelf,Humanoid,MultiSeat,Shelf,DeskPhone,PianoBoard,,,,,,,,,,,,,,,,,,,,,,,,,,,,,,,,,,,,,,,,,,,,,,,,,,,,,,,,,,,,,,,,,,,,,,,,,,,,,,,,,,,,,,,,,,,,,,,,,,,,,,,,,,,,,,,,,,,,
Bed/D00988_rm.obj,Bed,manhattan+emd,neutral,Bed,Monitor,Bed,Bed,Shelf,Bed,Shelf,Sign,Shelf,RectangleTable,Shelf,MultiSeat,Shelf,Shelf,Shelf,RectangleTable,Shelf,Bed,Shelf,Wheel,Shelf,PianoBoard,Shelf,Car,Shelf,RectangleTable,,,,,,,,,,,,,,,,,,,,,,,,,,,,,,,,,,,,,,,,,,,,,,,,,,,,,,,,,,,,,,,,,,,,,,,,,,,,,,,,,,,,,,,,,,,,,,,,,,,,,,,,,,,,,,,,,,,,
Bed/D00988_rm.obj,Bed,manhattan+kullback-leibler,neutral,Bed,Bed,Bed,Bed,Shelf,Shelf,MilitaryVehicle,Shelf,Shelf,PianoBoard,MultiSeat,Monitor,Shelf,MultiSeat,Shelf,Sign,Shelf,Shelf,PianoBoard,Computer,RectangleTable,Shelf,Shelf,Apartment,RectangleTable,Humanoid,,,,,,,,,,,,,,,,,,,,,,,,,,,,,,,,,,,,,,,,,,,,,,,,,,,,,,,,,,,,,,,,,,,,,,,,,,,,,,,,,,,,,,,,,,,,,,,,,,,,,,,,,,,,,,,,,,,,
Bed/D00988_rm.obj,Bed,knn,neutral,Bed,Bed,Bed,MultiSeat,Bed,MilitaryVehicle,MultiSeat,Bus,Monitor,Shelf,Shelf,Truck,Shelf,Shelf,MultiSeat,MultiSeat,MultiSeat,PianoBoard,DeskPhone,Sign,Hand,Humanoid,Computer,ClassicPiano,BuildingNonResidential,Shelf,,,,,,,,,,,,,,,,,,,,,,,,,,,,,,,,,,,,,,,,,,,,,,,,,,,,,,,,,,,,,,,,,,,,,,,,,,,,,,,,,,,,,,,,,,,,,,,,,,,,,,,,,,,,,,,,,,,,
Bed/D00839_rm.obj,Bed,euclidean,neutral,RectangleTable,ClassicPiano,Bed,Bookset,Shelf,Shelf,MultiSeat,Shelf,PianoBoard,Chess,Bookset,Shelf,Bed,Apartment,ClassicPiano,Bookset,Car,Apartment,Hat,Shelf,RectangleTable,Apartment,Drum,Bookset,Cup,RectangleTable,,,,,,,,,,,,,,,,,,,,,,,,,,,,,,,,,,,,,,,,,,,,,,,,,,,,,,,,,,,,,,,,,,,,,,,,,,,,,,,,,,,,,,,,,,,,,,,,,,,,,,,,,,,,,,,,,,,,
Bed/D00839_rm.obj,Bed,cosine,neutral,Shelf,Bed,Bed,Shelf,ClassicPiano,Shelf,RectangleTable,PianoBoard,PianoBoard,Drum,Shelf,Bookset,Shelf,Bookset,Cup,RectangleTable,PianoBoard,Apartment,RectangleTable,Monitor,Drum,BuildingNonResidential,Car,Car,Chess,House,,,,,,,,,,,,,,,,,,,,,,,,,,,,,,,,,,,,,,,,,,,,,,,,,,,,,,,,,,,,,,,,,,,,,,,,,,,,,,,,,,,,,,,,,,,,,,,,,,,,,,,,,,,,,,,,,,,,
Bed/D00839_rm.obj,Bed,manhattan,neutral,Bed,RectangleTable,Shelf,ClassicPiano,Shelf,Shelf,MultiSeat,Bed,Bed,Shelf,Bed,Bed,Bookset,Bookset,PianoBoard,Shelf,Drum,MultiSeat,Car,RectangleTable,Bed,Apartment,Chess,Drum,MultiSeat,Monitor,,,,,,,,,,,,,,,,,,,,,,,,,,,,,,,,,,,,,,,,,,,,,,,,,,,,,,,,,,,,,,,,,,,,,,,,,,,,,,,,,,,,,,,,,,,,,,,,,,,,,,,,,,,,,,,,,,,,
Bed/D00839_rm.obj,Bed,manhattan+chi-squared,neutral,RectangleTable,Shelf,ClassicPiano,Bed,Shelf,Bookset,PianoBoard,Shelf,Chess,MultiSeat,Bookset,Shelf,Bed,ClassicPiano,Shelf,Apartment,RectangleTable,Hat,Bookset,Car,Cup,Drum,RectangleTable,Chess,Apartment,PlantIndoors,,,,,,,,,,,,,,,,,,,,,,,,,,,,,,,,,,,,,,,,,,,,,,,,,,,,,,,,,,,,,,,,,,,,,,,,,,,,,,,,,,,,,,,,,,,,,,,,,,,,,,,,,,,,,,,,,,,,
Bed/D00839_rm.obj,Bed,manhattan+emd,neutral,Shelf,Bed,Shelf,Bed,RectangleTable,Bed,Bed,Monitor,Bed,Shelf,Monitor,RectangleTable,Bed,Bed,MultiSeat,ClassicPiano,MultiSeat,MultiSeat,MultiSeat,Bed,Shelf,Wheel,PianoBoard,Shelf,MultiSeat,MultiSeat,,,,,,,,,,,,,,,,,,,,,,,,,,,,,,,,,,,,,,,,,,,,,,,,,,,,,,,,,,,,,,,,,,,,,,,,,,,,,,,,,,,,,,,,,,,,,,,,,,,,,,,,,,,,,,,,,,,,
Bed/D00839_rm.obj,Bed,manhattan+kullback-leibler,neutral,RectangleTable,Bed,Shelf,ClassicPiano,Shelf,PianoBoard,Shelf,Shelf,MultiSeat,Bed,Bookset,Shelf,Bed,Chess,Bed,Bookset,RectangleTable,Bed,PianoBoard,Cup,Drum,Apartment,Bookset,Chess,MultiSeat,Monitor,,,,,,,,,,,,,,,,,,,,,,,,,,,,,,,,,,,,,,,,,,,,,,,,,,,,,,,,,,,,,,,,,,,,,,,,,,,,,,,,,,,,,,,,,,,,,,,,,,,,,,,,,,,,,,,,,,,,
Bed/D00839_rm.obj,Bed,knn,neutral,RectangleTable,Bed,ClassicPiano,Bookset,Shelf,Shelf,Shelf,MultiSeat,Chess,PianoBoard,Car,Bookset,Bookset,PlantIndoors,Shelf,Cup,Bed,Drum,Bookset,Hat,ClassicPiano,Apartment,Chess,Apartment,RectangleTable,RectangleTable,,,,,,,,,,,,,,,,,,,,,,,,,,,,,,,,,,,,,,,,,,,,,,,,,,,,,,,,,,,,,,,,,,,,,,,,,,,,,,,,,,,,,,,,,,,,,,,,,,,,,,,,,,,,,,,,,,,,
Apartment/D00626_rm.obj,Apartment,euclidean,neutral,Quadruped,Quadruped,House,MilitaryVehicle,MilitaryVehicle,Train,Quadruped,Hand,Bird,Apartment,Hand,Truck,Quadruped,Car,Cellphone,Bus,Car,Bottle,House,Bird,Shelf,Car,,,,,,,,,,,,,,,,,,,,,,,,,,,,,,,,,,,,,,,,,,,,,,,,,,,,,,,,,,,,,,,,,,,,,,,,,,,,,,,,,,,,,,,,,,,,,,,,,,,,,,,,,,,,,,,,,,,,,,,,
Apartment/D00626_rm.obj,Apartment,cosine,neutral,House,MilitaryVehicle,Truck,Quadruped,Train,Car,Car,Quadruped,Quadruped,MilitaryVehicle,Hand,Quadruped,MilitaryVehicle,Shelf,Truck,Hand,Bird,Quadruped,TruckNonContainer,Car,MilitaryVehicle,House,,,,,,,,,,,,,,,,,,,,,,,,,,,,,,,,,,,,,,,,,,,,,,,,,,,,,,,,,,,,,,,,,,,,,,,,,,,,,,,,,,,,,,,,,,,,,,,,,,,,,,,,,,,,,,,,,,,,,,,,
Apartment/D00626_rm.obj,Apartment,manhattan,neutral,House,Train,Quadruped,MilitaryVehicle,Quadruped,MilitaryVehicle,Car,Quadruped,Hand,Hand,Truck,Bird,Bus,Apartment,Bottle,House,Quadruped,Quadruped,Car,Humanoid,Cellphone,Car,,,,,,,,,,,,,,,,,,,,,,,,,,,,,,,,,,,,,,,,,,,,,,,,,,,,,,,,,,,,,,,,,,,,,,,,,,,,,,,,,,,,,,,,,,,,,,,,,,,,,,,,,,,,,,,,,,,,,,,,
Apartment/D00626_rm.obj,Apartment,manhattan+chi-squared,neutral,Quadruped,Quadruped,MilitaryVehicle,Bird,Hand,Quadruped,Car,Quadruped,Train,Apartment,Truck,MilitaryVehicle,House,Hand,Car,Insect,Car,Bird,Shelf,TruckNonContainer,DeskPhone,Bottle,,,,,,,,,,,,,,,,,,,,,,,,,,,,,,,,,,,,,,,,,,,,,,,,,,,,,,,,,,,,,,,,,,,,,,,,,,,,,,,,,,,,,,,,,,,,,,,,,,,,,,,,,,,,,,,,,,,,,,,,
Apartment/D00626_rm.obj,Apartment,manhattan+emd,neutral,Car,Train,Truck,Quadruped,House,Car,Quadruped,House,Bird,MilitaryVehicle,Bus,Quadruped,Bottle,Bottle,Vase,Car,Quadruped,Train,WheelChair,PlantIndoors,Quadruped,TruckNonContainer,,,,,,,,,,,,,,,,,,,,,,,,,,,,,,,,,,,,,,,,,,,,,,,,,,,,,,,,,,,,,,,,,,,,,,,,,,,,,,,,,,,,,,,,,,,,,,,,,,,,,,,,,,,,,,,,,,,,,,,,
Apartment/D00626_rm.obj,Apartment,manhattan+kullback-leibler,neutral,MilitaryVehicle,Quadruped,Bird,Train,Quadruped,House,Hand,Quadruped,MilitaryVehicle,Hand,Apartment,Car,Car,Bird,Car,Quadruped,Truck,Bus,Car,Car,Quadruped,Car,,,,,,,,,,,,,,,,,,,,,,,,,,,,,,,,,,,,,,,,,,,,,,,,,,,,,,,,,,,,,,,,,,,,,,,,,,,,,,,,,,,,,,,,,,,,,,,,,,,,,,,,,,,,,,,,,,,,,,,,
Apartment/D00626_rm.obj,Apartment,knn,neutral,House,Quadruped,MilitaryVehicle,Quadruped,Train,MilitaryVehicle,Hand,Hand,Quadruped,Quadruped,Bird,Truck,Car,Apartment,Bottle,Bird,Humanoid,Car,DeskPhone,Car,Bus,Car,,,,,,,,,,,,,,,,,,,,,,,,,,,,,,,,,,,,,,,,,,,,,,,,,,,,,,,,,,,,,,,,,,,,,,,,,,,,,,,,,,,,,,,,,,,,,,,,,,,,,,,,,,,,,,,,,,,,,,,,
Bed/m945_rm.obj,Bed,euclidean,neutral,Bed,Bed,Tree,PlantIndoors,PlantIndoors,Insect,NonWheelChair,Tree,Car,MultiSeat,Bed,NonWheelChair,ClassicPiano,BuildingNonResidential,RectangleTable,PianoBoard,Bed,ClassicPiano,Bed,NonWheelChair,Chess,Apartment,Monitor,MultiSeat,RectangleTable,Bookset,,,,,,,,,,,,,,,,,,,,,,,,,,,,,,,,,,,,,,,,,,,,,,,,,,,,,,,,,,,,,,,,,,,,,,,,,,,,,,,,,,,,,,,,,,,,,,,,,,,,,,,,,,,,,,,,,,,,
Bed/m945_rm.obj,Bed,cosine,neutral,Car,MultiSeat,Bed,House,Tree,Bed,Vase,MultiSeat,MultiSeat,Chess,Computer,Chess,Insect,PianoBoard,Vase,Bed,Computer,House,Computer,ClassicPiano,Chess,Monitor,Chess,Computer,Shelf,HumanHead,,,,,,,,,,,,,,,,,,,,,,,,,,,,,,,,,,,,,,,,,,,,,,,,,,,,,,,,,,,,,,,,,,,,,,,,,,,,,,,,,,,,,,,,,,,,,,,,,,,,,,,,,,,,,,,,,,,,
Bed/m945_rm.obj,Bed,manhattan,neutral,Bed,Bed,Car,MultiSeat,PlantIndoors,PlantIndoors,Tree,Bed,Insect,ClassicPiano,MultiSeat,NonWheelChair,Bed,Bed,RectangleTable,Tree,MultiSeat,ClassicPiano,Monitor,Bookset,Chess,NonWheelChair,PianoBoard,ClassicPiano,BuildingNonResidential,Monitor,,,,,,,,,,,,,,,,,,,,,,,,,,,,,,,,,,,,,,,,,,,,,,,,,,,,,,,,,,,,,,,,,,,,,,,,,,,,,,,,,,,,,,,,,,,,,,,,,,,,,,,,,,,,,,,,,,,,
Bed/m945_rm.obj,Bed,manhattan+chi-squared,neutral,Bed,Tree,Insect,Bed,PlantIndoors,PlantIndoors,Tree,NonWheelChair,NonWheelChair,Bed,MultiSeat,Car,PianoBoard,ClassicPiano,BuildingNonResidential,RectangleTable,Bed,NonWheelChair,ClassicPiano,Chess,Apartment,Monitor,Bed,Monitor,RectangleTable,PlantIndoors,,,,,,,,,,,,,,,,,,,,,,,,,,,,,,,,,,,,,,,,,,,,,,,,,,,,,,,,,,,,,,,,,,,,,,,,,,,,,,,,,,,,,,,,,,,,,,,,,,,,,,,,,,,,,,,,,,,,
Bed/m945_rm.obj,Bed,manhattan+emd,neutral,Bed,ClassicPiano,Car,Bed,MultiSeat,MultiSeat,MultiSeat,Car,Wheel,RectangleTable,Monitor,Bed,Bed,Shelf,Bed,Drum,Monitor,House,DeskLamp,Bed,Shelf,House,ClassicPiano,Bookset,Bookset,PlantIndoors,,,,,,,,,,,,,,,,,,,,,,,,,,,,,,,,,,,,,,,,,,,,,,,,,,,,,,,,,,,,,,,,,,,,,,,,,,,,,,,,,,,,,,,,,,,,,,,,,,,,,,,,,,,,,,,,,,,,
Bed/m945_rm.obj,Bed,manhattan+kullback-leibler,neutral,Bed,Insect,Bed,Tree,PlantIndoors,PlantIndoors,MultiSeat,NonWheelChair,Car,Bed,Tree,NonWheelChair,PianoBoard,RectangleTable,ClassicPiano,Bed,Chess,BuildingNonResidential,Monitor,Monitor,NonWheelChair,MultiSeat,Bed,Bookset,Bookset,PlantIndoors,,,,,,,,,,,,,,,,,,,,,,,,,,,,,,,,,,,,,,,,,,,,,,,,,,,,,,,,,,,,,,,,,,,,,,,,,,,,,,,,,,,,,,,,,,,,,,,,,,,,,,,,,,,,,,,,,,,,
Bed/m945_rm.obj,Bed,knn,neutral,Bed,Tree,Bed,PlantIndoors,PlantIndoors,Tree,NonWheelChair,Insect,Bed,NonWheelChair,MultiSeat,Car,BuildingNonResidential,ClassicPiano,PianoBoard,RectangleTable,NonWheelChair,Bed,PlantIndoors,RectangleTable,PlantIndoors,Bookset,Apartment,PlantIndoors,Chess,ClassicPiano,,,,,,,,,,,,,,,,,,,,,,,,,,,,,,,,,,,,,,,,,,,,,,,,,,,,,,,,,,,,,,,,,,,,,,,,,,,,,,,,,,,,,,,,,,,,,,,,,,,,,,,,,,,,,,,,,,,,
Bed/m946_rm.obj,Bed,euclidean,neutral,Bed,Bed,Bed,Bed,ClassicPiano,MultiSeat,RectangleTable,NonWheelChair,MultiSeat,ClassicPiano,PianoBoard,RectangleTable,WheelChair,WheelChair,NonWheelChair,MultiSeat,WheelChair,NonWheelChair,NonWheelChair,NonWheelChair,RectangleTable,Bed,TruckNonContainer,ClassicPiano,Insect,MultiSeat,,,,,,,,,,,,,,,,,,,,,,,,,,,,,,,,,,,,,,,,,,,,,,,,,,,,,,,,,,,,,,,,,,,,,,,,,,,,,,,,,,,,,,,,,,,,,,,,,,,,,,,,,,,,,,,,,,,,
Bed/m946_rm.obj,Bed,cosine,neutral,Bed,Bed,Bed,Bed,Bed,RectangleTable,PianoBoard,Bed,MultiSeat,MultiSeat,Bed,MultiSeat,MultiSeat,MultiSeat,Bed,RectangleTable,Car,Truck,Bed,Car,TruckNonContainer,MultiSeat,MultiSeat,House,RectangleTable,PianoBoard,,,,,,,,,,,,,,,,,,,,,,,,,,,,,,,,,,,,,,,,,,,,,,,,,,,,,,,,,,,,,,,,,,,,,,,,,,,,,,,,,,,,,,,,,,,,,,,,,,,,,,,,,,,,,,,,,,,,
Bed/m946_rm.obj,Bed,manhattan,neutral,Bed,Bed,Bed,RectangleTable,Bed,PianoBoard,RectangleTable,MultiSeat,MultiSeat,Bed,RectangleTable,RectangleTable,Truck,PianoBoard,TruckNonContainer,Bed,Bed,Computer,MultiSeat,ClassicPiano,Bed,TruckNonContainer,Bed,Car,Bed,MultiSeat,,,,,,,,,,,,,,,,,,,,,,,,,,,,,,,,,,,,,,,,,,,,,,,,,,,,,,,,,,,,,,,,,,,,,,,,,,,,,,,,,,,,,,,,,,,,,,,,,,,,,,,,,,,,,,,,,,,,
Bed/m946_rm.obj,Bed,manhattan+chi-squared,neutral,Bed,Bed,RectangleTable,Bed,Bed,MultiSeat,ClassicPiano,PianoBoard,MultiSeat,MultiSeat,NonWheelChair,ClassicPiano,NonWheelChair,WheelChair,Computer,Humanoid,RectangleTable,MilitaryVehicle,WheelChair,Insect,ClassicPiano,NonWheelChair,Bus,RectangleTable,NonWheelChair,TruckNonContainer,,,,,,,,,,,,,,,,,,,,,,,,,,,,,,,,,,,,,,,,,,,,,,,,,,,,,,,,,,,,,,,,,,,,,,,,,,,,,,,,,,,,,,,,,,,,,,,,,,,,,,,,,,,,,,,,,,,,
Bed/m946_rm.obj,Bed,manhattan+emd,neutral,Bed,RectangleTable,RectangleTable,Bed,PianoBoard,PianoBoard,MultiSeat,Bed,RectangleTable,MultiSeat,MultiSeat,Bed,Car,House,RectangleTable,RectangleTable,RectangleTable,Truck,Bed,TruckNonContainer,RectangleTable,Chess,Bed,Computer,MultiSeat,Chess,,,,,,,,,,,,,,,,,,,,,,,,,,,,,,,,,,,,,,,,,,,,,,,,,,,,,,,,,,,,,,,,,,,,,,,,,,,,,,,,,,,,,,,,,,,,,,,,,,,,,,,,,,,,,,,,,,,,
Bed/m946_rm.obj,Bed,manhattan+kullback-leibler,neutral,Bed,Bed,RectangleTable,Bed,Bed,MultiSeat,MultiSeat,PianoBoard,RectangleTable,RectangleTable,Computer,ClassicPiano,MilitaryVehicle,MultiSeat,Bed,PianoBoard,Bus,Humanoid,Bed,TruckNonContainer,Bookset,Car,Truck,Computer,Shelf,Sign,,,,,,,,,,,,,,,,,,,,,,,,,,,,,,,,,,,,,,,,,,,,,,,,,,,,,,,,,,,,,,,,,,,,,,,,,,,,,,,,,,,,,,,,,,,,,,,,,,,,,,,,,,,,,,,,,,,,
Bed/m946_rm.obj,Bed,knn,neutral,Bed,Bed,Bed,MultiSeat,Bed,MultiSeat,ClassicPiano,RectangleTable,TruckNonContainer,MultiSeat,MultiSeat,PianoBoard,Truck,ClassicPiano,RectangleTable,Bus,Bed,WheelChair,ClassicPiano,ClassicPiano,NonWheelChair,NonWheelChair,WheelChair,TruckNonContainer,NonWheelChair,NonWheelChair,,,,,,,,,,,,,,,,,,,,,,,,,,,,,,,,,,,,,,,,,,,,,,,,,,,,,,,,,,,,,,,,,,,,,,,,,,,,,,,,,,,,,,,,,,,,,,,,,,,,,,,,,,,,,,,,,,,,
Bed/D00110_rm.obj,Bed,euclidean,neutral,PianoBoard,RectangleTable,Cup,Shelf,Shelf,BuildingNonResidential,Bed,Shelf,Car,Chess,MultiSeat,Bookset,RectangleTable,NonWheelChair,NonWheelChair,Bed,Shelf,BuildingNonResidential,MultiSeat,Glasses,Shelf,BuildingNonResidential,Chess,NonWheelChair,Bookset,Mug,,,,,,,,,,,,,,,,,,,,,,,,,,,,,,,,,,,,,,,,,,,,,,,,,,,,,,,,,,,,,,,,,,,,,,,,,,,,,,,,,,,,,,,,,,,,,,,,,,,,,,,,,,,,,,,,,,,,
Bed/D00110_rm.obj,Bed,cosine,neutral,Bed,Shelf,Shelf,RectangleTable,PianoBoard,Shelf,RectangleTable,Bed,PianoBoard,ClassicPiano,RectangleTable,Cup,PianoBoard,Shelf,Bookset,Drum,Monitor,Shelf,Drum,Bookset,BuildingNonResidential,Glasses,Apartment,Car,Chess,RectangleTable,,,,,,,,,,,,,,,,,,,,,,,,,,,,,,,,,,,,,,,,,,,,,,,,,,,,,,,,,,,,,,,,,,,,,,,,,,,,,,,,,,,,,,,,,,,,,,,,,,,,,,,,,,,,,,,,,,,,
Bed/D00110_rm.obj,Bed,manhattan,neutral,PianoBoard,Bed,Bed,RectangleTable,Shelf,Shelf,Bed,RectangleTable,MultiSeat,RectangleTable,Cup,Shelf,Shelf,MultiSeat,Shelf,Shelf,MultiSeat,Shelf,RectangleTable,Apartment,Bed,Car,Shelf,Monitor,Bed,DeskPhone,,,,,,,,,,,,,,,,,,,,,,,,,,,,,,,,,,,,,,,,,,,,,,,,,,,,,,,,,,,,,,,,,,,,,,,,,,,,,,,,,,,,,,,,,,,,,,,,,,,,,,,,,,,,,,,,,,,,
Bed/D00110_rm.obj,Bed,manhattan+chi-squared,neutral,PianoBoard,RectangleTable,Cup,Shelf,Shelf,Glasses,BuildingNonResidential,Bed,Shelf,Car,RectangleTable,Chess,MultiSeat,Bookset,Shelf,Shelf,Chess,MultiSeat,Drum,Shelf,Bed,NonWheelChair,NonWheelChair,Mug,Glasses,RectangleTable,,,,,,,,,,,,,,,,,,,,,,,,,,,,,,,,,,,,,,,,,,,,,,,,,,,,,,,,,,,,,,,,,,,,,,,,,,,,,,,,,,,,,,,,,,,,,,,,,,,,,,,,,,,,,,,,,,,,
Bed/D00110_rm.obj,Bed,manhattan+emd,neutral,Bed,Shelf,Shelf,RectangleTable,Bed,Shelf,Bed,Shelf,RectangleTable,RectangleTable,RectangleTable,PianoBoard,Chess,Bed,Bed,Wheel,Bed,Monitor,Glasses,Wheel,Bed,Apartment,Shelf,Shelf,Shelf,Wheel,,,,,,,,,,,,,,,,,,,,,,,,,,,,,,,,,,,,,,,,,,,,,,,,,,,,,,,,,,,,,,,,,,,,,,,,,,,,,,,,,,,,,,,,,,,,,,,,,,,,,,,,,,,,,,,,,,,,
Bed/D00110_rm.obj,Bed,manhattan+kullback-leibler,neutral,PianoBoard,Shelf,Bed,RectangleTable,Shelf,Shelf,Bed,Cup,RectangleTable,Shelf,Shelf,Glasses,Bed,Shelf,MultiSeat,MultiSeat,MultiSeat,Shelf,RectangleTable,RectangleTable,DeskPhone,Bed,PlantIndoors,BuildingNonResidential,Car,Drum,,,,,,,,,,,,,,,,,,,,,,,,,,,,,,,,,,,,,,,,,,,,,,,,,,,,,,,,,,,,,,,,,,,,,,,,,,,,,,,,,,,,,,,,,,,,,,,,,,,,,,,,,,,,,,,,,,,,
Bed/D00110_rm.obj,Bed,knn,neutral,PianoBoard,RectangleTable,Cup,Shelf,Shelf,Car,Shelf,BuildingNonResidential,Bed,MultiSeat,Chess,RectangleTable,Chess,Bed,Bookset,ClassicPiano,MultiSeat,Shelf,NonWheelChair,Mug,NonWheelChair,Glasses,RectangleTable,RectangleTable,NonWheelChair,BuildingNonResidential,,,,,,,,,,,,,,,,,,,,,,,,,,,,,,,,,,,,,,,,,,,,,,,,,,,,,,,,,,,,,,,,,,,,,,,,,,,,,,,,,,,,,,,,,,,,,,,,,,,,,,,,,,,,,,,,,,,,
AquaticAnimal/m66_rm.obj,AquaticAnimal,euclidean,neutral,Tree,Ship,Bird,Motorcycle,Train,Fish,Insect,Motorcycle,Hand,Quadruped,Quadruped,Humanoid,Car,Fish,Cellphone,MilitaryVehicle,Train,Hand,MilitaryVehicle,Hand,Quadruped,Motorcycle,Hand,MilitaryVehicle,Humanoid,TruckNonContainer,Ship,Hand,,,,,,,,,,,,,,,,,,,,,,,,,,,,,,,,,,,,,,,,,,,,,,,,,,,,,,,,,,,,,,,,,,,,,,,,,,,,,,,,,,,,,,,,,,,,,,,,,,,,,,,,,,,,,,,,,,
AquaticAnimal/m66_rm.obj,AquaticAnimal,cosine,neutral,Ship,Tree,Bird,Motorcycle,Train,Quadruped,Quadruped,Fish,Fish,Jet,MilitaryVehicle,Insect,Bottle,Hand,TruckNonContainer,Humanoid,MilitaryVehicle,Motorcycle,Spoon,Humanoid,Insect,Hand,Hand,Insect,MilitaryVehicle,Humanoid,Cellphone,MilitaryVehicle,,,,,,,,,,,,,,,,,,,,,,,,,,,,,,,,,,,,,,,,,,,,,,,,,,,,,,,,,,,,,,,,,,,,,,,,,,,,,,,,,,,,,,,,,,,,,,,,,,,,,,,,,,,,,,,,,,
AquaticAnimal/m66_rm.obj,AquaticAnimal,manhattan,neutral,Ship,Tree,Bird,Motorcycle,Train,Fish,Jet,Quadruped,Hand,Motorcycle,Insect,Quadruped,Cellphone,Fish,Hand,Hand,Hand,Car,Hand,TruckNonContainer,Humanoid,Motorcycle,PlantWildNonTree,Humanoid,Insect,MilitaryVehicle,House,Train,,,,,,,,,,,,,,,,,,,,,,,,,,,,,,,,,,,,,,,,,,,,,,,,,,,,,,,,,,,,,,,,,,,,,,,,,,,,,,,,,,,,,,,,,,,,,,,,,,,,,,,,,,,,,,,,,,
AquaticAnimal/m66_rm.obj,AquaticAnimal,manhattan+chi-squared,neutral,Ship,Tree,Bird,Hand,Fish,Train,Motorcycle,Bottle,Fish,TruckNonContainer,Quadruped,Helicopter,Fish,Quadruped,Hand,Hand,Insect,Humanoid,Motorcycle,AquaticAnimal,Car,Train,Cellphone,Jet,Hand,Quadruped,Hand,Cellphone,,,,,,,,,,,,,,,,,,,,,,,,,,,,,,,,,,,,,,,,,,,,,,,,,,,,,,,,,,,,,,,,,,,,,,,,,,,,,,,,,,,,,,,,,,,,,,,,,,,,,,,,,,,,,,,,,,
AquaticAnimal/m66_rm.obj,AquaticAnimal,manhattan+emd,neutral,Ship,Jet,Fish,Quadruped,Bottle,Quadruped,Motorcycle,Hand,Hand,AircraftBuoyant,PlantWildNonTree,Cellphone,AquaticAnimal,Tree,PlantWildNonTree,Humanoid,Train,TruckNonContainer,Insect,Fish,Humanoid,Insect,Biplane,Humanoid,Motorcycle,Biplane,AircraftBuoyant,NonWheelChair,,,,,,,,,,,,,,,,,,,,,,,,,,,,,,,,,,,,,,,,,,,,,,,,,,,,,,,,,,,,,,,,,,,,,,,,,,,,,,,,,,,,,,,,,,,,,,,,,,,,,,,,,,,,,,,,,,
AquaticAnimal/m66_rm.obj,AquaticAnimal,manhattan+kullback-leibler,neutral,Ship,Tree,Hand,Train,TruckNonContainer,Jet,Fish,Helicopter,Bottle,Humanoid,AquaticAnimal,Bird,Cellphone,Fish,Quadruped,Hand,Apartment,Musical_Instrument,Hand,Insect,Fish,DeskPhone,Skyscraper,Cellphone,PlantWildNonTree,Fish,Motorcycle,Motorcycle,,,,,,,,,,,,,,,,,,,,,,,,,,,,,,,,,,,,,,,,,,,,,,,,,,,,,,,,,,,,,,,,,,,,,,,,,,,,,,,,,,,,,,,,,,,,,,,,,,,,,,,,,,,,,,,,,,
AquaticAnimal/m66_rm.obj,AquaticAnimal,knn,neutral,Tree,Ship,Bird,Motorcycle,Fish,Train,Insect,Hand,Quadruped,Quadruped,MilitaryVehicle,Motorcycle,Fish,MilitaryVehicle,Car,Train,TruckNonContainer,Humanoid,Humanoid,Quadruped,Insect,MilitaryVehicle,Cellphone,Ship,Hand,Hand,Cellphone,Bottle,,,,,,,,,,,,,,,,,,,,,,,,,,,,,,,,,,,,,,,,,,,,,,,,,,,,,,,,,,,,,,,,,,,,,,,,,,,,,,,,,,,,,,,,,,,,,,,,,,,,,,,,,,,,,,,,,,
Bed/m948_rm.obj,Bed,euclidean,neutral,PlantWildNonTree,FloorLamp,NonWheelChair,RoundTable,Monitor,Computer,RoundTable,MultiSeat,Tree,RoundTable,Bed,Chess,RectangleTable,Chess,RoundTable,Cup,RoundTable,RoundTable,Cup,RoundTable,RectangleTable,MultiSeat,Bird,RectangleTable,Bookset,Bed,,,,,,,,,,,,,,,,,,,,,,,,,,,,,,,,,,,,,,,,,,,,,,,,,,,,,,,,,,,,,,,,,,,,,,,,,,,,,,,,,,,,,,,,,,,,,,,,,,,,,,,,,,,,,,,,,,,,
Bed/m948_rm.obj,Bed,cosine,neutral,MultiSeat,BuildingNonResidential,MultiSeat,MultiSeat,PianoBoard,Bookset,BuildingNonResidential,BuildingNonResidential,Vase,Bed,House,Shelf,RectangleTable,Cup,Computer,Computer,Bookset,PianoBoard,Computer,RectangleTable,Bookset,PlantWildNonTree,Computer,Drum,MultiSeat,RectangleTable,,,,,,,,,,,,,,,,,,,,,,,,,,,,,,,,,,,,,,,,,,,,,,,,,,,,,,,,,,,,,,,,,,,,,,,,,,,,,,,,,,,,,,,,,,,,,,,,,,,,,,,,,,,,,,,,,,,,
Bed/m948_rm.obj,Bed,manhattan,neutral,PlantWildNonTree,MultiSeat,NonWheelChair,FloorLamp,RoundTable,Computer,Monitor,Bed,Chess,Chess,RectangleTable,Tree,RoundTable,Cup,RoundTable,RoundTable,RoundTable,RoundTable,MultiSeat,RectangleTable,RoundTable,Bookset,Bird,Car,Wheel,Computer,,,,,,,,,,,,,,,,,,,,,,,,,,,,,,,,,,,,,,,,,,,,,,,,,,,,,,,,,,,,,,,,,,,,,,,,,,,,,,,,,,,,,,,,,,,,,,,,,,,,,,,,,,,,,,,,,,,,
Bed/m948_rm.obj,Bed,manhattan+chi-squared,neutral,PlantWildNonTree,FloorLamp,NonWheelChair,RoundTable,Monitor,Computer,RoundTable,MultiSeat,Tree,RoundTable,Bed,Chess,RectangleTable,RoundTable,Chess,Cup,RoundTable,Cup,RectangleTable,RoundTable,RoundTable,MultiSeat,RectangleTable,Bird,Bed,Bookset,,,,,,,,,,,,,,,,,,,,,,,,,,,,,,,,,,,,,,,,,,,,,,,,,,,,,,,,,,,,,,,,,,,,,,,,,,,,,,,,,,,,,,,,,,,,,,,,,,,,,,,,,,,,,,,,,,,,
Bed/m948_rm.obj,Bed,manhattan+emd,neutral,MultiSeat,PlantWildNonTree,Computer,Chess,Chess,NonWheelChair,Bed,RoundTable,RoundTable,Wheel,PianoBoard,MultiSeat,PianoBoard,RectangleTable,RoundTable,Monitor,Cup,Shelf,Cup,FloorLamp,Car,RoundTable,Bookset,RoundTable,PianoBoard,RoundTable,,,,,,,,,,,,,,,,,,,,,,,,,,,,,,,,,,,,,,,,,,,,,,,,,,,,,,,,,,,,,,,,,,,,,,,,,,,,,,,,,,,,,,,,,,,,,,,,,,,,,,,,,,,,,,,,,,,,
Bed/m948_rm.obj,Bed,manhattan+kullback-leibler,neutral,PlantWildNonTree,NonWheelChair,Monitor,Computer,MultiSeat,FloorLamp,Tree,Bed,Chess,RoundTable,RectangleTable,Chess,RoundTable,Cup,RoundTable,RectangleTable,MultiSeat,RoundTable,RoundTable,RectangleTable,Cup,Bird,Bookset,Bed,Computer,Cup,,,,,,,,,,,,,,,,,,,,,,,,,,,,,,,,,,,,,,,,,,,,,,,,,,,,,,,,,,,,,,,,,,,,,,,,,,,,,,,,,,,,,,,,,,,,,,,,,,,,,,,,,,,,,,,,,,,,
Bed/m948_rm.obj,Bed,knn,neutral,PlantWildNonTree,NonWheelChair,Monitor,RoundTable,RoundTable,RectangleTable,RoundTable,Bed,RoundTable,MultiSeat,Computer,Tree,Cup,FloorLamp,Chess,RoundTable,Chess,RoundTable,RectangleTable,RoundTable,Bird,Cup,Bookset,Bed,RectangleTable,Computer,,,,,,,,,,,,,,,,,,,,,,,,,,,,,,,,,,,,,,,,,,,,,,,,,,,,,,,,,,,,,,,,,,,,,,,,,,,,,,,,,,,,,,,,,,,,,,,,,,,,,,,,,,,,,,,,,,,,
Bed/m949_rm.obj,Bed,euclidean,neutral,RectangleTable,MultiSeat,RectangleTable,Bed,Cup,NonWheelChair,Bird,RoundTable,RectangleTable,FloorLamp,MultiSeat,RectangleTable,RoundTable,Computer,NonWheelChair,Computer,RoundTable,RoundTable,ClassicPiano,RectangleTable,Tree,Monitor,Chess,FloorLamp,Cup,RoundTable,,,,,,,,,,,,,,,,,,,,,,,,,,,,,,,,,,,,,,,,,,,,,,,,,,,,,,,,,,,,,,,,,,,,,,,,,,,,,,,,,,,,,,,,,,,,,,,,,,,,,,,,,,,,,,,,,,,,
Bed/m949_rm.obj,Bed,cosine,neutral,RectangleTable,MultiSeat,Bed,MultiSeat,Shelf,PianoBoard,Computer,PianoBoard,RectangleTable,Chess,MultiSeat,Chess,RectangleTable,NonWheelChair,Computer,Bookset,RoundTable,RectangleTable,Bookset,Computer,NonWheelChair,Computer,Cup,MultiSeat,RoundTable,RoundTable,,,,,,,,,,,,,,,,,,,,,,,,,,,,,,,,,,,,,,,,,,,,,,,,,,,,,,,,,,,,,,,,,,,,,,,,,,,,,,,,,,,,,,,,,,,,,,,,,,,,,,,,,,,,,,,,,,,,
Bed/m949_rm.obj,Bed,manhattan,neutral,MultiSeat,RectangleTable,RectangleTable,Bed,NonWheelChair,Cup,RectangleTable,MultiSeat,Bird,FloorLamp,RoundTable,Computer,RoundTable,Computer,NonWheelChair,RectangleTable,RoundTable,ClassicPiano,Cup,Chess,RectangleTable,Bed,Tree,Cup,Monitor,Chess,,,,,,,,,,,,,,,,,,,,,,,,,,,,,,,,,,,,,,,,,,,,,,,,,,,,,,,,,,,,,,,,,,,,,,,,,,,,,,,,,,,,,,,,,,,,,,,,,,,,,,,,,,,,,,,,,,,,
Bed/m949_rm.obj,Bed,manhattan+chi-squared,neutral,RectangleTable,MultiSeat,Bed,RectangleTable,Cup,NonWheelChair,RectangleTable,RoundTable,Bird,FloorLamp,RectangleTable,MultiSeat,RoundTable,Computer,Computer,NonWheelChair,RoundTable,RoundTable,Tree,RectangleTable,ClassicPiano,Monitor,Chess,FloorLamp,RoundTable,Cup,,,,,,,,,,,,,,,,,,,,,,,,,,,,,,,,,,,,,,,,,,,,,,,,,,,,,,,,,,,,,,,,,,,,,,,,,,,,,,,,,,,,,,,,,,,,,,,,,,,,,,,,,,,,,,,,,,,,
Bed/m949_rm.obj,Bed,manhattan+emd,neutral,RectangleTable,MultiSeat,RectangleTable,RectangleTable,MultiSeat,Cup,Computer,Computer,Bed,NonWheelChair,Cup,DeskLamp,Chess,RoundTable,Chess,Bird,Cup,Bed,Wheel,NonWheelChair,Chess,PianoBoard,PianoBoard,ClassicPiano,Mug,PianoBoard,,,,,,,,,,,,,,,,,,,,,,,,,,,,,,,,,,,,,,,,,,,,,,,,,,,,,,,,,,,,,,,,,,,,,,,,,,,,,,,,,,,,,,,,,,,,,,,,,,,,,,,,,,,,,,,,,,,,
Bed/m949_rm.obj,Bed,manhattan+kullback-leibler,neutral,RectangleTable,MultiSeat,RectangleTable,Bed,NonWheelChair,RectangleTable,Cup,Bird,MultiSeat,RoundTable,RectangleTable,FloorLamp,RoundTable,Computer,Computer,NonWheelChair,ClassicPiano,RectangleTable,Tree,Monitor,Chess,Cup,RoundTable,Bed,Cup,Chess,,,,,,,,,,,,,,,,,,,,,,,,,,,,,,,,,,,,,,,,,,,,,,,,,,,,,,,,,,,,,,,,,,,,,,,,,,,,,,,,,,,,,,,,,,,,,,,,,,,,,,,,,,,,,,,,,,,,
Bed/m949_rm.obj,Bed,knn,neutral,RectangleTable,MultiSeat,RectangleTable,Cup,RoundTable,FloorLamp,Bird,Bed,RectangleTable,NonWheelChair,RectangleTable,MultiSeat,RoundTable,NonWheelChair,Computer,RoundTable,Computer,FloorLamp,Tree,ClassicPiano,RectangleTable,RoundTable,RoundTable,RoundTable,Cup,Chess,,,,,,,,,,,,,,,,,,,,,,,,,,,,,,,,,,,,,,,,,,,,,,,,,,,,,,,,,,,,,,,,,,,,,,,,,,,,,,,,,,,,,,,,,,,,,,,,,,,,,,,,,,,,,,,,,,,,
Bed/m950_rm.obj,Bed,euclidean,neutral,RectangleTable,Bed,Tree,RectangleTable,Cup,RectangleTable,FloorLamp,RectangleTable,RoundTable,MultiSeat,NonWheelChair,RectangleTable,RoundTable,Bird,RoundTable,NonWheelChair,RoundTable,RoundTable,RectangleTable,RectangleTable,RoundTable,MultiSeat,Computer,ClassicPiano,Computer,RoundTable,,,,,,,,,,,,,,,,,,,,,,,,,,,,,,,,,,,,,,,,,,,,,,,,,,,,,,,,,,,,,,,,,,,,,,,,,,,,,,,,,,,,,,,,,,,,,,,,,,,,,,,,,,,,,,,,,,,,
Bed/m950_rm.obj,Bed,cosine,neutral,RectangleTable,RectangleTable,RectangleTable,RectangleTable,RectangleTable,Tree,RectangleTable,NonWheelChair,ClassicPiano,RoundTable,RectangleTable,RoundTable,RectangleTable,Tree,Bird,Cup,FloorLamp,RoundTable,Computer,RoundTable,MultiSeat,RectangleTable,MultiSeat,RoundTable,RectangleTable,RectangleTable,,,,,,,,,,,,,,,,,,,,,,,,,,,,,,,,,,,,,,,,,,,,,,,,,,,,,,,,,,,,,,,,,,,,,,,,,,,,,,,,,,,,,,,,,,,,,,,,,,,,,,,,,,,,,,,,,,,,
Bed/m950_rm.obj,Bed,manhattan,neutral,RectangleTable,RectangleTable,Tree,Bed,RectangleTable,Cup,RectangleTable,RoundTable,FloorLamp,NonWheelChair,MultiSeat,RectangleTable,Bird,RectangleTable,RoundTable,RoundTable,RoundTable,RoundTable,ClassicPiano,MultiSeat,Computer,Computer,RectangleTable,NonWheelChair,RoundTable,RectangleTable,,,,,,,,,,,,,,,,,,,,,,,,,,,,,,,,,,,,,,,,,,,,,,,,,,,,,,,,,,,,,,,,,,,,,,,,,,,,,,,,,,,,,,,,,,,,,,,,,,,,,,,,,,,,,,,,,,,,
Bed/m950_rm.obj,Bed,manhattan+chi-squared,neutral,RectangleTable,Bed,Tree,RectangleTable,Cup,FloorLamp,RectangleTable,RectangleTable,RoundTable,MultiSeat,NonWheelChair,RectangleTable,Bird,RoundTable,RoundTable,NonWheelChair,RoundTable,RoundTable,RectangleTable,RectangleTable,MultiSeat,RoundTable,Computer,ClassicPiano,Computer,RoundTable,,,,,,,,,,,,,,,,,,,,,,,,,,,,,,,,,,,,,,,,,,,,,,,,,,,,,,,,,,,,,,,,,,,,,,,,,,,,,,,,,,,,,,,,,,,,,,,,,,,,,,,,,,,,,,,,,,,,
Bed/m950_rm.obj,Bed,manhattan+emd,neutral,RectangleTable,RectangleTable,RectangleTable,Tree,RectangleTable,RoundTable,Bed,Cup,NonWheelChair,MultiSeat,FloorLamp,RectangleTable,Computer,ClassicPiano,Bird,RectangleTable,RoundTable,RectangleTable,MultiSeat,Computer,RoundTable,RoundTable,RoundTable,Hat,RoundTable,RoundTable,,,,,,,,,,,,,,,,,,,,,,,,,,,,,,,,,,,,,,,,,,,,,,,,,,,,,,,,,,,,,,,,,,,,,,,,,,,,,,,,,,,,,,,,,,,,,,,,,,,,,,,,,,,,,,,,,,,,
Bed/m950_rm.obj,Bed,manhattan+kullback-leibler,neutral,RectangleTable,Bed,Tree,RectangleTable,RectangleTable,Cup,RectangleTable,FloorLamp,RoundTable,NonWheelChair,MultiSeat,RectangleTable,Bird,RoundTable,RectangleTable,NonWheelChair,MultiSeat,RectangleTable,Computer,RoundTable,ClassicPiano,Computer,RoundTable,RoundTable,FloorLamp,Monitor,,,,,,,,,,,,,,,,,,,,,,,,,,,,,,,,,,,,,,,,,,,,,,,,,,,,,,,,,,,,,,,,,,,,,,,,,,,,,,,,,,,,,,,,,,,,,,,,,,,,,,,,,,,,,,,,,,,,
Bed/m950_rm.obj,Bed,knn,neutral,RectangleTable,Cup,RectangleTable,Bed,FloorLamp,RectangleTable,RoundTable,RectangleTable,Tree,RectangleTable,NonWheelChair,RoundTable,RoundTable,RoundTable,Bird,MultiSeat,RoundTable,RectangleTable,RoundTable,RectangleTable,MultiSeat,ClassicPiano,NonWheelChair,Computer,Computer,RoundTable,,,,,,,,,,,,,,,,,,,,,,,,,,,,,,,,,,,,,,,,,,,,,,,,,,,,,,,,,,,,,,,,,,,,,,,,,,,,,,,,,,,,,,,,,,,,,,,,,,,,,,,,,,,,,,,,,,,,
Bed/D00552_rm.obj,Bed,euclidean,neutral,Monitor,Bed,DeskLamp,Computer,Car,Computer,Computer,MultiSeat,MultiSeat,PlantIndoors,RectangleTable,RoundTable,PlantIndoors,ClassicPiano,MultiSeat,Chess,MultiSeat,RoundTable,RoundTable,RectangleTable,RoundTable,Chess,House,PlantIndoors,PianoBoard,PlantIndoors,,,,,,,,,,,,,,,,,,,,,,,,,,,,,,,,,,,,,,,,,,,,,,,,,,,,,,,,,,,,,,,,,,,,,,,,,,,,,,,,,,,,,,,,,,,,,,,,,,,,,,,,,,,,,,,,,,,,
Bed/D00552_rm.obj,Bed,cosine,neutral,PianoBoard,Monitor,MultiSeat,MultiSeat,MilitaryVehicle,Bed,PianoBoard,PianoBoard,Hat,MultiSeat,House,PianoBoard,Computer,DeskLamp,DeskLamp,Computer,RectangleTable,Computer,RectangleTable,DeskLamp,Shelf,Bed,Apartment,Chess,Shelf,RoundTable,,,,,,,,,,,,,,,,,,,,,,,,,,,,,,,,,,,,,,,,,,,,,,,,,,,,,,,,,,,,,,,,,,,,,,,,,,,,,,,,,,,,,,,,,,,,,,,,,,,,,,,,,,,,,,,,,,,,
Bed/D00552_rm.obj,Bed,manhattan,neutral,Monitor,Bed,DeskLamp,Car,MultiSeat,MultiSeat,MultiSeat,MultiSeat,RoundTable,Bed,Computer,Shelf,ClassicPiano,Chess,MultiSeat,Chess,PianoBoard,Hat,Bed,RoundTable,PianoBoard,RectangleTable,Bed,Computer,MultiSeat,RoundTable,,,,,,,,,,,,,,,,,,,,,,,,,,,,,,,,,,,,,,,,,,,,,,,,,,,,,,,,,,,,,,,,,,,,,,,,,,,,,,,,,,,,,,,,,,,,,,,,,,,,,,,,,,,,,,,,,,,,
Bed/D00552_rm.obj,Bed,manhattan+chi-squared,neutral,Monitor,Bed,DeskLamp,Computer,Car,Computer,PlantIndoors,RoundTable,RectangleTable,Computer,MultiSeat,PlantIndoors,MultiSeat,ClassicPiano,RectangleTable,Chess,MultiSeat,RoundTable,RoundTable,RoundTable,MultiSeat,Chess,PlantIndoors,House,RoundTable,PlantIndoors,,,,,,,,,,,,,,,,,,,,,,,,,,,,,,,,,,,,,,,,,,,,,,,,,,,,,,,,,,,,,,,,,,,,,,,,,,,,,,,,,,,,,,,,,,,,,,,,,,,,,,,,,,,,,,,,,,,,
Bed/D00552_rm.obj,Bed,manhattan+emd,neutral,Bed,Bed,Monitor,Shelf,MultiSeat,Bed,Bed,Shelf,MultiSeat,Shelf,Car,MultiSeat,RoundTable,PianoBoard,MultiSeat,Bed,MultiSeat,MultiSeat,DeskLamp,MultiSeat,Bed,Monitor,Hat,RoundTable,ClassicPiano,PianoBoard,,,,,,,,,,,,,,,,,,,,,,,,,,,,,,,,,,,,,,,,,,,,,,,,,,,,,,,,,,,,,,,,,,,,,,,,,,,,,,,,,,,,,,,,,,,,,,,,,,,,,,,,,,,,,,,,,,,,
Bed/D00552_rm.obj,Bed,manhattan+kullback-leibler,neutral,Monitor,Bed,DeskLamp,Car,MultiSeat,Computer,MultiSeat,Computer,Chess,MultiSeat,Computer,RectangleTable,MultiSeat,RoundTable,Chess,PlantIndoors,RectangleTable,PlantIndoors,RoundTable,PianoBoard,Hat,Shelf,ClassicPiano,ClassicPiano,MultiSeat,Bed,,,,,,,,,,,,,,,,,,,,,,,,,,,,,,,,,,,,,,,,,,,,,,,,,,,,,,,,,,,,,,,,,,,,,,,,,,,,,,,,,,,,,,,,,,,,,,,,,,,,,,,,,,,,,,,,,,,,
Bed/D00552_rm.obj,Bed,knn,neutral,Monitor,Bed,DeskLamp,Computer,Computer,Car,Computer,RectangleTable,ClassicPiano,MultiSeat,MultiSeat,PlantIndoors,PlantIndoors,MultiSeat,RoundTable,Chess,RoundTable,RoundTable,PlantIndoors,RectangleTable,MultiSeat,House,PlantIndoors,PlantIndoors,RoundTable,RoundTable,,,,,,,,,,,,,,,,,,,,,,,,,,,,,,,,,,,,,,,,,,,,,,,,,,,,,,,,,,,,,,,,,,,,,,,,,,,,,,,,,,,,,,,,,,,,,,,,,,,,,,,,,,,,,,,,,,,,
Bed/D00969_rm.obj,Bed,euclidean,neutral,Bed,Bed,Tree,Bed,Insect,Bed,Monitor,PlantIndoors,Tree,NonWheelChair,NonWheelChair,PlantIndoors,MultiSeat,Car,BuildingNonResidential,Tree,Bed,NonWheelChair,RectangleTable,RectangleTable,Monitor,ClassicPiano,RectangleTable,PlantIndoors,PlantIndoors,Chess,,,,,,,,,,,,,,,,,,,,,,,,,,,,,,,,,,,,,,,,,,,,,,,,,,,,,,,,,,,,,,,,,,,,,,,,,,,,,,,,,,,,,,,,,,,,,,,,,,,,,,,,,,,,,,,,,,,,
Bed/D00969_rm.obj,Bed,cosine,neutral,Bed,Car,MultiSeat,MultiSeat,MultiSeat,Bed,Monitor,PianoBoard,Shelf,Bed,Chess,MultiSeat,PianoBoard,Computer,Chess,House,Shelf,Apartment,Vase,Insect,Computer,Vase,Tree,Computer,Chess,Chess,,,,,,,,,,,,,,,,,,,,,,,,,,,,,,,,,,,,,,,,,,,,,,,,,,,,,,,,,,,,,,,,,,,,,,,,,,,,,,,,,,,,,,,,,,,,,,,,,,,,,,,,,,,,,,,,,,,,
Bed/D00969_rm.obj,Bed,manhattan,neutral,Bed,Bed,Monitor,Bed,Bed,Bed,MultiSeat,Bed,Car,Tree,ClassicPiano,MultiSeat,RectangleTable,Insect,MultiSeat,Monitor,PlantIndoors,PlantIndoors,Chess,Bed,PianoBoard,RectangleTable,NonWheelChair,Shelf,Chess,Monitor,,,,,,,,,,,,,,,,,,,,,,,,,,,,,,,,,,,,,,,,,,,,,,,,,,,,,,,,,,,,,,,,,,,,,,,,,,,,,,,,,,,,,,,,,,,,,,,,,,,,,,,,,,,,,,,,,,,,
Bed/D00969_rm.obj,Bed,manhattan+chi-squared,neutral,Bed,Tree,Bed,Insect,Bed,Bed,Monitor,NonWheelChair,PlantIndoors,Tree,NonWheelChair,PlantIndoors,RectangleTable,Tree,MultiSeat,NonWheelChair,RectangleTable,BuildingNonResidential,Monitor,RectangleTable,Car,Bed,PlantIndoors,PlantIndoors,PianoBoard,ClassicPiano,,,,,,,,,,,,,,,,,,,,,,,,,,,,,,,,,,,,,,,,,,,,,,,,,,,,,,,,,,,,,,,,,,,,,,,,,,,,,,,,,,,,,,,,,,,,,,,,,,,,,,,,,,,,,,,,,,,,
Bed/D00969_rm.obj,Bed,manhattan+emd,neutral,Bed,Monitor,Bed,Bed,Bed,Bed,Bed,Shelf,Bed,RectangleTable,ClassicPiano,Shelf,Monitor,MultiSeat,MultiSeat,MultiSeat,RoundTable,MultiSeat,Bed,Car,RectangleTable,Monitor,Shelf,Apartment,MultiSeat,MultiSeat,,,,,,,,,,,,,,,,,,,,,,,,,,,,,,,,,,,,,,,,,,,,,,,,,,,,,,,,,,,,,,,,,,,,,,,,,,,,,,,,,,,,,,,,,,,,,,,,,,,,,,,,,,,,,,,,,,,,
Bed/D00969_rm.obj,Bed,manhattan+kullback-leibler,neutral,Bed,Bed,Bed,Bed,Monitor,Tree,Insect,MultiSeat,NonWheelChair,Bed,Monitor,PlantIndoors,NonWheelChair,RectangleTable,ClassicPiano,RectangleTable,PianoBoard,PlantIndoors,Tree,Car,RectangleTable,RectangleTable,Chess,Tree,PlantIndoors,RectangleTable,,,,,,,,,,,,,,,,,,,,,,,,,,,,,,,,,,,,,,,,,,,,,,,,,,,,,,,,,,,,,,,,,,,,,,,,,,,,,,,,,,,,,,,,,,,,,,,,,,,,,,,,,,,,,,,,,,,,
Bed/D00969_rm.obj,Bed,knn,neutral,Bed,Bed,Tree,Insect,Bed,PlantIndoors,NonWheelChair,Bed,Monitor,PlantIndoors,NonWheelChair,Tree,BuildingNonResidential,Tree,NonWheelChair,MultiSeat,ClassicPiano,RectangleTable,Bed,Car,PianoBoard,PlantIndoors,PlantIndoors,RectangleTable,Chess,ClassicPiano,,,,,,,,,,,,,,,,,,,,,,,,,,,,,,,,,,,,,,,,,,,,,,,,,,,,,,,,,,,,,,,,,,,,,,,,,,,,,,,,,,,,,,,,,,,,,,,,,,,,,,,,,,,,,,,,,,,,
AquaticAnimal/m74_rm.obj,AquaticAnimal,euclidean,neutral,AquaticAnimal,AquaticAnimal,AquaticAnimal,AquaticAnimal,Humanoid,Humanoid,AquaticAnimal,Insect,Humanoid,Jet,Humanoid,Humanoid,Jet,Humanoid,Humanoid,Humanoid,Humanoid,Humanoid,Humanoid,Humanoid,Humanoid,Humanoid,Humanoid,Spoon,Humanoid,Humanoid,Fish,Jet,,,,,,,,,,,,,,,,,,,,,,,,,,,,,,,,,,,,,,,,,,,,,,,,,,,,,,,,,,,,,,,,,,,,,,,,,,,,,,,,,,,,,,,,,,,,,,,,,,,,,,,,,,,,,,,,,,
AquaticAnimal/m74_rm.obj,AquaticAnimal,cosine,neutral,AquaticAnimal,AquaticAnimal,AquaticAnimal,AquaticAnimal,AquaticAnimal,Insect,Humanoid,Humanoid,Jet,Spoon,Humanoid,Jet,Jet,Humanoid,Fish,Humanoid,AquaticAnimal,Humanoid,AquaticAnimal,Humanoid,Humanoid,Humanoid,Humanoid,Humanoid,Humanoid,Gun,Humanoid,Humanoid,,,,,,,,,,,,,,,,,,,,,,,,,,,,,,,,,,,,,,,,,,,,,,,,,,,,,,,,,,,,,,,,,,,,,,,,,,,,,,,,,,,,,,,,,,,,,,,,,,,,,,,,,,,,,,,,,,
AquaticAnimal/m74_rm.obj,AquaticAnimal,manhattan,neutral,AquaticAnimal,AquaticAnimal,AquaticAnimal,AquaticAnimal,Humanoid,Humanoid,Humanoid,AquaticAnimal,Humanoid,Insect,Humanoid,Jet,Humanoid,Fish,Humanoid,Jet,Humanoid,Humanoid,Humanoid,Humanoid,Humanoid,Humanoid,Humanoid,Jet,Humanoid,Spoon,AquaticAnimal,Humanoid,,,,,,,,,,,,,,,,,,,,,,,,,,,,,,,,,,,,,,,,,,,,,,,,,,,,,,,,,,,,,,,,,,,,,,,,,,,,,,,,,,,,,,,,,,,,,,,,,,,,,,,,,,,,,,,,,,
AquaticAnimal/m74_rm.obj,AquaticAnimal,manhattan+chi-squared,neutral,AquaticAnimal,AquaticAnimal,AquaticAnimal,AquaticAnimal,AquaticAnimal,Fish,Humanoid,Jet,AquaticAnimal,Humanoid,Humanoid,Humanoid,Fish,Jet,Insect,Humanoid,Humanoid,AquaticAnimal,Humanoid,Jet,Humanoid,Humanoid,Spoon,Jet,Humanoid,Humanoid,Jet,Humanoid,,,,,,,,,,,,,,,,,,,,,,,,,,,,,,,,,,,,,,,,,,,,,,,,,,,,,,,,,,,,,,,,,,,,,,,,,,,,,,,,,,,,,,,,,,,,,,,,,,,,,,,,,,,,,,,,,,
AquaticAnimal/m74_rm.obj,AquaticAnimal,manhattan+emd,neutral,AquaticAnimal,Humanoid,Humanoid,Humanoid,Helicopter,Gun,AquaticAnimal,Humanoid,AquaticAnimal,AquaticAnimal,Humanoid,Jet,Jet,Humanoid,AquaticAnimal,Fish,Humanoid,Humanoid,Jet,Spoon,Jet,Humanoid,Insect,Ship,Humanoid,Violin,Humanoid,Jet,,,,,,,,,,,,,,,,,,,,,,,,,,,,,,,,,,,,,,,,,,,,,,,,,,,,,,,,,,,,,,,,,,,,,,,,,,,,,,,,,,,,,,,,,,,,,,,,,,,,,,,,,,,,,,,,,,
AquaticAnimal/m74_rm.obj,AquaticAnimal,manhattan+kullback-leibler,neutral,AquaticAnimal,AquaticAnimal,AquaticAnimal,AquaticAnimal,Fish,Humanoid,Jet,AquaticAnimal,AquaticAnimal,Humanoid,Humanoid,Fish,Jet,Humanoid,Jet,Humanoid,Jet,Insect,Spoon,AquaticAnimal,Jet,AquaticAnimal,Humanoid,AquaticAnimal,Humanoid,Humanoid,Humanoid,Jet,,,,,,,,,,,,,,,,,,,,,,,,,,,,,,,,,,,,,,,,,,,,,,,,,,,,,,,,,,,,,,,,,,,,,,,,,,,,,,,,,,,,,,,,,,,,,,,,,,,,,,,,,,,,,,,,,,
AquaticAnimal/m74_rm.obj,AquaticAnimal,knn,neutral,AquaticAnimal,AquaticAnimal,AquaticAnimal,AquaticAnimal,Humanoid,Humanoid,AquaticAnimal,Insect,Humanoid,Jet,Jet,Humanoid,Humanoid,Humanoid,Humanoid,Humanoid,Humanoid,Humanoid,Humanoid,Humanoid,Humanoid,Humanoid,Spoon,Fish,Humanoid,Humanoid,AquaticAnimal,Gun,,,,,,,,,,,,,,,,,,,,,,,,,,,,,,,,,,,,,,,,,,,,,,,,,,,,,,,,,,,,,,,,,,,,,,,,,,,,,,,,,,,,,,,,,,,,,,,,,,,,,,,,,,,,,,,,,,
Bed/D00650_rm.obj,Bed,euclidean,neutral,Bed,MultiSeat,Bed,MultiSeat,Bed,MultiSeat,MultiSeat,TruckNonContainer,Car,MultiSeat,MultiSeat,Bed,Bus,MultiSeat,Car,Train,DeskPhone,Car,Truck,TruckNonContainer,Car,MultiSeat,Car,Car,Quadruped,Car,,,,,,,,,,,,,,,,,,,,,,,,,,,,,,,,,,,,,,,,,,,,,,,,,,,,,,,,,,,,,,,,,,,,,,,,,,,,,,,,,,,,,,,,,,,,,,,,,,,,,,,,,,,,,,,,,,,,
Bed/D00650_rm.obj,Bed,cosine,neutral,Bed,Bed,Bed,MultiSeat,MultiSeat,MultiSeat,PianoBoard,Bed,MultiSeat,MultiSeat,RectangleTable,Bed,Bed,Car,MultiSeat,Car,MultiSeat,Bus,Bed,Car,TruckNonContainer,MultiSeat,House,Car,Bed,MultiSeat,,,,,,,,,,,,,,,,,,,,,,,,,,,,,,,,,,,,,,,,,,,,,,,,,,,,,,,,,,,,,,,,,,,,,,,,,,,,,,,,,,,,,,,,,,,,,,,,,,,,,,,,,,,,,,,,,,,,
Bed/D00650_rm.obj,Bed,manhattan,neutral,Bed,MultiSeat,Bed,MultiSeat,MultiSeat,MultiSeat,Bed,MultiSeat,Bed,Bed,MultiSeat,House,MultiSeat,Car,Car,Bed,Car,Bus,Truck,MultiSeat,Shelf,Car,Car,Car,TruckNonContainer,TruckNonContainer,,,,,,,,,,,,,,,,,,,,,,,,,,,,,,,,,,,,,,,,,,,,,,,,,,,,,,,,,,,,,,,,,,,,,,,,,,,,,,,,,,,,,,,,,,,,,,,,,,,,,,,,,,,,,,,,,,,,
Bed/D00650_rm.obj,Bed,manhattan+chi-squared,neutral,MultiSeat,Bed,Bed,Bed,MultiSeat,MultiSeat,Car,TruckNonContainer,MultiSeat,Bed,MultiSeat,MultiSeat,MultiSeat,Car,MultiSeat,Chess,Bus,ClassicPiano,Shelf,Quadruped,DeskPhone,RectangleTable,Chess,Car,Monitor,House,,,,,,,,,,,,,,,,,,,,,,,,,,,,,,,,,,,,,,,,,,,,,,,,,,,,,,,,,,,,,,,,,,,,,,,,,,,,,,,,,,,,,,,,,,,,,,,,,,,,,,,,,,,,,,,,,,,,
Bed/D00650_rm.obj,Bed,manhattan+emd,neutral,Bed,Bed,Car,MultiSeat,House,Bed,Bed,RectangleTable,MultiSeat,RectangleTable,MultiSeat,MultiSeat,Shelf,Cellphone,Car,Bed,Biplane,Computer,Humanoid,Chess,MultiSeat,Sign,RectangleTable,Truck,RectangleTable,Chess,,,,,,,,,,,,,,,,,,,,,,,,,,,,,,,,,,,,,,,,,,,,,,,,,,,,,,,,,,,,,,,,,,,,,,,,,,,,,,,,,,,,,,,,,,,,,,,,,,,,,,,,,,,,,,,,,,,,
Bed/D00650_rm.obj,Bed,manhattan+kullback-leibler,neutral,Bed,Bed,Bed,MultiSeat,MultiSeat,MultiSeat,MultiSeat,Bed,MultiSeat,Bed,Car,Monitor,MultiSeat,MultiSeat,MultiSeat,Car,Shelf,Shelf,Car,Shelf,TruckNonContainer,Car,DeskPhone,Car,ClassicPiano,Gun,,,,,,,,,,,,,,,,,,,,,,,,,,,,,,,,,,,,,,,,,,,,,,,,,,,,,,,,,,,,,,,,,,,,,,,,,,,,,,,,,,,,,,,,,,,,,,,,,,,,,,,,,,,,,,,,,,,,
Bed/D00650_rm.obj,Bed,knn,neutral,Bed,MultiSeat,Bed,MultiSeat,MultiSeat,MultiSeat,Car,Bed,MultiSeat,Bed,TruckNonContainer,Bus,MultiSeat,MultiSeat,Car,Car,Truck,Truck,MultiSeat,Car,TruckNonContainer,DeskPhone,Shelf,ClassicPiano,TruckNonContainer,Car,,,,,,,,,,,,,,,,,,,,,,,,,,,,,,,,,,,,,,,,,,,,,,,,,,,,,,,,,,,,,,,,,,,,,,,,,,,,,,,,,,,,,,,,,,,,,,,,,,,,,,,,,,,,,,,,,,,,
Bicycle/D00514_rm.obj,Bicycle,euclidean,neutral,Bicycle,Bicycle,Bicycle,Bicycle,Bicycle,Bicycle,Bicycle,Bicycle,Bicycle,Bicycle,Bicycle,Bicycle,Bicycle,Bicycle,City,Bicycle,Door,Chess,Monoplane,City,BuildingNonResidential,Door,Monoplane,Monoplane,Bird,,,,,,,,,,,,,,,,,,,,,,,,,,,,,,,,,,,,,,,,,,,,,,,,,,,,,,,,,,,,,,,,,,,,,,,,,,,,,,,,,,,,,,,,,,,,,,,,,,,,,,,,,,,,,,,,,,,,,
Bicycle/D00514_rm.obj,Bicycle,cosine,neutral,Bicycle,Bicycle,Bicycle,Bicycle,Bicycle,Bicycle,Bicycle,Bicycle,Bicycle,Bicycle,Bicycle,Chess,Bicycle,City,Bicycle,Bicycle,Bicycle,Bicycle,City,Bicycle,Monitor,Insect,BuildingNonResidential,Door,Bird,,,,,,,,,,,,,,,,,,,,,,,,,,,,,,,,,,,,,,,,,,,,,,,,,,,,,,,,,,,,,,,,,,,,,,,,,,,,,,,,,,,,,,,,,,,,,,,,,,,,,,,,,,,,,,,,,,,,,
Bicycle/D00514_rm.obj,Bicycle,manhattan,neutral,Bicycle,Bicycle,Bicycle,Bicycle,Bicycle,Bicycle,Bicycle,Bicycle,Bicycle,Bicycle,Bicycle,Bicycle,Bicycle,City,City,Chess,Bicycle,Bicycle,Door,Door,Monitor,Bicycle,Monoplane,BuildingNonResidential,Bicycle,,,,,,,,,,,,,,,,,,,,,,,,,,,,,,,,,,,,,,,,,,,,,,,,,,,,,,,,,,,,,,,,,,,,,,,,,,,,,,,,,,,,,,,,,,,,,,,,,,,,,,,,,,,,,,,,,,,,,
Bicycle/D00514_rm.obj,Bicycle,manhattan+chi-squared,neutral,Bicycle,Bicycle,Bicycle,Bicycle,Bicycle,Bicycle,Bicycle,Bicycle,City,Bicycle,Bicycle,City,Bicycle,Bicycle,Bicycle,Bicycle,BuildingNonResidential,Chess,Monitor,Bicycle,Door,Gun,Insect,Door,Monoplane,,,,,,,,,,,,,,,,,,,,,,,,,,,,,,,,,,,,,,,,,,,,,,,,,,,,,,,,,,,,,,,,,,,,,,,,,,,,,,,,,,,,,,,,,,,,,,,,,,,,,,,,,,,,,,,,,,,,,
Bicycle/D00514_rm.obj,Bicycle,manhattan+emd,neutral,City,Bicycle,City,Bicycle,Bicycle,Bicycle,Bicycle,Bicycle,Bicycle,Bicycle,Bicycle,Chess,Bicycle,Car,Bicycle,Bicycle,BuildingNonResidential,Bicycle,Humanoid,Tool,Bicycle,Bicycle,City,Humanoid,City,,,,,,,,,,,,,,,,,,,,,,,,,,,,,,,,,,,,,,,,,,,,,,,,,,,,,,,,,,,,,,,,,,,,,,,,,,,,,,,,,,,,,,,,,,,,,,,,,,,,,,,,,,,,,,,,,,,,,
Bicycle/D00514_rm.obj,Bicycle,manhattan+kullback-leibler,neutral,Bicycle,Bicycle,Bicycle,Bicycle,Bicycle,Bicycle,Bicycle,Bicycle,Bicycle,Bicycle,City,Bicycle,BuildingNonResidential,City,Bicycle,Gun,Chess,Bicycle,Monoplane,Bicycle,Insect,Door,Bicycle,Bicycle,City,,,,,,,,,,,,,,,,,,,,,,,,,,,,,,,,,,,,,,,,,,,,,,,,,,,,,,,,,,,,,,,,,,,,,,,,,,,,,,,,,,,,,,,,,,,,,,,,,,,,,,,,,,,,,,,,,,,,,
Bicycle/D00514_rm.obj,Bicycle,knn,neutral,Bicycle,Bicycle,Bicycle,Bicycle,Bicycle,Bicycle,Bicycle,Bicycle,Bicycle,Bicycle,Bicycle,Bicycle,Bicycle,Door,BuildingNonResidential,Door,Bicycle,Bicycle,Monoplane,Bicycle,Chess,City,Monoplane,Bird,Humanoid,,,,,,,,,,,,,,,,,,,,,,,,,,,,,,,,,,,,,,,,,,,,,,,,,,,,,,,,,,,,,,,,,,,,,,,,,,,,,,,,,,,,,,,,,,,,,,,,,,,,,,,,,,,,,,,,,,,,,
AquaticAnimal/m81_rm.obj,AquaticAnimal,euclidean,neutral,AquaticAnimal,AquaticAnimal,AquaticAnimal,Quadruped,Humanoid,Humanoid,Jet,Humanoid,Violin,Humanoid,AquaticAnimal,Humanoid,Jet,Ship,Gun,Humanoid,Humanoid,Humanoid,Jet,Humanoid,Humanoid,Humanoid,AquaticAnimal,AquaticAnimal,Humanoid,Humanoid,Humanoid,Humanoid,,,,,,,,,,,,,,,,,,,,,,,,,,,,,,,,,,,,,,,,,,,,,,,,,,,,,,,,,,,,,,,,,,,,,,,,,,,,,,,,,,,,,,,,,,,,,,,,,,,,,,,,,,,,,,,,,,
AquaticAnimal/m81_rm.obj,AquaticAnimal,cosine,neutral,AquaticAnimal,AquaticAnimal,AquaticAnimal,AquaticAnimal,Jet,Humanoid,Humanoid,Quadruped,Humanoid,Humanoid,Jet,Gun,AquaticAnimal,AquaticAnimal,Humanoid,Humanoid,Ship,Violin,Insect,Jet,Humanoid,Humanoid,Humanoid,Spoon,Humanoid,Jet,Jet,Humanoid,,,,,,,,,,,,,,,,,,,,,,,,,,,,,,,,,,,,,,,,,,,,,,,,,,,,,,,,,,,,,,,,,,,,,,,,,,,,,,,,,,,,,,,,,,,,,,,,,,,,,,,,,,,,,,,,,,
AquaticAnimal/m81_rm.obj,AquaticAnimal,manhattan,neutral,AquaticAnimal,AquaticAnimal,AquaticAnimal,Humanoid,AquaticAnimal,Quadruped,Jet,Humanoid,Humanoid,Jet,Jet,Humanoid,Violin,Ship,Gun,Humanoid,AquaticAnimal,AquaticAnimal,Humanoid,Humanoid,Humanoid,Humanoid,Humanoid,Humanoid,Humanoid,Jet,Jet,Humanoid,,,,,,,,,,,,,,,,,,,,,,,,,,,,,,,,,,,,,,,,,,,,,,,,,,,,,,,,,,,,,,,,,,,,,,,,,,,,,,,,,,,,,,,,,,,,,,,,,,,,,,,,,,,,,,,,,,
AquaticAnimal/m81_rm.obj,AquaticAnimal,manhattan+chi-squared,neutral,AquaticAnimal,AquaticAnimal,AquaticAnimal,AquaticAnimal,Jet,Humanoid,Jet,AquaticAnimal,Quadruped,Humanoid,Humanoid,AquaticAnimal,Humanoid,Gun,Humanoid,Ship,Insect,Jet,Humanoid,Humanoid,Humanoid,Jet,Humanoid,Helicopter,Humanoid,Humanoid,Fish,Humanoid,,,,,,,,,,,,,,,,,,,,,,,,,,,,,,,,,,,,,,,,,,,,,,,,,,,,,,,,,,,,,,,,,,,,,,,,,,,,,,,,,,,,,,,,,,,,,,,,,,,,,,,,,,,,,,,,,,
AquaticAnimal/m81_rm.obj,AquaticAnimal,manhattan+emd,neutral,AquaticAnimal,Humanoid,AquaticAnimal,Humanoid,AquaticAnimal,Jet,AquaticAnimal,Jet,Humanoid,Gun,Helicopter,Jet,Humanoid,Jet,Humanoid,AquaticAnimal,Jet,Humanoid,Helicopter,Jet,Jet,Bird,Helicopter,Helicopter,Skyscraper,Humanoid,Jet,Ship,,,,,,,,,,,,,,,,,,,,,,,,,,,,,,,,,,,,,,,,,,,,,,,,,,,,,,,,,,,,,,,,,,,,,,,,,,,,,,,,,,,,,,,,,,,,,,,,,,,,,,,,,,,,,,,,,,
AquaticAnimal/m81_rm.obj,AquaticAnimal,manhattan+kullback-leibler,neutral,AquaticAnimal,AquaticAnimal,AquaticAnimal,AquaticAnimal,AquaticAnimal,Jet,Humanoid,Jet,Humanoid,AquaticAnimal,Jet,Humanoid,Insect,Humanoid,Jet,Jet,Fish,Jet,Humanoid,Humanoid,AquaticAnimal,Skyscraper,AquaticAnimal,Humanoid,AquaticAnimal,Jet,Spoon,Fish,,,,,,,,,,,,,,,,,,,,,,,,,,,,,,,,,,,,,,,,,,,,,,,,,,,,,,,,,,,,,,,,,,,,,,,,,,,,,,,,,,,,,,,,,,,,,,,,,,,,,,,,,,,,,,,,,,
AquaticAnimal/m81_rm.obj,AquaticAnimal,knn,neutral,AquaticAnimal,AquaticAnimal,AquaticAnimal,Quadruped,Jet,Humanoid,Humanoid,Humanoid,Humanoid,Violin,Gun,Humanoid,Humanoid,Humanoid,Jet,Humanoid,Humanoid,AquaticAnimal,Ship,Humanoid,Jet,Humanoid,AquaticAnimal,Humanoid,AquaticAnimal,Humanoid,Humanoid,Humanoid,,,,,,,,,,,,,,,,,,,,,,,,,,,,,,,,,,,,,,,,,,,,,,,,,,,,,,,,,,,,,,,,,,,,,,,,,,,,,,,,,,,,,,,,,,,,,,,,,,,,,,,,,,,,,,,,,,
Bed/D00307_rm.obj,Bed,euclidean,neutral,Hand,Hand,DeskPhone,DeskPhone,Shelf,Car,Car,Car,Truck,Insect,DeskPhone,Monitor,Hand,Quadruped,Quadruped,Hand,MilitaryVehicle,Quadruped,Quadruped,Car,Car,Shelf,TruckNonContainer,Car,Car,MilitaryVehicle,,,,,,,,,,,,,,,,,,,,,,,,,,,,,,,,,,,,,,,,,,,,,,,,,,,,,,,,,,,,,,,,,,,,,,,,,,,,,,,,,,,,,,,,,,,,,,,,,,,,,,,,,,,,,,,,,,,,
Bed/D00307_rm.obj,Bed,cosine,neutral,Hand,Hand,DeskPhone,DeskPhone,DeskPhone,Monitor,Shelf,Car,PianoBoard,Car,Quadruped,Computer,Hand,Car,Hand,Monitor,Bed,DeskPhone,DeskPhone,Quadruped,Quadruped,City,ClassicPiano,DeskPhone,DeskPhone,MultiSeat,,,,,,,,,,,,,,,,,,,,,,,,,,,,,,,,,,,,,,,,,,,,,,,,,,,,,,,,,,,,,,,,,,,,,,,,,,,,,,,,,,,,,,,,,,,,,,,,,,,,,,,,,,,,,,,,,,,,
Bed/D00307_rm.obj,Bed,manhattan,neutral,Hand,Hand,DeskPhone,Shelf,DeskPhone,Car,Monitor,Car,Car,DeskPhone,DeskPhone,Quadruped,Insect,Hand,MilitaryVehicle,Hand,Humanoid,Monitor,Quadruped,Truck,Quadruped,Car,Humanoid,DeskPhone,Train,Car,,,,,,,,,,,,,,,,,,,,,,,,,,,,,,,,,,,,,,,,,,,,,,,,,,,,,,,,,,,,,,,,,,,,,,,,,,,,,,,,,,,,,,,,,,,,,,,,,,,,,,,,,,,,,,,,,,,,
Bed/D00307_rm.obj,Bed,manhattan+chi-squared,neutral,Hand,Hand,DeskPhone,DeskPhone,Shelf,Car,Insect,Car,Monitor,Quadruped,Truck,DeskPhone,Hand,Apartment,Car,Quadruped,City,MilitaryVehicle,Humanoid,Motorcycle,MilitaryVehicle,Hand,Motorcycle,Quadruped,TruckNonContainer,Shelf,,,,,,,,,,,,,,,,,,,,,,,,,,,,,,,,,,,,,,,,,,,,,,,,,,,,,,,,,,,,,,,,,,,,,,,,,,,,,,,,,,,,,,,,,,,,,,,,,,,,,,,,,,,,,,,,,,,,
Bed/D00307_rm.obj,Bed,manhattan+emd,neutral,DeskPhone,Hand,Shelf,Hand,DeskPhone,DeskPhone,Car,Quadruped,Shelf,Monitor,Hand,City,DeskPhone,Quadruped,Train,Car,Insect,City,Car,DeskPhone,Monitor,Car,Car,Car,MultiSeat,Computer,,,,,,,,,,,,,,,,,,,,,,,,,,,,,,,,,,,,,,,,,,,,,,,,,,,,,,,,,,,,,,,,,,,,,,,,,,,,,,,,,,,,,,,,,,,,,,,,,,,,,,,,,,,,,,,,,,,,
Bed/D00307_rm.obj,Bed,manhattan+kullback-leibler,neutral,Hand,Hand,DeskPhone,Monitor,Shelf,Insect,Car,Hand,City,Quadruped,Hand,Humanoid,Apartment,DeskPhone,MilitaryVehicle,Car,DeskPhone,Truck,Monitor,Biplane,Quadruped,MilitaryVehicle,Shelf,Biplane,Quadruped,Hand,,,,,,,,,,,,,,,,,,,,,,,,,,,,,,,,,,,,,,,,,,,,,,,,,,,,,,,,,,,,,,,,,,,,,,,,,,,,,,,,,,,,,,,,,,,,,,,,,,,,,,,,,,,,,,,,,,,,
Bed/D00307_rm.obj,Bed,knn,neutral,Hand,Hand,DeskPhone,DeskPhone,Car,Car,Hand,Insect,Car,Monitor,Quadruped,Hand,Quadruped,Truck,DeskPhone,MilitaryVehicle,Car,Car,Quadruped,Car,Quadruped,MilitaryVehicle,Monitor,Car,Humanoid,Car,,,,,,,,,,,,,,,,,,,,,,,,,,,,,,,,,,,,,,,,,,,,,,,,,,,,,,,,,,,,,,,,,,,,,,,,,,,,,,,,,,,,,,,,,,,,,,,,,,,,,,,,,,,,,,,,,,,,
Bed/m947_rm.obj,Bed,euclidean,neutral,MultiSeat,Computer,MultiSeat,MilitaryVehicle,Computer,RoundTable,PianoBoard,PianoBoard,Cup,BuildingNonResidential,Glasses,RectangleTable,Glasses,MultiSeat,RectangleTable,Computer,PianoBoard,RectangleTable,Tree,RoundTable,Chess,Hat,RoundTable,Monitor,PianoBoard,House,,,,,,,,,,,,,,,,,,,,,,,,,,,,,,,,,,,,,,,,,,,,,,,,,,,,,,,,,,,,,,,,,,,,,,,,,,,,,,,,,,,,,,,,,,,,,,,,,,,,,,,,,,,,,,,,,,,,
