label,category,manhattan+chi-squared_topk_pct,manhattan+emd_topk_pct,manhattan+kullback-leibler_topk_pct
AircraftBuoyant/m1337_rm.obj,AircraftBuoyant,10.0,10.0,10.0
AircraftBuoyant/m1338_rm.obj,AircraftBuoyant,10.0,10.0,10.0
AircraftBuoyant/m1343_rm.obj,AircraftBuoyant,0.0,0.0,0.0
AircraftBuoyant/m1341_rm.obj,AircraftBuoyant,10.0,10.0,0.0
AircraftBuoyant/m1342_rm.obj,AircraftBuoyant,10.0,10.0,10.0
AircraftBuoyant/m1346_rm.obj,AircraftBuoyant,30.0,20.0,40.0
AircraftBuoyant/m1349_rm.obj,AircraftBuoyant,20.0,10.0,30.0
AircraftBuoyant/m1348_rm.obj,AircraftBuoyant,30.0,30.0,40.0
AircraftBuoyant/m1345_rm.obj,AircraftBuoyant,0.0,0.0,0.0
AircraftBuoyant/m1351_rm.obj,AircraftBuoyant,0.0,0.0,0.0
Apartment/D00138_rm.obj,Apartment,0.0,20.0,0.0
Apartment/D00156_rm.obj,Apartment,10.0,10.0,10.0
AircraftBuoyant/m1344_rm.obj,AircraftBuoyant,10.0,10.0,0.0
AircraftBuoyant/m1340_rm.obj,AircraftBuoyant,10.0,10.0,10.0
AircraftBuoyant/m1350_rm.obj,AircraftBuoyant,20.0,20.0,30.0
Apartment/D00639_rm.obj,Apartment,30.0,40.0,30.0
Apartment/D00348_rm.obj,Apartment,20.0,20.0,20.0
Apartment/D00045_rm.obj,Apartment,0.0,30.0,10.0
AircraftBuoyant/m1352_rm.obj,AircraftBuoyant,10.0,0.0,30.0
Apartment/D00792_rm.obj,Apartment,10.0,10.0,10.0
Apartment/D00478_rm.obj,Apartment,30.0,40.0,40.0
Apartment/D00496_rm.obj,Apartment,0.0,10.0,0.0
AircraftBuoyant/m1339_rm.obj,AircraftBuoyant,0.0,0.0,0.0
Apartment/D00651_rm.obj,Apartment,10.0,10.0,10.0
Apartment/D00086_rm.obj,Apartment,10.0,20.0,10.0
Apartment/D00310_rm.obj,Apartment,0.0,0.0,0.0
Apartment/D00780_rm.obj,Apartment,0.0,0.0,0.0
Apartment/m463_rm.obj,Apartment,0.0,0.0,0.0
Apartment/m465_rm.obj,Apartment,0.0,0.0,0.0
AircraftBuoyant/m1347_rm.obj,AircraftBuoyant,0.0,0.0,0.0
Apartment/D00921_rm.obj,Apartment,20.0,30.0,30.0
AquaticAnimal/m56_rm.obj,AquaticAnimal,30.0,20.0,50.0
AquaticAnimal/m58_rm.obj,AquaticAnimal,0.0,0.0,0.0
Apartment/D00859_rm.obj,Apartment,0.0,0.0,0.0
Apartment/D00953_rm.obj,Apartment,0.0,0.0,0.0
Apartment/D00860_rm.obj,Apartment,30.0,40.0,40.0
Apartment/D00869_rm.obj,Apartment,0.0,0.0,0.0
AquaticAnimal/m60_rm.obj,AquaticAnimal,20.0,10.0,10.0
AquaticAnimal/m61_rm.obj,AquaticAnimal,40.0,20.0,30.0
AquaticAnimal/m62_rm.obj,AquaticAnimal,10.0,0.0,10.0
Apartment/D00366_rm.obj,Apartment,10.0,10.0,10.0
AquaticAnimal/m65_rm.obj,AquaticAnimal,0.0,0.0,0.0
Apartment/D00681_rm.obj,Apartment,30.0,10.0,30.0
AquaticAnimal/m67_rm.obj,AquaticAnimal,20.0,20.0,0.0
AquaticAnimal/m68_rm.obj,AquaticAnimal,0.0,0.0,0.0
AquaticAnimal/m55_rm.obj,AquaticAnimal,10.0,10.0,30.0
AquaticAnimal/m69_rm.obj,AquaticAnimal,40.0,30.0,40.0
Apartment/m464_rm.obj,Apartment,0.0,0.0,0.0
AquaticAnimal/m70_rm.obj,AquaticAnimal,40.0,10.0,40.0
AquaticAnimal/m72_rm.obj,AquaticAnimal,60.0,40.0,60.0
AquaticAnimal/m71_rm.obj,AquaticAnimal,10.0,0.0,10.0
AquaticAnimal/m73_rm.obj,AquaticAnimal,0.0,0.0,0.0
AquaticAnimal/m59_rm.obj,AquaticAnimal,10.0,10.0,10.0
AquaticAnimal/m75_rm.obj,AquaticAnimal,40.0,20.0,50.0
AquaticAnimal/m76_rm.obj,AquaticAnimal,30.0,10.0,30.0
AquaticAnimal/m78_rm.obj,AquaticAnimal,30.0,20.0,30.0
AquaticAnimal/m79_rm.obj,AquaticAnimal,10.0,10.0,10.0
AquaticAnimal/m77_rm.obj,AquaticAnimal,30.0,10.0,50.0
AquaticAnimal/m80_rm.obj,AquaticAnimal,40.0,20.0,40.0
AquaticAnimal/m53_rm.obj,AquaticAnimal,30.0,10.0,30.0
AquaticAnimal/m63_rm.obj,AquaticAnimal,0.0,0.0,0.0
AquaticAnimal/m64_rm.obj,AquaticAnimal,30.0,10.0,50.0
Bed/D00121_rm.obj,Bed,30.0,20.0,30.0
Bed/D00031_rm.obj,Bed,40.0,40.0,40.0
AquaticAnimal/m54_rm.obj,AquaticAnimal,20.0,20.0,20.0
Bed/D00184_rm.obj,Bed,10.0,20.0,10.0
Bed/D00210_rm.obj,Bed,40.0,50.0,40.0
Bed/D00213_rm.obj,Bed,30.0,50.0,30.0
Bed/D00217_rm.obj,Bed,20.0,20.0,20.0
AquaticAnimal/m57_rm.obj,AquaticAnimal,20.0,20.0,20.0
Bed/D00322_rm.obj,Bed,30.0,20.0,30.0
Bed/D00417_rm.obj,Bed,40.0,40.0,40.0
Bed/D00538_rm.obj,Bed,40.0,60.0,50.0
Bed/D00735_rm.obj,Bed,0.0,30.0,10.0
Bed/D00988_rm.obj,Bed,40.0,40.0,40.0
Bed/D00839_rm.obj,Bed,10.0,60.0,30.0
Apartment/D00626_rm.obj,Apartment,0.0,0.0,0.0
Bed/m945_rm.obj,Bed,30.0,20.0,30.0
Bed/m946_rm.obj,Bed,40.0,30.0,50.0
Bed/D00110_rm.obj,Bed,10.0,30.0,30.0
AquaticAnimal/m66_rm.obj,AquaticAnimal,0.0,0.0,0.0
Bed/m948_rm.obj,Bed,0.0,10.0,10.0
Bed/m949_rm.obj,Bed,10.0,0.0,10.0
Bed/m950_rm.obj,Bed,10.0,0.0,10.0
Bed/D00552_rm.obj,Bed,10.0,40.0,10.0
Bed/D00969_rm.obj,Bed,40.0,70.0,50.0
AquaticAnimal/m74_rm.obj,AquaticAnimal,60.0,20.0,60.0
Bed/D00650_rm.obj,Bed,40.0,40.0,40.0
Bicycle/D00514_rm.obj,Bicycle,100.0,80.0,90.0
AquaticAnimal/m81_rm.obj,AquaticAnimal,50.0,40.0,60.0
Bed/D00307_rm.obj,Bed,0.0,0.0,0.0
Bed/m947_rm.obj,Bed,0.0,20.0,0.0
Bed/m951_rm.obj,Bed,0.0,30.0,10.0
Bicycle/D00033_rm.obj,Bicycle,40.0,10.0,50.0
Bicycle/D00077_rm.obj,Bicycle,100.0,100.0,100.0
Bicycle/D00567_rm.obj,Bicycle,100.0,80.0,100.0
Bed/D00565_rm.obj,Bed,20.0,30.0,20.0
Bed/D00545_rm.obj,Bed,40.0,50.0,50.0
Bicycle/D00016_rm.obj,Bicycle,100.0,90.0,100.0
Bicycle/D00536_rm.obj,Bicycle,60.0,50.0,60.0
Bed/D00836_rm.obj,Bed,10.0,0.0,10.0
Bicycle/D00930_rm.obj,Bicycle,20.0,40.0,0.0
Bicycle/D00078_rm.obj,Bicycle,90.0,70.0,100.0
Bicycle/D00040_rm.obj,Bicycle,100.0,90.0,100.0
Bicycle/m1476_rm.obj,Bicycle,100.0,90.0,100.0
Bicycle/D00462_rm.obj,Bicycle,90.0,80.0,100.0
Bicycle/D00558_rm.obj,Bicycle,100.0,80.0,100.0
Bicycle/D00555_rm.obj,Bicycle,50.0,80.0,60.0
Bicycle/D00708_rm.obj,Bicycle,80.0,70.0,80.0
Bicycle/D00621_rm.obj,Bicycle,100.0,90.0,100.0
Bicycle/D00750_rm.obj,Bicycle,100.0,90.0,100.0
Bicycle/D00838_rm.obj,Bicycle,80.0,60.0,80.0
Bicycle/m1477_rm.obj,Bicycle,100.0,80.0,100.0
Bicycle/D00931_rm.obj,Bicycle,90.0,60.0,80.0
Bicycle/D00847_rm.obj,Bicycle,90.0,70.0,100.0
Bicycle/D00904_rm.obj,Bicycle,60.0,40.0,60.0
Biplane/D00276_rm.obj,Biplane,10.0,0.0,10.0
Bicycle/m1472_rm.obj,Bicycle,100.0,40.0,100.0
Bicycle/m1473_rm.obj,Bicycle,50.0,10.0,50.0
Biplane/D00410_rm.obj,Biplane,20.0,0.0,20.0
Biplane/D00601_rm.obj,Biplane,0.0,0.0,0.0
Biplane/D00178_rm.obj,Biplane,40.0,20.0,40.0
Biplane/D00199_rm.obj,Biplane,70.0,70.0,80.0
Biplane/D00069_rm.obj,Biplane,40.0,10.0,40.0
Biplane/D00132_rm.obj,Biplane,10.0,0.0,20.0
Biplane/D00632_rm.obj,Biplane,80.0,80.0,100.0
Bicycle/m1478_rm.obj,Bicycle,90.0,90.0,100.0
Biplane/D00277_rm.obj,Biplane,50.0,40.0,60.0
Bicycle/D00974_rm.obj,Bicycle,90.0,80.0,80.0
Biplane/D00666_rm.obj,Biplane,40.0,40.0,70.0
Biplane/m1120_rm.obj,Biplane,60.0,20.0,60.0
Biplane/m1119_rm.obj,Biplane,10.0,20.0,30.0
Biplane/D00320_rm.obj,Biplane,10.0,20.0,30.0
Biplane/D00515_rm.obj,Biplane,70.0,70.0,80.0
Bicycle/m1475_rm.obj,Bicycle,90.0,80.0,90.0
Biplane/D00890_rm.obj,Biplane,60.0,20.0,70.0
Biplane/m1118_rm.obj,Biplane,30.0,10.0,30.0
Biplane/D00373_rm.obj,Biplane,40.0,50.0,70.0
Biplane/D00854_rm.obj,Biplane,70.0,60.0,80.0
Biplane/D00246_rm.obj,Biplane,10.0,10.0,20.0
Biplane/D00490_rm.obj,Biplane,40.0,10.0,30.0
Biplane/m1132_rm.obj,Biplane,20.0,10.0,30.0
Biplane/m1123_rm.obj,Biplane,50.0,20.0,60.0
Biplane/D00616_rm.obj,Biplane,0.0,0.0,20.0
Biplane/D00900_rm.obj,Biplane,20.0,20.0,20.0
Biplane/m1126_rm.obj,Biplane,40.0,30.0,60.0
Biplane/m1124_rm.obj,Biplane,40.0,20.0,60.0
Biplane/m1136_rm.obj,Biplane,30.0,20.0,30.0
Biplane/D00634_rm.obj,Biplane,10.0,20.0,10.0
Biplane/m1122_rm.obj,Biplane,20.0,20.0,10.0
Biplane/m1125_rm.obj,Biplane,20.0,30.0,20.0
Biplane/m1139_rm.obj,Biplane,20.0,10.0,40.0
Biplane/m1137_rm.obj,Biplane,10.0,10.0,20.0
Biplane/m1121_rm.obj,Biplane,60.0,60.0,80.0
Bird/D00113_rm.obj,Bird,0.0,10.0,10.0
Bird/D00089_rm.obj,Bird,30.0,10.0,30.0
Biplane/m1127_rm.obj,Biplane,60.0,40.0,50.0
Biplane/m1134_rm.obj,Biplane,0.0,0.0,10.0
Biplane/m1131_rm.obj,Biplane,90.0,50.0,90.0
Biplane/m1128_rm.obj,Biplane,50.0,40.0,70.0
Biplane/m1133_rm.obj,Biplane,80.0,70.0,100.0
Bird/D00234_rm.obj,Bird,10.0,10.0,10.0
Biplane/m1129_rm.obj,Biplane,50.0,50.0,80.0
Bird/D00386_rm.obj,Bird,20.0,0.0,20.0
Bird/D00546_rm.obj,Bird,0.0,0.0,10.0
Biplane/m1144_rm.obj,Biplane,70.0,60.0,80.0
Biplane/m1138_rm.obj,Biplane,10.0,30.0,30.0
Bird/D00625_rm.obj,Bird,40.0,20.0,50.0
Biplane/m1143_rm.obj,Biplane,30.0,20.0,30.0
Bird/D00762_rm.obj,Bird,10.0,20.0,20.0
Biplane/m1146_rm.obj,Biplane,10.0,10.0,10.0
Bird/D00862_rm.obj,Bird,20.0,0.0,40.0
Bird/D00164_rm.obj,Bird,10.0,20.0,30.0
Bird/D00922_rm.obj,Bird,10.0,20.0,20.0
Bird/D00999_rm.obj,Bird,30.0,30.0,40.0
Biplane/m1135_rm.obj,Biplane,40.0,20.0,40.0
Bird/m29_rm.obj,Bird,10.0,0.0,10.0
Bird/D00323_rm.obj,Bird,0.0,0.0,0.0
Bird/m31_rm.obj,Bird,0.0,0.0,0.0
Biplane/m1141_rm.obj,Biplane,50.0,30.0,50.0
Bird/m32_rm.obj,Bird,0.0,0.0,10.0
Bird/m34_rm.obj,Bird,30.0,10.0,40.0
Bird/m33_rm.obj,Bird,0.0,0.0,0.0
Bird/m36_rm.obj,Bird,10.0,10.0,10.0
Bird/m35_rm.obj,Bird,0.0,0.0,0.0
Bird/D00736_rm.obj,Bird,30.0,30.0,30.0
Bird/m37_rm.obj,Bird,10.0,20.0,30.0
Bird/D00961_rm.obj,Bird,40.0,30.0,50.0
Bird/m44_rm.obj,Bird,0.0,10.0,10.0
Bird/D00442_rm.obj,Bird,10.0,30.0,20.0
Bird/D00271_rm.obj,Bird,20.0,20.0,20.0
Bird/D00284_rm.obj,Bird,40.0,20.0,30.0
Bird/D00438_rm.obj,Bird,40.0,30.0,50.0
Bird/m30_rm.obj,Bird,0.0,0.0,0.0
Bird/m45_rm.obj,Bird,40.0,20.0,40.0
Bird/D00599_rm.obj,Bird,50.0,30.0,60.0
Bird/m47_rm.obj,Bird,30.0,0.0,40.0
Bird/m49_rm.obj,Bird,0.0,0.0,0.0
Bird/m50_rm.obj,Bird,20.0,10.0,10.0
Bird/m51_rm.obj,Bird,20.0,10.0,20.0
Bird/m52_rm.obj,Bird,0.0,0.0,0.0
Bookset/D01013_rm.obj,Bookset,20.0,50.0,30.0
Bird/D00689_rm.obj,Bird,30.0,10.0,40.0
Bookset/D01030_rm.obj,Bookset,20.0,40.0,40.0
Bird/m38_rm.obj,Bird,30.0,20.0,30.0
Bird/m39_rm.obj,Bird,10.0,10.0,10.0
Bookset/D01050_rm.obj,Bookset,10.0,10.0,10.0
Bookset/D01065_rm.obj,Bookset,20.0,30.0,20.0
Bird/m43_rm.obj,Bird,10.0,0.0,10.0
Bird/m42_rm.obj,Bird,0.0,0.0,10.0
Bird/m28_rm.obj,Bird,10.0,0.0,10.0
Bookset/D01110_rm.obj,Bookset,10.0,10.0,10.0
Bookset/D01122_rm.obj,Bookset,0.0,0.0,0.0
Bookset/D01146_rm.obj,Bookset,10.0,10.0,10.0
Bird/m48_rm.obj,Bird,20.0,10.0,20.0
Bookset/D01182_rm.obj,Bookset,20.0,40.0,20.0
Bookset/D01009_rm.obj,Bookset,0.0,10.0,10.0
Bottle/D00020_rm.obj,Bottle,70.0,60.0,70.0
Bookset/D01042_rm.obj,Bookset,0.0,0.0,0.0
Bookset/D01096_rm.obj,Bookset,20.0,30.0,20.0
Bird/m40_rm.obj,Bird,20.0,10.0,40.0
Bottle/D00123_rm.obj,Bottle,70.0,30.0,60.0
Bookset/D01078_rm.obj,Bookset,0.0,10.0,10.0
Bird/m41_rm.obj,Bird,40.0,40.0,50.0
Bookset/D01108_rm.obj,Bookset,0.0,10.0,0.0
Bottle/D00208_rm.obj,Bottle,30.0,40.0,70.0
Bottle/D00176_rm.obj,Bottle,30.0,20.0,30.0
Bottle/D00166_rm.obj,Bottle,20.0,10.0,10.0
Bottle/D00281_rm.obj,Bottle,30.0,20.0,50.0
Bookset/D01109_rm.obj,Bookset,0.0,0.0,0.0
Bookset/D01135_rm.obj,Bookset,0.0,0.0,0.0
Bottle/D00347_rm.obj,Bottle,0.0,0.0,30.0
Bottle/D00350_rm.obj,Bottle,50.0,10.0,70.0
Bottle/D00311_rm.obj,Bottle,10.0,10.0,20.0
Bottle/D00451_rm.obj,Bottle,10.0,20.0,20.0
Bottle/D00390_rm.obj,Bottle,10.0,0.0,20.0
Bookset/D01183_rm.obj,Bookset,0.0,10.0,0.0
Bottle/D00696_rm.obj,Bottle,40.0,30.0,60.0
Bottle/D00679_rm.obj,Bottle,20.0,30.0,30.0
Bottle/D00711_rm.obj,Bottle,20.0,20.0,20.0
Bottle/D00892_rm.obj,Bottle,20.0,40.0,40.0
Bookset/D01184_rm.obj,Bookset,0.0,20.0,10.0
Bookset/D01199_rm.obj,Bookset,20.0,40.0,40.0
Bottle/D00716_rm.obj,Bottle,0.0,0.0,0.0
Bottle/D00726_rm.obj,Bottle,0.0,10.0,0.0
Bookset/D01038_rm.obj,Bookset,0.0,10.0,0.0
Bookset/D01190_rm.obj,Bookset,10.0,10.0,0.0
Bottle/D00959_rm.obj,Bottle,30.0,10.0,40.0
Bottle/D00940_rm.obj,Bottle,30.0,20.0,20.0
Bottle/m489_rm.obj,Bottle,30.0,10.0,30.0
Bottle/m488_rm.obj,Bottle,20.0,20.0,30.0
Bottle/D00139_rm.obj,Bottle,0.0,0.0,20.0
Bottle/m486_rm.obj,Bottle,40.0,30.0,50.0
Bottle/m492_rm.obj,Bottle,50.0,40.0,50.0
Bottle/m491_rm.obj,Bottle,20.0,20.0,10.0
Bottle/m490_rm.obj,Bottle,10.0,0.0,10.0
BuildingNonResidential/m382_rm.obj,BuildingNonResidential,20.0,10.0,10.0
BuildingNonResidential/m383_rm.obj,BuildingNonResidential,0.0,0.0,0.0
BuildingNonResidential/m386_rm.obj,BuildingNonResidential,10.0,10.0,10.0
BuildingNonResidential/m385_rm.obj,BuildingNonResidential,0.0,0.0,0.0
BuildingNonResidential/m387_rm.obj,BuildingNonResidential,10.0,20.0,10.0
BuildingNonResidential/m391_rm.obj,BuildingNonResidential,10.0,20.0,10.0
BuildingNonResidential/m393_rm.obj,BuildingNonResidential,0.0,0.0,0.0
BuildingNonResidential/m395_rm.obj,BuildingNonResidential,10.0,10.0,10.0
BuildingNonResidential/m396_rm.obj,BuildingNonResidential,10.0,10.0,20.0
Bottle/m483_rm.obj,Bottle,20.0,10.0,40.0
Bottle/m484_rm.obj,Bottle,70.0,50.0,90.0
BuildingNonResidential/m397_rm.obj,BuildingNonResidential,10.0,10.0,10.0
Bottle/m482_rm.obj,Bottle,40.0,40.0,60.0
BuildingNonResidential/m400_rm.obj,BuildingNonResidential,20.0,30.0,10.0
Bottle/m485_rm.obj,Bottle,30.0,30.0,30.0
BuildingNonResidential/m398_rm.obj,BuildingNonResidential,20.0,0.0,10.0
BuildingNonResidential/m401_rm.obj,BuildingNonResidential,0.0,0.0,0.0
Bottle/m487_rm.obj,Bottle,30.0,40.0,50.0
BuildingNonResidential/m389_rm.obj,BuildingNonResidential,0.0,0.0,0.0
BuildingNonResidential/m410_rm.obj,BuildingNonResidential,0.0,0.0,0.0
BuildingNonResidential/m412_rm.obj,BuildingNonResidential,0.0,0.0,0.0
BuildingNonResidential/m404_rm.obj,BuildingNonResidential,0.0,0.0,0.0
BuildingNonResidential/m399_rm.obj,BuildingNonResidential,0.0,0.0,0.0
BuildingNonResidential/m414_rm.obj,BuildingNonResidential,10.0,0.0,10.0
BuildingNonResidential/m402_rm.obj,BuildingNonResidential,0.0,0.0,0.0
BuildingNonResidential/m394_rm.obj,BuildingNonResidential,20.0,20.0,20.0
BuildingNonResidential/m392_rm.obj,BuildingNonResidential,0.0,0.0,0.0
BuildingNonResidential/m416_rm.obj,BuildingNonResidential,10.0,0.0,10.0
BuildingNonResidential/m415_rm.obj,BuildingNonResidential,0.0,10.0,0.0
BuildingNonResidential/m384_rm.obj,BuildingNonResidential,0.0,0.0,0.0
BuildingNonResidential/m409_rm.obj,BuildingNonResidential,0.0,0.0,0.0
BuildingNonResidential/m390_rm.obj,BuildingNonResidential,20.0,10.0,20.0
BuildingNonResidential/m418_rm.obj,BuildingNonResidential,10.0,10.0,10.0
BuildingNonResidential/m421_rm.obj,BuildingNonResidential,10.0,0.0,10.0
BuildingNonResidential/m420_rm.obj,BuildingNonResidential,0.0,0.0,0.0
BuildingNonResidential/m472_rm.obj,BuildingNonResidential,0.0,0.0,0.0
BuildingNonResidential/m407_rm.obj,BuildingNonResidential,0.0,10.0,0.0
BuildingNonResidential/m474_rm.obj,BuildingNonResidential,0.0,0.0,0.0
BuildingNonResidential/m408_rm.obj,BuildingNonResidential,10.0,10.0,10.0
BuildingNonResidential/m475_rm.obj,BuildingNonResidential,20.0,10.0,20.0
BuildingNonResidential/m477_rm.obj,BuildingNonResidential,0.0,0.0,0.0
BuildingNonResidential/m478_rm.obj,BuildingNonResidential,0.0,0.0,0.0
BuildingNonResidential/m479_rm.obj,BuildingNonResidential,0.0,0.0,0.0
BuildingNonResidential/m481_rm.obj,BuildingNonResidential,20.0,10.0,20.0
BuildingNonResidential/m405_rm.obj,BuildingNonResidential,10.0,20.0,10.0
BuildingNonResidential/m413_rm.obj,BuildingNonResidential,10.0,10.0,10.0
BuildingNonResidential/m406_rm.obj,BuildingNonResidential,20.0,0.0,20.0
BuildingNonResidential/m471_rm.obj,BuildingNonResidential,0.0,0.0,0.0
Bus/D00084_rm.obj,Bus,50.0,40.0,50.0
BuildingNonResidential/m470_rm.obj,BuildingNonResidential,0.0,0.0,0.0
Bus/D00151_rm.obj,Bus,10.0,0.0,10.0
Bus/D00483_rm.obj,Bus,0.0,10.0,0.0
Bus/D00179_rm.obj,Bus,50.0,50.0,50.0
Bus/D00114_rm.obj,Bus,0.0,0.0,0.0
Bus/D00448_rm.obj,Bus,0.0,10.0,0.0
Bus/D00411_rm.obj,Bus,40.0,30.0,40.0
Bus/D00264_rm.obj,Bus,50.0,60.0,50.0
Bus/D00182_rm.obj,Bus,0.0,0.0,0.0
Bus/D00446_rm.obj,Bus,10.0,0.0,10.0
Bus/D00436_rm.obj,Bus,20.0,10.0,10.0
Bus/D00677_rm.obj,Bus,0.0,10.0,0.0
Bus/D00516_rm.obj,Bus,20.0,10.0,20.0
Car/D00265_rm.obj,Car,100.0,70.0,100.0
Bus/D00754_rm.obj,Bus,20.0,50.0,20.0
Car/D00168_rm.obj,Car,70.0,40.0,80.0
Bus/D00775_rm.obj,Bus,10.0,20.0,10.0
Car/D00504_rm.obj,Car,50.0,20.0,30.0
Bus/D00769_rm.obj,Bus,10.0,0.0,20.0
Bus/D00815_rm.obj,Bus,40.0,50.0,40.0
Bus/D00857_rm.obj,Bus,40.0,50.0,40.0
Car/D00377_rm.obj,Car,100.0,60.0,30.0
Bus/D00823_rm.obj,Bus,0.0,0.0,0.0
Car/D00785_rm.obj,Car,40.0,50.0,50.0
Car/D00767_rm.obj,Car,50.0,80.0,70.0
Bus/D00832_rm.obj,Bus,10.0,10.0,10.0
Car/D00618_rm.obj,Car,100.0,70.0,100.0
Car/D00236_rm.obj,Car,10.0,10.0,10.0
Car/D00724_rm.obj,Car,30.0,20.0,20.0
Car/m1485_rm.obj,Car,10.0,40.0,40.0
Car/D00405_rm.obj,Car,30.0,30.0,30.0
Car/D00299_rm.obj,Car,0.0,0.0,0.0
Car/D00541_rm.obj,Car,20.0,10.0,10.0
Car/D00671_rm.obj,Car,90.0,40.0,90.0
Car/m1489_rm.obj,Car,30.0,30.0,30.0
Car/m1492_rm.obj,Car,0.0,10.0,0.0
Car/D00452_rm.obj,Car,10.0,20.0,10.0
Car/D00865_rm.obj,Car,30.0,10.0,50.0
Car/m1497_rm.obj,Car,40.0,30.0,20.0
Car/m1500_rm.obj,Car,30.0,30.0,30.0
Car/m1487_rm.obj,Car,20.0,20.0,20.0
Car/D00670_rm.obj,Car,100.0,90.0,100.0
Car/D00976_rm.obj,Car,20.0,0.0,20.0
Car/m1486_rm.obj,Car,40.0,50.0,50.0
Car/m1488_rm.obj,Car,0.0,10.0,0.0
Car/D00260_rm.obj,Car,10.0,10.0,10.0
Car/m1505_rm.obj,Car,20.0,20.0,10.0
Car/D00793_rm.obj,Car,90.0,80.0,90.0
Car/m1509_rm.obj,Car,0.0,10.0,10.0
Car/m1502_rm.obj,Car,40.0,20.0,20.0
Car/m1496_rm.obj,Car,60.0,30.0,70.0
Car/m1510_rm.obj,Car,40.0,40.0,30.0
Car/D00803_rm.obj,Car,0.0,10.0,0.0
Car/m1515_rm.obj,Car,40.0,30.0,20.0
Car/m1513_rm.obj,Car,0.0,0.0,0.0
Car/m1514_rm.obj,Car,40.0,20.0,30.0
Car/m1508_rm.obj,Car,20.0,10.0,20.0
Car/m1503_rm.obj,Car,0.0,0.0,0.0
Car/m1506_rm.obj,Car,20.0,10.0,20.0
Car/m1490_rm.obj,Car,0.0,20.0,10.0
Car/m1495_rm.obj,Car,30.0,30.0,40.0
Car/m1498_rm.obj,Car,90.0,60.0,90.0
Car/m1523_rm.obj,Car,100.0,90.0,100.0
Car/m1512_rm.obj,Car,10.0,0.0,0.0
Car/m1524_rm.obj,Car,70.0,60.0,80.0
Car/m1499_rm.obj,Car,0.0,30.0,10.0
Car/m1526_rm.obj,Car,90.0,80.0,90.0
Car/m1528_rm.obj,Car,70.0,50.0,70.0
Car/m1532_rm.obj,Car,30.0,30.0,40.0
Car/m1518_rm.obj,Car,100.0,90.0,100.0
Car/m1517_rm.obj,Car,100.0,50.0,100.0
Car/m1519_rm.obj,Car,90.0,70.0,90.0
Car/m1507_rm.obj,Car,20.0,10.0,30.0
Car/m1521_rm.obj,Car,90.0,50.0,60.0
Car/m1504_rm.obj,Car,10.0,10.0,20.0
Car/m1522_rm.obj,Car,100.0,90.0,100.0
Car/m1538_rm.obj,Car,100.0,80.0,100.0
Car/m1536_rm.obj,Car,80.0,50.0,70.0
Car/m1540_rm.obj,Car,100.0,60.0,70.0
Car/m1511_rm.obj,Car,30.0,30.0,20.0
Car/m1525_rm.obj,Car,30.0,60.0,40.0
Car/m1531_rm.obj,Car,70.0,70.0,80.0
Car/m1547_rm.obj,Car,30.0,0.0,30.0
Car/m1516_rm.obj,Car,80.0,70.0,90.0
Car/m1533_rm.obj,Car,80.0,60.0,70.0
Car/m1542_rm.obj,Car,40.0,20.0,20.0
Car/m1539_rm.obj,Car,100.0,60.0,20.0
Car/m1552_rm.obj,Car,90.0,80.0,100.0
Car/m1546_rm.obj,Car,30.0,40.0,50.0
Car/m1529_rm.obj,Car,80.0,70.0,80.0
Car/m1530_rm.obj,Car,80.0,60.0,90.0
Car/m1545_rm.obj,Car,60.0,40.0,70.0
Car/m1527_rm.obj,Car,90.0,30.0,80.0
Car/m1548_rm.obj,Car,50.0,30.0,50.0
Car/m1550_rm.obj,Car,100.0,100.0,90.0
Car/m1543_rm.obj,Car,100.0,80.0,90.0
Car/m1563_rm.obj,Car,0.0,0.0,0.0
Car/m1562_rm.obj,Car,0.0,0.0,0.0
Car/m1535_rm.obj,Car,40.0,20.0,40.0
Cellphone/D00018_rm.obj,Cellphone,0.0,0.0,0.0
Cellphone/D00192_rm.obj,Cellphone,40.0,30.0,20.0
Car/m1555_rm.obj,Car,20.0,10.0,0.0
Car/m1544_rm.obj,Car,20.0,20.0,10.0
Car/m1557_rm.obj,Car,30.0,50.0,40.0
Cellphone/D00312_rm.obj,Cellphone,0.0,0.0,0.0
Car/m1561_rm.obj,Car,0.0,0.0,0.0
Car/m1559_rm.obj,Car,0.0,30.0,10.0
Car/m1560_rm.obj,Car,0.0,0.0,0.0
Cellphone/D00369_rm.obj,Cellphone,20.0,30.0,20.0
Car/m1553_rm.obj,Car,80.0,60.0,80.0
Cellphone/D00440_rm.obj,Cellphone,10.0,0.0,10.0
Car/m1551_rm.obj,Car,90.0,40.0,50.0
Cellphone/D00079_rm.obj,Cellphone,0.0,0.0,0.0
Cellphone/D00848_rm.obj,Cellphone,30.0,30.0,30.0
Cellphone/D00817_rm.obj,Cellphone,50.0,30.0,40.0
Cellphone/D00032_rm.obj,Cellphone,30.0,40.0,10.0
Chess/D01017_rm.obj,Chess,0.0,0.0,0.0
Chess/D01019_rm.obj,Chess,20.0,50.0,40.0
Cellphone/D00997_rm.obj,Cellphone,10.0,10.0,10.0
Car/m1558_rm.obj,Car,20.0,0.0,10.0
Cellphone/D00327_rm.obj,Cellphone,10.0,10.0,10.0
Cellphone/D00248_rm.obj,Cellphone,10.0,0.0,10.0
Chess/D01021_rm.obj,Chess,50.0,70.0,70.0
Chess/D01049_rm.obj,Chess,70.0,10.0,80.0
Chess/D01053_rm.obj,Chess,10.0,10.0,10.0
Cellphone/D00559_rm.obj,Cellphone,20.0,30.0,20.0
Cellphone/D00527_rm.obj,Cellphone,0.0,0.0,0.0
Chess/D01080_rm.obj,Chess,90.0,90.0,90.0
Cellphone/D00542_rm.obj,Cellphone,30.0,10.0,20.0
Car/m1556_rm.obj,Car,0.0,0.0,0.0
Chess/D01081_rm.obj,Chess,50.0,70.0,70.0
Chess/D01105_rm.obj,Chess,100.0,100.0,70.0
Chess/D01123_rm.obj,Chess,50.0,50.0,20.0
Cellphone/D00979_rm.obj,Cellphone,20.0,30.0,20.0
Chess/D01138_rm.obj,Chess,20.0,50.0,40.0
Chess/D01145_rm.obj,Chess,50.0,50.0,20.0
Chess/D01186_rm.obj,Chess,50.0,70.0,70.0
Chess/D01171_rm.obj,Chess,10.0,10.0,10.0
Chess/D01188_rm.obj,Chess,10.0,10.0,10.0
Cellphone/D00152_rm.obj,Cellphone,20.0,20.0,20.0
Cellphone/D00554_rm.obj,Cellphone,10.0,0.0,20.0
Chess/m1589_rm.obj,Chess,20.0,20.0,20.0
Chess/D01043_rm.obj,Chess,50.0,50.0,70.0
Chess/m1593_rm.obj,Chess,0.0,10.0,20.0
Chess/m1591_rm.obj,Chess,20.0,20.0,20.0
Cellphone/D00362_rm.obj,Cellphone,40.0,0.0,40.0
Chess/D01045_rm.obj,Chess,90.0,80.0,90.0
Chess/m1599_rm.obj,Chess,90.0,90.0,90.0
Chess/m1600_rm.obj,Chess,20.0,30.0,40.0
Chess/m1601_rm.obj,Chess,50.0,70.0,70.0
Chess/m1604_rm.obj,Chess,70.0,10.0,80.0
Chess/m1605_rm.obj,Chess,10.0,10.0,10.0
Chess/D01112_rm.obj,Chess,90.0,90.0,90.0
Chess/D01126_rm.obj,Chess,60.0,70.0,70.0
Chess/m1608_rm.obj,Chess,10.0,10.0,10.0
Cellphone/D00902_rm.obj,Cellphone,0.0,0.0,10.0
Chess/m1609_rm.obj,Chess,30.0,70.0,70.0
Chess/m1611_rm.obj,Chess,60.0,70.0,70.0
Chess/m1614_rm.obj,Chess,50.0,50.0,20.0
Chess/m1613_rm.obj,Chess,100.0,80.0,70.0
Chess/m1596_rm.obj,Chess,0.0,0.0,0.0
Chess/m1598_rm.obj,Chess,90.0,90.0,80.0
City/D01018_rm.obj,City,10.0,0.0,0.0
Chess/m1603_rm.obj,Chess,50.0,50.0,70.0
Chess/m1602_rm.obj,Chess,100.0,80.0,90.0
City/D01001_rm.obj,City,10.0,0.0,10.0
Chess/D01099_rm.obj,Chess,10.0,20.0,10.0
Chess/m1607_rm.obj,Chess,60.0,70.0,70.0
Chess/D01130_rm.obj,Chess,100.0,90.0,100.0
City/D01079_rm.obj,City,30.0,30.0,20.0
Chess/m1610_rm.obj,Chess,10.0,10.0,10.0
Chess/m1595_rm.obj,Chess,10.0,10.0,10.0
City/D01010_rm.obj,City,10.0,10.0,10.0
City/D01007_rm.obj,City,10.0,0.0,10.0
City/D01056_rm.obj,City,0.0,0.0,0.0
Chess/m1606_rm.obj,Chess,10.0,20.0,10.0
Chess/m1612_rm.obj,Chess,90.0,80.0,100.0
City/D01092_rm.obj,City,20.0,20.0,20.0
City/D01091_rm.obj,City,0.0,0.0,0.0
City/D01103_rm.obj,City,10.0,10.0,20.0
City/D01066_rm.obj,City,20.0,30.0,20.0
City/D01181_rm.obj,City,0.0,0.0,0.0
City/D01039_rm.obj,City,40.0,40.0,30.0
City/D01124_rm.obj,City,0.0,0.0,20.0
City/D01068_rm.obj,City,10.0,10.0,10.0
City/D01133_rm.obj,City,10.0,20.0,10.0
City/m1662_rm.obj,City,30.0,30.0,20.0
ClassicPiano/D00009_rm.obj,ClassicPiano,20.0,30.0,30.0
City/D01090_rm.obj,City,30.0,40.0,30.0
City/m1652_rm.obj,City,10.0,10.0,20.0
City/m1659_rm.obj,City,20.0,20.0,10.0
City/D01173_rm.obj,City,10.0,10.0,10.0
City/D01195_rm.obj,City,10.0,10.0,10.0
City/m1664_rm.obj,City,10.0,10.0,20.0
ClassicPiano/D00005_rm.obj,ClassicPiano,0.0,0.0,0.0
ClassicPiano/D00120_rm.obj,ClassicPiano,10.0,30.0,10.0
City/m1654_rm.obj,City,10.0,10.0,10.0
City/m1660_rm.obj,City,10.0,10.0,10.0
City/m1661_rm.obj,City,30.0,30.0,30.0
City/D01192_rm.obj,City,0.0,0.0,0.0
ClassicPiano/D00279_rm.obj,ClassicPiano,0.0,0.0,0.0
ClassicPiano/D00092_rm.obj,ClassicPiano,0.0,0.0,0.0
ClassicPiano/D00034_rm.obj,ClassicPiano,0.0,0.0,0.0
ClassicPiano/D00233_rm.obj,ClassicPiano,20.0,40.0,20.0
ClassicPiano/D00983_rm.obj,ClassicPiano,30.0,0.0,30.0
ClassicPiano/D00314_rm.obj,ClassicPiano,0.0,0.0,0.0
ClassicPiano/D00605_rm.obj,ClassicPiano,10.0,10.0,10.0
ClassicPiano/D00190_rm.obj,ClassicPiano,0.0,10.0,0.0
Computer/D01023_rm.obj,Computer,10.0,10.0,10.0
Computer/D01026_rm.obj,Computer,30.0,20.0,40.0
Computer/D01002_rm.obj,Computer,0.0,10.0,0.0
ClassicPiano/D00254_rm.obj,ClassicPiano,20.0,30.0,20.0
ClassicPiano/D00305_rm.obj,ClassicPiano,0.0,0.0,0.0
Computer/D01033_rm.obj,Computer,20.0,20.0,20.0
City/D01101_rm.obj,City,0.0,0.0,0.0
ClassicPiano/D00561_rm.obj,ClassicPiano,10.0,20.0,10.0
Computer/D01037_rm.obj,Computer,20.0,20.0,20.0
Computer/D01070_rm.obj,Computer,10.0,10.0,10.0
Computer/D01067_rm.obj,Computer,40.0,10.0,40.0
ClassicPiano/D00845_rm.obj,ClassicPiano,20.0,20.0,20.0
Computer/D01072_rm.obj,Computer,20.0,20.0,20.0
Computer/D01073_rm.obj,Computer,0.0,0.0,0.0
Computer/D01071_rm.obj,Computer,0.0,0.0,0.0
Computer/D01098_rm.obj,Computer,10.0,10.0,10.0
Computer/D01102_rm.obj,Computer,10.0,10.0,10.0
Computer/D01100_rm.obj,Computer,20.0,20.0,20.0
ClassicPiano/D00579_rm.obj,ClassicPiano,20.0,10.0,20.0
Computer/D01185_rm.obj,Computer,20.0,20.0,20.0
ClassicPiano/D00789_rm.obj,ClassicPiano,20.0,30.0,20.0
Computer/m1764_rm.obj,Computer,10.0,10.0,10.0
ClassicPiano/D00784_rm.obj,ClassicPiano,20.0,30.0,20.0
Computer/m1765_rm.obj,Computer,10.0,10.0,10.0
Computer/m1766_rm.obj,Computer,20.0,20.0,20.0
Computer/D01028_rm.obj,Computer,20.0,10.0,20.0
Computer/m1767_rm.obj,Computer,0.0,10.0,0.0
ClassicPiano/D00811_rm.obj,ClassicPiano,20.0,40.0,20.0
Computer/m1770_rm.obj,Computer,20.0,20.0,20.0
Computer/m1774_rm.obj,Computer,20.0,20.0,20.0
Computer/m1776_rm.obj,Computer,20.0,20.0,20.0
Computer/m1775_rm.obj,Computer,20.0,20.0,40.0
Computer/m1777_rm.obj,Computer,20.0,20.0,20.0
Computer/m1778_rm.obj,Computer,40.0,10.0,40.0
ClassicPiano/D00967_rm.obj,ClassicPiano,0.0,10.0,10.0
Computer/D01115_rm.obj,Computer,20.0,20.0,20.0
ComputerKeyboard/D00197_rm.obj,ComputerKeyboard,60.0,90.0,60.0
ComputerKeyboard/D00360_rm.obj,ComputerKeyboard,30.0,40.0,40.0
Computer/D01164_rm.obj,Computer,0.0,0.0,0.0
Computer/D01085_rm.obj,Computer,10.0,10.0,10.0
Computer/D01082_rm.obj,Computer,0.0,0.0,0.0
ComputerKeyboard/D00525_rm.obj,ComputerKeyboard,10.0,10.0,10.0
Computer/m1769_rm.obj,Computer,10.0,10.0,10.0
Computer/m1773_rm.obj,Computer,10.0,10.0,20.0
ComputerKeyboard/D00127_rm.obj,ComputerKeyboard,70.0,70.0,70.0
ComputerKeyboard/D00278_rm.obj,ComputerKeyboard,40.0,40.0,50.0
ComputerKeyboard/D00382_rm.obj,ComputerKeyboard,80.0,80.0,80.0
ComputerKeyboard/D00116_rm.obj,ComputerKeyboard,40.0,50.0,50.0
Computer/D01128_rm.obj,Computer,10.0,20.0,10.0
ComputerKeyboard/D00569_rm.obj,ComputerKeyboard,30.0,30.0,40.0
ComputerKeyboard/D00905_rm.obj,ComputerKeyboard,70.0,70.0,70.0
Cup/D00035_rm.obj,Cup,30.0,30.0,30.0
Cup/D00067_rm.obj,Cup,20.0,30.0,20.0
Cup/D00174_rm.obj,Cup,10.0,30.0,20.0
ComputerKeyboard/D00673_rm.obj,ComputerKeyboard,60.0,60.0,60.0
Computer/m1772_rm.obj,Computer,20.0,20.0,20.0
Cup/D00206_rm.obj,Cup,20.0,30.0,20.0
Cup/D00214_rm.obj,Cup,30.0,30.0,30.0
ComputerKeyboard/D00420_rm.obj,ComputerKeyboard,70.0,80.0,90.0
Cup/D00270_rm.obj,Cup,0.0,0.0,0.0
Cup/D00328_rm.obj,Cup,10.0,20.0,10.0
ComputerKeyboard/D00493_rm.obj,ComputerKeyboard,50.0,50.0,60.0
Cup/D00355_rm.obj,Cup,10.0,0.0,10.0
Cup/D00363_rm.obj,Cup,0.0,10.0,0.0
ComputerKeyboard/D00600_rm.obj,ComputerKeyboard,40.0,60.0,50.0
Cup/D00457_rm.obj,Cup,10.0,10.0,20.0
Cup/D00463_rm.obj,Cup,10.0,10.0,10.0
ComputerKeyboard/D00676_rm.obj,ComputerKeyboard,70.0,60.0,70.0
Cup/D00519_rm.obj,Cup,0.0,0.0,0.0
ComputerKeyboard/D00990_rm.obj,ComputerKeyboard,70.0,80.0,90.0
ComputerKeyboard/D00692_rm.obj,ComputerKeyboard,60.0,60.0,70.0
Cup/D00587_rm.obj,Cup,0.0,10.0,0.0
ComputerKeyboard/D00627_rm.obj,ComputerKeyboard,80.0,80.0,70.0
Cup/D00638_rm.obj,Cup,0.0,10.0,10.0
Cup/D00550_rm.obj,Cup,0.0,10.0,0.0
Cup/D00642_rm.obj,Cup,0.0,0.0,0.0
Cup/D00843_rm.obj,Cup,10.0,20.0,0.0
ComputerKeyboard/D00597_rm.obj,ComputerKeyboard,40.0,30.0,40.0
Cup/D00738_rm.obj,Cup,10.0,10.0,10.0
Cup/m494_rm.obj,Cup,20.0,30.0,20.0
Cup/D00882_rm.obj,Cup,0.0,10.0,0.0
Cup/D00874_rm.obj,Cup,30.0,20.0,30.0
Cup/m496_rm.obj,Cup,10.0,20.0,20.0
Cup/m495_rm.obj,Cup,20.0,20.0,30.0
Cup/m500_rm.obj,Cup,20.0,20.0,20.0
ComputerKeyboard/D00654_rm.obj,ComputerKeyboard,30.0,40.0,30.0
Cup/m501_rm.obj,Cup,30.0,30.0,30.0
Cup/m498_rm.obj,Cup,20.0,30.0,20.0
Cup/m502_rm.obj,Cup,20.0,20.0,20.0
DeskLamp/D00048_rm.obj,DeskLamp,10.0,0.0,10.0
ComputerKeyboard/D00805_rm.obj,ComputerKeyboard,50.0,50.0,60.0
DeskLamp/D00090_rm.obj,DeskLamp,0.0,0.0,0.0
DeskLamp/D00147_rm.obj,DeskLamp,60.0,80.0,60.0
DeskLamp/D00257_rm.obj,DeskLamp,0.0,0.0,0.0
DeskLamp/D00378_rm.obj,DeskLamp,60.0,80.0,70.0
DeskLamp/D00435_rm.obj,DeskLamp,20.0,30.0,20.0
DeskLamp/D00330_rm.obj,DeskLamp,50.0,60.0,40.0
DeskLamp/D00455_rm.obj,DeskLamp,50.0,50.0,40.0
DeskLamp/D00698_rm.obj,DeskLamp,30.0,50.0,20.0
DeskLamp/D00693_rm.obj,DeskLamp,10.0,20.0,0.0
DeskLamp/D00686_rm.obj,DeskLamp,40.0,90.0,70.0
DeskLamp/D00531_rm.obj,DeskLamp,10.0,10.0,10.0
DeskLamp/D00547_rm.obj,DeskLamp,10.0,30.0,10.0
DeskLamp/D00715_rm.obj,DeskLamp,50.0,80.0,70.0
DeskLamp/D00744_rm.obj,DeskLamp,0.0,10.0,0.0
DeskLamp/D00759_rm.obj,DeskLamp,10.0,0.0,10.0
DeskLamp/m603_rm.obj,DeskLamp,0.0,0.0,0.0
DeskLamp/D00912_rm.obj,DeskLamp,80.0,90.0,70.0
Cup/m499_rm.obj,Cup,0.0,20.0,10.0
DeskLamp/m609_rm.obj,DeskLamp,0.0,0.0,0.0
DeskLamp/m613_rm.obj,DeskLamp,0.0,0.0,0.0
DeskLamp/m614_rm.obj,DeskLamp,0.0,40.0,0.0
DeskLamp/D00268_rm.obj,DeskLamp,10.0,10.0,10.0
DeskLamp/m615_rm.obj,DeskLamp,0.0,0.0,0.0
Cup/m497_rm.obj,Cup,0.0,0.0,0.0
DeskPhone/D00135_rm.obj,DeskPhone,20.0,10.0,20.0
DeskPhone/D00118_rm.obj,DeskPhone,0.0,10.0,10.0
Cup/m526_rm.obj,Cup,0.0,0.0,0.0
DeskPhone/D00154_rm.obj,DeskPhone,0.0,0.0,0.0
DeskPhone/D00220_rm.obj,DeskPhone,10.0,0.0,10.0
DeskPhone/D00318_rm.obj,DeskPhone,0.0,0.0,0.0
DeskPhone/D00403_rm.obj,DeskPhone,0.0,10.0,0.0
DeskPhone/D00486_rm.obj,DeskPhone,10.0,20.0,10.0
DeskLamp/D00776_rm.obj,DeskLamp,60.0,50.0,70.0
DeskPhone/D00556_rm.obj,DeskPhone,0.0,10.0,0.0
DeskLamp/m605_rm.obj,DeskLamp,20.0,40.0,20.0
DeskPhone/D00680_rm.obj,DeskPhone,0.0,0.0,0.0
DeskLamp/m608_rm.obj,DeskLamp,0.0,10.0,10.0
DeskLamp/m606_rm.obj,DeskLamp,50.0,80.0,60.0
DeskPhone/D00773_rm.obj,DeskPhone,0.0,10.0,0.0
DeskLamp/m611_rm.obj,DeskLamp,50.0,90.0,70.0
DeskPhone/D00829_rm.obj,DeskPhone,0.0,0.0,0.0
DeskPhone/D00894_rm.obj,DeskPhone,0.0,0.0,0.0
DeskPhone/D00897_rm.obj,DeskPhone,20.0,10.0,10.0
DeskPhone/D00316_rm.obj,DeskPhone,20.0,20.0,20.0
DeskPhone/D00899_rm.obj,DeskPhone,20.0,10.0,30.0
Door/D01005_rm.obj,Door,80.0,80.0,80.0
Door/D01029_rm.obj,Door,10.0,10.0,10.0
Door/D01052_rm.obj,Door,10.0,10.0,10.0
DeskPhone/D00511_rm.obj,DeskPhone,0.0,0.0,0.0
DeskLamp/D00797_rm.obj,DeskLamp,60.0,90.0,70.0
Door/D01076_rm.obj,Door,40.0,50.0,40.0
Door/D01114_rm.obj,Door,60.0,50.0,70.0
Door/D01136_rm.obj,Door,80.0,50.0,80.0
DeskLamp/m604_rm.obj,DeskLamp,0.0,20.0,0.0
DeskPhone/D00958_rm.obj,DeskPhone,0.0,10.0,0.0
Door/D01139_rm.obj,Door,10.0,30.0,10.0
Door/D01141_rm.obj,Door,100.0,80.0,100.0
Door/D01143_rm.obj,Door,50.0,80.0,60.0
DeskLamp/m616_rm.obj,DeskLamp,50.0,90.0,70.0
Door/D01158_rm.obj,Door,70.0,80.0,90.0
DeskPhone/D00957_rm.obj,DeskPhone,30.0,0.0,20.0
Door/D01177_rm.obj,Door,40.0,60.0,60.0
Door/D01194_rm.obj,Door,40.0,50.0,40.0
Door/m1707_rm.obj,Door,10.0,10.0,10.0
Door/D01129_rm.obj,Door,60.0,20.0,60.0
Door/D01104_rm.obj,Door,70.0,70.0,70.0
Door/m1712_rm.obj,Door,40.0,40.0,60.0
Door/m1713_rm.obj,Door,80.0,80.0,80.0
Door/D01121_rm.obj,Door,50.0,70.0,70.0
DeskPhone/D00576_rm.obj,DeskPhone,20.0,10.0,20.0
Door/m1715_rm.obj,Door,10.0,10.0,10.0
Door/m1716_rm.obj,Door,100.0,80.0,100.0
Door/D01144_rm.obj,Door,30.0,30.0,30.0
Door/m1720_rm.obj,Door,80.0,50.0,80.0
Door/D01155_rm.obj,Door,40.0,50.0,20.0
Door/m1721_rm.obj,Door,80.0,80.0,90.0
Door/m1722_rm.obj,Door,60.0,50.0,70.0
Door/D01058_rm.obj,Door,60.0,70.0,50.0
Door/D01062_rm.obj,Door,90.0,90.0,80.0
Door/m1710_rm.obj,Door,70.0,80.0,70.0
Door/m1727_rm.obj,Door,50.0,40.0,30.0
Door/m1711_rm.obj,Door,30.0,30.0,30.0
Door/m1708_rm.obj,Door,60.0,70.0,70.0
Door/m1728_rm.obj,Door,60.0,70.0,50.0
Door/m1729_rm.obj,Door,30.0,30.0,50.0
Door/m1730_rm.obj,Door,30.0,30.0,50.0
Door/m1732_rm.obj,Door,80.0,70.0,80.0
Door/m1731_rm.obj,Door,80.0,80.0,90.0
Door/m1714_rm.obj,Door,70.0,70.0,70.0
Door/m1718_rm.obj,Door,60.0,30.0,60.0
Drum/D00115_rm.obj,Drum,40.0,30.0,30.0
Door/D01167_rm.obj,Door,80.0,70.0,90.0
Drum/D00298_rm.obj,Drum,0.0,0.0,0.0
Door/m1726_rm.obj,Door,10.0,10.0,10.0
Drum/D00163_rm.obj,Drum,0.0,0.0,0.0
Drum/D00063_rm.obj,Drum,0.0,0.0,0.0
Door/m1717_rm.obj,Door,50.0,70.0,50.0
Drum/D00189_rm.obj,Drum,10.0,0.0,0.0
Drum/D00308_rm.obj,Drum,30.0,20.0,20.0
Door/m1723_rm.obj,Door,100.0,90.0,80.0
Door/m1724_rm.obj,Door,80.0,70.0,90.0
Drum/D00709_rm.obj,Drum,0.0,0.0,0.0
Door/m1725_rm.obj,Door,0.0,0.0,0.0
Drum/D00383_rm.obj,Drum,10.0,20.0,10.0
Drum/D00980_rm.obj,Drum,10.0,10.0,10.0
Fish/D00012_rm.obj,Fish,80.0,20.0,80.0
Drum/D00026_rm.obj,Drum,0.0,0.0,0.0
Drum/D00551_rm.obj,Drum,10.0,20.0,20.0
Fish/D00022_rm.obj,Fish,60.0,20.0,60.0
Drum/D00297_rm.obj,Drum,0.0,0.0,0.0
Drum/D00375_rm.obj,Drum,0.0,0.0,0.0
Fish/D00024_rm.obj,Fish,10.0,0.0,40.0
Drum/D00193_rm.obj,Drum,10.0,20.0,10.0
Fish/D00142_rm.obj,Fish,50.0,40.0,50.0
Fish/D00030_rm.obj,Fish,30.0,0.0,30.0
Drum/D00557_rm.obj,Drum,0.0,0.0,0.0
Drum/D00596_rm.obj,Drum,0.0,0.0,0.0
Fish/D00293_rm.obj,Fish,40.0,50.0,50.0
Fish/D00165_rm.obj,Fish,40.0,0.0,60.0
Fish/D00251_rm.obj,Fish,0.0,0.0,0.0
Fish/D00398_rm.obj,Fish,50.0,30.0,50.0
Fish/D00450_rm.obj,Fish,50.0,40.0,60.0
Fish/D00535_rm.obj,Fish,30.0,20.0,20.0
Fish/D00633_rm.obj,Fish,50.0,30.0,60.0
Fish/D00643_rm.obj,Fish,50.0,40.0,70.0
Fish/D00682_rm.obj,Fish,60.0,10.0,20.0
Drum/D00939_rm.obj,Drum,10.0,20.0,10.0
Fish/D00748_rm.obj,Fish,60.0,30.0,60.0
Fish/D00636_rm.obj,Fish,60.0,60.0,70.0
Drum/D00982_rm.obj,Drum,10.0,0.0,0.0
Fish/D00763_rm.obj,Fish,0.0,0.0,0.0
FloorLamp/D00028_rm.obj,FloorLamp,30.0,10.0,50.0
Fish/D00950_rm.obj,Fish,50.0,50.0,60.0
Drum/D00404_rm.obj,Drum,40.0,40.0,40.0
Fish/D00850_rm.obj,Fish,60.0,40.0,70.0
FloorLamp/D00211_rm.obj,FloorLamp,10.0,0.0,10.0
FloorLamp/D00228_rm.obj,FloorLamp,10.0,20.0,20.0
FloorLamp/D00186_rm.obj,FloorLamp,0.0,10.0,20.0
FloorLamp/D00400_rm.obj,FloorLamp,40.0,20.0,30.0
FloorLamp/D00447_rm.obj,FloorLamp,0.0,10.0,0.0
FloorLamp/D00495_rm.obj,FloorLamp,0.0,0.0,0.0
FloorLamp/D00740_rm.obj,FloorLamp,10.0,30.0,10.0
FloorLamp/D00563_rm.obj,FloorLamp,10.0,10.0,10.0
FloorLamp/D00856_rm.obj,FloorLamp,10.0,30.0,30.0
FloorLamp/D00875_rm.obj,FloorLamp,10.0,0.0,10.0
FloorLamp/D00876_rm.obj,FloorLamp,0.0,10.0,0.0
FloorLamp/D00955_rm.obj,FloorLamp,20.0,10.0,30.0
FloorLamp/D00888_rm.obj,FloorLamp,0.0,0.0,0.0
Drum/D00951_rm.obj,Drum,40.0,40.0,40.0
FloorLamp/D00924_rm.obj,FloorLamp,0.0,0.0,10.0
FloorLamp/m617_rm.obj,FloorLamp,0.0,0.0,0.0
FloorLamp/m618_rm.obj,FloorLamp,30.0,30.0,30.0
FloorLamp/m619_rm.obj,FloorLamp,0.0,0.0,0.0
FloorLamp/m621_rm.obj,FloorLamp,40.0,30.0,30.0
FloorLamp/m620_rm.obj,FloorLamp,20.0,20.0,20.0
FloorLamp/m624_rm.obj,FloorLamp,0.0,10.0,0.0
FloorLamp/m623_rm.obj,FloorLamp,0.0,10.0,0.0
FloorLamp/m622_rm.obj,FloorLamp,30.0,20.0,20.0
Glasses/D00225_rm.obj,Glasses,20.0,90.0,50.0
Glasses/D00050_rm.obj,Glasses,60.0,100.0,90.0
Glasses/D00201_rm.obj,Glasses,20.0,60.0,40.0
Glasses/D00475_rm.obj,Glasses,20.0,50.0,30.0
FloorLamp/D00580_rm.obj,FloorLamp,40.0,30.0,0.0
Glasses/D00507_rm.obj,Glasses,60.0,100.0,90.0
FloorLamp/D00408_rm.obj,FloorLamp,0.0,10.0,0.0
Glasses/D00575_rm.obj,Glasses,60.0,90.0,70.0
FloorLamp/D00388_rm.obj,FloorLamp,0.0,0.0,0.0
Glasses/D00630_rm.obj,Glasses,10.0,60.0,40.0
Glasses/D00640_rm.obj,Glasses,50.0,100.0,70.0
Fish/D00351_rm.obj,Fish,30.0,10.0,20.0
Glasses/D00717_rm.obj,Glasses,0.0,60.0,20.0
FloorLamp/D00981_rm.obj,FloorLamp,30.0,20.0,30.0
Glasses/D00813_rm.obj,Glasses,10.0,20.0,20.0
Glasses/D00816_rm.obj,Glasses,80.0,100.0,90.0
Glasses/D00730_rm.obj,Glasses,30.0,100.0,40.0
Glasses/D00877_rm.obj,Glasses,10.0,60.0,30.0
Glasses/D00937_rm.obj,Glasses,70.0,100.0,80.0
Glasses/D00883_rm.obj,Glasses,80.0,100.0,90.0
Guitar/D00023_rm.obj,Guitar,30.0,30.0,30.0
FloorLamp/D00093_rm.obj,FloorLamp,0.0,0.0,0.0
Guitar/D00041_rm.obj,Guitar,20.0,0.0,20.0
Guitar/D00097_rm.obj,Guitar,10.0,10.0,10.0
Guitar/D00222_rm.obj,Guitar,20.0,20.0,0.0
DeskPhone/D00706_rm.obj,DeskPhone,20.0,30.0,30.0
Guitar/D00335_rm.obj,Guitar,20.0,10.0,20.0
Glasses/D00432_rm.obj,Glasses,30.0,100.0,50.0
Glasses/D00656_rm.obj,Glasses,50.0,100.0,70.0
Glasses/D00560_rm.obj,Glasses,60.0,100.0,80.0
Guitar/D00534_rm.obj,Guitar,50.0,20.0,40.0
Guitar/D00549_rm.obj,Guitar,20.0,30.0,20.0
Guitar/D00655_rm.obj,Guitar,10.0,10.0,10.0
Glasses/D00994_rm.obj,Glasses,0.0,10.0,0.0
Gun/D00103_rm.obj,Gun,70.0,10.0,40.0
Guitar/D00414_rm.obj,Guitar,0.0,0.0,0.0
Guitar/D00416_rm.obj,Guitar,20.0,20.0,20.0
Gun/D00137_rm.obj,Gun,60.0,40.0,70.0
Gun/D00140_rm.obj,Gun,30.0,0.0,30.0
Guitar/D00461_rm.obj,Guitar,10.0,10.0,10.0
Guitar/D00494_rm.obj,Guitar,50.0,30.0,50.0
Gun/D00153_rm.obj,Gun,60.0,40.0,60.0
Guitar/D00464_rm.obj,Guitar,20.0,10.0,10.0
Gun/D00161_rm.obj,Gun,10.0,0.0,20.0
Guitar/D00076_rm.obj,Guitar,40.0,20.0,40.0
Guitar/D00645_rm.obj,Guitar,40.0,0.0,40.0
Gun/D00244_rm.obj,Gun,30.0,30.0,30.0
Glasses/D00660_rm.obj,Glasses,80.0,100.0,100.0
Gun/D00368_rm.obj,Gun,60.0,40.0,50.0
Guitar/D00124_rm.obj,Guitar,50.0,20.0,50.0
Guitar/D00232_rm.obj,Guitar,20.0,30.0,20.0
Gun/D00606_rm.obj,Gun,70.0,60.0,50.0
Gun/D00802_rm.obj,Gun,10.0,20.0,0.0
Guitar/D00374_rm.obj,Guitar,40.0,20.0,40.0
Gun/D00929_rm.obj,Gun,50.0,50.0,50.0
Gun/m648_rm.obj,Gun,50.0,50.0,20.0
Guitar/D00844_rm.obj,Guitar,0.0,0.0,0.0
Gun/D00207_rm.obj,Gun,10.0,10.0,10.0
Gun/m651_rm.obj,Gun,0.0,10.0,0.0
Guitar/D00849_rm.obj,Guitar,40.0,30.0,40.0
Gun/D00239_rm.obj,Gun,10.0,0.0,10.0
Gun/D00209_rm.obj,Gun,20.0,10.0,30.0
Gun/m654_rm.obj,Gun,40.0,60.0,20.0
Gun/m653_rm.obj,Gun,30.0,10.0,30.0
Gun/D00477_rm.obj,Gun,20.0,20.0,30.0
Gun/D00819_rm.obj,Gun,60.0,50.0,30.0
Gun/m657_rm.obj,Gun,0.0,0.0,0.0
Gun/m658_rm.obj,Gun,40.0,40.0,40.0
Gun/m659_rm.obj,Gun,50.0,20.0,20.0
Gun/m661_rm.obj,Gun,90.0,20.0,40.0
Gun/D00972_rm.obj,Gun,10.0,0.0,10.0
Gun/D00204_rm.obj,Gun,60.0,60.0,50.0
Gun/m650_rm.obj,Gun,0.0,0.0,0.0
Gun/m662_rm.obj,Gun,90.0,30.0,70.0
Gun/m663_rm.obj,Gun,70.0,60.0,70.0
Gun/m664_rm.obj,Gun,60.0,40.0,50.0
Gun/m665_rm.obj,Gun,0.0,0.0,0.0
Gun/m667_rm.obj,Gun,20.0,0.0,10.0
Gun/m668_rm.obj,Gun,10.0,10.0,0.0
Gun/m670_rm.obj,Gun,0.0,10.0,20.0
Gun/D00425_rm.obj,Gun,60.0,60.0,60.0
Gun/D00282_rm.obj,Gun,30.0,30.0,30.0
Gun/m655_rm.obj,Gun,60.0,30.0,60.0
Gun/m672_rm.obj,Gun,20.0,20.0,20.0
Gun/m656_rm.obj,Gun,10.0,10.0,10.0
Gun/m674_rm.obj,Gun,10.0,20.0,10.0
Gun/m675_rm.obj,Gun,30.0,20.0,30.0
Gun/m676_rm.obj,Gun,20.0,0.0,10.0
Gun/m677_rm.obj,Gun,10.0,20.0,10.0
Gun/D00826_rm.obj,Gun,50.0,30.0,40.0
Gun/m660_rm.obj,Gun,10.0,0.0,10.0
Gun/m649_rm.obj,Gun,30.0,60.0,20.0
Gun/m680_rm.obj,Gun,0.0,20.0,10.0
Gun/m683_rm.obj,Gun,30.0,30.0,40.0
Gun/m684_rm.obj,Gun,0.0,0.0,0.0
Gun/m685_rm.obj,Gun,0.0,0.0,0.0
Gun/m652_rm.obj,Gun,50.0,50.0,40.0
Hand/D01024_rm.obj,Hand,20.0,50.0,50.0
Hand/D01006_rm.obj,Hand,20.0,20.0,10.0
Hand/D01020_rm.obj,Hand,30.0,0.0,10.0
Hand/D01041_rm.obj,Hand,40.0,30.0,30.0
Hand/D01060_rm.obj,Hand,50.0,30.0,30.0
Hand/D01074_rm.obj,Hand,10.0,10.0,30.0
Gun/m671_rm.obj,Gun,40.0,30.0,40.0
Hand/D01106_rm.obj,Hand,10.0,10.0,10.0
Hand/D01118_rm.obj,Hand,30.0,10.0,20.0
Hand/D01093_rm.obj,Hand,30.0,10.0,20.0
Hand/D01153_rm.obj,Hand,10.0,10.0,10.0
Hand/D01097_rm.obj,Hand,20.0,30.0,30.0
Gun/m678_rm.obj,Gun,0.0,0.0,0.0
Hand/D01117_rm.obj,Hand,20.0,20.0,10.0
Hand/D01162_rm.obj,Hand,10.0,10.0,10.0
Gun/m679_rm.obj,Gun,20.0,20.0,30.0
Gun/m681_rm.obj,Gun,40.0,20.0,50.0
Gun/m682_rm.obj,Gun,10.0,30.0,20.0
Hand/D01170_rm.obj,Hand,30.0,10.0,30.0
Hand/D01193_rm.obj,Hand,30.0,20.0,30.0
Hand/D01198_rm.obj,Hand,10.0,10.0,10.0
Hand/D01172_rm.obj,Hand,40.0,10.0,30.0
Hand/D01197_rm.obj,Hand,0.0,10.0,20.0
Hand/m323_rm.obj,Hand,40.0,10.0,30.0
Hand/D01200_rm.obj,Hand,30.0,20.0,30.0
Hand/m324_rm.obj,Hand,10.0,10.0,10.0
Hand/m325_rm.obj,Hand,50.0,30.0,30.0
Hand/m326_rm.obj,Hand,60.0,30.0,30.0
Hand/m327_rm.obj,Hand,30.0,10.0,40.0
Gun/m666_rm.obj,Gun,0.0,0.0,10.0
Hand/m328_rm.obj,Hand,10.0,20.0,10.0
Gun/m669_rm.obj,Gun,10.0,20.0,10.0
Hand/m331_rm.obj,Hand,20.0,10.0,30.0
Hand/m329_rm.obj,Hand,20.0,30.0,30.0
Hand/D01022_rm.obj,Hand,10.0,10.0,10.0
Hand/m334_rm.obj,Hand,30.0,30.0,50.0
Hand/m333_rm.obj,Hand,0.0,0.0,0.0
Hand/m332_rm.obj,Hand,10.0,10.0,10.0
Hand/m337_rm.obj,Hand,10.0,10.0,10.0
Hand/m336_rm.obj,Hand,30.0,10.0,30.0
Hand/m335_rm.obj,Hand,30.0,20.0,10.0
Hand/m338_rm.obj,Hand,30.0,10.0,30.0
Hand/m339_rm.obj,Hand,10.0,10.0,10.0
Hat/m1627_rm.obj,Hat,0.0,10.0,0.0
Hat/m1628_rm.obj,Hat,0.0,0.0,0.0
Hat/m1630_rm.obj,Hat,0.0,0.0,0.0
Hat/m1633_rm.obj,Hat,10.0,20.0,10.0
Hat/m1636_rm.obj,Hat,10.0,30.0,10.0
Hat/m1634_rm.obj,Hat,10.0,10.0,10.0
Hat/m1637_rm.obj,Hat,0.0,0.0,0.0
Gun/m686_rm.obj,Gun,40.0,30.0,40.0
Hat/m1639_rm.obj,Hat,20.0,10.0,20.0
Hat/m1641_rm.obj,Hat,0.0,10.0,0.0
Hat/m1640_rm.obj,Hat,0.0,0.0,0.0
Hat/m1638_rm.obj,Hat,20.0,10.0,20.0
Helicopter/D00423_rm.obj,Helicopter,40.0,20.0,40.0
Helicopter/D00470_rm.obj,Helicopter,40.0,30.0,40.0
Hand/m330_rm.obj,Hand,10.0,10.0,10.0
Hat/m1632_rm.obj,Hat,10.0,10.0,10.0
Helicopter/D00397_rm.obj,Helicopter,100.0,80.0,100.0
Helicopter/D00471_rm.obj,Helicopter,60.0,10.0,60.0
Helicopter/D00796_rm.obj,Helicopter,10.0,10.0,10.0
Helicopter/D00500_rm.obj,Helicopter,90.0,70.0,90.0
Helicopter/D00502_rm.obj,Helicopter,40.0,40.0,40.0
Helicopter/D00658_rm.obj,Helicopter,90.0,60.0,90.0
Helicopter/D00868_rm.obj,Helicopter,50.0,40.0,10.0
Helicopter/D00644_rm.obj,Helicopter,70.0,80.0,60.0
Hat/m1629_rm.obj,Hat,0.0,0.0,0.0
Hat/m1631_rm.obj,Hat,0.0,0.0,0.0
Helicopter/D00361_rm.obj,Helicopter,50.0,70.0,70.0
Helicopter/D00038_rm.obj,Helicopter,0.0,0.0,0.0
Helicopter/D00986_rm.obj,Helicopter,70.0,30.0,40.0
Helicopter/D00191_rm.obj,Helicopter,30.0,40.0,30.0
Hat/m1635_rm.obj,Hat,10.0,10.0,10.0
Helicopter/m1307_rm.obj,Helicopter,50.0,60.0,60.0
Helicopter/m1305_rm.obj,Helicopter,20.0,10.0,20.0
Helicopter/m1308_rm.obj,Helicopter,80.0,70.0,70.0
Helicopter/D00498_rm.obj,Helicopter,80.0,60.0,80.0
Helicopter/D00473_rm.obj,Helicopter,60.0,50.0,70.0
Helicopter/m1311_rm.obj,Helicopter,30.0,60.0,30.0
Helicopter/m1310_rm.obj,Helicopter,40.0,20.0,40.0
Helicopter/D00820_rm.obj,Helicopter,50.0,50.0,30.0
Helicopter/m1312_rm.obj,Helicopter,20.0,10.0,10.0
Helicopter/D00977_rm.obj,Helicopter,100.0,60.0,100.0
Helicopter/m1317_rm.obj,Helicopter,70.0,30.0,40.0
Helicopter/m1320_rm.obj,Helicopter,80.0,40.0,50.0
Helicopter/m1322_rm.obj,Helicopter,90.0,90.0,80.0
Helicopter/D00991_rm.obj,Helicopter,30.0,10.0,30.0
Helicopter/D00751_rm.obj,Helicopter,10.0,0.0,10.0
Helicopter/m1309_rm.obj,Helicopter,30.0,10.0,30.0
Helicopter/m1327_rm.obj,Helicopter,70.0,40.0,50.0
Helicopter/m1313_rm.obj,Helicopter,50.0,40.0,60.0
Helicopter/m1328_rm.obj,Helicopter,60.0,70.0,60.0
Helicopter/m1314_rm.obj,Helicopter,70.0,60.0,30.0
Helicopter/m1315_rm.obj,Helicopter,40.0,40.0,40.0
Helicopter/m1316_rm.obj,Helicopter,0.0,0.0,0.0
Helicopter/m1318_rm.obj,Helicopter,50.0,40.0,10.0
Helicopter/m1329_rm.obj,Helicopter,0.0,0.0,0.0
Helicopter/m1332_rm.obj,Helicopter,40.0,30.0,40.0
Helicopter/m1319_rm.obj,Helicopter,50.0,30.0,30.0
Helicopter/m1336_rm.obj,Helicopter,20.0,10.0,20.0
Helicopter/m1321_rm.obj,Helicopter,50.0,40.0,50.0
Helicopter/m1323_rm.obj,Helicopter,90.0,90.0,100.0
House/D00091_rm.obj,House,10.0,10.0,10.0
House/D00095_rm.obj,House,20.0,40.0,20.0
Helicopter/m1302_rm.obj,Helicopter,20.0,10.0,20.0
Helicopter/m1325_rm.obj,Helicopter,30.0,10.0,30.0
Helicopter/m1326_rm.obj,Helicopter,30.0,10.0,20.0
Helicopter/m1304_rm.obj,Helicopter,0.0,0.0,0.0
Helicopter/m1306_rm.obj,Helicopter,80.0,30.0,50.0
House/D00568_rm.obj,House,20.0,20.0,20.0
House/D00889_rm.obj,House,10.0,0.0,10.0
Helicopter/m1334_rm.obj,Helicopter,10.0,10.0,10.0
House/D00415_rm.obj,House,10.0,10.0,10.0
House/D00325_rm.obj,House,0.0,10.0,0.0
House/D00454_rm.obj,House,10.0,10.0,10.0
Helicopter/m1330_rm.obj,Helicopter,10.0,0.0,10.0
House/D00044_rm.obj,House,30.0,50.0,30.0
House/m423_rm.obj,House,0.0,0.0,0.0
Helicopter/m1333_rm.obj,Helicopter,10.0,10.0,10.0
House/D00665_rm.obj,House,30.0,20.0,30.0
House/D00941_rm.obj,House,10.0,10.0,10.0
House/D00873_rm.obj,House,10.0,10.0,10.0
House/m432_rm.obj,House,10.0,10.0,20.0
House/D00574_rm.obj,House,0.0,10.0,0.0
House/m436_rm.obj,House,0.0,0.0,0.0
House/m429_rm.obj,House,30.0,60.0,40.0
House/m439_rm.obj,House,0.0,10.0,0.0
House/m430_rm.obj,House,10.0,10.0,10.0
House/D00946_rm.obj,House,10.0,10.0,20.0
House/m433_rm.obj,House,0.0,0.0,0.0
House/m440_rm.obj,House,0.0,0.0,0.0
House/D00286_rm.obj,House,30.0,50.0,30.0
House/m434_rm.obj,House,10.0,10.0,10.0
House/m443_rm.obj,House,10.0,30.0,20.0
House/D00965_rm.obj,House,10.0,10.0,10.0
House/m447_rm.obj,House,0.0,0.0,0.0
House/m435_rm.obj,House,10.0,30.0,20.0
House/D00001_rm.obj,House,30.0,60.0,30.0
House/m431_rm.obj,House,10.0,0.0,10.0
House/m452_rm.obj,House,0.0,0.0,10.0
House/m453_rm.obj,House,10.0,0.0,10.0
House/D00901_rm.obj,House,20.0,40.0,20.0
House/m454_rm.obj,House,0.0,0.0,0.0
House/m457_rm.obj,House,10.0,30.0,20.0
House/m441_rm.obj,House,10.0,10.0,10.0
House/m461_rm.obj,House,0.0,0.0,0.0
House/m462_rm.obj,House,0.0,0.0,0.0
HumanHead/D00106_rm.obj,HumanHead,10.0,10.0,10.0
HumanHead/D00205_rm.obj,HumanHead,60.0,60.0,70.0
HumanHead/D00072_rm.obj,HumanHead,50.0,50.0,50.0
HumanHead/D00131_rm.obj,HumanHead,60.0,60.0,60.0
House/m449_rm.obj,House,0.0,40.0,20.0
House/m456_rm.obj,House,0.0,0.0,0.0
HumanHead/D00487_rm.obj,HumanHead,80.0,80.0,70.0
HumanHead/D00313_rm.obj,HumanHead,30.0,30.0,40.0
HumanHead/D00488_rm.obj,HumanHead,30.0,40.0,50.0
HumanHead/D00566_rm.obj,HumanHead,80.0,80.0,80.0
HumanHead/D00578_rm.obj,HumanHead,20.0,20.0,20.0
HumanHead/D00013_rm.obj,HumanHead,50.0,60.0,60.0
HumanHead/D00591_rm.obj,HumanHead,80.0,60.0,80.0
HumanHead/D00629_rm.obj,HumanHead,50.0,50.0,50.0
House/m448_rm.obj,House,30.0,20.0,30.0
House/m451_rm.obj,House,0.0,0.0,0.0
HumanHead/m340_rm.obj,HumanHead,40.0,70.0,40.0
House/m460_rm.obj,House,0.0,0.0,0.0
HumanHead/D00434_rm.obj,HumanHead,60.0,60.0,70.0
HumanHead/D00061_rm.obj,HumanHead,40.0,60.0,50.0
HumanHead/m341_rm.obj,HumanHead,60.0,70.0,60.0
HumanHead/D00653_rm.obj,HumanHead,20.0,30.0,30.0
House/D00359_rm.obj,House,20.0,50.0,40.0
House/m446_rm.obj,House,0.0,0.0,0.0
HumanHead/D00984_rm.obj,HumanHead,10.0,10.0,20.0
HumanHead/D00910_rm.obj,HumanHead,0.0,0.0,0.0
HumanHead/m342_rm.obj,HumanHead,50.0,60.0,50.0
HumanHead/m350_rm.obj,HumanHead,30.0,50.0,50.0
HumanHead/m351_rm.obj,HumanHead,50.0,60.0,50.0
HumanHead/m348_rm.obj,HumanHead,30.0,50.0,40.0
HumanHead/m349_rm.obj,HumanHead,30.0,70.0,40.0
HumanHead/m343_rm.obj,HumanHead,50.0,50.0,60.0
HumanHead/m345_rm.obj,HumanHead,20.0,40.0,30.0
HumanHead/m352_rm.obj,HumanHead,30.0,50.0,30.0
HumanHead/m344_rm.obj,HumanHead,10.0,20.0,10.0
HumanHead/m354_rm.obj,HumanHead,20.0,20.0,20.0
HumanHead/D00758_rm.obj,HumanHead,50.0,40.0,40.0
HumanHead/m346_rm.obj,HumanHead,30.0,10.0,20.0
HumanHead/D00610_rm.obj,HumanHead,50.0,60.0,60.0
HumanHead/m356_rm.obj,HumanHead,80.0,70.0,70.0
HumanHead/m357_rm.obj,HumanHead,50.0,70.0,50.0
HumanHead/m353_rm.obj,HumanHead,50.0,50.0,50.0
HumanHead/m358_rm.obj,HumanHead,50.0,70.0,50.0
HumanHead/m355_rm.obj,HumanHead,50.0,50.0,50.0
HumanHead/D00690_rm.obj,HumanHead,60.0,60.0,60.0
HumanHead/m360_rm.obj,HumanHead,70.0,70.0,80.0
House/D00903_rm.obj,House,10.0,10.0,20.0
HumanHead/m347_rm.obj,HumanHead,30.0,30.0,30.0
House/D00389_rm.obj,House,20.0,30.0,30.0
HumanHead/m362_rm.obj,HumanHead,0.0,0.0,0.0
HumanHead/m363_rm.obj,HumanHead,50.0,50.0,60.0
HumanHead/m365_rm.obj,HumanHead,70.0,70.0,80.0
HumanHead/m369_rm.obj,HumanHead,70.0,70.0,80.0
HumanHead/m370_rm.obj,HumanHead,10.0,20.0,20.0
Humanoid/m121_rm.obj,Humanoid,100.0,100.0,100.0
Humanoid/m125_rm.obj,Humanoid,100.0,90.0,100.0
Humanoid/m128_rm.obj,Humanoid,90.0,80.0,90.0
Humanoid/m130_rm.obj,Humanoid,100.0,100.0,100.0
HumanHead/m361_rm.obj,HumanHead,50.0,60.0,60.0
HumanHead/m364_rm.obj,HumanHead,0.0,10.0,10.0
Humanoid/m131_rm.obj,Humanoid,100.0,90.0,100.0
Humanoid/m119_rm.obj,Humanoid,90.0,90.0,100.0
Humanoid/m132_rm.obj,Humanoid,100.0,80.0,100.0
Humanoid/m118_rm.obj,Humanoid,100.0,100.0,100.0
Humanoid/m133_rm.obj,Humanoid,70.0,60.0,50.0
Humanoid/m120_rm.obj,Humanoid,100.0,100.0,100.0
Humanoid/m123_rm.obj,Humanoid,100.0,100.0,100.0
Humanoid/m122_rm.obj,Humanoid,100.0,90.0,100.0
Humanoid/m124_rm.obj,Humanoid,90.0,60.0,100.0
Humanoid/m126_rm.obj,Humanoid,40.0,40.0,20.0
Humanoid/m137_rm.obj,Humanoid,80.0,90.0,100.0
Humanoid/m139_rm.obj,Humanoid,0.0,10.0,0.0
Humanoid/m141_rm.obj,Humanoid,90.0,70.0,90.0
Humanoid/m129_rm.obj,Humanoid,30.0,10.0,30.0
HumanHead/m359_rm.obj,HumanHead,60.0,70.0,70.0
Humanoid/m145_rm.obj,Humanoid,70.0,40.0,60.0
Humanoid/m146_rm.obj,Humanoid,90.0,40.0,90.0
HumanHead/m367_rm.obj,HumanHead,20.0,20.0,20.0
HumanHead/m368_rm.obj,HumanHead,30.0,30.0,30.0
Humanoid/m149_rm.obj,Humanoid,100.0,90.0,100.0
Humanoid/m150_rm.obj,Humanoid,100.0,100.0,90.0
HumanHead/m366_rm.obj,HumanHead,10.0,0.0,10.0
Humanoid/m154_rm.obj,Humanoid,90.0,50.0,90.0
Humanoid/m155_rm.obj,Humanoid,40.0,30.0,30.0
Humanoid/m156_rm.obj,Humanoid,100.0,90.0,100.0
Humanoid/m136_rm.obj,Humanoid,100.0,50.0,80.0
Humanoid/m157_rm.obj,Humanoid,90.0,80.0,90.0
Humanoid/m140_rm.obj,Humanoid,100.0,80.0,80.0
Humanoid/m158_rm.obj,Humanoid,40.0,50.0,10.0
Humanoid/m138_rm.obj,Humanoid,100.0,90.0,100.0
Humanoid/m159_rm.obj,Humanoid,80.0,80.0,70.0
Humanoid/m144_rm.obj,Humanoid,100.0,50.0,100.0
Humanoid/m160_rm.obj,Humanoid,40.0,60.0,50.0
Humanoid/m162_rm.obj,Humanoid,90.0,80.0,60.0
Humanoid/m163_rm.obj,Humanoid,90.0,70.0,100.0
Humanoid/m164_rm.obj,Humanoid,100.0,100.0,100.0
Humanoid/m151_rm.obj,Humanoid,60.0,80.0,60.0
Humanoid/m168_rm.obj,Humanoid,100.0,90.0,90.0
Humanoid/m169_rm.obj,Humanoid,100.0,90.0,100.0
Humanoid/m167_rm.obj,Humanoid,0.0,0.0,0.0
Humanoid/m170_rm.obj,Humanoid,90.0,70.0,90.0
Humanoid/m134_rm.obj,Humanoid,20.0,50.0,20.0
Humanoid/m143_rm.obj,Humanoid,80.0,40.0,50.0
Humanoid/m172_rm.obj,Humanoid,90.0,80.0,100.0
Humanoid/m147_rm.obj,Humanoid,90.0,20.0,90.0
Humanoid/m135_rm.obj,Humanoid,90.0,90.0,100.0
Humanoid/m175_rm.obj,Humanoid,60.0,70.0,70.0
Humanoid/m174_rm.obj,Humanoid,100.0,10.0,100.0
Humanoid/m173_rm.obj,Humanoid,100.0,100.0,100.0
Humanoid/m177_rm.obj,Humanoid,10.0,0.0,10.0
Humanoid/m148_rm.obj,Humanoid,50.0,60.0,50.0
Humanoid/m179_rm.obj,Humanoid,90.0,60.0,80.0
Humanoid/m180_rm.obj,Humanoid,40.0,20.0,40.0
Humanoid/m178_rm.obj,Humanoid,100.0,90.0,100.0
Humanoid/m165_rm.obj,Humanoid,100.0,90.0,100.0
Humanoid/m183_rm.obj,Humanoid,0.0,0.0,0.0
Humanoid/m166_rm.obj,Humanoid,90.0,80.0,100.0
Humanoid/m161_rm.obj,Humanoid,90.0,80.0,90.0
Humanoid/m152_rm.obj,Humanoid,80.0,80.0,30.0
Humanoid/m187_rm.obj,Humanoid,0.0,0.0,0.0
Humanoid/m153_rm.obj,Humanoid,50.0,60.0,20.0
Humanoid/m186_rm.obj,Humanoid,100.0,100.0,100.0
Humanoid/m188_rm.obj,Humanoid,30.0,10.0,50.0
Humanoid/m191_rm.obj,Humanoid,0.0,0.0,0.0
Humanoid/m194_rm.obj,Humanoid,100.0,60.0,100.0
Humanoid/m195_rm.obj,Humanoid,70.0,60.0,70.0
Humanoid/m171_rm.obj,Humanoid,80.0,100.0,50.0
Humanoid/m197_rm.obj,Humanoid,90.0,90.0,100.0
Humanoid/m199_rm.obj,Humanoid,100.0,60.0,100.0
Humanoid/m202_rm.obj,Humanoid,100.0,60.0,100.0
Humanoid/m176_rm.obj,Humanoid,90.0,60.0,80.0
Humanoid/m203_rm.obj,Humanoid,100.0,100.0,30.0
Humanoid/m184_rm.obj,Humanoid,100.0,80.0,100.0
Humanoid/m205_rm.obj,Humanoid,90.0,60.0,70.0
Humanoid/m208_rm.obj,Humanoid,90.0,80.0,100.0
Humanoid/m206_rm.obj,Humanoid,70.0,80.0,40.0
Humanoid/m207_rm.obj,Humanoid,70.0,50.0,90.0
Humanoid/m210_rm.obj,Humanoid,0.0,0.0,0.0
Humanoid/m211_rm.obj,Humanoid,60.0,90.0,90.0
Humanoid/m212_rm.obj,Humanoid,70.0,50.0,40.0
Humanoid/m213_rm.obj,Humanoid,100.0,50.0,100.0
Humanoid/m192_rm.obj,Humanoid,90.0,90.0,100.0
Humanoid/m214_rm.obj,Humanoid,90.0,40.0,90.0
Humanoid/m215_rm.obj,Humanoid,100.0,100.0,90.0
Humanoid/m198_rm.obj,Humanoid,20.0,0.0,30.0
Humanoid/m218_rm.obj,Humanoid,20.0,30.0,20.0
Humanoid/m221_rm.obj,Humanoid,100.0,70.0,90.0
Humanoid/m181_rm.obj,Humanoid,70.0,50.0,60.0
Humanoid/m222_rm.obj,Humanoid,50.0,40.0,10.0
Humanoid/m182_rm.obj,Humanoid,80.0,100.0,20.0
Humanoid/m190_rm.obj,Humanoid,0.0,0.0,0.0
Humanoid/m226_rm.obj,Humanoid,10.0,10.0,0.0
Humanoid/m189_rm.obj,Humanoid,100.0,60.0,100.0
Humanoid/m185_rm.obj,Humanoid,90.0,90.0,100.0
Humanoid/m196_rm.obj,Humanoid,60.0,40.0,40.0
Humanoid/m232_rm.obj,Humanoid,30.0,20.0,40.0
Humanoid/m219_rm.obj,Humanoid,90.0,70.0,80.0
Humanoid/m193_rm.obj,Humanoid,0.0,0.0,0.0
Humanoid/m233_rm.obj,Humanoid,70.0,50.0,80.0
Humanoid/m220_rm.obj,Humanoid,60.0,60.0,70.0
Humanoid/m234_rm.obj,Humanoid,90.0,80.0,20.0
Humanoid/m235_rm.obj,Humanoid,50.0,30.0,40.0
Humanoid/m204_rm.obj,Humanoid,80.0,90.0,90.0
Humanoid/m223_rm.obj,Humanoid,100.0,90.0,100.0
Humanoid/m237_rm.obj,Humanoid,80.0,30.0,90.0
Humanoid/m240_rm.obj,Humanoid,100.0,70.0,100.0
Humanoid/m217_rm.obj,Humanoid,50.0,20.0,30.0
Humanoid/m231_rm.obj,Humanoid,0.0,10.0,10.0
Humanoid/m216_rm.obj,Humanoid,10.0,10.0,30.0
Humanoid/m248_rm.obj,Humanoid,100.0,70.0,90.0
Humanoid/m238_rm.obj,Humanoid,100.0,90.0,100.0
Humanoid/m239_rm.obj,Humanoid,90.0,60.0,100.0
Humanoid/m227_rm.obj,Humanoid,10.0,0.0,0.0
Humanoid/m241_rm.obj,Humanoid,20.0,30.0,50.0
Humanoid/m243_rm.obj,Humanoid,100.0,80.0,100.0
Humanoid/m224_rm.obj,Humanoid,100.0,100.0,100.0
Humanoid/m236_rm.obj,Humanoid,90.0,70.0,90.0
Humanoid/m228_rm.obj,Humanoid,0.0,0.0,0.0
Humanoid/m242_rm.obj,Humanoid,10.0,0.0,10.0
Humanoid/m230_rm.obj,Humanoid,80.0,70.0,80.0
Humanoid/m251_rm.obj,Humanoid,90.0,60.0,80.0
Humanoid/m253_rm.obj,Humanoid,40.0,20.0,40.0
Humanoid/m244_rm.obj,Humanoid,100.0,70.0,100.0
Humanoid/m254_rm.obj,Humanoid,20.0,10.0,10.0
Humanoid/m229_rm.obj,Humanoid,100.0,50.0,100.0
Humanoid/m245_rm.obj,Humanoid,100.0,90.0,100.0
Humanoid/m257_rm.obj,Humanoid,10.0,0.0,10.0
Humanoid/m258_rm.obj,Humanoid,50.0,30.0,10.0
Humanoid/m259_rm.obj,Humanoid,10.0,30.0,30.0
Humanoid/m246_rm.obj,Humanoid,90.0,60.0,100.0
Humanoid/m265_rm.obj,Humanoid,0.0,10.0,0.0
Insect/D00081_rm.obj,Insect,30.0,0.0,20.0
Insect/D00082_rm.obj,Insect,0.0,0.0,0.0
Humanoid/m250_rm.obj,Humanoid,80.0,50.0,20.0
Insect/D00109_rm.obj,Insect,10.0,20.0,10.0
Insect/D00160_rm.obj,Insect,0.0,0.0,0.0
Insect/D00231_rm.obj,Insect,0.0,0.0,0.0
Humanoid/m262_rm.obj,Humanoid,90.0,80.0,90.0
Humanoid/m263_rm.obj,Humanoid,40.0,50.0,50.0
Humanoid/m266_rm.obj,Humanoid,0.0,20.0,0.0
Humanoid/m264_rm.obj,Humanoid,40.0,40.0,60.0
Insect/D00291_rm.obj,Insect,0.0,0.0,0.0
Insect/D00102_rm.obj,Insect,20.0,20.0,20.0
Insect/D00294_rm.obj,Insect,0.0,10.0,0.0
Insect/D00315_rm.obj,Insect,10.0,10.0,10.0
Insect/D00309_rm.obj,Insect,40.0,20.0,50.0
Insect/D00117_rm.obj,Insect,50.0,30.0,40.0
Humanoid/m249_rm.obj,Humanoid,10.0,10.0,0.0
Insect/D00136_rm.obj,Insect,20.0,30.0,20.0
Humanoid/m252_rm.obj,Humanoid,0.0,10.0,0.0
Insect/D00399_rm.obj,Insect,0.0,0.0,0.0
Insect/D00510_rm.obj,Insect,20.0,20.0,30.0
Insect/D00590_rm.obj,Insect,0.0,0.0,0.0
Insect/D00180_rm.obj,Insect,20.0,20.0,20.0
Humanoid/m255_rm.obj,Humanoid,100.0,80.0,90.0
Humanoid/m256_rm.obj,Humanoid,0.0,0.0,0.0
Insect/D00662_rm.obj,Insect,30.0,50.0,50.0
Insect/D00695_rm.obj,Insect,0.0,0.0,0.0
Insect/D00668_rm.obj,Insect,10.0,10.0,10.0
Insect/D00732_rm.obj,Insect,40.0,50.0,60.0
Insect/D00734_rm.obj,Insect,40.0,40.0,50.0
Insect/D00752_rm.obj,Insect,10.0,10.0,10.0
Humanoid/m260_rm.obj,Humanoid,80.0,50.0,60.0
Insect/D00746_rm.obj,Insect,40.0,40.0,70.0
Insect/D00774_rm.obj,Insect,20.0,10.0,30.0
Insect/D00788_rm.obj,Insect,10.0,40.0,20.0
Humanoid/m261_rm.obj,Humanoid,80.0,90.0,80.0
Insect/D00814_rm.obj,Insect,10.0,10.0,10.0
Insect/D00806_rm.obj,Insect,0.0,20.0,0.0
Insect/D00333_rm.obj,Insect,10.0,0.0,10.0
Insect/D00855_rm.obj,Insect,20.0,10.0,20.0
Insect/D00973_rm.obj,Insect,10.0,10.0,10.0
Insect/D00989_rm.obj,Insect,10.0,10.0,10.0
Insect/D00884_rm.obj,Insect,30.0,50.0,50.0
Insect/m0_rm.obj,Insect,40.0,20.0,40.0
Insect/m10_rm.obj,Insect,10.0,10.0,10.0
Insect/D00672_rm.obj,Insect,20.0,20.0,40.0
Insect/m11_rm.obj,Insect,10.0,10.0,10.0
Insect/m12_rm.obj,Insect,10.0,20.0,10.0
Insect/D00615_rm.obj,Insect,30.0,40.0,30.0
Insect/m14_rm.obj,Insect,0.0,0.0,0.0
Insect/m15_rm.obj,Insect,10.0,10.0,10.0
Insect/m16_rm.obj,Insect,0.0,10.0,10.0
Insect/D00430_rm.obj,Insect,40.0,60.0,40.0
Insect/m17_rm.obj,Insect,30.0,10.0,30.0
Insect/m1_rm.obj,Insect,0.0,0.0,10.0
Insect/m22_rm.obj,Insect,10.0,10.0,10.0
Insect/D00753_rm.obj,Insect,30.0,10.0,30.0
Insect/D00787_rm.obj,Insect,0.0,0.0,0.0
Insect/m21_rm.obj,Insect,30.0,30.0,50.0
Insect/m23_rm.obj,Insect,20.0,0.0,50.0
Insect/m24_rm.obj,Insect,0.0,10.0,20.0
Insect/m25_rm.obj,Insect,60.0,40.0,60.0
Insect/D00786_rm.obj,Insect,30.0,30.0,40.0
Insect/m26_rm.obj,Insect,30.0,40.0,30.0
Insect/m3_rm.obj,Insect,50.0,40.0,60.0
Insect/m2_rm.obj,Insect,30.0,30.0,40.0
Insect/m7_rm.obj,Insect,0.0,0.0,0.0
Insect/m9_rm.obj,Insect,40.0,30.0,50.0
Jet/m1149_rm.obj,Jet,70.0,50.0,60.0
Jet/m1150_rm.obj,Jet,90.0,60.0,80.0
Jet/m1151_rm.obj,Jet,40.0,30.0,50.0
Jet/m1153_rm.obj,Jet,50.0,30.0,50.0
Insect/m19_rm.obj,Insect,20.0,20.0,50.0
Jet/m1154_rm.obj,Jet,60.0,50.0,50.0
Insect/m20_rm.obj,Insect,50.0,40.0,50.0
Insect/m18_rm.obj,Insect,40.0,40.0,70.0
Insect/D00713_rm.obj,Insect,10.0,0.0,10.0
Jet/m1158_rm.obj,Jet,0.0,10.0,10.0
Insect/D00895_rm.obj,Insect,20.0,20.0,20.0
Insect/m4_rm.obj,Insect,20.0,20.0,20.0
Insect/m6_rm.obj,Insect,0.0,10.0,0.0
Insect/m13_rm.obj,Insect,0.0,0.0,0.0
Jet/m1152_rm.obj,Jet,60.0,40.0,70.0
Jet/m1155_rm.obj,Jet,70.0,30.0,60.0
Jet/m1156_rm.obj,Jet,60.0,70.0,60.0
Jet/m1172_rm.obj,Jet,100.0,80.0,100.0
Jet/m1157_rm.obj,Jet,40.0,20.0,60.0
Jet/m1159_rm.obj,Jet,60.0,20.0,60.0
Jet/m1163_rm.obj,Jet,70.0,80.0,70.0
Jet/m1173_rm.obj,Jet,90.0,80.0,90.0
Jet/m1174_rm.obj,Jet,100.0,90.0,100.0
Jet/m1162_rm.obj,Jet,70.0,40.0,80.0
Jet/m1175_rm.obj,Jet,100.0,90.0,100.0
Insect/m8_rm.obj,Insect,10.0,20.0,20.0
Jet/m1165_rm.obj,Jet,60.0,50.0,40.0
Jet/m1147_rm.obj,Jet,70.0,40.0,60.0
Jet/m1166_rm.obj,Jet,50.0,70.0,50.0
Jet/m1180_rm.obj,Jet,100.0,100.0,100.0
Jet/m1181_rm.obj,Jet,100.0,100.0,100.0
Jet/m1183_rm.obj,Jet,100.0,90.0,100.0
Jet/m1182_rm.obj,Jet,100.0,90.0,100.0
Jet/m1161_rm.obj,Jet,60.0,60.0,70.0
Jet/m1187_rm.obj,Jet,100.0,100.0,100.0
Jet/m1188_rm.obj,Jet,100.0,90.0,80.0
Jet/m1191_rm.obj,Jet,60.0,50.0,60.0
Jet/m1167_rm.obj,Jet,100.0,60.0,100.0
Jet/m1193_rm.obj,Jet,80.0,60.0,80.0
Jet/m1194_rm.obj,Jet,90.0,80.0,90.0
Jet/m1168_rm.obj,Jet,100.0,80.0,100.0
Jet/m1179_rm.obj,Jet,90.0,60.0,100.0
Jet/m1177_rm.obj,Jet,80.0,70.0,90.0
Jet/m1169_rm.obj,Jet,100.0,90.0,100.0
Jet/m1184_rm.obj,Jet,60.0,10.0,60.0
Jet/m1185_rm.obj,Jet,60.0,10.0,60.0
Jet/m1202_rm.obj,Jet,70.0,60.0,80.0
Jet/m1171_rm.obj,Jet,90.0,100.0,90.0
Jet/m1190_rm.obj,Jet,90.0,80.0,90.0
Jet/m1209_rm.obj,Jet,10.0,10.0,20.0
Jet/m1195_rm.obj,Jet,90.0,70.0,90.0
Jet/m1176_rm.obj,Jet,80.0,80.0,80.0
Jet/m1178_rm.obj,Jet,60.0,20.0,60.0
Jet/m1198_rm.obj,Jet,100.0,100.0,100.0
Jet/m1197_rm.obj,Jet,100.0,90.0,100.0
Jet/m1196_rm.obj,Jet,100.0,80.0,100.0
Jet/m1213_rm.obj,Jet,30.0,20.0,40.0
Jet/m1200_rm.obj,Jet,40.0,20.0,30.0
Jet/m1214_rm.obj,Jet,80.0,90.0,90.0
Jet/m1215_rm.obj,Jet,100.0,100.0,100.0
Jet/m1216_rm.obj,Jet,100.0,100.0,100.0
Jet/m1204_rm.obj,Jet,100.0,70.0,100.0
Jet/m1220_rm.obj,Jet,80.0,70.0,80.0
Jet/m1219_rm.obj,Jet,60.0,50.0,60.0
Jet/m1205_rm.obj,Jet,90.0,90.0,90.0
Jet/m1208_rm.obj,Jet,90.0,90.0,60.0
Jet/m1207_rm.obj,Jet,30.0,30.0,30.0
Jet/m1224_rm.obj,Jet,50.0,50.0,70.0
Jet/m1223_rm.obj,Jet,100.0,100.0,100.0
Jet/m1226_rm.obj,Jet,100.0,70.0,100.0
Jet/m1210_rm.obj,Jet,80.0,50.0,80.0
Jet/m1201_rm.obj,Jet,30.0,20.0,30.0
Jet/m1228_rm.obj,Jet,70.0,40.0,80.0
Jet/m1211_rm.obj,Jet,80.0,70.0,90.0
Jet/m1231_rm.obj,Jet,100.0,90.0,100.0
Jet/m1199_rm.obj,Jet,90.0,80.0,90.0
Jet/m1221_rm.obj,Jet,10.0,0.0,60.0
Jet/m1222_rm.obj,Jet,20.0,10.0,30.0
Jet/m1225_rm.obj,Jet,70.0,80.0,40.0
Jet/m1239_rm.obj,Jet,100.0,80.0,100.0
Jet/m1212_rm.obj,Jet,90.0,90.0,90.0
Jet/m1227_rm.obj,Jet,40.0,60.0,70.0
Jet/m1240_rm.obj,Jet,100.0,80.0,100.0
Jet/m1229_rm.obj,Jet,60.0,50.0,80.0
Jet/m1241_rm.obj,Jet,100.0,70.0,100.0
Jet/m1235_rm.obj,Jet,80.0,90.0,90.0
Jet/m1234_rm.obj,Jet,80.0,70.0,70.0
Jet/m1242_rm.obj,Jet,90.0,90.0,90.0
Jet/m1217_rm.obj,Jet,100.0,90.0,100.0
Jet/m1245_rm.obj,Jet,80.0,80.0,60.0
Jet/m1218_rm.obj,Jet,100.0,90.0,100.0
Jet/m1236_rm.obj,Jet,100.0,90.0,90.0
Jet/m1237_rm.obj,Jet,60.0,40.0,70.0
Jet/m1247_rm.obj,Jet,40.0,40.0,60.0
Jet/m1249_rm.obj,Jet,30.0,0.0,30.0
Jet/m1252_rm.obj,Jet,60.0,30.0,80.0
Jet/m1250_rm.obj,Jet,50.0,60.0,40.0
Jet/m1238_rm.obj,Jet,90.0,60.0,100.0
Jet/m1230_rm.obj,Jet,100.0,100.0,100.0
Jet/m1261_rm.obj,Jet,100.0,80.0,100.0
Jet/m1232_rm.obj,Jet,50.0,40.0,50.0
Jet/m1233_rm.obj,Jet,30.0,20.0,20.0
Jet/m1263_rm.obj,Jet,100.0,90.0,100.0
Jet/m1264_rm.obj,Jet,80.0,90.0,50.0
Jet/m1246_rm.obj,Jet,40.0,60.0,60.0
Jet/m1248_rm.obj,Jet,60.0,20.0,80.0
Jet/m1266_rm.obj,Jet,100.0,80.0,80.0
Jet/m1253_rm.obj,Jet,100.0,70.0,100.0
Jet/m1262_rm.obj,Jet,100.0,90.0,100.0
Jet/m1243_rm.obj,Jet,90.0,100.0,90.0
Jet/m1251_rm.obj,Jet,100.0,90.0,100.0
Jet/m1256_rm.obj,Jet,50.0,40.0,50.0
Jet/m1260_rm.obj,Jet,40.0,20.0,40.0
Jet/m1259_rm.obj,Jet,30.0,20.0,30.0
Jet/m1265_rm.obj,Jet,40.0,30.0,30.0
Jet/m1255_rm.obj,Jet,70.0,20.0,80.0
Jet/m1258_rm.obj,Jet,90.0,50.0,90.0
Jet/m1267_rm.obj,Jet,60.0,40.0,70.0
Jet/m1257_rm.obj,Jet,50.0,40.0,60.0
Jet/m1276_rm.obj,Jet,80.0,20.0,90.0
Jet/m1268_rm.obj,Jet,90.0,70.0,90.0
Jet/m1270_rm.obj,Jet,90.0,60.0,90.0
Jet/m1278_rm.obj,Jet,80.0,60.0,80.0
Jet/m1269_rm.obj,Jet,90.0,40.0,80.0
Jet/m1271_rm.obj,Jet,10.0,0.0,10.0
Jet/m1285_rm.obj,Jet,80.0,40.0,80.0
Jet/m1284_rm.obj,Jet,50.0,40.0,50.0
Jet/m1289_rm.obj,Jet,60.0,60.0,60.0
Jet/m1273_rm.obj,Jet,90.0,70.0,80.0
Jet/m1274_rm.obj,Jet,70.0,70.0,70.0
Jet/m1292_rm.obj,Jet,80.0,90.0,50.0
Jet/m1275_rm.obj,Jet,80.0,60.0,50.0
Jet/m1277_rm.obj,Jet,60.0,30.0,70.0
Jet/m1279_rm.obj,Jet,60.0,40.0,60.0
Jet/m1280_rm.obj,Jet,100.0,70.0,100.0
Jet/m1282_rm.obj,Jet,70.0,20.0,70.0
Jet/m1281_rm.obj,Jet,100.0,40.0,90.0
Jet/m1283_rm.obj,Jet,40.0,40.0,30.0
Jet/m1297_rm.obj,Jet,0.0,0.0,10.0
Jet/m1298_rm.obj,Jet,60.0,50.0,50.0
Jet/m1286_rm.obj,Jet,70.0,50.0,70.0
Jet/m1287_rm.obj,Jet,60.0,40.0,40.0
Jet/m1301_rm.obj,Jet,40.0,50.0,40.0
Jet/m1288_rm.obj,Jet,70.0,70.0,70.0
Jet/m1290_rm.obj,Jet,50.0,60.0,60.0
Knife/D01025_rm.obj,Knife,0.0,0.0,10.0
Jet/m1291_rm.obj,Jet,80.0,60.0,60.0
Knife/D01075_rm.obj,Knife,40.0,10.0,50.0
Knife/D01077_rm.obj,Knife,20.0,10.0,30.0
Knife/D01107_rm.obj,Knife,50.0,20.0,50.0
Jet/m1294_rm.obj,Jet,40.0,30.0,50.0
Jet/m1295_rm.obj,Jet,20.0,30.0,20.0
Jet/m1296_rm.obj,Jet,50.0,50.0,70.0
Knife/D01119_rm.obj,Knife,20.0,40.0,20.0
Knife/D01063_rm.obj,Knife,20.0,30.0,40.0
Knife/D01150_rm.obj,Knife,0.0,0.0,0.0
Knife/D01174_rm.obj,Knife,10.0,20.0,20.0
Knife/D01175_rm.obj,Knife,40.0,30.0,30.0
Knife/D01054_rm.obj,Knife,20.0,10.0,20.0
Knife/D01032_rm.obj,Knife,40.0,50.0,40.0
Jet/m1293_rm.obj,Jet,40.0,60.0,60.0
Knife/D01057_rm.obj,Knife,60.0,50.0,50.0
Knife/m724_rm.obj,Knife,40.0,10.0,40.0
Knife/m723_rm.obj,Knife,0.0,0.0,0.0
Knife/m725_rm.obj,Knife,20.0,30.0,20.0
Knife/D01120_rm.obj,Knife,60.0,40.0,70.0
Knife/m726_rm.obj,Knife,20.0,30.0,20.0
Knife/D01132_rm.obj,Knife,50.0,60.0,50.0
Knife/m727_rm.obj,Knife,30.0,10.0,20.0
Jet/m1300_rm.obj,Jet,60.0,70.0,60.0
Jet/m1299_rm.obj,Jet,80.0,80.0,80.0
Knife/D01051_rm.obj,Knife,30.0,40.0,50.0
Knife/D01015_rm.obj,Knife,50.0,30.0,40.0
Knife/D01189_rm.obj,Knife,40.0,50.0,30.0
Knife/m722_rm.obj,Knife,0.0,0.0,0.0
Knife/m728_rm.obj,Knife,10.0,20.0,10.0
Knife/D01160_rm.obj,Knife,30.0,20.0,30.0
MilitaryVehicle/D00272_rm.obj,MilitaryVehicle,10.0,20.0,20.0
Knife/D01168_rm.obj,Knife,40.0,40.0,60.0
MilitaryVehicle/D00458_rm.obj,MilitaryVehicle,0.0,10.0,10.0
MilitaryVehicle/D00100_rm.obj,MilitaryVehicle,0.0,0.0,0.0
MilitaryVehicle/D00051_rm.obj,MilitaryVehicle,0.0,0.0,0.0
MilitaryVehicle/D00761_rm.obj,MilitaryVehicle,30.0,30.0,30.0
Knife/D01187_rm.obj,Knife,10.0,40.0,10.0
MilitaryVehicle/D00778_rm.obj,MilitaryVehicle,10.0,10.0,10.0
MilitaryVehicle/D00799_rm.obj,MilitaryVehicle,0.0,0.0,0.0
MilitaryVehicle/D00173_rm.obj,MilitaryVehicle,10.0,0.0,10.0
MilitaryVehicle/D00918_rm.obj,MilitaryVehicle,0.0,0.0,0.0
MilitaryVehicle/D00723_rm.obj,MilitaryVehicle,0.0,10.0,0.0
MilitaryVehicle/D00577_rm.obj,MilitaryVehicle,10.0,20.0,10.0
MilitaryVehicle/D00952_rm.obj,MilitaryVehicle,0.0,0.0,0.0
MilitaryVehicle/D00017_rm.obj,MilitaryVehicle,30.0,10.0,30.0
Monitor/D00141_rm.obj,Monitor,10.0,30.0,20.0
Monitor/D00229_rm.obj,Monitor,0.0,20.0,20.0
Monitor/D00339_rm.obj,Monitor,0.0,10.0,0.0
MilitaryVehicle/D00611_rm.obj,MilitaryVehicle,20.0,20.0,20.0
Monitor/D00387_rm.obj,Monitor,10.0,10.0,10.0
Monitor/D00469_rm.obj,Monitor,0.0,0.0,0.0
MilitaryVehicle/D00334_rm.obj,MilitaryVehicle,30.0,30.0,20.0
Monitor/D00412_rm.obj,Monitor,10.0,10.0,10.0
Monitor/D00444_rm.obj,Monitor,10.0,10.0,10.0
Monitor/D00548_rm.obj,Monitor,10.0,10.0,10.0
Monitor/D00659_rm.obj,Monitor,0.0,0.0,0.0
Monitor/D00915_rm.obj,Monitor,0.0,0.0,0.0
Monitor/D00919_rm.obj,Monitor,0.0,0.0,0.0
Monitor/D00852_rm.obj,Monitor,0.0,0.0,0.0
MilitaryVehicle/D00933_rm.obj,MilitaryVehicle,20.0,20.0,20.0
MilitaryVehicle/D00529_rm.obj,MilitaryVehicle,10.0,20.0,10.0
Monitor/D00336_rm.obj,Monitor,0.0,0.0,0.0
MilitaryVehicle/D00801_rm.obj,MilitaryVehicle,20.0,30.0,20.0
MilitaryVehicle/D00971_rm.obj,MilitaryVehicle,20.0,20.0,30.0
MilitaryVehicle/D00932_rm.obj,MilitaryVehicle,0.0,0.0,0.0
Monoplane/D00011_rm.obj,Monoplane,0.0,0.0,0.0
Monoplane/D00043_rm.obj,Monoplane,10.0,10.0,20.0
Monoplane/D00098_rm.obj,Monoplane,30.0,20.0,30.0
Monoplane/D00167_rm.obj,Monoplane,0.0,0.0,0.0
Monoplane/D00169_rm.obj,Monoplane,10.0,10.0,0.0
Monitor/D00364_rm.obj,Monitor,0.0,10.0,0.0
Monoplane/D00482_rm.obj,Monoplane,10.0,0.0,10.0
Monoplane/D00402_rm.obj,Monoplane,30.0,20.0,30.0
Monoplane/D00301_rm.obj,Monoplane,0.0,0.0,20.0
Monoplane/D00304_rm.obj,Monoplane,0.0,0.0,10.0
Monitor/D00391_rm.obj,Monitor,0.0,0.0,0.0
Monitor/D00863_rm.obj,Monitor,0.0,0.0,0.0
Monoplane/D00688_rm.obj,Monoplane,40.0,30.0,30.0
Monoplane/D00617_rm.obj,Monoplane,30.0,20.0,20.0
Monoplane/D00925_rm.obj,Monoplane,20.0,20.0,30.0
Monoplane/D00864_rm.obj,Monoplane,10.0,0.0,10.0
Monoplane/D00840_rm.obj,Monoplane,0.0,0.0,30.0
Monoplane/D00963_rm.obj,Monoplane,10.0,20.0,10.0
Monoplane/D00995_rm.obj,Monoplane,10.0,10.0,10.0
Monitor/D00920_rm.obj,Monitor,0.0,0.0,0.0
Monitor/D01000_rm.obj,Monitor,10.0,10.0,30.0
Monitor/D00978_rm.obj,Monitor,0.0,0.0,0.0
Motorcycle/D00054_rm.obj,Motorcycle,60.0,40.0,60.0
Motorcycle/D00288_rm.obj,Motorcycle,0.0,10.0,0.0
Monitor/D00007_rm.obj,Monitor,10.0,10.0,10.0
Monoplane/D00019_rm.obj,Monoplane,20.0,30.0,30.0
Motorcycle/D00342_rm.obj,Motorcycle,40.0,20.0,40.0
Monoplane/D00262_rm.obj,Monoplane,0.0,0.0,0.0
Motorcycle/D00396_rm.obj,Motorcycle,30.0,0.0,30.0
Motorcycle/D00521_rm.obj,Motorcycle,30.0,20.0,30.0
Motorcycle/D00544_rm.obj,Motorcycle,70.0,60.0,80.0
Motorcycle/D00594_rm.obj,Motorcycle,70.0,60.0,80.0
Motorcycle/D00703_rm.obj,Motorcycle,30.0,30.0,50.0
Monoplane/D00319_rm.obj,Monoplane,10.0,10.0,20.0
Motorcycle/D00858_rm.obj,Motorcycle,50.0,40.0,40.0
Monoplane/D00798_rm.obj,Monoplane,0.0,0.0,0.0
Motorcycle/D00880_rm.obj,Motorcycle,80.0,30.0,80.0
Motorcycle/D00945_rm.obj,Motorcycle,10.0,10.0,20.0
Motorcycle/D00021_rm.obj,Motorcycle,50.0,50.0,40.0
Motorcycle/D00039_rm.obj,Motorcycle,80.0,50.0,90.0
Motorcycle/m1484_rm.obj,Motorcycle,50.0,60.0,40.0
Motorcycle/m1483_rm.obj,Motorcycle,20.0,40.0,20.0
Motorcycle/D00224_rm.obj,Motorcycle,50.0,40.0,50.0
Mug/D00172_rm.obj,Mug,10.0,20.0,10.0
Mug/D00202_rm.obj,Mug,20.0,20.0,20.0
Mug/D00321_rm.obj,Mug,20.0,30.0,20.0
Motorcycle/D00476_rm.obj,Motorcycle,50.0,70.0,60.0
Mug/D00341_rm.obj,Mug,10.0,0.0,10.0
Mug/D00227_rm.obj,Mug,30.0,30.0,30.0
Mug/D00372_rm.obj,Mug,40.0,40.0,40.0
Motorcycle/m1479_rm.obj,Motorcycle,70.0,60.0,80.0
Mug/D00427_rm.obj,Mug,0.0,0.0,0.0
Mug/D00684_rm.obj,Mug,30.0,30.0,30.0
Mug/D00685_rm.obj,Mug,20.0,10.0,20.0
Motorcycle/D00345_rm.obj,Motorcycle,30.0,10.0,40.0
Mug/D00705_rm.obj,Mug,0.0,10.0,0.0
Mug/D00728_rm.obj,Mug,10.0,0.0,10.0
Mug/D00760_rm.obj,Mug,0.0,10.0,10.0
Motorcycle/m1480_rm.obj,Motorcycle,50.0,50.0,50.0
Mug/D00747_rm.obj,Mug,10.0,10.0,10.0
Motorcycle/D00269_rm.obj,Motorcycle,40.0,20.0,40.0
Motorcycle/D00395_rm.obj,Motorcycle,50.0,30.0,60.0
Motorcycle/m1481_rm.obj,Motorcycle,30.0,10.0,30.0
Mug/D00825_rm.obj,Mug,10.0,0.0,10.0
Mug/D00770_rm.obj,Mug,40.0,50.0,50.0
Mug/D00908_rm.obj,Mug,0.0,10.0,10.0
Mug/D00833_rm.obj,Mug,50.0,50.0,50.0
Mug/D00913_rm.obj,Mug,0.0,0.0,0.0
Motorcycle/D00886_rm.obj,Motorcycle,60.0,30.0,70.0
Mug/m504_rm.obj,Mug,30.0,30.0,30.0
Mug/m503_rm.obj,Mug,50.0,40.0,50.0
Mug/m508_rm.obj,Mug,0.0,0.0,0.0
Mug/m507_rm.obj,Mug,30.0,30.0,30.0
Motorcycle/m1482_rm.obj,Motorcycle,60.0,30.0,60.0
MultiSeat/D00036_rm.obj,MultiSeat,20.0,30.0,20.0
MultiSeat/D00046_rm.obj,MultiSeat,0.0,10.0,0.0
Mug/m509_rm.obj,Mug,50.0,50.0,50.0
MultiSeat/D00053_rm.obj,MultiSeat,40.0,40.0,50.0
MultiSeat/D00145_rm.obj,MultiSeat,50.0,30.0,60.0
MultiSeat/D00146_rm.obj,MultiSeat,50.0,30.0,60.0
Motorcycle/D00768_rm.obj,Motorcycle,60.0,50.0,60.0
MultiSeat/D00245_rm.obj,MultiSeat,50.0,50.0,40.0
MultiSeat/D00237_rm.obj,MultiSeat,30.0,50.0,40.0
MultiSeat/D00263_rm.obj,MultiSeat,20.0,20.0,20.0
MultiSeat/D00285_rm.obj,MultiSeat,20.0,30.0,20.0
Mug/D00745_rm.obj,Mug,10.0,20.0,10.0
MultiSeat/D00329_rm.obj,MultiSeat,30.0,30.0,30.0
MultiSeat/D00273_rm.obj,MultiSeat,0.0,0.0,0.0
MultiSeat/D00588_rm.obj,MultiSeat,30.0,40.0,30.0
MultiSeat/D00586_rm.obj,MultiSeat,20.0,20.0,20.0
MultiSeat/D00607_rm.obj,MultiSeat,20.0,60.0,20.0
MultiSeat/D00652_rm.obj,MultiSeat,20.0,30.0,20.0
MultiSeat/D00749_rm.obj,MultiSeat,50.0,30.0,60.0
MultiSeat/m774_rm.obj,MultiSeat,0.0,0.0,0.0
MultiSeat/D00985_rm.obj,MultiSeat,10.0,20.0,20.0
MultiSeat/m777_rm.obj,MultiSeat,20.0,20.0,20.0
MultiSeat/m779_rm.obj,MultiSeat,20.0,20.0,30.0
Mug/D00923_rm.obj,Mug,30.0,20.0,30.0
MultiSeat/m784_rm.obj,MultiSeat,10.0,10.0,10.0
MultiSeat/m829_rm.obj,MultiSeat,0.0,0.0,0.0
MultiSeat/m830_rm.obj,MultiSeat,10.0,30.0,20.0
Mug/m506_rm.obj,Mug,0.0,10.0,0.0
MultiSeat/m834_rm.obj,MultiSeat,40.0,60.0,40.0
MultiSeat/m833_rm.obj,MultiSeat,30.0,40.0,40.0
MultiSeat/m835_rm.obj,MultiSeat,50.0,40.0,50.0
MultiSeat/D00637_rm.obj,MultiSeat,20.0,20.0,20.0
MultiSeat/D00289_rm.obj,MultiSeat,20.0,30.0,30.0
MultiSeat/m836_rm.obj,MultiSeat,10.0,20.0,20.0
MultiSeat/D00648_rm.obj,MultiSeat,40.0,50.0,40.0
MultiSeat/m837_rm.obj,MultiSeat,20.0,30.0,30.0
MultiSeat/m838_rm.obj,MultiSeat,30.0,40.0,40.0
MultiSeat/m780_rm.obj,MultiSeat,10.0,10.0,10.0
MultiSeat/m839_rm.obj,MultiSeat,30.0,30.0,30.0
MultiSeat/m841_rm.obj,MultiSeat,20.0,30.0,30.0
MultiSeat/m781_rm.obj,MultiSeat,10.0,20.0,20.0
MultiSeat/m778_rm.obj,MultiSeat,10.0,10.0,10.0
Musical_Instrument/m625_rm.obj,Musical_Instrument,30.0,20.0,30.0
MultiSeat/m783_rm.obj,MultiSeat,20.0,30.0,10.0
MultiSeat/m782_rm.obj,MultiSeat,20.0,20.0,40.0
Musical_Instrument/m629_rm.obj,Musical_Instrument,20.0,20.0,30.0
Musical_Instrument/m628_rm.obj,Musical_Instrument,30.0,30.0,20.0
MultiSeat/m831_rm.obj,MultiSeat,30.0,20.0,30.0
Musical_Instrument/m634_rm.obj,Musical_Instrument,30.0,30.0,30.0
Musical_Instrument/m638_rm.obj,Musical_Instrument,30.0,20.0,30.0
MultiSeat/m775_rm.obj,MultiSeat,30.0,20.0,20.0
MultiSeat/m776_rm.obj,MultiSeat,20.0,20.0,20.0
Musical_Instrument/m640_rm.obj,Musical_Instrument,0.0,0.0,0.0
MultiSeat/m843_rm.obj,MultiSeat,30.0,30.0,60.0
MultiSeat/m840_rm.obj,MultiSeat,0.0,0.0,0.0
Musical_Instrument/m641_rm.obj,Musical_Instrument,20.0,20.0,30.0
Musical_Instrument/m627_rm.obj,Musical_Instrument,20.0,10.0,20.0
Musical_Instrument/m643_rm.obj,Musical_Instrument,10.0,10.0,10.0
Musical_Instrument/m633_rm.obj,Musical_Instrument,20.0,20.0,20.0
Musical_Instrument/m630_rm.obj,Musical_Instrument,30.0,20.0,40.0
Musical_Instrument/m646_rm.obj,Musical_Instrument,10.0,10.0,10.0
NonWheelChair/D00037_rm.obj,NonWheelChair,0.0,0.0,0.0
MultiSeat/m832_rm.obj,MultiSeat,0.0,0.0,0.0
NonWheelChair/D00101_rm.obj,NonWheelChair,10.0,0.0,10.0
Musical_Instrument/m632_rm.obj,Musical_Instrument,40.0,20.0,40.0
NonWheelChair/D00240_rm.obj,NonWheelChair,10.0,30.0,10.0
Musical_Instrument/m637_rm.obj,Musical_Instrument,10.0,20.0,20.0
Musical_Instrument/m639_rm.obj,Musical_Instrument,10.0,0.0,10.0
NonWheelChair/D00306_rm.obj,NonWheelChair,10.0,30.0,10.0
NonWheelChair/D00419_rm.obj,NonWheelChair,70.0,80.0,80.0
NonWheelChair/D00445_rm.obj,NonWheelChair,30.0,30.0,30.0
NonWheelChair/D00357_rm.obj,NonWheelChair,20.0,50.0,10.0
NonWheelChair/D00443_rm.obj,NonWheelChair,10.0,30.0,20.0
NonWheelChair/D00694_rm.obj,NonWheelChair,0.0,10.0,0.0
Musical_Instrument/m635_rm.obj,Musical_Instrument,20.0,20.0,20.0
Musical_Instrument/m645_rm.obj,Musical_Instrument,10.0,10.0,10.0
Musical_Instrument/m631_rm.obj,Musical_Instrument,20.0,20.0,20.0
NonWheelChair/D00853_rm.obj,NonWheelChair,20.0,50.0,20.0
NonWheelChair/D00741_rm.obj,NonWheelChair,50.0,60.0,70.0
Musical_Instrument/m626_rm.obj,Musical_Instrument,30.0,10.0,30.0
NonWheelChair/D00936_rm.obj,NonWheelChair,30.0,80.0,70.0
NonWheelChair/D00914_rm.obj,NonWheelChair,20.0,30.0,20.0
Musical_Instrument/m644_rm.obj,Musical_Instrument,10.0,10.0,10.0
Musical_Instrument/m647_rm.obj,Musical_Instrument,0.0,0.0,0.0
NonWheelChair/D00928_rm.obj,NonWheelChair,20.0,0.0,20.0
NonWheelChair/m785_rm.obj,NonWheelChair,0.0,0.0,0.0
NonWheelChair/m786_rm.obj,NonWheelChair,0.0,0.0,0.0
NonWheelChair/D00185_rm.obj,NonWheelChair,50.0,70.0,70.0
NonWheelChair/m787_rm.obj,NonWheelChair,20.0,30.0,0.0
NonWheelChair/D00170_rm.obj,NonWheelChair,70.0,70.0,70.0
NonWheelChair/m788_rm.obj,NonWheelChair,0.0,0.0,0.0
NonWheelChair/m791_rm.obj,NonWheelChair,0.0,0.0,0.0
NonWheelChair/m789_rm.obj,NonWheelChair,0.0,0.0,0.0
NonWheelChair/m793_rm.obj,NonWheelChair,10.0,10.0,0.0
NonWheelChair/m790_rm.obj,NonWheelChair,0.0,0.0,0.0
NonWheelChair/m794_rm.obj,NonWheelChair,40.0,30.0,30.0
NonWheelChair/m795_rm.obj,NonWheelChair,10.0,10.0,20.0
NonWheelChair/m796_rm.obj,NonWheelChair,20.0,10.0,20.0
NonWheelChair/m800_rm.obj,NonWheelChair,40.0,40.0,50.0
NonWheelChair/m804_rm.obj,NonWheelChair,30.0,30.0,30.0
NonWheelChair/D00481_rm.obj,NonWheelChair,80.0,90.0,90.0
NonWheelChair/m806_rm.obj,NonWheelChair,0.0,0.0,0.0
NonWheelChair/m807_rm.obj,NonWheelChair,70.0,40.0,70.0
NonWheelChair/m801_rm.obj,NonWheelChair,10.0,10.0,10.0
NonWheelChair/D00480_rm.obj,NonWheelChair,50.0,30.0,40.0
NonWheelChair/D00707_rm.obj,NonWheelChair,10.0,40.0,20.0
NonWheelChair/D00512_rm.obj,NonWheelChair,50.0,60.0,50.0
NonWheelChair/m809_rm.obj,NonWheelChair,0.0,0.0,0.0
NonWheelChair/m810_rm.obj,NonWheelChair,20.0,60.0,50.0
NonWheelChair/m817_rm.obj,NonWheelChair,20.0,60.0,40.0
NonWheelChair/m819_rm.obj,NonWheelChair,60.0,60.0,60.0
NonWheelChair/m798_rm.obj,NonWheelChair,40.0,40.0,40.0
NonWheelChair/m805_rm.obj,NonWheelChair,60.0,10.0,40.0
NonWheelChair/m808_rm.obj,NonWheelChair,50.0,10.0,40.0
NonWheelChair/m799_rm.obj,NonWheelChair,50.0,40.0,40.0
NonWheelChair/m823_rm.obj,NonWheelChair,20.0,80.0,40.0
NonWheelChair/m812_rm.obj,NonWheelChair,70.0,90.0,70.0
NonWheelChair/m813_rm.obj,NonWheelChair,70.0,90.0,80.0
NonWheelChair/m815_rm.obj,NonWheelChair,40.0,80.0,70.0
NonWheelChair/m811_rm.obj,NonWheelChair,40.0,70.0,70.0
NonWheelChair/m818_rm.obj,NonWheelChair,10.0,30.0,20.0
NonWheelChair/m827_rm.obj,NonWheelChair,30.0,0.0,30.0
NonWheelChair/m816_rm.obj,NonWheelChair,90.0,50.0,80.0
NonWheelChair/m826_rm.obj,NonWheelChair,60.0,60.0,70.0
NonWheelChair/m814_rm.obj,NonWheelChair,40.0,50.0,70.0
PianoBoard/D00065_rm.obj,PianoBoard,0.0,0.0,0.0
PianoBoard/D00075_rm.obj,PianoBoard,0.0,10.0,0.0
NonWheelChair/m797_rm.obj,NonWheelChair,20.0,30.0,30.0
NonWheelChair/m820_rm.obj,NonWheelChair,50.0,50.0,50.0
NonWheelChair/m821_rm.obj,NonWheelChair,70.0,70.0,70.0
NonWheelChair/m822_rm.obj,NonWheelChair,10.0,0.0,10.0
NonWheelChair/m824_rm.obj,NonWheelChair,70.0,80.0,80.0
NonWheelChair/m828_rm.obj,NonWheelChair,60.0,70.0,50.0
PianoBoard/D00104_rm.obj,PianoBoard,10.0,30.0,20.0
PianoBoard/D00332_rm.obj,PianoBoard,20.0,40.0,20.0
PianoBoard/D00181_rm.obj,PianoBoard,0.0,0.0,0.0
PianoBoard/D00441_rm.obj,PianoBoard,10.0,20.0,10.0
PianoBoard/D00718_rm.obj,PianoBoard,0.0,0.0,0.0
PianoBoard/D00008_rm.obj,PianoBoard,10.0,10.0,10.0
PianoBoard/D00235_rm.obj,PianoBoard,10.0,10.0,10.0
PianoBoard/D00212_rm.obj,PianoBoard,0.0,0.0,0.0
PianoBoard/D00122_rm.obj,PianoBoard,0.0,40.0,20.0
PianoBoard/D00381_rm.obj,PianoBoard,0.0,0.0,0.0
PianoBoard/D00623_rm.obj,PianoBoard,0.0,20.0,0.0
PianoBoard/D00253_rm.obj,PianoBoard,0.0,20.0,0.0
PianoBoard/D00460_rm.obj,PianoBoard,30.0,40.0,30.0
PianoBoard/D00966_rm.obj,PianoBoard,10.0,50.0,30.0
PianoBoard/D00962_rm.obj,PianoBoard,0.0,0.0,10.0
PlantIndoors/D00073_rm.obj,PlantIndoors,30.0,30.0,30.0
PlantIndoors/D00466_rm.obj,PlantIndoors,50.0,70.0,70.0
PlantIndoors/D00087_rm.obj,PlantIndoors,40.0,40.0,40.0
PianoBoard/D00755_rm.obj,PianoBoard,20.0,40.0,20.0
PlantIndoors/D00280_rm.obj,PlantIndoors,40.0,50.0,40.0
PlantIndoors/D00238_rm.obj,PlantIndoors,40.0,60.0,50.0
PianoBoard/D00721_rm.obj,PianoBoard,0.0,10.0,0.0
PianoBoard/D00885_rm.obj,PianoBoard,10.0,20.0,10.0
PlantIndoors/D00049_rm.obj,PlantIndoors,10.0,10.0,10.0
PlantIndoors/D00370_rm.obj,PlantIndoors,20.0,20.0,20.0
PlantIndoors/D00657_rm.obj,PlantIndoors,0.0,0.0,0.0
PlantIndoors/D00379_rm.obj,PlantIndoors,30.0,30.0,30.0
PlantIndoors/D00609_rm.obj,PlantIndoors,10.0,10.0,10.0
PlantIndoors/D00968_rm.obj,PlantIndoors,30.0,50.0,50.0
PlantIndoors/D00595_rm.obj,PlantIndoors,20.0,40.0,20.0
PlantIndoors/D00491_rm.obj,PlantIndoors,30.0,0.0,20.0
PlantIndoors/D00667_rm.obj,PlantIndoors,20.0,70.0,50.0
PlantIndoors/D00624_rm.obj,PlantIndoors,20.0,20.0,10.0
PlantIndoors/D00159_rm.obj,PlantIndoors,20.0,20.0,20.0
PlantIndoors/m1002_rm.obj,PlantIndoors,50.0,50.0,50.0
PlantIndoors/m1003_rm.obj,PlantIndoors,30.0,30.0,30.0
PlantIndoors/m1001_rm.obj,PlantIndoors,20.0,30.0,20.0
PlantIndoors/D00622_rm.obj,PlantIndoors,20.0,20.0,20.0
PlantIndoors/m1010_rm.obj,PlantIndoors,0.0,20.0,0.0
PlantIndoors/m1007_rm.obj,PlantIndoors,20.0,20.0,20.0
PlantIndoors/m1009_rm.obj,PlantIndoors,10.0,0.0,10.0
PlantIndoors/m1008_rm.obj,PlantIndoors,40.0,60.0,50.0
PlantIndoors/m1015_rm.obj,PlantIndoors,0.0,0.0,0.0
PlantIndoors/m1013_rm.obj,PlantIndoors,40.0,30.0,60.0
PlantIndoors/D00128_rm.obj,PlantIndoors,10.0,10.0,10.0
PlantIndoors/m1011_rm.obj,PlantIndoors,40.0,10.0,40.0
PlantIndoors/m1006_rm.obj,PlantIndoors,30.0,30.0,30.0
PlantIndoors/m1000_rm.obj,PlantIndoors,20.0,10.0,10.0
PlantIndoors/m1023_rm.obj,PlantIndoors,60.0,60.0,70.0
PlantIndoors/m1026_rm.obj,PlantIndoors,10.0,60.0,50.0
PlantIndoors/D00800_rm.obj,PlantIndoors,60.0,20.0,70.0
PlantIndoors/m1012_rm.obj,PlantIndoors,50.0,80.0,80.0
PlantIndoors/m1016_rm.obj,PlantIndoors,30.0,10.0,20.0
PlantIndoors/m1027_rm.obj,PlantIndoors,40.0,40.0,40.0
PlantIndoors/m1021_rm.obj,PlantIndoors,30.0,50.0,40.0
PlantIndoors/m1005_rm.obj,PlantIndoors,10.0,0.0,10.0
PlantIndoors/m1004_rm.obj,PlantIndoors,30.0,20.0,30.0
PlantIndoors/m1017_rm.obj,PlantIndoors,20.0,20.0,20.0
PlantIndoors/m1032_rm.obj,PlantIndoors,0.0,0.0,0.0
PlantIndoors/m1034_rm.obj,PlantIndoors,0.0,0.0,0.0
PlantIndoors/m1020_rm.obj,PlantIndoors,40.0,50.0,50.0
PlantIndoors/m1025_rm.obj,PlantIndoors,10.0,10.0,10.0
PlantIndoors/m1035_rm.obj,PlantIndoors,0.0,0.0,0.0
PlantIndoors/D00080_rm.obj,PlantIndoors,10.0,0.0,0.0
PlantIndoors/m1018_rm.obj,PlantIndoors,20.0,20.0,10.0
PlantIndoors/m1022_rm.obj,PlantIndoors,20.0,50.0,40.0
PlantIndoors/m1014_rm.obj,PlantIndoors,20.0,40.0,30.0
PlantIndoors/m1036_rm.obj,PlantIndoors,0.0,0.0,0.0
PlantIndoors/m989_rm.obj,PlantIndoors,30.0,40.0,40.0
PlantIndoors/m993_rm.obj,PlantIndoors,0.0,0.0,0.0
PlantIndoors/m991_rm.obj,PlantIndoors,20.0,20.0,20.0
PlantIndoors/m1030_rm.obj,PlantIndoors,50.0,40.0,60.0
PlantIndoors/m996_rm.obj,PlantIndoors,20.0,20.0,20.0
PlantIndoors/m997_rm.obj,PlantIndoors,0.0,10.0,0.0
PlantIndoors/m1031_rm.obj,PlantIndoors,10.0,40.0,20.0
PlantIndoors/m998_rm.obj,PlantIndoors,20.0,20.0,20.0
PlantWildNonTree/m961_rm.obj,PlantWildNonTree,10.0,10.0,30.0
PlantWildNonTree/m963_rm.obj,PlantWildNonTree,10.0,10.0,10.0
PlantIndoors/m999_rm.obj,PlantIndoors,0.0,0.0,0.0
PlantWildNonTree/m1052_rm.obj,PlantWildNonTree,0.0,0.0,0.0
PlantIndoors/m1033_rm.obj,PlantIndoors,10.0,10.0,10.0
PlantIndoors/m1029_rm.obj,PlantIndoors,0.0,0.0,0.0
PlantWildNonTree/m966_rm.obj,PlantWildNonTree,10.0,10.0,20.0
PlantWildNonTree/m962_rm.obj,PlantWildNonTree,10.0,10.0,10.0
PlantIndoors/m995_rm.obj,PlantIndoors,20.0,40.0,40.0
PlantWildNonTree/m967_rm.obj,PlantWildNonTree,20.0,20.0,20.0
PlantIndoors/m990_rm.obj,PlantIndoors,30.0,40.0,40.0
PlantWildNonTree/m968_rm.obj,PlantWildNonTree,0.0,0.0,0.0
PlantWildNonTree/m977_rm.obj,PlantWildNonTree,0.0,0.0,0.0
PlantIndoors/m992_rm.obj,PlantIndoors,20.0,30.0,30.0
PlantWildNonTree/m975_rm.obj,PlantWildNonTree,0.0,0.0,0.0
PlantWildNonTree/m978_rm.obj,PlantWildNonTree,10.0,0.0,10.0
PlantWildNonTree/m979_rm.obj,PlantWildNonTree,0.0,0.0,0.0
PlantWildNonTree/m982_rm.obj,PlantWildNonTree,0.0,0.0,0.0
PlantWildNonTree/m983_rm.obj,PlantWildNonTree,0.0,0.0,0.0
PlantIndoors/m994_rm.obj,PlantIndoors,30.0,20.0,10.0
PlantWildNonTree/m984_rm.obj,PlantWildNonTree,10.0,10.0,10.0
PlantWildNonTree/m985_rm.obj,PlantWildNonTree,0.0,0.0,0.0
PlantWildNonTree/m987_rm.obj,PlantWildNonTree,10.0,10.0,10.0
Quadruped/D00111_rm.obj,Quadruped,20.0,10.0,30.0
Quadruped/D00150_rm.obj,Quadruped,0.0,0.0,0.0
PlantWildNonTree/m971_rm.obj,PlantWildNonTree,20.0,20.0,20.0
Quadruped/D00218_rm.obj,Quadruped,30.0,10.0,30.0
PlantWildNonTree/m976_rm.obj,PlantWildNonTree,0.0,10.0,0.0
Quadruped/D00226_rm.obj,Quadruped,20.0,10.0,20.0
PlantWildNonTree/m974_rm.obj,PlantWildNonTree,0.0,0.0,0.0
Quadruped/D00261_rm.obj,Quadruped,20.0,10.0,20.0
PlantWildNonTree/m964_rm.obj,PlantWildNonTree,0.0,0.0,0.0
Quadruped/D00326_rm.obj,Quadruped,90.0,90.0,90.0
Quadruped/D00380_rm.obj,Quadruped,60.0,50.0,70.0
Quadruped/D00409_rm.obj,Quadruped,50.0,50.0,60.0
PlantWildNonTree/m972_rm.obj,PlantWildNonTree,0.0,0.0,0.0
PlantWildNonTree/m965_rm.obj,PlantWildNonTree,0.0,0.0,0.0
Quadruped/D00509_rm.obj,Quadruped,10.0,10.0,10.0
PlantWildNonTree/m981_rm.obj,PlantWildNonTree,0.0,0.0,0.0
Quadruped/D00700_rm.obj,Quadruped,50.0,30.0,60.0
Quadruped/D00794_rm.obj,Quadruped,70.0,40.0,90.0
Quadruped/D00757_rm.obj,Quadruped,10.0,10.0,10.0
Quadruped/D00831_rm.obj,Quadruped,50.0,90.0,90.0
PlantWildNonTree/m973_rm.obj,PlantWildNonTree,0.0,0.0,0.0
PlantWildNonTree/m986_rm.obj,PlantWildNonTree,20.0,10.0,20.0
PlantWildNonTree/m988_rm.obj,PlantWildNonTree,10.0,10.0,0.0
Quadruped/m100_rm.obj,Quadruped,20.0,30.0,10.0
PlantWildNonTree/m980_rm.obj,PlantWildNonTree,10.0,0.0,10.0
Quadruped/m101_rm.obj,Quadruped,0.0,20.0,0.0
Quadruped/D00934_rm.obj,Quadruped,60.0,60.0,50.0
Quadruped/m102_rm.obj,Quadruped,20.0,20.0,20.0
Quadruped/m104_rm.obj,Quadruped,90.0,70.0,90.0
Quadruped/m105_rm.obj,Quadruped,100.0,70.0,90.0
Quadruped/m106_rm.obj,Quadruped,20.0,10.0,20.0
Quadruped/m107_rm.obj,Quadruped,80.0,80.0,90.0
Quadruped/m110_rm.obj,Quadruped,0.0,0.0,0.0
Quadruped/m112_rm.obj,Quadruped,0.0,0.0,0.0
Quadruped/D00663_rm.obj,Quadruped,10.0,10.0,30.0
Quadruped/m109_rm.obj,Quadruped,0.0,0.0,0.0
Quadruped/m111_rm.obj,Quadruped,0.0,30.0,10.0
Quadruped/m274_rm.obj,Quadruped,10.0,0.0,10.0
Quadruped/m273_rm.obj,Quadruped,10.0,0.0,10.0
Quadruped/m275_rm.obj,Quadruped,0.0,0.0,0.0
Quadruped/D00583_rm.obj,Quadruped,10.0,0.0,20.0
Quadruped/m277_rm.obj,Quadruped,40.0,10.0,30.0
Quadruped/m278_rm.obj,Quadruped,20.0,10.0,20.0
Quadruped/m279_rm.obj,Quadruped,0.0,0.0,0.0
Quadruped/D00508_rm.obj,Quadruped,70.0,70.0,70.0
Quadruped/m282_rm.obj,Quadruped,0.0,0.0,0.0
Quadruped/m86_rm.obj,Quadruped,10.0,10.0,10.0
Quadruped/m281_rm.obj,Quadruped,80.0,30.0,80.0
Quadruped/m87_rm.obj,Quadruped,0.0,10.0,0.0
Quadruped/D00867_rm.obj,Quadruped,10.0,40.0,40.0
Quadruped/m88_rm.obj,Quadruped,90.0,60.0,60.0
Quadruped/m92_rm.obj,Quadruped,60.0,70.0,40.0
Quadruped/m91_rm.obj,Quadruped,50.0,70.0,90.0
Quadruped/m90_rm.obj,Quadruped,10.0,10.0,10.0
Quadruped/m93_rm.obj,Quadruped,80.0,70.0,40.0
Quadruped/m95_rm.obj,Quadruped,10.0,10.0,10.0
Quadruped/m99_rm.obj,Quadruped,10.0,10.0,10.0
RectangleTable/D00188_rm.obj,RectangleTable,0.0,0.0,0.0
Quadruped/D00841_rm.obj,Quadruped,90.0,30.0,70.0
Quadruped/m280_rm.obj,Quadruped,50.0,0.0,30.0
Quadruped/m276_rm.obj,Quadruped,0.0,0.0,0.0
Quadruped/D00795_rm.obj,Quadruped,0.0,0.0,0.0
RectangleTable/D00295_rm.obj,RectangleTable,20.0,20.0,20.0
Quadruped/m94_rm.obj,Quadruped,20.0,10.0,20.0
RectangleTable/D00421_rm.obj,RectangleTable,0.0,0.0,0.0
Quadruped/m103_rm.obj,Quadruped,10.0,0.0,10.0
Quadruped/m97_rm.obj,Quadruped,80.0,70.0,50.0
Quadruped/m98_rm.obj,Quadruped,70.0,80.0,40.0
RectangleTable/D00505_rm.obj,RectangleTable,20.0,50.0,20.0
Quadruped/m96_rm.obj,Quadruped,70.0,80.0,40.0
RectangleTable/D00571_rm.obj,RectangleTable,20.0,20.0,40.0
Quadruped/m108_rm.obj,Quadruped,100.0,70.0,80.0
RectangleTable/D00603_rm.obj,RectangleTable,10.0,10.0,10.0
RectangleTable/D00418_rm.obj,RectangleTable,0.0,0.0,0.0
RectangleTable/D00134_rm.obj,RectangleTable,40.0,90.0,70.0
RectangleTable/D00714_rm.obj,RectangleTable,50.0,20.0,50.0
RectangleTable/D00243_rm.obj,RectangleTable,10.0,40.0,20.0
Quadruped/m89_rm.obj,Quadruped,50.0,60.0,60.0
RectangleTable/D00944_rm.obj,RectangleTable,20.0,10.0,20.0
RectangleTable/D00317_rm.obj,RectangleTable,10.0,20.0,10.0
RectangleTable/D00302_rm.obj,RectangleTable,30.0,90.0,50.0
RectangleTable/D00954_rm.obj,RectangleTable,30.0,40.0,50.0
RectangleTable/m870_rm.obj,RectangleTable,30.0,20.0,30.0
RectangleTable/m874_rm.obj,RectangleTable,0.0,0.0,0.0
RectangleTable/m872_rm.obj,RectangleTable,30.0,70.0,40.0
RectangleTable/m873_rm.obj,RectangleTable,40.0,70.0,50.0
RectangleTable/m875_rm.obj,RectangleTable,0.0,0.0,0.0
RectangleTable/m876_rm.obj,RectangleTable,10.0,0.0,10.0
RectangleTable/D00530_rm.obj,RectangleTable,10.0,10.0,10.0
RectangleTable/m882_rm.obj,RectangleTable,50.0,30.0,50.0
RectangleTable/m878_rm.obj,RectangleTable,10.0,10.0,10.0
RectangleTable/D00230_rm.obj,RectangleTable,30.0,30.0,30.0
RectangleTable/D00678_rm.obj,RectangleTable,0.0,0.0,10.0
RectangleTable/D00523_rm.obj,RectangleTable,0.0,0.0,0.0
RectangleTable/m879_rm.obj,RectangleTable,0.0,0.0,0.0
RectangleTable/m877_rm.obj,RectangleTable,0.0,0.0,0.0
RectangleTable/D00187_rm.obj,RectangleTable,10.0,0.0,10.0
RectangleTable/D00766_rm.obj,RectangleTable,10.0,20.0,10.0
RectangleTable/m881_rm.obj,RectangleTable,0.0,20.0,10.0
RectangleTable/m887_rm.obj,RectangleTable,0.0,0.0,0.0
RectangleTable/m883_rm.obj,RectangleTable,10.0,10.0,10.0
RectangleTable/m891_rm.obj,RectangleTable,10.0,20.0,20.0
RectangleTable/m888_rm.obj,RectangleTable,10.0,20.0,10.0
RectangleTable/m763_rm.obj,RectangleTable,20.0,30.0,20.0
RectangleTable/m890_rm.obj,RectangleTable,10.0,0.0,10.0
RectangleTable/m889_rm.obj,RectangleTable,0.0,0.0,0.0
RectangleTable/m895_rm.obj,RectangleTable,20.0,50.0,20.0
RectangleTable/m765_rm.obj,RectangleTable,30.0,20.0,30.0
RectangleTable/m893_rm.obj,RectangleTable,30.0,20.0,30.0
RectangleTable/m894_rm.obj,RectangleTable,30.0,30.0,20.0
RectangleTable/m898_rm.obj,RectangleTable,40.0,60.0,50.0
RectangleTable/m901_rm.obj,RectangleTable,20.0,20.0,20.0
RectangleTable/m896_rm.obj,RectangleTable,0.0,0.0,0.0
RectangleTable/m897_rm.obj,RectangleTable,10.0,0.0,10.0
RectangleTable/m902_rm.obj,RectangleTable,0.0,0.0,0.0
RectangleTable/m871_rm.obj,RectangleTable,10.0,20.0,20.0
RectangleTable/m907_rm.obj,RectangleTable,10.0,40.0,0.0
RectangleTable/m906_rm.obj,RectangleTable,10.0,20.0,20.0
RectangleTable/m904_rm.obj,RectangleTable,10.0,0.0,0.0
RectangleTable/m908_rm.obj,RectangleTable,30.0,50.0,50.0
RectangleTable/m913_rm.obj,RectangleTable,30.0,30.0,30.0
RectangleTable/m912_rm.obj,RectangleTable,30.0,80.0,40.0
RectangleTable/m914_rm.obj,RectangleTable,0.0,10.0,0.0
RectangleTable/m917_rm.obj,RectangleTable,40.0,60.0,50.0
RectangleTable/m915_rm.obj,RectangleTable,40.0,40.0,40.0
RectangleTable/m920_rm.obj,RectangleTable,0.0,10.0,0.0
RectangleTable/m919_rm.obj,RectangleTable,20.0,30.0,20.0
Rocket/D00343_rm.obj,Rocket,10.0,10.0,20.0
Rocket/D00346_rm.obj,Rocket,10.0,10.0,20.0
Rocket/D00426_rm.obj,Rocket,40.0,20.0,20.0
Rocket/D00428_rm.obj,Rocket,20.0,10.0,10.0
Rocket/D00433_rm.obj,Rocket,0.0,0.0,0.0
RectangleTable/m764_rm.obj,RectangleTable,10.0,20.0,10.0
Rocket/D00472_rm.obj,Rocket,10.0,0.0,10.0
Rocket/D00528_rm.obj,Rocket,0.0,0.0,0.0
Rocket/D00485_rm.obj,Rocket,10.0,10.0,0.0
RectangleTable/m892_rm.obj,RectangleTable,30.0,10.0,40.0
Rocket/D00585_rm.obj,Rocket,0.0,10.0,0.0
Rocket/D00697_rm.obj,Rocket,10.0,10.0,10.0
Rocket/D00614_rm.obj,Rocket,10.0,10.0,0.0
RectangleTable/m905_rm.obj,RectangleTable,20.0,50.0,40.0
Rocket/D00564_rm.obj,Rocket,20.0,10.0,20.0
RectangleTable/m910_rm.obj,RectangleTable,10.0,20.0,20.0
Rocket/D00851_rm.obj,Rocket,20.0,10.0,10.0
Rocket/D00764_rm.obj,Rocket,10.0,10.0,0.0
Rocket/D00942_rm.obj,Rocket,0.0,0.0,0.0
Rocket/D00719_rm.obj,Rocket,20.0,20.0,20.0
RoundTable/D00083_rm.obj,RoundTable,10.0,10.0,10.0
Rocket/D00975_rm.obj,Rocket,10.0,0.0,10.0
RoundTable/D00344_rm.obj,RoundTable,30.0,40.0,40.0
RoundTable/D00094_rm.obj,RoundTable,60.0,50.0,50.0
RoundTable/D00401_rm.obj,RoundTable,10.0,20.0,30.0
RoundTable/D00503_rm.obj,RoundTable,10.0,30.0,10.0
Rocket/D00015_rm.obj,Rocket,0.0,30.0,10.0
RectangleTable/m886_rm.obj,RectangleTable,0.0,0.0,0.0
RoundTable/D00524_rm.obj,RoundTable,50.0,60.0,40.0
RoundTable/D00501_rm.obj,RoundTable,60.0,40.0,40.0
RoundTable/D00492_rm.obj,RoundTable,10.0,10.0,10.0
RoundTable/D00581_rm.obj,RoundTable,40.0,40.0,40.0
RoundTable/D00646_rm.obj,RoundTable,40.0,40.0,50.0
RoundTable/D00702_rm.obj,RoundTable,10.0,10.0,10.0
RoundTable/D00756_rm.obj,RoundTable,10.0,30.0,10.0
RoundTable/D00909_rm.obj,RoundTable,10.0,10.0,10.0
Rocket/D00354_rm.obj,Rocket,0.0,0.0,0.0
RoundTable/D00827_rm.obj,RoundTable,40.0,30.0,40.0
RoundTable/D00948_rm.obj,RoundTable,10.0,30.0,0.0
RoundTable/m922_rm.obj,RoundTable,0.0,10.0,10.0
RoundTable/m921_rm.obj,RoundTable,40.0,40.0,40.0
RoundTable/m923_rm.obj,RoundTable,60.0,50.0,50.0
RoundTable/m930_rm.obj,RoundTable,0.0,0.0,0.0
RoundTable/m927_rm.obj,RoundTable,30.0,10.0,30.0
Rocket/D00437_rm.obj,Rocket,20.0,20.0,20.0
RoundTable/D00107_rm.obj,RoundTable,40.0,70.0,30.0
RoundTable/m931_rm.obj,RoundTable,10.0,10.0,10.0
RoundTable/D00194_rm.obj,RoundTable,40.0,70.0,40.0
RoundTable/D00407_rm.obj,RoundTable,20.0,20.0,30.0
RoundTable/m933_rm.obj,RoundTable,30.0,50.0,40.0
RoundTable/m934_rm.obj,RoundTable,20.0,20.0,10.0
RoundTable/m937_rm.obj,RoundTable,0.0,0.0,0.0
Shelf/D00074_rm.obj,Shelf,20.0,60.0,30.0
Shelf/D00129_rm.obj,Shelf,20.0,30.0,30.0
RoundTable/D00649_rm.obj,RoundTable,30.0,80.0,60.0
RoundTable/D00866_rm.obj,RoundTable,40.0,70.0,20.0
Shelf/D00352_rm.obj,Shelf,80.0,90.0,80.0
RoundTable/m926_rm.obj,RoundTable,50.0,60.0,50.0
RoundTable/m929_rm.obj,RoundTable,40.0,50.0,30.0
RoundTable/m924_rm.obj,RoundTable,30.0,20.0,30.0
RoundTable/m928_rm.obj,RoundTable,40.0,50.0,40.0
RoundTable/m925_rm.obj,RoundTable,50.0,80.0,40.0
Shelf/D00592_rm.obj,Shelf,40.0,50.0,40.0
Shelf/D00725_rm.obj,Shelf,40.0,80.0,60.0
RoundTable/m932_rm.obj,RoundTable,10.0,10.0,10.0
Shelf/D00057_rm.obj,Shelf,60.0,60.0,70.0
RoundTable/m935_rm.obj,RoundTable,50.0,40.0,40.0
RoundTable/m938_rm.obj,RoundTable,40.0,40.0,40.0
Shelf/D00881_rm.obj,Shelf,90.0,80.0,100.0
Shelf/D00171_rm.obj,Shelf,40.0,20.0,40.0
Shelf/D00198_rm.obj,Shelf,30.0,60.0,40.0
Shelf/D00917_rm.obj,Shelf,0.0,0.0,0.0
Shelf/D00242_rm.obj,Shelf,0.0,0.0,0.0
Shelf/D00691_rm.obj,Shelf,0.0,0.0,0.0
Shelf/m846_rm.obj,Shelf,0.0,0.0,0.0
Shelf/D00468_rm.obj,Shelf,10.0,10.0,10.0
Shelf/m849_rm.obj,Shelf,40.0,30.0,40.0
Shelf/D00337_rm.obj,Shelf,20.0,20.0,20.0
Shelf/m854_rm.obj,Shelf,40.0,40.0,20.0
Shelf/D00631_rm.obj,Shelf,40.0,20.0,40.0
Shelf/D00772_rm.obj,Shelf,30.0,70.0,60.0
Shelf/D00781_rm.obj,Shelf,0.0,10.0,10.0
Shelf/D00818_rm.obj,Shelf,80.0,80.0,90.0
Shelf/m856_rm.obj,Shelf,0.0,0.0,0.0
Shelf/m857_rm.obj,Shelf,20.0,20.0,20.0
Shelf/m859_rm.obj,Shelf,30.0,50.0,40.0
Shelf/m858_rm.obj,Shelf,10.0,0.0,10.0
Shelf/D00887_rm.obj,Shelf,50.0,10.0,40.0
Shelf/m860_rm.obj,Shelf,10.0,10.0,10.0
Shelf/m862_rm.obj,Shelf,0.0,0.0,0.0
Shelf/D00956_rm.obj,Shelf,40.0,70.0,60.0
Shelf/m845_rm.obj,Shelf,10.0,20.0,20.0
Shelf/m864_rm.obj,Shelf,40.0,20.0,40.0
Shelf/m847_rm.obj,Shelf,40.0,100.0,60.0
Shelf/m863_rm.obj,Shelf,70.0,80.0,90.0
Shelf/m866_rm.obj,Shelf,0.0,0.0,0.0
Shelf/m865_rm.obj,Shelf,40.0,30.0,40.0
Shelf/m850_rm.obj,Shelf,90.0,70.0,100.0
Shelf/m844_rm.obj,Shelf,80.0,60.0,90.0
Shelf/m853_rm.obj,Shelf,50.0,80.0,70.0
Shelf/m851_rm.obj,Shelf,60.0,80.0,80.0
Shelf/m855_rm.obj,Shelf,0.0,0.0,0.0
Shelf/m868_rm.obj,Shelf,40.0,0.0,10.0
Shelf/m852_rm.obj,Shelf,40.0,80.0,80.0
Ship/D00099_rm.obj,Ship,10.0,0.0,0.0
Ship/D00042_rm.obj,Ship,50.0,20.0,70.0
Ship/D00247_rm.obj,Ship,90.0,80.0,80.0
Ship/D00175_rm.obj,Ship,0.0,0.0,0.0
Ship/D00837_rm.obj,Ship,90.0,80.0,80.0
Ship/D00809_rm.obj,Ship,10.0,10.0,20.0
Ship/D00949_rm.obj,Ship,40.0,40.0,60.0
Ship/D00935_rm.obj,Ship,70.0,60.0,60.0
Shelf/m861_rm.obj,Shelf,60.0,40.0,60.0
Ship/D00292_rm.obj,Ship,40.0,20.0,40.0
Ship/D00027_rm.obj,Ship,20.0,0.0,0.0
Ship/D00429_rm.obj,Ship,0.0,0.0,10.0
Ship/D00907_rm.obj,Ship,0.0,0.0,0.0
Ship/D00258_rm.obj,Ship,60.0,60.0,60.0
Ship/D00467_rm.obj,Ship,80.0,50.0,90.0
Ship/D00791_rm.obj,Ship,30.0,0.0,30.0
Ship/D00539_rm.obj,Ship,30.0,20.0,40.0
Ship/m1434_rm.obj,Ship,0.0,0.0,10.0
Ship/m1428_rm.obj,Ship,70.0,60.0,80.0
Ship/m1427_rm.obj,Ship,70.0,60.0,90.0
Ship/m1429_rm.obj,Ship,70.0,70.0,90.0
Ship/m1430_rm.obj,Ship,50.0,40.0,50.0
Ship/D00543_rm.obj,Ship,30.0,20.0,30.0
Ship/m1431_rm.obj,Ship,60.0,50.0,80.0
Ship/m1436_rm.obj,Ship,80.0,80.0,80.0
Ship/m1439_rm.obj,Ship,70.0,60.0,80.0
Ship/D00647_rm.obj,Ship,90.0,80.0,100.0
Ship/D00771_rm.obj,Ship,30.0,20.0,40.0
Ship/m1442_rm.obj,Ship,0.0,0.0,0.0
Ship/m1446_rm.obj,Ship,80.0,80.0,80.0
Ship/m1444_rm.obj,Ship,10.0,10.0,20.0
Ship/D00896_rm.obj,Ship,0.0,0.0,0.0
Ship/m1433_rm.obj,Ship,80.0,60.0,90.0
Ship/m1432_rm.obj,Ship,70.0,50.0,70.0
Ship/m1449_rm.obj,Ship,10.0,10.0,0.0
Ship/m1452_rm.obj,Ship,0.0,0.0,0.0
Ship/m1451_rm.obj,Ship,0.0,0.0,0.0
Ship/m1455_rm.obj,Ship,0.0,0.0,10.0
Ship/m1453_rm.obj,Ship,0.0,0.0,0.0
Ship/m1454_rm.obj,Ship,0.0,0.0,0.0
Ship/m1456_rm.obj,Ship,0.0,0.0,0.0
Ship/m1440_rm.obj,Ship,20.0,40.0,10.0
Ship/m1459_rm.obj,Ship,10.0,0.0,0.0
Ship/m1458_rm.obj,Ship,0.0,0.0,0.0
Ship/m1437_rm.obj,Ship,50.0,30.0,50.0
Ship/m1461_rm.obj,Ship,0.0,0.0,0.0
Ship/m1460_rm.obj,Ship,0.0,0.0,10.0
Ship/m1464_rm.obj,Ship,90.0,70.0,90.0
Ship/m1435_rm.obj,Ship,30.0,30.0,40.0
Ship/m1467_rm.obj,Ship,90.0,40.0,90.0
Ship/m1448_rm.obj,Ship,0.0,0.0,0.0
Ship/m1469_rm.obj,Ship,80.0,60.0,80.0
Sign/m1670_rm.obj,Sign,10.0,0.0,10.0
Ship/m1450_rm.obj,Ship,10.0,10.0,10.0
Ship/m1471_rm.obj,Ship,0.0,0.0,0.0
Sign/m1671_rm.obj,Sign,10.0,10.0,10.0
Sign/m1672_rm.obj,Sign,10.0,0.0,10.0
Ship/m1441_rm.obj,Ship,10.0,0.0,20.0
Sign/m1673_rm.obj,Sign,10.0,10.0,10.0
Sign/m1675_rm.obj,Sign,30.0,40.0,30.0
Sign/m1674_rm.obj,Sign,0.0,0.0,10.0
Ship/m1457_rm.obj,Ship,0.0,0.0,0.0
Sign/m1679_rm.obj,Sign,0.0,0.0,0.0
Sign/m1678_rm.obj,Sign,10.0,0.0,10.0
Ship/m1462_rm.obj,Ship,10.0,10.0,20.0
Sign/m1676_rm.obj,Sign,20.0,20.0,20.0
Ship/m1438_rm.obj,Ship,10.0,20.0,10.0
Ship/m1447_rm.obj,Ship,40.0,20.0,20.0
Sign/m1680_rm.obj,Sign,20.0,20.0,20.0
Sign/m1681_rm.obj,Sign,20.0,30.0,20.0
Sign/m1683_rm.obj,Sign,0.0,0.0,0.0
Sign/m1682_rm.obj,Sign,0.0,0.0,0.0
Sign/m1684_rm.obj,Sign,0.0,0.0,0.0
Skyscraper/D00059_rm.obj,Skyscraper,10.0,10.0,10.0
Ship/m1463_rm.obj,Ship,80.0,50.0,80.0
Sign/m1685_rm.obj,Sign,0.0,0.0,0.0
Ship/m1468_rm.obj,Ship,90.0,60.0,90.0
Ship/m1465_rm.obj,Ship,50.0,30.0,70.0
Ship/m1470_rm.obj,Ship,60.0,50.0,70.0
Skyscraper/D00300_rm.obj,Skyscraper,60.0,50.0,50.0
Skyscraper/D00589_rm.obj,Skyscraper,20.0,0.0,20.0
Skyscraper/D00641_rm.obj,Skyscraper,30.0,10.0,30.0
Skyscraper/D00130_rm.obj,Skyscraper,0.0,0.0,0.0
Skyscraper/D00872_rm.obj,Skyscraper,0.0,0.0,0.0
Skyscraper/D00532_rm.obj,Skyscraper,20.0,10.0,20.0
Ship/m1466_rm.obj,Ship,10.0,20.0,20.0
Spoon/D00085_rm.obj,Spoon,60.0,50.0,40.0
Spoon/D00144_rm.obj,Spoon,30.0,50.0,20.0
Skyscraper/D00664_rm.obj,Skyscraper,0.0,0.0,0.0
Skyscraper/D00105_rm.obj,Skyscraper,10.0,50.0,10.0
Skyscraper/D00125_rm.obj,Skyscraper,10.0,50.0,10.0
Skyscraper/D00822_rm.obj,Skyscraper,60.0,60.0,50.0
Spoon/D00422_rm.obj,Spoon,0.0,0.0,0.0
Spoon/D00014_rm.obj,Spoon,40.0,30.0,40.0
Spoon/D00474_rm.obj,Spoon,30.0,30.0,10.0
Skyscraper/D00584_rm.obj,Skyscraper,20.0,20.0,20.0
Spoon/D00593_rm.obj,Spoon,30.0,30.0,30.0
Spoon/D00157_rm.obj,Spoon,20.0,40.0,10.0
Skyscraper/D00998_rm.obj,Skyscraper,0.0,0.0,0.0
Skyscraper/D00126_rm.obj,Skyscraper,20.0,30.0,20.0
Spoon/D00338_rm.obj,Spoon,0.0,0.0,10.0
Spoon/D00497_rm.obj,Spoon,40.0,60.0,40.0
Spoon/D00790_rm.obj,Spoon,0.0,10.0,10.0
Spoon/D00517_rm.obj,Spoon,0.0,0.0,0.0
Spoon/D00842_rm.obj,Spoon,30.0,30.0,40.0
Spoon/D00562_rm.obj,Spoon,30.0,40.0,40.0
Spoon/D00927_rm.obj,Spoon,30.0,70.0,30.0
Spoon/D00196_rm.obj,Spoon,30.0,30.0,30.0
Starship/m1354_rm.obj,Starship,0.0,0.0,0.0
Spoon/D00669_rm.obj,Spoon,0.0,0.0,0.0
Spoon/D00661_rm.obj,Spoon,30.0,40.0,30.0
Spoon/D00674_rm.obj,Spoon,0.0,0.0,0.0
Starship/m1355_rm.obj,Starship,50.0,40.0,60.0
Starship/m1361_rm.obj,Starship,40.0,30.0,30.0
Spoon/D00964_rm.obj,Spoon,20.0,30.0,20.0
Spoon/D00683_rm.obj,Spoon,0.0,0.0,0.0
Starship/m1358_rm.obj,Starship,30.0,10.0,20.0
Starship/m1366_rm.obj,Starship,70.0,30.0,60.0
Starship/m1364_rm.obj,Starship,30.0,10.0,30.0
Starship/m1362_rm.obj,Starship,40.0,30.0,30.0
Starship/m1356_rm.obj,Starship,50.0,40.0,30.0
Starship/m1357_rm.obj,Starship,10.0,10.0,10.0
Starship/m1360_rm.obj,Starship,10.0,10.0,0.0
Skyscraper/D00520_rm.obj,Skyscraper,10.0,10.0,10.0
Starship/m1369_rm.obj,Starship,20.0,0.0,20.0
Starship/m1373_rm.obj,Starship,60.0,30.0,50.0
Starship/m1359_rm.obj,Starship,0.0,0.0,0.0
Starship/m1353_rm.obj,Starship,40.0,30.0,40.0
Starship/m1376_rm.obj,Starship,0.0,0.0,0.0
Starship/m1380_rm.obj,Starship,0.0,0.0,10.0
Starship/m1372_rm.obj,Starship,40.0,40.0,30.0
Starship/m1370_rm.obj,Starship,60.0,30.0,70.0
Starship/m1365_rm.obj,Starship,40.0,20.0,30.0
Starship/m1368_rm.obj,Starship,20.0,10.0,10.0
Starship/m1379_rm.obj,Starship,50.0,40.0,50.0
Starship/m1384_rm.obj,Starship,0.0,0.0,0.0
Starship/m1385_rm.obj,Starship,10.0,10.0,20.0
Starship/m1382_rm.obj,Starship,0.0,0.0,10.0
Starship/m1371_rm.obj,Starship,50.0,20.0,60.0
Starship/m1378_rm.obj,Starship,20.0,20.0,30.0
SubmachineGun/D00060_rm.obj,SubmachineGun,20.0,30.0,0.0
SubmachineGun/D00052_rm.obj,SubmachineGun,0.0,0.0,0.0
Skyscraper/D00870_rm.obj,Skyscraper,20.0,30.0,20.0
SubmachineGun/D00062_rm.obj,SubmachineGun,10.0,0.0,30.0
SubmachineGun/D00219_rm.obj,SubmachineGun,20.0,30.0,20.0
Starship/m1383_rm.obj,Starship,20.0,0.0,40.0
SubmachineGun/D00119_rm.obj,SubmachineGun,0.0,0.0,0.0
Starship/m1374_rm.obj,Starship,10.0,0.0,0.0
Starship/m1375_rm.obj,Starship,0.0,0.0,0.0
SubmachineGun/D00431_rm.obj,SubmachineGun,10.0,0.0,20.0
SubmachineGun/D00384_rm.obj,SubmachineGun,20.0,0.0,20.0
SubmachineGun/D00489_rm.obj,SubmachineGun,10.0,10.0,10.0
SubmachineGun/D00537_rm.obj,SubmachineGun,30.0,20.0,20.0
Starship/m1386_rm.obj,Starship,10.0,0.0,20.0
SubmachineGun/D00733_rm.obj,SubmachineGun,20.0,10.0,20.0
Skyscraper/D00006_rm.obj,Skyscraper,0.0,10.0,0.0
SubmachineGun/D00878_rm.obj,SubmachineGun,20.0,10.0,20.0
Skyscraper/D00729_rm.obj,Skyscraper,10.0,0.0,10.0
SubmachineGun/D00371_rm.obj,SubmachineGun,0.0,0.0,10.0
SubmachineGun/D00068_rm.obj,SubmachineGun,30.0,30.0,10.0
Sword/D00066_rm.obj,Sword,100.0,100.0,70.0
SubmachineGun/D00970_rm.obj,SubmachineGun,40.0,30.0,30.0
SubmachineGun/D00256_rm.obj,SubmachineGun,10.0,10.0,10.0
Sword/D00149_rm.obj,Sword,70.0,70.0,60.0
Sword/D00162_rm.obj,Sword,80.0,80.0,80.0
Sword/D00177_rm.obj,Sword,40.0,40.0,40.0
Sword/D00249_rm.obj,Sword,80.0,70.0,100.0
Sword/D00356_rm.obj,Sword,80.0,60.0,80.0
Starship/m1381_rm.obj,Starship,0.0,0.0,0.0
Sword/D00484_rm.obj,Sword,80.0,100.0,70.0
Sword/D00540_rm.obj,Sword,80.0,80.0,90.0
SubmachineGun/D00893_rm.obj,SubmachineGun,20.0,20.0,20.0
Sword/D00635_rm.obj,Sword,0.0,10.0,0.0
SubmachineGun/D00960_rm.obj,SubmachineGun,30.0,20.0,30.0
Sword/D00712_rm.obj,Sword,80.0,60.0,70.0
SubmachineGun/D00613_rm.obj,SubmachineGun,30.0,30.0,30.0
SubmachineGun/D00064_rm.obj,SubmachineGun,10.0,0.0,0.0
Sword/D00071_rm.obj,Sword,40.0,40.0,40.0
Sword/D00992_rm.obj,Sword,90.0,90.0,90.0
Sword/m687_rm.obj,Sword,80.0,70.0,80.0
Sword/m691_rm.obj,Sword,80.0,80.0,80.0
Sword/D00513_rm.obj,Sword,70.0,50.0,70.0
SubmachineGun/D00459_rm.obj,SubmachineGun,20.0,20.0,10.0
Sword/m693_rm.obj,Sword,90.0,90.0,80.0
Sword/D00133_rm.obj,Sword,60.0,50.0,70.0
Sword/m695_rm.obj,Sword,30.0,30.0,30.0
Sword/D00916_rm.obj,Sword,90.0,80.0,90.0
Sword/D00812_rm.obj,Sword,90.0,70.0,90.0
Sword/D00906_rm.obj,Sword,60.0,40.0,50.0
Sword/D00195_rm.obj,Sword,30.0,30.0,30.0
Skyscraper/D00058_rm.obj,Skyscraper,30.0,30.0,40.0
Sword/m688_rm.obj,Sword,70.0,80.0,50.0
Sword/m689_rm.obj,Sword,80.0,50.0,80.0
Sword/m697_rm.obj,Sword,90.0,70.0,90.0
Sword/m700_rm.obj,Sword,90.0,80.0,90.0
Sword/m701_rm.obj,Sword,80.0,90.0,80.0
Skyscraper/D00259_rm.obj,Skyscraper,0.0,0.0,0.0
Sword/m702_rm.obj,Sword,80.0,80.0,80.0
Sword/m704_rm.obj,Sword,90.0,70.0,80.0
Sword/m703_rm.obj,Sword,70.0,70.0,70.0
Sword/m705_rm.obj,Sword,0.0,0.0,0.0
Sword/m709_rm.obj,Sword,80.0,90.0,70.0
Sword/D00807_rm.obj,Sword,90.0,70.0,90.0
Sword/m692_rm.obj,Sword,90.0,70.0,90.0
Sword/m710_rm.obj,Sword,100.0,100.0,70.0
Sword/m713_rm.obj,Sword,70.0,70.0,80.0
Sword/m712_rm.obj,Sword,90.0,90.0,90.0
Sword/D00808_rm.obj,Sword,60.0,50.0,60.0
Sword/m714_rm.obj,Sword,90.0,70.0,90.0
Sword/m718_rm.obj,Sword,60.0,70.0,60.0
Sword/m720_rm.obj,Sword,60.0,50.0,50.0
Sword/m719_rm.obj,Sword,0.0,0.0,0.0
Sword/m721_rm.obj,Sword,10.0,20.0,10.0
Sword/m690_rm.obj,Sword,60.0,30.0,50.0
Tool/D01003_rm.obj,Tool,10.0,10.0,10.0
Sword/m699_rm.obj,Sword,70.0,50.0,80.0
Tool/D01012_rm.obj,Tool,30.0,20.0,30.0
Tool/D01069_rm.obj,Tool,90.0,80.0,60.0
Tool/D01044_rm.obj,Tool,100.0,80.0,80.0
Tool/D01040_rm.obj,Tool,100.0,100.0,100.0
Sword/m694_rm.obj,Sword,70.0,30.0,60.0
Tool/D01084_rm.obj,Tool,90.0,80.0,90.0
Sword/m711_rm.obj,Sword,30.0,50.0,30.0
Tool/D01111_rm.obj,Tool,100.0,100.0,100.0
Tool/D01086_rm.obj,Tool,30.0,20.0,30.0
Sword/m707_rm.obj,Sword,90.0,90.0,100.0
Tool/D01113_rm.obj,Tool,70.0,40.0,60.0
Tool/D01127_rm.obj,Tool,80.0,70.0,60.0
Tool/D01131_rm.obj,Tool,90.0,80.0,90.0
Tool/D01140_rm.obj,Tool,100.0,90.0,80.0
Tool/D01142_rm.obj,Tool,80.0,70.0,70.0
Tool/D01148_rm.obj,Tool,30.0,20.0,30.0
Tool/D01156_rm.obj,Tool,100.0,100.0,80.0
Tool/D01152_rm.obj,Tool,100.0,100.0,70.0
Tool/D01154_rm.obj,Tool,100.0,100.0,80.0
Tool/D01159_rm.obj,Tool,90.0,70.0,80.0
Tool/D01176_rm.obj,Tool,40.0,30.0,30.0
Tool/D01165_rm.obj,Tool,100.0,100.0,90.0
Sword/m698_rm.obj,Sword,70.0,50.0,70.0
Tool/m1099_rm.obj,Tool,0.0,0.0,0.0
Tool/m1100_rm.obj,Tool,0.0,0.0,0.0
Tool/m1101_rm.obj,Tool,10.0,10.0,10.0
Tool/m1104_rm.obj,Tool,20.0,10.0,10.0
Tool/m1103_rm.obj,Tool,10.0,10.0,10.0
Tool/m1105_rm.obj,Tool,10.0,10.0,10.0
Sword/m696_rm.obj,Sword,80.0,50.0,70.0
Tool/m1110_rm.obj,Tool,20.0,20.0,0.0
Tool/m1111_rm.obj,Tool,30.0,20.0,20.0
Tool/m1113_rm.obj,Tool,0.0,0.0,20.0
Tool/m587_rm.obj,Tool,10.0,0.0,10.0
Tool/m1117_rm.obj,Tool,0.0,0.0,0.0
Tool/m588_rm.obj,Tool,10.0,0.0,10.0
Tool/m589_rm.obj,Tool,0.0,0.0,0.0
Tool/m1106_rm.obj,Tool,0.0,0.0,0.0
Sword/m717_rm.obj,Sword,90.0,80.0,90.0
Tool/m591_rm.obj,Tool,0.0,0.0,0.0
Tool/m1114_rm.obj,Tool,20.0,20.0,20.0
Sword/m715_rm.obj,Sword,70.0,50.0,60.0
Tool/m1102_rm.obj,Tool,10.0,10.0,10.0
Sword/m716_rm.obj,Sword,70.0,20.0,70.0
Tool/m1109_rm.obj,Tool,0.0,0.0,0.0
Tool/m1115_rm.obj,Tool,30.0,10.0,20.0
Tool/m1116_rm.obj,Tool,10.0,10.0,10.0
Train/D01008_rm.obj,Train,10.0,0.0,0.0
Tool/m1108_rm.obj,Tool,10.0,10.0,10.0
Tool/m1107_rm.obj,Tool,0.0,20.0,10.0
Tool/m1112_rm.obj,Tool,10.0,20.0,10.0
Train/D01035_rm.obj,Train,50.0,20.0,60.0
Train/D01016_rm.obj,Train,0.0,0.0,0.0
Tool/m590_rm.obj,Tool,0.0,0.0,0.0
Train/D01047_rm.obj,Train,30.0,40.0,30.0
Train/D01055_rm.obj,Train,10.0,10.0,10.0
Train/D01027_rm.obj,Train,0.0,0.0,0.0
Train/D01031_rm.obj,Train,50.0,50.0,50.0
Train/D01134_rm.obj,Train,30.0,20.0,20.0
Train/D01059_rm.obj,Train,30.0,40.0,40.0
Train/D01061_rm.obj,Train,20.0,50.0,20.0
Train/D01014_rm.obj,Train,0.0,0.0,0.0
Train/m1578_rm.obj,Train,0.0,10.0,0.0
Train/m1584_rm.obj,Train,0.0,0.0,0.0
Train/m1585_rm.obj,Train,20.0,10.0,20.0
Train/D01064_rm.obj,Train,10.0,0.0,0.0
Train/D01137_rm.obj,Train,0.0,0.0,0.0
Train/m1586_rm.obj,Train,10.0,10.0,10.0
Train/m1587_rm.obj,Train,0.0,0.0,0.0
Train/m1588_rm.obj,Train,0.0,10.0,10.0
Train/D01089_rm.obj,Train,40.0,20.0,40.0
Train/D01094_rm.obj,Train,30.0,20.0,20.0
Train/D01095_rm.obj,Train,10.0,0.0,0.0
Train/D01147_rm.obj,Train,30.0,20.0,30.0
Train/m1581_rm.obj,Train,40.0,30.0,50.0
Tree/D00367_rm.obj,Tree,10.0,40.0,10.0
Train/D01149_rm.obj,Train,0.0,0.0,0.0
Train/m1582_rm.obj,Train,40.0,50.0,50.0
Train/m1580_rm.obj,Train,10.0,10.0,0.0
Tree/D00200_rm.obj,Tree,10.0,10.0,10.0
Train/m1583_rm.obj,Train,10.0,0.0,10.0
Tree/D00393_rm.obj,Tree,10.0,0.0,10.0
Tree/D00096_rm.obj,Tree,10.0,20.0,10.0
Tree/D00221_rm.obj,Tree,10.0,10.0,20.0
Train/D01180_rm.obj,Train,50.0,50.0,50.0
Tree/D00612_rm.obj,Tree,20.0,20.0,10.0
Tree/D00439_rm.obj,Tree,10.0,10.0,10.0
Train/D01163_rm.obj,Train,0.0,0.0,0.0
Tree/D00456_rm.obj,Tree,0.0,0.0,0.0
Tree/D00573_rm.obj,Tree,10.0,20.0,10.0
Tree/D00810_rm.obj,Tree,0.0,0.0,10.0
Tree/D00533_rm.obj,Tree,30.0,30.0,20.0
Tree/D00765_rm.obj,Tree,0.0,0.0,10.0
Tree/D00223_rm.obj,Tree,10.0,10.0,10.0
Tree/D00385_rm.obj,Tree,0.0,10.0,10.0
Tree/D00727_rm.obj,Tree,0.0,10.0,10.0
Tree/m1050_rm.obj,Tree,10.0,10.0,0.0
Tree/D00777_rm.obj,Tree,20.0,10.0,20.0
Tree/m1064_rm.obj,Tree,10.0,10.0,0.0
Tree/D00911_rm.obj,Tree,20.0,10.0,20.0
Tree/m1065_rm.obj,Tree,10.0,10.0,10.0
Tree/m1066_rm.obj,Tree,0.0,10.0,0.0
Tree/D00479_rm.obj,Tree,10.0,0.0,10.0
Tree/m1070_rm.obj,Tree,10.0,10.0,10.0
Tree/D00996_rm.obj,Tree,0.0,10.0,20.0
Tree/m1072_rm.obj,Tree,10.0,10.0,10.0
Tree/m1075_rm.obj,Tree,10.0,0.0,10.0
Tree/m1079_rm.obj,Tree,0.0,0.0,0.0
Tree/m1078_rm.obj,Tree,10.0,10.0,10.0
Tree/m1069_rm.obj,Tree,10.0,10.0,10.0
Tree/m1082_rm.obj,Tree,0.0,0.0,0.0
Tree/m1089_rm.obj,Tree,20.0,10.0,30.0
Tree/m1090_rm.obj,Tree,10.0,10.0,10.0
Tree/m1092_rm.obj,Tree,0.0,20.0,0.0
Tree/m1091_rm.obj,Tree,10.0,20.0,20.0
Tree/m1096_rm.obj,Tree,10.0,0.0,10.0
Tree/m1063_rm.obj,Tree,10.0,10.0,10.0
Tree/m1097_rm.obj,Tree,0.0,0.0,0.0
Tree/m1067_rm.obj,Tree,0.0,0.0,0.0
Tree/m1062_rm.obj,Tree,10.0,0.0,0.0
Tree/m1068_rm.obj,Tree,0.0,0.0,0.0
Tree/m1086_rm.obj,Tree,10.0,10.0,10.0
Truck/D00002_rm.obj,Truck,0.0,10.0,0.0
Tree/m1077_rm.obj,Tree,0.0,0.0,10.0
Tree/m1071_rm.obj,Tree,10.0,10.0,0.0
Tree/m1095_rm.obj,Tree,0.0,0.0,0.0
Tree/m1093_rm.obj,Tree,0.0,30.0,10.0
Tree/m1098_rm.obj,Tree,0.0,0.0,0.0
Truck/D00029_rm.obj,Truck,0.0,10.0,0.0
Truck/D00003_rm.obj,Truck,40.0,30.0,10.0
Tree/D00834_rm.obj,Tree,30.0,30.0,30.0
Truck/D00056_rm.obj,Truck,40.0,40.0,50.0
Truck/D00010_rm.obj,Truck,10.0,0.0,10.0
Truck/D00112_rm.obj,Truck,20.0,10.0,20.0
Truck/D00158_rm.obj,Truck,10.0,0.0,30.0
Truck/D00047_rm.obj,Truck,40.0,40.0,40.0
Truck/D00331_rm.obj,Truck,20.0,20.0,20.0
Truck/D00424_rm.obj,Truck,10.0,10.0,10.0
Truck/D00303_rm.obj,Truck,40.0,40.0,40.0
Truck/m1572_rm.obj,Truck,40.0,50.0,40.0
Truck/D00287_rm.obj,Truck,10.0,10.0,10.0
Truck/m1575_rm.obj,Truck,0.0,0.0,0.0
Truck/D00241_rm.obj,Truck,20.0,40.0,20.0
Truck/D00406_rm.obj,Truck,0.0,0.0,0.0
Truck/D00804_rm.obj,Truck,50.0,30.0,50.0
TruckNonContainer/D00215_rm.obj,TruckNonContainer,30.0,20.0,30.0
Truck/D00518_rm.obj,Truck,0.0,20.0,0.0
Truck/m1570_rm.obj,Truck,20.0,0.0,20.0
Truck/m1571_rm.obj,Truck,50.0,30.0,50.0
Truck/m1574_rm.obj,Truck,10.0,20.0,10.0
Truck/D00926_rm.obj,Truck,0.0,0.0,0.0
Truck/D00835_rm.obj,Truck,0.0,0.0,0.0
TruckNonContainer/D00143_rm.obj,TruckNonContainer,0.0,0.0,0.0
Truck/D00947_rm.obj,Truck,10.0,10.0,10.0
Truck/m1573_rm.obj,Truck,50.0,10.0,60.0
Truck/D00987_rm.obj,Truck,0.0,0.0,0.0
TruckNonContainer/D00055_rm.obj,TruckNonContainer,10.0,10.0,10.0
Truck/m1576_rm.obj,Truck,20.0,30.0,30.0
TruckNonContainer/D00266_rm.obj,TruckNonContainer,30.0,10.0,10.0
TruckNonContainer/D00148_rm.obj,TruckNonContainer,10.0,0.0,10.0
TruckNonContainer/D00252_rm.obj,TruckNonContainer,0.0,10.0,0.0
TruckNonContainer/D00267_rm.obj,TruckNonContainer,10.0,10.0,20.0
TruckNonContainer/D00283_rm.obj,TruckNonContainer,0.0,0.0,0.0
TruckNonContainer/D00353_rm.obj,TruckNonContainer,10.0,20.0,10.0
Vase/m527_rm.obj,Vase,10.0,10.0,10.0
Vase/m528_rm.obj,Vase,0.0,0.0,0.0
Vase/m529_rm.obj,Vase,0.0,0.0,0.0
TruckNonContainer/D00275_rm.obj,TruckNonContainer,0.0,0.0,0.0
TruckNonContainer/D00572_rm.obj,TruckNonContainer,0.0,0.0,0.0
Vase/m534_rm.obj,Vase,0.0,10.0,10.0
Vase/m535_rm.obj,Vase,0.0,0.0,0.0
TruckNonContainer/D00553_rm.obj,TruckNonContainer,30.0,20.0,20.0
Vase/m537_rm.obj,Vase,0.0,0.0,0.0
TruckNonContainer/D00608_rm.obj,TruckNonContainer,0.0,10.0,0.0
Vase/m539_rm.obj,Vase,0.0,0.0,0.0
Vase/m536_rm.obj,Vase,0.0,0.0,0.0
TruckNonContainer/D00731_rm.obj,TruckNonContainer,20.0,30.0,20.0
Vase/m540_rm.obj,Vase,0.0,0.0,0.0
TruckNonContainer/D00699_rm.obj,TruckNonContainer,0.0,10.0,10.0
TruckNonContainer/D00943_rm.obj,TruckNonContainer,20.0,0.0,10.0
TruckNonContainer/D00619_rm.obj,TruckNonContainer,30.0,0.0,0.0
Vase/m542_rm.obj,Vase,10.0,0.0,10.0
Vase/m543_rm.obj,Vase,10.0,10.0,10.0
Vase/m545_rm.obj,Vase,0.0,0.0,0.0
TruckNonContainer/D00737_rm.obj,TruckNonContainer,0.0,0.0,0.0
Vase/m544_rm.obj,Vase,0.0,0.0,0.0
Vase/m531_rm.obj,Vase,0.0,0.0,0.0
Vase/m532_rm.obj,Vase,0.0,0.0,0.0
Vase/m533_rm.obj,Vase,0.0,0.0,0.0
TruckNonContainer/D00783_rm.obj,TruckNonContainer,20.0,20.0,20.0
TruckNonContainer/D00879_rm.obj,TruckNonContainer,0.0,0.0,10.0
Vase/m541_rm.obj,Vase,10.0,10.0,10.0
Violin/D00349_rm.obj,Violin,50.0,40.0,70.0
Violin/D00506_rm.obj,Violin,80.0,40.0,80.0
Violin/D00376_rm.obj,Violin,20.0,0.0,20.0
Vase/m538_rm.obj,Vase,0.0,0.0,0.0
Violin/D00250_rm.obj,Violin,90.0,50.0,90.0
Violin/D00216_rm.obj,Violin,80.0,40.0,80.0
Violin/D00108_rm.obj,Violin,10.0,20.0,10.0
Violin/D00324_rm.obj,Violin,0.0,0.0,0.0
Violin/D00340_rm.obj,Violin,70.0,60.0,70.0
Violin/D00570_rm.obj,Violin,70.0,30.0,70.0
Violin/D00358_rm.obj,Violin,90.0,70.0,90.0
Wheel/m733_rm.obj,Wheel,0.0,0.0,0.0
Violin/D00598_rm.obj,Violin,0.0,0.0,0.0
Violin/D00602_rm.obj,Violin,0.0,0.0,0.0
Wheel/m735_rm.obj,Wheel,10.0,10.0,20.0
Wheel/m734_rm.obj,Wheel,10.0,10.0,30.0
Wheel/m736_rm.obj,Wheel,0.0,0.0,10.0
Wheel/m737_rm.obj,Wheel,10.0,10.0,10.0
Violin/D00704_rm.obj,Violin,80.0,10.0,80.0
Violin/D00620_rm.obj,Violin,40.0,30.0,40.0
Wheel/m742_rm.obj,Wheel,0.0,0.0,10.0
Wheel/m741_rm.obj,Wheel,0.0,0.0,0.0
Wheel/m743_rm.obj,Wheel,20.0,40.0,40.0
Wheel/m745_rm.obj,Wheel,0.0,10.0,0.0
Wheel/m744_rm.obj,Wheel,0.0,0.0,0.0
Wheel/m746_rm.obj,Wheel,0.0,0.0,0.0
Wheel/m747_rm.obj,Wheel,30.0,10.0,30.0
Wheel/m749_rm.obj,Wheel,20.0,20.0,30.0
Violin/D00675_rm.obj,Violin,10.0,0.0,0.0
Wheel/m748_rm.obj,Wheel,0.0,0.0,0.0
WheelChair/D00004_rm.obj,WheelChair,0.0,0.0,0.0
WheelChair/D00088_rm.obj,WheelChair,40.0,10.0,30.0
WheelChair/D00183_rm.obj,WheelChair,60.0,40.0,60.0
Wheel/m738_rm.obj,Wheel,0.0,10.0,0.0
Violin/D00701_rm.obj,Violin,0.0,0.0,0.0
WheelChair/D00365_rm.obj,WheelChair,50.0,30.0,50.0
Wheel/m740_rm.obj,Wheel,10.0,10.0,10.0
WheelChair/D00290_rm.obj,WheelChair,50.0,40.0,50.0
Violin/D00891_rm.obj,Violin,70.0,60.0,70.0
Violin/D00743_rm.obj,Violin,0.0,0.0,0.0
Violin/D00898_rm.obj,Violin,50.0,30.0,60.0
WheelChair/D00526_rm.obj,WheelChair,30.0,20.0,30.0
WheelChair/D00720_rm.obj,WheelChair,50.0,20.0,50.0
WheelChair/D00628_rm.obj,WheelChair,10.0,20.0,10.0
WheelChair/D00687_rm.obj,WheelChair,40.0,40.0,40.0
Violin/D00993_rm.obj,Violin,0.0,10.0,0.0
WheelChair/D00821_rm.obj,WheelChair,40.0,40.0,40.0
WheelChair/D00846_rm.obj,WheelChair,20.0,20.0,20.0
WheelChair/D00070_rm.obj,WheelChair,30.0,30.0,50.0
WheelChair/D00394_rm.obj,WheelChair,30.0,50.0,70.0
WheelChair/D00453_rm.obj,WheelChair,50.0,30.0,50.0
WheelChair/D00449_rm.obj,WheelChair,40.0,40.0,50.0
WheelChair/D00274_rm.obj,WheelChair,40.0,30.0,50.0
WheelChair/D00203_rm.obj,WheelChair,10.0,10.0,20.0
WheelChair/D00782_rm.obj,WheelChair,20.0,30.0,20.0
WheelChair/D00499_rm.obj,WheelChair,20.0,20.0,50.0
WheelChair/D00604_rm.obj,WheelChair,40.0,50.0,60.0
Wheel/m739_rm.obj,Wheel,0.0,0.0,0.0
