####
#
# OBJ File Generated by Meshlab
#
####
# Object m1557_rm.obj
#
# Vertices: 5000
# Faces: 9678
#
####
vn 2.9720138881134046 0.0135743810621430 -2.5864618474532390
v -0.4562498100000000 0.0595535000000000 0.0873420700000000
vn -3.2064645646980163 0.0090070949584885 -3.7147624053010184
v -0.4587947200000000 0.0608715200000000 0.0874450300000000
vn -3.2021377172944079 0.2458113321304648 -3.6912291388587191
v -0.4565162400000000 0.1244722900000000 0.0876599200000000
vn 3.1974564422407896 -0.0100026970176884 2.5173459465473558
v -0.4558932200000000 0.0595096700000000 0.0967169100000000
vn 6.1086059469993863 0.0179424440293137 -0.0708396238674669
v -0.4570834000000000 0.0592972900000000 0.0914580100000000
vn 6.0855619229863409 -0.4539432395043766 -0.0585226072880927
v -0.4548689600000000 0.1220558600000000 0.0916154300000000
vn -2.9598063120335714 -0.0251511073799964 3.7562751516134862
v -0.4584381300000000 0.0608245400000000 0.0968198600000000
vn 3.1900824315271952 -0.2587406694580347 2.5308655200997396
v -0.4536425300000000 0.1223977800000000 0.0969295300000000
vn -6.1042405161846673 -0.0022754590724821 0.0424519672590124
v -0.4596416500000000 0.0610716100000000 0.0914687500000000
vn -2.9529512461608047 0.2118685280310266 3.7488809795394955
v -0.4561596500000000 0.1244253100000000 0.0970347500000000
vn 2.9615656702910673 -0.2294430120832597 -2.5829291658459135
v -0.4539991100000000 0.1224447700000000 0.0875547000000000
vn -5.0438374025386112 -2.8608071919814151 -1.0112750824351182
v -0.4495433700000000 0.1874015300000000 0.0876920700000000
vn 3.1029589313462482 -1.8802834387676819 1.7526594868810641
v -0.4474539000000000 0.1845981000000000 0.0911729400000000
vn 2.9238419847610149 -1.2412937274751321 3.5019801440376828
v -0.4467403300000000 0.1850080700000000 0.0969628700000000
vn -6.0956615990803424 0.4424761641130520 0.0591698164778240
v -0.4573506100000000 0.1243309100000000 0.0917206700000000
vn -2.5812458681196468 -0.7724976166317487 4.2415729094779620
v -0.4491867800000000 0.1873577000000000 0.0970669100000000
vn 1.2285159174272844 2.7326065112353168 2.4061266173877076
v -0.4478316000000000 0.1913328100000000 0.0970272000000000
vn -5.5105235847627423 -1.9066307935542597 0.1459124969441462
v -0.4498589100000000 0.1879162300000000 0.0917449900000000
vn -4.8112504514397099 -0.0820892673983325 0.1239072155658602
v -0.4511223400000000 0.1892127200000000 0.0864893400000000
vn -1.0744770327041582 2.4913666603235809 2.2535342031594179
v -0.4489379600000000 0.1913679100000000 0.0970886600000000
vn -2.4216649255465716 -0.0908591550341079 1.8583731275629314
v -0.4507095000000000 0.1890861300000000 0.0970979300000000
vn 2.4722392217398563 0.2771272072686909 1.7894496782647480
v -0.4445379300000000 0.1881691100000000 0.0969366400000000
vn -1.5402912626542080 -1.4800890765662833 1.4387135299128584
v -0.4377736200000000 0.1193876500000000 0.0904134200000000
vn -3.1275490746804415 -3.3382196765639920 0.0464505149015945
v -0.4374219200000000 0.1194079400000000 0.0860070500000000
vn -2.6898958259846859 -2.1323947370900171 -2.2580265701007445
v -0.4470632700000000 0.1850224100000000 0.0875866100000000
vn -4.9856632692227869 -2.8901199874814867 1.2014854580126793
v -0.4496083300000000 0.1874350700000000 0.0850146400000000
vn -2.6188124391047132 5.1049092443928199 0.1380098776995032
v -0.4493257100000000 0.1913773800000000 0.0877192300000000
vn -3.2990313975218468 5.0001326288146117 0.2133449890948911
v -0.4493927100000000 0.1914097500000000 0.0850713700000000
vn -2.4405740964570928 1.9772929119219578 0.0859408234289266
v -0.4493592100000000 0.1913930400000000 0.0863953000000000
vn -0.0974776902970521 2.3361263776028540 -1.6513346916640348
v -0.4488668500000000 0.1919721400000000 0.0756698500000000
vn -2.9161514413911149 -0.5385625034966665 -4.0288006382794119
v -0.4497090900000000 0.1876156300000000 0.0756338700000000
vn -5.6329720630152362 -1.7962226170433397 0.0378298662952030
v -0.4501680600000000 0.1880882100000000 0.0809921500000000
vn -1.5821752126382567 -1.4563535231498452 -1.3890156356322660
v -0.4379994400000000 0.1194306100000000 0.0812084800000000
vn 2.8108592687079152 -1.8414629205575623 -1.9901826632214292
v -0.4476358100000000 0.1846882900000000 0.0816301100000000
vn 2.7741705547961666 -1.1073733929210405 -3.6653666576713571
v -0.4472208600000000 0.1853981300000000 0.0755553000000000
vn -2.5295173953460242 0.3042051699689948 -1.7962958048754447
v -0.4511152600000000 0.1897567300000000 0.0757171100000000
vn 3.0889076367740049 -0.2797404445390757 2.4376301888794765
v -0.4540914100000000 0.1224896700000000 0.0837985500000000
vn -2.5736127907912607 -2.2020948679554744 2.3339740767560579
v -0.4471302700000000 0.1850547700000000 0.0849387500000000
vn -6.0822157249089397 0.4471677796627729 0.2511123344144607
v -0.4576760800000000 0.1242211800000000 0.0798442300000000
vn -3.0141332283963167 0.1679567682072380 3.8512444936542902
v -0.4566099300000000 0.1245173700000000 0.0838669600000000
vn -6.1057925936056918 -0.0200599365906789 0.2279831357209060
v -0.4599405000000000 0.0607658500000000 0.0785810800000000
vn -3.0266927244031523 -0.0747199118134532 3.8421875923749642
v -0.4589094700000000 0.0609275600000000 0.0826552700000000
vn 6.0981729556943511 0.0049943239769440 -0.2551151758156275
v -0.4574114500000000 0.0599063500000000 0.0786304200000000
vn 6.0927800776514118 -0.4358024568072348 -0.2483502360080212
v -0.4551286300000000 0.1222951600000000 0.0797798600000000
vn -3.1327952245473156 0.3133601268517933 -3.5959089920641309
v -0.4567105700000000 0.1246979100000000 0.0744893400000000
vn 3.0622748474429846 -0.1803220305150861 -2.6903363438150429
v -0.4541920500000000 0.1226712600000000 0.0744209400000000
vn -3.1383508427266955 0.0691905976490351 -3.6089325299484916
v -0.4590132700000000 0.0611091600000000 0.0732777700000000
vn 3.0720522491448441 0.0581270252683044 -2.6727205763031137
v -0.4564674900000000 0.0597940600000000 0.0732253600000000
vn 3.0893728395207996 -0.0394293232593913 2.4138467323490000
v -0.4563668900000000 0.0596124700000000 0.0826019200000000
vn 5.7888450352361387 -1.0727374024568253 0.9412483193283503
v -0.4448411600000000 0.1872119800000000 0.0908371100000000
vn 2.3894513101759767 0.4883729799109922 -1.9483131670901259
v -0.4451754500000000 0.1887566500000000 0.0755555700000000
vn 5.7321363031741690 -0.8422006346639370 -1.2982757501772140
v -0.4450719000000000 0.1873092000000000 0.0816417300000000
vn 3.0069223650133798 0.7355345714161295 -3.1293030412849445
v -0.4411009600000000 0.1734311500000000 0.0814540700000000
vn 3.1143660980324461 0.6975765420453343 2.9441894273625264
v -0.4407682200000000 0.1731960100000000 0.0906440500000000
vn -2.9994363963617685 -0.7479000776627089 2.9148263995371329
v -0.4433070600000000 0.1705529900000000 0.0906745300000000
vn -6.0308344082160383 -1.4742608651369824 0.1164733586272547
v -0.4429726800000000 0.1711602200000000 0.0860840200000000
vn -3.0691102664804766 -0.7125522465079953 -2.7807423533633475
v -0.4435295600000000 0.1706633000000000 0.0814729400000000
vn 3.0809474295543704 0.2945562599301998 -3.0570362169507783
v -0.4355227700000000 0.1426435300000000 0.0812872100000000
vn 3.1638414353253963 0.2655443061515410 2.8659351345129505
v -0.4352265400000000 0.1424803400000000 0.0904782300000000
vn -3.0579274041864446 -0.3157424847569781 3.0898811335882383
v -0.4377594400000000 0.1424816700000000 0.0905240100000000
vn -6.1539518007057721 -0.5928009847906490 0.1327929530390272
v -0.4374045700000000 0.1425138100000000 0.0859972200000000
vn -3.1556044465164890 -0.2895129723377631 -2.9480309315084101
v -0.4379852600000000 0.1425246300000000 0.0813190700000000
vn 1.5470225737100738 -1.5791562008403468 -1.6248900111962910
v -0.4355196900000000 0.1194292400000000 0.0811738100000000
vn 1.5955307700144266 -1.5644245081987893 1.5149616803339419
v -0.4352406000000000 0.1193863100000000 0.0903708000000000
vn -6.1647452782791694 0.0024183644986564 0.2318646623456591
v -0.4576109400000000 0.0002273900000000 0.0774336800000000
vn 3.0780352729532519 -0.0124059868662486 2.2746074125894693
v -0.4540804500000000 0.0002370200000000 0.0814266600000000
vn -6.1692204026295130 0.0058209834389880 0.0525123791961628
v -0.4572780500000000 0.0000926600000000 0.0911276400000000
vn 3.1647508867495344 -0.0125722673952654 2.3736714091947175
v -0.4535901200000000 0.0001757700000000 0.0963487900000000
vn 6.1691852018577160 -0.0015058395578073 -0.0524586280996920
v -0.4547873000000000 0.0001923200000000 0.0910333300000000
vn -2.9261278251586109 -0.0160564675840575 3.9048751415509373
v -0.4560810200000000 0.0000610800000000 0.0964429200000000
vn -3.1780676284505125 0.0180708991591058 -3.8508410196124436
v -0.4564375400000000 0.0002168700000000 0.0870686800000000
vn 2.9390374897415659 0.0072612574907718 -2.4276727347734641
v -0.4539467900000000 0.0000999600000000 0.0869733100000000
vn 3.1980743779628442 -0.0232423574410266 2.5196471394641611
v -0.4559689500000000 -0.0592722400000000 0.0961581400000000
vn -6.1100145627217550 0.0252145388993475 0.0719738179619788
v -0.4597005200000000 -0.0603207800000000 0.0909925100000000
vn -2.9591799074299763 -0.0117964757628668 3.7585900772800276
v -0.4585154600000000 -0.0605849100000000 0.0962488600000000
vn 6.1028761988593390 -0.0098476900833756 -0.0418700409032064
v -0.4571772800000000 -0.0594624000000000 0.0908054500000000
vn -3.2114354013762463 0.0226534591153423 -3.6885875909462342
v -0.4588720500000000 -0.0605410800000000 0.0868740200000000
vn 2.9670377055961854 -0.0003129027124616 -2.5605485950641098
v -0.4563255400000000 -0.0592284200000000 0.0867833000000000
vn -3.0174668182481130 -0.0140915116862313 4.0065292504954186
v -0.4565740600000000 0.0001412500000000 0.0814503700000000
vn -3.0217483969063430 0.0500509361403023 3.8684305752750987
v -0.4589868800000000 -0.0605524100000000 0.0820828900000000
vn 6.1646877433007967 -0.0034933054198650 -0.2340362715322922
v -0.4551181100000000 0.0002029300000000 0.0774122100000000
vn 3.0944415570087735 0.0202801076376665 2.4398872576689947
v -0.4564426500000000 -0.0592399800000000 0.0820428200000000
vn -3.0848407123979511 0.0202259908441584 -3.7550527935822591
v -0.4566696200000000 0.0003232000000000 0.0720724900000000
vn 3.0162313683218853 0.0075204145272296 -2.5281839611694976
v -0.4541779000000000 0.0001832100000000 0.0720445200000000
vn 3.0700796641020354 -0.0313604952066971 -2.6709428917439109
v -0.4565434600000000 -0.0593341900000000 0.0726639300000000
vn 6.1054052229181206 -0.0252932716330289 -0.2260693301640990
v -0.4574737100000000 -0.0590436900000000 0.0779687300000000
vn -3.1402405849973953 -0.0259236156727506 -3.6070402202770109
v -0.4590918500000000 -0.0606466200000000 0.0727052100000000
vn -6.0986222878823586 0.0102224776181592 0.2573504803242906
v -0.4600318400000000 -0.0608105100000000 0.0781085600000000
vn 3.0719332378833970 -0.2642656240435653 -3.0172839667245026
v -0.4356324200000000 -0.1421602500000000 0.0799386500000000
vn -3.1617593862601461 0.3267382986605997 -2.9359569753299626
v -0.4381666100000000 -0.1421588900000000 0.0799781600000000
vn -1.5813531458542140 1.4649927041415705 -1.3616484077816600
v -0.4381524300000000 -0.1190638200000000 0.0800887500000000
vn -6.1528035258293183 0.5979790423074514 0.1670806932750832
v -0.4375901500000000 -0.1421890800000000 0.0844823500000000
vn -3.1156546426853184 3.3412394538472840 0.1068289372995749
v -0.4375854400000000 -0.1190837300000000 0.0844622400000000
vn -3.0501680783327942 0.2836119330905436 3.1012852529650452
v -0.4379407900000000 -0.1422018500000000 0.0891831000000000
vn -1.5372747383735323 1.4733877512653375 1.4682924826982617
v -0.4379266100000000 -0.1191109900000000 0.0892936800000000
vn 3.1737496120210325 -0.3039034769091417 2.9050051985528578
v -0.4354804300000000 -0.1423062200000000 0.0891318400000000
vn 1.6016466385082446 1.5628504812080597 1.5486997286661397
v -0.4354486200000000 -0.1191097800000000 0.0892447800000000
vn 1.5469331915129740 1.5790086533436554 -1.5906821197270593
v -0.4356150800000000 -0.1190651800000000 0.0800491200000000
vn 2.9961752365825687 -0.7002679693809464 -3.0857603439079417
v -0.4412158700000000 -0.1729356600000000 0.0798154100000000
vn -3.0722181071264263 0.7510595283040162 -2.7806319729958808
v -0.4437474000000000 -0.1702899300000000 0.0798671800000000
vn -6.0282665683852761 1.4816273452601325 0.1550870009998077
v -0.4431924200000000 -0.1708391200000000 0.0844564500000000
vn -2.9884215579552742 0.7154670075367197 2.9141944623525315
v -0.4435226000000000 -0.1702655200000000 0.0890724800000000
vn 3.1338976214267649 -0.7322082057681893 2.9883210514816003
v -0.4410900400000000 -0.1730085400000000 0.0890073400000000
vn -2.5720757089202659 2.1682825772512770 2.3586824865380960
v -0.4473667100000000 -0.1847086300000000 0.0831990100000000
vn -2.6847638679115775 2.1739441988746813 -2.2318955234238258
v -0.4472996900000000 -0.1847009900000000 0.0858470500000000
vn 2.8872545811989174 1.8559681607618488 1.8206642337464585
v -0.4476455900000000 -0.1842859000000000 0.0891722500000000
vn 5.6122270939904881 -0.3543644520898548 1.2755315778764325
v -0.4451324900000000 -0.1868547500000000 0.0890624200000000
vn 2.2653068612185447 -0.0713902139425051 -1.6391640448774225
v -0.4450798500000000 -0.1876939900000000 0.0737715900000000
vn 5.1218560570152567 -1.6730007512475642 -0.8346354882497019
v -0.4452930800000000 -0.1878791300000000 0.0798768800000000
vn 2.1113588640571042 -1.5132593175324298 2.0653920111205202
v -0.4462449800000000 -0.1899091700000000 0.0952347700000000
vn 3.1413377463280749 0.7228145074339203 3.2961651575730171
v -0.4469352900000000 -0.1849041800000000 0.0952311500000000
vn -3.0199880266561907 -0.1871100809302375 3.8452401616142993
v -0.4567681800000000 -0.1241524000000000 0.0826967000000000
vn 3.0619491617532471 0.2169131902477300 -2.6871044420118868
v -0.4543490100000000 -0.1222214400000000 0.0732693400000000
vn -3.1334197523054454 -0.2628801201102656 -3.5974564813541923
v -0.4568689900000000 -0.1242466200000000 0.0733178000000000
vn 3.0829797791295528 0.2631309201275286 2.4330695984836437
v -0.4542470700000000 -0.1221272400000000 0.0826503000000000
vn -4.8396473610872670 3.0440844754947656 1.1816181529401695
v -0.4498476600000000 -0.1870865100000000 0.0832527600000000
vn 3.1662191577375518 1.7147755669126523 -2.0174514495595961
v -0.4479282200000000 -0.1843444100000000 0.0796265400000000
vn 2.7143812636496167 1.2346549468707351 -3.6345384903659550
v -0.4474980000000000 -0.1848333600000000 0.0738221800000000
vn -6.0917390762506196 -0.4348496994976703 0.2430878395948315
v -0.4577991600000000 -0.1240727300000000 0.0786750200000000
vn -2.7991605485521753 0.7296084714578255 -4.1234201955744663
v -0.4499484700000000 -0.1871807300000000 0.0738738600000000
vn 1.0119631520083450 -2.6558031777217921 -2.2991756768374589
v -0.4484920700000000 -0.1912069700000000 0.0738527900000000
vn -5.3998049958800127 2.0339949380703786 0.0444840838966764
v -0.4503631100000000 -0.1876590100000000 0.0792136400000000
vn 6.0818815822352263 0.4464172178668763 -0.2438878675543371
v -0.4553129500000000 -0.1218030700000000 0.0786255900000000
vn -2.5265394027169519 -0.2371435800793719 1.9934566909312987
v -0.4508650600000000 -0.1893759200000000 0.0953025900000000
vn -2.5143600924831166 0.0700637533822931 -1.7448253408567689
v -0.4514719100000000 -0.1889062800000000 0.0739418700000000
vn -5.3282292350897791 2.2334656030121094 0.1436327201964357
v -0.4511696500000000 -0.1884148700000000 0.0847392600000000
vn 2.0048743594086629 -5.4256025996729953 -0.0670192482057930
v -0.4483395300000000 -0.1911092100000000 0.0846454100000000
vn -1.3571036361775195 -2.5623995016234162 -2.2296746847053424
v -0.4497282600000000 -0.1911662000000000 0.0738945700000000
vn -4.8870587174284443 3.0417681821791627 -0.9749916693032421
v -0.4497826800000000 -0.1870790100000000 0.0859303800000000
vn -0.7299539966234928 -2.5227173481935501 2.0754668368891980
v -0.4495134500000000 -0.1909355000000000 0.0952933100000000
vn -2.7281136580912033 0.5773383579999565 4.1581279277481178
v -0.4494260900000000 -0.1871260000000000 0.0953052100000000
vn -4.8037808525403936 2.5604930575036682 0.0318963877054534
v -0.4501425300000000 -0.1876730700000000 0.0899814700000000
vn 2.9639459858039174 0.2393635837282259 -2.5881963978830762
v -0.4541548600000000 -0.1221184400000000 0.0864035500000000
vn -3.2006886912649506 -0.2205269119022169 -3.6974716041079585
v -0.4566744600000000 -0.1241427300000000 0.0864899200000000
vn 6.0976409605031696 0.4309082056294347 -0.0549213603268737
v -0.4549957800000000 -0.1218661700000000 0.0904647800000000
vn -6.0873468896053664 -0.4425319931450699 0.0517553859211007
v -0.4575435400000000 -0.1237891700000000 0.0905543300000000
vn -2.9514816689394259 -0.2560368754482200 3.7485054291332736
v -0.4563178700000000 -0.1241865600000000 0.0958647600000000
vn 3.1924313561440907 0.2155081005687240 2.5343513570205820
v -0.4537982800000000 -0.1221622700000000 0.0957783900000000
vn -3.1601265668300349 0.0094996314249453 -2.3540895316915633
v 0.5362100900000000 -0.0597340300000000 0.0490344500000000
vn 2.9143346640460379 0.0269222786794336 -3.9500786006815041
v 0.5387550000000000 -0.0610488900000000 0.0489315000000000
vn 2.9130423866659751 -0.2101188962917801 -3.9235255861097182
v 0.5364831500000000 -0.1246497000000000 0.0487247800000000
vn -2.9970529493371103 -0.0147847678771485 2.7534843396135660
v 0.5365666800000000 -0.0597778600000000 0.0584092900000000
vn -6.0967438801228386 -0.0197581341302651 0.3927792106833569
v 0.5373529200000000 -0.0595131400000000 0.0530782500000000
vn -6.0733111464927179 0.4519913186261935 0.4077627334147079
v 0.5351383400000000 -0.1222766800000000 0.0528168000000000
vn 3.2363667104904943 -0.0088182279205681 3.5226098756070163
v 0.5391115900000000 -0.0610927200000000 0.0583063400000000
vn -2.9887648808710439 0.2336351963767490 2.7700459108657625
v 0.5343226100000000 -0.1226660100000000 0.0582048500000000
vn 6.0887726931979111 0.0047586269654013 -0.4219509848634350
v 0.5399084500000000 -0.0612784000000000 0.0528768100000000
vn 3.2293720498992431 -0.2457788045069103 3.5095214089856088
v 0.5368397400000000 -0.1246935300000000 0.0580996200000000
vn -3.1497541625109147 0.2521911324039733 -2.3505709192300883
v 0.5339660300000000 -0.1226221800000000 0.0488300000000000
vn 5.0211803821175351 2.7881319043835440 -1.3895717172540427
v 0.5295115700000000 -0.1875831800000000 0.0486988900000000
vn -2.9619874060481708 1.8632579132023694 1.9998351881732213
v 0.5276946400000000 -0.1848122800000000 0.0523590900000000
vn -2.6491270315784652 1.2074197657475128 3.7244329375301644
v 0.5274217100000000 -0.1852731700000000 0.0581777900000000
vn 6.0834742056798063 -0.4410113368180906 -0.4078254958405646
v 0.5376197700000001 -0.1245513200000000 0.0527115700000000
vn 2.9037737269889177 0.7288140333440722 4.0468194353247560
v 0.5298681600000000 -0.1876227900000000 0.0580737500000000
vn 5.4462083309392018 1.9771121358190273 -0.2358154361367579
v 0.5301362600000000 -0.1881315300000000 0.0527117200000000
vn 2.5022284812540176 -0.0473788660884008 1.5433760206279672
v 0.5314625800000000 -0.1894097000000000 0.0579141700000000
vn -5.7222631989439083 0.9187753187727175 1.3596508192483685
v 0.5250468900000000 -0.1874400500000000 0.0521952500000000
vn 1.6453663889193768 1.4661709416315765 1.3298575354201516
v 0.5180067100000000 -0.1196008100000000 0.0529413500000000
vn 0.1514801030636897 -2.2204040549759907 1.5754355111508198
v 0.5290053300000001 -0.1920125200000000 0.0581069200000000
vn -2.3244212266914119 -0.3043293301510754 1.9569364054642338
v 0.5252219000000000 -0.1884379200000000 0.0582892700000000
vn 3.1228835192738593 3.3386419259279272 -0.1631578272670758
v 0.5173218500000000 -0.1195801900000000 0.0486044100000000
vn 2.5125434739550325 2.1547182173900654 -2.4393494362536230
v 0.5270346400000000 -0.1851988000000000 0.0488042500000000
vn 5.1502523517625551 2.7755358569303308 0.8548858063917631
v 0.5293719000000000 -0.1875906500000000 0.0460241100000000
vn 2.1713128087684312 -0.2463592666310598 -1.7410589510010328
v 0.5302841800000000 -0.1895563600000000 0.0366145100000000
vn -0.2133872909007934 -2.3723085167857567 -1.7094404768700566
v 0.5274985700000000 -0.1918066400000000 0.0367581300000000
vn 2.4997824835816425 0.6776121192860917 -4.2993640117904555
v 0.5287639300000000 -0.1876835800000000 0.0366613500000000
vn 5.6610126555573217 1.7482610268232233 -0.3120078582884837
v 0.5296240400000000 -0.1882054600000000 0.0419683600000000
vn 1.4727218036822181 1.4708586705884583 -1.4931048073394546
v 0.5175294800000000 -0.1195577400000000 0.0437459700000000
vn -2.9858529935579829 1.8373667865119514 -1.7893201889468460
v 0.5271521000000000 -0.1848118500000000 0.0428261100000000
vn -2.9925904796611049 1.2249097098095652 -3.4325704096519076
v 0.5263187600000000 -0.1853341100000000 0.0367990600000000
vn -2.8945744489312522 0.2555292100664117 2.6670043306665407
v 0.5337695600000000 -0.1226319700000000 0.0450775600000000
vn 2.7453245978231373 2.1798621767321862 2.1500466443197070
v 0.5268971400000000 -0.1852064100000000 0.0461588900000000
vn 3.2979584323042554 -0.2028188657937916 3.6095288478585532
v 0.5362852800000000 -0.1246624800000000 0.0449355100000000
vn 6.1049848088206158 0.0200025306859482 -0.2381406681018687
v 0.5392273300000000 -0.0608679100000000 0.0400069100000000
vn 3.3097827620233757 0.0400768476975030 3.6015971542357734
v 0.5385087200000001 -0.0610633300000000 0.0441464100000000
vn -6.1002739909934913 -0.0052954703960771 0.2054364870228946
v 0.5367065700000000 -0.0599974000000000 0.0402601200000000
vn -6.0946602326458859 0.4352812509061613 0.2155511449627805
v 0.5344982600000000 -0.1224078000000000 0.0409974900000000
vn 6.0842569839706373 -0.4469104636998554 -0.2133798529181329
v 0.5370430400000000 -0.1243244900000000 0.0408475200000000
vn 2.8510748407435837 -0.2784838421202639 -3.8236381538694562
v 0.5356774300000000 -0.1247554300000000 0.0355759000000000
vn -3.2583457850341611 0.2034962519722973 -2.4505180698865976
v 0.5331617100000000 -0.1227291200000000 0.0357179400000000
vn 2.8545341450606920 -0.0343446688164277 -3.8391960447988493
v 0.5378966600000000 -0.0611573200000000 0.0347869600000000
vn -3.2668829298204769 -0.0344060549644655 -2.4341700944419773
v 0.5353578800000000 -0.0598395400000000 0.0349402600000000
vn -2.8969302916984092 0.0156762253070052 2.6405097981198153
v 0.5359656900000001 -0.0597455400000000 0.0442988200000000
vn -2.3842884269317248 -0.1300207160111115 -1.5357525165356420
v 0.5238742100000000 -0.1882943900000000 0.0369378000000000
vn -5.5657791282479465 1.8370288205468845 -0.8378812109919570
v 0.5246417799999999 -0.1873760800000000 0.0430180300000000
vn -3.2348729434789778 -0.7103880450901485 -2.8979258720125203
v 0.5206242800000001 -0.1735553100000000 0.0432508300000000
vn -2.8822167352640284 -0.7257363699622931 3.1660098480167895
v 0.5209910700000000 -0.1734047500000000 0.0524414400000000
vn 3.2123588877355846 0.7219839978233532 2.6851314969407603
v 0.5235258200000000 -0.1707643800000000 0.0523036400000000
vn 6.0224584031087502 1.4752150864093108 -0.3258197300691431
v 0.5228410600000000 -0.1713223400000000 0.0477441200000000
vn 2.8493107470536767 0.7398127951481397 -2.9962376803255615
v 0.5230518300000000 -0.1707887000000000 0.0431109900000000
vn -3.3041493799269546 -0.2672194486861503 -2.8171587966297533
v 0.5150579199999999 -0.1427708500000000 0.0437957400000000
vn -2.9371644109126200 -0.2935722173930117 3.0948520634285837
v 0.5154595000000000 -0.1426940000000000 0.0529840000000000
vn 3.2837760774360110 0.2881114451768046 2.8511529179769308
v 0.5179927700000000 -0.1426948600000000 0.0528370700000000
vn 6.1465106718176292 0.5942674996825313 -0.3300772274007123
v 0.5172956399999999 -0.1426870000000000 0.0483541700000000
vn 2.9229162600081713 0.3182349811450009 -3.1765987656920367
v 0.5175186899999999 -0.1426517900000000 0.0436415700000000
vn -1.6653886540504970 1.5936691008477022 -1.4879337285948637
v 0.5150536900000000 -0.1195569500000000 0.0438997300000000
vn -1.4753444460620533 1.5495919897563775 1.6462030867714808
v 0.5154735600000000 -0.1195999600000000 0.0530914300000000
vn 6.1643532086073751 -0.0008289837879345 -0.2328341642813036
v 0.5368347999999999 -0.0003330800000000 0.0396162900000000
vn -2.8959210806515241 -0.0105595596881723 2.4994662948672755
v 0.5336144900000001 -0.0003666300000000 0.0438551500000000
vn 6.1541284703267918 -0.0037584826429252 -0.4171063469371825
v 0.5375457300000001 -0.0003142000000000 0.0532857400000000
vn -2.9749678616880439 -0.0106784110344899 2.6053679653419759
v 0.5342601700000000 -0.0004444800000000 0.0587713000000000
vn -6.1544210305187965 -0.0004332882044730 0.4170592217686511
v 0.5350535700000000 -0.0004116000000000 0.0533796200000000
vn 3.2138499895368087 -0.0191806338964432 3.6739612660282059
v 0.5367510900000000 -0.0003330200000000 0.0586769900000000
vn 2.8753067442660019 0.0191958986322176 -4.0844985296896006
v 0.5363944500000000 -0.0004009000000000 0.0493017100000000
vn -3.1141903243730544 0.0140292788398437 -2.1949317709112499
v 0.5339036700000001 -0.0002840000000000 0.0493969100000000
vn -2.9977620500160986 -0.0017597672837937 2.7580606462194091
v 0.5366387700000000 0.0590041200000000 0.0589555600000000
vn 6.0963175396836862 -0.0232421372600792 -0.3932020946231380
v 0.5399681600000000 0.0601008700000000 0.0535314100000000
vn 3.2358041073705968 -0.0219232656146142 3.5256113944599621
v 0.5391810700000000 0.0603199400000000 0.0588650100000000
vn -6.0898763710085184 0.0078102623122469 0.4216285758702926
v 0.5374323100000000 0.0592411600000000 0.0535276900000000
vn 2.9210960843600997 0.0132340530594944 -3.9252988068028971
v 0.5388244800000001 0.0603606200000000 0.0494901500000000
vn -3.1538239619776016 0.0230449474974792 -2.3309011560502189
v 0.5362821800000001 0.0590479500000000 0.0495807100000000
vn 3.3123752757432783 -0.0221995267627370 3.7688595236874796
v 0.5361037100000000 -0.0002726900000000 0.0436902400000000
vn 3.3067392428485229 -0.0847711079961467 3.6272951945950176
v 0.5385792500000000 0.0604198700000000 0.0447043100000000
vn -6.1643577514854337 0.0040398996245057 0.2321740499234750
v 0.5343464000000000 -0.0002692600000000 0.0397804100000000
vn -2.9002477582447894 -0.0443419290858441 2.6675673813932792
v 0.5360346600000000 0.0591038200000000 0.0448455200000000
vn 2.7912532788773849 0.0160366180902148 -3.9774814397134008
v 0.5354884000000000 -0.0003223100000000 0.0343311900000000
vn -3.1994829915411969 0.0139976071085368 -2.2919364342758324
v 0.5330000499999999 -0.0002261900000000 0.0344936400000000
vn -3.2647774440004986 0.0551357340503550 -2.4317034602981469
v 0.5354269800000000 0.0592856300000000 0.0354871900000000
vn -6.1054869816903743 0.0250098050259140 0.2367483249312505
v 0.5367534100000000 0.0589451400000000 0.0407018500000000
vn 2.8565741999334993 0.0608837232110801 -3.8365977210621072
v 0.5379674100000000 0.0606016800000000 0.0353472000000000
vn 6.0999862778234828 -0.0105515357703865 -0.2081576806850357
v 0.5393191899999999 0.0607058600000000 0.0406673600000000
vn -3.2921733901162913 0.2909056394816857 -2.7724197780561686
v 0.5151510000000000 0.1420327200000000 0.0451026200000000
vn 2.9294724304436528 -0.2979873403070824 -3.1736135981371123
v 0.5176808800000000 0.1420318900000000 0.0449495000000000
vn 1.4724160209138779 -1.4527842701570690 -1.4924582135115838
v 0.5176669400000000 0.1189367900000000 0.0448452100000000
vn 6.1475803984280626 -0.5974575197896445 -0.3103190624601379
v 0.5174515800000000 0.1420241800000000 0.0495136200000000
vn 3.1267553873609502 -3.3412801275561939 -0.1618362361216126
v 0.5174369800000000 0.1189207400000000 0.0492868700000000
vn 3.2768578577534546 -0.3112434810294256 2.8573012968512503
v 0.5181549600000001 0.1419919900000000 0.0541450100000000
vn 1.6395582061949883 -1.4851604470420543 1.3284758292203909
v 0.5181452200000000 0.1188979300000000 0.0540405700000000
vn -2.9437593676536431 0.2754777861734547 3.1404667450871142
v 0.5156986400000000 0.1420976300000000 0.0542817800000000
vn -1.4819743736872131 -1.5774619951410698 1.6520254067660081
v 0.5156669300000000 0.1189009400000000 0.0541803400000000
vn -1.6633784996591210 -1.5649990042739208 -1.4829415513418940
v 0.5151370600000000 0.1189376200000000 0.0449983300000000
vn -3.2159532270567919 0.7429547360327067 -2.8372621395295248
v 0.5207167400000000 0.1728099300000000 0.0448430700000000
vn 2.8520322457095082 -0.7230858008346739 -3.0132531392421193
v 0.5232481600000000 0.1701678900000000 0.0446775400000000
vn 6.0223039580935076 -1.4806356416420421 -0.3168759212877298
v 0.5230440900000000 0.1706748600000000 0.0493031700000000
vn 3.2005448108330889 -0.7415418996796598 2.6725840311530025
v 0.5237222000000000 0.1700574500000000 0.0538727300000000
vn -2.8985735608917351 0.7029742925663925 3.2220356619400401
v 0.5212926300000000 0.1728089800000000 0.0540177300000000
vn 2.7438603757411366 -2.1872412137557173 2.1344039375855655
v 0.5271110100000000 0.1845529800000000 0.0478594400000000
vn 2.5082278844652364 -2.1512271056893773 -2.4535629945315627
v 0.5272484900000000 0.1845205800000000 0.0505046200000000
vn -2.7339630743725065 -1.8718119778667965 2.0191169031241714
v 0.5278452200000000 0.1840768800000000 0.0537913400000000
vn -5.7206635700575008 -1.4531387556242934 -0.7406658738977298
v 0.5248455600000000 0.1867799500000000 0.0447292200000000
vn -2.4284133166951123 0.1652065615382472 -1.5851409154827441
v 0.5241483900000000 0.1876623900000000 0.0386579800000000
vn -5.6952343170763768 -0.3751613598971263 1.3817487884537820
v 0.5252637200000000 0.1867303500000000 0.0539153000000000
vn -2.6750003500692570 -1.1884166508041718 3.7104286894041052
v 0.5275947800000000 0.1846415200000000 0.0598909300000000
vn 3.3033715292166725 0.1524954020338170 3.6065685855995491
v 0.5364298700000000 0.1240105800000000 0.0460789100000000
vn -3.2577503072136169 -0.1929758811070533 -2.4506077116024239
v 0.5333029800000000 0.1221637000000000 0.0368448400000000
vn 2.8517888964320490 0.2978278892160998 -3.8196480124168191
v 0.5358211400000000 0.1241923900000000 0.0367206200000000
vn -2.8893071373249550 -0.2870133268744484 2.6574652224041939
v 0.5339118000000000 0.1219850400000000 0.0462052500000000
vn 4.9140156708128231 -3.0539925752587309 0.7821327364769580
v 0.5295928800000000 0.1869342900000000 0.0477466700000000
vn -3.1834717653344771 -1.8469454284503224 -1.7084614083961889
v 0.5274010500000000 0.1842219200000000 0.0442570200000000
vn -2.9629336386518421 -1.2290016940420307 -3.4918764012024464
v 0.5265339000000000 0.1847653000000000 0.0385011500000000
vn 6.0935007563052785 0.4350329572546070 -0.2133215369172766
v 0.5371519100000000 0.1239653700000000 0.0419952900000000
vn 2.5510691184291332 -0.6047704158578956 -4.2706513575880729
v 0.5289820400000000 0.1871129500000000 0.0383884500000000
vn 5.5213310571584007 -1.8755709523027804 -0.4311199704404338
v 0.5297978600000000 0.1875438400000000 0.0436968200000000
vn -6.0834858952514379 -0.4466126100815597 0.2124652940984573
v 0.5346681200000000 0.1216998700000000 0.0421130900000000
vn 5.3193019291979358 -2.2822843302125828 -0.2750173531369567
v 0.5310248100000000 0.1882439500000000 0.0491886000000000
vn 2.2705034541431659 0.2744761023697325 -1.8063671982351304
v 0.5305590600000000 0.1891889100000000 0.0383747400000000
vn -0.1427242961909994 2.3128735637924054 -1.6100290746140644
v 0.5279949200000000 0.1914611200000000 0.0384990200000000
vn 0.1004217340958999 2.4276027384728245 1.6739064152524195
v 0.5292202900000000 0.1911534800000000 0.0597265300000000
vn 4.7923606762737174 -3.0347772920728273 -1.3718810397058112
v 0.5297283200000000 0.1869017600000000 0.0504214200000000
vn 2.4795138436919641 0.3201912862529810 1.7094326274402478
v 0.5314926700000000 0.1889973500000000 0.0597262400000000
vn -2.3502039237364523 0.4275705163013526 2.0658491344892465
v 0.5256533700000000 0.1878574100000000 0.0600190100000000
vn 3.0112293437721704 -0.6265964271164850 3.9473076717182196
v 0.5300849100000000 0.1868579300000000 0.0597962700000000
vn 4.7760508591700699 -2.5699365408015873 -0.3597165739894175
v 0.5303994400000001 0.1874586200000000 0.0544384600000000
vn -3.1527418427734348 -0.2163715749275354 -2.3603742469344877
v 0.5341081100000000 0.1219380000000000 0.0499542700000000
vn 2.9112658410457599 0.2563065735793435 -3.9253202862663947
v 0.5366277000000000 0.1239623000000000 0.0498679000000000
vn -6.0854032962330757 -0.4330646775864960 0.4036405219186344
v 0.5352512800000000 0.1216514300000000 0.0539382500000000
vn 6.0749295546891124 0.4438747136575135 -0.4064377062560474
v 0.5378001200000000 0.1235634000000000 0.0538509600000000
vn 3.2280337029417594 0.2222409677809230 3.5135897574673756
v 0.5369843000000000 0.1239226800000000 0.0592427600000000
vn -2.9909861871266408 -0.2404960937379682 2.7694053131915490
v 0.5344647000000000 0.1218941700000000 0.0593291200000000
vn -2.6955575597713897 -1.6132803902380199 0.0481633502221959
v -0.4501874300000000 0.1928178400000000 0.0877587400000000
vn -2.6947692608072495 -1.6128158430547532 0.0484642182931623
v -0.4502209300000000 0.1928345500000000 0.0864348200000000
vn -2.6959428192216630 -1.6135242435825445 0.0484976833876032
v -0.4484974900000000 0.1899525800000000 0.0863557900000000
vn -2.6951689944797987 -1.6130522606327662 0.0481610999553135
v -0.4484639900000000 0.1899358700000000 0.0876797100000000
vn -2.6949510887379948 -1.6129343736450679 0.0487951459580335
v -0.4485309900000000 0.1899682300000000 0.0850318600000000
vn -2.6957458764589619 -1.6133996074456840 0.0487926711468517
v -0.4502544200000000 0.1928502100000000 0.0851108900000000
vn -1.0007817299055508 -1.6394561445080844 -2.1540875276136804
v -0.0797017800000000 -0.1626783300000000 -0.0677849000000000
vn -2.5849592426505650 1.8448062615546115 0.7300036839764119
v -0.0833923800000000 -0.1577206500000000 -0.0570698900000000
vn -4.3896127318866069 -1.5512598343931843 -0.9128146342227469
v -0.0830328300000000 -0.1626441800000000 -0.0610431300000000
vn 0.9415067063759996 1.4755852568498371 2.0772505652591029
v -0.0758181000000000 -0.1577608500000000 -0.0522498200000000
vn -1.2055699711212540 -1.4443116711295518 2.5131653034276207
v -0.0800882400000000 -0.1627561600000000 -0.0523205500000000
vn 2.5565915120064657 2.0622930594357145 -0.1703690621146245
v -0.0725553300000000 -0.1572028400000000 -0.0602686200000000
vn 2.5598467045198872 -2.0461867455799583 -3.4546254102856171
v -0.0753711800000000 -0.1631106200000000 -0.0652592400000000
vn 5.3573431388509141 -1.0848709906122787 -0.0644913197451363
v -0.0729509900000000 -0.1629041600000000 -0.0604251400000000
vn -3.8194724449100232 -2.1114831263829088 -1.6717561706300497
v -0.0812881300000000 -0.1656944600000000 -0.0609309700000000
vn 3.4920060892291334 -2.9060249121243640 3.7383136448201939
v -0.0754101800000000 -0.1644557200000000 -0.0576401000000000
vn -0.6118473761733905 -0.4027399079312780 -0.0752616207759134
v -0.1076952900000000 -0.1726604900000000 -0.0549125800000000
vn 0.3641072381164477 3.7580327022036535 3.5701974372097167
v -0.0963481700000000 -0.1703488500000000 -0.0563122500000000
vn -0.2742944644632461 -1.3593949044350953 -0.3325463083890666
v -0.0997642100000000 -0.1756185900000000 -0.0568780600000000
vn -0.3977067441851211 2.8413520224601667 -2.6661407600749771
v -0.0993308400000000 -0.1701522600000000 -0.0570757000000000
vn 0.6419943946212417 -1.3778229862924070 5.8587435297384154
v -0.0986845900000000 -0.1731993300000000 -0.0556440900000000
vn 0.4660015915028826 -0.5354063429772089 5.7486931594706130
v -0.0828370700000000 -0.1728797700000000 -0.0563878000000000
vn -0.3062733769677654 0.1604406150963404 0.1505174274643184
v -0.1082092300000000 -0.1703224800000000 -0.0536349200000000
vn 0.6197154533946218 -0.9164584636931546 0.2051261280551679
v -0.0760035300000000 -0.1757034100000000 -0.0574711200000000
vn 2.5670317352817911 -1.7763665840889999 -1.7680625062084623
v -0.0747695900000000 -0.1695053700000000 -0.0603967300000000
vn -2.2108964248414007 -3.8201569443293311 3.3999776090880478
v -0.0793437600000000 -0.1640776400000000 -0.0567478600000000
vn 2.8429757314645419 -2.4820054187246847 2.6650817875382597
v -0.0751415700000000 -0.1627799200000000 -0.0541931100000000
vn -0.1357570283229569 1.1588515973820432 -1.7602907360944784
v -0.0785435600000000 -0.1576222400000000 -0.0686135800000000
vn -0.4850971081459299 -2.1330341171319112 -0.5500270554309019
v -0.0807543200000000 -0.1754526800000000 -0.0579003300000000
vn -2.9529478990687412 0.6624714604429962 3.0093118392778111
v -0.0803428500000000 -0.1694390100000000 -0.0575465100000000
vn -2.3339609578203460 -0.5009259844891490 -5.3876179775540516
v -0.0800136900000000 -0.1704192900000000 -0.0581437400000000
vn 2.8847365749222975 2.3775446912497107 -0.9474017542558073
v -0.0498805200000000 -0.1577403100000000 -0.0634584700000000
vn 3.2120918129680089 -2.0200511339312031 0.4111152586804567
v -0.0491692600000000 -0.1628114900000000 -0.0600229300000000
vn -1.1810441072982041 1.6191430238887021 2.1043678232739627
v -0.0566866700000000 -0.1577670800000000 -0.0529191400000000
vn -0.3213963151872294 -1.5563898145772732 2.2131948885125592
v -0.0556171000000000 -0.1627003100000000 -0.0525427400000000
vn -2.5743123474168885 2.0714635898341163 -0.6910276943559387
v -0.0598593600000000 -0.1574637800000000 -0.0634109200000000
vn -5.1049737984348331 -1.4981048182315408 1.4890114109433445
v -0.0593435400000000 -0.1628221600000000 -0.0597915300000000
vn -2.3121710707756327 -1.8394448016098277 -2.9439255051072406
v -0.0575313000000000 -0.1685954400000000 -0.0622957600000000
vn 0.7204893160714123 -4.2755305206847378 3.1125854048149595
v -0.0545566000000000 -0.1631955800000000 -0.0570359800000000
vn 0.6549597332058907 -1.6019887782108804 -2.2467480678006395
v -0.0532723400000000 -0.1627086400000000 -0.0686096600000000
vn 2.6029837805632186 -0.4843650184644233 -3.2631710267361287
v -0.0519381000000000 -0.1654806200000000 -0.0632014700000000
vn 1.9703713633904010 1.0669129382112641 5.3116787542949231
v -0.0531067600000000 -0.1698706800000000 -0.0580606900000000
vn -0.4306377943229586 -3.4371858683835583 3.2095482786611607
v -0.0525455100000000 -0.1754458600000000 -0.0580732000000000
vn -0.5954420299572999 -0.8057532622947272 -0.2279623360989807
v -0.0579725000000000 -0.1753736900000000 -0.0600743400000000
vn -2.3142256134788743 -0.6320760191327653 5.1055461080789888
v -0.0564318400000000 -0.1711887400000000 -0.0578561000000000
vn -0.0114647076067827 -0.1387063787855828 6.1714834419766351
v -0.0508902100000000 -0.1729868800000000 -0.0576147000000000
vn 0.1457684004432177 0.0287426274470653 0.0364814195501314
v -0.0234570900000000 -0.1709921000000000 -0.0566866400000000
vn -0.0646119321582393 3.3653114844368330 3.1753514851730658
v -0.0343704500000000 -0.1702519300000000 -0.0584447600000000
vn 0.3154384012366002 3.2184417275310016 -2.9130869491278331
v -0.0339176800000000 -0.1702155100000000 -0.0596401600000000
vn 1.1566271726405954 -0.3821744974547229 -5.6971949343982811
v -0.0320533100000000 -0.1734521500000000 -0.0599178700000000
vn 0.9988859174390252 -3.0877227088418988 -1.4646473200750689
v -0.0321931300000000 -0.1754661200000000 -0.0593556200000000
vn 0.1279188845806496 -3.2581471701419438 3.6203855074620757
v -0.0334846000000000 -0.1753079900000000 -0.0583729300000000
vn 2.3873135582902520 1.0176303254202963 -4.1854065047479887
v -0.0524702300000000 -0.1703410200000000 -0.0590907500000000
vn 1.6281580850814552 -1.0999104475445549 -5.7000080061886322
v -0.0544891700000000 -0.1720020200000000 -0.0593431600000000
vn 0.0920469309540027 -3.7266795757617324 -2.8720920545429132
v -0.0523363300000000 -0.1754895600000000 -0.0588568700000000
vn 3.4074012761354693 -4.3913163180422128 -0.1276022808692104
v -0.0507593600000000 -0.1632809800000000 -0.0608308200000000
vn -3.0296482420556297 -3.7347136454709409 2.8662516869543011
v -0.0576389600000000 -0.1631942700000000 -0.0584742500000000
vn -3.3984386019727086 -1.7898072701780450 -2.9398783029554894
v -0.0587211200000000 -0.1627725900000000 -0.0649748600000000
vn 1.9990294730787408 1.9105049796792155 1.7872882196773203
v -0.0513830900000000 -0.1575061100000000 -0.0547731900000000
vn 0.0227687816031522 1.5919513198856088 -2.2760210413512940
v -0.0543895700000000 -0.1576980400000000 -0.0687902600000000
vn -2.9244898406516469 2.3869736428243415 -2.7904139118655009
v -0.0809688600000000 0.1636647900000000 -0.0641407400000000
vn -3.1471305328180366 2.2215577690361639 -0.0114412311350789
v -0.0832347700000000 0.1639113500000000 -0.0581498900000000
vn -2.7600866461591385 -2.5025287268210676 0.6864723565072737
v -0.0827443900000000 0.1585521900000000 -0.0563075200000000
vn -2.0404542138821320 2.2832237387820737 2.5925268114669691
v -0.0799180200000000 0.1638232700000000 -0.0514275000000000
vn -0.3882760977323019 -1.9002930196425456 2.4210924883492568
v -0.0785336500000000 0.1588304200000000 -0.0505403900000000
vn 1.1684144640815759 1.7890348652050090 2.6022151923316814
v -0.0763297700000000 0.1638010300000000 -0.0506262100000000
vn 2.6320434621873501 -1.9908700345678119 0.6522126603883081
v -0.0720781400000000 0.1587988700000000 -0.0560286700000000
vn 3.1514972874098861 2.1678379079548238 -0.1753849492076658
v -0.0720902800000000 0.1638483800000000 -0.0581065100000000
vn 1.0930807280650878 -1.7539509840950913 -2.2464123844819608
v -0.0762001800000000 0.1588780100000000 -0.0662650100000000
vn 0.7275606328140700 1.7472360192568470 -2.3514321030875038
v -0.0765645300000000 0.1638846100000000 -0.0663772900000000
vn 1.6600210658066512 4.8314384066672904 -2.4603032266302947
v -0.0763818800000000 0.1643200200000000 -0.0621057600000000
vn -2.1345440182818991 4.5913700046700168 2.2461591950710682
v -0.0799859800000000 0.1644539600000000 -0.0552224800000000
vn 1.3503658274081460 1.1952316129367948 -2.8268386495670264
v -0.0756643400000000 0.1686143200000000 -0.0613699900000000
vn 1.8581409267793880 1.9263428739921060 1.9493780113118022
v -0.0753843500000000 0.1766318000000000 -0.0558818400000000
vn 3.1533342000429809 1.3442953604322725 -2.2594910813906921
v -0.0747351200000000 0.1717983600000000 -0.0579902700000000
vn -1.7995723615365591 -0.3059090488079903 -5.5405536736215399
v -0.0794966000000000 0.1732443800000000 -0.0567326300000000
vn -0.1376772095626926 3.8724146276768923 -2.9155126640090354
v -0.0928650800000000 0.1765043600000000 -0.0557138100000000
vn -0.7282768586035060 2.0744000032263856 1.1315487281311425
v -0.0987837000000000 0.1764010700000000 -0.0542455700000000
vn -1.6447418382315302 -0.7681501702791713 3.9298321901128110
v -0.0794445300000000 0.1715747700000000 -0.0550569900000000
vn -0.1788334681955821 -1.4059676517254800 0.1415829928253214
v -0.0928639400000000 0.1712652100000000 -0.0549695400000000
vn -1.2629066210277193 1.3969637803010748 -4.2401512336330596
v -0.0984822100000000 0.1753761300000000 -0.0558875200000000
vn -0.1681622163300082 -0.0520126502841896 0.0278998155165242
v -0.1041384600000000 0.1727275800000000 -0.0539042000000000
vn 1.2885147624804314 1.6634062692267793 -1.3909672706034160
v -0.0753153700000000 0.1768006500000000 -0.0572983000000000
vn -3.8865430280815678 1.9007923861161866 -2.0334887795532568
v -0.0802266600000000 0.1687348700000000 -0.0590653100000000
vn 2.6605520678837626 4.5617084428955765 1.6050103311043902
v -0.0746140700000000 0.1642145700000000 -0.0561279700000000
vn -1.8928557579550724 -2.0579355767776883 -1.9287852985565719
v -0.0809081300000000 0.1586862400000000 -0.0649168900000000
vn -0.7414249549040812 -1.6767386016308929 -2.1212113666572905
v -0.0563488500000000 0.1588644500000000 -0.0671974200000000
vn 3.5312955412015246 2.2212804756261280 0.1528593935375490
v -0.0490744700000000 0.1638375400000000 -0.0596129100000000
vn 1.3962301150582070 1.8668460104619657 2.4497733719070243
v -0.0524678700000000 0.1638184900000000 -0.0516657400000000
vn -1.2017997685178656 -1.8314364660300058 2.4268258120873138
v -0.0561185700000000 0.1588115600000000 -0.0515185300000000
vn -2.0106669822487633 2.1812177328013433 2.3138724901980896
v -0.0567753500000000 0.1638119100000000 -0.0523070900000000
vn -1.3228499357097729 1.8421425658558062 -2.2998530668142183
v -0.0566978100000000 0.1638462200000000 -0.0669612500000000
vn 1.6910561199377212 1.9193282094502075 -2.5302477763084643
v -0.0523868200000000 0.1638179300000000 -0.0663169100000000
vn -4.8229151639358605 1.7842982117337829 2.4389349661451680
v -0.0588385400000000 0.1639338900000000 -0.0572540500000000
vn 3.0470873800558573 4.6528021197138489 -1.3106269500526393
v -0.0509662000000000 0.1644748300000000 -0.0609013000000000
vn 0.8320224825574141 4.6128423462018304 2.7412514651383337
v -0.0538360300000000 0.1644001400000000 -0.0555873300000000
vn -2.5794058853955391 1.5581171294714595 -0.5766826457584870
v -0.0578554700000000 0.1707060400000000 -0.0589347000000000
vn 0.6544959536104052 2.7318117455719526 1.4140156266529065
v -0.0312621900000000 0.1763490700000000 -0.0566444900000000
vn 0.7728021746644900 0.3982049615402230 -0.1102778549238246
v -0.0245313500000000 0.1737457100000000 -0.0564563800000000
vn 0.2659060157653966 2.9132023954524948 -3.0286807894533481
v -0.0336109300000000 0.1763518800000000 -0.0580450000000000
vn 0.2428152348869518 -2.9187034907483529 -2.9214737173577956
v -0.0330360900000000 0.1712590600000000 -0.0580015300000000
vn 2.0425589098593928 -0.3735188936925563 0.4677444706103052
v -0.0520482900000000 0.1711196500000000 -0.0572904600000000
vn -0.0119768079279138 -3.3123240794567050 3.5184925322296841
v -0.0362156300000000 0.1713678400000000 -0.0568144900000000
vn 0.1523142697069540 3.1868255728199140 3.2695673255904021
v -0.0488082500000000 0.1761886200000000 -0.0563245600000000
vn 0.4015056609821298 -0.2724835804570627 0.1531102515710302
v -0.0243312100000000 0.1713063100000000 -0.0554799100000000
vn -0.6085200191178717 -1.5956440464260546 5.4748686793742811
v -0.0508552500000000 0.1726492600000000 -0.0561164200000000
vn 0.6842467350395186 1.2596468945226689 -3.7794716546678595
v -0.0539930400000000 0.1679168500000000 -0.0624451400000000
vn -2.8874760648496047 -2.0139655028159424 0.1835125724476245
v -0.0600781000000000 0.1588358500000000 -0.0587451000000000
vn 1.9470211503281409 -2.3714040962932890 1.7809849285808859
v -0.0515629600000000 0.1583364100000000 -0.0529866700000000
vn 2.7482920717573491 -2.1883908779875987 -0.9832314530442615
v -0.0493279200000000 0.1588552200000000 -0.0620838000000000
vn 0.1131304448238559 3.0877181882856175 -3.1894863981189392
v -0.0485613800000000 0.1761954100000000 -0.0575968900000000
vn -0.5201059692891682 0.6685758613578626 0.1173094639706828
v -0.0566406000000000 0.1768294500000000 -0.0568371500000000
vn -4.5741414243671574 1.7411063957885127 -1.9635701378127723
v -0.0591096900000000 0.1643373200000000 -0.0610778200000000
vn 1.8589030365802466 -2.9856343726659644 2.2453080637248091
v -0.3243640300000000 -0.1415111900000000 0.0190859100000000
vn 1.6258323385226521 -2.9574802171152963 3.5296999700550229
v -0.3088736100000000 -0.1425113300000000 0.0096038200000000
vn 0.8273964381059582 -2.9670964241440401 3.4514922443669862
v -0.2901186800000000 -0.1426721600000000 0.0025719700000000
vn 2.3702686571102474 -2.7395522453120407 -0.8325279565147332
v 0.5147199700000000 -0.0979832200000000 0.0133164000000000
vn 1.3873033028933213 -2.1912610669012516 1.0098921690511138
v 0.5235794600000000 -0.0986504200000000 0.0329270900000000
vn 3.0400863855030447 0.1537308895613816 3.2313092743249339
v 0.4526869200000000 -0.0594144400000000 0.0808801800000000
vn 3.2082809687758238 0.0058400787919678 2.5926533204851419
v 0.4566981200000000 -0.0004525800000000 0.0810032700000000
vn -2.9309763847770407 -0.0236332079186116 3.8907127905812922
v -0.4246213200000000 -0.0000276700000000 0.1145277600000000
vn 0.2489649861484858 -3.2004793554027380 2.7585794419288909
v -0.1610586300000000 -0.1976125100000000 0.1035789500000000
vn -1.4005541504314940 -1.3332784291669031 4.9408937433252547
v -0.1711920100000000 -0.1489921300000000 0.1054622000000000
vn -1.2704819229749953 -1.7581220872924157 1.6015007084233153
v -0.1716827500000000 -0.1984574400000000 0.1039791100000000
vn 0.7246187738818907 1.2751839539090333 1.6304520851089888
v 0.4957980900000000 -0.0655422700000000 0.0523711700000000
vn -0.2728363284722519 1.2898377492487327 -0.2320896766704035
v 0.4788006400000000 -0.0617388200000000 0.0548274400000000
vn -0.8614909632071648 -1.3171703148424290 1.4360862887105941
v -0.3983870800000000 -0.1921970300000000 0.1126314600000000
vn 0.8565981815116628 -2.6182711962114102 1.3140982598064976
v -0.3853481300000000 -0.1952192800000000 0.1054697000000000
vn 1.7352791950053330 -3.2006668671554830 3.7579947065277546
v -0.3848531400000000 -0.1457571300000000 0.1069536700000000
vn -2.8989636778462291 -3.1937889961824393 0.5479236021184897
v -0.1773634600000000 -0.1962853500000000 0.0774954100000000
vn -2.5002800498561002 -3.4222485596797050 0.9459955824320427
v -0.1848310200000000 -0.1948702000000000 0.0517082300000000
vn -3.0375499205149614 -3.0555404845641321 0.5410610790483376
v -0.1768726800000000 -0.1468189800000000 0.0789795600000000
vn -2.0548521404275686 -3.5325655381423484 1.8139993895737023
v -0.2026474100000000 -0.1936927600000000 0.0249661700000000
vn -2.8487640409023394 -2.8438557159204678 1.1770303879140160
v -0.1843393000000000 -0.1454038300000000 0.0531891800000000
vn -1.4601719869556680 -3.4284544161057426 2.5122140304005991
v -0.2250111400000000 -0.1921114500000000 0.0093098500000000
vn -2.2780386536882165 -2.8099326001132257 2.0701575067278211
v -0.2021525800000000 -0.1442274300000000 0.0264459400000000
vn -0.7453064465784843 -3.4122939382058850 2.4549930494728378
v -0.2427939800000000 -0.1921851200000000 0.0021301100000000
vn -1.5089865868269059 -2.9722710243670285 2.5225499500761299
v -0.2245172500000000 -0.1426450800000000 0.0107928300000000
vn -0.0522670163941642 -3.4286605530896912 2.4669258648209533
v -0.2678030800000000 -0.1917928700000000 -0.0015236600000000
vn -0.8520376524334845 -2.9841020615003400 3.1145412228758027
v -0.2423021500000000 -0.1427187600000000 0.0036142200000000
vn 0.5166568182513729 -3.3669450753067363 2.2065563987469878
v -0.2906094600000000 -0.1921343100000000 0.0010878400000000
vn -0.0850304827579327 -2.9744257480694616 3.1112331303767098
v -0.2673080900000000 -0.1423275600000000 -0.0000396700000000
vn 0.7448567924727378 -3.2261869204149760 1.8908222525818335
v -0.3093685600000000 -0.1919766500000000 0.0081208900000000
vn 1.6013007632548408 -3.4130999812986067 1.9250838790636020
v -0.3248546900000000 -0.1909733600000000 0.0176049400000000
vn 1.9833416373463428 -3.4225169003911278 1.3009030352042130
v -0.3382294400000000 -0.1915044900000000 0.0310173700000000
vn 1.8294215787097827 -3.0524930530592345 0.7341223871283572
v -0.3516682300000000 -0.1935512600000000 0.0559186100000000
vn 2.1966935680009079 -2.8922187502582291 1.4627193946520587
v -0.3377345700000000 -0.1420391700000000 0.0324981900000000
vn 1.2625221311534238 -2.6069656998348365 0.9405190424848999
v -0.3631103900000000 -0.1955280300000000 0.0813531500000000
vn 2.6863060968676642 -3.1220781209711941 1.0930182901832199
v -0.3511776100000000 -0.1440890800000000 0.0573985300000000
vn 0.2844716403178024 -1.2968918544895653 0.2442054383923915
v -0.3717485400000000 -0.1966016500000000 0.0944448700000000
vn 2.7251064921430386 -3.3628174205482768 1.2262054834418863
v -0.3626155600000000 -0.1460616500000000 0.0828329300000000
vn 2.3555611637840741 -3.5189870066176394 2.3497578324094412
v -0.3712537100000000 -0.1471363200000000 0.0959246500000000
vn 2.1708306782160443 -1.9057640127874707 3.5930043337490885
v 0.4513523500000000 -0.0655698900000000 0.0808716200000000
vn 0.2342836719720268 -0.0162339451158000 6.2787857149397670
v 0.1076414000000000 -0.0917652700000000 0.0938533400000000
vn 0.3775149626175749 -3.2769018517488488 4.7065346324642130
v 0.4671532000000000 -0.1264782100000000 -0.0250366100000000
vn -0.3265766092597923 -3.0616622152002009 4.2894262834488961
v 0.4825968400000000 -0.1239948200000000 -0.0257072400000000
vn 1.7182927597816551 -0.4430003758705146 1.4162629414497458
v 0.4964070000000000 -0.1491928600000000 -0.0254422400000000
vn 2.4922553401082306 -0.9594668849646041 0.2982210953461426
v 0.4979037800000000 -0.1270244800000000 -0.0236499200000000
vn 0.4127068603378901 -2.8199212228373431 2.3901924957686820
v 0.1055584900000000 -0.1989572200000000 0.0934314200000000
vn 0.8046623132702362 -2.7408446795382999 1.8775380042916534
v 0.1537020100000000 -0.1993580600000000 0.0787026800000000
vn 2.5220738699187253 0.4402133707345229 5.6359356698822509
v 0.1537059200000000 -0.1929334600000000 0.0787325600000000
vn 1.4021842617391218 -2.1251610660730171 2.1031773288279827
v 0.4812537600000000 -0.1876097700000000 -0.0266162100000000
vn 1.9138953500799420 -0.6281269442245223 0.6634679767482321
v 0.4949102300000000 -0.1713643900000000 -0.0272345800000000
vn -2.9778254451924107 0.2299794299425867 5.1304124027660505
v 0.4949141400000000 -0.1649397900000000 -0.0272046900000000
vn 0.1260758577624025 -2.9001026561899685 2.3812031951103902
v 0.4598502500000000 -0.1951968100000000 -0.0303569900000000
vn -0.6666363796566015 0.5228889441927596 6.1089265620220079
v 0.4812608300000000 -0.1811851700000000 -0.0265864400000000
vn -0.1004265026783956 -3.2051490477789208 2.6383756439114534
v 0.4385778300000000 -0.1975588100000000 -0.0355574100000000
vn -1.4019735776667797 0.5840381553378380 6.0467544585705202
v 0.4598541600000000 -0.1887722100000000 -0.0303271000000000
vn 0.0150230783224816 -3.1647344025073187 2.2534475895650279
v 0.4163850000000000 -0.1999851900000000 -0.0383391000000000
vn -1.3490478783409066 0.8242245764215795 6.0394262262515257
v 0.4385817400000000 -0.1911373700000000 -0.0355275400000000
vn 0.3693380545557408 -3.3782418699314709 3.0900189204590478
v 0.3817334600000000 -0.1987883500000000 -0.0376275500000000
vn -0.5342816021880232 1.3333656155102724 6.0004230913445076
v 0.4163889100000000 -0.1935605900000000 -0.0383092100000000
vn 0.4525553128339453 -3.1378609369763999 1.9797317723932928
v 0.3514418600000000 -0.1985595100000000 -0.0301291700000000
vn 0.6722069655799975 2.0126753787697909 5.6474271040236772
v 0.3817373700000000 -0.1923637500000000 -0.0375976600000000
vn 1.4276615008040465 -3.2328530894922229 2.8171734905492039
v 0.3143415500000000 -0.1954015700000000 -0.0127809400000000
vn 1.8638834320126310 2.1908204353137481 5.2071904743233448
v 0.3514499800000000 -0.1921349100000000 -0.0300994500000000
vn 1.2836864093993203 -3.0961801802448514 2.1667445226982673
v 0.2457944500000000 -0.1966227100000000 0.0260603600000000
vn 2.6042587879244268 2.1808599982679855 4.7987539243538242
v 0.3143454600000000 -0.1889769700000000 -0.0127510500000000
vn 2.9053342682167895 1.5938564863920841 5.0691804065678134
v 0.2457983600000000 -0.1901981100000000 0.0260902500000000
vn 1.9278581940625836 1.5507453467136754 4.7541820376061192
v 0.3430427300000000 -0.1835825200000000 -0.0355843800000000
vn 2.6392110084219143 1.4037312517743241 4.7449447814721291
v 0.3072053000000000 -0.1804289200000000 -0.0174667100000000
vn 2.9707561593743219 1.2099484615465306 5.0487519689894711
v 0.2410154600000000 -0.1816597000000000 0.0231369100000000
vn 0.8282849502135303 0.0213150244290015 -0.1441657839711077
v 0.1055624000000000 -0.1925326200000000 0.0934613100000000
vn 2.5465405104475773 0.3388909616704124 5.7058657052954045
v 0.1520944700000000 -0.1844081200000000 0.0781742400000000
vn -0.4089646537399232 -0.3591601759636375 5.7559863380524048
v 0.4818427800000000 -0.1563873400000000 -0.0320908300000000
vn -0.9950381418846760 0.3743909132657030 6.1050523106032522
v 0.4686336400000000 -0.1726329500000000 -0.0314831500000000
vn -1.4596071278589726 0.3189286901582248 6.0136268259384948
v 0.4479125700000000 -0.1802192100000000 -0.0354784900000000
vn -1.1203272296234250 0.6096759468085055 5.8743053380077530
v 0.4273195100000000 -0.1825800700000000 -0.0410144700000000
vn -0.1929375286789448 1.2331352321508142 5.5838004503627499
v 0.4058393000000000 -0.1850059100000000 -0.0440055200000000
vn 0.8535306058139731 1.3618275736185470 5.2160106134181703
v 0.3723215200000000 -0.1838094100000000 -0.0433708000000000
vn -0.0250201130253551 -3.3172724949761117 4.0895408712355890
v 0.4259308000000000 -0.1368419700000000 -0.0339518200000000
vn 0.3714923046628108 -3.3343741377250700 4.1303128568904901
v 0.4048260700000000 -0.1415270700000000 -0.0367391000000000
vn 0.9566415085228741 -3.3279845219824131 4.0952255815248861
v 0.3723947900000000 -0.1470044300000000 -0.0361021200000000
vn 1.6040732495357617 -3.3426141145534487 3.9303773008558958
v 0.3435415400000000 -0.1494909600000000 -0.0287017000000000
vn 2.0750323910302435 -3.1396236239811954 4.2794084594750395
v 0.3082172200000000 -0.1497040300000000 -0.0115410800000000
vn 3.1556178997124924 -0.3736894972125158 5.4179695928245977
v 0.2414697500000000 -0.1447620900000000 0.0269614000000000
vn 0.8503324808764090 -0.0275244433002117 -0.1515290512586280
v 0.1055675900000000 -0.1840110500000000 0.0935009500000000
vn 1.7605864568216520 -2.3332811624842043 5.1429797044083214
v 0.1516063600000000 -0.1286195300000000 0.0791931700000000
vn -0.0553400063474455 -3.2277333347166310 4.5830245702601724
v 0.4460266900000000 -0.1314926900000000 -0.0287527300000000
vn 0.6378220120200330 -0.3705521510135859 6.1846424297728992
v 0.1116117400000000 -0.1208136200000000 0.0937076800000000
vn 3.6177938708849107 -0.4984856525376131 -0.4813542747307664
v 0.5017015400000000 -0.1091292600000000 -0.0108087400000000
vn -0.4450956658146965 0.5708476104964321 0.3354007441580655
v -0.3978921300000000 -0.1427317200000000 0.1141144000000000
vn -0.0045049456484613 0.1345289946863274 -0.0020928651423353
v -0.1761741900000000 -0.1183727200000000 0.1045243600000000
vn 0.0930519011024152 -3.1248176700832273 2.6966605774411319
v -0.0600741600000000 -0.1980930000000000 0.0997355800000000
vn -4.9328336573574374 1.8366306066614124 -0.8889677331390253
v -0.3982205400000000 -0.1450068600000000 0.1128457500000000
vn 2.4228902565957151 2.9045445915254193 1.6720696265223907
v -0.3375475400000000 0.1426581100000000 0.0338221000000000
vn 2.9796290291979157 3.1151709149832638 1.2526881482353949
v -0.3509850500000000 0.1444926400000000 0.0587403800000000
vn 2.7367877836700192 3.3470297927524690 1.2519294416659914
v -0.3624238900000000 0.1462455700000000 0.0841922300000000
vn 3.0062271645791534 -0.3042765192767473 3.3348083070264516
v 0.4527650500000000 0.0585400900000000 0.0814286700000000
vn 1.3074066128325579 1.9469470778749025 0.9290429019183390
v 0.5237098100000001 0.0981310000000000 0.0338421300000000
vn 2.5340119059227146 2.6292919971347795 -0.5065674898997646
v 0.5148485699999999 0.0976560200000000 0.0142261600000000
vn 0.2353137481661178 -0.0373831210808873 6.2786505417549092
v 0.1077633400000000 0.0912258300000000 0.0947042200000000
vn -0.0138417167663452 -0.1269131834832886 -0.0026626396924578
v -0.1760165100000000 0.1181090000000000 0.1056239600000000
vn -0.7209934994942147 0.3054405289419879 5.4538665183051451
v -0.3864367200000000 0.1381800500000000 0.1137214900000000
vn -1.2953384089268767 1.7498066540548414 1.6469398257319552
v -0.1714212400000000 0.1981897900000000 0.1058235700000000
vn -1.4205417044471564 1.2778550027772573 4.9516991737531502
v -0.1709939000000000 0.1487122600000000 0.1068464900000000
vn 0.2857376387581598 3.1897991378306019 2.8411685601791978
v -0.1607950000000000 0.1973314600000000 0.1054153700000000
vn 3.7598391612276041 0.4448848510082550 0.7494720517164147
v 0.5258160500000000 0.0928438200000000 0.0325268500000000
vn 0.1345847081631618 -0.3112094452889332 0.0585259478451192
v -0.3977046700000000 0.1426708600000000 0.1154415800000000
vn 1.7393182606515138 3.1634003773526564 3.7869892255178992
v -0.3846619600000000 0.1457437200000000 0.1083092300000000
vn 0.6944638217389441 2.7114801382424618 1.7244301304675653
v -0.3850893400000000 0.1952223100000000 0.1072852600000000
vn -3.0414976687440149 3.0546004441111281 0.5740926196613503
v -0.1766770600000000 0.1467925200000000 0.0803448100000000
vn -2.8424747343533801 2.8365393695536185 1.2039838711363231
v -0.1841452600000000 0.1456296300000000 0.0545424400000000
vn -2.8839281244070412 3.1892870966137061 0.5412442030427186
v -0.1771044400000000 0.1962700600000000 0.0793208300000000
vn -2.2690586988422274 2.7936237525523060 2.0891646208868502
v -0.2019629500000000 0.1447237900000000 0.0277896400000000
vn -2.4460601107917266 3.4154027593124017 1.0259506489928245
v -0.1845725200000000 0.1951050400000000 0.0535216100000000
vn -1.5046587482429468 2.9510870934011626 2.5586251534395319
v -0.2243294400000000 0.1433185900000000 0.0121226300000000
vn -2.0805114471476531 3.5211607493230783 1.8528794595471525
v -0.2023901700000000 0.1942013100000000 0.0267698700000000
vn -0.8320939816268832 2.9579152915356235 3.0914833454849489
v -0.2421152500000000 0.1434796600000000 0.0049451500000000
vn -1.5023643357712491 3.4026524883222269 2.4770282079019696
v -0.2247567800000000 0.1927929700000000 0.0110996900000000
vn -0.0728930741494297 2.9454725196300795 3.0873371515291996
v -0.2671205800000000 0.1431560800000000 0.0012878900000000
vn -0.6802857497636835 3.3800606596911926 2.4445990858030795
v -0.2425394800000000 0.1929582500000000 0.0039210600000000
vn 0.7967045987009042 2.9594970641022198 3.2390228015982143
v -0.2899307500000000 0.1435041500000000 0.0039027600000000
vn -0.0638151696480407 3.3984949295404228 2.4659428285649017
v -0.2675490100000000 0.1926304600000000 0.0002639400000000
vn 1.3700506225199283 3.0210754206445758 2.9045569230776320
v -0.3086858900000000 0.1433049600000000 0.0109329300000000
vn 0.4957291411443351 3.3253996300981981 2.1788146756820108
v -0.2903549700000000 0.1929816900000000 0.0028786600000000
vn 1.2697802993802392 2.7998985152964497 1.6834931227666765
v -0.3241744200000000 0.1422355000000000 0.0204052700000000
vn 0.9026467254505181 3.2229614378566378 1.8801128151979694
v -0.3091132300000000 0.1927824900000000 0.0099100000000000
vn 1.5158056940855811 3.4023732047755746 2.1000079871030768
v -0.3246016800000000 0.1917130300000000 0.0193844500000000
vn 1.8839564424127546 3.3851557233564411 1.3229842769685392
v -0.3379758500000000 0.1921356400000000 0.0328013200000000
vn 1.7818849589285135 3.0110925601465901 0.7009958020301372
v -0.3514122700000000 0.1939701600000000 0.0577206200000000
vn 2.3602367170463157 3.4933850480556776 2.3827976022893163
v -0.3710618500000000 0.1472089100000000 0.0972934700000000
vn 1.6612656476969039 2.7360954073172383 0.7300850461868459
v -0.3628479500000000 0.1957241400000000 0.0831723500000000
vn 0.6111848820222799 1.8426935581944592 0.6236223671338879
v -0.3714859100000000 0.1966864300000000 0.0962735800000000
vn 0.6257139334862170 0.2943900308463146 6.1925790673468821
v 0.1117722100000000 0.1202694300000000 0.0948286900000000
vn 2.0427051514891774 1.9366768139458812 3.8911114213879263
v 0.4514379800000000 0.0646969700000000 0.0814773800000000
vn -0.4062813449582733 3.1090499874454314 4.2255100287573280
v 0.4827615600000000 0.1240728700000000 -0.0245537400000000
vn 0.4513522894556039 3.3053604933840401 4.7202982985535868
v 0.4673209500000000 0.1265655700000000 -0.0238599600000000
vn -2.9471801559960560 -0.1926278446545105 5.1352529839770487
v 0.4951318800000000 0.1650118100000000 -0.0256703800000000
vn -0.8074166420830413 0.2745104816312161 5.7599450793868812
v 0.4820501500000000 0.1565211200000000 -0.0306358100000000
vn 2.5039349975191167 -0.4386552725531707 5.6587029407511409
v 0.1539605900000000 0.1924678300000000 0.0805247100000000
vn 0.8331537609665045 2.7218281485140872 1.8915533904306909
v 0.1539645000000000 0.1988924300000000 0.0805546000000000
vn -0.6785138300136673 -0.5867398045375247 6.0991135172230013
v 0.4814983700000000 0.1812663000000000 -0.0249009400000000
vn -1.3999932810022118 -0.6888772172775999 6.0296269911010896
v 0.4601041300000000 0.1889180800000000 -0.0285708300000000
vn 1.2891113959590017 2.2661950778835251 2.2365115081063229
v 0.4815022800000000 0.1876909000000000 -0.0248710500000000
vn -1.3244153322449832 -0.9596404295696026 6.0171023100419960
v 0.4388346300000000 0.1913574300000000 -0.0337489200000000
vn 0.1524164558760642 2.8735950660483529 2.4176147923645197
v 0.4601080400000000 0.1953426800000000 -0.0285409400000000
vn -0.5346485103113247 -1.4264856011435549 5.9721638444483247
v 0.4166448000000000 0.1938397700000000 -0.0365077700000000
vn -0.1108266762268841 3.1843134054027562 2.6789936268400369
v 0.4388385500000000 0.1977820300000000 -0.0337190300000000
vn 0.6826831851643965 -2.0629309708169128 5.6273978455894298
v 0.3819949700000000 0.1926785600000000 -0.0358073000000000
vn 1.8639504593700313 -2.2130225678833462 5.2085785658768273
v 0.3517041300000000 0.1924200100000000 -0.0283112400000000
vn 0.2643172119542971 3.3437646737798570 3.1302757705259303
v 0.3819988800000000 0.1991031600000000 -0.0357774200000000
vn 2.6061320288657588 -2.1885022514265633 4.8178607084535852
v 0.3145957000000000 0.1891501900000000 -0.0109927500000000
vn 0.5626676727766218 3.1348543005843665 2.0035614174837284
v 0.3517080400000000 0.1988446100000000 -0.0282813500000000
vn 2.9091245263648893 -1.5899196188162936 5.0881386523076140
v 0.2460499200000000 0.1901028600000000 0.0278586700000000
vn 1.3825760561384135 3.2034945453651775 2.8629614709426101
v 0.3145996100000000 0.1955747900000000 -0.0109628600000000
vn 1.2837699189826577 3.0704200339349388 2.1747514617697221
v 0.2460538300000000 0.1965274600000000 0.0278885500000000
vn 2.6039151212214531 -1.5260613592789927 4.7159041594304361
v 0.3074451600000000 0.1806582600000000 -0.0157876700000000
vn 1.9310294914702659 -1.6209019648327003 4.6930689391824636
v 0.3432865000000000 0.1839334700000000 -0.0338754400000000
vn 2.9621388719814301 -1.3888241128984373 5.0117623027159768
v 0.2412566500000000 0.1815981300000000 0.0248260400000000
vn 2.5784066179540028 -0.4610353556696702 5.6863508927610589
v 0.1523387600000000 0.1839500300000000 0.0798871000000000
vn 1.0466418028439657 -0.0081191407219405 6.1406260665561261
v 0.1058113500000000 0.1834733600000000 0.0952097400000000
vn -0.9930352319389126 -0.4120939248696259 6.1116645470263027
v 0.4688639500000000 0.1727796000000000 -0.0298770400000000
vn -1.4649379429424374 -0.2715694618336401 6.0247767579791871
v 0.4481521600000000 0.1804311000000000 -0.0338014900000000
vn -1.1283804254191274 -0.5886745880369809 5.8816041452761221
v 0.4275588700000000 0.1828684300000000 -0.0393150300000000
vn -0.1749968765375742 -1.2461491762815537 5.5682052356727931
v 0.4060848000000000 0.1853523600000000 -0.0422833600000000
vn 0.8459812683804088 -1.3994130564965241 5.1703537000308604
v 0.3725655900000000 0.1841929300000000 -0.0416596000000000
vn 0.3620545502572472 3.2230785818801655 4.2620226219320418
v 0.4050154300000000 0.1418059100000000 -0.0354216700000000
vn -0.0575135343437443 3.2242170968388484 4.1989971005000388
v 0.4261102200000000 0.1370683300000000 -0.0326780600000000
vn 0.9320668483181425 3.1999745591476856 4.2672985500944662
v 0.3725908400000000 0.1473229100000000 -0.0347335300000000
vn 1.6649823329147573 3.1769200438638237 4.2265872689578172
v 0.3437406100000000 0.1497787800000000 -0.0273101300000000
vn 2.4181278503414094 2.7151716634086145 4.7388609228348511
v 0.3084133100000000 0.1498783600000000 -0.0101479300000000
vn 2.1553083482311903 2.8695870389574947 4.4260821142978060
v 0.2416628200000000 0.1446660100000000 0.0283071900000000
vn 1.7915689077123065 2.2868913249146798 5.1488365674816485
v 0.1517763900000000 0.1281550100000000 0.0803871800000000
vn -0.0255402841815864 3.1791510460095296 4.5997312126771019
v 0.4462005900000000 0.1316422300000000 -0.0275291300000000
vn 2.0815058089768361 0.6926703791775055 0.7917106433971839
v 0.4951368300000000 0.1714350000000000 -0.0256404200000000
vn 2.5496924245000794 0.8086661323220578 0.3492137105359070
v 0.4980721700000000 0.1270614600000000 -0.0224684200000000
vn 3.5704064867186101 0.6307025067038375 -0.6137167760072995
v 0.5018480700000000 0.1090397700000000 -0.0097943300000000
vn 0.6066880854195364 -3.5385877300950219 0.1688023760756776
v 0.4788827900000000 0.0610717900000000 0.0553984800000000
vn 0.1045167734636623 3.1335268976999902 2.7283164694669333
v -0.0598121100000000 0.1977152400000000 0.1015761000000000
vn -4.5352027510360777 -1.8401518240771035 -1.0673874801580494
v -0.3980303000000000 0.1449591600000000 0.1141941700000000
vn -0.8663299622706222 1.1768293990378593 1.3563838605968064
v -0.3981320000000000 0.1921494500000000 0.1144186600000000
vn -0.8743338670055336 0.7253714274962573 5.2646955999245586
v -0.3866187100000000 -0.1382419900000000 0.1124360900000000
vn -1.4732288254368382 -1.7643677864787273 1.9100122592192976
v -0.4247117800000000 -0.1382213200000000 0.1138851200000000
vn 4.1013978274279497 -0.4300967299080191 0.7017315610292729
v 0.5256921500000000 -0.0933569600000000 0.0316610300000000
vn 2.5372631449069303 1.7692958093967308 0.2292563644019579
v 0.5241727200000000 -0.0774841700000000 0.0321090800000000
vn -1.4668662750081380 1.7647059745391342 1.9427957661551298
v -0.4245276900000000 0.1381996700000000 0.1151704400000000
vn 2.2365669501554155 -1.6098696091918949 0.4094729062948529
v 0.5242876100000000 0.0770280300000000 0.0328229100000000
vn 0.4059817577794486 2.8005917530684132 2.4366515795347667
v 0.1058204500000000 0.1984195300000000 0.0952792700000000
vn -0.1454060698688282 -3.0964335313178961 -3.5750634849696579
v -0.0603277600000000 -0.1971480200000000 0.0930579400000000
vn -0.7294927992508319 -3.3465928338033906 -3.8181261349992131
v 0.1053052900000000 -0.1973564200000000 0.0867568300000000
vn -1.3710232657349739 0.0425075422928487 -6.0206188625481776
v 0.1053203900000000 -0.1725559600000000 0.0868722000000000
vn -1.2799912018221760 -0.0251859639700227 -6.0577924062909609
v 0.1053074600000000 -0.1937846200000000 0.0867734500000000
vn 1.6107493975180147 -4.4473052722813442 -2.5825899320032937
v -0.1603286100000000 -0.1965868900000000 0.0968642700000000
vn 1.4869296314572578 -1.7089328612681121 -1.8417202019869381
v -0.1592123700000000 -0.1445547300000000 0.0970650800000000
vn -0.0411711048848141 -3.1245102115995476 -3.2097453269596490
v -0.0602915600000000 -0.1446048300000000 0.0933022200000000
vn -0.6245125129919318 3.2838056979331087 -3.8468707589836111
v 0.1055653400000000 0.1968822500000000 0.0885900900000000
vn -0.1486714589378682 3.1293163522550436 -3.5488809923471312
v -0.0600668200000000 0.1968327400000000 0.0948899600000000
vn -1.3623917228735363 0.0152401386339560 -6.0244893318051194
v 0.1055350700000000 0.1523658600000000 0.0883831100000000
vn -0.5090520997038683 2.7838435983394589 -3.1699307310311169
v 0.1055252000000000 0.1361564600000000 0.0883077100000000
vn -0.0429757713650442 3.1545732298852522 -3.1761087589071613
v -0.0600988200000000 0.1442895500000000 0.0946455300000000
vn 1.7434975945789284 4.5311541013400634 -2.5069281320987682
v -0.1600651400000000 0.1963685300000000 0.0986914000000000
vn 2.9238784905982116 0.1373571635061257 -3.9049886314841658
v -0.1585619700000000 0.1738001900000000 0.0985287100000000
vn -0.3257173876030748 -2.7533540180654139 -3.3637596780967485
v 0.1053454200000000 -0.1366316800000000 0.0870392100000000
vn -1.0665521159635611 0.0323184171336785 0.2313876129716482
v 0.1053324000000000 -0.1528410800000000 0.0869639200000000
vn 3.1255026735974765 -0.1752847963291135 2.2540845225918567
v -0.1587937500000000 -0.1740177600000000 0.0969114100000000
vn -1.1266306997182518 0.1222415865941491 -6.1232759566362454
v 0.1055631600000000 0.1933104500000000 0.0885734700000000
vn -1.0892613891459688 0.0535755322496925 0.2400488268418899
v 0.1055470800000000 0.1720839000000000 0.0884748400000000
vn 1.4936924192021812 1.6888781882363879 -1.8004187393065607
v -0.1590227800000000 0.1443385900000000 0.0984085000000000
vn 0.7475651953419922 -6.2072625980282181 0.0600344545812045
v -0.1849767100000000 -0.1611445600000000 0.0078918200000000
vn 0.6098978065915406 -6.1938201377306425 -0.2953052593255190
v -0.2108566400000000 -0.1628920000000000 -0.0131749700000000
vn 0.5362789702655671 -6.2237928674790828 0.3320401046350008
v -0.0645592400000000 -0.1593602400000000 -0.0187231400000000
vn 1.0083642191395517 -5.9851519209778594 1.5137115230068623
v -0.1589360300000000 -0.1505843000000000 0.0654873000000000
vn 0.7422159078943775 -6.1712987569937496 0.7951017854718833
v -0.1663791100000000 -0.1567347600000000 0.0391834300000000
vn 0.5342754505054172 -5.9985632642915307 1.3618822527916805
v -0.0625043900000000 -0.1545847600000000 0.0352424200000000
vn 0.5076805464758155 -6.2329502638534251 0.5539451638886972
v -0.0637203700000000 -0.1569493200000000 0.0033024000000000
vn 0.1870439520777072 -6.1256422313421357 -0.9814595428045662
v -0.2352441000000000 -0.1642450900000000 -0.0232593800000000
vn -0.1707944005185646 -6.2756084571971718 0.1489617422420954
v -0.2369860200000000 -0.1644068300000000 -0.0690508100000000
vn 0.4743581394459549 -6.2469105864976129 0.2633710342575016
v -0.0667207700000000 -0.1621086600000000 -0.0755163900000000
vn 0.5351883418959831 -6.2499417250063480 0.2071023203067842
v -0.0649773600000000 -0.1594899300000000 -0.0297135400000000
vn -0.3889281308985214 -5.6563811693827635 -1.5987337222342743
v -0.2376578400000000 -0.1651980600000000 -0.0867031800000000
vn 0.5203834554252617 -6.2240352227285989 -0.2138549069634012
v -0.0674135500000000 -0.1626888600000000 -0.0937221700000000
vn 0.6629234913096756 -3.7893207673745488 -3.0553819251935037
v -0.2233989200000000 -0.1646444700000000 -0.0921595500000000
vn -0.9225331271440430 -3.6804643685683698 -1.8335372488305322
v -0.0835496800000000 -0.1641132700000000 -0.0974764700000000
vn 2.7911502097809544 -3.8624300632461113 0.3465769796391164
v -0.1606080900000000 -0.1444884400000000 0.0829986800000000
vn 0.4072646580919109 -6.0380286018330747 0.9865295783253434
v -0.0614888400000000 -0.1434564800000000 0.0618140500000000
vn -0.2301563801097402 -6.0673668203834383 -0.2727871418258019
v -0.2410968100000000 -0.1625540100000000 -0.1771403200000000
vn 0.6020117114341270 -3.6187178549290890 2.8718952285690129
v -0.2261879100000000 -0.1630000200000000 -0.1692089600000000
vn -0.4001677908543814 -6.0218814131516414 0.5838492093783326
v -0.2407724800000000 -0.1601819700000000 -0.1686410300000000
vn -1.2920677775340301 -6.0170370378743661 0.2847773423648876
v -0.2381118400000000 -0.1613048900000000 -0.0986826500000000
vn -0.9618220924695184 -6.0496216304414245 -0.5173118765271968
v -0.2406001100000000 -0.1605389900000000 -0.1641056000000000
vn 0.7401498647915072 -2.8935431473236743 -0.4434283632049862
v -0.2345975200000000 -0.1636902000000000 -0.1643486500000000
vn -0.6950057564580197 -5.3896552034435157 -1.8058674589946004
v -0.2378421400000000 -0.1611832800000000 -0.0915939900000000
vn -1.6071453680505943 -4.4130217211559897 1.3574531520829498
v -0.0781844900000000 -0.1616913200000000 -0.1702887500000000
vn 0.7449244699333908 -6.2027833058634192 -0.4997918033166204
v -0.0676863000000000 -0.1620300400000000 -0.0985952200000000
vn 0.3504829400559666 -5.9679917560131663 -1.7806578916313458
v -0.0708310300000000 -0.1591873300000000 -0.1836040900000000
vn -0.3194930228606870 -3.3189617830539553 2.1046617021466609
v -0.0924093900000000 -0.1623830300000000 -0.1742945700000000
vn 0.5227708399434127 -6.2117997640804958 -0.6289383999585211
v -0.0703532300000000 -0.1607134000000000 -0.1747554700000000
vn 0.5538682896373839 6.2248798854797602 0.5852772735983783
v -0.0635120800000000 0.1574750200000000 0.0047644800000000
vn 0.5561575968372300 6.2144890352617832 0.4163738604504255
v -0.0643478900000000 0.1600917800000000 -0.0172376700000000
vn 0.5768605866325085 6.2000645943550063 -0.2058348965073753
v -0.2106377400000000 0.1637667700000000 -0.0116561000000000
vn 0.3629254539545689 6.0237259525265854 0.9833227606888028
v -0.0613015200000000 0.1434388300000000 0.0631482200000000
vn 0.4342995548199341 5.9954091222333297 1.4153573556295629
v -0.0622991700000000 0.1548129700000000 0.0366811100000000
vn 0.7516682417558036 6.1547618154652959 0.9076349058101415
v -0.1661712000000000 0.1570653400000000 0.0406426000000000
vn 0.7632360400966079 6.2087505188444192 0.1050112226597623
v -0.1847632400000000 0.1617887200000000 0.0093934800000000
vn 0.5419744385360645 6.2470025696329134 0.2402529237934722
v -0.0647657800000000 0.1603273800000000 -0.0282263800000000
vn 0.5031058087554223 6.2381093220741901 0.3263409618061837
v -0.0665057500000000 0.1633742600000000 -0.0740028700000000
vn -0.1457111855873546 6.2729305597704919 0.2387454095876214
v -0.2367681000000000 0.1658332100000000 -0.0675151600000000
vn 0.2469538763549142 6.1423281892258794 -0.8932610659091818
v -0.2350266400000000 0.1652464800000000 -0.0217272100000000
vn 0.5634811891902721 6.2266062756856426 -0.0889875974510818
v -0.0671977100000000 0.1641215000000000 -0.0922024800000000
vn -0.3998666535896112 5.6812319955014328 -1.5413912073705220
v -0.2374388500000000 0.1667936700000000 -0.0851593800000000
vn -0.8909746616635298 3.7340216158644881 -1.9202230889495371
v -0.0833320700000000 0.1656035900000000 -0.0959432500000000
vn 0.2633800291517092 6.2702949069157556 -0.1204570826729599
v -0.0607314200000000 0.1443667800000000 0.0781250500000000
vn 0.9657646207646350 6.0185413113477608 1.4284939810118404
v -0.1587357700000000 0.1506613500000000 0.0668880600000000
vn -0.6703919719081551 5.9178760091930789 0.4127182515974607
v -0.2405591400000000 0.1625428800000000 -0.1671403400000000
vn 0.7553095844003767 3.5877988115360195 2.6777661173883276
v -0.2259711400000000 0.1653451700000000 -0.1676821200000000
vn -0.2206428468742152 6.0727691930884911 -0.1983893442651292
v -0.2408805300000000 0.1649953400000000 -0.1756171800000000
vn 1.1164853594227084 3.4604587921274348 -0.7644398268783982
v -0.2312964700000000 0.1666174200000000 -0.0974087800000000
vn 0.9719029971914802 3.5959512026474609 0.3863460366434756
v -0.2343799400000000 0.1660003400000000 -0.1628155600000000
vn -1.3122967219793293 5.9443788624509581 -0.1755348956699857
v -0.2403863600000000 0.1628574800000000 -0.1626017900000000
vn -0.9086214454539382 5.3674486902714760 -1.6058043401577473
v -0.2376441900000000 0.1629565100000000 -0.0900041500000000
vn -2.0986898880790821 3.9764816021012281 -1.1065839741264241
v -0.0754801300000000 0.1647626400000000 -0.1033442000000000
vn 0.5928549884055732 6.2526398468852644 -0.1480860841987497
v -0.0701224500000000 0.1629555200000000 -0.1690776100000000
vn 0.7554800050872571 6.2147499819804590 -0.3797261659370302
v -0.0663197200000000 0.1633620000000000 -0.0981422600000000
vn 0.0157728897552528 -2.0432978431588205 0.8011523076614555
v -0.1559235400000000 0.1665247300000000 -0.1717568700000000
vn -0.3552296095313388 3.2648838425291959 2.0320511595121591
v -0.0921934600000000 0.1645989200000000 -0.1727740800000000
vn 0.3873345686686969 5.9785491225052052 -1.7295270484720848
v -0.0706189500000000 0.1614605500000000 -0.1821130600000000
vn -1.5429924308921072 4.3502364378829439 1.0488562948597375
v -0.0779694300000000 0.1638526500000000 -0.1687749400000000
vn 0.7266618383923149 3.8227706919345223 -3.0862200464307428
v -0.2231774300000000 0.1662693000000000 -0.0906208800000000
vn 0.1554686538792221 -6.2667167416385929 -0.2495583993492791
v -0.0609199500000000 -0.1445275900000000 0.0767815800000000
vn 0.9057809856041725 -3.0485123479738343 -0.1020143084657505
v -0.2315151800000000 -0.1649195400000000 -0.0989504600000000
vn -2.0729497985733718 -3.9582225876527617 -1.1663265943328820
v -0.0756966700000000 -0.1632130600000000 -0.1048693100000000
vn 0.1518227527012787 -2.5348925964389819 1.1746905193090371
v -0.1561417800000000 -0.1642332400000000 -0.1732949300000000
vn 2.7209061743787024 3.8427766843753286 0.4330378699120950
v -0.1604153500000000 0.1444048800000000 0.0843419900000000
vn -2.4308592741909081 2.7199827082498427 -0.9842788136233388
v -0.4040529400000000 -0.0718998200000000 -0.1106320600000000
vn -2.4157964639414233 1.1421039630141976 -2.5530414333855860
v -0.4037096500000000 -0.0635545700000000 -0.1017020900000000
vn -3.2770401584622819 0.0162207892565157 -3.0190826209915773
v -0.4036897000000000 0.0009668500000000 -0.1019932500000000
vn 1.0560655887986521 -2.7391097926451780 3.0042903901646651
v -0.0495587100000000 -0.1499740700000000 -0.1725574800000000
vn 0.5105027352466135 -2.7045878832331804 4.5479965607334751
v 0.0035509900000000 -0.1448401300000000 -0.1772094200000000
vn -0.1731760825509925 -2.8580807884800006 3.5322309067010069
v 0.0639898800000000 -0.1361012600000000 -0.1768011000000000
vn 0.9451106822542652 -2.6998483921144421 2.7943993867608339
v -0.2252206700000000 -0.1540545900000000 -0.1658169900000000
vn 0.2149966042345741 -2.0739309035002007 5.4959868819760551
v -0.1561232300000000 -0.1552982100000000 -0.1698068700000000
vn -0.3807894002604305 -2.8521270396096132 3.6085760156614679
v -0.0930311800000000 -0.1534569800000000 -0.1708296100000000
vn 1.9481035467084207 -2.5069801594933492 2.2406886557988530
v -0.3294931700000000 -0.1518578400000000 -0.1534674800000000
vn 0.7392363570744670 -2.8569851714826213 3.0036140440036450
v -0.3078201700000000 -0.1518295500000000 -0.1623856000000000
vn 0.1706052702793068 -3.0837347703417075 3.1192850670588270
v -0.2895377000000000 -0.1518329000000000 -0.1640597000000000
vn 2.5477117845349215 -0.6914923217693398 -3.6222986384885605
v 0.1019980000000000 -0.1189637400000000 -0.1155404700000000
vn 1.9561580056733661 2.7073041375840781 -1.5494384114143793
v 0.1027296800000000 -0.1335837000000000 -0.1136424100000000
vn -2.1827384731865038 -2.5451765024736659 1.2963006773641566
v -0.4051951900000000 0.0743257400000000 -0.1425702200000000
vn -2.3800536737128724 -1.0009567546184066 2.8951603380594211
v -0.4054825900000000 0.0650257300000000 -0.1499371000000000
vn -2.9959627950410699 -0.0131215599341929 3.2576106896051993
v -0.4055537100000000 0.0011959600000000 -0.1509986900000000
vn 2.3835488509179648 1.6678348798179625 1.3603992946172907
v -0.0582254700000000 0.1527242800000000 -0.1672676800000000
vn 2.3503348007972256 1.7984549213501368 -1.4067869728746198
v -0.0558951800000000 0.1528614600000000 -0.1060916100000000
vn 0.9359522630862498 2.5247399133960475 -3.0595157450119901
v -0.0455350900000000 0.1523567500000000 -0.1007887100000000
vn 2.3936036280826372 2.0235311091627963 1.2596944604365579
v -0.2310323300000000 0.1569907200000000 -0.1608938500000000
vn 2.7565342811985820 2.2706913160427722 -1.3368006925031861
v -0.2281162300000000 0.1575947700000000 -0.0990004500000000
vn 0.9805319261330774 2.3842773342541821 -2.7577531820202048
v -0.2221222600000000 0.1572646400000000 -0.0939910300000000
vn 2.9206951288395198 2.6707565422927799 0.9210671097834273
v -0.3371224400000000 0.1541365400000000 -0.1388036500000000
vn 2.2798240089292920 1.9755718944109548 -1.2830759900678830
v -0.3401533200000000 0.1539386200000000 -0.0951837300000000
vn 0.6529113535036352 2.6474244490594128 -2.9580262244954878
v -0.3299011700000000 0.1539050200000000 -0.0899819700000000
vn 2.4075916702153943 0.3627993604024682 -3.7893397367409336
v 0.1018485500000000 0.0793411600000000 -0.1211950800000000
vn -3.4197634329470028 0.0109862040770143 -1.5481501392364050
v 0.1016195500000000 0.0089438700000000 -0.1261666000000000
vn 1.7884736612417518 0.0463094882560709 -3.7409160907078531
v 0.1018859600000000 0.0007411500000000 -0.1262150800000000
vn -2.3789462738051950 0.9768596208803884 2.9034000214343361
v -0.4055666200000000 -0.0626104300000000 -0.1505306300000000
vn -2.1795333357843623 2.5359468382210291 1.3199936624729682
v -0.4052937400000000 -0.0719799800000000 -0.1432504900000000
vn 2.3518271924576650 -1.7869219708929656 -1.4272450799501208
v -0.0560972300000000 -0.1513138500000000 -0.1075060100000000
vn 2.2847711320346726 -1.6918332789030799 1.3081040255347489
v -0.0584270000000000 -0.1506046600000000 -0.1686781400000000
vn 0.9250394970249435 -2.4983124058851458 -3.0705616018764692
v -0.0457365600000000 -0.1508711200000000 -0.1021987000000000
vn -0.7171401724891471 -2.5539326331439867 -3.0945420949643858
v 0.0765633200000000 -0.1358946000000000 -0.1067837300000000
vn -2.1580131293320028 -2.3640273718681235 -1.0365361404573064
v 0.0831407300000000 -0.1341487200000000 -0.1122710300000000
vn -1.7592764867187225 -2.3041294050730068 1.6978007149498275
v 0.0735246800000000 -0.1343717500000000 -0.1735011600000000
vn 2.7628556792309826 -2.2607260365827582 -1.3642017861251914
v -0.2283239400000000 -0.1558863600000000 -0.1004581400000000
vn 2.5770302617669163 -2.0295085070665606 1.3049055508335878
v -0.2312389600000000 -0.1546987200000000 -0.1623432100000000
vn 0.9846087571664379 -2.3594377055077458 -2.7952255588513100
v -0.2223296000000000 -0.1556069800000000 -0.0954458800000000
vn -1.1128946761249645 -2.3843720554887282 -3.0081159931810433
v -0.0850294100000000 -0.1551051800000000 -0.1006702000000000
vn -2.5364444857666535 -2.2956025710349097 -1.1718964955791136
v -0.0792113900000000 -0.1542537200000000 -0.1061433300000000
vn -1.9536821593599525 -1.9254257905163905 1.5328087482118968
v -0.0815482600000000 -0.1527831700000000 -0.1675939600000000
vn 2.2767655811129099 -1.9665288654693154 -1.3010948038920918
v -0.3403533600000000 -0.1521157500000000 -0.0966069900000000
vn 2.9173628779256924 -2.6826884142603364 0.8960404127764102
v -0.3373256400000000 -0.1519146700000000 -0.1402267700000000
vn 0.6495722108957703 -2.6204512116596677 -2.9825472535395119
v -0.3301043600000000 -0.1521461900000000 -0.0914051000000000
vn -1.2133416817461169 -2.3431559963661654 -2.6483686329058522
v -0.2513409400000000 -0.1521833700000000 -0.0944011700000000
vn -2.7228320421838106 -2.3427397006357222 -1.0077312381242127
v -0.2464249700000000 -0.1521616800000000 -0.0997058700000000
vn -2.2621652167605593 -2.0751306865182326 1.4704979892814443
v -0.2492241200000000 -0.1518714900000000 -0.1617196400000000
vn -0.6640047076745665 -2.6801534166628964 2.9685341112249866
v -0.2553065600000000 -0.1518539000000000 -0.1647034200000000
vn -3.5470158679639079 -0.0718419390537923 -1.9726875115247555
v 0.1016095800000000 -0.0074244900000000 -0.1262427500000000
vn -3.7855260272068176 -0.3314691271843361 -2.9147333926463999
v 0.1017465100000000 -0.0778652200000000 -0.1219261700000000
vn 3.7843359882519292 -0.0221290077583784 2.2718329974459124
v 0.0875795600000000 0.0010008200000000 -0.1794825000000000
vn 3.2122939806266366 0.9284582080722070 2.0420201557301905
v 0.0874092200000000 -0.1249952100000000 -0.1800650800000000
vn 2.2932866071514404 2.9706773563143249 1.1688994794839604
v 0.0903713000000000 -0.1320437100000000 -0.1771672000000000
vn -2.4629815570909432 -1.1316468741040102 -2.5669572711645627
v -0.4036247500000000 0.0655122100000000 -0.1011019000000000
vn -2.4350410407064889 -2.7075008272831491 -1.0082236249656908
v -0.4039546700000000 0.0739416600000000 -0.1099539600000000
vn 0.5368390904226218 2.8183331191508936 4.2105106227349944
v 0.0037455000000000 0.1469575800000000 -0.1758526000000000
vn 1.0721173774488335 2.6981565552438140 3.2551401027065059
v -0.0493579300000000 0.1521190000000000 -0.1711527700000000
vn -0.1667223400121988 2.8262747022931425 3.5522925504862330
v 0.0641705400000000 0.1381353800000000 -0.1755258600000000
vn -1.7632573675685785 2.2916400511606234 1.7243853126654241
v 0.0737032100000000 0.1363636300000000 -0.1722422100000000
vn -2.1673903676044026 2.3781085256291168 -1.0169798062490576
v 0.0833186400000000 0.1355550100000000 -0.1110168700000000
vn -0.7235955597784749 2.5828908291482446 -3.0950431547289377
v 0.0767433200000000 0.1372609300000000 -0.1055135200000000
vn 0.2221150908789032 2.8245028518596640 4.4461665886323036
v -0.1559158900000000 0.1575576200000000 -0.1683520900000000
vn 0.7567042211999112 2.5951149515661167 2.2305033633004530
v -0.2250148200000000 0.1563674000000000 -0.1643735300000000
vn -0.3568522194723149 2.8315075177185212 3.5593187097477474
v -0.0928261300000000 0.1556417800000000 -0.1693923100000000
vn -1.9439841179326545 1.9135920252920562 1.5470045436836735
v -0.0813440600000000 0.1549239200000000 -0.1661631400000000
vn -2.5307613327240905 2.3097621564915141 -1.1474647030403342
v -0.0790057500000000 0.1558198300000000 -0.1047014900000000
vn -1.1068702203599623 2.4153537562061009 -2.9861359247377486
v -0.0848259100000000 0.1566274200000000 -0.0992205200000000
vn 0.7426988964807061 2.8280174289291091 3.0300614004387807
v -0.3076169800000000 0.1542216500000000 -0.1609624800000000
vn 1.9512207353734525 2.4836485784750231 2.2639407568141094
v -0.3292899800000000 0.1541933600000000 -0.1520443500000000
vn 0.1748916097655469 3.0543544795800357 3.1496248844770935
v -0.2893345100000000 0.1542183100000000 -0.1626365800000000
vn -0.6609997455073606 2.6529452353860123 2.9927758114409109
v -0.2551033700000000 0.1541973000000000 -0.1632802900000000
vn -2.2600972195455995 2.0667991624551298 1.4905714442800833
v -0.2490251300000000 0.1541797200000000 -0.1602963500000000
vn -2.7198269271172038 2.3553046915911495 -0.9857931646840765
v -0.2462217700000000 0.1538895200000000 -0.0982827400000000
vn -1.2103367304170847 2.3691759727639381 -2.6262925487345772
v -0.2511377500000000 0.1538678400000000 -0.0929780500000000
vn 1.3312176703545666 -0.4078884674444855 -1.6917749858504740
v 0.1020933000000000 0.1323754300000000 -0.1095472500000000
vn -3.6375932307362739 0.9045674851210819 -3.1368519423382590
v 0.1021574200000000 0.1203781500000000 -0.1144275600000000
vn 2.0196785609417400 -2.9340288480621282 -1.3676385685181529
v 0.1029068900000000 0.1349789200000000 -0.1123935700000000
vn 2.2993266165260877 -2.7123082481925476 0.9620061113321454
v 0.0905470100000000 0.1340482300000000 -0.1759298500000000
vn 3.0979881891406995 -0.9700676543774254 1.7363396764041226
v 0.0875763500000000 0.1270274500000000 -0.1788931800000000
vn -2.2585471321050088 -5.7342435838316037 0.3497922082771877
v -0.3725183200000000 -0.1516177300000000 -0.0648464500000000
vn -1.1739304419486889 -6.1104435945609641 0.5319129375975947
v -0.3501439200000000 -0.1577021100000000 -0.0813845200000000
vn -3.6883467768455627 -0.3959211725231556 -2.5493856269335562
v -0.3642899900000000 -0.1380997400000000 0.0789358900000000
vn -4.1643104985434789 -4.2348858835584480 0.9962583279417805
v -0.3664094400000000 -0.1419796100000000 0.0343118600000000
vn -2.6220174030487891 -5.6793800288250980 0.1382790985165221
v -0.3540968200000000 -0.1508443000000000 0.0147688600000000
vn -4.3741005279964407 -3.9759196404914237 0.4940740542149580
v -0.3892740700000000 -0.1417312500000000 -0.0631522500000000
vn -2.1815366922831263 -5.8050086806666128 0.5185786489562676
v -0.3627391000000000 -0.1502963700000000 -0.0115929300000000
vn -5.7726551433218205 -1.4422231002419399 1.2506778945711696
v -0.3944783000000000 -0.1162254900000000 -0.0114336700000000
vn -5.9842095276163345 -1.3628112235655800 0.5179294490399187
v -0.4009258900000000 -0.1148340500000000 -0.0625833100000000
vn -0.8484538566563110 -6.2041889357394240 0.4296966568793643
v -0.3488217600000000 -0.1560295900000000 -0.0647577800000000
vn -5.9791436874492945 -1.4357905445053638 0.0538724922781446
v -0.4014154300000000 -0.1166733700000000 -0.0796691600000000
vn -6.2637955211241039 0.0249861992769274 0.1694821806013994
v -0.4081079300000000 0.0008790900000000 -0.0825500900000000
vn -6.2282191158070370 0.0129399878043620 0.6074204770627285
v -0.4070198900000000 0.0007819500000000 -0.0618109800000000
vn -4.2693168136147266 -3.9336471865206408 1.0039192981450731
v -0.3834215500000000 -0.1392427400000000 -0.0107134700000000
vn -5.9277894521580654 -1.1598463533546768 1.4495024959592193
v -0.3758053300000000 -0.1127174200000000 0.0512055700000000
vn -6.0474696371121857 -0.0232165366641150 1.4924313379527516
v -0.3977905800000000 0.0004856700000000 0.0006682200000000
vn -6.0705817793316772 -0.0517139873164112 1.5736075685255375
v -0.3776019900000000 0.0002052700000000 0.0583018200000000
vn -3.1766128233834512 -0.2653412677046487 -2.4896974816950075
v -0.3690466900000000 -0.1083969200000000 0.0792556800000000
vn -1.2972048412862134 -3.2016387695060669 -4.6275403211438544
v -0.2498259100000000 -0.1611781100000000 -0.0911381500000000
vn 0.4370358179523937 -3.4298269519062443 -1.8800688280933626
v -0.3308520700000000 -0.1611399500000000 -0.0880560000000000
vn -2.2871804035484220 -5.8045207553175908 -0.1073168360290153
v -0.3476481800000000 -0.1583576800000000 -0.1118669800000000
vn -1.8729544111838601 -5.9716737342526285 -0.4402758107811202
v -0.3451535300000000 -0.1590174500000000 -0.1423504700000000
vn 1.6468640827430066 -3.3181862091043941 0.5932946565644356
v -0.3406285900000000 -0.1608863200000000 -0.1412966400000000
vn 0.0141241442694262 -3.2107318991087270 2.8389414490674092
v -0.2897278100000000 -0.1607956000000000 -0.1674602400000000
vn 0.5134941421957983 -3.3094590567652036 2.1034738268756872
v -0.3086370600000000 -0.1607921400000000 -0.1657296400000000
vn -0.4684913219013627 -6.0711782541407571 -1.5426026698868660
v -0.3095486100000000 -0.1594253800000000 -0.1704334500000000
vn 1.3561996854536669 -3.6350064417567105 1.4799153630846433
v -0.3318160000000000 -0.1608224100000000 -0.1561885300000000
vn 0.7380852515419049 -3.8273074582314779 -1.0512882125486984
v -0.3438681000000000 -0.1611013100000000 -0.0946590800000000
vn -1.4263399292008969 -5.6000654908745648 -1.4870831534050222
v -0.3183612400000000 -0.1580419800000000 -0.0152028600000000
vn -1.7833230059644065 -5.9315221949373740 -0.5759296264286873
v -0.3364567500000000 -0.1559567900000000 -0.0034193300000000
vn -0.5558195994441293 -6.2239198835733145 -0.5211681581630324
v -0.2942569500000000 -0.1611143700000000 -0.0238950500000000
vn -0.2544980480056718 -6.0371840786306956 -1.0387305157849809
v -0.2676081600000000 -0.1618742400000000 -0.0274247900000000
vn -0.6023519698865641 -3.5707378754669241 3.5829737880156873
v -0.2545628300000000 -0.1608171000000000 -0.1681194600000000
vn -2.0535802404961387 -4.1981888191479673 1.2344006085559021
v -0.2459652300000000 -0.1608419500000000 -0.1639029500000000
vn -2.8439261800915601 -3.9236695392264371 -1.0951106117056504
v -0.2430106600000000 -0.1611480300000000 -0.0984955800000000
vn -6.2635886234101594 -0.4027795757158815 0.2647876677623447
v -0.4039081900000000 -0.0730564800000000 -0.0804148700000000
vn -0.8810070857943842 6.1993194534654723 0.4169820493497924
v -0.3486139800000000 0.1575652300000000 -0.0632995600000000
vn -1.2264500861741077 6.0878393437754683 0.6099521999197840
v -0.3499340000000000 0.1593939800000000 -0.0799100100000000
vn -5.3520648313325623 1.5455800884023798 -1.1549581770771558
v -0.3591985300000000 0.1501989000000000 0.0429559700000000
vn -2.5534767296181267 5.7108224144142428 0.1170261552707884
v -0.3538989500000000 0.1516509000000000 0.0161755600000000
vn -4.8277906670845852 3.7066930236321518 0.7805123053980211
v -0.3662193200000000 0.1426197600000000 0.0356351800000000
vn -4.2761691244861497 3.8889582143234018 1.0726766855206302
v -0.3832376400000000 0.1403226400000000 -0.0094134400000000
vn -2.1700309390907879 5.7989185858885488 0.6209794744656943
v -0.3625385900000000 0.1513587800000000 -0.0101902500000000
vn -2.1205481961215433 5.7811105511915430 0.2905916750910491
v -0.3717509800000000 0.1533044400000000 -0.0624394200000000
vn -4.3720691654777903 3.9739460337868318 0.5517411975922133
v -0.3890868300000000 0.1433092100000000 -0.0618267500000000
vn -5.9778109869060874 1.3542632943755806 0.5667280763864380
v -0.4007745500000000 0.1164189300000000 -0.0615079100000000
vn -0.5217508264525974 6.2034220805696396 0.2102935512029636
v -0.3423136700000000 0.1572138800000000 -0.0304626300000000
vn -4.4617374395235778 3.8896483856028050 0.1965864653034033
v -0.3905700700000000 0.1428939500000000 -0.0742001800000000
vn -5.7597509091357892 1.4756005331796402 1.2290225361249640
v -0.3943255600000000 0.1173297300000000 -0.0103475600000000
vn -5.7114202227851862 1.5448223712157176 1.7321041077110841
v -0.3756540800000000 0.1132162900000000 0.0522561100000000
vn -3.2218804550925442 -0.0077895708450792 -2.6539440757008772
v -0.3737185900000000 0.0001022400000000 0.0799406400000000
vn -3.1738535262398559 0.4764442698463734 -2.6293518212843430
v -0.3689008700000000 0.1086236100000000 0.0802647500000000
vn -3.4015487481681075 -0.1351724704247854 -2.6837132929653267
v -0.3641048400000000 0.1383223000000000 0.0802211700000000
vn -1.4434680780404223 3.4544506800055039 -4.2935804601565755
v -0.2496117900000000 0.1628289200000000 -0.0896314900000000
vn 0.6534915924775051 3.7790451683798292 -1.0598618640179831
v -0.3436539700000000 0.1629099400000000 -0.0931524000000000
vn 1.6344021427120783 3.2891145393169601 0.5438843310370588
v -0.3404144600000000 0.1631249200000000 -0.1397899700000000
vn -0.6827469967789912 3.5654774096999229 3.4581530059280507
v -0.2543487100000000 0.1631899300000000 -0.1666128100000000
vn -0.6233002160753188 6.0496577571704533 -1.5340457539415351
v -0.3093361200000000 0.1618909700000000 -0.1689393100000000
vn 0.5172774689072646 3.2803472517220329 2.1094261825597060
v -0.3084229300000000 0.1632159500000000 -0.1642229800000000
vn 1.2997704988784560 3.5794129087104536 1.4340488739724120
v -0.3316018700000000 0.1631856800000000 -0.1546818700000000
vn -1.8038843418375954 5.9959899883076542 -0.3889758764835776
v -0.3449416700000000 0.1612714600000000 -0.1408611100000000
vn 0.6224004655826590 3.2209162068972983 -1.3755202107071212
v -0.3306379400000000 0.1628681400000000 -0.0865493400000000
vn -1.5824118916690328 6.0158274709286221 -0.4476303960075682
v -0.3361842300000000 0.1568802500000000 -0.0020900900000000
vn -0.4679737740206461 6.2440708355053856 -0.4499907034184707
v -0.2940432500000000 0.1621978900000000 -0.0223916300000000
vn -1.3425695380782787 5.7120758323816618 -1.3018399813918713
v -0.3181544600000000 0.1590772700000000 -0.0137281200000000
vn -0.4084766280899118 6.0563327390715980 -1.0799890984523786
v -0.2673935400000000 0.1629570600000000 -0.0259143000000000
vn -2.0368699323339730 4.1829359775427566 1.2057914493362270
v -0.2457511000000000 0.1631650800000000 -0.1623962900000000
vn -2.8052060968646213 3.9389585434194068 -0.9897481737712746
v -0.2427965300000000 0.1628590000000000 -0.0969889300000000
vn -6.2669085084874361 0.3175081473264834 0.3160593160514842
v -0.4040740200000000 0.0701269600000000 -0.0802013300000000
vn -5.9842661007660665 1.4916014217274007 0.1397602174622784
v -0.4012617500000000 0.1184209000000000 -0.0785758900000000
vn -5.9878420028953014 1.0957777429872877 -1.4515995306559457
v -0.3593979400000000 -0.1496350800000000 0.0415617700000000
vn -3.7278415651684829 1.9408538811316711 -0.2294563071999777
v -0.3474372900000000 0.1603311400000000 -0.1103850600000000
vn 0.1702637095965880 -3.0836947367621725 3.1152866549105194
v -0.2895136900000000 0.1632124900000000 -0.1659535800000000
vn -1.6188959351318661 1.5736320361411551 -0.9643557899699905
v -0.4320574100000000 -0.1121394100000000 0.0816349100000000
vn -1.6390127628413942 2.2696809735989532 -4.1535958296847166
v -0.3977073400000000 -0.1107331100000000 0.0803349200000000
vn -3.1670137933943106 0.0038263808093835 -2.3767011294202418
v -0.4318642900000000 0.0001124600000000 0.0853538900000000
vn -3.2595703457671927 0.0163380385553753 -3.0539656078827884
v -0.3922427400000000 0.0000953400000000 0.0838467300000000
vn -3.0857979618136815 0.6669610111055808 -2.5584292841460714
v -0.3906625300000000 -0.0963396400000000 0.0833357700000000
vn -1.5922840572305030 -1.3781705349003541 -1.2274939886948313
v -0.4320774000000000 -0.1380662400000000 0.0815144500000000
vn -3.1211177973263093 0.6713009807197363 -3.4870134113397526
v -0.3907841300000000 -0.0963246900000000 0.0801389400000000
vn -1.5567739612722766 2.2595779004067480 -1.9914838588200285
v -0.3975857500000000 -0.1107480500000000 0.0835317500000000
vn -3.2569771334151292 0.0160195007717338 -2.9858064980525620
v -0.3923643400000000 0.0001102900000000 0.0806499000000000
vn -1.5951084027479809 1.4250716484238293 -1.2368426441778753
v -0.4318922500000000 0.1383547400000000 0.0827997400000000
vn -1.6420526364808465 -2.2286014028478696 -4.1746556434472719
v -0.3975586600000000 0.1109877200000000 0.0813658500000000
vn -4.7411100352709212 -1.5405253569425514 -0.7107085468540485
v -0.4317896000000000 0.1124119100000000 0.0858760700000000
vn -1.5598040961411115 -2.2387109198065116 -2.0122423534124159
v -0.3974370600000000 0.1109727700000000 0.0845626800000000
vn -3.0867569891919753 -0.6388859636644685 -2.5646444815504670
v -0.3905356000000000 0.0965583800000000 0.0842327800000000
vn -2.3397786782504246 2.8180372289984525 -1.9658834338510491
v -0.3787366500000000 0.1382931000000000 0.0884142600000000
vn -3.1220659663393566 -0.6345473973387973 -3.4929392928298966
v -0.3906572000000000 0.0965733300000000 0.0810359500000000
vn 1.4476423873716944 1.5758901404903509 -1.5782659848025686
v -0.4319358100000000 -0.1121543600000000 0.0848317400000000
vn -2.0880319556813824 3.1581640441369268 -2.2405248582165980
v -0.3789186500000000 -0.1381289400000000 0.0871288500000000
vn -1.6968643071889700 -1.5610026612937260 -1.5560151185459370
v -0.4319112000000000 0.1124268500000000 0.0826792400000000
vn 5.5152779042080144 -2.0310527590023888 0.0281917584948912
v -0.1623982400000000 -0.1491310300000000 0.0785014100000000
vn 5.4405367686533470 -1.2776972921555529 -2.2063575435094509
v -0.1716363000000000 -0.1770372600000000 0.0450257200000000
vn 3.6715390024405599 -3.4033604674046707 -0.8516046290120461
v -0.1719479000000000 -0.1576011300000000 0.0426232700000000
vn 4.2530862787643846 -1.7946092997560017 -3.5790815133374712
v -0.1911145200000000 -0.1795901900000000 0.0127459900000000
vn 3.1390020029036974 -3.5220203650473647 -2.3606541565465551
v -0.1912325200000000 -0.1628451000000000 0.0110599800000000
vn 2.7856359587000727 -2.0310259015786971 -4.5492762192753533
v -0.2150493700000000 -0.1805101200000000 -0.0074617500000000
vn 2.1993488377482069 -3.4362286356832041 -3.1809511074389021
v -0.2150174900000000 -0.1644888400000000 -0.0081349700000000
vn 1.4816226743175003 -2.2897013172108647 -5.1543575403008388
v -0.2365999500000000 -0.1805627900000000 -0.0164006600000000
vn 1.1734900507957133 -3.5240246942134412 -4.2113207973618847
v -0.2367802900000000 -0.1662460200000000 -0.0183685100000000
vn -0.0014016736996589 -2.3108063230285532 -5.2323263943100908
v -0.2678442300000000 -0.1805636300000000 -0.0209558100000000
vn -0.2532470484389867 -3.3355197991526584 -4.4037787565094479
v -0.2689654500000000 -0.1640714300000000 -0.0222319200000000
vn -1.3821118090091473 -2.1484064929946962 -5.1921676109471306
v -0.2956037400000000 -0.1793170400000000 -0.0173583700000000
vn -0.9414133743638988 -3.4806180429113303 -3.3259656065938721
v -0.2950116400000000 -0.1617309000000000 -0.0184427600000000
vn -2.3065187992631513 -2.2484659326589806 -4.7962992783531924
v -0.3160091000000000 -0.1790299300000000 -0.0098754800000000
vn -2.5627083228421612 -2.7221437617258575 -4.5347156626853291
v -0.3165367500000000 -0.1619383100000000 -0.0108690100000000
vn -3.5186362908368620 -1.7387831258013824 -4.2638218617628851
v -0.3351858400000000 -0.1770848200000000 0.0015284600000000
vn -3.4883378293724943 -2.8765005764317833 -3.0073665116262061
v -0.3358120400000000 -0.1576263600000000 0.0025144800000000
vn -4.5460487748158416 -1.5003161953688249 -3.3087817484003224
v -0.3508017900000000 -0.1764992300000000 0.0177683000000000
vn -4.0760721022995332 -2.9737407726598208 -1.8008627995421174
v -0.3517219600000000 -0.1523476800000000 0.0203613400000000
vn -4.8490905894989291 -0.3268859017990758 -3.6486950379739471
v -0.3805829500000000 -0.1676400000000000 0.0833143300000000
vn -4.0489429741636114 3.3451896212638057 -2.3627099323946017
v -0.3870141600000000 -0.1411935600000000 0.0977254800000000
vn 3.0801864908399685 -3.5554647515126518 -1.1862232638017012
v -0.1678704600000000 -0.1957269300000000 0.0754724400000000
vn 6.0327365425100137 -0.6611142326891830 -1.5052337084803760
v -0.1631933700000000 -0.1740121400000000 0.0784026900000000
vn 3.0571575213149416 -3.9039333244703154 -1.6028375282297309
v -0.1780706500000000 -0.1935962800000000 0.0464941000000000
vn 2.1698167293889199 -4.4501367118515232 -2.1030243381862270
v -0.1973125100000000 -0.1928948800000000 0.0181753500000000
vn 1.3614154632593154 -4.9219753940381983 -2.4859611379553730
v -0.2203259200000000 -0.1912703100000000 -0.0001318900000000
vn 0.6427086717476642 -4.9384213863652189 -2.9829090150854558
v -0.2401651600000000 -0.1902269400000000 -0.0088758300000000
vn -0.0526041075389306 -5.0874535650961850 -3.0170923346644338
v -0.2685144100000000 -0.1895916000000000 -0.0123002800000000
vn -0.9318550162518283 -4.9766545360500452 -3.0627374760451422
v -0.2943148100000000 -0.1894894500000000 -0.0084772000000000
vn -1.5885762727779422 -5.0363482675358711 -2.9573438426087666
v -0.3140564800000000 -0.1883760600000000 -0.0010588800000000
vn -1.9207065318489689 -4.8548228261393938 -2.4364824493016348
v -0.3310584000000000 -0.1891831500000000 0.0099176200000000
vn -2.7644231729255542 -4.5746655628219273 -2.1040577497942898
v -0.3459111400000000 -0.1890989500000000 0.0247639400000000
vn -3.7263428480022789 -3.9390606350812476 -1.8836357511357766
v -0.3612492800000000 -0.1892168800000000 0.0514446600000000
vn -5.5656214321623088 -0.4161225442543896 -2.2780502666303679
v -0.3635787600000000 -0.1726271100000000 0.0422485500000000
vn -4.1984621376559490 -3.0531499569794152 -0.9049197643821292
v -0.3722849500000000 -0.1905362700000000 0.0771723200000000
vn -5.4492932401475729 0.7025724406513444 -2.2240912108709399
v -0.3730507000000000 -0.1675635300000000 0.0658922800000000
vn -1.9557912367283423 -3.6805170805515282 -3.4694254967391984
v -0.3894064700000000 -0.1916740600000000 0.0986065600000000
vn -4.1034745313143492 0.0970857670437117 -4.6904164234496113
v -0.3903330100000000 -0.1676873700000000 0.0947749500000000
vn -3.4434550853770785 -2.0773158052754148 -2.1283060987669091
v -0.3994481900000000 -0.1886358100000000 0.1026140500000000
vn -4.3392262907349526 0.2467307961449210 -1.4720258709946377
v -0.4025954200000000 -0.1677170100000000 0.1027504400000000
vn -3.7904560548680095 -3.0811952069395248 -3.3001674286918168
v -0.3739560200000000 -0.1891277900000000 0.0916614400000000
vn 5.5058370019317318 1.9785422780473771 -0.0190459961013149
v -0.1621998200000000 0.1490881200000000 0.0798881000000000
vn 6.0514282434927473 0.5184113403772603 -1.5614905152545497
v -0.1629646400000000 0.1739700300000000 0.0800208800000000
vn 3.6899255714109946 3.4138334805073400 -0.8345181035940691
v -0.1717389500000000 0.1579053900000000 0.0440903800000000
vn 5.5077643517334520 1.0994694954322541 -2.2973604864433108
v -0.1714037000000000 0.1773189900000000 0.0466735700000000
vn 3.1502467131758012 3.5557977687415030 -2.3256561338062438
v -0.1910170000000000 0.1634673300000000 0.0125773600000000
vn 4.2929891890930749 1.6929843996899088 -3.6622242904920581
v -0.1908754500000000 0.1802000700000000 0.0144189900000000
vn 2.2349647042725920 3.4313377131815499 -3.1798671627891899
v -0.2147998300000000 0.1653217100000000 -0.0066013200000000
vn 2.8293142244542948 2.0340977153245130 -4.5815733667335508
v -0.2148122000000000 0.1813360600000000 -0.0057790600000000
vn 1.1542548867600360 3.5337723662249005 -4.2190146707831522
v -0.2365604200000000 0.1672036900000000 -0.0168179300000000
vn 1.4185590184441228 2.3308279846374891 -5.1834338714884911
v -0.2363637100000000 0.1815023500000000 -0.0147169200000000
vn -0.3565551241984707 3.3731163932653101 -4.4370009410992219
v -0.2687481700000000 0.1651074900000000 -0.0207012000000000
vn -0.0265300628060794 2.2988073339605020 -5.2230096622646984
v -0.2676037200000000 0.1815857200000000 -0.0192718300000000
vn -1.1494654709313528 3.4681773473811175 -3.5096863457865264
v -0.2947972100000000 0.1627635300000000 -0.0169338300000000
vn -1.3104047206680001 2.1886321677384308 -5.1983597811160003
v -0.2953647500000000 0.1803426800000000 -0.0156859800000000
vn -2.6535170420408063 2.6844528840529880 -4.5876185225555757
v -0.3163221000000000 0.1629329900000000 -0.0093583400000000
vn -2.4382683727522330 2.2469211509460481 -4.7048043322736222
v -0.3157704900000000 0.1800108100000000 -0.0082059700000000
vn -3.5361573403902051 2.9226530593007261 -3.0757460275918800
v -0.3356027000000000 0.1585212500000000 0.0039845800000000
vn -3.4256056161840789 1.7412732260282788 -4.2438092151002769
v -0.3349528000000000 0.1779872600000000 0.0031796400000000
vn -4.1078610471654935 3.1575648442252824 -1.6796490616804352
v -0.3515191400000000 0.1530950700000000 0.0217816400000000
vn -5.5572173402907916 -0.1703563392002164 -2.4292424002446680
v -0.3728264300000000 0.1679168300000000 0.0674521900000000
vn -4.1471597277032908 -3.0639786327845662 -2.3550698249977855
v -0.3868253400000000 0.1412688500000000 0.0990388700000000
vn 3.0471140476529559 3.7584505526946939 -1.1016670451165200
v -0.1676121100000000 0.1957199800000000 0.0772927100000000
vn 3.0206337338318208 4.1193217556420727 -1.5568395864223588
v -0.1778147200000000 0.1938714500000000 0.0482958500000000
vn 2.1224407645836805 4.6123715229856996 -2.0649663581611644
v -0.1970572700000000 0.1934601500000000 0.0199719300000000
vn 1.2104423383850387 5.0157424582150663 -2.4335386787476394
v -0.2200725400000000 0.1920340100000000 0.0016505000000000
vn 0.6837916107154758 5.0161309858235805 -2.8501250951189685
v -0.2399129800000000 0.1910993600000000 -0.0071026400000000
vn -0.1224757592640652 5.1325872470740030 -2.9265014426750855
v -0.2682629500000000 0.1905346300000000 -0.0105326800000000
vn -0.8755171040124785 5.0361972033911053 -2.9498948108048655
v -0.2940634900000000 0.1904315000000000 -0.0067105500000000
vn -1.6077235353431893 5.0189889017176545 -2.9677356706012628
v -0.3138065300000000 0.1892731800000000 0.0006972000000000
vn -2.0393659798014925 4.8135998703031557 -2.3988168675567310
v -0.3308075200000000 0.1900019700000000 0.0116808500000000
vn -2.8260739509813826 4.4733190793902340 -1.9420372239778303
v -0.3456604300000000 0.1898008900000000 0.0265258400000000
vn -4.5424698776348889 1.5075827580864831 -3.1427777395118577
v -0.3505663900000000 0.1772727700000000 0.0194133100000000
vn -3.7127701189308664 3.8025168102196840 -1.8282207242456159
v -0.3609975200000000 0.1896892700000000 0.0532065400000000
vn -5.4063911807561649 0.7154053587756313 -2.5214211791386134
v -0.3633513600000000 0.1731886200000000 0.0438566600000000
vn -4.1857142864261041 3.3270917382121454 -1.5109731462683018
v -0.3720327700000000 0.1907858200000000 0.0789454800000000
vn -4.2578783867438972 2.0801573100108488 -2.8655142371914248
v -0.3737056300000000 0.1892414900000000 0.0934208700000000
vn -5.3471580172297619 0.7438050614355853 -2.9713836242774514
v -0.3803618400000000 0.1678403700000000 0.0848743600000000
vn -4.0289115559323267 0.0591518212552228 -4.6267007702848781
v -0.3901119000000000 0.1677961400000000 0.0963350000000000
vn -2.3206056080239486 3.2830864079843813 -3.5825669634274089
v -0.3891530100000000 0.1917450000000000 0.1003894800000000
vn -3.2763931174319065 1.6960241538032828 -1.9233537623488812
v -0.3992016000000000 0.1886849800000000 0.1043687200000000
vn -3.5790276421209621 -0.1929307894772465 -0.8785059116464889
v -0.4023743100000000 0.1677665100000000 0.1043104800000000
vn 1.2672116459342133 -6.1013721741071274 -0.1999510900122552
v 0.1096511000000000 -0.1339081200000000 0.0556619700000000
vn 1.4245129271060060 -6.0632789742714577 0.0818826523806957
v 0.1121999200000000 -0.1335315700000000 0.0286956700000000
vn 1.4848799168825746 -6.0711395387576603 -0.0093164176051502
v 0.1107337100000000 -0.1337453500000000 -0.0032279400000000
vn 2.1367932869593314 -5.4011827670009236 -0.2108490868980739
v 0.1000006100000000 -0.1425694700000000 -0.0999854600000000
vn 1.7841109306275265 -5.9506179029474220 0.5657599386596365
v 0.1062590300000000 -0.1382113900000000 -0.0819842600000000
vn 2.2258697714116233 -4.5589997557239448 -2.6378135631050794
v 0.0785439800000000 -0.1402864600000000 -0.1892048300000000
vn 1.7774588903682191 -5.9594642925228234 -0.8559844365246652
v 0.0824426600000000 -0.1405603800000000 -0.1808433500000000
vn 0.1693179783907685 -3.4093246891683462 2.3496182077865271
v 0.0657288000000000 -0.1448944800000000 -0.1802278700000000
vn -0.8440751087642873 -4.2333736571747673 1.1216440142684498
v 0.0775981400000000 -0.1428911400000000 -0.1761263100000000
vn 1.0916090517565000 -6.1301427596934559 -0.4058166220139122
v 0.0966070800000000 -0.1421819900000000 -0.1113248600000000
vn -2.2388267872115217 -4.4470248186971908 -1.2943811414839197
v 0.0878293700000000 -0.1426350700000000 -0.1109931000000000
vn 1.0413470887950256 -3.5166186792404375 -3.0740596416854649
v -0.0453867100000000 -0.1599126500000000 -0.0989084300000000
vn -0.5545054444196764 -3.8339376243163961 -3.1450857926830302
v 0.0789016200000000 -0.1446906700000000 -0.1035647800000000
vn 1.0205866197711295 -3.3400464639927154 2.4112759808697533
v -0.0494016400000000 -0.1589635000000000 -0.1759144600000000
vn 2.5861589804788041 -4.0673338128105385 1.3800640112159834
v -0.0607528100000000 -0.1599103000000000 -0.1709476800000000
vn 0.3996909481219315 -2.8747302514012159 1.6565994969630480
v 0.0044904500000000 -0.1537294700000000 -0.1806873400000000
vn 0.8837459232615810 -5.6505271102210664 -2.2574497553575550
v 0.0572028400000000 -0.1446859600000000 -0.1884062800000000
vn 1.4719543764958614 -6.0807939449240207 -0.0302565507942337
v 0.1097650200000000 -0.1338171500000000 -0.0252312800000000
vn 2.7676823531428676 -3.8679642823644778 -1.6809317384314648
v -0.0582643600000000 -0.1606467500000000 -0.1055203800000000
vn 0.6753026063631684 6.1871771240212050 -0.5765857032092151
v 0.1055806100000000 0.1354984100000000 0.0715764200000000
vn 1.3596981115763167 6.0987682515571464 -0.0543181145353173
v 0.1098277400000000 0.1337197000000000 0.0569064700000000
vn 1.4536530172297710 6.0713015624013043 0.0647986535547379
v 0.1123762500000000 0.1335909600000000 0.0299378200000000
vn 1.4310283761259048 6.0829868593462049 0.0425911783522346
v 0.1109094300000000 0.1341035400000000 -0.0019823700000000
vn 1.7177939829607873 5.9682234580000744 0.5537095973326044
v 0.1064448500000000 0.1393075600000000 -0.0806938700000000
vn 2.1127746185824559 5.3990343303286448 -0.1318839245693544
v 0.1001886800000000 0.1438405500000000 -0.0986535900000000
vn 1.4674101111422448 6.0872305367598631 0.2738385798066423
v 0.1098531500000000 0.1344493200000000 -0.0349893000000000
vn 0.1740061357144519 3.3872474946039368 2.3808747997366262
v 0.0659233400000000 0.1469600800000000 -0.1788707900000000
vn 1.7767050050382678 5.9713128780834772 -0.7598346364765522
v 0.0826287600000000 0.1426052300000000 -0.1795265700000000
vn 2.2701686944723063 4.5881814784310944 -2.5730307119104969
v 0.0787298000000000 0.1424180700000000 -0.1878902000000000
vn -2.2058272537687715 4.4598553709587625 -1.3046636310234423
v 0.0880176000000000 0.1440244400000000 -0.1096600700000000
vn 1.0687040590795118 6.1340737956147429 -0.3798953830517497
v 0.0967947600000000 0.1435627200000000 -0.1099960800000000
vn -0.5547213693925797 3.8677976096945912 -3.0763454388847360
v 0.0790944200000000 0.1460206600000000 -0.1022129800000000
vn 1.0557438035236761 3.5430412653515302 -3.0028725916215482
v -0.0451742400000000 0.1613668500000000 -0.0974144600000000
vn 2.6125360355599283 4.0477757767093587 1.5018017361599239
v -0.0605409800000000 0.1620545100000000 -0.1694504800000000
vn 0.8363075322583062 5.6845962608813245 -2.1949646973705810
v 0.0573940300000000 0.1468391000000000 -0.1870506100000000
vn 0.4034704976530425 2.8589944016886970 1.6838791864420655
v 0.0046958000000000 0.1558766900000000 -0.1792476800000000
vn -0.7322226431024488 4.1868238361092160 1.2280503954370188
v 0.0777902200000000 0.1449010600000000 -0.1747881300000000
vn 1.0255906805475545 3.3166361732938268 2.4397551765492982
v -0.0491957600000000 0.1611420100000000 -0.1744267000000000
vn 1.4406954461332915 6.0882424841375560 0.0407938408228841
v 0.1099420000000000 0.1343812300000000 -0.0239841300000000
vn 2.7639437190321035 3.8812167685547063 -1.6616288804288804
v -0.0580520000000000 0.1621812700000000 -0.1040191700000000
vn 0.9601487658757536 -6.1363149568766167 -0.4689537753665899
v 0.1054027800000000 -0.1358180600000000 0.0703147300000000
vn 1.5611276369247733 -6.0617403104975853 0.1508213741851224
v 0.1096729800000000 -0.1337827500000000 -0.0362364800000000
vn 4.5669281142644902 1.5557756070372295 -3.7330134171997988
v 0.5141455600000000 -0.0934543600000000 0.0129253800000000
vn 2.3103948707062285 2.9303850811331462 -4.5760436064242986
v 0.4733873100000000 -0.1157396800000000 -0.0366601100000000
vn 0.9932453706178485 4.4369355865586622 -4.1848932199263835
v 0.4488717200000000 -0.1019342200000000 -0.0307601800000000
vn 0.4805788116523617 5.4245262403823640 -2.8814825693583996
v 0.4499487200000000 -0.0809163600000000 -0.0026855900000000
vn 1.1177979476910540 2.9543745703306303 -5.2444409901722917
v 0.4482655700000000 -0.1203426100000000 -0.0464031000000000
vn 2.6685932763098101 -1.5661166587478932 -4.9885640612140092
v 0.4650108100000000 -0.1727449400000000 -0.0510607000000000
vn 1.5963180684225395 -1.0390018376666283 -5.7719883058748893
v 0.4478374700000000 -0.1734154700000000 -0.0569716900000000
vn 1.2340816651512678 1.1316542898289641 -5.9053434093449191
v 0.4478790500000000 -0.1476419600000000 -0.0562543900000000
vn 1.2493143363146764 -3.9727376196669080 -3.8495596695373990
v 0.4419794200000000 -0.1915242200000000 -0.0510256900000000
vn 0.0039082017576773 -2.4532199417742881 -2.8876683374255929
v 0.3543833500000000 -0.0765432700000000 0.0102541700000000
vn 0.9477424009485086 -1.7771002494297510 -2.9545959486152569
v 0.4127721200000000 -0.0696842800000000 0.0097403500000000
vn -0.3396705455590504 3.2810264736851034 -4.4150969925671584
v 0.3835659300000000 -0.0826560400000000 0.0086183400000000
vn -2.2284878022069110 3.2710889146802082 -4.4980029558263865
v 0.2600525300000000 -0.1016794500000000 0.0308374200000000
vn -2.0833325206670557 1.8340680306871371 -5.6057664883740008
v 0.2625062300000000 -0.0971428100000000 0.0310950300000000
vn -0.1371840860636925 -3.2365291525295565 -3.0265329198705815
v 0.3086750400000000 -0.0850058300000000 0.0186754600000000
vn -1.3079529630439934 -1.0445189968674320 -5.1652018081871018
v 0.1867034500000000 -0.1137373000000000 0.0601292300000000
vn 0.5452258448973518 -4.6542038622741773 -2.5944684777903841
v 0.1852861300000000 -0.1078707300000000 0.0560640700000000
vn -1.3453398028601202 3.2137234610294496 -4.8208584448601677
v 0.3805588000000000 -0.1177074900000000 -0.0457222300000000
vn -1.1137001326663336 5.1920677230271837 -3.1899705798885907
v 0.3816116800000000 -0.0948379900000000 -0.0183028100000000
vn -0.2495412169866613 5.0897106560674166 -3.2721584722787975
v 0.4166885400000000 -0.0912811400000000 -0.0232854500000000
vn -1.9678688297916935 3.1399946861059704 -4.7807300033579194
v 0.3490449400000000 -0.1197084700000000 -0.0346323000000000
vn -1.2821671145000060 4.7682829728184020 -3.8203861461688549
v 0.3547747300000000 -0.0984523600000000 -0.0135769800000000
vn -2.4077774809106565 3.0546278112695231 -4.6930917227542670
v 0.3159740500000000 -0.1219354100000000 -0.0211581200000000
vn -1.8764019178399725 4.6080092769940952 -3.6732828798562798
v 0.3238862900000000 -0.0996877400000000 -0.0033079000000000
vn -1.2851194905101759 -5.0317220221039864 -3.2655291840446163
v 0.1488629500000000 -0.1972817200000000 0.0749553800000000
vn -2.0503589881974116 -2.4137868181795770 -5.1987776438478344
v 0.1445171500000000 -0.1923465400000000 0.0721234300000000
vn -2.8272224271916415 0.0006758387966461 -5.5976497844748181
v 0.1524775000000000 -0.1715468200000000 0.0660805500000000
vn -2.8346044286776269 0.7825291722775873 -5.5393031289159573
v 0.1636126400000000 -0.1513741200000000 0.0622506000000000
vn -2.5880867899105295 1.4102940461726305 -5.5350007057484012
v 0.1772140400000000 -0.1286441900000000 0.0594186200000000
vn -2.4540758314085673 3.8435338773664594 -3.9413958359840642
v 0.2541627600000000 -0.1094099900000000 0.0226490800000000
vn -3.0172619687994748 2.3159244944425272 -4.9028523881079211
v 0.2469568900000000 -0.1302009500000000 0.0144897800000000
vn -3.2532245218450520 1.2301097991528898 -5.1942440413808724
v 0.2429661000000000 -0.1473661300000000 0.0115209900000000
vn -3.2484432812595885 -0.3521345995375024 -5.2065675646951695
v 0.2396694100000000 -0.1731285600000000 0.0097539800000000
vn -2.1030187746304003 -3.7458686821731932 -3.4311448861231528
v 0.2408199200000000 -0.1933563600000000 0.0152212200000000
vn -0.7191195848918832 -6.0810951862896152 -1.3845143416641938
v 0.2426205700000000 -0.1958012400000000 0.0232320200000000
vn -0.0395041917921397 -6.2721547138942126 0.0776538210202855
v 0.3144937700000000 -0.1953612300000000 -0.0171711300000000
vn 3.3742953840832968 -3.5931494353700582 -2.1314093497947657
v 0.4814625100000000 -0.1868140300000000 -0.0306921300000000
vn 4.0361848451234401 -1.5441966836894787 -4.2464750223311079
v 0.4907059500000000 -0.1708369500000000 -0.0316685300000000
vn 1.9878258726319200 -4.9590139363396952 -2.4074708568594310
v 0.4613772200000000 -0.1940256200000000 -0.0352039800000000
vn 2.5616090474498576 0.7291974487668382 -5.3534208286930252
v 0.4671407800000000 -0.1489117800000000 -0.0510302900000000
vn 4.4196001324945167 0.0463745363408152 -3.9746922788166703
v 0.4927651400000000 -0.1504849400000000 -0.0325735000000000
vn 3.0655805632671282 3.0808275031335768 -4.3599671453008995
v 0.4984732300000000 -0.1058504200000000 -0.0116619400000000
vn 2.3224515627716507 4.2950806545745381 -3.1921705182865643
v 0.5133601400000000 -0.0798361400000000 0.0211191300000000
vn 1.1482236089106874 5.6375286435609766 -1.9261614299845555
v 0.4975773300000000 -0.0761826700000000 0.0194504900000000
vn 1.1786105283897119 4.5230213228460272 -3.7411859701010526
v 0.4760943300000000 -0.0862814900000000 -0.0078147900000000
vn 2.6219103800335843 3.9844213065587608 -3.8251823600425592
v 0.4992038700000000 -0.0868519100000000 0.0040622300000000
vn 3.7217301637714182 1.5325369731384308 -4.4280117867577342
v 0.4949988300000000 -0.1263731400000000 -0.0268285000000000
vn -2.6467456376903327 1.4129702234588402 -5.4491665434614784
v 0.3129284600000000 -0.1472202900000000 -0.0289857300000000
vn -0.9657934410111239 -5.2669625157107456 -1.9049669090564429
v 0.3153952900000000 -0.1957560700000000 -0.0256477400000000
vn -2.5190594998684541 -2.5319885928722621 -4.6829154394934438
v 0.3126322200000000 -0.1895869900000000 -0.0309750400000000
vn -1.8498101367141289 -2.6208588601712619 -4.9703519630142887
v 0.3469430600000000 -0.1885238800000000 -0.0472050600000000
vn -2.8906398862799141 0.1360177753631853 -5.4505856114799984
v 0.3115880900000000 -0.1729775400000000 -0.0328013500000000
vn -2.2785810111107079 0.2945343960487319 -5.6127957911275139
v 0.3453218300000000 -0.1729253200000000 -0.0493470400000000
vn -2.3177925277949036 1.6308084875047166 -5.6060604817884565
v 0.3471833800000000 -0.1471837900000000 -0.0419937200000000
vn -1.5688760228214500 3.0426692764124259 -4.4756051608669907
v 0.3308202500000000 -0.0881140900000000 0.0136489200000000
vn -0.8164347282520806 -6.0281558877088361 -1.5578715335912876
v 0.3515328800000000 -0.1973510400000000 -0.0342029000000000
vn -1.1607256060591911 -0.0030974934123731 -6.0056655831619983
v 0.3799874900000000 -0.1728978800000000 -0.0597822900000000
vn -1.0867176972553003 -5.1677508810438439 -2.8117336512664757
v 0.3494999000000000 -0.1956419700000000 -0.0408356200000000
vn -0.9085940335801352 -2.5594318071564008 -5.1568386890194180
v 0.3800650900000000 -0.1874746600000000 -0.0575768200000000
vn -0.5750855971972610 -5.0789857712260957 -3.2299490038242848
v 0.3803889700000000 -0.1960689200000000 -0.0490476800000000
vn -0.2794105492097191 -6.0692928618221273 -1.1177332446123038
v 0.3811536200000000 -0.1987709400000000 -0.0412947000000000
vn -1.3931528284307539 1.4944402431362747 -5.8428712263158680
v 0.3801636600000000 -0.1471405300000000 -0.0556095100000000
vn 0.1138929673429716 3.2312133967857837 -4.8547896612544870
v 0.4156873900000000 -0.1143549200000000 -0.0493424800000000
vn 0.0381820108443943 1.3341176637693342 -6.0321637799159422
v 0.4152772300000000 -0.1471463100000000 -0.0596420600000000
vn 0.2395330863223762 -0.3356299406082098 -6.0793474252993525
v 0.4151507100000000 -0.1729093800000000 -0.0625926000000000
vn 0.2568353130696743 -6.0098616465662733 -1.6846235837862058
v 0.4156895300000000 -0.1992228600000000 -0.0416760000000000
vn 0.4452876766421285 -2.8712548014133441 -5.0723309682916629
v 0.4152664400000000 -0.1873592400000000 -0.0593861300000000
vn 0.6160873153783589 -4.9723461812362721 -3.2357583975822410
v 0.4156138700000000 -0.1964010600000000 -0.0501499300000000
vn -0.8736826624273866 3.9816711889412293 -4.0196952491196312
v 0.4177420600000000 -0.0811513500000000 0.0042956200000000
vn 0.8528899577702733 -5.8537832729923140 -1.8080957182021775
v 0.4390777000000000 -0.1969284500000000 -0.0396493900000000
vn -0.2919725268719571 3.9548211178505115 -4.7575460932398226
v 0.3600041500000000 -0.0812531800000000 0.0077186100000000
vn 4.6722438049288364 -1.4985344363388609 -3.5615100321694175
v 0.5142654800000001 0.0931295900000000 0.0137931400000000
vn 1.3288670401135205 -4.6576238871038171 -3.6359148844188649
v 0.4762098800000000 0.0862026600000000 -0.0070127800000000
vn 0.1067410194719494 -5.3454315903118781 -3.0028141654100517
v 0.4500577300000000 0.0808218800000000 -0.0019335700000000
vn 0.7923958916820377 -4.5197947733108856 -4.1871507448960301
v 0.4490064800000000 0.1021013200000000 -0.0298114000000000
vn 2.1995442726198968 -2.8548618775948547 -4.7952845855061987
v 0.4735420500000000 0.1159312200000000 -0.0355828900000000
vn 1.2722312822529420 -2.8250628290553550 -5.3170906100745983
v 0.4484260000000000 0.1206583400000000 -0.0452824700000000
vn 2.5246599072334286 -0.7371659572230518 -5.4029835414936027
v 0.4673349600000000 0.1492431600000000 -0.0496437400000000
vn 1.1833792314649407 -1.0443164279707680 -5.9333060074170216
v 0.4480727800000000 0.1480496700000000 -0.0548793400000000
vn 1.4292732349574098 1.1225440666071158 -5.7796398257918442
v 0.4480689000000000 0.1738245500000000 -0.0553570700000000
vn 2.6986721200750798 1.6872777703654545 -4.9697437833934277
v 0.4652382200000000 0.1730771000000000 -0.0494525600000000
vn 1.4388276083787654 3.8617623932244722 -3.9521247232643670
v 0.4422328700000000 0.1918874700000000 -0.0492428100000000
vn -0.8403444674557239 -3.6683546383670822 -4.7981181405447320
v 0.3601135800000000 0.0811808900000000 0.0084738600000000
vn -0.0367479265167463 -2.8876843904663287 -4.2582126882419695
v 0.3836738900000000 0.0825466200000000 0.0093865900000000
vn 0.8510885278119528 1.8358957247440266 -2.8809370754246402
v 0.4128663500000000 0.0695273300000000 0.0103876100000000
vn -1.4884212540326471 -2.7584380242274182 -4.6373868117327843
v 0.3309380200000000 0.0880260800000000 0.0144679300000000
vn -0.1484206507205383 3.4324441531126269 -2.9501629836939087
v 0.3087890200000000 0.0849013200000000 0.0194654700000000
vn -0.4765736041294072 2.3414629145257426 -4.0721505084023955
v 0.2626339000000000 0.0969816000000000 0.0319977500000000
vn -1.9876972197936895 -3.1754037978854130 -4.5766021631519544
v 0.2601867900000000 0.1015265700000000 0.0317823400000000
vn 0.4479125240807510 4.6483006573355494 -2.4934785273800557
v 0.1854278400000000 0.1075802400000000 0.0570659600000000
vn -1.3865681683528353 0.8707536574881340 -4.9866443823225080
v 0.1868512300000000 0.1134070100000000 0.0611855500000000
vn -0.0514051314229725 -3.1668667941140107 -4.9361148706653299
v 0.4158363600000000 0.1147379400000000 -0.0482770900000000
vn 0.0810866972997257 -5.1362720998817464 -3.0774040868092674
v 0.4168092600000000 0.0914246800000000 -0.0224358500000000
vn -0.9459230506794802 -5.0909804509562981 -3.4601313178419026
v 0.3817377800000000 0.0949777400000000 -0.0174201800000000
vn -1.3135486847384676 -3.1214654039681968 -4.8726726690817648
v 0.3807160600000000 0.1181026100000000 -0.0446257600000000
vn -1.5064967378254839 -4.7295236291231948 -3.8301208444287314
v 0.3549052300000000 0.0985848700000000 -0.0126607500000000
vn -1.9897896405009499 -2.9661890063992158 -4.8918361328649116
v 0.3492046000000000 0.1200429200000000 -0.0335174900000000
vn -1.7338641944184492 -4.7077914096776290 -3.6410942278252554
v 0.3240172100000000 0.0997654200000000 -0.0023803900000000
vn -2.3101815198294919 -1.0199393894103155 -5.6550009573923443
v 0.1773831400000000 0.1283314100000000 0.0606136000000000
vn -1.3666432893529381 5.1307113264635724 -3.1287051866810316
v 0.1491229400000000 0.1968601000000000 0.0767881800000000
vn -2.3545992841546286 2.4210859192681422 -5.0186663739996931
v 0.1447711400000000 0.1919567800000000 0.0739104600000000
vn -2.9423029733421431 0.0322633840757791 -5.5348421919986057
v 0.1527030400000000 0.1712045100000000 0.0676744000000000
vn -2.8693282642535305 -0.7059309215452771 -5.5190228671512020
v 0.1638094200000000 0.1510516100000000 0.0636570200000000
vn -2.4369756020374709 -3.8849117233459372 -4.0487273570957214
v 0.2543096400000000 0.1093401300000000 0.0236662000000000
vn -3.0390843388455511 -2.1783993720060693 -4.9924930777431644
v 0.2471291400000000 0.1302159100000000 0.0157007300000000
vn -3.2268699594965278 -1.1699625623452914 -5.2353720714928640
v 0.2431624300000000 0.1474117600000000 0.0128916700000000
vn -3.2265311040100011 0.3941358956552520 -5.2410056646466803
v 0.2398971300000000 0.1731935200000000 0.0113644500000000
vn -1.9582679444259592 3.8561615663496691 -3.3771077861589340
v 0.2410764500000000 0.1933692100000000 0.0170194800000000
vn -0.6749233150592774 6.0902099250983071 -1.3593681943040052
v 0.2428789700000000 0.1957362100000000 0.0250527100000000
vn -0.1431403136127146 6.2637433938733009 0.1532832783410341
v 0.3147518100000000 0.1955782800000000 -0.0153532200000000
vn 3.9838921740916144 1.5325289207792665 -4.4395722151446719
v 0.4909351200000000 0.1709553700000000 -0.0300793000000000
vn 3.1858942711875402 3.8432679903276137 -2.3154077005093465
v 0.4817100800000000 0.1869339200000000 -0.0289541900000000
vn 2.0189294170114302 4.9726820341889040 -2.3522165783581195
v 0.4616336100000000 0.1942147800000000 -0.0333986300000000
vn 4.4698644393837661 -0.0097926639633552 -4.0571247742141825
v 0.4929653100000000 0.1506101700000000 -0.0311734300000000
vn 3.9108047142880404 -1.5493610707840471 -4.4153096631969655
v 0.4951664500000000 0.1264432600000000 -0.0256529100000000
vn 2.4336398142822468 -4.2375665612290154 -3.2606935109427408
v 0.5134665899999999 0.0794356300000000 0.0218597100000000
vn 1.0096903065305356 -5.6208603428134589 -2.3201562580834527
v 0.4976772500000000 0.0758212900000000 0.0201573400000000
vn 3.3095267357294507 -3.0751908966932500 -4.2690100969998692
v 0.4986147100000000 0.1057729500000000 -0.0106779400000000
vn 2.7115256066928719 -3.8341785487290205 -3.9746670364986807
v 0.4993189700000000 0.0866270400000000 0.0048689000000000
vn -2.1552245235845580 -1.6406279602592848 -5.6675128312676968
v 0.3473797000000000 0.1475867300000000 -0.0406230800000000
vn -2.3498427272810702 -2.8972098568219615 -4.8520211417797130
v 0.3161332200000000 0.1221909900000000 -0.0200228300000000
vn -1.0707832397584296 5.1800878393225958 -2.8464378938014461
v 0.3497583900000000 0.1960291700000000 -0.0390143100000000
vn -1.8710365320263924 2.6599255100516208 -4.9360634057520398
v 0.3471929200000000 0.1889779800000000 -0.0454496700000000
vn -2.4959935420077022 2.6219924631986649 -4.6334832290963348
v 0.3128843600000000 0.1899349900000000 -0.0292102900000000
vn -2.1452340070873395 -0.2395703729832233 -5.6599921201886545
v 0.3455527000000000 0.1733978000000000 -0.0477366900000000
vn -2.9137444408887383 -0.0067213702022443 -5.4658728326177188
v 0.3118158100000000 0.1733445300000000 -0.0311908800000000
vn -2.6621877053255019 -1.4689654480062602 -5.4373608719324249
v 0.3131216300000000 0.1475512900000000 -0.0276149600000000
vn -0.6492234103392825 6.0798454591093058 -1.4332399756164111
v 0.3517934100000000 0.1976771500000000 -0.0323659700000000
vn -0.8580303958638797 2.5926030451552071 -5.1365608482431533
v 0.3803137000000000 0.1879807600000000 -0.0558309500000000
vn -1.1678413632816811 -0.0255623806489022 -5.9651788066762608
v 0.3802183600000000 0.1734252400000000 -0.0581719400000000
vn -0.5312175076093375 5.1022525317665011 -3.2033684197744021
v 0.3806480000000000 0.1964959500000000 -0.0472222100000000
vn -0.3004202873796696 6.0846277295470825 -1.0259971071380132
v 0.3814190500000000 0.1991237300000000 -0.0394445500000000
vn 0.0201176479029468 -1.1771595351844066 -6.0483486987661337
v 0.4154704000000000 0.1476242100000000 -0.0582712900000000
vn 0.3229750458796540 0.4135331444595741 -6.0102383924504288
v 0.4153815800000000 0.1734137500000000 -0.0609822500000000
vn -1.4644925002558655 -1.3556287036854293 -5.8245147111600559
v 0.3803568300000000 0.1476299900000000 -0.0542387500000000
vn 0.4409422032149432 2.7143226846571276 -5.1441784501123546
v 0.4155148900000000 0.1878340500000000 -0.0576414800000000
vn 0.0357151235689627 3.0844214949614237 2.0801651099498297
v 0.4157433800000000 0.2004456300000000 -0.0365306400000000
vn 0.2942785640936340 5.1860487918309079 -3.0702794441110601
v 0.4158732700000000 0.1967891200000000 -0.0483215500000000
vn -0.6491939043584493 -3.8843913493843503 -4.2160536453993043
v 0.4178502900000000 0.0810342800000000 0.0050497500000000
vn 0.9623838801825028 5.9305935952122582 -1.6075596463372837
v 0.4393376800000000 0.1971860000000000 -0.0378167100000000
vn -1.1738792324305456 5.2543705061458574 -1.9097581907825516
v 0.3156538600000000 0.1960508700000000 -0.0238258000000000
vn 0.0499781209797600 2.3461208222086332 -2.6940038178841106
v 0.3544859800000000 0.0764586500000000 0.0109655800000000
vn 0.3965772584778094 -0.8599586202948351 -6.1742301886589335
v 0.1387885300000000 -0.0772822400000000 -0.1081696600000000
vn 0.0116065447739048 -0.7563439981660750 -6.2177771946946354
v 0.1372214500000000 -0.0294717300000000 -0.1168421700000000
vn 0.7250813168086991 -0.6368734327274744 -6.1620814060680464
v 0.1205282900000000 -0.0294681100000000 -0.1163409900000000
vn 1.4730370028028428 -3.1344264593052782 -4.8252299435730936
v 0.1644132400000000 -0.1029535700000000 -0.1025294700000000
vn 0.0851730506161526 -1.1474058639025153 -6.1624658128429974
v 0.1638343200000000 -0.0772972700000000 -0.1091223900000000
vn 0.0881842122078226 -1.3381068248059056 -6.1257663731763206
v 0.1758879100000000 -0.0734043600000000 -0.1095595100000000
vn 1.5399432712791929 -2.0623216707145224 -5.6433309161637419
v 0.1211292600000000 -0.1174279900000000 -0.1051098900000000
vn 1.4474961314390558 -0.7805700601035166 -6.0602820401422495
v 0.1211574500000000 -0.0772557600000000 -0.1115548100000000
vn 1.6929757311519305 -5.8723179408275561 -1.2230265648114562
v 0.1797962900000000 -0.1073002100000000 -0.0846368600000000
vn 2.4148502717014924 -4.6201847942416254 -2.2285037535585652
v 0.1197448500000000 -0.1330530500000000 -0.0955204400000000
vn 1.6303978741510654 -5.1519732510887355 -3.1200895428302671
v 0.1785931400000000 -0.1044597300000000 -0.0924536300000000
vn 2.4490243823902533 -4.4576037161258535 -3.6337238325232422
v 0.1393947000000000 -0.1235266200000000 -0.0936475600000000
vn 1.3186217393501072 -2.5528184245003818 -5.2216190330424874
v 0.1394623100000000 -0.1133506100000000 -0.1034789300000000
vn 1.5868096755874463 -6.0543075216365185 0.2156331132552725
v 0.1800717300000000 -0.1098523800000000 -0.0277934800000000
vn 1.6095208252693451 -6.0554309388858467 0.1525428969531105
v 0.1812513400000000 -0.1091027500000000 -0.0057918300000000
vn 4.3748403493518770 -1.9377336381140287 -2.8430736895154793
v 0.1048233400000000 -0.1325269600000000 -0.1041441400000000
vn 4.1219653567851662 -0.9642693571441376 -3.5966950615895090
v 0.1046065900000000 -0.1173946000000000 -0.1101247600000000
vn 3.9691111864080124 -0.4364288411886177 -3.7277183536567549
v 0.1043863600000000 -0.0772231400000000 -0.1163706000000000
vn 3.5703942155255457 -0.1254390019845113 -3.8142157746865428
v 0.1042565000000000 -0.0072562600000000 -0.1206622800000000
vn -0.1693564241346109 -3.0479026140466923 -2.3247617156112783
v 0.1199863400000000 -0.0042083000000000 -0.1184957000000000
vn 1.6024512617779916 -6.0424908470047463 0.0064676416712805
v 0.1831484900000000 -0.1075448400000000 0.0261185100000000
vn -0.0767331290536484 -0.9263238259705177 -6.2130842742141432
v 0.1649912900000000 -0.0284805000000000 -0.1162813300000000
vn -0.0052780382748637 -3.4112764359957159 -1.9433072956302544
v 0.1776042900000000 -0.0029841500000000 -0.1205709600000000
vn 0.0925003850570359 1.4300590576741392 -6.0928380839622784
v 0.1639355400000000 0.0785711400000000 -0.1083975300000000
vn -0.0355545116945385 0.8090092229012906 -6.2250650730643935
v 0.1372613400000000 0.0308561400000000 -0.1165616400000000
vn 1.3215752424707725 0.8460505488774821 -6.0762209303769206
v 0.1212586700000000 0.0786084400000000 -0.1108299600000000
vn 0.5612711083047698 1.0941032732994302 -6.1184429113942835
v 0.1388897500000000 0.0785788000000000 -0.1074448300000000
vn 0.9347360976230354 3.2562673456556572 -5.0433816419061159
v 0.1780992800000000 0.0981764600000000 -0.1010910000000000
vn 0.0854401631752745 1.4882115974103509 -6.0878216135901049
v 0.1759843800000000 0.0746688400000000 -0.1088709100000000
vn 1.2346054307271008 2.6748308468730286 -5.1631086683913878
v 0.1396148000000000 0.1146042700000000 -0.1024190000000000
vn 1.6209171477650617 5.2532312841118785 -2.9530026922166130
v 0.1787336400000000 0.1055572300000000 -0.0914771000000000
vn -0.4557035215618127 -0.7815118302664842 -2.1543544853773087
v 0.1395595200000000 0.1246884400000000 -0.0924933800000000
vn 2.5753310692408595 4.5061215707289595 -2.0426861483692140
v 0.1199212900000000 0.1342589600000000 -0.0942774200000000
vn 0.1978950789274600 0.7790168521867988 0.0792200273588094
v 0.1645530300000000 0.1041642600000000 -0.1015664600000000
vn 1.7035565183332873 6.0349218799476265 0.0746636702925113
v 0.1794589400000000 0.1112546900000000 -0.0377453100000000
vn 1.6978094526871139 5.8581328165475153 -1.3124961002972513
v 0.1799381000000000 0.1083255100000000 -0.0836341600000000
vn 1.6403934625899632 6.0437307776485163 0.1912450735735119
v 0.1813949100000000 0.1093926200000000 -0.0047757800000000
vn 1.6242179805222259 6.0413380798805756 0.2696386854363782
v 0.1802194900000000 0.1103494100000000 -0.0267696100000000
vn 1.6963553289219093 2.2484756802400510 -5.5026620165464397
v 0.1212825300000000 0.1187221300000000 -0.1040116700000000
vn 4.1252604947506306 0.9479488113714605 -3.5705122046908500
v 0.1047598600000000 0.1187555200000000 -0.1090265400000000
vn 4.3735263857471356 2.0022437277478082 -2.8760661326303527
v 0.1050023600000000 0.1338313100000000 -0.1029056700000000
vn -2.8122224436520171 0.5280004661184884 -4.6593065146312780
v 0.1205681900000000 0.0308671300000000 -0.1160604200000000
vn -0.2154650719308440 3.0948417042939522 -2.2970309347436375
v 0.1199923300000000 0.0056302000000000 -0.1184499300000000
vn 1.5739278131029018 6.0367665735865366 0.0222548082358492
v 0.1832931300000000 0.1075366300000000 0.0271185600000000
vn 0.0087822966598363 3.3944594523233511 -1.9170911527263552
v 0.1776087600000000 0.0043510300000000 -0.1205368400000000
vn -0.0445483461853277 1.0522489876043910 -6.1898012431337905
v 0.1717555500000000 0.0271792900000000 -0.1164429800000000
vn 0.9667290163722486 -3.3170119983580428 -5.0174057825404788
v 0.1779709700000000 -0.0969859100000000 -0.1019985400000000
vn 1.5854450879489141 -6.0700697260559346 -0.0419974180928907
v 0.1793133000000000 -0.1106545700000000 -0.0387772400000000
vn 3.6043491009268864 0.2034023576447370 -3.8283942107957154
v 0.1042693800000000 0.0087205000000000 -0.1205880700000000
vn 3.9973394968878981 0.4147176074059207 -3.7213326591690232
v 0.1044907400000000 0.0786442100000000 -0.1156458600000000
vn 0.0562065929003624 -2.1276575036403003 -5.8243048657409426
v 0.2991875000000000 -0.0621952500000000 -0.1138809800000000
vn 0.4637023103998910 -3.8452146620256364 -4.8478427341088963
v 0.3007602600000000 -0.0768085500000000 -0.1056023500000000
vn 0.8924010274122869 -5.3695379808843180 -2.3419590480326260
v 0.2989433800000000 -0.0847902500000000 -0.0972217300000000
vn 1.1443481170429766 -6.1631298297886259 -0.4142366377172910
v 0.2992329200000000 -0.0853588900000000 -0.0890772500000000
vn 1.1577693402004579 -6.1752135212136903 0.0556643158061981
v 0.3052950500000000 -0.0859843700000000 -0.0104051200000000
vn -0.0665693187297441 -3.5412944612055912 -1.9222047698316054
v 0.2963064000000000 -0.0024211200000000 -0.1256617300000000
vn 0.0817734606365310 -3.7100459657309761 -2.0447739331221806
v 0.4037930800000000 -0.0024865700000000 -0.1292827300000000
vn 0.1362484689323687 -2.5904917948963613 -5.6556328289272395
v 0.4077630000000000 -0.0475543400000000 -0.1167119200000000
vn 0.6133421817545045 -4.3818774997221261 -4.2304232684207062
v 0.4088167400000000 -0.0581184100000000 -0.1098273500000000
vn 0.9633306644906688 -5.5397632703544888 -2.7676470627542655
v 0.4098456900000000 -0.0617712300000000 -0.1034236300000000
vn 1.1108120351877331 -6.1814047255641063 -0.0867064943395060
v 0.3017690500000000 -0.0869481300000000 -0.0433242300000000
vn 1.2583278022091036 -5.8837679261361480 -1.2760097510396484
v 0.4070257000000000 -0.0666495700000000 -0.0930898700000000
vn 3.3654829105775885 -4.2710300562391890 -0.1484965602303174
v 0.4111219600000000 -0.0692170900000000 -0.0363876800000000
vn 1.1120619197704702 -6.1819872343249900 0.1058963124543242
v 0.3033225600000000 -0.0864420800000000 -0.0323720900000000
vn 0.0019561681096701 3.5650396153680548 -1.8894503745490281
v 0.2963101100000000 0.0036782000000000 -0.1256333600000000
vn 0.4489512906892235 3.8590350755568070 -4.8230060225907128
v 0.3008639100000000 0.0778703100000000 -0.1048831400000000
vn 0.0798412212221514 2.2162600759589814 -5.7831895961310948
v 0.2992702500000000 0.0633365800000000 -0.1132972400000000
vn 0.8517432914332930 5.4006239434873509 -2.2989268922207842
v 0.2990577600000000 0.0857758900000000 -0.0964286500000000
vn 1.0578264602002967 6.1834022881152855 -0.3399725635131361
v 0.2993479500000000 0.0862652100000000 -0.0882792500000000
vn 1.1006482962269359 6.1836652025708236 -0.0213144559815475
v 0.3018857500000000 0.0874287700000000 -0.0425134200000000
vn 1.0851899352772607 6.1873174310588990 0.1167868180048845
v 0.3054103900000000 0.0861544900000000 -0.0096047300000000
vn 0.1783347622452750 2.5704637594937632 -5.6371058405757308
v 0.4078246900000000 0.0485767500000000 -0.1162648300000000
vn 0.1057876293883261 3.8339421814579744 -1.9804911290887444
v 0.4037968100000000 0.0036327500000000 -0.1292542700000000
vn 0.6605723795999668 4.4021388917944053 -4.1682102683908200
v 0.4088954700000000 0.0590750200000000 -0.1092824400000000
vn 1.0076246660961616 5.5222944332727470 -2.7789053188893860
v 0.4099288300000000 0.0626668500000000 -0.1028450200000000
vn 1.3297372588516576 5.8955347358369563 -1.1914002775874626
v 0.4071136700000000 0.0674554100000000 -0.0924662500000000
vn 1.9030949080622390 5.8957977615380788 -0.3223058138210877
v 0.4108952800000000 0.0692869000000000 -0.0467446000000000
vn 1.4712289647367287 6.0792483010172838 -0.0908228573584806
v 0.4112127300000000 0.0694871200000000 -0.0357426600000000
vn 1.0948862374929245 6.1844457804247561 0.1366371845562011
v 0.3034385800000000 0.0868189600000000 -0.0315664700000000
vn 2.3576979778197167 -0.5854205710802809 -0.1756807391096205
v 0.4108048100000000 -0.0689141200000000 -0.0473872800000000
vn 5.8117838519428684 -0.0085029668234529 -2.2654730604679512
v 0.0872933200000000 0.0010298200000000 -0.1856785800000000
vn 5.2205036608703317 0.1699552313112999 -3.1515894622299827
v 0.0872094100000000 -0.1263979200000000 -0.1862711400000000
vn 4.3502913677732451 -1.1474398070774730 -4.2127286254438747
v 0.0841831800000000 -0.1319188900000000 -0.1893833700000000
vn -3.7385679510637573 -0.1195737942002740 -4.7928241535550917
v -0.3910736400000000 -0.0643388500000000 -0.1818779200000000
vn -3.8379796963682109 0.0257821711267808 -4.7482438567012588
v -0.3923530400000000 0.0013245400000000 -0.1803655500000000
vn -1.4387514764884952 0.0331928637131634 -5.9903243461618096
v -0.3677620600000000 0.0013598900000000 -0.1918629300000000
vn -5.6153013107979790 0.0403953106673033 -2.5020234916080915
v -0.4045283700000000 -0.0634856400000000 -0.1641588300000000
vn -5.5430966419179306 0.0062906504743608 -2.6302804063666949
v -0.4049972000000000 0.0012558900000000 -0.1639531500000000
vn 3.4548327159269681 -2.3978115810925700 -1.7399930146876916
v 0.0907219500000000 -0.1380469600000000 -0.1811465100000000
vn 1.9025330085187888 -1.8443416826535615 -4.1872448546696255
v 0.0753512600000000 -0.1342438700000000 -0.1985143400000000
vn 2.1080175624446245 0.0401513862707636 -5.5688886469209349
v 0.0762960300000000 0.0010934800000000 -0.1979238700000000
vn 4.7378513372707678 0.0188577067907850 -3.9225520004803793
v 0.0841642200000000 0.0010590800000000 -0.1915579400000000
vn 0.1402269074397946 -4.1280504845817303 -3.9902559411571401
v -0.0712352800000000 -0.1549507600000000 -0.1942796400000000
vn 0.5439901046836848 -2.6832191805122996 -4.7011109704852476
v 0.0568400000000000 -0.1380903200000000 -0.1990723700000000
vn 4.0278686136009219 -2.6723126484343500 -0.2964650890506428
v 0.1045329100000000 -0.1396957900000000 -0.1116147100000000
vn -0.1999386246892600 -4.0794684629097482 -3.7166017909242584
v -0.2415019600000000 -0.1595943400000000 -0.1878249600000000
vn -0.6557545001853589 -4.1817155521319709 -3.5884407401969565
v -0.3133053300000000 -0.1554915000000000 -0.1850746100000000
vn -0.3117250564252732 -1.1845650693602610 -6.0364655472806188
v -0.3118957400000000 -0.1323966000000000 -0.1946132400000000
vn -1.4357363315767189 -4.3229874809514124 -3.8583659296320962
v -0.3435883300000000 -0.1492352100000000 -0.1808805400000000
vn -0.9168741777443619 -1.6254814429844062 -5.6876578694978912
v -0.3402041600000000 -0.1298336900000000 -0.1935245000000000
vn -1.4464555185383945 -1.1404562613388023 -5.6647651162056682
v -0.3611897000000000 -0.1181649700000000 -0.1926717300000000
vn -3.4718588813913667 -1.0768530967590590 -4.8434047554580371
v -0.3841917200000000 -0.1156453100000000 -0.1823026500000000
vn -2.7832837077094159 -2.7921835368723951 -4.4054556988159197
v -0.3783379100000000 -0.1335037700000000 -0.1796432600000000
vn -1.4723613303750349 -0.0530535485588414 -5.9729029971807126
v -0.3685541200000000 -0.0641974500000000 -0.1921393000000000
vn -1.2123005516119911 -5.9373471603108436 -1.4497144835567055
v -0.3359577800000000 -0.1594529100000000 -0.1594188700000000
vn -2.3919013653607419 -5.6763608704592805 -0.3416058975348510
v -0.3710160300000000 -0.1524726800000000 -0.1423653900000000
vn -4.4125672019088471 -3.8405116993152144 -0.4227759108370273
v -0.3902762100000000 -0.1408399600000000 -0.1439550600000000
vn -3.7039893795035228 -3.5722731238076726 -2.3443078643229271
v -0.3863208800000000 -0.1389115600000000 -0.1681937900000000
vn -4.9352178439824437 -1.5938555374975683 -2.2701783554069990
v -0.3971632600000000 -0.1200861600000000 -0.1678282200000000
vn -5.3696821160163077 -0.3035014084589225 -2.3381882422180289
v -0.4046113900000000 -0.0745874200000000 -0.1657720000000000
vn -0.0165580451629417 -1.1700427886697895 -6.0164288956061363
v -0.0715858900000000 -0.1325128800000000 -0.2037543800000000
vn -2.4064888712085093 -5.7397010378918329 -0.0078780071710803
v -0.3722007200000000 -0.1518497400000000 -0.1084343500000000
vn -4.4869170235305456 -3.8495037760845747 0.1457809852689501
v -0.3908851700000000 -0.1410718700000000 -0.0765673900000000
vn -6.0035978069653817 -1.6927106978529383 -0.2649271399635876
v -0.3988306200000000 -0.1189174900000000 -0.1450136500000000
vn -6.1908897733436872 -0.6003310888780496 -0.2387480975207124
v -0.4070910300000000 -0.0746712100000000 -0.1444957500000000
vn -6.0725759853855612 -0.4875141825480377 -0.8477886428371817
v -0.4074152200000000 -0.0635414400000000 -0.1531447200000000
vn -6.2433351707860645 -0.4387556922607765 0.3092990126895507
v -0.4057599600000000 -0.0745863600000000 -0.1095040900000000
vn -6.0076160761075243 -1.6257728967746068 -0.0673676718131157
v -0.4000310700000000 -0.1178072600000000 -0.1099240600000000
vn -6.1959376667230579 0.0001843386025857 -0.6062107161397351
v -0.4074034100000000 0.0012094300000000 -0.1536525700000000
vn -6.2738937430239234 -0.1637092798424304 0.2666106409282814
v -0.4053540300000000 -0.0647159600000000 -0.0989449000000000
vn -1.8623189720663422 -3.7774276912218161 -4.4992622819708199
v -0.3613846700000000 -0.1438051000000000 -0.1785906500000000
vn -2.1274116878777831 -5.0702570871255839 -2.0216448919692280
v -0.3674438600000000 -0.1511895600000000 -0.1665609600000000
vn 0.2227475530364785 0.0305266701011535 -6.2791273001361070
v 0.0590480600000000 0.0011101800000000 -0.1985761500000000
vn 4.3415687994376508 1.1745112416113057 -4.2127450496143632
v 0.0843588000000000 0.1340446200000000 -0.1881466200000000
vn 5.2254749680841384 -0.1570795011911815 -3.1957506043118915
v 0.0873782900000000 0.1284880800000000 -0.1850859200000000
vn -1.4753497746264763 0.1050666753655584 -5.9707619320117544
v -0.3684669000000000 0.0669473500000000 -0.1915294900000000
vn -3.7346550098757860 0.1691946309247230 -4.7934333831046949
v -0.3909862800000000 0.0670238600000000 -0.1812671000000000
vn 3.4654864527886380 2.4725342755416460 -1.7191293248156270
v 0.0909081500000000 0.1400878100000000 -0.1798532600000000
vn 0.4804548042350936 2.7230307243432992 -4.6957238729373332
v 0.0570232200000000 0.1403402600000000 -0.1977776200000000
vn 4.0211444189540586 2.5452612442302307 -0.2537123261281763
v 0.1047207100000000 0.1410696700000000 -0.1103092100000000
vn -0.2410428697572209 1.1011313423660289 -6.0843930770373209
v -0.2416700900000000 0.1350599000000000 -0.1960339800000000
vn -0.4145211556357642 1.3559441723490011 -5.9610690010674894
v -0.3117160300000000 0.1350933100000000 -0.1933695100000000
vn -0.8368040760579262 4.1013467390133318 -3.4360898245802440
v -0.3130975500000000 0.1581001600000000 -0.1836164100000000
vn -0.7882203529696792 1.8122374821750897 -5.6082728318163593
v -0.3400307100000000 0.1325590700000000 -0.1923043600000000
vn -1.4228854502827826 4.3444787388340744 -3.6569692761091672
v -0.3433881600000000 0.1518462200000000 -0.1794805400000000
vn -1.4446170059672130 1.1953086712164807 -5.6540739031518443
v -0.3610304500000000 0.1209084900000000 -0.1915600700000000
vn -2.7231570652551462 2.8650962064516259 -4.4369423390757667
v -0.3781568800000000 0.1361494400000000 -0.1783894600000000
vn -3.4651457690974321 1.0848289601136902 -4.8577247833510659
v -0.3840355800000000 0.1183236300000000 -0.1812147400000000
vn -1.2349076311418954 5.8826918684976759 -1.5162954483212019
v -0.3398033200000000 0.1608301700000000 -0.1589231800000000
vn -1.9051351389535596 5.0848187483356471 -2.0907569702525213
v -0.3672445300000000 0.1536994700000000 -0.1651431200000000
vn -3.7949289892464533 3.5451984195299930 -2.1979653642583821
v -0.3861333300000000 0.1414601900000000 -0.1668901300000000
vn -4.4547095637342169 3.7535233738415856 -0.4814548033814630
v -0.3900864400000000 0.1431678000000000 -0.1426344900000000
vn -4.9080409060276633 1.7319924790512984 -2.1241528431559722
v -0.3970028300000000 0.1226485700000000 -0.1666994900000000
vn -5.3532036744500990 0.3939966345613803 -2.4638427331067749
v -0.4045126900000000 0.0771386300000000 -0.1650664000000000
vn 0.1667964867448548 4.1555791738731305 -3.9464060671800159
v -0.0710283000000000 0.1573239800000000 -0.1928275600000000
vn -0.0264802525320833 1.2324836646022097 -6.0002646761539431
v -0.0714104900000000 0.1349800400000000 -0.2025104700000000
vn -0.2083640295009453 4.0861582055323460 -3.6987206110735928
v -0.2412892200000000 0.1621346600000000 -0.1863289000000000
vn -2.3787375062150065 5.6965087292481469 -0.2673890424209065
v -0.3708152800000000 0.1547575500000000 -0.1409366700000000
vn -4.4963906813406185 3.9156381505649129 -0.0220221488637265
v -0.3903282500000000 0.1430329800000000 -0.1084173200000000
vn -6.0219102229825348 1.6063873422273736 -0.1603404807763892
v -0.3998726900000000 0.1198345300000000 -0.1088190600000000
vn -5.5778685174430400 -0.1606462358516215 -2.6687228512745227
v -0.4044432000000000 0.0660253800000000 -0.1635565800000000
vn -6.1723955446057515 0.1697529314516120 -0.6489464632296104
v -0.4073300400000000 0.0659822100000000 -0.1525424100000000
vn -6.1927127894148288 0.6612127174782483 -0.1092749945848411
v -0.4069881400000000 0.0770306300000000 -0.1437904300000000
vn -6.2500104643228731 0.4258977715671159 0.1945781506443302
v -0.4056573600000000 0.0766186100000000 -0.1088010700000000
vn -5.9599121413224392 1.7779937439705920 -0.2950618482083021
v -0.3986706900000000 0.1212707700000000 -0.1438968000000000
vn -5.3805408669813435 -0.0108138869461028 -2.1062772778842631
v -0.4080740500000000 0.0009563600000000 -0.0991633400000000
vn -2.3414225146396110 5.7525497731576944 0.1465359867886215
v -0.3733370100000000 0.1528572300000000 -0.0733238600000000
vn -1.6214966271109241 4.0659647824683702 -4.2245843000875798
v -0.3611911100000000 0.1464198800000000 -0.1772411500000000
vn 1.9525323436739597 1.8343756615349718 -4.2039444979907152
v 0.0755297700000000 0.1364652000000000 -0.1972555100000000
vn -0.0192499859137736 0.0323307727683110 -6.2792302615385003
v -0.0760847400000000 0.0012202100000000 -0.2029580300000000
vn 4.1860291531094500 1.1166414779208194 2.1194447924365063
v 0.0886346400000000 -0.1249914100000000 -0.1803634600000000
vn -3.6851584099273249 0.9774325891458259 2.9529416663008163
v -0.4073128500000000 -0.0626096800000000 -0.1504642000000000
vn -2.4018748357327873 -0.0192692166361398 -5.2781313907478626
v -0.4054359300000000 0.0009676100000000 -0.1019268300000000
vn -4.0627910050197231 1.1427905196088268 -2.4901361732071701
v -0.4054558900000000 -0.0635538100000000 -0.1016356600000000
vn -3.9272566116184509 2.7205318959780396 -0.9273433802400679
v -0.4057991700000000 -0.0718990700000000 -0.1105656300000000
vn -4.0029207128094306 2.5367440463308784 1.3893555037738030
v -0.4070399700000000 -0.0719792200000000 -0.1431840600000000
vn -3.0438958791721649 -0.0131441078538505 3.2593901263398060
v -0.4072999400000000 0.0011967200000000 -0.1509322700000000
vn -1.7384815459968364 -2.3008847497391081 1.6997549395805736
v 0.0768564800000000 -0.1368326200000000 -0.1760571400000000
vn -0.0764653120313687 -2.8846028316098060 3.0782146386768194
v 0.0649871700000000 -0.1388391100000000 -0.1801576500000000
vn 0.4955000978342826 -3.0446792551180866 3.1496580293641387
v 0.0037498800000000 -0.1476741100000000 -0.1806171700000000
vn 1.0289058625199015 -2.7469602802630062 3.0069633947416721
v -0.0501422100000000 -0.1529049800000000 -0.1758442700000000
vn 2.3692660257383134 -1.6848277322479128 1.3597983158782985
v -0.0614944300000000 -0.1538559900000000 -0.1708774700000000
vn 2.4668736861112412 -1.7774442033928799 -1.4896704676866452
v -0.0590059800000000 -0.1545913800000000 -0.1054501700000000
vn 0.9161966237734162 -2.4987250234701976 -3.0708409388634283
v -0.0461304300000000 -0.1538572900000000 -0.0988381300000000
vn -0.7016883130323310 -2.5621898152597624 -2.9057165576298174
v 0.0781600000000000 -0.1386321500000000 -0.1034945500000000
vn -2.1760166203515139 -2.3685452312904620 -1.0327409810515247
v 0.0870845900000000 -0.1365765400000000 -0.1109227500000000
vn -1.9324090103098841 -1.9231706824574506 1.5345765555529118
v -0.0782493300000000 -0.1555922100000000 -0.1702072000000000
vn -0.2876335076156618 -2.8947596848424579 3.0871536565514126
v -0.0924742400000000 -0.1562807600000000 -0.1742130100000000
vn 0.1349786057538614 -3.1397755991752172 3.1464605264067980
v -0.1562066200000000 -0.1581320200000000 -0.1732133700000000
vn 0.9116052933938842 -2.7009818151916281 2.8035954586803982
v -0.2262527500000000 -0.1568988000000000 -0.1691274000000000
vn 2.4503084776417201 -2.0372728724900551 1.2416816325409632
v -0.2346623700000000 -0.1575879300000000 -0.1642670900000000
vn 2.6365309987637731 -2.2678611230466359 -1.3082407593620753
v -0.2315799000000000 -0.1588183400000000 -0.0988657500000000
vn 0.9829692368285621 -2.3599710999374901 -2.7635877757534559
v -0.2234637600000000 -0.1585422000000000 -0.0920779800000000
vn -1.0864667888145456 -2.3959878911038137 -2.8308531853199086
v -0.0836145200000000 -0.1580110000000000 -0.0973949100000000
vn -2.5290067343364955 -2.2961152084755598 -1.1605732463160487
v -0.0757614000000000 -0.1571108000000000 -0.1047845900000000
vn -2.7230001514686544 -2.3429739477146727 -1.0074724532861108
v -0.2430069400000000 -0.1550466100000000 -0.0984672000000000
vn -2.2621305992554821 -2.0773955895496812 1.4715508448722385
v -0.2459615100000000 -0.1547405300000000 -0.1638745600000000
vn -0.6639763661152817 -2.6803161765149817 2.9684639979745748
v -0.2545591200000000 -0.1547156800000000 -0.1680910800000000
vn 0.1705852452522080 -3.0837202475910663 3.1203905243442769
v -0.2897241000000000 -0.1546941800000000 -0.1674318600000000
vn 0.7393416600939119 -2.8568187841396329 3.0035487242950594
v -0.3086333400000000 -0.1546907100000000 -0.1657012600000000
vn 1.9482245852322762 -2.5072735661582541 2.2408758424283355
v -0.3318122800000000 -0.1547209800000000 -0.1561601400000000
vn 2.9172237570148458 -2.6825760184925134 0.8963460790259649
v -0.3406248700000000 -0.1547849000000000 -0.1412682600000000
vn 2.2764823622990447 -1.9662784788077290 -1.3011564109425910
v -0.3438643900000000 -0.1549998800000000 -0.0946306900000000
vn 0.6493054089967113 -2.6206412457750439 -2.9827046061162350
v -0.3308483500000000 -0.1550385300000000 -0.0880276100000000
vn -1.2135585336378774 -2.3429384693825375 -2.6480528063217381
v -0.2498222000000000 -0.1550766900000000 -0.0911097600000000
vn 0.5133492627501007 -3.2282828119356264 3.0525170700477444
v 0.0039015000000000 -0.1476930700000000 -0.1772403000000000
vn 1.0559008912606829 -3.3913639075114563 2.9861349147210179
v -0.0492081700000000 -0.1528301700000000 -0.1725873200000000
vn 2.6711279749423436 -4.0549892212425904 1.4849241668855762
v -0.0580766200000000 -0.1534607400000000 -0.1687122000000000
vn 2.7216438329137600 -3.8751122973480827 -1.6695604062198568
v -0.0557456400000000 -0.1541667900000000 -0.1075358800000000
vn 0.9437944571787635 -3.5263832500958250 -2.9760511745543421
v -0.0453861400000000 -0.1537282600000000 -0.1022317100000000
vn -0.3977778439570662 -3.8295053764832403 -2.8265807838156300
v 0.0769138600000000 -0.1387475400000000 -0.1068135600000000
vn -1.9911995057036813 -4.4271005843481444 -1.3312804021857600
v 0.0834911200000000 -0.1370016500000000 -0.1123050700000000
vn -1.4724702982259301 -4.4589600085488987 1.8073832710355104
v 0.0738751000000000 -0.1372288900000000 -0.1735341700000000
vn 0.0652862802023411 -3.5092058279014915 3.0097782117282321
v 0.0643404200000000 -0.1389584200000000 -0.1768309500000000
vn 0.1310430705259084 -3.2206652959777458 3.0510183093001784
v -0.1560921900000000 -0.1581740800000000 -0.1698446800000000
vn 0.9931984952996790 -3.6333603296098436 2.9394883099257951
v -0.2251896800000000 -0.1569315100000000 -0.1658558500000000
vn 2.4662370836066509 -4.2119260967797896 0.9847943559797863
v -0.2312079300000000 -0.1575756400000000 -0.1623810100000000
vn 2.6190455721046453 -3.9237275559724973 -1.2709506174348031
v -0.2282929500000000 -0.1587590600000000 -0.1004969700000000
vn 1.0669356143232562 -3.8242854605491279 -2.8440592757281196
v -0.2222986100000000 -0.1584828500000000 -0.0954847300000000
vn -0.9319003017360991 -3.8269901969418063 -2.7603509420288055
v -0.0849983700000000 -0.1579810500000000 -0.1007080000000000
vn -2.5716837436752424 -3.9920789519347015 -1.4036303810681026
v -0.0791804800000000 -0.1571295800000000 -0.1061842800000000
vn -1.9180268992087386 -4.4422147707011819 1.6162710556028139
v -0.0815173900000000 -0.1556590200000000 -0.1676359700000000
vn -0.2327128818821420 -3.4720777361009967 3.0234121652850021
v -0.0930001500000000 -0.1563328500000000 -0.1708674100000000
vn 0.1706594748156781 -3.2287650830142605 3.1198917535863813
v -0.2895394500000000 -0.1547099100000000 -0.1640730900000000
vn 0.7388727673074639 -3.4550928743082325 3.0008314172458728
v -0.3078219200000000 -0.1547065700000000 -0.1623989800000000
vn 1.9473945802566597 -3.7994708038946228 2.2347071458718037
v -0.3294949300000000 -0.1547348600000000 -0.1534808600000000
vn 2.9167974221161490 -3.6124289452608243 0.8917144800952814
v -0.3373273900000000 -0.1547916900000000 -0.1402401500000000
vn 2.2753392810756807 -4.3073418993886037 -1.3119878729291525
v -0.3403551100000000 -0.1549927600000000 -0.0966203700000000
vn 0.6489407355060037 -3.6358289780438473 -2.9873714454843903
v -0.3301061100000000 -0.1550232000000000 -0.0914184800000000
vn -1.2143074336519142 -3.9139368557340481 -2.6555230269668213
v -0.2513426900000000 -0.1550603900000000 -0.0944145600000000
vn -2.7237286528336178 -3.9277944594248360 -1.0150777646441298
v -0.2464267200000000 -0.1550387000000000 -0.0997192500000000
vn -2.2643083523451120 -4.2139220521895107 1.4622029256272853
v -0.2492290200000000 -0.1547485000000000 -0.1617329000000000
vn -0.6647338497464277 -3.6298936828138251 2.9637462496770541
v -0.2553083100000000 -0.1547309200000000 -0.1647168000000000
vn 4.1568117124925150 2.4066353192541463 -0.2469263442401940
v 0.0916009300000000 -0.1320430700000000 -0.1774657500000000
vn 3.6946919132009715 2.8514510193193963 -1.3716052266694123
v 0.1039561100000000 -0.1335830500000000 -0.1139418900000000
vn 5.7444648175984110 1.0587354494910066 -1.3759847699179191
v 0.1028962200000000 -0.1310386800000000 -0.1113478600000000
vn 2.1763860545059535 -0.9282871964698934 -3.5189004250363425
v 0.1032276300000000 -0.1189599400000000 -0.1158390000000000
vn 2.2326454684210613 -0.3902384690619478 -3.7247943093765215
v 0.1029729900000000 -0.0778603700000000 -0.1222245800000000
vn 1.8113655894753302 0.0181680224685309 -3.5631868631215959
v 0.1028909700000000 -0.0036304500000000 -0.1267309700000000
vn 1.5991486624321478 -0.0019575131134677 -2.0026858434235089
v 0.1042647500000000 0.0007168200000000 -0.1206189900000000
vn 3.7834740847127173 -0.0141566414215426 2.2701720425042611
v 0.0888091900000000 0.0010014600000000 -0.1797810500000000
vn -3.6864225035114648 -0.9995508892107033 2.9437861932560616
v -0.4072288200000000 0.0650264900000000 -0.1498706700000000
vn -4.1069852027938252 -0.9719799825880011 -2.4549411062620470
v -0.4054423400000000 0.0654921400000000 -0.1009922200000000
vn -3.9300268542503942 -2.7024318783709091 -0.9649068679112236
v -0.4057040600000000 0.0739424100000000 -0.1098874100000000
vn -4.0060339357011738 -2.5396040687197976 1.3632638493209850
v -0.4069445700000000 0.0743265000000000 -0.1425036800000000
vn -0.0815946194425132 2.8577820081220415 3.0922237145699958
v 0.0651711900000000 0.1409020700000000 -0.1788568000000000
vn -1.7262653132934751 2.2866094226486080 1.7207402887117023
v 0.0770380200000000 0.1388430600000000 -0.1747752000000000
vn 0.4986268206986734 3.0147220560997097 3.1770681395085560
v 0.0039478600000000 0.1498218400000000 -0.1792338400000000
vn 1.0254394803614861 2.7187157962066921 3.0480802497669419
v -0.0499409900000000 0.1550810800000000 -0.1744120200000000
vn 2.3804638376407241 1.6689941503047232 1.3752268977233850
v -0.0612889200000000 0.1559996600000000 -0.1694366500000000
vn 2.4577386700291477 1.7897831212004605 -1.4734047577051399
v -0.0587999500000000 0.1561232600000000 -0.1040053500000000
vn 0.9277408643165902 2.5258465140985251 -3.0339887795379723
v -0.0459253400000000 0.1553120000000000 -0.0974005000000000
vn -0.6892197758750471 2.5873727594528120 -2.9076072788010587
v 0.0783433200000000 0.1399658100000000 -0.1021990200000000
vn -2.1944440047714249 2.3847120296515434 -1.0063269086813382
v 0.0872654400000000 0.1379695900000000 -0.1096460700000000
vn -0.2924324265201743 2.8671479569835268 3.1031160717033250
v -0.0922699400000000 0.1584962400000000 -0.1727491300000000
vn -1.9211028609282450 1.9107085049849752 1.5509478274023780
v -0.0780417000000000 0.1577499700000000 -0.1687501600000000
vn 0.1383199510100730 3.1102016753975619 3.1748324111205415
v -0.1559958200000000 0.1604220500000000 -0.1717320800000000
vn 0.9263649234254415 2.6723055554799764 2.8059632977579310
v -0.2260434200000000 0.1592435400000000 -0.1676573300000000
vn 2.4351198523881914 2.0235186092051012 1.2604479430507241
v -0.2344522100000000 0.1598976600000000 -0.1627907700000000
vn 2.6453986354741557 2.2763110223426777 -1.2844988155024017
v -0.2313686200000000 0.1605157800000000 -0.0973808300000000
vn 0.9826132985440431 2.3840013485301199 -2.7495101449554586
v -0.2232528600000000 0.1601697700000000 -0.0905959600000000
vn -1.0762778569639124 2.4224145123832677 -2.8298729036427490
v -0.0834043500000000 0.1595009100000000 -0.0959184700000000
vn -2.5477519174146419 2.3114230120761783 -1.1347032324296842
v -0.0755522800000000 0.1586609900000000 -0.1033162500000000
vn -2.2596069947605195 2.0663684064782872 1.4908309591476829
v -0.2457548200000000 0.1570636600000000 -0.1624246800000000
vn -2.7200544390523698 2.3555409735558213 -0.9857035207574786
v -0.2428002500000000 0.1567575800000000 -0.0970173100000000
vn -0.6604895335359405 2.6533918803114629 2.9931472092376308
v -0.2543524200000000 0.1570885100000000 -0.1666411900000000
vn 0.1746056785984875 3.0543461215479262 3.1491063592610264
v -0.2895174000000000 0.1571100100000000 -0.1659819700000000
vn 0.7428025166505918 2.8278484687303131 3.0299913286362612
v -0.3084266500000000 0.1571134700000000 -0.1642513700000000
vn 1.9512796355435718 2.4839356259296013 2.2640614122285974
v -0.3316055900000000 0.1570832000000000 -0.1547102600000000
vn 2.9230101714857839 2.6705637266179414 0.9217349651904487
v -0.3404181700000000 0.1570224500000000 -0.1398183500000000
vn 2.2791551663235672 1.9755268033868192 -1.2827869420089111
v -0.3436576900000000 0.1568074600000000 -0.0931807900000000
vn 0.6528050758340710 2.6474873549605773 -2.9579937288231197
v -0.3306416600000000 0.1567656600000000 -0.0865777300000000
vn -1.2101085692533842 2.3697488306316963 -2.6266142353333293
v -0.2496186600000000 0.1567275000000000 -0.0896597500000000
vn 1.0420228356866998 3.3638853755443470 3.0136040208829491
v -0.0490039100000000 0.1549716700000000 -0.1711560600000000
vn 0.5165501288701615 3.1991807384008104 3.0813085643051625
v 0.0040994800000000 0.1498102500000000 -0.1758569400000000
vn 2.6847715577601536 4.0388484518886782 1.4877322917009230
v -0.0578716000000000 0.1555801200000000 -0.1672751700000000
vn 2.7189289321274628 3.8862393580683134 -1.6690887411711952
v -0.0555411700000000 0.1557141200000000 -0.1060949000000000
vn 0.9750301025369663 3.5507747898246365 -2.9506065519901625
v -0.0451811900000000 0.1552136500000000 -0.1007951400000000
vn -0.3358684121319123 3.8438519009085135 -2.7850947176111682
v 0.0770973400000000 0.1401135900000000 -0.1055168100000000
vn -1.9858547770635546 4.4478907971438018 -1.2188365744063057
v 0.0836725000000000 0.1384108600000000 -0.1110243600000000
vn -1.4560373115175218 4.4403557345517308 1.8797000109824444
v 0.0740571100000000 0.1392194700000000 -0.1722486400000000
vn 0.0509567031422544 3.4840053774275512 3.0505963335816602
v 0.0645245600000000 0.1409912100000000 -0.1755291300000000
vn 1.0401764719441708 3.6015663850473163 2.9822697689234836
v -0.2249803200000000 0.1592445200000000 -0.1643856200000000
vn 0.1344588669809903 3.1919650797878094 3.0796212904055418
v -0.1558813600000000 0.1604336800000000 -0.1683631400000000
vn 2.4617484111285410 4.2040352010184474 1.0813455346551426
v -0.2309978000000000 0.1598667800000000 -0.1609049000000000
vn 2.6220314482972236 3.9315960841730755 -1.2100395706881608
v -0.2280817300000000 0.1604708400000000 -0.0990125400000000
vn 1.0491514532574888 3.8502816165430676 -2.8045998676501966
v -0.2220877700000000 0.1601417500000000 -0.0940031200000000
vn -0.8732573380880178 3.8495146774962552 -2.7207891806097129
v -0.0847882200000000 0.1595045300000000 -0.0992316800000000
vn -2.5648722603559659 4.0124186816497405 -1.3110862629942344
v -0.0789713300000000 0.1586959000000000 -0.1047156900000000
vn -1.8965327826133298 4.4274253447684320 1.6853799639871623
v -0.0813096800000000 0.1578010500000000 -0.1661783800000000
vn -0.2442741558461613 3.4446645514755061 3.0630315832336223
v -0.0927916000000000 0.1585178400000000 -0.1694033500000000
vn 0.7430626179824900 3.4261262668047610 3.0328402348178138
v -0.3076152300000000 0.1570976200000000 -0.1609491000000000
vn 0.1748626826357573 3.1993808575637939 3.1495936460435434
v -0.2893327600000000 0.1570942700000000 -0.1626232000000000
vn 1.9520051404184349 3.7761375939222459 2.2699506965991043
v -0.3292882300000000 0.1570693300000000 -0.1520309700000000
vn 2.9243692201406839 3.6003470137090967 0.9258556901680695
v -0.3371206900000000 0.1570125000000000 -0.1387902700000000
vn 2.2806232234009207 4.3167897157691986 -1.2709898436960920
v -0.3401515700000000 0.1568145800000000 -0.0951703500000000
vn 0.6538557639762538 3.6625373125234573 -2.9534982884968293
v -0.3298994200000000 0.1567809800000000 -0.0899685900000000
vn -1.2093747902264147 3.9399544809179767 -2.6191345927413767
v -0.2511360000000000 0.1567438000000000 -0.0929646700000000
vn -2.7189293909942442 3.9403975120495764 -0.9784441700441414
v -0.2462200200000000 0.1567654900000000 -0.0982693600000000
vn -2.2588667586418780 4.2052891520274676 1.5005635836848501
v -0.2490233800000000 0.1570556800000000 -0.1602829700000000
vn -0.6603321366791132 3.6032653033506108 2.9974810661752400
v -0.2551016200000000 0.1570732700000000 -0.1632669200000000
vn 4.2743582164374523 -2.3702353497533033 -0.0187994741572578
v 0.0917755800000000 0.1340457100000000 -0.1762283700000000
vn 3.6428475137894405 -2.7769564645076046 -0.9041954961367952
v 0.1041364800000000 0.1349795600000000 -0.1126931700000000
vn 3.4503103096795780 -0.8674703621713564 -3.5701359897687999
v 0.1033218800000000 0.1323718600000000 -0.1098457800000000
vn 2.1490715441896597 0.9592895400566026 -3.5324425412385194
v 0.1033838900000000 0.1203756400000000 -0.1147260000000000
vn 2.2355805327792031 0.4239646940552008 -3.7205747403332801
v 0.1030781800000000 0.0793375900000000 -0.1214936500000000
vn 2.2458360964673902 0.1406626285167971 -3.7640957459223792
v 0.1028491800000000 0.0089403000000000 -0.1264651700000000
vn 4.1647269388123815 -1.3236656798290978 2.1801638923359583
v 0.0888017800000000 0.1270281000000000 -0.1791915700000000
vn -0.5612238061260791 -4.2241586046086255 -1.2786462712142028
v 0.1198852400000000 -0.0052808900000000 -0.1212243300000000
vn -1.7551149683758684 -1.4996076391014173 -1.2833232045280885
v 0.1041651800000000 -0.0003570900000000 -0.1233479000000000
vn 0.0124150956982074 -4.8636081051001270 -1.3394907177126858
v 0.1775032000000000 -0.0040567500000000 -0.1232995900000000
vn -0.0509811702829810 -4.7555571660151852 -1.4128800696166117
v 0.2962063500000000 -0.0034937100000000 -0.1283904000000000
vn 0.1896516916617354 -4.9555675464832261 -1.0664620124783524
v 0.4036930400000000 -0.0035591600000000 -0.1320114000000000
vn -0.2008531776009466 -2.0684304845778372 -5.4897170809953337
v 0.3919457200000000 -0.0005290900000000 -0.1342946200000000
vn -0.1943086020994364 -1.8969293896202697 -5.6313446847827962
v 0.1777094200000000 -0.0003907000000000 -0.1261452300000000
vn -1.7469439480990243 1.5091672661049451 -1.2562785047017391
v 0.1041649900000000 0.0018454100000000 -0.1233373800000000
vn -0.5432038056979487 4.2318956361894022 -1.2424527390264231
v 0.1198925600000000 0.0067282600000000 -0.1211684600000000
vn -0.1983441386584691 1.5822391212892326 -5.8607990264706586
v 0.1224278300000000 0.0018375200000000 -0.1240320800000000
vn -0.0050627828301235 4.8667502055078273 -1.3006688976777541
v 0.1775089800000000 0.0054490900000000 -0.1232553700000000
vn -0.0319137305285904 4.8046095234058130 -1.3423201370082056
v 0.2962113900000000 0.0047762600000000 -0.1283519300000000
vn 0.1938784260765906 4.9551855003515755 -1.0251321677625036
v 0.4036980900000000 0.0047339700000000 -0.1319728200000000
vn -0.2139099760857878 1.9272850736350520 -5.6292084755328062
v 0.2871493100000000 0.0017881100000000 -0.1302982700000000
vn -0.1983047186088504 2.1275738873628973 -5.4622233961848305
v 0.4030481500000000 0.0017026200000000 -0.1347065900000000
vn 0.2135680158197117 0.0406987624574158 -0.1475473649660926
v 0.4301715200000000 0.0016877500000000 -0.1357383400000000
vn 2.7324661093688198 0.0909972437875621 -3.2895835343855007
v 0.4302681200000000 0.0005591600000000 -0.1330198300000000
vn 0.3247451808242212 -0.0696569727341234 -0.2197416104874237
v 0.4301670300000000 -0.0005134400000000 -0.1357484600000000
vn 6.0572062963712856 -1.1244200251965915 -1.0132482600987192
v 0.4355052600000000 -0.0043308900000000 -0.1076273200000000
vn 2.9280166544614841 -1.6517686006785928 -3.1512031291882416
v 0.4318090800000000 -0.0458855500000000 -0.1167412000000000
vn 6.0774397002647236 -0.0513353446958667 -1.5337274825339307
v 0.4324557400000000 0.0005193600000000 -0.1247501900000000
vn 6.2342341884780650 -0.5692714837061774 -0.3928693964205424
v 0.4437261800000000 -0.0396890800000000 0.0131383500000000
vn 6.2337976231056720 -0.4451993205496557 -0.6386236567775816
v 0.4444702200000000 -0.0305105900000000 0.0134995200000000
vn 1.0884076413974870 0.0552887270485214 -1.9897544974821253
v 0.4513105500000000 -0.0003752000000000 0.0650745100000000
vn 4.6765607995532221 0.0888674019294964 -2.5064596701918140
v 0.4546436100000000 -0.0003756700000000 0.0647391400000000
vn 3.0043033712501743 -2.7391854272965181 -2.5564507845141469
v 0.4317323800000000 -0.0543031300000000 -0.1101596800000000
vn 6.2064501922807134 -0.2593065193951187 -0.9159049377832482
v 0.4338655500000000 -0.0522030100000000 -0.1002440100000000
vn 6.2274624120507749 -0.5164091547661819 -0.4472284234565929
v 0.4461750600000000 -0.0527398300000000 0.0128598700000000
vn 3.4212842430147337 -2.8588541473423845 -1.2399714989754331
v 0.4336534000000000 -0.0579487700000000 -0.1017956200000000
vn 4.6839425435638038 -0.1868970896687084 1.1115421454451897
v 0.4368259200000000 0.0004411500000000 -0.1085098900000000
vn 2.4827920288760770 0.6823098741339045 1.6047037733471370
v 0.4368788000000000 -0.0009231500000000 -0.1069380600000000
vn 3.1689729482037126 -0.3725609272686428 3.1130540263443822
v 0.4356704900000000 -0.0042155600000000 -0.1062079800000000
vn 3.3499829060406654 -0.4181196517383157 3.5014225371167758
v 0.4342889500000000 -0.0233181400000000 -0.1069442500000000
vn 4.2025988175820190 0.5431328067124659 2.1593089516012984
v 0.4335264800000000 -0.0393574300000000 -0.1085492300000000
vn 4.3193916355021775 2.2431261535665841 0.7020871811025607
v 0.4340360600000000 -0.0508660100000000 -0.0995984600000000
vn 5.8741897519779096 1.4568705016515571 0.0143776700389823
v 0.4458045700000000 -0.0511019100000000 0.0262818900000000
vn 3.4585406587393996 2.7435400632622682 -0.2994796072683011
v 0.4462694600000000 -0.0513962400000000 0.0127782900000000
vn 3.5267184205371787 2.8614969333908018 -0.4766217394151044
v 0.4458738500000000 -0.0497898000000000 0.0259556500000000
vn 3.4184699517035813 3.5558956110770348 -1.9119727556181374
v 0.4450932300000000 -0.0458385700000000 0.0365735700000000
vn -2.8968997846254561 1.2200801324802080 -2.2404120755240404
v 0.4524741600000000 -0.0175725000000000 0.0606634500000000
vn -2.7787103957307342 2.2011001808143398 -1.7536408603216800
v 0.4489671700000000 -0.0347072900000000 0.0507430600000000
vn 2.6480542639315550 1.4742481543566952 -2.3949463721964497
v 0.4457122000000000 -0.0344630800000000 0.0510546500000000
vn 2.2712848658848461 1.1909638381690788 -2.7041344267825851
v 0.4543852500000000 -0.0017083100000000 0.0631688400000000
vn 2.5460319378857603 0.7446490718606928 -3.0778080638082206
v 0.4492038100000000 -0.0173373200000000 0.0609794100000000
vn -2.2713268627279004 0.6743422553452967 -1.5448807700300780
v 0.4510523500000000 -0.0014562500000000 0.0635053800000000
vn 1.5755134737717496 0.3198686305864961 2.1595033128210379
v 0.4334927000000000 0.0004416400000000 -0.1081787200000000
vn 4.1931249905267043 0.8235113744488423 2.2987111578850516
v 0.4335459000000000 -0.0006679300000000 -0.1066015000000000
vn 3.4622949297779080 -0.3963504124686263 2.7245159069496685
v 0.4309558900000000 -0.0230618400000000 -0.1066119000000000
vn 2.7209005647432649 0.6872988844662841 2.5267908824266914
v 0.4301433500000000 -0.0391164200000000 -0.1081825400000000
vn 2.5416977791552999 2.4610394719980428 1.0066898160150362
v 0.4306998800000000 -0.0506097200000000 -0.0992649400000000
vn 3.0553984802912191 2.9035356533562591 -0.6138048297940588
v 0.4425376700000000 -0.0495345600000000 0.0262891700000000
vn 2.7356040155634673 1.7026837983702603 -1.4685379933797431
v 0.4420306800000000 -0.0450608900000000 0.0377522500000000
vn 6.2232636133396504 -0.0428992806898466 -0.6544466717025673
v 0.4464939800000000 -0.0001310500000000 0.0132243300000000
vn 6.2303016976209937 -0.4769874480935864 -0.6557856235743436
v 0.4460978800000000 -0.0045227300000000 0.0132188600000000
vn 3.5036763816619718 -0.5754649604858026 2.4503723113848284
v 0.4323220800000000 -0.0040090800000000 -0.1058716000000000
vn 3.4186868737869847 -0.4499672987515629 2.7563191019579483
v 0.4305474300000000 -0.0311276100000000 -0.1074010800000000
vn 3.1209152711270569 -0.1138040555450123 -0.3412770858815611
v 0.4304210900000000 -0.0448630700000000 -0.1037237200000000
vn 3.2495330099115187 3.0699753257603741 -0.3232204185999874
v 0.4429495000000000 -0.0511406300000000 0.0129396000000000
vn 2.8078165547384737 1.6644917641691370 -3.1917084864995156
v 0.4318687200000000 0.0468790300000000 -0.1163097800000000
vn 2.8947390108549609 2.8083086601379086 -2.5397473046819155
v 0.4318064500000000 0.0552350900000000 -0.1096503800000000
vn 3.3897420810983672 2.8819256391170573 -1.2377827186945456
v 0.4337308000000000 0.0587972600000000 -0.1012527500000000
vn 6.2372787055769816 0.5452581708528165 -0.3464885463828082
v 0.4433916700000000 0.0451857300000000 0.0135447200000000
vn 3.2314005858251305 -3.0609461143823724 -0.3529569810485912
v 0.4430017300000000 0.0509115100000000 0.0135863200000000
vn 3.2027012718341847 -2.9277834950601287 -0.7396780992152617
v 0.4426040900000000 0.0491809100000000 0.0267481500000000
vn 6.2458988852767474 0.3310136321105052 -0.3897127386857566
v 0.4462423000000000 0.0525065600000000 0.0133493600000000
vn 3.2066882510752714 0.1272235873782998 3.0099599838978679
v 0.4356761600000000 0.0051050100000000 -0.1061646200000000
vn 3.3692623995673734 0.3961104622535569 3.2143991414057207
v 0.4343221000000000 0.0242152700000000 -0.1067232800000000
vn 5.4782595948957464 0.8032298674174777 1.4693175248438943
v 0.4355342500000000 0.0051987500000000 -0.1075146100000000
vn 4.2447879246880955 -0.7190820597168187 2.2791856437693450
v 0.4335312300000000 0.0402879100000000 -0.1081445500000000
vn 4.3257646506444276 -2.3771696593185792 0.5735426182222824
v 0.4340723600000000 0.0516989300000000 -0.0991475200000000
vn 6.2176632088770347 0.4104501329271008 -0.7963948046484347
v 0.4333755200000000 0.0405316900000000 -0.1093482300000000
vn 3.4371752641141260 -2.7163196462382655 -0.2515118834785657
v 0.4463350600000000 0.0511636700000000 0.0132552800000000
vn 3.5230097830021037 -3.5412299856176408 -1.9306131445595882
v 0.4451635200000000 0.0454510100000000 0.0370552600000000
vn 3.6005372004621972 -4.3965107946171882 -0.7014566813732906
v 0.4455504200000000 0.0499774700000000 0.0252052700000000
vn -2.7795331036410929 -2.1735333933412715 -1.7573230499075898
v 0.4490444500000000 0.0341325200000000 0.0510475100000000
vn 3.2559157953914570 -0.7081114961955579 -3.4314658660038058
v 0.4524939400000000 0.0167574900000000 0.0608776100000000
vn 2.2245788251434178 -1.1835202960947300 -2.6737564571962507
v 0.4543869000000000 0.0010034300000000 0.0631814500000000
vn 2.5547653862616073 -0.7323598774285237 -3.0624954581879327
v 0.4492245000000000 0.0166542200000000 0.0611375400000000
vn 2.6373860888369882 -1.4198497781756130 -2.3337230986703763
v 0.4457569700000000 0.0338758100000000 0.0513724400000000
vn -2.4090503370365046 -1.2402952453926803 -1.8901666917666693
v 0.4510536900000000 0.0007480900000000 0.0635156300000000
vn 0.9619709231723503 -2.5615545462600982 4.5017039917488830
v 0.4351778000000000 0.0016206000000000 -0.1067871400000000
vn 3.6001669034683283 0.3426400584170207 2.4570404081606543
v 0.4323429500000000 0.0048507200000000 -0.1058304300000000
vn 3.4055659699332606 0.4228548834041690 2.7544397174297051
v 0.4307233900000000 0.0293185500000000 -0.1068659400000000
vn 2.5518276364913648 -2.4645689811342426 0.9774064701552914
v 0.4307342000000000 0.0514333900000000 -0.0987917600000000
vn 2.7049231275488239 -1.4804134918365812 -1.3580353707230528
v 0.4420915900000000 0.0446045600000000 0.0381691300000000
vn 3.4587506350149493 0.3632421130988053 2.7307312655945166
v 0.4310122600000000 0.0237877200000000 -0.1063881800000000
vn 2.9581032963370140 0.2547088226963328 -3.4578226478601346
v 0.4461056500000000 0.0042910600000000 0.0132598900000000
vn 3.1959090422643217 0.1925658279398713 2.7695522782278874
v 0.4449428900000000 0.0233910700000000 0.0133901400000000
vn 2.3773772783849467 0.1949550926490476 -3.4066830814476936
v 0.4445537700000000 0.0287505100000000 0.0134300000000000
vn 2.7187170743988798 -0.6253166540973014 2.5360358600981039
v 0.4301742100000000 0.0397473600000000 -0.1078599000000000
vn 3.3411333162152106 0.2551148963304435 -3.4725667204620896
v 0.4437765000000000 0.0394771900000000 0.0135035200000000
vn -0.0574878663026904 -1.9271644057002426 -2.4802059261884493
v 0.4287421600000000 -0.0448949800000000 -0.1036600100000000
vn -0.0574925632899811 -1.9273245862751307 -2.4804099330165208
v 0.4284644200000000 -0.0391483300000000 -0.1081188300000000
vn -0.0574862393273458 -1.9271405111679778 -2.4801727758546197
v 0.4318222800000000 -0.0390845100000000 -0.1082462500000000
vn -0.0574889383921769 -1.9272543316817488 -2.4803205768737149
v 0.4321000200000000 -0.0448311600000000 -0.1037874300000000
vn -0.0574818855547196 -1.9272687408362745 -2.4803379689181604
v 0.4290209600000000 -0.0506416300000000 -0.0992012300000000
vn -0.0574826390824602 -1.9273759590940358 -2.4804746159631854
v 0.4323777600000000 -0.0505778100000000 -0.0993286100000000
vn 5.8804692491970334 0.0145721915981500 -0.2143864966229314
v 0.1249712100000000 0.1389125300000000 -0.1403141500000000
vn 2.0102544794899226 -0.7793575665387553 -3.4769621615306106
v 0.1210848500000000 0.1349967200000000 -0.1534869500000000
vn -0.9253335411097974 1.0249951447110510 -5.2898454017777654
v 0.1178079200000000 0.1424709800000000 -0.1534645800000000
vn -3.0313275114521732 -2.5016859629312735 -4.1317408670774469
v 0.1097337000000000 0.1340569000000000 -0.1487239200000000
vn -3.7581373036074339 0.4450818023455791 0.5554691273551220
v 0.1006795300000000 0.1395720900000000 -0.1383408300000000
vn -4.5625925388571584 -2.2909972510096770 -2.5424102274978297
v 0.1040607900000000 0.1355320700000000 -0.1432595900000000
vn -1.2213303268159816 -2.7215502022865330 -4.6340656260713420
v 0.1178583500000000 0.1319514100000000 -0.1520547100000000
vn 2.4398771986451737 -2.9568819930102501 -2.2217481156935035
v 0.1212733100000000 0.1279208300000000 -0.1483385600000000
vn -1.2698514735389945 -4.9249582733690849 -2.7179970453705153
v 0.1181382200000000 0.1271695800000000 -0.1469156800000000
vn -1.1523209772183451 -5.4400793159869654 0.1949460773216196
v 0.1183106900000000 0.1250389600000000 -0.1400352000000000
vn -3.0220901838215211 -4.5713181968208039 -0.5700970703280480
v 0.1097599900000000 0.1287945200000000 -0.1414001900000000
vn 2.4489376926636464 -3.5633763152051277 -0.0501806794866210
v 0.1215988500000000 0.1250420200000000 -0.1398572300000000
vn 1.7116118153028985 -2.5903276508596638 1.9489205299768351
v 0.1217550700000000 0.1278608700000000 -0.1310085600000000
vn -2.8545254110109415 -2.9706023479704831 3.6191023993307159
v 0.1101225000000000 0.1324143700000000 -0.1318110500000000
vn -4.1228778627346951 -2.3741341569987968 1.6103772517128543
v 0.1023081600000000 0.1359601100000000 -0.1374775300000000
vn -0.5266400814611649 -2.3633316367783013 4.9065835068842594
v 0.1187723500000000 0.1320087200000000 -0.1280355800000000
vn -0.6276980457844846 1.5166252426838158 5.1649180373343446
v 0.1188283500000000 0.1425382400000000 -0.1266762400000000
vn 2.2599563651237684 -0.0517587759476482 3.3518478082819323
v 0.1221196000000000 0.1392433700000000 -0.1263259500000000
vn -2.9119193522798699 0.9311791458092833 4.7836008965092844
v 0.1104514400000000 0.1412773600000000 -0.1298207200000000
vn 1.5746157339556117 2.5126461941479077 1.9825458819218504
v 0.1216880700000000 0.1504059000000000 -0.1313847300000000
vn -2.9117876529817206 3.8785862699821747 3.1749763492776775
v 0.1104437800000000 0.1468330200000000 -0.1334130500000000
vn -2.9357456668593112 4.8499346568134092 0.1725657254541076
v 0.1100878100000000 0.1491238000000000 -0.1394565700000000
vn 1.5560582829071365 3.2792724289070669 0.3883713627150689
v 0.1214387700000000 0.1531641200000000 -0.1381013800000000
vn -4.2726818101978985 3.0310961372965881 -1.0609958717240540
v 0.1033477700000000 0.1432428100000000 -0.1409786000000000
vn 1.4573074348142101 3.0858646376291543 -1.4008152488900876
v 0.1210177500000000 0.1520539900000000 -0.1459899700000000
vn 1.6345602641517583 1.9448820281120420 -2.7682016977707820
v 0.1209686600000000 0.1472117000000000 -0.1518958600000000
vn -3.1351522276870840 3.1972309052691052 -3.4352820549674390
v 0.1095270100000000 0.1454214900000000 -0.1476641600000000
vn -3.8532372166154198 0.2300685674262513 -4.3034024325137121
v 0.1071945900000000 0.1392247600000000 -0.1480640700000000
vn 2.1696056878492280 -0.4250392196674165 -3.8454836146180202
v 0.5216554500000000 -0.0612280400000000 -0.0046680700000000
vn -1.2974038228284572 -1.9850028079148714 -5.2576804132447812
v 0.5183984000000000 -0.0649395100000000 -0.0035159800000000
vn -3.9962560443416262 0.0031396310842098 0.1542058911372758
v 0.5010421100000000 -0.0590070400000000 0.0114157300000000
vn 2.4015738984446902 -2.4706100197392593 -3.1620593060496796
v 0.5217719700000000 -0.0685692600000000 -0.0015201100000000
vn -1.2603230815572450 -4.2274657433040490 -3.9295563687532424
v 0.5185445800000000 -0.0697974400000000 -0.0001449800000000
vn -3.5824043207921976 -1.9451351065580431 -3.8032925220115632
v 0.5087102600000000 -0.0642398400000000 0.0012272200000000
vn 2.4618463548172067 -3.5740185848781367 -1.4687680612648961
v 0.5220129600000000 -0.0733609400000000 0.0048782000000000
vn -1.2338718890078599 -5.2600563534980633 -2.0470978435407128
v 0.5187133800000000 -0.0732923700000000 0.0048480600000000
vn 5.9295875985251616 -0.8484180368568910 -1.2180427488568801
v 0.5248674700000000 -0.0638399200000000 0.0048818200000000
vn -3.5657658509100436 -4.1145947177050921 -1.6841062562996523
v 0.5089539400000000 -0.0691112400000000 0.0065991400000000
vn 2.5440006273978186 -3.7268513388004441 0.4875389502639346
v 0.5223147200000000 -0.0743046500000000 0.0128193900000000
vn -1.1304285150647080 -5.6037058206287913 0.7425242689683553
v 0.5190160900000000 -0.0743225300000000 0.0127793600000000
vn 1.6410838362897018 -2.0564508432665787 2.7828852810047859
v 0.5225535000000000 -0.0686255000000000 0.0237119800000000
vn -3.4184703482308838 -4.3220315652048011 1.0956182875822205
v 0.5091791000000000 -0.0699143600000000 0.0136002600000000
vn -0.8526142908856309 -4.6917224722318522 3.2222649477001251
v 0.5192985700000000 -0.0712474200000000 0.0201537900000000
vn -3.2807950595673283 -2.6944802931114737 3.7124039418309591
v 0.5094538600000000 -0.0659805600000000 0.0196931000000000
vn -3.0915553924382468 0.4470075796680095 4.3504840618931739
v 0.5094389800000000 -0.0579960900000000 0.0223984300000000
vn 5.9966802913343891 -0.9914978715251499 0.6752293075997615
v 0.5254538100000000 -0.0636637800000000 0.0156974000000000
vn -1.1434839379753763 0.1713402916749441 5.4554947723998826
v 0.5194488800000000 -0.0589623600000000 0.0263502500000000
vn 2.2196092275733363 -0.3491187052500458 3.5241400468893072
v 0.5228578100000000 -0.0607375500000000 0.0264445100000000
vn 1.6399419440338048 2.0758959537869299 2.6110315300135332
v 0.5224331500000000 -0.0486835200000000 0.0230747900000000
vn -3.3225104308555138 3.5741271275913311 2.6673199307417907
v 0.5093191900000000 -0.0495363900000000 0.0170494300000000
vn 5.9877672757136331 0.4832059686368521 0.2745817136019472
v 0.5261861799999999 -0.0569925000000000 0.0126887300000000
vn -0.6665396146573819 4.8363858625702605 2.5642988685715249
v 0.5191549500000000 -0.0454545700000000 0.0184939600000000
vn 1.5520767419664510 3.4971991349896241 0.0645730460971923
v 0.5219465700000000 -0.0428244700000000 0.0102036800000000
vn -3.4751877681228556 4.6386001601686306 0.2008230815256665
v 0.5091645700000000 -0.0480130400000000 0.0111581800000000
vn -3.5041269290938195 3.8672363711107396 -2.0685575342404876
v 0.5088947100000000 -0.0491238900000000 0.0058843000000000
vn 1.4765529782574869 3.3618063482738441 -1.4771448035867756
v 0.5216748700000000 -0.0439009800000000 0.0047431600000000
vn 2.1644582915117079 1.8133567406411368 -3.3381460891446926
v 0.5217269700000000 -0.0514609000000000 -0.0030916100000000
vn -1.3523057596866264 4.0751576847680777 -4.0172575791016127
v 0.5185579000000000 -0.0481277200000000 -0.0000410100000000
vn -3.5706640897002515 1.2466586995601512 -4.0493897212817132
v 0.5086843599999999 -0.0557169000000000 0.0004274800000000
vn 5.9179757141711828 1.0800037330876349 -1.0329723414953333
v 0.5251146700000000 -0.0531809800000000 0.0066679700000000
vn -1.1730105229908572 1.2090017285826564 -5.3049457698041742
v 0.5182834800000000 -0.0550223000000000 -0.0043591900000000
vn -1.0791496109978742 -0.2795066499686496 -5.3443755127642474
v 0.5183365900000000 0.0586708300000000 -0.0043285600000000
vn -3.9802562500184022 0.0041686906770644 0.1636883916282410
v 0.5011201100000000 0.0587337900000000 0.0119632300000000
vn -3.4483767395870206 -3.1691449558652081 -2.6784096958896639
v 0.5088076499999999 0.0500275400000000 0.0043923400000000
vn 1.3892760538978211 -1.8687609046661651 -2.7466499703088143
v 0.5217778100000000 0.0489413100000000 -0.0020499500000000
vn 5.9160865933968321 -0.9462127130717464 -1.2538199954259439
v 0.5249454500000000 0.0538985100000000 0.0054265400000000
vn -0.6602844715114097 -4.8763609676069120 -2.3721233012465284
v 0.5186340699999999 0.0451628600000000 0.0035278900000000
vn -1.1134025839153099 -5.5095498350477818 0.9433176163202635
v 0.5190932800000000 0.0434173700000000 0.0133226000000000
vn -3.4340901070979157 -4.4604776303720302 0.5030086758177268
v 0.5092452400000000 0.0477264400000000 0.0127894200000000
vn 2.2067282300138071 -3.6237421581569800 -0.1071483522924718
v 0.5223288300000000 0.0430731800000000 0.0114642800000000
vn 2.5614956123722328 -3.0172202213366015 2.2131229555134779
v 0.5226741300000000 0.0465881600000000 0.0207051000000000
vn 5.9458486613388475 -0.3432476889683619 0.6777982044865941
v 0.5262291000000000 0.0572102100000000 0.0154195200000000
vn -0.9847854149937793 -4.5225889823520715 3.3982323595783379
v 0.5193765500000000 0.0464932700000000 0.0207012300000000
vn -3.3212993306602256 -3.1224136391077817 3.1846202444912199
v 0.5094534200000000 0.0505396400000000 0.0192698100000000
vn -0.9226500536263319 -2.2535179986207137 5.1913603510642652
v 0.5195634300000000 0.0528470300000000 0.0255508400000000
vn -3.2033336417961156 0.4104953141517980 4.3163126299388690
v 0.5095171400000000 0.0597445600000000 0.0229459300000000
vn 2.3024019709750743 -0.7461409703919629 3.5438051877228500
v 0.5228997500000000 0.0549741400000000 0.0263424600000000
vn 1.8189271470737145 2.1188610762770108 2.5736677099139511
v 0.5228115700000000 0.0687154500000000 0.0235683100000000
vn -0.3379530267069284 1.3974544633921262 5.1276451130028375
v 0.5195068700000000 0.0628307200000000 0.0263496500000000
vn -3.2243031339399848 3.6589375030638775 2.3941653591349912
v 0.5093974200000000 0.0682028500000000 0.0175992900000000
vn -0.5532004442671050 4.6297006158707932 2.4753003732596444
v 0.5192329600000000 0.0722838100000000 0.0190451500000000
vn -3.3892006922814781 4.0744334218426630 -1.1620855524123765
v 0.5089439200000000 0.0693793200000000 0.0077654200000000
vn 5.9265908393849216 0.7488400215705135 -0.5892148569872486
v 0.5261232600000000 0.0618975000000000 0.0094306900000000
vn 2.0299160804244609 3.6029034352976494 0.0869606908732401
v 0.5223186000000000 0.0743751600000000 0.0108437100000000
vn 2.2531121120382962 3.0054106643022891 -2.4189258031034200
v 0.5219582100000000 0.0708602100000000 0.0016064400000000
vn -1.0235254696390319 5.2540012144641945 -1.3339394057866543
v 0.5187846800000000 0.0738061400000000 0.0071928200000000
vn -1.2158142097510720 3.3064191580101872 -4.3873394617095265
v 0.5181304600000000 0.0680779400000000 -0.0010337500000000
vn -3.7068176178474546 2.4025646135805232 -3.7638432935922541
v 0.5088772800000000 0.0642751100000000 0.0021643000000000
vn 2.0677823326034375 0.9261772026685318 -3.6287118750356147
v 0.5217475300000000 0.0624824600000000 -0.0040294800000000
vn -3.5425387942487663 -0.1266908459318090 -4.2814581777556091
v 0.5087424500000000 0.0591368200000000 0.0004860000000000
vn -4.6052339412608925 0.0005103079529039 0.1697774327277659
v 0.4139545600000000 -0.0803786200000000 -0.0775859100000000
vn -2.8673822923503725 1.1030444129060937 -5.2247400508166351
v 0.4380019000000000 -0.0754078300000000 -0.1028916300000000
vn -1.1363612698942955 -0.6879653326993650 -5.7395657811855250
v 0.4461516400000000 -0.0830611300000000 -0.1066705100000000
vn 2.7624425040796567 -0.4896544960330070 -3.4541632239173579
v 0.4512782700000000 -0.0834459800000000 -0.1065603700000000
vn 6.2088331736643312 -0.0025303107529630 -0.2355779012503879
v 0.4552224100000000 -0.0803964500000000 -0.0791556900000000
vn -4.1597483374767323 -1.1128420099443406 -3.8729854862740849
v 0.4223817000000000 -0.0845382700000000 -0.0927001900000000
vn -2.9226791404173840 -1.5676790563832665 -5.0908309276895753
v 0.4372167000000000 -0.0874695400000000 -0.1018380600000000
vn -1.0727401049426888 -3.0613637711702846 -4.8128046135980931
v 0.4462838700000000 -0.0959959400000000 -0.1023014500000000
vn -2.8424630643017292 -3.8217493897692587 -3.7842511989110239
v 0.4382423700000000 -0.0978813900000000 -0.0962074200000000
vn -4.0604508648160325 -3.1506394761522589 -2.4581503867350478
v 0.4225169200000000 -0.0919690300000000 -0.0881735700000000
vn 2.7089628445056966 -1.8832432747640802 -2.8744959670801835
v 0.4514500900000000 -0.0963536000000000 -0.1019381100000000
vn -1.0084502705354879 -4.9107304921883994 -3.2287551460043944
v 0.4466119500000000 -0.1034684500000000 -0.0944148200000000
vn 2.8874346802418427 -2.8436956502087574 -1.9899448182385229
v 0.4517277900000000 -0.1032597200000000 -0.0944672700000000
vn -2.8143809764325005 -5.0741298532950925 -2.1169909377945775
v 0.4390116700000000 -0.1032582300000000 -0.0881452000000000
vn -2.6561426327730784 -5.5146342776647108 -0.3053729697333581
v 0.4391493500000000 -0.1051085300000000 -0.0811116300000000
vn -0.9374717496531614 -5.6252194258169599 -1.0283150207129121
v 0.4469628700000000 -0.1080248000000000 -0.0843954500000000
vn 2.7751623716762528 -3.3031226176370923 -0.6294028725211271
v 0.4521289700000000 -0.1078804400000000 -0.0839576600000000
vn -0.8152764467469588 -5.5393964791049726 1.6455256511257423
v 0.4475050800000000 -0.1071798900000000 -0.0708059500000000
vn -3.9770978529736762 -4.0824838247331439 0.2484774093952026
v 0.4229410300000000 -0.0958271300000000 -0.0769856700000000
vn -2.5601296469184449 -5.3403512717353738 1.5754216850412632
v 0.4395149500000000 -0.1042120700000000 -0.0714679100000000
vn 2.8790048017133261 -3.1974103916807151 0.9319857449142299
v 0.4526330200000000 -0.1068048400000000 -0.0706799100000000
vn -4.0201207062931745 -3.6194481634171671 2.4097353194938682
v 0.4233037900000000 -0.0930490200000000 -0.0695571200000000
vn -2.5375182307463033 -4.6417318758724937 3.1765287320704556
v 0.4398976100000000 -0.1010783900000000 -0.0648794200000000
vn -0.7211109137079553 -4.1617278232516757 3.9881659018332511
v 0.4479317400000000 -0.1003646000000000 -0.0589767500000000
vn -2.5343404463505657 -2.9541331317973434 4.6618444721248071
v 0.4397010700000000 -0.0943274600000000 -0.0579455700000000
vn -3.9090779829180868 -2.3757179084549498 3.6255404835993890
v 0.4234201300000000 -0.0893257800000000 -0.0654774300000000
vn 2.9043475368047393 -2.3508675947770259 2.2767220003494684
v 0.4530840000000000 -0.0997583000000000 -0.0589426100000000
vn -0.7436514932450962 -2.3035334207558926 5.4602454342694475
v 0.4481849900000000 -0.0911674700000000 -0.0532008000000000
vn 3.1107513856541078 -1.3492307231491023 3.0244128228036260
v 0.4532866000000000 -0.0910749100000000 -0.0536261800000000
vn -3.9156411982614827 -0.6506228972833413 4.3508736661716929
v 0.4235454000000000 -0.0822642500000000 -0.0628229500000000
vn -2.4910729764712172 -0.6973189046794983 5.5515532806323797
v 0.4401947800000000 -0.0829578900000000 -0.0538465500000000
vn -0.6908862842937049 -0.5375396823110996 5.8529025585282684
v 0.4482653800000000 -0.0832238300000000 -0.0510440600000000
vn 3.0571826076522477 -0.2353108695633092 3.2725348293306102
v 0.4533745000000000 -0.0827743600000000 -0.0514613800000000
vn -3.9643124181219593 0.8333759966944762 4.3646066612318739
v 0.4235586300000000 -0.0774908700000000 -0.0630341400000000
vn -2.4817333595190787 1.0193665115468447 5.5728718380316176
v 0.4403140400000000 -0.0756671800000000 -0.0542205900000000
vn -0.6763982113554450 1.5808063924910085 5.6725913445213436
v 0.4482321100000000 -0.0723498600000000 -0.0520812200000000
vn -2.5122834270180046 2.7112798190572343 4.8885262736315109
v 0.4400968700000000 -0.0687840400000000 -0.0565856400000000
vn 3.0585666100366899 1.0257305466401738 3.1086445537161476
v 0.4533338000000000 -0.0720304000000000 -0.0526521600000000
vn -3.9074526450372544 2.3194109320750731 3.6486199021568972
v 0.4234494100000000 -0.0722957800000000 -0.0649065800000000
vn -0.6300835128423100 3.2849016945175826 4.9074413541919881
v 0.4481031900000000 -0.0650370300000000 -0.0556481200000000
vn -3.9506672012090971 3.7937628367660530 1.8957123303240324
v 0.4231974500000000 -0.0664244400000000 -0.0715831800000000
vn -2.5959642300383630 4.4559035190195111 3.1865695302373678
v 0.4394698300000000 -0.0597846000000000 -0.0646051000000000
vn 2.8506440811101839 2.3720304569757866 2.2637872746590784
v 0.4530722100000000 -0.0602756100000000 -0.0597010900000000
vn -0.6367408965720012 4.7950517108244490 3.1980875272925555
v 0.4477914400000000 -0.0569918300000000 -0.0631532100000000
vn -1.4307488810340574 5.6135812739908584 1.1342451687928181
v 0.4450126300000000 -0.0534274500000000 -0.0734805700000000
vn 2.7809851374348948 3.2516347038702218 0.7645385170794239
v 0.4526312300000000 -0.0537887900000000 -0.0713296600000000
vn -4.0431808252702837 4.2285693818155812 -0.1308484048533754
v 0.4229362800000000 -0.0651885600000000 -0.0790256500000000
vn -2.8406916468761265 5.4285405208479443 -0.3871443915408349
v 0.4391796400000000 -0.0556444700000000 -0.0808523200000000
vn -0.8908561107957457 5.6588509900696335 -1.0324251939922022
v 0.4469889300000000 -0.0527411900000000 -0.0842834400000000
vn -4.0984997512652441 3.4876258983157831 -2.1185536558970006
v 0.4226489000000000 -0.0673467500000000 -0.0859983900000000
vn -2.7829807570493621 4.8676861351969078 -2.4715738530043185
v 0.4388262300000000 -0.0584148200000000 -0.0901484200000000
vn 2.7920940462107513 3.2782481715842251 -0.7840831960557539
v 0.4521127400000000 -0.0531230500000000 -0.0850055300000000
vn -1.0169249394094912 4.8895928212182218 -3.2475504671712434
v 0.4466402600000000 -0.0571719700000000 -0.0941962900000000
vn 2.8885272537954698 2.8225908543329061 -2.0174623842827888
v 0.4517558500000000 -0.0573864300000000 -0.0942507100000000
vn -2.8681206035960161 3.4881664538892450 -4.1308405288873811
v 0.4385350300000000 -0.0645351300000000 -0.0976701200000000
vn -1.1162628277163813 3.2194138056014712 -4.7117381256536088
v 0.4463000900000000 -0.0646802600000000 -0.1022280700000000
vn -4.1291673868971657 1.3947589635168791 -3.7017757261097639
v 0.4223579900000000 -0.0753407700000000 -0.0925434400000000
vn 2.7320500237192928 1.8068741091524978 -2.9370642011264048
v 0.4514405900000000 -0.0653390800000000 -0.1025385700000000
vn -1.0885317400114722 1.2598963003145995 -5.7564964352269934
v 0.4461795400000000 -0.0748314200000000 -0.1061077100000000
vn 2.8672026151500196 0.7070646440800689 -3.4549821850022009
v 0.4512993000000000 -0.0748853200000000 -0.1060540800000000
vn -4.6089394312755179 0.0056168430254214 0.1687096042168505
v 0.4140602200000000 0.0810448600000000 -0.0768352400000000
vn -2.8443148985394182 -0.6787575197762252 -5.3672119768091342
v 0.4384201200000000 0.0787233300000000 -0.1025244300000000
vn -1.1480376474729623 -0.7219896246116791 -5.7211919712001960
v 0.4462594400000000 0.0783612600000000 -0.1059199100000000
vn 2.7625341746293119 -0.4896869678452823 -3.4541672445636831
v 0.4513828800000000 0.0779765100000000 -0.1058096400000000
vn 6.2088292616723217 -0.0021455517341418 -0.2349808690023615
v 0.4553270200000000 0.0810270400000000 -0.0784049800000000
vn -4.1765706855989375 -0.6633879611836788 -3.9468216191344450
v 0.4224783500000000 0.0785557100000000 -0.0923002000000000
vn -2.8117344239623407 -2.9177824625969802 -4.4996598066214526
v 0.4382390500000000 0.0673300000000000 -0.0985338500000000
vn -1.1023753806919514 -3.0517475124160205 -4.7842892859960653
v 0.4463914400000000 0.0654258000000000 -0.1015504000000000
vn -4.1774562331003704 -2.7839087766172903 -2.9507300914506875
v 0.4226247800000000 0.0705639900000000 -0.0883687900000000
vn 2.7090417454470987 -1.8832168962026932 -2.8745182676031149
v 0.4515546900000000 0.0650688500000000 -0.1011874200000000
vn -2.7816557371006727 -4.5293647710103988 -3.1619428899754771
v 0.4389557500000000 0.0604770000000000 -0.0916684000000000
vn -1.0559893363729917 -4.8400105573768339 -3.3402276026229361
v 0.4467197100000000 0.0579539800000000 -0.0936642400000000
vn 2.9196586702813794 -2.8192869605489683 -2.0462562743468675
v 0.4518324000000000 0.0581627100000000 -0.0937165600000000
vn -4.2041972352891772 -3.9025029957097406 -1.5993440998453470
v 0.4228660100000000 0.0670388300000000 -0.0830498200000000
vn -2.7898021320551787 -5.1627364970103793 -2.0103115544466728
v 0.4391173300000000 0.0581652500000000 -0.0873945300000000
vn -0.9749599719357191 -5.6147550054405677 -1.7131469470778542
v 0.4469968300000000 0.0542843300000000 -0.0862782400000000
vn -2.7282930604348103 -5.4775261086585516 -0.2819632474825567
v 0.4392537000000000 0.0563144700000000 -0.0803615500000000
vn 2.9230599810476172 -3.2710827120348007 -1.0100732935940171
v 0.4521259600000000 0.0544185600000000 -0.0860074200000000
vn -4.0766082361888936 -4.2400953566588200 -0.1557971680689433
v 0.4229985800000000 0.0659235500000000 -0.0790542700000000
vn -0.8188394509325332 -5.8815344928284912 0.0511156123243827
v 0.4473047500000000 0.0531909100000000 -0.0782299800000000
vn -2.5997220504262226 -5.0427800867012103 2.0992542318974112
v 0.4393791400000000 0.0579959600000000 -0.0683959500000000
vn 2.7911910755603411 -3.3087107674646443 0.5159084835516778
v 0.4526474500000000 0.0537534900000000 -0.0723278800000000
vn -3.9063652881790469 -3.7254426658493882 1.9215864243438481
v 0.4232679600000000 0.0671267400000000 -0.0704076800000000
vn -0.8143908010355903 -5.2644496675880692 2.3047019505168462
v 0.4476869400000000 0.0549701500000000 -0.0673698100000000
vn 2.9684985229195995 -2.8068861144667183 1.8442537309540026
v 0.4529974300000000 0.0580163500000000 -0.0630873900000000
vn -0.7169859198801631 -3.6693094706685350 4.5323448103373787
v 0.4481306600000000 0.0632254500000000 -0.0565439900000000
vn -2.4159502955450236 -3.7138116312839071 4.1851621527994656
v 0.4405328100000000 0.0644791200000000 -0.0588457600000000
vn 2.9918930585425501 -2.0220698646253288 2.6001539365307282
v 0.4532454900000000 0.0637118100000000 -0.0566811200000000
vn -3.9406246382141039 -2.2085328393524479 3.7228495628600964
v 0.4235355800000000 0.0732674600000000 -0.0640449900000000
vn -2.4430658609608873 -2.2143525549868097 5.2317994639746299
v 0.4403571900000000 0.0714336200000000 -0.0549503900000000
vn -0.6469704354050267 -1.1515816320741865 5.6225804565713062
v 0.4483399100000000 0.0754713400000000 -0.0504877900000000
vn -3.9473448922302392 -0.5633113770508003 4.3716874568169271
v 0.4236499900000000 0.0791579600000000 -0.0620722700000000
vn -2.4679880965659935 -0.4745017733872551 5.6150209998605511
v 0.4403005400000000 0.0784645000000000 -0.0530958400000000
vn 2.8982198512137867 -0.5648935378818924 3.1758614064868738
v 0.4534748900000000 0.0761039300000000 -0.0508296000000000
vn -3.9643247437222584 0.8331991295209853 4.3645873945150013
v 0.4236632400000000 0.0839315600000000 -0.0622834300000000
vn -2.4372372753364120 0.9862576345406769 5.5887543755037630
v 0.4404196900000000 0.0857552500000000 -0.0534699300000000
vn -0.6591325512689692 1.4939823842497160 5.6718241505368034
v 0.4483398000000000 0.0890727800000000 -0.0513307300000000
vn -2.5119081945928690 2.7112784567863466 4.8887032024602117
v 0.4402027500000000 0.0926382800000000 -0.0558348200000000
vn 3.0322855303851903 0.9771464550462798 3.1138751501776745
v 0.4534383900000000 0.0893940900000000 -0.0519018900000000
vn -3.9074247973091674 2.3191271522428583 3.6487106039095436
v 0.4235539600000000 0.0891256400000000 -0.0641551800000000
vn -0.6296358449072245 3.2849884033075809 4.9075221409719205
v 0.4482109500000000 0.0963854000000000 -0.0548975400000000
vn -3.9506179169653683 3.7936390777121058 1.8959072574598668
v 0.4233021300000000 0.0949977400000000 -0.0708317000000000
vn -2.5955148223738731 4.4559814638619901 3.1865292898019155
v 0.4395762800000000 0.1016386800000000 -0.0638540100000000
vn 2.8506818252739574 2.3720236087414381 2.2639071829469488
v 0.4531768000000000 0.1011467400000000 -0.0589505300000000
vn -0.6366060631534041 4.7951574365640184 3.1983355371945366
v 0.4478984800000000 0.1044304500000000 -0.0624026300000000
vn -1.4308299426517352 5.6137897174617919 1.1340863495503546
v 0.4451172800000000 0.1079945600000000 -0.0727315800000000
vn 2.7804935653059952 3.2514573705474836 0.7650230761457727
v 0.4527360500000000 0.1076324800000000 -0.0705728100000000
vn -4.0430794044701059 4.2285573791046875 -0.1307194440861685
v 0.4230410200000000 0.0962341100000000 -0.0782741900000000
vn -2.8565014190414204 5.4055299225024340 -0.4309503364789962
v 0.4392837400000000 0.1057781900000000 -0.0800961900000000
vn -0.8318244857696406 5.6633761650039531 -1.0397348559771276
v 0.4470968900000000 0.1086812600000000 -0.0835325200000000
vn -4.0909703014743002 3.5378299292627968 -2.0849259555431967
v 0.4227534200000000 0.0940756900000000 -0.0852473800000000
vn 2.7509510081559081 3.2629517375036983 -0.8173203182492121
v 0.4522173600000000 0.1083001200000000 -0.0842545100000000
vn -1.7631222862832807 4.8709422606341839 -2.7711027366844192
v 0.4436531100000000 0.1048810300000000 -0.0912635600000000
vn 2.6524682848224144 2.8088409764006217 -2.0000954054503284
v 0.4518604500000000 0.1040360000000000 -0.0935000000000000
vn -2.8599560279675735 3.0891733246774224 -4.3730160493469477
v 0.4382571800000000 0.0949747300000000 -0.0983720300000000
vn -4.1782108571597680 1.7087819265281137 -3.6256530097216015
v 0.4225267600000000 0.0873900400000000 -0.0911242100000000
vn -1.0845124655634681 3.2458289769931121 -4.6982887484917040
v 0.4464091700000000 0.0967351500000000 -0.1014817100000000
vn 2.7317657105562101 1.8073480468057903 -2.9366925882050712
v 0.4515451600000000 0.0960841300000000 -0.1017877100000000
vn -2.8596255027392794 1.1853243178119091 -5.3329540040486529
v 0.4385704600000000 0.0859888600000000 -0.1020871800000000
vn -1.1605818822032350 1.2520045120316066 -5.7200738156101147
v 0.4462873000000000 0.0865910000000000 -0.1053571200000000
vn 2.8673091305050282 0.7070496441780926 -3.4549945885625184
v 0.4514039100000000 0.0865371100000000 -0.1053033700000000
vn -3.4443264470827444 -2.9463030294236083 -2.0785543053319269
v 0.1141827500000000 -0.1138808800000000 -0.1199617600000000
vn -2.5324962012978416 0.0070036577623048 0.1700403417527764
v 0.1100257000000000 -0.1103169400000000 -0.1167672200000000
vn -2.2597404203344276 0.3412255553139805 -5.0436487133703700
v 0.1233171000000000 -0.1088462400000000 -0.1276110700000000
vn 1.9520962474930110 0.7955199654536125 -3.0495581623883425
v 0.1295709500000000 -0.1077357400000000 -0.1286645300000000
vn 6.1196097125622284 0.0309509058062270 -0.2390605468519815
v 0.1315790200000000 -0.1103262500000000 -0.1175870800000000
vn 1.7068261654817563 -1.3488519574033224 -3.0874393536373188
v 0.1292577800000000 -0.1149018500000000 -0.1278695000000000
vn -1.8096357056695522 -3.8969842298140054 -3.3619248078514370
v 0.1243249900000000 -0.1188170700000000 -0.1239641300000000
vn -1.8120895269674344 -5.3638556318248334 -0.2684468464311704
v 0.1242889700000000 -0.1207217400000000 -0.1183753000000000
vn 2.3818360855212739 -2.9463683596350831 -1.6001016205322278
v 0.1297825500000000 -0.1199853000000000 -0.1227414700000000
vn 2.3996082007139807 -3.2969303373245307 0.4616478260189328
v 0.1300396900000000 -0.1210395600000000 -0.1159191600000000
vn -3.1019068312097842 -2.2050118697061647 3.2805741251707468
v 0.1168770100000000 -0.1140232800000000 -0.1113729700000000
vn -1.4978975036945779 -4.2544955730177483 2.9250307393839128
v 0.1244234000000000 -0.1191228900000000 -0.1112341600000000
vn 2.1632195937684782 -1.7219833075081066 2.5079352765357794
v 0.1303304400000000 -0.1168494100000000 -0.1084489300000000
vn -2.6483446573855951 2.8950696092405153 3.9185133841172615
v 0.1214127700000000 -0.1046806400000000 -0.1097834700000000
vn -0.3768233669560985 -0.1353413930612761 4.9510959750174219
v 0.1259227900000000 -0.1103729800000000 -0.1060491300000000
vn -1.3052050670179476 5.1305336311848242 1.4484823528353576
v 0.1245043800000000 -0.1002165500000000 -0.1141574600000000
vn 1.8539653305445012 1.8302414742685507 2.1187980670949176
v 0.1303509100000000 -0.1028480700000000 -0.1084690200000000
vn -3.1261186282801714 4.4949702261992526 -0.5556552834299386
v 0.1181659400000000 -0.1030113800000000 -0.1183225000000000
vn 1.6971656176413041 2.9114729294869299 -0.8789317987012977
v 0.1296596400000000 -0.0993672400000000 -0.1206808600000000
vn -3.6703680650110435 1.7191462791414758 -3.8210952126044946
v 0.1153888000000000 -0.1080400400000000 -0.1218488100000000
vn -1.3925931061558439 3.7918603421614443 -3.8564986168682576
v 0.1247918300000000 -0.1034206700000000 -0.1255051400000000
vn -3.6002971473000143 -2.8647439365354934 -2.3155003905380198
v 0.1143275400000000 0.1081619300000000 -0.1189277600000000
vn -2.6512977876216346 0.0184815865836112 0.0575447763823566
v 0.1101714200000000 0.1117228500000000 -0.1157346800000000
vn -3.1252684396868169 1.6676699787830671 -4.1261571324485091
v 0.1185005500000000 0.1144861500000000 -0.1232071200000000
vn 6.1254870166225164 -0.0102923310583891 -0.2356874690847684
v 0.1317247400000000 0.1117135400000000 -0.1165545400000000
vn -1.7860472440325323 -1.6675501493904901 -5.0956331586021699
v 0.1248590700000000 0.1080976200000000 -0.1263647000000000
vn 2.3628338055565576 -1.2875223660818709 -3.1588660501608361
v 0.1297295600000000 0.1085755800000000 -0.1270064900000000
vn -1.4122652610645929 -4.1324598837563391 -3.1869352112293052
v 0.1244738600000000 0.1032223700000000 -0.1229313800000000
vn -2.3360146245360047 -5.0681899605298035 0.7358351455782987
v 0.1218216600000000 0.1024078600000000 -0.1150728600000000
vn 1.8131852144728353 -2.9321825003921376 -0.7280389131170040
v 0.1300076700000000 0.1004617800000000 -0.1188565100000000
vn -3.1901309504752304 -3.7542971800064278 2.8256378087756220
v 0.1178042200000000 0.1061920600000000 -0.1119611900000000
vn 1.7780015210439890 -2.7306756628693152 1.5577225318941188
v 0.1300631000000000 0.1018952000000000 -0.1106103100000000
vn -1.3175910635934498 -2.5527362224694632 4.8660914588699598
v 0.1256133700000000 0.1071532300000000 -0.1066404900000000
vn 2.6426337899369527 -1.0893086222295305 3.0442956903153893
v 0.1305104000000000 0.1077525100000000 -0.1064208500000000
vn -3.3806421335438301 -0.7176062853766980 4.7728315156335936
v 0.1163739800000000 0.1108380400000000 -0.1105110500000000
vn -1.2532735757865430 0.5839782115932397 5.3708150940952981
v 0.1251787700000000 0.1126752400000000 -0.1056874300000000
vn -3.4400681914567830 2.8899219965481358 3.3104105539089295
v 0.1153497500000000 0.1151637200000000 -0.1121399300000000
vn 2.0382028755047821 1.6083598499118867 2.4816685110644459
v 0.1305109500000000 0.1177688800000000 -0.1067912300000000
vn -1.2531021140915133 4.1905490810592578 3.0306546863487140
v 0.1249873300000000 0.1202079500000000 -0.1096450900000000
vn -3.1624056766746405 4.6434900140446782 -0.2502484025215858
v 0.1187547900000000 0.1193302900000000 -0.1164494000000000
vn 2.0894010398198573 3.1559213976240605 -0.0384185793285371
v 0.1301241100000000 0.1226883100000000 -0.1167958900000000
vn -1.6041002771086421 4.7178316361076256 -1.7176953082190689
v 0.1240516200000000 0.1217300800000000 -0.1199839800000000
vn 1.6776866259568852 1.9682883958806712 -2.5037978305995381
v 0.1296372000000000 0.1186343300000000 -0.1254700100000000
vn 1.6990803768268621 0.5501187751863765 -3.2624460593082807
v 0.1295499800000000 0.1132240100000000 -0.1277193600000000
vn -2.2073787891415111 -1.5244153360739610 -0.5445947898802155
v 0.3606473000000000 -0.1793137800000000 0.0152990300000000
vn -0.5158843066486042 -1.6150222830371674 2.0997838808363407
v 0.3840851300000000 -0.1811572700000000 0.0525485700000000
vn -0.4708729435199690 1.5237459766636077 2.2313271648223747
v 0.3841001600000000 -0.1801804700000000 0.0525725800000000
vn 0.5182125324066567 1.6244579399319545 -2.1034135621842487
v 0.3688099500000000 -0.1783170700000000 0.0102019800000000
vn 2.2067671164118581 1.5223732310540423 0.5438443928098842
v 0.3922476300000000 -0.1801615900000000 0.0474473100000000
vn 2.1251610901796991 -1.6169320644393768 0.4404428102595523
v 0.3922324800000000 -0.1811383700000000 0.0474201500000000
vn -2.1238273236713194 1.6142733623082006 -0.4402515952047174
v 0.3606614000000000 -0.1783359400000000 0.0153262400000000
vn 0.4691953959706515 -1.5147667722949847 -2.2273673012601813
v 0.3687947600000000 -0.1792949000000000 0.0101737500000000
vn -2.1783440453990308 -1.5255754493235620 0.6306778966129643
v 0.3412740800000000 -0.1794162800000000 0.0398672600000000
vn 0.6073573945101614 -1.6232442305573145 2.0779825467685145
v 0.3802005800000000 -0.1811914400000000 0.0604034300000000
vn 0.7038559818725001 1.5153539494522237 2.1652678122553008
v 0.3802248400000000 -0.1802146200000000 0.0604207700000000
vn -0.6091362907243560 1.6219854570799470 -2.0768226329871839
v 0.3457909400000000 -0.1784015300000000 0.0313703300000000
vn 2.1822392211162835 1.5346729474827081 -0.6327528391686050
v 0.3847163900000000 -0.1801777400000000 0.0519065400000000
vn 2.0615971146711680 -1.6041201020605385 -0.6796198820516639
v 0.3846953300000000 -0.1811545800000000 0.0518901300000000
vn -2.0649959666289424 1.6134149268933040 0.6821265575738191
v 0.3412993500000000 -0.1784384000000000 0.0398835100000000
vn -0.7019343509573537 -1.5166983825025551 -2.1665210978322538
v 0.3457687900000000 -0.1793794100000000 0.0313529100000000
vn -1.5689242467590558 -1.5341060776272415 1.6351647845091537
v 0.3367830400000000 -0.1795575800000000 0.0708285300000000
vn 1.5683958320731108 -1.6216228463001399 1.4951140634440583
v 0.3807649500000000 -0.1812324700000000 0.0691477700000000
vn 1.6890851890239198 1.5175727609371514 1.5244176029487690
v 0.3807929000000000 -0.1802555800000000 0.0691512800000000
vn -1.5682152934274640 1.6197582607616383 -1.4939914581423395
v 0.3364440200000000 -0.1785346600000000 0.0612121400000000
vn 1.5691017286302531 1.5324327817260484 -1.6340867868168880
v 0.3804271500000000 -0.1802106200000000 0.0595355400000000
vn 1.4498608591352438 -1.6071325786362320 -1.6250153137219112
v 0.3803992000000000 -0.1811875100000000 0.0595320400000000
vn -1.4497675544544841 1.6052788394942843 1.6238646529504954
v 0.3368099300000000 -0.1785796400000000 0.0708320800000000
vn -1.6889907683772774 -1.5192355662711023 -1.5255212269461429
v 0.3364171300000000 -0.1795126000000000 0.0612085900000000
vn -0.5388619898080211 -1.5352361585863552 2.1977657382325120
v 0.3483725100000000 -0.1796998200000000 0.0998886900000000
vn 2.1068380239579483 -1.6099126528001044 0.5065432653569979
v 0.3856291700000000 -0.1812693600000000 0.0764412400000000
vn 2.2246987855110061 1.5297214505015984 0.4799565686347403
v 0.3856492700000000 -0.1802924100000000 0.0764324000000000
vn -2.1074472592314537 1.6118825273191730 -0.5066103342322450
v 0.3432683200000000 -0.1786807900000000 0.0917314000000000
vn 0.5377180661429242 1.5361595842102127 -2.1987181379417731
v 0.3805239300000000 -0.1802513800000000 0.0682839800000000
vn 0.4469874450640813 -1.6039555027430823 -2.1336461494529222
v 0.3805007100000000 -0.1812283300000000 0.0682939900000000
vn -0.4462801051793379 1.6041497320977669 2.1336486037064044
v 0.3483967800000000 -0.1787218200000000 0.0998786500000000
vn -2.2233882781391734 -1.5271226259056894 -0.4790716124345029
v 0.3432471600000000 -0.1796588000000000 0.0917402700000000
vn 0.6363945274830671 -1.5372573162821992 2.1717689358472234
v 0.3729409100000000 -0.1798049000000000 0.1192605800000000
vn 2.0845957067739325 -1.6116642441120983 -0.6158056450170903
v 0.3934841000000000 -0.1812922100000000 0.0803257200000000
vn 2.1592024572732247 1.5278327512994359 -0.6957897293631778
v 0.3934974900000000 -0.1803152100000000 0.0803066000000000
vn -2.0818739560692836 1.6073958094840137 0.6180773324296429
v 0.3644399900000000 -0.1788007700000000 0.1147499800000000
vn -0.6380120121764223 1.5441784328098367 -2.1747554868085333
v 0.3849842300000000 -0.1802891300000000 0.0758150900000000
vn -0.6740150916447963 -1.5953687249230397 -2.0694877799081555
v 0.3849707200000000 -0.1812661200000000 0.0758310500000000
vn 0.6758462977638303 1.6022544208805904 2.0719902911832482
v 0.3729543000000000 -0.1788268500000000 0.1192414600000000
vn -2.1618388510628512 -1.5319812840592917 0.6936848551515054
v 0.3644275300000000 -0.1797788100000000 0.1147659000000000
vn 1.6434307167735660 -1.5390903212116758 1.5607402879718264
v 0.4039035900000000 -0.1798478100000000 0.1237524800000000
vn 1.5017184656848095 -1.6072778406804495 -1.5769899529919327
v 0.4022295900000000 -0.1812949100000000 0.0797612900000000
vn 1.5182098239018009 1.5326107116745780 -1.6809262251739838
v 0.4022291500000000 -0.1803178800000000 0.0797384900000000
vn -1.5015009311042178 1.6073289209566739 1.5763754619055035
v 0.3942831000000000 -0.1788624200000000 0.1240956300000000
vn -1.6401926203414392 1.5340279524595333 -1.5609171827081183
v 0.3926122500000000 -0.1803137300000000 0.0801043000000000
vn -1.6185785046220582 -1.6060192348025648 -1.4584048161959211
v 0.3926127000000000 -0.1812907600000000 0.0801271100000000
vn 1.6157281931091332 1.6008240006049150 1.4587234014102026
v 0.4039032600000000 -0.1788697500000000 0.1237328400000000
vn -1.5187717726347234 -1.5330365035154871 1.6808122490030777
v 0.3942835400000000 -0.1798436600000000 0.1241184200000000
vn 2.2062936718978956 -1.5319584188858315 0.5268007884532230
v 0.4329630000000000 -0.1798115900000000 0.1121620400000000
vn 0.5155474715577892 -1.6030223670607313 -2.1176140639560233
v 0.4095232700000000 -0.1812767400000000 0.0749002600000000
vn 0.4713011105038962 1.5369754262687214 -2.2139643013462220
v 0.4095093000000000 -0.1802997200000000 0.0748821800000000
vn -0.5146047683003144 1.6035627504798895 2.1179887011895975
v 0.4248016900000000 -0.1788524200000000 0.1172724000000000
vn -2.2053886366922466 1.5320571550968352 -0.5304754700209864
v 0.4013618400000000 -0.1803186100000000 0.0800074500000000
vn -2.1259607569661938 -1.6075755454365781 -0.4554101123739036
v 0.4013747500000000 -0.1812956200000000 0.0800255700000000
vn 2.1256532229538498 1.6082767224754171 0.4584965081806777
v 0.4329491600000000 -0.1788335300000000 0.1121471300000000
vn -0.4723081294775711 -1.5363892284790859 2.2133423509712933
v 0.4248146000000000 -0.1798304800000000 0.1172905100000000
vn 2.1780160512175262 -1.5251063195142938 -0.6444267120900272
v 0.4523353200000000 -0.1797091100000000 0.0875980600000000
vn -0.6070807961560630 -1.5937957736011883 -2.0888656115599176
v 0.4134066400000000 -0.1812467600000000 0.0670422700000000
vn -0.7041721866674520 1.5457977234092370 -2.1550454890460924
v 0.4133837300000000 -0.1802655900000000 0.0670382500000000
vn 0.6120015561957192 1.6011983391095879 2.0913298086916718
v 0.4478206600000000 -0.1787679500000000 0.0961029900000000
vn -2.1802871911378729 1.5314173641312518 0.6469517348452086
v 0.4088920200000000 -0.1803024500000000 0.0755482700000000
vn -2.0644791733704539 -1.6079686970544638 0.6650774310346854
v 0.4089119000000000 -0.1812794200000000 0.0755555900000000
vn 2.0656237001361362 1.6141428527121657 -0.6673725240298709
v 0.4523122500000000 -0.1787310800000000 0.0875898100000000
vn 0.6990770603123935 -1.5381863908562730 2.1528606947970439
v 0.4478405700000000 -0.1797459800000000 0.0961113600000000
vn 1.5672174912409489 -1.5241634227730854 -1.6515706399565870
v 0.4568273700000000 -0.1795678100000000 0.0566356900000000
vn -1.5702214210884007 -1.5990432344620606 -1.5061393401857717
v 0.4128422700000000 -0.1812057400000000 0.0582979200000000
vn -1.6873915145814216 1.5409892242694454 -1.5150679905467794
v 0.4128197300000000 -0.1802246100000000 0.0583033700000000
vn 1.5703361590021796 1.6005435407438759 1.5068919711761297
v 0.4571696900000000 -0.1786348200000000 0.0662611100000000
vn -1.5671013855541003 1.5209440049994574 1.6493632711983277
v 0.4131824800000000 -0.1802695900000000 0.0679234300000000
vn -1.4518427550527817 -1.6184876235568488 1.6087879898751165
v 0.4132081800000000 -0.1812507100000000 0.0679178700000000
vn 1.4521173751250041 1.6152512299226331 -1.6068225648899881
v 0.4568037700000000 -0.1785898400000000 0.0566411600000000
vn 1.6873735486775925 -1.5388210647086007 1.5134551192999557
v 0.4571932900000000 -0.1796127800000000 0.0662556400000000
vn 0.5366793928199868 -1.5184453298234977 -2.2135199636286438
v 0.4452400500000000 -0.1794255700000000 0.0275765100000000
vn -2.1127736542257649 -1.6114848993146698 -0.5237596773878684
v 0.4079822600000000 -0.1811646400000000 0.0510043200000000
vn -2.2182915922351278 1.5272582171104767 -0.4635504260574651
v 0.4079591400000000 -0.1801877800000000 0.0510224100000000
vn 2.1110485102197334 1.6088099158143045 0.5240886813096688
v 0.4503433200000000 -0.1784886900000000 0.0357429800000000
vn -0.5350839517968823 1.5246925048355719 2.2168091587881671
v 0.4130876400000000 -0.1802288100000000 0.0591707100000000
vn -0.4510940997489775 -1.6137208746219380 2.1128762596763848
v 0.4131066300000000 -0.1812098800000000 0.0591548600000000
vn 0.4489368949336215 1.6206295892244733 -2.1175078748409861
v 0.4452179800000000 -0.1784476600000000 0.0275945600000000
vn 2.2201494099907491 -1.5305341925171612 0.4633742747361012
v 0.4503653500000000 -0.1794665900000000 0.0357238700000000
vn -0.6419192934611840 -1.5189771316949130 -2.1860256151325133
v 0.4206726600000000 -0.1793204800000000 0.0082035300000000
vn -2.0870118858254330 -1.6150272850166916 0.6006071331456959
v 0.4001273300000000 -0.1811417800000000 0.0471198400000000
vn -2.1576238163670487 1.5241848297923661 0.7096608936094563
v 0.4001151300000000 -0.1801649800000000 0.0471480400000000
vn 2.0853996878196623 1.6132443927120230 -0.6031463029596856
v 0.4291737600000000 -0.1783687200000000 0.0127243100000000
vn 0.6407744149155391 1.5142204070009646 2.1839608608786190
v 0.4086285100000000 -0.1801910800000000 0.0516427200000000
vn 0.6709804364901000 -1.6240752231956710 2.0587099451732249
v 0.4086375600000000 -0.1811678700000000 0.0516146300000000
vn -0.6697866991002585 1.6195186953753324 -2.0571049729106399
v 0.4206635400000000 -0.1783426200000000 0.0082295200000000
vn 2.1595124816296236 -1.5262084013514845 -0.7067071531024215
v 0.4291860800000000 -0.1793465800000000 0.0126992600000000
vn -1.6464472280164402 -1.5244367120537834 -1.5752275828201012
v 0.3897130500000000 -0.1792807300000000 0.0037093800000000
vn -1.5037013822275500 -1.6199006510576748 1.5617473367662533
v 0.3913786800000000 -0.1811390800000000 0.0476843800000000
vn -1.5164160326108314 1.5186085522864845 1.6950148230332653
v 0.3913803200000000 -0.1801623100000000 0.0477162800000000
vn 1.5034637953301573 1.6236526313807731 -1.5650854071172038
v 0.3993315400000000 -0.1783070500000000 0.0033744200000000
vn 1.6421300287880980 1.5174499592154653 1.5751907116315380
v 0.4010003700000000 -0.1801664600000000 0.0473503400000000
vn 1.6166010210295549 -1.6214735338305526 1.4433920294720881
v 0.4009987300000000 -0.1811432400000000 0.0473184500000000
vn -1.6116513751106929 1.6146146803635646 -1.4435291462158626
v 0.3897145300000000 -0.1782997200000000 0.0037370900000000
vn 1.5180537248308015 -1.5156848221776906 -1.6915493627510991
v 0.3993331000000000 -0.1792848800000000 0.0033434500000000
vn -2.1229072691271385 -1.6004722795613648 -0.4540925554826313
v 0.3608953200000000 0.1781878000000000 0.0169841600000000
vn -0.4723139513161561 -1.5437473613776473 2.2170087610506344
v 0.3843392600000000 0.1796571600000000 0.0542458000000000
vn -0.5134515710514564 1.5958311399417477 2.1145991832911890
v 0.3843254200000000 0.1806352100000000 0.0542308900000000
vn 0.4737031585863498 1.5329802220631381 -2.2116399785509047
v 0.3690330300000000 0.1791847500000000 0.0118406600000000
vn 2.1267266914145226 1.6098580777449683 0.4556932771625715
v 0.3924727700000000 0.1806541100000000 0.0491024600000000
vn 2.2045837176115035 -1.5298280483153832 0.5298641078970114
v 0.3924867300000000 0.1796760400000000 0.0491205300000000
vn 0.5131879512564104 -1.6072391539464299 -2.1198444242434036
v 0.3690438800000000 0.1782066800000000 0.0118599000000000
vn -2.2083881513126884 1.5389111986327242 -0.5322649114971221
v 0.3608855700000000 0.1791658700000000 0.0169659300000000
vn -2.0636777457002147 -1.6078251101219792 0.6646697890388225
v 0.3415332800000000 0.1780895600000000 0.0415414600000000
vn 0.7025977180443715 -1.5360583995229937 2.1508070274422000
v 0.3804649900000000 0.1796230100000000 0.0620939500000000
vn 0.6082660892542322 1.6040215510637152 2.0941004390946070
v 0.3804408700000000 0.1806010400000000 0.0620857400000000
vn -0.7028434490000987 1.5355981055483778 -2.1502127706142438
v 0.3460039100000000 0.1791044600000000 0.0330199500000000
vn 2.0639237573707079 1.6082301953859985 -0.6652537270730253
v 0.3849356200000000 0.1806379100000000 0.0535724400000000
vn 2.1804882651342572 -1.5318265942015703 -0.6476145976043715
v 0.3849554900000000 0.1796598800000000 0.0535797600000000
vn -0.6085405225328943 -1.6035643123831842 -2.0935272656355615
v 0.3460280300000000 0.1781264300000000 0.0330281600000000
vn -2.1802161232106494 1.5314224456648937 0.6470334592921380
v 0.3415134100000000 0.1790675800000000 0.0415341400000000
vn -1.4521245978046409 -1.6134863957071814 1.6057790046922902
v 0.3370438600000000 0.1779483200000000 0.0724900300000000
vn 1.6873459760924274 -1.5388975659288837 1.5134103280147262
v 0.3810288400000000 0.1795820500000000 0.0708246200000000
vn 1.5704779962276176 1.6006197924145180 1.5069075689327371
v 0.3810052400000000 0.1805600200000000 0.0708300900000000
vn -1.6872621894062820 1.5404956489750545 -1.5144316174473929
v 0.3366554000000000 0.1789712600000000 0.0628755100000000
vn 1.4519627660241761 1.6200222475429731 -1.6095577584510581
v 0.3806394900000000 0.1806049700000000 0.0612143500000000
vn 1.5670979069318354 -1.5188230132647658 -1.6476852804604623
v 0.3806662400000000 0.1796270100000000 0.0612087600000000
vn -1.5703341311810002 -1.5988397501423759 -1.5058313731581188
v 0.3366779500000000 0.1779932900000000 0.0628700800000000
vn -1.5669564287019939 1.5257803290051211 1.6525477601799756
v 0.3370213100000000 0.1789262800000000 0.0724954600000000
vn -0.4511611246975871 -1.6215982746608386 2.1173621230402992
v 0.3486307000000000 0.1778061400000000 0.1015365900000000
vn 2.2195527256147960 -1.5299091443847030 0.4642608983906124
v 0.3858883700000000 0.1795452200000000 0.0781056200000000
vn 2.1115403056526389 1.6093883246546188 0.5230603051970540
v 0.3858663100000000 0.1805231300000000 0.0781236700000000
vn -2.2228218970214200 1.5370161568245975 -0.4657916147949209
v 0.3434864900000000 0.1788250600000000 0.0934071600000000
vn 0.4519437458882876 1.6212440839393449 -2.1171604808185185
v 0.3807410000000000 0.1805641500000000 0.0699763100000000
vn 0.5329293907046310 -1.5181275287202014 -2.2142639903925354
v 0.3807598700000000 0.1795862500000000 0.0699573200000000
vn -2.1090458728980428 -1.6026691056233575 -0.5215675616574090
v 0.3435054000000000 0.1778471600000000 0.0933892200000000
vn -0.5340636189856646 1.5172956744159198 2.2134117126428752
v 0.3486107800000000 0.1787840400000000 0.1015556100000000
vn 0.6706547826623372 -1.6250817518533685 2.0593326292592207
v 0.3731871700000000 0.1776969000000000 0.1208994300000000
vn 2.1605845918609683 -1.5311139114026222 -0.7117157928169381
v 0.3937334300000000 0.1795224200000000 0.0819799400000000
vn 2.0842158463655629 1.6080238749232976 -0.5990721385065110
v 0.3937243900000000 0.1805002700000000 0.0820080400000000
vn -2.1632369169915271 1.5352557941956668 0.7095468696202124
v 0.3646658000000000 0.1787008400000000 0.1164328000000000
vn -0.6722018827846570 1.6154230230154982 -2.0545473013399898
v 0.3852110100000000 0.1805263600000000 0.0775133600000000
vn -0.6400551708601143 -1.5232468267109158 -2.1890773588845245
v 0.3852233300000000 0.1795485000000000 0.0774883100000000
vn -2.0815720487644200 -1.6038247904113314 0.6012709276409759
v 0.3646739100000000 0.1777229800000000 0.1164079100000000
vn 0.6423228294116498 1.5140931076186475 2.1838027626061969
v 0.3731791800000000 0.1786747500000000 0.1209274800000000
vn 1.6121515556995063 -1.6158670529175303 1.4432601953872259
v 0.4041371900000000 0.1776540000000000 0.1253907600000000
vn 1.5159617766993880 -1.5187541193827490 -1.6947913223404076
v 0.4024682400000000 0.1795165900000000 0.0814116900000000
vn 1.5041583093221054 1.6199435446654165 -1.5621679455332167
v 0.4024698800000000 0.1804944100000000 0.0814435900000000
vn -1.5164491125643274 1.5187305425242039 1.6951379760474505
v 0.3945186600000000 0.1786391500000000 0.1257854600000000
vn -1.6160087756727772 1.6213912462202040 -1.4430248805908226
v 0.3928498300000000 0.1805017300000000 0.0818095400000000
vn -1.6426738371201624 -1.5174831352194824 -1.5755296448880618
v 0.3928482000000000 0.1795239000000000 0.0817776400000000
vn -1.5040926324979138 -1.6199296074429108 1.5620434762793360
v 0.3945170200000000 0.1776613300000000 0.1257535600000000
vn 1.6449779485845561 1.5223651774339457 1.5752531150271991
v 0.4041387000000000 0.1786350000000000 0.1254195200000000
vn 2.1205809137410823 -1.6078880723505018 0.4423655421384132
v 0.4331862400000000 0.1776902100000000 0.1138049300000000
vn 0.4697785238141663 -1.5171114271901278 -2.2284516037278874
v 0.4097484000000000 0.1795347500000000 0.0765553900000000
vn 0.5177865413849227 1.6221508480345113 -2.1025304543745400
v 0.4097635500000000 0.1805125900000000 0.0765825600000000
vn -0.4730734911202774 1.5142549337668416 2.2259224429373203
v 0.4250497100000000 0.1786491700000000 0.1189575300000000
vn -2.1211329717804781 1.6073577177726597 -0.4390523698256150
v 0.4016118800000000 0.1804937100000000 0.0817079900000000
vn -2.2104419031210538 -1.5313542388107411 -0.5464335862425199
v 0.4016009400000000 0.1795158600000000 0.0816806600000000
vn -0.5134667935968287 -1.6242391895586601 2.1040858756674652
v 0.4250387700000000 0.1776713300000000 0.1189302000000000
vn 2.2110297771195833 1.5309811078584039 0.5430471075518304
v 0.4331981100000000 0.1786680600000000 0.1138290700000000
vn 2.0610217497423982 -1.6035611705441108 -0.6803925799561458
v 0.4525493300000000 0.1777895000000000 0.0892476000000000
vn -0.7070937910822659 -1.5243532552034249 -2.1692581407813365
v 0.4136228300000000 0.1795688800000000 0.0687114500000000
vn -0.6040476400682978 1.6149365334832844 -2.0754552776837660
v 0.4136479800000000 0.1805467800000000 0.0687245500000000
vn 0.7035686535774640 1.5155275915088835 2.1647846137613174
v 0.4480788400000000 0.1787336700000000 0.0977782600000000
vn -2.0616009458781304 1.6042707827981548 0.6796749890338404
v 0.4091521800000000 0.1805099100000000 0.0772378900000000
vn -2.1825467526543285 -1.5348943233223999 0.6328652143853445
v 0.4091311200000000 0.1795320200000000 0.0772214800000000
vn 0.6071526656705812 -1.6230103121591390 2.0777351313411629
v 0.4480545800000000 0.1777526300000000 0.0977609000000000
vn 2.1835628344837481 1.5354182733189614 -0.6320399630146183
v 0.4525704300000000 0.1787673800000000 0.0892650700000000
vn 1.4496762929835887 -1.6070303656073230 -1.6248692556029516
v 0.4570377000000000 0.1779307400000000 0.0582990700000000
vn -1.6891826833345271 -1.5192522670653952 -1.5256095438066826
v 0.4130556700000000 0.1796098600000000 0.0599766900000000
vn -1.5681362205278875 1.6197785326898060 -1.4939225793793136
v 0.4130825600000000 0.1805878000000000 0.0599802400000000
vn 1.6890907586206922 1.5175542648886231 1.5245162763890809
v 0.4574315600000000 0.1788637100000000 0.0679225300000000
vn -1.4497666519951378 1.6053495193646872 1.6237930189278382
v 0.4134484700000000 0.1805428200000000 0.0696001900000000
vn -1.5691862570957957 -1.5341693014196010 1.6352698687554008
v 0.4134215800000000 0.1795648800000000 0.0695966400000000
vn 1.5681295928944596 -1.6214847646535395 1.4949987228105275
v 0.4574036100000000 0.1778857700000000 0.0679190200000000
vn 1.5691793001872003 1.5324782881567638 -1.6342039423790224
v 0.4570656400000000 0.1789086800000000 0.0583025800000000
vn 0.4497561944802258 -1.5993499667853583 -2.1305858081696307
v 0.4454550600000000 0.1780729200000000 0.0292523500000000
vn -2.2207693401583732 -1.5205970117713425 -0.4782771320619075
v 0.4081982400000000 0.1796466900000000 0.0526956200000000
vn -2.1103125342778331 1.6191712496531334 -0.5088685189931424
v 0.4082225500000000 0.1806246900000000 0.0526866200000000
vn 2.2257507170906092 1.5301914263739451 0.4792503058872272
v 0.4506004700000000 0.1790099000000000 0.0373908800000000
vn -0.4449920517942773 1.5972078209205440 2.1308629495052145
v 0.4133479700000000 0.1805836500000000 0.0608371400000000
vn -0.5406536247723538 -1.5421087362990273 2.2008642598069152
v 0.4133235800000000 0.1796056600000000 0.0608440300000000
vn 2.1060245471833925 -1.6091124196951627 0.5074684836290113
v 0.4505804000000000 0.1780318900000000 0.0374007700000000
vn 0.5357616663198809 1.5402218614445276 -2.2004248736776386
v 0.4454751700000000 0.1790540800000000 0.0292435300000000
vn -0.6745991818797716 -1.5977972942514804 -2.0704655349447432
v 0.4208974600000000 0.1781811200000000 0.0098874400000000
vn -2.1604786713373940 -1.5303533404470175 0.6961385075888999
v 0.4003510800000000 0.1796694900000000 0.0488213700000000
vn -2.0838896344519902 1.6094257003193790 0.6150228553708166
v 0.4003634100000000 0.1806475400000000 0.0488023000000000
vn 2.1623922324986857 1.5323177723594827 -0.6932788138097530
v 0.4294243500000000 0.1791330700000000 0.0143661600000000
vn 0.6757464298989400 1.6023461933099470 2.0721325828701218
v 0.4088778400000000 0.1806214500000000 0.0532969300000000
vn 0.6363202851321996 -1.5373844807588668 2.1719752777167987
v 0.4088644500000000 0.1796433900000000 0.0533160400000000
vn 2.0823722354097387 -1.6077329582597488 -0.6176302049495350
v 0.4294118900000000 0.1781550300000000 0.0143820800000000
vn -0.6374452844379888 1.5420490567547813 -2.1739428968602592
v 0.4209109300000000 0.1791591700000000 0.0098704300000000
vn -1.6141891994861792 -1.5988913491552190 -1.4589181309351915
v 0.3899484600000000 0.1782240200000000 0.0053950100000000
vn -1.5187954007825608 -1.5325721576566207 1.6812890660431969
v 0.3916194200000000 0.1796753200000000 0.0493895000000000
vn -1.5010903449167641 1.6071218945982246 1.5763676420690900
v 0.3916189700000000 0.1806534000000000 0.0493667000000000
vn 1.5194064615155678 1.5344148372563233 -1.6809071455607842
v 0.3995682200000000 0.1791979300000000 0.0050104900000000
vn 1.6189835738331022 1.6059801159304188 1.4585833285372822
v 0.4012390200000000 0.1806460900000000 0.0490007500000000
vn 1.6397918006246242 -1.5340980660594687 1.5607067122966778
v 0.4012394700000000 0.1796680100000000 0.0490235500000000
vn 1.4999551563074023 -1.6053139474805975 -1.5763661213750368
v 0.3995686200000000 0.1782166900000000 0.0050322200000000
vn -1.6440650993656070 1.5405249940028722 -1.5609133299821019
v 0.3899481700000000 0.1792020800000000 0.0053764200000000
vn -2.2103020426889461 -1.5312417045232940 -0.5462541260785623
v -0.3063118200000000 -0.1789920000000000 0.0406694700000000
vn -0.5158851638904131 -1.6150222034277282 2.0997855125307816
v -0.2828739900000000 -0.1808354800000000 0.0779190200000000
vn -0.4708722959616634 1.5237459233277413 2.2313251585698541
v -0.2828589600000000 -0.1798586800000000 0.0779430300000000
vn 0.5184231373628237 1.6245997951015247 -2.1035252964060662
v -0.2981491600000000 -0.1779952800000000 0.0355724200000000
vn 2.2067617592842583 1.5223697792289561 0.5438521576812058
v -0.2747114900000000 -0.1798398000000000 0.0728177600000000
vn 2.1251645625307685 -1.6169376155771911 0.4404333663146540
v -0.2747266400000000 -0.1808165900000000 0.0727905900000000
vn -2.1210366988748248 1.6072334398850956 -0.4389063176344987
v -0.3063008800000000 -0.1780141600000000 0.0406968000000000
vn 0.4694020664589484 -1.5149526674561622 -2.2275105614338355
v -0.2981643500000000 -0.1789731200000000 0.0355442000000000
vn -2.1793045642010527 -1.5278591343092569 0.6312169144495936
v -0.3256839800000000 -0.1790944900000000 0.0652376700000000
vn 0.6064895625698725 -1.6237463117566313 2.0784148102540203
v -0.2867585400000000 -0.1808696600000000 0.0857738700000000
vn 0.7048061016804426 1.5146243692610544 2.1645370425064856
v -0.2867332300000000 -0.1798928300000000 0.0857911700000000
vn -0.6100314971170419 1.6213863583715074 -2.0762600417887547
v -0.3211681700000000 -0.1780797400000000 0.0567407800000000
vn 2.1822497507132503 1.5346727655232639 -0.6327652137599861
v -0.2822427300000000 -0.1798559600000000 0.0772769800000000
vn 2.0615975413512349 -1.6041203867261642 -0.6796209723702202
v -0.2822637900000000 -0.1808327900000000 0.0772605700000000
vn -2.0641367654474854 1.6110921861763035 0.6815217087765983
v -0.3256597600000000 -0.1781166100000000 0.0652539600000000
vn -0.7010164877351787 -1.5172773406322131 -2.1670743203753111
v -0.3211892800000000 -0.1790576200000000 0.0567233100000000
vn -1.5689248645480431 -1.5341057601661108 1.6351663395330391
v -0.3301760800000000 -0.1792357900000000 0.0961989800000000
vn 1.5683873278948315 -1.6216072552315186 1.4951164799685392
v -0.2861941700000000 -0.1809106800000000 0.0945182200000000
vn 1.6890948967695185 1.5175880442103931 1.5244152725578837
v -0.2861662200000000 -0.1799337900000000 0.0945217200000000
vn -1.5682148865561527 1.6197577703527646 -1.4939910375740597
v -0.3305151000000000 -0.1782128700000000 0.0865825800000000
vn 1.5691139535605905 1.5324493680862685 -1.6340890942453350
v -0.2865319700000000 -0.1798888400000000 0.0849059900000000
vn 1.4498506575617511 -1.6071158622559587 -1.6250127115684587
v -0.2865599200000000 -0.1808657300000000 0.0849024800000000
vn -1.4497669144232563 1.6052785250140678 1.6238642950750752
v -0.3301491900000000 -0.1782578500000000 0.0962025300000000
vn -1.6889897432183916 -1.5192361643241898 -1.5255199764937570
v -0.3305419900000000 -0.1791908200000000 0.0865790300000000
vn -0.5389352808030905 -1.5351186739681919 2.1976231831822988
v -0.3185866100000000 -0.1793780400000000 0.1252591400000000
vn 2.1096335237987898 -1.6170143834500297 0.5082369139436417
v -0.2813331000000000 -0.1809475700000000 0.1018118000000000
vn 2.2217926194943773 1.5229392926392089 0.4786222518590204
v -0.2813098400000000 -0.1799706200000000 0.1018028400000000
vn -2.1065653053644757 1.6095614847888842 -0.5060698873766669
v -0.3236908000000000 -0.1783590100000000 0.1171018500000000
vn 0.5388970172596478 1.5352561712856343 -2.1978543430109503
v -0.2864341300000000 -0.1799295900000000 0.0936543900000000
vn 0.4462875667403582 -1.6042910204770484 -2.1337970642852433
v -0.2864584000000000 -0.1809065500000000 0.0936644400000000
vn -0.4463617571440994 1.6040774088910026 2.1335394904779688
v -0.3185623400000000 -0.1784000300000000 0.1252490900000000
vn -2.2244389427667111 -1.5294505316495062 -0.4795517623124780
v -0.3237109000000000 -0.1793370100000000 0.1171106800000000
vn 0.6364005541560996 -1.5372802717002965 2.1717770531253495
v -0.2940182100000000 -0.1794831200000000 0.1446310200000000
vn 2.0845946984586425 -1.6116645866093060 -0.6158047488690437
v -0.2734750200000000 -0.1809704300000000 0.1056961700000000
vn 2.1592039565433518 1.5278339897828337 -0.6957888523994440
v -0.2734616300000000 -0.1799934200000000 0.1056770500000000
vn -2.0818740415697810 1.6073959191104816 0.6180774813712603
v -0.3025191300000000 -0.1784789800000000 0.1401204300000000
vn -0.6380108278281501 1.5441774282792899 -2.1747546113095826
v -0.2819748900000000 -0.1799673400000000 0.1011855300000000
vn -0.6740148977368754 -1.5953677573602576 -2.0694887340902577
v -0.2819884000000000 -0.1809443300000000 0.1012014900000000
vn 0.6758412112009037 1.6022333094226053 2.0719829043128524
v -0.2940048200000000 -0.1785050600000000 0.1446119100000000
vn -2.1618407274830225 -1.5319813449646711 0.6936852066283646
v -0.3025315900000000 -0.1794570200000000 0.1401363500000000
vn 1.6434941010314346 -1.5390869466346666 1.5608599816597521
v -0.2630555300000000 -0.1795228700000000 0.1491229500000000
vn 1.5016583838984257 -1.6072896256235802 -1.5768740118307616
v -0.2647295300000000 -0.1809731300000000 0.1051317400000000
vn 1.5182668293925317 1.5325891577926940 -1.6810413486901055
v -0.2647299700000000 -0.1799961000000000 0.1051089300000000
vn -1.5020981361388313 1.6075595001634815 1.5768338721628239
v -0.2726760200000000 -0.1785406300000000 0.1494660800000000
vn -1.6402701807899767 1.5339703741024766 -1.5608953096547382
v -0.2743500200000000 -0.1799919400000000 0.1054748700000000
vn -1.6184881076058468 -1.6059250248814296 -1.4581878397949875
v -0.2743495700000000 -0.1809689700000000 0.1054976700000000
vn 1.6152061154617643 1.6008101527649268 1.4583890074901893
v -0.2630558500000000 -0.1785448000000000 0.1491033000000000
vn -1.5187642743343517 -1.5329736866369563 1.6810363309710283
v -0.2726755800000000 -0.1795187100000000 0.1494888800000000
vn 2.2064872635965469 -1.5320023646168703 0.5268232715300787
v -0.2339961200000000 -0.1794866400000000 0.1375325100000000
vn 0.5155386609788933 -1.6030247371246196 -2.1174863367600603
v -0.2574358500000000 -0.1809549500000000 0.1002707100000000
vn 0.4713126362463886 1.5369669799832433 -2.2140951347547220
v -0.2574498100000000 -0.1799779400000000 0.1002526300000000
vn -0.5155196504972734 1.6029498729318441 2.1174023397415040
v -0.2421574300000000 -0.1785274700000000 0.1426428600000000
vn -2.2055072583252420 1.5320533246000938 -0.5305326247658829
v -0.2655972800000000 -0.1799968200000000 0.1053779000000000
vn -2.1258410527402578 -1.6075717006673829 -0.4553531917130306
v -0.2655843700000000 -0.1809738300000000 0.1053960200000000
vn 2.1256053529027850 1.6083321257023153 0.4583872353981558
v -0.2340099600000000 -0.1785085900000000 0.1375175900000000
vn -0.4713182823101857 -1.5370107791558623 2.2140219595310686
v -0.2421434700000000 -0.1795055400000000 0.1426609300000000
vn 2.1809879832048571 -1.5322956661819553 -0.6464753906151520
v -0.2146269600000000 -0.1793873200000000 0.1129686200000000
vn -0.6061208048232494 -1.5945277307737102 -2.0903200183945172
v -0.2535514200000000 -0.1809207600000000 0.0924127000000000
vn -0.7050634564045608 1.5449466090631341 -2.1543382721168820
v -0.2535753800000000 -0.1799438100000000 0.0924086900000000
vn 0.6089689046480338 1.6031347636605078 2.0925978189670631
v -0.2191416100000000 -0.1784430100000000 0.1214735700000000
vn -2.1802857092299197 1.5313682102409105 0.6467860906228040
v -0.2580670900000000 -0.1799806600000000 0.1009187200000000
vn -2.0637425661191666 -1.6078602134447255 0.6644988863051648
v -0.2580472200000000 -0.1809576300000000 0.1009260400000000
vn 2.0636748597194980 1.6074878809211743 -0.6662172194551154
v -0.2146468700000000 -0.1784093000000000 0.1129602600000000
vn 0.7015168552372162 -1.5367411603779024 2.1514067359922233
v -0.2191185500000000 -0.1794241900000000 0.1214818000000000
vn 1.5670717051702174 -1.5258496038756206 -1.6525517274514039
v -0.2101317400000000 -0.1792460200000000 0.0820061400000000
vn -1.5703855789570420 -1.5992363418974753 -1.5063391362054874
v -0.2541168400000000 -0.1808797400000000 0.0836683900000000
vn -1.6873716537453778 1.5408005010824601 -1.5149612317902961
v -0.2541393900000000 -0.1799028300000000 0.0836738100000000
vn 1.5703198171515653 1.6060364257599469 1.5108109973233319
v -0.2097925900000000 -0.1783130300000000 0.0916316700000000
vn -1.5670889860282027 1.5207358256254841 1.6492359732370678
v -0.2537766400000000 -0.1799478000000000 0.0932938800000000
vn -1.4519881080995767 -1.6187029986173300 1.6090119414502584
v -0.2537509300000000 -0.1809247100000000 0.0932883300000000
vn 1.4522129647412445 1.6135583358922811 -1.6057384112572770
v -0.2101542900000000 -0.1782680600000000 0.0820115700000000
vn 1.6870018667962567 -1.5341773380109580 1.5108052412718975
v -0.2097658300000000 -0.1792910000000000 0.0916260800000000
vn 0.5335677551403932 -1.5207085789303838 -2.2155129875205373
v -0.2217222200000000 -0.1791037800000000 0.0529470700000000
vn -2.1122440127489845 -1.6115126560454489 -0.5233869629338813
v -0.2589768600000000 -0.1808428500000000 0.0763747700000000
vn -2.2184728770217168 1.5272873485656209 -0.4635195137825461
v -0.2589999800000000 -0.1798660000000000 0.0763928600000000
vn 2.1116160065592116 1.6088245901213958 0.5243376074749502
v -0.2166157900000000 -0.1781669000000000 0.0611134200000000
vn -0.5360630345964483 1.5240394894323939 2.2164686628638406
v -0.2538714800000000 -0.1799070300000000 0.0845411500000000
vn -0.4500617957129843 -1.6145976198246021 2.1145483070538438
v -0.2538514300000000 -0.1808838900000000 0.0845252900000000
vn 0.4516077301880611 1.6189381485077055 -2.1156855360334856
v -0.2217411300000000 -0.1781227200000000 0.0529650200000000
vn 2.2201307056674193 -1.5305713192185610 0.4633648152891541
v -0.2165937700000000 -0.1791448000000000 0.0610943200000000
vn -0.6391928500828120 -1.5207286814262704 -2.1878882869655700
v -0.2462864600000000 -0.1789955400000000 0.0335739900000000
vn -2.0833217523211074 -1.6056397806455056 0.5984598173362899
v -0.2668359900000000 -0.1808199900000000 0.0724904400000000
vn -2.1614561185039500 1.5332790537796281 0.7122383235570906
v -0.2668439800000000 -0.1798432000000000 0.0725184900000000
vn 2.0841213687501292 1.6107039359350221 -0.6027526686714886
v -0.2377843100000000 -0.1780437700000000 0.0380947300000000
vn 0.6410546112392288 1.5144719833842588 2.1842879801084027
v -0.2583306100000000 -0.1798692900000000 0.0770131600000000
vn 0.6712455538909105 -1.6242880490192637 2.0587352377522947
v -0.2583215600000000 -0.1808460900000000 0.0769850800000000
vn -0.6725235001967385 1.6175532448829817 -2.0552657783231583
v -0.2462987400000000 -0.1780176800000000 0.0336001000000000
vn 2.1602842286149042 -1.5282752017315828 -0.7075641336937067
v -0.2377730400000000 -0.1790216400000000 0.0380697200000000
vn -1.6464447438395515 -1.5243182021350701 -1.5753471970015347
v -0.2772460600000000 -0.1789557800000000 0.0290798400000000
vn -1.5036229331655628 -1.6198955053671185 1.5616408290644568
v -0.2755804300000000 -0.1808173000000000 0.0730548300000000
vn -1.5164275065307282 1.5186116672509213 1.6950044411600969
v -0.2755788000000000 -0.1798405200000000 0.0730867200000000
vn 1.5029936506524597 1.6185574635129394 -1.5617142495082446
v -0.2676275700000000 -0.1779821000000000 0.0287448800000000
vn 1.6421337624043699 1.5174653590168647 1.5752182554462855
v -0.2659587500000000 -0.1798446800000000 0.0727207900000000
vn 1.6165266449914770 -1.6214525981010950 1.4432728414626472
v -0.2659603800000000 -0.1808214500000000 0.0726889000000000
vn -1.6121854345727757 1.6147381664433762 -1.4437279791357525
v -0.2772445900000000 -0.1779779300000000 0.0291075400000000
vn 1.5179783577740611 -1.5207464138652174 -1.6952235014501291
v -0.2676291700000000 -0.1789599400000000 0.0287140300000000
vn -2.1267711579592987 -1.6097900345941853 -0.4558089822042296
v -0.3060627400000000 0.1785138000000000 0.0423545900000000
vn -0.4723280783063716 -1.5437106137597507 2.2167937906111685
v -0.2826198600000000 0.1799789500000000 0.0796162500000000
vn -0.5134742223337749 1.5958362431758193 2.1147185181380466
v -0.2826337000000000 0.1809570000000000 0.0796013300000000
vn 0.4707827328885379 1.5347415818704977 -2.2130636319350345
v -0.2979292400000000 0.1795096900000000 0.0372112400000000
vn 2.1267988759227969 1.6097978753665887 0.4556711405742982
v -0.2744863500000000 0.1809759000000000 0.0744729100000000
vn 2.2043708052214828 -1.5297735528284950 0.5297048557339322
v -0.2744723900000000 0.1799978300000000 0.0744909800000000
vn 0.5160188340767954 -1.6054160059920579 -2.1186113404071572
v -0.2979152400000000 0.1785326700000000 0.0372303700000000
vn -2.2042947794318066 1.5296652603922152 -0.5298636318345539
v -0.3060767000000000 0.1794908100000000 0.0423365100000000
vn -2.0636971425530977 -1.6078890001156800 0.6646964376392874
v -0.3254258300000000 0.1784113500000000 0.0669119000000000
vn 0.7000186444254867 -1.5376421261810223 2.1521919298062357
v -0.2864972800000000 0.1799448000000000 0.0874645100000000
vn 0.6111554016469949 1.6018583147111958 2.0919396955889575
v -0.2865182500000000 0.1809228300000000 0.0874561900000000
vn -0.7019317905906775 1.5362960291122496 -2.1509561364184475
v -0.3209541600000000 0.1794251900000000 0.0583903500000000
vn 2.0670991704195067 1.6171836519130980 -0.6671100364296375
v -0.2820266600000000 0.1809596900000000 0.0789430100000000
vn 2.1763542272175544 -1.5222958103696873 -0.6448470939287257
v -0.2820025800000000 0.1799816700000000 0.0789501600000000
vn -0.6093878274298716 -1.6031008778848124 -2.0931036300528261
v -0.3209310900000000 0.1784482100000000 0.0583986000000000
vn -2.1802310487747754 1.5313592338821862 0.6470020220968228
v -0.3254457100000000 0.1793883200000000 0.0669045800000000
vn -1.4521360341329428 -1.6133626199684314 1.6056957516886174
v -0.3299152600000000 0.1782701100000000 0.0978604700000000
vn 1.6874179569292456 -1.5406030080847810 1.5144343535667528
v -0.2859302800000000 0.1799038400000000 0.0961950600000000
vn 1.5705946799506156 1.5989252430853185 1.5058835336091956
v -0.2859528200000000 0.1808818000000000 0.0962004900000000
vn -1.6871486218580614 1.5406254754317339 -1.5144489945769868
v -0.3303037100000000 0.1792962000000000 0.0882459700000000
vn 1.4523786858071208 1.6135896118156918 -1.6058582223327795
v -0.2863185800000000 0.1809267600000000 0.0865847600000000
vn 1.5671091952243514 -1.5258730886764651 -1.6525517601034458
v -0.2862960300000000 0.1799487900000000 0.0865793300000000
vn -1.5703376132310072 -1.5987145444314006 -1.5057461214945513
v -0.3302811700000000 0.1783150800000000 0.0882405300000000
vn -1.5668382407056753 1.5259078631675518 1.6525542047087933
v -0.3299378000000000 0.1792512300000000 0.0978659200000000
vn -0.4520798814968106 -1.6210316658677868 2.1168879867902248
v -0.3183284100000000 0.1781279200000000 0.1269070300000000
vn 2.2185216142051720 -1.5275870781895189 0.4638062540779609
v -0.2810696900000000 0.1798670100000000 0.1034760200000000
vn 2.1123768530206108 1.6117041586535363 0.5236358834785689
v -0.2810928100000000 0.1808449100000000 0.1034941200000000
vn -2.2183468089506060 1.5272641348648714 -0.4633312369920416
v -0.3234768400000000 0.1791458000000000 0.1187777600000000
vn 0.4510276017935643 1.6218867176873044 -2.1176445438736979
v -0.2862181100000000 0.1808859400000000 0.0953467500000000
vn 0.5339434657300069 -1.5175776996431716 -2.2138089644380092
v -0.2861981900000000 0.1799080400000000 0.0953277300000000
vn -2.1122674913092299 -1.6114927236825864 -0.5232015108625333
v -0.3234537200000000 0.1781689500000000 0.1187596700000000
vn -0.5331106004381524 1.5178430339057840 2.2139859452975306
v -0.3183472900000000 0.1791047700000000 0.1269260100000000
vn 0.6716762775547263 -1.6245670284520277 2.0590184738701311
v -0.2937708900000000 0.1780228900000000 0.1462698500000000
vn 2.1604269002574354 -1.5311448147108868 -0.7116575583542111
v -0.2732256900000000 0.1798442100000000 0.1073503900000000
vn 2.0843389131669494 1.6080422540768387 -0.5991742196615213
v -0.2732347300000000 0.1808220600000000 0.1073784800000000
vn -2.1631359103029699 1.5352757111036319 0.7095939880270976
v -0.3022933100000000 0.1790257900000000 0.1418032700000000
vn -0.6697542107264113 1.6174990851128692 -2.0564114010150516
v -0.2817481100000000 0.1808481500000000 0.1028838100000000
vn -0.6430432789941721 -1.5215791623436044 -2.1872093799788583
v -0.2817389400000000 0.1798702900000000 0.1028588700000000
vn -2.0817956405955922 -1.6039374796725452 0.6014174173354035
v -0.3022852000000000 0.1780489700000000 0.1417783700000000
vn 0.6414292120318925 1.5147054890451435 2.1843019468829952
v -0.2937799400000000 0.1789996900000000 0.1462979400000000
vn 1.6127756563016615 -1.6160409288651598 1.4435711545024899
v -0.2628219300000000 0.1779789400000000 0.1507612200000000
vn 1.5164486618525683 -1.5187159511130961 -1.6951254784794307
v -0.2644908700000000 0.1798415300000000 0.1067821500000000
vn 1.5035703859261595 1.6199303848476578 -1.5617132761015413
v -0.2644892400000000 0.1808193600000000 0.1068140500000000
vn -1.5164494638941464 1.5187322345870022 1.6951367151835606
v -0.2724404600000000 0.1789609400000000 0.1511559000000000
vn -1.6164794647443925 1.6214285398309092 -1.4432480761962205
v -0.2741092800000000 0.1808235100000000 0.1071799900000000
vn -1.6421624079654980 -1.5174901177037954 -1.5752122576487388
v -0.2741109200000000 0.1798456900000000 0.1071480900000000
vn -1.5035905093677013 -1.6199166096203810 1.5616963767351355
v -0.2724421000000000 0.1779831100000000 0.1511240000000000
vn 1.6449064043908201 1.5222198052835796 1.5752550616596626
v -0.2628204100000000 0.1789567800000000 0.1507899700000000
vn 2.1231400508686700 -1.6147841169769031 0.4435260838835758
v -0.2337760400000000 0.1780120000000000 0.1391755000000000
vn 0.4725384774677528 -1.5150761602755989 -2.2267640524306738
v -0.2572107100000000 0.1798596900000000 0.1019258500000000
vn 0.5148111264206847 1.6238239725283106 -2.1036161412380094
v -0.2571987200000000 0.1808375300000000 0.1019531400000000
vn -0.4690077838855526 1.5167230846273612 2.2274358858014152
v -0.2419083500000000 0.1789741100000000 0.1443279500000000
vn -2.1210089367987646 1.6073321684431661 -0.4389735080247913
v -0.2653472400000000 0.1808186500000000 0.1070784500000000
vn -2.2105491071588919 -1.5313286161725594 -0.5464654285589933
v -0.2653581800000000 0.1798408100000000 0.1070511200000000
vn -0.5171202656897844 -1.6214406609140166 2.1019051317538144
v -0.2419235000000000 0.1779931100000000 0.1443007700000000
vn 2.2086210322047557 1.5240219865620355 0.5412320645839531
v -0.2337610100000000 0.1789898500000000 0.1391995100000000
vn 2.0610924942187081 -1.6035166810211927 -0.6804378205669400
v -0.2144097900000000 0.1781144500000000 0.1146180600000000
vn -0.7036709719244889 -1.5265204338331291 -2.1704408629145653
v -0.2533362900000000 0.1798906600000000 0.0940819000000000
vn -0.6080980232570985 1.6119160856099102 -2.0725212967558639
v -0.2533153400000000 0.1808717200000000 0.0940951700000000
vn 0.7008627864127583 1.5175294430774793 2.1675941920461725
v -0.2188834300000000 0.1790554600000000 0.1231488300000000
vn -2.0648472846917336 1.6132881544112596 0.6817532596740041
v -0.2578058800000000 0.1808348500000000 0.1026083100000000
vn -2.1790034675977199 -1.5254240130669012 0.6306024056313757
v -0.2578311500000000 0.1798569700000000 0.1025920600000000
vn 0.6097718509199603 -1.6216337558963783 2.0765966107671270
v -0.2189045300000000 0.1780775800000000 0.1231313600000000
vn 2.1830571193590353 1.5353804730230325 -0.6317582907247891
v -0.2143886900000000 0.1790923300000000 0.1146355300000000
vn 1.4496764003197604 -1.6070458054487009 -1.6248814543097767
v -0.2099214200000000 0.1782556900000000 0.0836695300000000
vn -1.6892078767127057 -1.5195606007858293 -1.5260813262638306
v -0.2539034500000000 0.1799348000000000 0.0853471500000000
vn -1.5681352379732691 1.6201253884866269 -1.4944295872539977
v -0.2538765500000000 0.1809127400000000 0.0853507000000000
vn 1.6893916616010782 1.5229396628994547 1.5283014678729130
v -0.2095307200000000 0.1791886600000000 0.0932931100000000
vn -1.4500319839946265 1.6003051164230833 1.6205408921684701
v -0.2535138000000000 0.1808677700000000 0.0949707700000000
vn -1.5691965114344240 -1.5392430832395001 1.6384719421856064
v -0.2535375400000000 0.1798898300000000 0.0949671000000000
vn 1.5681527415964460 -1.6167258738952892 1.4922692277640446
v -0.2095555100000000 0.1782107100000000 0.0932894800000000
vn 1.5691690383158987 1.5324619453598125 -1.6341403322949053
v -0.2098934700000000 0.1792336300000000 0.0836730400000000
vn 0.4497658831704981 -1.5994994399122568 -2.1306735509202239
v -0.2215040500000000 0.1783978700000000 0.0546228100000000
vn -2.2240025927435516 -1.5271794371479441 -0.4796026327029488
v -0.2587608800000000 0.1799716300000000 0.0780660800000000
vn -2.1073044963831391 1.6119360450072637 -0.5069125760830406
v -0.2587397200000000 0.1809496400000000 0.0780572000000000
vn 2.2252152923544091 1.5302353525014603 0.4790036244623794
v -0.2163586500000000 0.1793348500000000 0.0627613400000000
vn -0.4449775691921234 1.5971089140927477 2.1307108771147263
v -0.2536111400000000 0.1809086000000000 0.0862076000000000
vn -0.5405395851461552 -1.5422371173340634 2.2002072703700613
v -0.2536355400000000 0.1799274500000000 0.0862144800000000
vn 2.1060358270698467 -1.6090986696117968 0.5074666871148437
v -0.2163787100000000 0.1783568400000000 0.0627712300000000
vn 0.5358574459381883 1.5401336807493204 -2.2010140321380134
v -0.2214839500000000 0.1793758700000000 0.0546139800000000
vn -0.6745382176647907 -1.5976559826141827 -2.0702745889612579
v -0.2460616600000000 0.1785029100000000 0.0352578900000000
vn -2.1597093412845170 -1.5280921401940861 0.6955314052587642
v -0.2666080400000000 0.1799944300000000 0.0741918300000000
vn -2.0848392241103908 1.6118184723299043 0.6154999748902845
v -0.2665946500000000 0.1809724900000000 0.0741727200000000
vn 2.1631061350223972 1.5322933282755586 -0.6934004056150453
v -0.2375347700000000 0.1794548500000000 0.0397366000000000
vn 0.6757502943908733 1.6023457851199616 2.0721181058577240
v -0.2580812700000000 0.1809464000000000 0.0786673900000000
vn 0.6363329411197781 -1.5373810954870821 2.1721104657165951
v -0.2580946600000000 0.1799683400000000 0.0786865000000000
vn 2.0822443837974767 -1.6077210302001792 -0.6175700216912929
v -0.2375472300000000 0.1784768100000000 0.0397525200000000
vn -0.6372411803505177 1.5421547430072482 -2.1735408372882947
v -0.2460481800000000 0.1794841100000000 0.0352408900000000
vn -1.6136497816733040 -1.5988568417020350 -1.4586009581571484
v -0.2770106600000000 0.1785458100000000 0.0307654600000000
vn -1.5183000457718232 -1.5325609748342477 1.6809316106295169
v -0.2753397000000000 0.1799971100000000 0.0747599500000000
vn -1.5016157013150320 1.6071748568995243 1.5767240683152379
v -0.2753401400000000 0.1809751900000000 0.0747371400000000
vn 1.5193793643904463 1.5342774050751380 -1.6810232009304273
v -0.2673909000000000 0.1795197200000000 0.0303809300000000
vn 1.6184425113728174 1.6059605322090731 1.4582617364554014
v -0.2657201000000000 0.1809710300000000 0.0743712100000000
vn 1.6403036877445070 -1.5340789871614693 1.5610138541588108
v -0.2657196500000000 0.1799929500000000 0.0743940100000000
vn 1.5005494518956757 -1.6054560872631365 -1.5767056519024176
v -0.2673904900000000 0.1785416400000000 0.0304026800000000
vn -1.6441291925489554 1.5405311224489362 -1.5610184418794391
v -0.2770109400000000 0.1795238700000000 0.0307468700000000
vn -1.5936420576973447 2.1851722241179683 -0.4007866363430403
v -0.4351412000000000 0.0277690800000000 -0.0591824400000000
vn -1.3190426444581573 0.5862646990364779 2.2890864963244701
v -0.4316856200000000 0.0055815000000000 -0.0212879600000000
vn 1.8067943523933625 0.5435611003891917 1.9791768144994695
v -0.4307110500000000 0.0055677200000000 -0.0213956800000000
vn 1.3117675669031961 -0.5847555680060601 -2.2858945765123400
v -0.4348177600000000 0.0194415900000000 -0.0640997000000000
vn 1.5951460449438943 -2.1874566769559047 0.3975577309691407
v -0.4313611200000000 -0.0027459900000000 -0.0262052600000000
vn -1.5271559130087657 -2.1088441528911344 0.7325278685814478
v -0.4323324100000000 -0.0027322300000000 -0.0260945100000000
vn 1.5294221205399965 2.1098080496369809 -0.7297352698796727
v -0.4341666400000000 0.0277553000000000 -0.0592901500000000
vn -1.8148191414190435 -0.5454289050881462 -1.9819446174161472
v -0.4357880000000000 0.0194553500000000 -0.0639889800000000
vn -1.4438501089051772 2.2019330820440248 0.7671840893752804
v -0.4319346900000000 0.0479459500000000 -0.0354899200000000
vn -1.3143240097437852 -0.5399354308962816 2.3003647671015797
v -0.4306489500000000 0.0097256100000000 -0.0136344700000000
vn 1.8074206532622012 -0.6288969579797536 1.9579364841718068
v -0.4296789900000000 0.0097045100000000 -0.0137525800000000
vn 1.3156838948314016 0.5379995854430883 -2.3019191951747882
v -0.4320845900000000 0.0431499900000000 -0.0438902300000000
vn 1.4328059580681836 -2.1959771812968882 -0.7663967067961932
v -0.4307989600000000 0.0049286000000000 -0.0220379400000000
vn -1.6831714545665450 -2.0885257844720591 -0.3811558181680516
v -0.4317698500000000 0.0049528400000000 -0.0219166200000000
vn 1.6722479140380422 2.0836107708597318 0.3830066645847218
v -0.4309636800000000 0.0479259100000000 -0.0356080700000000
vn -1.8060088072368192 0.6305285288187087 -1.9568513252621824
v -0.4330555900000000 0.0431731900000000 -0.0437720700000000
vn -1.2996728663256649 1.6181829907433913 1.7827589377512085
v -0.4278058600000000 0.0534671900000000 -0.0049701600000000
vn -1.3838814122316605 -1.5182758734309847 1.7511185110453817
v -0.4294750600000000 0.0094518600000000 -0.0049544300000000
vn 1.7308748675110195 -1.6373054858964005 1.3572308300641585
v -0.4285045700000000 0.0094287200000000 -0.0050862600000000
vn 1.3854750153301874 1.5191813340612090 -1.7513452215275251
v -0.4281263700000000 0.0534892200000000 -0.0146425000000000
vn 1.3062428960280266 -1.6227588831035911 -1.7837427071095651
v -0.4297954500000000 0.0094738800000000 -0.0146236200000000
vn -1.8009815850792723 -1.5033712699635922 -1.3343850996330671
v -0.4307659800000000 0.0094970200000000 -0.0144928300000000
vn 1.8076458124143917 1.5073797811698948 1.3334658096308223
v -0.4268354900000000 0.0534440700000000 -0.0051051500000000
vn -1.7291690521611975 1.6360932737443836 -1.3575310739516411
v -0.4290969000000000 0.0535123600000000 -0.0145117200000000
vn -1.2212298351388293 0.6076494391523712 2.3732714856465247
v -0.4238588700000000 0.0428514100000000 0.0241926700000000
vn -1.5239843182630106 -2.0942807808591200 0.7953347863037814
v -0.4284735700000000 0.0048375800000000 0.0024276900000000
vn 1.5821563823045810 -2.2012937594253081 0.3375065918920495
v -0.4275066000000000 0.0048134400000000 0.0022865000000000
vn 1.5129552115199951 2.0893200540729859 -0.7947537500554006
v -0.4240082300000000 0.0476824800000000 0.0158078500000000
vn 1.2188838006828782 -0.6078071183735423 -2.3717036768152129
v -0.4286218000000000 0.0096675900000000 -0.0059550700000000
vn -1.8817609343936397 -0.5209398240530165 -1.8737730984016110
v -0.4295886100000000 0.0096885600000000 -0.0058096900000000
vn 1.8788369311669737 0.5216762783140180 1.8727808531061723
v -0.4228930700000000 0.0428314900000000 0.0240483900000000
vn -1.5931746974815024 2.2071309341875267 -0.3354217245218001
v -0.4249740300000000 0.0477024000000000 0.0159521300000000
vn -1.2215793743812089 -0.5684549442449081 2.3847990166686350
v -0.4211554700000000 0.0189432000000000 0.0441880200000000
vn -1.6636452196663525 -2.1019628162052171 -0.3170627108647612
v -0.4279203100000000 -0.0028867100000000 0.0065359900000000
vn 1.4347960107466735 -2.1837315341600716 -0.8316464821815397
v -0.4269538100000000 -0.0028971100000000 0.0063822400000000
vn 1.6603573546259895 2.0999793009352006 0.3188319729435176
v -0.4208298600000000 0.0272927200000000 0.0393044000000000
vn 1.2152545854911263 0.5671317418046906 -2.3811831787522650
v -0.4275947800000000 0.0054617700000000 0.0016502600000000
vn -1.8813714466675366 0.6035452561291008 -1.8527185747849879
v -0.4285601900000000 0.0054721600000000 0.0018050200000000
vn 1.8740409888483303 -0.6017370589581441 1.8510361347556943
v -0.4201899400000000 0.0189327900000000 0.0440364200000000
vn -1.4382658137241853 2.1858561770859715 0.8310399331355727
v -0.4217953900000000 0.0273020800000000 0.0394560000000000
vn -1.2953040130493165 -1.5885411350842487 1.8119423721777701
v -0.4204127700000000 -0.0118494700000000 0.0496614100000000
vn -1.7955945909475670 -1.5499988646015577 -1.2894212488402337
v -0.4279544400000000 -0.0116461500000000 0.0062645700000000
vn 1.3002930342558903 -1.5782488332143607 -1.8276227236916069
v -0.4269879300000000 -0.0116460300000000 0.0061108700000000
vn 1.8017773940770960 1.5536245341440225 1.2884410422047816
v -0.4194405600000000 -0.0022224300000000 0.0495482900000000
vn 1.2953081088481926 1.5884181225848144 -1.8119020623507065
v -0.4269822300000000 -0.0020191100000000 0.0061514500000000
vn -1.8000520913866476 1.5677532600965145 -1.2741049664946074
v -0.4279485700000000 -0.0020192500000000 0.0063093600000000
vn 1.8000476997186947 -1.5677478350649716 1.2741016191214731
v -0.4194464200000000 -0.0118493300000000 0.0495035000000000
vn -1.2932722504502565 1.5732015208752950 1.8263892508245470
v -0.4204069100000000 -0.0022225700000000 0.0497061900000000
vn -1.4399417374349883 -2.1916696552350836 0.8088107994967708
v -0.4218370300000000 -0.0412789400000000 0.0391401200000000
vn -1.8749982732476740 -0.5826017280307699 -1.8566136556948192
v -0.4285751500000000 -0.0190945900000000 0.0016907400000000
vn 1.2210120400160247 -0.5482776342252348 -2.3904975963368722
v -0.4276096100000000 -0.0190839500000000 0.0015392300000000
vn 1.8717539745982026 0.5849082838668931 1.8548171632475046
v -0.4202172100000000 -0.0329514300000000 0.0437980500000000
vn 1.4396110953532510 2.1905942002221801 -0.8126663219791953
v -0.4269586100000000 -0.0107702200000000 0.0063456200000000
vn -1.6588070174512870 2.1059013760968659 -0.2977085096252023
v -0.4279251200000000 -0.0107798200000000 0.0064992700000000
vn 1.6596158447364802 -2.1052983105266234 0.3008167149640020
v -0.4208682900000000 -0.0412683000000000 0.0389895400000000
vn -1.2236290945276205 0.5455101207546716 2.3926041297745084
v -0.4211869600000000 -0.0329652300000000 0.0439497000000000
vn -1.5957214641833317 -2.2018393396237683 -0.3556539785194336
v -0.4250402600000000 -0.0614589900000000 0.0154506200000000
vn -1.8710355415315061 0.5393448420853239 -1.8664261112728329
v -0.4296086600000000 -0.0232376500000000 -0.0059628700000000
vn 1.2288504540899510 0.6295030532905064 -2.3720175130837369
v -0.4286416600000000 -0.0232175800000000 -0.0061038500000000
vn 1.8806198600241950 -0.5380453446156684 1.8695881796414846
v -0.4229535300000000 -0.0566629800000000 0.0235886900000000
vn 1.5866164355541033 2.1979655979125328 0.3552480561282590
v -0.4275207600000000 -0.0184416600000000 0.0021783200000000
vn -1.5194359645078217 2.0872759198267534 0.8176984787173752
v -0.4284876400000000 -0.0184659500000000 0.0023224400000000
vn 1.5103205837591069 -2.0836857841357035 -0.8139139755715709
v -0.4240744400000000 -0.0614389100000000 0.0153065200000000
vn -1.2205981536089687 -0.6305157508506740 2.3662434407486246
v -0.4239193600000000 -0.0566862300000000 0.0237327700000000
vn -1.7256538173360376 -1.6223296331935724 -1.3689406288718386
v -0.4291699900000000 -0.0669834100000000 -0.0150649100000000
vn -1.8051600019255303 1.5182268249068795 -1.3234548029443705
v -0.4307825900000000 -0.0229681100000000 -0.0146439800000000
vn 1.3028917337477779 1.6368957589056958 -1.7644306773398741
v -0.4298151900000000 -0.0229417700000000 -0.0147744200000000
vn 1.8063310335033547 -1.5176582543952715 1.3237079696216338
v -0.4269085600000000 -0.0670011700000000 -0.0056581000000000
vn 1.7308198984153347 1.6213809954239857 1.3722278563283001
v -0.4285241500000000 -0.0229869500000000 -0.0052328500000000
vn -1.3835066856966991 1.5042920774217341 1.7642986253264143
v -0.4294947100000000 -0.0230101200000000 -0.0051022900000000
vn 1.3882214780571946 -1.5035200364616985 -1.7703585916753648
v -0.4281994700000000 -0.0669560100000000 -0.0151965100000000
vn -1.3020572776507495 -1.6372647049057334 1.7633125974062562
v -0.4278791100000000 -0.0670285600000000 -0.0055275500000000
vn -1.8060577707368766 -0.6072274513642060 -1.9629039262745500
v -0.4331160900000000 -0.0563676100000000 -0.0442319800000000
vn -1.6720046527478734 2.0899415082168797 -0.3639533715511675
v -0.4317840400000000 -0.0183506800000000 -0.0220250300000000
vn 1.4442417802180703 2.2059009880228846 -0.7458330237752545
v -0.4308130100000000 -0.0183296700000000 -0.0221429900000000
vn 1.6693540861607692 -2.0886892282772722 0.3648722528139757
v -0.4310298500000000 -0.0611986500000000 -0.0361083500000000
vn 1.8134663733699885 0.6132852831466675 1.9643044321289493
v -0.4296990200000000 -0.0231806400000000 -0.0139055600000000
vn -1.3089468799503199 0.5161537278547690 2.3036496833042737
v -0.4306688800000000 -0.0232048300000000 -0.0137845100000000
vn 1.3153731497098202 -0.5219647675084028 -2.3056143584054825
v -0.4321450100000000 -0.0563476500000000 -0.0443488900000000
vn -1.4473526166478097 -2.2077901307650882 0.7460500612555810
v -0.4320009300000000 -0.0612186000000000 -0.0359914500000000
vn -1.8067751951663455 0.5639351892043715 -1.9742452116702591
v -0.4358196100000000 -0.0324625400000000 -0.0642305100000000
vn -1.5248600862524704 2.1034199069976887 0.7518190230502678
v -0.4323372200000000 -0.0106295500000000 -0.0261312400000000
vn 1.5979990635767671 2.1820125966403534 0.4175216729036877
v -0.4313659100000000 -0.0106159400000000 -0.0262418700000000
vn 1.5181003657129419 -2.1014207882391616 -0.7462704995999324
v -0.4342082700000000 -0.0408088800000000 -0.0596059600000000
vn 1.8142078101226751 -0.5656593820777648 1.9763564959161224
v -0.4307259900000000 -0.0189748200000000 -0.0215098500000000
vn -1.3125984132905915 -0.6043165363878482 2.2805350232068959
v -0.4316962500000000 -0.0189884300000000 -0.0213992600000000
vn 1.3189713393547153 0.6058675860061271 -2.2838538038776304
v -0.4348492300000000 -0.0324489400000000 -0.0643379400000000
vn -1.6059744894980710 -2.1843032747203863 -0.4218421144863020
v -0.4351796900000000 -0.0408182600000000 -0.0594984700000000
vn -1.7296740550072378 1.5878462876647723 -1.4027109486340539
v -0.4365633600000000 -0.0016667100000000 -0.0697038400000000
vn -1.3949697630285616 1.5537272462546818 1.7208991466881680
v -0.4323032100000000 -0.0018700900000000 -0.0258629800000000
vn 1.7317644545416249 1.5731036618935104 1.4171537482406313
v -0.4313285200000000 -0.0018702000000000 -0.0259674800000000
vn 1.3899590007908496 -1.5505150137150274 -1.7203275739632240
v -0.4355945300000000 -0.0112937200000000 -0.0698531200000000
vn 1.7299801953950620 -1.5883177961900066 1.4026556490033368
v -0.4313343800000000 -0.0114971000000000 -0.0260122600000000
vn -1.3970151132885757 -1.5679812892001381 1.7066210066460457
v -0.4323090800000000 -0.0114969900000000 -0.0259077700000000
vn 1.3966731866158888 1.5674857038941588 -1.7065809232039564
v -0.4355886700000000 -0.0016668200000000 -0.0698083400000000
vn -1.7367802087764013 -1.5763107043441609 -1.4166065395763840
v -0.4365691100000000 -0.0112936200000000 -0.0697454700000000
vn 0.2834348587215630 -6.0415062489894815 1.1546331390088451
v 0.3793643700000000 -0.1958684500000000 -0.0053368100000000
vn -0.2087505394453123 5.8317735111848048 -1.5895444201701969
v 0.3867440800000000 -0.1580474500000000 -0.0175071800000000
vn 0.0108753482427063 6.2731575162696274 0.2635621489564407
v 0.3922031800000000 -0.1580998900000000 -0.0073011300000000
vn 0.5439635285993963 -6.0439995952389953 1.0509130682739805
v 0.3654030500000000 -0.1958838200000000 -0.0002053000000000
vn -0.5682277028163540 -5.9849030343121346 -1.2186152995624970
v 0.3613106100000000 -0.1958425900000000 -0.0085341700000000
vn -0.6119022589677870 5.9547519252036460 -1.2358166622043565
v 0.3608380200000000 -0.1580658200000000 -0.0093677700000000
vn 0.7922066036718646 -6.0627338304307212 0.8156661713936419
v 0.3478604100000000 -0.1959256000000000 0.0115148300000000
vn -0.8163685725263041 -5.9902582025581186 -1.0524372670701525
v 0.3470775700000000 -0.1958755800000000 0.0004212000000000
vn -0.8660035935414185 5.9539440255120910 -1.0780462384825416
v 0.3464042800000000 -0.1580992700000000 -0.0002878400000000
vn 0.1539027954253077 6.2694364514868104 0.2637037573084631
v 0.3580581600000000 -0.1581292400000000 0.0047493100000000
vn -1.2223832204586798 -5.9196442706408563 -0.8178899694384997
v 0.3287785400000000 -0.1959574700000000 0.0199928400000000
vn -1.0743833674036163 5.9544917950286189 -0.8716313647703378
v 0.3341757400000000 -0.1581471200000000 0.0115967900000000
vn 0.2480034581042752 6.2654962106505483 0.2362251539135293
v 0.3428163800000000 -0.1581858900000000 0.0188003300000000
vn 1.0569539656969047 -6.0465134749597507 0.5289827677210956
v 0.3338639200000000 -0.1960072000000000 0.0304438000000000
vn -1.2562891028133847 5.9475434657702220 -0.6146349279978394
v 0.3246833900000000 -0.1582072300000000 0.0257613200000000
vn 1.1364655510753801 -6.0597586553959477 0.1808701265252106
v 0.3265622000000000 -0.1960927100000000 0.0502211700000000
vn -1.2674739745267158 -5.9880042430903089 -0.3994820362143288
v 0.3194031100000000 -0.1960508500000000 0.0417201700000000
vn 0.2606888401992756 6.2703119749181209 0.1275022437684267
v 0.3307540100000000 -0.1582716500000000 0.0387662800000000
vn -1.4538077019281594 -5.9235363197426549 0.0494741749349936
v 0.3161053000000000 -0.1961744700000000 0.0683038100000000
vn -1.5918346015800224 5.8259563667971959 -0.2651962844059651
v 0.3163473900000000 -0.1583055900000000 0.0482846500000000
vn 1.4503847419970979 5.9339140790719433 0.1482795543319705
v 0.3290729700000000 -0.1584377600000000 0.0587635900000000
vn 1.0971865866106207 -6.0684878178608317 -0.2909338840339044
v 0.3271729400000000 -0.1962313800000000 0.0799547700000000
vn -1.3804019219119357 5.9436127967476535 0.2401296932633971
v 0.3160853900000000 -0.1584330600000000 0.0754312400000000
vn -1.2466278306537424 -5.9919194927852617 0.4090304020417495
v 0.3212927300000000 -0.1962831100000000 0.0913988500000000
vn 0.1817553831326748 6.2752255881436545 -0.1133217447247167
v 0.3375071200000000 -0.1585768300000000 0.1033626500000000
vn 0.9490837466977977 -6.0685003179920773 -0.6354989583811204
v 0.3365653000000000 -0.1963396200000000 0.1015473600000000
vn -1.1084043043878966 -5.9979026635336226 0.6735055789844921
v 0.3287100700000000 -0.1963578300000000 0.1064898000000000
vn -1.4660299432682935 5.8212552008883183 0.7327844921572564
v 0.3225799300000000 -0.1585432100000000 0.0985506500000000
vn 0.7498065210677848 -6.0554775955287194 -0.9056620497352290
v 0.3500532500000000 -0.1964212200000000 0.1177679100000000
vn -0.9163510433230669 -5.9289603754539062 1.1013742210263924
v 0.3462620400000000 -0.1964646200000000 0.1267305900000000
vn -1.0459673630882584 5.8172846539943208 1.2557432994048785
v 0.3431325500000000 -0.1586822900000000 0.1257558500000000
vn 0.3436542980307431 -6.0508044531770686 -1.1400765208055157
v 0.3760969100000000 -0.1965037200000000 0.1320965100000000
vn -0.5059311053558000 -5.9954886879698321 1.1905887585866157
v 0.3668893900000000 -0.1965291900000000 0.1383278000000000
vn -0.5046573802311802 5.9370591461046036 1.3341047186463457
v 0.3664979300000000 -0.1587620100000000 0.1395442900000000
vn -0.0790741270866757 -5.9310059898017684 1.4226091580228888
v 0.3929847100000000 -0.1965752500000000 0.1443888800000000
vn -0.0303335227159487 6.2757348360883052 -0.1965829300091756
v 0.4012891800000000 -0.1587679000000000 0.1349598000000000
vn -0.0384666211807260 -6.0299037142886371 -1.2452187429378410
v 0.3994964200000000 -0.1965324400000000 0.1347572200000000
vn -0.1196620891675135 5.8161262538404097 1.6530626136362545
v 0.3897590000000000 -0.1588069900000000 0.1454827000000000
vn -0.3153152021408051 -6.0329976121619762 -1.1974988646306111
v 0.4142214500000000 -0.1965315700000000 0.1326432500000000
vn 0.3058936404546338 -5.9975293380018204 1.2511713025927609
v 0.4164937300000000 -0.1965748200000000 0.1416428800000000
vn -0.6126920533380307 -6.0527171092482481 -1.0162127162863774
v 0.4337948000000000 -0.1965074200000000 0.1248413800000000
vn 0.7882097208349096 -5.9303088141937321 1.1896403723596576
v 0.4412071900000000 -0.1965451600000000 0.1311848800000000
vn 0.5416581402624210 5.8165445247629561 1.5480431731064708
v 0.4235826600000000 -0.1588077800000000 0.1412934100000000
vn 0.8572160909153208 5.9443056532866958 1.1254352514256709
v 0.4472317400000000 -0.1587614300000000 0.1279455200000000
vn -0.9359022739661573 -6.0652713850212727 -0.6703878352866954
v 0.4554931700000000 -0.1964278500000000 0.1044916300000000
vn 0.9965074283268873 -5.9949855687544478 0.8303622710400664
v 0.4585725400000000 -0.1964814900000000 0.1151690600000000
vn 1.0833664648597874 5.9439245445474578 0.9276610698578694
v 0.4594594000000000 -0.1587136100000000 0.1160651400000000
vn -0.3123778577582143 6.2568830056489642 -0.2327347682413633
v 0.4508198100000000 -0.1586748300000000 0.1088615600000000
vn 1.1537650971362141 -5.9987707198789968 0.5831223473205270
v 0.4679333200000000 -0.1964222200000000 0.1012012700000000
vn 1.2645161878195885 5.9393554771065578 0.6706097261003433
v 0.4689517500000000 -0.1586534900000000 0.1019006200000000
vn -1.0931404460497602 -6.0684192079314645 -0.3301620180713850
v 0.4652563400000000 -0.1963361800000000 0.0830572300000000
vn 1.2565716443336781 -5.9978468538644165 0.3236269888222219
v 0.4741828300000000 -0.1963533900000000 0.0855894000000000
vn -1.1692119715840326 -6.0553657317075080 -0.0123859916841305
v 0.4682859600000000 -0.1962388200000000 0.0621795500000000
vn 1.4471781026295285 -5.9242195271856914 -0.1045489624051496
v 0.4774868900000000 -0.1962337000000000 0.0590030900000000
vn 1.6078146054694167 5.8208169016332203 0.3248867538164192
v 0.4772860700000000 -0.1585524700000000 0.0793854400000000
vn -0.2258543013760995 6.2745912761774854 -0.0218890642361117
v 0.4658741700000000 -0.1585574500000000 0.0814862700000000
vn 1.3952179985656836 5.9488010304740708 -0.1677391710404423
v 0.4775540700000000 -0.1584276800000000 0.0522336900000000
vn -1.1500654130504246 -6.0367050434334164 0.3813082301602380
v 0.4635880700000000 -0.1961307400000000 0.0391146300000000
vn 1.2401132354093281 -5.9892421962577913 -0.4649354789249166
v 0.4722996800000000 -0.1961211600000000 0.0359146900000000
vn 1.3246281954105692 5.9450017070037724 -0.4789454662277066
v 0.4733771200000000 -0.1583482200000000 0.0357005500000000
vn -0.2614021230462586 6.2708209555743544 0.0993120545984933
v 0.4650009800000000 -0.1583879400000000 0.0452867900000000
vn -1.0203804245490629 -6.0407058840798715 0.6297360893915520
v 0.4570239100000000 -0.1960646400000000 0.0257652500000000
vn 1.1039752889415291 -5.9930314852314517 -0.7247753598918015
v 0.4648802000000000 -0.1960464300000000 0.0208227700000000
vn -0.1586138505874892 6.2734093523271834 0.2009663534602397
v 0.4466410600000000 -0.1582264800000000 0.0128572800000000
vn -0.7642390038494769 -6.0601859089547219 0.8528110761866730
v 0.4435546700000000 -0.1959797100000000 0.0095551200000000
vn 0.9308711417797464 -5.9915961387393333 -0.9436159845708303
v 0.4544874100000000 -0.1959786100000000 0.0076032200000000
vn 1.2987639173547845 5.8265330409081013 -0.9663515408157939
v 0.4622264200000000 -0.1582411700000000 0.0144437900000000
vn 0.6552019785390014 -5.9184985408269695 -1.3217721902592541
v 0.4331613300000000 -0.1958905600000000 -0.0085285900000000
vn 0.7890228749576625 5.9544074053023204 -1.1356147826361696
v 0.4422252500000000 -0.1581449000000000 -0.0039264500000000
vn -0.4465655181773983 -6.0479033167867700 1.0864911302387903
v 0.4232517900000000 -0.1959088300000000 -0.0024026300000000
vn 0.5252864197364847 5.9557735977846269 -1.2748308741251075
v 0.4271433600000000 -0.1580986900000000 -0.0118868000000000
vn -0.0972847528068251 6.2662987933425462 0.3229962317024435
v 0.4229612200000000 -0.1581447300000000 -0.0014417700000000
vn -0.1046887347235555 -6.0606436978489935 1.1348282884342049
v 0.4028142300000000 -0.1958701500000000 -0.0075970100000000
vn 0.2334794678881212 -5.9856054312228064 -1.3215451575728756
v 0.4105262600000000 -0.1958396700000000 -0.0156040200000000
vn 0.2249953923620915 5.9511626072326367 -1.3668288532074604
v 0.4107420700000000 -0.1580670800000000 -0.0165354700000000
vn -0.2319279404702672 -5.9178408989429743 -1.4609680429917571
v 0.3837328600000000 -0.1958229900000000 -0.0161064100000000
vn 0.1228171270322776 5.9310827691261920 -1.4197890803454782
v 0.4040471300000000 0.1959270100000000 -0.0150459300000000
vn -0.3109040833957358 6.0014002263650070 -1.2415120207700818
v 0.3773507900000000 0.1959332900000000 -0.0125105200000000
vn 0.1921199247848109 6.0494033078860063 1.1816252690764388
v 0.3856649100000000 0.1958900400000000 -0.0051169600000000
vn -0.5845624832776184 -5.8154977569580497 -1.5524199143112336
v 0.3673044000000000 0.1581605100000000 -0.0110790900000000
vn -0.5944516904329405 5.9963782953915725 -1.1469858196385143
v 0.3615691500000000 0.1959159300000000 -0.0067124500000000
vn 0.5238235487287402 6.0331052167307391 1.1209817447982973
v 0.3656615800000000 0.1958746900000000 0.0016164200000000
vn 0.0520920101282024 -6.2725231484013255 0.2353426479703707
v 0.3814052000000000 0.1581203100000000 -0.0042490100000000
vn 0.7656888613683969 6.0306476415693657 0.9783532216225044
v 0.3530706300000000 0.1958454900000000 0.0095401500000000
vn -0.8542763496043249 -5.9382816733844423 -1.1341598219871158
v 0.3466136700000000 0.1581188700000000 0.0011825800000000
vn -0.9926837412627504 5.9296629000520173 -1.0290876561575821
v 0.3418633700000000 0.1958698800000000 0.0064257100000000
vn -1.0667740199681126 -5.9438187725931213 -0.9169612124625024
v 0.3343851200000000 0.1580710200000000 0.0130672100000000
vn -1.1509822667594947 5.9985192854303726 -0.5876682194680380
v 0.3259143500000000 0.1957796300000000 0.0279309600000000
vn 0.9889825020835046 6.0521251527057522 0.6507359315618541
v 0.3369704100000000 0.1957753000000000 0.0267034400000000
vn 1.2424907908468423 -5.9488614898925674 0.6675430533191551
v 0.3382347700000000 0.1580549100000000 0.0310636300000000
vn -1.2361123108369596 -5.9443853548819954 -0.6735117080854665
v 0.3248927700000000 0.1580109100000000 0.0272317400000000
vn -1.2526133763609559 5.9990044107911009 -0.3285456684043543
v 0.3196658600000000 0.1957108200000000 0.0435417400000000
vn 1.6117777622050291 -5.8245126285042357 0.4212864435611264
v 0.3321979000000000 0.1580490800000000 0.0480640600000000
vn -1.5947038471165196 -5.8216839672048462 -0.2812250480187079
v 0.3160140100000000 0.1578990700000000 0.0528960300000000
vn -1.3101667484554795 5.9927220111660606 -0.0414360091686604
v 0.3167954300000000 0.1956354800000000 0.0601111900000000
vn 1.1479003674534436 6.0563934189917541 0.2144012320470173
v 0.3263944200000000 0.1956535900000000 0.0545183900000000
vn 1.1915665715819128 6.0427222535366258 -0.1388367626422038
v 0.3266212000000000 0.1955574700000000 0.0755951200000000
vn -1.5655608587132872 -5.8240968918068896 0.3828309633839188
v 0.3179680000000000 0.1577395600000000 0.0869014200000000
vn -1.4087202610933538 5.9240204559500560 0.3619984004053427
v 0.3183197800000000 0.1955265900000000 0.0837414200000000
vn -1.1065561562814197 5.9924735134089833 0.7205345303690127
v 0.3289686100000000 0.1954038400000000 0.1083115300000000
vn 1.0396064042086282 6.0586256572040069 -0.5019501159154638
v 0.3334414500000000 0.1954465800000000 0.0981326000000000
vn -1.2779823179405230 -5.8259853503898658 0.9936058319407762
v 0.3335774800000000 0.1575854100000000 0.1171716900000000
vn -0.9277675976603865 5.9868382638852111 0.9592346331540110
v 0.3393644300000000 0.1953360300000000 0.1215278000000000
vn 0.8835724344982313 6.0417769669358998 -0.8049347348485603
v 0.3460218400000000 0.1953589000000000 0.1150612600000000
vn 0.2008599158104730 -6.2743405439832802 -0.1281016290114351
v 0.3357136500000000 0.1576585800000000 0.1016548100000000
vn 0.6724521877575371 6.0399756287201392 -0.9896265234388771
v 0.3574435700000000 0.1953076200000000 0.1245893300000000
vn -0.7898450687660573 -5.9490372572230079 1.1247342374478424
v 0.3516265900000000 0.1575023300000000 0.1330574700000000
vn -0.6930917026307766 5.9183519155687190 1.3028013561082401
v 0.3579530500000000 0.1952549000000000 0.1362144500000000
vn -0.4271989810192071 -5.8305500487379698 1.5312352047308730
v 0.3762412400000000 0.1574303600000000 0.1445755200000000
vn -0.2245892744631552 5.9892749137439907 1.3160810142892410
v 0.3833286500000000 0.1951981500000000 0.1447328300000000
vn 0.3013868088833093 6.0597570484385228 -1.1021430269760593
v 0.3787562200000000 0.1952462000000000 0.1345981800000000
vn 0.2808577655611908 -5.9361464378354025 -1.4301542450199505
v 0.3825866600000000 0.1575555600000000 0.1317860000000000
vn 0.0536759351464461 5.9897377479230416 1.3351883857110720
v 0.4001078200000000 0.1951795500000000 0.1458559400000000
vn -0.0261814635100432 6.0441778371588697 -1.1820264906603999
v 0.3997549600000000 0.1952229200000000 0.1365789200000000
vn 0.0354729939357389 -5.9507036925899950 1.3644898183797620
v 0.4001232700000000 0.1574057000000000 0.1468017600000000
vn 0.3243715465802611 5.9893774342118986 1.2967292927269489
v 0.4167522600000000 0.1951805400000000 0.1434645800000000
vn -0.3051114747627643 6.0411592964109646 -1.1493347477555120
v 0.4144799900000000 0.1952237900000000 0.1344649500000000
vn 0.5693193108946267 -5.8303687366159238 1.4832228643838212
v 0.4267525000000000 0.1574081600000000 0.1416762100000000
vn 0.6021816553610224 5.9842407617827940 1.2024366806867288
v 0.4325380700000000 0.1951979000000000 0.1376653000000000
vn -0.6034214404622822 -5.9383546229776769 -1.3215065699192783
v 0.4244572900000000 0.1575470600000000 0.1275612700000000
vn -0.6428608932597955 6.0606280876057603 -0.9410350549804328
v 0.4362083400000000 0.1952496400000000 0.1253075700000000
vn -1.0457511819089127 -5.8141783946095753 -1.3327160251931871
v 0.4393373300000000 0.1576558000000000 0.1173418400000000
vn 0.8405314679600471 -5.9501540618124622 1.0736235529747533
v 0.4474400700000000 0.1574546100000000 0.1294159800000000
vn 1.0008546302084842 5.9183341623333918 1.0843171988579050
v 0.4522314400000000 0.1952454800000000 0.1245392300000000
vn 1.0609190694274204 -5.9532157233097092 0.8594700011096417
v 0.4596687800000000 0.1574992700000000 0.1175355400000000
vn 1.1591182381009162 5.9911946096153077 0.6432377593837506
v 0.4681929100000000 0.1953341900000000 0.1030229400000000
vn -0.9679052194819435 6.0620124736787835 -0.5995214767493915
v 0.4571446800000000 0.1953332300000000 0.1042330400000000
vn 1.5014321054873763 -5.8273664428877998 0.5547880497529141
v 0.4736854800000000 0.1575972200000000 0.0942956200000000
vn 1.2617217837691665 5.9942604787452156 0.3839978489474282
v 0.4744413600000000 0.1953988000000000 0.0874110900000000
vn 1.3183683325868572 5.9905220480439416 0.0972578681475802
v 0.4773117900000000 0.1954741400000000 0.0708416400000000
vn -1.1376030769050554 6.0600342555312645 -0.1499021582555182
v 0.4677106700000000 0.1954555900000000 0.0764524900000000
vn 1.6239854992262104 -5.8248195108004550 -0.1039401541117212
v 0.4788506700000000 0.1577511100000000 0.0605953700000000
vn -0.2229031574542625 -6.2748466830544460 -0.0629339170951150
v 0.4679987100000000 0.1577071300000000 0.0719322700000000
vn 1.4164680554104521 5.9257131944994486 -0.3062971129949522
v 0.4757962700000000 0.1955863500000000 0.0472387200000000
vn -1.1170638054942887 6.0571629958401978 0.3222172181815253
v 0.4660690100000000 0.1955952000000000 0.0467612500000000
vn 1.3291997892432175 -5.9431543015742632 -0.4961185514826631
v 0.4735865000000000 0.1578646600000000 0.0371709500000000
vn 1.1124041917833336 5.9928665879707381 -0.6849637476031427
v 0.4651418900000000 0.1957099700000000 0.0226443600000000
vn -1.0200004779101650 6.0370148240701988 0.6672747603132644
v 0.4572835000000000 0.1956917700000000 0.0275869200000000
vn -0.2540257259482301 -6.2711350622350714 0.0898355297620150
v 0.4610194300000000 0.1578808300000000 0.0353401000000000
vn 1.1818206255133665 -5.9467552536880017 -0.7790973430896014
v 0.4660673400000000 0.1579404200000000 0.0218679100000000
vn 1.0218679171772933 -5.8177736471972601 -1.2844329574063766
v 0.4483081000000000 0.1580472500000000 0.0013656700000000
vn 0.9506863377726236 5.9289319519113963 -1.0727745492501324
v 0.4500308200000000 0.1958052100000000 0.0044348500000000
vn -0.7268840006363180 6.0512571703787863 0.9404743994205289
v 0.4418781800000000 0.1957817900000000 0.0097624400000000
vn 0.4816961283179775 5.9958814350790206 -1.2001086192865311
v 0.4269614400000000 0.1958845000000000 -0.0091956900000000
vn -0.4602760097299839 6.0335658267947103 1.1460086671335030
v 0.4235103300000000 0.1958465300000000 -0.0005809300000000
vn -0.0995798282340487 -6.2747138138933325 0.1914351679778529
v 0.4252369200000000 0.1580709300000000 -0.0001609100000000
vn 0.5399290641069883 -5.9386840061627550 -1.3319542869446739
v 0.4273527400000000 0.1581173400000000 -0.0104163900000000
vn -0.1928188060017545 6.0300720114042194 1.2297194945173167
v 0.4091984900000000 0.1958741100000000 -0.0046369700000000
vn 0.2352784236366308 -5.9431209209973002 -1.4108355205142604
v 0.4109483000000000 0.1581489600000000 -0.0150649400000000
vn -0.0622075370661293 -5.9432240823135816 -1.4297188874230702
v 0.3939273100000000 0.1581677800000000 -0.0162030800000000
vn 0.2791512774829475 -6.0759845356256275 1.0655537444139889
v -0.2875937000000000 -0.1955466700000000 0.0200335900000000
vn -0.3293724751445289 -5.9894721696131343 -1.2946129676456004
v -0.2898668600000000 -0.1955034400000000 0.0110382100000000
vn 0.1285586426520522 5.8302728540672906 -1.5838762921621010
v -0.2630923200000000 -0.1577306100000000 0.0075465400000000
vn -0.3502329484020504 5.9505777648021390 -1.3192471412308384
v -0.2901171800000000 -0.1577274700000000 0.0101213500000000
vn 0.2437194721533362 5.9490404279928359 1.4238247334480234
v -0.2809577400000000 -0.1578961600000000 0.0219306300000000
vn 0.5922241612118069 -6.0610639038624328 0.9728435393256378
v -0.3071904500000000 -0.1955674800000000 0.0278510100000000
vn -0.7951168538463070 -5.9187168856450620 -1.2438942402119462
v -0.3145475800000000 -0.1955356400000000 0.0214743700000000
vn -0.8412270014136977 5.8308240422855100 -1.3482762345682546
v -0.3124419500000000 -0.1577538400000000 0.0190019000000000
vn 0.6710707065072048 5.9362899196854872 1.2939033148536701
v -0.3026590300000000 -0.1578798600000000 0.0294441000000000
vn 0.9235625694904105 -6.0400078126129770 0.7596918058520021
v -0.3248152300000000 -0.1956298000000000 0.0434540800000000
vn -1.0027069806018241 -5.9868890200853473 -0.8849299038027854
v -0.3319446300000000 -0.1955978100000000 0.0375119800000000
vn -1.0742899643373853 5.9490572857081858 -0.8535134778089981
v -0.3327833800000000 -0.1578263800000000 0.0369672300000000
vn 1.0175975669519906 5.9510070049156694 1.0154115744258099
v -0.3184242600000000 -0.1579625900000000 0.0411250300000000
vn 1.0736991804951415 -6.0418166121547330 0.5230282133037096
v -0.3330952000000000 -0.1956822600000000 0.0558142600000000
vn -1.1597210021844142 -5.9927014494760877 -0.6380806681881515
v -0.3413033000000000 -0.1956570900000000 0.0514796900000000
vn 1.1372310023644716 -6.0595631013522926 0.1799585656560691
v -0.3403971000000000 -0.1957677800000000 0.0755956300000000
vn -1.2625169775444107 -5.9935536086766152 -0.3786042956595601
v -0.3475560000000000 -0.1957259100000000 0.0670906300000000
vn -1.4882223723662169 5.8277235502187450 -0.5891709833338055
v -0.3456221600000000 -0.1579116400000000 0.0572679900000000
vn 1.2871854887253888 5.9393174295090301 0.6591581799394254
v -0.3315784700000000 -0.1580042300000000 0.0599800000000000
vn -1.4533155436349372 -5.9238019772990889 0.0491732911488475
v -0.3508541100000000 -0.1958495100000000 0.0936691000000000
vn -1.3866489949848320 5.9453752017211050 -0.0516307676967224
v -0.3515219200000000 -0.1580326500000000 0.0837603400000000
vn 1.4042210899187697 5.9545645539461409 0.2308691725096460
v -0.3374611200000000 -0.1581257500000000 0.0786898800000000
vn 1.1276273206910803 -6.0572791009530720 -0.2845030459542066
v -0.3397866400000000 -0.1959064200000000 0.1053204200000000
vn -1.2452649690664466 -5.9926024888326674 0.4084802576091637
v -0.3456663900000000 -0.1959581700000000 0.1167693100000000
vn -1.5658113148969313 5.8229675991845182 0.4055370731884579
v -0.3499753100000000 -0.1581437500000000 0.1077322500000000
vn 1.4133747697339341 5.9432487412116144 -0.2157997640295100
v -0.3370225200000000 -0.1581947900000000 0.1016608000000000
vn 1.0081770731787083 -6.0407097254339588 -0.6696565227740228
v -0.3303938100000000 -0.1960146800000000 0.1269178200000000
vn -1.1069844900691417 -5.9986767530011091 0.6725987761162942
v -0.3382490500000000 -0.1960328900000000 0.1318602600000000
vn -1.1749747968297362 5.9475501440481526 0.7578180793854905
v -0.3391746200000000 -0.1582675300000000 0.1326335300000000
vn 0.7474794208027716 -6.0546977795483796 -0.9111084911491154
v -0.3168963100000000 -0.1960960800000000 0.1431472100000000
vn -0.9153102987045415 -5.9297453875237762 1.1001863904018774
v -0.3206915000000000 -0.1961397300000000 0.1521068200000000
vn -0.9955983286630126 5.9404849861679638 1.0263827150518072
v -0.3286379200000000 -0.1583363000000000 0.1460361700000000
vn 0.2972285248795090 6.2563643013261299 -0.2614307738607481
v -0.3205694500000000 -0.1583047400000000 0.1381970400000000
vn 0.3429254141751764 -6.0506446331381927 -1.1395834791304007
v -0.2908595700000000 -0.1961823100000000 0.1574685100000000
vn -0.5108188614534238 -5.9966287893059800 1.1875419462517074
v -0.3000697300000000 -0.1962042500000000 0.1636982600000000
vn -0.7744971326321364 5.8177205454831471 1.4598208489411637
v -0.3097968200000000 -0.1584156700000000 0.1609237000000000
vn -0.2271191170840345 -6.0014748319105991 1.2608702314742399
v -0.2838890000000000 -0.1962385800000000 0.1682815600000000
vn -0.2403136994889592 5.9432547388378465 1.4097542388494988
v -0.2840586900000000 -0.1584729100000000 0.1695675700000000
vn 0.0788056920982878 6.2752018249422186 -0.1937801615940438
v -0.2949230000000000 -0.1584041200000000 0.1560292500000000
vn -0.0537256656402553 -6.0339285518894252 -1.2336126987826268
v -0.2674627000000000 -0.1962106500000000 0.1601276600000000
vn 0.0511906666563136 -6.0012348661171107 1.2799990050695886
v -0.2671098300000000 -0.1962540200000000 0.1694046800000000
vn 0.0572339372695991 5.9424230232376667 1.4318139797646747
v -0.2670441800000000 -0.1584885500000000 0.1707017500000000
vn -0.3895094363976604 -6.0630955685546351 -1.0963639791436430
v -0.2466875500000000 -0.1962046600000000 0.1565648300000000
vn 0.5178061761573225 -5.9305833154160270 1.3279290405659756
v -0.2408215200000000 -0.1962484600000000 0.1643338700000000
vn 0.3497991875467582 5.9425485941302325 1.3828617866573549
v -0.2501649800000000 -0.1584875500000000 0.1682782900000000
vn -0.0352254359283435 6.2721603301993412 -0.2424374961409830
v -0.2587800300000000 -0.1584391000000000 0.1589372900000000
vn 0.6398105018572102 5.9369359062558953 1.2724473765675772
v -0.2341611100000000 -0.1584699300000000 0.1623959200000000
vn -0.6241353833529486 5.9451968713891166 -1.2676311123179698
v -0.2406599700000000 -0.1584844200000000 0.1504174100000000
vn -0.7073786950963850 -6.0660356881195145 -0.9127401580324257
v -0.2261852300000000 -0.1961652400000000 0.1449626600000000
vn 0.7991625929570887 -5.9967085894838732 1.0147086706455160
v -0.2204496500000000 -0.1962026800000000 0.1522598500000000
vn -0.9553142130983030 -6.0553371302406553 -0.6860893248429907
v -0.2114686800000000 -0.1961018800000000 0.1298628400000000
vn 1.2135182048690574 -5.9292479410198800 0.7617636097451436
v -0.2021558800000000 -0.1961247700000000 0.1326997000000000
vn 1.1105565138343316 5.8177325098636512 1.1947992780151009
v -0.2141653000000000 -0.1584221900000000 0.1490649300000000
vn 1.2298996739710615 5.9458107907977436 0.6794287175326050
v -0.1980073700000000 -0.1583317000000000 0.1272710600000000
vn -1.1392524768882395 -6.0570138182200894 -0.2445575230576887
v -0.1999305500000000 -0.1959813700000000 0.1024437800000000
vn 1.2568539197040687 -5.9940730383519245 0.3486886463167123
v -0.1927762900000000 -0.1960274000000000 0.1109598700000000
vn 1.3352362518544461 5.9473800510906818 0.4028802897680174
v -0.1916691300000000 -0.1582619400000000 0.1114440700000000
vn -1.2692331884360015 5.9497539760932456 -0.6117363630784217
v -0.2087071500000000 -0.1583541000000000 0.1184316800000000
vn 1.2996206760853597 -5.9976371400244091 0.0593421506765544
v -0.1899058600000000 -0.1959520600000000 0.0943904100000000
vn 1.3940756562941297 5.9431524392786148 0.1029556278481396
v -0.1887601600000000 -0.1581855400000000 0.0946413900000000
vn -1.3964638122722897 5.9582022350543067 -0.1758484200533476
v -0.2028207800000000 -0.1583087200000000 0.0997093300000000
vn -1.1402209809935933 -6.0563009142236792 0.2268920232524009
v -0.2005417700000000 -0.1958427500000000 0.0727291700000000
vn 1.2876256811328659 -5.9964492081153118 -0.2189363001112321
v -0.1905449400000000 -0.1958735100000000 0.0775889100000000
vn 1.2881731424262208 -5.9230377132305065 -0.6866761850110858
v -0.1983410900000000 -0.1957514900000000 0.0519582600000000
vn 1.5727046520805419 5.8247233114936963 -0.3511218320642090
v -0.1903012800000000 -0.1580717800000000 0.0706810400000000
vn -1.4061052177272249 5.9427235221053385 0.2711465249490359
v -0.2032611600000000 -0.1581634900000000 0.0767315800000000
vn -1.0233006674946417 -6.0419365575122681 0.6179082481566074
v -0.2099341500000000 -0.1957386400000000 0.0511356800000000
vn 1.1755382171927404 5.9466108499845785 -0.7256540945801253
v -0.2011001100000000 -0.1579506600000000 0.0457679200000000
vn -1.2486898640110227 5.9541708252916061 0.6864633392595423
v -0.2094991500000000 -0.1581112000000000 0.0581304300000000
vn -0.7348294813434911 -6.0719242577703243 0.8398986312676777
v -0.2234226000000000 -0.1956528800000000 0.0349109700000000
vn 0.9485948140745497 -5.9878667102582588 -0.9350190325727714
v -0.2124717000000000 -0.1956526100000000 0.0329736900000000
vn 0.6542166159760135 -5.9191381293872762 -1.3211814122218428
v -0.2338512300000000 -0.1955664200000000 0.0168176400000000
vn 1.0509442225521926 5.8290171270924418 -1.2012913023684413
v -0.2164384000000000 -0.1578546600000000 0.0272864100000000
vn -0.9929945983907739 5.9390331016639184 1.0534700056339479
v -0.2233844700000000 -0.1579796800000000 0.0397785600000000
vn -0.4182300458602088 -6.0753081934316402 1.0235344377711431
v -0.2437073200000000 -0.1955870400000000 0.0229678200000000
vn 0.5096340278097788 5.9488744058705114 -1.2715034217130232
v -0.2398147100000000 -0.1577737400000000 0.0134836200000000
vn -0.6221166946288882 5.9510073115599198 1.2968217110960538
v -0.2393293600000000 -0.1579530500000000 0.0284224600000000
vn -0.0910719801179356 -6.0746169601023432 1.0996209165256814
v -0.2641459100000000 -0.1955483600000000 0.0177734000000000
vn 0.2391156076831487 -5.9850505852307769 -1.3223706540977926
v -0.2564360100000000 -0.1955178800000000 0.0097665400000000
vn -0.0533190668451304 -5.9895493587374631 -1.3348088192622047
v -0.2732214100000000 -0.1955024400000000 0.0086457600000000
vn -0.2008157227738953 5.9368438401407744 1.4429257640335544
v -0.2612950000000000 -0.1578691600000000 0.0217372000000000
vn -0.0593310226208560 5.9965325069093307 -1.2885727065392742
v -0.2729628800000000 0.1962560700000000 0.0104674800000000
vn 0.3127442388618535 6.0300522810633170 1.2053472345944958
v -0.2873351600000000 0.1962118500000000 0.0218553100000000
vn -0.5845273142307784 -5.8166574904604174 -1.5506178168898492
v -0.2997006000000000 0.1584843700000000 0.0143089100000000
vn -0.4762500099462194 5.9314204487054836 -1.3424584401518485
v -0.2962807800000000 0.1962530400000000 0.0144448000000000
vn -0.8001408618999897 6.0005398431958312 -1.0038630063890777
v -0.3196230100000000 0.1962078800000000 0.0276133800000000
vn 0.6451120709974132 6.0498736878199253 1.0054051044461023
v -0.3090200200000000 0.1961818900000000 0.0309876800000000
vn 0.0874839321623124 -6.2752573571311983 0.1877706484586937
v -0.2996637300000000 0.1584318400000000 0.0258844800000000
vn -0.8623374940677859 -5.9375736505720766 -1.1513489524774352
v -0.3203454500000000 0.1584406500000000 0.0265530300000000
vn -0.9996645569003451 6.0009946374083647 -0.8092109919852157
v -0.3316829400000000 0.1961607000000000 0.0393335800000000
vn 0.9232178056552656 6.0343713648266464 0.8148101540704867
v -0.3245567000000000 0.1961287200000000 0.0452757900000000
vn 0.3125511399713828 -6.2561533931637783 0.2402678298137204
v -0.3239333500000000 0.1583540400000000 0.0456412000000000
vn -1.0819533086579487 -5.9453312997056198 -0.9263064186814005
v -0.3325740000000000 0.1583959700000000 0.0384376700000000
vn -1.1520960011285648 5.9998687044082981 -0.5824498371559104
v -0.3410447600000000 0.1961014200000000 0.0533014100000000
vn 1.0854279689579767 6.0322586891541086 0.5862842067076066
v -0.3328356100000000 0.1960762600000000 0.0576359400000000
vn -1.2337130023822391 -5.9459367492000279 -0.6706068701877799
v -0.3420663500000000 0.1583358500000000 0.0526022000000000
vn -1.2675667623618687 5.9929549587133115 -0.3134438103857060
v -0.3472974600000000 0.1960357600000000 0.0689123600000000
vn -1.3341593561719052 -5.9473274078318843 -0.4065651781342311
v -0.3484044700000000 0.1582660700000000 0.0684323500000000
vn 1.1575679321213619 6.0542880369982655 0.1960645007851454
v -0.3405648400000000 0.1959757700000000 0.0798719100000000
vn 1.4155491891125225 -5.9473973029932843 0.0961090253626050
v -0.3375681900000000 0.1582604100000000 0.0833075600000000
vn -1.3919565790031294 -5.9470956907217580 -0.1164159899974426
v -0.3513125400000000 0.1581897000000000 0.0852307800000000
vn -1.4474468088832912 5.9247716994149222 0.0609280770041047
v -0.3507157400000000 0.1959308000000000 0.0923342100000000
vn -1.5603609769985824 -5.8236584604107708 0.3863095427230865
v -0.3489939700000000 0.1580611900000000 0.1122640000000000
vn -1.2277159663715036 5.9888443722038209 0.4944717093638541
v -0.3454078500000000 0.1958035000000000 0.1185910400000000
vn 1.1219155209405323 6.0596686100624053 -0.2711980805500500
v -0.3389161800000000 0.1958362800000000 0.1095639300000000
vn 0.9640701284308442 6.0729839577300906 -0.5681627612949884
v -0.3301352800000000 0.1957438400000000 0.1287395300000000
vn 1.2109206062073683 -5.9357028571128279 -0.8009988259593468
v -0.3271455400000000 0.1580530000000000 0.1273136000000000
vn -1.1964588865797960 -5.9468411320727199 0.6977208723250683
v -0.3389694400000000 0.1579548200000000 0.1341041300000000
vn -1.1503935009534605 5.9215443703801363 0.9073163162624421
v -0.3344150600000000 0.1956979000000000 0.1395412500000000
vn -1.0086660053667718 -5.9540019468657714 0.9431363000876704
v -0.3284285300000000 0.1578860500000000 0.1475066100000000
vn -0.7283272302426070 5.9907259375875741 1.1117319632453868
v -0.3146793000000000 0.1955998500000000 0.1576684200000000
vn 0.7267035229946666 6.0717958213279086 -0.8470594014519666
v -0.3147327800000000 0.1956496900000000 0.1465564500000000
vn 0.1716222372530975 -6.2699119180895542 -0.2404750777731527
v -0.3161656800000000 0.1578911300000000 0.1441012900000000
vn -0.7826160664334125 -5.9537210139842163 1.1418456869972904
v -0.3153325200000000 0.1578241100000000 0.1584279200000000
vn -0.4824441084054377 5.9903529180791573 1.2428090428953062
v -0.2998101400000000 0.1955511100000000 0.1655199200000000
vn 0.4684537076121634 6.0433554873286202 -1.0898488504461112
v -0.2963591900000000 0.1955891000000000 0.1569009500000000
vn -0.4256678219176205 -5.8306428167407951 1.5383385284889095
v -0.2907396300000000 0.1577544600000000 0.1699433900000000
vn -0.2025820035190409 5.9854128000993523 1.3281123100780312
v -0.2836304600000000 0.1955199300000000 0.1701032800000000
vn 0.2004883679765314 6.0409835805322212 -1.1730935442107873
v -0.2820473500000000 0.1955615200000000 0.1609569900000000
vn 0.2421407637129133 -5.8305379169037410 1.5857381534940291
v -0.2567128300000000 0.1577224700000000 0.1715552300000000
vn 0.1882161233807994 5.9174051227902895 1.4677042433125063
v -0.2600003700000000 0.1955014500000000 0.1710607500000000
vn -0.1855261397937122 6.0606820404177064 -1.1244386102034052
v -0.2584694200000000 0.1955414300000000 0.1614309000000000
vn -0.0000581965944906 -6.2722391451954689 -0.2749683508802627
v -0.2691449300000000 0.1577782800000000 0.1619390500000000
vn 0.5974337222186387 5.9843230198930728 1.2050708415366045
v -0.2344242000000000 0.1955196900000000 0.1630358700000000
vn -0.5214002693029084 6.0479969786347176 -1.0499139665291857
v -0.2385178100000000 0.1955609400000000 0.1547038800000000
vn 0.6014774677874153 -5.9492887720884431 1.2308019809589994
v -0.2339517300000000 0.1577429400000000 0.1638663200000000
vn 1.1332275296054097 -5.8303310314160326 1.1175711998342246
v -0.2116816600000000 0.1578000500000000 0.1483212400000000
vn 0.9995849913980109 5.9185907708876471 1.0843082573690008
v -0.2147587200000000 0.1955689400000000 0.1499364500000000
vn -0.8214389411368513 6.0614639587056605 -0.7917286588826902
v -0.2191725000000000 0.1956082600000000 0.1412372700000000
vn -1.0777935537708623 -5.9396558699817366 -0.9658122324683139
v -0.2195485800000000 0.1579318400000000 0.1363922200000000
vn 1.1761046690526233 5.9865844331877707 0.6313168071348391
v -0.1987662100000000 0.1956559800000000 0.1283933900000000
vn -1.0542806410545671 6.0461787096283581 -0.5351208380486805
v -0.2069742300000000 0.1956811300000000 0.1240609200000000
vn -1.4855661465879286 -5.8170472267433588 -0.7953220313656739
v -0.2101075900000000 0.1580669800000000 0.1210116200000000
vn 1.2162122153216985 -5.9479464499234567 0.6356730464084865
v -0.1977979900000000 0.1578843300000000 0.1287414700000000
vn 1.3294091436902482 -5.9512114207981677 0.3492422257172101
v -0.1914597500000000 0.1579509400000000 0.1129144700000000
vn 1.4308081984224221 5.9218090451930774 0.2969155854853435
v -0.1905517200000000 0.1957561900000000 0.1061920600000000
vn -1.1463163724594057 6.0585599178211975 -0.1497852391033610
v -0.1992470000000000 0.1957778800000000 0.1018068400000000
vn -1.4522720458439480 -5.9352459338385444 -0.1004929989837134
v -0.2021142400000000 0.1581201400000000 0.0946699000000000
vn 1.6174788998908642 -5.8232394247705006 -0.1045561821315590
v -0.1881079000000000 0.1580729300000000 0.0859674000000000
vn 1.3064482627956258 5.9904621900758084 -0.1725059163850150
v -0.1902832500000000 0.1958786800000000 0.0794104800000000
vn -1.1833233365008828 6.0428134250759564 0.1944745612472060
v -0.1994699400000000 0.1958781500000000 0.0807280600000000
vn -0.2704127263319658 -6.2711687989947489 0.0361032354824408
v -0.2011195800000000 0.1581381000000000 0.0746070900000000
vn 1.3288351069379907 -5.9417282854082085 -0.5009944804455340
v -0.1933715600000000 0.1581864400000000 0.0625413500000000
vn 1.3167569422999141 5.9259679081028018 -0.5931821398787265
v -0.1966797400000000 0.1959905400000000 0.0566305400000000
vn -1.0322208313304189 6.0550395978016098 0.5594074845051371
v -0.2062981800000000 0.1959851300000000 0.0581819800000000
vn 1.2652919144003527 -5.8205898742173829 -1.0496640303316882
v -0.2065035800000000 0.1583072300000000 0.0387681000000000
vn 0.9455555064391306 5.9997619297477121 -0.8784643472641281
v -0.2122131700000000 0.1960995900000000 0.0347953700000000
vn -0.8751202447740104 6.0350866989948395 0.8610610288779315
v -0.2188705400000000 0.1960735500000000 0.0412629500000000
vn 0.7223106951407848 5.9950954034357240 -1.0774182681798186
v -0.2251243400000000 0.1961607100000000 0.0240250600000000
vn -0.6641288369008528 6.0312022017049092 1.0455362350719390
v -0.2302923100000000 0.1961280000000000 0.0317338400000000
vn -0.1801810090421538 -6.2748169130479514 0.1259031824525544
v -0.2175409600000000 0.1582987600000000 0.0423424100000000
vn 0.7957027480367156 -5.9389792480584029 -1.1930572813730886
v -0.2245244900000000 0.1583929200000000 0.0229144100000000
vn -0.5422040632061685 -5.9433641477299268 1.3222739821508989
v -0.2451743000000000 0.1584623400000000 0.0274078700000000
vn 0.4226102432951204 -5.8161336326007804 -1.5935257685189190
v -0.2490850200000000 0.1584621100000000 0.0114051500000000
vn 0.4213464267547324 5.9306022804831775 -1.3628138749524641
v -0.2463307900000000 0.1962237600000000 0.0135346500000000
vn -0.2926222435357823 6.0499849596723774 1.1587389873098259
v -0.2516192700000000 0.1961853000000000 0.0217172700000000
vn -0.0243988186810732 -6.2722371682251241 0.2441525038634298
v -0.2638897400000000 0.1584319800000000 0.0202711000000000
vn 0.0346586686523200 6.0327497575602358 1.2382697345885028
v -0.2726101300000000 0.1962127100000000 0.0197413400000000
vn -0.0422400630480272 -5.9365385566032360 -1.4419041259076124
v -0.2730318000000000 0.1584895600000000 0.0091673700000000
vn -5.8479628572013018 -0.0986030028838891 1.9577631710130052
v -0.4545216300000000 -0.0002208800000000 -0.0783536100000000
vn -6.0546456123573060 0.4758063979005639 -0.5654432173883864
v -0.4552011500000000 0.0200793400000000 -0.0833379500000000
vn 5.7092509986825828 -0.0028830957884554 -2.1733154870968177
v -0.4184812700000000 -0.0063750000000000 -0.0936797400000000
vn 5.7062470769267932 0.3196915045828624 -2.1605684732483441
v -0.4182320500000000 0.0105755600000000 -0.0918348600000000
vn 6.2528454401060936 -0.0918862726391156 -0.4385161671283501
v -0.4167599000000000 0.0081848400000000 -0.0809395200000000
vn -5.8418543413198423 -0.4964592500447794 1.8922708332458247
v -0.4536745200000000 0.0224872600000000 -0.0720741600000000
vn -5.8852322594610600 -0.7671228672432520 1.6781804855684808
v -0.4521787200000000 0.0404224700000000 -0.0610352700000000
vn -6.0800593253310407 0.7686358991100122 -0.2563460561275006
v -0.4536723400000000 0.0408276500000000 -0.0720590900000000
vn 5.5812666515845297 0.8051708082510325 -2.1860830019238255
v -0.4171426000000000 0.0331749700000000 -0.0837795300000000
vn 6.2419381012150570 -0.1494721645718081 -0.6614881922367463
v -0.4151042700000000 0.0368874600000000 -0.0687014000000000
vn -5.9825460228870719 1.1910371983193309 -0.0285866740179934
v -0.4511330300000000 0.0597608800000000 -0.0532910900000000
vn 5.7698774499826380 1.0451244539439204 -1.7272893351615197
v -0.4148282600000000 0.0541126000000000 -0.0666553000000000
vn -5.9088801465273635 -1.0435441160216901 1.3962522929055383
v -0.4497073800000000 0.0550301300000000 -0.0427608900000000
vn 5.7983073010853357 1.2377328253648026 -1.4748439129177187
v -0.4129706200000000 0.0640674300000000 -0.0529388800000000
vn -5.9657271330273911 -1.1384637956581507 1.0692922883881093
v -0.4470893400000000 0.0629900100000000 -0.0234122100000000
vn -5.9923095010440006 1.2498513251213224 0.3933941589734449
v -0.4482617700000000 0.0698596800000000 -0.0320663700000000
vn 6.2289726991150314 -0.2523727754942552 -0.7325877904792255
v -0.4112005800000000 0.0584395200000000 -0.0398549200000000
vn -5.8664306403847686 1.4520918411430228 0.8223316769108606
v -0.4447201800000000 0.0740459100000000 -0.0058592100000000
vn 5.7245665062578137 1.5853773332097216 -1.1230770350668224
v -0.4099891900000000 0.0731531600000000 -0.0309024300000000
vn 5.9062637114126826 -1.4379870181955599 -0.6286022252960182
v -0.4086043700000000 0.0607925300000000 -0.0201098700000000
vn -5.9978040575791063 -1.2117392341819553 0.6889782764574186
v -0.4439339700000000 0.0639751900000000 -0.0000915400000000
vn 5.9125893213063136 1.3899016286219208 -0.6324790973592151
v -0.4063546700000000 0.0743199100000000 -0.0040314800000000
vn -6.0369645502838303 -1.1444633552476500 0.4189412841587992
v -0.4419852300000000 0.0608119900000000 0.0143133200000000
vn -5.8845401603733016 1.2555899577998924 1.1947151533165774
v -0.4415958100000000 0.0696264500000000 0.0171946500000000
vn 6.1984420821779658 -0.2055393321470802 -0.9765154057008133
v -0.4025231800000000 0.0538622600000000 0.0242992400000000
vn -6.0906246105646140 -0.9549097253013363 0.1442013971492335
v -0.4394385200000000 0.0516191000000000 0.0331315400000000
vn -5.8527428240576391 1.1261566345520091 1.4611135624725753
v -0.4395417900000000 0.0627160600000000 0.0323881100000000
vn 5.8586342721893860 1.4932214842612059 -0.1300641183475040
v -0.4032279600000000 0.0686031600000000 0.0190738400000000
vn -5.7237182433514571 0.9501601132371971 1.8825738289430696
v -0.4367522400000000 0.0458477000000000 0.0530194300000000
vn -6.1166224648817957 -0.7016776032439720 -0.1638190045157841
v -0.4372340300000000 0.0347993000000000 0.0494500400000000
vn 5.9312934451759913 1.0946121948934548 0.4039043975957193
v -0.3994877300000000 0.0489690000000000 0.0466990500000000
vn -6.1484767874612221 -0.3771007294806585 -0.2845213512853721
v -0.4358962500000000 0.0161908300000000 0.0593203200000000
vn -5.7756978130261745 0.5417506678224762 1.9926727149845771
v -0.4351057600000000 0.0256177500000000 0.0651810400000000
vn 6.0649806336221399 0.5545850801021993 0.4915051330903892
v -0.3975377900000000 0.0260705600000000 0.0611384000000000
vn -5.6764718595153933 0.1234270651403741 2.2286736332586004
v -0.4341778000000000 -0.0002290700000000 0.0720431500000000
vn 6.1791108762705882 -0.0817732968568096 -1.1008597665888786
v -0.3984714800000000 0.0135090200000000 0.0542216700000000
vn -6.1469943216081679 0.0096410394896862 -0.3868458859463996
v -0.4354356300000000 -0.0070891200000000 0.0627240700000000
vn 5.9875944110209947 0.1778992680133863 0.8166366901004634
v -0.3966366500000000 0.0030054700000000 0.0677869900000000
vn 5.6891699322004401 -0.0175571838387441 -2.2312274231755800
v -0.3985101500000000 -0.0065286300000000 0.0544885900000000
vn -6.1513818679753616 0.3536241547648084 -0.2830677151388897
v -0.4358193300000000 -0.0280071900000000 0.0598683400000000
vn -5.7635752656213954 -0.2673257080182112 2.0806439711786466
v -0.4344394900000000 -0.0238475400000000 0.0701033400000000
vn 6.0737070637547124 -0.3102117122586059 0.5553853618721483
v -0.3968619400000000 -0.0240835200000000 0.0661266500000000
vn -5.7045767821210873 -0.7504293051071902 2.0261773122015616
v -0.4357239800000000 -0.0488571400000000 0.0605847200000000
vn 6.1955982294107033 0.1551606677506177 -1.0072676908478764
v -0.3999899600000000 -0.0503942400000000 0.0429961500000000
vn -6.1203029609388517 0.7634193943536590 -0.0478498479384189
v -0.4377706000000000 -0.0539416600000000 0.0454533300000000
vn 5.9607420622119083 -0.8088618162934254 0.6223414242096285
v -0.3979496000000000 -0.0466967200000000 0.0580673400000000
vn -5.8168854211308822 -0.9711150885411211 1.6865794771681983
v -0.4377959700000000 -0.0667819700000000 0.0452745600000000
vn -6.0690479240179229 1.0504445297079334 0.3236961933387058
v -0.4409635500000000 -0.0717087600000000 0.0218431400000000
vn -5.8546480458815262 -1.1389152753602299 1.4420786371692067
v -0.4396263800000000 -0.0766040100000000 0.0317463000000000
vn 5.8986712852483256 -1.2997162709091177 0.1694089692805348
v -0.4009563600000000 -0.0723588000000000 0.0358310500000000
vn -5.8341417079945384 -1.4264154492989574 1.0657356774753415
v -0.4429782900000000 -0.0861994100000000 0.0069671300000000
vn 5.9465765125935048 -1.3361182389083601 -0.3873544698705006
v -0.4042147100000000 -0.0844417000000000 0.0117666900000000
vn -6.0039328381606616 1.1933017114871238 0.6954122330491388
v -0.4440198800000000 -0.0775587000000000 -0.0007426000000000
vn 6.2248368800520382 0.2222533084740760 -0.7914802524141025
v -0.4088236500000000 -0.0773938700000000 -0.0222916900000000
vn -5.9701725803036911 1.1452509236409587 1.0351833813276938
v -0.4468472300000000 -0.0768841300000000 -0.0216380400000000
vn -5.9538484997108814 -1.3112981323550577 0.6790962451778542
v -0.4461503200000000 -0.0867143900000000 -0.0164886600000000
vn 5.7727437147705132 -1.6292446483849974 -0.7733498357654044
v -0.4073811000000000 -0.0887045600000000 -0.0116458600000000
vn -5.9960431311069309 -1.2431047743683206 0.3974833761227760
v -0.4483546500000000 -0.0831433300000000 -0.0327707800000000
vn -5.9030569785630744 1.0397292123323796 1.4160377148676888
v -0.4497821500000000 -0.0682173900000000 -0.0433268800000000
vn -6.0307659947916923 -1.1268779857041795 0.1459795313504835
v -0.4504086800000000 -0.0762329400000000 -0.0479642500000000
vn 5.6843326427982159 -1.4796725765558798 -1.4203266904459007
v -0.4118657700000000 -0.0821119300000000 -0.0447949800000000
vn -5.8881555337809441 0.7804824124591598 1.6635493384264177
v -0.4520151800000000 -0.0552647000000000 -0.0598502500000000
vn -6.0180674915179573 -0.9499318134991532 -0.2930480435538484
v -0.4532040200000000 -0.0593634100000000 -0.0685992700000000
vn 5.7698855302208560 -1.0265014971015358 -1.7205161927249248
v -0.4148986400000000 -0.0671190100000000 -0.0672120300000000
vn 5.7380104383467794 -0.7968856018651994 -1.9227747494133904
v -0.4164198000000000 -0.0543941800000000 -0.0784606800000000
vn 5.9494917081708261 0.9855590725562848 0.5568544607699863
v -0.4148990200000000 -0.0468123200000000 -0.0661456300000000
vn -5.8572256565722594 0.3704026878765866 1.8979587347461107
v -0.4540533100000000 -0.0297021200000000 -0.0749041000000000
vn -6.0972063556526601 -0.5471873248536432 -0.3839060806972517
v -0.4548489500000000 -0.0391346200000000 -0.0807580700000000
vn -6.1132663959334987 -0.2657309945414676 -0.4645156448975070
v -0.4555355500000000 -0.0231197900000000 -0.0858349300000000
vn 5.5658248326167552 -0.5083630145387212 -2.2991301605987249
v -0.4179439700000000 -0.0332304300000000 -0.0897171500000000
vn 6.0680743356391176 0.5438536435123508 0.5090017334866862
v -0.4161129300000000 -0.0314987100000000 -0.0756500800000000
vn -6.1167471859361822 0.0113883669766326 -0.4922012810736829
v -0.4557602200000000 -0.0063810500000000 -0.0875000700000000
vn -1.0126149035042684 -4.3817694668302662 -3.7591574369793785
v 0.3759226500000000 -0.1937607100000000 -0.0189597600000000
vn -0.1122953298196310 -4.3933734472874875 -3.8634190213099351
v 0.3935572100000000 -0.1937628200000000 -0.0214930800000000
vn -1.3970471718316657 -2.1353233522348383 -5.5321210960762519
v 0.3753742400000000 -0.1900100000000000 -0.0211231400000000
vn -0.2180264260485232 -2.1348946326291500 -5.7016160008152523
v 0.3934739100000000 -0.1900089200000000 -0.0237257600000000
vn -1.5075600288577018 -0.5447673978489749 -5.9668535434814434
v 0.3751044400000000 -0.1842180900000000 -0.0221887900000000
vn -0.2341659852762224 -0.5442479847092393 -6.1499971361703460
v 0.3934346600000000 -0.1842169900000000 -0.0248233600000000
vn -1.4154372486729248 1.4636900948772189 -5.6207079938638893
v 0.3752051800000000 -0.1659076700000000 -0.0220265500000000
vn -0.2133551215611249 1.4652371427413358 -5.7913162239717852
v 0.3935198200000000 -0.1659022400000000 -0.0246440700000000
vn -1.0104344489109640 4.2560135584199461 -3.8123660985382024
v 0.3759465200000000 -0.1597354900000000 -0.0188015900000000
vn -0.0750844191469036 4.2417148812661489 -3.9798735375738512
v 0.3935779300000000 -0.1597344400000000 -0.0213347800000000
vn 0.3698839851968971 5.8976672016717835 1.8854751814271535
v 0.3861169300000000 -0.1584735400000000 -0.0028307500000000
vn 1.9316061009460510 -3.8249038692617678 3.8903003979195141
v 0.3694204400000000 -0.1918264900000000 0.0078756900000000
vn -1.7221509014879932 -4.3614056469593727 -3.5459301984338705
v 0.3592018500000000 -0.1937791100000000 -0.0128152000000000
vn -2.5147000431714317 -2.1351159985341486 -5.1227405119198792
v 0.3582119600000000 -0.1900257400000000 -0.0148142800000000
vn -2.7148040528210133 -0.5465082566026987 -5.5229618803733427
v 0.3577166900000000 -0.1842372300000000 -0.0157976300000000
vn -2.5543284376940334 1.4626567945737419 -5.2035646345965993
v 0.3578369300000000 -0.1659225400000000 -0.0156567400000000
vn -1.8055917122931537 4.2004491573857656 -3.6561219371194471
v 0.3592225700000000 -0.1597538900000000 -0.0126569100000000
vn 0.8309204519955276 5.8545953248627516 1.8871261951173435
v 0.3671647100000000 -0.1584727400000000 0.0035033900000000
vn -2.4327274336153386 -4.3605865568068340 -3.1104398983974670
v 0.3441210100000000 -0.1938140700000000 -0.0033271900000000
vn -3.5220924944575835 -2.1366120647282911 -4.4882733160268300
v 0.3427349200000000 -0.1900616100000000 -0.0050794400000000
vn -3.8030304494107927 -0.5477655968032981 -4.8386343464104389
v 0.3420422800000000 -0.1842735700000000 -0.0059341400000000
vn -3.5817679513099545 1.4597935120963725 -4.5586070602609112
v 0.3421673900000000 -0.1659623700000000 -0.0058155200000000
vn -2.5304702798426311 4.1986663088225367 -3.2004790054823506
v 0.3441448800000000 -0.1597888500000000 -0.0031690200000000
vn 1.2052118392329467 5.8734162432480925 1.5027882442793372
v 0.3552702400000000 -0.1585003100000000 0.0109876700000000
vn -2.9333701890768333 -4.3958688187336437 -2.5122027969396106
v 0.3313448700000000 -0.1938640500000000 0.0090892000000000
vn -4.3765830395129655 -2.1409467384397800 -3.6582660527323494
v 0.3296204900000000 -0.1901129100000000 0.0076658500000000
vn -4.7252211207271575 -0.5522387625347753 -3.9421984492596351
v 0.3287591100000000 -0.1843255200000000 0.0069724300000000
vn -4.4530271247142306 1.4554753857949736 -3.7143120614074432
v 0.3288881500000000 -0.1660168100000000 0.0070669100000000
vn -3.1428521661179163 4.1961817742896113 -2.6021566557777622
v 0.3313655900000000 -0.1598356700000000 0.0092475000000000
vn 1.4237341257152787 5.8809751301532671 1.2180078625870514
v 0.3451912400000000 -0.1585397300000000 0.0207794900000000
vn -3.4571982286111043 -4.3893948349076144 -1.7724295601407132
v 0.3214299800000000 -0.1939268600000000 0.0238881700000000
vn -5.0387005059501364 -2.1456936057231650 -2.6687808792214578
v 0.3194412800000000 -0.1901773700000000 0.0228551800000000
vn -5.4410169489219591 -0.5565030900604481 -2.8739283670412616
v 0.3184493700000000 -0.1843908200000000 0.0223584600000000
vn -5.1289740721953496 1.4516112970526167 -2.7071268197353731
v 0.3185785000000000 -0.1660818000000000 0.0224269100000000
vn -3.6169446033085291 4.1973650751542548 -1.8746214435938975
v 0.3214507000000000 -0.1598984800000000 0.0240464800000000
vn 1.6943501608924996 5.8724295045448525 0.9428684343289016
v 0.3373698400000000 -0.1585861200000000 0.0324554100000000
vn -3.7728314373222260 -4.3723830617333102 -1.1014932731226492
v 0.3148048200000000 -0.1939997600000000 0.0404255800000000
vn -5.4819093583135432 -2.1496706967583297 -1.5631382119723116
v 0.3126421700000000 -0.1902522100000000 0.0398321700000000
vn -5.9191832968838067 -0.5614955947684677 -1.6799780393987158
v 0.3115646800000000 -0.1844666100000000 0.0395504500000000
vn -5.5817293808587429 1.4457353134017414 -1.5809831602310380
v 0.3116870200000000 -0.1661592800000000 0.0395968400000000
vn -3.8262098691117670 4.2278968881272228 -1.1424044714299408
v 0.3148255400000000 -0.1599713800000000 0.0405838800000000
vn 1.9263806291767418 5.8643975696503272 0.5065636636708784
v 0.3321467300000000 -0.1586436300000000 0.0454999400000000
vn -3.8380614176513865 -4.4062504931628457 -0.3135827146210477
v 0.3117674500000000 -0.1940795700000000 0.0579789900000000
vn -5.6849117867696091 -2.1555769854652196 -0.3894934865845451
v 0.3095243700000000 -0.1903341200000000 0.0578468900000000
vn -6.1385873290757074 -0.5673300554461198 -0.4124933691357892
v 0.3084051900000000 -0.1845464200000000 0.0577985300000000
vn -5.7893710249625441 1.4411036640525010 -0.3856418230957048
v 0.3085171300000000 -0.1662409500000000 0.0578226700000000
vn -3.9558482383280040 4.2394888656952876 -0.2006661728648979
v 0.3117881700000000 -0.1600511800000000 0.0581372900000000
vn -3.8271299315282854 -4.3999253851599036 0.5926566810590437
v 0.3124446200000000 -0.1941628000000000 0.0757819300000000
vn -5.6396302281949113 -2.1611325781076087 0.8001132936994446
v 0.3102194200000000 -0.1904195500000000 0.0761200500000000
vn -6.0897089572655840 -0.5733186456995458 0.8725148203180400
v 0.3091091700000000 -0.1846329500000000 0.0763062700000000
vn -5.7444311477898378 1.4354996855981517 0.8266674516961621
v 0.3092061200000000 -0.1663267500000000 0.0763099400000000
vn -4.0387811899768016 4.1860336311686375 0.6146877255714103
v 0.3124653400000000 -0.1601344200000000 0.0759402400000000
vn 1.4250813156211981 5.9412714018340544 -0.1967017167374519
v 0.3294965300000000 -0.1585039200000000 0.0729592500000000
vn 2.8621602300732745 -5.4586746079919521 -1.1121783502867046
v 0.3360784800000000 -0.1935456100000000 0.0859758500000000
vn -3.6882352525681670 -4.3843345447972979 1.3208299996367614
v 0.3168066700000000 -0.1942458100000000 0.0930549300000000
vn -5.3481300139645649 -2.1664106972646859 1.9542391564724226
v 0.3146967900000000 -0.1905047500000000 0.0938490300000000
vn -5.7749163349260364 -0.5791063569094768 2.1190831651638113
v 0.3136458300000000 -0.1847224100000000 0.0942647400000000
vn -5.4487836680246691 1.4294209549858450 2.0031571171741631
v 0.3137239700000000 -0.1664135000000000 0.0942524900000000
vn -3.7781321973839010 4.2168931455215004 1.3297395898527660
v 0.3168273900000000 -0.1602174300000000 0.0932132300000000
vn 2.6897753604280661 5.5795201309700762 -0.8518425823518008
v 0.3344763000000000 -0.1591236100000000 0.0860294400000000
vn 2.5296894303654320 -5.4745589688640273 -1.6728195403364301
v 0.3420445200000000 -0.1936057100000000 0.0981133300000000
vn -3.3301598595344846 -4.3844046837061477 2.0732143002236696
v 0.3246648300000000 -0.1943249800000000 0.1090445700000000
vn -4.8224872751121177 -2.1719863810883426 3.0234456297652428
v 0.3227627300000000 -0.1905860100000000 0.1102605700000000
vn -5.2072492580229728 -0.5851192310952574 3.2733980352819030
v 0.3218134800000000 -0.1848047000000000 0.1108852100000000
vn -4.9140652364072066 1.4243963266450601 3.0924913204054314
v 0.3218704300000000 -0.1664947300000000 0.1108619300000000
vn -3.2683717403891270 4.2496145621615735 2.1520281112899582
v 0.3246855500000000 -0.1602966000000000 0.1092028700000000
vn 1.4515602791608484 5.9107867988234579 -0.9072630011057080
v 0.3399247300000000 -0.1589001500000000 0.0996246000000000
vn -2.7872019448982472 -4.4198570593112532 2.6336031196164615
v 0.3356763100000000 -0.1943968300000000 0.1230475300000000
vn -4.0868660680607576 -2.1766642156351050 3.9599144824031933
v 0.3340663700000000 -0.1906597500000000 0.1246327200000000
vn -4.4122430951437668 -0.5907229607534011 4.2845502924890173
v 0.3332622000000000 -0.1848794000000000 0.1254435700000000
vn -4.1650050748900567 1.4202479958090959 4.0467951687185373
v 0.3332951000000000 -0.1665684900000000 0.1254124900000000
vn -2.9181439476831286 4.2107591316949460 2.7545524577454521
v 0.3357001900000000 -0.1603684500000000 0.1232057100000000
vn 0.8932222054515309 5.9628603575977515 -1.0724715690806852
v 0.3540442800000000 -0.1587578100000000 0.1168782300000000
vn -2.1061133270080310 -4.4130278284301392 3.2316875510190339
v 0.3493587200000000 -0.1944582400000000 0.1344574700000000
vn -3.1723202566133812 -2.1809527551715520 4.7220112072453162
v 0.3481100300000000 -0.1907227900000000 0.1363449500000000
vn -3.4247382075488741 -0.5950469697155436 5.1078607311016464
v 0.3474875400000000 -0.1849432500000000 0.1373069100000000
vn -3.2339023786456158 1.4166273776018645 4.8240939275623953
v 0.3474962300000000 -0.1666293900000000 0.1372740500000000
vn -2.1683554584462876 4.2224254566524131 3.3387149079565717
v 0.3493794400000000 -0.1604330100000000 0.1346157600000000
vn -1.4718977384462866 -4.3971563312633446 3.6160437503162601
v 0.3651156800000000 -0.1945065100000000 0.1427724500000000
vn -2.1187960018628118 -2.1846960395300479 5.2773450086245637
v 0.3642799000000000 -0.1907723400000000 0.1448801900000000
vn -2.2870520481258945 -0.5981277671732357 5.7083501805873151
v 0.3638659300000000 -0.1849934400000000 0.1459511500000000
vn -2.1614731130398841 1.4144869453762572 5.3906765582852278
v 0.3638473300000000 -0.1666746500000000 0.1459200300000000
vn -1.5028242449840874 4.1714860940382881 3.8172509431988244
v 0.3651364000000000 -0.1604812900000000 0.1429307300000000
vn 0.5310703060734334 5.9542597211972037 -1.2938663860390001
v 0.3710461900000000 -0.1587792800000000 0.1266998800000000
vn -0.6956794709441700 -4.4273011186934079 3.7630469919526717
v 0.3822550500000000 -0.1945395600000000 0.1476321700000000
vn -0.9733537126507628 -2.1861938827131477 5.6023753966705847
v 0.3818749400000000 -0.1908094100000000 0.1498658400000000
vn -1.0501518644393721 -0.6000301432008014 6.0591707098621344
v 0.3816846000000000 -0.1850277700000000 0.1509999500000000
vn -0.9945822361875412 1.4111114984556736 5.7235185567411051
v 0.3816448900000000 -0.1667103100000000 0.1509780600000000
vn -0.7526257842547781 4.2045321208475066 3.9479584928953075
v 0.3822757700000000 -0.1605143300000000 0.1477904600000000
vn 0.5847416502163149 5.5938877423896791 -2.7286967289875688
v 0.3848735600000000 -0.1593592700000000 0.1289098500000000
vn 0.2069292705723275 -4.4186015652889514 3.8457976781513179
v 0.4000321500000000 -0.1945590600000000 0.1488184500000000
vn 0.2147819604149863 -2.1880173385006918 5.6815772836227563
v 0.4001200100000000 -0.1908261900000000 0.1510859500000000
vn 0.2332846120325627 -0.6017468002588332 6.1446479741708568
v 0.4001663100000000 -0.1850447800000000 0.1522373900000000
vn 0.2152820624831246 1.4104015034683937 5.8050728331322974
v 0.4001031800000000 -0.1667302500000000 0.1522285100000000
vn 0.2131406496439015 4.2418630854119508 3.9176335521310057
v 0.4000528700000000 -0.1605306800000000 0.1489767500000000
vn -0.0823884863273231 5.9166355562996502 -1.6907869387240955
v 0.3993696500000000 -0.1590854600000000 0.1309992100000000
vn -1.0811135553508664 -3.7846076979669507 -4.2426244912414806
v 0.4119745900000000 -0.1923924000000000 0.1239414600000000
vn 0.9458965217864814 -4.3989276355658342 3.7833330646539940
v 0.4176668300000000 -0.1945580300000000 0.1462883000000000
vn 1.3933814311890460 -2.1859167289699517 5.5128189025835628
v 0.4182187900000000 -0.1908251300000000 0.1484875800000000
vn 1.5061754516640598 -0.6005212662352545 5.9622678955179955
v 0.4184965200000000 -0.1850436900000000 0.1496028300000000
vn 1.4177104966611653 1.4072178595670690 5.6354498489666209
v 0.4184228500000000 -0.1667411000000000 0.1496107500000000
vn 0.9109034659380266 4.2012847679034167 3.9160832961095959
v 0.4176875500000000 -0.1605296500000000 0.1464466000000000
vn -0.5044670971068482 5.9645957979285376 -1.2927323013847021
v 0.4213710200000000 -0.1588511200000000 0.1273882500000000
vn 1.6603724295240752 -4.4280119909838902 3.4462844691208181
v 0.4343875100000000 -0.1945396100000000 0.1401405800000000
vn 2.5115968356466976 -2.1869326262851718 5.1017541472232413
v 0.4353810600000000 -0.1908062300000000 0.1421787400000000
vn 2.7138595713402145 -0.6008375787527082 5.5177775551550656
v 0.4358833800000000 -0.1850245700000000 0.1432159100000000
vn 2.5552501827049880 1.4112805654181144 5.2167144487703574
v 0.4357893900000000 -0.1667140500000000 0.1432451300000000
vn 1.7898374701276800 4.2203399685430369 3.5571332600580119
v 0.4344082300000000 -0.1605112300000000 0.1402988800000000
vn 2.4411411996485328 -4.4139804396155835 2.9859464924748296
v 0.4494674600000000 -0.1945046700000000 0.1306568200000000
vn 3.5188560668475750 -2.1825450225020289 4.4683947438710856
v 0.4508591500000000 -0.1907703700000000 0.1324438600000000
vn 3.8018813263997466 -0.5968571389926332 4.8340569064379482
v 0.4515577500000000 -0.1849924300000000 0.1333513500000000
vn 3.5835522915525586 1.4129685134526215 4.5722510945167496
v 0.4514544700000000 -0.1666746800000000 0.1334034800000000
vn 2.5338391074669739 4.1661646906010521 3.2368909892596065
v 0.4494881800000000 -0.1604762900000000 0.1308151200000000
vn -0.8763107806027366 5.9534030120376045 -1.0952153403521956
v 0.4383842100000000 -0.1587818700000000 0.1175661900000000
vn 3.0023522485974858 -4.3937546768483262 2.5009067317951379
v 0.4622446100000000 -0.1944546900000000 0.1182393400000000
vn 4.3734665601040827 -2.1825342331986755 3.6376090437576334
v 0.4639756500000000 -0.1907190600000000 0.1196974400000000
vn 4.7237322415475003 -0.5958826101958449 3.9370758457570800
v 0.4648442400000000 -0.1849405000000000 0.1204488700000000
vn 4.4533523889729860 1.4170987549073999 3.7275096348054015
v 0.4647370900000000 -0.1666305600000000 0.1205248800000000
vn 3.1491257458365887 4.1691680470251828 2.6416810231819206
v 0.4622653300000000 -0.1604294600000000 0.1183976200000000
vn -1.6770494457689944 5.7596959967964061 -1.4035579224724533
v 0.4472132500000000 -0.1592922000000000 0.1067209800000000
vn -2.7291354602872575 -5.4533822456314462 -1.4277624558014235
v 0.4540034400000000 -0.1936572600000000 0.0938619100000000
vn 3.4746518796488788 -4.3871448903422579 1.8149866948520432
v 0.4721626600000000 -0.1943918800000000 0.1034402400000000
vn 5.0361971863389350 -2.1773884552836837 2.6484967153434367
v 0.4741548600000000 -0.1906545900000000 0.1045081100000000
vn 5.4400796380033789 -0.5909950291571657 2.8682964761410399
v 0.4751539700000000 -0.1848752000000000 0.1050628400000000
vn 5.1306941378827844 1.4202787435240447 2.7201407325879092
v 0.4750483000000000 -0.1665688900000000 0.1051628200000000
vn 3.6229359408227717 4.1752435376659935 1.9138913557075925
v 0.4721833800000000 -0.1603666600000000 0.1035985300000000
vn -1.7648066703757352 5.9075944375875391 -0.7174193387839567
v 0.4598946200000000 -0.1589404900000000 0.0878974700000000
vn -2.9233874676868834 -5.4747879795000713 -0.8058942047412690
v 0.4590333900000000 -0.1936019100000000 0.0813061600000000
vn 3.7802633903576419 -4.3826387340678608 1.0517971530698063
v 0.4787867600000000 -0.1943189800000000 0.0869028800000000
vn 5.4797908660651000 -2.1709665043629158 1.5435243826898770
v 0.4809509400000000 -0.1905797700000000 0.0875343900000000
vn 5.9183593029838981 -0.5854034128980373 1.6742327589425940
v 0.4820385000000000 -0.1847993900000000 0.0878666400000000
vn 5.5828617715960789 1.4252438400735703 1.5944826249541422
v 0.4819381700000000 -0.1664881700000000 0.0879914800000000
vn 3.8323498869034376 4.2130627463769228 1.1824446267616706
v 0.4788074800000000 -0.1602937600000000 0.0870611700000000
vn 3.8333169918571022 -4.4130461392546012 0.2732233907059285
v 0.4818251800000000 -0.1942391700000000 0.0693494300000000
vn 5.6825973918395949 -2.1659279592312366 0.3703606894683111
v 0.4840717700000000 -0.1904978500000000 0.0695163900000000
vn 6.1378007256815765 -0.5791411561365833 0.4079914492536313
v 0.4851979900000000 -0.1847164300000000 0.0696185800000000
vn 5.7904654648583014 1.4317073179101636 0.3997915714598566
v 0.4851077900000000 -0.1663969000000000 0.0697686500000000
vn 3.9610340797864771 4.2332492332288734 0.2404815450320189
v 0.4818490600000000 -0.1602139500000000 0.0695076000000000
vn -2.1586915598255865 5.8381839882587485 -0.0701885231031070
v 0.4638879000000000 -0.1588331300000000 0.0683136100000000
vn 3.8222149333050153 -4.3985088375737815 -0.6335252053279965
v 0.4811511700000000 -0.1941559400000000 0.0515463600000000
vn 5.6369246621213431 -2.1607626747157456 -0.8197070432895830
v 0.4833809700000000 -0.1904124300000000 0.0512441200000000
vn 6.0888197040467578 -0.5730574505859249 -0.8772882362442869
v 0.4844982300000000 -0.1846299000000000 0.0511106700000000
vn 5.7457324956546882 1.4366213042889795 -0.8130002247053728
v 0.4844231700000000 -0.1663189200000000 0.0512754400000000
vn 4.0565035660570423 4.1829198573343742 -0.5641448097093767
v 0.4811718900000000 -0.1601307200000000 0.0517046500000000
vn -2.0255172938770354 5.8580118450657377 0.2598572208264475
v 0.4633538200000000 -0.1587674900000000 0.0542723900000000
vn 3.6831406560472120 -4.3761011610330955 -1.3619123124313084
v 0.4767880700000000 -0.1940729300000000 0.0342734000000000
vn 5.3455389781150364 -2.1548039791723324 -1.9745429644252044
v 0.4789025400000000 -0.1903272200000000 0.0335151900000000
vn 5.7741717751711965 -0.5666303039530185 -2.1244258327238112
v 0.4799616800000000 -0.1845436100000000 0.0331553500000000
vn 5.4493295171602885 1.4438129299612728 -1.9889607430467959
v 0.4799067400000000 -0.1662247000000000 0.0333415000000000
vn 3.8320427445928917 4.1919147766137463 -1.4028906225410835
v 0.4768087800000000 -0.1600477100000000 0.0344316900000000
vn -1.7689853971070910 5.8784755161724682 0.7130965621718586
v 0.4599132000000000 -0.1587020000000000 0.0406461700000000
vn -3.6875337721931762 -3.8138747238552226 2.3140634601237826
v 0.4494294100000000 -0.1919843900000000 0.0306132900000000
vn 3.3248560932913027 -4.3691249752848496 -2.1137551852115379
v 0.4689299400000000 -0.1939937700000000 0.0182848200000000
vn 4.8202722018674109 -2.1498474991558476 -3.0431450182141937
v 0.4708377400000000 -0.1902459700000000 0.0171057100000000
vn 5.2064236959836450 -0.5614132976888403 -3.2787112691185873
v 0.4717928600000000 -0.1844613000000000 0.0165317600000000
vn 4.9159589754514945 1.4467105573002226 -3.0794177134256282
v 0.4717573600000000 -0.1661553000000000 0.0167239000000000
vn 3.4296339015739914 4.2279780860666811 -2.0490081733984993
v 0.4689506600000000 -0.1599685400000000 0.0184431100000000
vn -1.9289425336426760 5.8063465945588799 1.2018590039381212
v 0.4537173500000000 -0.1586395600000000 0.0280338900000000
vn 2.8167435969804422 -4.3663835720081625 -2.7597112886787629
v 0.4579194800000000 -0.1939219100000000 0.0042807700000000
vn 4.0843366035303106 -2.1443187325404414 -3.9789591489540297
v 0.4595371400000000 -0.1901722200000000 0.0027302900000000
vn 4.4122760228266467 -0.5549846410497928 -4.2896868196301314
v 0.4603441400000000 -0.1843866000000000 0.0019734100000000
vn 4.1669435778219803 1.4537689487355014 -4.0325327993602009
v 0.4603357100000000 -0.1660690600000000 0.0021773000000000
vn 2.8157504941948006 4.2484259380944618 -2.7742430751894505
v 0.4579402000000000 -0.1598966900000000 0.0044390500000000
vn -1.2574313214275086 5.8921598274782792 1.2605521818064456
v 0.4450316900000000 -0.1585828800000000 0.0169880000000000
vn 2.1696200115198017 -4.3965299765859136 -3.1957340694353547
v 0.4442370700000000 -0.1938605000000000 -0.0071291700000000
vn 3.1690943675265490 -2.1418148357805222 -4.7418919311097207
v 0.4454924200000000 -0.1901091800000000 -0.0089819000000000
vn 3.4239510029996936 -0.5520266150621435 -5.1130432506135577
v 0.4461230100000000 -0.1843227600000000 -0.0098901000000000
vn 3.2361934819149485 1.4567708873199883 -4.8107769751340292
v 0.4461374000000000 -0.1660116700000000 -0.0096864000000000
vn 2.2810980473939551 4.1978655483338132 -3.3819758636474937
v 0.4442577900000000 -0.1598321200000000 -0.0069708700000000
vn -0.8993875008609463 5.8905782355352638 1.7523559209215129
v 0.4273594900000000 -0.1585285700000000 0.0036180900000000
vn 1.3785903271452127 -4.3824289031312169 -3.6378316892921010
v 0.4284820900000000 -0.1938122100000000 -0.0154473900000000
vn 2.1172850941624621 -2.1362918206372394 -5.2986337356292799
v 0.4293204900000000 -0.1900596300000000 -0.0175160200000000
vn 2.2866537032982892 -0.5481870318944752 -5.7137030593537537
v 0.4297414700000000 -0.1842683600000000 -0.0185342000000000
vn 2.1638587752663394 1.4587144802501926 -5.3791102419258339
v 0.4297833000000000 -0.1659642200000000 -0.0183343900000000
vn 1.5238555112321746 4.1989688429145389 -3.7815855053252334
v 0.4285028100000000 -0.1597838300000000 -0.0152890800000000
vn 0.6781694627868997 -4.3627722533613715 -3.8809985036378158
v 0.4113437800000000 -0.1937791700000000 -0.0203071500000000
vn 0.9710988394367965 -2.1339816177381015 -5.6230126536800604
v 0.4117284500000000 -0.1900257100000000 -0.0225060100000000
vn 1.0499465418742289 -0.5449551522175203 -6.0642700087322563
v 0.4119258300000000 -0.1842340100000000 -0.0235862700000000
vn 0.9967258689429802 1.4604161026706084 -5.7114575642775485
v 0.4119846700000000 -0.1659324100000000 -0.0233951300000000
vn 0.6850842731355116 4.2035557067108016 -4.0071558507454981
v 0.4113645000000000 -0.1597507900000000 -0.0201488500000000
vn -0.3631813436524152 5.8536875179374945 2.0391076024985253
v 0.4082938500000000 -0.1584702900000000 -0.0024055600000000
vn -0.1797502330570267 4.4290242608984389 -3.8201493470485817
v 0.3938132600000000 0.1939133400000000 -0.0196903600000000
vn -0.9603291948218284 4.3947017098121277 -3.7914361314804665
v 0.3761787000000000 0.1939122900000000 -0.0171570500000000
vn -0.2149153090547924 2.1881279795234985 -5.6814630781199940
v 0.3937254000000000 0.1901804700000000 -0.0219578600000000
vn -1.3939186205737868 2.1881512268817249 -5.5128096991726370
v 0.3756257300000000 0.1901793900000000 -0.0193552400000000
vn -0.2329840427222200 0.6020165727341374 -6.1446119569622599
v 0.3936791000000000 0.1844001200000000 -0.0231092900000000
vn -1.5064403191427278 0.6029416730842162 -5.9613608667986115
v 0.3753446800000000 0.1844021800000000 -0.0204745500000000
vn -0.2268832755142595 -1.4096818397446145 -5.8050454451513271
v 0.3936019700000000 0.1660894500000000 -0.0230953500000000
vn -1.4279306868138657 -1.4095866412086084 -5.6313482485866659
v 0.3752909800000000 0.1660908800000000 -0.0204492600000000
vn -0.1577885839331165 -4.1647778564147080 -4.1101468344159189
v 0.3937893900000000 0.1598849600000000 -0.0198485400000000
vn -0.9311770454184354 -4.2181563672170608 -3.8749362646624776
v 0.3761579800000000 0.1598870700000000 -0.0173153400000000
vn 0.1714361166482558 -5.9160816914309411 1.8560783155204557
v 0.3885281900000000 0.1584610300000000 -0.0016723400000000
vn 1.9160086449269764 3.7859816338306249 3.9358860594120433
v 0.3695939400000000 0.1917359200000000 0.0096995600000000
vn -1.7378010719199137 4.3981295412227022 -3.4942624070596100
v 0.3594579000000000 0.1938938900000000 -0.0110124900000000
vn -2.5114705396742618 2.1868026589717617 -5.1015739276218675
v 0.3584603000000000 0.1901647000000000 -0.0130462600000000
vn -2.7138682333666733 0.6003486413675041 -5.5180891744189431
v 0.3579611400000000 0.1843830400000000 -0.0140835500000000
vn -2.5663559236384472 -1.4107279479352786 -5.2119112010626827
v 0.3579301600000000 0.1660680100000000 -0.0140512800000000
vn -1.8335770959433328 -4.2040439069580300 -3.5759701557419588
v 0.3594340200000000 0.1598686700000000 -0.0111706500000000
vn 1.4799247864460048 -5.4809701965742637 2.6602337116778418
v 0.3672466900000000 0.1587173000000000 0.0062177300000000
vn -2.3405057116088361 4.4152720813917501 -3.0619465552862515
v 0.3443770600000000 0.1938620900000000 -0.0015244600000000
vn -3.5196676629893195 2.1826673548833937 -4.4677873351679107
v 0.3429864200000000 0.1901288400000000 -0.0033115400000000
vn -3.8024071595790669 0.5972553730257499 -4.8334043232888853
v 0.3422867300000000 0.1843467000000000 -0.0042200600000000
vn -3.5925800820722826 -1.4117384835596654 -4.5653551465965734
v 0.3422781800000000 0.1660393200000000 -0.0041871400000000
vn -2.5160215941568445 -4.1696965573568550 -3.2390377510570167
v 0.3443563400000000 0.1598337100000000 -0.0016827600000000
vn 0.9476959661637665 -5.9627048347081670 1.0169450370863324
v 0.3503507300000000 0.1581579200000000 0.0156613700000000
vn -2.9756681694448117 4.4224628895383624 -2.4145900404967371
v 0.3316009200000000 0.1938121100000000 0.0108919300000000
vn -4.3737134839669558 2.1801901958153329 -3.6381099569119244
v 0.3298719800000000 0.1900775300000000 0.0094337500000000
vn -4.7242586363888508 0.5948532077571648 -3.9374052618836126
v 0.3290046100000000 0.1842979000000000 0.0086864900000000
vn -4.4615654984504562 -1.4153354910850291 -3.7190303790083092
v 0.3290193800000000 0.1659890400000000 0.0087154900000000
vn -3.1481966410211975 -4.1678199426573217 -2.6434998920999844
v 0.3315770400000000 0.1597879400000000 0.0107337600000000
vn -3.4735648126414977 4.3892323604989869 -1.8148344122037150
v 0.3216860300000000 0.1937493000000000 0.0256909000000000
vn -5.0351872069792538 2.1771180341665337 -2.6486823353333713
v 0.3196927700000000 0.1900162300000000 0.0246230900000000
vn -5.4403633596131638 0.5897277668496621 -2.8691186728354499
v 0.3186948700000000 0.1842326000000000 0.0240725100000000
vn -5.1355494829292523 -1.4202831745230919 -2.7102490594434059
v 0.3187327700000000 0.1659228000000000 0.0240926900000000
vn -3.6251573502926036 -4.1711677819098885 -1.9326416735975118
v 0.3216621500000000 0.1597251300000000 0.0255327400000000
vn -3.7771101221448964 4.3851967468115003 -1.0513836739767732
v 0.3150619300000000 0.1936806100000000 0.0422282800000000
vn -5.4790937602429075 2.1708197270388605 -1.5428666075666135
v 0.3128936600000000 0.1899413900000000 0.0416000900000000
vn -5.9184695247628145 0.5846118321982183 -1.6750589490930725
v 0.3118091300000000 0.1841568200000000 0.0412645400000000
vn -5.5859177075468898 -1.4244837273010145 -1.5837526481951198
v 0.3118687300000000 0.1658487900000000 0.0412713800000000
vn -3.8046874658280587 -4.2282854283270845 -1.1426039099833016
v 0.3150370000000000 0.1596522300000000 0.0420701400000000
vn -3.9096121469128806 4.3845868243361918 -0.2289381281548277
v 0.3120235000000000 0.1936008000000000 0.0597817300000000
vn -5.6822586720767028 2.1659824149707796 -0.3695094340624734
v 0.3097758600000000 0.1898594800000000 0.0596148100000000
vn -6.1378826654942813 0.5792840866421096 -0.4075903342460542
v 0.3086496400000000 0.1840738500000000 0.0595126100000000
vn -5.7919625265313561 -1.4296523892917168 -0.3879049178176938
v 0.3087266700000000 0.1657694500000000 0.0595028700000000
vn -3.9996629970410984 -4.2174369306644621 -0.2123305248643265
v 0.3119996300000000 0.1595724200000000 0.0596235500000000
vn 1.4140812159069296 -5.9490014870122323 0.0568972586717048
v 0.3291924700000000 0.1579234800000000 0.0613225400000000
vn -3.8380854945737939 4.4000403448351060 0.5086656003293936
v 0.3127006700000000 0.1935175700000000 0.0775846800000000
vn -5.6369732269055834 2.1605311084234753 0.8202196975033209
v 0.3104709200000000 0.1897740500000000 0.0778879700000000
vn -6.0891885993648387 0.5733110197142015 0.8772035426253350
v 0.3093536100000000 0.1839873200000000 0.0780203500000000
vn -5.7446486966365899 -1.4356933824666140 0.8240234107366580
v 0.3094442700000000 0.1656816700000000 0.0779889200000000
vn -3.8766316251413580 -4.2576622140866780 0.4733791047476018
v 0.3126767900000000 0.1594891900000000 0.0774265000000000
vn -3.5937167998137483 4.4066359153341628 1.3814572229018220
v 0.3170637800000000 0.1934345600000000 0.0948576400000000
vn -5.3449582052950007 2.1563255480408809 1.9742519887207473
v 0.3149482900000000 0.1896888500000000 0.0956169400000000
vn -5.7739398132037643 0.5675312095445474 2.1239982607084302
v 0.3138871300000000 0.1839010200000000 0.0959789500000000
vn -5.4462557083528100 -1.4420382741923408 2.0000580845609237
v 0.3139901800000000 0.1655911400000000 0.0959244000000000
vn -3.7319621110817423 -4.2258818134452634 1.4292838274376656
v 0.3170388500000000 0.1594061800000000 0.0946995000000000
vn 1.3723252403922364 -5.9575830524197801 -0.3534856639600474
v 0.3306895500000000 0.1578661100000000 0.0808986400000000
vn -3.3245041535013611 4.3707140091286574 2.1140392420230882
v 0.3249219400000000 0.1933511800000000 0.1108472500000000
vn -4.8188938636936829 2.1509286821811253 3.0431325126733753
v 0.3230142300000000 0.1896075900000000 0.1120284900000000
vn -5.2065595475034030 0.5608109597980302 3.2789381512823024
v 0.3220579300000000 0.1838187200000000 0.1125993000000000
vn -4.9095278995912004 -1.4480659806032357 3.0884512581000729
v 0.3221667000000000 0.1655024200000000 0.1125231500000000
vn -3.3419998706398304 -4.2651794762360860 2.0066308062912226
v 0.3248970100000000 0.1593270100000000 0.1106891300000000
vn 1.4650400014906340 -5.9043952984725703 -0.9277470586170662
v 0.3401345300000000 0.1579980300000000 0.1010981900000000
vn 3.1381178363371389 3.8166570204567556 -3.0132442548576366
v 0.3525085300000000 0.1912856300000000 0.1087997300000000
vn -2.8016429998619312 4.3690134353383563 2.7623465205037308
v 0.3359323600000000 0.1932793300000000 0.1248502600000000
vn -4.0839695736476793 2.1448437626823251 3.9800971571566199
v 0.3343178600000000 0.1895306900000000 0.1264006200000000
vn -4.4118580910752172 0.5566218492269005 4.2895585214200267
v 0.3335066500000000 0.1837440300000000 0.1271576600000000
vn -4.1588867992259377 -1.4527880047162807 4.0409899365125277
v 0.3336091700000000 0.1654334700000000 0.1270545100000000
vn -2.8213804866486170 -4.2333493605479795 2.8222887990821386
v 0.3359116400000000 0.1592551600000000 0.1246919800000000
vn 2.0811460387762852 -5.4598696496130081 -2.2747804435270345
v 0.3500331700000000 0.1582338900000000 0.1118862400000000
vn -2.2045895341102799 4.3860040255199673 3.2016122984730435
v 0.3496147700000000 0.1932179200000000 0.1362602000000000
vn -3.1693745143488017 2.1410877298122788 4.7421645762601567
v 0.3483625800000000 0.1894676500000000 0.1381128100000000
vn -3.4243652044868740 0.5519011795234759 5.1130571299021002
v 0.3477319900000000 0.1836770200000000 0.1390209800000000
vn -3.2270758819216487 -1.4560896063571218 4.8172377145507372
v 0.3478278900000000 0.1653692800000000 0.1388936100000000
vn -2.2885121711610545 -4.2009570835028134 3.3647752390274226
v 0.3495909000000000 0.1591895400000000 0.1361020100000000
vn 0.6958436823538832 -5.9521935228773728 -1.2551018102330362
v 0.3642454200000000 0.1576395300000000 0.1250388100000000
vn -1.3928365471938955 4.3963033200621151 3.6048273504217385
v 0.3653727800000000 0.1931664900000000 0.1445751200000000
vn -2.1159015018509315 2.1392742801974189 5.2964981628514183
v 0.3645313900000000 0.1894181000000000 0.1466481000000000
vn -2.2865589768679291 0.5475346722661332 5.7137003270450251
v 0.3641103800000000 0.1836268300000000 0.1476652300000000
vn -2.1525501119847350 -1.4609927482214973 5.3822832560478586
v 0.3642002900000000 0.1653113300000000 0.1475161600000000
vn -1.5166567020468880 -4.2540931338735568 3.6427703555716846
v 0.3653478600000000 0.1591412700000000 0.1444169900000000
vn -0.6677833803442762 4.3586431462460853 3.8943839919612526
v 0.3825111000000000 0.1931334400000000 0.1494348800000000
vn -0.9701417018103411 2.1345018953802715 5.6232599235217222
v 0.3821264300000000 0.1893799800000000 0.1516337400000000
vn -1.0496036043523325 0.5453609912854334 6.0643558339620522
v 0.3819290500000000 0.1835924900000000 0.1527140200000000
vn -0.9856834303326329 -1.4629313395087498 5.7120972086631365
v 0.3820035800000000 0.1652749500000000 0.1525454200000000
vn -0.6131174570470140 -4.2391089939111577 3.9364216111523866
v 0.3824872200000000 0.1591082200000000 0.1492767200000000
vn -0.1515997133236292 3.8251166891680559 -4.3403083977662194
v 0.3994559500000000 0.1911673600000000 0.1275595600000000
vn 0.1518227996246239 4.3596334947952489 3.9477778154431644
v 0.4002882000000000 0.1931171000000000 0.1506211800000000
vn 0.2171937432829464 2.1350253278540365 5.7016460908066318
v 0.4003715000000000 0.1893632000000000 0.1528538500000000
vn 0.2334776176989962 0.5442833258742601 6.1499942035845621
v 0.4004107500000000 0.1835723200000000 0.1539514600000000
vn 0.2248379048992811 -1.4640794473534859 5.7915212506616403
v 0.4004601100000000 0.1652614800000000 0.1537673500000000
vn 0.1379759928771375 -4.2069717583204973 4.0617636048670418
v 0.4002632700000000 0.1590887200000000 0.1504630400000000
vn 0.9659059200147899 4.3583105617131634 3.8321475302882688
v 0.4179228800000000 0.1931149700000000 0.1480910100000000
vn 1.3968609506653951 2.1330901679004910 5.5326499650801102
v 0.4184713300000000 0.1893611000000000 0.1502554300000000
vn 1.5070469448769890 0.5433998224070375 5.9674196383367200
v 0.4187409700000000 0.1835734200000000 0.1513168900000000
vn 1.4254029620667075 -1.4625284739886213 5.6190282343685212
v 0.4187715300000000 0.1652648000000000 0.1511216200000000
vn 0.9249764719027391 -4.2538492328647077 3.8357720455064492
v 0.4178990000000000 0.1590897500000000 0.1479328400000000
vn -0.1670388794980854 -5.9498339121071098 -1.4333214861296137
v 0.4056143800000000 0.1575742300000000 0.1328961900000000
vn 1.7441184123692106 4.3629826484153993 3.5354617046532062
v 0.4346435600000000 0.1931333900000000 0.1419432900000000
vn 2.5138479153322657 2.1358473821182233 5.1221203941332343
v 0.4356325500000000 0.1893800000000000 0.1439466200000000
vn 2.7137494226377674 0.5456837106858525 5.5237352856210791
v 0.4361246600000000 0.1835893900000000 0.1449300800000000
vn 2.5639317336758736 -1.4627883167382110 5.1984324997734070
v 0.4361342900000000 0.1652789700000000 0.1447268500000000
vn 1.8279416136240572 -4.2405591646784409 3.5366652761876831
v 0.4346196800000000 0.1591050100000000 0.1417851100000000
vn 2.3464674136771899 4.3833530231292395 3.1031800262644533
v 0.4497235100000000 0.1931683300000000 0.1324595300000000
vn 3.5221573642152024 2.1364581950750550 4.4879007887562716
v 0.4511106400000000 0.1894158700000000 0.1342117400000000
vn 3.8028518133129765 0.5471867135981507 4.8390118140243477
v 0.4518032500000000 0.1836257300000000 0.1350653800000000
vn 3.5899839894733105 -1.4600374731274428 4.5519685792743090
v 0.4517857200000000 0.1653136600000000 0.1348623800000000
vn 2.5095133940307459 -4.2038779424586847 3.1996390548237845
v 0.4496996300000000 0.1591399500000000 0.1323013500000000
vn 2.9812979420982946 4.3966155490349150 2.4558650642956641
v 0.4625006600000000 0.1932151600000000 0.1200420300000000
vn 4.3761559366218314 2.1418396182388282 3.6579904133347783
v 0.4642271400000000 0.1894640200000000 0.1214653000000000
vn 4.7243930954780771 0.5525841387550632 3.9429238137421274
v 0.4650855300000000 0.1836776600000000 0.1221630500000000
vn 4.4589668279053765 -1.4571155336599300 3.7054748829578670
v 0.4650438900000000 0.1653683100000000 0.1219635600000000
vn 3.1420390855211782 -4.1977090036502291 2.6046910656054560
v 0.4624767800000000 0.1591899300000000 0.1198838700000000
vn -1.1018510067938314 -5.9424187627708989 -0.9276997498962465
v 0.4495486700000000 0.1576254200000000 0.1083929100000000
vn 3.4799290383172266 4.3660022640531659 1.8554474177619460
v 0.4724187000000000 0.1932779600000000 0.1052429400000000
vn 5.0391052923610218 2.1446819321626931 2.6687338083267957
v 0.4744063500000000 0.1895284800000000 0.1062759800000000
vn 5.4409805978839225 0.5558591811331549 2.8743928734037043
v 0.4753952600000000 0.1837387500000000 0.1067770100000000
vn 5.1334530880197100 -1.4530056883335538 2.6968179816052036
v 0.4753309100000000 0.1654291700000000 0.1065852200000000
vn 3.4820162507688361 -4.2482274684851369 1.8692499483165264
v 0.4723948300000000 0.1592495800000000 0.1050847600000000
vn 3.7836396506405485 4.3689038621686382 1.0917940667286690
v 0.4790428100000000 0.1933508600000000 0.0887055800000000
vn 5.4824772610550010 2.1493816752599288 1.5637167327407897
v 0.4812024200000000 0.1896033000000000 0.0893022600000000
vn 5.9188879672967722 0.5616203142686297 1.6803337145664190
v 0.4822829500000000 0.1838145600000000 0.0895806900000000
vn 5.5844680336124988 -1.4466804927873178 1.5709170455879333
v 0.4821941200000000 0.1655079000000000 0.0894045000000000
vn 3.8660265134980438 -4.2280500234556664 1.0003361654570482
v 0.4790189300000000 0.1593224800000000 0.0885473900000000
vn -1.3091346090090694 -5.9547806198291555 -0.5730928899054882
v 0.4598646200000000 0.1577277500000000 0.0916657000000000
vn 3.9150088856367371 4.3774568590318825 0.2703223280226689
v 0.4820812300000000 0.1934306700000000 0.0711521300000000
vn 5.6848909867881954 2.1551545663548488 0.3903987448974542
v 0.4843243100000000 0.1896852200000000 0.0712842200000000
vn 6.1387050540153698 0.5667761294012228 0.4136812051131569
v 0.4854424400000000 0.1838975200000000 0.0713326200000000
vn 5.7897920369440783 -1.4414849517547639 0.3753556413138983
v 0.4853393500000000 0.1655885100000000 0.0711738700000000
vn 3.8876302512941607 -4.2622500026273604 0.3030864575115607
v 0.4820605100000000 0.1594022900000000 0.0709938200000000
vn -1.7677374118751064 -5.8943189517695629 -0.1604670342520732
v 0.4640976900000000 0.1580576800000000 0.0697871600000000
vn 3.8438774177184052 4.3995862976154418 -0.4675491534589447
v 0.4814072200000000 0.1935139000000000 0.0533490600000000
vn 5.6396361151677228 2.1610946755168929 -0.7994793183075138
v 0.4836324600000000 0.1897706500000000 0.0530119900000000
vn 6.0896611389725344 0.5727012616699408 -0.8717081436017847
v 0.4847426700000000 0.1839840500000000 0.0528247200000000
vn 5.7427417007727817 -1.4365990567284617 -0.8374759445996633
v 0.4846213300000000 0.1656735600000000 0.0526837000000000
vn 3.9461504508932905 -4.2211972538568876 -0.6616383545828797
v 0.4813833400000000 0.1594855200000000 0.0531908800000000
vn -2.2362477922523363 -5.8108313380871124 0.3277933225714855
v 0.4635636100000000 0.1581233200000000 0.0557459400000000
vn -4.0840670319834054 3.7975998496146985 1.5753156748087422
v 0.4553787700000000 0.1915195000000000 0.0439804100000000
vn 3.5993064748862693 4.4148540956075655 -1.3398607558664066
v 0.4770441100000000 0.1935969100000000 0.0360761000000000
vn 5.3478899402663274 2.1660876110921343 -1.9544849050083752
v 0.4791550800000000 0.1898558500000000 0.0352830200000000
vn 5.7751700728146300 0.5783181574347189 -2.1188573708670688
v 0.4802061200000000 0.1840703400000000 0.0348694000000000
vn 5.4442225728006317 -1.4306686782453806 -2.0128423960658717
v 0.4800808000000000 0.1657624200000000 0.0347536000000000
vn 3.8353284936422329 -4.1836567552425272 -1.4142846016734640
v 0.4770202400000000 0.1595685300000000 0.0359179200000000
vn -1.8020105301880314 -5.8824160617769481 0.5976194272841188
v 0.4601229900000000 0.1581919700000000 0.0421197300000000
vn 3.3162858176826981 4.3877341572357036 -2.0785808394955021
v 0.4691859900000000 0.1936760800000000 0.0200875200000000
vn 4.8228805463848072 2.1717746733284748 -3.0231398511176262
v 0.4710892200000000 0.1899371000000000 0.0188735800000000
vn 5.2074264959449899 0.5848079366587849 -3.2730646021974779
v 0.4720373000000000 0.1841526500000000 0.0182458100000000
vn 4.9078135298415546 -1.4260101797771756 -3.1016086588774012
v 0.4719037500000000 0.1658406500000000 0.0181532200000000
vn 3.4630724626273515 -4.1755393562610577 -2.1987067677583019
v 0.4691621100000000 0.1596477000000000 0.0199293400000000
vn -1.7709768775498216 -5.8422685684984703 1.1732855714969770
v 0.4539271400000000 0.1582544100000000 0.0295074600000000
vn 2.8248714538468218 4.4090918573926059 -2.6333772762558709
v 0.4581755300000000 0.1937479300000000 0.0060834600000000
vn 4.0873120019191012 2.1767605956431719 -3.9594698650166071
v 0.4597854700000000 0.1900108600000000 0.0044982800000000
vn 4.4128584583875803 0.5906610562142458 -4.2838534122123715
v 0.4605896400000000 0.1842315600000000 0.0036874300000000
vn 4.1573615094801548 -1.4204660791039379 -4.0542300057107514
v 0.4604613700000000 0.1659205300000000 0.0036203200000000
vn 2.8716202714764409 -4.2261505121880614 -2.7511887089016289
v 0.4581516500000000 0.1597227100000000 0.0059253000000000
vn -1.0386268284438196 -5.9411224756702223 0.9962919833564300
v 0.4453764200000000 0.1580507200000000 0.0175741200000000
vn 2.1133095157218409 4.4245814012289646 -3.1938352253401172
v 0.4444931200000000 0.1938125000000000 -0.0053264600000000
vn 3.1724183220752682 2.1806954661548685 -4.7212832897076300
v 0.4457449600000000 0.1900770500000000 -0.0072140600000000
vn 3.4249900304479359 0.5939852177031667 -5.1080275395379857
v 0.4463643000000000 0.1842954100000000 -0.0081759100000000
vn 3.2245598501157682 -1.4169198777852112 -4.8301360302376235
v 0.4462418400000000 0.1659821500000000 -0.0082192200000000
vn 2.1623632801210855 -4.2084614223143673 -3.3834656086249320
v 0.4444692400000000 0.1597841200000000 -0.0054846400000000
vn -1.3475077106087896 -5.8107351063760717 1.8247960856746395
v 0.4344476600000000 0.1583595300000000 0.0094605700000000
vn -1.6293220619787303 3.7875147816378880 4.0611378888067531
v 0.4201228100000000 0.1917125600000000 0.0077448600000000
vn 1.4502095392629095 4.3946466811696840 -3.6256371101632343
v 0.4287391900000000 0.1938607900000000 -0.0136447100000000
vn 2.1197631459537019 2.1827464285833829 -5.2788142815151247
v 0.4295719800000000 0.1901266000000000 -0.0157481300000000
vn 2.2879376198378445 0.5982803154721444 -5.7080636625419965
v 0.4299859100000000 0.1843455900000000 -0.0168201600000000
vn 2.1516228334254657 -1.4126580044000292 -5.3958842545390509
v 0.4298744500000000 0.1660336400000000 -0.0168413400000000
vn 1.5290951950689511 -4.1701949134246119 -3.8051000899175702
v 0.4287142700000000 0.1598324100000000 -0.0138028500000000
vn -0.6528848195725576 -5.9028808237669423 1.6156152865900184
v 0.4220222200000000 0.1583976100000000 0.0029024400000000
vn 0.7260582919522346 4.4155086889095569 -3.7853889285233349
v 0.4115998300000000 0.1938938300000000 -0.0185044400000000
vn 0.9737308881320853 2.1852248018802265 -5.6028499564221477
v 0.4119799400000000 0.1901605300000000 -0.0207381200000000
vn 1.0506404701389167 0.6001858866139116 -6.0589473241967058
v 0.4121671200000000 0.1843831000000000 -0.0218720900000000
vn 0.9844710399823016 -1.4092382216107469 -5.7261935373505288
v 0.4120730900000000 0.1660741900000000 -0.0218737400000000
vn 0.6972528484071796 -4.1634203330919375 -4.0545048568065365
v 0.4115759500000000 0.1598686100000000 -0.0186626100000000
vn -0.3538540163243880 -5.6680427018519532 2.6689723999912376
v 0.4085036500000000 0.1584268300000000 -0.0009319800000000
vn 0.1448640613331632 -5.4765082057911423 3.0354099041065425
v -0.2726211300000000 -0.1928548000000000 0.0243964200000000
vn 0.7806354006426677 -5.4943562818233875 2.8931572925529268
v -0.2860091300000000 -0.1928556100000000 0.0263215300000000
vn -0.9655122280424413 -4.3581216269540963 -3.8317310212794475
v -0.2910364700000000 -0.1934389200000000 0.0064106800000000
vn -0.1522843916272172 -4.3594694580808202 -3.9481288208887992
v -0.2734019000000000 -0.1934378800000000 0.0038773800000000
vn -1.3968756980221533 -2.1350331231464290 -5.5327535968146844
v -0.2915848800000000 -0.1896850600000000 0.0042473200000000
vn -0.2179821172215553 -2.1353519332423945 -5.7015569156088839
v -0.2734852100000000 -0.1896839700000000 0.0016447000000000
vn -1.5077488116857245 -0.5456077707070482 -5.9665727299261011
v -0.2918578300000000 -0.1838973500000000 0.0031817700000000
vn -0.2340713407068035 -0.5446686991763178 -6.1499029513026144
v -0.2735244600000000 -0.1838962600000000 0.0005470800000000
vn -1.4157107694490358 1.4623593103748211 -5.6214395173106713
v -0.2917570100000000 -0.1655905700000000 0.0033437200000000
vn -0.2134256285273831 1.4647274215695716 -5.7916358795044598
v -0.2734391300000000 -0.1655824200000000 0.0007262300000000
vn -1.0117237183380499 4.2055627214659959 -3.9365414173058308
v -0.2910157500000000 -0.1594105400000000 0.0065689900000000
vn -0.1915735360741752 4.2561597941506175 -3.9403121884471353
v -0.2733811800000000 -0.1594126500000000 0.0040356600000000
vn -1.6660527496871256 -4.3922690930362780 -3.4880571558715823
v -0.3077572700000000 -0.1934573300000000 0.0125552500000000
vn -2.5147035971261182 -2.1347242566198887 -5.1223435393694050
v -0.3087503100000000 -0.1897039500000000 0.0105562800000000
vn -2.7148678752487951 -0.5458842282700822 -5.5232013856639828
v -0.3092424200000000 -0.1839122900000000 0.0095728300000000
vn -2.5548883356425449 1.4611303467420771 -5.2040739038228958
v -0.3091260200000000 -0.1656070800000000 0.0097136800000000
vn -1.6955381008776531 4.2387689953520677 -3.6026948223608319
v -0.3077365500000000 -0.1594289400000000 0.0127135500000000
vn -2.4454328394048201 -4.3837178280878772 -3.0250647221039153
v -0.3228381100000000 -0.1934922800000000 0.0220432600000000
vn -3.5221755962282790 -2.1362643815114781 -4.4883427911741558
v -0.3242241900000000 -0.1897398200000000 0.0202910000000000
vn -3.8032643321512305 -0.5473948700357115 -4.8385594101955256
v -0.3249168300000000 -0.1839486300000000 0.0194363200000000
vn -3.5824284201327985 1.4584255118575582 -4.5590699210208703
v -0.3247929900000000 -0.1656426400000000 0.0195555600000000
vn -2.4822455461800086 4.2513391895736241 -3.0690351628015868
v -0.3228173900000000 -0.1594639000000000 0.0222015600000000
vn -3.0059891086436279 -4.3678505792433659 -2.5399383799166357
v -0.3356142500000000 -0.1935422600000000 0.0344596500000000
vn -4.3762350721171783 -2.1401219919981496 -3.6577227535200518
v -0.3373417800000000 -0.1897911200000000 0.0330364200000000
vn -4.7254691897198633 -0.5504693069143669 -3.9426034357151609
v -0.3381989600000000 -0.1840005800000000 0.0323428500000000
vn -4.4516267836246790 1.4578940290754043 -3.7137681600168775
v -0.3380690200000000 -0.1656811200000000 0.0324369100000000
vn -3.1426500255104362 4.2022642496782012 -2.5844715999491337
v -0.3355935300000000 -0.1595138800000000 0.0346179500000000
vn 3.8593526779484311 -3.8164216350474227 2.0078117860860742
v -0.3251061300000000 -0.1916091800000000 0.0599955800000000
vn -3.4780269688480692 -4.3673125756210887 -1.8545502282409090
v -0.3455291400000000 -0.1936050700000000 0.0492586200000000
vn -5.0388775598294675 -2.1450817434804916 -2.6686460036664386
v -0.3475178400000000 -0.1898555900000000 0.0482256200000000
vn -5.4412477653506741 -0.5555554769837038 -2.8740523414231283
v -0.3485086900000000 -0.1840658800000000 0.0477288800000000
vn -5.1277726705275928 1.4538963225831523 -2.7066362462342810
v -0.3483781200000000 -0.1657453700000000 0.0477958100000000
vn -3.4994615024163909 4.2348465378026710 -1.9124281773298870
v -0.3455084200000000 -0.1595766900000000 0.0494169200000000
vn -3.7834310486856042 -4.3702289708439608 -1.0917827334024837
v -0.3521532400000000 -0.1936779700000000 0.0657959800000000
vn -5.4816561036627487 -2.1498387531879843 -1.5630381096145376
v -0.3543169500000000 -0.1899304300000000 0.0652026100000000
vn -5.9192192173091325 -0.5610655062152853 -1.6801390859154013
v -0.3553944300000000 -0.1841416600000000 0.0649209100000000
vn -5.5812235319438734 1.4466550561008806 -1.5807298579329390
v -0.3552718800000000 -0.1658324700000000 0.0649674400000000
vn -3.8225528009472529 4.2440494585402995 -1.0184256870830830
v -0.3521325200000000 -0.1596495900000000 0.0659542800000000
vn -3.8376050624747613 -4.4073272950044391 -0.3135358896095364
v -0.3551916600000000 -0.1937546200000000 0.0833494500000000
vn -5.6843064818429694 -2.1564793131757862 -0.3894063594100783
v -0.3574347500000000 -0.1900123300000000 0.0832173400000000
vn -6.1385853503713372 -0.5673075985025686 -0.4125051045201745
v -0.3585539200000000 -0.1842246300000000 0.0831689800000000
vn -5.7888248450391346 1.4420130534140481 -0.3856498308800587
v -0.3584419500000000 -0.1659137500000000 0.0831941000000000
vn -4.0730891611949342 4.1911542918445548 -0.2383582833164462
v -0.3551709500000000 -0.1597294000000000 0.0835077400000000
vn -3.8271946038729752 -4.3992466864466708 0.5921668083571346
v -0.3545176500000000 -0.1938378500000000 0.1011525100000000
vn -5.6399901392995604 -2.1607688274436283 0.7998205575228983
v -0.3567397000000000 -0.1900977600000000 0.1014905000000000
vn -6.0898093262258559 -0.5731747318977140 0.8722068472166369
v -0.3578499500000000 -0.1843111600000000 0.1016767200000000
vn -5.7428936636912082 1.4381995254674083 0.8261024451710216
v -0.3577528200000000 -0.1659903200000000 0.1016785200000000
vn -3.9662024920558441 4.2239295793353584 0.5148938543335518
v -0.3544937800000000 -0.1598126300000000 0.1013106800000000
vn -3.6866513625525252 -4.3855115964505211 1.3203884359743341
v -0.3501513900000000 -0.1939240200000000 0.1184253400000000
vn -5.3476166659102411 -2.1679255210953130 1.9544187203471841
v -0.3522623200000000 -0.1901829600000000 0.1192194700000000
vn -5.7744858505996772 -0.5796464788878523 2.1189393839002659
v -0.3533164400000000 -0.1843974600000000 0.1196353200000000
vn -5.4474810962195859 1.4325176897225762 2.0023356457434214
v -0.3532357300000000 -0.1660773000000000 0.1196190300000000
vn -3.7016804344395347 4.2346091763649829 1.4276261971924620
v -0.3501306700000000 -0.1598956400000000 0.1185836400000000
vn -3.3289300687044565 -4.3849665637475113 2.0723377043549043
v -0.3422942800000000 -0.1940031900000000 0.1344150100000000
vn -4.8225281749975144 -2.1717064855389872 3.0234056896792123
v -0.3441963800000000 -0.1902642200000000 0.1356310100000000
vn -5.2071921622629809 -0.5849393970898918 3.2736921930650311
v -0.3451456400000000 -0.1844797600000000 0.1362556700000000
vn -4.9137720720706062 1.4249027456505572 3.0926385637829039
v -0.3450882300000000 -0.1661689200000000 0.1362326900000000
vn -3.4612443350154773 4.1756215446029383 2.2000301679536922
v -0.3422735600000000 -0.1599748100000000 0.1345733200000000
vn 1.2531147649184609 5.9593290961340912 -0.6357947739910337
v -0.3307754500000000 -0.1583233000000000 0.1202783600000000
vn -2.7861759527173766 -4.4204857108466307 2.6324599258071424
v -0.3312828100000000 -0.1940750400000000 0.1484179800000000
vn -4.0870683874662816 -2.1762647950634282 3.9598597209048698
v -0.3328927500000000 -0.1903379700000000 0.1500031600000000
vn -4.4123089177783292 -0.5904284420513243 4.2846008897914896
v -0.3336969100000000 -0.1845544500000000 0.1508140300000000
vn -4.1650152127800242 1.4199942685540263 4.0469911725492391
v -0.3336634200000000 -0.1662437700000000 0.1507836600000000
vn -2.9162109465784609 4.1756796081229730 2.8757077627502641
v -0.3312620900000000 -0.1600466600000000 0.1485762800000000
vn 1.6047578927849289 5.7585884991605489 -1.4872376258860691
v -0.3180583800000000 -0.1589221700000000 0.1348307800000000
vn -2.1052675998299359 -4.4143540574860802 3.2305211175172053
v -0.3176003900000000 -0.1941364500000000 0.1598279100000000
vn -3.1722540646320145 -2.1805132265697171 4.7214502674179997
v -0.3188522400000000 -0.1904010000000000 0.1617155100000000
vn -3.4249288703591092 -0.5939252441034710 5.1080837923089675
v -0.3194715700000000 -0.1846183100000000 0.1626773700000000
vn -3.2339403128704460 1.4165735021011518 4.8241199351085404
v -0.3194647100000000 -0.1663049100000000 0.1626432200000000
vn -2.2853474000173208 4.2083549080127414 3.3010829868397473
v -0.3175796700000000 -0.1601080700000000 0.1599862200000000
vn 0.9290038473376818 5.9107145825535579 -1.6526520830040430
v -0.3006694200000000 -0.1587266600000000 0.1494154000000000
vn -1.4714679267018322 -4.3969824386801601 3.6147756931471564
v -0.3018465900000000 -0.1941847300000000 0.1681430100000000
vn -2.1186965000656999 -2.1840019000130413 5.2777766877979921
v -0.3026792200000000 -0.1904505600000000 0.1702506400000000
vn -2.2870748326312746 -0.5977178471562106 5.7084747393855277
v -0.3030931900000000 -0.1846684900000000 0.1713216100000000
vn -2.1615363438339874 1.4134266167835534 5.3913294142880348
v -0.3031104300000000 -0.1663560100000000 0.1712911800000000
vn -1.4301331184118644 4.2217519830074082 3.7150307725229830
v -0.3018216600000000 -0.1601563500000000 0.1683011500000000
vn -0.6736642830806765 -4.3939672835162824 3.8531235736627547
v -0.2847040700000000 -0.1942177700000000 0.1730026200000000
vn -0.9733296555183241 -2.1856853338034892 5.6030014573588307
v -0.2850841800000000 -0.1904844600000000 0.1752363000000000
vn -1.0500964902067178 -0.6004269837569992 6.0590801601879116
v -0.2852745200000000 -0.1847070400000000 0.1763703900000000
vn -0.9946570366686412 1.4106241582153167 5.7237808520933013
v -0.2853152100000000 -0.1663889300000000 0.1763484300000000
vn -0.6946155163652281 4.1645111114329962 4.0539146954333125
v -0.2846833500000000 -0.1601893900000000 0.1731609200000000
vn 0.3262880784036520 5.8463603551534487 -2.1122464136024375
v -0.2816110400000000 -0.1587476100000000 0.1554303000000000
vn 0.1464344471525634 -4.3960890275577658 3.9080132452583047
v -0.2669269700000000 -0.1942341200000000 0.1741889100000000
vn 0.2148836667297167 -2.1883720815814431 5.6815717151577010
v -0.2668391100000000 -0.1905012500000000 0.1764564200000000
vn 0.2332968099601094 -0.6021353502870160 6.1445380335397273
v -0.2667928100000000 -0.1847240500000000 0.1776078300000000
vn 0.2153088233005126 1.4102061882737473 5.8051686671012952
v -0.2668555100000000 -0.1664093600000000 0.1775989800000000
vn 0.1591137617301964 4.1646349692130515 4.1119135999928753
v -0.2669062500000000 -0.1602088900000000 0.1743472000000000
vn -0.0151614329624543 5.8673325708952930 -2.0173949142822023
v -0.2675894700000000 -0.1587605200000000 0.1563696700000000
vn -1.0407236009060346 -3.7816465844858222 -4.2706186562423882
v -0.2549862500000000 -0.1920707300000000 0.1493132600000000
vn 0.9033169091188014 -4.4276099144804579 3.7178783583241799
v -0.2492922900000000 -0.1942330800000000 0.1716587600000000
vn 1.3933198259684867 -2.1862770562568667 5.5127650466583971
v -0.2487392800000000 -0.1905001800000000 0.1738580000000000
vn 1.5061091789483583 -0.6007358146708447 5.9621959563010192
v -0.2484625900000000 -0.1847229600000000 0.1749732700000000
vn 1.4171957910886246 1.4083055571666563 5.6350335460361975
v -0.2485396100000000 -0.1664133200000000 0.1749812300000000
vn 1.0070046930572785 4.1622592793323259 3.9902119611972404
v -0.2492715700000000 -0.1602078600000000 0.1718170500000000
vn -0.5420769881505049 5.8778058069914163 -1.8770282492433732
v -0.2536807000000000 -0.1587628500000000 0.1543710100000000
vn -1.3839262819791505 -5.4478431226931523 -2.7624798571322646
v -0.2416281300000000 -0.1934444500000000 0.1470892700000000
vn 1.7620392021003077 -4.4177897884114854 3.4272104853997343
v -0.2325716100000000 -0.1942146600000000 0.1655110400000000
vn 2.5112892646788900 -2.1879458483027152 5.1011760642505237
v -0.2315780600000000 -0.1904844400000000 0.1675491900000000
vn 2.7138012602117065 -0.6009861046507022 5.5177682071993424
v -0.2310757400000000 -0.1847038300000000 0.1685863600000000
vn 2.5549803567385072 1.4120278876284691 5.2163800332062982
v -0.2311697000000000 -0.1663879900000000 0.1686154300000000
vn 1.8174502104957466 4.1698827000463456 3.6793153021956084
v -0.2325508900000000 -0.1601894400000000 0.1656693300000000
vn -1.9064084810098518 -5.4686286310427832 -2.3725682555870446
v -0.2301800800000000 -0.1934179200000000 0.1398885000000000
vn 2.4107902237998942 -4.3963885672914156 3.0689139360399720
v -0.2174916600000000 -0.1941828900000000 0.1560272600000000
vn 3.5188668488769119 -2.1824703711438715 4.4683247055432362
v -0.2160999600000000 -0.1904485800000000 0.1578143100000000
vn 3.8021152650572940 -0.5969194642345681 4.8337844935593575
v -0.2154003200000000 -0.1846674900000000 0.1587217700000000
vn 3.5833458982295432 1.4134035440512029 4.5720361212960494
v -0.2155038600000000 -0.1663508400000000 0.1587741100000000
vn 2.4157816952485556 4.2060618245159089 3.2085606706418268
v -0.2174709400000000 -0.1601545000000000 0.1561855600000000
vn -1.0987161403363659 5.8898449385003522 -1.0695295493274861
v -0.2222014900000000 -0.1584814600000000 0.1368027000000000
vn 2.9268312650296400 -4.4238372615188437 2.4704246576752986
v -0.2047145100000000 -0.1941329000000000 0.1436097800000000
vn 4.3735494967727462 -2.1811193338340185 3.6378126171920524
v -0.2029834700000000 -0.1903972700000000 0.1450678800000000
vn 4.7240443336268907 -0.5949179554354159 3.9375001765401727
v -0.2021180300000000 -0.1846155500000000 0.1458194500000000
vn 4.4539801081133801 1.4159225602034418 3.7274933244123378
v -0.2022207800000000 -0.1663105800000000 0.1458945700000000
vn 3.0750287369741693 4.2236871780015246 2.5244631941039111
v -0.2046937900000000 -0.1601045200000000 0.1437680900000000
vn 3.4501278302811818 -4.4100566882665424 1.7305391073779393
v -0.1947964600000000 -0.1940700900000000 0.1288106900000000
vn 5.0362321843374120 -2.1770710691549149 2.6485171307125905
v -0.1928042600000000 -0.1903328100000000 0.1298785500000000
vn 5.4400117489419166 -0.5905704717842577 2.8685379451534239
v -0.1918051400000000 -0.1845502500000000 0.1304333000000000
vn 5.1309747908340864 1.4194873345356305 2.7204416158860187
v -0.1919110400000000 -0.1662479900000000 0.1305339400000000
vn 3.6241756644654601 4.1712974465086754 1.9297024397270510
v -0.1947757400000000 -0.1600417100000000 0.1289689900000000
vn 3.7657589481513662 -4.3884691964248335 1.0601530331948221
v -0.1881755100000000 -0.1939971900000000 0.1122734500000000
vn 5.4790106797357998 -2.1719777992536917 1.5431754850083101
v -0.1860081800000000 -0.1902579800000000 0.1129048400000000
vn 5.9184337781577865 -0.5850802983327116 1.6742553678036969
v -0.1849206100000000 -0.1844744500000000 0.1132371100000000
vn 5.5828393183350276 1.4253140933179207 1.5944157447976819
v -0.1850211400000000 -0.1661638100000000 0.1133621300000000
vn 3.9417407699534772 4.1750117119810310 1.1348701949509115
v -0.1881516400000000 -0.1599688100000000 0.1124316300000000
vn 3.9180770916374756 -4.3812557995848458 0.2421919495149650
v -0.1851339300000000 -0.1939173900000000 0.0947198800000000
vn 5.6822288324316830 -2.1656648076909479 0.3705224635711730
v -0.1828862900000000 -0.1901760600000000 0.0948868000000000
vn 6.1379945326581611 -0.5783501258336571 0.4080856446394322
v -0.1817611200000000 -0.1843914800000000 0.0949890400000000
vn 5.7902316055309102 1.4321530609363644 0.3999074191272308
v -0.1818515200000000 -0.1660744000000000 0.0951396700000000
vn 4.0779709044258059 4.1843658595511828 0.2777030610359958
v -0.1851132100000000 -0.1598890000000000 0.0948781800000000
vn 3.8863343898564513 -4.3775878266135901 -0.5788986854991743
v -0.1858079400000000 -0.1938341500000000 0.0769168100000000
vn 5.6369983772857175 -2.1604556193040128 -0.8197309528849239
v -0.1835781500000000 -0.1900906400000000 0.0766145700000000
vn 6.0889049484731252 -0.5726995110981397 -0.8773818459731152
v -0.1824608900000000 -0.1843049600000000 0.0764811300000000
vn 5.7462885323723691 1.4356590977801016 -0.8131848423597966
v -0.1825357800000000 -0.1659993100000000 0.0766468700000000
vn 3.9726680755979924 4.2209614827352304 -0.4759125950806842
v -0.1857872200000000 -0.1598057700000000 0.0770751100000000
vn 3.6183449946202533 -4.4072524701418612 -1.3117351819503189
v -0.1901710500000000 -0.1937511400000000 0.0596438500000000
vn 5.3453095650122187 -2.1544295356869489 -1.9744117877444021
v -0.1880555200000000 -0.1900054400000000 0.0588856000000000
vn 5.7743815979881399 -0.5658953070794567 -2.1244197404996461
v -0.1869974400000000 -0.1842186600000000 0.0585258100000000
vn 5.4504880258892907 1.4415220046590385 -1.9897656945093338
v -0.1870532900000000 -0.1659122100000000 0.0587085000000000
vn 3.7080728781391996 4.2403241579185424 -1.3885701249114168
v -0.1901503300000000 -0.1597227600000000 0.0598021500000000
vn 3.2402088089844114 -4.3919133161726700 -2.1351314115471918
v -0.1980291700000000 -0.1936719800000000 0.0436552700000000
vn 4.8200744734366019 -2.1496659490376513 -3.0433877974583652
v -0.1961213800000000 -0.1899241900000000 0.0424761600000000
vn 5.2064679895474502 -0.5610642641276585 -3.2788211698124963
v -0.1951662600000000 -0.1841363600000000 0.0419022200000000
vn 4.9162038136517747 1.4466023765403113 -3.0791271963343387
v -0.1952011100000000 -0.1658322200000000 0.0420953800000000
vn 3.4523946534851966 4.1939662355003637 -2.1679619875616178
v -0.1980084500000000 -0.1596436000000000 0.0438135700000000
vn -3.1659789901482052 -3.8152321922420716 3.0082792536979177
v -0.2255511400000000 -0.1916074700000000 0.0457654500000000
vn 2.8175778009924342 -4.3694342528243837 -2.7434966153729698
v -0.2090396400000000 -0.1936001300000000 0.0296512100000000
vn 4.0846720101414551 -2.1439938671432723 -3.9797109728377245
v -0.2074251400000000 -0.1898504300000000 0.0281008600000000
vn 4.4118669046508412 -0.5558260527870337 -4.2897788432727779
v -0.2066149800000000 -0.1840616600000000 0.0273438700000000
vn 4.1670572211763739 1.4531896574699252 -4.0328851662160963
v -0.2066242700000000 -0.1657477200000000 0.0275466000000000
vn 2.9228986022448864 4.2328815275563620 -2.7142520241385322
v -0.2090189200000000 -0.1595717400000000 0.0298095100000000
vn -1.6826650522304345 -5.4729849342771999 2.5378953741041088
v -0.2341519400000000 -0.1929289500000000 0.0353006900000000
vn 2.1677219534707990 -4.3978568694848486 -3.1935298861709205
v -0.2227220500000000 -0.1935387200000000 0.0182412700000000
vn 3.1695362665662916 -2.1404881709644181 -4.7415606720334091
v -0.2214656400000000 -0.1897873900000000 0.0163885000000000
vn 3.4242164406379909 -0.5508946935899933 -5.1133997002637432
v -0.2208392600000000 -0.1839978100000000 0.0154804800000000
vn 3.2358804869615616 1.4572071683319439 -4.8103817535583770
v -0.2208218000000000 -0.1656860100000000 0.0156838600000000
vn 2.1730477874235445 4.2519427204018108 -3.2970138048480897
v -0.2227013300000000 -0.1595103300000000 0.0183995800000000
vn -1.0843329545364289 -5.4934741261505611 2.7956123156867294
v -0.2461108700000000 -0.1928923000000000 0.0289871300000000
vn 1.3789233531971685 -4.3825763493100194 -3.6391218998673192
v -0.2384759700000000 -0.1934872700000000 0.0099230400000000
vn 2.1167436899304803 -2.1371203024236718 -5.2982976655977225
v -0.2376386300000000 -0.1897378400000000 0.0078544300000000
vn 2.2867042312156864 -0.5480353952066438 -5.7136058248635448
v -0.2372176500000000 -0.1839476200000000 0.0068362400000000
vn 2.1637688221113671 1.4596371617473536 -5.3787476451831084
v -0.2371770600000000 -0.1656351400000000 0.0070372000000000
vn 1.5082456137259268 4.2027934256843196 -3.7786623957810761
v -0.2384552500000000 -0.1594620400000000 0.0100813200000000
vn 0.6781263113899263 -4.3625728673387565 -3.8823851678663903
v -0.2556184900000000 -0.1934542200000000 0.0050634300000000
vn 0.9711639643444151 -2.1343906061294167 -5.6228096780339110
v -0.2552306700000000 -0.1897007600000000 0.0028644500000000
vn 1.0497213998370623 -0.5451593850228056 -6.0643259940893115
v -0.2550364400000000 -0.1839132700000000 0.0017842900000000
vn 0.9966730171101408 1.4610826458970196 -5.7110006353203442
v -0.2549739700000000 -0.1656062600000000 0.0019754800000000
vn 0.7581900418694393 4.2379078455395245 -3.9102165074600999
v -0.2555946200000000 -0.1594290000000000 0.0052216000000000
vn -0.1580685629187437 4.3994192833915573 -3.8981557842131673
v -0.2731458500000000 0.1942351300000000 0.0056800900000000
vn -0.8840590160319379 4.4175930152925353 -3.7486124989077290
v -0.2907804200000000 0.1942372400000000 0.0082134100000000
vn -0.2148148898555235 2.1883192768880178 -5.6815407186245785
v -0.2732337200000000 0.1905022600000000 0.0034125800000000
vn -1.3938636461118943 2.1880049578778529 -5.5125938293384866
v -0.2913333900000000 0.1905053900000000 0.0060152200000000
vn -0.2328790562926975 0.6023088742304776 -6.1445367319840001
v -0.2732800100000000 0.1847250600000000 0.0022611700000000
vn -1.5065344825755835 0.6024602759937440 -5.9614855803809341
v -0.2916133900000000 0.1847239700000000 0.0048958500000000
vn -0.2272010949478555 -1.4102487945599280 -5.8047384327899527
v -0.2733617600000000 0.1664109200000000 0.0022754700000000
vn -1.4278493252881246 -1.4094901192873017 -5.6314421308639426
v -0.2916664500000000 0.1664126300000000 0.0049209700000000
vn -0.1436842920756960 -4.1685996577506357 -4.1022940160656693
v -0.2731697300000000 0.1602099000000000 0.0055219200000000
vn -0.9312180398653659 -4.2184538089781469 -3.8730609291495517
v -0.2908042900000000 0.1602088600000000 0.0080552300000000
vn 0.1310753272523505 -5.8672709060856505 2.0116159867315937
v -0.2724863900000000 0.1587615200000000 0.0235026100000000
vn 0.4795340467888223 -5.8472083573693077 2.0813656665224647
v -0.2863962100000000 0.1587649000000000 0.0255013100000000
vn -1.7266637864300853 4.4267306039977701 -3.4146787763759541
v -0.3075012200000000 0.1942188300000000 0.0143579800000000
vn -2.5119518276390895 2.1861264085184864 -5.1020246718737114
v -0.3084988200000000 0.1904864900000000 0.0123241900000000
vn -2.7137278523202419 0.6006938218599752 -5.5180458339850578
v -0.3089979700000000 0.1847079800000000 0.0112869100000000
vn -2.5664943931730471 -1.4098483908163391 -5.2124129771948047
v -0.3090289600000000 0.1663940900000000 0.0113190800000000
vn -1.8339709877443116 -4.2032276138422473 -3.5764844256559574
v -0.3075250900000000 0.1601904500000000 0.0141997900000000
vn -2.4273211682252187 4.3925432173552883 -3.0701473462820696
v -0.3225820600000000 0.1941838800000000 0.0238459800000000
vn -3.5193555203265503 2.1830369607036486 -4.4680794051886457
v -0.3239727000000000 0.1904506200000000 0.0220589100000000
vn -3.8021042996790748 0.5975408293952453 -4.8336239755666348
v -0.3246723900000000 0.1846716400000000 0.0211504000000000
vn -3.5925536254674451 -1.4117573041288214 -4.5654242720406595
v -0.3246804900000000 0.1663614300000000 0.0211829900000000
vn -2.5171522486882911 -4.1688018072312669 -3.2403107333156314
v -0.3226059400000000 0.1601586600000000 0.0236878200000000
vn 1.0476567498984091 -5.9110938051631727 1.5799728773438342
v -0.3049384400000000 0.1587601200000000 0.0329457200000000
vn 3.3435619965733547 3.7909373872344174 2.8188733506087389
v -0.3176704500000000 0.1920011600000000 0.0510549700000000
vn -3.0145899675287620 4.3916569930722726 -2.4961308840756051
v -0.3353582000000000 0.1941381100000000 0.0362623900000000
vn -4.3732015983056520 2.1806061566995090 -3.6377089671019727
v -0.3370902900000000 0.1904024800000000 0.0348043300000000
vn -4.7244038227339020 0.5941015783593862 -3.9371174861302758
v -0.3379576700000000 0.1846196900000000 0.0340570500000000
vn -4.4620481596748043 -1.4150618918887334 -3.7192164026740602
v -0.3379386700000000 0.1663125300000000 0.0340860700000000
vn -3.1467644296879920 -4.1679921238844004 -2.6420659702256408
v -0.3353820700000000 0.1601086700000000 0.0361042000000000
vn 1.7114223543474021 -5.7591035508828066 1.3646248833073946
v -0.3211691800000000 0.1589753900000000 0.0488083400000000
vn -3.4727157141738720 4.3886002285054992 -1.8140738009007307
v -0.3452730900000000 0.1940753000000000 0.0510613700000000
vn -5.0363074472063039 2.1759362089172600 -2.6485071374643439
v -0.3472663400000000 0.1903380100000000 0.0499935400000000
vn -5.4405468486922715 0.5894691335589517 -2.8688739414826685
v -0.3482642400000000 0.1845543900000000 0.0494429500000000
vn -5.1360093945187160 -1.4195648915742272 -2.7105474085501364
v -0.3482255100000000 0.1662468800000000 0.0494635200000000
vn -3.6232979357597732 -4.1713005864248052 -1.9316116018531186
v -0.3452969600000000 0.1600458700000000 0.0509031800000000
vn 1.2927092332255059 -5.9604194790783147 0.5385293469450463
v -0.3327579800000000 0.1583845400000000 0.0643003200000000
vn -3.7739031293699221 4.3875262480156660 -1.0376109097497999
v -0.3518971900000000 0.1940024000000000 0.0675987300000000
vn -5.4790456114334987 2.1711111100565779 -1.5428966424020898
v -0.3540654500000000 0.1902631800000000 0.0669705300000000
vn -5.9183520031974073 0.5849248082541894 -1.6751190122781594
v -0.3551499900000000 0.1844817600000000 0.0666350000000000
vn -5.5862449433017130 -1.4237604478127588 -1.5840439837765679
v -0.3550904400000000 0.1661746000000000 0.0666416800000000
vn -3.9413584327366986 -4.1743321655655095 -1.1366419943334252
v -0.3519210700000000 0.1599729700000000 0.0674405400000000
vn -3.8571274553625714 4.4032270276520276 -0.3005057960068740
v -0.3549356100000000 0.1939225900000000 0.0851521800000000
vn -5.6821968238194094 2.1664810311597296 -0.3698127888924591
v -0.3571832500000000 0.1901812700000000 0.0849852500000000
vn -6.1378534453101645 0.5795918808081990 -0.4081013243451481
v -0.3583094800000000 0.1843987900000000 0.0848830700000000
vn -5.7916150459690883 -1.4304009025463418 -0.3880025398287580
v -0.3582323000000000 0.1660904500000000 0.0848730100000000
vn -4.0898711348641559 -4.1784482339701352 -0.2933516027245486
v -0.3549594900000000 0.1598973700000000 0.0849940100000000
vn -3.7986070836711487 4.4111692354787992 0.6038223005449306
v -0.3542584500000000 0.1938393600000000 0.1029551300000000
vn -5.6358359345593687 2.1621762263314719 0.8198640819776264
v -0.3564913600000000 0.1900958400000000 0.1032585400000000
vn -6.0888970278242480 0.5731471052968895 0.8772843611268728
v -0.3576086600000000 0.1843122700000000 0.1033909300000000
vn -5.7440973657964536 -1.4370414999743413 0.8242940158913483
v -0.3575143400000000 0.1660015100000000 0.1033603100000000
vn -3.9347417162775935 -4.2361925928159394 0.5006765324514723
v -0.3542823200000000 0.1598141400000000 0.1027969600000000
vn -3.6742632457716224 4.3769085367849874 1.3843629253952154
v -0.3498953400000000 0.1937563500000000 0.1202280800000000
vn -5.3449548610342985 2.1566045427379867 1.9746000790641776
v -0.3520108300000000 0.1900106400000000 0.1209873900000000
vn -5.7737530775076351 0.5676527200727104 2.1244394565680005
v -0.3530719900000000 0.1842259600000000 0.1213494100000000
vn -5.4464525233211925 -1.4415989410055585 2.0001503012081576
v -0.3529691400000000 0.1659162000000000 0.1212942900000000
vn -3.7318715181409212 -4.2254920626524539 1.4290726185608880
v -0.3499192200000000 0.1597269100000000 0.1200699000000000
vn 1.5106862262314151 -5.8831193956897669 -0.3823676352166230
v -0.3357236700000000 0.1582031700000000 0.1060278900000000
vn 2.5855609333109326 5.4858072629943004 -1.5452499212889705
v -0.3246583200000000 0.1930353200000000 0.1252801500000000
vn -3.3075763174641724 4.3928301294049774 2.0285944985972577
v -0.3420371800000000 0.1936771800000000 0.1362177200000000
vn -4.8197835846665624 2.1494559980621890 3.0434107944460482
v -0.3439448900000000 0.1899293800000000 0.1373989300000000
vn -5.2069390487584712 0.5603457139727928 3.2787922872607584
v -0.3449001400000000 0.1841405100000000 0.1379697100000000
vn -4.9100176993078293 -1.4474894873071324 3.0886114490616645
v -0.3447914600000000 0.1658262600000000 0.1378933900000000
vn -3.4674381600262643 -4.1940647336656527 2.1431611367179140
v -0.3420621100000000 0.1596477500000000 0.1360595700000000
vn 2.2237039658955653 5.4704102254698439 -2.0870506458177323
v -0.3163013300000000 0.1929807700000000 0.1359108400000000
vn -2.7286427723214493 4.3999746505673567 2.7262739908342732
v -0.3310267500000000 0.1936053300000000 0.1502207200000000
vn -4.0837565131795159 2.1454125528014849 3.9792691028216147
v -0.3326444100000000 0.1898556400000000 0.1517712000000000
vn -4.4121414348019670 0.5560444490908563 4.2892109164443131
v -0.3334556200000000 0.1840658100000000 0.1525282200000000
vn -4.1599268253871067 -1.4513129668418858 4.0415062054379192
v -0.3333509600000000 0.1657603700000000 0.1524241200000000
vn -2.9397302192433061 -4.1938089415106443 2.8328695293960418
v -0.3310506300000000 0.1595759000000000 0.1500625400000000
vn 1.4620700635198569 -5.8628755644223887 -1.3639250981453142
v -0.3181421200000000 0.1582663000000000 0.1375136100000000
vn -2.1850386368547490 4.3638140248604351 3.2863888595366921
v -0.3173443400000000 0.1935397100000000 0.1616306400000000
vn -3.1690314914980267 2.1420742510954813 4.7417338510592053
v -0.3185997000000000 0.1897894400000000 0.1634833800000000
vn -3.4241326320329408 0.5519123673746776 5.1130229857068876
v -0.3192302800000000 0.1840019600000000 0.1643915700000000
vn -3.2267043150195658 -1.4567617317543182 4.8172483579530123
v -0.3191296300000000 0.1656909800000000 0.1642650000000000
vn -2.2838853095949432 -4.1970339695405023 3.3820183364512024
v -0.3173682200000000 0.1595144900000000 0.1614724700000000
vn 1.1201809007964580 -5.8307137350167659 -1.8387565949155347
v -0.3073493500000000 0.1582147000000000 0.1465146300000000
vn 1.6341229731219789 3.8231804879265789 -4.0263822545909482
v -0.2929709100000000 0.1915274200000000 0.1485405300000000
vn -1.4583186430451325 4.3626865760077118 3.6687029285348443
v -0.3015863300000000 0.1934914300000000 0.1699455800000000
vn -2.1159850840170575 2.1387431662191960 5.2971416790751915
v -0.3024277300000000 0.1897398900000000 0.1720185400000000
vn -2.2864438754867717 0.5479164747334955 5.7137241584189074
v -0.3028487400000000 0.1839517700000000 0.1730356900000000
vn -2.1529309273841641 -1.4605763375480558 5.3821533423184178
v -0.3027623900000000 0.1656364700000000 0.1728867500000000
vn -1.5168584219889909 -4.2538792770902143 3.6428824892674996
v -0.3016112600000000 0.1594630500000000 0.1697874400000000
vn 0.5246084023557662 -5.9309615420554218 -1.3835823792028044
v -0.2946841100000000 0.1579066000000000 0.1539400200000000
vn -0.6542232111474485 4.3628867911552973 3.8857349769277447
v -0.2844469700000000 0.1934583900000000 0.1748053100000000
vn -0.9700608721871582 2.1346372532978446 5.6229107444165294
v -0.2848326900000000 0.1897059800000000 0.1770042100000000
vn -1.0495256369994055 0.5450982236255564 6.0644876301901913
v -0.2850300700000000 0.1839142800000000 0.1780844700000000
vn -0.9858480564785816 -1.4627092650183842 5.7121258526759000
v -0.2849591200000000 0.1655985900000000 0.1779159900000000
vn -0.6122813240702203 -4.2399297982776183 3.9342538743684341
v -0.2844719000000000 0.1594300100000000 0.1746471600000000
vn 0.4701691749851331 -5.7933258344127498 -2.2635759258011681
v -0.2814012500000000 0.1581505700000000 0.1569038800000000
vn 0.0870153525330684 4.3817476230410888 3.8936657123894554
v -0.2666709200000000 0.1934388900000000 0.1759916200000000
vn 0.2172473021104366 2.1351682686693887 5.7017373442759158
v -0.2665876200000000 0.1896849800000000 0.1782243000000000
vn 0.2331844024419978 0.5446260806835670 6.1499226851292272
v -0.2665515200000000 0.1838972700000000 0.1793220400000000
vn 0.2252497478764118 -1.4648394322436400 5.7911008392035832
v -0.2664963300000000 0.1655824700000000 0.1791374900000000
vn 0.0828945430208768 -4.2774412075539967 3.8848306254751841
v -0.2666948000000000 0.1594136600000000 0.1758334600000000
vn -0.0736832350540959 -5.8997257868027821 -1.7439698682212752
v -0.2673796800000000 0.1581334500000000 0.1578432300000000
vn 0.9805063560609224 4.3920757442055836 3.7395832606231973
v -0.2490362400000000 0.1934399200000000 0.1734614700000000
vn 1.3969041835374960 2.1328935381606877 5.5325626321062291
v -0.2484877900000000 0.1896860500000000 0.1756258900000000
vn 1.5071123348376789 0.5431317873404320 5.9674791094427766
v -0.2482181500000000 0.1838952100000000 0.1766873400000000
vn 1.4251923620806632 -1.4615534528596408 5.6196582722703408
v -0.2481900000000000 0.1655920200000000 0.1764930000000000
vn 1.0482389309886406 -4.2386649785773631 3.8405637762220257
v -0.2490601100000000 0.1594115400000000 0.1733032900000000
vn -0.9122198901553593 -5.4495794176083630 -2.9652011734800205
v -0.2530825100000000 0.1584324800000000 0.1546618300000000
vn 1.7442618937825847 4.3630824759606543 3.5353937520164349
v -0.2323155600000000 0.1934551800000000 0.1673137400000000
vn 2.5139218581960310 2.1360488950794143 5.1221210343592318
v -0.2313265700000000 0.1897017900000000 0.1693170700000000
vn 2.7136781994632702 0.5460072651523358 5.5236683894909975
v -0.2308344500000000 0.1839143300000000 0.1703005400000000
vn 2.5639942124714716 -1.4633299469824057 5.1980199680858181
v -0.2308248600000000 0.1656005600000000 0.1700971700000000
vn 1.7863920559226405 -4.2059971255479498 3.6533963577341502
v -0.2323394300000000 0.1594299600000000 0.1671555700000000
vn -0.7175497746386572 -5.9510479335981650 -1.2483297106673445
v -0.2345917900000000 0.1579239100000000 0.1489286100000000
vn 2.3475851509425549 4.3824052495507759 3.1046966700359659
v -0.2172345600000000 0.1934901200000000 0.1578299300000000
vn 3.5222007641830713 2.1361697744996846 4.4881681731847785
v -0.2158484700000000 0.1897376500000000 0.1595821900000000
vn 3.8029330285683933 0.5468376958476188 4.8389534209448239
v -0.2151558700000000 0.1839475200000000 0.1604358200000000
vn 3.5901084351422599 -1.4600428459460080 4.5523225209113685
v -0.2151750900000000 0.1656342200000000 0.1602313900000000
vn 2.4117306308522046 -4.2528127822187214 3.1228713291335919
v -0.2172594800000000 0.1594617400000000 0.1576717900000000
vn 2.9798289979435468 4.3971422456794089 2.4547829295393382
v -0.2044584600000000 0.1935401000000000 0.1454125000000000
vn 4.3762900948963672 2.1414875731478449 3.6577192298677721
v -0.2027319800000000 0.1897889600000000 0.1468357600000000
vn 4.7244689015778070 0.5523551532919851 3.9428617917315947
v -0.2018735900000000 0.1839994500000000 0.1475335000000000
vn 4.4588713639664590 -1.4571044770373849 3.7054100336334548
v -0.2019151300000000 0.1656903100000000 0.1473340700000000
vn 3.1169950495642862 -4.2363457038234156 2.4850144417010700
v -0.2044823300000000 0.1595117200000000 0.1452543100000000
vn 3.4783975462789121 4.3679648915630951 1.8407282622055881
v -0.1945404100000000 0.1935997500000000 0.1306133900000000
vn 5.0397829483595169 2.1451460594687672 2.6692004124267692
v -0.1925559200000000 0.1898502700000000 0.1316465400000000
vn 5.4404819599224110 0.5575890409755101 2.8744485697619462
v -0.1915638600000000 0.1840647500000000 0.1321474800000000
vn 5.1337748725663133 -1.4521268160830045 2.6974030157256865
v -0.1916296000000000 0.1657579400000000 0.1319587200000000
vn 3.6026051694842192 -4.1981861405409209 1.8997915652265440
v -0.1945642900000000 0.1595745300000000 0.1304552200000000
vn 3.7122476941928477 4.3901084674748319 1.1373911594067962
v -0.1879163100000000 0.1936726500000000 0.1140760200000000
vn 5.4821874324981783 2.1503848534651246 1.5639746255146700
v -0.1857566900000000 0.1899250900000000 0.1146727100000000
vn 5.9185948807387359 0.5623439452158617 1.6803744739552391
v -0.1846751200000000 0.1841405500000000 0.1149511200000000
vn 5.5839017011022394 -1.4480085477423921 1.5705926802969363
v -0.1847645400000000 0.1658264300000000 0.1147717400000000
vn 3.9373530605920544 -4.1902220858604577 1.0987570923407701
v -0.1879401900000000 0.1596474300000000 0.1139178600000000
vn -1.3821403111957087 -5.9380021494719761 -0.4244560774511986
v -0.2044287300000000 0.1580564300000000 0.1086785800000000
vn 3.8435062645641906 4.4063538708954555 0.2405721061332641
v -0.1848778900000000 0.1937524600000000 0.0965225700000000
vn 5.6847684990554299 2.1561300822852196 0.3903985827163697
v -0.1826348100000000 0.1900070100000000 0.0966546700000000
vn 6.1384369046193186 0.5674481418099001 0.4132963828477129
v -0.1815156300000000 0.1842235200000000 0.0967030500000000
vn 5.7888823845276356 -1.4427803833875030 0.3748890863181832
v -0.1816186300000000 0.1659120300000000 0.0965427700000000
vn 3.9501399691040517 -4.2416982045106923 0.2884956265338021
v -0.1849017600000000 0.1597272400000000 0.0963644100000000
vn 3.8833794064264300 4.3803992964929019 -0.5490076326222944
v -0.1855519000000000 0.1938356900000000 0.0787195100000000
vn 5.6397363794748490 2.1600986202302330 -0.7997762820419900
v -0.1833266600000000 0.1900924400000000 0.0783824400000000
vn 6.0901058341002496 0.5722708532991521 -0.8720192843033371
v -0.1822196000000000 0.1843100500000000 0.0781953100000000
vn 5.7425285398367647 -1.4362594650728080 -0.8370902212189908
v -0.1823360900000000 0.1659991300000000 0.0780574100000000
vn 3.9478825852001282 -4.2207023306976339 -0.6617125005054245
v -0.1855757700000000 0.1598104700000000 0.0785613400000000
vn -1.9702945614674401 -5.8686504239069350 0.1915744523588348
v -0.2033955100000000 0.1584482700000000 0.0811164000000000
vn 3.6600818517849856 4.4032115772282880 -1.2560495391307382
v -0.1899150000000000 0.1939187000000000 0.0614465500000000
vn 5.3479665796097047 2.1663188021729902 -1.9542238830650640
v -0.1878040300000000 0.1901776400000000 0.0606534700000000
vn 5.7749363876510227 0.5783146557116284 -2.1188299485929765
v -0.1867529900000000 0.1843963400000000 0.0602398600000000
vn 5.4433938982263008 -1.4324604883358738 -2.0134709649191054
v -0.1868835600000000 0.1660758900000000 0.0601199600000000
vn 3.8370163565308535 -4.1834803337414712 -1.4149779827653424
v -0.1899388800000000 0.1598934800000000 0.0612883800000000
vn -1.8981521756784574 -5.8610503232636919 0.7308680772585423
v -0.2068361200000000 0.1585137500000000 0.0674901800000000
vn 3.2389409815941397 4.4169917928177096 -2.0590377543550664
v -0.1977720700000000 0.1939978700000000 0.0454579200000000
vn 4.8232498283075103 2.1704611160349288 -3.0234122817030080
v -0.1958698900000000 0.1902588900000000 0.0442440300000000
vn 5.2077313455948548 0.5842329111067819 -3.2732872407591209
v -0.1949249700000000 0.1844786500000000 0.0436164000000000
vn 4.9084935306068616 -1.4247235885794749 -3.1012083831587827
v -0.1950532200000000 0.1661694600000000 0.0435262100000000
vn 3.3753285479399238 -4.2293936744300682 -2.0932166199324129
v -0.1977970000000000 0.1599726400000000 0.0452998000000000
vn -1.8604466560117967 -5.8404497418637114 1.0850723558942175
v -0.2130351300000000 0.1585762000000000 0.0548780200000000
vn -3.1331214013779256 3.7919557116723261 3.0493671356631080
v -0.2253659300000000 0.1919487800000000 0.0474858200000000
vn 2.8219599157485376 4.3876388499740369 -2.7180507408180912
v -0.2087835900000000 0.1940728800000000 0.0314539200000000
vn 4.0873166157297103 2.1764507372583832 -3.9593743049048467
v -0.2071736500000000 0.1903358000000000 0.0298687400000000
vn 4.4130226477537784 0.5904452779641087 -4.2837252211271100
v -0.2063694800000000 0.1845533400000000 0.0290578800000000
vn 4.1573301966526364 -1.4205045587634557 -4.0542141920659942
v -0.2064980800000000 0.1662429200000000 0.0289904500000000
vn 2.8144529264514695 -4.2108253419492234 -2.8598818075302095
v -0.2088074600000000 0.1600445000000000 0.0312957400000000
vn 2.1764086193430621 4.3947549442819742 -3.2442852692953932
v -0.2224660000000000 0.1941342900000000 0.0200439900000000
vn 3.1723352154130633 2.1806260753686812 -4.7214058217565125
v -0.2212141500000000 0.1903988400000000 0.0181563900000000
vn 3.4249992661975113 0.5939848419028968 -5.1080244395015502
v -0.2205948200000000 0.1846171900000000 0.0171945400000000
vn 3.2247738888719732 -1.4162297406510103 -4.8304933758589934
v -0.2207174300000000 0.1663078800000000 0.0171510900000000
vn 2.2828468930227848 -4.1729893786785190 -3.4042594488224194
v -0.2224898800000000 0.1601059100000000 0.0198858000000000
vn -1.2820810066258261 -5.8721275866496798 1.6402071043517705
v -0.2258585900000000 0.1586751000000000 0.0395266600000000
vn 1.5017794187512659 4.4131791866935357 -3.5522042620154961
v -0.2382199200000000 0.1941825800000000 0.0117257300000000
vn 2.1199447972412044 2.1830423330607500 -5.2787305195225001
v -0.2373871400000000 0.1904483900000000 0.0096223100000000
vn 2.2880116986547843 0.5985919152616664 -5.7079537444460851
v -0.2369732100000000 0.1846705400000000 0.0085503100000000
vn 2.1514849200115362 -1.4124861035399991 -5.3960285009300764
v -0.2370851900000000 0.1663589300000000 0.0085287500000000
vn 1.5124815808553367 -4.2196259018123836 -3.6844188863079630
v -0.2382438000000000 0.1601573500000000 0.0115675700000000
vn 0.6228548442971731 4.4270029807140281 -3.7747154095271909
v -0.2553624400000000 0.1942187800000000 0.0068661400000000
vn 0.9738101447856058 2.1853452346333331 -5.6024812586622561
v -0.2549781300000000 0.1904854700000000 0.0046323000000000
vn 1.0505361304620817 0.5998057901216782 -6.0590801440651596
v -0.2547920000000000 0.1847048900000000 0.0034983600000000
vn 0.9848052337379640 -1.4081725864649914 -5.7267539524360709
v -0.2548851600000000 0.1664019800000000 0.0034966400000000
vn 0.6066577010268033 -4.2022217095827594 -3.9729749482564318
v -0.2553831600000000 0.1601904000000000 0.0067078400000000
vn -0.4026377085591211 -5.8777266242729880 1.9098616461862536
v -0.2584586300000000 0.1587486200000000 0.0244385800000000
vn 0.1567778042821261 3.7847199672118097 4.3755712082538079
v -0.2723142500000000 0.1920726600000000 0.0287221200000000
vn -4.8759282176115253 0.7809986142392642 -3.1402650622433930
v -0.4541179600000000 0.0113506100000000 -0.0905842400000000
vn -4.8651089578654378 0.0183694027488790 -3.3084127193200183
v -0.4543770300000000 -0.0063585700000000 -0.0925134100000000
vn -2.8870381535455425 1.2101621629926058 -5.2259260876714704
v -0.4507022900000000 0.0118284200000000 -0.0932676700000000
vn -2.9054005190969474 0.0265628615477478 -5.3546382814445632
v -0.4509707700000000 -0.0063479400000000 -0.0952450200000000
vn -1.3728183380807126 1.3075373187130832 -5.8807119060956019
v -0.4451169500000000 0.0120684300000000 -0.0951298000000000
vn -1.3929141820475017 0.0290592641893010 -6.0192565462897489
v -0.4453897700000000 -0.0063425400000000 -0.0971354700000000
vn 0.6443112463226216 0.0218191641117649 -5.9437091182091555
v -0.4272369800000000 -0.0064105300000000 -0.0994942000000000
vn 0.6617932327270322 1.2281032384588364 -5.8137226240720850
v -0.4269635400000000 0.0119819800000000 -0.0975051100000000
vn 3.6133159683191938 0.8819925638648385 -4.5131435832744575
v -0.4203962200000000 0.0113513100000000 -0.0951484900000000
vn 3.5952234413226565 0.0203046294107868 -4.6193542605038180
v -0.4206583300000000 -0.0063578800000000 -0.0970743900000000
vn 6.0927132383826255 0.0980759421368496 0.6002787824114222
v -0.4167592700000000 -0.0124663000000000 -0.0801240700000000
vn 5.9901975008958148 -0.4391226765998475 1.3693708481733489
v -0.4168623900000000 0.0066596700000000 -0.0769815700000000
vn -4.8287208564872435 1.6493655594768613 -2.8841596373860248
v -0.4533682200000000 0.0282700300000000 -0.0850524000000000
vn -2.8369207010290332 2.3412984143004998 -4.8565915369689714
v -0.4499340200000000 0.0291945400000000 -0.0875859000000000
vn -1.3192998070153774 2.5284482590041901 -5.4810531041934656
v -0.4443395500000000 0.0296563400000000 -0.0893767600000000
vn 0.7138795675720357 2.3798846393264741 -5.4375512783447908
v -0.4261848400000000 0.0295535500000000 -0.0917726000000000
vn 3.6898423086450305 1.5773924768618643 -4.2107258255315996
v -0.4196505800000000 0.0282707100000000 -0.0896133300000000
vn 6.0746429067310173 -0.9375876398973824 0.8665097669183781
v -0.4156429900000000 0.0282453700000000 -0.0700189300000000
vn -4.7650731651601701 2.3102457138126105 -2.5532875192168767
v -0.4521665300000000 0.0436554800000000 -0.0761516600000000
vn -2.7577207960032921 3.3701043896897187 -4.2616680765114419
v -0.4486989700000000 0.0449873300000000 -0.0784496100000000
vn -1.2340588423775549 3.6392010122972920 -4.8377833659967093
v -0.4430895300000000 0.0456538700000000 -0.0801263000000000
vn 0.7957882608635547 3.4284938411706976 -4.8322738045945899
v -0.4249395300000000 0.0455419700000000 -0.0825436700000000
vn 3.7742695908891966 2.3797630026401309 -3.7083253154022184
v -0.4184436300000000 0.0436561700000000 -0.0807128000000000
vn -4.7184508285259863 2.8451773555871065 -1.9724850643744625
v -0.4505587700000000 0.0568382500000000 -0.0642774100000000
vn -2.6509111464798689 4.2503475956033903 -3.4670159531983318
v -0.4470528100000000 0.0585191700000000 -0.0662623000000000
vn -1.1174401576851805 4.5909927034549014 -3.9808779181615215
v -0.4414204300000000 0.0593586700000000 -0.0677810400000000
vn 0.9051153824876489 4.3270069995851710 -4.0247056093751663
v -0.4232741400000000 0.0592411400000000 -0.0702227300000000
vn 3.7800209086740120 3.0567820688890146 -3.2612117582296167
v -0.4168400700000000 0.0568389400000000 -0.0688383900000000
vn 5.9725956715316224 -1.6431404592868417 0.6075082018982738
v -0.4138823200000000 0.0434058500000000 -0.0571473000000000
vn -4.6105132611521338 3.3925719832936965 -1.2586166631383140
v -0.4486207200000000 0.0672439100000000 -0.0499477700000000
vn -2.5200065975233921 4.9459909227195649 -2.5098146727606445
v -0.4450622800000000 0.0691988400000000 -0.0515530600000000
vn -0.9765439504309005 5.3422625766095422 -2.9466741548982731
v -0.4394025500000000 0.0701753400000000 -0.0528804700000000
vn 1.0369139795912690 5.0362640306545696 -3.0491573704191839
v -0.4212599900000000 0.0700586500000000 -0.0553485200000000
vn 3.8791324173342572 3.5543788276651154 -2.5566581999005673
v -0.4149020300000000 0.0672445900000000 -0.0545087400000000
vn 5.9481432716525617 -1.7435058331836317 0.2683395927653311
v -0.4123532500000000 0.0516151300000000 -0.0458453300000000
vn -4.5033379524847845 3.7307392750116306 -0.6073392495516472
v -0.4464352700000000 0.0744122000000000 -0.0337853800000000
vn -2.3752027746701199 5.4253581917926317 -1.4290551728098260
v -0.4428173700000000 0.0765567200000000 -0.0349653900000000
vn -0.8194765940568374 5.8593551455238169 -1.7797518308172005
v -0.4371295500000000 0.0776301100000000 -0.0360816600000000
vn 1.1872765297359928 5.5251313531656665 -1.9498625906149691
v -0.4189831200000000 0.0775129400000000 -0.0385760000000000
vn 4.0120259611251052 3.7867294405971639 -1.8433956007064574
v -0.4127134200000000 0.0744128800000000 -0.0383464800000000
vn 5.8883757909837051 -1.9059137338081371 -0.2483363069270213
v -0.4106311800000000 0.0572699900000000 -0.0330962000000000
vn -4.4267122218259463 3.8239713066142986 0.1737099424884537
v -0.4440948200000000 0.0780369800000000 -0.0164992700000000
vn -2.2181128440960638 5.6673945616361863 -0.2741694922757260
v -0.4404163700000000 0.0802761900000000 -0.0172239300000000
vn -0.6505050400168153 6.1210960589883729 -0.5317755574114520
v -0.4346986800000000 0.0813958700000000 -0.0181093500000000
vn 1.3445109795284784 5.7738663738369365 -0.7722653229522182
v -0.4165636900000000 0.0812931800000000 -0.0206214400000000
vn 4.1509575023471870 3.9489591423633019 -0.9170472136550702
v -0.4103761700000000 0.0780376700000000 -0.0210613000000000
vn -4.2942557911499675 3.8422059690405779 1.0711708792540706
v -0.4417081700000000 0.0779533900000000 0.0011575300000000
vn -2.0578547527061164 5.6622276503218520 0.9061765773175281
v -0.4379646200000000 0.0801903900000000 0.0008981300000000
vn -0.4779617958018288 6.1150717685089333 0.7426693631397354
v -0.4322149800000000 0.0813089800000000 0.0002432500000000
vn 1.5070412919532341 5.7693558419961493 0.4301690166933968
v -0.4140841800000000 0.0812209100000000 -0.0022880700000000
vn 4.2103727814443577 4.0585277418682031 -0.1050602490267193
v -0.4079864400000000 0.0779540900000000 -0.0034067200000000
vn 5.8642621631973437 -1.4273423768563600 -0.9719060700234817
v -0.4067004000000000 0.0608322200000000 -0.0060307300000000
vn -3.9548474614716533 -4.1378417396706340 -0.8549391896530161
v -0.4383085800000000 0.0522750700000000 0.0109214200000000
vn -4.1766991213712652 3.7274893386744599 1.7940949816028005
v -0.4393722400000000 0.0741682500000000 0.0184091700000000
vn -1.9015268874294795 5.4099343046399344 2.0594253773310514
v -0.4355682500000000 0.0763030900000000 0.0186042000000000
vn -0.3102497762814116 5.8414508957783955 1.9883273490831284
v -0.4297899400000000 0.0773732300000000 0.0181776700000000
vn 1.6664339936344783 5.5123959669903986 1.6050932234252295
v -0.4116586100000000 0.0773030300000000 0.0156299600000000
vn 4.3415990397344109 3.8235413405858587 0.6076989621837626
v -0.4056547600000000 0.0741689500000000 0.0138440300000000
vn 5.4222982157136261 -2.7119598406567214 -1.5274992189927243
v -0.4054787600000000 0.0562870900000000 0.0071615500000000
vn -4.0731202862445617 3.3942048711954773 2.5498136519303998
v -0.4371967000000000 0.0668440800000000 0.0345031300000000
vn -1.7560013215534176 4.9195143016294294 3.1345972617880942
v -0.4333354400000000 0.0687884700000000 0.0351259600000000
vn -0.1514661937615973 5.3134161389555175 3.1497304130365857
v -0.4275260000000000 0.0697597000000000 0.0349095300000000
vn 1.8162542209561900 5.0143751126814582 2.7003877378064431
v -0.4093872800000000 0.0697124300000000 0.0323440900000000
vn 4.4924277716212959 3.3397893298550292 1.4317258549863896
v -0.4034749700000000 0.0668447800000000 0.0299388800000000
vn 5.7390883174321301 -1.4864051276026991 -1.6469340322869701
v -0.4033428700000000 0.0512997700000000 0.0207654300000000
vn -4.0281156507427873 2.8699271025972903 3.1271167028749196
v -0.4352713700000000 0.0563063600000000 0.0487364000000000
vn -1.6270377005426351 4.2150229907102466 4.0860248902578133
v -0.4313579900000000 0.0579731500000000 0.0497352000000000
vn -0.0119979882222817 4.5526153889375882 4.1773874837242566
v -0.4255245300000000 0.0588024200000000 0.0497089300000000
vn 1.9453922772367824 4.2983239198282259 3.6718761837249314
v -0.4073932300000000 0.0587778300000000 0.0471393700000000
vn 4.5364408127765392 3.0100958061788230 2.0460763645641062
v -0.4015484600000000 0.0563070400000000 0.0441752600000000
vn 5.5350689143947136 -1.6357926556534750 -2.3655545145130823
v -0.4018227000000000 0.0429869800000000 0.0319936500000000
vn -3.9335215786227415 2.2106398113614074 3.7416846973834845
v -0.4336797200000000 0.0430117300000000 0.0604874700000000
vn -1.5212374702968647 3.3265731464667398 4.8718349665985992
v -0.4297252300000000 0.0443265000000000 0.0617959500000000
vn 0.1020515515060027 3.5924554077996644 5.0258223587044721
v -0.4238690300000000 0.0449813300000000 0.0619260200000000
vn 2.0539833082022105 3.3937726514371955 4.4727042122315455
v -0.4057414300000000 0.0449813200000000 0.0593540500000000
vn 4.6331355970891996 2.2793116449550839 2.6460518907140487
v -0.3999579100000000 0.0430124200000000 0.0559253300000000
vn 5.7262161809149204 -0.8607197285258090 -1.9588181842412071
v -0.4002682300000000 0.0333596300000000 0.0414999700000000
vn -3.8607980260075037 1.5893234523272095 4.1397629108126566
v -0.4324958100000000 0.0275437400000000 0.0692435900000000
vn -1.4414312361211314 2.2927601088948695 5.4567293592334432
v -0.4285094600000000 0.0284479000000000 0.0707849100000000
vn 0.1883056819738959 2.4763385100059057 5.6577297087862917
v -0.4226385500000000 0.0289000800000000 0.0710272500000000
vn 2.1355500151008422 2.3409195736902570 5.0694804563250999
v -0.4045039200000000 0.0289260300000000 0.0684560500000000
vn 4.6512830797947418 1.6305826249976196 3.1490913019867413
v -0.3987739600000000 0.0275444200000000 0.0646824900000000
vn 5.5276130050299361 -0.9260480435460736 -2.6876754458662635
v -0.3996337600000000 0.0202990500000000 0.0481711900000000
vn -3.8671800447339906 0.8178924591851521 4.3157125456107961
v -0.4317676500000000 0.0105716100000000 0.0746209600000000
vn -1.3944682324914850 1.1581905985370844 5.8160600611326609
v -0.4277624100000000 0.0110319100000000 0.0763038200000000
vn 0.2398621191846206 1.2511823863505214 6.0457923013126997
v -0.4218824800000000 0.0112595100000000 0.0766195600000000
vn 2.1839628380844913 1.1857842009401030 5.4376880513970773
v -0.4037564300000000 0.0113074500000000 0.0740580400000000
vn 4.7060632729343759 0.8857998618854261 3.3001943972702521
v -0.3980457900000000 0.0105723000000000 0.0700598600000000
vn 5.5536652073343680 -0.3412285153493609 -2.7209857463152201
v -0.3990611200000000 0.0069126100000000 0.0524103000000000
vn -4.3560458717529347 0.0316338212547535 -3.8107452211301038
v -0.4325822000000000 -0.0070028400000000 0.0532510700000000
vn -3.8406128939597264 -0.0808697157738054 4.4274570069103856
v -0.4315259400000000 -0.0071518900000000 0.0763851300000000
vn -1.3786906929472531 -0.0267916524608092 5.9343390663314075
v -0.4275160400000000 -0.0071623700000000 0.0781130200000000
vn 0.2560886659394500 -0.0291167027026355 6.1729472314906548
v -0.4216320900000000 -0.0071675400000000 0.0784538600000000
vn 2.2000745179579613 -0.0217842948611625 5.5590169401986618
v -0.4035092900000000 -0.0071014000000000 0.0759054700000000
vn 4.7288503103242476 -0.0624102256508109 3.3600029696433622
v -0.3978072500000000 -0.0071512000000000 0.0718241600000000
vn -3.8253056227485080 -0.8211663365228737 4.3877324152039083
v -0.4317890600000000 -0.0248610800000000 0.0744603300000000
vn -1.3934744776541601 -1.2103193071403189 5.8062299991676367
v -0.4277845600000000 -0.0253418800000000 0.0761346000000000
vn 0.2382161978827689 -1.3074723496972305 6.0339816061405127
v -0.4219049100000000 -0.0255785100000000 0.0764481800000000
vn 2.1846280293927580 -1.2272508341079482 5.4275855072922834
v -0.4037654700000000 -0.0254890200000000 0.0739140600000000
vn 4.6847403299956802 -0.8813083601967403 3.3897029377489951
v -0.3980673700000000 -0.0248603800000000 0.0698950300000000
vn 5.7010009923125438 0.3249241586058245 -2.1832417373851021
v -0.3987019000000000 -0.0206586000000000 0.0530651400000000
vn -3.8994373123726480 -1.5475276101668962 4.0807311098846544
v -0.4325347500000000 -0.0417804900000000 0.0689241200000000
vn -1.4449456978129229 -2.3405467677733514 5.4353360358296499
v -0.4285526700000000 -0.0427038000000000 0.0704570700000000
vn 0.1854662679425066 -2.5281146673854153 5.6349074148027452
v -0.4226823100000000 -0.0431653700000000 0.0706951500000000
vn 2.1334814999450948 -2.3796193289166840 5.0522142190923498
v -0.4045381900000000 -0.0430610900000000 0.0681807100000000
vn 4.6769953723221587 -1.5761083255693185 3.0774289333441978
v -0.3988160500000000 -0.0417798000000000 0.0643631500000000
vn 5.1776741469464760 1.0661638959343818 -3.3379804145094454
v -0.4000504700000000 -0.0333475300000000 0.0472755500000000
vn -3.9463599260364299 -2.3406422774349536 3.6457007523900602
v -0.4337404900000000 -0.0571680600000000 0.0600277400000000
vn -1.5256882518925334 -3.3695172047512241 4.8411515300268277
v -0.4297876000000000 -0.0584976600000000 0.0613239200000000
vn 0.0971706475035273 -3.6388427432037393 4.9920333914969763
v -0.4239322100000000 -0.0591639700000000 0.0614478400000000
vn 2.0513297559976200 -3.4280973871476195 4.4477602897284090
v -0.4057915800000000 -0.0590498600000000 0.0589535800000000
vn 4.6370212034359568 -2.3599478297331578 2.5116653010743795
v -0.4000187500000000 -0.0571673700000000 0.0554634900000000
vn 5.6697716419608257 1.0356030572359807 -2.1561226289851532
v -0.4006155000000000 -0.0465183800000000 0.0409010400000000
vn -3.9896361933024655 -2.9192017678470590 3.1832528892776755
v -0.4353440400000000 -0.0703518900000000 0.0481533300000000
vn -1.6331354386919883 -4.2507511385907124 4.0472014005879418
v -0.4314369200000000 -0.0720284600000000 0.0491367400000000
vn -0.0187653825405260 -4.5910766876221878 4.1347553187109458
v -0.4256013100000000 -0.0728687600000000 0.0491025800000000
vn 1.9416205485898017 -4.3271926800519340 3.6395160568127962
v -0.4074585200000000 -0.0727520400000000 0.0466335000000000
vn 4.5475225671967108 -2.9357864945248240 2.1274442544881658
v -0.4016253500000000 -0.0703512000000000 0.0435923600000000
vn 5.7952195653290390 1.1627359968395263 -1.6015985727397670
v -0.4024408100000000 -0.0627023700000000 0.0256991800000000
vn -4.0756804246668397 -3.4141218466346643 2.5194632068216603
v -0.4372831400000000 -0.0807543900000000 0.0338237400000000
vn -1.7627812104319658 -4.9463358400328934 3.0894562557871694
v -0.4334242900000000 -0.0827081300000000 0.0344273800000000
vn -0.1590081454867991 -5.3418657097579185 3.1002143263678952
v -0.4276190700000000 -0.0836854500000000 0.0342051600000000
vn 1.8116318022093303 -5.0355450204187235 2.6641572875215522
v -0.4094637600000000 -0.0835655700000000 0.0317595600000000
vn 4.4581852035372638 -3.4643310194648009 1.3424670297636023
v -0.4035646100000000 -0.0807536800000000 0.0292585500000000
vn -4.2086356802788423 -3.6519526373390407 1.7870934833589267
v -0.4394707000000000 -0.0879258400000000 0.0176614200000000
vn -1.9081696493841431 -5.4253643443425066 2.0095273272178922
v -0.4356692000000000 -0.0900691600000000 0.0178397000000000
vn -0.3160141646693608 -5.8596916017905603 1.9340038592082789
v -0.4298921900000000 -0.0911391500000000 0.0174032100000000
vn 1.6621127270456253 -5.5252513183982606 1.5644705640337739
v -0.4117321600000000 -0.0910249000000000 0.0149844200000000
vn 4.3154915060390628 -3.8926918708703466 0.6574759426870673
v -0.4057488500000000 -0.0879251500000000 0.0131003200000000
vn 5.8367644355556090 1.3558251232448413 -1.2252798005810217
v -0.4047734600000000 -0.0713093000000000 0.0081770800000000
vn -4.3167857901342881 -3.8590543525653440 0.9112512640304662
v -0.4418079900000000 -0.0915506200000000 0.0003751900000000
vn -2.0655238775567613 -5.6673200564997384 0.8537055859898759
v -0.4380703200000000 -0.0937896700000000 0.0000950800000000
vn -0.4853233581694900 -6.1210114821060415 0.6859637480697723
v -0.4323220100000000 -0.0949091200000000 -0.0005691600000000
vn 1.5014509071068618 -5.7737528464319876 0.3875022768763445
v -0.4141712000000000 -0.0948058900000000 -0.0029673200000000
vn 4.2468785687062880 -3.9730381503079459 -0.0970076077062428
v -0.4080892900000000 -0.0915499300000000 -0.0041857900000000
vn 5.4795986769231639 2.7890870287258358 -1.1277955698291910
v -0.4071981700000000 -0.0725278800000000 -0.0055633200000000
vn -4.3973099015056798 -3.8987355114629776 0.1750939222372663
v -0.4441976800000000 -0.0914670400000000 -0.0172783400000000
vn -2.2251531705476779 -5.6620182349524057 -0.3261804279653425
v -0.4405219500000000 -0.0937038900000000 -0.0180238300000000
vn -0.6579180535557682 -6.1151716633215933 -0.5886050815002359
v -0.4348057100000000 -0.0948222300000000 -0.0189217600000000
vn 1.3409135426329355 -5.7683715147472858 -0.8145072422137966
v -0.4166407600000000 -0.0947332400000000 -0.0212966100000000
vn 4.1561406351133234 -3.8718182857559276 -1.0547424693739931
v -0.4104759500000000 -0.0914663400000000 -0.0218425900000000
vn 5.8825413021638724 1.7083670321725222 -0.5846713259676497
v -0.4088641200000000 -0.0735751000000000 -0.0200788500000000
vn -4.5037555334125168 -3.7332917454058419 -0.6339645664714723
v -0.4465304500000000 -0.0876819000000000 -0.0345301000000000
vn -2.3824853048616457 -5.4082952847825352 -1.4790880099273884
v -0.4429183200000000 -0.0898197500000000 -0.0357299200000000
vn -0.8269075804702437 -5.8416114661710861 -1.8339466944424030
v -0.4372317700000000 -0.0908896400000000 -0.0368551000000000
vn 1.1803630072617302 -5.5123452658487171 -1.9898406132974809
v -0.4190748000000000 -0.0908184500000000 -0.0392166900000000
vn 4.0252580919628498 -3.8220939467040220 -1.7392114414238129
v -0.4128118800000000 -0.0876812000000000 -0.0390942300000000
vn 5.9845253563529788 1.2819350592875223 -0.2029076483660751
v -0.4115443800000000 -0.0684013200000000 -0.0416015300000000
vn -4.6035131165936622 -3.3946973720497331 -1.3759657559697538
v -0.4487102000000000 -0.0803608900000000 -0.0506239100000000
vn -2.5262194516439442 -4.9198597538999884 -2.5549805886979886
v -0.4451511300000000 -0.0823051200000000 -0.0522516800000000
vn -0.9831333075319758 -5.3136431922721234 -2.9957370488948141
v -0.4394957500000000 -0.0832761100000000 -0.0535880200000000
vn 1.0335858976744101 -5.0146666307255083 -3.0858323451889613
v -0.4213260000000000 -0.0832281000000000 -0.0559331300000000
vn 3.9264791991540031 -3.4008905503857969 -2.5853593758337143
v -0.4149885100000000 -0.0803601900000000 -0.0551892100000000
vn -3.3793743406996222 3.2707075885802217 3.3852059586671741
v -0.4465184900000000 -0.0527820100000000 -0.0497343800000000
vn -4.7130563060880180 -2.8714365015118903 -1.9448466525939958
v -0.4506356600000000 -0.0698231500000000 -0.0648603400000000
vn -2.6557381028139688 -4.2156135713659744 -3.5065853172575245
v -0.4471275200000000 -0.0714898000000000 -0.0668609600000000
vn -1.1236054610168391 -4.5522643869717578 -4.0230328874404906
v -0.4415003700000000 -0.0723230400000000 -0.0683873200000000
vn 0.9012685404261589 -4.2983897025610593 -4.0558290604729965
v -0.4233384000000000 -0.0722968800000000 -0.0707273800000000
vn 3.7760118534478084 -3.0306743444643205 -3.2917334571805696
v -0.4169169600000000 -0.0698224700000000 -0.0694213100000000
vn 6.0198485208660815 1.0597041285100071 0.1405041631810113
v -0.4136915200000000 -0.0573946800000000 -0.0577230900000000
vn -4.7844919442464251 -2.2108873821730120 -2.5617286684044052
v -0.4522274200000000 -0.0565316700000000 -0.0766145800000000
vn -2.7593156673184631 -3.3279301543523778 -4.2930647123682792
v -0.4487614600000000 -0.0578441900000000 -0.0789248300000000
vn -1.2373149519865057 -3.5930561476351452 -4.8719364083532692
v -0.4431526700000000 -0.0585009100000000 -0.0806034700000000
vn 0.7914478510663547 -3.3936729250227988 -4.8576987245203647
v -0.4249916800000000 -0.0584989500000000 -0.0829447300000000
vn 3.7030730094030266 -2.3737644329790051 -3.8549021174394813
v -0.4185045200000000 -0.0565309800000000 -0.0811757200000000
vn -4.8213544795966872 -1.5895441553702618 -2.9661452534472201
v -0.4534103200000000 -0.0410605100000000 -0.0853717700000000
vn -2.8398222808418732 -2.2929438148105339 -4.8777634560961127
v -0.4499772300000000 -0.0419676900000000 -0.0879138000000000
vn -1.3223628082944423 -2.4765710393882459 -5.5038825491898615
v -0.4443833200000000 -0.0424196300000000 -0.0897089100000000
vn 0.7118174026040420 -2.3411669862908755 -5.4545095407919693
v -0.4262208100000000 -0.0424441400000000 -0.0920483700000000
vn 3.6962647075216473 -1.6781519599540498 -4.1664559011940643
v -0.4196926700000000 -0.0410598300000000 -0.0899327100000000
vn -4.8523250571401730 -0.7997784415098987 -3.2278302705165762
v -0.4541395400000000 -0.0240926000000000 -0.0907491200000000
vn -2.8888843407964484 -1.1586597489546580 -5.2378951389783541
v -0.4507242800000000 -0.0245485500000000 -0.0934326900000000
vn -1.3760767318472003 -1.2510646914848780 -5.8918042638851098
v -0.4451393900000000 -0.0247790700000000 -0.0953012100000000
vn 0.6618189329522679 -1.1856998646806547 -5.8219916890892964
v -0.4269806700000000 -0.0248269100000000 -0.0976480500000000
vn 3.6773186009743810 -0.7629887591740323 -4.4222353032372279
v -0.4204176900000000 -0.0240919100000000 -0.0953102200000000
vn 0.2113635516522918 -2.3907641517935039 5.5923867902878674
v 0.3946016300000000 -0.1816390100000000 0.0058258500000000
vn 1.3720419261257317 -2.3906741506493927 5.4262522454160278
v 0.3826122200000000 -0.1816397100000000 0.0075460600000000
vn 1.3176328513227160 -2.7444819879318754 5.2075301546081025
v 0.3820598300000000 -0.1843504400000000 0.0053515800000000
vn 0.2029849869715626 -2.7451200144636769 5.3674394999436084
v 0.3945143800000000 -0.1843497000000000 0.0035631100000000
vn 1.0596766303645004 -3.8312711665743744 4.2006747790500958
v 0.3816158400000000 -0.1918156600000000 0.0034014800000000
vn 0.1950485496257626 -3.8193356608062157 4.3533625124071005
v 0.3944776500000000 -0.1918136000000000 0.0015640700000000
vn 1.2666570396531101 3.1839733735096645 4.6358834706860605
v 0.3818136900000000 -0.1621762200000000 0.0048387500000000
vn 0.1413028034237103 3.1852147954957069 4.8048053418880938
v 0.3944014700000000 -0.1621745000000000 0.0030076900000000
vn 1.2374389077187569 2.6225591296458912 4.9081433590799115
v 0.3821389800000000 -0.1700614100000000 0.0056913800000000
vn 0.1923063295523152 2.6231963669258311 5.0583835883806945
v 0.3945338100000000 -0.1700606800000000 0.0039115000000000
vn 1.2892435447412240 2.2010901940968552 5.1090352532415793
v 0.3828270000000000 -0.1724567700000000 0.0084078100000000
vn 0.2011218618767747 2.2011271713389053 5.2655616460303065
v 0.3946392700000000 -0.1724560700000000 0.0067111900000000
vn 2.4734993881653020 -2.3885644384908482 5.0222483692984499
v 0.3712430600000000 -0.1816522200000000 0.0117246300000000
vn 2.3751109132312647 -2.7427218279502856 4.8200330186535254
v 0.3702502500000000 -0.1843634500000000 0.0096943700000000
vn 2.0895773511763567 3.2095973053156901 4.2847536078030313
v 0.3698791700000000 -0.1621882800000000 0.0092464600000000
vn 2.2285211070950757 2.6239441888583754 4.5443286934371434
v 0.3703833300000000 -0.1700743600000000 0.0100121100000000
vn 2.3218902735813236 2.2022027361301504 4.7295748707367817
v 0.3716209500000000 -0.1724691100000000 0.0125264400000000
vn 3.4646366395938157 -2.3869636908199299 4.3970950130786548
v 0.3609938400000000 -0.1816760000000000 0.0181771400000000
vn 3.3293331804023838 -2.7387796216509712 4.2182311210211001
v 0.3596006700000000 -0.1843881400000000 0.0163949300000000
vn 2.6614303830141059 -3.8183306520348230 3.4517379254841352
v 0.3584168600000000 -0.1918520000000000 0.0147890500000000
vn 2.9394455902690857 3.2203330701646036 3.7365869844445738
v 0.3591255200000000 -0.1622116700000000 0.0160353800000000
vn 3.1219218183952022 2.6269832063964214 3.9827863176930198
v 0.3597821500000000 -0.1700989400000000 0.0166834400000000
vn 3.2519661465447216 2.2047195521597889 4.1445678865155520
v 0.3615197800000000 -0.1724925300000000 0.0188827200000000
vn 4.3052684756347457 -2.3841437345792751 3.5804471361333365
v 0.3523065800000000 -0.1817099600000000 0.0266149900000000
vn 4.1328469896027578 -2.7281254527620966 3.4391839742000037
v 0.3505751100000000 -0.1844234300000000 0.0251616900000000
vn 3.3697391820530038 -3.8142626799415122 2.7435051028311128
v 0.3490195000000000 -0.1919586400000000 0.0239332700000000
vn 3.6496945565937988 3.2221474172762599 3.0442016152994711
v 0.3500153500000000 -0.1622485300000000 0.0249165500000000
vn 3.8785434063038862 2.6292693044486146 3.2457489574228129
v 0.3507992200000000 -0.1701340500000000 0.0254074900000000
vn 4.0401755424130492 2.2082920749475297 3.3774562089245750
v 0.3529586000000000 -0.1725260100000000 0.0272009600000000
vn 4.9583812034644028 -2.3797779262417174 2.6058479788892441
v 0.3455637700000000 -0.1817526800000000 0.0366802200000000
vn 4.7617786148665839 -2.7286280933133540 2.5002052328444231
v 0.3435721500000000 -0.1844678000000000 0.0356160600000000
vn 3.8516517739269398 -3.8096085633691663 2.0196500823010801
v 0.3419126000000000 -0.1919532500000000 0.0345417700000000
vn 4.2006699551162114 3.2262994565606729 2.2200820367263092
v 0.3429511800000000 -0.1622938300000000 0.0354963300000000
vn 4.4662187026713376 2.6350713012092370 2.3691715244961036
v 0.3438313100000000 -0.1701782200000000 0.0358141700000000
vn 4.6513218893587487 2.2128720292499002 2.4638186342265138
v 0.3463174900000000 -0.1725649300000000 0.0371148400000000
vn 5.3939186767971723 -2.3746083784036673 1.5183579421626678
v 0.3410622800000000 -0.1818022500000000 0.0479243400000000
vn 5.1802399207516006 -2.7277000781743839 1.4516879631620030
v 0.3388955700000000 -0.1845192900000000 0.0472977000000000
vn 4.1925642436646777 -3.8089056903199356 1.2327732609899611
v 0.3370098100000000 -0.1919887500000000 0.0466832800000000
vn 4.5683333728585538 3.2286989781403856 1.2989373127739761
v 0.3382429600000000 -0.1623485600000000 0.0473172000000000
vn 4.8581296871589856 2.6387424365627683 1.3897797707136064
v 0.3391757200000000 -0.1702294600000000 0.0474381300000000
vn 5.0594136398518126 2.2175548258860580 1.4442254753131532
v 0.3418803600000000 -0.1726137700000000 0.0481953300000000
vn 5.5940709248259495 -2.3696708597513827 0.3633859365337614
v 0.3389941000000000 -0.1818564900000000 0.0598554500000000
vn 5.3729070918477548 -2.7123898375351896 0.3509624445239812
v 0.3367470800000000 -0.1845756500000000 0.0596932800000000
vn 4.3983730962082834 -3.7745620758823430 0.2169298068910330
v 0.3348075200000000 -0.1920704200000000 0.0595806000000000
vn 4.6986841532598014 3.2558328693965453 0.3236657938313592
v 0.3360934100000000 -0.1624061200000000 0.0598558600000000
vn 5.0389663939806866 2.6430743881686443 0.3499433396136694
v 0.3370388700000000 -0.1702855700000000 0.0597795400000000
vn 5.2476432331728926 2.2218011483197428 0.3608635747956623
v 0.3398426300000000 -0.1726672500000000 0.0599577900000000
vn 5.5494518081384285 -2.3641621483824320 -0.8091193626311370
v 0.3394545200000000 -0.1819130800000000 0.0719600700000000
vn 5.3277041200330402 -2.7115383039984704 -0.7881217994646808
v 0.3372253900000000 -0.1846344400000000 0.0722681100000000
vn 4.3420344802856325 -3.7990244542894747 -0.6003763068237797
v 0.3352712900000000 -0.1921057600000000 0.0724678700000000
vn 4.6708927637732138 3.2509492807339622 -0.6911601729302080
v 0.3365982100000000 -0.1624653100000000 0.0725651600000000
vn 4.9993390912913007 2.6481192626907242 -0.7044589152310965
v 0.3375148500000000 -0.1703440800000000 0.0722933600000000
vn 5.2059636007557675 2.2270062485420974 -0.7376739168104594
v 0.3402962500000000 -0.1727230100000000 0.0718835800000000
vn 5.2623689985377471 -2.3578943039773588 -1.9454672827903416
v 0.3424232200000000 -0.1819695200000000 0.0837038000000000
vn 5.0600256586615853 -2.6702337012757305 -1.8729207088577531
v 0.3403094000000000 -0.1846930700000000 0.0844678200000000
vn 4.6589340060783577 -3.3883276215505487 -1.6807070079769653
v 0.3387197900000000 -0.1914994300000000 0.0850179300000000
vn 4.6972645364459824 3.0268679144977191 -1.7382161905970368
v 0.3397947900000000 -0.1629165300000000 0.0847609200000000
vn 4.7390330797014446 2.6329761025244842 -1.7343089888763279
v 0.3405798700000000 -0.1704024300000000 0.0844369000000000
vn 4.9363418132412828 2.2335074314886851 -1.8027095281816008
v 0.3432183300000000 -0.1727786100000000 0.0834542100000000
vn 4.7452722160916263 -2.3529997536309639 -2.9973100892878843
v 0.3477658400000000 -0.1820233400000000 0.0945734600000000
vn 4.5667125273087175 -2.6729422602250961 -2.8757780191287772
v 0.3458598400000000 -0.1847489800000000 0.0957604300000000
vn 4.1706969437058961 -3.3757060481950258 -2.6825326051165903
v 0.3444266000000000 -0.1915569200000000 0.0966269600000000
vn 4.0389553561476976 3.2396981185406082 -2.5049519900534021
v 0.3453667100000000 -0.1625818400000000 0.0963020300000000
vn 4.2775738336876312 2.6522230534976377 -2.6705614043017665
v 0.3461051300000000 -0.1704580900000000 0.0956767500000000
vn 4.4510672131679057 2.2383162352623094 -2.7887286595935787
v 0.3484843500000000 -0.1728316500000000 0.0941656000000000
vn 4.0211950260490328 -2.3479533081009722 -3.9192464620209457
v 0.3552504800000000 -0.1820721900000000 0.1040943300000000
vn 3.8580406978333501 -2.7017422730739300 -3.7684003431139796
v 0.3536366000000000 -0.1847997200000000 0.1056494400000000
vn 3.1932162999333356 -3.7816014461439025 -3.0286678490693308
v 0.3521901200000000 -0.1922782500000000 0.1069536700000000
vn 3.4544430632202632 3.2385448472863021 -3.2696788675977335
v 0.3532421600000000 -0.1626301700000000 0.1062884800000000
vn 3.6243570388377355 2.6612987682846612 -3.5059220432005933
v 0.3538464300000000 -0.1705085900000000 0.1055197000000000
vn 3.7731878133389385 2.2403110856206867 -3.6544841393275149
v 0.3558626400000000 -0.1728829500000000 0.1035493400000000
vn 3.1199967937042614 -2.3444830610879208 -4.6696439410172346
v 0.3645537300000000 -0.1821139400000000 0.1118510100000000
vn 3.0000813193910094 -2.6891522316966205 -4.4851715783993562
v 0.3632989900000000 -0.1848431000000000 0.1137084900000000
vn 2.4008069049782259 -3.7556836789462267 -3.7105611924183668
v 0.3622564600000000 -0.1923480900000000 0.1153099000000000
vn 2.5719036550538386 3.2506858536547667 -3.9780319898263912
v 0.3630281900000000 -0.1626730100000000 0.1144189200000000
vn 2.8134442051307529 2.6639730156957300 -4.1823953824420190
v 0.3634631200000000 -0.1705517600000000 0.1135404600000000
vn 2.9291367433556470 2.2446685373174367 -4.3589435343839149
v 0.3650267600000000 -0.1729241000000000 0.1111933300000000
vn 2.0832958213234805 -2.3413736499853717 -5.2169196055808849
v 0.3752633600000000 -0.1821467600000000 0.1175031100000000
vn 1.9993562787778103 -2.6981264804459357 -5.0112028079199602
v 0.3744268000000000 -0.1848771900000000 0.1195806700000000
vn 1.6884425939137648 -3.7785863834377462 -4.0573655656351626
v 0.3736513900000000 -0.1923566200000000 0.1213537400000000
vn 1.7436157545030002 3.2648613606956700 -4.3813112957919591
v 0.3742867200000000 -0.1627068900000000 0.1203379600000000
vn 1.8797158458040151 2.6674994225058564 -4.6744833657718674
v 0.3745404400000000 -0.1705857000000000 0.1193871600000000
vn 1.9560029521411126 2.2477600056973324 -4.8712288542747935
v 0.3755858000000000 -0.1729564400000000 0.1167637200000000
vn 0.9559237882349879 -2.3385523209937906 -5.5367966844629919
v 0.3869160400000000 -0.1821692200000000 0.1208059500000000
vn 0.9166037624948836 -2.6963739258380937 -5.3182248752985437
v 0.3865320400000000 -0.1849005200000000 0.1230106100000000
vn 0.7126820999255322 -3.7805653592181936 -4.3338926240510798
v 0.3861525900000000 -0.1923836100000000 0.1249080700000000
vn 0.8316423383068938 3.0442843889951643 -4.9284980015181761
v 0.3864515600000000 -0.1631259300000000 0.1236664500000000
vn 0.8575491666279503 2.6494020474003102 -4.9652617875259253
v 0.3865903400000000 -0.1706089300000000 0.1228023600000000
vn 0.8985214737908618 2.2500617174325095 -5.1713861181264242
v 0.3870691800000000 -0.1729785800000000 0.1200192700000000
vn -0.2140868469049155 -2.3381932951153002 -5.6147918937685404
v 0.3990026900000000 -0.1821803400000000 0.1216145500000000
vn -0.2063229186787947 -2.6947080811572413 -5.3930529102787563
v 0.3990865800000000 -0.1849120700000000 0.1238509300000000
vn -0.1638954635670177 -3.7907782159091785 -4.3652608997796936
v 0.3991135600000000 -0.1923942900000000 0.1257818600000000
vn -0.1612289846826279 3.2548463543697723 -4.7385134548102537
v 0.3992278900000000 -0.1627431200000000 0.1246127500000000
vn -0.1838136486697180 2.6655870927132077 -5.0340889741515049
v 0.3990845600000000 -0.1706204100000000 0.1236354900000000
vn -0.1984527179569560 2.2501523161566035 -5.2447499343094632
v 0.3989761900000000 -0.1729895200000000 0.1208136400000000
vn -1.3747427873354852 -2.3383649034556866 -5.4482514180059143
v 0.4109920600000000 -0.1821796300000000 0.1198932900000000
vn -1.3203263199064448 -2.6938582485991747 -5.2333696443325692
v 0.4115400800000000 -0.1849113400000000 0.1220625000000000
vn -1.1164196340580177 3.2485655024631344 -4.6165760351731944
v 0.4118145500000000 -0.1627403700000000 0.1227873100000000
vn -1.2336623946256893 2.6710418735948447 -4.8837537635821295
v 0.4114814900000000 -0.1706196800000000 0.1218555300000000
vn -1.2862172927293256 2.2503519314825269 -5.0884227562925490
v 0.4107916200000000 -0.1729888200000000 0.1191169000000000
vn -2.4747332790680936 -2.3397043440354142 -5.0433292550529885
v 0.4223601700000000 -0.1821671200000000 0.1157147700000000
vn -2.3804166538888238 -2.6929248275345850 -4.8429917620063625
v 0.4233529400000000 -0.1848983400000000 0.1177227400000000
vn -1.8840030692047409 -3.7820208204623595 -3.9651392459202843
v 0.4241741000000000 -0.1923805400000000 0.1194703900000000
vn -2.1707366719896912 3.2555813822787001 -4.2074881611022263
v 0.4237490500000000 -0.1627276900000000 0.1183782500000000
vn -2.2255080924701072 2.6694424015911893 -4.5206226548935140
v 0.4232381900000000 -0.1706067400000000 0.1175347600000000
vn -2.3183023353686503 2.2493083063400450 -4.7102668146177278
v 0.4219936200000000 -0.1729765000000000 0.1150026400000000
vn -3.4675722004353040 -2.3416755359027830 -4.4191219250119280
v 0.4326127000000000 -0.1821433600000000 0.1092663400000000
vn -3.3278226346287965 -2.6857384744050110 -4.2489821627185620
v 0.4340036100000000 -0.1848736600000000 0.1110231900000000
vn -2.7732392951910310 -3.7517110544119849 -3.4457412080133865
v 0.4352342600000000 -0.1923771900000000 0.1124764300000000
vn -2.9351011667325477 3.2638368707199588 -3.6922476657517267
v 0.4345053800000000 -0.1627049100000000 0.1115847700000000
vn -3.1191662816771015 2.6663697726415601 -3.9578063410210973
v 0.4338384800000000 -0.1705821800000000 0.1108676900000000
vn -3.2496766993820647 2.2473151018186925 -4.1241027086545499
v 0.4320990100000000 -0.1729530900000000 0.1086461900000000
vn -4.3093736498724233 -2.3431757756413418 -3.6031866943983051
v 0.4412998000000000 -0.1821093800000000 0.1008242800000000
vn -4.1449890898903883 -2.6924960994040847 -3.4549894265569114
v 0.4430279500000000 -0.1848425600000000 0.1022522400000000
vn -3.3430382228328099 -3.7834814137179742 -2.8566943785191894
v 0.4445008900000000 -0.1923161000000000 0.1035103700000000
vn -3.8620114137899293 3.0411790438051107 -3.1754214173566160
v 0.4434721100000000 -0.1630631800000000 0.1027143200000000
vn -3.8812590646583369 2.6450442778752064 -3.2186953703697170
v 0.4428180900000000 -0.1705470400000000 0.1021395400000000
vn -4.0375852856137300 2.2436733017307700 -3.3577670282813545
v 0.4406569900000000 -0.1729196000000000 0.1003270300000000
vn -4.9620845029141174 -2.3466919313181434 -2.6294759467971662
v 0.4480427700000000 -0.1820666800000000 0.0907632600000000
vn -4.7718034212866147 -2.6592358786975399 -2.5302068253899304
v 0.4500320900000000 -0.1847982100000000 0.0918009900000000
vn -4.3582312972298842 -3.3790529988750033 -2.3659233733512002
v 0.4515201000000000 -0.1916063500000000 0.0925564000000000
vn -4.2466715788006271 3.1881242976752771 -2.3187722604750101
v 0.4506788000000000 -0.1626265700000000 0.0921268400000000
vn -4.4622990627338215 2.6554754708371560 -2.3515969428385262
v 0.4497903300000000 -0.1705028900000000 0.0917358600000000
vn -4.6508031637676499 2.2399476258295912 -2.4456827395466103
v 0.4473044500000000 -0.1728775300000000 0.0904139700000000
vn -5.3985086358428784 -2.3506434442215389 -1.5409370780785014
v 0.4525453100000000 -0.1820171100000000 0.0795191100000000
vn -5.1880986347492151 -2.6722033076890424 -1.4916603337135448
v 0.4547086700000000 -0.1847467100000000 0.0801193500000000
vn -4.7760909541145571 -3.3772436790363907 -1.3320613932360925
v 0.4563297200000000 -0.1915534200000000 0.0805505000000000
vn -4.6338245575540071 3.2128359118024017 -1.2009910660464531
v 0.4553875600000000 -0.1625772000000000 0.0803041600000000
vn -4.8561267942122193 2.6548378241172008 -1.3657459067713886
v 0.4544491200000000 -0.1704516600000000 0.0801128300000000
vn -5.0585211565168020 2.2363217004962714 -1.4237604358058722
v 0.4517415800000000 -0.1728286800000000 0.0793334800000000
vn -5.5989082157557224 -2.3566310133667576 -0.3852087232880593
v 0.4546134500000000 -0.1819628600000000 0.0675869400000000
vn -5.3761271009768805 -2.7123787349321780 -0.3718381660086347
v 0.4568561000000000 -0.1846903500000000 0.0677238100000000
vn -4.3790871960312714 -3.7851817861991348 -0.3861856174609791
v 0.4588074800000000 -0.1921625900000000 0.0678636800000000
vn -4.7409597916331077 3.2352213827593617 -0.3130119461899864
v 0.4575417300000000 -0.1625174700000000 0.0677708500000000
vn -5.0360616491780927 2.6520735336194230 -0.3258617292524785
v 0.4565859700000000 -0.1703955400000000 0.0677714200000000
vn -5.2450919706083869 2.2309897440669517 -0.3402096622011950
v 0.4537761500000000 -0.1727752000000000 0.0675711400000000
vn -5.5544029504826407 -2.3614735075414770 0.7863823082693803
v 0.4541530300000000 -0.1819062700000000 0.0554823200000000
vn -5.3332369231667167 -2.7188960013187113 0.7536192893158589
v 0.4563778000000000 -0.1846315600000000 0.0551489800000000
vn -4.3286599435577857 -3.8003096541634052 0.6354139888847087
v 0.4583268100000000 -0.1921039400000000 0.0548782900000000
vn -4.6920544657250796 3.2375125003272895 0.6994059740676691
v 0.4570367000000000 -0.1624595300000000 0.0550592000000000
vn -4.9973890342596530 2.6464256127672554 0.7299252581966308
v 0.4561099500000000 -0.1703370300000000 0.0552565500000000
vn -5.2049637813332712 2.2258412185475267 0.7583789470563360
v 0.4533256500000000 -0.1727194500000000 0.0556441800000000
vn -5.2666206254599537 -2.3683082918432685 1.9238221009860723
v 0.4511874900000000 -0.1818498300000000 0.0437384700000000
vn -5.0569216375174078 -2.7242325929250502 1.8452094391740808
v 0.4532979900000000 -0.1845729300000000 0.0429491100000000
vn -4.0874602103861939 -3.8160011534699185 1.4793832119362822
v 0.4551550400000000 -0.1920429500000000 0.0422780800000000
vn -4.4471666786046224 3.2324912931904359 1.6599975276439138
v 0.4538991200000000 -0.1624008500000000 0.0427302000000000
vn -4.7386651231807608 2.6418807682214727 1.7529526971354072
v 0.4530417700000000 -0.1702786700000000 0.0431131300000000
vn -4.9347975372181745 2.2200571117773942 1.8242341943006251
v 0.4504004200000000 -0.1726638400000000 0.0440736700000000
vn -4.7491207373941471 -2.3734538805751377 2.9758501151299863
v 0.4458438200000000 -0.1817960100000000 0.0328688500000000
vn -4.5595671303092677 -2.7291895489646443 2.8558389754857192
v 0.4477475500000000 -0.1845170200000000 0.0316565000000000
vn -4.0075213660282794 3.2278071159162662 2.5492487710087688
v 0.4482684300000000 -0.1623446700000000 0.0313231000000000
vn -4.2727782022765233 2.6361111938740986 2.7004455951699318
v 0.4475197100000000 -0.1702230300000000 0.0318742100000000
vn -4.4502298713528026 2.2161643806649285 2.8102575945952495
v 0.4451375500000000 -0.1726108000000000 0.0333621600000000
vn -4.0256706164650273 -2.3771701592380658 3.8980394158064513
v 0.4383602300000000 -0.1817471600000000 0.0233479400000000
vn -3.8643639335838711 -2.7314259127720586 3.7426469249798622
v 0.4399697400000000 -0.1844662800000000 0.0217675300000000
vn -3.1789825146307908 -3.8114854928573472 2.9913294543749771
v 0.4414083000000000 -0.1919282000000000 0.0203983500000000
vn -3.3926869659582071 3.2250131044669303 3.3264813402116422
v 0.4403895300000000 -0.1622908700000000 0.0213354600000000
vn -3.6212830731904320 2.6324123070203198 3.5308777901990442
v 0.4397773200000000 -0.1701725200000000 0.0220302500000000
vn -3.7706480335550117 2.2105107223917684 3.6755141915058305
v 0.4377592600000000 -0.1725626600000000 0.0239784100000000
vn -3.1232740181556800 -2.3841477179036823 4.6472985212006677
v 0.4290569800000000 -0.1817054200000000 0.0155912600000000
vn -3.0006769059122602 -2.7334570738838311 4.4602755534915755
v 0.4303084000000000 -0.1844187000000000 0.0137084600000000
vn -2.4019775267227934 -3.8165776116874945 3.6286520778502007
v 0.4313789000000000 -0.1919287900000000 0.0120297100000000
vn -2.7016101072823333 3.1905647638647379 3.9722088229547419
v 0.4306069400000000 -0.1622473500000000 0.0132040400000000
vn -2.8106979977875945 2.6286572806580044 4.2065682253931493
v 0.4301616800000000 -0.1701293500000000 0.0140094500000000
vn -2.9268564702039206 2.2075110096498691 4.3788948522570079
v 0.4285940900000000 -0.1725215200000000 0.0163344600000000
vn -2.0866854147730205 -2.3871820556798058 5.1946161828206581
v 0.4183461700000000 -0.1816725800000000 0.0099360400000000
vn -2.0033185928177835 -2.7347480248980620 4.9870679915235732
v 0.4191804700000000 -0.1843845900000000 0.0078331300000000
vn -1.6217321131482376 -3.8158793228302192 4.0275630771060253
v 0.4200390500000000 -0.1918691700000000 0.0060481000000000
vn -1.6916772792014581 3.1880596834956796 4.4971422096919014
v 0.4193502700000000 -0.1622094500000000 0.0072820300000000
vn -1.8773856289841921 2.6263090547312169 4.7005099914157444
v 0.4190843600000000 -0.1700954100000000 0.0081627500000000
vn -1.9547478634515114 2.2040624889099472 4.8932344008259809
v 0.4180391300000000 -0.1724891600000000 0.0107607500000000
vn -0.9583651964770465 -2.3887279338548653 5.5148208076054477
v 0.4066934900000000 -0.1816501200000000 0.0066332000000000
vn -0.9200647106487143 -2.7429069357350211 5.2931417134947107
v 0.4070752400000000 -0.1843612600000000 0.0044031800000000
vn -0.8163571752487719 -3.8151737793311291 4.2846926242863663
v 0.4074500800000000 -0.1918246200000000 0.0024430100000000
vn -0.8190880085986635 3.2102889223396311 4.6959940139429994
v 0.4071046300000000 -0.1621847500000000 0.0038338800000000
vn -0.8610591124356517 2.6240010223771932 4.9886326146402249
v 0.4070376200000000 -0.1700721800000000 0.0047474300000000
vn -0.8959174164625554 2.2020678587539120 5.1934776198557486
v 0.4065557500000000 -0.1724670200000000 0.0075052000000000
vn 0.2054239066553031 2.6937129656064349 5.3932871067323935
v 0.3947588300000000 0.1842674000000000 0.0052771700000000
vn 1.3211335091513243 2.6919797838199946 5.2345709844008876
v 0.3823042800000000 0.1842698300000000 0.0070656500000000
vn 1.3757288012030127 2.3365112928917733 5.4494643498898094
v 0.3828533500000000 0.1815339100000000 0.0092348000000000
vn 0.1372708222015675 3.7776419296777135 4.3914957139555062
v 0.3946426500000000 0.1917479100000000 0.0033532900000000
vn 1.1332110362306000 3.7780636444722853 4.2435610842810458
v 0.3817870300000000 0.1917481500000000 0.0052084900000000
vn 0.0855908327532660 -3.2287027589043880 4.7759189450449195
v 0.3948195400000000 0.1621001100000000 0.0045083700000000
vn 1.2624893386097340 -3.1953767073223958 4.6657448961622370
v 0.3822260300000000 0.1621027300000000 0.0062970100000000
vn 0.1909770969488037 -2.6699875468546694 5.0338177390955003
v 0.3947608500000000 0.1699746900000000 0.0054926000000000
vn 1.2407159470389078 -2.6647814790212783 4.8821081217250617
v 0.3823628700000000 0.1699739600000000 0.0072726000000000
vn 0.1984750057396442 -2.2506048858893988 5.2447291903447164
v 0.3948692100000000 0.1723438000000000 0.0083144600000000
vn 1.2861921157214065 -2.2507181645210004 5.0882246886381441
v 0.3830537900000000 0.1723431000000000 0.0100111900000000
vn 0.2139880763612473 2.3380901501739215 5.6147187449022429
v 0.3948427600000000 0.1815346100000000 0.0075145900000000
vn 2.3775691381309518 2.6947610401914424 4.8456371147710176
v 0.3704946900000000 0.1842568100000000 0.0114084500000000
vn 2.4763956900617590 2.3385257910291992 5.0441102022795707
v 0.3714852400000000 0.1815256100000000 0.0134133400000000
vn 2.1865577289060019 -3.0440879412877981 4.4949551838366268
v 0.3702304800000000 0.1624822000000000 0.0108026000000000
vn 2.2207325105576974 -2.6517174501567666 4.5203563281674848
v 0.3706072200000000 0.1699652300000000 0.0115933500000000
vn 2.3180422509980243 -2.2514137166243700 4.7065241461301692
v 0.3718509000000000 0.1723307700000000 0.0141297000000000
vn 3.3295165577103099 2.6970892695310202 4.2464160685582861
v 0.3598451100000000 0.1842321300000000 0.0181090100000000
vn 3.4679111478689868 2.3412463034597626 4.4197411866850214
v 0.3612318200000000 0.1815018300000000 0.0198660200000000
vn 2.6947349590293568 3.7924816456286949 3.4357544633706762
v 0.3586011000000000 0.1917104400000000 0.0166282000000000
vn 2.8699509548357520 -3.2500776146366430 3.7766767450652741
v 0.3594968400000000 0.1620609200000000 0.0174196800000000
vn 3.1201854009952612 -2.6686459146555102 3.9568041709222443
v 0.3600092000000000 0.1699406500000000 0.0182645500000000
vn 3.2488771893030592 -2.2465159329887201 4.1242569774083915
v 0.3617497200000000 0.1723115600000000 0.0204860100000000
vn 4.1375191880959559 2.6995136536787063 3.4618740909321812
v 0.3508206100000000 0.1841968400000000 0.0268757300000000
vn 4.3092956559845090 2.3444082380570506 3.6029834761915174
v 0.3525445600000000 0.1814678700000000 0.0283038700000000
vn 3.3426299045953698 3.7836055080693489 2.8439669491451514
v 0.3492892900000000 0.1916756500000000 0.0256867700000000
vn 3.6227198754436185 -3.2773360402090996 2.9899188492848214
v 0.3503598400000000 0.1620272700000000 0.0262686500000000
vn 3.8762211749292463 -2.6649016048342986 3.2204075120133697
v 0.3510262700000000 0.1699055300000000 0.0269886100000000
vn 4.0368532631598475 -2.2439416868633684 3.3571098353697577
v 0.3531885400000000 0.1722780700000000 0.0288042400000000
vn 4.7636735013966804 2.7043869656710946 2.5257721378867366
v 0.3438165900000000 0.1841524700000000 0.0373301300000000
vn 4.9615428064062170 2.3482876567854118 2.6277483332370686
v 0.3458049000000000 0.1814251500000000 0.0383689800000000
vn 3.9081563495788996 3.7833308280115650 2.0013007849470625
v 0.3420640300000000 0.1916272900000000 0.0364910000000000
vn 4.2025287148354398 -3.2661018791820231 2.1396628779290521
v 0.3432603800000000 0.1619847500000000 0.0368261000000000
vn 4.4674771356894079 -2.6564723685683180 2.3389352518562125
v 0.3440552000000000 0.1698613700000000 0.0373954100000000
vn 4.6499186505389520 -2.2403186882442139 2.4443980230447728
v 0.3465442700000000 0.1722360000000000 0.0387182300000000
vn 5.1865405111499703 2.6976284589810970 1.4781277178332664
v 0.3391400200000000 0.1841041300000000 0.0490117900000000
vn 5.3980057125087004 2.3515625533293072 1.5403090755352982
v 0.3413034100000000 0.1813755800000000 0.0496131000000000
vn 4.2252656968159688 3.7636590125059000 1.2763870427124848
v 0.3372918700000000 0.1916053900000000 0.0484685600000000
vn 4.7758395085306322 -3.0603534702567807 1.3737271003581728
v 0.3385825700000000 0.1623280700000000 0.0487563100000000
vn 4.8561943710919637 -2.6371880876899798 1.3703887526617602
v 0.3393996100000000 0.1698101300000000 0.0490193700000000
vn 5.0583518352773433 -2.2365070185436484 1.4236155995797461
v 0.3421071400000000 0.1721871500000000 0.0497987200000000
vn 5.3754665652191758 2.7100848030431459 0.3757427039353519
v 0.3369915300000000 0.1840477800000000 0.0614073700000000
vn 5.5981729825054103 2.3570230342294360 0.3855354582330977
v 0.3392352300000000 0.1813213400000000 0.0615442100000000
vn 4.3745927312116368 3.7946959863667424 0.2498707842093395
v 0.3350344700000000 0.1915205200000000 0.0613569200000000
vn 4.7127849230377503 -3.2526855383857991 0.3109824326299070
v 0.3363201700000000 0.1618766300000000 0.0611610700000000
vn 5.0373280303365107 -2.6516180740240527 0.3235035197269427
v 0.3372627500000000 0.1697540100000000 0.0613607800000000
vn 5.2465553450247810 -2.2309994430244524 0.3404289931201781
v 0.3400694200000000 0.1721336700000000 0.0615611800000000
vn 5.3341136039829227 2.7119600662998682 -0.7528428802127284
v 0.3374698400000000 0.1839889900000000 0.0739822000000000
vn 5.5535507872549292 2.3625383357822791 -0.7868271688047672
v 0.3396956500000000 0.1812647500000000 0.0736488200000000
vn 4.3163486335718346 3.7980095756233982 -0.6015265010874474
v 0.3355689000000000 0.1914782400000000 0.0744399800000000
vn 4.7100698431049022 -3.2349190120707330 -0.6039081564555311
v 0.3367826000000000 0.1618175900000000 0.0738716600000000
vn 4.9971834214819877 -2.6464713638786534 -0.7317989560389548
v 0.3377387400000000 0.1696955100000000 0.0738746000000000
vn 5.2048288390962796 -2.2258876971647421 -0.7589548218242361
v 0.3405230300000000 0.1720779200000000 0.0734869600000000
vn 5.0575740332712131 2.7189032816671665 -1.8455864530134427
v 0.3405506900000000 0.1839303600000000 0.0861820300000000
vn 5.2664461565998630 2.3688414384418257 -1.9232188133796264
v 0.3426611900000000 0.1812083100000000 0.0853926800000000
vn 4.1116437754276998 3.8057986909439938 -1.4526173856708722
v 0.3387042000000000 0.1914457700000000 0.0868753100000000
vn 4.4533989051644429 -3.2197533801814466 -1.7054102679069700
v 0.3398792200000000 0.1617595100000000 0.0862104800000000
vn 4.7377610599141677 -2.6417843560142469 -1.7552518256541298
v 0.3408069100000000 0.1696371500000000 0.0860180200000000
vn 4.9348619212316338 -2.2200824271158544 -1.8240987944938694
v 0.3434482700000000 0.1720223100000000 0.0850574800000000
vn 4.5602218286717626 2.7274914883114754 -2.8534045501698864
v 0.3461011300000000 0.1838712800000000 0.0974746300000000
vn 4.7481817741360519 2.3751230270511665 -2.9753334045440774
v 0.3480038200000000 0.1811544900000000 0.0962623400000000
vn 3.6762717071248416 3.8061392527460853 -2.3591452027251600
v 0.3444721000000000 0.1913380500000000 0.0985919600000000
vn 4.0165309170264720 -3.2221149927977066 -2.5629024785288101
v 0.3454706400000000 0.1617028200000000 0.0976339900000000
vn 4.2698031618050010 -2.6318818426730339 -2.7069063448384827
v 0.3463321700000000 0.1695815000000000 0.0972578700000000
vn 4.4509209108801704 -2.2150284589693090 -2.8108330857303532
v 0.3487111400000000 0.1719692800000000 0.0957689900000000
vn 3.8636055510553877 2.7341024281045616 -3.7392303424453637
v 0.3538778900000000 0.1838205500000000 0.1073636400000000
vn 4.0229023220084956 2.3798968583309121 -3.8972573090692402
v 0.3554916100000000 0.1811056400000000 0.1057830900000000
vn 3.6100182900689992 -3.0090905678424633 -3.4888645374374225
v 0.3534592300000000 0.1620418500000000 0.1076548900000000
vn 3.6246515803576074 -2.6137370151290531 -3.5281929597945925
v 0.3540703200000000 0.1695309900000000 0.1071009400000000
vn 3.7703251683712491 -2.2114212472324621 -3.6755816618737751
v 0.3560894300000000 0.1719211300000000 0.1051527400000000
vn 2.9990163931984575 2.7386187976178675 -4.4601231478656969
v 0.3635434400000000 0.1837771700000000 0.1154225700000000
vn 3.1228132693259272 2.3840419642210797 -4.6476840942158066
v 0.3647948600000000 0.1810638900000000 0.1135397700000000
vn 2.4212946266575570 3.8259434290295520 -3.5984041693600259
v 0.3624902900000000 0.1912420300000000 0.1171125500000000
vn 2.7168729888303429 -3.2133597636096298 -3.9179582120578997
v 0.3630735700000000 0.1616020200000000 0.1158139700000000
vn 2.8086815232588243 -2.6291470031748982 -4.2080338945945881
v 0.3636901600000000 0.1694878200000000 0.1151215800000000
vn 2.9260050944037412 -2.2075731546227302 -4.3793682689060933
v 0.3652577500000000 0.1718799900000000 0.1127965700000000
vn 2.0038216216420452 2.7417075178419501 -4.9857116124087169
v 0.3746712500000000 0.1837430800000000 0.1212947400000000
vn 2.0866569266182728 2.3870319687443007 -5.1946423607629146
v 0.3755045000000000 0.1810310700000000 0.1191918700000000
vn 1.6582751236760205 3.8168533147705221 -4.0328144078208474
v 0.3739877300000000 0.1912055000000000 0.1231699500000000
vn 1.7353928542380945 -3.2417412311062992 -4.3907158532605042
v 0.3743141000000000 0.1615685600000000 0.1217706000000000
vn 1.8733008166889840 -2.6275167426653061 -4.6981493847581159
v 0.3747643300000000 0.1694538800000000 0.1209684000000000
vn 1.9521036047622207 -2.2073417570049827 -4.8901738186203119
v 0.3758125900000000 0.1718434400000000 0.1183671000000000
vn 0.9213861523219889 2.7426629501714639 -5.2942501860013467
v 0.3867764900000000 0.1837197500000000 0.1247246900000000
vn 0.9585752973522544 2.3867486589166309 -5.5162549872005613
v 0.3871582300000000 0.1810044000000000 0.1224946500000000
vn 0.6887053514778513 3.8186424967297272 -4.3028821391080543
v 0.3864915200000000 0.1911797400000000 0.1267036100000000
vn 0.7574974662716057 -3.2325855625183224 -4.6689088185615200
v 0.3865474600000000 0.1615469900000000 0.1252582000000000
vn 0.8586162543724859 -2.6235591649448144 -4.9879321238958791
v 0.3868142200000000 0.1694264500000000 0.1243835800000000
vn 0.8957767494209840 -2.2033134679440165 -5.1922773570511627
v 0.3872949100000000 0.1718213000000000 0.1216227000000000
vn -0.2017423852873302 2.7442085514675729 -5.3681877245951419
v 0.3993310200000000 0.1837050400000000 0.1255649900000000
vn -0.2107918044449441 2.3901786685110746 -5.5932213637501960
v 0.3992438200000000 0.1809932800000000 0.1233032900000000
vn -0.0950425547467496 -3.2115370536187244 -4.7630104901582095
v 0.3992372000000000 0.1615298300000000 0.1261283100000000
vn -0.1944643046097155 -2.6234682172716521 -5.0584143933006862
v 0.3993116000000000 0.1694149600000000 0.1252165900000000
vn -0.2011073212396608 -2.2012383697578675 -5.2654529856758590
v 0.3992061400000000 0.1718103500000000 0.1224169000000000
vn -1.3165019546647323 2.7440113570472731 -5.2083629799821214
v 0.4117855700000000 0.1837057700000000 0.1237765200000000
vn -1.3718365484593282 2.3901235875938949 -5.4266214523891128
v 0.4112331900000000 0.1809939900000000 0.1215820300000000
vn -1.0667900517096329 3.8306028407106605 -4.2000950576119154
v 0.4123167100000000 0.1911670800000000 0.1257034900000000
vn -1.1684979755106033 -3.2397982767006783 -4.5769278951385619
v 0.4118351100000000 0.1615295700000000 0.1243436600000000
vn -1.2394155528630537 -2.6242677897527287 -4.9075102970757696
v 0.4117053700000000 0.1694156900000000 0.1234367500000000
vn -1.2890539607484954 -2.2006100068236267 -5.1093135651879740
v 0.4110184000000000 0.1718110500000000 0.1207202800000000
vn -2.3726074711109315 2.7440336740125035 -4.8203521154054911
v 0.4235942300000000 0.1837187700000000 0.1194369200000000
vn -2.4723289159871844 2.3882671942388325 -5.0220667783997195
v 0.4226013000000000 0.1810065000000000 0.1174035100000000
vn -1.8990788604464468 3.8193220083566448 -3.9230459603326011
v 0.4245061800000000 0.1911828700000000 0.1212173800000000
vn -2.1380949208446807 -3.2320941844435103 -4.2299981264010658
v 0.4237815500000000 0.1615437200000000 0.1199750600000000
vn -2.2356720169464577 -2.6193386736648976 -4.5424387074186416
v 0.4234620700000000 0.1694254800000000 0.1191159700000000
vn -2.3217521314200500 -2.2021504549079638 -4.7311755717694073
v 0.4222235600000000 0.1718202100000000 0.1166058900000000
vn -3.3261878867469017 2.7404571590969304 -4.2209203475837862
v 0.4342449000000000 0.1837402900000000 0.1127373600000000
vn -3.4647976357880532 2.3861521846126861 -4.3982557135822322
v 0.4328538300000000 0.1810271000000000 0.1109550700000000
vn -2.7565949762714137 3.8138361984102311 -3.3823492058522282
v 0.4355021400000000 0.1912040300000000 0.1142847400000000
vn -3.0520873500903440 -3.0298283311129408 -3.9456110928124408
v 0.4345781400000000 0.1619598700000000 0.1130769100000000
vn -3.1192604875321042 -2.6062547359276191 -3.9864808957025804
v 0.4340623600000000 0.1694500400000000 0.1124488900000000
vn -3.2521100412500261 -2.2044341628406938 -4.1448065174515030
v 0.4323257900000000 0.1718436300000000 0.1102495600000000
vn -4.1387323822805895 2.7263326292932768 -3.4354049216034648
v 0.4432692400000000 0.1837756000000000 0.1039664300000000
vn -4.3066387242581978 2.3819755634455149 -3.5812389919815959
v 0.4415419800000000 0.1810610800000000 0.1025129600000000
vn -3.3432952199434927 3.7874895588219153 -2.8502261413572811
v 0.4447323200000000 0.1912643100000000 0.1052814800000000
vn -3.6251972332448998 -3.2302672251897451 -3.0510178224033133
v 0.4436991000000000 0.1615996900000000 0.1043681800000000
vn -3.8806277983389492 -2.6288013545111766 -3.2458043404378278
v 0.4430451300000000 0.1694851700000000 0.1037206300000000
vn -4.0403596638256367 -2.2071643389781630 -3.3786268372560908
v 0.4408869300000000 0.1718771200000000 0.1019302800000000
vn -4.7586199896529937 2.7312889257270943 -2.5044600785587150
v 0.4502765300000000 0.1838199500000000 0.0935150600000000
vn -4.9582350580053456 2.3791466351986665 -2.6068803886115823
v 0.4482839000000000 0.1811037800000000 0.0924519900000000
vn -3.8975001802282208 3.8106132521958114 -1.9731904212153371
v 0.4520392300000000 0.1912853900000000 0.0944271400000000
vn -4.1603230715822814 -3.2202689240353859 -2.3093751083010732
v 0.4508000500000000 0.1616435900000000 0.0938118600000000
vn -4.4681354809068896 -2.6324453625285331 -2.3689727334118960
v 0.4500173700000000 0.1695293200000000 0.0933169400000000
vn -4.6525803152657819 -2.2112761645114754 -2.4656525270020340
v 0.4475312400000000 0.1719191900000000 0.0920173400000000
vn -5.1824536557396597 2.7185627405291779 -1.4528376266365812
v 0.4549531100000000 0.1838714500000000 0.0818334200000000
vn -5.3943700466755757 2.3741056966046865 -1.5184843319267201
v 0.4527864400000000 0.1811533500000000 0.0812078300000000
vn -4.2204455400198961 3.7806759433589225 -1.2413319772728955
v 0.4568103200000000 0.1913643300000000 0.0824472100000000
vn -4.6002668423800035 -3.2159967967802858 -1.2667209304838685
v 0.4555507700000000 0.1616966000000000 0.0820103800000000
vn -4.8600491033242079 -2.6374331059414216 -1.3883944344568311
v 0.4546730000000000 0.1695805600000000 0.0816940400000000
vn -5.0610701516537571 -2.2160109992675179 -1.4443499643058673
v 0.4519683700000000 0.1719680300000000 0.0809368500000000
vn -5.3714351039142985 2.7206677061994666 -0.3503784129108701
v 0.4571016000000000 0.1839278100000000 0.0694378400000000
vn -5.5944085399561585 2.3693094346105217 -0.3634270485656623
v 0.4548545800000000 0.1812076000000000 0.0692756600000000
vn -4.3708267652248001 3.8014347871879939 -0.2144861771781232
v 0.4590668800000000 0.1913962000000000 0.0695567000000000
vn -4.7340057622147178 -3.2339660602492621 -0.3408395920896505
v 0.4577425500000000 0.1617539300000000 0.0694791200000000
vn -5.0409920421103394 -2.6422799807497035 -0.3480272598521615
v 0.4568088000000000 0.1696366700000000 0.0693526600000000
vn -5.2496865390085024 -2.2198826712337882 -0.3611737837424047
v 0.4540060900000000 0.1720215100000000 0.0691743900000000
vn -5.3301612679074815 2.7080812848433768 0.7823049113487648
v 0.4566232900000000 0.1839866000000000 0.0568630100000000
vn -5.5498576496210097 2.3637015530529588 0.8084571198263706
v 0.4543941600000000 0.1812641900000000 0.0571710500000000
vn -4.3672555596959830 3.7724549112372752 0.5844930851371836
v 0.4585556200000000 0.1914842600000000 0.0566726400000000
vn -4.6986254296659373 -3.2384691222397355 0.6497783783332505
v 0.4572801200000000 0.1618146000000000 0.0567688700000000
vn -5.0010836218199675 -2.6468394672404250 0.7067746986472222
v 0.4563327800000000 0.1696951800000000 0.0568377900000000
vn -5.2079331811380269 -2.2249256031827613 0.7375384262657581
v 0.4535524400000000 0.1720772700000000 0.0572475500000000
vn -5.0543973609848152 2.7116359937323482 1.8661551788890667
v 0.4535424400000000 0.1840452300000000 0.0446631800000000
vn -5.2627616686112315 2.3584566679288432 1.9451423919858801
v 0.4514286200000000 0.1813206300000000 0.0454272000000000
vn -4.4563425299111046 -3.2426531567103622 1.6111605158152531
v 0.4541840400000000 0.1618729100000000 0.0444285900000000
vn -4.7411469267010036 -2.6507497968502989 1.7298881706757370
v 0.4532688100000000 0.1697535400000000 0.0446942100000000
vn -4.9376690518522963 -2.2310830689825649 1.8034265235494993
v 0.4506303600000000 0.1721328800000000 0.0456769200000000
vn -4.5561370359514211 2.7088303021168505 2.8800458895439474
v 0.4479920000000000 0.1841011400000000 0.0333705600000000
vn -4.7456128117520100 2.3535925842582932 2.9970377112072266
v 0.4460860000000000 0.1813744500000000 0.0345575400000000
vn -3.6946382858268532 3.7968937087157153 2.3305330920737357
v 0.4496366700000000 0.1915764500000000 0.0323229200000000
vn -4.0205538593457728 -3.2506640673233522 2.4918565431839110
v 0.4485921100000000 0.1619297500000000 0.0330036800000000
vn -4.2751152886206913 -2.6561683987697000 2.6775728874718343
v 0.4477435900000000 0.1698091900000000 0.0334554100000000
vn -4.4526479978130125 -2.2354628175743985 2.7897544731590234
v 0.4453643300000000 0.1721859100000000 0.0349655300000000
vn -3.8612945478521588 2.7039771849265368 3.7655626554916424
v 0.4402141800000000 0.1841518800000000 0.0234816000000000
vn -4.0214274879293841 2.3471562860726047 3.9199388688255334
v 0.4386013600000000 0.1814233000000000 0.0250366700000000
vn -3.1580525469887388 3.7874168400919146 3.0442015254131012
v 0.4416003900000000 0.1916287400000000 0.0221162500000000
vn -3.3796633907836013 -3.2741633906854122 3.2592862619516936
v 0.4407458200000000 0.1619797000000000 0.0229878500000000
vn -3.6231517368470905 -2.6601675046822812 3.5073315316376310
v 0.4400043600000000 0.1698597000000000 0.0236113400000000
vn -3.7737214122077027 -2.2399641291477566 3.6546929963755472
v 0.4379892000000000 0.1722340600000000 0.0255816500000000
vn -2.9962845988853481 2.7001068085128681 4.4854223263411441
v 0.4305528400000000 0.1841952500000000 0.0154225000000000
vn -3.1206805747418187 2.3442922490576978 4.6696675847785265
v 0.4292981100000000 0.1814650500000000 0.0172799900000000
vn -2.3811150208984442 3.7827168565270686 3.6849219980515002
v 0.4316112200000000 0.1916743400000000 0.0138011700000000
vn -2.6504249686281667 -3.2550373013930667 3.9183830541227538
v 0.4309923200000000 0.1620246300000000 0.0148255800000000
vn -2.8122220296793663 -2.6647783419300870 4.1831912838723948
v 0.4303855600000000 0.1699028700000000 0.0155906500000000
vn -2.9290215859694371 -2.2438423641549412 4.3584476606482987
v 0.4288208700000000 0.1722752000000000 0.0179378300000000
vn -2.0004912196573579 2.6966233223353724 5.0114003850895372
v 0.4194249200000000 0.1842325200000000 0.0095471900000000
vn -2.0838592899968496 2.3411474538504118 5.2169852139685231
v 0.4185883500000000 0.1815010300000000 0.0116247400000000
vn -1.7755960860651661 -3.2577172324706729 4.3845967354033784
v 0.4197514000000000 0.1620635200000000 0.0088651300000000
vn -1.8789082204265766 -2.6676502817048267 4.6760242928598963
v 0.4193113900000000 0.1699368100000000 0.0097438300000000
vn -1.9574605144341577 -2.2470867613998387 4.8719210268898792
v 0.4182659200000000 0.1723075600000000 0.0123641200000000
vn -0.9174566946982798 2.6945618347206728 5.3186213631187043
v 0.4073196800000000 0.1842558500000000 0.0061172400000000
vn -0.9552038088350123 2.3382037329871204 5.5372033959856886
v 0.4069346200000000 0.1815235000000000 0.0083219400000000
vn -0.7363221433750337 3.7904549656988902 4.3056929389213536
v 0.4076150600000000 0.1917354800000000 0.0042104200000000
vn -0.8022911228037274 -3.2528635805408861 4.6698744403248025
v 0.4075171000000000 0.1620859000000000 0.0053761800000000
vn -0.8627510658085363 -2.6691076214835219 4.9642403087240856
v 0.4072615000000000 0.1699631900000000 0.0063286500000000
vn -0.8989620249495625 -2.2489620391244798 5.1727358563537962
v 0.4067825400000000 0.1723328500000000 0.0091085800000000
vn 0.2112708051485502 -2.3901707698609682 5.5927822284011439
v -0.2723574900000000 -0.1813172200000000 0.0311963000000000
vn 1.3720978856998007 -2.3883723838354256 5.4278847095815568
v -0.2843468900000000 -0.1813147600000000 0.0329165200000000
vn 1.3100819836844357 -2.7064441714930298 5.2185357618771571
v -0.2848992800000000 -0.1840297100000000 0.0307220200000000
vn 0.2028996862248264 -2.7002086277622586 5.3763039138986572
v -0.2724447300000000 -0.1840289700000000 0.0289335500000000
vn 1.2447116170321177 -3.4080452874080480 4.7774545397451735
v -0.2853185300000000 -0.1908254200000000 0.0290553900000000
vn 0.1405660602282775 -3.4158412995630729 4.9314233555855393
v -0.2725129800000000 -0.1908246600000000 0.0272167000000000
vn 1.2509692615354662 3.2096676492086851 4.5994241542426266
v -0.2851468700000000 -0.1618552900000000 0.0302093600000000
vn 0.1674966556847171 3.2373832794735162 4.7224515749000551
v -0.2725579300000000 -0.1618538600000000 0.0283785600000000
vn 1.2379046807165750 2.6223912198801638 4.9081233721967887
v -0.2848232900000000 -0.1697364700000000 0.0310619600000000
vn 0.1923081499340905 2.6243025849887385 5.0568688829290860
v -0.2724253100000000 -0.1697388900000000 0.0292819500000000
vn 1.2896525806202315 2.2014614658486384 5.1088454541763646
v -0.2841352700000000 -0.1721318300000000 0.0337783900000000
vn 0.2009436056141262 2.2027139624758139 5.2639897435333536
v -0.2723198400000000 -0.1721311300000000 0.0320816500000000
vn 2.4735574704947840 -2.3866358118958839 5.0236216359561467
v -0.2957150100000000 -0.1813272800000000 0.0370950500000000
vn 2.3755570353227773 -2.7413897132223295 4.8214408967823266
v -0.2967088700000000 -0.1840427200000000 0.0350648100000000
vn 1.8673768299045825 -3.8099336068517675 3.9568964909944819
v -0.2975402400000000 -0.1915015900000000 0.0332470200000000
vn 2.0414426450921335 3.2336701210806353 4.2652306700206122
v -0.2970800300000000 -0.1618666300000000 0.0346183200000000
vn 2.2287608735820070 2.6237177039321988 4.5442802155916704
v -0.2965757800000000 -0.1697494100000000 0.0353825700000000
vn 2.3219508383672145 2.2021530811758234 4.7295197354329970
v -0.2953381600000000 -0.1721441600000000 0.0378969000000000
vn 3.4652502873494817 -2.3865604812342167 4.3975340334302508
v -0.3059684300000000 -0.1813510500000000 0.0435477200000000
vn 3.3268501026438653 -2.7400338538075917 4.2207267566571902
v -0.3073584500000000 -0.1840631900000000 0.0417653900000000
vn 2.7266088060453413 -3.8159235291979767 3.4026259190205392
v -0.3085403000000000 -0.1915272300000000 0.0401598600000000
vn 2.9019802805178450 3.2409291704092364 3.7263321634715147
v -0.3078354800000000 -0.1618917700000000 0.0414094500000000
vn 3.1219034977092521 2.6266025855252160 3.9828316965950696
v -0.3071769600000000 -0.1697739900000000 0.0420539000000000
vn 3.2520358309980129 2.2042390370645575 4.1444894134145516
v -0.3054393400000000 -0.1721675800000000 0.0442531800000000
vn 4.3056484121021965 -2.3838319826811665 3.5803708399303358
v -0.3146525300000000 -0.1813850200000000 0.0519854500000000
vn 4.1341085353208609 -2.7376321845587666 3.4353453589669667
v -0.3163829500000000 -0.1840984800000000 0.0505321100000000
vn 3.3364837287496565 -3.8257065877197340 2.7711578384268849
v -0.3178676800000000 -0.1915649500000000 0.0492059300000000
vn 3.7056765925678583 3.2169767378105911 2.9888420432455898
v -0.3169433900000000 -0.1619244700000000 0.0502871000000000
vn 3.8784833839077342 2.6289491371311207 3.2462398647838335
v -0.3161598900000000 -0.1698091100000000 0.0507779500000000
vn 4.0395508642762818 2.2085109398175566 3.3778648883742646
v -0.3140005200000000 -0.1722010700000000 0.0525714200000000
vn 4.9583689287750339 -2.3791300647595266 2.6060744872059032
v -0.3213953500000000 -0.1814277400000000 0.0620506800000000
vn 4.7606043675903607 -2.7338758068919025 2.4999604258186592
v -0.3233869700000000 -0.1841428500000000 0.0609865200000000
vn 4.1487496402220181 3.2440585777016935 2.2549424994852214
v -0.3240082900000000 -0.1619678000000000 0.0608665900000000
vn 4.4685032788372103 2.6331429702272695 2.3702764852751637
v -0.3231278000000000 -0.1698532700000000 0.0611846300000000
vn 4.6538954671451442 2.2112512034333496 2.4650186891136228
v -0.3206447900000000 -0.1722431400000000 0.0624854100000000
vn 5.3940021547855563 -2.3745006944637619 1.5181588719215375
v -0.3258968300000000 -0.1814773000000000 0.0732948000000000
vn 5.1803622384211945 -2.7270291272048235 1.4517401990773733
v -0.3280635500000000 -0.1841943500000000 0.0726681600000000
vn 4.1900568979162731 -3.8106379627736251 1.2251992250650230
v -0.3299473900000000 -0.1916637200000000 0.0720536100000000
vn 4.5288101285620135 3.2517389916937769 1.3121636943070287
v -0.3287166100000000 -0.1620219700000000 0.0726869600000000
vn 4.8596008865540767 2.6376930938542369 1.3901959772166608
v -0.3277834000000000 -0.1699045100000000 0.0728085900000000
vn 5.0610695676404021 2.2157424470697515 1.4442439600732251
v -0.3250787600000000 -0.1722919900000000 0.0735657800000000
vn 5.5940557649396307 -2.3697675450290165 0.3633860773389193
v -0.3279650200000000 -0.1815315500000000 0.0852259100000000
vn 5.3730155175667438 -2.7118229808600280 0.3509632473525990
v -0.3302120300000000 -0.1842507000000000 0.0850637400000000
vn 4.3983273791022430 -3.7741669022971833 0.2169570748752576
v -0.3321501800000000 -0.1917454000000000 0.0849514100000000
vn 4.7460520145608083 3.2298509376076892 0.2445410248396881
v -0.3308664800000000 -0.1620789000000000 0.0852257500000000
vn 5.0404760257043009 2.6423135234511088 0.3504854092571023
v -0.3299202500000000 -0.1699606300000000 0.0851500000000000
vn 5.2492169189885605 2.2202303995554882 0.3609609318197843
v -0.3271164900000000 -0.1723454700000000 0.0853282400000000
vn 5.5495628206062069 -2.3640204905179432 -0.8086828632782910
v -0.3275046000000000 -0.1815881400000000 0.0973305300000000
vn 5.3280705219994537 -2.7171867130191081 -0.7806281993154396
v -0.3297337300000000 -0.1843094900000000 0.0976385700000000
vn 4.3411064287798915 -3.7959595273584297 -0.5791894465840193
v -0.3316862800000000 -0.1917807800000000 0.0978370100000000
vn 4.6737510215288927 3.2549591347533102 -0.6107228459470843
v -0.3303615300000000 -0.1621386400000000 0.0979360900000000
vn 4.9994677790877402 2.6467075413961685 -0.7045202057845156
v -0.3294474200000000 -0.1700191300000000 0.0976639400000000
vn 5.2063907152325886 2.2263353500476240 -0.7372758864952242
v -0.3266628700000000 -0.1724012200000000 0.0972540200000000
vn 5.2636717632724626 -2.3572870070492300 -1.9450674917672450
v -0.3245390600000000 -0.1816445800000000 0.1090743800000000
vn 5.0548675591736343 -2.7085700629484650 -1.8695606800696756
v -0.3266497200000000 -0.1843681200000000 0.1098382800000000
vn 4.0810408403305320 -3.7973575603577765 -1.5573232908160735
v -0.3284933300000000 -0.1918884700000000 0.1105006600000000
vn 4.4269930973403442 3.2655334724191953 -1.5958728828015167
v -0.3272285300000000 -0.1621965600000000 0.1102621300000000
vn 4.7416537942425787 2.6520371247482699 -1.7285480336495211
v -0.3263792400000000 -0.1700774900000000 0.1098073600000000
vn 4.9376096759321033 2.2310308320215859 -1.8034565427677089
v -0.3237407900000000 -0.1724568300000000 0.1088246500000000
vn 4.7449093222906953 -2.3542066813873586 -2.9974850923269889
v -0.3191964300000000 -0.1816984000000000 0.1199440400000000
vn 4.5565543106095516 -2.7025175805628012 -2.8811074516292585
v -0.3211024300000000 -0.1844240400000000 0.1211310200000000
vn 3.6848715603105022 -3.7907088860852411 -2.3384783230967123
v -0.3228348500000000 -0.1919215200000000 0.1220089800000000
vn 3.9818379307048026 3.2383674297583922 -2.5909034227846015
v -0.3215934200000000 -0.1622545800000000 0.1216724400000000
vn 4.2756684235763069 2.6562742290066979 -2.6761691162158026
v -0.3208539800000000 -0.1701331400000000 0.1210472100000000
vn 4.4521992247847804 2.2358552164717755 -2.7901200212616701
v -0.3184747700000000 -0.1725098600000000 0.1195360500000000
vn 4.0200023477069600 -2.3493196979732551 -3.9190463212174302
v -0.3117086300000000 -0.1817472500000000 0.1294647900000000
vn 3.8573031782996470 -2.7012586454031138 -3.7681289681395653
v -0.3133256700000000 -0.1844747800000000 0.1310200200000000
vn 3.1788965392537074 -3.7864840907674004 -3.0256139764945704
v -0.3147687900000000 -0.1919532100000000 0.1323217300000000
vn 3.5787931980626482 3.0368957877664569 -3.4964387503827581
v -0.3137136000000000 -0.1626992500000000 0.1315137300000000
vn 3.6206424311012211 2.6418645544536257 -3.5114648171621630
v -0.3131126900000000 -0.1701836500000000 0.1308901600000000
vn 3.7731748277610206 2.2403398392864302 -3.6544991806872087
v -0.3110964800000000 -0.1725580100000000 0.1289198000000000
vn 3.1198075090952710 -2.3443092671288679 -4.6699039031441281
v -0.3024053900000000 -0.1817890000000000 0.1372214700000000
vn 2.9995980238940296 -2.6889858830007061 -4.4854025708482350
v -0.3036601200000000 -0.1845181500000000 0.1390789600000000
vn 2.4006861653359390 -3.7550038353419417 -3.7107022892440691
v -0.3047019400000000 -0.1920231500000000 0.1406790700000000
vn 2.7661317970463570 3.1904396226013185 -3.9666048934302802
v -0.3039301000000000 -0.1623507900000000 0.1397887000000000
vn 2.8180097903241790 2.6589084813191857 -4.1794478667845114
v -0.3034960000000000 -0.1702268100000000 0.1389109200000000
vn 2.9293014528214627 2.2447123990190394 -4.3587706034896527
v -0.3019323600000000 -0.1725991500000000 0.1365637900000000
vn 2.0839132011301005 -2.3390510752505413 -5.2183012184009039
v -0.2916957500000000 -0.1818218100000000 0.1428735700000000
vn 1.9996251934917255 -2.6968323763077806 -5.0126796439765338
v -0.2925323200000000 -0.1845564600000000 0.1449511100000000
vn 1.6887549303043785 -3.7783603262213665 -4.0581921648380126
v -0.2933104500000000 -0.1920320100000000 0.1467229500000000
vn 1.6957524691270853 3.2261439893591497 -4.4667697683046033
v -0.2926696400000000 -0.1623866600000000 0.1457078800000000
vn 1.8797800006176346 2.6667888677959262 -4.6750031074250398
v -0.2924186700000000 -0.1702607600000000 0.1447576200000000
vn 1.9564706181151408 2.2478007328816036 -4.8716582351366968
v -0.2913764700000000 -0.1726314900000000 0.1421343000000000
vn 0.9560239459889825 -2.3365001729152350 -5.5382716462183579
v -0.2800430700000000 -0.1818442700000000 0.1461764100000000
vn 0.9168727977145354 -2.6947749773134455 -5.3197104331748291
v -0.2804270800000000 -0.1845797800000000 0.1483810500000000
vn 0.7125325102404902 -3.7806230963645411 -4.3338974892455795
v -0.2808068900000000 -0.1920615300000000 0.1502782900000000
vn 0.8232172963847910 3.2507037698347734 -4.6680595789731800
v -0.2804276400000000 -0.1624117300000000 0.1491557600000000
vn 0.8638528449246956 2.6688476790250140 -4.9629417467072745
v -0.2803687800000000 -0.1702839800000000 0.1481728200000000
vn 0.8983596238555809 2.2500023385239478 -5.1714197817443832
v -0.2798899400000000 -0.1726536300000000 0.1453897300000000
vn -0.2143840636801452 -2.3377357155885341 -5.6150777556289722
v -0.2679564300000000 -0.1818585500000000 0.1469850000000000
vn -0.2064457622466214 -2.6943776054125972 -5.3935162756651778
v -0.2678725400000000 -0.1845913400000000 0.1492213700000000
vn -0.1791076861726159 -3.7856439141851457 -4.3742308968567922
v -0.2678458900000000 -0.1920726600000000 0.1511524500000000
vn -0.1875585364829293 3.2598022653785854 -4.7239275977147805
v -0.2677306700000000 -0.1624229700000000 0.1499825300000000
vn -0.1888200221479327 2.6714694690876812 -5.0321861865580075
v -0.2678745600000000 -0.1702986300000000 0.1490059400000000
vn -0.1981200584339590 2.2515750029304398 -5.2433085732031035
v -0.2679829200000000 -0.1726645800000000 0.1461841000000000
vn -1.3747956619827799 -2.3378819908132091 -5.4485446523578496
v -0.2559670600000000 -0.1818578500000000 0.1452637400000000
vn -1.3292465889209031 -2.6865758198843173 -5.2322963399726081
v -0.2554179900000000 -0.1845906000000000 0.1474329000000000
vn -1.1679107982273713 3.2620762626068056 -4.5797322666014590
v -0.2551440800000000 -0.1624191300000000 0.1481574000000000
vn -1.2330792716338883 2.6720452784707489 -4.8824783017794040
v -0.2554776300000000 -0.1702978900000000 0.1472259800000000
vn -1.2854749567886816 2.2520597978764978 -5.0868325924386593
v -0.2561675000000000 -0.1726638800000000 0.1444873600000000
vn -2.4749158173883909 -2.3391825346446824 -5.0436532754850170
v -0.2445989500000000 -0.1818453300000000 0.1410852100000000
vn -2.3804310284747987 -2.6517392803744082 -4.8517887786727671
v -0.2436061800000000 -0.1845776100000000 0.1430931800000000
vn -2.1449390816091674 -3.3706229261390197 -4.4779955935168712
v -0.2428658300000000 -0.1913886800000000 0.1445765200000000
vn -2.0775616133206953 3.2833449539314294 -4.2037242709519358
v -0.2432090700000000 -0.1624061200000000 0.1437482500000000
vn -2.2257308705565793 2.6693861943501780 -4.5204282930864252
v -0.2437209300000000 -0.1702849500000000 0.1429052100000000
vn -2.3185173055764934 2.2492339303511386 -4.7102203324158101
v -0.2449655000000000 -0.1726547200000000 0.1403730800000000
vn -3.4676979678363189 -2.3416974098170020 -4.4193572849365426
v -0.2343464200000000 -0.1818215700000000 0.1346367900000000
vn -3.3268048081213148 -2.6610733283340973 -4.2562706606466509
v -0.2329555000000000 -0.1845529200000000 0.1363936300000000
vn -3.0902599717802692 -3.3653912794006691 -3.8866181463848632
v -0.2319169000000000 -0.1913632900000000 0.1376865500000000
vn -2.9485421402882728 3.2135126727934189 -3.7912192505198687
v -0.2324534000000000 -0.1623805600000000 0.1369562300000000
vn -3.1189753172591321 2.6674039994083913 -3.9581101858951611
v -0.2331238000000000 -0.1702603900000000 0.1362382500000000
vn -3.2495403764317028 2.2466159306833289 -4.1240525403678472
v -0.2348632700000000 -0.1726313000000000 0.1340167600000000
vn -4.3092881965390717 -2.3434491780398097 -3.6033961514873041
v -0.2256582700000000 -0.1817875900000000 0.1261946900000000
vn -4.1410529229425332 -2.6978200414908255 -3.4589577693820819
v -0.2239343200000000 -0.1845176200000000 0.1276228200000000
vn -3.3313271834720171 -3.7783665312683632 -2.8806302027417372
v -0.2224555800000000 -0.1919951700000000 0.1288811900000000
vn -3.9161526747689472 3.0469226660910045 -3.0957875480492709
v -0.2234870100000000 -0.1627413900000000 0.1280847600000000
vn -3.8810729259959404 2.6452385991300638 -3.2185246440372319
v -0.2241410200000000 -0.1702252600000000 0.1275099900000000
vn -4.0377572324179045 2.2434791025481537 -3.3578037396996296
v -0.2263021300000000 -0.1725978100000000 0.1256974700000000
vn -4.9611673187704337 -2.3492017741251914 -2.6285064096989235
v -0.2189163500000000 -0.1817448900000000 0.1161337100000000
vn -4.7636992783222158 -2.6922888249935517 -2.5310197607264442
v -0.2169270300000000 -0.1844732600000000 0.1171714500000000
vn -3.9268719527902043 -3.7584773911720704 -2.0220890825447575
v -0.2151984700000000 -0.1919742100000000 0.1179967900000000
vn -4.1476508547951321 3.2642154498155653 -2.2513152953472249
v -0.2162786300000000 -0.1622999400000000 0.1174976500000000
vn -4.4611252958792402 2.6567382033712166 -2.3506081183892524
v -0.2171687900000000 -0.1701811000000000 0.1171063000000000
vn -4.6495106068436201 2.2398821616451552 -2.4447448239148697
v -0.2196588700000000 -0.1725557400000000 0.1157845700000000
vn -5.3972102761939507 -2.3532579150691006 -1.5407265877419984
v -0.2144138100000000 -0.1816953300000000 0.1048895500000000
vn -5.1841174784339517 -2.7067384102111673 -1.4770759363160919
v -0.2122504500000000 -0.1844217700000000 0.1054898100000000
vn -4.1974241517855138 -3.7917506708963558 -1.2682362401340797
v -0.2103745000000000 -0.1918996600000000 0.1060340800000000
vn -4.5248612644903492 3.2689582787192104 -1.2819811258496896
v -0.2115704500000000 -0.1622498900000000 0.1056772800000000
vn -4.8562449461163038 2.6565321207211352 -1.3660491765870975
v -0.2125131500000000 -0.1701298700000000 0.1054834000000000
vn -5.0581870034551946 2.2355714730065910 -1.4240950310453631
v -0.2152206900000000 -0.1725069000000000 0.1047040400000000
vn -5.5973062413890533 -2.3589434325212171 -0.3853495820307267
v -0.2123456600000000 -0.1816410800000000 0.0929573800000000
vn -5.3767614043293754 -2.7011613852672305 -0.3761505365401819
v -0.2101019600000000 -0.1843654100000000 0.0930942300000000
vn -4.4028148025479261 -3.7664303573368922 -0.2520782798015460
v -0.2081739700000000 -0.1918623100000000 0.0931371400000000
vn -4.7421544267038742 3.2364262604992744 -0.2144003870688730
v -0.2094215100000000 -0.1621930700000000 0.0931382800000000
vn -5.0358979356865516 2.6508187669250010 -0.3256304669775836
v -0.2103731400000000 -0.1700737600000000 0.0931418600000000
vn -5.2452716367381234 2.2310461211709272 -0.3404404341335166
v -0.2131829600000000 -0.1724534200000000 0.0929415900000000
vn -5.5527489420634799 -2.3643327006783559 0.7864566056219233
v -0.2128060800000000 -0.1815844800000000 0.0808527700000000
vn -5.3320606912471824 -2.7182089039549289 0.7535920115824125
v -0.2105802700000000 -0.1843066200000000 0.0805194000000000
vn -4.3460877540133023 -3.7950006857246530 0.5380046578913815
v -0.2086378300000000 -0.1917771800000000 0.0802517600000000
vn -4.6694713778636698 3.2566799910886788 0.6400850404761863
v -0.2099208400000000 -0.1621310500000000 0.0804321800000000
vn -4.9963024629124346 2.6471433627193148 0.7292391007303219
v -0.2108491700000000 -0.1700152500000000 0.0806269900000000
vn -5.2035355332179991 2.2258331221865375 0.7582051572430077
v -0.2136366200000000 -0.1723976600000000 0.0810147500000000
vn -5.2656876178033629 -2.3699455686854707 1.9230812387175775
v -0.2157716200000000 -0.1815280500000000 0.0691089200000000
vn -5.0562353402301410 -2.7239498448274340 1.8446883604341509
v -0.2136611200000000 -0.1842479900000000 0.0683195700000000
vn -4.0987571271660608 -3.8027649506503312 1.5204529157674154
v -0.2118088800000000 -0.1917182600000000 0.0676497000000000
vn -4.4228211655443550 3.2556669432942753 1.6260619209781086
v -0.2130591400000000 -0.1620738900000000 0.0681008900000000
vn -4.7386538601541215 2.6419226285760242 1.7529605233819243
v -0.2139173500000000 -0.1699568900000000 0.0684835700000000
vn -4.9349559943215260 2.2202527843695785 1.8237281192529033
v -0.2165587000000000 -0.1723420500000000 0.0694441200000000
vn -4.7485145695649784 -2.3747559466894184 2.9753795421188727
v -0.2211142500000000 -0.1814742300000000 0.0582392600000000
vn -4.5589573934731451 -2.7300726568885900 2.8553159053109609
v -0.2192115700000000 -0.1841920800000000 0.0570269600000000
vn -3.6874560648821140 -3.8139587818777940 2.3136202674189832
v -0.2175297900000000 -0.1916598000000000 0.0559836100000000
vn -3.9708516271588228 3.2233952554261549 2.6180169377975631
v -0.2186904200000000 -0.1620184200000000 0.0566928500000000
vn -4.2727867117085392 2.6361376720673531 2.7004428059015244
v -0.2194394100000000 -0.1699012400000000 0.0572446600000000
vn -4.4501864514995235 2.2159104881442242 2.8103223324143212
v -0.2218215700000000 -0.1722890200000000 0.0587326000000000
vn -4.0246396299993688 -2.3785246706127281 3.8976405623947965
v -0.2285988900000000 -0.1814253800000000 0.0487183900000000
vn -3.8585193908504025 -2.7269490731174333 3.7479379555445371
v -0.2269893800000000 -0.1841413400000000 0.0471379900000000
vn -3.4100580662957212 3.2431572188534989 3.2666102857971220
v -0.2265673700000000 -0.1619655300000000 0.0467064600000000
vn -3.6212861496802518 2.6326618088334079 3.5308556048540143
v -0.2271818000000000 -0.1698507300000000 0.0474007000000000
vn -3.7706496317156080 2.2105099853705523 3.6755172858131226
v -0.2291998600000000 -0.1722408700000000 0.0493488500000000
vn -3.1235500086426020 -2.3836090929590004 4.6475734131377306
v -0.2379021300000000 -0.1813836300000000 0.0409617100000000
vn -3.0040425188385935 -2.6936049489553722 4.4674603393783938
v -0.2366507200000000 -0.1840979600000000 0.0390789000000000
vn -2.7948187522678936 -3.4100856386249445 4.0705112945703696
v -0.2357157800000000 -0.1908955900000000 0.0376462400000000
vn -2.6301799441659837 3.2439715200160406 3.9186169262230055
v -0.2363532000000000 -0.1619225600000000 0.0385749000000000
vn -2.8105968407445294 2.6282972653714509 4.2066616471582590
v -0.2367974400000000 -0.1698075600000000 0.0393798900000000
vn -2.9268884755300482 2.2074744523036758 4.3788700899007909
v -0.2383650300000000 -0.1721997300000000 0.0417049100000000
vn -2.0869817387735408 -2.3865910140875872 5.1950712187918224
v -0.2486118900000000 -0.1813508000000000 0.0353064500000000
vn -2.0151012115157907 -2.7038615527990721 4.9894235501821003
v -0.2477786500000000 -0.1840638500000000 0.0332035700000000
vn -1.8105106215843880 -3.4053908576733720 4.5939482576159465
v -0.2471564700000000 -0.1908605300000000 0.0316079400000000
vn -1.6825293535115622 3.2148082739810646 4.4559411200102570
v -0.2476127000000000 -0.1618877200000000 0.0326522800000000
vn -1.8771144118408403 2.6259887896456422 4.7004324768085661
v -0.2478747600000000 -0.1697736200000000 0.0335331900000000
vn -1.9543245092764145 2.2037634689151435 4.8935790686555052
v -0.2489199800000000 -0.1721673700000000 0.0361312000000000
vn -0.9583902704457118 -2.3883201032343773 5.5151718911329386
v -0.2602656200000000 -0.1813283400000000 0.0320036500000000
vn -0.9114574360582103 -2.7357490955038237 5.2959300620092025
v -0.2598838800000000 -0.1840405300000000 0.0297736200000000
vn -0.8005314002110340 -3.8128783969719535 4.3047706488728297
v -0.2595114500000000 -0.1915031800000000 0.0278111800000000
vn -0.8463155538924764 3.2359056080896389 4.6503269890115391
v -0.2598544500000000 -0.1618626900000000 0.0292042500000000
vn -0.8609405062796125 2.6253621812814636 4.9868367889428766
v -0.2599215000000000 -0.1697504000000000 0.0301178700000000
vn -0.8952888311728250 2.2036377113314796 5.1916992084897018
v -0.2604065200000000 -0.1721420800000000 0.0328757800000000
vn 0.2054514008289934 2.6941636674760217 5.3933043387908342
v -0.2722002900000000 0.1845923500000000 0.0306476300000000
vn 1.3201056725539981 2.6937753791917625 5.2335765952077393
v -0.2846548400000000 0.1845916100000000 0.0324361000000000
vn 1.3748455949291065 2.3381021794649399 5.4485181122458881
v -0.2841057600000000 0.1818588600000000 0.0346052600000000
vn 1.0713878441213063 3.7906756349718811 4.2347030107287313
v -0.2851741300000000 0.1920739500000000 0.0305769600000000
vn 0.1676576502941439 -3.2592854463007419 4.7256944625719131
v -0.2721392600000000 0.1624254200000000 0.0298789700000000
vn 1.1723501881862337 -3.2527072470294920 4.5904954210400604
v -0.2847366800000000 0.1624226900000000 0.0316669900000000
vn 0.1910521282333101 -2.6711769923547539 5.0322514540455554
v -0.2722014200000000 0.1702996400000000 0.0308631800000000
vn 1.2356932619265659 -2.6696185200926354 4.8834379070214471
v -0.2845962500000000 0.1702989100000000 0.0326430600000000
vn 0.1982761632059968 -2.2521931036382283 5.2431646090073123
v -0.2720899000000000 0.1726655900000000 0.0336849000000000
vn 1.2863375823684202 -2.2498170581462875 5.0891040492492436
v -0.2839053200000000 0.1726691000000000 0.0353816600000000
vn 0.2142769712649943 2.3381600742961579 5.6146322393598211
v -0.2721163600000000 0.1818595600000000 0.0328850500000000
vn 2.3779669382876238 2.6944234747683438 4.8452854292473662
v -0.2964675800000000 0.1845786000000000 0.0367790200000000
vn 2.4758925949414410 2.3387604683494012 5.0441912577076549
v -0.2954738800000000 0.1818463400000000 0.0387837900000000
vn 1.9049923688370827 3.7791550082263625 3.9579737298689515
v -0.2973678600000000 0.1920589400000000 0.0350710300000000
vn 2.0262987342156693 -3.2283531240000083 4.3249051968996124
v -0.2966834400000000 0.1624094400000000 0.0360353800000000
vn 2.2271044750810391 -2.6690780979572502 4.5188253219918106
v -0.2963519000000000 0.1702859600000000 0.0369637900000000
vn 2.3188666570686811 -2.2487358657538414 4.7090065522644471
v -0.2951082200000000 0.1726567600000000 0.0395001700000000
vn 3.3311461589817295 2.6952697594911053 4.2471676197860422
v -0.3071140000000000 0.1845570700000000 0.0434794700000000
vn 3.4695188226565281 2.3388417999882765 4.4203850729146899
v -0.3057273000000000 0.1818225700000000 0.0452364600000000
vn 2.7553087858956657 3.7798854154494141 3.4187985702420343
v -0.3083590100000000 0.1920312600000000 0.0420016300000000
vn 3.0565484884289500 -3.1936790845640246 3.7461963208950482
v -0.3074610300000000 0.1623881500000000 0.0427902300000000
vn 3.1248544520497612 -2.6624860237924182 3.9541391449611716
v -0.3069530800000000 0.1702613800000000 0.0436351200000000
vn 3.2494051312412133 -2.2470345015394999 4.1242491407031423
v -0.3052125500000000 0.1726333500000000 0.0458565700000000
vn 4.1373564628606019 2.7000859110943849 3.4618481903702079
v -0.3161385000000000 0.1845217900000000 0.0522461900000000
vn 4.3095085740870047 2.3442645351269795 3.6028071015471137
v -0.3144145600000000 0.1817928100000000 0.0536743300000000
vn 3.8312769705199798 -3.0398668069859593 3.2152702701957936
v -0.3165858200000000 0.1627466200000000 0.0517842500000000
vn 3.8722704877088918 -2.6470043031992230 3.2252797485345743
v -0.3159318000000000 0.1702304800000000 0.0523590300000000
vn 4.0359997368414096 -2.2452867963890344 3.3560150043059727
v -0.3137705700000000 0.1725998600000000 0.0541746900000000
vn 4.7631512137747647 2.7055097848995877 2.5259440362453409
v -0.3231425200000000 0.1844774200000000 0.0627006000000000
vn 4.9609225861165394 2.3485952094002260 2.6280287655879273
v -0.3211531600000000 0.1817500900000000 0.0637394000000000
vn 3.8519191939649726 3.7989054226678003 2.0450307023744636
v -0.3248961600000000 0.1919549700000000 0.0618573500000000
vn 4.1643147857679494 -3.2437250661905654 2.2807558158605614
v -0.3237006500000000 0.1623064700000000 0.0621978700000000
vn 4.4646865906062692 -2.6614511198733273 2.3438313772311279
v -0.3229039100000000 0.1701863100000000 0.0627658700000000
vn 4.6499295963818534 -2.2404176269370444 2.4446929796560397
v -0.3204148400000000 0.1725609400000000 0.0640886900000000
vn 5.1830173827281278 2.7094026676346883 1.4817689230918498
v -0.3278191000000000 0.1844259200000000 0.0743822400000000
vn 5.3980399194280100 2.3523733566987692 1.5405445673361851
v -0.3256588600000000 0.1817005300000000 0.0749836800000000
vn 4.2029185658440058 3.7919304469025543 1.2413396768416385
v -0.3297189400000000 0.1919026700000000 0.0739196700000000
vn 4.5320034558322009 -3.2694722503546645 1.2556564851888994
v -0.3284465700000000 0.1622563700000000 0.0739982700000000
vn 4.8568634374038231 -2.6562908937602785 1.3637883667300139
v -0.3275595100000000 0.1701350700000000 0.0743898300000000
vn 5.0582367270200788 -2.2357573339386496 1.4239179088390930
v -0.3248519700000000 0.1725121000000000 0.0751691800000000
vn 5.3742159251744459 2.7139857827417324 0.3721044475718961
v -0.3299675900000000 0.1843695600000000 0.0867778200000000
vn 5.5971632903289557 2.3582808110026741 0.3850257351838913
v -0.3277238800000000 0.1816462800000000 0.0869146700000000
vn 4.3759254929061067 3.7916812123145061 0.2416729028291764
v -0.3319236200000000 0.1918425500000000 0.0867270300000000
vn 4.7201938183394647 -3.2541492253553437 0.2330180310392245
v -0.3306387700000000 0.1621987900000000 0.0865314800000000
vn 5.0376959765648426 -2.6466752702235876 0.3181996068486209
v -0.3296963600000000 0.1700789600000000 0.0867312400000000
vn 5.2465805358100361 -2.2307781893676699 0.3401947752933367
v -0.3268897000000000 0.1724586200000000 0.0869316400000000
vn 5.3333639424712036 2.7074529429223282 -0.7574604802884404
v -0.3294892800000000 0.1843107700000000 0.0993526500000000
vn 5.5524532957722048 2.3640405892688943 -0.7866625644396836
v -0.3272634600000000 0.1815896900000000 0.0990192900000000
vn 4.3725543264215627 3.7701442777750107 -0.5502550106513306
v -0.3314068600000000 0.1918071400000000 0.0996124700000000
vn 4.9649001697031938 -3.0307704553108743 -0.6059883090003407
v -0.3300610700000000 0.1625336400000000 0.0993294700000000
vn 4.9992348460109088 -2.6270658587723750 -0.7255061073146252
v -0.3292203800000000 0.1700204500000000 0.0992450600000000
vn 5.2048246021559610 -2.2258908959836385 -0.7589567586076500
v -0.3264360800000000 0.1724028600000000 0.0988574300000000
vn 5.0576639643579275 2.7216934182512462 -1.8406786089768685
v -0.3264084200000000 0.1842521400000000 0.1115524800000000
vn 5.2654084781231774 2.3703367411956799 -1.9228297282649551
v -0.3242979200000000 0.1815332500000000 0.1107631400000000
vn 4.1004212961358055 3.7972066771816526 -1.5598719475783969
v -0.3282318800000000 0.1917228200000000 0.1123057100000000
vn 4.5076858892078855 -3.1878165317421989 -1.7071262254832498
v -0.3270800900000000 0.1620804200000000 0.1115813300000000
vn 4.7380342882877766 -2.6417015527146974 -1.7549276237873588
v -0.3261522000000000 0.1699620900000000 0.1113884800000000
vn 4.9348486212752780 -2.2201839666589147 -1.8238630874781998
v -0.3235108500000000 0.1723472600000000 0.1104279400000000
vn 4.5600350361886521 2.6934741883562010 -2.8667655712650006
v -0.3208579800000000 0.1841962300000000 0.1228450900000000
vn 4.7480080750892331 2.3752284107878738 -2.9754671163503641
v -0.3189553000000000 0.1814794300000000 0.1216328000000000
vn 4.2132859979016795 3.3939758959518320 -2.5923227145947481
v -0.3222818900000000 0.1909975400000000 0.1237748900000000
vn 3.9826940540971201 -3.2517851631782038 -2.5155594137044481
v -0.3214881400000000 0.1620237700000000 0.1230072800000000
vn 4.2716848240076901 -2.6364324248809856 -2.7016559627789185
v -0.3206301000000000 0.1699064400000000 0.1226284500000000
vn 4.4498723059497012 -2.2159831772561525 -2.8105038506859779
v -0.3182479800000000 0.1722942200000000 0.1211394500000000
vn 3.8695519291123430 2.6901412671630989 -3.7457397496690135
v -0.3130801700000000 0.1841454900000000 0.1327340600000000
vn 4.0234950119875590 2.3796654496039586 -3.8968594424184277
v -0.3114675000000000 0.1814305800000000 0.1311535500000000
vn 3.5203090837335873 3.4067757422946228 -3.4656771654746565
v -0.3142859600000000 0.1909453800000000 0.1339421000000000
vn 3.4049398993854822 -3.2258970125998907 -3.3127448114450679
v -0.3136422200000000 0.1619712800000000 0.1330225100000000
vn 3.6176058068259738 -2.6341523593916660 -3.5316613328511894
v -0.3128888000000000 0.1698559400000000 0.1324714000000000
vn 3.7687308717336636 -2.2129604012757063 -3.6750205745593565
v -0.3108696900000000 0.1722429200000000 0.1305231900000000
vn 3.0080257824915471 2.7286836182658711 -4.4580367531408704
v -0.3034156700000000 0.1841021100000000 0.1407930300000000
vn 3.1242677574291653 2.3817283018574833 -4.6493398484090669
v -0.3021674100000000 0.1813846200000000 0.1389103300000000
vn 2.4112224111039025 3.8171022494438684 -3.6384697207630197
v -0.3044663900000000 0.1915637300000000 0.1424827600000000
vn 2.6495881622670563 -3.2253652256313612 -3.9405041934513285
v -0.3038853500000000 0.1619281900000000 0.1411840000000000
vn 2.8088543789069229 -2.6288616683763193 -4.2085378537687603
v -0.3032689600000000 0.1698085600000000 0.1404920200000000
vn 2.9264155904832116 -2.2066406383758905 -4.3796878507482626
v -0.3017013700000000 0.1722017700000000 0.1381670100000000
vn 2.0039707540032885 2.7416213441682142 -4.9856015890151255
v -0.2922878700000000 0.1840648600000000 0.1466651900000000
vn 2.0863315171724941 2.3863576959528894 -5.1952187873711537
v -0.2914535700000000 0.1813518100000000 0.1445622700000000
vn 1.7513212406123218 -3.2421939471127095 -4.3804543919324859
v -0.2926452500000000 0.1618904600000000 0.1471410200000000
vn 1.8748932550347355 -2.6256113624987192 -4.7002567778382360
v -0.2921947900000000 0.1697746200000000 0.1463388400000000
vn 1.9536669565797489 -2.2047330488337673 -4.8923792515375446
v -0.2911465300000000 0.1721694300000000 0.1437375700000000
vn 0.9210781704545051 2.7441461944497041 -5.2930653693134584
v -0.2801826300000000 0.1840415400000000 0.1500951400000000
vn 0.9583832207204793 2.3883155995550380 -5.5151506333617561
v -0.2798008900000000 0.1813293500000000 0.1478651100000000
vn 0.7411291805639161 3.8309227136766744 -4.2696710378039544
v -0.2804696100000000 0.1915052900000000 0.1520756700000000
vn 0.8163932350003791 -3.2163868799583502 -4.6861031851402073
v -0.2804115000000000 0.1618678300000000 0.1506289900000000
vn 0.8588275208661400 -2.6230986301213441 -4.9883257177196070
v -0.2801448900000000 0.1697513900000000 0.1497540400000000
vn 0.8957220631631957 -2.2027550580670541 -5.1927131933931125
v -0.2796631500000000 0.1721473000000000 0.1469931200000000
vn -0.2017447417914010 2.7446313463719569 -5.3683014369124900
v -0.2676280900000000 0.1840299800000000 0.1509354500000000
vn -0.2107125791955029 2.3903573197744366 -5.5930626864861086
v -0.2677153000000000 0.1813182300000000 0.1486737500000000
vn -0.1319158380473798 3.8192974531252180 -4.3560502263229770
v -0.2675068400000000 0.1914928700000000 0.1529318400000000
vn -0.1995239697535534 -3.2089185447941611 -4.7690251829929640
v -0.2677215400000000 0.1618558700000000 0.1514983100000000
vn -0.2003306089094223 -2.6197645113377872 -5.0566834770440492
v -0.2676475200000000 0.1697399100000000 0.1505870500000000
vn -0.2017488545686823 -2.2028742268175594 -5.2638098285537049
v -0.2677529800000000 0.1721321400000000 0.1477873500000000
vn -1.3164433155146686 2.7434563261965468 -5.2084012116741807
v -0.2551735400000000 0.1840275600000000 0.1491469700000000
vn -1.3715549259075577 2.3900043962652311 -5.4267773339512937
v -0.2557259300000000 0.1813157700000000 0.1469524800000000
vn -1.1350014664107821 3.8161466282598493 -4.2107175925413047
v -0.2546431600000000 0.1914890000000000 0.1510720100000000
vn -1.2048442464359304 -2.9994651414564104 -4.8798913175745451
v -0.2550522300000000 0.1622478200000000 0.1495925500000000
vn -1.2333301478873058 -2.6048795876556108 -4.9103006650457282
v -0.2552537400000000 0.1697374800000000 0.1488072000000000
vn -1.2886676377034436 -2.2007701314033250 -5.1092769119261545
v -0.2559407100000000 0.1721328400000000 0.1460907300000000
vn -2.3730583703298356 2.7379095166813991 -4.8214811872593053
v -0.2433648900000000 0.1840405600000000 0.1448073700000000
vn -2.4726502082084969 2.3881212572867354 -5.0220013184110552
v -0.2443578200000000 0.1813282900000000 0.1427739500000000
vn -1.9185527323128695 3.8192136247217818 -3.8932972990302273
v -0.2423670800000000 0.1915242300000000 0.1465280900000000
vn -2.0230145621282118 -3.2085951901920682 -4.3216437436250015
v -0.2431771500000000 0.1618647000000000 0.1453456200000000
vn -2.2305044327527210 -2.6239628686599259 -4.5450081021922699
v -0.2434970400000000 0.1697504200000000 0.1444864300000000
vn -2.3216826835945197 -2.2019134872219355 -4.7315740916497919
v -0.2447345000000000 0.1721451500000000 0.1419763100000000
vn -3.3278447114553060 2.7365535634918072 -4.2206800819069805
v -0.2327142100000000 0.1840652400000000 0.1381078200000000
vn -3.4649760731761381 2.3862481741627937 -4.3980172199675387
v -0.2341052900000000 0.1813520500000000 0.1363255300000000
vn -2.6660430041285355 3.8199672635656632 -3.4359570091671556
v -0.2315078600000000 0.1915734700000000 0.1396997000000000
vn -2.9231172312946274 -3.2417671020065599 -3.7079878787857696
v -0.2323979300000000 0.1618899100000000 0.1385883200000000
vn -3.1238282103839579 -2.6257102791444398 -3.9813742483587267
v -0.2328967500000000 0.1697749800000000 0.1378193500000000
vn -3.2524927615204673 -2.2042666164014268 -4.1446491539664194
v -0.2346333300000000 0.1721685700000000 0.1356200200000000
vn -4.1336154542726602 2.7365400982249262 -3.4381897554146130
v -0.2236898700000000 0.1841005500000000 0.1293368900000000
vn -4.3067091370340052 2.3819132956186282 -3.5811474475037648
v -0.2254171400000000 0.1813860300000000 0.1278834200000000
vn -3.4003078858313942 3.8126598613919374 -2.7389160379812489
v -0.2221452700000000 0.1915613200000000 0.1305940600000000
vn -3.6674620500212929 -3.2355343285410356 -2.9974869304857568
v -0.2232606200000000 0.1619276900000000 0.1297381800000000
vn -3.8843897849158298 -2.6239931540010488 -3.2415118191997911
v -0.2239139900000000 0.1698069600000000 0.1290910700000000
vn -4.0404641729743886 -2.2074205944053920 -3.3782810040387599
v -0.2260721900000000 0.1721989000000000 0.1273007200000000
vn -4.7609944005284301 2.7276424362126410 -2.5023944516102903
v -0.2166857400000000 0.1841417400000000 0.1188856300000000
vn -4.9582326385476847 2.3781821331932038 -2.6071303088857158
v -0.2186783700000000 0.1814255700000000 0.1178225500000000
vn -3.8509498699918159 3.8098180631117242 -2.0169545036317249
v -0.2148906400000000 0.1916270400000000 0.1196975100000000
vn -4.3865634032953116 -3.0371104847482604 -2.3645317989077457
v -0.2162022800000000 0.1623620500000000 0.1190477500000000
vn -4.4662422596271671 -2.6128371551255158 -2.3748528356432232
v -0.2169417500000000 0.1698511100000000 0.1186873900000000
vn -4.6526951248014266 -2.2120511061928867 -2.4654804847435612
v -0.2194278800000000 0.1722409700000000 0.1173877800000000
vn -5.1803483611722747 2.7237843447595105 -1.4552305606710370
v -0.2120060100000000 0.1841932400000000 0.1072038700000000
vn -5.3944362193248860 2.3740562677870951 -1.5186803656085797
v -0.2141726800000000 0.1814751400000000 0.1065782800000000
vn -4.1868374418084642 3.8096025253372785 -1.2082917235049173
v -0.2101190600000000 0.1917042000000000 0.1077985600000000
vn -4.5334954012643154 -3.2434242217744957 -1.3288232597839507
v -0.2114114700000000 0.1620189500000000 0.1073798000000000
vn -4.8601405406150278 -2.6360767990574292 -1.3884679205514896
v -0.2122861100000000 0.1699023500000000 0.1070644800000000
vn -5.0609453576375580 -2.2162543780288506 -1.4446271806995747
v -0.2149907500000000 0.1722898200000000 0.1063072900000000
vn -5.3713920002519551 2.7231750376760187 -0.3489014549848699
v -0.2098606700000000 0.1842495900000000 0.0948084000000000
vn -5.5944630332334242 2.3683176547468197 -0.3632371930187567
v -0.2121076900000000 0.1815293900000000 0.0946462300000000
vn -4.3709132453421464 3.8009805131482266 -0.2126774045385931
v -0.2078926200000000 0.1917184900000000 0.0949273200000000
vn -4.6959113237828154 -3.2554876333096940 -0.3343674023017588
v -0.2092208700000000 0.1620755200000000 0.0948504800000000
vn -5.0406331141017793 -2.6407659558469465 -0.3484662294213707
v -0.2101492600000000 0.1699584600000000 0.0947230700000000
vn -5.2492931539797638 -2.2211464269552357 -0.3609138400669247
v -0.2129530200000000 0.1723433000000000 0.0945448400000000
vn -5.3300387245489134 2.7118577467764551 0.7775461530948597
v -0.2103358200000000 0.1843083800000000 0.0822334500000000
vn -5.5499908487817926 2.3638036074117066 0.8077371736948740
v -0.2125649600000000 0.1815859800000000 0.0825414900000000
vn -4.3114344554296498 3.7972998111389598 0.6366866086538949
v -0.2084270300000000 0.1917990000000000 0.0818449900000000
vn -4.6967752152632594 -3.2395269673464191 0.6497328278115948
v -0.2096786000000000 0.1621331200000000 0.0821358300000000
vn -5.0006065485361022 -2.6469081334509230 0.7068183827610359
v -0.2106252900000000 0.1700169700000000 0.0822082000000000
vn -5.2075492731900885 -2.2255225439331374 0.7373205748495953
v -0.2134066800000000 0.1723990600000000 0.0826180000000000
vn -5.0535628728312139 2.7081533930362536 1.8707406579731840
v -0.2134166800000000 0.1843670100000000 0.0700336300000000
vn -5.2627591478538500 2.3584600034354843 1.9451423541703248
v -0.2155305000000000 0.1816424200000000 0.0707976400000000
vn -4.1071928359528540 3.7967345036319013 1.4881221476221975
v -0.2115619300000000 0.1918853800000000 0.0694114700000000
vn -4.4570776218694785 -3.2420723452861466 1.6111000158565267
v -0.2127751500000000 0.1621960200000000 0.0698002300000000
vn -4.7410826285946683 -2.6506783094069943 1.7300874904172932
v -0.2136903100000000 0.1700753300000000 0.0700646600000000
vn -4.9376645165548130 -2.2310858668159828 1.8034244902547809
v -0.2163287600000000 0.1724546600000000 0.0710473700000000
vn -4.5568345636838865 2.7073287559783479 2.8789901224566163
v -0.2189671200000000 0.1844229300000000 0.0587410100000000
vn -4.7453662593088781 2.3533380060199396 2.9977229242530870
v -0.2208731200000000 0.1816962400000000 0.0599279800000000
vn -3.6705237082768720 3.7910312673263453 2.3933397803713068
v -0.2173226000000000 0.1918987800000000 0.0576942700000000
vn -4.0219263942496690 -3.2374844361410648 2.5249829160912411
v -0.2183667100000000 0.1622571400000000 0.0583782200000000
vn -4.2752459060430397 -2.6557600415972229 2.6775074629608162
v -0.2192155300000000 0.1701309700000000 0.0588258600000000
vn -4.4526663615275153 -2.2354873574616332 2.7896893730675050
v -0.2215947800000000 0.1725077000000000 0.0603359700000000
vn -3.8605423847367164 2.7039510974682335 3.7649910064312628
v -0.2267438800000000 0.1844768200000000 0.0488520200000000
vn -4.0202069317958049 2.3480576228644958 3.9194138500261415
v -0.2283609100000000 0.1817482400000000 0.0504072500000000
vn -3.5040519884110086 -3.2187482093274422 3.2561048446661598
v -0.2262147300000000 0.1623069600000000 0.0483577400000000
vn -3.6231982214821512 -2.6598297221179070 3.5070243499002371
v -0.2269537100000000 0.1701814800000000 0.0489817400000000
vn -3.7734598287604428 -2.2410997213621071 3.6543681182100411
v -0.2289699200000000 0.1725558500000000 0.0509521000000000
vn -2.9965729555511817 2.7004966206179448 4.4851919339422182
v -0.2364062700000000 0.1845202000000000 0.0407929600000000
vn -3.1207928524120887 2.3445418462849483 4.6694797345750949
v -0.2376610000000000 0.1817899900000000 0.0426504500000000
vn -2.4167165202331380 3.7952904438322310 3.6339041682703126
v -0.2353434800000000 0.1919985400000000 0.0391726200000000
vn -2.6343320065160358 -3.2342212611724035 3.9706155079205887
v -0.2359690900000000 0.1623513500000000 0.0401970400000000
vn -2.8121794515150405 -2.6641986549865337 4.1829919052953546
v -0.2365735500000000 0.1702278100000000 0.0409611100000000
vn -2.9294454038344511 -2.2437772648462619 4.3584025402582505
v -0.2381382400000000 0.1726001500000000 0.0433082900000000
vn -2.0005467622342152 2.6972387638281416 5.0105299196575928
v -0.2475342000000000 0.1845543100000000 0.0349176400000000
vn -2.0834757776858139 2.3413701745669351 5.2165682736483756
v -0.2483749700000000 0.1818228200000000 0.0369953500000000
vn -1.6536397372828298 3.7803331619016665 4.0682511543836419
v -0.2468401300000000 0.1920334800000000 0.0331152500000000
vn -1.7562476177807795 -3.2809273225455038 4.3507172762707205
v -0.2472106400000000 0.1623846700000000 0.0342355300000000
vn -1.8786593968438920 -2.6674057848953145 4.6765889199618069
v -0.2476508800000000 0.1702617500000000 0.0351144100000000
vn -1.9575578801901323 -2.2468104791924652 4.8725895454837378
v -0.2486932000000000 0.1726325000000000 0.0377345800000000
vn -0.9172448754019020 2.6944771251609629 5.3183527241927218
v -0.2596394400000000 0.1845776300000000 0.0314876900000000
vn -0.9547607999068172 2.3382619173288424 5.5371054424481629
v -0.2600276500000000 0.1818452800000000 0.0336925100000000
vn -0.6833196389733063 3.7784710137758899 4.3375197060844446
v -0.2593476700000000 0.1920576000000000 0.0295814500000000
vn -0.8203326922679964 -3.2605209979066720 4.6554953876336498
v -0.2594433500000000 0.1624077200000000 0.0307464800000000
vn -0.8629122563094811 -2.6688360792434755 4.9645195653723766
v -0.2596976200000000 0.1702849800000000 0.0316990900000000
vn -0.8989333865020541 -2.2494854736548922 5.1724756762880642
v -0.2601765800000000 0.1726546400000000 0.0344790300000000
vn -1.5895380799752659 -0.0257514208332271 5.8754817664404753
v -0.4385815200000000 -0.0064863100000000 -0.0671212600000000
vn -1.6088178764677536 -1.1919182161293669 5.7471543444204478
v -0.4384063700000000 0.0055537400000000 -0.0658106100000000
vn -1.9855135839445102 -1.1434924494510370 5.5788192530854168
v -0.4413964300000000 0.0060314100000000 -0.0676246200000000
vn -1.9699529175710688 -0.0264240588272379 5.7019258073837280
v -0.4415820800000000 -0.0064758200000000 -0.0689844600000000
vn -3.1971679528296399 -0.9636030980282099 4.7283100902355830
v -0.4491039700000000 0.0064726300000000 -0.0685164200000000
vn -3.1749934516045917 0.0419774302511367 4.8492956279820358
v -0.4492455000000000 -0.0065138300000000 -0.0699286800000000
vn 3.6511146144948072 -1.0895435307742372 4.4426422681855779
v -0.4198899000000000 0.0061523300000000 -0.0710884400000000
vn 3.8373050520038428 -0.1079933906319814 4.2805048310877734
v -0.4196975700000000 -0.0063706300000000 -0.0726147400000000
vn 3.2659626039725795 -1.0780612301748069 4.5360674500947447
v -0.4271981600000000 0.0059735600000000 -0.0692679400000000
vn 3.2997467564989926 -0.0223259551997424 4.6486165877917225
v -0.4273794100000000 -0.0064768400000000 -0.0706234600000000
vn 2.8962456687087874 -1.1166523706592799 4.7925633140822699
v -0.4291875100000000 0.0053753100000000 -0.0662253100000000
vn 2.9108603949172567 -0.0242987436965682 4.9123894993165447
v -0.4293628500000000 -0.0064900900000000 -0.0675151100000000
vn -1.6564395366443891 -2.3051664451477460 5.3836031690119404
v -0.4378947900000000 0.0170547700000000 -0.0620469800000000
vn -2.0303911793441052 -2.2146649746771798 5.2293159924871446
v -0.4408696300000000 0.0179823100000000 -0.0637151400000000
vn -3.2318694297696373 -1.7919615608505768 4.4457730940323366
v -0.4485389500000000 0.0186461100000000 -0.0645323700000000
vn 3.7419688143746774 -1.9191915781828992 3.9854134603719209
v -0.4189725600000000 0.0183479000000000 -0.0672439600000000
vn 3.2356902521632995 -2.0700959183990060 4.2101984267168211
v -0.4266720400000000 0.0178666500000000 -0.0653755600000000
vn 2.8487043114467152 -2.1618765667989632 4.4525501172808157
v -0.4286886400000000 0.0167092200000000 -0.0625167600000000
vn -1.7375963724205767 -3.3177802621777217 4.7970275535465055
v -0.4370785800000000 0.0275175200000000 -0.0559958400000000
vn -2.1132823641228198 -3.1870612053877641 4.6648663278664024
v -0.4400169000000000 0.0288492400000000 -0.0574285700000000
vn -3.2842753926016477 -2.5406732860537957 4.0449589723086721
v -0.4476374300000000 0.0299754500000000 -0.0580239100000000
vn 3.6886670093759153 -2.9083980595810415 3.3411331168656502
v -0.4181105700000000 0.0293235300000000 -0.0608712000000000
vn 3.1679130829651125 -2.9866958398725578 3.6805508915995615
v -0.4258237700000000 0.0286811000000000 -0.0591227700000000
vn 2.7738249449149706 -3.1111257283417317 3.9033932285487190
v -0.4278821500000000 0.0270165800000000 -0.0565534100000000
vn -1.8396356001910721 -4.1860060956262526 4.0173371553647481
v -0.4359837900000000 0.0364810900000000 -0.0479217000000000
vn -2.2095947735273320 -4.0196405556865171 3.9176296709604728
v -0.4388837200000000 0.0381576700000000 -0.0490414000000000
vn -3.3835683786475048 -3.2814741803114815 3.3605812306209848
v -0.4465063400000000 0.0396420400000000 -0.0493172700000000
vn 3.6261431709641219 -3.5419204629055985 2.7107753644244497
v -0.4169639200000000 0.0387228900000000 -0.0523768000000000
vn 3.0735022570244137 -3.7685748111647812 2.9777031230846638
v -0.4246951800000000 0.0379486500000000 -0.0507724900000000
vn 2.6747238516940315 -3.9252641179995269 3.1718481869830564
v -0.4268057300000000 0.0358501800000000 -0.0486003300000000
vn -1.9689962064845783 -4.8706986178477747 3.0734961125133027
v -0.4346683900000000 0.0435555600000000 -0.0381802800000000
vn -2.3292442221152219 -4.6781465268601794 3.0109162280513067
v -0.4375137300000000 0.0455061600000000 -0.0389204600000000
vn -3.4743522361354708 -3.7846650800227994 2.6505568888948678
v -0.4450824800000000 0.0471226000000000 -0.0390027200000000
vn 3.5229327053666406 -4.1228262178857253 1.8884293068380418
v -0.4155752100000000 0.0461342700000000 -0.0421319100000000
vn 2.9593435967541124 -4.3832336777398941 2.1272234578041584
v -0.4233343700000000 0.0452636700000000 -0.0406987700000000
vn 2.5556177078686395 -4.5659901301989594 2.2856942859480096
v -0.4255061400000000 0.0428210800000000 -0.0389968000000000
vn -2.1124931222414940 -5.3427502799151352 2.0095572911477810
v -0.4331790100000000 0.0484292000000000 -0.0271915800000000
vn -2.4730978548370635 -5.1299782958388622 1.9899522572227426
v -0.4359712100000000 0.0505725400000000 -0.0275062300000000
vn -3.5739805724237206 -4.1497978351442004 1.8947530250543079
v -0.4434591500000000 0.0524264600000000 -0.0271418100000000
vn 3.4023771304956560 -4.5194266602158173 0.9879467415010910
v -0.4140119100000000 0.0512370500000000 -0.0305827500000000
vn 2.8307471891453888 -4.8080123611451286 1.1697414036329632
v -0.4217970300000000 0.0503039900000000 -0.0293371400000000
vn 2.4219210482430205 -5.0076735333111442 1.2880461419073301
v -0.4240397700000000 0.0476249600000000 -0.0281687400000000
vn -2.2679612252374026 -5.5800714765018533 0.8716121649056424
v -0.4315911400000000 0.0508906200000000 -0.0154415000000000
vn -2.6235497122675659 -5.3577987966011422 0.8970807478381565
v -0.4343185400000000 0.0531297000000000 -0.0152999000000000
vn -3.7112736443879992 -4.3562247141746395 0.9114366616268275
v -0.4417570000000000 0.0550828200000000 -0.0145325000000000
vn 3.2960857030599464 -4.6800248564889504 0.0233088424665883
v -0.4123385400000000 0.0538041300000000 -0.0182393400000000
vn 2.6921926776085177 -5.0233665268428105 0.1457404098858913
v -0.4201527500000000 0.0528508800000000 -0.0171853200000000
vn 2.2769442283576065 -5.2315445457997702 0.2221457944839823
v -0.4224752300000000 0.0500503400000000 -0.0165886000000000
vn -2.4243750966658379 -5.5745151678286220 -0.2894894038112403
v -0.4299673200000000 0.0508337900000000 -0.0034380300000000
vn -2.7748395297274389 -5.3518923117605866 -0.2187709204312018
v -0.4326305500000000 0.0530706600000000 -0.0028279700000000
vn -3.8410780459226603 -4.3237800830139612 0.0436196998508802
v -0.4400157500000000 0.0550313600000000 -0.0016562400000000
vn 3.1492913480323144 -4.6880231341604643 -0.9814527690570602
v -0.4106346200000000 0.0537231100000000 -0.0056327600000000
vn 2.5494570453063559 -5.0200846625960702 -0.9005918493370249
v -0.4184735100000000 0.0527921300000000 -0.0047773200000000
vn 2.1291865099634362 -5.2283381892994019 -0.8676842124873819
v -0.4208748800000000 0.0499974900000000 -0.0047590900000000
vn -2.5768399290370003 -5.3266133434633254 -1.4252449269525866
v -0.4283793200000000 0.0482612200000000 0.0082895700000000
vn -2.9196240389635317 -5.1143557674348044 -1.3086567370619515
v -0.4309842500000000 0.0503980300000000 0.0093531000000000
vn 2.7815798791839161 -4.7513639507102852 -1.9862950835580331
v -0.4093794900000000 0.0509324200000000 0.0066112200000000
vn 2.3920907839523631 -4.7938202741350739 -1.9262706470222417
v -0.4168334200000000 0.0501302900000000 0.0073513700000000
vn 1.9854033961196278 -4.9931501057634762 -1.9320729393778784
v -0.4193102100000000 0.0474594100000000 0.0067978400000000
vn -2.7213555920064714 -4.8441059935008646 -2.4844323220260596
v -0.4268991000000000 0.0432837400000000 0.0192325600000000
vn -3.0576058600376812 -4.6512012580601594 -2.3255689852749524
v -0.4294447800000000 0.0452269500000000 0.0207206400000000
vn -4.0523738911709426 -3.8090581651201050 -1.6234133352024176
v -0.4367194100000000 0.0469444800000000 0.0226635300000000
vn 2.8845897285523696 -4.1168724888201025 -2.7943516461711573
v -0.4074152300000000 0.0457511500000000 0.0181647600000000
vn 2.2781684269904865 -4.3648906491079691 -2.8713303617754184
v -0.4153023200000000 0.0449826200000000 0.0186645500000000
vn 1.8496881830351526 -4.5423087853537787 -2.9255577862568107
v -0.4178529000000000 0.0425532200000000 0.0175808500000000
vn -2.8480752975554489 -4.1503084129893093 -3.4209249753982167
v -0.4255890900000000 0.0361173300000000 0.0289107700000000
vn -3.1796766060336119 -3.9845246186119332 -3.2249247479343834
v -0.4280836700000000 0.0377829400000000 0.0307759100000000
vn -4.1619610699638026 -3.2166415180512518 -2.4303025392741691
v -0.4353169300000000 0.0392650300000000 0.0330538200000000
vn 2.7794103027247261 -3.5034746825264156 -3.6026284744742600
v -0.4060455800000000 0.0382054000000000 0.0283194700000000
vn 2.1666270395827341 -3.7380597628656700 -3.7201983008528710
v -0.4139462300000000 0.0375767400000000 0.0286706800000000
vn 1.7310417191504979 -3.8924323603732285 -3.8040326606663593
v -0.4165619800000000 0.0354948700000000 0.0271159600000000
vn -2.9528372638677434 -3.2754754585906833 -4.1948459259715456
v -0.4245094700000000 0.0270808600000000 0.0369013300000000
vn -3.2799852974160135 -3.1443189415899053 -3.9678945536805790
v -0.4269608300000000 0.0283923500000000 0.0390760500000000
vn -4.2450410289162459 -2.5385004955181318 -3.0049000546058586
v -0.4341541700000000 0.0295760300000000 0.0416283800000000
vn 2.7191007352790035 -2.7436770468378606 -4.2246378943813125
v -0.4049116700000000 0.0286975300000000 0.0366958900000000
vn 2.0731094656014273 -2.9498413818712890 -4.4162145321014661
v -0.4128290100000000 0.0282294800000000 0.0369333200000000
vn 1.6328785544350155 -3.0712509233673835 -4.5287722947188858
v -0.4154962400000000 0.0265863300000000 0.0349896600000000
vn -3.0286087842381155 -2.2579551914532314 -4.7732034391987668
v -0.4237018300000000 0.0165612800000000 0.0428547000000000
vn -3.3547948152576277 -2.1676830558592370 -4.5228351308748600
v -0.4261257300000000 0.0174663900000000 0.0452572000000000
vn -4.2996814161040398 -1.8155320761179945 -3.4335967283644280
v -0.4332918900000000 0.0182963000000000 0.0480289200000000
vn 2.6315017045608662 -1.8898353598173954 -4.7391897025764456
v -0.4040653200000000 0.0176448600000000 0.0429310000000000
vn 2.0045022793119189 -2.0330547344167900 -4.9349394769564618
v -0.4119980400000000 0.0173531300000000 0.0430885100000000
vn 1.5607704420439730 -2.1165410455264331 -5.0687215922213049
v -0.4147023800000000 0.0162229600000000 0.0408558000000000
vn -3.0780975086288676 -1.1403280694165305 -5.1244740038472525
v -0.4232086500000000 0.0050251400000000 0.0465071200000000
vn -3.4016486058157422 -1.0943966082405772 -4.8600078977883925
v -0.4256103100000000 0.0054821500000000 0.0490562700000000
vn -4.3396343529781518 -0.8597297072144068 -3.7427111447737693
v -0.4327574500000000 0.0059287400000000 0.0519533300000000
vn 2.5867940150186426 -0.9547897721101767 -5.0371441242320678
v -0.4035479200000000 0.0055192900000000 0.0467491400000000
vn 1.9602261130170222 -1.0274515926941459 -5.2548351175720489
v -0.4114854900000000 0.0054268900000000 0.0468668900000000
vn 1.5157463968366627 -1.0693745162119042 -5.4018386934664875
v -0.4142141300000000 0.0048544400000000 0.0444596700000000
vn -3.0936758497200763 0.0254890997885376 -5.2418352156403403
v -0.4230469500000000 -0.0070268100000000 0.0477098500000000
vn -3.4160324045588055 0.0249568927729583 -4.9728544905177987
v -0.4254429700000000 -0.0070374100000000 0.0503019000000000
vn 2.6026731116154198 0.0262816783201163 -5.0989122730033642
v -0.4033795900000000 -0.0071407200000000 0.0479902900000000
vn 1.9475291101601035 0.0218664530654918 -5.3586696625817805
v -0.4113162100000000 -0.0070358100000000 0.0481074500000000
vn 1.5005211187524390 0.0245975126252475 -5.5092157155247445
v -0.4140532500000000 -0.0070226600000000 0.0456390200000000
vn -3.0775949934376676 1.1917964263232226 -5.1137619202039231
v -0.4232231600000000 -0.0190668700000000 0.0463992500000000
vn -3.3968204537542590 1.1477004935557773 -4.8498081937674389
v -0.4256254300000000 -0.0195446500000000 0.0489430000000000
vn -4.3413323310975622 0.8766818764480941 -3.7363406182616892
v -0.4327722300000000 -0.0199180200000000 0.0518555800000000
vn 2.6054918853422153 1.0379508398272270 -4.9987878619428718
v -0.4035680800000000 -0.0197827900000000 0.0465931900000000
vn 1.9622322910910448 1.0717265050492581 -5.2437147122811920
v -0.4115005000000000 -0.0194851700000000 0.0467552000000000
vn 1.5178927471950110 1.1166071868486731 -5.3901213067949456
v -0.4142285900000000 -0.0188880600000000 0.0443492100000000
vn -3.0261796351182695 2.3049552707361678 -4.7511911665593987
v -0.4237305300000000 -0.0305679000000000 0.0426354600000000
vn -3.3417222947657721 2.2110072306442383 -4.5063834852054754
v -0.4261553900000000 -0.0314913400000000 0.0450336500000000
vn -4.2734189284850945 1.8658463313448386 -3.4504934558225631
v -0.4333470700000000 -0.0323371400000000 0.0477686500000000
vn 2.3840485571825312 2.0826000022407869 -4.9226546152496082
v -0.4045047100000000 -0.0317217400000000 0.0426214600000000
vn 1.9866808181451359 2.0815867684461411 -4.9136383288643275
v -0.4120277100000000 -0.0313761400000000 0.0428618200000000
vn 1.5626167315238981 2.1618591889421044 -5.0500941542864313
v -0.4147305400000000 -0.0302219800000000 0.0406428900000000
vn -2.9489666636122065 3.3175782198620141 -4.1643526854444453
v -0.4245507900000000 -0.0410296100000000 0.0365886800000000
vn -3.2723661481516495 3.1885999614991420 -3.9372249991035524
v -0.4270037900000000 -0.0423593300000000 0.0387500700000000
vn -4.2413213101334186 2.5421724238377470 -3.0246097406150572
v -0.4341911200000000 -0.0434829800000000 0.0413451000000000
vn 2.6864239655370037 2.8010490688884202 -4.2451237087244680
v -0.4049718400000000 -0.0428370400000000 0.0362449000000000
vn 2.0714660245723868 2.9817917764680990 -4.3930076654817105
v -0.4128717700000000 -0.0421927000000000 0.0366088600000000
vn 1.6362349394096556 3.1112581751732673 -4.5002674405680452
v -0.4155369900000000 -0.0405293400000000 0.0346805900000000
vn -2.8427352300484845 4.1861860093494201 -3.3828607518517488
v -0.4256413600000000 -0.0499942300000000 0.0285143800000000
vn -3.1635695308984810 4.0182154053737413 -3.1943708330684526
v -0.4281380200000000 -0.0516709300000000 0.0303629300000000
vn -4.1248501214898878 3.3271993714336503 -2.3566508409589177
v -0.4354004800000000 -0.0531484500000000 0.0326118400000000
vn 2.7647500452664935 3.5235789128234329 -3.6128340976322972
v -0.4061193400000000 -0.0522349700000000 0.0277534900000000
vn 2.1720261073474978 3.7674385892704656 -3.6869225275795943
v -0.4140002100000000 -0.0514613300000000 0.0282627900000000
vn 1.7357157672560140 3.9250565067687329 -3.7672077701404554
v -0.4166135300000000 -0.0493629300000000 0.0267243600000000
vn -2.7155038783926835 4.8692860595035983 -2.4392619954840615
v -0.4269600800000000 -0.0570644700000000 0.0187688900000000
vn -3.0517916582889080 4.6765228652893676 -2.2807461922428987
v -0.4295080100000000 -0.0590194100000000 0.0202419900000000
vn -4.0604882556139037 3.7721979141518589 -1.6979458194370758
v -0.4367744300000000 -0.0607013900000000 0.0222480200000000
vn 2.8969122382576020 4.1685390763820021 -2.6922163282806180
v -0.4075051500000000 -0.0596460300000000 0.0175067700000000
vn 2.2877338075651457 4.3824136668316624 -2.8368808369243528
v -0.4153652200000000 -0.0587763500000000 0.0181892200000000
vn 1.8588303178563863 4.5645522824130360 -2.8831527771446517
v -0.4179098400000000 -0.0563338500000000 0.0171238600000000
vn -2.5723715120971637 5.3414148546869207 -1.3757418135170651
v -0.4284461800000000 -0.0619423400000000 0.0077832100000000
vn -2.9105753679892530 5.1287399572123844 -1.2624786752163839
v -0.4310505300000000 -0.0640857900000000 0.0088277600000000
vn -3.9409023591299457 4.1680743538347107 -0.7733271129343326
v -0.4384215600000000 -0.0659631600000000 0.0104096800000000
vn 3.0253986822909891 4.5099056174829890 -1.8466404632991937
v -0.4090658400000000 -0.0647488300000000 0.0059599400000000
vn 2.4174602594224086 4.8082736788109868 -1.8801174976806068
v -0.4169025600000000 -0.0638166600000000 0.0068275900000000
vn 1.9920303488195839 5.0078249965022970 -1.8855855564864572
v -0.4193762200000000 -0.0611377200000000 0.0062958000000000
vn -2.4178124520394437 5.5797190280628470 -0.2387226360430590
v -0.4300372100000000 -0.0644037600000000 -0.0039667500000000
vn -2.7617606877394962 5.3588679190581097 -0.1682007751641009
v -0.4327033300000000 -0.0666429400000000 -0.0033817300000000
vn -3.8231741059388873 4.3356525741862946 0.0791609463414911
v -0.4400805500000000 -0.0685680000000000 -0.0020370900000000
vn 2.9313991556956656 4.9897944816015096 -0.8766857415259104
v -0.4111162200000000 -0.0672038800000000 -0.0062428800000000
vn 2.5369948164881730 5.0264724457660739 -0.8468783696451794
v -0.4185457900000000 -0.0663635600000000 -0.0053242700000000
vn 2.1355900091818074 5.2330576886574089 -0.8193405029509622
v -0.4209439100000000 -0.0635662600000000 -0.0052842400000000
vn -2.2608139669672003 5.5747202077029741 0.9231816138962556
v -0.4316610300000000 -0.0643500900000000 -0.0159702400000000
vn -2.6156786912046108 5.3521730096499347 0.9473253476475582
v -0.4343911900000000 -0.0665870700000000 -0.0158505200000000
vn -3.7065925366615819 4.3600927624734833 0.9154154424481026
v -0.4418167700000000 -0.0685426100000000 -0.0150158900000000
vn 3.2701849204325240 4.7314662465234365 0.0645109542800070
v -0.4124422700000000 -0.0672346700000000 -0.0189929700000000
vn 2.6916044855960468 5.0205010468890485 0.1858354359116399
v -0.4202251800000000 -0.0663047900000000 -0.0177364800000000
vn 2.2818804281309881 5.2280285771371435 0.2705409142779753
v -0.4225441400000000 -0.0635102700000000 -0.0171105800000000
vn -2.1043308922631887 5.3279741918823458 2.0584409008287743
v -0.4332460000000000 -0.0617775000000000 -0.0277011100000000
vn -2.4667963349200805 5.1156222407068954 2.0376898586474947
v -0.4360407600000000 -0.0639112700000000 -0.0280346100000000
vn -3.5771033614047520 4.1455342119058507 1.8979601600357028
v -0.4435191400000000 -0.0657918700000000 -0.0276013300000000
vn 3.3897766571312351 4.5412224230528730 1.0007839616798653
v -0.4141057600000000 -0.0645140500000000 -0.0313064300000000
vn 2.8362077324494814 4.7945667750166150 1.2115273310037367
v -0.4218661700000000 -0.0636461200000000 -0.0298609300000000
vn 2.4277056331201763 4.9929877881523321 1.3343200769262649
v -0.4241057800000000 -0.0609753300000000 -0.0286708000000000
vn -1.9636732088749096 4.8436740153385083 3.1183945399004775
v -0.4347261000000000 -0.0568000400000000 -0.0386409400000000
vn -2.3305329336902671 4.6505910538145914 3.0543901947854453
v -0.4375770900000000 -0.0587433400000000 -0.0394022800000000
vn -3.4751011766392730 3.7606073753375249 2.6976335555714241
v -0.4451084700000000 -0.0604631500000000 -0.0393412800000000
vn 3.5350808348885607 4.0582310723942756 2.0135865556869206
v -0.4156616900000000 -0.0592649100000000 -0.0427931300000000
vn 2.9648386617819762 4.3612077790481720 2.1656841600749837
v -0.4233974300000000 -0.0584984300000000 -0.0411783200000000
vn 2.5618286230695158 4.5413466792371082 2.3276359012365182
v -0.4255662400000000 -0.0560691400000000 -0.0394536800000000
vn -1.8359844103887428 4.1505861865202736 4.0549029074359595
v -0.4360361100000000 -0.0496336300000000 -0.0483191600000000
vn -2.2064879227225407 3.9825542548863471 3.9566836443725166
v -0.4389380700000000 -0.0512993500000000 -0.0494544000000000
vn 3.6439792615953852 3.4916568085866206 2.7241832142003943
v -0.4170360900000000 -0.0517218600000000 -0.0529441700000000
vn 3.0775198182073349 3.7377465080135046 3.0103693549862403
v -0.4247492800000000 -0.0510925600000000 -0.0511835600000000
vn 2.6802657901351221 3.8920805412204387 3.2067352421743167
v -0.4268571600000000 -0.0490107900000000 -0.0489888000000000
vn -1.7328037148693862 3.2755136828211491 4.8280542670609083
v -0.4371199300000000 -0.0405971600000000 -0.0563095500000000
vn -2.0985652944498963 3.1494690290735798 4.6941876851000215
v -0.4400598600000000 -0.0419087600000000 -0.0577545800000000
vn -3.2543414301520452 2.5247154408479142 4.0843168558833485
v -0.4477047000000000 -0.0430025600000000 -0.0583390400000000
vn 3.5660891585087509 2.8798823853756681 3.6120838707976430
v -0.4185394800000000 -0.0422388300000000 -0.0611262200000000
vn 3.1530100205602229 2.9455913984253099 3.7140284593547070
v -0.4258665400000000 -0.0417453000000000 -0.0594472500000000
vn 2.7776204421355577 3.0713465199186931 3.9322108990659208
v -0.4279229000000000 -0.0401022500000000 -0.0568624900000000
vn -1.6553475172398791 2.2568615957466944 5.4040532481395793
v -0.4379233700000000 -0.0300775800000000 -0.0622630900000000
vn -2.0317859676789292 2.1637751096350852 5.2501068539099318
v -0.4408961700000000 -0.0309859400000000 -0.0639399100000000
vn -3.2309793268410467 1.8164998589029731 4.4569361416849835
v -0.4485420300000000 -0.0318158200000000 -0.0647038600000000
vn 3.8001716424860068 1.9544017945634584 3.8268294742725169
v -0.4190126100000000 -0.0311594200000000 -0.0675568200000000
vn 3.2380392040562302 2.0378074831276312 4.2226328770387234
v -0.4267017100000000 -0.0308721000000000 -0.0656023000000000
vn 2.8519361621354773 2.1165239735482895 4.4711867553381692
v -0.4287167600000000 -0.0297388900000000 -0.0627286300000000
vn -1.6050210397048372 1.1412221924164272 5.7590086518997179
v -0.4384167100000000 -0.0185414200000000 -0.0659197100000000
vn -1.9756818250293573 1.0993767144789963 5.5897511314703401
v -0.4414115500000000 -0.0189985500000000 -0.0677379100000000
vn -3.1579204926562361 0.8378172401755117 4.7918892354528673
v -0.4490969100000000 -0.0193473200000000 -0.0686223700000000
vn 3.8490398487537290 0.9709746367204098 4.1280762925992667
v -0.4195297200000000 -0.0190351100000000 -0.0713749800000000
vn 3.2867895215818175 1.0276455489486249 4.5431080234592249
v -0.4272132100000000 -0.0189427000000000 -0.0693807000000000
vn 2.8973319105988997 1.0695214337384509 4.8024538119965579
v -0.4292018500000000 -0.0183703600000000 -0.0663326200000000
vn 0.7023314796303697 -3.4264536700864268 -3.4706337423365348
v 0.4019154000000000 -0.1707030700000000 0.0380651800000000
vn -1.4141340422706916 -3.3830149070284796 -3.2659438899235740
v 0.3858287300000000 -0.1707020800000000 0.0399766300000000
vn -0.8097734686996224 -2.8641918892961766 -3.4278840407933160
v 0.3859566400000000 -0.1680907700000000 0.0208150400000000
vn -0.7428480814274652 2.9255239246213192 -3.0184370104560170
v 0.3859648500000000 -0.1546067900000000 0.0208777700000000
vn -0.1750363966330541 2.9420659115341121 -3.1057780175106622
v 0.3951357600000000 -0.1546062500000000 0.0195607900000000
vn -1.6019928238852117 -2.8753860937714726 -3.1458761694543167
v 0.3772617300000000 -0.1681003400000000 0.0240111800000000
vn -1.3767932520232722 2.9460422778233744 -2.7902297705928736
v 0.3772699500000000 -0.1546163600000000 0.0240739100000000
vn -2.4666863254631974 -2.7894723670250414 -2.4635657013949350
v 0.3652048400000000 -0.1681391700000000 0.0324091700000000
vn -1.9038609569656422 2.9532191048430967 -2.4651005988126498
v 0.3694281100000000 -0.1546345500000000 0.0290084700000000
vn -2.6850723415118134 -3.1623863825208942 -2.3772241622738464
v 0.3769560100000000 -0.1707219900000000 0.0472155600000000
vn -2.4344396784240097 2.9380559966933704 -1.9428393505783628
v 0.3627829600000000 -0.1546605400000000 0.0354650500000000
vn -3.3206357067723111 -3.2432030116732165 -1.3479246437244803
v 0.3728639000000000 -0.1707549800000000 0.0536926100000000
vn -3.1041171703534012 -2.8550583036384851 -1.6448343482824621
v 0.3576168200000000 -0.1681771700000000 0.0430980800000000
vn -2.7500595131539738 2.9194465156080693 -1.4619410368937875
v 0.3576250300000000 -0.1546932000000000 0.0431608100000000
vn -3.4391000953009674 -2.7972759683162307 -0.5473229280256227
v 0.3527987200000000 -0.1682460900000000 0.0569856700000000
vn -2.9980533730311034 2.9465236624976821 -0.8716568783507435
v 0.3541828700000000 -0.1547311100000000 0.0517615400000000
vn -3.5709578623306424 -3.2666543160271475 0.0848019850936436
v 0.3708379100000000 -0.1708032600000000 0.0643032400000000
vn -3.1189458991950509 2.9310959586344976 -0.1374506084161000
v 0.3526033200000000 -0.1547718500000000 0.0608908800000000
vn -3.4631112520266862 -2.8656708102594330 0.4961637445200505
v 0.3529440600000000 -0.1682998700000000 0.0700852500000000
vn -3.0925655871898279 2.9108048979735357 0.4376321509319853
v 0.3529522700000000 -0.1548159000000000 0.0701479800000000
vn -3.2300171334938406 -3.3083915849570129 1.5166628960052746
v 0.3733013000000000 -0.1708536800000000 0.0748282100000000
vn -3.0896815178887769 -2.8084882975092231 1.5702067433869442
v 0.3572104900000000 -0.1683750800000000 0.0841547100000000
vn -2.9448347170685802 2.9377069634543638 1.0603447449223800
v 0.3552239000000000 -0.1548590700000000 0.0791307800000000
vn -2.6117721790796695 2.9209764159398945 1.7259498561281423
v 0.3593094700000000 -0.1549002300000000 0.0874451700000000
vn -2.5130225636221173 -2.8749098389221683 2.4294665135003592
v 0.3650289900000000 -0.1684215900000000 0.0946672800000000
vn -2.2516458679950775 2.9025122008563611 2.1746058843730101
v 0.3650372000000000 -0.1549376100000000 0.0947300100000000
vn -1.5627702418103933 -2.8159454193387798 3.0889791637035442
v 0.3767511300000000 -0.1684771600000000 0.1035452000000000
vn -1.7671300827979555 2.9298009297727612 2.5918126375916479
v 0.3721536100000000 -0.1549695500000000 0.1006631200000000
vn -1.9870265409204217 -3.4391907517378644 2.9125689394401544
v 0.3816838000000000 -0.1709099700000000 0.0851713800000000
vn -1.1060054001692121 2.9141253574527912 2.9349567343801439
v 0.3803445300000000 -0.1549946600000000 0.1049888600000000
vn -0.0138779666170971 -3.4571457475388891 3.5198416837218325
v 0.3971553500000000 -0.1709416400000000 0.0899791900000000
vn -0.5993685514022224 -2.8811484102835299 3.4341176091100154
v 0.3892488500000000 -0.1684958100000000 0.1074514600000000
vn -0.5506872386480206 2.8974237821985018 3.0863950055489058
v 0.3892602100000000 -0.1550118300000000 0.1075140700000000
vn 0.5585780872017084 -2.8189250065600167 3.4142764753085499
v 0.4039464000000000 -0.1685132600000000 0.1077429200000000
vn 0.0865456759073864 2.9260499436907108 3.1390828918578100
v 0.3985046700000000 -0.1550203300000000 0.1081305500000000
vn 0.8227974115487862 2.9128252648161843 3.0281604993868099
v 0.4076745300000000 -0.1550197900000000 0.1068136100000000
vn 1.8108081603367436 -3.3035937432201345 3.0552360885343308
v 0.4102621300000000 -0.1709281300000000 0.0859988000000000
vn 1.4998201970805463 -2.8965965373407419 3.1589717776191337
v 0.4163612600000000 -0.1684941900000000 0.1035557900000000
vn 1.3603380574280397 2.8975324420785658 2.8245845187619398
v 0.4163694700000000 -0.1550102200000000 0.1036185200000000
vn 2.1761691406214245 -2.9210328102626200 2.7502836788399589
v 0.4242042400000000 -0.1684760200000000 0.0986233000000000
vn 1.9327707119509083 2.9192764311557502 2.4698239621628790
v 0.4242124500000000 -0.1549920500000000 0.0986860300000000
vn 2.9314407916485936 -3.3161634365119532 2.0100036551979201
v 0.4181384500000000 -0.1708985000000000 0.0786064500000000
vn 2.7244341627779725 -2.9039049491920110 2.1966712691565076
v 0.4308483300000000 -0.1684500300000000 0.0921667600000000
vn 2.4014708668299223 2.9214090709312854 2.0144892992945906
v 0.4308565400000000 -0.1549660600000000 0.0922294900000000
vn 3.2493408192135513 -2.8094537754054945 1.2242335941936069
v 0.4384537900000000 -0.1684032900000000 0.0795806500000000
vn 2.7504241755035479 2.9320702088958197 1.5028228232620300
v 0.4360143900000000 -0.1549333900000000 0.0845316200000000
vn 3.4952330292947744 -3.2999522956938074 0.6651724796971520
v 0.4223302400000000 -0.1708546600000000 0.0686429700000000
vn 3.0233856847552487 2.9215195388166206 0.8096845649653398
v 0.4394608400000000 -0.1548986400000000 0.0759328200000000
vn 3.4992072340691047 -2.8840253935596034 0.2620877346573480
v 0.4410321700000000 -0.1683379500000000 0.0667408100000000
vn 3.1156387055125387 2.9084029733813472 0.2419879539125514
v 0.4410403800000000 -0.1548571300000000 0.0668035300000000
vn 3.4474562650538414 -3.3330899966558274 -0.8992341589464566
v 0.4221077600000000 -0.1708043400000000 0.0578455300000000
vn 3.4827508870631765 -2.9068921196912014 -0.5100971116873607
v 0.4406799500000000 -0.1682946600000000 0.0574806300000000
vn 3.0945619659772561 2.9324028180997903 -0.4306836299619836
v 0.4406881600000000 -0.1548138400000000 0.0575433400000000
vn 3.2695020799920078 -2.8882999867821071 -1.2765605885376645
v 0.4384114700000000 -0.1682514900000000 0.0484977100000000
vn 2.9349627565316099 2.9352776302350496 -1.0636424719703033
v 0.4384196800000000 -0.1547706700000000 0.0485604200000000
vn 2.5706399713636587 -3.4288995572948995 -2.4366229639579915
v 0.4160546100000000 -0.1707486100000000 0.0459810000000000
vn 2.6961091758545983 -2.7936868095042477 -2.2036110691898272
v 0.4313183500000000 -0.1681944600000000 0.0356260100000000
vn 2.6662020938780433 2.9465894452018642 -1.6212606158943701
v 0.4343342400000000 -0.1547263600000000 0.0402492100000000
vn 2.2021389611872166 2.9362228037646951 -2.2044699619202319
v 0.4286097000000000 -0.1546889900000000 0.0329653000000000
vn 1.9807507313923127 -2.8691292155187798 -2.9037709321929088
v 0.4214850400000000 -0.1681410300000000 0.0269684100000000
vn 1.7567279538514629 2.9222096430084510 -2.5686386915892170
v 0.4214932500000000 -0.1546570500000000 0.0270311400000000
vn 1.2613780099485650 -2.8783090442776338 -3.2835071553219763
v 0.4132910100000000 -0.1681159200000000 0.0226438400000000
vn 1.1638667138277565 2.9452654918258636 -2.8866633939663000
v 0.4132992200000000 -0.1546319400000000 0.0227065600000000
vn 0.1639653953789244 -2.7864124656490517 -3.4818388872875268
v 0.3989938200000000 -0.1680986800000000 0.0193003400000000
vn 0.5691569840561561 2.9538865498262665 -3.0608517973092408
v 0.4043865300000000 -0.1546147500000000 0.0201770300000000
vn -0.1693942492045090 2.8980513949915694 -3.4872503094941285
v 0.3953521100000000 0.1678596400000000 0.0210601500000000
vn -0.7097410091207164 -2.9126528628467421 -3.0496343671997215
v 0.3861698300000000 0.1543740700000000 0.0223145200000000
vn -0.1413676265221110 -2.8969437779885161 -3.1324675901716552
v 0.3953407200000000 0.1543746100000000 0.0209975500000000
vn -1.1447819843474001 2.8179469025366606 -3.2684393979838071
v 0.3824321900000000 0.1678654700000000 0.0232709800000000
vn -1.4131136284528603 -2.9266246282801855 -2.8060898352914285
v 0.3774749200000000 0.1543687000000000 0.0255106800000000
vn -2.1534542769822478 2.8795227797688798 -2.7467779503537697
v 0.3696412900000000 0.1678345000000000 0.0305079700000000
vn -1.9485031140900468 -2.8987854414372718 -2.4558703633706367
v 0.3696330800000000 0.1543505200000000 0.0304452400000000
vn -2.5071465739426690 3.3995275834995522 -2.4924017090177299
v 0.3785271200000000 0.1702674100000000 0.0468619900000000
vn -2.3644198300190360 -2.9164396424626493 -2.0590970734502623
v 0.3629879300000000 0.1543245300000000 0.0369018200000000
vn -2.8547880496198967 2.8133095766280118 -1.9712377690227627
v 0.3604935000000000 0.1678036000000000 0.0398870200000000
vn -2.7830243469163807 -2.9313956313883054 -1.4428126737316247
v 0.3578300100000000 0.1542918700000000 0.0445975800000000
vn -3.3672245248920909 2.8976326898908948 -0.9972193554070875
v 0.3543960600000000 0.1677379300000000 0.0532610400000000
vn -3.0082374114229689 -2.9265100180079751 -0.8654680873885963
v 0.3543878500000000 0.1542539600000000 0.0531983100000000
vn -3.5102117532380550 2.9108347736900111 -0.2160376034117695
v 0.3528165100000000 0.1676964300000000 0.0623903300000000
vn -3.4339364990466579 3.4061286058961340 -0.8699917843854839
v 0.3716512900000000 0.1702227900000000 0.0588423700000000
vn -3.1194036394354567 -2.9282927817231141 -0.2222304038686594
v 0.3528051500000000 0.1542124500000000 0.0623277300000000
vn -3.4818865379730273 2.9077443190847063 0.5099500115348584
v 0.3531686200000000 0.1676531500000000 0.0716473600000000
vn -3.0945426487185426 -2.9315657386655731 0.4310144439759672
v 0.3531572500000000 0.1541691700000000 0.0715847500000000
vn -3.2956923519074532 2.9041221796138776 1.2324811533763851
v 0.3554370900000000 0.1676099800000000 0.0806302800000000
vn -3.4319181628812676 3.3040243920372014 0.9622011210550472
v 0.3719639300000000 0.1701576500000000 0.0721642300000000
vn -2.9346263697716508 -2.9357537922695069 1.0642797703699056
v 0.3554288800000000 0.1541260000000000 0.0805675500000000
vn -2.9445072583709564 2.8742507024679704 1.9115944497662647
v 0.3595226500000000 0.1675688100000000 0.0889446700000000
vn -2.5320408007774176 3.3619911230890867 2.5147078390395969
v 0.3786995200000000 0.1701013100000000 0.0840820000000000
vn -2.6337507247882193 -2.9174321675404156 1.6661129691410248
v 0.3595144400000000 0.1540848300000000 0.0888819400000000
vn -2.2828342073489756 -2.9350332263400487 2.1215146860469689
v 0.3652390200000000 0.1540474600000000 0.0961669000000000
vn -2.2697582792435691 2.7916383802009435 2.6472446075739606
v 0.3678937300000000 0.1675243000000000 0.0990232000000000
vn -1.7139366960120650 -2.9511858388191534 2.6024951349473247
v 0.3723543800000000 0.1540155200000000 0.1021000500000000
vn -1.3005606940959948 2.8515078246272605 3.2570768440174271
v 0.3805577100000000 0.1674743900000000 0.1064883600000000
vn -1.2717286360528670 3.2002851287793579 3.3624643048239933
v 0.3874257100000000 0.1700595900000000 0.0893550900000000
vn -1.1441186868382123 -2.9238862339750340 2.8927988220967498
v 0.3805495000000000 0.1539904100000000 0.1064256400000000
vn -0.5919007587631872 -2.9410196257781935 3.0540549082025157
v 0.3894620300000000 0.1539690300000000 0.1089509400000000
vn -0.2960491989451433 2.7868159350093511 3.4732979490536176
v 0.3932593000000000 0.1674553400000000 0.1097202500000000
vn 0.1512119052817022 -2.9552679256732497 3.1090851077333097
v 0.3987096400000000 0.1539605300000000 0.1095673000000000
vn 0.8147955686427482 2.8749010590575717 3.4319606457243754
v 0.4078877200000000 0.1674461000000000 0.1083131000000000
vn 0.1909437910722677 3.3571696362146337 3.5731831441621056
v 0.3986736900000000 0.1700506800000000 0.0915159100000000
vn 0.7633050592234892 -2.9466058318218988 3.0155701743420598
v 0.4078795100000000 0.1539610700000000 0.1082503700000000
vn 1.5560078436953588 2.8922794283340694 3.1649259901393849
v 0.4165826600000000 0.1674556700000000 0.1051180100000000
vn 1.6310501991059538 3.1794819726805366 3.2017230790706646
v 0.4084426600000000 0.1700505000000000 0.0885588000000000
vn 1.3762652776560056 -2.9461896390167213 2.7904166335453735
v 0.4165744500000000 0.1539706400000000 0.1050552700000000
vn 2.1977724487145220 2.8671175487014149 2.7445281292444670
v 0.4244256300000000 0.1674738400000000 0.1001855100000000
vn 2.7877482761298773 3.3661808665027659 2.2320957832152377
v 0.4175705500000000 0.1700855000000000 0.0816430700000000
vn 1.9437418766821479 -2.9235518024877485 2.4284346710897804
v 0.4244174200000000 0.1539888100000000 0.1001227800000000
vn 2.3595019486513644 -2.9384078231295834 2.0312047451182740
v 0.4310615200000000 0.1540116400000000 0.0936662200000000
vn 2.8747947386376889 2.7764531000698263 1.9623691843190532
v 0.4335751900000000 0.1675144300000000 0.0908035300000000
vn 2.7872313514264189 -2.9095010762802183 1.3922150809594460
v 0.4362193600000000 0.1540443100000000 0.0859683600000000
vn 3.4435662593477763 3.2409349685309454 0.9765394804854965
v 0.4219110600000000 0.1701174400000000 0.0724068500000000
vn 2.9876163360219352 -2.9331182246454541 0.8939422306102002
v 0.4396658100000000 0.1540822200000000 0.0773695700000000
vn 3.3970774720235726 2.7872556054595918 0.7054513013674236
v 0.4407708200000000 0.1675898300000000 0.0737512300000000
vn 3.1197011956081928 -2.9433794183766602 0.1606616756025435
v 0.4412453600000000 0.1541237200000000 0.0682402800000000
vn 3.4912382646897262 2.8900403274960293 -0.4329269526080945
v 0.4409045000000000 0.1676509900000000 0.0590427000000000
vn 3.0906898388434936 -2.9327658903382554 -0.4579442728538669
v 0.4408931300000000 0.1541670200000000 0.0589801000000000
vn 3.3080680558801672 2.9090511770417136 -1.2049785990948487
v 0.4386360200000000 0.1676941600000000 0.0500597800000000
vn 3.5182748931130492 3.3737369530977230 -0.5494059304618220
v 0.4228778200000000 0.1701785000000000 0.0609815600000000
vn 2.9305818778577315 -2.9293123541518766 -1.0912896034633244
v 0.4386246600000000 0.1542101900000000 0.0499971800000000
vn 2.9739247542634892 2.9148596621077374 -1.8622163939104375
v 0.4345474300000000 0.1677353200000000 0.0417486800000000
vn 3.0012336376170783 3.2020359192995587 -1.9395415822096522
v 0.4189196700000000 0.1702160900000000 0.0515916100000000
vn 2.6426086179201858 -2.9262103871113192 -1.6770044574701464
v 0.4345392200000000 0.1542513400000000 0.0416859500000000
vn 2.4898566607257706 2.8910607063681639 -2.4560899809691037
v 0.4288228900000000 0.1677726900000000 0.0344647600000000
vn 2.2227348560800895 -2.9022352660087711 -2.2033317014908249
v 0.4288146800000000 0.1542887100000000 0.0344020400000000
vn 1.7859213144057866 -2.9165903888946088 -2.5790025026687635
v 0.4216982300000000 0.1543238100000000 0.0284678900000000
vn 1.6761361857908592 2.8152836597351887 -3.0355795849834646
v 0.4185376000000000 0.1678284600000000 0.0263460300000000
vn 1.8910797788259193 3.4131904137399829 -2.9952896126310828
v 0.4110814500000000 0.1702683200000000 0.0432292000000000
vn 1.1292697235418894 -2.9278437664362800 -2.9284576919287462
v 0.4135042000000000 0.1543489200000000 0.0241433200000000
vn 0.6466872681502176 2.9078696604989176 -3.4292002340918422
v 0.4045986700000000 0.1678511400000000 0.0216765500000000
vn 0.6382940216777379 3.3047463735176166 -3.5033589493528297
v 0.4014493100000000 0.1702811900000000 0.0398854200000000
vn 0.5314949341277845 -2.9176086348083325 -3.0920439512453859
v 0.4045904600000000 0.1543661100000000 0.0216138200000000
vn -0.9734353835088047 3.4179749732714559 -3.4036110838747429
v 0.3899928000000000 0.1702950200000000 0.0401136500000000
vn -0.5624300335476582 -2.7862528266837718 -3.4403823148601589
v -0.2772823800000000 -0.1677721400000000 0.0451932400000000
vn -0.8193990494939472 2.9417154858006351 -3.0008032917234129
v -0.2809942700000000 -0.1542850000000000 0.0462482100000000
vn -0.0829493237846407 2.9553086250885010 -3.1117516770055502
v -0.2718233400000000 -0.1542844600000000 0.0449312400000000
vn -1.8473058162360454 -3.3526198703558210 -3.0509251631000898
v -0.2835929900000000 -0.1703831900000000 0.0669129500000000
vn -1.5041401327392396 -2.8650181609215899 -3.1858809619334587
v -0.2896973800000000 -0.1677754000000000 0.0493816400000000
vn -1.3572571424671223 2.9251747035793434 -2.7972076243826871
v -0.2896891700000000 -0.1542945800000000 0.0494443600000000
vn -2.1803067050972755 -2.8929303089394409 -2.7775719777806800
v -0.2975392200000000 -0.1677935800000000 0.0543162000000000
vn -1.9304582108347232 2.9448241277516205 -2.4447806605141000
v -0.2975310100000000 -0.1543127600000000 0.0543789200000000
vn -3.0784572946417557 -3.4120714850592777 -1.7656201804575031
v -0.2930207200000000 -0.1704241500000000 0.0763423000000000
vn -2.7018541257911948 -2.8949086894002511 -2.2719168700601493
v -0.3041843700000000 -0.1678195700000000 0.0607727800000000
vn -2.3971473263622558 2.9430035902184821 -1.9871955917284829
v -0.3041761600000000 -0.1543355900000000 0.0608355100000000
vn -3.1378764084406567 -2.8811706989589609 -1.6073757223897709
v -0.3093422900000000 -0.1678522300000000 0.0684685400000000
vn -2.7610446242508329 2.9402561744737916 -1.4443611842027599
v -0.3093340800000000 -0.1543682500000000 0.0685312700000000
vn -3.4372989389871571 -2.7976222004323454 -0.5476640424120999
v -0.3141613700000000 -0.1679211100000000 0.0823594000000000
vn -2.9965438159935625 2.9467069466903624 -0.8715612996889552
v -0.3127762500000000 -0.1544061700000000 0.0771320000000000
vn -3.5498649835314255 -3.3474953075312217 0.0850211757204256
v -0.2961212100000000 -0.1704814500000000 0.0896736700000000
vn -3.1186643075914602 2.9298344354563568 -0.1372858404245121
v -0.3143589500000000 -0.1544476700000000 0.0862614200000000
vn -3.4839231327856388 -2.8803496116038279 0.4449496636227622
v -0.3140150500000000 -0.1679749300000000 0.0954557100000000
vn -3.0911539944504400 2.9109430307809956 0.4376453976362207
v -0.3140068400000000 -0.1544909500000000 0.0955184400000000
vn -3.0280410688435171 -3.4420144480881141 1.8065100058267880
v -0.2926687000000000 -0.1705463300000000 0.1025506900000000
vn -3.2805630376685055 -2.8948782534375495 1.2411051464972971
v -0.3117465800000000 -0.1680181000000000 0.1044386400000000
vn -2.9308048213664746 2.9297723866808139 1.0912637704711712
v -0.3117352100000000 -0.1545341200000000 0.1045012400000000
vn -2.6899019387158543 -2.8111265828671854 2.1862942108672239
v -0.3046466500000000 -0.1680895300000000 0.1173181200000000
vn -2.6627066800765542 2.9347108640335366 1.6491839618055990
v -0.3076496500000000 -0.1545752900000000 0.1128156300000000
vn -2.1976188820742473 2.9181773045887902 2.2315549717195031
v -0.3019250700000000 -0.1546126600000000 0.1201005900000000
vn -1.9504291728344361 -2.8781709181617514 2.8932782097723200
v -0.2948168700000000 -0.1681285800000000 0.1259709700000000
vn -1.7529978156706727 2.9005100125338124 2.5960980937633122
v -0.2948086600000000 -0.1546477600000000 0.1260336900000000
vn -0.8846056774963742 -2.8173212918888364 3.3463474342360979
v -0.2815180000000000 -0.1681725500000000 0.1322146600000000
vn -1.1922346255812051 2.9275801895843614 2.9031536386806942
v -0.2866145900000000 -0.1546728700000000 0.1303593100000000
vn -1.4349138917650768 -3.4256583794820075 3.2196673461310126
v -0.2804814100000000 -0.1706031100000000 0.1132269900000000
vn -0.4737436925876489 2.9131461376866392 3.1015129580395939
v -0.2777020600000000 -0.1546900400000000 0.1328846400000000
vn 0.4589269924304999 -3.3656387699630819 3.5068353212662959
v -0.2669091800000000 -0.1706166900000000 0.1149198600000000
vn 0.1315857702014846 -2.8822045996722352 3.4829743313195278
v -0.2684658200000000 -0.1681825200000000 0.1334383900000000
vn 0.0999492895757129 2.8968665961760318 3.1340893523733899
v -0.2684544500000000 -0.1546985400000000 0.1335010000000000
vn 1.2528317811786480 -2.8178298655995317 3.2307581663241351
v -0.2540361800000000 -0.1681855100000000 0.1306730400000000
vn 0.7341507836542287 2.9258161475898117 3.0531629932646212
v -0.2592845900000000 -0.1546980000000000 0.1321840600000000
vn 2.0735460113543658 -3.4241980623421995 2.8572790241090558
v -0.2544644300000000 -0.1706049400000000 0.1101416700000000
vn 1.4315453076343623 2.9136275437562502 2.7916073986357204
v -0.2505885900000000 -0.1546884300000000 0.1289889300000000
vn 2.1732171250854506 -2.8782978208508943 2.7404278368558628
v -0.2427548800000000 -0.1681542400000000 0.1239937400000000
vn 1.9151585369668620 2.8983980079247029 2.4805251278210676
v -0.2427466700000000 -0.1546702600000000 0.1240564700000000
vn 2.9189805013634249 -2.8129036704216435 1.8712524448656460
v -0.2327051600000000 -0.1681176000000000 0.1132696400000000
vn 2.3809916589648505 2.9296688296178583 2.0420985604669384
v -0.2361025700000000 -0.1546442700000000 0.1175999300000000
vn 3.1489135182179546 -3.2462807140784169 1.6596154633567621
v -0.2472845200000000 -0.1705593700000000 0.1012079000000000
vn 2.7912452393740654 2.9193262524165022 1.4209354103292802
v -0.2309436800000000 -0.1546116000000000 0.1099020300000000
vn 3.3731531716919299 -2.8719001392506738 0.9396510995122096
v -0.2275096400000000 -0.1680576700000000 0.1012406700000000
vn 2.9998218032636972 2.9045403949341604 0.8844942503345767
v -0.2274982800000000 -0.1545737000000000 0.1013032800000000
vn 3.5333756295869403 -3.4094567826149840 0.2245705917567180
v -0.2440473900000000 -0.1705246600000000 0.0915257300000000
vn 3.4654469008771214 -2.8036765157002179 -0.2112004723292027
v -0.2256799700000000 -0.1679981000000000 0.0866653500000000
vn 3.1188747397917851 2.9373235043618546 0.2562058709303910
v -0.2259187300000000 -0.1545321900000000 0.0921739900000000
vn 3.0856238622023930 2.9278401567078438 -0.4879410831009812
v -0.2262709600000000 -0.1544889000000000 0.0829138000000000
vn 3.0605194403246938 -3.4169301780935060 -1.7898729530962862
v -0.2476282200000000 -0.1704490800000000 0.0757388500000000
vn 3.2828406457301860 -2.8619378303841931 -1.2190712793296181
v -0.2285476400000000 -0.1679297000000000 0.0738681600000000
vn 2.9393405804328303 2.9142623508712679 -1.0438153943974102
v -0.2285394300000000 -0.1544457300000000 0.0739308800000000
vn 2.6867677446828484 -2.7942892604024081 -2.2114261446251269
v -0.2356359500000000 -0.1678725900000000 0.0610043500000000
vn 2.6662897082891281 2.9465540179127241 -1.6220501734660968
v -0.2326248700000000 -0.1544045700000000 0.0656196600000000
vn 2.2019997561467077 2.9356738957702064 -2.2045171127969456
v -0.2383494200000000 -0.1543672000000000 0.0583357400000000
vn 1.7283268073874001 -3.2930249672028853 -3.1290616967115326
v -0.2576168300000000 -0.1703965200000000 0.0663840400000000
vn 1.9948376638563341 -2.8683387986607567 -2.8998269522937310
v -0.2454740800000000 -0.1678192400000000 0.0523388500000000
vn 1.7568357080076953 2.9220404932251731 -2.5685004073504447
v -0.2454658700000000 -0.1543352600000000 0.0524015800000000
vn 1.3033216871785449 -2.8930350351410614 -3.2815676929356554
v -0.2536681100000000 -0.1677941300000000 0.0480142800000000
vn 1.1638556634351203 2.9452675909997965 -2.8866404570921240
v -0.2536598900000000 -0.1543101600000000 0.0480770100000000
vn -0.0728232183488103 -3.3905345922574730 -3.5625364455871971
v -0.2704938900000000 -0.1703756100000000 0.0629354300000000
vn 0.5512719407074124 -2.8755033809294495 -3.4795851482007434
v -0.2625808000000000 -0.1677769400000000 0.0454847500000000
vn 0.5350773810608844 2.9455280918347695 -3.0647573337002632
v -0.2625725900000000 -0.1542929600000000 0.0455474700000000
vn -0.4260988650991699 2.8189905636496215 -3.4328346986016443
v -0.2754701800000000 0.1681937800000000 0.0465269000000000
vn -0.8006301522885243 -2.9257413096727656 -3.0363457763009545
v -0.2807892900000000 0.1546990100000000 0.0476849800000000
vn -0.0630008016142303 -2.9130548880496758 -3.1374069598844865
v -0.2716184200000000 0.1546995500000000 0.0463680200000000
vn -1.5429013571778047 2.8812653718722738 -3.1260332054179489
v -0.2894759800000000 0.1681744700000000 0.0509438600000000
vn -1.3977423205716992 -2.8974386056571175 -2.8061333978099503
v -0.2894841900000000 0.1546894400000000 0.0508811200000000
vn -2.7178082456982060 3.3950056523254686 -2.2673877299335161
v -0.2904584000000000 0.1705869000000000 0.0744432100000000
vn -1.8871932320595879 -2.9147217446952687 -2.5049487238088122
v -0.2973260300000000 0.1546712600000000 0.0558156800000000
vn -2.3698696136903799 2.8159753260013454 -2.5237040729871230
v -0.3003789100000000 0.1681544000000000 0.0582207300000000
vn -2.4231829840895229 -2.9298904455548338 -1.9873994806882491
v -0.3039711800000000 0.1546452700000000 0.0622722600000000
vn -3.0827994384385446 2.9007307150417621 -1.6699413648288912
v -0.3091209000000000 0.1680976400000000 0.0700307600000000
vn -2.7655494719987934 -2.9233248621650123 -1.4718598315291862
v -0.3091291000000000 0.1546168200000000 0.0699680400000000
vn -3.3856219079191447 2.8874753753775622 -0.8950865967541921
v -0.3125630600000000 0.1680628800000000 0.0786315000000000
vn -3.4581051604940782 3.2235622048348254 -0.8986634945115286
v -0.2947971500000000 0.1705382700000000 0.0836771800000000
vn -3.0115594627490241 -2.9057283153274898 -0.8449131058794175
v -0.3125712700000000 0.1545789000000000 0.0785687700000000
vn -3.5158020554008362 3.3726509723913347 0.5767852804953770
v -0.2957639300000000 0.1704941700000000 0.0951007700000000
vn -3.1149643652635124 -2.9232264634933953 -0.2799146458034991
v -0.3141539700000000 0.1545374000000000 0.0876981900000000
vn -3.4699814976240333 2.8051260759962267 0.0779250656074100
v -0.3144502400000000 0.1680107600000000 0.0916000100000000
vn -3.0916925459366515 -2.9401413942829535 0.4647467640915371
v -0.3138018600000000 0.1544941200000000 0.0969552100000000
vn -3.3124784931229496 2.8888106686821118 1.1793381396154814
v -0.3115220200000000 0.1679349200000000 0.1060007400000000
vn -2.9345820708456896 -2.9346160957597531 1.0640181263527297
v -0.3115333900000000 0.1544509500000000 0.1059381400000000
vn -2.9407889781052194 2.8739774067364587 1.9236021007372890
v -0.3074364600000000 0.1678906000000000 0.1143151100000000
vn -2.9965568069537865 3.1885258813218385 1.9687288945996422
v -0.2918056500000000 0.1704396000000000 0.1044955700000000
vn -2.6347657707738947 -2.9177443984350324 1.6663763815184209
v -0.3074446700000000 0.1544097800000000 0.1142524000000000
vn -2.2828482011725075 -2.9350635395547968 2.1209376694005857
v -0.3017200900000000 0.1543681900000000 0.1215373400000000
vn -2.2738310760481695 2.7923924898626806 2.6363170846601758
v -0.2990658400000000 0.1678457500000000 0.1243932200000000
vn -1.7138575907249467 -2.9511769492986226 2.6023648518809299
v -0.2946047300000000 0.1543362600000000 0.1274704900000000
vn -1.2981352342474297 2.8510956628849824 3.2615466324174660
v -0.2864014000000000 0.1677961800000000 0.1318588100000000
vn -1.8338661385185779 3.3856114795288970 3.0491213100027883
v -0.2839675400000000 0.1704043500000000 0.1128540600000000
vn -1.1432016744336042 -2.9238864083679239 2.8923544553134235
v -0.2864096200000000 0.1543111500000000 0.1317960800000000
vn -0.5914641505379548 -2.9410127662975825 3.0545215804097490
v -0.2774970800000000 0.1542939700000000 0.1343214100000000
vn -0.2961008504611804 2.7868708506771331 3.4727625524383923
v -0.2736994600000000 0.1677809100000000 0.1350907400000000
vn 0.1418717243580559 3.3898122395587973 3.5568988819905138
v -0.2682839700000000 0.1703764700000000 0.1168864300000000
vn 0.1510990576832119 -2.9552767296927165 3.1090888275582413
v -0.2682526300000000 0.1542854700000000 0.1349378800000000
vn 0.8152979499610599 2.8748642984950754 3.4323315732647988
v -0.2590714000000000 0.1677678900000000 0.1336835500000000
vn 0.7628480155791671 -2.9466078812451997 3.0159861054203412
v -0.2590796100000000 0.1542860200000000 0.1336208300000000
vn 1.5932957532968055 2.8655330917302781 3.1394403387826895
v -0.2503754000000000 0.1677774600000000 0.1304884100000000
vn 1.5957143002512677 3.2188228010659419 3.2160716612078768
v -0.2585206700000000 0.1703722900000000 0.1139294000000000
vn 1.3930093194273103 -2.9251676395670287 2.7790090127963283
v -0.2503836200000000 0.1542924300000000 0.1304256800000000
vn 2.8164876676887873 3.3965672797254141 2.1762767384143160
v -0.2493878100000000 0.1704073100000000 0.1070143800000000
vn 1.8833590991932276 -2.9399508152072489 2.4777154363761160
v -0.2425416900000000 0.1543106000000000 0.1254932300000000
vn 2.3731008071574577 2.7892133012263316 2.5498244646685362
v -0.2394748200000000 0.1678118400000000 0.1232160500000000
vn 2.4211496525936846 -2.9511453813916617 1.9620724000624485
v -0.2358976000000000 0.1543365900000000 0.1190366800000000
vn 3.0990656957969431 2.8558536329432727 1.6503204100003839
v -0.2307315400000000 0.1678542900000000 0.1114015500000000
vn 2.7687373489246898 -2.9198007293508388 1.4255200722845545
v -0.2307397600000000 0.1543692600000000 0.1113388200000000
vn 2.9877464254403616 -2.9342268971801140 0.8939688391208025
v -0.2272964600000000 0.1544071600000000 0.1027401500000000
vn 3.4101589768004335 2.7973758111404914 0.6627443639499748
v -0.2261867300000000 0.1679159200000000 0.0991131400000000
vn 3.5157426764970516 3.3286047586531287 0.6230290155658124
v -0.2442497600000000 0.1704586500000000 0.0947024200000000
vn 3.1196365505369426 -2.9430107043980209 0.1608346724628289
v -0.2257137600000000 0.1544486700000000 0.0936107400000000
vn 3.4803654996674691 2.8923142048305115 -0.4283032342498685
v -0.2260577700000000 0.1679769900000000 0.0844132900000000
vn 3.0906396793653759 -2.9320354679401373 -0.4579257031839669
v -0.2260659800000000 0.1544919600000000 0.0843505600000000
vn 3.3040419064314799 2.9105821063617916 -1.2040250044307967
v -0.2283262500000000 0.1680201600000000 0.0754303700000000
vn 3.4582553388547450 3.2681066244366428 -0.8956565252725230
v -0.2448497200000000 0.1705090400000000 0.0839196900000000
vn 2.9306262152746716 -2.9288263871360036 -1.0910907418471587
v -0.2283344600000000 0.1545351300000000 0.0753676400000000
vn 2.9832566931973634 2.9141214003495759 -1.8566185644713551
v -0.2324116900000000 0.1680613100000000 0.0671191400000000
vn 2.6424428846740260 -2.9261170011635849 -1.6772148817831802
v -0.2324199000000000 0.1545762800000000 0.0670564100000000
vn 2.4834742862015347 2.8900864367536889 -2.4699894739501795
v -0.2381362300000000 0.1680986800000000 0.0598352300000000
vn 2.7096676945943785 3.3296939298639945 -2.3030582873191392
v -0.2498904800000000 0.1705540100000000 0.0740161800000000
vn 2.2225493875130420 -2.9030366728866115 -2.2036855892487948
v -0.2381476000000000 0.1546136600000000 0.0597726200000000
vn 1.1687185137820841 3.4365493216244971 -3.3247574610661976
v -0.2607776300000000 0.1706050400000000 0.0661671000000000
vn 1.7846999456630552 -2.9171496105528552 -2.5758017002183173
v -0.2452640500000000 0.1546456000000000 0.0538384600000000
vn 1.6822492419751662 2.8157178589348555 -3.0262040008724806
v -0.2484213000000000 0.1681495400000000 0.0517167900000000
vn 1.1286988509126463 -2.9277784278208445 -2.9267926325470350
v -0.2534549200000000 0.1546707000000000 0.0495137600000000
vn 0.5983564519633428 2.8807501236942343 -3.4343346696484525
v -0.2623594000000000 0.1681729300000000 0.0470469600000000
vn 0.5112394345884805 -2.8966070079072161 -3.0982268497534484
v -0.2623676100000000 0.1546910500000000 0.0469842400000000
vn -0.9243871403537582 3.4578277990584723 -3.3891052691471861
v -0.2769664900000000 0.1706208000000000 0.0654841100000000
vn -3.6467356001578852 -0.0407182498903922 -3.1188286834111967
v -0.4232827500000000 -0.0066366200000000 -0.0368137400000000
vn -3.3240329186435944 0.7942752561268278 -3.0052293594253676
v -0.4231288400000000 0.0026587100000000 -0.0544472100000000
vn -3.3245937319876391 -0.0334873681610111 -3.0902076332466120
v -0.4232647200000000 -0.0065499300000000 -0.0554500800000000
vn 2.4969882099920726 0.6638610025872440 -3.4177760912332467
v -0.4097668700000000 0.0026589800000000 -0.0562533400000000
vn 2.4663545860538387 -0.0062762884032162 -3.4852247567303269
v -0.4099038100000000 -0.0065496700000000 -0.0572561700000000
vn -3.1746955798930063 1.8075472949616929 -2.5628781700986063
v -0.4224337900000000 0.0163806400000000 -0.0492416700000000
vn 2.5302863888070242 1.2536146761528810 -3.2315363817091431
v -0.4093786300000000 0.0114597600000000 -0.0533751900000000
vn -3.7905865210654945 1.4350290605678926 -2.7736727711339162
v -0.4230638000000000 0.0034139600000000 -0.0351295600000000
vn 2.5673534986900415 1.8949931821183967 -2.8544824867823126
v -0.4087546100000000 0.0194616800000000 -0.0487483300000000
vn -3.1727095977089959 2.5853297613764283 -1.9681350637720600
v -0.4212802500000000 0.0263180000000000 -0.0407643400000000
vn 2.6043918276777935 2.3164728497365226 -2.4648829580324234
v -0.4079182800000000 0.0263182700000000 -0.0425704800000000
vn -3.6402095788090620 2.8431635599677421 -1.6514101927810401
v -0.4219050200000000 0.0142462100000000 -0.0266587400000000
vn -3.1143938866949608 3.0604586087396357 -1.3381082551374051
v -0.4202707200000000 0.0317263300000000 -0.0333125000000000
vn 2.6982594604842811 2.7134497259266821 -1.9293408551978581
v -0.4069098100000000 0.0317265900000000 -0.0351185900000000
vn -3.0026647597353819 3.3581212611062066 -0.6273201963763128
v -0.4191361500000000 0.0354563300000000 -0.0249082700000000
vn 2.7780035999448507 2.9753607191634588 -1.3357525397646324
v -0.4057710200000000 0.0354565900000000 -0.0267145200000000
vn -3.4341577418274465 3.5174534727735809 0.0734146203550371
v -0.4202604900000000 0.0192491500000000 -0.0144205700000000
vn -2.7663663614473455 3.4722685591968743 0.4580826562978586
v -0.4171954900000000 0.0377668400000000 -0.0105271600000000
vn 2.8675027044731132 3.1077346197218869 -0.7372708275458564
v -0.4045571100000000 0.0373394600000000 -0.0177267300000000
vn 2.9543018223637207 3.0990172929396014 0.0020979963015246
v -0.4033134200000000 0.0372959800000000 -0.0085436500000000
vn -2.7142427777312075 3.3480016246838682 1.4259722122944567
v -0.4154636500000000 0.0353278100000000 0.0022365600000000
vn 3.0135892322894064 2.9706832086923232 0.5599007603956960
v -0.4020986500000000 0.0353280900000000 0.0004271600000000
vn -2.6206244284716687 3.0100216155544826 2.1906271122236780
v -0.4143305100000000 0.0315215600000000 0.0106056100000000
vn 3.1168636452545062 2.6986729610483184 1.1676085077049470
v -0.4009686600000000 0.0315218400000000 0.0087963300000000
vn -3.1484227652009578 3.1415306669640146 2.0805213034008969
v -0.4181290200000000 0.0161988400000000 0.0013366400000000
vn -2.4237946024241905 2.2679852550881248 2.9861853641851139
v -0.4128025700000000 0.0222771700000000 0.0219362000000000
vn 3.1922096556086341 2.3368182543336040 1.6645526341160477
v -0.3999667000000000 0.0260400200000000 0.0162007100000000
vn -2.7933269925830215 2.1387646445182664 3.2654420747059438
v -0.4170007300000000 0.0083417200000000 0.0096032700000000
vn 3.2455710944937270 1.7767320764757952 2.1536184473179696
v -0.3991378200000000 0.0191252500000000 0.0223112900000000
vn -2.4252105423679446 1.4583970739815575 3.5563397565994759
v -0.4118864700000000 0.0110796000000000 0.0286728300000000
vn 3.2679315457251890 1.2760095444934691 2.4341271001067089
v -0.3985246300000000 0.0110798800000000 0.0268635500000000
vn -2.7614990222177527 1.1396247145513847 3.7956863025632099
v -0.4165233600000000 0.0015954500000000 0.0131853900000000
vn -2.4192901080315359 0.7114969351447155 3.8048124157182470
v -0.4115079200000000 0.0022561600000000 0.0314689500000000
vn 3.3151017984039730 0.6356829688519834 2.6375960058421519
v -0.3981427900000000 0.0022564200000000 0.0296627000000000
vn -2.7080841605157615 -0.0539099862695081 3.9756789375325154
v -0.4163498700000000 -0.0068760400000000 0.0144239600000000
vn -2.4097750103375963 -0.0145339835613608 3.8754967046974653
v -0.4113832500000000 -0.0069626300000000 0.0323861000000000
vn 3.3242319126507271 -0.0147574547009347 2.7037067467698197
v -0.3980212800000000 -0.0069623600000000 0.0305799700000000
vn -2.9416292096430912 -1.4517513216640463 3.6600509003447601
v -0.4165854000000000 -0.0169322200000000 0.0127415800000000
vn -2.4069571633971969 -0.7942947078641479 3.7798760805622784
v -0.4115191400000000 -0.0161712700000000 0.0313832300000000
vn 3.3146513964091264 -0.6631384398555977 2.6318993278001042
v -0.3981540100000000 -0.0161710100000000 0.0295769800000000
vn -2.3800533786670348 -1.8074757685348610 3.3145674354210120
v -0.4122281900000000 -0.0298862900000000 0.0261838500000000
vn 3.2974714539927112 -1.2536865579327101 2.4439437211066144
v -0.3985433000000000 -0.0249718000000000 0.0266988700000000
vn 3.2339673674178160 -1.8945167251267163 2.0694210365428454
v -0.3991694300000000 -0.0329705600000000 0.0220721000000000
vn -2.5270954536595664 -2.6105277245804901 2.6929604028426124
v -0.4133676000000000 -0.0398295300000000 0.0177035300000000
vn 3.1648758878419621 -2.3168253412419642 1.6843419624531970
v -0.4000066900000000 -0.0398292600000000 0.0158974300000000
vn -2.5979701293973689 -3.2058006368539944 1.6994321261052621
v -0.4150269400000000 -0.0478469600000000 0.0054907000000000
vn 3.1264413149059362 -2.6978696322681266 1.1717531196183577
v -0.4010152800000000 -0.0452375700000000 0.0084423900000000
vn -3.1258069578169478 -3.0039004671346632 2.3145133027638134
v -0.4180064000000000 -0.0291893500000000 0.0022377900000000
vn 3.0211060914582517 -2.9915583360062095 0.4961076152948805
v -0.4021498600000000 -0.0489686200000000 0.0000381600000000
vn -3.3483442505412309 -3.5497637229502077 0.4813583022357775
v -0.4197871900000000 -0.0329047700000000 -0.0110107500000000
vn -2.8009116883193421 -3.4883586544592542 0.7858072769220044
v -0.4167289000000000 -0.0508517600000000 -0.0071433800000000
vn 2.9300620310415346 -3.1047523672581483 -0.0610390835016160
v -0.4033669700000000 -0.0508514900000000 -0.0089505600000000
vn -2.9322581810489066 -3.4995928141448207 0.0054097969802088
v -0.4179724700000000 -0.0508114500000000 -0.0163233200000000
vn 2.8598944112637041 -3.1068396201160158 -0.7308155468316793
v -0.4046105000000000 -0.0508111900000000 -0.0181294500000000
vn -3.0191644585308861 -3.3197179326599828 -0.7478899177590693
v -0.4191840400000000 -0.0488435700000000 -0.0252932000000000
vn 2.7741497283053871 -2.9645976434725680 -1.3625871974976631
v -0.4058222300000000 -0.0488432800000000 -0.0271035300000000
vn -3.0597112192195346 -2.7602796488280754 -1.7129675943337945
v -0.4209491500000000 -0.0421820600000000 -0.0382782600000000
vn 2.7069334952693445 -2.7190656736262970 -1.9277636683652388
v -0.4069564300000000 -0.0450338700000000 -0.0354725300000000
vn -3.6214191689053870 -3.0758135460377884 -1.2746896925372053
v -0.4215187000000000 -0.0297145900000000 -0.0237227600000000
vn 2.6130147993943753 -2.2731036720351767 -2.5170335849991190
v -0.4079583900000000 -0.0395552100000000 -0.0428769200000000
vn -3.7945268865203143 -1.5751616775461277 -2.6924217365171983
v -0.4230044300000000 -0.0178971900000000 -0.0347015800000000
vn -3.2201628710243448 -2.0439782325022962 -2.4296130802322264
v -0.4221481800000000 -0.0326407100000000 -0.0471814200000000
vn 2.5473938675794794 -1.8401860999405881 -2.8898561479701428
v -0.4087850300000000 -0.0326404800000000 -0.0489873500000000
vn -3.2239345099052512 -0.9939070443724306 -2.9222704779216544
v -0.4230485800000000 -0.0195544800000000 -0.0538015300000000
vn 2.5318232025095142 -1.2897900486939102 -3.2165745879029348
v -0.4094005900000000 -0.0245950600000000 -0.0535429200000000
vn 2.4892638715642446 -0.5778082666093088 -3.4325085177595831
v -0.4097780900000000 -0.0157716200000000 -0.0563390800000000
vn -2.0963225860358881 -1.7295003938118754 -5.2188912485665258
v 0.3875692700000000 -0.1989161100000000 0.0400404600000000
vn -5.7217083768770181 -0.4404716159863278 2.1902934818449595
v 0.3719581000000000 -0.1883783600000000 0.0728874200000000
vn -2.5191083591460397 -1.8366378485147841 4.9585369469519103
v 0.3854321000000000 -0.1991319400000000 0.0862875100000000
vn 4.0860162780643812 -0.8800005446026997 4.5330498777263406
v 0.4148519500000000 -0.1959879100000000 0.0820120300000000
vn 6.0035996261844993 -1.0421555352926282 -0.3717531049022049
v 0.4225196700000000 -0.1958991200000000 0.0625204400000000
vn 4.8955168832412577 -2.1996458155615959 -2.2003525091253548
v 0.4196738200000000 -0.1999331500000000 0.0533983400000000
vn 4.3115888571213654 -1.7994331608296441 -3.6172229182083382
v 0.4163867700000000 -0.1989694700000000 0.0475734000000000
vn 0.3763174772484190 -1.7275895230612628 -5.5792615981837290
v 0.3981815100000000 -0.1990631100000000 0.0382774700000000
vn -4.1665895265587656 0.8621778647345286 -4.3948950796654342
v 0.3792267400000000 0.1953411600000000 0.0468922600000000
vn -4.7645334235980972 2.1015024868059555 2.6232503991997262
v 0.3749740600000000 0.1992943200000000 0.0773496400000000
vn -3.0373453048603283 2.7656740904796600 3.2675184950195271
v 0.3804322700000000 0.2007142600000000 0.0840863200000000
vn -1.6266128845572727 1.9944841915754141 5.1363595157979862
v 0.3884885400000000 0.1993045100000000 0.0892215800000000
vn 5.1872731553110629 2.1475947182485817 1.5828485556483809
v 0.4207590100000000 0.2004094900000000 0.0727274900000000
vn 5.9903998300119827 0.9808740465786179 -0.2025344136413521
v 0.4227938000000000 0.1952106500000000 0.0646347400000000
vn 5.4357849760567376 0.8373091136967170 -2.6365006492805936
v 0.4202340100000000 0.1952774900000000 0.0542584400000000
vn 2.1921135772429934 0.9701937783734728 -5.5007070869389940
v 0.4069187500000000 0.1956130900000000 0.0414763900000000
vn -3.6356560116110574 -2.1062028069355581 -3.9400532782393065
v -0.2879626300000000 -0.1991195100000000 0.0711284100000000
vn -5.9676649393837096 -0.8998364983121825 -0.9653514512455235
v -0.2955647200000000 -0.1955204900000000 0.0847802700000000
vn -5.4554251981122626 -1.8346699622062781 1.2686458345296086
v -0.2946364100000000 -0.1989678100000000 0.0954069500000000
vn -5.1104910276672362 -0.9534410110047000 3.3215116574922092
v -0.2918611800000000 -0.1954484900000000 0.1026764700000000
vn -3.8468549045901206 -0.9967747401161136 4.6279863510903212
v -0.2865415500000000 -0.1956418700000000 0.1089006600000000
vn -1.3705270777220144 -1.7126748069749054 5.4715342454619771
v -0.2765705200000000 -0.1988233900000000 0.1135248300000000
vn 4.9596649930083219 -1.0183062420818856 3.3583641351338178
v -0.2486795900000000 -0.1956436000000000 0.1032218500000000
vn 5.0022886957424895 -2.2670473312587607 1.6981534606333011
v -0.2464009700000000 -0.1998200700000000 0.0968490600000000
vn 5.3206936033818639 -1.8074743050044249 -1.7493319017198976
v -0.2457846600000000 -0.1992099400000000 0.0825296900000000
vn 4.1962526718327950 -0.9502191006652811 -4.1345957524370220
v -0.2517203800000000 -0.1957491200000000 0.0707738900000000
vn 1.5101044278197555 -1.4908310685175423 -5.5220448786631131
v -0.2637556000000000 -0.1986022700000000 0.0644962000000000
vn -0.7349697663499370 0.9652026770927726 -5.9486363443561840
v -0.2734077100000000 0.1956848500000000 0.0653327600000000
vn -3.4753298276217075 2.1968773038494160 -4.1411963906416691
v -0.2861948100000000 0.1998616500000000 0.0718645000000000
vn -4.9866429273466624 0.9119426403239672 -3.4287467264723230
v -0.2912141900000000 0.1956429100000000 0.0763837400000000
vn -5.9994256364970351 0.8305174791725620 0.3254817129225114
v -0.2956421400000000 0.1955813600000000 0.0916635600000000
vn -2.4275111625560521 1.1849799430333829 5.3618019691790213
v -0.2797673800000000 0.1957090200000000 0.1148453300000000
vn 4.0140921110912311 1.0209506085764688 4.4688816354292040
v -0.2520736000000000 0.1954614200000000 0.1094212000000000
vn 5.8634716433927974 0.8694683842885989 1.7018909621955434
v -0.2452405800000000 0.1953516700000000 0.0978336700000000
vn 5.0868908262729349 0.9894763347023949 -3.0189670329987965
v -0.2478168600000000 0.1958696300000000 0.0772310000000000
vn -1.6692925069292057 0.7228000725580718 -5.8006558742276573
v -0.4480906300000000 -0.0037951600000000 -0.0331817400000000
vn -1.5743750336301925 3.0320446847720306 -5.0361389444600002
v -0.4476343100000000 0.0063464600000000 -0.0298002900000000
vn -1.2923615164267794 5.5705597334347248 -2.1633232206948625
v -0.4460361500000000 0.0168774800000000 -0.0179621900000000
vn -0.4457658824934568 4.8867774198454814 3.6487136679381278
v -0.4426052300000000 0.0139088600000000 0.0073902400000000
vn -0.1664419864638760 0.5600823231999659 6.0685258067264751
v -0.4412246800000000 -0.0043402700000000 0.0175748700000000
vn -0.6297357596214318 -4.5942109426732980 3.8243562889611336
v -0.4426250200000000 -0.0262680800000000 0.0091550000000000
vn -0.7545794175988838 -5.8771763681322744 1.4308535504667035
v -0.4439869600000000 -0.0320018800000000 -0.0027962100000000
vn -0.9304785977130078 -6.0749085883801888 -0.6111073724495546
v -0.4448777100000000 -0.0322389800000000 -0.0106262500000000
vn -1.4341997751827844 -4.7607016374110218 -3.5586816974879123
v -0.4467252200000000 -0.0274273200000000 -0.0230504300000000
vn -1.6594225757524248 -3.0356604997301733 -5.0127481406486361
v -0.4476667600000000 -0.0193977500000000 -0.0300654300000000
vn -2.7754953854625550 -1.4251531472211374 -4.9129207775191359
v -0.4522415900000000 -0.0126743700000000 -0.0313893100000000
vn 0.2088155561555619 -5.6466700032068999 1.7460073102210112
v 0.3946065800000000 -0.2022897700000000 0.0513377900000000
vn -0.7360266654843149 -3.5107628126405137 -4.0981247216310086
v 0.3929531700000000 -0.2017986000000000 0.0397148200000000
vn -2.0442193638301109 -0.0807240595031308 -5.7766464851424058
v 0.3875698800000000 -0.1826259700000000 0.0386807000000000
vn -0.3290569371575210 0.0240924545405629 -6.1563682471976522
v 0.3958404100000000 -0.1825586300000000 0.0371909900000000
vn 0.2480631539514041 -6.0930507452693936 0.9087560659417735
v 0.3935969900000000 -0.2034196200000000 0.0492585900000000
vn -1.7460919288376879 -4.5278413592524309 -2.2018189303164633
v 0.3824161500000000 -0.2033090600000000 0.0460412400000000
vn -3.5259896805742885 -1.8372365208892592 -4.4168432999937943
v 0.3810742500000000 -0.1994172500000000 0.0440729000000000
vn -3.8376491054098247 -0.0753676550228000 -4.8389787417803936
v 0.3804337200000000 -0.1825985200000000 0.0428249100000000
vn 1.8991943592600571 -5.2978111357674544 0.8426219748452516
v 0.3846495500000000 -0.2023151600000000 0.0592660700000000
vn -2.5813085059160246 -4.6362367643155498 -0.9925340631238481
v 0.3757795500000000 -0.2033618700000000 0.0557064600000000
vn -4.5656825234614598 -1.9982844800931163 -2.9071924410160976
v 0.3756581200000000 -0.1994637700000000 0.0498600400000000
vn -5.1232035260282416 -0.1177185677076499 -3.3334641009078192
v 0.3746187900000000 -0.1826592400000000 0.0488872900000000
vn 1.0635885344463927 -6.0308055861785252 0.2460256384334150
v 0.3827594200000000 -0.2034592700000000 0.0591967200000000
vn -5.3225435729954107 -2.0085360208413987 -0.8834728099654170
v 0.3718840900000000 -0.1995150000000000 0.0596458500000000
vn -6.0081208099119259 -0.1184322827015284 -1.1343398051105571
v 0.3705077400000000 -0.1827220900000000 0.0591889900000000
vn -5.3685251348543215 -1.9848944121930217 1.1895166204043783
v 0.3722852500000000 -0.1999812000000000 0.0688984200000000
vn -6.1236310355277528 -0.0237324523820887 0.8494152441026128
v 0.3705260600000000 -0.1827111600000000 0.0674474200000000
vn -2.7182415478308757 -4.6769129907360565 0.3348620358316085
v 0.3744347300000000 -0.2033844300000000 0.0674895300000000
vn -2.5976594287024040 -4.0485861254916324 1.6523645947742729
v 0.3774017300000000 -0.2032297800000000 0.0766807600000000
vn -4.7627752691156156 -0.0504480034645104 3.8455979427717750
v 0.3758353300000000 -0.1827728900000000 0.0802219200000000
vn -3.9066199807389115 -1.9922713158145999 3.7019058612743994
v 0.3781793600000000 -0.1998198000000000 0.0807914200000000
vn 0.7728223055504926 -6.0928368968421198 -0.5158096964142946
v 0.3859461400000000 -0.2035279900000000 0.0735600800000000
vn -2.7488581668489207 -0.0683295642582442 5.4271764918154606
v 0.3843730700000000 -0.1828601700000000 0.0873276900000000
vn 1.2265182400518648 -5.0599227632266777 -2.0632123511741582
v 0.3888956100000000 -0.2023905400000000 0.0738372900000000
vn -0.9893540898438259 -4.5436044426279665 2.5949559985762907
v 0.3892966600000000 -0.2035097900000000 0.0850167300000000
vn -0.6306185701154809 -2.2059200300758239 5.3391782058569941
v 0.3942353300000000 -0.2000889000000000 0.0885696100000000
vn -0.4937858160738707 -0.0848736838993284 6.0683384178496764
v 0.3950488900000000 -0.1828633900000000 0.0903420200000000
vn 0.1117293215133183 -6.0984321679052087 -1.0095901441351913
v 0.3955923700000000 -0.2035569100000000 0.0777590800000000
vn 0.5201407343749997 -4.6560374690890916 2.7185541648696510
v 0.4004822200000000 -0.2034346700000000 0.0859073200000000
vn 0.9953179234951224 -1.8223191399737617 5.5520457144363409
v 0.4008992500000000 -0.1991474200000000 0.0886443600000000
vn 2.0394478755010823 -0.0747680195123640 5.7714299501794430
v 0.4060323900000000 -0.1828682300000000 0.0887523600000000
vn -0.6476110768506793 -5.9791425288620434 -1.0768894922146268
v 0.4027897300000000 -0.2035554900000000 0.0766177300000000
vn 2.4739367699152122 -2.1323910115631599 4.8831240126123925
v 0.4080973400000000 -0.1996232900000000 0.0860475400000000
vn -0.7852826412549387 -5.5538886339405220 -1.7704488810684462
v 0.4014730900000000 -0.2024049100000000 0.0751964000000000
vn 4.3296588468994877 -2.1104892050161994 3.1610953359513196
v 0.4172061900000000 -0.2003867800000000 0.0784675600000000
vn 3.8174562819578117 -0.0602269642982777 4.8634377162432463
v 0.4131729600000000 -0.1827891400000000 0.0846101200000000
vn 1.6965151597290782 -4.5307073275594236 2.2426837539655646
v 0.4113195800000000 -0.2034700400000000 0.0810445100000000
vn 5.1309345565236590 -0.0433819239157717 3.3505486381039433
v 0.4189821600000000 -0.1828147800000000 0.0785529300000000
vn -2.0231403921233313 -5.3926248264742469 0.0335221305998304
v 0.4095724800000000 -0.2023587000000000 0.0653661500000000
vn 2.7681327305856520 -4.2885550185227252 1.1735297250838377
v 0.4177966600000000 -0.2032413900000000 0.0738780700000000
vn 5.3287495251015953 -2.1014770461033665 1.0748710926413669
v 0.4213235800000000 -0.2000084300000000 0.0687941100000000
vn 5.8985113821647115 -0.0879039504270802 1.8546297764981927
v 0.4223280300000000 -0.1827281900000000 0.0709981600000000
vn 3.0356241896992175 -3.9629265208207398 -0.5057611239911881
v 0.4197298900000000 -0.2032296700000000 0.0595637000000000
vn 6.1894551758210037 -0.0323450421425868 0.3261975220999941
v 0.4232843000000000 -0.1826983500000000 0.0655303100000000
vn 5.9179653358637960 0.0180704890373394 -1.5770687223955919
v 0.4226711200000000 -0.1827011200000000 0.0571652700000000
vn -0.8620901335797412 -6.0823963912042389 -0.2617350457739021
v 0.4114644200000000 -0.2035076600000000 0.0666157600000000
vn 5.2814558735402626 0.0469525350189767 -3.1807038019010054
v 0.4192911100000000 -0.1826449200000000 0.0496210600000000
vn 1.9369288646893958 -4.4988745366505061 -2.0594891056875513
v 0.4123328900000000 -0.2033473900000000 0.0471148800000000
vn 3.7792067141885521 0.0113247842771633 -4.8047525422420145
v 0.4138768700000000 -0.1826482500000000 0.0432101700000000
vn -1.0643268784957696 -5.5108733372131820 1.6130901375261690
v 0.4044623500000000 -0.2023070900000000 0.0537798900000000
vn -0.7614221175805754 -6.0558259660675411 0.7367287188357301
v 0.4063716600000000 -0.2034455800000000 0.0527477700000000
vn 2.4732225114204396 -2.0335060165968990 -4.7812063002363434
v 0.4084758300000000 -0.1994883500000000 0.0411897600000000
vn 0.6674585558276018 -4.6197810946547335 -2.7027302549141496
v 0.4022042000000000 -0.2033043000000000 0.0417668500000000
vn 1.8240252563932613 -0.0085416393065446 -5.8393862652592841
v 0.4040627600000000 -0.1826250700000000 0.0380395800000000
vn 0.4639725584141682 3.3561057072652933 -4.3806892954648413
v 0.4006873400000000 0.2016525200000000 0.0418145000000000
vn -0.6204779624163006 1.9479144312081869 -5.4627135743505164
v 0.3937759900000000 0.1990216700000000 0.0404774800000000
vn 0.4350687388257734 0.0571115151698695 -6.0796594309394152
v 0.3988352600000000 0.1822085500000000 0.0387883400000000
vn -1.0187025544157366 4.5221588143824754 -3.0193864570711688
v 0.3894014100000000 0.2022876900000000 0.0436862300000000
vn -2.4822934396392125 1.8609695233266095 -5.0953432939492647
v 0.3862268400000000 0.1989903000000000 0.0428518800000000
vn -2.1011699254185396 0.1172150289151814 -5.7368127533125612
v 0.3878451900000000 0.1822150600000000 0.0403648600000000
vn 0.9044186936226830 5.9902983600520008 0.8735450818047494
v 0.3858557600000000 0.2028971700000000 0.0565959900000000
vn 1.6199071091036705 5.4953232595663035 1.1564500841471654
v 0.3869222500000000 0.2017418500000000 0.0582218200000000
vn -3.2148238960967661 3.0974153026133391 -3.5955028181830753
v 0.3804615400000000 0.2011416900000000 0.0477007600000000
vn -3.6659973360717339 0.0886661028399520 -4.9897586663548292
v 0.3806057600000000 0.1821673000000000 0.0445762100000000
vn -2.1391907650634785 4.8489063820222968 -1.4701434571247600
v 0.3796394300000000 0.2028824300000000 0.0512018900000000
vn -4.8790906729167380 0.0765727733939157 -3.8251789095397140
v 0.3766306100000000 0.1821307000000000 0.0484494100000000
vn -4.8530628034858925 2.1260479436784170 -2.5258594433829562
v 0.3749835400000000 0.1989515800000000 0.0535446100000000
vn -2.7844462029860337 4.5261344726601953 -0.2444640705499363
v 0.3745296100000000 0.2027989500000000 0.0630023700000000
vn -5.6853191647588517 0.0807473775944956 -2.2578203100360739
v 0.3722815800000000 0.1821677700000000 0.0554722500000000
vn 0.9727090691438276 6.1115253703706109 0.0508008348264015
v 0.3826009900000000 0.2028532800000000 0.0664561000000000
vn -5.3941220469904616 1.9744485262889078 -0.9940898026848962
v 0.3722536700000000 0.1989428500000000 0.0608856900000000
vn 2.6434703414046323 4.0809543132967372 -1.3080422664221913
v 0.3852865300000000 0.2016809300000000 0.0707732000000000
vn -5.4107133136150658 1.9327284090180843 1.1066422135670766
v 0.3723662000000000 0.1983784900000000 0.0711853700000000
vn -6.1017578783083728 0.0641082148392348 0.2302083782772174
v 0.3703782400000000 0.1820952500000000 0.0664087600000000
vn -5.4976064719003679 0.0608834376626453 2.6688298269152519
v 0.3730905400000000 0.1820498200000000 0.0771686900000000
vn -2.4611589699685408 4.8345101180582555 0.9305300365598330
v 0.3764180100000000 0.2027757400000000 0.0739451400000000
vn -4.4541872406130674 0.1669092823179410 4.2786158376970169
v 0.3780403500000000 0.1819657300000000 0.0839406000000000
vn 0.5394701001313467 6.1352405802390031 -0.6853288848963136
v 0.3880901000000000 0.2027991800000000 0.0768907400000000
vn -0.9646473710611720 4.8257184019851893 2.4941182878588073
v 0.3880796500000000 0.2026190400000000 0.0863998100000000
vn -2.7741788789502810 0.0612888616474458 5.4546538377759246
v 0.3845798600000000 0.1819920800000000 0.0890076800000000
vn -0.2224052770264759 6.0674526023936330 -1.0323372135723681
v 0.3979437800000000 0.2027781400000000 0.0797971500000000
vn 0.3505634214190626 5.3681691824174047 -2.1036507040085159
v 0.3958134500000000 0.2016455000000000 0.0779226400000000
vn -0.4502150930314942 0.0750866186979160 6.0869020173802468
v 0.3952571000000000 0.1819548900000000 0.0920362500000000
vn -0.0312972475413137 4.7795690838296903 2.6868165017561370
v 0.3972572200000000 0.2026877800000000 0.0877338700000000
vn 0.6447491071956970 1.9773030274260250 5.3905075495385910
v 0.4003284800000000 0.1987851000000000 0.0905036800000000
vn 2.0455760461997237 0.0534011155411111 5.7743557102551906
v 0.4062392700000000 0.1819724500000000 0.0904615500000000
vn 2.8784090637815067 1.8110240262343131 4.7921590663435705
v 0.4101014600000000 0.1982703300000000 0.0872132800000000
vn -1.9308667509168465 5.2665710429429211 -0.8182811187578251
v 0.4084767400000000 0.2016622900000000 0.0720798900000000
vn 1.2093253457516793 4.4417384885107474 2.6255175283082721
v 0.4064320900000000 0.2026028500000000 0.0862289700000000
vn 3.8124526195343247 0.0299570523629477 4.8684190362253528
v 0.4134858700000000 0.1819341000000000 0.0862506400000000
vn 4.1693200944144406 1.9373001294714620 3.4895563850793594
v 0.4169123100000000 0.1990361200000000 0.0811835500000000
vn -0.8506605154167325 6.0330901166741118 -0.5668686428113802
v 0.4097470900000000 0.2027943400000000 0.0734666800000000
vn 2.4765273064676210 4.3752358483420650 1.6088495830978915
v 0.4172548900000000 0.2025318300000000 0.0771526000000000
vn 5.1411615528312860 0.0770135838464972 3.3406822407428383
v 0.4192024100000000 0.1820210800000000 0.0802790300000000
vn 5.9213370669363190 0.0544695107789854 1.7114101058553970
v 0.4225923900000000 0.1820048100000000 0.0726065200000000
vn 3.0444305931156630 4.0156098914387437 0.1363795299028700
v 0.4202941800000000 0.2026308200000000 0.0679659300000000
vn 6.1133546465785775 0.0778166006191324 -0.2788029197758197
v 0.4237092700000000 0.1820818500000000 0.0644193100000000
vn 5.5180791853344751 0.1111935404541395 -2.6408633567057356
v 0.4210032900000000 0.1821235800000000 0.0536641100000000
vn 4.2499506444843984 3.0679504399702786 -1.3876669794545817
v 0.4202598300000000 0.2011212500000000 0.0575856900000000
vn -0.8905655221820697 6.0902168984915930 0.4039526997441011
v 0.4098852100000000 0.2028681700000000 0.0587664700000000
vn 3.9002140247443418 2.0475014662258131 -3.8468919185929944
v 0.4152415000000000 0.1989511000000000 0.0481973800000000
vn 4.4330615289085342 0.1369603357955189 -4.2932344426522260
v 0.4160511500000000 0.1821318600000000 0.0468874700000000
vn -1.5785539177490808 5.1520901325116917 1.7121740044422096
v 0.4071198100000000 0.2017307400000000 0.0581185500000000
vn 2.0997487640686798 4.7190016115429820 -1.6999671955479876
v 0.4149899300000000 0.2028176500000000 0.0519988600000000
vn 0.2096112948364458 5.6210860939398675 1.7940069145338633
v 0.3970222100000000 0.2017595200000000 0.0528347200000000
vn 2.7581778593909045 2.8050773254089969 -4.2671854977182306
v 0.4087890900000000 0.2002499500000000 0.0438051000000000
vn 2.7632966851173695 0.0574536051829529 -5.4530849729644117
v 0.4095198100000000 0.1821849900000000 0.0418243300000000
vn -0.0502643628389364 6.0999761434639419 0.9735081101589109
v 0.3976112700000000 0.2029078200000000 0.0505440500000000
vn 1.0420825266078708 4.7375051119374625 -2.4374345665632742
v 0.4050304500000000 0.2028995400000000 0.0442108900000000
vn -1.0038649779988200 -4.6325960454868005 -2.5472868727810369
v -0.2774627100000000 -0.2030300100000000 0.0677186500000000
vn -0.5110766462136430 -2.1132626176323686 -5.4128839336753343
v -0.2728385900000000 -0.1995359500000000 0.0640840900000000
vn -0.8995496713932188 -0.0438234118102533 -6.0287855312431047
v -0.2739560700000000 -0.1822790500000000 0.0626747100000000
vn -2.2242247720571307 -1.8147946956697363 -5.1381329918566587
v -0.2793923900000000 -0.1985986800000000 0.0654127700000000
vn -3.2687838174591968 0.0261650221307333 -5.1324827304620531
v -0.2843702500000000 -0.1823013600000000 0.0665036600000000
vn 1.9973215523544596 -3.0634693013703220 2.3458192895923520
v -0.2794903000000000 -0.2019738400000000 0.0800790100000000
vn 0.1140202560785201 -6.1719211406571866 0.7309963624298219
v -0.2718603500000000 -0.2030927700000000 0.0741093400000000
vn -2.4057965385015390 -4.3866349367500534 -1.5436821102392302
v -0.2898133500000000 -0.2030203700000000 0.0770644000000000
vn -4.9916268443379082 -0.0333239777043583 -3.5270249536380565
v -0.2923337800000000 -0.1823371100000000 0.0742453900000000
vn -5.1324152283157547 -1.7479283092975868 -2.5713638245876158
v -0.2924860200000000 -0.1991256600000000 0.0775290100000000
vn 0.8618334774048104 -6.1310841999176038 0.2354893810511596
v -0.2834694700000000 -0.2031336900000000 0.0832365900000000
vn -5.9473944164076267 0.0034760575009302 -1.6838277077004109
v -0.2956782300000000 -0.1823400100000000 0.0818076900000000
vn -3.8814778818536078 -3.4600358212186513 -0.3211886693258655
v -0.2942514900000000 -0.2017406200000000 0.0863690900000000
vn -6.1005081866699973 0.0094262272803866 0.3730927553519696
v -0.2968190600000000 -0.1824143200000000 0.0901160900000000
vn 2.2133508605358361 -5.2298483118984240 -0.4649281770456308
v -0.2819007500000000 -0.2020396100000000 0.0937856800000000
vn -1.6280906633329497 -5.4773200787197194 1.2155838108835471
v -0.2885267000000000 -0.2032220100000000 0.1014260800000000
vn 0.8662733791620807 -6.0805984938103226 -0.6217943903052118
v -0.2828420400000000 -0.2031935800000000 0.0964632600000000
vn -5.5624060225261314 -0.0302190504291374 2.5485736151930336
v -0.2940959200000000 -0.1824462500000000 0.1008727000000000
vn -3.7912439288339548 -3.3464907565536701 1.9655654654187455
v -0.2914236800000000 -0.2019559100000000 0.1005035200000000
vn -2.3445589157492779 -3.1761597778451640 3.5537331827622252
v -0.2835315200000000 -0.2015521200000000 0.1095155700000000
vn -4.3997355330381938 0.0461692588702899 4.3355018849152165
v -0.2892251200000000 -0.1824258600000000 0.1075486400000000
vn -2.9015652346964353 -0.0757370706117994 5.4124025407219731
v -0.2825862700000000 -0.1825333600000000 0.1126982700000000
vn 0.1504741036862148 -5.9945975255706054 -1.2228005728383904
v -0.2729584300000000 -0.2032332400000000 0.1030313200000000
vn -0.9875572035435740 -0.0908278409761942 6.0920554662444832
v -0.2747284300000000 -0.1824976300000000 0.1152309200000000
vn 0.9037301999349481 -2.6263045669389791 4.5839008213086654
v -0.2661158800000000 -0.2005665200000000 0.1136652700000000
vn 0.9878448190589570 -0.1158228473818325 6.0078565202998711
v -0.2663520700000000 -0.1825282300000000 0.1154977000000000
vn -0.3364021496486629 -4.5834763419141407 2.7309867840190138
v -0.2730474300000000 -0.2031959600000000 0.1114770700000000
vn 2.2708669377925057 -3.8773632983318178 2.0436899073800472
v -0.2528873400000000 -0.2030479000000000 0.1047324900000000
vn 3.1011733068546734 -0.1258994272304397 5.2537289836579468
v -0.2559283700000000 -0.1825266200000000 0.1116622900000000
vn 2.8200126173884565 -2.0219071088600686 4.5850291770435510
v -0.2564788800000000 -0.1993257800000000 0.1102009400000000
vn 4.6874233396306115 -0.0716218716047936 4.0532112830494826
v -0.2498018100000000 -0.1824694100000000 0.1061189100000000
vn -1.0538525342159073 -5.5990603538271619 -1.4646833667821266
v -0.2619914400000000 -0.2020745000000000 0.0986750200000000
vn 5.5446459467577736 -0.0516501027020767 2.7437043561797045
v -0.2467033200000000 -0.1824494500000000 0.1015149100000000
vn -0.6205506222150712 -6.1102788043757359 -0.6186396522326418
v -0.2600561300000000 -0.2032205300000000 0.1000371200000000
vn 6.0236746025588328 -0.1328827929342475 1.1099877674794798
v -0.2438613300000000 -0.1824632300000000 0.0936216400000000
vn 2.3447106121015633 -5.1411867831164999 0.3978959045062148
v -0.2476831500000000 -0.2031584600000000 0.0905936900000000
vn -2.5806905216017801 -4.7216266954752690 -0.1182435884024530
v -0.2577842600000000 -0.2020117500000000 0.0853836000000000
vn 6.0978813322562404 0.0001370522271515 -0.9145039970110160
v -0.2438762800000000 -0.1823520300000000 0.0853572800000000
vn 4.5929944149104447 -2.8356658306414166 -0.2251028828386988
v -0.2454693500000000 -0.2014744400000000 0.0880241400000000
vn 5.4846469200401247 -0.0551980209342994 -2.7147578296542516
v -0.2462141800000000 -0.1823678300000000 0.0773058000000000
vn 2.4624537708614715 -3.8353372315059380 -1.8213854943124999
v -0.2519021800000000 -0.2029754300000000 0.0743110100000000
vn 2.3038106527058715 -2.9470006066269576 -3.9019317386219443
v -0.2567976400000000 -0.2013749100000000 0.0684813000000000
vn 3.8518930072062489 -0.0429934150283004 -4.7261895425333167
v -0.2530823100000000 -0.1823280200000000 0.0685805900000000
vn -1.4041547837484671 -3.3995067917565578 2.7397326037712371
v -0.2671596500000000 -0.2019719300000000 0.0768840100000000
vn -0.7990469936332717 -6.1124457676809234 0.3932577340273232
v -0.2565377300000000 -0.2031424300000000 0.0827863900000000
vn 1.6850487826565641 -0.1041620727820190 -5.8505388786724470
v -0.2628964900000000 -0.1823027300000000 0.0634099700000000
vn 0.4846041296149353 -4.3211998354277341 -3.2467637744206583
v -0.2666933200000000 -0.2024253200000000 0.0659492100000000
vn 0.0389867521022429 6.1351613233484397 0.8569048031258565
v -0.2708000000000000 0.2032376100000000 0.0765927600000000
vn -0.3124592193811149 3.7681801127282482 -3.0758827675101834
v -0.2725222500000000 0.2030150400000000 0.0674531500000000
vn -0.7753721754598324 0.0619024531804548 -6.0351239817551638
v -0.2736809600000000 0.1825440400000000 0.0643660700000000
vn 1.2407536833962560 4.8619656941526870 2.2788248093912689
v -0.2773774100000000 0.2020776300000000 0.0806437900000000
vn -2.3436478352320407 2.0977773080242557 -4.9639777636837827
v -0.2807352800000000 0.1993161700000000 0.0682241000000000
vn -1.5221943230597792 4.9483876905575563 -2.0106598006938912
v -0.2843079100000000 0.2032101800000000 0.0738550200000000
vn -3.2064092289643731 0.0708659327832881 -5.1953817880812148
v -0.2840984000000000 0.1825466900000000 0.0681818100000000
vn 0.7889978360917356 6.1137130459855182 0.5428281201502160
v -0.2814653400000000 0.2032169200000000 0.0817855700000000
vn -4.7090534273286266 0.1546714488681309 -4.0078631321376905
v -0.2903281500000000 0.1824766200000000 0.0738184100000000
vn -3.7684552807666289 3.5065492660621924 -2.2701069676187799
v -0.2904837700000000 0.2019277500000000 0.0785625200000000
vn -2.5200617313125928 4.9245360657063735 -0.6590053713737816
v -0.2912440400000000 0.2031008300000000 0.0841923100000000
vn -5.4187080609092675 1.9118933416102779 -1.5187485105351626
v -0.2939799100000000 0.1992469400000000 0.0837681400000000
vn -5.7341544696203837 0.0775615877968225 -2.1519886194851581
v -0.2946789000000000 0.1824885500000000 0.0808468800000000
vn -4.0363435657987923 3.4447993294006554 0.3157563132300755
v -0.2940069800000000 0.2018655600000000 0.0922231800000000
vn -6.0876880454397462 0.1332852921959543 0.2147515208751795
v -0.2965802700000000 0.1824056300000000 0.0917787000000000
vn 2.2381255123674983 5.2573047261623458 0.1963775978904644
v -0.2823824800000000 0.2020347500000000 0.0909332100000000
vn 0.9921058135065424 6.0767054697411336 -0.3171547462815255
v -0.2840170600000000 0.2031681200000000 0.0932594200000000
vn -5.5164713166315966 0.1484317765093272 2.6192219237421317
v -0.2938689300000000 0.1823676500000000 0.1025375300000000
vn -4.8684174541230973 1.9404218805870013 2.3990563372206477
v -0.2920691600000000 0.1997935800000000 0.1028435400000000
vn -4.4376012317615903 0.1064870280373516 4.2879621469501625
v -0.2889170100000000 0.1822863400000000 0.1093126400000000
vn -2.1923133156855417 4.6282270967936281 1.5909818516226815
v -0.2888295400000000 0.2031147200000000 0.1037720300000000
vn -3.3627130291560570 2.2951292749495726 3.9418915429741750
v -0.2873007100000000 0.1998356100000000 0.1089165400000000
vn -2.8667851946383709 0.0312046534591498 5.4260817817541742
v -0.2823843000000000 0.1823289000000000 0.1143756600000000
vn 0.4203948161798936 6.0582136753102773 -0.9021279630297082
v -0.2751452500000000 0.2030946100000000 0.1052326900000000
vn -0.6023514769747758 2.1863586957436745 5.2070780895015147
v -0.2732351300000000 0.1997039900000000 0.1158956300000000
vn -1.0785904565837205 -0.0900043699696754 6.0813741901033271
v -0.2744008100000000 0.1822543400000000 0.1169421700000000
vn 0.3685600952262681 5.1687883230361962 -2.0737889052881018
v -0.2740438200000000 0.2019505200000000 0.1036695100000000
vn -0.7127558052349996 4.5982305211003132 2.6610680805910856
v -0.2744216600000000 0.2029591000000000 0.1131086500000000
vn 1.4689050616261194 2.5071657683845854 4.6202901717436751
v -0.2617567800000000 0.2003315900000000 0.1144962900000000
vn 0.9324095931338223 0.0672776727820940 6.0618743781754656
v -0.2661481700000000 0.1822859700000000 0.1171991300000000
vn -0.3918461732388014 6.1886168570353393 -0.5109082196489527
v -0.2595145000000000 0.2031156100000000 0.1009813100000000
vn 1.8295516814406692 3.9319638379646911 2.4572838998652262
v -0.2562976600000000 0.2028749500000000 0.1097468600000000
vn 2.6361732670237279 0.0416191330633816 5.5922314303394662
v -0.2581670400000000 0.1822573700000000 0.1145826800000000
vn 3.8570462087876685 0.0165863959811552 4.8509321044841496
v -0.2534726700000000 0.1822543000000000 0.1116205400000000
vn 4.5448277864248912 2.1841820419869302 2.9322816237581391
v -0.2485927000000000 0.1995735800000000 0.1040614200000000
vn 5.1809722387569197 -0.0002066641001110 3.2597607375599047
v -0.2477609300000000 0.1823282000000000 0.1056544100000000
vn -2.8763033727510763 3.3752558055094024 -1.0194915192324796
v -0.2573814300000000 0.2019860800000000 0.0949323100000000
vn 3.9274850142135764 3.5675477159456932 1.4074029573716242
v -0.2472104700000000 0.2018050800000000 0.0986346700000000
vn -0.8344051166093133 6.1497844956221854 0.2249554655429031
v -0.2554393800000000 0.2031619600000000 0.0899425300000000
vn 2.6455187515325269 4.7889376414838267 0.0909360418563218
v -0.2474357600000000 0.2031164200000000 0.0920085000000000
vn 5.9976915314755166 -0.0125568482159545 1.1601562373080170
v -0.2436251400000000 0.1823906600000000 0.0953543300000000
vn 5.5316843099467246 1.8752752111217625 -0.2422802451786394
v -0.2446863900000000 0.1992185000000000 0.0902150800000000
vn 6.1082060225240955 0.1052579582504350 -0.8837531138981282
v -0.2436489600000000 0.1823822400000000 0.0869660300000000
vn 3.9067732756439151 3.4077451286163609 -1.3624312046963722
v -0.2471877600000000 0.2015988500000000 0.0828247800000000
vn 5.5417626626059340 0.0732939958354258 -2.6530836480448592
v -0.2459569000000000 0.1824501400000000 0.0790320600000000
vn 3.0886690498353522 3.5678593468258493 -2.3505197606970691
v -0.2511939200000000 0.2019190600000000 0.0756173900000000
vn 4.4573238202631291 0.0943934711853667 -4.3090487771314416
v -0.2509084200000000 0.1824513200000000 0.0722574100000000
vn 1.3868945768176171 4.7079330051143273 -2.2893405961713231
v -0.2574344300000000 0.2032158600000000 0.0720982000000000
vn 3.1749343276513673 1.8355355234832142 -4.6823600737251816
v -0.2557162100000000 0.1992835400000000 0.0701562400000000
vn 3.3851129319420425 0.0926374624220462 -5.1796952773930380
v -0.2551759500000000 0.1824441200000000 0.0687088500000000
vn -0.8622384597142653 6.0218369204564102 0.8277850893031008
v -0.2609202100000000 0.2032163300000000 0.0795062100000000
vn 1.4578880821385143 2.1137048512712311 -5.1365363182073986
v -0.2627258900000000 0.1993330200000000 0.0666763500000000
vn 1.5125829910262671 0.1093740718531187 -5.9151477737529614
v -0.2626211200000000 0.1825303400000000 0.0651161400000000
vn -5.1001403459990255 1.0267254604275260 2.4722935797630132
v -0.4525934500000000 -0.0127523000000000 -0.0182864900000000
vn -5.9342509399884857 0.2458381494509964 -0.9104028268789589
v -0.4550465700000000 -0.0040235800000000 -0.0278393200000000
vn -3.8804006034557190 1.1384712329873605 -3.8230736272493999
v -0.4537754800000000 -0.0013560000000000 -0.0302917800000000
vn -0.9244108069937916 0.7238138136893377 -6.0027984391549207
v -0.4351957400000000 -0.0038230500000000 -0.0358770900000000
vn -5.2453100311972243 -1.1831267757973694 2.2749385065129082
v -0.4524849800000000 -0.0001166800000000 -0.0174386800000000
vn -5.8637758623901748 -0.4468459297193625 1.8013863655681348
v -0.4539036800000000 0.0001996900000000 -0.0194081600000000
vn -5.0830683610777241 1.8494447082775043 -1.1492429332039709
v -0.4543071500000000 0.0086853300000000 -0.0229659600000000
vn -3.7118288473018790 2.1719242873378133 -3.4806713490001457
v -0.4532865400000000 0.0055283400000000 -0.0278441400000000
vn -0.7743276308872050 3.0511596278289446 -5.2446822079304427
v -0.4347413000000000 0.0067091500000000 -0.0324189000000000
vn -2.6001106146396769 4.2581085772162810 -2.9828928984724747
v -0.4507710700000000 0.0130561600000000 -0.0224980100000000
vn -0.6646380784966707 4.5161682254786992 -4.1875752591467776
v -0.4339644800000000 0.0130202700000000 -0.0271426000000000
vn -0.4242173422305716 5.4412202064537913 -2.9346423911614710
v -0.4333668000000000 0.0162683100000000 -0.0226819700000000
vn -5.0887421319719390 -2.3523711530018319 0.2787497404194703
v -0.4509924300000000 0.0061332700000000 -0.0064388700000000
vn -5.9867938126338549 -0.9567045826256284 1.0575631331945852
v -0.4524518900000000 0.0078313700000000 -0.0086858500000000
vn -0.2278656466662707 6.0044681102202899 -1.2617245910919237
v -0.4323436900000000 0.0193734600000000 -0.0149535200000000
vn -2.0207057503270280 5.5050728943237619 0.2524734150007432
v -0.4488148400000000 0.0182987900000000 -0.0080625400000000
vn -3.8045527712451772 3.0156190986637958 -0.2209885381666957
v -0.4526373700000000 0.0164128400000000 -0.0118423400000000
vn 0.1194608580859494 6.1283504126600690 0.7091104075543667
v -0.4311879700000000 0.0196310000000000 -0.0067764800000000
vn -4.7063029496402260 2.5336624174278146 1.3807758840944293
v -0.4511407600000000 0.0142630000000000 0.0005188400000000
vn -1.7000975682877701 5.3903345654369446 1.5885647423843188
v -0.4469890000000000 0.0178903200000000 -0.0015752400000000
vn 0.2857474820646675 5.6293137773334605 2.4423290103249657
v -0.4301441900000000 0.0175612100000000 0.0012848600000000
vn -3.1260562798267171 3.6154822962511077 2.8121990251638005
v -0.4491297300000000 0.0132765600000000 0.0060750800000000
vn -6.1244049742709930 -0.8290943868819386 0.2557605792689391
v -0.4511036400000000 0.0048293500000000 0.0013057600000000
vn -4.5857823299799305 1.3895921535687021 2.8208461561544680
v -0.4496427300000000 0.0055711800000000 0.0115747500000000
vn -1.5972540714226593 3.3123647548378004 4.5252197339247457
v -0.4461914300000000 0.0087149700000000 0.0122253900000000
vn 0.5150531885049539 4.6104399146490698 4.1101474167366625
v -0.4291909100000000 0.0129149500000000 0.0080535700000000
vn 0.5918809717556354 3.6104498494032864 5.0026081713453658
v -0.4287303000000000 0.0087776400000000 0.0117290000000000
vn -3.5473617033173421 0.4851743327978341 3.5450766860717886
v -0.4488704400000000 -0.0027546500000000 0.0158939800000000
vn -1.2256048336261653 2.2045468526252607 5.3627632674504371
v -0.4451653500000000 0.0031046800000000 0.0155255800000000
vn 0.6663841613464339 2.5499985857158682 5.6136108866414940
v -0.4283393900000000 0.0039672100000000 0.0144600500000000
vn -5.6987693738728185 -1.0157145053993559 -0.9406408266506401
v -0.4495902700000000 -0.0009151500000000 0.0039651100000000
vn 0.7639717746192236 1.2839561803211643 6.0301888514212081
v -0.4281138400000000 -0.0013157400000000 0.0161431800000000
vn -6.1569201370042794 -0.2077101821732016 -0.1371009975177661
v -0.4503673500000000 -0.0019639500000000 0.0067366700000000
vn -1.4911932992727903 -0.9340585844441862 5.4969689059028521
v -0.4455164700000000 -0.0110226500000000 0.0171702300000000
vn 0.7945629600838076 -0.1903364062600449 6.1325811149961043
v -0.4280298600000000 -0.0068336200000000 0.0167009300000000
vn -6.1369656053402464 0.7032539530706261 0.3029342568991659
v -0.4507796500000000 -0.0178539300000000 0.0035989300000000
vn -4.2554204285086641 -1.1159842726896301 3.1545942726021963
v -0.4492598600000000 -0.0167818100000000 0.0134982400000000
vn 0.6757147246527953 -1.8439886197179955 5.8070509466804463
v -0.4282535700000000 -0.0151372000000000 0.0155111800000000
vn -1.5720022858945253 -2.9643001477935749 4.6362953082633220
v -0.4460750300000000 -0.0208971200000000 0.0134734000000000
vn 0.7284970207328204 -3.6730108368867094 4.9117533022146906
v -0.4287126900000000 -0.0224213500000000 0.0116339700000000
vn -4.2127223631466775 -2.2215084824927662 2.3340303245915055
v -0.4502934300000000 -0.0245021700000000 0.0068824500000000
vn 0.4271124857585197 -4.9840227954327982 3.5566661134865285
v -0.4295469000000000 -0.0284273200000000 0.0058327500000000
vn -2.1888184139297677 -4.7376831453790365 2.4253710744913013
v -0.4482414400000000 -0.0294382000000000 0.0024145200000000
vn -5.0842596933957180 0.8939801054681500 -1.6886181616887943
v -0.4496746400000000 -0.0149310400000000 0.0032563500000000
vn 0.1822901939121724 -5.8807169089903173 1.8599788986891568
v -0.4305148800000000 -0.0320243000000000 -0.0015469700000000
vn -4.7978233658290295 -2.5465995969165132 1.1724735103179460
v -0.4516290600000000 -0.0288994000000000 -0.0031571900000000
vn -5.9531198920779120 1.0330318765230451 1.1843537381606990
v -0.4527586900000000 -0.0204590600000000 -0.0109242200000000
vn -3.0884941499953396 -4.7175283749449211 0.2389173880387721
v -0.4504957100000000 -0.0310881100000000 -0.0076602500000000
vn -0.0155685186373055 -6.1102595333924494 -0.3110770194554170
v -0.4306933600000000 -0.0334296900000000 -0.0107670300000000
vn -5.0166760389265761 -2.3523539206803457 -0.3860241831386623
v -0.4533724300000000 -0.0271513200000000 -0.0157830900000000
vn -2.4226160577853730 -5.0344683011741305 -1.7343160759459926
v -0.4499834000000000 -0.0299651600000000 -0.0166739800000000
vn -0.3700651722246821 -5.6404646298030210 -2.3804344823131838
v -0.4331166500000000 -0.0310746700000000 -0.0204780500000000
vn -3.6668056373947588 -2.9296003858705730 -2.6720876885970095
v -0.4532558000000000 -0.0231493700000000 -0.0246079800000000
vn -0.5563937597624533 -4.4923708834627263 -4.1901121240858989
v -0.4339778100000000 -0.0264313200000000 -0.0272553900000000
vn -5.0668370372655929 -1.1801350458704258 -1.7528913418963668
v -0.4547951300000000 -0.0171051900000000 -0.0265676300000000
vn -0.7937151841593356 -3.1113022304622344 -5.2235733098525330
v -0.4347689500000000 -0.0199755800000000 -0.0325615000000000
vn -5.8119303404639471 0.4224168603156375 1.8872872741029503
v -0.4539794800000000 -0.0130655800000000 -0.0199846300000000
vn -4.0177232987953246 -0.2360445565637293 -3.8457607926705943
v -0.4538743400000000 -0.0087735800000000 -0.0309375000000000
vn -0.9121359385838971 -1.2168867415460887 -5.9862829725008568
v -0.4350945200000000 -0.0121983800000000 -0.0353403500000000
vn 0.5433696429899275 -5.4657862018670178 -1.9461013354663996
v -0.2731728400000000 -0.2020822700000000 0.1011113900000000
vn -0.9944837594168292 5.0077724648090616 2.2289065552420442
v -0.2634568500000000 0.2020744000000000 0.0796893900000000
vn -5.1801823409092194 2.2931222053591966 0.6032294660509187
v -0.4512986000000000 -0.0189665500000000 -0.0086643600000000
# 5000 vertices, 0 vertices normals

f 1//1 2//2 3//3
f 4//4 5//5 6//6
f 7//7 4//4 8//8
f 9//9 7//7 10//10
f 11//11 3//3 12//12
f 8//8 6//6 13//13
f 10//10 8//8 14//14
f 15//15 10//10 16//16
f 9//9 15//15 3//3
f 15//15 18//18 12//12
f 13//13 6//6 11//11
f 6//6 5//5 1//1
f 19//19 21//21 20//20
f 16//16 14//14 22//22
f 14//14 13//13 50//50
f 23//23 24//24 63//63
f 12//12 18//18 19//19
f 18//18 16//16 21//21
f 25//25 12//12 26//26
f 28//28 19//19 29//29
f 30//30 31//31 36//36
f 31//31 32//32 19//19
f 32//32 26//26 19//19
f 24//24 33//33 63//63
f 31//31 30//30 35//35
f 19//19 28//28 36//36
f 43//43 44//44 37//37
f 44//44 34//34 38//38
f 32//32 39//39 40//40
f 39//39 41//41 42//42
f 17//17 51//51 30//30
f 39//39 32//32 45//45
f 46//46 45//45 31//31
f 44//44 46//46 35//35
f 40//40 37//37 38//38
f 41//41 39//39 47//47
f 48//48 47//47 45//45
f 43//43 48//48 46//46
f 42//42 49//49 37//37
f 51//51 22//22 52//52
f 52//52 50//50 53//53
f 50//50 13//13 55//55
f 13//13 25//25 56//56
f 25//25 38//38 56//56
f 38//38 34//34 57//57
f 34//34 52//52 53//53
f 53//53 54//54 59//59
f 54//54 55//55 60//60
f 55//55 56//56 61//61
f 56//56 57//57 62//62
f 57//57 53//53 58//58
f 58//58 59//59 64//64
f 59//59 60//60 23//23
f 60//60 61//61 24//24
f 61//61 62//62 33//33
f 62//62 58//58 63//63
f 83//83 65//65 41//41
f 81//81 84//84 48//48
f 84//84 83//83 47//47
f 65//65 79//79 42//42
f 66//66 81//81 43//43
f 79//79 66//66 49//49
f 69//69 72//72 1//1
f 72//72 71//71 2//2
f 71//71 67//67 9//9
f 70//70 68//68 4//4
f 67//67 70//70 7//7
f 68//68 69//69 5//5
f 69//69 68//68 73//73
f 70//70 67//67 74//74
f 68//68 70//70 75//75
f 67//67 71//71 77//77
f 71//71 72//72 78//78
f 72//72 69//69 76//76
f 66//66 79//79 80//80
f 81//81 66//66 82//82
f 79//79 65//65 88//88
f 83//83 84//84 85//85
f 84//84 81//81 86//86
f 65//65 83//83 87//87
f 89//89 90//90 91//91
f 90//90 92//92 93//93
f 92//92 94//94 95//95
f 94//94 96//96 97//97
f 96//96 89//89 98//98
f 99//99 100//100 90//90
f 100//100 101//101 92//92
f 101//101 102//102 94//94
f 102//102 103//103 96//96
f 103//103 99//99 89//89
f 109//109 117//117 100//100
f 117//117 104//104 101//101
f 104//104 105//105 101//101
f 105//105 106//106 102//102
f 106//106 107//107 103//103
f 107//107 109//109 99//99
f 107//107 111//111 110//110
f 82//82 80//80 112//112
f 85//85 86//86 123//123
f 87//87 85//85 113//113
f 88//88 87//87 114//114
f 115//115 112//112 116//116
f 113//113 123//123 117//117
f 114//114 113//113 118//118
f 119//119 114//114 120//120
f 127//127 121//121 108//108
f 88//88 119//119 112//112
f 119//119 122//122 116//116
f 108//108 109//109 127//127
f 117//117 123//123 115//115
f 123//123 86//86 82//82
f 124//124 125//125 128//128
f 120//120 118//118 108//108
f 118//118 117//117 108//108
f 91//91 93//93 97//97
f 116//116 122//122 126//126
f 122//122 120//120 125//125
f 121//121 127//127 128//128
f 126//126 129//129 116//116
f 105//105 104//104 129//129
f 127//127 110//110 130//130
f 110//110 131//131 124//124
f 131//131 132//132 126//126
f 129//129 126//126 132//132
f 93//93 95//95 97//97
f 131//131 110//110 111//111
f 76//76 135//135 133//133
f 106//106 105//105 135//135
f 132//132 136//136 134//134
f 136//136 74//74 77//77
f 136//136 132//132 137//137
f 138//138 137//137 131//131
f 135//135 138//138 111//111
f 134//134 133//133 105//105
f 74//74 136//136 75//75
f 73//73 75//75 137//137
f 76//76 73//73 138//138
f 77//77 78//78 133//133
f 139//139 140//140 141//141
f 142//142 143//143 144//144
f 145//145 142//142 146//146
f 147//147 145//145 148//148
f 149//149 141//141 150//150
f 146//146 144//144 151//151
f 148//148 146//146 152//152
f 153//153 148//148 154//154
f 147//147 153//153 141//141
f 153//153 155//155 150//150
f 151//151 144//144 149//149
f 144//144 143//143 139//139
f 154//154 152//152 160//160
f 152//152 151//151 157//157
f 158//158 161//161 196//196
f 150//150 155//155 156//156
f 155//155 154//154 156//156
f 162//162 150//150 163//163
f 165//165 166//166 164//164
f 166//166 167//167 164//164
f 167//167 163//163 156//156
f 161//161 168//168 196//196
f 169//169 170//170 184//184
f 166//166 165//165 170//170
f 156//156 159//159 164//164
f 176//176 177//177 171//171
f 177//177 169//169 172//172
f 167//167 178//178 173//173
f 178//178 174//174 175//175
f 178//178 167//167 179//179
f 180//180 179//179 166//166
f 177//177 180//180 170//170
f 173//173 171//171 172//172
f 174//174 178//178 181//181
f 182//182 181//181 179//179
f 176//176 182//182 180//180
f 175//175 183//183 171//171
f 157//157 185//185 160//160
f 184//184 160//160 185//185
f 185//185 157//157 187//187
f 157//157 151//151 188//188
f 151//151 162//162 189//189
f 162//162 172//172 189//189
f 172//172 169//169 190//190
f 169//169 185//185 186//186
f 186//186 187//187 192//192
f 187//187 188//188 193//193
f 188//188 189//189 194//194
f 189//189 190//190 195//195
f 190//190 186//186 191//191
f 191//191 192//192 197//197
f 192//192 193//193 158//158
f 193//193 194//194 161//161
f 194//194 195//195 168//168
f 195//195 191//191 196//196
f 216//216 198//198 174//174
f 214//214 217//217 182//182
f 217//217 216//216 181//181
f 198//198 212//212 175//175
f 199//199 214//214 176//176
f 212//212 199//199 183//183
f 202//202 205//205 139//139
f 205//205 204//204 140//140
f 204//204 200//200 147//147
f 203//203 201//201 142//142
f 200//200 203//203 145//145
f 201//201 202//202 143//143
f 202//202 201//201 206//206
f 203//203 200//200 207//207
f 201//201 203//203 208//208
f 200//200 204//204 210//210
f 204//204 205//205 211//211
f 205//205 202//202 209//209
f 199//199 212//212 213//213
f 214//214 199//199 215//215
f 212//212 198//198 221//221
f 216//216 217//217 218//218
f 217//217 214//214 219//219
f 198//198 216//216 220//220
f 222//222 223//223 224//224
f 223//223 225//225 226//226
f 225//225 227//227 228//228
f 227//227 229//229 230//230
f 229//229 222//222 231//231
f 232//232 233//233 223//223
f 233//233 234//234 225//225
f 234//234 235//235 227//227
f 235//235 236//236 229//229
f 236//236 232//232 222//222
f 240//240 249//249 233//233
f 249//249 237//237 234//234
f 237//237 238//238 234//234
f 238//238 239//239 235//235
f 239//239 242//242 236//236
f 242//242 240//240 236//236
f 240//240 242//242 261//261
f 242//242 243//243 261//261
f 215//215 213//213 244//244
f 218//218 219//219 254//254
f 220//220 218//218 245//245
f 221//221 220//220 246//246
f 247//247 244//244 248//248
f 245//245 254//254 249//249
f 246//246 245//245 250//250
f 251//251 246//246 252//252
f 257//257 261//261 258//258
f 221//221 251//251 244//244
f 251//251 253//253 248//248
f 249//249 254//254 247//247
f 254//254 219//219 215//215
f 252//252 250//250 241//241
f 250//250 249//249 240//240
f 224//224 226//226 230//230
f 248//248 253//253 255//255
f 253//253 252//252 256//256
f 255//255 259//259 248//248
f 238//238 237//237 259//259
f 261//261 262//262 260//260
f 262//262 263//263 255//255
f 259//259 255//255 263//263
f 226//226 228//228 230//230
f 262//262 261//261 243//243
f 256//256 258//258 260//260
f 209//209 266//266 264//264
f 239//239 238//238 266//266
f 263//263 267//267 265//265
f 267//267 207//207 210//210
f 267//267 263//263 268//268
f 269//269 268//268 262//262
f 266//266 269//269 243//243
f 265//265 264//264 238//238
f 207//207 267//267 208//208
f 206//206 208//208 268//268
f 209//209 206//206 269//269
f 210//210 211//211 264//264
f 3//3 11//11 1//1
f 8//8 4//4 6//6
f 10//10 7//7 8//8
f 15//15 9//9 10//10
f 12//12 25//25 11//11
f 14//14 8//8 13//13
f 16//16 10//10 14//14
f 18//18 15//15 16//16
f 3//3 2//2 9//9
f 3//3 15//15 12//12
f 25//25 13//13 11//11
f 11//11 6//6 1//1
f 27//27 19//19 20//20
f 17//17 16//16 22//22
f 22//22 14//14 50//50
f 63//63 64//64 23//23
f 19//19 18//18 21//21
f 21//21 16//16 20//20
f 20//20 16//16 17//17
f 27//27 20//20 17//17
f 38//38 25//25 26//26
f 26//26 12//12 19//19
f 27//27 29//29 19//19
f 270//270 271//271 272//272
f 274//274 273//273 270//270
f 271//271 275//275 274//274
f 28//28 27//27 17//17
f 28//28 17//17 30//30
f 36//36 31//31 19//19
f 52//52 34//34 35//35
f 51//51 35//35 30//30
f 30//30 36//36 28//28
f 37//37 49//49 43//43
f 37//37 44//44 38//38
f 22//22 51//51 17//17
f 26//26 32//32 40//40
f 40//40 39//39 42//42
f 31//31 45//45 32//32
f 35//35 46//46 31//31
f 34//34 44//44 35//35
f 26//26 40//40 38//38
f 45//45 47//47 39//39
f 46//46 48//48 45//45
f 44//44 43//43 46//46
f 40//40 42//42 37//37
f 50//50 52//52 22//22
f 35//35 51//51 52//52
f 53//53 50//50 54//54
f 54//54 50//50 55//55
f 55//55 13//13 56//56
f 56//56 38//38 57//57
f 57//57 34//34 53//53
f 58//58 53//53 59//59
f 59//59 54//54 60//60
f 60//60 55//55 61//61
f 61//61 56//56 62//62
f 62//62 57//57 58//58
f 63//63 58//58 64//64
f 64//64 59//59 23//23
f 23//23 60//60 24//24
f 24//24 61//61 33//33
f 33//33 62//62 63//63
f 47//47 83//83 41//41
f 43//43 81//81 48//48
f 48//48 84//84 47//47
f 41//41 65//65 42//42
f 49//49 66//66 43//43
f 42//42 79//79 49//49
f 5//5 69//69 1//1
f 1//1 72//72 2//2
f 2//2 71//71 9//9
f 7//7 70//70 4//4
f 9//9 67//67 7//7
f 4//4 68//68 5//5
f 76//76 69//69 73//73
f 75//75 70//70 74//74
f 73//73 68//68 75//75
f 74//74 67//67 77//77
f 77//77 71//71 78//78
f 78//78 72//72 76//76
f 82//82 66//66 80//80
f 86//86 81//81 82//82
f 80//80 79//79 88//88
f 87//87 83//83 85//85
f 85//85 84//84 86//86
f 88//88 65//65 87//87
f 98//98 89//89 91//91
f 91//91 90//90 93//93
f 93//93 92//92 95//95
f 95//95 94//94 97//97
f 97//97 96//96 98//98
f 89//89 99//99 90//90
f 90//90 100//100 92//92
f 92//92 101//101 94//94
f 94//94 102//102 96//96
f 96//96 103//103 89//89
f 99//99 109//109 100//100
f 100//100 117//117 101//101
f 101//101 105//105 102//102
f 102//102 106//106 103//103
f 103//103 107//107 99//99
f 107//107 110//110 109//109
f 112//112 115//115 82//82
f 113//113 85//85 123//123
f 114//114 87//87 113//113
f 119//119 88//88 114//114
f 116//116 104//104 115//115
f 118//118 113//113 117//117
f 120//120 114//114 118//118
f 122//122 119//119 120//120
f 80//80 88//88 112//112
f 112//112 119//119 116//116
f 104//104 117//117 115//115
f 115//115 123//123 82//82
f 124//124 128//128 130//130
f 121//121 120//120 108//108
f 108//108 117//117 109//109
f 98//98 91//91 97//97
f 126//126 122//122 125//125
f 125//125 120//120 128//128
f 128//128 120//120 121//121
f 130//130 128//128 127//127
f 125//125 124//124 126//126
f 116//116 129//129 104//104
f 130//130 110//110 124//124
f 124//124 131//131 126//126
f 107//107 106//106 111//111
f 78//78 76//76 133//133
f 133//133 135//135 105//105
f 109//109 110//110 127//127
f 129//129 132//132 134//134
f 134//134 136//136 77//77
f 131//131 137//137 132//132
f 111//111 138//138 131//131
f 106//106 135//135 111//111
f 129//129 134//134 105//105
f 137//137 75//75 136//136
f 138//138 73//73 137//137
f 135//135 76//76 138//138
f 134//134 77//77 133//133
f 141//141 149//149 139//139
f 146//146 142//142 144//144
f 148//148 145//145 146//146
f 153//153 147//147 148//148
f 150//150 162//162 149//149
f 152//152 146//146 151//151
f 154//154 148//148 152//152
f 155//155 153//153 154//154
f 141//141 140//140 147//147
f 141//141 153//153 150//150
f 165//165 159//159 160//160
f 162//162 151//151 149//149
f 149//149 144//144 139//139
f 159//159 154//154 160//160
f 160//160 152//152 157//157
f 196//196 197//197 158//158
f 156//156 154//154 159//159
f 172//172 162//162 163//163
f 163//163 150//150 156//156
f 164//164 167//167 156//156
f 185//185 169//169 184//184
f 184//184 170//170 165//165
f 165//165 164//164 159//159
f 171//171 183//183 176//176
f 171//171 177//177 172//172
f 160//160 184//184 165//165
f 163//163 167//167 173//173
f 173//173 178//178 175//175
f 166//166 179//179 167//167
f 170//170 180//180 166//166
f 169//169 177//177 170//170
f 163//163 173//173 172//172
f 179//179 181//181 178//178
f 180//180 182//182 179//179
f 177//177 176//176 180//180
f 173//173 175//175 171//171
f 186//186 185//185 187//187
f 187//187 157//157 188//188
f 188//188 151//151 189//189
f 189//189 172//172 190//190
f 190//190 169//169 186//186
f 191//191 186//186 192//192
f 192//192 187//187 193//193
f 193//193 188//188 194//194
f 194//194 189//189 195//195
f 195//195 190//190 191//191
f 196//196 191//191 197//197
f 197//197 192//192 158//158
f 158//158 193//193 161//161
f 161//161 194//194 168//168
f 168//168 195//195 196//196
f 181//181 216//216 174//174
f 176//176 214//214 182//182
f 182//182 217//217 181//181
f 174//174 198//198 175//175
f 183//183 199//199 176//176
f 175//175 212//212 183//183
f 143//143 202//202 139//139
f 139//139 205//205 140//140
f 140//140 204//204 147//147
f 145//145 203//203 142//142
f 147//147 200//200 145//145
f 142//142 201//201 143//143
f 209//209 202//202 206//206
f 208//208 203//203 207//207
f 206//206 201//201 208//208
f 207//207 200//200 210//210
f 210//210 204//204 211//211
f 211//211 205//205 209//209
f 215//215 199//199 213//213
f 219//219 214//214 215//215
f 213//213 212//212 221//221
f 220//220 216//216 218//218
f 218//218 217//217 219//219
f 221//221 198//198 220//220
f 231//231 222//222 224//224
f 224//224 223//223 226//226
f 226//226 225//225 228//228
f 228//228 227//227 230//230
f 230//230 229//229 231//231
f 222//222 232//232 223//223
f 223//223 233//233 225//225
f 225//225 234//234 227//227
f 227//227 235//235 229//229
f 229//229 236//236 222//222
f 232//232 240//240 233//233
f 233//233 249//249 234//234
f 234//234 238//238 235//235
f 235//235 239//239 236//236
f 236//236 240//240 232//232
f 240//240 261//261 241//241
f 244//244 247//247 215//215
f 245//245 218//218 254//254
f 246//246 220//220 245//245
f 251//251 221//221 246//246
f 248//248 237//237 247//247
f 250//250 245//245 249//249
f 252//252 246//246 250//250
f 253//253 251//251 252//252
f 261//261 257//257 241//241
f 213//213 221//221 244//244
f 244//244 251//251 248//248
f 237//237 249//249 247//247
f 247//247 254//254 215//215
f 256//256 257//257 258//258
f 257//257 252//252 241//241
f 241//241 250//250 240//240
f 231//231 224//224 230//230
f 255//255 253//253 256//256
f 256//256 252//252 257//257
f 248//248 259//259 237//237
f 260//260 255//255 256//256
f 258//258 261//261 260//260
f 260//260 262//262 255//255
f 242//242 239//239 243//243
f 211//211 209//209 264//264
f 264//264 266//266 238//238
f 259//259 263//263 265//265
f 265//265 267//267 210//210
f 262//262 268//268 263//263
f 243//243 269//269 262//262
f 239//239 266//266 243//243
f 259//259 265//265 238//238
f 268//268 208//208 267//267
f 269//269 206//206 268//268
f 266//266 209//209 269//269
f 265//265 210//210 264//264
f 297//297 276//276 278//278
f 277//277 278//278 280//280
f 279//279 280//280 296//296
f 279//279 296//296 283//283
f 281//281 283//283 282//282
f 297//297 282//282 276//276
f 278//278 276//276 282//282
f 282//282 283//283 294//294
f 283//283 285//285 294//294
f 294//294 285//285 293//293
f 290//290 287//287 292//292
f 287//287 300//300 289//289
f 289//289 288//288 286//286
f 287//287 289//289 292//292
f 300//300 287//287 299//299
f 288//288 289//289 300//300
f 293//293 298//298 294//294
f 288//288 298//298 290//290
f 284//284 282//282 300//300
f 299//299 284//284 300//300
f 278//278 284//284 295//295
f 296//296 285//285 283//283
f 291//291 287//287 290//290
f 293//293 291//291 298//298
f 278//278 295//295 280//280
f 285//285 296//296 295//295
f 285//285 295//295 293//293
f 301//301 302//302 309//309
f 303//303 306//306 304//304
f 305//305 327//327 306//306
f 329//329 309//309 327//327
f 325//325 327//327 309//309
f 322//322 310//310 325//325
f 307//307 313//313 326//326
f 311//311 322//322 325//325
f 320//320 316//316 321//321
f 319//319 322//322 318//318
f 312//312 324//324 320//320
f 323//323 319//319 324//324
f 319//319 316//316 320//320
f 314//314 313//313 312//312
f 329//329 305//305 301//301
f 313//313 307//307 323//323
f 322//322 311//311 317//317
f 324//324 319//319 320//320
f 315//315 312//312 321//321
f 311//311 308//308 314//314
f 326//326 313//313 314//314
f 306//306 307//307 326//326
f 325//325 310//310 327//327
f 304//304 306//306 326//326
f 329//329 301//301 309//309
f 355//355 330//330 339//339
f 355//355 331//331 330//330
f 332//332 333//333 331//331
f 334//334 335//335 333//333
f 338//338 339//339 337//337
f 355//355 336//336 332//332
f 340//340 337//337 339//339
f 341//341 331//331 333//333
f 344//344 343//343 354//354
f 352//352 343//343 344//344
f 343//343 352//352 346//346
f 349//349 348//348 347//347
f 351//351 350//350 349//349
f 341//341 353//353 330//330
f 345//345 352//352 344//344
f 346//346 350//350 347//347
f 346//346 352//352 345//345
f 348//348 343//343 347//347
f 344//344 353//353 345//345
f 341//341 330//330 331//331
f 354//354 340//340 342//342
f 334//334 332//332 336//336
f 332//332 334//334 333//333
f 356//356 361//361 362//362
f 379//379 362//362 357//357
f 378//378 357//357 358//358
f 359//359 358//358 360//360
f 359//359 360//360 363//363
f 377//377 363//363 382//382
f 377//377 382//382 361//361
f 366//366 371//371 376//376
f 362//362 361//361 382//382
f 360//360 358//358 365//365
f 364//364 382//382 376//376
f 370//370 369//369 368//368
f 369//369 367//367 368//368
f 369//369 370//370 371//371
f 367//367 369//369 380//380
f 373//373 380//380 381//381
f 372//372 367//367 373//373
f 366//366 381//381 380//380
f 375//375 371//371 372//372
f 366//366 376//376 382//382
f 364//364 365//365 357//357
f 366//366 363//363 365//365
f 365//365 381//381 366//366
f 364//364 376//376 371//371
f 378//378 377//377 356//356
f 378//378 379//379 357//357
f 278//278 277//277 297//297
f 280//280 279//279 277//277
f 283//283 281//281 279//279
f 282//282 297//297 281//281
f 280//280 295//295 296//296
f 298//298 288//288 300//300
f 295//295 299//299 293//293
f 284//284 278//278 282//282
f 300//300 294//294 298//298
f 299//299 287//287 291//291
f 292//292 288//288 290//290
f 286//286 292//292 289//289
f 292//292 286//286 288//288
f 290//290 298//298 291//291
f 293//293 299//299 291//291
f 284//284 299//299 295//295
f 294//294 300//300 282//282
f 279//279 281//281 277//277
f 277//277 281//281 297//297
f 301//301 328//328 302//302
f 328//328 303//303 304//304
f 303//303 305//305 306//306
f 305//305 329//329 327//327
f 310//310 322//322 307//307
f 304//304 308//308 302//302
f 306//306 327//327 307//307
f 314//314 308//308 326//326
f 321//321 316//316 317//317
f 318//318 317//317 316//316
f 320//320 321//321 312//312
f 321//321 317//317 315//315
f 313//313 323//323 324//324
f 317//317 311//311 315//315
f 324//324 312//312 313//313
f 322//322 323//323 307//307
f 319//319 323//323 322//322
f 318//318 322//322 317//317
f 315//315 311//311 314//314
f 316//316 319//319 318//318
f 314//314 312//312 315//315
f 325//325 308//308 311//311
f 307//307 327//327 310//310
f 309//309 302//302 325//325
f 325//325 302//302 308//308
f 304//304 326//326 308//308
f 305//305 303//303 328//328
f 304//304 302//302 328//328
f 328//328 301//301 305//305
f 338//338 355//355 339//339
f 355//355 332//332 331//331
f 334//334 336//336 335//335
f 336//336 338//338 337//337
f 340//340 339//339 330//330
f 354//354 337//337 340//340
f 335//335 341//341 333//333
f 348//348 341//341 354//354
f 354//354 343//343 348//348
f 350//350 351//351 347//347
f 346//346 347//347 343//343
f 345//345 349//349 350//350
f 344//344 342//342 353//353
f 353//353 348//348 345//345
f 353//353 340//340 330//330
f 337//337 354//354 335//335
f 351//351 349//349 347//347
f 350//350 346//346 345//345
f 348//348 349//349 345//345
f 344//344 354//354 342//342
f 342//342 340//340 353//353
f 348//348 353//353 341//341
f 335//335 354//354 341//341
f 355//355 338//338 336//336
f 337//337 335//335 336//336
f 362//362 379//379 356//356
f 358//358 359//359 378//378
f 363//363 377//377 359//359
f 361//361 356//356 377//377
f 370//370 372//372 371//371
f 380//380 369//369 371//371
f 373//373 367//367 380//380
f 375//375 372//372 373//373
f 380//380 371//371 366//366
f 365//365 371//371 381//381
f 372//372 374//374 367//367
f 374//374 372//372 370//370
f 368//368 374//374 370//370
f 374//374 368//368 367//367
f 381//381 371//371 375//375
f 373//373 381//381 375//375
f 382//382 363//363 366//366
f 364//364 371//371 365//365
f 358//358 357//357 365//365
f 363//363 360//360 365//365
f 362//362 382//382 364//364
f 377//377 378//378 359//359
f 362//362 364//364 357//357
f 379//379 378//378 356//356
f 383//383 384//384 385//385
f 386//386 387//387 388//388
f 388//388 389//389 390//390
f 391//391 392//392 393//393
f 394//394 395//395 387//387
f 396//396 397//397 398//398
f 393//393 392//392 399//399
f 400//400 399//399 401//401
f 402//402 400//400 403//403
f 404//404 402//402 405//405
f 406//406 404//404 407//407
f 408//408 406//406 409//409
f 410//410 408//408 411//411
f 412//412 410//410 385//385
f 413//413 412//412 384//384
f 414//414 413//413 383//383
f 415//415 414//414 416//416
f 417//417 415//415 418//418
f 419//419 417//417 420//420
f 397//397 419//419 421//421
f 422//422 388//388 423//423
f 424//424 425//425 422//422
f 426//426 427//427 425//425
f 428//428 429//429 430//430
f 431//431 432//432 433//433
f 434//434 431//431 435//435
f 436//436 434//434 437//437
f 438//438 436//436 439//439
f 440//440 438//438 441//441
f 442//442 440//440 443//443
f 444//444 442//442 445//445
f 446//446 444//444 447//447
f 429//429 446//446 448//448
f 447//447 445//445 449//449
f 448//448 447//447 450//450
f 430//430 448//448 451//451
f 452//452 430//430 453//453
f 435//435 433//433 454//454
f 437//437 435//435 455//455
f 439//439 437//437 456//456
f 441//441 439//439 457//457
f 443//443 441//441 458//458
f 445//445 443//443 459//459
f 458//458 457//457 460//460
f 459//459 458//458 461//461
f 449//449 459//459 462//462
f 450//450 449//449 463//463
f 451//451 450//450 464//464
f 453//453 451//451 465//465
f 466//466 453//453 467//467
f 455//455 454//454 425//425
f 456//456 455//455 424//424
f 457//457 456//456 468//468
f 433//433 432//432 426//426
f 425//425 427//427 388//388
f 423//423 466//466 469//469
f 464//464 463//463 462//462
f 422//422 469//469 467//467
f 422//422 468//468 424//424
f 388//388 470//470 386//386
f 388//388 427//427 470//470
f 392//392 421//421 420//420
f 392//392 471//471 398//398
f 392//392 398//398 421//421
f 388//388 387//387 395//395
f 423//423 472//472 392//392
f 391//391 473//473 423//423
f 392//392 472//472 471//471
f 428//428 452//452 423//423
f 474//474 396//396 471//471
f 475//475 476//476 477//477
f 478//478 479//479 480//480
f 481//481 482//482 483//483
f 484//484 485//485 486//486
f 567//567 487//487 479//479
f 488//488 489//489 490//490
f 485//485 484//484 491//491
f 492//492 491//491 493//493
f 494//494 492//492 495//495
f 496//496 494//494 497//497
f 498//498 496//496 499//499
f 500//500 498//498 501//501
f 502//502 500//500 503//503
f 504//504 502//502 505//505
f 506//506 504//504 507//507
f 475//475 506//506 508//508
f 476//476 475//475 509//509
f 477//477 476//476 510//510
f 511//511 477//477 512//512
f 489//489 511//511 513//513
f 514//514 481//481 478//478
f 515//515 516//516 517//517
f 518//518 519//519 516//516
f 541//541 520//520 521//521
f 522//522 518//518 555//555
f 523//523 522//522 524//524
f 525//525 523//523 526//526
f 527//527 525//525 528//528
f 529//529 527//527 1087//1087
f 530//530 529//529 531//531
f 532//532 530//530 533//533
f 534//534 532//532 535//535
f 520//520 534//534 536//536
f 537//537 538//538 530//530
f 539//539 537//537 532//532
f 540//540 539//539 534//534
f 541//541 540//540 520//520
f 519//519 518//518 542//542
f 543//543 542//542 522//522
f 544//544 543//543 523//523
f 545//545 544//544 525//525
f 546//546 545//545 527//527
f 538//538 546//546 529//529
f 547//547 548//548 544//544
f 549//549 547//547 545//545
f 550//550 549//549 546//546
f 551//551 550//550 538//538
f 552//552 551//551 537//537
f 553//553 552//552 539//539
f 514//514 553//553 540//540
f 516//516 519//519 517//517
f 554//554 517//517 542//542
f 548//548 554//554 543//543
f 515//515 478//478 556//556
f 514//514 541//541 481//481
f 552//552 553//553 515//515
f 553//553 514//514 515//515
f 517//517 554//554 515//515
f 480//480 557//557 478//478
f 556//556 478//478 557//557
f 477//477 511//511 485//485
f 489//489 488//488 485//485
f 489//489 485//485 511//511
f 479//479 478//478 558//558
f 482//482 481//481 485//485
f 485//485 481//481 559//559
f 483//483 482//482 560//560
f 481//481 541//541 559//559
f 488//488 561//561 560//560
f 418//418 416//416 383//383
f 418//418 383//383 420//420
f 420//420 383//383 392//392
f 392//392 383//383 401//401
f 401//401 383//383 403//403
f 403//403 383//383 405//405
f 405//405 383//383 407//407
f 407//407 383//383 409//409
f 409//409 383//383 411//411
f 411//411 383//383 385//385
f 423//423 388//388 472//472
f 472//472 388//388 562//562
f 562//562 388//388 563//563
f 563//563 388//388 390//390
f 564//564 565//565 394//394
f 564//564 394//394 387//387
f 471//471 396//396 398//398
f 401//401 399//399 392//392
f 403//403 400//400 401//401
f 405//405 402//402 403//403
f 407//407 404//404 405//405
f 409//409 406//406 407//407
f 411//411 408//408 409//409
f 385//385 410//410 411//411
f 384//384 412//412 385//385
f 383//383 413//413 384//384
f 416//416 414//414 383//383
f 418//418 415//415 416//416
f 420//420 417//417 418//418
f 421//421 419//419 420//420
f 398//398 397//397 421//421
f 469//469 422//422 423//423
f 433//433 426//426 454//454
f 454//454 426//426 425//425
f 452//452 428//428 430//430
f 435//435 431//431 433//433
f 437//437 434//434 435//435
f 439//439 436//436 437//437
f 441//441 438//438 439//439
f 443//443 440//440 441//441
f 445//445 442//442 443//443
f 447//447 444//444 445//445
f 448//448 446//446 447//447
f 430//430 429//429 448//448
f 450//450 447//447 449//449
f 451//451 448//448 450//450
f 453//453 430//430 451//451
f 453//453 466//466 452//452
f 455//455 435//435 454//454
f 456//456 437//437 455//455
f 457//457 439//439 456//456
f 458//458 441//441 457//457
f 459//459 443//443 458//458
f 449//449 445//445 459//459
f 461//461 458//458 460//460
f 462//462 459//459 461//461
f 463//463 449//449 462//462
f 464//464 450//450 463//463
f 465//465 451//451 464//464
f 467//467 453//453 465//465
f 469//469 466//466 467//467
f 424//424 455//455 425//425
f 468//468 456//456 424//424
f 460//460 457//457 468//468
f 422//422 425//425 388//388
f 465//465 464//464 467//467
f 467//467 464//464 422//422
f 422//422 464//464 468//468
f 468//468 464//464 460//460
f 460//460 464//464 461//461
f 461//461 464//464 462//462
f 392//392 391//391 423//423
f 474//474 471//471 562//562
f 562//562 471//471 472//472
f 423//423 473//473 428//428
f 466//466 423//423 452//452
f 506//506 475//475 504//504
f 504//504 475//475 502//502
f 502//502 475//475 500//500
f 500//500 475//475 498//498
f 498//498 475//475 496//496
f 496//496 475//475 494//494
f 494//494 475//475 492//492
f 492//492 475//475 491//491
f 491//491 475//475 485//485
f 485//485 475//475 477//477
f 478//478 481//481 389//389
f 389//389 481//481 390//390
f 390//390 481//481 566//566
f 566//566 481//481 483//483
f 558//558 567//567 479//479
f 561//561 488//488 490//490
f 493//493 491//491 484//484
f 495//495 492//492 493//493
f 497//497 494//494 495//495
f 499//499 496//496 497//497
f 501//501 498//498 499//499
f 503//503 500//500 501//501
f 505//505 502//502 503//503
f 507//507 504//504 505//505
f 508//508 506//506 507//507
f 509//509 475//475 508//508
f 510//510 476//476 509//509
f 512//512 477//477 510//510
f 513//513 511//511 512//512
f 490//490 489//489 513//513
f 515//515 514//514 478//478
f 555//555 518//518 556//556
f 556//556 518//518 516//516
f 521//521 568//568 541//541
f 524//524 522//522 555//555
f 526//526 523//523 524//524
f 528//528 525//525 526//526
f 1087//1087 527//527 528//528
f 531//531 529//529 1087//1087
f 533//533 530//530 531//531
f 535//535 532//532 533//533
f 536//536 534//534 535//535
f 521//521 520//520 536//536
f 532//532 537//537 530//530
f 534//534 539//539 532//532
f 520//520 540//540 534//534
f 522//522 542//542 518//518
f 523//523 543//543 522//522
f 525//525 544//544 523//523
f 527//527 545//545 525//525
f 529//529 546//546 527//527
f 530//530 538//538 529//529
f 545//545 547//547 544//544
f 546//546 549//549 545//545
f 538//538 550//550 546//546
f 537//537 551//551 538//538
f 539//539 552//552 537//537
f 540//540 553//553 539//539
f 541//541 514//514 540//540
f 542//542 517//517 519//519
f 543//543 554//554 542//542
f 544//544 548//548 543//543
f 516//516 515//515 556//556
f 551//551 552//552 550//550
f 550//550 552//552 549//549
f 549//549 552//552 547//547
f 547//547 552//552 548//548
f 548//548 552//552 554//554
f 554//554 552//552 515//515
f 486//486 485//485 559//559
f 488//488 560//560 485//485
f 485//485 560//560 482//482
f 541//541 568//568 559//559
f 473//473 569//569 570//570
f 571//571 572//572 569//569
f 391//391 573//573 569//569
f 574//574 575//575 569//569
f 568//568 576//576 577//577
f 578//578 579//579 580//580
f 559//559 577//577 581//581
f 581//581 577//577 582//582
f 570//570 428//428 473//473
f 583//583 584//584 571//571
f 583//583 571//571 575//575
f 575//575 571//571 569//569
f 570//570 569//569 572//572
f 569//569 473//473 391//391
f 573//573 585//585 574//574
f 573//573 574//574 569//569
f 577//577 559//559 568//568
f 586//586 587//587 578//578
f 586//586 578//578 576//576
f 576//576 578//578 577//577
f 577//577 578//578 580//580
f 581//581 486//486 559//559
f 580//580 588//588 582//582
f 580//580 582//582 577//577
f 589//589 590//590 591//591
f 592//592 593//593 594//594
f 593//593 589//589 595//595
f 596//596 597//597 598//598
f 590//590 596//596 599//599
f 597//597 600//600 601//601
f 602//602 603//603 601//601
f 604//604 592//592 605//605
f 606//606 607//607 608//608
f 609//609 610//610 611//611
f 608//608 607//607 610//610
f 602//602 612//612 609//609
f 613//613 617//617 614//614
f 606//606 615//615 616//616
f 616//616 615//615 617//617
f 603//603 614//614 601//601
f 612//612 602//602 600//600
f 618//618 619//619 620//620
f 621//621 622//622 623//623
f 622//622 618//618 624//624
f 625//625 626//626 627//627
f 619//619 625//625 628//628
f 626//626 629//629 630//630
f 630//630 629//629 631//631
f 632//632 621//621 633//633
f 634//634 635//635 636//636
f 637//637 638//638 639//639
f 635//635 634//634 638//638
f 641//641 643//643 642//642
f 641//641 631//631 643//643
f 635//635 644//644 645//645
f 646//646 645//645 946//946
f 645//645 647//647 642//642
f 631//631 629//629 643//643
f 630//630 648//648 640//640
f 595//595 589//589 591//591
f 605//605 592//592 594//594
f 594//594 593//593 595//595
f 599//599 596//596 598//598
f 591//591 590//590 599//599
f 598//598 597//597 601//601
f 600//600 602//602 601//601
f 605//605 649//649 604//604
f 611//611 650//650 609//609
f 611//611 610//610 607//607
f 609//609 650//650 602//602
f 614//614 651//651 613//613
f 651//651 614//614 603//603
f 607//607 606//606 652//652
f 652//652 606//606 616//616
f 616//616 617//617 613//613
f 624//624 618//618 620//620
f 633//633 621//621 623//623
f 623//623 622//622 624//624
f 628//628 625//625 627//627
f 620//620 619//619 628//628
f 627//627 626//626 630//630
f 648//648 630//630 631//631
f 633//633 653//653 632//632
f 640//640 637//637 639//639
f 639//639 638//638 634//634
f 640//640 648//648 637//637
f 642//642 647//647 641//641
f 636//636 635//635 646//646
f 646//646 635//635 645//645
f 946//946 645//645 642//642
f 654//654 655//655 656//656
f 657//657 658//658 659//659
f 660//660 661//661 662//662
f 663//663 664//664 665//665
f 666//666 1318//1318 667//667
f 668//668 669//669 670//670
f 671//671 672//672 673//673
f 674//674 675//675 676//676
f 677//677 678//678 679//679
f 680//680 681//681 682//682
f 683//683 684//684 654//654
f 683//683 654//654 670//670
f 670//670 654//654 656//656
f 685//685 686//686 657//657
f 685//685 657//657 687//687
f 687//687 657//657 688//688
f 688//688 657//657 689//689
f 689//689 657//657 690//690
f 690//690 657//657 659//659
f 691//691 692//692 660//660
f 691//691 660//660 693//693
f 693//693 660//660 694//694
f 694//694 660//660 695//695
f 695//695 660//660 696//696
f 696//696 660//660 662//662
f 697//697 698//698 663//663
f 697//697 663//663 699//699
f 699//699 663//663 700//700
f 700//700 663//663 701//701
f 701//701 663//663 702//702
f 702//702 663//663 703//703
f 703//703 663//663 665//665
f 704//704 705//705 666//666
f 704//704 666//666 682//682
f 682//682 666//666 706//706
f 706//706 666//666 707//707
f 707//707 666//666 708//708
f 708//708 666//666 667//667
f 709//709 710//710 668//668
f 709//709 668//668 656//656
f 656//656 668//668 670//670
f 711//711 712//712 671//671
f 711//711 671//671 713//713
f 713//713 671//671 714//714
f 714//714 671//671 715//715
f 715//715 671//671 716//716
f 716//716 671//671 673//673
f 717//717 718//718 674//674
f 717//717 674//674 719//719
f 719//719 674//674 720//720
f 720//720 674//674 721//721
f 721//721 674//674 722//722
f 722//722 674//674 676//676
f 723//723 724//724 677//677
f 723//723 677//677 725//725
f 725//725 677//677 726//726
f 726//726 677//677 727//727
f 727//727 677//677 728//728
f 728//728 677//677 729//729
f 729//729 677//677 679//679
f 730//730 731//731 680//680
f 730//730 680//680 732//732
f 732//732 680//680 733//733
f 733//733 680//680 734//734
f 734//734 680//680 706//706
f 706//706 680//680 682//682
f 737//737 738//738 739//739
f 740//740 735//735 741//741
f 742//742 743//743 740//740
f 741//741 735//735 744//744
f 745//745 1205//1205 740//740
f 746//746 770//770 747//747
f 738//738 748//748 741//741
f 749//749 742//742 748//748
f 742//742 750//750 747//747
f 750//750 742//742 751//751
f 751//751 749//749 752//752
f 738//738 737//737 749//749
f 600//600 753//753 612//612
f 753//753 600//600 754//754
f 755//755 756//756 757//757
f 758//758 759//759 760//760
f 761//761 1197//1197 760//760
f 757//757 756//756 1197//1197
f 754//754 736//736 762//762
f 744//744 736//736 600//600
f 763//763 744//744 765//765
f 765//765 744//744 597//597
f 596//596 766//766 597//597
f 608//608 767//767 606//606
f 608//608 610//610 768//768
f 610//610 609//609 769//769
f 612//612 753//753 609//609
f 770//770 745//745 743//743
f 771//771 772//772 1249//1249
f 773//773 774//774 775//775
f 776//776 777//777 778//778
f 776//776 779//779 780//780
f 781//781 771//771 778//778
f 779//779 778//778 1249//1249
f 780//780 779//779 782//782
f 747//747 803//803 746//746
f 777//777 776//776 774//774
f 775//775 776//776 783//783
f 747//747 750//750 780//780
f 784//784 783//783 750//750
f 785//785 786//786 784//784
f 786//786 787//787 775//775
f 640//640 788//788 630//630
f 630//630 788//788 772//772
f 772//772 789//789 790//790
f 791//791 636//636 792//792
f 793//793 792//792 1231//1231
f 794//794 1231//1231 795//795
f 789//789 772//772 796//796
f 630//630 772//772 627//627
f 771//771 781//781 797//797
f 798//798 771//771 799//799
f 800//800 627//627 771//771
f 627//627 800//800 628//628
f 797//797 781//781 774//774
f 636//636 791//791 634//634
f 791//791 801//801 639//639
f 801//801 802//802 640//640
f 788//788 640//640 802//802
f 747//747 780//780 803//803
f 780//780 804//804 803//803
f 744//744 735//735 736//736
f 739//739 805//805 737//737
f 741//741 748//748 740//740
f 748//748 742//742 740//740
f 764//764 741//741 744//744
f 740//740 1205//1205 735//735
f 743//743 745//745 740//740
f 739//739 738//738 741//741
f 738//738 749//749 748//748
f 743//743 742//742 747//747
f 749//749 751//751 742//742
f 752//752 785//785 751//751
f 752//752 749//749 737//737
f 736//736 754//754 600//600
f 762//762 736//736 755//755
f 762//762 755//755 757//757
f 606//606 767//767 758//758
f 606//606 758//758 760//760
f 760//760 759//759 761//761
f 1197//1197 761//761 757//757
f 597//597 744//744 600//600
f 744//744 763//763 764//764
f 597//597 766//766 765//765
f 739//739 741//741 764//764
f 767//767 608//608 768//768
f 768//768 610//610 769//769
f 769//769 609//609 753//753
f 747//747 770//770 743//743
f 778//778 771//771 1249//1249
f 775//775 787//787 773//773
f 779//779 776//776 778//778
f 783//783 776//776 780//780
f 778//778 777//777 781//781
f 782//782 779//779 1249//1249
f 804//804 780//780 782//782
f 775//775 774//774 776//776
f 783//783 784//784 775//775
f 783//783 780//780 750//750
f 750//750 751//751 784//784
f 751//751 785//785 784//784
f 784//784 786//786 775//775
f 796//796 772//772 788//788
f 795//795 806//806 772//772
f 795//795 772//772 790//790
f 793//793 807//807 791//791
f 793//793 791//791 792//792
f 1231//1231 794//794 793//793
f 795//795 790//790 794//794
f 771//771 627//627 772//772
f 799//799 771//771 797//797
f 771//771 798//798 800//800
f 777//777 774//774 781//781
f 634//634 791//791 639//639
f 639//639 801//801 640//640
f 808//808 809//809 737//737
f 810//810 811//811 812//812
f 562//562 563//563 813//813
f 813//813 563//563 808//808
f 814//814 809//809 815//815
f 816//816 814//814 812//812
f 809//809 814//814 752//752
f 814//814 816//816 785//785
f 817//817 787//787 818//818
f 819//819 820//820 821//821
f 787//787 817//817 822//822
f 819//819 810//810 390//390
f 821//821 820//820 818//818
f 811//811 821//821 823//823
f 787//787 786//786 823//823
f 785//785 816//816 786//786
f 813//813 808//808 737//737
f 815//815 824//824 810//810
f 815//815 810//810 812//812
f 737//737 825//825 562//562
f 737//737 562//562 813//813
f 810//810 824//824 808//808
f 810//810 808//808 390//390
f 390//390 808//808 563//563
f 812//812 814//814 815//815
f 812//812 811//811 816//816
f 737//737 809//809 752//752
f 752//752 814//814 785//785
f 818//818 826//826 817//817
f 810//810 819//819 811//811
f 811//811 819//819 821//821
f 566//566 483//483 822//822
f 566//566 822//822 817//817
f 817//817 826//826 819//819
f 817//817 819//819 566//566
f 566//566 819//819 390//390
f 823//823 821//821 818//818
f 816//816 811//811 823//823
f 818//818 787//787 823//823
f 823//823 786//786 816//816
f 827//827 604//604 574//574
f 828//828 829//829 827//827
f 830//830 831//831 829//829
f 832//832 833//833 831//831
f 834//834 835//835 833//833
f 836//836 837//837 835//835
f 838//838 839//839 837//837
f 840//840 841//841 839//839
f 842//842 843//843 841//841
f 844//844 845//845 843//843
f 846//846 825//825 737//737
f 562//562 825//825 847//847
f 562//562 847//847 474//474
f 393//393 399//399 573//573
f 573//573 399//399 848//848
f 848//848 849//849 585//585
f 827//827 574//574 849//849
f 850//850 828//828 849//849
f 400//400 850//850 848//848
f 402//402 851//851 850//850
f 851//851 830//830 828//828
f 404//404 852//852 851//851
f 852//852 832//832 830//830
f 406//406 853//853 852//852
f 853//853 834//834 832//832
f 408//408 854//854 853//853
f 854//854 836//836 834//834
f 410//410 855//855 854//854
f 855//855 838//838 836//836
f 827//827 592//592 604//604
f 829//829 593//593 592//592
f 831//831 589//589 593//593
f 589//589 831//831 590//590
f 835//835 596//596 590//590
f 596//596 835//835 766//766
f 837//837 839//839 765//765
f 839//839 841//841 765//765
f 764//764 763//763 841//841
f 739//739 764//764 843//843
f 412//412 856//856 855//855
f 856//856 840//840 838//838
f 413//413 857//857 856//856
f 857//857 842//842 840//840
f 414//414 858//858 857//857
f 858//858 844//844 842//842
f 415//415 859//859 858//858
f 859//859 860//860 844//844
f 417//417 861//861 859//859
f 861//861 862//862 860//860
f 863//863 864//864 846//846
f 847//847 825//825 864//864
f 396//396 865//865 863//863
f 865//865 866//866 864//864
f 474//474 847//847 866//866
f 861//861 417//417 867//867
f 867//867 846//846 862//862
f 397//397 863//863 867//867
f 805//805 739//739 845//845
f 805//805 845//845 860//860
f 805//805 860//860 737//737
f 809//809 808//808 824//824
f 474//474 866//866 396//396
f 588//588 653//653 868//868
f 869//869 868//868 870//870
f 871//871 870//870 872//872
f 873//873 872//872 874//874
f 875//875 874//874 876//876
f 877//877 876//876 878//878
f 879//879 878//878 880//880
f 881//881 880//880 882//882
f 883//883 882//882 884//884
f 885//885 884//884 886//886
f 887//887 787//787 822//822
f 888//888 822//822 483//483
f 888//888 483//483 560//560
f 486//486 581//581 493//493
f 493//493 581//581 889//889
f 581//581 582//582 869//869
f 588//588 868//868 582//582
f 889//889 869//869 871//871
f 493//493 889//889 890//890
f 495//495 890//890 891//891
f 890//890 871//871 873//873
f 497//497 891//891 892//892
f 891//891 873//873 875//875
f 499//499 892//892 893//893
f 892//892 875//875 877//877
f 501//501 893//893 894//894
f 893//893 877//877 879//879
f 503//503 894//894 895//895
f 894//894 879//879 881//881
f 653//653 633//633 868//868
f 868//868 633//633 623//623
f 870//870 623//623 624//624
f 874//874 872//872 624//624
f 874//874 620//620 628//628
f 878//878 876//876 628//628
f 800//800 798//798 880//880
f 882//882 880//880 799//799
f 882//882 799//799 884//884
f 886//886 884//884 797//797
f 505//505 895//895 896//896
f 895//895 881//881 883//883
f 507//507 896//896 897//897
f 896//896 883//883 885//885
f 508//508 897//897 898//898
f 897//897 885//885 899//899
f 509//509 898//898 900//900
f 898//898 899//899 901//901
f 510//510 900//900 902//902
f 900//900 901//901 887//887
f 903//903 904//904 905//905
f 822//822 888//888 904//904
f 490//490 906//906 907//907
f 906//906 905//905 908//908
f 888//888 560//560 905//905
f 513//513 512//512 902//902
f 902//902 887//887 904//904
f 513//513 903//903 906//906
f 886//886 774//774 773//773
f 886//886 773//773 899//899
f 887//887 901//901 773//773
f 820//820 819//819 826//826
f 907//907 908//908 560//560
f 849//849 828//828 827//827
f 828//828 830//830 829//829
f 830//830 832//832 831//831
f 832//832 834//834 833//833
f 834//834 836//836 835//835
f 836//836 838//838 837//837
f 838//838 840//840 839//839
f 840//840 842//842 841//841
f 842//842 844//844 843//843
f 862//862 846//846 737//737
f 573//573 391//391 393//393
f 573//573 848//848 585//585
f 585//585 849//849 574//574
f 848//848 850//850 849//849
f 848//848 399//399 400//400
f 850//850 400//400 402//402
f 850//850 851//851 828//828
f 851//851 402//402 404//404
f 851//851 852//852 830//830
f 852//852 404//404 406//406
f 852//852 853//853 832//832
f 853//853 406//406 408//408
f 853//853 854//854 834//834
f 854//854 408//408 410//410
f 854//854 855//855 836//836
f 827//827 829//829 592//592
f 829//829 831//831 593//593
f 831//831 833//833 590//590
f 833//833 835//835 590//590
f 835//835 837//837 766//766
f 766//766 837//837 765//765
f 841//841 763//763 765//765
f 843//843 764//764 841//841
f 845//845 739//739 843//843
f 855//855 410//410 412//412
f 855//855 856//856 838//838
f 856//856 412//412 413//413
f 856//856 857//857 840//840
f 857//857 413//413 414//414
f 857//857 858//858 842//842
f 858//858 414//414 415//415
f 858//858 859//859 844//844
f 859//859 415//415 417//417
f 859//859 861//861 860//860
f 867//867 863//863 846//846
f 846//846 864//864 825//825
f 863//863 397//397 396//396
f 863//863 865//865 864//864
f 864//864 866//866 847//847
f 417//417 419//419 867//867
f 861//861 867//867 862//862
f 867//867 419//419 397//397
f 844//844 860//860 845//845
f 862//862 737//737 860//860
f 824//824 815//815 809//809
f 865//865 396//396 866//866
f 871//871 869//869 870//870
f 873//873 871//871 872//872
f 875//875 873//873 874//874
f 877//877 875//875 876//876
f 879//879 877//877 878//878
f 881//881 879//879 880//880
f 883//883 881//881 882//882
f 885//885 883//883 884//884
f 899//899 885//885 886//886
f 904//904 887//887 822//822
f 493//493 484//484 486//486
f 889//889 581//581 869//869
f 869//869 582//582 868//868
f 890//890 889//889 871//871
f 890//890 495//495 493//493
f 891//891 497//497 495//495
f 891//891 890//890 873//873
f 892//892 499//499 497//497
f 892//892 891//891 875//875
f 893//893 501//501 499//499
f 893//893 892//892 877//877
f 894//894 503//503 501//501
f 894//894 893//893 879//879
f 895//895 505//505 503//503
f 895//895 894//894 881//881
f 870//870 868//868 623//623
f 872//872 870//870 624//624
f 620//620 874//874 624//624
f 876//876 874//874 628//628
f 628//628 800//800 878//878
f 878//878 800//800 880//880
f 880//880 798//798 799//799
f 797//797 884//884 799//799
f 774//774 886//886 797//797
f 896//896 507//507 505//505
f 896//896 895//895 883//883
f 897//897 508//508 507//507
f 897//897 896//896 885//885
f 898//898 509//509 508//508
f 898//898 897//897 899//899
f 900//900 510//510 509//509
f 900//900 898//898 901//901
f 902//902 512//512 510//510
f 902//902 900//900 887//887
f 906//906 903//903 905//905
f 905//905 904//904 888//888
f 907//907 561//561 490//490
f 907//907 906//906 908//908
f 908//908 905//905 560//560
f 903//903 513//513 902//902
f 903//903 902//902 904//904
f 906//906 490//490 513//513
f 901//901 899//899 773//773
f 787//787 887//887 773//773
f 826//826 818//818 820//820
f 561//561 907//907 560//560
f 649//649 605//605 909//909
f 605//605 594//594 910//910
f 595//595 911//911 910//910
f 598//598 601//601 912//912
f 599//599 598//598 913//913
f 914//914 915//915 916//916
f 917//917 915//915 918//918
f 919//919 918//918 912//912
f 920//920 921//921 912//912
f 920//920 601//601 614//614
f 922//922 923//923 617//617
f 916//916 924//924 925//925
f 916//916 925//925 914//914
f 915//915 917//917 916//916
f 922//922 617//617 615//615
f 912//912 921//921 919//919
f 911//911 595//595 591//591
f 926//926 591//591 599//599
f 617//617 923//923 614//614
f 922//922 615//615 924//924
f 924//924 615//615 925//925
f 928//928 929//929 621//621
f 929//929 930//930 622//622
f 622//622 930//930 931//931
f 932//932 933//933 629//629
f 934//934 932//932 626//626
f 935//935 936//936 937//937
f 938//938 939//939 936//936
f 939//939 938//938 933//933
f 629//629 933//933 940//940
f 643//643 629//629 941//941
f 946//946 642//642 942//942
f 943//943 944//944 935//935
f 943//943 935//935 937//937
f 935//935 945//945 936//936
f 940//940 933//933 938//938
f 947//947 619//619 618//618
f 934//934 625//625 619//619
f 942//942 642//642 948//948
f 941//941 948//948 643//643
f 646//646 946//946 944//944
f 646//646 944//944 943//943
f 909//909 949//949 649//649
f 909//909 605//605 910//910
f 910//910 594//594 595//595
f 913//913 598//598 912//912
f 913//913 950//950 599//599
f 918//918 919//919 917//917
f 601//601 920//920 912//912
f 591//591 926//926 911//911
f 599//599 950//950 926//926
f 927//927 614//614 923//923
f 920//920 614//614 927//927
f 621//621 632//632 928//928
f 621//621 929//929 622//622
f 931//931 618//618 622//622
f 626//626 932//932 629//629
f 625//625 934//934 626//626
f 936//936 945//945 938//938
f 941//941 629//629 940//940
f 618//618 931//931 947//947
f 619//619 947//947 934//934
f 643//643 948//948 642//642
f 951//951 565//565 564//564
f 952//952 953//953 954//954
f 953//953 952//952 955//955
f 956//956 957//957 958//958
f 957//957 956//956 959//959
f 960//960 961//961 962//962
f 963//963 964//964 965//965
f 966//966 967//967 964//964
f 967//967 966//966 949//949
f 968//968 969//969 970//970
f 971//971 972//972 969//969
f 973//973 974//974 972//972
f 949//949 966//966 583//583
f 428//428 570//570 975//975
f 570//570 572//572 976//976
f 572//572 571//571 977//977
f 571//571 584//584 978//978
f 979//979 966//966 963//963
f 978//978 979//979 980//980
f 977//977 978//978 981//981
f 976//976 977//977 982//982
f 975//975 976//976 983//983
f 975//975 984//984 985//985
f 975//975 985//985 429//429
f 446//446 985//985 986//986
f 987//987 956//956 988//988
f 956//956 987//987 989//989
f 988//988 956//956 990//990
f 991//991 990//990 952//952
f 992//992 951//951 386//386
f 565//565 993//993 395//395
f 993//993 994//994 388//388
f 954//954 994//994 995//995
f 995//995 994//994 996//996
f 997//997 992//992 470//470
f 426//426 991//991 997//997
f 991//991 426//426 988//988
f 989//989 987//987 431//431
f 987//987 988//988 431//431
f 951//951 564//564 386//386
f 995//995 996//996 992//992
f 992//992 996//996 951//951
f 997//997 952//952 995//995
f 998//998 973//973 971//971
f 999//999 1000//1000 1001//1001
f 1000//1000 1002//1002 1003//1003
f 1002//1002 998//998 1004//1004
f 1002//1002 1000//1000 984//984
f 998//998 1002//1002 983//983
f 973//973 998//998 982//982
f 974//974 973//973 981//981
f 1005//1005 974//974 980//980
f 444//444 986//986 1006//1006
f 985//985 984//984 999//999
f 1001//1001 1003//1003 1007//1007
f 1008//1008 1001//1001 1009//1009
f 1006//1006 1008//1008 1010//1010
f 442//442 1006//1006 1011//1011
f 1012//1012 968//968 1013//1013
f 1007//1007 1012//1012 1014//1014
f 1009//1009 1007//1007 1015//1015
f 440//440 1011//1011 1016//1016
f 1010//1010 1009//1009 1017//1017
f 1011//1011 1010//1010 1018//1018
f 955//955 1013//1013 970//970
f 961//961 1019//1019 962//962
f 1013//1013 955//955 1014//1014
f 1015//1015 1014//1014 958//958
f 1017//1017 1015//1015 957//957
f 436//436 1020//1020 989//989
f 989//989 1020//1020 959//959
f 438//438 1016//1016 1020//1020
f 986//986 999//999 1008//1008
f 999//999 986//986 985//985
f 1005//1005 965//965 960//960
f 974//974 1005//1005 1021//1021
f 972//972 1021//1021 962//962
f 388//388 994//994 954//954
f 1020//1020 1018//1018 1017//1017
f 1020//1020 1016//1016 1018//1018
f 970//970 1019//1019 954//954
f 962//962 1019//1019 969//969
f 565//565 951//951 993//993
f 951//951 996//996 993//993
f 388//388 954//954 961//961
f 1012//1012 1004//1004 971//971
f 1004//1004 1012//1012 1003//1003
f 954//954 1019//1019 961//961
f 989//989 959//959 956//956
f 952//952 990//990 955//955
f 584//584 583//583 979//979
f 487//487 567//567 1022//1022
f 1023//1023 1024//1024 1025//1025
f 1026//1026 1025//1025 1027//1027
f 1028//1028 1029//1029 1030//1030
f 1031//1031 1030//1030 1032//1032
f 1033//1033 1034//1034 1035//1035
f 1036//1036 1037//1037 1038//1038
f 1039//1039 1038//1038 1040//1040
f 1041//1041 1040//1040 928//928
f 1042//1042 1043//1043 1044//1044
f 1045//1045 1044//1044 1046//1046
f 1047//1047 1046//1046 1048//1048
f 1041//1041 928//928 1049//1049
f 521//521 1050//1050 576//576
f 1050//1050 1051//1051 586//586
f 1051//1051 1052//1052 587//587
f 1052//1052 1053//1053 578//578
f 1054//1054 1039//1039 1041//1041
f 1055//1055 1054//1054 1049//1049
f 1056//1056 1055//1055 1053//1053
f 1057//1057 1056//1056 1052//1052
f 1058//1058 1057//1057 1051//1051
f 1059//1059 1058//1058 1050//1050
f 1059//1059 1050//1050 536//536
f 535//535 1060//1060 1059//1059
f 1061//1061 1031//1031 1062//1062
f 1062//1062 1031//1031 1063//1063
f 1064//1064 1028//1028 1031//1031
f 1065//1065 1026//1026 1028//1028
f 557//557 480//480 1022//1022
f 567//567 558//558 1066//1066
f 558//558 478//478 1067//1067
f 1023//1023 1067//1067 1024//1024
f 1067//1067 1023//1023 1066//1066
f 556//556 557//557 1068//1068
f 556//556 1065//1065 1064//1064
f 526//526 524//524 1062//1062
f 1061//1061 1062//1062 555//555
f 487//487 1022//1022 479//479
f 1069//1069 1023//1023 1068//1068
f 1069//1069 1068//1068 1022//1022
f 1068//1068 1023//1023 1026//1026
f 1070//1070 1047//1047 1071//1071
f 1072//1072 1073//1073 1074//1074
f 1073//1073 1075//1075 1076//1076
f 1075//1075 1070//1070 1077//1077
f 1057//1057 1058//1058 1074//1074
f 1056//1056 1057//1057 1076//1076
f 1055//1055 1056//1056 1077//1077
f 1054//1054 1055//1055 1071//1071
f 1039//1039 1054//1054 1048//1048
f 533//533 1078//1078 1060//1060
f 1058//1058 1059//1059 1074//1074
f 1079//1079 1080//1080 1075//1075
f 1081//1081 1079//1079 1073//1073
f 1082//1082 1081//1081 1072//1072
f 531//531 1082//1082 1078//1078
f 1083//1083 1042//1042 1045//1045
f 1084//1084 1083//1083 1085//1085
f 1086//1086 1084//1084 1080//1080
f 1088//1088 1086//1086 1079//1079
f 1087//1087 1088//1088 1081//1081
f 1043//1043 1042//1042 1025//1025
f 1034//1034 1089//1089 1035//1035
f 1029//1029 1027//1027 1042//1042
f 1030//1030 1029//1029 1083//1083
f 1032//1032 1030//1030 1084//1084
f 526//526 1063//1063 1090//1090
f 1090//1090 1063//1063 1032//1032
f 528//528 1090//1090 1087//1087
f 1078//1078 1072//1072 1091//1091
f 1060//1060 1091//1091 1059//1059
f 1033//1033 1092//1092 1037//1037
f 1046//1046 1033//1033 1036//1036
f 1034//1034 1033//1033 1044//1044
f 1067//1067 478//478 1024//1024
f 1086//1086 1088//1088 1032//1032
f 1087//1087 1090//1090 1088//1088
f 1025//1025 1024//1024 1089//1089
f 1089//1089 1034//1034 1043//1043
f 1022//1022 567//567 1066//1066
f 1022//1022 1066//1066 1069//1069
f 1024//1024 478//478 1035//1035
f 1047//1047 1070//1070 1045//1045
f 1080//1080 1085//1085 1070//1070
f 1024//1024 1035//1035 1089//1089
f 1063//1063 1031//1031 1032//1032
f 1028//1028 1026//1026 1029//1029
f 1053//1053 1049//1049 579//579
f 995//995 952//952 954//954
f 990//990 956//956 958//958
f 962//962 1021//1021 960//960
f 965//965 1005//1005 963//963
f 963//963 966//966 964//964
f 1013//1013 968//968 970//970
f 969//969 968//968 971//971
f 971//971 973//973 972//972
f 979//979 583//583 966//966
f 975//975 429//429 428//428
f 975//975 570//570 976//976
f 976//976 572//572 977//977
f 977//977 571//571 978//978
f 980//980 979//979 963//963
f 981//981 978//978 980//980
f 982//982 977//977 981//981
f 983//983 976//976 982//982
f 984//984 975//975 983//983
f 985//985 446//446 429//429
f 986//986 444//444 446//446
f 991//991 988//988 990//990
f 997//997 991//991 952//952
f 470//470 992//992 386//386
f 395//395 394//394 565//565
f 395//395 993//993 388//388
f 993//993 996//996 994//994
f 470//470 427//427 997//997
f 997//997 427//427 426//426
f 426//426 432//432 988//988
f 431//431 434//434 989//989
f 988//988 432//432 431//431
f 564//564 387//387 386//386
f 992//992 997//997 995//995
f 1004//1004 998//998 971//971
f 1008//1008 999//999 1001//1001
f 1001//1001 1000//1000 1003//1003
f 1003//1003 1002//1002 1004//1004
f 983//983 1002//1002 984//984
f 982//982 998//998 983//983
f 981//981 973//973 982//982
f 980//980 974//974 981//981
f 963//963 1005//1005 980//980
f 1006//1006 442//442 444//444
f 1000//1000 999//999 984//984
f 1009//1009 1001//1001 1007//1007
f 1010//1010 1008//1008 1009//1009
f 1011//1011 1006//1006 1010//1010
f 1011//1011 440//440 442//442
f 1014//1014 1012//1012 1013//1013
f 1015//1015 1007//1007 1014//1014
f 1017//1017 1009//1009 1015//1015
f 1016//1016 438//438 440//440
f 1018//1018 1010//1010 1017//1017
f 1016//1016 1011//1011 1018//1018
f 953//953 955//955 970//970
f 958//958 1014//1014 955//955
f 957//957 1015//1015 958//958
f 957//957 959//959 1017//1017
f 989//989 434//434 436//436
f 1020//1020 436//436 438//438
f 1006//1006 986//986 1008//1008
f 1021//1021 1005//1005 960//960
f 972//972 974//974 1021//1021
f 969//969 972//972 962//962
f 959//959 1020//1020 1017//1017
f 953//953 970//970 954//954
f 970//970 969//969 1019//1019
f 968//968 1012//1012 971//971
f 1007//1007 1003//1003 1012//1012
f 958//958 955//955 990//990
f 978//978 584//584 979//979
f 1026//1026 1023//1023 1025//1025
f 1031//1031 1028//1028 1030//1030
f 1092//1092 1033//1033 1035//1035
f 1038//1038 1039//1039 1036//1036
f 1041//1041 1039//1039 1040//1040
f 1045//1045 1042//1042 1044//1044
f 1047//1047 1045//1045 1046//1046
f 1071//1071 1047//1047 1048//1048
f 579//579 1049//1049 928//928
f 576//576 568//568 521//521
f 576//576 1050//1050 586//586
f 586//586 1051//1051 587//587
f 587//587 1052//1052 578//578
f 1049//1049 1054//1054 1041//1041
f 1053//1053 1055//1055 1049//1049
f 1052//1052 1056//1056 1053//1053
f 1051//1051 1057//1057 1052//1052
f 1050//1050 1058//1058 1051//1051
f 1050//1050 521//521 536//536
f 1059//1059 536//536 535//535
f 1031//1031 1061//1061 1064//1064
f 1064//1064 1065//1065 1028//1028
f 1068//1068 557//557 1022//1022
f 1066//1066 558//558 1067//1067
f 1069//1069 1066//1066 1023//1023
f 1065//1065 556//556 1068//1068
f 1064//1064 555//555 556//556
f 1061//1061 555//555 1064//1064
f 1063//1063 526//526 1062//1062
f 1062//1062 524//524 555//555
f 1022//1022 480//480 479//479
f 1065//1065 1068//1068 1026//1026
f 1077//1077 1070//1070 1071//1071
f 1091//1091 1072//1072 1074//1074
f 1074//1074 1073//1073 1076//1076
f 1076//1076 1075//1075 1077//1077
f 1076//1076 1057//1057 1074//1074
f 1077//1077 1056//1056 1076//1076
f 1071//1071 1055//1055 1077//1077
f 1048//1048 1054//1054 1071//1071
f 1036//1036 1039//1039 1048//1048
f 1060//1060 535//535 533//533
f 1091//1091 1074//1074 1059//1059
f 1073//1073 1079//1079 1075//1075
f 1072//1072 1081//1081 1073//1073
f 1078//1078 1082//1082 1072//1072
f 1078//1078 533//533 531//531
f 1085//1085 1083//1083 1045//1045
f 1080//1080 1084//1084 1085//1085
f 1079//1079 1086//1086 1080//1080
f 1082//1082 531//531 1087//1087
f 1081//1081 1088//1088 1079//1079
f 1082//1082 1087//1087 1081//1081
f 1027//1027 1025//1025 1042//1042
f 1083//1083 1029//1029 1042//1042
f 1084//1084 1030//1030 1083//1083
f 1086//1086 1032//1032 1084//1084
f 1090//1090 528//528 526//526
f 1060//1060 1078//1078 1091//1091
f 1036//1036 1033//1033 1037//1037
f 1048//1048 1046//1046 1036//1036
f 1046//1046 1044//1044 1033//1033
f 1090//1090 1032//1032 1088//1088
f 1043//1043 1025//1025 1089//1089
f 1044//1044 1043//1043 1034//1034
f 1085//1085 1045//1045 1070//1070
f 1075//1075 1080//1080 1070//1070
f 1027//1027 1029//1029 1026//1026
f 578//578 1053//1053 579//579
f 1093//1093 1094//1094 1114//1114
f 1094//1094 1093//1093 1095//1095
f 1096//1096 1097//1097 1098//1098
f 1099//1099 1100//1100 1093//1093
f 1101//1101 913//913 1102//1102
f 1103//1103 1104//1104 1105//1105
f 913//913 1101//1101 950//950
f 926//926 1106//1106 1107//1107
f 949//949 909//909 967//967
f 1108//1108 1109//1109 1099//1099
f 1110//1110 1111//1111 1112//1112
f 1100//1100 1099//1099 1110//1110
f 1105//1105 1104//1104 1102//1102
f 1108//1108 1099//1099 1102//1102
f 1102//1102 912//912 1108//1108
f 911//911 1107//1107 1113//1113
f 1106//1106 926//926 950//950
f 1097//1097 1096//1096 1105//1105
f 912//912 1102//1102 913//913
f 649//649 575//575 574//574
f 949//949 583//583 575//575
f 909//909 910//910 1113//1113
f 1114//1114 1094//1094 1112//1112
f 1094//1094 1095//1095 1112//1112
f 1116//1116 1138//1138 1117//1117
f 1118//1118 1119//1119 1117//1117
f 1120//1120 1121//1121 1116//1116
f 1119//1119 1118//1118 1122//1122
f 1123//1123 1124//1124 1125//1125
f 1120//1120 1126//1126 1122//1122
f 1127//1127 1128//1128 932//932
f 931//931 1129//1129 1130//1130
f 1040//1040 929//929 928//928
f 1131//1131 1132//1132 1133//1133
f 1118//1118 1134//1134 1135//1135
f 1132//1132 1131//1131 1118//1118
f 1125//1125 1124//1124 1131//1131
f 1131//1131 1133//1133 1125//1125
f 1133//1133 933//933 1125//1125
f 930//930 1136//1136 1129//1129
f 1127//1127 934//934 947//947
f 1116//1116 1121//1121 1138//1138
f 1122//1122 1126//1126 1119//1119
f 1125//1125 933//933 932//932
f 653//653 588//588 580//580
f 632//632 580//580 579//579
f 1136//1136 930//930 1040//1040
f 1137//1137 1135//1135 1117//1117
f 1135//1135 1134//1134 1117//1117
f 1114//1114 1097//1097 1093//1093
f 1093//1093 1100//1100 1095//1095
f 1098//1098 1139//1139 1096//1096
f 1093//1093 1105//1105 1099//1099
f 1104//1104 1103//1103 1101//1101
f 1104//1104 1101//1101 1102//1102
f 1096//1096 1139//1139 1103//1103
f 1096//1096 1103//1103 1105//1105
f 1101//1101 1140//1140 950//950
f 1107//1107 911//911 926//926
f 1100//1100 1110//1110 1095//1095
f 1095//1095 1110//1110 1112//1112
f 1099//1099 1109//1109 1110//1110
f 1099//1099 1105//1105 1102//1102
f 1113//1113 910//910 911//911
f 950//950 1140//1140 1106//1106
f 1097//1097 1114//1114 1098//1098
f 1093//1093 1097//1097 1105//1105
f 574//574 604//604 649//649
f 575//575 649//649 949//949
f 967//967 909//909 1113//1113
f 1115//1115 1114//1114 1112//1112
f 1117//1117 1119//1119 1116//1116
f 1134//1134 1118//1118 1117//1117
f 1126//1126 1120//1120 1116//1116
f 1118//1118 1131//1131 1122//1122
f 932//932 1128//1128 1123//1123
f 932//932 1123//1123 1125//1125
f 1124//1124 1123//1123 1120//1120
f 1124//1124 1120//1120 1122//1122
f 934//934 1127//1127 932//932
f 1130//1130 947//947 931//931
f 1141//1141 1142//1142 1118//1118
f 1141//1141 1118//1118 1135//1135
f 1118//1118 1142//1142 1132//1132
f 1122//1122 1131//1131 1124//1124
f 1129//1129 931//931 930//930
f 947//947 1130//1130 1127//1127
f 1116//1116 1119//1119 1126//1126
f 580//580 632//632 653//653
f 579//579 928//928 632//632
f 929//929 1040//1040 930//930
f 1138//1138 1137//1137 1117//1117
f 1143//1143 1098//1098 1114//1114
f 1098//1098 1143//1143 1139//1139
f 1103//1103 1139//1139 1144//1144
f 1101//1101 1103//1103 1145//1145
f 1140//1140 1101//1101 1146//1146
f 1113//1113 1107//1107 1147//1147
f 1143//1143 1148//1148 1149//1149
f 1144//1144 1143//1143 1150//1150
f 1145//1145 1144//1144 1151//1151
f 1146//1146 1145//1145 1152//1152
f 1153//1153 1146//1146 1154//1154
f 961//961 960//960 1155//1155
f 967//967 1113//1113 965//965
f 1147//1147 1107//1107 1106//1106
f 1156//1156 1106//1106 1140//1140
f 1155//1155 1156//1156 1153//1153
f 960//960 965//965 1147//1147
f 1157//1157 1137//1137 1138//1138
f 1158//1158 1159//1159 1121//1121
f 1160//1160 1158//1158 1120//1120
f 1161//1161 1160//1160 1123//1123
f 1162//1162 1161//1161 1128//1128
f 1037//1037 1163//1163 1129//1129
f 1164//1164 1165//1165 1157//1157
f 1166//1166 1164//1164 1159//1159
f 1167//1167 1166//1166 1158//1158
f 1168//1168 1167//1167 1160//1160
f 1169//1169 1168//1168 1161//1161
f 1170//1170 1092//1092 1035//1035
f 1038//1038 1037//1037 1136//1136
f 1171//1171 1130//1130 1129//1129
f 1162//1162 1127//1127 1130//1130
f 1169//1169 1162//1162 1171//1171
f 1170//1170 1171//1171 1163//1163
f 1148//1148 1143//1143 1115//1115
f 1115//1115 1143//1143 1114//1114
f 1144//1144 1139//1139 1143//1143
f 1145//1145 1103//1103 1144//1144
f 1146//1146 1101//1101 1145//1145
f 1146//1146 1153//1153 1140//1140
f 965//965 1113//1113 1147//1147
f 1150//1150 1143//1143 1149//1149
f 1151//1151 1144//1144 1150//1150
f 1152//1152 1145//1145 1151//1151
f 1154//1154 1146//1146 1152//1152
f 1154//1154 1172//1172 1153//1153
f 965//965 964//964 967//967
f 1106//1106 1156//1156 1147//1147
f 1153//1153 1156//1156 1140//1140
f 1153//1153 1172//1172 1155//1155
f 1155//1155 960//960 1156//1156
f 1156//1156 960//960 1147//1147
f 1121//1121 1159//1159 1157//1157
f 1121//1121 1157//1157 1138//1138
f 1120//1120 1158//1158 1121//1121
f 1123//1123 1160//1160 1120//1120
f 1128//1128 1161//1161 1123//1123
f 1127//1127 1162//1162 1128//1128
f 1136//1136 1037//1037 1129//1129
f 1159//1159 1164//1164 1157//1157
f 1158//1158 1166//1166 1159//1159
f 1160//1160 1167//1167 1158//1158
f 1161//1161 1168//1168 1160//1160
f 1162//1162 1169//1169 1161//1161
f 1136//1136 1040//1040 1038//1038
f 1163//1163 1171//1171 1129//1129
f 1171//1171 1162//1162 1130//1130
f 1171//1171 1170//1170 1169//1169
f 1092//1092 1170//1170 1037//1037
f 1037//1037 1170//1170 1163//1163
f 1173//1173 1174//1174 1175//1175
f 1176//1176 1177//1177 1178//1178
f 1179//1179 1180//1180 1177//1177
f 1175//1175 1174//1174 1181//1181
f 1182//1182 1183//1183 1184//1184
f 1181//1181 915//915 914//914
f 1185//1185 1186//1186 925//925
f 1187//1187 912//912 918//918
f 1188//1188 1189//1189 1190//1190
f 1189//1189 1191//1191 1192//1192
f 1192//1192 1191//1191 1193//1193
f 1194//1194 1193//1193 1195//1195
f 1194//1194 1176//1176 1196//1196
f 1198//1198 1199//1199 1200//1200
f 1200//1200 1201//1201 1194//1194
f 1201//1201 1202//1202 1176//1176
f 606//606 1188//1188 1185//1185
f 1189//1189 1188//1188 760//760
f 1191//1191 1189//1189 1197//1197
f 1204//1204 1198//1198 756//756
f 1204//1204 1205//1205 1199//1199
f 1199//1199 1205//1205 1206//1206
f 1207//1207 1208//1208 1179//1179
f 1206//1206 1207//1207 1202//1202
f 770//770 1209//1209 1210//1210
f 1180//1180 1179//1179 1211//1211
f 1207//1207 1206//1206 1210//1210
f 1212//1212 770//770 746//746
f 1199//1199 1206//1206 1201//1201
f 1205//1205 1204//1204 735//735
f 1204//1204 755//755 736//736
f 1195//1195 1193//1193 1213//1213
f 1213//1213 1214//1214 1200//1200
f 1213//1213 1193//1193 1191//1191
f 1191//1191 1197//1197 1214//1214
f 756//756 1198//1198 1197//1197
f 914//914 1182//1182 1175//1175
f 1193//1193 1196//1196 1178//1178
f 1215//1215 1186//1186 1203//1203
f 1183//1183 1182//1182 1186//1186
f 1182//1182 914//914 925//925
f 1186//1186 1185//1185 1203//1203
f 1187//1187 918//918 915//915
f 912//912 1187//1187 1108//1108
f 1175//1175 1181//1181 914//914
f 1202//1202 1179//1179 1176//1176
f 1184//1184 1216//1216 1217//1217
f 1178//1178 1177//1177 1218//1218
f 1177//1177 1180//1180 1219//1219
f 1217//1217 1216//1216 1220//1220
f 1184//1184 1183//1183 1216//1216
f 937//937 936//936 1220//1220
f 646//646 943//943 1221//1221
f 939//939 933//933 1222//1222
f 1223//1223 1224//1224 1225//1225
f 1224//1224 1226//1226 1227//1227
f 1227//1227 1226//1226 1228//1228
f 1229//1229 1228//1228 1230//1230
f 1228//1228 1218//1218 1219//1219
f 1232//1232 1233//1233 1234//1234
f 1229//1229 1230//1230 1235//1235
f 1230//1230 1219//1219 1236//1236
f 1237//1237 1238//1238 1223//1223
f 646//646 1237//1237 1239//1239
f 636//636 1239//1239 1225//1225
f 792//792 1225//1225 1227//1227
f 806//806 795//795 1240//1240
f 1240//1240 1234//1234 1241//1241
f 1241//1241 1234//1234 1242//1242
f 1236//1236 1243//1243 1244//1244
f 1235//1235 1236//1236 1245//1245
f 804//804 1242//1242 1246//1246
f 1244//1244 1243//1243 1180//1180
f 1246//1246 1242//1242 1247//1247
f 1248//1248 746//746 803//803
f 1233//1233 1235//1235 1247//1247
f 804//804 782//782 1241//1241
f 1249//1249 772//772 806//806
f 1228//1228 1229//1229 1250//1250
f 1233//1233 1232//1232 1229//1229
f 1228//1228 1250//1250 1227//1227
f 1250//1250 1232//1232 1231//1231
f 1240//1240 795//795 1232//1232
f 1216//1216 1251//1251 937//937
f 1223//1223 1238//1238 1252//1252
f 1224//1224 1223//1223 1226//1226
f 1252//1252 1238//1238 1221//1221
f 1215//1215 1221//1221 1251//1251
f 1221//1221 943//943 937//937
f 1238//1238 1237//1237 1221//1221
f 1220//1220 936//936 939//939
f 1222//1222 933//933 1133//1133
f 1216//1216 937//937 1220//1220
f 1243//1243 1236//1236 1219//1219
f 1175//1175 1184//1184 1173//1173
f 1196//1196 1176//1176 1178//1178
f 1176//1176 1179//1179 1177//1177
f 1175//1175 1182//1182 1184//1184
f 925//925 615//615 1185//1185
f 1203//1203 1188//1188 1190//1190
f 1190//1190 1189//1189 1192//1192
f 1193//1193 1194//1194 1196//1196
f 1200//1200 1214//1214 1198//1198
f 1194//1194 1195//1195 1200//1200
f 1194//1194 1201//1201 1176//1176
f 1185//1185 1188//1188 1203//1203
f 1185//1185 615//615 606//606
f 1188//1188 606//606 760//760
f 1189//1189 760//760 1197//1197
f 755//755 1204//1204 756//756
f 1198//1198 1204//1204 1199//1199
f 1210//1210 1206//1206 1205//1205
f 1202//1202 1207//1207 1179//1179
f 1201//1201 1206//1206 1202//1202
f 1210//1210 745//745 770//770
f 1179//1179 1208//1208 1211//1211
f 1210//1210 1209//1209 1207//1207
f 746//746 1248//1248 1212//1212
f 770//770 1212//1212 1209//1209
f 1200//1200 1199//1199 1201//1201
f 745//745 1210//1210 1205//1205
f 735//735 1204//1204 736//736
f 1195//1195 1213//1213 1200//1200
f 1213//1213 1191//1191 1214//1214
f 1214//1214 1197//1197 1198//1198
f 1192//1192 1193//1193 1190//1190
f 1190//1190 1193//1193 1203//1203
f 1203//1203 1193//1193 1252//1252
f 1252//1252 1193//1193 1178//1178
f 1203//1203 1252//1252 1215//1215
f 1186//1186 1215//1215 1183//1183
f 1186//1186 1182//1182 925//925
f 915//915 1181//1181 1187//1187
f 1173//1173 1184//1184 1217//1217
f 1219//1219 1218//1218 1177//1177
f 1243//1243 1219//1219 1180//1180
f 1251//1251 1216//1216 1183//1183
f 1237//1237 646//646 1221//1221
f 1225//1225 1239//1239 1223//1223
f 1225//1225 1224//1224 1227//1227
f 1230//1230 1228//1228 1219//1219
f 1240//1240 1232//1232 1234//1234
f 1233//1233 1229//1229 1235//1235
f 1235//1235 1230//1230 1236//1236
f 1239//1239 1237//1237 1223//1223
f 1239//1239 636//636 646//646
f 1225//1225 792//792 636//636
f 1227//1227 1231//1231 792//792
f 1240//1240 1249//1249 806//806
f 1249//1249 1240//1240 1241//1241
f 1247//1247 1242//1242 1234//1234
f 1245//1245 1236//1236 1244//1244
f 1247//1247 1235//1235 1245//1245
f 1246//1246 803//803 804//804
f 1180//1180 1211//1211 1244//1244
f 1247//1247 1245//1245 1246//1246
f 803//803 1325//1325 1248//1248
f 803//803 1246//1246 1325//1325
f 1234//1234 1233//1233 1247//1247
f 1242//1242 804//804 1241//1241
f 1241//1241 782//782 1249//1249
f 1250//1250 1229//1229 1232//1232
f 1227//1227 1250//1250 1231//1231
f 1231//1231 1232//1232 795//795
f 1228//1228 1226//1226 1218//1218
f 1218//1218 1226//1226 1178//1178
f 1178//1178 1226//1226 1252//1252
f 1252//1252 1226//1226 1223//1223
f 1215//1215 1252//1252 1221//1221
f 1183//1183 1215//1215 1251//1251
f 1251//1251 1221//1221 937//937
f 939//939 1222//1222 1220//1220
f 1253//1253 1174//1174 1173//1173
f 1211//1211 1208//1208 1254//1254
f 1212//1212 1248//1248 1255//1255
f 1209//1209 1212//1212 1256//1256
f 1207//1207 1209//1209 1257//1257
f 1208//1208 1207//1207 1258//1258
f 1257//1257 1256//1256 655//655
f 1258//1258 1257//1257 654//654
f 1254//1254 1258//1258 684//684
f 1259//1259 1254//1254 683//683
f 1256//1256 1255//1255 656//656
f 916//916 917//917 1260//1260
f 924//924 916//916 1261//1261
f 922//922 924//924 1262//1262
f 923//923 922//922 1263//1263
f 927//927 923//923 1264//1264
f 920//920 927//927 1265//1265
f 921//921 920//920 1266//1266
f 919//919 921//921 1267//1267
f 917//917 919//919 1268//1268
f 616//616 613//613 1269//1269
f 652//652 616//616 1270//1270
f 607//607 652//652 1271//1271
f 611//611 607//607 1272//1272
f 650//650 611//611 1273//1273
f 602//602 650//650 1274//1274
f 603//603 602//602 1275//1275
f 651//651 603//603 1276//1276
f 613//613 651//651 1277//1277
f 768//768 769//769 1278//1278
f 767//767 768//768 1279//1279
f 758//758 767//767 1280//1280
f 759//759 758//758 1281//1281
f 761//761 759//759 1282//1282
f 757//757 761//761 1283//1283
f 762//762 757//757 1284//1284
f 754//754 762//762 1285//1285
f 753//753 754//754 1286//1286
f 769//769 753//753 1287//1287
f 1263//1263 1262//1262 1288//1288
f 1264//1264 1263//1263 1289//1289
f 1265//1265 1264//1264 1290//1290
f 1266//1266 1265//1265 1291//1291
f 1267//1267 1266//1266 1292//1292
f 1268//1268 1267//1267 1293//1293
f 1260//1260 1268//1268 1294//1294
f 1261//1261 1260//1260 1295//1295
f 1262//1262 1261//1261 1296//1296
f 1272//1272 1271//1271 1297//1297
f 1273//1273 1272//1272 1298//1298
f 1274//1274 1273//1273 1299//1299
f 1275//1275 1274//1274 1300//1300
f 1276//1276 1275//1275 1301//1301
f 1277//1277 1276//1276 1302//1302
f 1269//1269 1277//1277 1303//1303
f 1270//1270 1269//1269 1304//1304
f 1271//1271 1270//1270 1305//1305
f 1282//1282 1281//1281 1306//1306
f 1283//1283 1282//1282 1307//1307
f 1284//1284 1283//1283 1308//1308
f 1285//1285 1284//1284 1309//1309
f 1286//1286 1285//1285 1310//1310
f 1287//1287 1286//1286 1311//1311
f 1278//1278 1287//1287 1312//1312
f 1279//1279 1278//1278 1313//1313
f 1280//1280 1279//1279 1314//1314
f 1281//1281 1280//1280 1315//1315
f 1295//1295 1294//1294 689//689
f 1296//1296 1295//1295 690//690
f 1288//1288 1296//1296 659//659
f 1289//1289 1288//1288 658//658
f 1290//1290 1289//1289 657//657
f 1291//1291 1290//1290 686//686
f 1292//1292 1291//1291 685//685
f 1293//1293 1292//1292 687//687
f 1294//1294 1293//1293 688//688
f 1304//1304 1303//1303 695//695
f 1305//1305 1304//1304 696//696
f 1297//1297 1305//1305 662//662
f 1298//1298 1297//1297 661//661
f 1299//1299 1298//1298 660//660
f 1300//1300 1299//1299 692//692
f 1301//1301 1300//1300 691//691
f 1302//1302 1301//1301 693//693
f 1303//1303 1302//1302 694//694
f 1314//1314 1313//1313 701//701
f 1315//1315 1314//1314 702//702
f 1306//1306 1315//1315 703//703
f 1307//1307 1306//1306 665//665
f 1308//1308 1307//1307 664//664
f 1309//1309 1308//1308 663//663
f 1310//1310 1309//1309 698//698
f 1311//1311 1310//1310 697//697
f 1312//1312 1311//1311 699//699
f 1313//1313 1312//1312 700//700
f 1253//1253 1316//1316 1181//1181
f 1316//1316 1317//1317 1187//1187
f 1317//1317 1318//1318 1108//1108
f 1318//1318 1319//1319 1109//1109
f 1319//1319 1320//1320 1110//1110
f 1320//1320 1321//1321 1111//1111
f 706//706 707//707 1253//1253
f 707//707 708//708 1316//1316
f 708//708 667//667 1317//1317
f 1318//1318 666//666 1319//1319
f 666//666 705//705 1320//1320
f 705//705 704//704 1321//1321
f 704//704 682//682 1321//1321
f 1323//1323 1173//1173 1217//1217
f 1259//1259 1324//1324 1244//1244
f 1255//1255 1248//1248 1325//1325
f 1327//1327 1326//1326 1246//1246
f 1324//1324 1327//1327 1245//1245
f 710//710 709//709 1325//1325
f 668//668 710//710 1326//1326
f 669//669 668//668 1327//1327
f 670//670 669//669 1324//1324
f 656//656 1255//1255 709//709
f 1328//1328 1329//1329 945//945
f 1330//1330 1328//1328 935//935
f 1331//1331 1330//1330 944//944
f 1332//1332 1331//1331 946//946
f 1333//1333 1332//1332 942//942
f 1334//1334 1333//1333 948//948
f 1335//1335 1334//1334 941//941
f 1336//1336 1335//1335 940//940
f 1329//1329 1336//1336 938//938
f 1337//1337 1338//1338 647//647
f 1339//1339 1337//1337 645//645
f 1340//1340 1339//1339 644//644
f 1341//1341 1340//1340 635//635
f 1342//1342 1341//1341 638//638
f 1343//1343 1342//1342 637//637
f 1344//1344 1343//1343 648//648
f 1345//1345 1344//1344 631//631
f 1338//1338 1345//1345 641//641
f 1346//1346 1347//1347 802//802
f 1348//1348 1346//1346 801//801
f 1349//1349 1348//1348 791//791
f 1350//1350 1349//1349 807//807
f 1351//1351 1350//1350 793//793
f 1352//1352 1351//1351 794//794
f 1353//1353 1352//1352 790//790
f 1354//1354 1353//1353 789//789
f 1355//1355 1354//1354 796//796
f 1347//1347 1355//1355 788//788
f 1356//1356 1357//1357 1330//1330
f 1358//1358 1356//1356 1331//1331
f 1359//1359 1358//1358 1332//1332
f 1360//1360 1359//1359 1333//1333
f 1361//1361 1360//1360 1334//1334
f 1362//1362 1361//1361 1335//1335
f 1363//1363 1362//1362 1336//1336
f 1364//1364 1363//1363 1329//1329
f 1357//1357 1364//1364 1328//1328
f 1365//1365 1366//1366 1339//1339
f 1367//1367 1365//1365 1340//1340
f 1368//1368 1367//1367 1341//1341
f 1369//1369 1368//1368 1342//1342
f 1370//1370 1369//1369 1343//1343
f 1371//1371 1370//1370 1344//1344
f 1372//1372 1371//1371 1345//1345
f 1373//1373 1372//1372 1338//1338
f 1366//1366 1373//1373 1337//1337
f 1374//1374 1375//1375 1349//1349
f 1376//1376 1374//1374 1350//1350
f 1377//1377 1376//1376 1351//1351
f 1378//1378 1377//1377 1352//1352
f 1379//1379 1378//1378 1353//1353
f 1380//1380 1379//1379 1354//1354
f 1381//1381 1380//1380 1355//1355
f 1382//1382 1381//1381 1347//1347
f 1383//1383 1382//1382 1346//1346
f 1375//1375 1383//1383 1348//1348
f 714//714 715//715 1362//1362
f 713//713 714//714 1363//1363
f 711//711 713//713 1364//1364
f 712//712 711//711 1357//1357
f 671//671 712//712 1356//1356
f 672//672 671//671 1358//1358
f 673//673 672//672 1359//1359
f 716//716 673//673 1360//1360
f 715//715 716//716 1361//1361
f 720//720 721//721 1371//1371
f 719//719 720//720 1372//1372
f 717//717 719//719 1373//1373
f 718//718 717//717 1366//1366
f 674//674 718//718 1365//1365
f 675//675 674//674 1367//1367
f 676//676 675//675 1368//1368
f 722//722 676//676 1369//1369
f 721//721 722//722 1370//1370
f 727//727 728//728 1381//1381
f 726//726 727//727 1382//1382
f 725//725 726//726 1383//1383
f 723//723 725//725 1375//1375
f 724//724 723//723 1374//1374
f 677//677 724//724 1376//1376
f 678//678 677//677 1377//1377
f 679//679 678//678 1378//1378
f 729//729 679//679 1379//1379
f 728//728 729//729 1380//1380
f 1217//1217 1220//1220 1384//1384
f 1220//1220 1222//1222 1385//1385
f 1222//1222 1133//1133 1386//1386
f 1133//1133 1132//1132 1387//1387
f 1132//1132 1142//1142 1388//1388
f 1142//1142 1141//1141 1389//1389
f 1322//1322 1321//1321 1141//1141
f 1323//1323 1390//1390 734//734
f 1390//1390 1384//1384 733//733
f 1384//1384 1385//1385 732//732
f 1385//1385 1386//1386 730//730
f 1386//1386 1387//1387 731//731
f 1387//1387 1388//1388 680//680
f 1388//1388 1389//1389 681//681
f 1321//1321 682//682 1389//1389
f 1173//1173 1323//1323 1253//1253
f 1254//1254 1259//1259 1211//1211
f 1256//1256 1212//1212 1255//1255
f 1257//1257 1209//1209 1256//1256
f 1258//1258 1207//1207 1257//1257
f 1254//1254 1208//1208 1258//1258
f 654//654 1257//1257 655//655
f 684//684 1258//1258 654//654
f 683//683 1254//1254 684//684
f 683//683 670//670 1259//1259
f 655//655 1256//1256 656//656
f 1261//1261 916//916 1260//1260
f 1262//1262 924//924 1261//1261
f 1263//1263 922//922 1262//1262
f 1264//1264 923//923 1263//1263
f 1265//1265 927//927 1264//1264
f 1266//1266 920//920 1265//1265
f 1267//1267 921//921 1266//1266
f 1268//1268 919//919 1267//1267
f 1260//1260 917//917 1268//1268
f 1270//1270 616//616 1269//1269
f 1271//1271 652//652 1270//1270
f 1272//1272 607//607 1271//1271
f 1273//1273 611//611 1272//1272
f 1274//1274 650//650 1273//1273
f 1275//1275 602//602 1274//1274
f 1276//1276 603//603 1275//1275
f 1277//1277 651//651 1276//1276
f 1269//1269 613//613 1277//1277
f 1279//1279 768//768 1278//1278
f 1280//1280 767//767 1279//1279
f 1281//1281 758//758 1280//1280
f 1282//1282 759//759 1281//1281
f 1283//1283 761//761 1282//1282
f 1284//1284 757//757 1283//1283
f 1285//1285 762//762 1284//1284
f 1286//1286 754//754 1285//1285
f 1287//1287 753//753 1286//1286
f 1278//1278 769//769 1287//1287
f 1289//1289 1263//1263 1288//1288
f 1290//1290 1264//1264 1289//1289
f 1291//1291 1265//1265 1290//1290
f 1292//1292 1266//1266 1291//1291
f 1293//1293 1267//1267 1292//1292
f 1294//1294 1268//1268 1293//1293
f 1295//1295 1260//1260 1294//1294
f 1296//1296 1261//1261 1295//1295
f 1288//1288 1262//1262 1296//1296
f 1298//1298 1272//1272 1297//1297
f 1299//1299 1273//1273 1298//1298
f 1300//1300 1274//1274 1299//1299
f 1301//1301 1275//1275 1300//1300
f 1302//1302 1276//1276 1301//1301
f 1303//1303 1277//1277 1302//1302
f 1304//1304 1269//1269 1303//1303
f 1305//1305 1270//1270 1304//1304
f 1297//1297 1271//1271 1305//1305
f 1307//1307 1282//1282 1306//1306
f 1308//1308 1283//1283 1307//1307
f 1309//1309 1284//1284 1308//1308
f 1310//1310 1285//1285 1309//1309
f 1311//1311 1286//1286 1310//1310
f 1312//1312 1287//1287 1311//1311
f 1313//1313 1278//1278 1312//1312
f 1314//1314 1279//1279 1313//1313
f 1315//1315 1280//1280 1314//1314
f 1306//1306 1281//1281 1315//1315
f 690//690 1295//1295 689//689
f 659//659 1296//1296 690//690
f 658//658 1288//1288 659//659
f 657//657 1289//1289 658//658
f 686//686 1290//1290 657//657
f 685//685 1291//1291 686//686
f 687//687 1292//1292 685//685
f 688//688 1293//1293 687//687
f 689//689 1294//1294 688//688
f 696//696 1304//1304 695//695
f 662//662 1305//1305 696//696
f 661//661 1297//1297 662//662
f 660//660 1298//1298 661//661
f 692//692 1299//1299 660//660
f 691//691 1300//1300 692//692
f 693//693 1301//1301 691//691
f 694//694 1302//1302 693//693
f 695//695 1303//1303 694//694
f 702//702 1314//1314 701//701
f 703//703 1315//1315 702//702
f 665//665 1306//1306 703//703
f 664//664 1307//1307 665//665
f 663//663 1308//1308 664//664
f 698//698 1309//1309 663//663
f 697//697 1310//1310 698//698
f 699//699 1311//1311 697//697
f 700//700 1312//1312 699//699
f 701//701 1313//1313 700//700
f 1174//1174 1253//1253 1181//1181
f 1181//1181 1316//1316 1187//1187
f 1187//1187 1317//1317 1108//1108
f 1108//1108 1318//1318 1109//1109
f 1109//1109 1319//1319 1110//1110
f 1110//1110 1320//1320 1111//1111
f 1111//1111 1321//1321 1322//1322
f 1253//1253 1323//1323 706//706
f 1253//1253 707//707 1316//1316
f 1316//1316 708//708 1317//1317
f 1317//1317 667//667 1318//1318
f 1319//1319 666//666 1320//1320
f 1320//1320 705//705 1321//1321
f 1390//1390 1323//1323 1217//1217
f 1211//1211 1259//1259 1244//1244
f 1246//1246 1326//1326 1325//1325
f 1245//1245 1327//1327 1246//1246
f 1244//1244 1324//1324 1245//1245
f 1326//1326 710//710 1325//1325
f 1327//1327 668//668 1326//1326
f 1324//1324 669//669 1327//1327
f 1259//1259 670//670 1324//1324
f 1325//1325 709//709 1255//1255
f 935//935 1328//1328 945//945
f 944//944 1330//1330 935//935
f 946//946 1331//1331 944//944
f 942//942 1332//1332 946//946
f 948//948 1333//1333 942//942
f 941//941 1334//1334 948//948
f 940//940 1335//1335 941//941
f 938//938 1336//1336 940//940
f 945//945 1329//1329 938//938
f 645//645 1337//1337 647//647
f 644//644 1339//1339 645//645
f 635//635 1340//1340 644//644
f 638//638 1341//1341 635//635
f 637//637 1342//1342 638//638
f 648//648 1343//1343 637//637
f 631//631 1344//1344 648//648
f 641//641 1345//1345 631//631
f 647//647 1338//1338 641//641
f 801//801 1346//1346 802//802
f 791//791 1348//1348 801//801
f 807//807 1349//1349 791//791
f 793//793 1350//1350 807//807
f 794//794 1351//1351 793//793
f 790//790 1352//1352 794//794
f 789//789 1353//1353 790//790
f 796//796 1354//1354 789//789
f 788//788 1355//1355 796//796
f 802//802 1347//1347 788//788
f 1331//1331 1356//1356 1330//1330
f 1332//1332 1358//1358 1331//1331
f 1333//1333 1359//1359 1332//1332
f 1334//1334 1360//1360 1333//1333
f 1335//1335 1361//1361 1334//1334
f 1336//1336 1362//1362 1335//1335
f 1329//1329 1363//1363 1336//1336
f 1328//1328 1364//1364 1329//1329
f 1330//1330 1357//1357 1328//1328
f 1340//1340 1365//1365 1339//1339
f 1341//1341 1367//1367 1340//1340
f 1342//1342 1368//1368 1341//1341
f 1343//1343 1369//1369 1342//1342
f 1344//1344 1370//1370 1343//1343
f 1345//1345 1371//1371 1344//1344
f 1338//1338 1372//1372 1345//1345
f 1337//1337 1373//1373 1338//1338
f 1339//1339 1366//1366 1337//1337
f 1350//1350 1374//1374 1349//1349
f 1351//1351 1376//1376 1350//1350
f 1352//1352 1377//1377 1351//1351
f 1353//1353 1378//1378 1352//1352
f 1354//1354 1379//1379 1353//1353
f 1355//1355 1380//1380 1354//1354
f 1347//1347 1381//1381 1355//1355
f 1346//1346 1382//1382 1347//1347
f 1348//1348 1383//1383 1346//1346
f 1349//1349 1375//1375 1348//1348
f 1363//1363 714//714 1362//1362
f 1364//1364 713//713 1363//1363
f 1357//1357 711//711 1364//1364
f 1356//1356 712//712 1357//1357
f 1358//1358 671//671 1356//1356
f 1359//1359 672//672 1358//1358
f 1360//1360 673//673 1359//1359
f 1361//1361 716//716 1360//1360
f 1362//1362 715//715 1361//1361
f 1372//1372 720//720 1371//1371
f 1373//1373 719//719 1372//1372
f 1366//1366 717//717 1373//1373
f 1365//1365 718//718 1366//1366
f 1367//1367 674//674 1365//1365
f 1368//1368 675//675 1367//1367
f 1369//1369 676//676 1368//1368
f 1370//1370 722//722 1369//1369
f 1371//1371 721//721 1370//1370
f 1382//1382 727//727 1381//1381
f 1383//1383 726//726 1382//1382
f 1375//1375 725//725 1383//1383
f 1374//1374 723//723 1375//1375
f 1376//1376 724//724 1374//1374
f 1377//1377 677//677 1376//1376
f 1378//1378 678//678 1377//1377
f 1379//1379 679//679 1378//1378
f 1380//1380 729//729 1379//1379
f 1381//1381 728//728 1380//1380
f 1390//1390 1217//1217 1384//1384
f 1384//1384 1220//1220 1385//1385
f 1385//1385 1222//1222 1386//1386
f 1386//1386 1133//1133 1387//1387
f 1387//1387 1132//1132 1388//1388
f 1388//1388 1142//1142 1389//1389
f 1389//1389 1141//1141 1321//1321
f 706//706 1323//1323 734//734
f 734//734 1390//1390 733//733
f 733//733 1384//1384 732//732
f 732//732 1385//1385 730//730
f 730//730 1386//1386 731//731
f 731//731 1387//1387 680//680
f 680//680 1388//1388 681//681
f 681//681 1389//1389 682//682
f 1111//1111 1322//1322 1112//1112
f 1115//1115 1112//1112 1391//1391
f 1148//1148 1115//1115 1393//1393
f 1149//1149 1148//1148 1394//1394
f 1112//1112 1322//1322 1391//1391
f 1396//1396 1395//1395 1394//1394
f 1396//1396 1394//1394 1393//1393
f 1397//1397 1393//1393 1391//1391
f 1398//1398 1399//1399 1400//1400
f 1135//1135 1322//1322 1141//1141
f 1401//1401 1399//1399 1135//1135
f 1402//1402 1401//1401 1137//1137
f 1403//1403 1402//1402 1157//1157
f 1322//1322 1135//1135 1398//1398
f 1402//1402 1403//1403 1404//1404
f 1401//1401 1402//1402 1404//1404
f 1399//1399 1401//1401 1400//1400
f 1405//1405 1406//1406 1407//1407
f 1404//1404 1405//1405 1396//1396
f 1322//1322 1398//1398 1392//1392
f 1400//1400 1404//1404 1397//1397
f 1393//1393 1115//1115 1391//1391
f 1394//1394 1148//1148 1393//1393
f 1394//1394 1395//1395 1149//1149
f 1392//1392 1391//1391 1322//1322
f 1393//1393 1397//1397 1396//1396
f 1391//1391 1392//1392 1397//1397
f 1137//1137 1401//1401 1135//1135
f 1157//1157 1402//1402 1137//1137
f 1157//1157 1165//1165 1403//1403
f 1399//1399 1398//1398 1135//1135
f 1405//1405 1404//1404 1403//1403
f 1404//1404 1400//1400 1401//1401
f 1398//1398 1400//1400 1392//1392
f 1396//1396 1405//1405 1408//1408
f 1408//1408 1405//1405 1407//1407
f 1397//1397 1404//1404 1396//1396
f 1392//1392 1400//1400 1397//1397
f 1410//1410 1407//1407 1411//1411
f 1150//1150 1149//1149 1407//1407
f 1151//1151 1150//1150 1410//1410
f 961//961 1155//1155 1172//1172
f 1412//1412 1413//1413 1414//1414
f 1415//1415 389//389 388//388
f 1152//1152 1151//1151 1416//1416
f 1417//1417 1418//1418 388//388
f 1417//1417 1419//1419 1416//1416
f 1417//1417 1416//1416 1424//1424
f 1152//1152 1419//1419 1154//1154
f 1407//1407 1149//1149 1395//1395
f 1409//1409 1420//1420 1421//1421
f 1424//1424 1409//1409 1423//1423
f 1418//1418 1417//1417 1425//1425
f 1426//1426 1418//1418 1427//1427
f 1429//1429 1426//1426 1428//1428
f 1430//1430 1431//1431 1432//1432
f 1433//1433 1430//1430 1434//1434
f 1415//1415 1433//1433 1435//1435
f 1421//1421 1420//1420 1436//1436
f 1422//1422 1421//1421 1437//1437
f 1445//1445 1438//1438 1423//1423
f 1446//1446 1439//1439 1424//1424
f 1440//1440 1425//1425 1424//1424
f 1425//1425 1440//1440 1427//1427
f 1428//1428 1427//1427 1448//1448
f 1429//1429 1428//1428 1441//1441
f 1431//1431 1429//1429 1442//1442
f 1443//1443 1444//1444 1445//1445
f 1439//1439 1446//1446 1412//1412
f 1448//1448 1447//1447 1439//1439
f 1408//1408 1395//1395 1396//1396
f 1426//1426 1429//1429 388//388
f 1426//1426 388//388 1418//1418
f 1420//1420 1411//1411 1449//1449
f 1411//1411 1407//1407 1449//1449
f 1449//1449 1407//1407 1165//1165
f 1450//1450 1449//1449 1164//1164
f 478//478 1451//1451 1168//1168
f 1452//1452 1453//1453 1454//1454
f 1466//1466 1465//1465 1463//1463
f 1451//1451 1450//1450 1166//1166
f 1451//1451 478//478 1455//1455
f 1450//1450 1451//1451 1460//1460
f 1450//1450 1460//1460 1449//1449
f 1168//1168 1451//1451 1167//1167
f 1406//1406 1403//1403 1165//1165
f 1456//1456 1471//1471 1420//1420
f 1457//1457 1456//1456 1458//1458
f 1459//1459 1457//1457 1461//1461
f 1460//1460 1459//1459 1461//1461
f 1464//1464 1462//1462 1455//1455
f 1468//1468 1469//1469 1465//1465
f 1470//1470 1468//1468 1466//1466
f 1414//1414 1470//1470 1467//1467
f 1436//1436 1420//1420 1471//1471
f 1476//1476 1472//1472 1456//1456
f 1473//1473 1476//1476 1457//1457
f 1474//1474 1480//1480 1459//1459
f 1453//1453 1474//1474 1460//1460
f 1454//1454 1453//1453 1462//1462
f 1475//1475 1454//1454 1464//1464
f 1469//1469 1475//1475 1463//1463
f 1471//1471 1472//1472 1436//1436
f 1472//1472 1476//1476 1477//1477
f 1476//1476 1478//1478 1477//1477
f 1473//1473 1479//1479 1478//1478
f 1480//1480 1481//1481 1479//1479
f 1453//1453 1452//1452 1474//1474
f 1480//1480 1474//1474 1481//1481
f 1403//1403 1406//1406 1405//1405
f 478//478 1463//1463 1464//1464
f 478//478 1464//1464 1455//1455
f 1420//1420 1409//1409 1411//1411
f 1411//1411 1409//1409 1410//1410
f 1410//1410 1409//1409 1424//1424
f 1410//1410 1150//1150 1407//1407
f 1416//1416 1151//1151 1410//1410
f 1419//1419 388//388 961//961
f 1419//1419 961//961 1154//1154
f 1154//1154 961//961 1172//1172
f 1448//1448 1412//1412 1441//1441
f 1441//1441 1412//1412 1442//1442
f 1442//1442 1412//1412 1432//1432
f 1432//1432 1412//1412 1434//1434
f 1434//1434 1412//1412 1435//1435
f 1435//1435 1412//1412 1414//1414
f 1444//1444 1443//1443 1414//1414
f 1444//1444 1414//1414 1413//1413
f 1430//1430 1415//1415 1431//1431
f 1431//1431 1415//1415 1429//1429
f 1429//1429 1415//1415 388//388
f 1419//1419 1152//1152 1416//1416
f 1419//1419 1417//1417 388//388
f 1410//1410 1424//1424 1416//1416
f 1395//1395 1408//1408 1407//1407
f 1422//1422 1409//1409 1421//1421
f 1423//1423 1409//1409 1422//1422
f 1425//1425 1417//1417 1424//1424
f 1427//1427 1418//1418 1425//1425
f 1428//1428 1426//1426 1427//1427
f 1433//1433 1415//1415 1430//1430
f 1434//1434 1430//1430 1432//1432
f 1435//1435 1433//1433 1434//1434
f 1435//1435 1414//1414 1415//1415
f 1437//1437 1421//1421 1436//1436
f 1437//1437 1445//1445 1422//1422
f 1422//1422 1445//1445 1423//1423
f 1438//1438 1446//1446 1423//1423
f 1423//1423 1446//1446 1424//1424
f 1482//1482 1483//1483 1484//1484
f 1486//1486 1482//1482 1485//1485
f 1484//1484 1487//1487 1486//1486
f 1439//1439 1440//1440 1424//1424
f 1448//1448 1427//1427 1440//1440
f 1441//1441 1428//1428 1448//1448
f 1442//1442 1429//1429 1441//1441
f 1432//1432 1431//1431 1442//1442
f 1437//1437 1436//1436 1443//1443
f 1437//1437 1443//1443 1445//1445
f 1444//1444 1413//1413 1445//1445
f 1438//1438 1445//1445 1413//1413
f 1446//1446 1438//1438 1413//1413
f 1440//1440 1447//1447 1448//1448
f 1413//1413 1412//1412 1446//1446
f 1412//1412 1448//1448 1439//1439
f 1461//1461 1458//1458 1420//1420
f 1461//1461 1420//1420 1449//1449
f 1164//1164 1449//1449 1165//1165
f 1166//1166 1450//1450 1164//1164
f 1170//1170 1035//1035 478//478
f 1170//1170 478//478 1169//1169
f 1169//1169 478//478 1168//1168
f 1481//1481 1452//1452 1479//1479
f 1479//1479 1452//1452 1478//1478
f 1478//1478 1452//1452 1477//1477
f 1477//1477 1452//1452 1443//1443
f 1443//1443 1452//1452 1414//1414
f 1414//1414 1452//1452 1470//1470
f 1470//1470 1452//1452 1468//1468
f 1468//1468 1452//1452 1469//1469
f 1469//1469 1452//1452 1475//1475
f 1475//1475 1452//1452 1454//1454
f 389//389 1415//1415 1466//1466
f 389//389 1466//1466 478//478
f 478//478 1466//1466 1463//1463
f 1167//1167 1451//1451 1166//1166
f 1460//1460 1451//1451 1455//1455
f 1461//1461 1449//1449 1460//1460
f 1165//1165 1407//1407 1406//1406
f 1458//1458 1456//1456 1420//1420
f 1461//1461 1457//1457 1458//1458
f 1455//1455 1462//1462 1460//1460
f 1466//1466 1415//1415 1467//1467
f 1466//1466 1468//1468 1465//1465
f 1467//1467 1470//1470 1466//1466
f 1415//1415 1414//1414 1467//1467
f 1456//1456 1472//1472 1471//1471
f 1457//1457 1476//1476 1456//1456
f 1480//1480 1473//1473 1459//1459
f 1459//1459 1473//1473 1457//1457
f 1460//1460 1474//1474 1459//1459
f 1462//1462 1453//1453 1460//1460
f 1464//1464 1454//1454 1462//1462
f 1463//1463 1475//1475 1464//1464
f 1465//1465 1469//1469 1463//1463
f 1443//1443 1436//1436 1477//1477
f 1477//1477 1436//1436 1472//1472
f 1476//1476 1473//1473 1478//1478
f 1473//1473 1480//1480 1479//1479
f 1452//1452 1481//1481 1474//1474
f 1490//1490 1494//1494 1491//1491
f 1515//1515 1493//1493 1492//1492
f 1488//1488 1495//1495 1489//1489
f 1489//1489 1495//1495 1494//1494
f 1494//1494 1496//1496 1498//1498
f 1491//1491 1498//1498 1493//1493
f 1488//1488 1499//1499 1495//1495
f 1495//1495 1499//1499 1497//1497
f 1496//1496 1497//1497 1498//1498
f 1493//1493 1502//1502 1492//1492
f 1488//1488 1500//1500 1499//1499
f 1497//1497 1500//1500 1501//1501
f 1498//1498 1501//1501 1502//1502
f 1500//1500 1503//1503 1501//1501
f 1488//1488 1505//1505 1500//1500
f 1500//1500 1505//1505 1503//1503
f 1503//1503 1504//1504 1506//1506
f 1501//1501 1506//1506 1502//1502
f 1488//1488 1507//1507 1505//1505
f 1505//1505 1507//1507 1504//1504
f 1504//1504 1507//1507 1508//1508
f 1506//1506 1508//1508 1492//1492
f 1488//1488 1510//1510 1507//1507
f 1507//1507 1510//1510 1509//1509
f 1508//1508 1509//1509 1511//1511
f 1488//1488 1512//1512 1510//1510
f 1510//1510 1512//1512 1509//1509
f 1509//1509 1514//1514 1511//1511
f 1488//1488 1513//1513 1512//1512
f 1512//1512 1513//1513 1514//1514
f 1513//1513 1490//1490 1514//1514
f 1511//1511 1515//1515 1492//1492
f 1488//1488 1489//1489 1513//1513
f 1513//1513 1489//1489 1490//1490
f 1490//1490 1489//1489 1494//1494
f 1515//1515 1490//1490 1491//1491
f 1515//1515 1491//1491 1493//1493
f 1494//1494 1495//1495 1496//1496
f 1491//1491 1494//1494 1498//1498
f 1496//1496 1495//1495 1497//1497
f 1493//1493 1498//1498 1502//1502
f 1497//1497 1499//1499 1500//1500
f 1498//1498 1497//1497 1501//1501
f 1503//1503 1505//1505 1504//1504
f 1501//1501 1503//1503 1506//1506
f 1502//1502 1506//1506 1492//1492
f 1506//1506 1504//1504 1508//1508
f 1508//1508 1507//1507 1509//1509
f 1492//1492 1508//1508 1511//1511
f 1509//1509 1512//1512 1514//1514
f 1511//1511 1514//1514 1515//1515
f 1514//1514 1490//1490 1515//1515
f 1548//1548 1517//1517 1521//1521
f 1546//1546 1521//1521 1518//1518
f 1516//1516 1519//1519 1517//1517
f 1517//1517 1520//1520 1521//1521
f 1519//1519 1522//1522 1523//1523
f 1520//1520 1523//1523 1525//1525
f 1521//1521 1525//1525 1518//1518
f 1538//1538 1533//1533 1524//1524
f 1524//1524 1533//1533 1526//1526
f 1522//1522 1526//1526 1527//1527
f 1523//1523 1527//1527 1529//1529
f 1525//1525 1529//1529 1518//1518
f 1526//1526 1528//1528 1530//1530
f 1527//1527 1530//1530 1529//1529
f 1529//1529 1531//1531 1518//1518
f 1530//1530 1528//1528 1531//1531
f 1528//1528 1534//1534 1532//1532
f 1531//1531 1532//1532 1518//1518
f 1533//1533 1538//1538 1535//1535
f 1534//1534 1536//1536 1532//1532
f 1536//1536 1539//1539 1537//1537
f 1532//1532 1537//1537 1518//1518
f 1538//1538 1547//1547 1540//1540
f 1536//1536 1540//1540 1539//1539
f 1539//1539 1540//1540 1541//1541
f 1537//1537 1541//1541 1518//1518
f 1540//1540 1543//1543 1542//1542
f 1541//1541 1542//1542 1518//1518
f 1543//1543 1544//1544 1545//1545
f 1543//1543 1545//1545 1542//1542
f 1545//1545 1548//1548 1546//1546
f 1542//1542 1546//1546 1518//1518
f 1538//1538 1524//1524 1547//1547
f 1547//1547 1524//1524 1516//1516
f 1544//1544 1516//1516 1548//1548
f 1576//1576 1552//1552 1549//1549
f 1549//1549 1552//1552 1551//1551
f 1577//1577 1551//1551 1550//1550
f 1552//1552 1554//1554 1551//1551
f 1552//1552 1557//1557 1554//1554
f 1570//1570 1559//1559 1553//1553
f 1553//1553 1559//1559 1557//1557
f 1554//1554 1555//1555 1556//1556
f 1551//1551 1556//1556 1550//1550
f 1557//1557 1558//1558 1560//1560
f 1555//1555 1560//1560 1561//1561
f 1556//1556 1561//1561 1550//1550
f 1558//1558 1564//1564 1562//1562
f 1560//1560 1562//1562 1561//1561
f 1561//1561 1563//1563 1550//1550
f 1562//1562 1566//1566 1563//1563
f 1564//1564 1565//1565 1566//1566
f 1566//1566 1568//1568 1567//1567
f 1563//1563 1567//1567 1550//1550
f 1559//1559 1570//1570 1565//1565
f 1565//1565 1571//1571 1568//1568
f 1568//1568 1573//1573 1569//1569
f 1567//1567 1569//1569 1550//1550
f 1571//1571 1572//1572 1573//1573
f 1573//1573 1574//1574 1569//1569
f 1572//1572 1576//1576 1574//1574
f 1569//1569 1575//1575 1550//1550
f 1574//1574 1549//1549 1577//1577
f 1575//1575 1577//1577 1550//1550
f 1570//1570 1553//1553 1576//1576
f 1548//1548 1516//1516 1517//1517
f 1546//1546 1548//1548 1521//1521
f 1516//1516 1524//1524 1519//1519
f 1517//1517 1519//1519 1520//1520
f 1519//1519 1524//1524 1522//1522
f 1520//1520 1519//1519 1523//1523
f 1521//1521 1520//1520 1525//1525
f 1522//1522 1524//1524 1526//1526
f 1523//1523 1522//1522 1527//1527
f 1525//1525 1523//1523 1529//1529
f 1526//1526 1533//1533 1528//1528
f 1527//1527 1526//1526 1530//1530
f 1529//1529 1530//1530 1531//1531
f 1528//1528 1533//1533 1535//1535
f 1528//1528 1535//1535 1534//1534
f 1531//1531 1528//1528 1532//1532
f 1535//1535 1538//1538 1536//1536
f 1534//1534 1535//1535 1536//1536
f 1532//1532 1536//1536 1537//1537
f 1536//1536 1538//1538 1540//1540
f 1540//1540 1547//1547 1543//1543
f 1537//1537 1539//1539 1541//1541
f 1541//1541 1540//1540 1542//1542
f 1543//1543 1547//1547 1544//1544
f 1545//1545 1544//1544 1548//1548
f 1542//1542 1545//1545 1546//1546
f 1544//1544 1547//1547 1516//1516
f 1576//1576 1553//1553 1552//1552
f 1577//1577 1549//1549 1551//1551
f 1552//1552 1553//1553 1557//1557
f 1554//1554 1557//1557 1555//1555
f 1551//1551 1554//1554 1556//1556
f 1557//1557 1559//1559 1558//1558
f 1555//1555 1557//1557 1560//1560
f 1556//1556 1555//1555 1561//1561
f 1558//1558 1559//1559 1564//1564
f 1560//1560 1558//1558 1562//1562
f 1561//1561 1562//1562 1563//1563
f 1562//1562 1564//1564 1566//1566
f 1564//1564 1559//1559 1565//1565
f 1566//1566 1565//1565 1568//1568
f 1563//1563 1566//1566 1567//1567
f 1565//1565 1570//1570 1571//1571
f 1568//1568 1571//1571 1573//1573
f 1567//1567 1568//1568 1569//1569
f 1571//1571 1570//1570 1572//1572
f 1573//1573 1572//1572 1574//1574
f 1572//1572 1570//1570 1576//1576
f 1569//1569 1574//1574 1575//1575
f 1574//1574 1576//1576 1549//1549
f 1575//1575 1574//1574 1577//1577
f 1634//1634 1583//1583 1578//1578
f 1579//1579 1584//1584 1583//1583
f 1580//1580 1585//1585 1584//1584
f 1581//1581 1588//1588 1585//1585
f 1588//1588 1581//1581 1582//1582
f 1583//1583 1587//1587 1578//1578
f 1584//1584 1586//1586 1587//1587
f 1585//1585 1589//1589 1586//1586
f 1588//1588 1590//1590 1589//1589
f 1590//1590 1588//1588 1582//1582
f 1586//1586 1591//1591 1587//1587
f 1589//1589 1593//1593 1591//1591
f 1590//1590 1594//1594 1593//1593
f 1594//1594 1590//1590 1582//1582
f 1587//1587 1596//1596 1578//1578
f 1591//1591 1592//1592 1596//1596
f 1592//1592 1597//1597 1596//1596
f 1593//1593 1595//1595 1597//1597
f 1594//1594 1598//1598 1595//1595
f 1598//1598 1594//1594 1582//1582
f 1596//1596 1599//1599 1578//1578
f 1597//1597 1600//1600 1599//1599
f 1595//1595 1601//1601 1600//1600
f 1598//1598 1604//1604 1601//1601
f 1604//1604 1598//1598 1582//1582
f 1599//1599 1603//1603 1578//1578
f 1600//1600 1602//1602 1603//1603
f 1601//1601 1605//1605 1602//1602
f 1604//1604 1606//1606 1605//1605
f 1606//1606 1604//1604 1582//1582
f 1603//1603 1607//1607 1578//1578
f 1602//1602 1608//1608 1607//1607
f 1605//1605 1609//1609 1608//1608
f 1606//1606 1610//1610 1609//1609
f 1610//1610 1606//1606 1582//1582
f 1607//1607 1611//1611 1578//1578
f 1608//1608 1612//1612 1611//1611
f 1609//1609 1613//1613 1612//1612
f 1610//1610 1615//1615 1613//1613
f 1615//1615 1610//1610 1582//1582
f 1611//1611 1616//1616 1578//1578
f 1612//1612 1614//1614 1616//1616
f 1613//1613 1617//1617 1614//1614
f 1615//1615 1620//1620 1617//1617
f 1620//1620 1615//1615 1582//1582
f 1614//1614 1619//1619 1616//1616
f 1617//1617 1621//1621 1619//1619
f 1616//1616 1618//1618 1578//1578
f 1620//1620 1623//1623 1621//1621
f 1623//1623 1620//1620 1582//1582
f 1619//1619 1622//1622 1618//1618
f 1618//1618 1624//1624 1578//1578
f 1622//1622 1625//1625 1624//1624
f 1622//1622 1626//1626 1625//1625
f 1623//1623 1629//1629 1626//1626
f 1629//1629 1623//1623 1582//1582
f 1624//1624 1627//1627 1578//1578
f 1625//1625 1628//1628 1627//1627
f 1626//1626 1630//1630 1628//1628
f 1629//1629 1631//1631 1630//1630
f 1631//1631 1629//1629 1582//1582
f 1628//1628 1632//1632 1627//1627
f 1630//1630 1633//1633 1632//1632
f 1631//1631 1635//1635 1633//1633
f 1635//1635 1631//1631 1582//1582
f 1627//1627 1634//1634 1578//1578
f 1632//1632 1579//1579 1634//1634
f 1633//1633 1636//1636 1579//1579
f 1635//1635 1637//1637 1636//1636
f 1637//1637 1635//1635 1582//1582
f 1636//1636 1580//1580 1579//1579
f 1637//1637 1581//1581 1580//1580
f 1581//1581 1637//1637 1582//1582
f 1639//1639 1644//1644 1643//1643
f 1640//1640 1645//1645 1644//1644
f 1641//1641 1647//1647 1645//1645
f 1647//1647 1641//1641 1642//1642
f 1643//1643 1646//1646 1638//1638
f 1644//1644 1648//1648 1646//1646
f 1645//1645 1649//1649 1648//1648
f 1647//1647 1650//1650 1649//1649
f 1650//1650 1647//1647 1642//1642
f 1646//1646 1651//1651 1638//1638
f 1648//1648 1652//1652 1651//1651
f 1649//1649 1653//1653 1652//1652
f 1650//1650 1655//1655 1653//1653
f 1655//1655 1650//1650 1642//1642
f 1651//1651 1656//1656 1638//1638
f 1652//1652 1654//1654 1656//1656
f 1653//1653 1657//1657 1654//1654
f 1655//1655 1659//1659 1657//1657
f 1659//1659 1655//1655 1642//1642
f 1656//1656 1660//1660 1638//1638
f 1654//1654 1658//1658 1660//1660
f 1657//1657 1661//1661 1658//1658
f 1659//1659 1662//1662 1661//1661
f 1662//1662 1659//1659 1642//1642
f 1658//1658 1664//1664 1660//1660
f 1661//1661 1663//1663 1664//1664
f 1662//1662 1665//1665 1663//1663
f 1665//1665 1662//1662 1642//1642
f 1660//1660 1666//1666 1638//1638
f 1664//1664 1667//1667 1666//1666
f 1663//1663 1668//1668 1667//1667
f 1665//1665 1671//1671 1668//1668
f 1671//1671 1665//1665 1642//1642
f 1666//1666 1669//1669 1638//1638
f 1667//1667 1670//1670 1669//1669
f 1669//1669 1672//1672 1638//1638
f 1670//1670 1673//1673 1672//1672
f 1668//1668 1674//1674 1673//1673
f 1671//1671 1676//1676 1674//1674
f 1676//1676 1671//1671 1642//1642
f 1672//1672 1677//1677 1638//1638
f 1673//1673 1675//1675 1677//1677
f 1674//1674 1678//1678 1675//1675
f 1676//1676 1681//1681 1678//1678
f 1681//1681 1676//1676 1642//1642
f 1675//1675 1680//1680 1677//1677
f 1678//1678 1682//1682 1680//1680
f 1677//1677 1679//1679 1638//1638
f 1681//1681 1684//1684 1682//1682
f 1684//1684 1681//1681 1642//1642
f 1680//1680 1683//1683 1679//1679
f 1679//1679 1685//1685 1638//1638
f 1683//1683 1686//1686 1685//1685
f 1683//1683 1687//1687 1686//1686
f 1684//1684 1689//1689 1687//1687
f 1689//1689 1684//1684 1642//1642
f 1685//1685 1688//1688 1638//1638
f 1686//1686 1690//1690 1688//1688
f 1689//1689 1691//1691 1690//1690
f 1691//1691 1689//1689 1642//1642
f 1690//1690 1692//1692 1688//1688
f 1690//1690 1694//1694 1692//1692
f 1691//1691 1695//1695 1694//1694
f 1695//1695 1691//1691 1642//1642
f 1688//1688 1693//1693 1638//1638
f 1692//1692 1696//1696 1693//1693
f 1694//1694 1697//1697 1696//1696
f 1695//1695 1698//1698 1697//1697
f 1698//1698 1695//1695 1642//1642
f 1643//1643 1638//1638 1693//1693
f 1696//1696 1639//1639 1643//1643
f 1697//1697 1640//1640 1639//1639
f 1698//1698 1641//1641 1640//1640
f 1641//1641 1698//1698 1642//1642
f 1634//1634 1579//1579 1583//1583
f 1579//1579 1580//1580 1584//1584
f 1580//1580 1581//1581 1585//1585
f 1583//1583 1584//1584 1587//1587
f 1584//1584 1585//1585 1586//1586
f 1585//1585 1588//1588 1589//1589
f 1586//1586 1589//1589 1591//1591
f 1589//1589 1590//1590 1593//1593
f 1587//1587 1591//1591 1596//1596
f 1591//1591 1593//1593 1592//1592
f 1592//1592 1593//1593 1597//1597
f 1593//1593 1594//1594 1595//1595
f 1596//1596 1597//1597 1599//1599
f 1597//1597 1595//1595 1600//1600
f 1595//1595 1598//1598 1601//1601
f 1599//1599 1600//1600 1603//1603
f 1600//1600 1601//1601 1602//1602
f 1601//1601 1604//1604 1605//1605
f 1603//1603 1602//1602 1607//1607
f 1602//1602 1605//1605 1608//1608
f 1605//1605 1606//1606 1609//1609
f 1607//1607 1608//1608 1611//1611
f 1608//1608 1609//1609 1612//1612
f 1609//1609 1610//1610 1613//1613
f 1611//1611 1612//1612 1616//1616
f 1612//1612 1613//1613 1614//1614
f 1613//1613 1615//1615 1617//1617
f 1614//1614 1617//1617 1619//1619
f 1617//1617 1620//1620 1621//1621
f 1616//1616 1619//1619 1618//1618
f 1619//1619 1621//1621 1622//1622
f 1621//1621 1623//1623 1622//1622
f 1618//1618 1622//1622 1624//1624
f 1622//1622 1623//1623 1626//1626
f 1624//1624 1625//1625 1627//1627
f 1625//1625 1626//1626 1628//1628
f 1626//1626 1629//1629 1630//1630
f 1628//1628 1630//1630 1632//1632
f 1630//1630 1631//1631 1633//1633
f 1627//1627 1632//1632 1634//1634
f 1632//1632 1633//1633 1579//1579
f 1633//1633 1635//1635 1636//1636
f 1636//1636 1637//1637 1580//1580
f 1639//1639 1640//1640 1644//1644
f 1640//1640 1641//1641 1645//1645
f 1643//1643 1644//1644 1646//1646
f 1644//1644 1645//1645 1648//1648
f 1645//1645 1647//1647 1649//1649
f 1646//1646 1648//1648 1651//1651
f 1648//1648 1649//1649 1652//1652
f 1649//1649 1650//1650 1653//1653
f 1651//1651 1652//1652 1656//1656
f 1652//1652 1653//1653 1654//1654
f 1653//1653 1655//1655 1657//1657
f 1656//1656 1654//1654 1660//1660
f 1654//1654 1657//1657 1658//1658
f 1657//1657 1659//1659 1661//1661
f 1658//1658 1661//1661 1664//1664
f 1661//1661 1662//1662 1663//1663
f 1660//1660 1664//1664 1666//1666
f 1664//1664 1663//1663 1667//1667
f 1663//1663 1665//1665 1668//1668
f 1666//1666 1667//1667 1669//1669
f 1667//1667 1668//1668 1670//1670
f 1669//1669 1670//1670 1672//1672
f 1670//1670 1668//1668 1673//1673
f 1668//1668 1671//1671 1674//1674
f 1672//1672 1673//1673 1677//1677
f 1673//1673 1674//1674 1675//1675
f 1674//1674 1676//1676 1678//1678
f 1675//1675 1678//1678 1680//1680
f 1678//1678 1681//1681 1682//1682
f 1677//1677 1680//1680 1679//1679
f 1680//1680 1682//1682 1683//1683
f 1682//1682 1684//1684 1683//1683
f 1679//1679 1683//1683 1685//1685
f 1683//1683 1684//1684 1687//1687
f 1685//1685 1686//1686 1688//1688
f 1686//1686 1687//1687 1690//1690
f 1687//1687 1689//1689 1690//1690
f 1690//1690 1691//1691 1694//1694
f 1688//1688 1692//1692 1693//1693
f 1692//1692 1694//1694 1696//1696
f 1694//1694 1695//1695 1697//1697
f 1693//1693 1696//1696 1643//1643
f 1696//1696 1697//1697 1639//1639
f 1697//1697 1698//1698 1640//1640
f 1718//1718 1699//1699 1700//1700
f 1701//1701 1705//1705 1699//1699
f 1704//1704 1702//1702 1703//1703
f 1704//1704 1707//1707 1705//1705
f 1707//1707 1704//1704 1703//1703
f 1705//1705 1706//1706 1699//1699
f 1707//1707 1708//1708 1706//1706
f 1708//1708 1707//1707 1703//1703
f 1699//1699 1709//1709 1700//1700
f 1706//1706 1710//1710 1709//1709
f 1708//1708 1711//1711 1710//1710
f 1711//1711 1708//1708 1703//1703
f 1711//1711 1715//1715 1713//1713
f 1715//1715 1711//1711 1703//1703
f 1709//1709 1712//1712 1700//1700
f 1709//1709 1713//1713 1712//1712
f 1712//1712 1716//1716 1700//1700
f 1717//1717 1715//1715 1703//1703
f 1716//1716 1718//1718 1700//1700
f 1716//1716 1719//1719 1718//1718
f 1717//1717 1702//1702 1719//1719
f 1702//1702 1717//1717 1703//1703
f 1719//1719 1701//1701 1718//1718
f 1722//1722 1720//1720 1721//1721
f 1722//1722 1724//1724 1720//1720
f 1724//1724 1726//1726 1720//1720
f 1725//1725 1728//1728 1726//1726
f 1728//1728 1725//1725 1723//1723
f 1726//1726 1727//1727 1720//1720
f 1726//1726 1728//1728 1727//1727
f 1720//1720 1729//1729 1721//1721
f 1728//1728 1730//1730 1727//1727
f 1730//1730 1728//1728 1723//1723
f 1730//1730 1732//1732 1731//1731
f 1732//1732 1730//1730 1723//1723
f 1729//1729 1733//1733 1721//1721
f 1731//1731 1734//1734 1733//1733
f 1732//1732 1736//1736 1734//1734
f 1736//1736 1732//1732 1723//1723
f 1733//1733 1735//1735 1721//1721
f 1734//1734 1737//1737 1735//1735
f 1737//1737 1738//1738 1735//1735
f 1736//1736 1739//1739 1737//1737
f 1739//1739 1736//1736 1723//1723
f 1735//1735 1738//1738 1721//1721
f 1737//1737 1740//1740 1738//1738
f 1739//1739 1741//1741 1740//1740
f 1741//1741 1739//1739 1723//1723
f 1738//1738 1722//1722 1721//1721
f 1742//1742 1741//1741 1723//1723
f 1741//1741 1742//1742 1722//1722
f 1725//1725 1742//1742 1723//1723
f 1718//1718 1701//1701 1699//1699
f 1701//1701 1702//1702 1704//1704
f 1701//1701 1704//1704 1705//1705
f 1705//1705 1707//1707 1706//1706
f 1699//1699 1706//1706 1709//1709
f 1706//1706 1708//1708 1710//1710
f 1710//1710 1711//1711 1713//1713
f 1710//1710 1713//1713 1709//1709
f 1713//1713 1715//1715 1712//1712
f 1712//1712 1715//1715 1714//1714
f 1712//1712 1714//1714 1716//1716
f 1714//1714 1715//1715 1717//1717
f 1714//1714 1717//1717 1716//1716
f 1716//1716 1717//1717 1719//1719
f 1719//1719 1702//1702 1701//1701
f 1722//1722 1742//1742 1724//1724
f 1742//1742 1725//1725 1724//1724
f 1724//1724 1725//1725 1726//1726
f 1720//1720 1727//1727 1729//1729
f 1727//1727 1730//1730 1729//1729
f 1729//1729 1730//1730 1731//1731
f 1729//1729 1731//1731 1733//1733
f 1731//1731 1732//1732 1734//1734
f 1733//1733 1734//1734 1735//1735
f 1734//1734 1736//1736 1737//1737
f 1737//1737 1739//1739 1740//1740
f 1738//1738 1740//1740 1722//1722
f 1740//1740 1741//1741 1722//1722
f 1743//1743 1744//1744 1745//1745
f 1746//1746 1747//1747 1748//1748
f 1749//1749 1745//1745 1747//1747
f 1750//1750 1743//1743 1749//1749
f 1750//1750 1748//1748 1744//1744
f 1748//1748 1747//1747 1744//1744
f 1751//1751 1752//1752 1753//1753
f 1754//1754 1755//1755 1756//1756
f 1757//1757 1753//1753 1755//1755
f 1758//1758 1751//1751 1757//1757
f 1758//1758 1756//1756 1752//1752
f 1756//1756 1755//1755 1752//1752
f 1759//1759 1760//1760 1761//1761
f 1762//1762 1763//1763 1764//1764
f 1765//1765 1761//1761 1763//1763
f 1766//1766 1759//1759 1765//1765
f 1766//1766 1764//1764 1760//1760
f 1764//1764 1763//1763 1760//1760
f 1767//1767 1768//1768 1769//1769
f 1770//1770 1771//1771 1772//1772
f 1773//1773 1769//1769 1771//1771
f 1774//1774 1767//1767 1773//1773
f 1774//1774 1772//1772 1768//1768
f 1772//1772 1771//1771 1768//1768
f 1775//1775 1776//1776 1777//1777
f 1778//1778 1779//1779 1780//1780
f 1781//1781 1777//1777 1779//1779
f 1782//1782 1775//1775 1781//1781
f 1782//1782 1780//1780 1776//1776
f 1780//1780 1779//1779 1776//1776
f 1783//1783 1784//1784 1785//1785
f 1786//1786 1787//1787 1788//1788
f 1789//1789 1785//1785 1787//1787
f 1790//1790 1783//1783 1789//1789
f 1790//1790 1788//1788 1784//1784
f 1788//1788 1787//1787 1784//1784
f 1791//1791 1792//1792 1793//1793
f 1794//1794 1795//1795 1796//1796
f 1797//1797 1793//1793 1795//1795
f 1798//1798 1791//1791 1797//1797
f 1798//1798 1796//1796 1792//1792
f 1796//1796 1795//1795 1792//1792
f 1799//1799 1800//1800 1801//1801
f 1802//1802 1803//1803 1804//1804
f 1805//1805 1801//1801 1803//1803
f 1806//1806 1799//1799 1805//1805
f 1806//1806 1804//1804 1800//1800
f 1804//1804 1803//1803 1800//1800
f 1807//1807 1808//1808 1809//1809
f 1810//1810 1811//1811 1812//1812
f 1813//1813 1809//1809 1811//1811
f 1814//1814 1807//1807 1813//1813
f 1814//1814 1812//1812 1808//1808
f 1812//1812 1811//1811 1808//1808
f 1815//1815 1816//1816 1817//1817
f 1818//1818 1819//1819 1820//1820
f 1821//1821 1817//1817 1819//1819
f 1822//1822 1815//1815 1821//1821
f 1822//1822 1820//1820 1816//1816
f 1820//1820 1819//1819 1816//1816
f 1823//1823 1824//1824 1825//1825
f 1826//1826 1827//1827 1828//1828
f 1829//1829 1825//1825 1827//1827
f 1830//1830 1823//1823 1829//1829
f 1830//1830 1828//1828 1824//1824
f 1828//1828 1827//1827 1824//1824
f 1831//1831 1832//1832 1833//1833
f 1834//1834 1835//1835 1836//1836
f 1837//1837 1833//1833 1835//1835
f 1838//1838 1831//1831 1837//1837
f 1838//1838 1836//1836 1832//1832
f 1836//1836 1835//1835 1832//1832
f 1839//1839 1840//1840 1841//1841
f 1842//1842 1843//1843 1844//1844
f 1845//1845 1844//1844 1840//1840
f 1845//1845 1839//1839 1846//1846
f 1846//1846 1841//1841 1843//1843
f 1844//1844 1843//1843 1840//1840
f 1847//1847 1848//1848 1849//1849
f 1850//1850 1851//1851 1852//1852
f 1853//1853 1852//1852 1848//1848
f 1853//1853 1847//1847 1854//1854
f 1854//1854 1849//1849 1851//1851
f 1852//1852 1851//1851 1848//1848
f 1855//1855 1856//1856 1857//1857
f 1858//1858 1859//1859 1860//1860
f 1861//1861 1860//1860 1856//1856
f 1861//1861 1855//1855 1862//1862
f 1862//1862 1857//1857 1859//1859
f 1860//1860 1859//1859 1856//1856
f 1863//1863 1864//1864 1865//1865
f 1866//1866 1867//1867 1868//1868
f 1869//1869 1868//1868 1864//1864
f 1869//1869 1863//1863 1870//1870
f 1870//1870 1865//1865 1867//1867
f 1868//1868 1867//1867 1864//1864
f 1871//1871 1872//1872 1873//1873
f 1874//1874 1875//1875 1876//1876
f 1877//1877 1876//1876 1872//1872
f 1877//1877 1871//1871 1878//1878
f 1878//1878 1873//1873 1875//1875
f 1876//1876 1875//1875 1872//1872
f 1879//1879 1880//1880 1881//1881
f 1882//1882 1883//1883 1884//1884
f 1885//1885 1884//1884 1880//1880
f 1885//1885 1879//1879 1886//1886
f 1886//1886 1881//1881 1883//1883
f 1884//1884 1883//1883 1880//1880
f 1887//1887 1888//1888 1889//1889
f 1890//1890 1891//1891 1892//1892
f 1893//1893 1892//1892 1888//1888
f 1893//1893 1887//1887 1894//1894
f 1894//1894 1889//1889 1891//1891
f 1892//1892 1891//1891 1888//1888
f 1895//1895 1896//1896 1897//1897
f 1898//1898 1899//1899 1900//1900
f 1901//1901 1900//1900 1896//1896
f 1901//1901 1895//1895 1902//1902
f 1902//1902 1897//1897 1899//1899
f 1900//1900 1899//1899 1896//1896
f 1903//1903 1904//1904 1905//1905
f 1906//1906 1907//1907 1908//1908
f 1909//1909 1908//1908 1904//1904
f 1909//1909 1903//1903 1910//1910
f 1910//1910 1905//1905 1907//1907
f 1908//1908 1907//1907 1904//1904
f 1911//1911 1912//1912 1913//1913
f 1914//1914 1915//1915 1916//1916
f 1917//1917 1916//1916 1912//1912
f 1917//1917 1911//1911 1918//1918
f 1918//1918 1913//1913 1915//1915
f 1916//1916 1915//1915 1912//1912
f 1919//1919 1920//1920 1921//1921
f 1922//1922 1923//1923 1924//1924
f 1925//1925 1924//1924 1920//1920
f 1925//1925 1919//1919 1926//1926
f 1926//1926 1921//1921 1923//1923
f 1924//1924 1923//1923 1920//1920
f 1927//1927 1928//1928 1929//1929
f 1930//1930 1931//1931 1932//1932
f 1933//1933 1932//1932 1928//1928
f 1933//1933 1927//1927 1934//1934
f 1934//1934 1929//1929 1931//1931
f 1932//1932 1931//1931 1928//1928
f 1935//1935 1936//1936 1937//1937
f 1938//1938 1939//1939 1940//1940
f 1941//1941 1937//1937 1939//1939
f 1942//1942 1935//1935 1941//1941
f 1942//1942 1940//1940 1936//1936
f 1940//1940 1939//1939 1936//1936
f 1943//1943 1944//1944 1945//1945
f 1946//1946 1947//1947 1948//1948
f 1949//1949 1945//1945 1947//1947
f 1950//1950 1943//1943 1949//1949
f 1950//1950 1948//1948 1944//1944
f 1948//1948 1947//1947 1944//1944
f 1951//1951 1952//1952 1953//1953
f 1954//1954 1955//1955 1956//1956
f 1957//1957 1953//1953 1955//1955
f 1958//1958 1951//1951 1957//1957
f 1958//1958 1956//1956 1952//1952
f 1956//1956 1955//1955 1952//1952
f 1959//1959 1960//1960 1961//1961
f 1962//1962 1963//1963 1964//1964
f 1965//1965 1961//1961 1963//1963
f 1966//1966 1959//1959 1965//1965
f 1966//1966 1964//1964 1960//1960
f 1964//1964 1963//1963 1960//1960
f 1967//1967 1968//1968 1969//1969
f 1970//1970 1971//1971 1972//1972
f 1973//1973 1969//1969 1971//1971
f 1974//1974 1967//1967 1973//1973
f 1974//1974 1972//1972 1968//1968
f 1972//1972 1971//1971 1968//1968
f 1975//1975 1976//1976 1977//1977
f 1978//1978 1979//1979 1980//1980
f 1981//1981 1977//1977 1979//1979
f 1982//1982 1975//1975 1981//1981
f 1982//1982 1980//1980 1976//1976
f 1980//1980 1979//1979 1976//1976
f 1983//1983 1984//1984 1985//1985
f 1986//1986 1987//1987 1988//1988
f 1989//1989 1985//1985 1987//1987
f 1990//1990 1983//1983 1989//1989
f 1990//1990 1988//1988 1984//1984
f 1988//1988 1987//1987 1984//1984
f 1991//1991 1992//1992 1993//1993
f 1994//1994 1995//1995 1996//1996
f 1997//1997 1993//1993 1995//1995
f 1998//1998 1991//1991 1997//1997
f 1998//1998 1996//1996 1992//1992
f 1996//1996 1995//1995 1992//1992
f 1999//1999 2000//2000 2001//2001
f 2002//2002 2003//2003 2004//2004
f 2005//2005 2001//2001 2003//2003
f 2006//2006 1999//1999 2005//2005
f 2006//2006 2004//2004 2000//2000
f 2004//2004 2003//2003 2000//2000
f 2007//2007 2008//2008 2009//2009
f 2010//2010 2011//2011 2012//2012
f 2013//2013 2009//2009 2011//2011
f 2014//2014 2007//2007 2013//2013
f 2014//2014 2012//2012 2008//2008
f 2012//2012 2011//2011 2008//2008
f 2015//2015 2016//2016 2017//2017
f 2018//2018 2019//2019 2020//2020
f 2021//2021 2017//2017 2019//2019
f 2022//2022 2015//2015 2021//2021
f 2022//2022 2020//2020 2016//2016
f 2020//2020 2019//2019 2016//2016
f 2023//2023 2024//2024 2025//2025
f 2026//2026 2027//2027 2028//2028
f 2029//2029 2025//2025 2027//2027
f 2030//2030 2023//2023 2029//2029
f 2030//2030 2028//2028 2024//2024
f 2028//2028 2027//2027 2024//2024
f 2031//2031 2032//2032 2033//2033
f 2034//2034 2035//2035 2036//2036
f 2037//2037 2036//2036 2032//2032
f 2037//2037 2031//2031 2038//2038
f 2038//2038 2033//2033 2035//2035
f 2036//2036 2035//2035 2032//2032
f 2039//2039 2040//2040 2041//2041
f 2042//2042 2043//2043 2044//2044
f 2045//2045 2044//2044 2040//2040
f 2045//2045 2039//2039 2046//2046
f 2046//2046 2041//2041 2043//2043
f 2044//2044 2043//2043 2040//2040
f 2047//2047 2048//2048 2049//2049
f 2050//2050 2051//2051 2052//2052
f 2053//2053 2052//2052 2048//2048
f 2053//2053 2047//2047 2054//2054
f 2054//2054 2049//2049 2051//2051
f 2052//2052 2051//2051 2048//2048
f 2055//2055 2056//2056 2057//2057
f 2058//2058 2059//2059 2060//2060
f 2061//2061 2060//2060 2056//2056
f 2061//2061 2055//2055 2062//2062
f 2062//2062 2057//2057 2059//2059
f 2060//2060 2059//2059 2056//2056
f 2063//2063 2064//2064 2065//2065
f 2066//2066 2067//2067 2068//2068
f 2069//2069 2068//2068 2064//2064
f 2069//2069 2063//2063 2070//2070
f 2070//2070 2065//2065 2067//2067
f 2068//2068 2067//2067 2064//2064
f 2071//2071 2072//2072 2073//2073
f 2074//2074 2075//2075 2076//2076
f 2077//2077 2076//2076 2072//2072
f 2077//2077 2071//2071 2078//2078
f 2078//2078 2073//2073 2075//2075
f 2076//2076 2075//2075 2072//2072
f 2079//2079 2080//2080 2081//2081
f 2082//2082 2083//2083 2084//2084
f 2085//2085 2084//2084 2080//2080
f 2085//2085 2079//2079 2086//2086
f 2086//2086 2081//2081 2083//2083
f 2084//2084 2083//2083 2080//2080
f 2087//2087 2088//2088 2089//2089
f 2090//2090 2091//2091 2092//2092
f 2093//2093 2092//2092 2088//2088
f 2093//2093 2087//2087 2094//2094
f 2094//2094 2089//2089 2091//2091
f 2092//2092 2091//2091 2088//2088
f 2095//2095 2096//2096 2097//2097
f 2098//2098 2099//2099 2100//2100
f 2101//2101 2100//2100 2096//2096
f 2101//2101 2095//2095 2102//2102
f 2102//2102 2097//2097 2099//2099
f 2100//2100 2099//2099 2096//2096
f 2103//2103 2104//2104 2105//2105
f 2106//2106 2107//2107 2108//2108
f 2109//2109 2108//2108 2104//2104
f 2109//2109 2103//2103 2110//2110
f 2110//2110 2105//2105 2107//2107
f 2108//2108 2107//2107 2104//2104
f 2111//2111 2112//2112 2113//2113
f 2114//2114 2115//2115 2116//2116
f 2117//2117 2116//2116 2112//2112
f 2117//2117 2111//2111 2118//2118
f 2118//2118 2113//2113 2115//2115
f 2116//2116 2115//2115 2112//2112
f 2119//2119 2120//2120 2121//2121
f 2122//2122 2123//2123 2124//2124
f 2125//2125 2124//2124 2120//2120
f 2125//2125 2119//2119 2126//2126
f 2126//2126 2121//2121 2123//2123
f 2124//2124 2123//2123 2120//2120
f 2127//2127 2128//2128 2129//2129
f 2130//2130 2131//2131 2132//2132
f 2133//2133 2129//2129 2131//2131
f 2134//2134 2127//2127 2133//2133
f 2134//2134 2132//2132 2128//2128
f 2132//2132 2131//2131 2128//2128
f 2135//2135 2136//2136 2137//2137
f 2138//2138 2139//2139 2140//2140
f 2141//2141 2137//2137 2139//2139
f 2142//2142 2135//2135 2141//2141
f 2142//2142 2140//2140 2136//2136
f 2140//2140 2139//2139 2136//2136
f 2143//2143 2144//2144 2145//2145
f 2146//2146 2147//2147 2148//2148
f 2149//2149 2145//2145 2147//2147
f 2150//2150 2143//2143 2149//2149
f 2150//2150 2148//2148 2144//2144
f 2148//2148 2147//2147 2144//2144
f 2151//2151 2152//2152 2153//2153
f 2154//2154 2155//2155 2156//2156
f 2157//2157 2153//2153 2155//2155
f 2158//2158 2151//2151 2157//2157
f 2158//2158 2156//2156 2152//2152
f 2156//2156 2155//2155 2152//2152
f 2159//2159 2160//2160 2161//2161
f 2162//2162 2163//2163 2164//2164
f 2165//2165 2161//2161 2163//2163
f 2166//2166 2159//2159 2165//2165
f 2166//2166 2164//2164 2160//2160
f 2164//2164 2163//2163 2160//2160
f 2167//2167 2168//2168 2169//2169
f 2170//2170 2171//2171 2172//2172
f 2173//2173 2169//2169 2171//2171
f 2174//2174 2167//2167 2173//2173
f 2174//2174 2172//2172 2168//2168
f 2172//2172 2171//2171 2168//2168
f 2175//2175 2176//2176 2177//2177
f 2178//2178 2179//2179 2180//2180
f 2181//2181 2177//2177 2179//2179
f 2182//2182 2175//2175 2181//2181
f 2182//2182 2180//2180 2176//2176
f 2180//2180 2179//2179 2176//2176
f 2183//2183 2184//2184 2185//2185
f 2186//2186 2187//2187 2188//2188
f 2189//2189 2185//2185 2187//2187
f 2190//2190 2183//2183 2189//2189
f 2190//2190 2188//2188 2184//2184
f 2188//2188 2187//2187 2184//2184
f 2191//2191 2192//2192 2193//2193
f 2194//2194 2195//2195 2196//2196
f 2197//2197 2193//2193 2195//2195
f 2198//2198 2191//2191 2197//2197
f 2198//2198 2196//2196 2192//2192
f 2196//2196 2195//2195 2192//2192
f 2199//2199 2200//2200 2201//2201
f 2202//2202 2203//2203 2204//2204
f 2205//2205 2201//2201 2203//2203
f 2206//2206 2199//2199 2205//2205
f 2206//2206 2204//2204 2200//2200
f 2204//2204 2203//2203 2200//2200
f 2207//2207 2208//2208 2209//2209
f 2210//2210 2211//2211 2212//2212
f 2213//2213 2209//2209 2211//2211
f 2214//2214 2207//2207 2213//2213
f 2214//2214 2212//2212 2208//2208
f 2212//2212 2211//2211 2208//2208
f 2215//2215 2216//2216 2217//2217
f 2218//2218 2219//2219 2220//2220
f 2221//2221 2217//2217 2219//2219
f 2222//2222 2215//2215 2221//2221
f 2222//2222 2220//2220 2216//2216
f 2220//2220 2219//2219 2216//2216
f 1749//1749 1743//1743 1745//1745
f 1748//1748 1750//1750 1746//1746
f 1747//1747 1746//1746 1749//1749
f 1746//1746 1750//1750 1749//1749
f 1743//1743 1750//1750 1744//1744
f 1745//1745 1744//1744 1747//1747
f 1757//1757 1751//1751 1753//1753
f 1756//1756 1758//1758 1754//1754
f 1755//1755 1754//1754 1757//1757
f 1754//1754 1758//1758 1757//1757
f 1751//1751 1758//1758 1752//1752
f 1753//1753 1752//1752 1755//1755
f 1765//1765 1759//1759 1761//1761
f 1764//1764 1766//1766 1762//1762
f 1763//1763 1762//1762 1765//1765
f 1762//1762 1766//1766 1765//1765
f 1759//1759 1766//1766 1760//1760
f 1761//1761 1760//1760 1763//1763
f 1773//1773 1767//1767 1769//1769
f 1772//1772 1774//1774 1770//1770
f 1771//1771 1770//1770 1773//1773
f 1770//1770 1774//1774 1773//1773
f 1767//1767 1774//1774 1768//1768
f 1769//1769 1768//1768 1771//1771
f 1781//1781 1775//1775 1777//1777
f 1780//1780 1782//1782 1778//1778
f 1779//1779 1778//1778 1781//1781
f 1778//1778 1782//1782 1781//1781
f 1775//1775 1782//1782 1776//1776
f 1777//1777 1776//1776 1779//1779
f 1789//1789 1783//1783 1785//1785
f 1788//1788 1790//1790 1786//1786
f 1787//1787 1786//1786 1789//1789
f 1786//1786 1790//1790 1789//1789
f 1783//1783 1790//1790 1784//1784
f 1785//1785 1784//1784 1787//1787
f 1797//1797 1791//1791 1793//1793
f 1796//1796 1798//1798 1794//1794
f 1795//1795 1794//1794 1797//1797
f 1794//1794 1798//1798 1797//1797
f 1791//1791 1798//1798 1792//1792
f 1793//1793 1792//1792 1795//1795
f 1805//1805 1799//1799 1801//1801
f 1804//1804 1806//1806 1802//1802
f 1803//1803 1802//1802 1805//1805
f 1802//1802 1806//1806 1805//1805
f 1799//1799 1806//1806 1800//1800
f 1801//1801 1800//1800 1803//1803
f 1813//1813 1807//1807 1809//1809
f 1812//1812 1814//1814 1810//1810
f 1811//1811 1810//1810 1813//1813
f 1810//1810 1814//1814 1813//1813
f 1807//1807 1814//1814 1808//1808
f 1809//1809 1808//1808 1811//1811
f 1821//1821 1815//1815 1817//1817
f 1820//1820 1822//1822 1818//1818
f 1819//1819 1818//1818 1821//1821
f 1818//1818 1822//1822 1821//1821
f 1815//1815 1822//1822 1816//1816
f 1817//1817 1816//1816 1819//1819
f 1829//1829 1823//1823 1825//1825
f 1828//1828 1830//1830 1826//1826
f 1827//1827 1826//1826 1829//1829
f 1826//1826 1830//1830 1829//1829
f 1823//1823 1830//1830 1824//1824
f 1825//1825 1824//1824 1827//1827
f 1837//1837 1831//1831 1833//1833
f 1836//1836 1838//1838 1834//1834
f 1835//1835 1834//1834 1837//1837
f 1834//1834 1838//1838 1837//1837
f 1831//1831 1838//1838 1832//1832
f 1833//1833 1832//1832 1835//1835
f 1846//1846 1839//1839 1841//1841
f 1844//1844 1845//1845 1842//1842
f 1839//1839 1845//1845 1840//1840
f 1842//1842 1845//1845 1846//1846
f 1842//1842 1846//1846 1843//1843
f 1841//1841 1840//1840 1843//1843
f 1854//1854 1847//1847 1849//1849
f 1852//1852 1853//1853 1850//1850
f 1847//1847 1853//1853 1848//1848
f 1850//1850 1853//1853 1854//1854
f 1850//1850 1854//1854 1851//1851
f 1849//1849 1848//1848 1851//1851
f 1862//1862 1855//1855 1857//1857
f 1860//1860 1861//1861 1858//1858
f 1855//1855 1861//1861 1856//1856
f 1858//1858 1861//1861 1862//1862
f 1858//1858 1862//1862 1859//1859
f 1857//1857 1856//1856 1859//1859
f 1870//1870 1863//1863 1865//1865
f 1868//1868 1869//1869 1866//1866
f 1863//1863 1869//1869 1864//1864
f 1866//1866 1869//1869 1870//1870
f 1866//1866 1870//1870 1867//1867
f 1865//1865 1864//1864 1867//1867
f 1878//1878 1871//1871 1873//1873
f 1876//1876 1877//1877 1874//1874
f 1871//1871 1877//1877 1872//1872
f 1874//1874 1877//1877 1878//1878
f 1874//1874 1878//1878 1875//1875
f 1873//1873 1872//1872 1875//1875
f 1886//1886 1879//1879 1881//1881
f 1884//1884 1885//1885 1882//1882
f 1879//1879 1885//1885 1880//1880
f 1882//1882 1885//1885 1886//1886
f 1882//1882 1886//1886 1883//1883
f 1881//1881 1880//1880 1883//1883
f 1894//1894 1887//1887 1889//1889
f 1892//1892 1893//1893 1890//1890
f 1887//1887 1893//1893 1888//1888
f 1890//1890 1893//1893 1894//1894
f 1890//1890 1894//1894 1891//1891
f 1889//1889 1888//1888 1891//1891
f 1902//1902 1895//1895 1897//1897
f 1900//1900 1901//1901 1898//1898
f 1895//1895 1901//1901 1896//1896
f 1898//1898 1901//1901 1902//1902
f 1898//1898 1902//1902 1899//1899
f 1897//1897 1896//1896 1899//1899
f 1910//1910 1903//1903 1905//1905
f 1908//1908 1909//1909 1906//1906
f 1903//1903 1909//1909 1904//1904
f 1906//1906 1909//1909 1910//1910
f 1906//1906 1910//1910 1907//1907
f 1905//1905 1904//1904 1907//1907
f 1918//1918 1911//1911 1913//1913
f 1916//1916 1917//1917 1914//1914
f 1911//1911 1917//1917 1912//1912
f 1914//1914 1917//1917 1918//1918
f 1914//1914 1918//1918 1915//1915
f 1913//1913 1912//1912 1915//1915
f 1926//1926 1919//1919 1921//1921
f 1924//1924 1925//1925 1922//1922
f 1919//1919 1925//1925 1920//1920
f 1922//1922 1925//1925 1926//1926
f 1922//1922 1926//1926 1923//1923
f 1921//1921 1920//1920 1923//1923
f 1934//1934 1927//1927 1929//1929
f 1932//1932 1933//1933 1930//1930
f 1927//1927 1933//1933 1928//1928
f 1930//1930 1933//1933 1934//1934
f 1930//1930 1934//1934 1931//1931
f 1929//1929 1928//1928 1931//1931
f 1941//1941 1935//1935 1937//1937
f 1940//1940 1942//1942 1938//1938
f 1939//1939 1938//1938 1941//1941
f 1938//1938 1942//1942 1941//1941
f 1935//1935 1942//1942 1936//1936
f 1937//1937 1936//1936 1939//1939
f 1949//1949 1943//1943 1945//1945
f 1948//1948 1950//1950 1946//1946
f 1947//1947 1946//1946 1949//1949
f 1946//1946 1950//1950 1949//1949
f 1943//1943 1950//1950 1944//1944
f 1945//1945 1944//1944 1947//1947
f 1957//1957 1951//1951 1953//1953
f 1956//1956 1958//1958 1954//1954
f 1955//1955 1954//1954 1957//1957
f 1954//1954 1958//1958 1957//1957
f 1951//1951 1958//1958 1952//1952
f 1953//1953 1952//1952 1955//1955
f 1965//1965 1959//1959 1961//1961
f 1964//1964 1966//1966 1962//1962
f 1963//1963 1962//1962 1965//1965
f 1962//1962 1966//1966 1965//1965
f 1959//1959 1966//1966 1960//1960
f 1961//1961 1960//1960 1963//1963
f 1973//1973 1967//1967 1969//1969
f 1972//1972 1974//1974 1970//1970
f 1971//1971 1970//1970 1973//1973
f 1970//1970 1974//1974 1973//1973
f 1967//1967 1974//1974 1968//1968
f 1969//1969 1968//1968 1971//1971
f 1981//1981 1975//1975 1977//1977
f 1980//1980 1982//1982 1978//1978
f 1979//1979 1978//1978 1981//1981
f 1978//1978 1982//1982 1981//1981
f 1975//1975 1982//1982 1976//1976
f 1977//1977 1976//1976 1979//1979
f 1989//1989 1983//1983 1985//1985
f 1988//1988 1990//1990 1986//1986
f 1987//1987 1986//1986 1989//1989
f 1986//1986 1990//1990 1989//1989
f 1983//1983 1990//1990 1984//1984
f 1985//1985 1984//1984 1987//1987
f 1997//1997 1991//1991 1993//1993
f 1996//1996 1998//1998 1994//1994
f 1995//1995 1994//1994 1997//1997
f 1994//1994 1998//1998 1997//1997
f 1991//1991 1998//1998 1992//1992
f 1993//1993 1992//1992 1995//1995
f 2005//2005 1999//1999 2001//2001
f 2004//2004 2006//2006 2002//2002
f 2003//2003 2002//2002 2005//2005
f 2002//2002 2006//2006 2005//2005
f 1999//1999 2006//2006 2000//2000
f 2001//2001 2000//2000 2003//2003
f 2013//2013 2007//2007 2009//2009
f 2012//2012 2014//2014 2010//2010
f 2011//2011 2010//2010 2013//2013
f 2010//2010 2014//2014 2013//2013
f 2007//2007 2014//2014 2008//2008
f 2009//2009 2008//2008 2011//2011
f 2021//2021 2015//2015 2017//2017
f 2020//2020 2022//2022 2018//2018
f 2019//2019 2018//2018 2021//2021
f 2018//2018 2022//2022 2021//2021
f 2015//2015 2022//2022 2016//2016
f 2017//2017 2016//2016 2019//2019
f 2029//2029 2023//2023 2025//2025
f 2028//2028 2030//2030 2026//2026
f 2027//2027 2026//2026 2029//2029
f 2026//2026 2030//2030 2029//2029
f 2023//2023 2030//2030 2024//2024
f 2025//2025 2024//2024 2027//2027
f 2038//2038 2031//2031 2033//2033
f 2036//2036 2037//2037 2034//2034
f 2031//2031 2037//2037 2032//2032
f 2034//2034 2037//2037 2038//2038
f 2034//2034 2038//2038 2035//2035
f 2033//2033 2032//2032 2035//2035
f 2046//2046 2039//2039 2041//2041
f 2044//2044 2045//2045 2042//2042
f 2039//2039 2045//2045 2040//2040
f 2042//2042 2045//2045 2046//2046
f 2042//2042 2046//2046 2043//2043
f 2041//2041 2040//2040 2043//2043
f 2054//2054 2047//2047 2049//2049
f 2052//2052 2053//2053 2050//2050
f 2047//2047 2053//2053 2048//2048
f 2050//2050 2053//2053 2054//2054
f 2050//2050 2054//2054 2051//2051
f 2049//2049 2048//2048 2051//2051
f 2062//2062 2055//2055 2057//2057
f 2060//2060 2061//2061 2058//2058
f 2055//2055 2061//2061 2056//2056
f 2058//2058 2061//2061 2062//2062
f 2058//2058 2062//2062 2059//2059
f 2057//2057 2056//2056 2059//2059
f 2070//2070 2063//2063 2065//2065
f 2068//2068 2069//2069 2066//2066
f 2063//2063 2069//2069 2064//2064
f 2066//2066 2069//2069 2070//2070
f 2066//2066 2070//2070 2067//2067
f 2065//2065 2064//2064 2067//2067
f 2078//2078 2071//2071 2073//2073
f 2076//2076 2077//2077 2074//2074
f 2071//2071 2077//2077 2072//2072
f 2074//2074 2077//2077 2078//2078
f 2074//2074 2078//2078 2075//2075
f 2073//2073 2072//2072 2075//2075
f 2086//2086 2079//2079 2081//2081
f 2084//2084 2085//2085 2082//2082
f 2079//2079 2085//2085 2080//2080
f 2082//2082 2085//2085 2086//2086
f 2082//2082 2086//2086 2083//2083
f 2081//2081 2080//2080 2083//2083
f 2094//2094 2087//2087 2089//2089
f 2092//2092 2093//2093 2090//2090
f 2087//2087 2093//2093 2088//2088
f 2090//2090 2093//2093 2094//2094
f 2090//2090 2094//2094 2091//2091
f 2089//2089 2088//2088 2091//2091
f 2102//2102 2095//2095 2097//2097
f 2100//2100 2101//2101 2098//2098
f 2095//2095 2101//2101 2096//2096
f 2098//2098 2101//2101 2102//2102
f 2098//2098 2102//2102 2099//2099
f 2097//2097 2096//2096 2099//2099
f 2110//2110 2103//2103 2105//2105
f 2108//2108 2109//2109 2106//2106
f 2103//2103 2109//2109 2104//2104
f 2106//2106 2109//2109 2110//2110
f 2106//2106 2110//2110 2107//2107
f 2105//2105 2104//2104 2107//2107
f 2118//2118 2111//2111 2113//2113
f 2116//2116 2117//2117 2114//2114
f 2111//2111 2117//2117 2112//2112
f 2114//2114 2117//2117 2118//2118
f 2114//2114 2118//2118 2115//2115
f 2113//2113 2112//2112 2115//2115
f 2126//2126 2119//2119 2121//2121
f 2124//2124 2125//2125 2122//2122
f 2119//2119 2125//2125 2120//2120
f 2122//2122 2125//2125 2126//2126
f 2122//2122 2126//2126 2123//2123
f 2121//2121 2120//2120 2123//2123
f 2133//2133 2127//2127 2129//2129
f 2132//2132 2134//2134 2130//2130
f 2131//2131 2130//2130 2133//2133
f 2130//2130 2134//2134 2133//2133
f 2127//2127 2134//2134 2128//2128
f 2129//2129 2128//2128 2131//2131
f 2141//2141 2135//2135 2137//2137
f 2140//2140 2142//2142 2138//2138
f 2139//2139 2138//2138 2141//2141
f 2138//2138 2142//2142 2141//2141
f 2135//2135 2142//2142 2136//2136
f 2137//2137 2136//2136 2139//2139
f 2149//2149 2143//2143 2145//2145
f 2148//2148 2150//2150 2146//2146
f 2147//2147 2146//2146 2149//2149
f 2146//2146 2150//2150 2149//2149
f 2143//2143 2150//2150 2144//2144
f 2145//2145 2144//2144 2147//2147
f 2157//2157 2151//2151 2153//2153
f 2156//2156 2158//2158 2154//2154
f 2155//2155 2154//2154 2157//2157
f 2154//2154 2158//2158 2157//2157
f 2151//2151 2158//2158 2152//2152
f 2153//2153 2152//2152 2155//2155
f 2165//2165 2159//2159 2161//2161
f 2164//2164 2166//2166 2162//2162
f 2163//2163 2162//2162 2165//2165
f 2162//2162 2166//2166 2165//2165
f 2159//2159 2166//2166 2160//2160
f 2161//2161 2160//2160 2163//2163
f 2173//2173 2167//2167 2169//2169
f 2172//2172 2174//2174 2170//2170
f 2171//2171 2170//2170 2173//2173
f 2170//2170 2174//2174 2173//2173
f 2167//2167 2174//2174 2168//2168
f 2169//2169 2168//2168 2171//2171
f 2181//2181 2175//2175 2177//2177
f 2180//2180 2182//2182 2178//2178
f 2179//2179 2178//2178 2181//2181
f 2178//2178 2182//2182 2181//2181
f 2175//2175 2182//2182 2176//2176
f 2177//2177 2176//2176 2179//2179
f 2189//2189 2183//2183 2185//2185
f 2188//2188 2190//2190 2186//2186
f 2187//2187 2186//2186 2189//2189
f 2186//2186 2190//2190 2189//2189
f 2183//2183 2190//2190 2184//2184
f 2185//2185 2184//2184 2187//2187
f 2197//2197 2191//2191 2193//2193
f 2196//2196 2198//2198 2194//2194
f 2195//2195 2194//2194 2197//2197
f 2194//2194 2198//2198 2197//2197
f 2191//2191 2198//2198 2192//2192
f 2193//2193 2192//2192 2195//2195
f 2205//2205 2199//2199 2201//2201
f 2204//2204 2206//2206 2202//2202
f 2203//2203 2202//2202 2205//2205
f 2202//2202 2206//2206 2205//2205
f 2199//2199 2206//2206 2200//2200
f 2201//2201 2200//2200 2203//2203
f 2213//2213 2207//2207 2209//2209
f 2212//2212 2214//2214 2210//2210
f 2211//2211 2210//2210 2213//2213
f 2210//2210 2214//2214 2213//2213
f 2207//2207 2214//2214 2208//2208
f 2209//2209 2208//2208 2211//2211
f 2221//2221 2215//2215 2217//2217
f 2220//2220 2222//2222 2218//2218
f 2219//2219 2218//2218 2221//2221
f 2218//2218 2222//2222 2221//2221
f 2215//2215 2222//2222 2216//2216
f 2217//2217 2216//2216 2219//2219
f 2295//2295 2223//2223 2298//2298
f 2223//2223 2226//2226 2227//2227
f 2224//2224 2228//2228 2232//2232
f 2226//2226 2229//2229 2230//2230
f 2228//2228 2231//2231 2232//2232
f 2231//2231 2234//2234 2235//2235
f 2229//2229 2236//2236 2233//2233
f 2234//2234 2237//2237 2240//2240
f 2236//2236 2238//2238 2239//2239
f 2237//2237 2242//2242 2240//2240
f 2238//2238 2244//2244 2241//2241
f 2242//2242 2245//2245 2656//2656
f 2245//2245 2250//2250 2247//2247
f 2244//2244 2248//2248 2249//2249
f 2248//2248 2251//2251 2252//2252
f 2250//2250 2253//2253 2247//2247
f 2251//2251 2254//2254 2255//2255
f 2253//2253 2256//2256 2687//2687
f 2256//2256 2260//2260 2258//2258
f 2254//2254 2259//2259 2257//2257
f 2259//2259 2261//2261 2262//2262
f 2260//2260 2265//2265 2258//2258
f 2261//2261 2263//2263 2264//2264
f 2265//2265 2266//2266 2717//2717
f 2263//2263 2267//2267 2268//2268
f 2266//2266 2269//2269 2270//2270
f 2269//2269 2272//2272 2278//2278
f 2267//2267 2273//2273 2274//2274
f 2272//2272 2277//2277 2278//2278
f 2273//2273 2275//2275 2276//2276
f 2277//2277 2279//2279 2283//2283
f 2275//2275 2280//2280 2281//2281
f 2279//2279 2282//2282 2283//2283
f 2280//2280 2284//2284 2285//2285
f 2282//2282 2289//2289 2286//2286
f 2284//2284 2287//2287 2288//2288
f 2289//2289 2291//2291 2286//2286
f 2287//2287 2292//2292 2290//2290
f 2291//2291 2293//2293 2294//2294
f 2292//2292 2295//2295 2296//2296
f 2293//2293 2297//2297 2225//2225
f 2297//2297 2224//2224 2225//2225
f 2299//2299 2300//2300 2301//2301
f 2300//2300 2303//2303 2304//2304
f 2303//2303 2308//2308 2306//2306
f 2305//2305 2808//2808 2307//2307
f 2808//2808 2312//2312 2309//2309
f 2308//2308 2310//2310 2311//2311
f 2310//2310 2314//2314 2318//2318
f 2312//2312 2315//2315 2316//2316
f 2314//2314 2317//2317 2318//2318
f 2315//2315 2829//2829 2316//2316
f 2317//2317 2321//2321 2319//2319
f 2829//2829 2840//2840 2320//2320
f 2840//2840 2327//2327 2320//2320
f 2321//2321 2322//2322 2323//2323
f 2322//2322 2325//2325 2326//2326
f 2325//2325 2330//2330 2328//2328
f 2327//2327 2859//2859 2329//2329
f 2859//2859 2334//2334 2331//2331
f 2330//2330 2332//2332 2333//2333
f 2332//2332 2335//2335 2336//2336
f 2334//2334 2881//2881 2337//2337
f 2335//2335 2338//2338 2339//2339
f 2881//2881 2342//2342 2340//2340
f 2338//2338 2341//2341 2343//2343
f 2341//2341 2346//2346 2343//2343
f 2342//2342 2344//2344 2345//2345
f 2344//2344 2897//2897 2347//2347
f 2346//2346 2348//2348 2349//2349
f 2897//2897 2908//2908 2350//2350
f 2348//2348 2351//2351 2353//2353
f 2908//2908 2355//2355 2350//2350
f 2351//2351 2352//2352 2353//2353
f 2352//2352 2356//2356 2357//2357
f 2355//2355 2361//2361 2358//2358
f 2356//2356 2359//2359 2360//2360
f 2359//2359 2364//2364 2365//2365
f 2361//2361 2939//2939 2363//2363
f 2939//2939 2368//2368 2363//2363
f 2364//2364 2366//2366 2367//2367
f 2366//2366 2299//2299 2370//2370
f 2368//2368 2305//2305 2372//2372
f 2450//2450 2373//2373 2374//2374
f 2375//2375 2376//2376 2377//2377
f 2373//2373 2378//2378 2379//2379
f 2376//2376 2380//2380 2381//2381
f 2378//2378 2382//2382 2383//2383
f 2380//2380 2384//2384 2385//2385
f 2382//2382 2386//2386 2387//2387
f 2384//2384 2390//2390 2391//2391
f 2386//2386 2388//2388 2389//2389
f 2390//2390 2393//2393 2394//2394
f 2388//2388 2395//2395 2392//2392
f 2393//2393 2397//2397 2398//2398
f 2395//2395 2399//2399 2400//2400
f 2397//2397 2401//2401 3017//3017
f 2399//2399 2402//2402 2403//2403
f 2401//2401 2404//2404 2405//2405
f 2404//2404 2408//2408 2411//2411
f 2402//2402 2406//2406 2407//2407
f 2408//2408 2410//2410 2411//2411
f 2406//2406 2412//2412 2413//2413
f 2410//2410 2414//2414 2418//2418
f 2412//2412 2415//2415 2416//2416
f 2414//2414 2417//2417 2418//2418
f 2417//2417 2419//2419 2420//2420
f 2415//2415 2421//2421 2422//2422
f 2419//2419 2425//2425 3066//3066
f 2421//2421 2423//2423 2424//2424
f 2425//2425 2426//2426 2430//2430
f 2423//2423 2427//2427 2428//2428
f 2426//2426 2429//2429 2430//2430
f 2429//2429 2432//2432 2433//2433
f 2427//2427 2434//2434 2435//2435
f 2432//2432 2437//2437 2438//2438
f 2434//2434 2439//2439 2436//2436
f 2437//2437 2440//2440 2441//2441
f 2439//2439 2442//2442 2443//2443
f 2440//2440 2445//2445 2446//2446
f 2442//2442 2447//2447 2444//2444
f 2445//2445 2448//2448 2449//2449
f 2447//2447 2450//2450 2451//2451
f 2448//2448 2375//2375 2453//2453
f 2454//2454 2457//2457 2455//2455
f 2529//2529 2460//2460 2456//2456
f 2457//2457 2458//2458 2459//2459
f 2458//2458 2462//2462 2463//2463
f 2460//2460 2464//2464 2465//2465
f 2462//2462 2466//2466 2467//2467
f 2464//2464 3160//3160 2468//2468
f 2466//2466 2469//2469 2471//2471
f 3160//3160 2472//2472 2470//2470
f 2469//2469 2474//2474 2471//2471
f 2472//2472 3181//3181 2475//2475
f 2474//2474 2476//2476 2477//2477
f 2476//2476 2481//2481 2478//2478
f 3181//3181 2479//2479 2480//2480
f 2479//2479 2485//2485 2482//2482
f 2481//2481 2483//2483 2484//2484
f 2483//2483 2487//2487 2488//2488
f 2485//2485 3207//3207 2489//2489
f 2487//2487 2490//2490 2491//2491
f 3207//3207 2495//2495 2489//2489
f 2490//2490 2493//2493 2494//2494
f 2493//2493 2496//2496 2497//2497
f 2495//2495 3231//3231 2498//2498
f 2496//2496 2500//2500 2501//2501
f 3231//3231 2502//2502 2499//2499
f 2500//2500 2503//2503 2504//2504
f 2502//2502 2505//2505 2506//2506
f 2503//2503 2508//2508 2509//2509
f 2505//2505 3252//3252 2507//2507
f 3252//3252 2510//2510 2511//2511
f 2508//2508 2512//2512 2513//2513
f 2510//2510 2514//2514 2511//2511
f 2512//2512 2516//2516 2517//2517
f 2514//2514 2523//2523 2518//2518
f 2516//2516 2519//2519 2520//2520
f 2519//2519 2521//2521 2522//2522
f 2521//2521 2527//2527 2528//2528
f 2523//2523 2525//2525 2526//2526
f 2525//2525 2529//2529 2526//2526
f 2527//2527 2454//2454 2530//2530
f 2534//2534 2535//2535 2536//2536
f 2532//2532 2537//2537 2533//2533
f 2535//2535 2540//2540 2541//2541
f 2537//2537 2538//2538 2539//2539
f 2540//2540 2543//2543 2541//2541
f 2538//2538 2544//2544 2542//2542
f 2543//2543 2545//2545 2548//2548
f 2544//2544 2546//2546 2547//2547
f 2545//2545 2550//2550 2548//2548
f 2546//2546 2552//2552 2549//2549
f 2550//2550 2553//2553 3351//3351
f 2552//2552 2554//2554 2555//2555
f 2553//2553 2559//2559 2556//2556
f 2554//2554 2557//2557 2558//2558
f 2559//2559 2562//2562 2556//2556
f 2557//2557 2561//2561 2560//2560
f 2561//2561 2563//2563 2564//2564
f 2562//2562 2565//2565 2567//2567
f 2565//2565 2569//2569 2567//2567
f 2563//2563 2568//2568 2566//2566
f 2568//2568 2571//2571 2572//2572
f 2569//2569 2573//2573 3400//3400
f 2573//2573 2577//2577 2575//2575
f 2571//2571 2576//2576 2574//2574
f 2577//2577 2581//2581 2575//2575
f 2576//2576 2579//2579 2580//2580
f 2581//2581 2583//2583 3429//3429
f 2579//2579 2584//2584 2582//2582
f 2583//2583 2588//2588 2585//2585
f 2584//2584 2586//2586 2587//2587
f 2588//2588 2592//2592 2585//2585
f 2586//2586 2590//2590 2591//2591
f 2590//2590 2593//2593 2594//2594
f 2592//2592 2595//2595 3459//3459
f 2595//2595 2596//2596 2597//2597
f 2593//2593 2598//2598 2599//2599
f 2596//2596 2601//2601 2602//2602
f 2598//2598 2532//2532 2603//2603
f 2601//2601 2534//2534 3310//3310
f 2298//2298 2223//2223 2227//2227
f 2225//2225 2224//2224 2232//2232
f 2227//2227 2226//2226 2230//2230
f 2230//2230 2229//2229 2233//2233
f 2232//2232 2231//2231 2235//2235
f 2235//2235 2234//2234 2240//2240
f 2233//2233 2236//2236 2239//2239
f 2239//2239 2238//2238 2241//2241
f 2240//2240 2242//2242 2243//2243
f 2243//2243 2242//2242 2656//2656
f 2241//2241 2244//2244 2246//2246
f 2656//2656 2245//2245 2247//2247
f 2246//2246 2244//2244 2249//2249
f 2249//2249 2248//2248 2252//2252
f 2247//2247 2253//2253 2676//2676
f 2252//2252 2251//2251 2255//2255
f 2676//2676 2253//2253 2687//2687
f 2255//2255 2254//2254 2257//2257
f 2687//2687 2256//2256 2258//2258
f 2257//2257 2259//2259 2262//2262
f 2262//2262 2261//2261 2264//2264
f 2258//2258 2265//2265 2706//2706
f 2706//2706 2265//2265 2717//2717
f 2264//2264 2263//2263 2268//2268
f 2717//2717 2266//2266 2270//2270
f 2268//2268 2267//2267 2271//2271
f 2270//2270 2269//2269 2278//2278
f 2271//2271 2267//2267 2274//2274
f 2274//2274 2273//2273 2276//2276
f 2278//2278 2277//2277 2283//2283
f 2276//2276 2275//2275 2281//2281
f 2281//2281 2280//2280 2285//2285
f 2283//2283 2282//2282 2286//2286
f 2285//2285 2284//2284 2288//2288
f 2288//2288 2287//2287 2290//2290
f 2286//2286 2291//2291 2294//2294
f 2290//2290 2292//2292 2296//2296
f 2294//2294 2293//2293 2225//2225
f 2296//2296 2295//2295 2298//2298
f 2372//2372 2305//2305 2302//2302
f 2301//2301 2300//2300 2304//2304
f 2304//2304 2303//2303 2306//2306
f 2302//2302 2305//2305 2307//2307
f 2306//2306 2308//2308 2311//2311
f 2307//2307 2808//2808 2309//2309
f 2309//2309 2312//2312 2313//2313
f 2311//2311 2310//2310 2318//2318
f 2313//2313 2312//2312 2316//2316
f 2318//2318 2317//2317 2319//2319
f 2316//2316 2829//2829 2320//2320
f 2319//2319 2321//2321 2323//2323
f 2320//2320 2327//2327 2324//2324
f 2323//2323 2322//2322 2326//2326
f 2326//2326 2325//2325 2328//2328
f 2324//2324 2327//2327 2329//2329
f 2328//2328 2330//2330 2333//2333
f 2329//2329 2859//2859 2331//2331
f 2333//2333 2332//2332 2336//2336
f 2331//2331 2334//2334 2337//2337
f 2336//2336 2335//2335 2339//2339
f 2337//2337 2881//2881 2340//2340
f 2339//2339 2338//2338 2343//2343
f 2340//2340 2342//2342 2345//2345
f 2343//2343 2346//2346 2349//2349
f 2345//2345 2344//2344 2347//2347
f 2347//2347 2897//2897 2350//2350
f 2349//2349 2348//2348 2353//2353
f 2350//2350 2355//2355 2354//2354
f 2353//2353 2352//2352 2357//2357
f 2354//2354 2355//2355 2358//2358
f 2357//2357 2356//2356 2360//2360
f 2358//2358 2361//2361 2362//2362
f 2360//2360 2359//2359 2365//2365
f 2362//2362 2361//2361 2363//2363
f 2365//2365 2364//2364 2367//2367
f 2363//2363 2368//2368 2369//2369
f 2367//2367 2366//2366 2370//2370
f 2369//2369 2368//2368 2371//2371
f 2370//2370 2299//2299 2301//2301
f 2371//2371 2368//2368 2372//2372
f 2452//2452 2450//2450 2374//2374
f 2453//2453 2375//2375 2377//2377
f 2374//2374 2373//2373 2379//2379
f 2377//2377 2376//2376 2381//2381
f 2379//2379 2378//2378 2383//2383
f 2381//2381 2380//2380 2385//2385
f 2383//2383 2382//2382 2387//2387
f 2385//2385 2384//2384 2391//2391
f 2387//2387 2386//2386 2389//2389
f 2389//2389 2388//2388 2392//2392
f 2391//2391 2390//2390 2394//2394
f 2394//2394 2393//2393 2398//2398
f 2392//2392 2395//2395 2396//2396
f 2396//2396 2395//2395 2400//2400
f 2398//2398 2397//2397 3017//3017
f 2400//2400 2399//2399 2403//2403
f 3017//3017 2401//2401 2405//2405
f 2405//2405 2404//2404 2411//2411
f 2403//2403 2402//2402 2407//2407
f 2407//2407 2406//2406 2409//2409
f 2409//2409 2406//2406 2413//2413
f 2411//2411 2410//2410 2418//2418
f 2413//2413 2412//2412 2416//2416
f 2418//2418 2417//2417 2420//2420
f 2416//2416 2415//2415 2422//2422
f 2420//2420 2419//2419 3066//3066
f 2422//2422 2421//2421 2424//2424
f 3066//3066 2425//2425 2430//2430
f 2424//2424 2423//2423 2428//2428
f 2428//2428 2427//2427 2431//2431
f 2430//2430 2429//2429 2433//2433
f 2431//2431 2427//2427 2435//2435
f 2433//2433 2432//2432 2438//2438
f 2435//2435 2434//2434 2436//2436
f 2438//2438 2437//2437 2441//2441
f 2436//2436 2439//2439 2443//2443
f 2441//2441 2440//2440 2446//2446
f 2443//2443 2442//2442 2444//2444
f 2446//2446 2445//2445 2449//2449
f 2444//2444 2447//2447 2451//2451
f 2449//2449 2448//2448 2453//2453
f 2451//2451 2450//2450 2452//2452
f 2530//2530 2454//2454 2455//2455
f 2531//2531 2529//2529 2456//2456
f 2455//2455 2457//2457 2459//2459
f 2456//2456 2460//2460 2461//2461
f 2459//2459 2458//2458 2463//2463
f 2461//2461 2460//2460 2465//2465
f 2463//2463 2462//2462 2467//2467
f 2465//2465 2464//2464 2468//2468
f 2467//2467 2466//2466 2471//2471
f 2468//2468 3160//3160 2470//2470
f 2470//2470 2472//2472 2473//2473
f 2471//2471 2474//2474 2477//2477
f 2473//2473 2472//2472 2475//2475
f 2477//2477 2476//2476 2478//2478
f 2475//2475 3181//3181 2480//2480
f 2478//2478 2481//2481 2484//2484
f 2480//2480 2479//2479 2482//2482
f 2482//2482 2485//2485 2486//2486
f 2484//2484 2483//2483 2488//2488
f 2486//2486 2485//2485 2489//2489
f 2488//2488 2487//2487 2491//2491
f 2491//2491 2490//2490 2494//2494
f 2489//2489 2495//2495 2492//2492
f 2494//2494 2493//2493 2497//2497
f 2492//2492 2495//2495 2498//2498
f 2497//2497 2496//2496 2501//2501
f 2498//2498 3231//3231 2499//2499
f 2501//2501 2500//2500 2504//2504
f 2499//2499 2502//2502 2506//2506
f 2504//2504 2503//2503 2509//2509
f 2506//2506 2505//2505 2507//2507
f 2507//2507 3252//3252 2511//2511
f 2509//2509 2508//2508 2513//2513
f 2513//2513 2512//2512 2517//2517
f 2511//2511 2514//2514 2515//2515
f 2515//2515 2514//2514 2518//2518
f 2517//2517 2516//2516 2520//2520
f 2520//2520 2519//2519 2522//2522
f 2518//2518 2523//2523 2524//2524
f 2522//2522 2521//2521 2528//2528
f 2524//2524 2523//2523 2526//2526
f 2528//2528 2527//2527 2530//2530
f 2526//2526 2529//2529 2531//2531
f 2603//2603 2532//2532 2533//2533
f 3310//3310 2534//2534 2536//2536
f 2536//2536 2535//2535 2541//2541
f 2533//2533 2537//2537 2539//2539
f 2539//2539 2538//2538 2542//2542
f 2541//2541 2543//2543 2548//2548
f 2542//2542 2544//2544 2547//2547
f 2547//2547 2546//2546 2549//2549
f 2548//2548 2550//2550 2551//2551
f 2551//2551 2550//2550 3351//3351
f 2549//2549 2552//2552 2555//2555
f 3351//3351 2553//2553 2556//2556
f 2555//2555 2554//2554 2558//2558
f 2558//2558 2557//2557 2560//2560
f 2556//2556 2562//2562 3376//3376
f 2560//2560 2561//2561 2564//2564
f 3376//3376 2562//2562 2567//2567
f 2564//2564 2563//2563 2566//2566
f 2567//2567 2569//2569 2570//2570
f 2566//2566 2568//2568 2572//2572
f 2570//2570 2569//2569 3400//3400
f 2572//2572 2571//2571 2574//2574
f 3400//3400 2573//2573 2575//2575
f 2574//2574 2576//2576 2578//2578
f 2578//2578 2576//2576 2580//2580
f 2575//2575 2581//2581 3418//3418
f 2580//2580 2579//2579 2582//2582
f 3418//3418 2581//2581 3429//3429
f 3429//3429 2583//2583 2585//2585
f 2582//2582 2584//2584 2587//2587
f 2587//2587 2586//2586 2589//2589
f 2589//2589 2586//2586 2591//2591
f 2585//2585 2592//2592 3447//3447
f 2591//2591 2590//2590 2594//2594
f 3447//3447 2592//2592 3459//3459
f 3459//3459 2595//2595 2597//2597
f 2594//2594 2593//2593 2599//2599
f 2597//2597 2596//2596 2602//2602
f 2599//2599 2598//2598 2600//2600
f 2600//2600 2598//2598 2603//2603
f 2602//2602 2601//2601 3310//3310
f 3480//3480 3479//3479 2223//2223
f 2605//2605 2604//2604 2606//2606
f 2607//2607 2606//2606 2608//2608
f 2609//2609 2608//2608 2610//2610
f 2611//2611 2610//2610 2612//2612
f 2613//2613 2612//2612 2224//2224
f 3479//3479 2615//2615 2226//2226
f 2298//2298 2227//2227 2616//2616
f 2604//2604 2616//2616 2617//2617
f 2606//2606 2617//2617 2618//2618
f 2608//2608 2618//2618 2619//2619
f 2610//2610 2619//2619 2620//2620
f 2612//2612 2620//2620 2228//2228
f 2225//2225 2232//2232 2621//2621
f 2614//2614 2621//2621 3489//3489
f 2615//2615 3494//3494 2229//2229
f 2227//2227 2230//2230 2622//2622
f 2616//2616 2622//2622 2623//2623
f 2617//2617 2623//2623 2624//2624
f 2618//2618 2624//2624 2625//2625
f 2619//2619 2625//2625 2626//2626
f 2620//2620 2626//2626 2231//2231
f 2621//2621 2627//2627 3495//3495
f 3494//3494 3500//3500 2229//2229
f 2230//2230 2233//2233 2628//2628
f 2622//2622 2628//2628 2629//2629
f 2623//2623 2629//2629 2630//2630
f 2624//2624 2630//2630 2631//2631
f 2625//2625 2631//2631 2632//2632
f 2626//2626 2632//2632 2234//2234
f 2232//2232 2235//2235 2633//2633
f 2627//2627 2633//2633 3501//3501
f 3500//3500 3506//3506 2236//2236
f 2628//2628 2634//2634 2635//2635
f 2629//2629 2635//2635 2636//2636
f 2630//2630 2636//2636 2637//2637
f 2631//2631 2637//2637 2638//2638
f 2632//2632 2638//2638 2237//2237
f 2235//2235 2240//2240 2639//2639
f 2633//2633 2639//2639 3507//3507
f 3506//3506 3512//3512 2238//2238
f 2233//2233 2239//2239 2640//2640
f 2634//2634 2640//2640 2641//2641
f 2635//2635 2641//2641 2642//2642
f 2636//2636 2642//2642 2643//2643
f 2637//2637 2643//2643 2644//2644
f 2638//2638 2644//2644 2242//2242
f 2639//2639 2645//2645 3513//3513
f 3512//3512 3518//3518 2238//2238
f 2239//2239 2241//2241 2646//2646
f 2640//2640 2646//2646 2647//2647
f 2641//2641 2647//2647 2648//2648
f 2642//2642 2648//2648 2649//2649
f 2643//2643 2649//2649 2650//2650
f 2644//2644 2650//2650 2242//2242
f 2645//2645 2243//2243 3519//3519
f 3518//3518 3524//3524 2244//2244
f 2646//2646 2651//2651 2652//2652
f 2647//2647 2652//2652 2653//2653
f 2648//2648 2653//2653 2654//2654
f 2649//2649 2654//2654 2655//2655
f 2650//2650 2655//2655 2245//2245
f 2243//2243 2656//2656 3525//3525
f 3524//3524 2657//2657 2244//2244
f 2241//2241 2246//2246 2658//2658
f 2651//2651 2658//2658 2659//2659
f 2652//2652 2659//2659 2660//2660
f 2653//2653 2660//2660 2661//2661
f 2654//2654 2661//2661 2662//2662
f 2655//2655 2662//2662 2250//2250
f 2656//2656 2247//2247 2663//2663
f 2657//2657 2664//2664 2248//2248
f 2246//2246 2249//2249 2665//2665
f 2658//2658 2665//2665 2666//2666
f 2659//2659 2666//2666 2667//2667
f 2660//2660 2667//2667 2668//2668
f 2661//2661 2668//2668 2669//2669
f 2662//2662 2669//2669 2250//2250
f 2663//2663 2670//2670 3537//3537
f 2664//2664 3542//3542 2251//2251
f 2249//2249 2252//2252 2671//2671
f 2665//2665 2671//2671 2672//2672
f 2666//2666 2672//2672 2673//2673
f 2667//2667 2673//2673 2674//2674
f 2668//2668 2674//2674 2675//2675
f 2669//2669 2675//2675 2253//2253
f 2670//2670 2676//2676 3543//3543
f 3542//3542 3548//3548 2251//2251
f 2671//2671 2677//2677 2678//2678
f 2672//2672 2678//2678 2679//2679
f 2673//2673 2679//2679 2680//2680
f 2674//2674 2680//2680 2681//2681
f 2675//2675 2681//2681 2253//2253
f 3548//3548 3554//3554 2254//2254
f 2252//2252 2255//2255 2682//2682
f 2677//2677 2682//2682 2683//2683
f 2678//2678 2683//2683 2684//2684
f 2679//2679 2684//2684 2685//2685
f 2680//2680 2685//2685 2686//2686
f 2681//2681 2686//2686 2256//2256
f 2676//2676 2687//2687 3555//3555
f 3554//3554 3560//3560 2254//2254
f 2255//2255 2257//2257 2688//2688
f 2682//2682 2688//2688 2689//2689
f 2683//2683 2689//2689 2690//2690
f 2684//2684 2690//2690 2691//2691
f 2685//2685 2691//2691 2692//2692
f 2686//2686 2692//2692 2260//2260
f 2687//2687 2258//2258 2693//2693
f 3560//3560 3566//3566 2259//2259
f 2688//2688 2694//2694 2695//2695
f 2689//2689 2695//2695 2696//2696
f 2690//2690 2696//2696 2697//2697
f 2691//2691 2697//2697 2698//2698
f 2692//2692 2698//2698 2260//2260
f 2693//2693 2699//2699 3567//3567
f 3566//3566 2700//2700 2261//2261
f 2257//2257 2262//2262 2701//2701
f 2694//2694 2701//2701 2702//2702
f 2695//2695 2702//2702 2703//2703
f 2696//2696 2703//2703 2704//2704
f 2697//2697 2704//2704 2705//2705
f 2698//2698 2705//2705 2265//2265
f 2699//2699 2706//2706 3572//3572
f 2700//2700 3577//3577 2263//2263
f 2262//2262 2264//2264 2707//2707
f 2701//2701 2707//2707 2708//2708
f 2702//2702 2708//2708 2709//2709
f 2703//2703 2709//2709 2710//2710
f 2704//2704 2710//2710 2711//2711
f 2705//2705 2711//2711 2265//2265
f 3577//3577 3583//3583 2263//2263
f 2707//2707 2712//2712 2713//2713
f 2708//2708 2713//2713 2714//2714
f 2709//2709 2714//2714 2715//2715
f 2710//2710 2715//2715 2716//2716
f 2711//2711 2716//2716 2266//2266
f 2706//2706 2717//2717 3584//3584
f 3583//3583 3589//3589 2267//2267
f 2264//2264 2268//2268 2718//2718
f 2712//2712 2718//2718 2719//2719
f 2713//2713 2719//2719 2720//2720
f 2714//2714 2720//2720 2721//2721
f 2715//2715 2721//2721 2722//2722
f 2716//2716 2722//2722 2269//2269
f 2717//2717 2270//2270 2723//2723
f 3589//3589 2724//2724 2267//2267
f 2268//2268 2271//2271 2725//2725
f 2718//2718 2725//2725 2726//2726
f 2719//2719 2726//2726 2727//2727
f 2720//2720 2727//2727 2728//2728
f 2721//2721 2728//2728 2729//2729
f 2722//2722 2729//2729 2272//2272
f 2270//2270 2278//2278 2730//2730
f 2723//2723 2730//2730 3596//3596
f 2724//2724 2731//2731 2273//2273
f 2271//2271 2274//2274 2732//2732
f 2725//2725 2732//2732 2733//2733
f 2726//2726 2733//2733 2734//2734
f 2727//2727 2734//2734 2735//2735
f 2728//2728 2735//2735 2736//2736
f 2729//2729 2736//2736 2277//2277
f 2731//2731 3607//3607 2275//2275
f 2274//2274 2276//2276 2737//2737
f 2732//2732 2737//2737 2738//2738
f 2733//2733 2738//2738 2739//2739
f 2734//2734 2739//2739 2740//2740
f 2735//2735 2740//2740 2741//2741
f 2736//2736 2741//2741 2277//2277
f 2730//2730 2742//2742 3608//3608
f 3607//3607 3613//3613 2275//2275
f 2737//2737 2743//2743 2744//2744
f 2738//2738 2744//2744 2745//2745
f 2739//2739 2745//2745 2746//2746
f 2740//2740 2746//2746 2747//2747
f 2741//2741 2747//2747 2279//2279
f 2278//2278 2283//2283 2748//2748
f 2742//2742 2748//2748 3614//3614
f 3613//3613 3619//3619 2280//2280
f 2276//2276 2281//2281 2749//2749
f 2743//2743 2749//2749 2750//2750
f 2744//2744 2750//2750 2751//2751
f 2745//2745 2751//2751 2752//2752
f 2746//2746 2752//2752 2753//2753
f 2747//2747 2753//2753 2282//2282
f 2748//2748 2754//2754 3620//3620
f 3619//3619 2755//2755 2284//2284
f 2281//2281 2285//2285 2756//2756
f 2749//2749 2756//2756 2757//2757
f 2750//2750 2757//2757 2758//2758
f 2751//2751 2758//2758 2759//2759
f 2752//2752 2759//2759 2760//2760
f 2753//2753 2760//2760 2289//2289
f 2283//2283 2286//2286 2761//2761
f 2754//2754 2761//2761 3625//3625
f 2755//2755 3630//3630 2287//2287
f 2285//2285 2288//2288 2762//2762
f 2756//2756 2762//2762 2763//2763
f 2757//2757 2763//2763 2764//2764
f 2758//2758 2764//2764 2765//2765
f 2759//2759 2765//2765 2766//2766
f 2760//2760 2766//2766 2289//2289
f 2761//2761 2767//2767 3631//3631
f 3630//3630 3636//3636 2287//2287
f 2288//2288 2290//2290 2768//2768
f 2762//2762 2768//2768 2769//2769
f 2763//2763 2769//2769 2770//2770
f 2764//2764 2770//2770 2771//2771
f 2765//2765 2771//2771 2772//2772
f 2766//2766 2772//2772 2291//2291
f 2767//2767 2773//2773 3637//3637
f 3636//3636 3642//3642 2292//2292
f 2768//2768 2774//2774 2775//2775
f 2769//2769 2775//2775 2776//2776
f 2770//2770 2776//2776 2777//2777
f 2771//2771 2777//2777 2778//2778
f 2772//2772 2778//2778 2293//2293
f 2286//2286 2294//2294 2773//2773
f 3642//3642 3648//3648 2295//2295
f 2290//2290 2296//2296 2779//2779
f 2774//2774 2779//2779 2780//2780
f 2775//2775 2780//2780 2781//2781
f 2776//2776 2781//2781 2782//2782
f 2777//2777 2782//2782 2783//2783
f 2778//2778 2783//2783 2297//2297
f 2294//2294 2225//2225 2784//2784
f 2773//2773 2784//2784 3649//3649
f 3648//3648 3480//3480 2295//2295
f 2296//2296 2298//2298 2605//2605
f 2779//2779 2605//2605 2607//2607
f 2780//2780 2607//2607 2609//2609
f 2781//2781 2609//2609 2611//2611
f 2782//2782 2611//2611 2613//2613
f 2783//2783 2613//2613 2224//2224
f 2784//2784 2614//2614 3482//3482
f 2785//2785 2786//2786 2300//2300
f 2787//2787 2788//2788 2786//2786
f 2789//2789 2790//2790 2788//2788
f 2791//2791 2792//2792 2790//2790
f 2793//2793 2794//2794 2792//2792
f 2372//2372 2302//2302 2794//2794
f 3657//3657 3658//3658 2795//2795
f 2301//2301 2304//2304 2796//2796
f 2786//2786 2797//2797 2303//2303
f 2788//2788 2798//2798 2797//2797
f 2790//2790 2799//2799 2798//2798
f 2792//2792 2800//2800 2799//2799
f 2794//2794 2801//2801 2800//2800
f 2795//2795 2802//2802 2305//2305
f 2304//2304 2306//2306 3671//3671
f 2797//2797 2803//2803 2308//2308
f 2798//2798 2804//2804 2803//2803
f 2799//2799 2805//2805 2804//2804
f 2800//2800 2806//2806 2805//2805
f 2801//2801 2807//2807 2806//2806
f 2302//2302 2307//2307 2807//2807
f 2802//2802 3672//3672 2808//2808
f 2306//2306 2311//2311 3677//3677
f 2803//2803 2809//2809 2308//2308
f 2804//2804 2810//2810 2809//2809
f 2805//2805 2811//2811 2810//2810
f 2806//2806 2812//2812 2811//2811
f 2807//2807 2813//2813 2812//2812
f 2307//2307 2309//2309 2813//2813
f 3672//3672 3678//3678 2808//2808
f 2809//2809 2814//2814 2310//2310
f 2810//2810 2815//2815 2814//2814
f 2811//2811 2816//2816 2815//2815
f 2812//2812 2817//2817 2816//2816
f 2813//2813 2818//2818 2817//2817
f 2309//2309 2313//2313 2818//2818
f 3678//3678 3684//3684 2312//2312
f 2311//2311 2318//2318 3689//3689
f 2814//2814 2819//2819 2314//2314
f 2815//2815 2820//2820 2819//2819
f 2816//2816 2821//2821 2820//2820
f 2817//2817 2822//2822 2821//2821
f 2818//2818 2823//2823 2822//2822
f 2313//2313 2316//2316 2823//2823
f 2819//2819 2824//2824 2317//2317
f 2820//2820 2825//2825 2824//2824
f 2821//2821 2826//2826 2825//2825
f 2822//2822 2827//2827 2826//2826
f 2823//2823 2828//2828 2827//2827
f 2315//2315 3696//3696 2829//2829
f 2318//2318 2319//2319 3701//3701
f 2824//2824 2830//2830 2321//2321
f 2825//2825 2831//2831 2830//2830
f 2826//2826 2832//2832 2831//2831
f 2827//2827 2833//2833 2832//2832
f 2828//2828 2834//2834 2833//2833
f 2316//2316 2320//2320 2834//2834
f 3696//3696 3702//3702 2840//2840
f 2319//2319 2323//2323 3707//3707
f 2830//2830 2835//2835 2321//2321
f 2831//2831 2836//2836 2835//2835
f 2832//2832 2837//2837 2836//2836
f 2833//2833 2838//2838 2837//2837
f 2834//2834 2839//2839 2838//2838
f 3702//3702 3708//3708 2840//2840
f 2835//2835 2841//2841 2322//2322
f 2836//2836 2842//2842 2841//2841
f 2837//2837 2843//2843 2842//2842
f 2838//2838 2844//2844 2843//2843
f 2839//2839 2845//2845 2844//2844
f 2320//2320 2324//2324 2845//2845
f 2840//2840 2846//2846 2327//2327
f 3708//3708 3714//3714 2846//2846
f 2323//2323 2326//2326 2847//2847
f 2841//2841 2848//2848 2325//2325
f 2842//2842 2849//2849 2848//2848
f 2843//2843 2850//2850 2849//2849
f 2844//2844 2851//2851 2850//2850
f 2845//2845 2852//2852 2851//2851
f 2846//2846 2853//2853 2327//2327
f 2326//2326 2328//2328 3724//3724
f 2848//2848 2854//2854 2330//2330
f 2849//2849 2855//2855 2854//2854
f 2850//2850 2856//2856 2855//2855
f 2851//2851 2857//2857 2856//2856
f 2852//2852 2858//2858 2857//2857
f 2324//2324 2329//2329 2858//2858
f 2853//2853 3725//3725 2859//2859
f 2328//2328 2333//2333 3730//3730
f 2854//2854 2860//2860 2330//2330
f 2855//2855 2861//2861 2860//2860
f 2856//2856 2862//2862 2861//2861
f 2857//2857 2863//2863 2862//2862
f 2858//2858 2864//2864 2863//2863
f 2329//2329 2331//2331 2864//2864
f 3725//3725 3731//3731 2859//2859
f 2860//2860 2865//2865 2332//2332
f 2861//2861 2866//2866 2865//2865
f 2862//2862 2867//2867 2866//2866
f 2863//2863 2868//2868 2867//2867
f 2864//2864 2869//2869 2868//2868
f 3731//3731 3737//3737 2334//2334
f 2333//2333 2336//2336 2870//2870
f 2865//2865 2871//2871 2335//2335
f 2866//2866 2872//2872 2871//2871
f 2867//2867 2873//2873 2872//2872
f 2868//2868 2874//2874 2873//2873
f 2869//2869 2875//2875 2874//2874
f 2331//2331 2337//2337 2875//2875
f 3737//3737 3742//3742 2881//2881
f 2336//2336 2339//2339 3747//3747
f 2871//2871 2876//2876 2338//2338
f 2872//2872 2877//2877 2876//2876
f 2873//2873 2878//2878 2877//2877
f 2874//2874 2879//2879 2878//2878
f 2875//2875 2880//2880 2879//2879
f 2337//2337 2340//2340 2880//2880
f 3742//3742 3748//3748 2881//2881
f 2339//2339 2343//2343 3753//3753
f 2876//2876 2882//2882 2341//2341
f 2877//2877 2883//2883 2882//2882
f 2878//2878 2884//2884 2883//2883
f 2879//2879 2885//2885 2884//2884
f 2880//2880 2886//2886 2885//2885
f 3748//3748 3754//3754 2342//2342
f 2882//2882 2887//2887 2346//2346
f 2883//2883 2888//2888 2887//2887
f 2884//2884 2889//2889 2888//2888
f 2885//2885 2890//2890 2889//2889
f 2886//2886 2891//2891 2890//2890
f 2340//2340 2345//2345 2891//2891
f 2343//2343 2349//2349 3765//3765
f 2887//2887 2892//2892 2346//2346
f 2888//2888 2893//2893 2892//2892
f 2889//2889 2894//2894 2893//2893
f 2890//2890 2895//2895 2894//2894
f 2891//2891 2896//2896 2895//2895
f 2345//2345 2347//2347 2896//2896
f 2344//2344 3766//3766 2897//2897
f 2892//2892 2898//2898 2348//2348
f 2893//2893 2899//2899 2898//2898
f 2894//2894 2900//2900 2899//2899
f 2895//2895 2901//2901 2900//2900
f 2896//2896 2902//2902 2901//2901
f 2347//2347 2350//2350 2902//2902
f 3766//3766 3772//3772 2908//2908
f 2349//2349 2353//2353 3777//3777
f 2898//2898 2903//2903 2351//2351
f 2899//2899 2904//2904 2903//2903
f 2900//2900 2905//2905 2904//2904
f 2901//2901 2906//2906 2905//2905
f 2902//2902 2907//2907 2906//2906
f 3772//3772 3778//3778 2908//2908
f 2903//2903 2909//2909 2352//2352
f 2904//2904 2910//2910 2909//2909
f 2905//2905 2911//2911 2910//2910
f 2906//2906 2912//2912 2911//2911
f 2907//2907 2913//2913 2912//2912
f 2350//2350 2354//2354 2913//2913
f 2908//2908 2914//2914 2355//2355
f 3778//3778 3784//3784 2914//2914
f 2353//2353 2357//2357 3789//3789
f 2909//2909 2915//2915 2356//2356
f 2910//2910 2916//2916 2915//2915
f 2911//2911 2917//2917 2916//2916
f 2912//2912 2918//2918 2917//2917
f 2913//2913 2919//2919 2918//2918
f 2914//2914 2920//2920 2355//2355
f 3784//3784 3790//3790 2920//2920
f 2915//2915 2922//2922 2356//2356
f 2916//2916 2923//2923 2922//2922
f 2917//2917 2924//2924 2923//2923
f 2918//2918 2925//2925 2924//2924
f 2919//2919 2926//2926 2925//2925
f 2354//2354 2358//2358 2926//2926
f 2920//2920 2927//2927 2361//2361
f 3790//3790 3795//3795 2927//2927
f 2357//2357 2360//2360 3800//3800
f 2922//2922 2928//2928 2359//2359
f 2923//2923 2929//2929 2928//2928
f 2924//2924 2930//2930 2929//2929
f 2925//2925 2931//2931 2930//2930
f 2926//2926 2932//2932 2931//2931
f 2358//2358 2362//2362 2932//2932
f 2927//2927 2933//2933 2361//2361
f 3795//3795 3801//3801 2933//2933
f 2360//2360 2365//2365 3806//3806
f 2928//2928 2934//2934 2364//2364
f 2929//2929 2935//2935 2934//2934
f 2930//2930 2936//2936 2935//2935
f 2931//2931 2937//2937 2936//2936
f 2932//2932 2938//2938 2937//2937
f 2362//2362 2363//2363 2938//2938
f 3801//3801 3807//3807 2939//2939
f 2934//2934 2940//2940 2364//2364
f 2935//2935 2941//2941 2940//2940
f 2936//2936 2942//2942 2941//2941
f 2937//2937 2943//2943 2942//2942
f 2938//2938 2944//2944 2943//2943
f 2939//2939 2945//2945 2368//2368
f 3807//3807 3813//3813 2945//2945
f 2365//2365 2367//2367 2946//2946
f 2940//2940 2947//2947 2366//2366
f 2941//2941 2948//2948 2947//2947
f 2942//2942 2949//2949 2948//2948
f 2943//2943 2950//2950 2949//2949
f 2944//2944 2951//2951 2950//2950
f 2363//2363 2369//2369 2951//2951
f 2945//2945 2952//2952 2368//2368
f 3813//3813 3818//3818 2952//2952
f 2367//2367 2370//2370 3823//3823
f 2947//2947 2953//2953 2299//2299
f 2948//2948 2954//2954 2953//2953
f 2949//2949 2955//2955 2954//2954
f 2950//2950 2956//2956 2955//2955
f 2951//2951 2957//2957 2956//2956
f 2369//2369 2371//2371 2957//2957
f 2952//2952 2958//2958 2368//2368
f 3818//3818 3824//3824 2958//2958
f 2370//2370 2301//2301 3655//3655
f 2953//2953 2785//2785 2299//2299
f 2954//2954 2787//2787 2785//2785
f 2955//2955 2789//2789 2787//2787
f 2956//2956 2791//2791 2789//2789
f 2957//2957 2793//2793 2791//2791
f 2371//2371 2372//2372 2793//2793
f 2958//2958 2795//2795 2305//2305
f 3824//3824 3657//3657 2795//2795
f 2959//2959 2960//2960 2373//2373
f 2452//2452 2374//2374 2961//2961
f 2962//2962 2961//2961 2963//2963
f 2964//2964 2963//2963 2965//2965
f 2966//2966 2965//2965 2967//2967
f 2968//2968 2967//2967 2969//2969
f 2970//2970 2969//2969 2376//2376
f 2960//2960 3841//3841 2378//2378
f 2374//2374 2379//2379 2971//2971
f 2961//2961 2971//2971 2972//2972
f 2963//2963 2972//2972 2973//2973
f 2965//2965 2973//2973 2974//2974
f 2967//2967 2974//2974 2975//2975
f 2969//2969 2975//2975 2380//2380
f 2377//2377 2381//2381 3842//3842
f 3841//3841 3847//3847 2378//2378
f 2971//2971 2976//2976 2977//2977
f 2972//2972 2977//2977 2978//2978
f 2973//2973 2978//2978 2979//2979
f 2974//2974 2979//2979 2980//2980
f 2975//2975 2980//2980 2380//2380
f 2381//2381 2385//2385 3848//3848
f 3847//3847 3853//3853 2382//2382
f 2379//2379 2383//2383 2981//2981
f 2976//2976 2981//2981 2982//2982
f 2977//2977 2982//2982 2983//2983
f 2978//2978 2983//2983 2984//2984
f 2979//2979 2984//2984 2985//2985
f 2980//2980 2985//2985 2384//2384
f 3853//3853 2986//2986 2386//2386
f 2383//2383 2387//2387 2987//2987
f 2981//2981 2987//2987 2988//2988
f 2982//2982 2988//2988 2989//2989
f 2983//2983 2989//2989 2990//2990
f 2984//2984 2990//2990 2991//2991
f 2985//2985 2991//2991 2390//2390
f 2385//2385 2391//2391 3859//3859
f 2986//2986 3864//3864 2388//2388
f 2387//2387 2389//2389 2992//2992
f 2987//2987 2992//2992 2993//2993
f 2988//2988 2993//2993 2994//2994
f 2989//2989 2994//2994 2995//2995
f 2990//2990 2995//2995 2996//2996
f 2991//2991 2996//2996 2390//2390
f 2391//2391 2394//2394 3865//3865
f 3864//3864 3870//3870 2388//2388
f 2389//2389 2392//2392 2997//2997
f 2992//2992 2997//2997 2998//2998
f 2993//2993 2998//2998 2999//2999
f 2994//2994 2999//2999 3000//3000
f 2995//2995 3000//3000 3001//3001
f 2996//2996 3001//3001 2393//2393
f 3870//3870 3876//3876 2395//2395
f 2997//2997 3002//3002 3003//3003
f 2998//2998 3003//3003 3004//3004
f 2999//2999 3004//3004 3005//3005
f 3000//3000 3005//3005 3006//3006
f 3001//3001 3006//3006 2397//2397
f 2394//2394 2398//2398 3877//3877
f 3876//3876 3882//3882 2395//2395
f 2392//2392 2396//2396 3007//3007
f 3002//3002 3007//3007 3008//3008
f 3003//3003 3008//3008 3009//3009
f 3004//3004 3009//3009 3010//3010
f 3005//3005 3010//3010 3011//3011
f 3006//3006 3011//3011 2397//2397
f 2398//2398 3017//3017 3883//3883
f 3882//3882 3888//3888 2399//2399
f 2396//2396 2400//2400 3012//3012
f 3007//3007 3012//3012 3013//3013
f 3008//3008 3013//3013 3014//3014
f 3009//3009 3014//3014 3015//3015
f 3010//3010 3015//3015 3016//3016
f 3011//3011 3016//3016 2401//2401
f 3888//3888 3894//3894 2402//2402
f 2400//2400 2403//2403 3018//3018
f 3012//3012 3018//3018 3019//3019
f 3013//3013 3019//3019 3020//3020
f 3014//3014 3020//3020 3021//3021
f 3015//3015 3021//3021 3022//3022
f 3016//3016 3022//3022 2404//2404
f 3017//3017 2405//2405 3023//3023
f 3894//3894 3900//3900 2402//2402
f 3018//3018 3024//3024 3025//3025
f 3019//3019 3025//3025 3026//3026
f 3020//3020 3026//3026 3027//3027
f 3021//3021 3027//3027 3028//3028
f 3022//3022 3028//3028 2408//2408
f 2405//2405 2411//2411 3029//3029
f 3023//3023 3029//3029 3901//3901
f 3900//3900 3906//3906 2406//2406
f 2403//2403 2407//2407 3030//3030
f 3024//3024 3030//3030 3031//3031
f 3025//3025 3031//3031 3032//3032
f 3026//3026 3032//3032 3033//3033
f 3027//3027 3033//3033 3034//3034
f 3028//3028 3034//3034 2408//2408
f 3906//3906 3912//3912 2406//2406
f 2407//2407 2409//2409 3035//3035
f 3030//3030 3035//3035 3036//3036
f 3031//3031 3036//3036 3037//3037
f 3032//3032 3037//3037 3038//3038
f 3033//3033 3038//3038 3039//3039
f 3034//3034 3039//3039 2410//2410
f 3029//3029 3040//3040 3913//3913
f 3912//3912 3918//3918 2412//2412
f 2409//2409 2413//2413 3041//3041
f 3035//3035 3041//3041 3042//3042
f 3036//3036 3042//3042 3043//3043
f 3037//3037 3043//3043 3044//3044
f 3038//3038 3044//3044 3045//3045
f 3039//3039 3045//3045 2414//2414
f 2411//2411 2418//2418 3046//3046
f 3040//3040 3046//3046 3919//3919
f 3918//3918 3047//3047 2415//2415
f 2413//2413 2416//2416 3048//3048
f 3041//3041 3048//3048 3049//3049
f 3042//3042 3049//3049 3050//3050
f 3043//3043 3050//3050 3051//3051
f 3044//3044 3051//3051 3052//3052
f 3045//3045 3052//3052 2417//2417
f 3046//3046 3053//3053 3924//3924
f 3047//3047 3054//3054 2415//2415
f 3048//3048 3055//3055 3056//3056
f 3049//3049 3056//3056 3057//3057
f 3050//3050 3057//3057 3058//3058
f 3051//3051 3058//3058 3059//3059
f 3052//3052 3059//3059 2419//2419
f 3053//3053 2420//2420 3930//3930
f 3054//3054 3060//3060 2421//2421
f 2416//2416 2422//2422 3061//3061
f 3055//3055 3061//3061 3062//3062
f 3056//3056 3062//3062 3063//3063
f 3057//3057 3063//3063 3064//3064
f 3058//3058 3064//3064 3065//3065
f 3059//3059 3065//3065 2425//2425
f 2420//2420 3066//3066 3936//3936
f 3060//3060 3941//3941 2423//2423
f 2422//2422 2424//2424 3067//3067
f 3061//3061 3067//3067 3068//3068
f 3062//3062 3068//3068 3069//3069
f 3063//3063 3069//3069 3070//3070
f 3064//3064 3070//3070 3071//3071
f 3065//3065 3071//3071 2425//2425
f 3941//3941 3947//3947 2423//2423
f 3067//3067 3072//3072 3073//3073
f 3068//3068 3073//3073 3074//3074
f 3069//3069 3074//3074 3075//3075
f 3070//3070 3075//3075 3076//3076
f 3071//3071 3076//3076 2426//2426
f 3066//3066 2430//2430 3948//3948
f 3947//3947 3953//3953 2427//2427
f 2424//2424 2428//2428 3077//3077
f 3072//3072 3077//3077 3078//3078
f 3073//3073 3078//3078 3079//3079
f 3074//3074 3079//3079 3080//3080
f 3075//3075 3080//3080 3081//3081
f 3076//3076 3081//3081 2429//2429
f 2430//2430 2433//2433 3954//3954
f 3953//3953 3959//3959 2427//2427
f 2428//2428 2431//2431 3082//3082
f 3077//3077 3082//3082 3083//3083
f 3078//3078 3083//3083 3084//3084
f 3079//3079 3084//3084 3085//3085
f 3080//3080 3085//3085 3086//3086
f 3081//3081 3086//3086 2432//2432
f 3959//3959 3965//3965 2434//2434
f 2431//2431 2435//2435 3087//3087
f 3082//3082 3087//3087 3088//3088
f 3083//3083 3088//3088 3089//3089
f 3084//3084 3089//3089 3090//3090
f 3085//3085 3090//3090 3091//3091
f 3086//3086 3091//3091 2437//2437
f 2433//2433 2438//2438 3966//3966
f 3965//3965 3971//3971 2434//2434
f 2435//2435 2436//2436 3092//3092
f 3087//3087 3092//3092 3093//3093
f 3088//3088 3093//3093 3094//3094
f 3089//3089 3094//3094 3095//3095
f 3090//3090 3095//3095 3096//3096
f 3091//3091 3096//3096 2437//2437
f 2438//2438 2441//2441 3972//3972
f 3971//3971 3977//3977 2439//2439
f 3092//3092 3097//3097 3098//3098
f 3093//3093 3098//3098 3099//3099
f 3094//3094 3099//3099 3100//3100
f 3095//3095 3100//3100 3101//3101
f 3096//3096 3101//3101 2440//2440
f 3977//3977 3102//3102 2442//2442
f 2436//2436 2443//2443 3103//3103
f 3097//3097 3103//3103 3104//3104
f 3098//3098 3104//3104 3105//3105
f 3099//3099 3105//3105 3106//3106
f 3100//3100 3106//3106 3107//3107
f 3101//3101 3107//3107 2445//2445
f 2441//2441 2446//2446 3983//3983
f 3102//3102 3108//3108 2442//2442
f 2443//2443 2444//2444 3109//3109
f 3103//3103 3109//3109 3110//3110
f 3104//3104 3110//3110 3111//3111
f 3105//3105 3111//3111 3112//3112
f 3106//3106 3112//3112 3113//3113
f 3107//3107 3113//3113 2445//2445
f 2446//2446 2449//2449 3989//3989
f 3108//3108 3114//3114 2447//2447
f 3109//3109 3115//3115 3116//3116
f 3110//3110 3116//3116 3117//3117
f 3111//3111 3117//3117 3118//3118
f 3112//3112 3118//3118 3119//3119
f 3113//3113 3119//3119 2448//2448
f 3114//3114 4000//4000 2450//2450
f 2444//2444 2451//2451 3120//3120
f 3115//3115 3120//3120 3121//3121
f 3116//3116 3121//3121 3122//3122
f 3117//3117 3122//3122 3123//3123
f 3118//3118 3123//3123 3124//3124
f 3119//3119 3124//3124 2375//2375
f 2449//2449 2453//2453 4001//4001
f 4000//4000 2959//2959 2450//2450
f 2451//2451 2452//2452 2962//2962
f 3120//3120 2962//2962 2964//2964
f 3121//3121 2964//2964 2966//2966
f 3122//3122 2966//2966 2968//2968
f 3123//3123 2968//2968 2970//2970
f 3124//3124 2970//2970 2375//2375
f 2453//2453 2377//2377 3834//3834
f 2530//2530 2455//2455 4007//4007
f 3125//3125 3126//3126 2457//2457
f 3127//3127 3128//3128 3126//3126
f 3129//3129 3130//3130 3128//3128
f 3131//3131 3132//3132 3130//3130
f 3133//3133 3134//3134 3132//3132
f 2531//2531 2456//2456 3134//3134
f 3135//3135 3136//3136 2460//2460
f 4008//4008 4009//4009 3136//3136
f 2455//2455 2459//2459 4017//4017
f 3126//3126 3137//3137 2457//2457
f 3128//3128 3138//3138 3137//3137
f 3130//3130 3139//3139 3138//3138
f 3132//3132 3140//3140 3139//3139
f 3134//3134 3141//3141 3140//3140
f 3136//3136 3147//3147 2460//2460
f 4009//4009 4018//4018 3147//3147
f 3137//3137 3142//3142 2458//2458
f 3138//3138 3143//3143 3142//3142
f 3139//3139 3144//3144 3143//3143
f 3140//3140 3145//3145 3144//3144
f 3141//3141 3146//3146 3145//3145
f 2456//2456 2461//2461 3146//3146
f 4018//4018 4024//4024 3147//3147
f 2459//2459 2463//2463 3148//3148
f 3142//3142 3149//3149 2462//2462
f 3143//3143 3150//3150 3149//3149
f 3144//3144 3151//3151 3150//3150
f 3145//3145 3152//3152 3151//3151
f 3146//3146 3153//3153 3152//3152
f 2461//2461 2465//2465 3153//3153
f 3147//3147 3154//3154 2464//2464
f 2463//2463 2467//2467 4034//4034
f 3149//3149 3155//3155 2466//2466
f 3150//3150 3156//3156 3155//3155
f 3151//3151 3157//3157 3156//3156
f 3152//3152 3158//3158 3157//3157
f 3153//3153 3159//3159 3158//3158
f 2465//2465 2468//2468 3159//3159
f 3154//3154 4035//4035 3160//3160
f 2467//2467 2471//2471 4040//4040
f 3155//3155 3161//3161 2469//2469
f 3156//3156 3162//3162 3161//3161
f 3157//3157 3163//3163 3162//3162
f 3158//3158 3164//3164 3163//3163
f 3159//3159 3165//3165 3164//3164
f 2468//2468 2470//2470 3165//3165
f 4035//4035 4041//4041 3160//3160
f 3161//3161 3166//3166 2474//2474
f 3162//3162 3167//3167 3166//3166
f 3163//3163 3168//3168 3167//3167
f 3164//3164 3169//3169 3168//3168
f 3165//3165 3170//3170 3169//3169
f 2470//2470 2473//2473 3170//3170
f 4041//4041 4047//4047 2472//2472
f 2471//2471 2477//2477 4052//4052
f 3166//3166 3171//3171 2474//2474
f 3167//3167 3172//3172 3171//3171
f 3168//3168 3173//3173 3172//3172
f 3169//3169 3174//3174 3173//3173
f 3170//3170 3175//3175 3174//3174
f 2473//2473 2475//2475 3175//3175
f 3171//3171 3176//3176 2476//2476
f 3172//3172 3177//3177 3176//3176
f 3173//3173 3178//3178 3177//3177
f 3174//3174 3179//3179 3178//3178
f 3175//3175 3180//3180 3179//3179
f 2477//2477 2478//2478 3182//3182
f 3176//3176 3183//3183 2481//2481
f 3177//3177 3184//3184 3183//3183
f 3178//3178 3185//3185 3184//3184
f 3179//3179 3186//3186 3185//3185
f 3180//3180 3187//3187 3186//3186
f 2475//2475 2480//2480 3187//3187
f 4059//4059 4065//4065 2479//2479
f 2478//2478 2484//2484 3188//3188
f 3183//3183 3189//3189 2481//2481
f 3184//3184 3190//3190 3189//3189
f 3185//3185 3191//3191 3190//3190
f 3186//3186 3192//3192 3191//3191
f 3187//3187 3193//3193 3192//3192
f 2480//2480 2482//2482 3193//3193
f 2479//2479 3194//3194 2485//2485
f 4065//4065 4071//4071 3194//3194
f 3189//3189 3195//3195 2483//2483
f 3190//3190 3196//3196 3195//3195
f 3191//3191 3197//3197 3196//3196
f 3192//3192 3198//3198 3197//3197
f 3193//3193 3199//3199 3198//3198
f 2482//2482 2486//2486 3199//3199
f 3194//3194 3200//3200 2485//2485
f 4071//4071 4077//4077 3200//3200
f 2484//2484 2488//2488 3201//3201
f 3195//3195 3202//3202 2487//2487
f 3196//3196 3203//3203 3202//3202
f 3197//3197 3204//3204 3203//3203
f 3198//3198 3205//3205 3204//3204
f 3199//3199 3206//3206 3205//3205
f 2486//2486 2489//2489 3206//3206
f 4077//4077 4082//4082 3207//3207
f 2488//2488 2491//2491 4087//4087
f 3202//3202 3208//3208 2490//2490
f 3203//3203 3209//3209 3208//3208
f 3204//3204 3210//3210 3209//3209
f 3205//3205 3211//3211 3210//3210
f 3206//3206 3212//3212 3211//3211
f 3207//3207 3213//3213 2495//2495
f 4082//4082 4088//4088 3213//3213
f 2491//2491 2494//2494 4093//4093
f 3208//3208 3214//3214 2493//2493
f 3209//3209 3215//3215 3214//3214
f 3210//3210 3216//3216 3215//3215
f 3211//3211 3217//3217 3216//3216
f 3212//3212 3218//3218 3217//3217
f 2489//2489 2492//2492 3218//3218
f 3213//3213 3219//3219 2495//2495
f 4088//4088 4094//4094 3219//3219
f 3214//3214 3220//3220 2493//2493
f 3215//3215 3221//3221 3220//3220
f 3216//3216 3222//3222 3221//3221
f 3217//3217 3223//3223 3222//3222
f 3218//3218 3224//3224 3223//3223
f 3219//3219 3225//3225 2495//2495
f 2494//2494 2497//2497 4105//4105
f 3220//3220 3226//3226 2496//2496
f 3221//3221 3227//3227 3226//3226
f 3222//3222 3228//3228 3227//3227
f 3223//3223 3229//3229 3228//3228
f 3224//3224 3230//3230 3229//3229
f 2492//2492 2498//2498 3230//3230
f 3225//3225 4106//4106 3231//3231
f 2497//2497 2501//2501 4111//4111
f 3226//3226 3232//3232 2500//2500
f 3227//3227 3233//3233 3232//3232
f 3228//3228 3234//3234 3233//3233
f 3229//3229 3235//3235 3234//3234
f 3230//3230 3236//3236 3235//3235
f 2498//2498 2499//2499 3236//3236
f 4106//4106 4112//4112 3231//3231
f 3232//3232 3237//3237 2500//2500
f 3233//3233 3238//3238 3237//3237
f 3234//3234 3239//3239 3238//3238
f 3235//3235 3240//3240 3239//3239
f 3236//3236 3241//3241 3240//3240
f 4112//4112 4118//4118 2502//2502
f 2501//2501 2504//2504 4123//4123
f 3237//3237 3242//3242 2503//2503
f 3238//3238 3243//3243 3242//3242
f 3239//3239 3244//3244 3243//3243
f 3240//3240 3245//3245 3244//3244
f 3241//3241 3246//3246 3245//3245
f 2499//2499 2506//2506 3246//3246
f 2504//2504 2509//2509 4129//4129
f 3242//3242 3247//3247 2508//2508
f 3243//3243 3248//3248 3247//3247
f 3244//3244 3249//3249 3248//3248
f 3245//3245 3250//3250 3249//3249
f 3246//3246 3251//3251 3250//3250
f 2506//2506 2507//2507 3251//3251
f 2505//2505 4130//4130 3252//3252
f 3247//3247 3253//3253 2508//2508
f 3248//3248 3254//3254 3253//3253
f 3249//3249 3255//3255 3254//3254
f 3250//3250 3256//3256 3255//3255
f 3251//3251 3257//3257 3256//3256
f 2507//2507 2511//2511 3257//3257
f 4130//4130 4136//4136 2510//2510
f 2509//2509 2513//2513 4141//4141
f 3253//3253 3258//3258 2512//2512
f 3254//3254 3259//3259 3258//3258
f 3255//3255 3260//3260 3259//3259
f 3256//3256 3261//3261 3260//3260
f 3257//3257 3262//3262 3261//3261
f 2510//2510 3263//3263 2514//2514
f 4136//4136 4142//4142 3263//3263
f 2513//2513 2517//2517 4147//4147
f 3258//3258 3264//3264 2516//2516
f 3259//3259 3265//3265 3264//3264
f 3260//3260 3266//3266 3265//3265
f 3261//3261 3267//3267 3266//3266
f 3262//3262 3268//3268 3267//3267
f 2511//2511 2515//2515 3268//3268
f 3263//3263 3269//3269 2514//2514
f 4142//4142 4148//4148 3269//3269
f 3264//3264 3270//3270 2516//2516
f 3265//3265 3271//3271 3270//3270
f 3266//3266 3272//3272 3271//3271
f 3267//3267 3273//3273 3272//3272
f 3268//3268 3274//3274 3273//3273
f 2515//2515 2518//2518 3274//3274
f 3269//3269 3275//3275 2523//2523
f 4148//4148 4154//4154 3275//3275
f 2517//2517 2520//2520 3276//3276
f 3270//3270 3277//3277 2519//2519
f 3271//3271 3278//3278 3277//3277
f 3272//3272 3279//3279 3278//3278
f 3273//3273 3280//3280 3279//3279
f 3274//3274 3281//3281 3280//3280
f 3275//3275 3287//3287 2523//2523
f 4154//4154 4159//4159 3287//3287
f 2520//2520 2522//2522 4164//4164
f 3277//3277 3282//3282 2521//2521
f 3278//3278 3283//3283 3282//3282
f 3279//3279 3284//3284 3283//3283
f 3280//3280 3285//3285 3284//3284
f 3281//3281 3286//3286 3285//3285
f 2518//2518 2524//2524 3286//3286
f 4159//4159 4165//4165 3287//3287
f 2522//2522 2528//2528 4170//4170
f 3282//3282 3288//3288 2527//2527
f 3283//3283 3289//3289 3288//3288
f 3284//3284 3290//3290 3289//3289
f 3285//3285 3291//3291 3290//3290
f 3286//3286 3292//3292 3291//3291
f 2524//2524 2526//2526 3292//3292
f 4165//4165 4171//4171 2525//2525
f 3288//3288 3293//3293 2527//2527
f 3289//3289 3294//3294 3293//3293
f 3290//3290 3295//3295 3294//3294
f 3291//3291 3296//3296 3295//3295
f 3292//3292 3297//3297 3296//3296
f 2525//2525 3298//3298 2529//2529
f 4171//4171 4177//4177 3298//3298
f 2528//2528 2530//2530 3299//3299
f 3293//3293 3125//3125 2454//2454
f 3294//3294 3127//3127 3125//3125
f 3295//3295 3129//3129 3127//3127
f 3296//3296 3131//3131 3129//3129
f 3297//3297 3133//3133 3131//3131
f 2526//2526 2531//2531 3133//3133
f 3298//3298 3135//3135 2529//2529
f 4177//4177 4008//4008 3135//3135
f 4185//4185 4184//4184 2532//2532
f 2603//2603 2533//2533 3300//3300
f 3301//3301 3300//3300 3302//3302
f 3303//3303 3302//3302 3304//3304
f 3305//3305 3304//3304 3307//3307
f 3306//3306 3307//3307 3308//3308
f 3309//3309 3308//3308 2535//2535
f 3310//3310 2536//2536 3311//3311
f 4184//4184 4194//4194 2537//2537
f 3300//3300 3312//3312 3313//3313
f 3302//3302 3313//3313 3314//3314
f 3304//3304 3314//3314 3315//3315
f 3307//3307 3315//3315 3316//3316
f 3308//3308 3316//3316 2540//2540
f 2536//2536 2541//2541 3317//3317
f 3311//3311 3317//3317 4195//4195
f 4194//4194 4200//4200 2538//2538
f 2533//2533 2539//2539 3318//3318
f 3312//3312 3318//3318 3319//3319
f 3313//3313 3319//3319 3320//3320
f 3314//3314 3320//3320 3321//3321
f 3315//3315 3321//3321 3322//3322
f 3316//3316 3322//3322 2540//2540
f 4200//4200 4206//4206 2538//2538
f 2539//2539 2542//2542 3323//3323
f 3318//3318 3323//3323 3324//3324
f 3319//3319 3324//3324 3325//3325
f 3320//3320 3325//3325 3326//3326
f 3321//3321 3326//3326 3327//3327
f 3322//3322 3327//3327 2543//2543
f 3317//3317 3328//3328 4207//4207
f 4206//4206 4212//4212 2544//2544
f 3323//3323 3329//3329 3330//3330
f 3324//3324 3330//3330 3331//3331
f 3325//3325 3331//3331 3332//3332
f 3326//3326 3332//3332 3333//3333
f 3327//3327 3333//3333 2545//2545
f 2541//2541 2548//2548 3334//3334
f 3328//3328 3334//3334 4213//4213
f 4212//4212 4218//4218 2546//2546
f 2542//2542 2547//2547 3335//3335
f 3329//3329 3335//3335 3336//3336
f 3330//3330 3336//3336 3337//3337
f 3331//3331 3337//3337 3338//3338
f 3332//3332 3338//3338 3339//3339
f 3333//3333 3339//3339 2550//2550
f 3334//3334 3340//3340 4219//4219
f 4218//4218 4224//4224 2546//2546
f 2547//2547 2549//2549 3341//3341
f 3335//3335 3341//3341 3342//3342
f 3336//3336 3342//3342 3343//3343
f 3337//3337 3343//3343 3344//3344
f 3338//3338 3344//3344 3345//3345
f 3339//3339 3345//3345 2550//2550
f 3340//3340 2551//2551 4225//4225
f 4224//4224 4230//4230 2552//2552
f 3341//3341 3346//3346 3347//3347
f 3342//3342 3347//3347 3348//3348
f 3343//3343 3348//3348 3349//3349
f 3344//3344 3349//3349 3350//3350
f 3345//3345 3350//3350 2553//2553
f 2551//2551 3351//3351 4231//4231
f 4230//4230 3352//3352 2554//2554
f 2549//2549 2555//2555 3353//3353
f 3346//3346 3353//3353 3354//3354
f 3347//3347 3354//3354 3355//3355
f 3348//3348 3355//3355 3356//3356
f 3349//3349 3356//3356 3357//3357
f 3350//3350 3357//3357 2559//2559
f 3351//3351 2556//2556 3358//3358
f 3352//3352 4241//4241 2557//2557
f 2555//2555 2558//2558 3359//3359
f 3353//3353 3359//3359 3360//3360
f 3354//3354 3360//3360 3361//3361
f 3355//3355 3361//3361 3362//3362
f 3356//3356 3362//3362 3363//3363
f 3357//3357 3363//3363 2559//2559
f 3358//3358 3364//3364 4242//4242
f 4241//4241 4247//4247 2557//2557
f 2558//2558 2560//2560 3365//3365
f 3359//3359 3365//3365 3366//3366
f 3360//3360 3366//3366 3367//3367
f 3361//3361 3367//3367 3368//3368
f 3362//3362 3368//3368 3369//3369
f 3363//3363 3369//3369 2562//2562
f 3364//3364 3370//3370 4248//4248
f 4247//4247 4253//4253 2561//2561
f 3365//3365 3371//3371 3372//3372
f 3366//3366 3372//3372 3373//3373
f 3367//3367 3373//3373 3374//3374
f 3368//3368 3374//3374 3375//3375
f 3369//3369 3375//3375 2562//2562
f 3370//3370 3376//3376 4254//4254
f 4253//4253 4259//4259 2563//2563
f 2560//2560 2564//2564 3377//3377
f 3371//3371 3377//3377 3378//3378
f 3372//3372 3378//3378 3379//3379
f 3373//3373 3379//3379 3380//3380
f 3374//3374 3380//3380 3381//3381
f 3375//3375 3381//3381 2565//2565
f 3376//3376 2567//2567 3382//3382
f 3376//3376 3382//3382 4260//4260
f 4259//4259 4265//4265 2563//2563
f 2564//2564 2566//2566 3383//3383
f 3377//3377 3383//3383 3384//3384
f 3378//3378 3384//3384 3385//3385
f 3379//3379 3385//3385 3386//3386
f 3380//3380 3386//3386 3387//3387
f 3381//3381 3387//3387 2569//2569
f 3382//3382 3388//3388 4266//4266
f 4265//4265 3389//3389 2568//2568
f 3383//3383 3390//3390 3391//3391
f 3384//3384 3391//3391 3392//3392
f 3385//3385 3392//3392 3393//3393
f 3386//3386 3393//3393 3394//3394
f 3387//3387 3394//3394 2569//2569
f 3388//3388 2570//2570 4271//4271
f 3389//3389 4276//4276 2571//2571
f 2566//2566 2572//2572 3395//3395
f 3390//3390 3395//3395 3396//3396
f 3391//3391 3396//3396 3397//3397
f 3392//3392 3397//3397 3398//3398
f 3393//3393 3398//3398 3399//3399
f 3394//3394 3399//3399 2573//2573
f 2570//2570 3400//3400 4277//4277
f 4276//4276 4282//4282 2571//2571
f 2572//2572 2574//2574 3401//3401
f 3395//3395 3401//3401 3402//3402
f 3396//3396 3402//3402 3403//3403
f 3397//3397 3403//3403 3404//3404
f 3398//3398 3404//3404 3405//3405
f 3399//3399 3405//3405 2577//2577
f 3400//3400 2575//2575 3406//3406
f 4282//4282 4288//4288 2576//2576
f 3401//3401 3407//3407 3408//3408
f 3402//3402 3408//3408 3409//3409
f 3403//3403 3409//3409 3410//3410
f 3404//3404 3410//3410 3411//3411
f 3405//3405 3411//3411 2577//2577
f 3406//3406 3412//3412 4289//4289
f 4288//4288 4294//4294 2576//2576
f 2574//2574 2578//2578 3413//3413
f 3407//3407 3413//3413 3414//3414
f 3408//3408 3414//3414 3415//3415
f 3409//3409 3415//3415 3416//3416
f 3410//3410 3416//3416 3417//3417
f 3411//3411 3417//3417 2581//2581
f 3412//3412 3418//3418 4295//4295
f 4294//4294 4300//4300 2579//2579
f 2578//2578 2580//2580 3419//3419
f 3413//3413 3419//3419 3420//3420
f 3414//3414 3420//3420 3421//3421
f 3415//3415 3421//3421 3422//3422
f 3416//3416 3422//3422 3423//3423
f 3417//3417 3423//3423 2581//2581
f 4300//4300 4306//4306 2579//2579
f 2580//2580 2582//2582 3424//3424
f 3419//3419 3424//3424 3425//3425
f 3420//3420 3425//3425 3426//3426
f 3421//3421 3426//3426 3427//3427
f 3422//3422 3427//3427 3428//3428
f 3423//3423 3428//3428 2583//2583
f 3418//3418 3429//3429 4307//4307
f 4306//4306 4312//4312 2584//2584
f 3424//3424 3430//3430 3431//3431
f 3425//3425 3431//3431 3432//3432
f 3426//3426 3432//3432 3433//3433
f 3427//3427 3433//3433 3434//3434
f 3428//3428 3434//3434 2588//2588
f 3429//3429 2585//2585 3435//3435
f 4312//4312 4318//4318 2586//2586
f 2582//2582 2587//2587 3436//3436
f 3430//3430 3436//3436 3437//3437
f 3431//3431 3437//3437 3438//3438
f 3432//3432 3438//3438 3439//3439
f 3433//3433 3439//3439 3440//3440
f 3434//3434 3440//3440 2588//2588
f 3435//3435 3441//3441 4319//4319
f 4318//4318 4324//4324 2586//2586
f 2587//2587 2589//2589 3442//3442
f 3436//3436 3442//3442 3443//3443
f 3437//3437 3443//3443 3444//3444
f 3438//3438 3444//3444 3445//3445
f 3439//3439 3445//3445 3446//3446
f 3440//3440 3446//3446 2592//2592
f 3441//3441 3447//3447 4325//4325
f 4324//4324 4330//4330 2590//2590
f 2589//2589 2591//2591 3448//3448
f 3442//3442 3448//3448 3449//3449
f 3443//3443 3449//3449 3450//3450
f 3444//3444 3450//3450 3451//3451
f 3445//3445 3451//3451 3452//3452
f 3446//3446 3452//3452 2592//2592
f 4330//4330 3453//3453 2593//2593
f 2591//2591 2594//2594 3454//3454
f 3448//3448 3454//3454 3455//3455
f 3449//3449 3455//3455 3456//3456
f 3450//3450 3456//3456 3457//3457
f 3451//3451 3457//3457 3458//3458
f 3452//3452 3458//3458 2595//2595
f 3447//3447 3459//3459 4336//4336
f 3453//3453 4341//4341 2593//2593
f 3454//3454 3460//3460 3461//3461
f 3455//3455 3461//3461 3462//3462
f 3456//3456 3462//3462 3463//3463
f 3457//3457 3463//3463 3464//3464
f 3458//3458 3464//3464 2596//2596
f 4341//4341 4347//4347 2598//2598
f 2594//2594 2599//2599 3465//3465
f 3460//3460 3465//3465 3466//3466
f 3461//3461 3466//3466 3467//3467
f 3462//3462 3467//3467 3468//3468
f 3463//3463 3468//3468 3469//3469
f 3464//3464 3469//3469 2601//2601
f 2597//2597 2602//2602 4348//4348
f 4347//4347 4353//4353 2598//2598
f 2599//2599 2600//2600 3470//3470
f 3465//3465 3470//3470 3471//3471
f 3466//3466 3471//3471 3472//3472
f 3467//3467 3472//3472 3473//3473
f 3468//3468 3473//3473 3474//3474
f 3469//3469 3474//3474 2601//2601
f 2602//2602 3310//3310 4354//4354
f 4353//4353 4185//4185 2532//2532
f 2600//2600 2603//2603 3301//3301
f 3470//3470 3301//3301 3303//3303
f 3471//3471 3303//3303 3305//3305
f 3472//3472 3305//3305 3306//3306
f 3473//3473 3306//3306 3309//3309
f 3474//3474 3309//3309 2534//2534
f 2295//2295 3480//3480 2223//2223
f 2605//2605 2298//2298 2604//2604
f 2607//2607 2605//2605 2606//2606
f 2609//2609 2607//2607 2608//2608
f 2611//2611 2609//2609 2610//2610
f 2613//2613 2611//2611 2612//2612
f 3482//3482 2614//2614 3481//3481
f 2223//2223 3479//3479 2226//2226
f 2604//2604 2298//2298 2616//2616
f 2606//2606 2604//2604 2617//2617
f 2608//2608 2606//2606 2618//2618
f 2610//2610 2608//2608 2619//2619
f 2612//2612 2610//2610 2620//2620
f 2224//2224 2612//2612 2228//2228
f 2614//2614 2225//2225 2621//2621
f 3481//3481 2614//2614 3489//3489
f 2226//2226 2615//2615 2229//2229
f 2616//2616 2227//2227 2622//2622
f 2617//2617 2616//2616 2623//2623
f 2618//2618 2617//2617 2624//2624
f 2619//2619 2618//2618 2625//2625
f 2620//2620 2619//2619 2626//2626
f 2228//2228 2620//2620 2231//2231
f 2621//2621 2232//2232 2627//2627
f 3489//3489 2621//2621 3495//3495
f 2622//2622 2230//2230 2628//2628
f 2623//2623 2622//2622 2629//2629
f 2624//2624 2623//2623 2630//2630
f 2625//2625 2624//2624 2631//2631
f 2626//2626 2625//2625 2632//2632
f 2231//2231 2626//2626 2234//2234
f 2627//2627 2232//2232 2633//2633
f 3495//3495 2627//2627 3501//3501
f 2229//2229 3500//3500 2236//2236
f 2628//2628 2233//2233 2634//2634
f 2629//2629 2628//2628 2635//2635
f 2630//2630 2629//2629 2636//2636
f 2631//2631 2630//2630 2637//2637
f 2632//2632 2631//2631 2638//2638
f 2234//2234 2632//2632 2237//2237
f 2633//2633 2235//2235 2639//2639
f 3501//3501 2633//2633 3507//3507
f 2236//2236 3506//3506 2238//2238
f 2634//2634 2233//2233 2640//2640
f 2635//2635 2634//2634 2641//2641
f 2636//2636 2635//2635 2642//2642
f 2637//2637 2636//2636 2643//2643
f 2638//2638 2637//2637 2644//2644
f 2237//2237 2638//2638 2242//2242
f 2639//2639 2240//2240 2645//2645
f 3507//3507 2639//2639 3513//3513
f 2640//2640 2239//2239 2646//2646
f 2641//2641 2640//2640 2647//2647
f 2642//2642 2641//2641 2648//2648
f 2643//2643 2642//2642 2649//2649
f 2644//2644 2643//2643 2650//2650
f 2645//2645 2240//2240 2243//2243
f 3513//3513 2645//2645 3519//3519
f 2238//2238 3518//3518 2244//2244
f 2646//2646 2241//2241 2651//2651
f 2647//2647 2646//2646 2652//2652
f 2648//2648 2647//2647 2653//2653
f 2649//2649 2648//2648 2654//2654
f 2650//2650 2649//2649 2655//2655
f 2242//2242 2650//2650 2245//2245
f 3519//3519 2243//2243 3525//3525
f 2651//2651 2241//2241 2658//2658
f 2652//2652 2651//2651 2659//2659
f 2653//2653 2652//2652 2660//2660
f 2654//2654 2653//2653 2661//2661
f 2655//2655 2654//2654 2662//2662
f 2245//2245 2655//2655 2250//2250
f 3525//3525 2656//2656 2663//2663
f 2244//2244 2657//2657 2248//2248
f 2658//2658 2246//2246 2665//2665
f 2659//2659 2658//2658 2666//2666
f 2660//2660 2659//2659 2667//2667
f 2661//2661 2660//2660 2668//2668
f 2662//2662 2661//2661 2669//2669
f 2663//2663 2247//2247 2670//2670
f 2248//2248 2664//2664 2251//2251
f 2665//2665 2249//2249 2671//2671
f 2666//2666 2665//2665 2672//2672
f 2667//2667 2666//2666 2673//2673
f 2668//2668 2667//2667 2674//2674
f 2669//2669 2668//2668 2675//2675
f 2250//2250 2669//2669 2253//2253
f 2670//2670 2247//2247 2676//2676
f 3537//3537 2670//2670 3543//3543
f 2671//2671 2252//2252 2677//2677
f 2672//2672 2671//2671 2678//2678
f 2673//2673 2672//2672 2679//2679
f 2674//2674 2673//2673 2680//2680
f 2675//2675 2674//2674 2681//2681
f 3543//3543 2676//2676 3549//3549
f 2251//2251 3548//3548 2254//2254
f 2677//2677 2252//2252 2682//2682
f 2678//2678 2677//2677 2683//2683
f 2679//2679 2678//2678 2684//2684
f 2680//2680 2679//2679 2685//2685
f 2681//2681 2680//2680 2686//2686
f 2253//2253 2681//2681 2256//2256
f 3549//3549 2676//2676 3555//3555
f 2682//2682 2255//2255 2688//2688
f 2683//2683 2682//2682 2689//2689
f 2684//2684 2683//2683 2690//2690
f 2685//2685 2684//2684 2691//2691
f 2686//2686 2685//2685 2692//2692
f 2256//2256 2686//2686 2260//2260
f 3555//3555 2687//2687 2693//2693
f 2254//2254 3560//3560 2259//2259
f 2688//2688 2257//2257 2694//2694
f 2689//2689 2688//2688 2695//2695
f 2690//2690 2689//2689 2696//2696
f 2691//2691 2690//2690 2697//2697
f 2692//2692 2691//2691 2698//2698
f 2693//2693 2258//2258 2699//2699
f 2259//2259 3566//3566 2261//2261
f 2694//2694 2257//2257 2701//2701
f 2695//2695 2694//2694 2702//2702
f 2696//2696 2695//2695 2703//2703
f 2697//2697 2696//2696 2704//2704
f 2698//2698 2697//2697 2705//2705
f 2260//2260 2698//2698 2265//2265
f 2699//2699 2258//2258 2706//2706
f 3567//3567 2699//2699 3572//3572
f 2261//2261 2700//2700 2263//2263
f 2701//2701 2262//2262 2707//2707
f 2702//2702 2701//2701 2708//2708
f 2703//2703 2702//2702 2709//2709
f 2704//2704 2703//2703 2710//2710
f 2705//2705 2704//2704 2711//2711
f 3572//3572 2706//2706 3578//3578
f 2707//2707 2264//2264 2712//2712
f 2708//2708 2707//2707 2713//2713
f 2709//2709 2708//2708 2714//2714
f 2710//2710 2709//2709 2715//2715
f 2711//2711 2710//2710 2716//2716
f 2265//2265 2711//2711 2266//2266
f 3578//3578 2706//2706 3584//3584
f 2263//2263 3583//3583 2267//2267
f 2712//2712 2264//2264 2718//2718
f 2713//2713 2712//2712 2719//2719
f 2714//2714 2713//2713 2720//2720
f 2715//2715 2714//2714 2721//2721
f 2716//2716 2715//2715 2722//2722
f 2266//2266 2716//2716 2269//2269
f 3584//3584 2717//2717 2723//2723
f 2718//2718 2268//2268 2725//2725
f 2719//2719 2718//2718 2726//2726
f 2720//2720 2719//2719 2727//2727
f 2721//2721 2720//2720 2728//2728
f 2722//2722 2721//2721 2729//2729
f 2269//2269 2722//2722 2272//2272
f 2723//2723 2270//2270 2730//2730
f 2267//2267 2724//2724 2273//2273
f 2725//2725 2271//2271 2732//2732
f 2726//2726 2725//2725 2733//2733
f 2727//2727 2726//2726 2734//2734
f 2728//2728 2727//2727 2735//2735
f 2729//2729 2728//2728 2736//2736
f 2272//2272 2729//2729 2277//2277
f 3596//3596 2730//2730 3602//3602
f 2273//2273 2731//2731 2275//2275
f 2732//2732 2274//2274 2737//2737
f 2733//2733 2732//2732 2738//2738
f 2734//2734 2733//2733 2739//2739
f 2735//2735 2734//2734 2740//2740
f 2736//2736 2735//2735 2741//2741
f 2730//2730 2278//2278 2742//2742
f 3602//3602 2730//2730 3608//3608
f 2737//2737 2276//2276 2743//2743
f 2738//2738 2737//2737 2744//2744
f 2739//2739 2738//2738 2745//2745
f 2740//2740 2739//2739 2746//2746
f 2741//2741 2740//2740 2747//2747
f 2277//2277 2741//2741 2279//2279
f 2742//2742 2278//2278 2748//2748
f 3608//3608 2742//2742 3614//3614
f 2275//2275 3613//3613 2280//2280
f 2743//2743 2276//2276 2749//2749
f 2744//2744 2743//2743 2750//2750
f 2745//2745 2744//2744 2751//2751
f 2746//2746 2745//2745 2752//2752
f 2747//2747 2746//2746 2753//2753
f 2279//2279 2747//2747 2282//2282
f 2748//2748 2283//2283 2754//2754
f 3614//3614 2748//2748 3620//3620
f 2280//2280 3619//3619 2284//2284
f 2749//2749 2281//2281 2756//2756
f 2750//2750 2749//2749 2757//2757
f 2751//2751 2750//2750 2758//2758
f 2752//2752 2751//2751 2759//2759
f 2753//2753 2752//2752 2760//2760
f 2282//2282 2753//2753 2289//2289
f 2754//2754 2283//2283 2761//2761
f 3620//3620 2754//2754 3625//3625
f 2284//2284 2755//2755 2287//2287
f 2756//2756 2285//2285 2762//2762
f 2757//2757 2756//2756 2763//2763
f 2758//2758 2757//2757 2764//2764
f 2759//2759 2758//2758 2765//2765
f 2760//2760 2759//2759 2766//2766
f 2761//2761 2286//2286 2767//2767
f 3625//3625 2761//2761 3631//3631
f 2762//2762 2288//2288 2768//2768
f 2763//2763 2762//2762 2769//2769
f 2764//2764 2763//2763 2770//2770
f 2765//2765 2764//2764 2771//2771
f 2766//2766 2765//2765 2772//2772
f 2289//2289 2766//2766 2291//2291
f 2767//2767 2286//2286 2773//2773
f 3631//3631 2767//2767 3637//3637
f 2287//2287 3636//3636 2292//2292
f 2768//2768 2290//2290 2774//2774
f 2769//2769 2768//2768 2775//2775
f 2770//2770 2769//2769 2776//2776
f 2771//2771 2770//2770 2777//2777
f 2772//2772 2771//2771 2778//2778
f 2291//2291 2772//2772 2293//2293
f 3637//3637 2773//2773 3643//3643
f 2292//2292 3642//3642 2295//2295
f 2774//2774 2290//2290 2779//2779
f 2775//2775 2774//2774 2780//2780
f 2776//2776 2775//2775 2781//2781
f 2777//2777 2776//2776 2782//2782
f 2778//2778 2777//2777 2783//2783
f 2293//2293 2778//2778 2297//2297
f 2773//2773 2294//2294 2784//2784
f 3643//3643 2773//2773 3649//3649
f 2779//2779 2296//2296 2605//2605
f 2780//2780 2779//2779 2607//2607
f 2781//2781 2780//2780 2609//2609
f 2782//2782 2781//2781 2611//2611
f 2783//2783 2782//2782 2613//2613
f 2297//2297 2783//2783 2224//2224
f 2784//2784 2225//2225 2614//2614
f 3649//3649 2784//2784 3482//3482
f 3655//3655 2301//2301 3656//3656
f 2299//2299 2785//2785 2300//2300
f 2785//2785 2787//2787 2786//2786
f 2787//2787 2789//2789 2788//2788
f 2789//2789 2791//2791 2790//2790
f 2791//2791 2793//2793 2792//2792
f 2793//2793 2372//2372 2794//2794
f 3656//3656 2301//2301 2796//2796
f 2300//2300 2786//2786 2303//2303
f 2786//2786 2788//2788 2797//2797
f 2788//2788 2790//2790 2798//2798
f 2790//2790 2792//2792 2799//2799
f 2792//2792 2794//2794 2800//2800
f 2794//2794 2302//2302 2801//2801
f 2795//2795 3658//3658 2802//2802
f 2796//2796 2304//2304 3671//3671
f 2303//2303 2797//2797 2308//2308
f 2797//2797 2798//2798 2803//2803
f 2798//2798 2799//2799 2804//2804
f 2799//2799 2800//2800 2805//2805
f 2800//2800 2801//2801 2806//2806
f 2801//2801 2302//2302 2807//2807
f 2305//2305 2802//2802 2808//2808
f 3671//3671 2306//2306 3677//3677
f 2803//2803 2804//2804 2809//2809
f 2804//2804 2805//2805 2810//2810
f 2805//2805 2806//2806 2811//2811
f 2806//2806 2807//2807 2812//2812
f 2807//2807 2307//2307 2813//2813
f 3677//3677 2311//2311 3683//3683
f 2308//2308 2809//2809 2310//2310
f 2809//2809 2810//2810 2814//2814
f 2810//2810 2811//2811 2815//2815
f 2811//2811 2812//2812 2816//2816
f 2812//2812 2813//2813 2817//2817
f 2813//2813 2309//2309 2818//2818
f 2808//2808 3678//3678 2312//2312
f 3683//3683 2311//2311 3689//3689
f 2310//2310 2814//2814 2314//2314
f 2814//2814 2815//2815 2819//2819
f 2815//2815 2816//2816 2820//2820
f 2816//2816 2817//2817 2821//2821
f 2817//2817 2818//2818 2822//2822
f 2818//2818 2313//2313 2823//2823
f 2312//2312 3684//3684 2315//2315
f 3689//3689 2318//2318 3695//3695
f 2314//2314 2819//2819 2317//2317
f 2819//2819 2820//2820 2824//2824
f 2820//2820 2821//2821 2825//2825
f 2821//2821 2822//2822 2826//2826
f 2822//2822 2823//2823 2827//2827
f 2823//2823 2316//2316 2828//2828
f 3695//3695 2318//2318 3701//3701
f 2317//2317 2824//2824 2321//2321
f 2824//2824 2825//2825 2830//2830
f 2825//2825 2826//2826 2831//2831
f 2826//2826 2827//2827 2832//2832
f 2827//2827 2828//2828 2833//2833
f 2828//2828 2316//2316 2834//2834
f 2829//2829 3696//3696 2840//2840
f 3701//3701 2319//2319 3707//3707
f 2830//2830 2831//2831 2835//2835
f 2831//2831 2832//2832 2836//2836
f 2832//2832 2833//2833 2837//2837
f 2833//2833 2834//2834 2838//2838
f 2834//2834 2320//2320 2839//2839
f 3707//3707 2323//2323 3713//3713
f 2321//2321 2835//2835 2322//2322
f 2835//2835 2836//2836 2841//2841
f 2836//2836 2837//2837 2842//2842
f 2837//2837 2838//2838 2843//2843
f 2838//2838 2839//2839 2844//2844
f 2839//2839 2320//2320 2845//2845
f 2840//2840 3708//3708 2846//2846
f 3713//3713 2323//2323 2847//2847
f 2322//2322 2841//2841 2325//2325
f 2841//2841 2842//2842 2848//2848
f 2842//2842 2843//2843 2849//2849
f 2843//2843 2844//2844 2850//2850
f 2844//2844 2845//2845 2851//2851
f 2845//2845 2324//2324 2852//2852
f 2846//2846 3714//3714 2853//2853
f 2847//2847 2326//2326 3724//3724
f 2325//2325 2848//2848 2330//2330
f 2848//2848 2849//2849 2854//2854
f 2849//2849 2850//2850 2855//2855
f 2850//2850 2851//2851 2856//2856
f 2851//2851 2852//2852 2857//2857
f 2852//2852 2324//2324 2858//2858
f 2327//2327 2853//2853 2859//2859
f 3724//3724 2328//2328 3730//3730
f 2854//2854 2855//2855 2860//2860
f 2855//2855 2856//2856 2861//2861
f 2856//2856 2857//2857 2862//2862
f 2857//2857 2858//2858 2863//2863
f 2858//2858 2329//2329 2864//2864
f 3730//3730 2333//2333 3736//3736
f 2330//2330 2860//2860 2332//2332
f 2860//2860 2861//2861 2865//2865
f 2861//2861 2862//2862 2866//2866
f 2862//2862 2863//2863 2867//2867
f 2863//2863 2864//2864 2868//2868
f 2864//2864 2331//2331 2869//2869
f 2859//2859 3731//3731 2334//2334
f 3736//3736 2333//2333 2870//2870
f 2332//2332 2865//2865 2335//2335
f 2865//2865 2866//2866 2871//2871
f 2866//2866 2867//2867 2872//2872
f 2867//2867 2868//2868 2873//2873
f 2868//2868 2869//2869 2874//2874
f 2869//2869 2331//2331 2875//2875
f 2334//2334 3737//3737 2881//2881
f 2870//2870 2336//2336 3747//3747
f 2335//2335 2871//2871 2338//2338
f 2871//2871 2872//2872 2876//2876
f 2872//2872 2873//2873 2877//2877
f 2873//2873 2874//2874 2878//2878
f 2874//2874 2875//2875 2879//2879
f 2875//2875 2337//2337 2880//2880
f 3747//3747 2339//2339 3753//3753
f 2338//2338 2876//2876 2341//2341
f 2876//2876 2877//2877 2882//2882
f 2877//2877 2878//2878 2883//2883
f 2878//2878 2879//2879 2884//2884
f 2879//2879 2880//2880 2885//2885
f 2880//2880 2340//2340 2886//2886
f 2881//2881 3748//3748 2342//2342
f 3753//3753 2343//2343 3759//3759
f 2341//2341 2882//2882 2346//2346
f 2882//2882 2883//2883 2887//2887
f 2883//2883 2884//2884 2888//2888
f 2884//2884 2885//2885 2889//2889
f 2885//2885 2886//2886 2890//2890
f 2886//2886 2340//2340 2891//2891
f 2342//2342 3754//3754 2344//2344
f 3759//3759 2343//2343 3765//3765
f 2887//2887 2888//2888 2892//2892
f 2888//2888 2889//2889 2893//2893
f 2889//2889 2890//2890 2894//2894
f 2890//2890 2891//2891 2895//2895
f 2891//2891 2345//2345 2896//2896
f 3765//3765 2349//2349 3771//3771
f 2346//2346 2892//2892 2348//2348
f 2892//2892 2893//2893 2898//2898
f 2893//2893 2894//2894 2899//2899
f 2894//2894 2895//2895 2900//2900
f 2895//2895 2896//2896 2901//2901
f 2896//2896 2347//2347 2902//2902
f 2897//2897 3766//3766 2908//2908
f 3771//3771 2349//2349 3777//3777
f 2348//2348 2898//2898 2351//2351
f 2898//2898 2899//2899 2903//2903
f 2899//2899 2900//2900 2904//2904
f 2900//2900 2901//2901 2905//2905
f 2901//2901 2902//2902 2906//2906
f 2902//2902 2350//2350 2907//2907
f 3777//3777 2353//2353 3783//3783
f 2351//2351 2903//2903 2352//2352
f 2903//2903 2904//2904 2909//2909
f 2904//2904 2905//2905 2910//2910
f 2905//2905 2906//2906 2911//2911
f 2906//2906 2907//2907 2912//2912
f 2907//2907 2350//2350 2913//2913
f 2908//2908 3778//3778 2914//2914
f 3783//3783 2353//2353 3789//3789
f 2352//2352 2909//2909 2356//2356
f 2909//2909 2910//2910 2915//2915
f 2910//2910 2911//2911 2916//2916
f 2911//2911 2912//2912 2917//2917
f 2912//2912 2913//2913 2918//2918
f 2913//2913 2354//2354 2919//2919
f 2914//2914 3784//3784 2920//2920
f 3789//3789 2357//2357 2921//2921
f 2915//2915 2916//2916 2922//2922
f 2916//2916 2917//2917 2923//2923
f 2917//2917 2918//2918 2924//2924
f 2918//2918 2919//2919 2925//2925
f 2919//2919 2354//2354 2926//2926
f 2355//2355 2920//2920 2361//2361
f 2920//2920 3790//3790 2927//2927
f 2921//2921 2357//2357 3800//3800
f 2356//2356 2922//2922 2359//2359
f 2922//2922 2923//2923 2928//2928
f 2923//2923 2924//2924 2929//2929
f 2924//2924 2925//2925 2930//2930
f 2925//2925 2926//2926 2931//2931
f 2926//2926 2358//2358 2932//2932
f 2927//2927 3795//3795 2933//2933
f 3800//3800 2360//2360 3806//3806
f 2359//2359 2928//2928 2364//2364
f 2928//2928 2929//2929 2934//2934
f 2929//2929 2930//2930 2935//2935
f 2930//2930 2931//2931 2936//2936
f 2931//2931 2932//2932 2937//2937
f 2932//2932 2362//2362 2938//2938
f 2361//2361 2933//2933 2939//2939
f 2933//2933 3801//3801 2939//2939
f 3806//3806 2365//2365 3812//3812
f 2934//2934 2935//2935 2940//2940
f 2935//2935 2936//2936 2941//2941
f 2936//2936 2937//2937 2942//2942
f 2937//2937 2938//2938 2943//2943
f 2938//2938 2363//2363 2944//2944
f 2939//2939 3807//3807 2945//2945
f 3812//3812 2365//2365 2946//2946
f 2364//2364 2940//2940 2366//2366
f 2940//2940 2941//2941 2947//2947
f 2941//2941 2942//2942 2948//2948
f 2942//2942 2943//2943 2949//2949
f 2943//2943 2944//2944 2950//2950
f 2944//2944 2363//2363 2951//2951
f 2945//2945 3813//3813 2952//2952
f 2946//2946 2367//2367 3823//3823
f 2366//2366 2947//2947 2299//2299
f 2947//2947 2948//2948 2953//2953
f 2948//2948 2949//2949 2954//2954
f 2949//2949 2950//2950 2955//2955
f 2950//2950 2951//2951 2956//2956
f 2951//2951 2369//2369 2957//2957
f 2952//2952 3818//3818 2958//2958
f 3823//3823 2370//2370 3655//3655
f 2953//2953 2954//2954 2785//2785
f 2954//2954 2955//2955 2787//2787
f 2955//2955 2956//2956 2789//2789
f 2956//2956 2957//2957 2791//2791
f 2957//2957 2371//2371 2793//2793
f 2368//2368 2958//2958 2305//2305
f 2958//2958 3824//3824 2795//2795
f 2450//2450 2959//2959 2373//2373
f 2962//2962 2452//2452 2961//2961
f 2964//2964 2962//2962 2963//2963
f 2966//2966 2964//2964 2965//2965
f 2968//2968 2966//2966 2967//2967
f 2970//2970 2968//2968 2969//2969
f 2375//2375 2970//2970 2376//2376
f 3834//3834 2377//2377 3833//3833
f 2373//2373 2960//2960 2378//2378
f 2961//2961 2374//2374 2971//2971
f 2963//2963 2961//2961 2972//2972
f 2965//2965 2963//2963 2973//2973
f 2967//2967 2965//2965 2974//2974
f 2969//2969 2967//2967 2975//2975
f 2376//2376 2969//2969 2380//2380
f 3833//3833 2377//2377 3842//3842
f 2971//2971 2379//2379 2976//2976
f 2972//2972 2971//2971 2977//2977
f 2973//2973 2972//2972 2978//2978
f 2974//2974 2973//2973 2979//2979
f 2975//2975 2974//2974 2980//2980
f 3842//3842 2381//2381 3848//3848
f 2378//2378 3847//3847 2382//2382
f 2976//2976 2379//2379 2981//2981
f 2977//2977 2976//2976 2982//2982
f 2978//2978 2977//2977 2983//2983
f 2979//2979 2978//2978 2984//2984
f 2980//2980 2979//2979 2985//2985
f 2380//2380 2980//2980 2384//2384
f 3848//3848 2385//2385 3854//3854
f 2382//2382 3853//3853 2386//2386
f 2981//2981 2383//2383 2987//2987
f 2982//2982 2981//2981 2988//2988
f 2983//2983 2982//2982 2989//2989
f 2984//2984 2983//2983 2990//2990
f 2985//2985 2984//2984 2991//2991
f 2384//2384 2985//2985 2390//2390
f 3854//3854 2385//2385 3859//3859
f 2386//2386 2986//2986 2388//2388
f 2987//2987 2387//2387 2992//2992
f 2988//2988 2987//2987 2993//2993
f 2989//2989 2988//2988 2994//2994
f 2990//2990 2989//2989 2995//2995
f 2991//2991 2990//2990 2996//2996
f 3859//3859 2391//2391 3865//3865
f 2992//2992 2389//2389 2997//2997
f 2993//2993 2992//2992 2998//2998
f 2994//2994 2993//2993 2999//2999
f 2995//2995 2994//2994 3000//3000
f 2996//2996 2995//2995 3001//3001
f 2390//2390 2996//2996 2393//2393
f 3865//3865 2394//2394 3871//3871
f 2388//2388 3870//3870 2395//2395
f 2997//2997 2392//2392 3002//3002
f 2998//2998 2997//2997 3003//3003
f 2999//2999 2998//2998 3004//3004
f 3000//3000 2999//2999 3005//3005
f 3001//3001 3000//3000 3006//3006
f 2393//2393 3001//3001 2397//2397
f 3871//3871 2394//2394 3877//3877
f 3002//3002 2392//2392 3007//3007
f 3003//3003 3002//3002 3008//3008
f 3004//3004 3003//3003 3009//3009
f 3005//3005 3004//3004 3010//3010
f 3006//3006 3005//3005 3011//3011
f 3877//3877 2398//2398 3883//3883
f 2395//2395 3882//3882 2399//2399
f 3007//3007 2396//2396 3012//3012
f 3008//3008 3007//3007 3013//3013
f 3009//3009 3008//3008 3014//3014
f 3010//3010 3009//3009 3015//3015
f 3011//3011 3010//3010 3016//3016
f 2397//2397 3011//3011 2401//2401
f 3883//3883 3017//3017 3889//3889
f 2399//2399 3888//3888 2402//2402
f 3012//3012 2400//2400 3018//3018
f 3013//3013 3012//3012 3019//3019
f 3014//3014 3013//3013 3020//3020
f 3015//3015 3014//3014 3021//3021
f 3016//3016 3015//3015 3022//3022
f 2401//2401 3016//3016 2404//2404
f 3889//3889 3017//3017 3023//3023
f 3018//3018 2403//2403 3024//3024
f 3019//3019 3018//3018 3025//3025
f 3020//3020 3019//3019 3026//3026
f 3021//3021 3020//3020 3027//3027
f 3022//3022 3021//3021 3028//3028
f 2404//2404 3022//3022 2408//2408
f 3023//3023 2405//2405 3029//3029
f 2402//2402 3900//3900 2406//2406
f 3024//3024 2403//2403 3030//3030
f 3025//3025 3024//3024 3031//3031
f 3026//3026 3025//3025 3032//3032
f 3027//3027 3026//3026 3033//3033
f 3028//3028 3027//3027 3034//3034
f 3901//3901 3029//3029 3907//3907
f 3030//3030 2407//2407 3035//3035
f 3031//3031 3030//3030 3036//3036
f 3032//3032 3031//3031 3037//3037
f 3033//3033 3032//3032 3038//3038
f 3034//3034 3033//3033 3039//3039
f 2408//2408 3034//3034 2410//2410
f 3029//3029 2411//2411 3040//3040
f 3907//3907 3029//3029 3913//3913
f 2406//2406 3912//3912 2412//2412
f 3035//3035 2409//2409 3041//3041
f 3036//3036 3035//3035 3042//3042
f 3037//3037 3036//3036 3043//3043
f 3038//3038 3037//3037 3044//3044
f 3039//3039 3038//3038 3045//3045
f 2410//2410 3039//3039 2414//2414
f 3040//3040 2411//2411 3046//3046
f 3913//3913 3040//3040 3919//3919
f 2412//2412 3918//3918 2415//2415
f 3041//3041 2413//2413 3048//3048
f 3042//3042 3041//3041 3049//3049
f 3043//3043 3042//3042 3050//3050
f 3044//3044 3043//3043 3051//3051
f 3045//3045 3044//3044 3052//3052
f 2414//2414 3045//3045 2417//2417
f 3046//3046 2418//2418 3053//3053
f 3919//3919 3046//3046 3924//3924
f 3048//3048 2416//2416 3055//3055
f 3049//3049 3048//3048 3056//3056
f 3050//3050 3049//3049 3057//3057
f 3051//3051 3050//3050 3058//3058
f 3052//3052 3051//3051 3059//3059
f 2417//2417 3052//3052 2419//2419
f 3053//3053 2418//2418 2420//2420
f 3924//3924 3053//3053 3930//3930
f 2415//2415 3054//3054 2421//2421
f 3055//3055 2416//2416 3061//3061
f 3056//3056 3055//3055 3062//3062
f 3057//3057 3056//3056 3063//3063
f 3058//3058 3057//3057 3064//3064
f 3059//3059 3058//3058 3065//3065
f 2419//2419 3059//3059 2425//2425
f 3930//3930 2420//2420 3936//3936
f 2421//2421 3060//3060 2423//2423
f 3061//3061 2422//2422 3067//3067
f 3062//3062 3061//3061 3068//3068
f 3063//3063 3062//3062 3069//3069
f 3064//3064 3063//3063 3070//3070
f 3065//3065 3064//3064 3071//3071
f 3067//3067 2424//2424 3072//3072
f 3068//3068 3067//3067 3073//3073
f 3069//3069 3068//3068 3074//3074
f 3070//3070 3069//3069 3075//3075
f 3071//3071 3070//3070 3076//3076
f 2425//2425 3071//3071 2426//2426
f 2423//2423 3947//3947 2427//2427
f 3072//3072 2424//2424 3077//3077
f 3073//3073 3072//3072 3078//3078
f 3074//3074 3073//3073 3079//3079
f 3075//3075 3074//3074 3080//3080
f 3076//3076 3075//3075 3081//3081
f 2426//2426 3076//3076 2429//2429
f 3948//3948 2430//2430 3954//3954
f 3077//3077 2428//2428 3082//3082
f 3078//3078 3077//3077 3083//3083
f 3079//3079 3078//3078 3084//3084
f 3080//3080 3079//3079 3085//3085
f 3081//3081 3080//3080 3086//3086
f 2429//2429 3081//3081 2432//2432
f 3954//3954 2433//2433 3960//3960
f 2427//2427 3959//3959 2434//2434
f 3082//3082 2431//2431 3087//3087
f 3083//3083 3082//3082 3088//3088
f 3084//3084 3083//3083 3089//3089
f 3085//3085 3084//3084 3090//3090
f 3086//3086 3085//3085 3091//3091
f 2432//2432 3086//3086 2437//2437
f 3960//3960 2433//2433 3966//3966
f 3087//3087 2435//2435 3092//3092
f 3088//3088 3087//3087 3093//3093
f 3089//3089 3088//3088 3094//3094
f 3090//3090 3089//3089 3095//3095
f 3091//3091 3090//3090 3096//3096
f 3966//3966 2438//2438 3972//3972
f 2434//2434 3971//3971 2439//2439
f 3092//3092 2436//2436 3097//3097
f 3093//3093 3092//3092 3098//3098
f 3094//3094 3093//3093 3099//3099
f 3095//3095 3094//3094 3100//3100
f 3096//3096 3095//3095 3101//3101
f 2437//2437 3096//3096 2440//2440
f 3972//3972 2441//2441 3978//3978
f 2439//2439 3977//3977 2442//2442
f 3097//3097 2436//2436 3103//3103
f 3098//3098 3097//3097 3104//3104
f 3099//3099 3098//3098 3105//3105
f 3100//3100 3099//3099 3106//3106
f 3101//3101 3100//3100 3107//3107
f 2440//2440 3101//3101 2445//2445
f 3978//3978 2441//2441 3983//3983
f 3103//3103 2443//2443 3109//3109
f 3104//3104 3103//3103 3110//3110
f 3105//3105 3104//3104 3111//3111
f 3106//3106 3105//3105 3112//3112
f 3107//3107 3106//3106 3113//3113
f 3983//3983 2446//2446 3989//3989
f 2442//2442 3108//3108 2447//2447
f 3109//3109 2444//2444 3115//3115
f 3110//3110 3109//3109 3116//3116
f 3111//3111 3110//3110 3117//3117
f 3112//3112 3111//3111 3118//3118
f 3113//3113 3112//3112 3119//3119
f 2445//2445 3113//3113 2448//2448
f 3989//3989 2449//2449 3995//3995
f 2447//2447 3114//3114 2450//2450
f 3115//3115 2444//2444 3120//3120
f 3116//3116 3115//3115 3121//3121
f 3117//3117 3116//3116 3122//3122
f 3118//3118 3117//3117 3123//3123
f 3119//3119 3118//3118 3124//3124
f 2448//2448 3119//3119 2375//2375
f 3995//3995 2449//2449 4001//4001
f 3120//3120 2451//2451 2962//2962
f 3121//3121 3120//3120 2964//2964
f 3122//3122 3121//3121 2966//2966
f 3123//3123 3122//3122 2968//2968
f 3124//3124 3123//3123 2970//2970
f 4001//4001 2453//2453 3834//3834
f 3299//3299 2530//2530 4007//4007
f 2454//2454 3125//3125 2457//2457
f 3125//3125 3127//3127 3126//3126
f 3127//3127 3129//3129 3128//3128
f 3129//3129 3131//3131 3130//3130
f 3131//3131 3133//3133 3132//3132
f 3133//3133 2531//2531 3134//3134
f 2529//2529 3135//3135 2460//2460
f 3135//3135 4008//4008 3136//3136
f 4007//4007 2455//2455 4017//4017
f 3126//3126 3128//3128 3137//3137
f 3128//3128 3130//3130 3138//3138
f 3130//3130 3132//3132 3139//3139
f 3132//3132 3134//3134 3140//3140
f 3134//3134 2456//2456 3141//3141
f 3136//3136 4009//4009 3147//3147
f 4017//4017 2459//2459 4023//4023
f 2457//2457 3137//3137 2458//2458
f 3137//3137 3138//3138 3142//3142
f 3138//3138 3139//3139 3143//3143
f 3139//3139 3140//3140 3144//3144
f 3140//3140 3141//3141 3145//3145
f 3141//3141 2456//2456 3146//3146
f 4023//4023 2459//2459 3148//3148
f 2458//2458 3142//3142 2462//2462
f 3142//3142 3143//3143 3149//3149
f 3143//3143 3144//3144 3150//3150
f 3144//3144 3145//3145 3151//3151
f 3145//3145 3146//3146 3152//3152
f 3146//3146 2461//2461 3153//3153
f 2460//2460 3147//3147 2464//2464
f 3147//3147 4024//4024 3154//3154
f 3148//3148 2463//2463 4034//4034
f 2462//2462 3149//3149 2466//2466
f 3149//3149 3150//3150 3155//3155
f 3150//3150 3151//3151 3156//3156
f 3151//3151 3152//3152 3157//3157
f 3152//3152 3153//3153 3158//3158
f 3153//3153 2465//2465 3159//3159
f 2464//2464 3154//3154 3160//3160
f 4034//4034 2467//2467 4040//4040
f 2466//2466 3155//3155 2469//2469
f 3155//3155 3156//3156 3161//3161
f 3156//3156 3157//3157 3162//3162
f 3157//3157 3158//3158 3163//3163
f 3158//3158 3159//3159 3164//3164
f 3159//3159 2468//2468 3165//3165
f 4040//4040 2471//2471 4046//4046
f 2469//2469 3161//3161 2474//2474
f 3161//3161 3162//3162 3166//3166
f 3162//3162 3163//3163 3167//3167
f 3163//3163 3164//3164 3168//3168
f 3164//3164 3165//3165 3169//3169
f 3165//3165 2470//2470 3170//3170
f 3160//3160 4041//4041 2472//2472
f 4046//4046 2471//2471 4052//4052
f 3166//3166 3167//3167 3171//3171
f 3167//3167 3168//3168 3172//3172
f 3168//3168 3169//3169 3173//3173
f 3169//3169 3170//3170 3174//3174
f 3170//3170 2473//2473 3175//3175
f 2472//2472 4047//4047 3181//3181
f 4052//4052 2477//2477 4058//4058
f 2474//2474 3171//3171 2476//2476
f 3171//3171 3172//3172 3176//3176
f 3172//3172 3173//3173 3177//3177
f 3173//3173 3174//3174 3178//3178
f 3174//3174 3175//3175 3179//3179
f 3175//3175 2475//2475 3180//3180
f 4058//4058 2477//2477 3182//3182
f 2476//2476 3176//3176 2481//2481
f 3176//3176 3177//3177 3183//3183
f 3177//3177 3178//3178 3184//3184
f 3178//3178 3179//3179 3185//3185
f 3179//3179 3180//3180 3186//3186
f 3180//3180 2475//2475 3187//3187
f 3181//3181 4059//4059 2479//2479
f 3182//3182 2478//2478 3188//3188
f 3183//3183 3184//3184 3189//3189
f 3184//3184 3185//3185 3190//3190
f 3185//3185 3186//3186 3191//3191
f 3186//3186 3187//3187 3192//3192
f 3187//3187 2480//2480 3193//3193
f 2479//2479 4065//4065 3194//3194
f 3188//3188 2484//2484 4076//4076
f 2481//2481 3189//3189 2483//2483
f 3189//3189 3190//3190 3195//3195
f 3190//3190 3191//3191 3196//3196
f 3191//3191 3192//3192 3197//3197
f 3192//3192 3193//3193 3198//3198
f 3193//3193 2482//2482 3199//3199
f 3194//3194 4071//4071 3200//3200
f 4076//4076 2484//2484 3201//3201
f 2483//2483 3195//3195 2487//2487
f 3195//3195 3196//3196 3202//3202
f 3196//3196 3197//3197 3203//3203
f 3197//3197 3198//3198 3204//3204
f 3198//3198 3199//3199 3205//3205
f 3199//3199 2486//2486 3206//3206
f 2485//2485 3200//3200 3207//3207
f 3200//3200 4077//4077 3207//3207
f 3201//3201 2488//2488 4087//4087
f 2487//2487 3202//3202 2490//2490
f 3202//3202 3203//3203 3208//3208
f 3203//3203 3204//3204 3209//3209
f 3204//3204 3205//3205 3210//3210
f 3205//3205 3206//3206 3211//3211
f 3206//3206 2489//2489 3212//3212
f 3207//3207 4082//4082 3213//3213
f 4087//4087 2491//2491 4093//4093
f 2490//2490 3208//3208 2493//2493
f 3208//3208 3209//3209 3214//3214
f 3209//3209 3210//3210 3215//3215
f 3210//3210 3211//3211 3216//3216
f 3211//3211 3212//3212 3217//3217
f 3212//3212 2489//2489 3218//3218
f 3213//3213 4088//4088 3219//3219
f 4093//4093 2494//2494 4099//4099
f 3214//3214 3215//3215 3220//3220
f 3215//3215 3216//3216 3221//3221
f 3216//3216 3217//3217 3222//3222
f 3217//3217 3218//3218 3223//3223
f 3218//3218 2492//2492 3224//3224
f 3219//3219 4094//4094 3225//3225
f 4099//4099 2494//2494 4105//4105
f 2493//2493 3220//3220 2496//2496
f 3220//3220 3221//3221 3226//3226
f 3221//3221 3222//3222 3227//3227
f 3222//3222 3223//3223 3228//3228
f 3223//3223 3224//3224 3229//3229
f 3224//3224 2492//2492 3230//3230
f 2495//2495 3225//3225 3231//3231
f 4105//4105 2497//2497 4111//4111
f 2496//2496 3226//3226 2500//2500
f 3226//3226 3227//3227 3232//3232
f 3227//3227 3228//3228 3233//3233
f 3228//3228 3229//3229 3234//3234
f 3229//3229 3230//3230 3235//3235
f 3230//3230 2498//2498 3236//3236
f 4111//4111 2501//2501 4117//4117
f 3232//3232 3233//3233 3237//3237
f 3233//3233 3234//3234 3238//3238
f 3234//3234 3235//3235 3239//3239
f 3235//3235 3236//3236 3240//3240
f 3236//3236 2499//2499 3241//3241
f 3231//3231 4112//4112 2502//2502
f 4117//4117 2501//2501 4123//4123
f 2500//2500 3237//3237 2503//2503
f 3237//3237 3238//3238 3242//3242
f 3238//3238 3239//3239 3243//3243
f 3239//3239 3240//3240 3244//3244
f 3240//3240 3241//3241 3245//3245
f 3241//3241 2499//2499 3246//3246
f 2502//2502 4118//4118 2505//2505
f 4123//4123 2504//2504 4129//4129
f 2503//2503 3242//3242 2508//2508
f 3242//3242 3243//3243 3247//3247
f 3243//3243 3244//3244 3248//3248
f 3244//3244 3245//3245 3249//3249
f 3245//3245 3246//3246 3250//3250
f 3246//3246 2506//2506 3251//3251
f 4129//4129 2509//2509 4135//4135
f 3247//3247 3248//3248 3253//3253
f 3248//3248 3249//3249 3254//3254
f 3249//3249 3250//3250 3255//3255
f 3250//3250 3251//3251 3256//3256
f 3251//3251 2507//2507 3257//3257
f 3252//3252 4130//4130 2510//2510
f 4135//4135 2509//2509 4141//4141
f 2508//2508 3253//3253 2512//2512
f 3253//3253 3254//3254 3258//3258
f 3254//3254 3255//3255 3259//3259
f 3255//3255 3256//3256 3260//3260
f 3256//3256 3257//3257 3261//3261
f 3257//3257 2511//2511 3262//3262
f 2510//2510 4136//4136 3263//3263
f 4141//4141 2513//2513 4147//4147
f 2512//2512 3258//3258 2516//2516
f 3258//3258 3259//3259 3264//3264
f 3259//3259 3260//3260 3265//3265
f 3260//3260 3261//3261 3266//3266
f 3261//3261 3262//3262 3267//3267
f 3262//3262 2511//2511 3268//3268
f 3263//3263 4142//4142 3269//3269
f 4147//4147 2517//2517 4153//4153
f 3264//3264 3265//3265 3270//3270
f 3265//3265 3266//3266 3271//3271
f 3266//3266 3267//3267 3272//3272
f 3267//3267 3268//3268 3273//3273
f 3268//3268 2515//2515 3274//3274
f 2514//2514 3269//3269 2523//2523
f 3269//3269 4148//4148 3275//3275
f 4153//4153 2517//2517 3276//3276
f 2516//2516 3270//3270 2519//2519
f 3270//3270 3271//3271 3277//3277
f 3271//3271 3272//3272 3278//3278
f 3272//3272 3273//3273 3279//3279
f 3273//3273 3274//3274 3280//3280
f 3274//3274 2518//2518 3281//3281
f 3275//3275 4154//4154 3287//3287
f 3276//3276 2520//2520 4164//4164
f 2519//2519 3277//3277 2521//2521
f 3277//3277 3278//3278 3282//3282
f 3278//3278 3279//3279 3283//3283
f 3279//3279 3280//3280 3284//3284
f 3280//3280 3281//3281 3285//3285
f 3281//3281 2518//2518 3286//3286
f 4164//4164 2522//2522 4170//4170
f 2521//2521 3282//3282 2527//2527
f 3282//3282 3283//3283 3288//3288
f 3283//3283 3284//3284 3289//3289
f 3284//3284 3285//3285 3290//3290
f 3285//3285 3286//3286 3291//3291
f 3286//3286 2524//2524 3292//3292
f 2523//2523 3287//3287 2525//2525
f 3287//3287 4165//4165 2525//2525
f 4170//4170 2528//2528 4176//4176
f 3288//3288 3289//3289 3293//3293
f 3289//3289 3290//3290 3294//3294
f 3290//3290 3291//3291 3295//3295
f 3291//3291 3292//3292 3296//3296
f 3292//3292 2526//2526 3297//3297
f 2525//2525 4171//4171 3298//3298
f 4176//4176 2528//2528 3299//3299
f 2527//2527 3293//3293 2454//2454
f 3293//3293 3294//3294 3125//3125
f 3294//3294 3295//3295 3127//3127
f 3295//3295 3296//3296 3129//3129
f 3296//3296 3297//3297 3131//3131
f 3297//3297 2526//2526 3133//3133
f 3298//3298 4177//4177 3135//3135
f 3301//3301 2603//2603 3300//3300
f 3303//3303 3301//3301 3302//3302
f 3305//3305 3303//3303 3304//3304
f 3306//3306 3305//3305 3307//3307
f 3309//3309 3306//3306 3308//3308
f 2534//2534 3309//3309 2535//2535
f 4187//4187 3310//3310 3311//3311
f 2532//2532 4184//4184 2537//2537
f 3300//3300 2533//2533 3312//3312
f 3302//3302 3300//3300 3313//3313
f 3304//3304 3302//3302 3314//3314
f 3307//3307 3304//3304 3315//3315
f 3308//3308 3307//3307 3316//3316
f 2535//2535 3308//3308 2540//2540
f 3311//3311 2536//2536 3317//3317
f 2537//2537 4194//4194 2538//2538
f 3312//3312 2533//2533 3318//3318
f 3313//3313 3312//3312 3319//3319
f 3314//3314 3313//3313 3320//3320
f 3315//3315 3314//3314 3321//3321
f 3316//3316 3315//3315 3322//3322
f 4195//4195 3317//3317 4201//4201
f 3318//3318 2539//2539 3323//3323
f 3319//3319 3318//3318 3324//3324
f 3320//3320 3319//3319 3325//3325
f 3321//3321 3320//3320 3326//3326
f 3322//3322 3321//3321 3327//3327
f 2540//2540 3322//3322 2543//2543
f 3317//3317 2541//2541 3328//3328
f 4201//4201 3317//3317 4207//4207
f 2538//2538 4206//4206 2544//2544
f 3323//3323 2542//2542 3329//3329
f 3324//3324 3323//3323 3330//3330
f 3325//3325 3324//3324 3331//3331
f 3326//3326 3325//3325 3332//3332
f 3327//3327 3326//3326 3333//3333
f 2543//2543 3327//3327 2545//2545
f 3328//3328 2541//2541 3334//3334
f 4207//4207 3328//3328 4213//4213
f 2544//2544 4212//4212 2546//2546
f 3329//3329 2542//2542 3335//3335
f 3330//3330 3329//3329 3336//3336
f 3331//3331 3330//3330 3337//3337
f 3332//3332 3331//3331 3338//3338
f 3333//3333 3332//3332 3339//3339
f 2545//2545 3333//3333 2550//2550
f 3334//3334 2548//2548 3340//3340
f 4213//4213 3334//3334 4219//4219
f 3335//3335 2547//2547 3341//3341
f 3336//3336 3335//3335 3342//3342
f 3337//3337 3336//3336 3343//3343
f 3338//3338 3337//3337 3344//3344
f 3339//3339 3338//3338 3345//3345
f 3340//3340 2548//2548 2551//2551
f 4219//4219 3340//3340 4225//4225
f 2546//2546 4224//4224 2552//2552
f 3341//3341 2549//2549 3346//3346
f 3342//3342 3341//3341 3347//3347
f 3343//3343 3342//3342 3348//3348
f 3344//3344 3343//3343 3349//3349
f 3345//3345 3344//3344 3350//3350
f 2550//2550 3345//3345 2553//2553
f 4225//4225 2551//2551 4231//4231
f 2552//2552 4230//4230 2554//2554
f 3346//3346 2549//2549 3353//3353
f 3347//3347 3346//3346 3354//3354
f 3348//3348 3347//3347 3355//3355
f 3349//3349 3348//3348 3356//3356
f 3350//3350 3349//3349 3357//3357
f 2553//2553 3350//3350 2559//2559
f 4231//4231 3351//3351 3358//3358
f 2554//2554 3352//3352 2557//2557
f 3353//3353 2555//2555 3359//3359
f 3354//3354 3353//3353 3360//3360
f 3355//3355 3354//3354 3361//3361
f 3356//3356 3355//3355 3362//3362
f 3357//3357 3356//3356 3363//3363
f 3358//3358 2556//2556 3364//3364
f 3359//3359 2558//2558 3365//3365
f 3360//3360 3359//3359 3366//3366
f 3361//3361 3360//3360 3367//3367
f 3362//3362 3361//3361 3368//3368
f 3363//3363 3362//3362 3369//3369
f 2559//2559 3363//3363 2562//2562
f 3364//3364 2556//2556 3370//3370
f 4242//4242 3364//3364 4248//4248
f 2557//2557 4247//4247 2561//2561
f 3365//3365 2560//2560 3371//3371
f 3366//3366 3365//3365 3372//3372
f 3367//3367 3366//3366 3373//3373
f 3368//3368 3367//3367 3374//3374
f 3369//3369 3368//3368 3375//3375
f 3370//3370 2556//2556 3376//3376
f 4248//4248 3370//3370 4254//4254
f 2561//2561 4253//4253 2563//2563
f 3371//3371 2560//2560 3377//3377
f 3372//3372 3371//3371 3378//3378
f 3373//3373 3372//3372 3379//3379
f 3374//3374 3373//3373 3380//3380
f 3375//3375 3374//3374 3381//3381
f 2562//2562 3375//3375 2565//2565
f 4254//4254 3376//3376 4260//4260
f 3377//3377 2564//2564 3383//3383
f 3378//3378 3377//3377 3384//3384
f 3379//3379 3378//3378 3385//3385
f 3380//3380 3379//3379 3386//3386
f 3381//3381 3380//3380 3387//3387
f 2565//2565 3381//3381 2569//2569
f 3382//3382 2567//2567 3388//3388
f 4260//4260 3382//3382 4266//4266
f 2563//2563 4265//4265 2568//2568
f 3383//3383 2566//2566 3390//3390
f 3384//3384 3383//3383 3391//3391
f 3385//3385 3384//3384 3392//3392
f 3386//3386 3385//3385 3393//3393
f 3387//3387 3386//3386 3394//3394
f 3388//3388 2567//2567 2570//2570
f 4266//4266 3388//3388 4271//4271
f 2568//2568 3389//3389 2571//2571
f 3390//3390 2566//2566 3395//3395
f 3391//3391 3390//3390 3396//3396
f 3392//3392 3391//3391 3397//3397
f 3393//3393 3392//3392 3398//3398
f 3394//3394 3393//3393 3399//3399
f 2569//2569 3394//3394 2573//2573
f 4271//4271 2570//2570 4277//4277
f 3395//3395 2572//2572 3401//3401
f 3396//3396 3395//3395 3402//3402
f 3397//3397 3396//3396 3403//3403
f 3398//3398 3397//3397 3404//3404
f 3399//3399 3398//3398 3405//3405
f 2573//2573 3399//3399 2577//2577
f 4277//4277 3400//3400 3406//3406
f 2571//2571 4282//4282 2576//2576
f 3401//3401 2574//2574 3407//3407
f 3402//3402 3401//3401 3408//3408
f 3403//3403 3402//3402 3409//3409
f 3404//3404 3403//3403 3410//3410
f 3405//3405 3404//3404 3411//3411
f 3406//3406 2575//2575 3412//3412
f 3407//3407 2574//2574 3413//3413
f 3408//3408 3407//3407 3414//3414
f 3409//3409 3408//3408 3415//3415
f 3410//3410 3409//3409 3416//3416
f 3411//3411 3410//3410 3417//3417
f 2577//2577 3411//3411 2581//2581
f 3412//3412 2575//2575 3418//3418
f 4289//4289 3412//3412 4295//4295
f 2576//2576 4294//4294 2579//2579
f 3413//3413 2578//2578 3419//3419
f 3414//3414 3413//3413 3420//3420
f 3415//3415 3414//3414 3421//3421
f 3416//3416 3415//3415 3422//3422
f 3417//3417 3416//3416 3423//3423
f 4295//4295 3418//3418 4301//4301
f 3419//3419 2580//2580 3424//3424
f 3420//3420 3419//3419 3425//3425
f 3421//3421 3420//3420 3426//3426
f 3422//3422 3421//3421 3427//3427
f 3423//3423 3422//3422 3428//3428
f 2581//2581 3423//3423 2583//2583
f 4301//4301 3418//3418 4307//4307
f 2579//2579 4306//4306 2584//2584
f 3424//3424 2582//2582 3430//3430
f 3425//3425 3424//3424 3431//3431
f 3426//3426 3425//3425 3432//3432
f 3427//3427 3426//3426 3433//3433
f 3428//3428 3427//3427 3434//3434
f 2583//2583 3428//3428 2588//2588
f 4307//4307 3429//3429 3435//3435
f 2584//2584 4312//4312 2586//2586
f 3430//3430 2582//2582 3436//3436
f 3431//3431 3430//3430 3437//3437
f 3432//3432 3431//3431 3438//3438
f 3433//3433 3432//3432 3439//3439
f 3434//3434 3433//3433 3440//3440
f 3435//3435 2585//2585 3441//3441
f 3436//3436 2587//2587 3442//3442
f 3437//3437 3436//3436 3443//3443
f 3438//3438 3437//3437 3444//3444
f 3439//3439 3438//3438 3445//3445
f 3440//3440 3439//3439 3446//3446
f 2588//2588 3440//3440 2592//2592
f 3441//3441 2585//2585 3447//3447
f 4319//4319 3441//3441 4325//4325
f 2586//2586 4324//4324 2590//2590
f 3442//3442 2589//2589 3448//3448
f 3443//3443 3442//3442 3449//3449
f 3444//3444 3443//3443 3450//3450
f 3445//3445 3444//3444 3451//3451
f 3446//3446 3445//3445 3452//3452
f 4325//4325 3447//3447 4331//4331
f 2590//2590 4330//4330 2593//2593
f 3448//3448 2591//2591 3454//3454
f 3449//3449 3448//3448 3455//3455
f 3450//3450 3449//3449 3456//3456
f 3451//3451 3450//3450 3457//3457
f 3452//3452 3451//3451 3458//3458
f 2592//2592 3452//3452 2595//2595
f 4331//4331 3447//3447 4336//4336
f 3454//3454 2594//2594 3460//3460
f 3455//3455 3454//3454 3461//3461
f 3456//3456 3455//3455 3462//3462
f 3457//3457 3456//3456 3463//3463
f 3458//3458 3457//3457 3464//3464
f 2595//2595 3458//3458 2596//2596
f 4336//4336 3459//3459 2597//2597
f 2593//2593 4341//4341 2598//2598
f 3460//3460 2594//2594 3465//3465
f 3461//3461 3460//3460 3466//3466
f 3462//3462 3461//3461 3467//3467
f 3463//3463 3462//3462 3468//3468
f 3464//3464 3463//3463 3469//3469
f 2596//2596 3464//3464 2601//2601
f 3465//3465 2599//2599 3470//3470
f 3466//3466 3465//3465 3471//3471
f 3467//3467 3466//3466 3472//3472
f 3468//3468 3467//3467 3473//3473
f 3469//3469 3468//3468 3474//3474
f 4348//4348 2602//2602 4354//4354
f 2598//2598 4353//4353 2532//2532
f 3470//3470 2600//2600 3301//3301
f 3471//3471 3470//3470 3303//3303
f 3472//3472 3471//3471 3305//3305
f 3473//3473 3472//3472 3306//3306
f 3474//3474 3473//3473 3309//3309
f 2601//2601 3474//3474 2534//2534
f 4354//4354 3310//3310 4187//4187
f 3475//3475 3476//3476 3477//3477
f 3478//3478 3477//3477 3479//3479
f 3482//3482 3481//3481 3483//3483
f 3484//3484 3483//3483 3485//3485
f 3486//3486 3485//3485 3476//3476
f 3476//3476 3487//3487 3488//3488
f 3477//3477 3488//3488 2615//2615
f 3481//3481 3489//3489 3490//3490
f 3483//3483 3490//3490 3491//3491
f 3485//3485 3491//3491 3487//3487
f 3487//3487 3492//3492 3493//3493
f 3488//3488 3493//3493 3494//3494
f 3489//3489 3495//3495 3496//3496
f 3490//3490 3496//3496 3497//3497
f 3491//3491 3497//3497 3492//3492
f 3492//3492 3498//3498 3499//3499
f 3493//3493 3499//3499 3500//3500
f 3495//3495 3501//3501 3502//3502
f 3496//3496 3502//3502 3503//3503
f 3497//3497 3503//3503 3498//3498
f 3498//3498 3504//3504 3505//3505
f 3499//3499 3505//3505 3506//3506
f 3501//3501 3507//3507 3508//3508
f 3502//3502 3508//3508 3509//3509
f 3503//3503 3509//3509 3504//3504
f 3504//3504 3510//3510 3511//3511
f 3505//3505 3511//3511 3512//3512
f 3507//3507 3513//3513 3514//3514
f 3508//3508 3514//3514 3515//3515
f 3509//3509 3515//3515 3510//3510
f 3510//3510 3516//3516 3517//3517
f 3511//3511 3517//3517 3518//3518
f 3513//3513 3519//3519 3520//3520
f 3514//3514 3520//3520 3521//3521
f 3515//3515 3521//3521 3516//3516
f 3516//3516 3522//3522 3523//3523
f 3517//3517 3523//3523 3524//3524
f 3519//3519 3525//3525 3526//3526
f 3520//3520 3526//3526 3527//3527
f 3521//3521 3527//3527 3522//3522
f 3522//3522 3528//3528 3529//3529
f 3523//3523 3529//3529 3530//3530
f 3524//3524 3530//3530 2657//2657
f 3525//3525 2663//2663 3531//3531
f 3525//3525 3531//3531 3532//3532
f 3526//3526 3532//3532 3533//3533
f 3527//3527 3533//3533 3528//3528
f 3528//3528 3534//3534 3535//3535
f 3529//3529 3535//3535 3536//3536
f 3530//3530 3536//3536 2664//2664
f 3531//3531 3537//3537 3538//3538
f 3532//3532 3538//3538 3539//3539
f 3533//3533 3539//3539 3534//3534
f 3534//3534 3540//3540 3541//3541
f 3535//3535 3541//3541 3542//3542
f 3537//3537 3543//3543 3544//3544
f 3538//3538 3544//3544 3545//3545
f 3539//3539 3545//3545 3540//3540
f 3540//3540 3546//3546 3547//3547
f 3541//3541 3547//3547 3548//3548
f 3543//3543 3549//3549 3550//3550
f 3544//3544 3550//3550 3551//3551
f 3545//3545 3551//3551 3546//3546
f 3546//3546 3552//3552 3553//3553
f 3547//3547 3553//3553 3554//3554
f 3549//3549 3555//3555 3556//3556
f 3550//3550 3556//3556 3557//3557
f 3551//3551 3557//3557 3552//3552
f 3552//3552 3558//3558 3559//3559
f 3553//3553 3559//3559 3560//3560
f 3555//3555 2693//2693 3561//3561
f 3555//3555 3561//3561 3562//3562
f 3556//3556 3562//3562 3563//3563
f 3557//3557 3563//3563 3558//3558
f 3558//3558 3564//3564 3565//3565
f 3559//3559 3565//3565 3566//3566
f 3561//3561 3567//3567 3568//3568
f 3562//3562 3568//3568 3569//3569
f 3563//3563 3569//3569 3564//3564
f 3564//3564 3570//3570 3571//3571
f 3565//3565 3571//3571 2700//2700
f 3567//3567 3572//3572 3573//3573
f 3568//3568 3573//3573 3574//3574
f 3569//3569 3574//3574 3570//3570
f 3570//3570 3575//3575 3576//3576
f 3571//3571 3576//3576 3577//3577
f 3572//3572 3578//3578 3579//3579
f 3573//3573 3579//3579 3580//3580
f 3574//3574 3580//3580 3575//3575
f 3575//3575 3581//3581 3582//3582
f 3576//3576 3582//3582 3583//3583
f 3578//3578 3584//3584 3585//3585
f 3579//3579 3585//3585 3586//3586
f 3580//3580 3586//3586 3581//3581
f 3581//3581 3587//3587 3588//3588
f 3582//3582 3588//3588 3589//3589
f 3584//3584 2723//2723 3590//3590
f 3584//3584 3590//3590 3591//3591
f 3585//3585 3591//3591 3592//3592
f 3586//3586 3592//3592 3587//3587
f 3587//3587 3593//3593 3594//3594
f 3588//3588 3594//3594 3595//3595
f 3589//3589 3595//3595 2724//2724
f 3590//3590 3596//3596 3597//3597
f 3591//3591 3597//3597 3598//3598
f 3592//3592 3598//3598 3593//3593
f 3593//3593 3599//3599 3600//3600
f 3594//3594 3600//3600 3601//3601
f 3595//3595 3601//3601 2731//2731
f 3596//3596 3602//3602 3603//3603
f 3597//3597 3603//3603 3604//3604
f 3598//3598 3604//3604 3599//3599
f 3599//3599 3605//3605 3606//3606
f 3600//3600 3606//3606 3607//3607
f 3602//3602 3608//3608 3609//3609
f 3603//3603 3609//3609 3610//3610
f 3604//3604 3610//3610 3605//3605
f 3605//3605 3611//3611 3612//3612
f 3606//3606 3612//3612 3613//3613
f 3608//3608 3614//3614 3615//3615
f 3609//3609 3615//3615 3616//3616
f 3610//3610 3616//3616 3611//3611
f 3611//3611 3617//3617 3618//3618
f 3612//3612 3618//3618 3619//3619
f 3614//3614 3620//3620 3621//3621
f 3615//3615 3621//3621 3622//3622
f 3616//3616 3622//3622 3617//3617
f 3617//3617 3623//3623 3624//3624
f 3618//3618 3624//3624 2755//2755
f 3620//3620 3625//3625 3626//3626
f 3621//3621 3626//3626 3627//3627
f 3622//3622 3627//3627 3623//3623
f 3623//3623 3628//3628 3629//3629
f 3624//3624 3629//3629 3630//3630
f 3625//3625 3631//3631 3632//3632
f 3626//3626 3632//3632 3633//3633
f 3627//3627 3633//3633 3628//3628
f 3628//3628 3634//3634 3635//3635
f 3629//3629 3635//3635 3636//3636
f 3631//3631 3637//3637 3638//3638
f 3632//3632 3638//3638 3639//3639
f 3633//3633 3639//3639 3634//3634
f 3634//3634 3640//3640 3641//3641
f 3635//3635 3641//3641 3642//3642
f 3637//3637 3643//3643 3644//3644
f 3638//3638 3644//3644 3645//3645
f 3639//3639 3645//3645 3640//3640
f 3640//3640 3646//3646 3647//3647
f 3641//3641 3647//3647 3648//3648
f 3643//3643 3649//3649 3650//3650
f 3644//3644 3650//3650 3651//3651
f 3645//3645 3651//3651 3646//3646
f 3646//3646 3475//3475 3478//3478
f 3647//3647 3478//3478 3480//3480
f 3649//3649 3482//3482 3484//3484
f 3650//3650 3484//3484 3486//3486
f 3651//3651 3486//3486 3475//3475
f 3652//3652 3653//3653 3654//3654
f 3655//3655 3656//3656 3653//3653
f 3659//3659 3660//3660 3658//3658
f 3661//3661 3662//3662 3660//3660
f 3663//3663 3654//3654 3662//3662
f 3653//3653 3664//3664 3665//3665
f 3656//3656 2796//2796 3664//3664
f 3658//3658 3666//3666 2802//2802
f 3660//3660 3667//3667 3666//3666
f 3662//3662 3668//3668 3667//3667
f 3654//3654 3665//3665 3668//3668
f 3664//3664 3669//3669 3670//3670
f 2796//2796 3671//3671 3669//3669
f 3667//3667 3673//3673 3672//3672
f 3668//3668 3674//3674 3673//3673
f 3665//3665 3670//3670 3674//3674
f 3669//3669 3675//3675 3676//3676
f 3671//3671 3677//3677 3675//3675
f 3673//3673 3679//3679 3678//3678
f 3674//3674 3680//3680 3679//3679
f 3670//3670 3676//3676 3680//3680
f 3675//3675 3681//3681 3682//3682
f 3677//3677 3683//3683 3681//3681
f 3679//3679 3685//3685 3684//3684
f 3680//3680 3686//3686 3685//3685
f 3676//3676 3682//3682 3686//3686
f 3681//3681 3687//3687 3688//3688
f 3683//3683 3689//3689 3687//3687
f 3684//3684 3690//3690 2315//2315
f 3685//3685 3691//3691 3690//3690
f 3686//3686 3692//3692 3691//3691
f 3682//3682 3688//3688 3692//3692
f 3687//3687 3693//3693 3694//3694
f 3689//3689 3695//3695 3693//3693
f 3691//3691 3697//3697 3696//3696
f 3692//3692 3698//3698 3697//3697
f 3688//3688 3694//3694 3698//3698
f 3693//3693 3699//3699 3700//3700
f 3695//3695 3701//3701 3699//3699
f 3697//3697 3703//3703 3702//3702
f 3698//3698 3704//3704 3703//3703
f 3694//3694 3700//3700 3704//3704
f 3699//3699 3705//3705 3706//3706
f 3701//3701 3707//3707 3705//3705
f 3703//3703 3709//3709 3708//3708
f 3704//3704 3710//3710 3709//3709
f 3700//3700 3706//3706 3710//3710
f 3705//3705 3711//3711 3712//3712
f 3707//3707 3713//3713 3711//3711
f 3709//3709 3715//3715 3714//3714
f 3710//3710 3716//3716 3715//3715
f 3706//3706 3712//3712 3716//3716
f 3711//3711 3717//3717 3718//3718
f 3713//3713 2847//2847 3717//3717
f 3714//3714 3719//3719 2853//2853
f 3715//3715 3720//3720 3719//3719
f 3716//3716 3721//3721 3720//3720
f 3712//3712 3718//3718 3721//3721
f 3717//3717 3722//3722 3723//3723
f 2847//2847 3724//3724 3722//3722
f 3720//3720 3726//3726 3725//3725
f 3721//3721 3727//3727 3726//3726
f 3718//3718 3723//3723 3727//3727
f 3722//3722 3728//3728 3729//3729
f 3724//3724 3730//3730 3728//3728
f 3726//3726 3732//3732 3731//3731
f 3727//3727 3733//3733 3732//3732
f 3723//3723 3729//3729 3733//3733
f 3728//3728 3734//3734 3735//3735
f 3730//3730 3736//3736 3734//3734
f 3732//3732 3738//3738 3737//3737
f 3733//3733 3739//3739 3738//3738
f 3729//3729 3735//3735 3739//3739
f 3734//3734 3740//3740 3741//3741
f 3736//3736 2870//2870 3740//3740
f 3738//3738 3743//3743 3742//3742
f 3739//3739 3744//3744 3743//3743
f 3735//3735 3741//3741 3744//3744
f 3740//3740 3745//3745 3746//3746
f 2870//2870 3747//3747 3745//3745
f 3743//3743 3749//3749 3748//3748
f 3744//3744 3750//3750 3749//3749
f 3741//3741 3746//3746 3750//3750
f 3745//3745 3751//3751 3752//3752
f 3747//3747 3753//3753 3751//3751
f 3749//3749 3755//3755 3754//3754
f 3750//3750 3756//3756 3755//3755
f 3746//3746 3752//3752 3756//3756
f 3751//3751 3757//3757 3758//3758
f 3753//3753 3759//3759 3757//3757
f 3754//3754 3760//3760 2344//2344
f 3755//3755 3761//3761 3760//3760
f 3756//3756 3762//3762 3761//3761
f 3752//3752 3758//3758 3762//3762
f 3757//3757 3763//3763 3764//3764
f 3759//3759 3765//3765 3763//3763
f 3761//3761 3767//3767 3766//3766
f 3762//3762 3768//3768 3767//3767
f 3758//3758 3764//3764 3768//3768
f 3763//3763 3769//3769 3770//3770
f 3765//3765 3771//3771 3769//3769
f 3767//3767 3773//3773 3772//3772
f 3768//3768 3774//3774 3773//3773
f 3764//3764 3770//3770 3774//3774
f 3769//3769 3775//3775 3776//3776
f 3771//3771 3777//3777 3775//3775
f 3773//3773 3779//3779 3778//3778
f 3774//3774 3780//3780 3779//3779
f 3770//3770 3776//3776 3780//3780
f 3775//3775 3781//3781 3782//3782
f 3777//3777 3783//3783 3781//3781
f 3779//3779 3785//3785 3784//3784
f 3780//3780 3786//3786 3785//3785
f 3776//3776 3782//3782 3786//3786
f 3781//3781 3787//3787 3788//3788
f 3783//3783 3789//3789 3787//3787
f 3785//3785 3791//3791 3790//3790
f 3786//3786 3792//3792 3791//3791
f 3782//3782 3788//3788 3792//3792
f 3787//3787 3793//3793 3794//3794
f 3789//3789 2921//2921 3793//3793
f 3791//3791 3796//3796 3795//3795
f 3792//3792 3797//3797 3796//3796
f 3788//3788 3794//3794 3797//3797
f 3793//3793 3798//3798 3799//3799
f 2921//2921 3800//3800 3798//3798
f 3796//3796 3802//3802 3801//3801
f 3797//3797 3803//3803 3802//3802
f 3794//3794 3799//3799 3803//3803
f 3798//3798 3804//3804 3805//3805
f 3800//3800 3806//3806 3804//3804
f 3802//3802 3808//3808 3807//3807
f 3803//3803 3809//3809 3808//3808
f 3799//3799 3805//3805 3809//3809
f 3804//3804 3810//3810 3811//3811
f 3806//3806 3812//3812 3810//3810
f 3808//3808 3814//3814 3813//3813
f 3809//3809 3815//3815 3814//3814
f 3805//3805 3811//3811 3815//3815
f 3810//3810 3816//3816 3817//3817
f 3812//3812 2946//2946 3816//3816
f 3814//3814 3819//3819 3818//3818
f 3815//3815 3820//3820 3819//3819
f 3811//3811 3817//3817 3820//3820
f 3816//3816 3821//3821 3822//3822
f 2946//2946 3823//3823 3821//3821
f 3819//3819 3825//3825 3824//3824
f 3820//3820 3826//3826 3825//3825
f 3817//3817 3822//3822 3826//3826
f 3821//3821 3652//3652 3663//3663
f 3823//3823 3655//3655 3652//3652
f 3825//3825 3659//3659 3657//3657
f 3826//3826 3661//3661 3659//3659
f 3822//3822 3663//3663 3661//3661
f 3827//3827 3828//3828 3829//3829
f 3830//3830 3829//3829 3831//3831
f 3832//3832 3831//3831 2960//2960
f 3834//3834 3833//3833 3835//3835
f 3836//3836 3835//3835 3837//3837
f 3838//3838 3837//3837 3828//3828
f 3828//3828 3839//3839 3840//3840
f 3829//3829 3840//3840 3841//3841
f 3833//3833 3842//3842 3843//3843
f 3835//3835 3843//3843 3844//3844
f 3837//3837 3844//3844 3839//3839
f 3839//3839 3845//3845 3846//3846
f 3840//3840 3846//3846 3847//3847
f 3842//3842 3848//3848 3849//3849
f 3843//3843 3849//3849 3850//3850
f 3844//3844 3850//3850 3845//3845
f 3845//3845 3851//3851 3852//3852
f 3846//3846 3852//3852 3853//3853
f 3848//3848 3854//3854 3855//3855
f 3849//3849 3855//3855 3856//3856
f 3850//3850 3856//3856 3851//3851
f 3851//3851 3857//3857 3858//3858
f 3852//3852 3858//3858 2986//2986
f 3854//3854 3859//3859 3860//3860
f 3855//3855 3860//3860 3861//3861
f 3856//3856 3861//3861 3857//3857
f 3857//3857 3862//3862 3863//3863
f 3858//3858 3863//3863 3864//3864
f 3859//3859 3865//3865 3866//3866
f 3860//3860 3866//3866 3867//3867
f 3861//3861 3867//3867 3862//3862
f 3862//3862 3868//3868 3869//3869
f 3863//3863 3869//3869 3870//3870
f 3865//3865 3871//3871 3872//3872
f 3866//3866 3872//3872 3873//3873
f 3867//3867 3873//3873 3868//3868
f 3868//3868 3874//3874 3875//3875
f 3869//3869 3875//3875 3876//3876
f 3871//3871 3877//3877 3878//3878
f 3872//3872 3878//3878 3879//3879
f 3873//3873 3879//3879 3874//3874
f 3874//3874 3880//3880 3881//3881
f 3875//3875 3881//3881 3882//3882
f 3877//3877 3883//3883 3884//3884
f 3878//3878 3884//3884 3885//3885
f 3879//3879 3885//3885 3880//3880
f 3880//3880 3886//3886 3887//3887
f 3881//3881 3887//3887 3888//3888
f 3883//3883 3889//3889 3890//3890
f 3884//3884 3890//3890 3891//3891
f 3885//3885 3891//3891 3886//3886
f 3886//3886 3892//3892 3893//3893
f 3887//3887 3893//3893 3894//3894
f 3889//3889 3023//3023 3895//3895
f 3889//3889 3895//3895 3896//3896
f 3890//3890 3896//3896 3897//3897
f 3891//3891 3897//3897 3892//3892
f 3892//3892 3898//3898 3899//3899
f 3893//3893 3899//3899 3900//3900
f 3895//3895 3901//3901 3902//3902
f 3896//3896 3902//3902 3903//3903
f 3897//3897 3903//3903 3898//3898
f 3898//3898 3904//3904 3905//3905
f 3899//3899 3905//3905 3906//3906
f 3901//3901 3907//3907 3908//3908
f 3902//3902 3908//3908 3909//3909
f 3903//3903 3909//3909 3904//3904
f 3904//3904 3910//3910 3911//3911
f 3905//3905 3911//3911 3912//3912
f 3907//3907 3913//3913 3914//3914
f 3908//3908 3914//3914 3915//3915
f 3909//3909 3915//3915 3910//3910
f 3910//3910 3916//3916 3917//3917
f 3911//3911 3917//3917 3918//3918
f 3913//3913 3919//3919 3920//3920
f 3914//3914 3920//3920 3921//3921
f 3915//3915 3921//3921 3916//3916
f 3916//3916 3922//3922 3923//3923
f 3917//3917 3923//3923 3047//3047
f 3919//3919 3924//3924 3925//3925
f 3920//3920 3925//3925 3926//3926
f 3921//3921 3926//3926 3922//3922
f 3922//3922 3927//3927 3928//3928
f 3923//3923 3928//3928 3929//3929
f 3047//3047 3929//3929 3054//3054
f 3924//3924 3930//3930 3931//3931
f 3925//3925 3931//3931 3932//3932
f 3926//3926 3932//3932 3927//3927
f 3927//3927 3933//3933 3934//3934
f 3928//3928 3934//3934 3935//3935
f 3929//3929 3935//3935 3060//3060
f 3930//3930 3936//3936 3937//3937
f 3931//3931 3937//3937 3938//3938
f 3932//3932 3938//3938 3933//3933
f 3933//3933 3939//3939 3940//3940
f 3934//3934 3940//3940 3941//3941
f 3936//3936 3066//3066 3942//3942
f 3936//3936 3942//3942 3943//3943
f 3937//3937 3943//3943 3944//3944
f 3938//3938 3944//3944 3939//3939
f 3939//3939 3945//3945 3946//3946
f 3940//3940 3946//3946 3947//3947
f 3942//3942 3948//3948 3949//3949
f 3943//3943 3949//3949 3950//3950
f 3944//3944 3950//3950 3945//3945
f 3945//3945 3951//3951 3952//3952
f 3946//3946 3952//3952 3953//3953
f 3948//3948 3954//3954 3955//3955
f 3949//3949 3955//3955 3956//3956
f 3950//3950 3956//3956 3951//3951
f 3951//3951 3957//3957 3958//3958
f 3952//3952 3958//3958 3959//3959
f 3954//3954 3960//3960 3961//3961
f 3955//3955 3961//3961 3962//3962
f 3956//3956 3962//3962 3957//3957
f 3957//3957 3963//3963 3964//3964
f 3958//3958 3964//3964 3965//3965
f 3960//3960 3966//3966 3967//3967
f 3961//3961 3967//3967 3968//3968
f 3962//3962 3968//3968 3963//3963
f 3963//3963 3969//3969 3970//3970
f 3964//3964 3970//3970 3971//3971
f 3966//3966 3972//3972 3973//3973
f 3967//3967 3973//3973 3974//3974
f 3968//3968 3974//3974 3969//3969
f 3969//3969 3975//3975 3976//3976
f 3970//3970 3976//3976 3977//3977
f 3972//3972 3978//3978 3979//3979
f 3973//3973 3979//3979 3980//3980
f 3974//3974 3980//3980 3975//3975
f 3975//3975 3981//3981 3982//3982
f 3976//3976 3982//3982 3102//3102
f 3978//3978 3983//3983 3984//3984
f 3979//3979 3984//3984 3985//3985
f 3980//3980 3985//3985 3981//3981
f 3981//3981 3986//3986 3987//3987
f 3982//3982 3987//3987 3988//3988
f 3102//3102 3988//3988 3108//3108
f 3983//3983 3989//3989 3990//3990
f 3984//3984 3990//3990 3991//3991
f 3985//3985 3991//3991 3986//3986
f 3986//3986 3992//3992 3993//3993
f 3987//3987 3993//3993 3994//3994
f 3988//3988 3994//3994 3114//3114
f 3989//3989 3995//3995 3996//3996
f 3990//3990 3996//3996 3997//3997
f 3991//3991 3997//3997 3992//3992
f 3992//3992 3998//3998 3999//3999
f 3993//3993 3999//3999 4000//4000
f 3995//3995 4001//4001 4002//4002
f 3996//3996 4002//4002 4003//4003
f 3997//3997 4003//4003 3998//3998
f 3998//3998 3827//3827 3830//3830
f 3999//3999 3830//3830 3832//3832
f 4000//4000 3832//3832 2959//2959
f 4001//4001 3834//3834 3836//3836
f 4002//4002 3836//3836 3838//3838
f 4003//4003 3838//3838 3827//3827
f 4004//4004 4005//4005 4006//4006
f 3299//3299 4007//4007 4005//4005
f 4010//4010 4011//4011 4009//4009
f 4012//4012 4013//4013 4011//4011
f 4014//4014 4006//4006 4013//4013
f 4005//4005 4015//4015 4016//4016
f 4007//4007 4017//4017 4015//4015
f 4011//4011 4019//4019 4018//4018
f 4013//4013 4020//4020 4019//4019
f 4006//4006 4016//4016 4020//4020
f 4015//4015 4021//4021 4022//4022
f 4017//4017 4023//4023 4021//4021
f 4019//4019 4025//4025 4024//4024
f 4020//4020 4026//4026 4025//4025
f 4016//4016 4022//4022 4026//4026
f 4021//4021 4027//4027 4028//4028
f 4023//4023 3148//3148 4027//4027
f 4024//4024 4029//4029 3154//3154
f 4025//4025 4030//4030 4029//4029
f 4026//4026 4031//4031 4030//4030
f 4022//4022 4028//4028 4031//4031
f 4027//4027 4032//4032 4033//4033
f 3148//3148 4034//4034 4032//4032
f 4030//4030 4036//4036 4035//4035
f 4031//4031 4037//4037 4036//4036
f 4028//4028 4033//4033 4037//4037
f 4032//4032 4038//4038 4039//4039
f 4034//4034 4040//4040 4038//4038
f 4036//4036 4042//4042 4041//4041
f 4037//4037 4043//4043 4042//4042
f 4033//4033 4039//4039 4043//4043
f 4038//4038 4044//4044 4045//4045
f 4040//4040 4046//4046 4044//4044
f 4042//4042 4048//4048 4047//4047
f 4043//4043 4049//4049 4048//4048
f 4039//4039 4045//4045 4049//4049
f 4044//4044 4050//4050 4051//4051
f 4046//4046 4052//4052 4050//4050
f 4047//4047 4053//4053 3181//3181
f 4048//4048 4054//4054 4053//4053
f 4049//4049 4055//4055 4054//4054
f 4045//4045 4051//4051 4055//4055
f 4050//4050 4056//4056 4057//4057
f 4052//4052 4058//4058 4056//4056
f 4054//4054 4060//4060 4059//4059
f 4055//4055 4061//4061 4060//4060
f 4051//4051 4057//4057 4061//4061
f 4056//4056 4062//4062 4063//4063
f 4058//4058 4064//4064 4062//4062
f 4058//4058 3182//3182 4064//4064
f 4060//4060 4066//4066 4065//4065
f 4061//4061 4067//4067 4066//4066
f 4057//4057 4063//4063 4067//4067
f 4062//4062 4068//4068 4069//4069
f 4064//4064 4070//4070 4068//4068
f 3182//3182 3188//3188 4070//4070
f 4066//4066 4072//4072 4071//4071
f 4067//4067 4073//4073 4072//4072
f 4063//4063 4069//4069 4073//4073
f 4068//4068 4074//4074 4075//4075
f 4070//4070 4076//4076 4074//4074
f 4072//4072 4078//4078 4077//4077
f 4073//4073 4079//4079 4078//4078
f 4069//4069 4075//4075 4079//4079
f 4074//4074 4080//4080 4081//4081
f 4076//4076 3201//3201 4080//4080
f 4078//4078 4083//4083 4082//4082
f 4079//4079 4084//4084 4083//4083
f 4075//4075 4081//4081 4084//4084
f 4080//4080 4085//4085 4086//4086
f 3201//3201 4087//4087 4085//4085
f 4083//4083 4089//4089 4088//4088
f 4084//4084 4090//4090 4089//4089
f 4081//4081 4086//4086 4090//4090
f 4085//4085 4091//4091 4092//4092
f 4087//4087 4093//4093 4091//4091
f 4089//4089 4095//4095 4094//4094
f 4090//4090 4096//4096 4095//4095
f 4086//4086 4092//4092 4096//4096
f 4091//4091 4097//4097 4098//4098
f 4093//4093 4099//4099 4097//4097
f 4094//4094 4100//4100 3225//3225
f 4095//4095 4101//4101 4100//4100
f 4096//4096 4102//4102 4101//4101
f 4092//4092 4098//4098 4102//4102
f 4097//4097 4103//4103 4104//4104
f 4099//4099 4105//4105 4103//4103
f 4101//4101 4107//4107 4106//4106
f 4102//4102 4108//4108 4107//4107
f 4098//4098 4104//4104 4108//4108
f 4103//4103 4109//4109 4110//4110
f 4105//4105 4111//4111 4109//4109
f 4107//4107 4113//4113 4112//4112
f 4108//4108 4114//4114 4113//4113
f 4104//4104 4110//4110 4114//4114
f 4109//4109 4115//4115 4116//4116
f 4111//4111 4117//4117 4115//4115
f 4113//4113 4119//4119 4118//4118
f 4114//4114 4120//4120 4119//4119
f 4110//4110 4116//4116 4120//4120
f 4115//4115 4121//4121 4122//4122
f 4117//4117 4123//4123 4121//4121
f 4118//4118 4124//4124 2505//2505
f 4119//4119 4125//4125 4124//4124
f 4120//4120 4126//4126 4125//4125
f 4116//4116 4122//4122 4126//4126
f 4121//4121 4127//4127 4128//4128
f 4123//4123 4129//4129 4127//4127
f 4125//4125 4131//4131 4130//4130
f 4126//4126 4132//4132 4131//4131
f 4122//4122 4128//4128 4132//4132
f 4127//4127 4133//4133 4134//4134
f 4129//4129 4135//4135 4133//4133
f 4131//4131 4137//4137 4136//4136
f 4132//4132 4138//4138 4137//4137
f 4128//4128 4134//4134 4138//4138
f 4133//4133 4139//4139 4140//4140
f 4135//4135 4141//4141 4139//4139
f 4137//4137 4143//4143 4142//4142
f 4138//4138 4144//4144 4143//4143
f 4134//4134 4140//4140 4144//4144
f 4139//4139 4145//4145 4146//4146
f 4141//4141 4147//4147 4145//4145
f 4143//4143 4149//4149 4148//4148
f 4144//4144 4150//4150 4149//4149
f 4140//4140 4146//4146 4150//4150
f 4145//4145 4151//4151 4152//4152
f 4147//4147 4153//4153 4151//4151
f 4149//4149 4155//4155 4154//4154
f 4150//4150 4156//4156 4155//4155
f 4146//4146 4152//4152 4156//4156
f 4151//4151 4157//4157 4158//4158
f 4153//4153 3276//3276 4157//4157
f 4155//4155 4160//4160 4159//4159
f 4156//4156 4161//4161 4160//4160
f 4152//4152 4158//4158 4161//4161
f 4157//4157 4162//4162 4163//4163
f 3276//3276 4164//4164 4162//4162
f 4160//4160 4166//4166 4165//4165
f 4161//4161 4167//4167 4166//4166
f 4158//4158 4163//4163 4167//4167
f 4162//4162 4168//4168 4169//4169
f 4164//4164 4170//4170 4168//4168
f 4166//4166 4172//4172 4171//4171
f 4167//4167 4173//4173 4172//4172
f 4163//4163 4169//4169 4173//4173
f 4168//4168 4174//4174 4175//4175
f 4170//4170 4176//4176 4174//4174
f 4172//4172 4178//4178 4177//4177
f 4173//4173 4179//4179 4178//4178
f 4169//4169 4175//4175 4179//4179
f 4174//4174 4004//4004 4014//4014
f 4176//4176 3299//3299 4004//4004
f 4178//4178 4010//4010 4008//4008
f 4179//4179 4012//4012 4010//4010
f 4175//4175 4014//4014 4012//4012
f 4180//4180 4181//4181 4182//4182
f 4183//4183 4182//4182 4184//4184
f 4187//4187 3311//3311 4186//4186
f 4187//4187 4186//4186 4188//4188
f 4189//4189 4188//4188 4190//4190
f 4191//4191 4190//4190 4181//4181
f 4181//4181 4192//4192 4193//4193
f 4182//4182 4193//4193 4194//4194
f 4186//4186 4195//4195 4196//4196
f 4188//4188 4196//4196 4197//4197
f 4190//4190 4197//4197 4192//4192
f 4192//4192 4198//4198 4199//4199
f 4193//4193 4199//4199 4200//4200
f 4195//4195 4201//4201 4202//4202
f 4196//4196 4202//4202 4203//4203
f 4197//4197 4203//4203 4198//4198
f 4198//4198 4204//4204 4205//4205
f 4199//4199 4205//4205 4206//4206
f 4201//4201 4207//4207 4208//4208
f 4202//4202 4208//4208 4209//4209
f 4203//4203 4209//4209 4204//4204
f 4204//4204 4210//4210 4211//4211
f 4205//4205 4211//4211 4212//4212
f 4207//4207 4213//4213 4214//4214
f 4208//4208 4214//4214 4215//4215
f 4209//4209 4215//4215 4210//4210
f 4210//4210 4216//4216 4217//4217
f 4211//4211 4217//4217 4218//4218
f 4213//4213 4219//4219 4220//4220
f 4214//4214 4220//4220 4221//4221
f 4215//4215 4221//4221 4216//4216
f 4216//4216 4222//4222 4223//4223
f 4217//4217 4223//4223 4224//4224
f 4219//4219 4225//4225 4226//4226
f 4220//4220 4226//4226 4227//4227
f 4221//4221 4227//4227 4222//4222
f 4222//4222 4228//4228 4229//4229
f 4223//4223 4229//4229 4230//4230
f 4225//4225 4231//4231 4232//4232
f 4226//4226 4232//4232 4233//4233
f 4227//4227 4233//4233 4228//4228
f 4228//4228 4234//4234 4235//4235
f 4229//4229 4235//4235 3352//3352
f 4231//4231 3358//3358 4236//4236
f 4231//4231 4236//4236 4237//4237
f 4232//4232 4237//4237 4238//4238
f 4233//4233 4238//4238 4234//4234
f 4234//4234 4239//4239 4240//4240
f 4235//4235 4240//4240 4241//4241
f 4236//4236 4242//4242 4243//4243
f 4237//4237 4243//4243 4244//4244
f 4238//4238 4244//4244 4239//4239
f 4239//4239 4245//4245 4246//4246
f 4240//4240 4246//4246 4247//4247
f 4242//4242 4248//4248 4249//4249
f 4243//4243 4249//4249 4250//4250
f 4244//4244 4250//4250 4245//4245
f 4245//4245 4251//4251 4252//4252
f 4246//4246 4252//4252 4253//4253
f 4248//4248 4254//4254 4255//4255
f 4249//4249 4255//4255 4256//4256
f 4250//4250 4256//4256 4251//4251
f 4251//4251 4257//4257 4258//4258
f 4252//4252 4258//4258 4259//4259
f 4254//4254 4260//4260 4261//4261
f 4255//4255 4261//4261 4262//4262
f 4256//4256 4262//4262 4257//4257
f 4257//4257 4263//4263 4264//4264
f 4258//4258 4264//4264 4265//4265
f 4260//4260 4266//4266 4267//4267
f 4261//4261 4267//4267 4268//4268
f 4262//4262 4268//4268 4263//4263
f 4263//4263 4269//4269 4270//4270
f 4264//4264 4270//4270 3389//3389
f 4266//4266 4271//4271 4272//4272
f 4267//4267 4272//4272 4273//4273
f 4268//4268 4273//4273 4269//4269
f 4269//4269 4274//4274 4275//4275
f 4270//4270 4275//4275 4276//4276
f 4271//4271 4277//4277 4278//4278
f 4272//4272 4278//4278 4279//4279
f 4273//4273 4279//4279 4274//4274
f 4274//4274 4280//4280 4281//4281
f 4275//4275 4281//4281 4282//4282
f 4277//4277 3406//3406 4283//4283
f 4277//4277 4283//4283 4284//4284
f 4278//4278 4284//4284 4285//4285
f 4279//4279 4285//4285 4280//4280
f 4280//4280 4286//4286 4287//4287
f 4281//4281 4287//4287 4288//4288
f 4283//4283 4289//4289 4290//4290
f 4284//4284 4290//4290 4291//4291
f 4285//4285 4291//4291 4286//4286
f 4286//4286 4292//4292 4293//4293
f 4287//4287 4293//4293 4294//4294
f 4289//4289 4295//4295 4296//4296
f 4290//4290 4296//4296 4297//4297
f 4291//4291 4297//4297 4292//4292
f 4292//4292 4298//4298 4299//4299
f 4293//4293 4299//4299 4300//4300
f 4295//4295 4301//4301 4302//4302
f 4296//4296 4302//4302 4303//4303
f 4297//4297 4303//4303 4298//4298
f 4298//4298 4304//4304 4305//4305
f 4299//4299 4305//4305 4306//4306
f 4301//4301 4307//4307 4308//4308
f 4302//4302 4308//4308 4309//4309
f 4303//4303 4309//4309 4304//4304
f 4304//4304 4310//4310 4311//4311
f 4305//4305 4311//4311 4312//4312
f 4307//4307 3435//3435 4313//4313
f 4307//4307 4313//4313 4314//4314
f 4308//4308 4314//4314 4315//4315
f 4309//4309 4315//4315 4310//4310
f 4310//4310 4316//4316 4317//4317
f 4311//4311 4317//4317 4318//4318
f 4313//4313 4319//4319 4320//4320
f 4314//4314 4320//4320 4321//4321
f 4315//4315 4321//4321 4316//4316
f 4316//4316 4322//4322 4323//4323
f 4317//4317 4323//4323 4324//4324
f 4319//4319 4325//4325 4326//4326
f 4320//4320 4326//4326 4327//4327
f 4321//4321 4327//4327 4322//4322
f 4322//4322 4328//4328 4329//4329
f 4323//4323 4329//4329 4330//4330
f 4325//4325 4331//4331 4332//4332
f 4326//4326 4332//4332 4333//4333
f 4327//4327 4333//4333 4328//4328
f 4328//4328 4334//4334 4335//4335
f 4329//4329 4335//4335 3453//3453
f 4331//4331 4336//4336 4337//4337
f 4332//4332 4337//4337 4338//4338
f 4333//4333 4338//4338 4334//4334
f 4334//4334 4339//4339 4340//4340
f 4335//4335 4340//4340 4341//4341
f 4336//4336 2597//2597 4342//4342
f 4336//4336 4342//4342 4343//4343
f 4337//4337 4343//4343 4344//4344
f 4338//4338 4344//4344 4339//4339
f 4339//4339 4345//4345 4346//4346
f 4340//4340 4346//4346 4347//4347
f 4342//4342 4348//4348 4349//4349
f 4343//4343 4349//4349 4350//4350
f 4344//4344 4350//4350 4345//4345
f 4345//4345 4351//4351 4352//4352
f 4346//4346 4352//4352 4353//4353
f 4348//4348 4354//4354 4355//4355
f 4349//4349 4355//4355 4356//4356
f 4350//4350 4356//4356 4351//4351
f 4351//4351 4180//4180 4183//4183
f 4352//4352 4183//4183 4185//4185
f 4354//4354 4187//4187 4189//4189
f 4355//4355 4189//4189 4191//4191
f 4356//4356 4191//4191 4180//4180
f 3478//3478 3475//3475 3477//3477
f 3480//3480 3478//3478 3479//3479
f 3484//3484 3482//3482 3483//3483
f 3486//3486 3484//3484 3485//3485
f 3475//3475 3486//3486 3476//3476
f 3477//3477 3476//3476 3488//3488
f 3479//3479 3477//3477 2615//2615
f 3483//3483 3481//3481 3490//3490
f 3485//3485 3483//3483 3491//3491
f 3476//3476 3485//3485 3487//3487
f 3488//3488 3487//3487 3493//3493
f 2615//2615 3488//3488 3494//3494
f 3490//3490 3489//3489 3496//3496
f 3491//3491 3490//3490 3497//3497
f 3487//3487 3491//3491 3492//3492
f 3493//3493 3492//3492 3499//3499
f 3494//3494 3493//3493 3500//3500
f 3496//3496 3495//3495 3502//3502
f 3497//3497 3496//3496 3503//3503
f 3492//3492 3497//3497 3498//3498
f 3499//3499 3498//3498 3505//3505
f 3500//3500 3499//3499 3506//3506
f 3502//3502 3501//3501 3508//3508
f 3503//3503 3502//3502 3509//3509
f 3498//3498 3503//3503 3504//3504
f 3505//3505 3504//3504 3511//3511
f 3506//3506 3505//3505 3512//3512
f 3508//3508 3507//3507 3514//3514
f 3509//3509 3508//3508 3515//3515
f 3504//3504 3509//3509 3510//3510
f 3511//3511 3510//3510 3517//3517
f 3512//3512 3511//3511 3518//3518
f 3514//3514 3513//3513 3520//3520
f 3515//3515 3514//3514 3521//3521
f 3510//3510 3515//3515 3516//3516
f 3517//3517 3516//3516 3523//3523
f 3518//3518 3517//3517 3524//3524
f 3520//3520 3519//3519 3526//3526
f 3521//3521 3520//3520 3527//3527
f 3516//3516 3521//3521 3522//3522
f 3523//3523 3522//3522 3529//3529
f 3524//3524 3523//3523 3530//3530
f 3526//3526 3525//3525 3532//3532
f 3527//3527 3526//3526 3533//3533
f 3522//3522 3527//3527 3528//3528
f 3529//3529 3528//3528 3535//3535
f 3530//3530 3529//3529 3536//3536
f 2657//2657 3530//3530 2664//2664
f 3531//3531 2663//2663 3537//3537
f 3532//3532 3531//3531 3538//3538
f 3533//3533 3532//3532 3539//3539
f 3528//3528 3533//3533 3534//3534
f 3535//3535 3534//3534 3541//3541
f 3536//3536 3535//3535 3542//3542
f 2664//2664 3536//3536 3542//3542
f 3538//3538 3537//3537 3544//3544
f 3539//3539 3538//3538 3545//3545
f 3534//3534 3539//3539 3540//3540
f 3541//3541 3540//3540 3547//3547
f 3542//3542 3541//3541 3548//3548
f 3544//3544 3543//3543 3550//3550
f 3545//3545 3544//3544 3551//3551
f 3540//3540 3545//3545 3546//3546
f 3547//3547 3546//3546 3553//3553
f 3548//3548 3547//3547 3554//3554
f 3550//3550 3549//3549 3556//3556
f 3551//3551 3550//3550 3557//3557
f 3546//3546 3551//3551 3552//3552
f 3553//3553 3552//3552 3559//3559
f 3554//3554 3553//3553 3560//3560
f 3556//3556 3555//3555 3562//3562
f 3557//3557 3556//3556 3563//3563
f 3552//3552 3557//3557 3558//3558
f 3559//3559 3558//3558 3565//3565
f 3560//3560 3559//3559 3566//3566
f 3561//3561 2693//2693 3567//3567
f 3562//3562 3561//3561 3568//3568
f 3563//3563 3562//3562 3569//3569
f 3558//3558 3563//3563 3564//3564
f 3565//3565 3564//3564 3571//3571
f 3566//3566 3565//3565 2700//2700
f 3568//3568 3567//3567 3573//3573
f 3569//3569 3568//3568 3574//3574
f 3564//3564 3569//3569 3570//3570
f 3571//3571 3570//3570 3576//3576
f 2700//2700 3571//3571 3577//3577
f 3573//3573 3572//3572 3579//3579
f 3574//3574 3573//3573 3580//3580
f 3570//3570 3574//3574 3575//3575
f 3576//3576 3575//3575 3582//3582
f 3577//3577 3576//3576 3583//3583
f 3579//3579 3578//3578 3585//3585
f 3580//3580 3579//3579 3586//3586
f 3575//3575 3580//3580 3581//3581
f 3582//3582 3581//3581 3588//3588
f 3583//3583 3582//3582 3589//3589
f 3585//3585 3584//3584 3591//3591
f 3586//3586 3585//3585 3592//3592
f 3581//3581 3586//3586 3587//3587
f 3588//3588 3587//3587 3594//3594
f 3589//3589 3588//3588 3595//3595
f 3590//3590 2723//2723 3596//3596
f 3591//3591 3590//3590 3597//3597
f 3592//3592 3591//3591 3598//3598
f 3587//3587 3592//3592 3593//3593
f 3594//3594 3593//3593 3600//3600
f 3595//3595 3594//3594 3601//3601
f 2724//2724 3595//3595 2731//2731
f 3597//3597 3596//3596 3603//3603
f 3598//3598 3597//3597 3604//3604
f 3593//3593 3598//3598 3599//3599
f 3600//3600 3599//3599 3606//3606
f 3601//3601 3600//3600 3607//3607
f 2731//2731 3601//3601 3607//3607
f 3603//3603 3602//3602 3609//3609
f 3604//3604 3603//3603 3610//3610
f 3599//3599 3604//3604 3605//3605
f 3606//3606 3605//3605 3612//3612
f 3607//3607 3606//3606 3613//3613
f 3609//3609 3608//3608 3615//3615
f 3610//3610 3609//3609 3616//3616
f 3605//3605 3610//3610 3611//3611
f 3612//3612 3611//3611 3618//3618
f 3613//3613 3612//3612 3619//3619
f 3615//3615 3614//3614 3621//3621
f 3616//3616 3615//3615 3622//3622
f 3611//3611 3616//3616 3617//3617
f 3618//3618 3617//3617 3624//3624
f 3619//3619 3618//3618 2755//2755
f 3621//3621 3620//3620 3626//3626
f 3622//3622 3621//3621 3627//3627
f 3617//3617 3622//3622 3623//3623
f 3624//3624 3623//3623 3629//3629
f 2755//2755 3624//3624 3630//3630
f 3626//3626 3625//3625 3632//3632
f 3627//3627 3626//3626 3633//3633
f 3623//3623 3627//3627 3628//3628
f 3629//3629 3628//3628 3635//3635
f 3630//3630 3629//3629 3636//3636
f 3632//3632 3631//3631 3638//3638
f 3633//3633 3632//3632 3639//3639
f 3628//3628 3633//3633 3634//3634
f 3635//3635 3634//3634 3641//3641
f 3636//3636 3635//3635 3642//3642
f 3638//3638 3637//3637 3644//3644
f 3639//3639 3638//3638 3645//3645
f 3634//3634 3639//3639 3640//3640
f 3641//3641 3640//3640 3647//3647
f 3642//3642 3641//3641 3648//3648
f 3644//3644 3643//3643 3650//3650
f 3645//3645 3644//3644 3651//3651
f 3640//3640 3645//3645 3646//3646
f 3647//3647 3646//3646 3478//3478
f 3648//3648 3647//3647 3480//3480
f 3650//3650 3649//3649 3484//3484
f 3651//3651 3650//3650 3486//3486
f 3646//3646 3651//3651 3475//3475
f 3663//3663 3652//3652 3654//3654
f 3652//3652 3655//3655 3653//3653
f 3657//3657 3659//3659 3658//3658
f 3659//3659 3661//3661 3660//3660
f 3661//3661 3663//3663 3662//3662
f 3654//3654 3653//3653 3665//3665
f 3653//3653 3656//3656 3664//3664
f 3658//3658 3660//3660 3666//3666
f 3660//3660 3662//3662 3667//3667
f 3662//3662 3654//3654 3668//3668
f 3665//3665 3664//3664 3670//3670
f 3664//3664 2796//2796 3669//3669
f 2802//2802 3666//3666 3672//3672
f 3666//3666 3667//3667 3672//3672
f 3667//3667 3668//3668 3673//3673
f 3668//3668 3665//3665 3674//3674
f 3670//3670 3669//3669 3676//3676
f 3669//3669 3671//3671 3675//3675
f 3672//3672 3673//3673 3678//3678
f 3673//3673 3674//3674 3679//3679
f 3674//3674 3670//3670 3680//3680
f 3676//3676 3675//3675 3682//3682
f 3675//3675 3677//3677 3681//3681
f 3678//3678 3679//3679 3684//3684
f 3679//3679 3680//3680 3685//3685
f 3680//3680 3676//3676 3686//3686
f 3682//3682 3681//3681 3688//3688
f 3681//3681 3683//3683 3687//3687
f 3684//3684 3685//3685 3690//3690
f 3685//3685 3686//3686 3691//3691
f 3686//3686 3682//3682 3692//3692
f 3688//3688 3687//3687 3694//3694
f 3687//3687 3689//3689 3693//3693
f 2315//2315 3690//3690 3696//3696
f 3690//3690 3691//3691 3696//3696
f 3691//3691 3692//3692 3697//3697
f 3692//3692 3688//3688 3698//3698
f 3694//3694 3693//3693 3700//3700
f 3693//3693 3695//3695 3699//3699
f 3696//3696 3697//3697 3702//3702
f 3697//3697 3698//3698 3703//3703
f 3698//3698 3694//3694 3704//3704
f 3700//3700 3699//3699 3706//3706
f 3699//3699 3701//3701 3705//3705
f 3702//3702 3703//3703 3708//3708
f 3703//3703 3704//3704 3709//3709
f 3704//3704 3700//3700 3710//3710
f 3706//3706 3705//3705 3712//3712
f 3705//3705 3707//3707 3711//3711
f 3708//3708 3709//3709 3714//3714
f 3709//3709 3710//3710 3715//3715
f 3710//3710 3706//3706 3716//3716
f 3712//3712 3711//3711 3718//3718
f 3711//3711 3713//3713 3717//3717
f 3714//3714 3715//3715 3719//3719
f 3715//3715 3716//3716 3720//3720
f 3716//3716 3712//3712 3721//3721
f 3718//3718 3717//3717 3723//3723
f 3717//3717 2847//2847 3722//3722
f 2853//2853 3719//3719 3725//3725
f 3719//3719 3720//3720 3725//3725
f 3720//3720 3721//3721 3726//3726
f 3721//3721 3718//3718 3727//3727
f 3723//3723 3722//3722 3729//3729
f 3722//3722 3724//3724 3728//3728
f 3725//3725 3726//3726 3731//3731
f 3726//3726 3727//3727 3732//3732
f 3727//3727 3723//3723 3733//3733
f 3729//3729 3728//3728 3735//3735
f 3728//3728 3730//3730 3734//3734
f 3731//3731 3732//3732 3737//3737
f 3732//3732 3733//3733 3738//3738
f 3733//3733 3729//3729 3739//3739
f 3735//3735 3734//3734 3741//3741
f 3734//3734 3736//3736 3740//3740
f 3737//3737 3738//3738 3742//3742
f 3738//3738 3739//3739 3743//3743
f 3739//3739 3735//3735 3744//3744
f 3741//3741 3740//3740 3746//3746
f 3740//3740 2870//2870 3745//3745
f 3742//3742 3743//3743 3748//3748
f 3743//3743 3744//3744 3749//3749
f 3744//3744 3741//3741 3750//3750
f 3746//3746 3745//3745 3752//3752
f 3745//3745 3747//3747 3751//3751
f 3748//3748 3749//3749 3754//3754
f 3749//3749 3750//3750 3755//3755
f 3750//3750 3746//3746 3756//3756
f 3752//3752 3751//3751 3758//3758
f 3751//3751 3753//3753 3757//3757
f 3754//3754 3755//3755 3760//3760
f 3755//3755 3756//3756 3761//3761
f 3756//3756 3752//3752 3762//3762
f 3758//3758 3757//3757 3764//3764
f 3757//3757 3759//3759 3763//3763
f 2344//2344 3760//3760 3766//3766
f 3760//3760 3761//3761 3766//3766
f 3761//3761 3762//3762 3767//3767
f 3762//3762 3758//3758 3768//3768
f 3764//3764 3763//3763 3770//3770
f 3763//3763 3765//3765 3769//3769
f 3766//3766 3767//3767 3772//3772
f 3767//3767 3768//3768 3773//3773
f 3768//3768 3764//3764 3774//3774
f 3770//3770 3769//3769 3776//3776
f 3769//3769 3771//3771 3775//3775
f 3772//3772 3773//3773 3778//3778
f 3773//3773 3774//3774 3779//3779
f 3774//3774 3770//3770 3780//3780
f 3776//3776 3775//3775 3782//3782
f 3775//3775 3777//3777 3781//3781
f 3778//3778 3779//3779 3784//3784
f 3779//3779 3780//3780 3785//3785
f 3780//3780 3776//3776 3786//3786
f 3782//3782 3781//3781 3788//3788
f 3781//3781 3783//3783 3787//3787
f 3784//3784 3785//3785 3790//3790
f 3785//3785 3786//3786 3791//3791
f 3786//3786 3782//3782 3792//3792
f 3788//3788 3787//3787 3794//3794
f 3787//3787 3789//3789 3793//3793
f 3790//3790 3791//3791 3795//3795
f 3791//3791 3792//3792 3796//3796
f 3792//3792 3788//3788 3797//3797
f 3794//3794 3793//3793 3799//3799
f 3793//3793 2921//2921 3798//3798
f 3795//3795 3796//3796 3801//3801
f 3796//3796 3797//3797 3802//3802
f 3797//3797 3794//3794 3803//3803
f 3799//3799 3798//3798 3805//3805
f 3798//3798 3800//3800 3804//3804
f 3801//3801 3802//3802 3807//3807
f 3802//3802 3803//3803 3808//3808
f 3803//3803 3799//3799 3809//3809
f 3805//3805 3804//3804 3811//3811
f 3804//3804 3806//3806 3810//3810
f 3807//3807 3808//3808 3813//3813
f 3808//3808 3809//3809 3814//3814
f 3809//3809 3805//3805 3815//3815
f 3811//3811 3810//3810 3817//3817
f 3810//3810 3812//3812 3816//3816
f 3813//3813 3814//3814 3818//3818
f 3814//3814 3815//3815 3819//3819
f 3815//3815 3811//3811 3820//3820
f 3817//3817 3816//3816 3822//3822
f 3816//3816 2946//2946 3821//3821
f 3818//3818 3819//3819 3824//3824
f 3819//3819 3820//3820 3825//3825
f 3820//3820 3817//3817 3826//3826
f 3822//3822 3821//3821 3663//3663
f 3821//3821 3823//3823 3652//3652
f 3824//3824 3825//3825 3657//3657
f 3825//3825 3826//3826 3659//3659
f 3826//3826 3822//3822 3661//3661
f 3830//3830 3827//3827 3829//3829
f 3832//3832 3830//3830 3831//3831
f 2959//2959 3832//3832 2960//2960
f 3836//3836 3834//3834 3835//3835
f 3838//3838 3836//3836 3837//3837
f 3827//3827 3838//3838 3828//3828
f 3829//3829 3828//3828 3840//3840
f 3831//3831 3829//3829 3841//3841
f 2960//2960 3831//3831 3841//3841
f 3835//3835 3833//3833 3843//3843
f 3837//3837 3835//3835 3844//3844
f 3828//3828 3837//3837 3839//3839
f 3840//3840 3839//3839 3846//3846
f 3841//3841 3840//3840 3847//3847
f 3843//3843 3842//3842 3849//3849
f 3844//3844 3843//3843 3850//3850
f 3839//3839 3844//3844 3845//3845
f 3846//3846 3845//3845 3852//3852
f 3847//3847 3846//3846 3853//3853
f 3849//3849 3848//3848 3855//3855
f 3850//3850 3849//3849 3856//3856
f 3845//3845 3850//3850 3851//3851
f 3852//3852 3851//3851 3858//3858
f 3853//3853 3852//3852 2986//2986
f 3855//3855 3854//3854 3860//3860
f 3856//3856 3855//3855 3861//3861
f 3851//3851 3856//3856 3857//3857
f 3858//3858 3857//3857 3863//3863
f 2986//2986 3858//3858 3864//3864
f 3860//3860 3859//3859 3866//3866
f 3861//3861 3860//3860 3867//3867
f 3857//3857 3861//3861 3862//3862
f 3863//3863 3862//3862 3869//3869
f 3864//3864 3863//3863 3870//3870
f 3866//3866 3865//3865 3872//3872
f 3867//3867 3866//3866 3873//3873
f 3862//3862 3867//3867 3868//3868
f 3869//3869 3868//3868 3875//3875
f 3870//3870 3869//3869 3876//3876
f 3872//3872 3871//3871 3878//3878
f 3873//3873 3872//3872 3879//3879
f 3868//3868 3873//3873 3874//3874
f 3875//3875 3874//3874 3881//3881
f 3876//3876 3875//3875 3882//3882
f 3878//3878 3877//3877 3884//3884
f 3879//3879 3878//3878 3885//3885
f 3874//3874 3879//3879 3880//3880
f 3881//3881 3880//3880 3887//3887
f 3882//3882 3881//3881 3888//3888
f 3884//3884 3883//3883 3890//3890
f 3885//3885 3884//3884 3891//3891
f 3880//3880 3885//3885 3886//3886
f 3887//3887 3886//3886 3893//3893
f 3888//3888 3887//3887 3894//3894
f 3890//3890 3889//3889 3896//3896
f 3891//3891 3890//3890 3897//3897
f 3886//3886 3891//3891 3892//3892
f 3893//3893 3892//3892 3899//3899
f 3894//3894 3893//3893 3900//3900
f 3895//3895 3023//3023 3901//3901
f 3896//3896 3895//3895 3902//3902
f 3897//3897 3896//3896 3903//3903
f 3892//3892 3897//3897 3898//3898
f 3899//3899 3898//3898 3905//3905
f 3900//3900 3899//3899 3906//3906
f 3902//3902 3901//3901 3908//3908
f 3903//3903 3902//3902 3909//3909
f 3898//3898 3903//3903 3904//3904
f 3905//3905 3904//3904 3911//3911
f 3906//3906 3905//3905 3912//3912
f 3908//3908 3907//3907 3914//3914
f 3909//3909 3908//3908 3915//3915
f 3904//3904 3909//3909 3910//3910
f 3911//3911 3910//3910 3917//3917
f 3912//3912 3911//3911 3918//3918
f 3914//3914 3913//3913 3920//3920
f 3915//3915 3914//3914 3921//3921
f 3910//3910 3915//3915 3916//3916
f 3917//3917 3916//3916 3923//3923
f 3918//3918 3917//3917 3047//3047
f 3920//3920 3919//3919 3925//3925
f 3921//3921 3920//3920 3926//3926
f 3916//3916 3921//3921 3922//3922
f 3923//3923 3922//3922 3928//3928
f 3047//3047 3923//3923 3929//3929
f 3925//3925 3924//3924 3931//3931
f 3926//3926 3925//3925 3932//3932
f 3922//3922 3926//3926 3927//3927
f 3928//3928 3927//3927 3934//3934
f 3929//3929 3928//3928 3935//3935
f 3054//3054 3929//3929 3060//3060
f 3931//3931 3930//3930 3937//3937
f 3932//3932 3931//3931 3938//3938
f 3927//3927 3932//3932 3933//3933
f 3934//3934 3933//3933 3940//3940
f 3935//3935 3934//3934 3941//3941
f 3060//3060 3935//3935 3941//3941
f 3937//3937 3936//3936 3943//3943
f 3938//3938 3937//3937 3944//3944
f 3933//3933 3938//3938 3939//3939
f 3940//3940 3939//3939 3946//3946
f 3941//3941 3940//3940 3947//3947
f 3942//3942 3066//3066 3948//3948
f 3943//3943 3942//3942 3949//3949
f 3944//3944 3943//3943 3950//3950
f 3939//3939 3944//3944 3945//3945
f 3946//3946 3945//3945 3952//3952
f 3947//3947 3946//3946 3953//3953
f 3949//3949 3948//3948 3955//3955
f 3950//3950 3949//3949 3956//3956
f 3945//3945 3950//3950 3951//3951
f 3952//3952 3951//3951 3958//3958
f 3953//3953 3952//3952 3959//3959
f 3955//3955 3954//3954 3961//3961
f 3956//3956 3955//3955 3962//3962
f 3951//3951 3956//3956 3957//3957
f 3958//3958 3957//3957 3964//3964
f 3959//3959 3958//3958 3965//3965
f 3961//3961 3960//3960 3967//3967
f 3962//3962 3961//3961 3968//3968
f 3957//3957 3962//3962 3963//3963
f 3964//3964 3963//3963 3970//3970
f 3965//3965 3964//3964 3971//3971
f 3967//3967 3966//3966 3973//3973
f 3968//3968 3967//3967 3974//3974
f 3963//3963 3968//3968 3969//3969
f 3970//3970 3969//3969 3976//3976
f 3971//3971 3970//3970 3977//3977
f 3973//3973 3972//3972 3979//3979
f 3974//3974 3973//3973 3980//3980
f 3969//3969 3974//3974 3975//3975
f 3976//3976 3975//3975 3982//3982
f 3977//3977 3976//3976 3102//3102
f 3979//3979 3978//3978 3984//3984
f 3980//3980 3979//3979 3985//3985
f 3975//3975 3980//3980 3981//3981
f 3982//3982 3981//3981 3987//3987
f 3102//3102 3982//3982 3988//3988
f 3984//3984 3983//3983 3990//3990
f 3985//3985 3984//3984 3991//3991
f 3981//3981 3985//3985 3986//3986
f 3987//3987 3986//3986 3993//3993
f 3988//3988 3987//3987 3994//3994
f 3108//3108 3988//3988 3114//3114
f 3990//3990 3989//3989 3996//3996
f 3991//3991 3990//3990 3997//3997
f 3986//3986 3991//3991 3992//3992
f 3993//3993 3992//3992 3999//3999
f 3994//3994 3993//3993 4000//4000
f 3114//3114 3994//3994 4000//4000
f 3996//3996 3995//3995 4002//4002
f 3997//3997 3996//3996 4003//4003
f 3992//3992 3997//3997 3998//3998
f 3999//3999 3998//3998 3830//3830
f 4000//4000 3999//3999 3832//3832
f 4002//4002 4001//4001 3836//3836
f 4003//4003 4002//4002 3838//3838
f 3998//3998 4003//4003 3827//3827
f 4014//4014 4004//4004 4006//4006
f 4004//4004 3299//3299 4005//4005
f 4008//4008 4010//4010 4009//4009
f 4010//4010 4012//4012 4011//4011
f 4012//4012 4014//4014 4013//4013
f 4006//4006 4005//4005 4016//4016
f 4005//4005 4007//4007 4015//4015
f 4009//4009 4011//4011 4018//4018
f 4011//4011 4013//4013 4019//4019
f 4013//4013 4006//4006 4020//4020
f 4016//4016 4015//4015 4022//4022
f 4015//4015 4017//4017 4021//4021
f 4018//4018 4019//4019 4024//4024
f 4019//4019 4020//4020 4025//4025
f 4020//4020 4016//4016 4026//4026
f 4022//4022 4021//4021 4028//4028
f 4021//4021 4023//4023 4027//4027
f 4024//4024 4025//4025 4029//4029
f 4025//4025 4026//4026 4030//4030
f 4026//4026 4022//4022 4031//4031
f 4028//4028 4027//4027 4033//4033
f 4027//4027 3148//3148 4032//4032
f 3154//3154 4029//4029 4035//4035
f 4029//4029 4030//4030 4035//4035
f 4030//4030 4031//4031 4036//4036
f 4031//4031 4028//4028 4037//4037
f 4033//4033 4032//4032 4039//4039
f 4032//4032 4034//4034 4038//4038
f 4035//4035 4036//4036 4041//4041
f 4036//4036 4037//4037 4042//4042
f 4037//4037 4033//4033 4043//4043
f 4039//4039 4038//4038 4045//4045
f 4038//4038 4040//4040 4044//4044
f 4041//4041 4042//4042 4047//4047
f 4042//4042 4043//4043 4048//4048
f 4043//4043 4039//4039 4049//4049
f 4045//4045 4044//4044 4051//4051
f 4044//4044 4046//4046 4050//4050
f 4047//4047 4048//4048 4053//4053
f 4048//4048 4049//4049 4054//4054
f 4049//4049 4045//4045 4055//4055
f 4051//4051 4050//4050 4057//4057
f 4050//4050 4052//4052 4056//4056
f 3181//3181 4053//4053 4059//4059
f 4053//4053 4054//4054 4059//4059
f 4054//4054 4055//4055 4060//4060
f 4055//4055 4051//4051 4061//4061
f 4057//4057 4056//4056 4063//4063
f 4056//4056 4058//4058 4062//4062
f 4059//4059 4060//4060 4065//4065
f 4060//4060 4061//4061 4066//4066
f 4061//4061 4057//4057 4067//4067
f 4063//4063 4062//4062 4069//4069
f 4062//4062 4064//4064 4068//4068
f 4064//4064 3182//3182 4070//4070
f 4065//4065 4066//4066 4071//4071
f 4066//4066 4067//4067 4072//4072
f 4067//4067 4063//4063 4073//4073
f 4069//4069 4068//4068 4075//4075
f 4068//4068 4070//4070 4074//4074
f 4070//4070 3188//3188 4076//4076
f 4071//4071 4072//4072 4077//4077
f 4072//4072 4073//4073 4078//4078
f 4073//4073 4069//4069 4079//4079
f 4075//4075 4074//4074 4081//4081
f 4074//4074 4076//4076 4080//4080
f 4077//4077 4078//4078 4082//4082
f 4078//4078 4079//4079 4083//4083
f 4079//4079 4075//4075 4084//4084
f 4081//4081 4080//4080 4086//4086
f 4080//4080 3201//3201 4085//4085
f 4082//4082 4083//4083 4088//4088
f 4083//4083 4084//4084 4089//4089
f 4084//4084 4081//4081 4090//4090
f 4086//4086 4085//4085 4092//4092
f 4085//4085 4087//4087 4091//4091
f 4088//4088 4089//4089 4094//4094
f 4089//4089 4090//4090 4095//4095
f 4090//4090 4086//4086 4096//4096
f 4092//4092 4091//4091 4098//4098
f 4091//4091 4093//4093 4097//4097
f 4094//4094 4095//4095 4100//4100
f 4095//4095 4096//4096 4101//4101
f 4096//4096 4092//4092 4102//4102
f 4098//4098 4097//4097 4104//4104
f 4097//4097 4099//4099 4103//4103
f 3225//3225 4100//4100 4106//4106
f 4100//4100 4101//4101 4106//4106
f 4101//4101 4102//4102 4107//4107
f 4102//4102 4098//4098 4108//4108
f 4104//4104 4103//4103 4110//4110
f 4103//4103 4105//4105 4109//4109
f 4106//4106 4107//4107 4112//4112
f 4107//4107 4108//4108 4113//4113
f 4108//4108 4104//4104 4114//4114
f 4110//4110 4109//4109 4116//4116
f 4109//4109 4111//4111 4115//4115
f 4112//4112 4113//4113 4118//4118
f 4113//4113 4114//4114 4119//4119
f 4114//4114 4110//4110 4120//4120
f 4116//4116 4115//4115 4122//4122
f 4115//4115 4117//4117 4121//4121
f 4118//4118 4119//4119 4124//4124
f 4119//4119 4120//4120 4125//4125
f 4120//4120 4116//4116 4126//4126
f 4122//4122 4121//4121 4128//4128
f 4121//4121 4123//4123 4127//4127
f 2505//2505 4124//4124 4130//4130
f 4124//4124 4125//4125 4130//4130
f 4125//4125 4126//4126 4131//4131
f 4126//4126 4122//4122 4132//4132
f 4128//4128 4127//4127 4134//4134
f 4127//4127 4129//4129 4133//4133
f 4130//4130 4131//4131 4136//4136
f 4131//4131 4132//4132 4137//4137
f 4132//4132 4128//4128 4138//4138
f 4134//4134 4133//4133 4140//4140
f 4133//4133 4135//4135 4139//4139
f 4136//4136 4137//4137 4142//4142
f 4137//4137 4138//4138 4143//4143
f 4138//4138 4134//4134 4144//4144
f 4140//4140 4139//4139 4146//4146
f 4139//4139 4141//4141 4145//4145
f 4142//4142 4143//4143 4148//4148
f 4143//4143 4144//4144 4149//4149
f 4144//4144 4140//4140 4150//4150
f 4146//4146 4145//4145 4152//4152
f 4145//4145 4147//4147 4151//4151
f 4148//4148 4149//4149 4154//4154
f 4149//4149 4150//4150 4155//4155
f 4150//4150 4146//4146 4156//4156
f 4152//4152 4151//4151 4158//4158
f 4151//4151 4153//4153 4157//4157
f 4154//4154 4155//4155 4159//4159
f 4155//4155 4156//4156 4160//4160
f 4156//4156 4152//4152 4161//4161
f 4158//4158 4157//4157 4163//4163
f 4157//4157 3276//3276 4162//4162
f 4159//4159 4160//4160 4165//4165
f 4160//4160 4161//4161 4166//4166
f 4161//4161 4158//4158 4167//4167
f 4163//4163 4162//4162 4169//4169
f 4162//4162 4164//4164 4168//4168
f 4165//4165 4166//4166 4171//4171
f 4166//4166 4167//4167 4172//4172
f 4167//4167 4163//4163 4173//4173
f 4169//4169 4168//4168 4175//4175
f 4168//4168 4170//4170 4174//4174
f 4171//4171 4172//4172 4177//4177
f 4172//4172 4173//4173 4178//4178
f 4173//4173 4169//4169 4179//4179
f 4175//4175 4174//4174 4014//4014
f 4174//4174 4176//4176 4004//4004
f 4177//4177 4178//4178 4008//4008
f 4178//4178 4179//4179 4010//4010
f 4179//4179 4175//4175 4012//4012
f 4183//4183 4180//4180 4182//4182
f 4185//4185 4183//4183 4184//4184
f 4189//4189 4187//4187 4188//4188
f 4191//4191 4189//4189 4190//4190
f 4180//4180 4191//4191 4181//4181
f 4182//4182 4181//4181 4193//4193
f 4184//4184 4182//4182 4194//4194
f 4186//4186 3311//3311 4195//4195
f 4188//4188 4186//4186 4196//4196
f 4190//4190 4188//4188 4197//4197
f 4181//4181 4190//4190 4192//4192
f 4193//4193 4192//4192 4199//4199
f 4194//4194 4193//4193 4200//4200
f 4196//4196 4195//4195 4202//4202
f 4197//4197 4196//4196 4203//4203
f 4192//4192 4197//4197 4198//4198
f 4199//4199 4198//4198 4205//4205
f 4200//4200 4199//4199 4206//4206
f 4202//4202 4201//4201 4208//4208
f 4203//4203 4202//4202 4209//4209
f 4198//4198 4203//4203 4204//4204
f 4205//4205 4204//4204 4211//4211
f 4206//4206 4205//4205 4212//4212
f 4208//4208 4207//4207 4214//4214
f 4209//4209 4208//4208 4215//4215
f 4204//4204 4209//4209 4210//4210
f 4211//4211 4210//4210 4217//4217
f 4212//4212 4211//4211 4218//4218
f 4214//4214 4213//4213 4220//4220
f 4215//4215 4214//4214 4221//4221
f 4210//4210 4215//4215 4216//4216
f 4217//4217 4216//4216 4223//4223
f 4218//4218 4217//4217 4224//4224
f 4220//4220 4219//4219 4226//4226
f 4221//4221 4220//4220 4227//4227
f 4216//4216 4221//4221 4222//4222
f 4223//4223 4222//4222 4229//4229
f 4224//4224 4223//4223 4230//4230
f 4226//4226 4225//4225 4232//4232
f 4227//4227 4226//4226 4233//4233
f 4222//4222 4227//4227 4228//4228
f 4229//4229 4228//4228 4235//4235
f 4230//4230 4229//4229 3352//3352
f 4232//4232 4231//4231 4237//4237
f 4233//4233 4232//4232 4238//4238
f 4228//4228 4233//4233 4234//4234
f 4235//4235 4234//4234 4240//4240
f 3352//3352 4235//4235 4241//4241
f 4236//4236 3358//3358 4242//4242
f 4237//4237 4236//4236 4243//4243
f 4238//4238 4237//4237 4244//4244
f 4234//4234 4238//4238 4239//4239
f 4240//4240 4239//4239 4246//4246
f 4241//4241 4240//4240 4247//4247
f 4243//4243 4242//4242 4249//4249
f 4244//4244 4243//4243 4250//4250
f 4239//4239 4244//4244 4245//4245
f 4246//4246 4245//4245 4252//4252
f 4247//4247 4246//4246 4253//4253
f 4249//4249 4248//4248 4255//4255
f 4250//4250 4249//4249 4256//4256
f 4245//4245 4250//4250 4251//4251
f 4252//4252 4251//4251 4258//4258
f 4253//4253 4252//4252 4259//4259
f 4255//4255 4254//4254 4261//4261
f 4256//4256 4255//4255 4262//4262
f 4251//4251 4256//4256 4257//4257
f 4258//4258 4257//4257 4264//4264
f 4259//4259 4258//4258 4265//4265
f 4261//4261 4260//4260 4267//4267
f 4262//4262 4261//4261 4268//4268
f 4257//4257 4262//4262 4263//4263
f 4264//4264 4263//4263 4270//4270
f 4265//4265 4264//4264 3389//3389
f 4267//4267 4266//4266 4272//4272
f 4268//4268 4267//4267 4273//4273
f 4263//4263 4268//4268 4269//4269
f 4270//4270 4269//4269 4275//4275
f 3389//3389 4270//4270 4276//4276
f 4272//4272 4271//4271 4278//4278
f 4273//4273 4272//4272 4279//4279
f 4269//4269 4273//4273 4274//4274
f 4275//4275 4274//4274 4281//4281
f 4276//4276 4275//4275 4282//4282
f 4278//4278 4277//4277 4284//4284
f 4279//4279 4278//4278 4285//4285
f 4274//4274 4279//4279 4280//4280
f 4281//4281 4280//4280 4287//4287
f 4282//4282 4281//4281 4288//4288
f 4283//4283 3406//3406 4289//4289
f 4284//4284 4283//4283 4290//4290
f 4285//4285 4284//4284 4291//4291
f 4280//4280 4285//4285 4286//4286
f 4287//4287 4286//4286 4293//4293
f 4288//4288 4287//4287 4294//4294
f 4290//4290 4289//4289 4296//4296
f 4291//4291 4290//4290 4297//4297
f 4286//4286 4291//4291 4292//4292
f 4293//4293 4292//4292 4299//4299
f 4294//4294 4293//4293 4300//4300
f 4296//4296 4295//4295 4302//4302
f 4297//4297 4296//4296 4303//4303
f 4292//4292 4297//4297 4298//4298
f 4299//4299 4298//4298 4305//4305
f 4300//4300 4299//4299 4306//4306
f 4302//4302 4301//4301 4308//4308
f 4303//4303 4302//4302 4309//4309
f 4298//4298 4303//4303 4304//4304
f 4305//4305 4304//4304 4311//4311
f 4306//4306 4305//4305 4312//4312
f 4308//4308 4307//4307 4314//4314
f 4309//4309 4308//4308 4315//4315
f 4304//4304 4309//4309 4310//4310
f 4311//4311 4310//4310 4317//4317
f 4312//4312 4311//4311 4318//4318
f 4313//4313 3435//3435 4319//4319
f 4314//4314 4313//4313 4320//4320
f 4315//4315 4314//4314 4321//4321
f 4310//4310 4315//4315 4316//4316
f 4317//4317 4316//4316 4323//4323
f 4318//4318 4317//4317 4324//4324
f 4320//4320 4319//4319 4326//4326
f 4321//4321 4320//4320 4327//4327
f 4316//4316 4321//4321 4322//4322
f 4323//4323 4322//4322 4329//4329
f 4324//4324 4323//4323 4330//4330
f 4326//4326 4325//4325 4332//4332
f 4327//4327 4326//4326 4333//4333
f 4322//4322 4327//4327 4328//4328
f 4329//4329 4328//4328 4335//4335
f 4330//4330 4329//4329 3453//3453
f 4332//4332 4331//4331 4337//4337
f 4333//4333 4332//4332 4338//4338
f 4328//4328 4333//4333 4334//4334
f 4335//4335 4334//4334 4340//4340
f 3453//3453 4335//4335 4341//4341
f 4337//4337 4336//4336 4343//4343
f 4338//4338 4337//4337 4344//4344
f 4334//4334 4338//4338 4339//4339
f 4340//4340 4339//4339 4346//4346
f 4341//4341 4340//4340 4347//4347
f 4342//4342 2597//2597 4348//4348
f 4343//4343 4342//4342 4349//4349
f 4344//4344 4343//4343 4350//4350
f 4339//4339 4344//4344 4345//4345
f 4346//4346 4345//4345 4352//4352
f 4347//4347 4346//4346 4353//4353
f 4349//4349 4348//4348 4355//4355
f 4350//4350 4349//4349 4356//4356
f 4345//4345 4350//4350 4351//4351
f 4352//4352 4351//4351 4183//4183
f 4353//4353 4352//4352 4185//4185
f 4355//4355 4354//4354 4189//4189
f 4356//4356 4355//4355 4191//4191
f 4351//4351 4356//4356 4180//4180
f 4357//4357 4358//4358 4359//4359
f 4420//4420 4359//4359 4360//4360
f 4361//4361 4360//4360 4374//4374
f 4359//4359 4362//4362 4363//4363
f 4360//4360 4363//4363 4374//4374
f 4362//4362 4364//4364 4365//4365
f 4363//4363 4365//4365 4374//4374
f 4358//4358 4366//4366 4364//4364
f 4365//4365 4367//4367 4374//4374
f 4366//4366 4368//4368 4369//4369
f 4364//4364 4369//4369 4370//4370
f 4367//4367 4370//4370 4374//4374
f 4369//4369 4371//4371 4372//4372
f 4370//4370 4372//4372 4374//4374
f 4368//4368 4373//4373 4371//4371
f 4371//4371 4375//4375 4376//4376
f 4373//4373 4377//4377 4378//4378
f 4375//4375 4378//4378 4379//4379
f 4376//4376 4379//4379 4374//4374
f 4379//4379 4380//4380 4374//4374
f 4377//4377 4385//4385 4381//4381
f 4378//4378 4381//4381 4382//4382
f 4380//4380 4382//4382 4374//4374
f 4381//4381 4383//4383 4384//4384
f 4382//4382 4384//4384 4374//4374
f 4384//4384 4386//4386 4374//4374
f 4385//4385 4387//4387 4388//4388
f 4383//4383 4388//4388 4389//4389
f 4386//4386 4389//4389 4374//4374
f 4388//4388 4390//4390 4391//4391
f 4389//4389 4391//4391 4374//4374
f 4391//4391 4392//4392 4374//4374
f 4387//4387 4393//4393 4394//4394
f 4390//4390 4394//4394 4395//4395
f 4392//4392 4395//4395 4374//4374
f 4394//4394 4396//4396 4397//4397
f 4395//4395 4397//4397 4374//4374
f 4393//4393 4398//4398 4399//4399
f 4396//4396 4399//4399 4400//4400
f 4397//4397 4400//4400 4374//4374
f 4399//4399 4401//4401 4402//4402
f 4400//4400 4402//4402 4374//4374
f 4398//4398 4403//4403 4401//4401
f 4402//4402 4404//4404 4374//4374
f 4401//4401 4405//4405 4406//4406
f 4404//4404 4406//4406 4374//4374
f 4403//4403 4407//4407 4408//4408
f 4405//4405 4408//4408 4409//4409
f 4406//4406 4409//4409 4374//4374
f 4408//4408 4410//4410 4411//4411
f 4409//4409 4411//4411 4374//4374
f 4407//4407 4412//4412 4413//4413
f 4410//4410 4413//4413 4414//4414
f 4411//4411 4414//4414 4374//4374
f 4414//4414 4415//4415 4374//4374
f 4413//4413 4416//4416 4417//4417
f 4415//4415 4417//4417 4374//4374
f 4412//4412 4357//4357 4418//4418
f 4416//4416 4418//4418 4419//4419
f 4417//4417 4419//4419 4374//4374
f 4418//4418 4420//4420 4421//4421
f 4419//4419 4421//4421 4374//4374
f 4361//4361 4374//4374 4421//4421
f 4422//4422 4425//4425 4488//4488
f 4424//4424 4423//4423 4425//4425
f 4423//4423 4426//4426 4425//4425
f 4426//4426 4423//4423 4424//4424
f 4425//4425 4427//4427 4429//4429
f 4426//4426 4428//4428 4427//4427
f 4428//4428 4426//4426 4424//4424
f 4427//4427 4431//4431 4429//4429
f 4428//4428 4430//4430 4431//4431
f 4430//4430 4428//4428 4424//4424
f 4430//4430 4432//4432 4431//4431
f 4432//4432 4430//4430 4424//4424
f 4431//4431 4433//4433 4436//4436
f 4432//4432 4434//4434 4433//4433
f 4434//4434 4432//4432 4424//4424
f 4433//4433 4435//4435 4436//4436
f 4434//4434 4437//4437 4435//4435
f 4437//4437 4434//4434 4424//4424
f 4435//4435 4438//4438 4441//4441
f 4437//4437 4439//4439 4438//4438
f 4439//4439 4437//4437 4424//4424
f 4438//4438 4440//4440 4441//4441
f 4439//4439 4442//4442 4440//4440
f 4442//4442 4439//4439 4424//4424
f 4440//4440 4443//4443 4444//4444
f 4442//4442 4445//4445 4443//4443
f 4445//4445 4442//4442 4424//4424
f 4443//4443 4447//4447 4444//4444
f 4445//4445 4446//4446 4447//4447
f 4446//4446 4445//4445 4424//4424
f 4446//4446 4448//4448 4447//4447
f 4448//4448 4446//4446 4424//4424
f 4447//4447 4449//4449 4450//4450
f 4448//4448 4451//4451 4449//4449
f 4451//4451 4448//4448 4424//4424
f 4449//4449 4453//4453 4456//4456
f 4451//4451 4452//4452 4453//4453
f 4452//4452 4451//4451 4424//4424
f 4452//4452 4454//4454 4453//4453
f 4454//4454 4452//4452 4424//4424
f 4453//4453 4455//4455 4456//4456
f 4454//4454 4457//4457 4455//4455
f 4457//4457 4454//4454 4424//4424
f 4455//4455 4458//4458 4459//4459
f 4457//4457 4460//4460 4458//4458
f 4460//4460 4457//4457 4424//4424
f 4458//4458 4461//4461 4462//4462
f 4460//4460 4463//4463 4461//4461
f 4463//4463 4460//4460 4424//4424
f 4461//4461 4465//4465 4462//4462
f 4463//4463 4464//4464 4465//4465
f 4464//4464 4463//4463 4424//4424
f 4464//4464 4466//4466 4465//4465
f 4466//4466 4464//4464 4424//4424
f 4465//4465 4469//4469 4467//4467
f 4466//4466 4468//4468 4469//4469
f 4468//4468 4466//4466 4424//4424
f 4468//4468 4470//4470 4469//4469
f 4470//4470 4468//4468 4424//4424
f 4469//4469 4471//4471 4474//4474
f 4470//4470 4472//4472 4471//4471
f 4472//4472 4470//4470 4424//4424
f 4471//4471 4473//4473 4474//4474
f 4472//4472 4475//4475 4473//4473
f 4475//4475 4472//4472 4424//4424
f 4473//4473 4476//4476 4477//4477
f 4475//4475 4478//4478 4476//4476
f 4478//4478 4475//4475 4424//4424
f 4476//4476 4479//4479 4483//4483
f 4478//4478 4480//4480 4479//4479
f 4480//4480 4478//4478 4424//4424
f 4479//4479 4482//4482 4483//4483
f 4480//4480 4481//4481 4482//4482
f 4481//4481 4480//4480 4424//4424
f 4481//4481 4484//4484 4482//4482
f 4484//4484 4481//4481 4424//4424
f 4482//4482 4485//4485 4486//4486
f 4484//4484 4487//4487 4485//4485
f 4487//4487 4484//4484 4424//4424
f 4485//4485 4422//4422 4488//4488
f 4487//4487 4424//4424 4422//4422
f 4550//4550 4492//4492 4493//4493
f 4489//4489 4493//4493 4494//4494
f 4490//4490 4494//4494 4491//4491
f 4493//4493 4495//4495 4496//4496
f 4494//4494 4496//4496 4491//4491
f 4492//4492 4497//4497 4498//4498
f 4495//4495 4498//4498 4499//4499
f 4496//4496 4499//4499 4491//4491
f 4498//4498 4500//4500 4501//4501
f 4499//4499 4501//4501 4491//4491
f 4500//4500 4502//4502 4503//4503
f 4501//4501 4503//4503 4491//4491
f 4497//4497 4504//4504 4502//4502
f 4503//4503 4505//4505 4491//4491
f 4502//4502 4506//4506 4507//4507
f 4505//4505 4507//4507 4491//4491
f 4504//4504 4508//4508 4509//4509
f 4506//4506 4509//4509 4510//4510
f 4507//4507 4510//4510 4491//4491
f 4509//4509 4511//4511 4512//4512
f 4510//4510 4512//4512 4491//4491
f 4512//4512 4513//4513 4491//4491
f 4508//4508 4518//4518 4514//4514
f 4511//4511 4514//4514 4515//4515
f 4513//4513 4515//4515 4491//4491
f 4514//4514 4516//4516 4517//4517
f 4515//4515 4517//4517 4491//4491
f 4517//4517 4519//4519 4491//4491
f 4518//4518 4520//4520 4521//4521
f 4516//4516 4521//4521 4522//4522
f 4519//4519 4522//4522 4491//4491
f 4521//4521 4523//4523 4524//4524
f 4522//4522 4524//4524 4491//4491
f 4520//4520 4525//4525 4523//4523
f 4524//4524 4526//4526 4491//4491
f 4523//4523 4527//4527 4528//4528
f 4526//4526 4528//4528 4491//4491
f 4527//4527 4529//4529 4530//4530
f 4528//4528 4530//4530 4491//4491
f 4525//4525 4531//4531 4529//4529
f 4530//4530 4532//4532 4491//4491
f 4531//4531 4535//4535 4533//4533
f 4529//4529 4533//4533 4534//4534
f 4532//4532 4534//4534 4491//4491
f 4533//4533 4536//4536 4537//4537
f 4534//4534 4537//4537 4491//4491
f 4537//4537 4538//4538 4491//4491
f 4535//4535 4539//4539 4540//4540
f 4536//4536 4540//4540 4541//4541
f 4538//4538 4541//4541 4491//4491
f 4540//4540 4542//4542 4543//4543
f 4541//4541 4543//4543 4491//4491
f 4543//4543 4544//4544 4491//4491
f 4539//4539 4545//4545 4546//4546
f 4542//4542 4546//4546 4547//4547
f 4544//4544 4547//4547 4491//4491
f 4546//4546 4548//4548 4549//4549
f 4547//4547 4549//4549 4491//4491
f 4545//4545 4550//4550 4551//4551
f 4548//4548 4551//4551 4552//4552
f 4549//4549 4552//4552 4491//4491
f 4551//4551 4489//4489 4491//4491
f 4555//4555 4554//4554 4553//4553
f 4553//4553 4556//4556 4617//4617
f 4554//4554 4557//4557 4556//4556
f 4557//4557 4554//4554 4555//4555
f 4556//4556 4560//4560 4558//4558
f 4557//4557 4559//4559 4560//4560
f 4559//4559 4557//4557 4555//4555
f 4559//4559 4561//4561 4560//4560
f 4561//4561 4559//4559 4555//4555
f 4560//4560 4562//4562 4558//4558
f 4561//4561 4563//4563 4562//4562
f 4563//4563 4561//4561 4555//4555
f 4562//4562 4564//4564 4565//4565
f 4563//4563 4566//4566 4564//4564
f 4566//4566 4563//4563 4555//4555
f 4564//4564 4569//4569 4567//4567
f 4566//4566 4568//4568 4569//4569
f 4568//4568 4566//4566 4555//4555
f 4568//4568 4570//4570 4569//4569
f 4570//4570 4568//4568 4555//4555
f 4569//4569 4571//4571 4567//4567
f 4570//4570 4572//4572 4571//4571
f 4572//4572 4570//4570 4555//4555
f 4571//4571 4573//4573 4574//4574
f 4572//4572 4575//4575 4573//4573
f 4575//4575 4572//4572 4555//4555
f 4573//4573 4577//4577 4580//4580
f 4575//4575 4576//4576 4577//4577
f 4576//4576 4575//4575 4555//4555
f 4576//4576 4578//4578 4577//4577
f 4578//4578 4576//4576 4555//4555
f 4577//4577 4579//4579 4580//4580
f 4578//4578 4581//4581 4579//4579
f 4581//4581 4578//4578 4555//4555
f 4579//4579 4583//4583 4584//4584
f 4581//4581 4582//4582 4583//4583
f 4582//4582 4581//4581 4555//4555
f 4582//4582 4585//4585 4583//4583
f 4585//4585 4582//4582 4555//4555
f 4583//4583 4586//4586 4584//4584
f 4585//4585 4587//4587 4586//4586
f 4587//4587 4585//4585 4555//4555
f 4586//4586 4588//4588 4589//4589
f 4587//4587 4590//4590 4588//4588
f 4590//4590 4587//4587 4555//4555
f 4588//4588 4593//4593 4591//4591
f 4590//4590 4592//4592 4593//4593
f 4592//4592 4590//4590 4555//4555
f 4592//4592 4594//4594 4593//4593
f 4594//4594 4592//4592 4555//4555
f 4593//4593 4595//4595 4591//4591
f 4594//4594 4596//4596 4595//4595
f 4596//4596 4594//4594 4555//4555
f 4595//4595 4598//4598 4599//4599
f 4596//4596 4597//4597 4598//4598
f 4597//4597 4596//4596 4555//4555
f 4597//4597 4600//4600 4598//4598
f 4600//4600 4597//4597 4555//4555
f 4598//4598 4601//4601 4604//4604
f 4600//4600 4602//4602 4601//4601
f 4602//4602 4600//4600 4555//4555
f 4601//4601 4603//4603 4604//4604
f 4602//4602 4605//4605 4603//4603
f 4605//4605 4602//4602 4555//4555
f 4603//4603 4606//4606 4609//4609
f 4605//4605 4607//4607 4606//4606
f 4607//4607 4605//4605 4555//4555
f 4606//4606 4608//4608 4609//4609
f 4607//4607 4610//4610 4608//4608
f 4610//4610 4607//4607 4555//4555
f 4608//4608 4613//4613 4611//4611
f 4610//4610 4612//4612 4613//4613
f 4612//4612 4610//4610 4555//4555
f 4612//4612 4614//4614 4613//4613
f 4614//4614 4612//4612 4555//4555
f 4613//4613 4615//4615 4611//4611
f 4614//4614 4616//4616 4615//4615
f 4616//4616 4614//4614 4555//4555
f 4615//4615 4553//4553 4617//4617
f 4616//4616 4555//4555 4553//4553
f 4618//4618 4625//4625 4619//4619
f 4620//4620 4619//4619 4621//4621
f 4622//4622 4621//4621 4680//4680
f 4619//4619 4623//4623 4624//4624
f 4621//4621 4624//4624 4680//4680
f 4624//4624 4626//4626 4680//4680
f 4625//4625 4629//4629 4627//4627
f 4623//4623 4627//4627 4628//4628
f 4626//4626 4628//4628 4680//4680
f 4627//4627 4630//4630 4631//4631
f 4628//4628 4631//4631 4680//4680
f 4629//4629 4634//4634 4632//4632
f 4630//4630 4632//4632 4633//4633
f 4631//4631 4633//4633 4680//4680
f 4632//4632 4635//4635 4636//4636
f 4633//4633 4636//4636 4680//4680
f 4636//4636 4637//4637 4680//4680
f 4634//4634 4642//4642 4638//4638
f 4635//4635 4638//4638 4639//4639
f 4637//4637 4639//4639 4680//4680
f 4638//4638 4640//4640 4641//4641
f 4639//4639 4641//4641 4680//4680
f 4640//4640 4643//4643 4644//4644
f 4641//4641 4644//4644 4680//4680
f 4642//4642 4645//4645 4643//4643
f 4644//4644 4646//4646 4680//4680
f 4645//4645 4649//4649 4647//4647
f 4643//4643 4647//4647 4648//4648
f 4646//4646 4648//4648 4680//4680
f 4647//4647 4650//4650 4651//4651
f 4648//4648 4651//4651 4680//4680
f 4649//4649 4652//4652 4653//4653
f 4650//4650 4653//4653 4654//4654
f 4651//4651 4654//4654 4680//4680
f 4652//4652 4655//4655 4656//4656
f 4653//4653 4656//4656 4657//4657
f 4654//4654 4657//4657 4680//4680
f 4656//4656 4658//4658 4659//4659
f 4657//4657 4659//4659 4680//4680
f 4659//4659 4660//4660 4680//4680
f 4655//4655 4665//4665 4661//4661
f 4658//4658 4661//4661 4662//4662
f 4660//4660 4662//4662 4680//4680
f 4661//4661 4663//4663 4664//4664
f 4662//4662 4664//4664 4680//4680
f 4664//4664 4666//4666 4680//4680
f 4665//4665 4667//4667 4668//4668
f 4663//4663 4668//4668 4669//4669
f 4666//4666 4669//4669 4680//4680
f 4668//4668 4670//4670 4671//4671
f 4669//4669 4671//4671 4680//4680
f 4667//4667 4676//4676 4672//4672
f 4670//4670 4672//4672 4673//4673
f 4671//4671 4673//4673 4680//4680
f 4672//4672 4674//4674 4675//4675
f 4673//4673 4675//4675 4680//4680
f 4675//4675 4677//4677 4680//4680
f 4676//4676 4678//4678 4679//4679
f 4674//4674 4679//4679 4680//4680
f 4679//4679 4681//4681 4682//4682
f 4682//4682 4683//4683 4680//4680
f 4678//4678 4618//4618 4620//4620
f 4681//4681 4620//4620 4622//4622
f 4622//4622 4680//4680 4683//4683
f 4420//4420 4357//4357 4359//4359
f 4361//4361 4420//4420 4360//4360
f 4359//4359 4358//4358 4362//4362
f 4360//4360 4359//4359 4363//4363
f 4362//4362 4358//4358 4364//4364
f 4363//4363 4362//4362 4365//4365
f 4365//4365 4364//4364 4367//4367
f 4364//4364 4366//4366 4369//4369
f 4367//4367 4364//4364 4370//4370
f 4369//4369 4368//4368 4371//4371
f 4370//4370 4369//4369 4372//4372
f 4372//4372 4371//4371 4374//4374
f 4371//4371 4373//4373 4375//4375
f 4374//4374 4371//4371 4376//4376
f 4375//4375 4373//4373 4378//4378
f 4376//4376 4375//4375 4379//4379
f 4379//4379 4378//4378 4380//4380
f 4378//4378 4377//4377 4381//4381
f 4380//4380 4378//4378 4382//4382
f 4381//4381 4385//4385 4383//4383
f 4382//4382 4381//4381 4384//4384
f 4384//4384 4383//4383 4386//4386
f 4383//4383 4385//4385 4388//4388
f 4386//4386 4383//4383 4389//4389
f 4388//4388 4387//4387 4390//4390
f 4389//4389 4388//4388 4391//4391
f 4391//4391 4390//4390 4392//4392
f 4390//4390 4387//4387 4394//4394
f 4392//4392 4390//4390 4395//4395
f 4394//4394 4393//4393 4396//4396
f 4395//4395 4394//4394 4397//4397
f 4396//4396 4393//4393 4399//4399
f 4397//4397 4396//4396 4400//4400
f 4399//4399 4398//4398 4401//4401
f 4400//4400 4399//4399 4402//4402
f 4402//4402 4401//4401 4404//4404
f 4401//4401 4403//4403 4405//4405
f 4404//4404 4401//4401 4406//4406
f 4405//4405 4403//4403 4408//4408
f 4406//4406 4405//4405 4409//4409
f 4408//4408 4407//4407 4410//4410
f 4409//4409 4408//4408 4411//4411
f 4410//4410 4407//4407 4413//4413
f 4411//4411 4410//4410 4414//4414
f 4414//4414 4413//4413 4415//4415
f 4413//4413 4412//4412 4416//4416
f 4415//4415 4413//4413 4417//4417
f 4416//4416 4412//4412 4418//4418
f 4417//4417 4416//4416 4419//4419
f 4418//4418 4357//4357 4420//4420
f 4419//4419 4418//4418 4421//4421
f 4421//4421 4420//4420 4361//4361
f 4422//4422 4424//4424 4425//4425
f 4488//4488 4425//4425 4429//4429
f 4425//4425 4426//4426 4427//4427
f 4427//4427 4428//4428 4431//4431
f 4429//4429 4431//4431 4436//4436
f 4431//4431 4432//4432 4433//4433
f 4433//4433 4434//4434 4435//4435
f 4436//4436 4435//4435 4441//4441
f 4435//4435 4437//4437 4438//4438
f 4438//4438 4439//4439 4440//4440
f 4441//4441 4440//4440 4444//4444
f 4440//4440 4442//4442 4443//4443
f 4443//4443 4445//4445 4447//4447
f 4444//4444 4447//4447 4450//4450
f 4447//4447 4448//4448 4449//4449
f 4450//4450 4449//4449 4456//4456
f 4449//4449 4451//4451 4453//4453
f 4453//4453 4454//4454 4455//4455
f 4456//4456 4455//4455 4459//4459
f 4455//4455 4457//4457 4458//4458
f 4459//4459 4458//4458 4462//4462
f 4458//4458 4460//4460 4461//4461
f 4461//4461 4463//4463 4465//4465
f 4462//4462 4465//4465 4467//4467
f 4465//4465 4466//4466 4469//4469
f 4467//4467 4469//4469 4474//4474
f 4469//4469 4470//4470 4471//4471
f 4471//4471 4472//4472 4473//4473
f 4474//4474 4473//4473 4477//4477
f 4473//4473 4475//4475 4476//4476
f 4477//4477 4476//4476 4483//4483
f 4476//4476 4478//4478 4479//4479
f 4479//4479 4480//4480 4482//4482
f 4483//4483 4482//4482 4486//4486
f 4482//4482 4484//4484 4485//4485
f 4486//4486 4485//4485 4488//4488
f 4485//4485 4487//4487 4422//4422
f 4491//4491 4489//4489 4490//4490
f 4489//4489 4550//4550 4493//4493
f 4490//4490 4489//4489 4494//4494
f 4493//4493 4492//4492 4495//4495
f 4494//4494 4493//4493 4496//4496
f 4495//4495 4492//4492 4498//4498
f 4496//4496 4495//4495 4499//4499
f 4498//4498 4497//4497 4500//4500
f 4499//4499 4498//4498 4501//4501
f 4500//4500 4497//4497 4502//4502
f 4501//4501 4500//4500 4503//4503
f 4503//4503 4502//4502 4505//4505
f 4502//4502 4504//4504 4506//4506
f 4505//4505 4502//4502 4507//4507
f 4506//4506 4504//4504 4509//4509
f 4507//4507 4506//4506 4510//4510
f 4509//4509 4508//4508 4511//4511
f 4510//4510 4509//4509 4512//4512
f 4512//4512 4511//4511 4513//4513
f 4511//4511 4508//4508 4514//4514
f 4513//4513 4511//4511 4515//4515
f 4514//4514 4518//4518 4516//4516
f 4515//4515 4514//4514 4517//4517
f 4517//4517 4516//4516 4519//4519
f 4516//4516 4518//4518 4521//4521
f 4519//4519 4516//4516 4522//4522
f 4521//4521 4520//4520 4523//4523
f 4522//4522 4521//4521 4524//4524
f 4524//4524 4523//4523 4526//4526
f 4523//4523 4525//4525 4527//4527
f 4526//4526 4523//4523 4528//4528
f 4527//4527 4525//4525 4529//4529
f 4528//4528 4527//4527 4530//4530
f 4530//4530 4529//4529 4532//4532
f 4529//4529 4531//4531 4533//4533
f 4532//4532 4529//4529 4534//4534
f 4533//4533 4535//4535 4536//4536
f 4534//4534 4533//4533 4537//4537
f 4537//4537 4536//4536 4538//4538
f 4536//4536 4535//4535 4540//4540
f 4538//4538 4536//4536 4541//4541
f 4540//4540 4539//4539 4542//4542
f 4541//4541 4540//4540 4543//4543
f 4543//4543 4542//4542 4544//4544
f 4542//4542 4539//4539 4546//4546
f 4544//4544 4542//4542 4547//4547
f 4546//4546 4545//4545 4548//4548
f 4547//4547 4546//4546 4549//4549
f 4548//4548 4545//4545 4551//4551
f 4549//4549 4548//4548 4552//4552
f 4551//4551 4550//4550 4489//4489
f 4552//4552 4551//4551 4491//4491
f 4553//4553 4554//4554 4556//4556
f 4617//4617 4556//4556 4558//4558
f 4556//4556 4557//4557 4560//4560
f 4560//4560 4561//4561 4562//4562
f 4558//4558 4562//4562 4565//4565
f 4562//4562 4563//4563 4564//4564
f 4565//4565 4564//4564 4567//4567
f 4564//4564 4566//4566 4569//4569
f 4569//4569 4570//4570 4571//4571
f 4567//4567 4571//4571 4574//4574
f 4571//4571 4572//4572 4573//4573
f 4574//4574 4573//4573 4580//4580
f 4573//4573 4575//4575 4577//4577
f 4577//4577 4578//4578 4579//4579
f 4580//4580 4579//4579 4584//4584
f 4579//4579 4581//4581 4583//4583
f 4583//4583 4585//4585 4586//4586
f 4584//4584 4586//4586 4589//4589
f 4586//4586 4587//4587 4588//4588
f 4589//4589 4588//4588 4591//4591
f 4588//4588 4590//4590 4593//4593
f 4593//4593 4594//4594 4595//4595
f 4591//4591 4595//4595 4599//4599
f 4595//4595 4596//4596 4598//4598
f 4599//4599 4598//4598 4604//4604
f 4598//4598 4600//4600 4601//4601
f 4601//4601 4602//4602 4603//4603
f 4604//4604 4603//4603 4609//4609
f 4603//4603 4605//4605 4606//4606
f 4606//4606 4607//4607 4608//4608
f 4609//4609 4608//4608 4611//4611
f 4608//4608 4610//4610 4613//4613
f 4613//4613 4614//4614 4615//4615
f 4611//4611 4615//4615 4617//4617
f 4615//4615 4616//4616 4553//4553
f 4620//4620 4618//4618 4619//4619
f 4622//4622 4620//4620 4621//4621
f 4619//4619 4625//4625 4623//4623
f 4621//4621 4619//4619 4624//4624
f 4624//4624 4623//4623 4626//4626
f 4623//4623 4625//4625 4627//4627
f 4626//4626 4623//4623 4628//4628
f 4627//4627 4629//4629 4630//4630
f 4628//4628 4627//4627 4631//4631
f 4630//4630 4629//4629 4632//4632
f 4631//4631 4630//4630 4633//4633
f 4632//4632 4634//4634 4635//4635
f 4633//4633 4632//4632 4636//4636
f 4636//4636 4635//4635 4637//4637
f 4635//4635 4634//4634 4638//4638
f 4637//4637 4635//4635 4639//4639
f 4638//4638 4642//4642 4640//4640
f 4639//4639 4638//4638 4641//4641
f 4640//4640 4642//4642 4643//4643
f 4641//4641 4640//4640 4644//4644
f 4644//4644 4643//4643 4646//4646
f 4643//4643 4645//4645 4647//4647
f 4646//4646 4643//4643 4648//4648
f 4647//4647 4649//4649 4650//4650
f 4648//4648 4647//4647 4651//4651
f 4650//4650 4649//4649 4653//4653
f 4651//4651 4650//4650 4654//4654
f 4653//4653 4652//4652 4656//4656
f 4654//4654 4653//4653 4657//4657
f 4656//4656 4655//4655 4658//4658
f 4657//4657 4656//4656 4659//4659
f 4659//4659 4658//4658 4660//4660
f 4658//4658 4655//4655 4661//4661
f 4660//4660 4658//4658 4662//4662
f 4661//4661 4665//4665 4663//4663
f 4662//4662 4661//4661 4664//4664
f 4664//4664 4663//4663 4666//4666
f 4663//4663 4665//4665 4668//4668
f 4666//4666 4663//4663 4669//4669
f 4668//4668 4667//4667 4670//4670
f 4669//4669 4668//4668 4671//4671
f 4670//4670 4667//4667 4672//4672
f 4671//4671 4670//4670 4673//4673
f 4672//4672 4676//4676 4674//4674
f 4673//4673 4672//4672 4675//4675
f 4675//4675 4674//4674 4677//4677
f 4674//4674 4676//4676 4679//4679
f 4677//4677 4674//4674 4680//4680
f 4679//4679 4678//4678 4681//4681
f 4680//4680 4679//4679 4682//4682
f 4682//4682 4681//4681 4683//4683
f 4681//4681 4678//4678 4620//4620
f 4683//4683 4681//4681 4622//4622
f 4691//4691 4684//4684 4732//4732
f 4684//4684 4736//4736 4737//4737
f 4736//4736 4740//4740 4741//4741
f 4740//4740 4743//4743 4744//4744
f 4743//4743 4745//4745 4746//4746
f 4685//4685 4750//4750 4749//4749
f 4750//4750 4686//4686 4752//4752
f 4686//4686 4755//4755 4756//4756
f 4755//4755 4759//4759 4756//4756
f 4759//4759 4762//4762 4760//4760
f 4762//4762 4687//4687 4765//4765
f 4687//4687 4764//4764 4767//4767
f 4764//4764 4770//4770 4771//4771
f 4770//4770 4688//4688 4773//4773
f 4688//4688 4689//4689 4774//4774
f 4689//4689 4690//4690 4776//4776
f 4690//4690 4781//4781 4778//4778
f 4781//4781 4691//4691 4783//4783
f 4786//4786 4789//4789 4785//4785
f 4789//4789 4793//4793 4692//4692
f 4793//4793 4795//4795 4692//4692
f 4795//4795 4798//4798 4796//4796
f 4798//4798 4803//4803 4800//4800
f 4803//4803 4804//4804 4802//4802
f 4804//4804 4806//4806 4694//4694
f 4806//4806 4809//4809 4694//4694
f 4809//4809 4812//4812 4695//4695
f 4812//4812 4815//4815 4814//4814
f 4815//4815 4819//4819 4816//4816
f 4819//4819 4823//4823 4820//4820
f 4823//4823 4824//4824 4696//4696
f 4824//4824 4826//4826 4697//4697
f 4826//4826 4827//4827 4698//4698
f 4827//4827 4831//4831 4830//4830
f 4831//4831 4836//4836 4699//4699
f 4836//4836 4786//4786 4699//4699
f 4840//4840 4842//4842 4841//4841
f 4842//4842 4700//4700 4843//4843
f 4700//4700 4848//4848 4847//4847
f 4848//4848 4701//4701 4850//4850
f 4701//4701 4702//4702 4852//4852
f 4702//4702 4703//4703 4856//4856
f 4703//4703 4704//4704 4859//4859
f 4704//4704 4705//4705 4860//4860
f 4705//4705 4863//4863 4864//4864
f 4863//4863 4868//4868 4867//4867
f 4868//4868 4706//4706 4869//4869
f 4706//4706 4707//4707 4873//4873
f 4707//4707 4877//4877 4873//4873
f 4877//4877 4708//4708 4876//4876
f 4708//4708 4709//4709 4878//4878
f 4709//4709 4710//4710 4884//4884
f 4710//4710 4840//4840 4841//4841
f 4888//4888 4892//4892 4890//4890
f 4892//4892 4894//4894 4713//4713
f 4894//4894 4898//4898 4713//4713
f 4898//4898 4900//4900 4714//4714
f 4900//4900 4903//4903 4904//4904
f 4903//4903 4905//4905 4907//4907
f 4905//4905 4908//4908 4715//4715
f 4908//4908 4911//4911 4715//4715
f 4911//4911 4915//4915 4910//4910
f 4915//4915 4918//4918 4914//4914
f 4918//4918 4919//4919 4716//4716
f 4919//4919 4921//4921 4716//4716
f 4921//4921 4926//4926 4717//4717
f 4926//4926 4928//4928 4927//4927
f 4928//4928 4930//4930 4718//4718
f 4930//4930 4932//4932 4718//4718
f 4932//4932 4935//4935 4934//4934
f 4935//4935 4938//4938 4937//4937
f 4938//4938 4888//4888 4711//4711
f 4719//4719 4720//4720 4947//4947
f 4720//4720 4948//4948 4949//4949
f 4948//4948 4721//4721 4950//4950
f 4721//4721 4954//4954 4953//4953
f 4954//4954 4958//4958 4956//4956
f 4958//4958 4722//4722 4959//4959
f 4722//4722 4963//4963 4965//4965
f 4963//4963 4967//4967 4968//4968
f 4967//4967 4723//4723 4970//4970
f 4723//4723 4972//4972 4976//4976
f 4972//4972 4977//4977 4976//4976
f 4977//4977 4724//4724 4978//4978
f 4724//4724 4725//4725 4983//4983
f 4725//4725 4726//4726 4987//4987
f 4726//4726 4989//4989 4990//4990
f 4989//4989 4727//4727 4990//4990
f 4727//4727 4728//4728 4994//4994
f 4728//4728 4729//4729 4997//4997
f 4729//4729 4719//4719 4942//4942
f 4733//4733 4691//4691 4732//4732
f 4732//4732 4684//4684 4737//4737
f 4737//4737 4736//4736 4741//4741
f 4741//4741 4740//4740 4744//4744
f 4744//4744 4743//4743 4746//4746
f 4746//4746 4745//4745 4685//4685
f 4749//4749 4750//4750 4752//4752
f 4752//4752 4686//4686 4756//4756
f 4756//4756 4759//4759 4760//4760
f 4760//4760 4762//4762 4765//4765
f 4765//4765 4687//4687 4767//4767
f 4767//4767 4764//4764 4771//4771
f 4771//4771 4770//4770 4773//4773
f 4773//4773 4688//4688 4774//4774
f 4774//4774 4689//4689 4776//4776
f 4776//4776 4690//4690 4778//4778
f 4778//4778 4781//4781 4783//4783
f 4783//4783 4691//4691 4733//4733
f 4785//4785 4789//4789 4788//4788
f 4788//4788 4789//4789 4692//4692
f 4692//4692 4795//4795 4796//4796
f 4796//4796 4798//4798 4800//4800
f 4800//4800 4803//4803 4802//4802
f 4802//4802 4804//4804 4693//4693
f 4693//4693 4804//4804 4694//4694
f 4694//4694 4809//4809 4695//4695
f 4695//4695 4812//4812 4814//4814
f 4814//4814 4815//4815 4816//4816
f 4816//4816 4819//4819 4820//4820
f 4820//4820 4823//4823 4696//4696
f 4696//4696 4824//4824 4697//4697
f 4697//4697 4826//4826 4698//4698
f 4698//4698 4827//4827 4830//4830
f 4830//4830 4831//4831 4699//4699
f 4699//4699 4786//4786 4785//4785
f 4841//4841 4842//4842 4843//4843
f 4843//4843 4700//4700 4847//4847
f 4847//4847 4848//4848 4850//4850
f 4850//4850 4701//4701 4852//4852
f 4852//4852 4702//4702 4856//4856
f 4856//4856 4703//4703 4859//4859
f 4859//4859 4704//4704 4860//4860
f 4860//4860 4705//4705 4862//4862
f 4862//4862 4705//4705 4864//4864
f 4864//4864 4863//4863 4867//4867
f 4867//4867 4868//4868 4869//4869
f 4869//4869 4706//4706 4871//4871
f 4871//4871 4706//4706 4873//4873
f 4873//4873 4877//4877 4876//4876
f 4876//4876 4708//4708 4878//4878
f 4878//4878 4709//4709 4881//4881
f 4881//4881 4709//4709 4884//4884
f 4884//4884 4710//4710 4841//4841
f 4711//4711 4888//4888 4890//4890
f 4890//4890 4892//4892 4712//4712
f 4712//4712 4892//4892 4713//4713
f 4713//4713 4898//4898 4897//4897
f 4897//4897 4898//4898 4714//4714
f 4714//4714 4900//4900 4904//4904
f 4904//4904 4903//4903 4907//4907
f 4907//4907 4905//4905 4715//4715
f 4715//4715 4911//4911 4910//4910
f 4910//4910 4915//4915 4914//4914
f 4914//4914 4918//4918 4716//4716
f 4716//4716 4921//4921 4920//4920
f 4920//4920 4921//4921 4717//4717
f 4717//4717 4926//4926 4927//4927
f 4927//4927 4928//4928 4718//4718
f 4718//4718 4932//4932 4934//4934
f 4934//4934 4935//4935 4937//4937
f 4937//4937 4938//4938 4711//4711
f 4942//4942 4719//4719 4947//4947
f 4947//4947 4720//4720 4949//4949
f 4949//4949 4948//4948 4950//4950
f 4950//4950 4721//4721 4953//4953
f 4953//4953 4954//4954 4956//4956
f 4956//4956 4958//4958 4959//4959
f 4959//4959 4722//4722 4964//4964
f 4964//4964 4722//4722 4965//4965
f 4965//4965 4963//4963 4968//4968
f 4968//4968 4967//4967 4970//4970
f 4970//4970 4723//4723 4973//4973
f 4973//4973 4723//4723 4976//4976
f 4976//4976 4977//4977 4978//4978
f 4978//4978 4724//4724 4980//4980
f 4980//4980 4724//4724 4983//4983
f 4983//4983 4725//4725 4987//4987
f 4987//4987 4726//4726 4990//4990
f 4990//4990 4727//4727 4992//4992
f 4992//4992 4727//4727 4994//4994
f 4994//4994 4728//4728 4997//4997
f 4997//4997 4729//4729 4942//4942
f 4782//4782 4735//4735 4731//4731
f 4733//4733 4732//4732 4358//4358
f 4731//4731 4735//4735 4684//4684
f 4730//4730 4738//4738 4734//4734
f 4732//4732 4737//4737 4358//4358
f 4734//4734 4742//4742 4739//4739
f 4737//4737 4741//4741 4366//4366
f 4735//4735 4739//4739 4740//4740
f 4741//4741 4744//4744 4368//4368
f 4739//4739 4747//4747 4743//4743
f 4744//4744 4746//4746 4373//4373
f 4738//4738 4753//4753 4751//4751
f 4742//4742 4751//4751 4747//4747
f 4746//4746 4685//4685 4377//4377
f 4745//4745 4748//4748 4750//4750
f 4685//4685 4749//4749 4377//4377
f 4748//4748 4754//4754 4750//4750
f 4749//4749 4752//4752 4385//4385
f 4751//4751 4757//4757 4754//4754
f 4752//4752 4756//4756 4387//4387
f 4753//4753 4763//4763 4757//4757
f 4754//4754 4758//4758 4755//4755
f 4757//4757 4761//4761 4758//4758
f 4756//4756 4760//4760 4387//4387
f 4758//4758 4766//4766 4762//4762
f 4762//4762 4764//4764 4687//4687
f 4760//4760 4765//4765 4393//4393
f 4763//4763 4768//4768 4775//4775
f 4761//4761 4775//4775 4766//4766
f 4765//4765 4767//4767 4398//4398
f 4767//4767 4771//4771 4403//4403
f 4769//4769 4772//4772 4770//4770
f 4771//4771 4773//4773 4403//4403
f 4770//4770 4772//4772 4688//4688
f 4773//4773 4774//4774 4407//4407
f 4768//4768 4779//4779 4780//4780
f 4775//4775 4780//4780 4777//4777
f 4772//4772 4777//4777 4689//4689
f 4774//4774 4776//4776 4412//4412
f 4776//4776 4778//4778 4412//4412
f 4777//4777 4782//4782 4781//4781
f 4778//4778 4783//4783 4357//4357
f 4779//4779 4730//4730 4734//4734
f 4780//4780 4734//4734 4782//4782
f 4783//4783 4733//4733 4357//4357
f 4784//4784 4787//4787 4838//4838
f 4838//4838 4794//4794 4837//4837
f 4785//4785 4788//4788 4787//4787
f 4837//4837 4790//4790 4791//4791
f 4787//4787 4792//4792 4794//4794
f 4788//4788 4692//4692 4792//4792
f 4488//4488 4429//4429 4793//4793
f 4794//4794 4797//4797 4790//4790
f 4792//4792 4796//4796 4794//4794
f 4429//4429 4436//4436 4798//4798
f 4790//4790 4799//4799 4791//4791
f 4796//4796 4800//4800 4797//4797
f 4800//4800 4802//4802 4797//4797
f 4436//4436 4441//4441 4803//4803
f 4797//4797 4805//4805 4799//4799
f 4802//4802 4693//4693 4805//4805
f 4799//4799 4807//4807 4801//4801
f 4441//4441 4444//4444 4804//4804
f 4805//4805 4808//4808 4807//4807
f 4694//4694 4695//4695 4808//4808
f 4444//4444 4450//4450 4809//4809
f 4807//4807 4810//4810 4811//4811
f 4808//4808 4813//4813 4810//4810
f 4450//4450 4456//4456 4812//4812
f 4695//4695 4814//4814 4813//4813
f 4810//4810 4821//4821 4817//4817
f 4813//4813 4818//4818 4821//4821
f 4814//4814 4816//4816 4818//4818
f 4456//4456 4459//4459 4815//4815
f 4816//4816 4820//4820 4818//4818
f 4459//4459 4462//4462 4819//4819
f 4818//4818 4822//4822 4821//4821
f 4462//4462 4467//4467 4824//4824
f 4822//4822 4825//4825 4821//4821
f 4696//4696 4697//4697 4825//4825
f 4467//4467 4474//4474 4826//4826
f 4821//4821 4829//4829 4817//4817
f 4697//4697 4698//4698 4828//4828
f 4825//4825 4833//4833 4829//4829
f 4474//4474 4477//4477 4827//4827
f 4828//4828 4830//4830 4833//4833
f 4477//4477 4483//4483 4831//4831
f 4829//4829 4837//4837 4832//4832
f 4830//4830 4835//4835 4838//4838
f 4830//4830 4699//4699 4835//4835
f 4833//4833 4838//4838 4837//4837
f 4483//4483 4486//4486 4786//4786
f 4486//4486 4488//4488 4786//4786
f 4882//4882 4844//4844 4845//4845
f 4885//4885 4839//4839 4840//4840
f 4841//4841 4843//4843 4492//4492
f 4839//4839 4846//4846 4700//4700
f 4845//4845 4849//4849 4846//4846
f 4843//4843 4847//4847 4497//4497
f 4848//4848 4851//4851 4701//4701
f 4847//4847 4850//4850 4497//4497
f 4844//4844 4853//4853 4849//4849
f 4850//4850 4852//4852 4504//4504
f 4849//4849 4855//4855 4854//4854
f 4846//4846 4854//4854 4851//4851
f 4852//4852 4856//4856 4508//4508
f 4857//4857 4858//4858 4704//4704
f 4856//4856 4859//4859 4508//4508
f 4853//4853 4998//4998 4855//4855
f 4859//4859 4860//4860 4518//4518
f 4855//4855 4861//4861 4865//4865
f 4860//4860 4862//4862 4518//4518
f 4862//4862 4864//4864 4520//4520
f 4998//4998 4870//4870 4872//4872
f 4861//4861 4872//4872 4865//4865
f 4863//4863 4866//4866 4868//4868
f 4864//4864 4867//4867 4525//4525
f 4868//4868 4866//4866 4706//4706
f 4867//4867 4869//4869 4525//4525
f 4866//4866 4707//4707 4706//4706
f 4869//4869 4871//4871 4531//4531
f 4870//4870 4875//4875 4872//4872
f 4866//4866 4874//4874 4707//4707
f 4871//4871 4873//4873 4535//4535
f 4872//4872 4883//4883 4874//4874
f 4873//4873 4876//4876 4535//4535
f 4876//4876 4878//4878 4539//4539
f 4708//4708 4879//4879 4709//4709
f 4879//4879 4880//4880 4709//4709
f 4878//4878 4881//4881 4539//4539
f 4875//4875 4882//4882 4883//4883
f 4883//4883 4845//4845 4879//4879
f 4881//4881 4884//4884 4545//4545
f 4879//4879 4839//4839 4885//4885
f 4884//4884 4841//4841 4550//4550
f 4886//4886 4893//4893 4889//4889
f 4887//4887 4891//4891 4893//4893
f 4890//4890 4712//4712 4891//4891
f 4617//4617 4558//4558 4892//4892
f 4891//4891 4896//4896 4893//4893
f 4895//4895 4897//4897 4896//4896
f 4558//4558 4565//4565 4898//4898
f 4893//4893 4902//4902 4901//4901
f 4896//4896 4906//4906 4902//4902
f 4896//4896 4899//4899 4906//4906
f 4897//4897 4714//4714 4899//4899
f 4565//4565 4567//4567 4900//4900
f 4902//4902 4909//4909 4912//4912
f 4567//4567 4574//4574 4903//4903
f 4574//4574 4580//4580 4905//4905
f 4904//4904 4907//4907 4906//4906
f 4906//4906 4913//4913 4909//4909
f 4907//4907 4910//4910 4913//4913
f 4580//4580 4584//4584 4911//4911
f 4913//4913 4917//4917 4909//4909
f 4913//4913 4914//4914 4917//4917
f 4909//4909 4916//4916 4912//4912
f 4584//4584 4589//4589 4918//4918
f 4914//4914 4716//4716 4917//4917
f 4589//4589 4591//4591 4919//4919
f 4917//4917 4925//4925 4916//4916
f 4917//4917 4923//4923 4925//4925
f 4916//4916 4924//4924 4922//4922
f 4920//4920 4717//4717 4923//4923
f 4591//4591 4599//4599 4926//4926
f 4923//4923 4927//4927 4925//4925
f 4599//4599 4604//4604 4928//4928
f 4927//4927 4718//4718 4929//4929
f 4924//4924 4936//4936 4999//4999
f 4925//4925 4933//4933 4936//4936
f 4929//4929 4931//4931 4933//4933
f 4604//4604 4609//4609 4930//4930
f 4609//4609 4611//4611 4935//4935
f 4934//4934 4937//4937 4933//4933
f 4936//4936 4886//4886 4999//4999
f 4933//4933 4887//4887 4886//4886
f 4937//4937 4711//4711 4887//4887
f 4611//4611 4617//4617 4888//4888
f 4939//4939 4943//4943 4944//4944
f 4995//4995 4944//4944 4940//4940
f 4996//4996 4941//4941 4719//4719
f 4940//4940 4945//4945 4946//4946
f 4941//4941 4946//4946 4720//4720
f 4942//4942 4947//4947 4625//4625
f 4947//4947 4949//4949 4629//4629
f 4943//4943 4951//4951 4952//4952
f 4944//4944 4952//4952 4955//4955
f 4945//4945 4955//4955 4948//4948
f 4949//4949 4950//4950 4629//4629
f 4948//4948 4955//4955 4721//4721
f 4950//4950 4953//4953 4634//4634
f 4953//4953 4956//4956 4634//4634
f 4955//4955 4957//4957 4958//4958
f 4956//4956 4959//4959 4642//4642
f 4952//4952 4961//4961 4957//4957
f 4958//4958 4960//4960 4722//4722
f 4951//4951 4969//4969 4961//4961
f 4957//4957 4962//4962 4960//4960
f 4960//4960 4963//4963 4722//4722
f 4959//4959 4964//4964 4642//4642
f 4961//4961 4971//4971 4962//4962
f 4960//4960 4962//4962 4963//4963
f 4964//4964 4965//4965 4645//4645
f 4962//4962 4966//4966 4967//4967
f 4965//4965 4968//4968 4649//4649
f 4967//4967 4966//4966 4723//4723
f 4968//4968 4970//4970 4649//4649
f 4969//4969 4982//4982 4971//4971
f 4966//4966 4972//4972 4723//4723
f 4970//4970 4973//4973 4652//4652
f 4971//4971 4974//4974 4975//4975
f 4966//4966 4975//4975 4972//4972
f 4973//4973 4976//4976 4655//4655
f 4976//4976 4978//4978 4655//4655
f 4975//4975 4979//4979 4977//4977
f 4978//4978 4980//4980 4665//4665
f 4977//4977 4981//4981 4724//4724
f 4979//4979 4984//4984 4981//4981
f 4980//4980 4983//4983 4665//4665
f 4982//4982 5000//5000 4974//4974
f 4981//4981 4986//4986 4725//4725
f 4983//4983 4987//4987 4667//4667
f 4974//4974 4985//4985 4984//4984
f 4986//4986 4988//4988 4989//4989
f 4987//4987 4990//4990 4676//4676
f 5000//5000 4939//4939 4985//4985
f 4988//4988 4991//4991 4989//4989
f 4985//4985 4995//4995 4988//4988
f 4989//4989 4991//4991 4727//4727
f 4990//4990 4992//4992 4676//4676
f 4992//4992 4994//4994 4678//4678
f 4991//4991 4729//4729 4728//4728
f 4994//4994 4997//4997 4678//4678
f 4993//4993 4940//4940 4996//4996
f 4997//4997 4942//4942 4618//4618
f 4782//4782 4734//4734 4735//4735
f 4691//4691 4731//4731 4684//4684
f 4357//4357 4733//4733 4358//4358
f 4684//4684 4735//4735 4736//4736
f 4734//4734 4738//4738 4742//4742
f 4735//4735 4734//4734 4739//4739
f 4736//4736 4735//4735 4740//4740
f 4358//4358 4737//4737 4366//4366
f 4366//4366 4741//4741 4368//4368
f 4740//4740 4739//4739 4743//4743
f 4739//4739 4742//4742 4747//4747
f 4368//4368 4744//4744 4373//4373
f 4743//4743 4747//4747 4745//4745
f 4742//4742 4738//4738 4751//4751
f 4373//4373 4746//4746 4377//4377
f 4747//4747 4751//4751 4748//4748
f 4745//4745 4747//4747 4748//4748
f 4685//4685 4745//4745 4750//4750
f 4377//4377 4749//4749 4385//4385
f 4748//4748 4751//4751 4754//4754
f 4750//4750 4754//4754 4686//4686
f 4751//4751 4753//4753 4757//4757
f 4686//4686 4754//4754 4755//4755
f 4385//4385 4752//4752 4387//4387
f 4757//4757 4763//4763 4761//4761
f 4754//4754 4757//4757 4758//4758
f 4755//4755 4758//4758 4759//4759
f 4758//4758 4761//4761 4766//4766
f 4759//4759 4758//4758 4762//4762
f 4387//4387 4760//4760 4393//4393
f 4762//4762 4766//4766 4764//4764
f 4761//4761 4763//4763 4775//4775
f 4393//4393 4765//4765 4398//4398
f 4766//4766 4775//4775 4769//4769
f 4764//4764 4766//4766 4769//4769
f 4764//4764 4769//4769 4770//4770
f 4398//4398 4767//4767 4403//4403
f 4769//4769 4775//4775 4772//4772
f 4403//4403 4773//4773 4407//4407
f 4688//4688 4772//4772 4689//4689
f 4775//4775 4768//4768 4780//4780
f 4772//4772 4775//4775 4777//4777
f 4407//4407 4774//4774 4412//4412
f 4689//4689 4777//4777 4690//4690
f 4690//4690 4777//4777 4781//4781
f 4412//4412 4778//4778 4357//4357
f 4780//4780 4779//4779 4734//4734
f 4777//4777 4780//4780 4782//4782
f 4781//4781 4782//4782 4691//4691
f 4691//4691 4782//4782 4731//4731
f 4784//4784 4785//4785 4787//4787
f 4786//4786 4488//4488 4789//4789
f 4838//4838 4787//4787 4794//4794
f 4834//4834 4837//4837 4791//4791
f 4837//4837 4794//4794 4790//4790
f 4787//4787 4788//4788 4792//4792
f 4789//4789 4488//4488 4793//4793
f 4793//4793 4429//4429 4795//4795
f 4792//4792 4692//4692 4796//4796
f 4795//4795 4429//4429 4798//4798
f 4790//4790 4797//4797 4799//4799
f 4794//4794 4796//4796 4797//4797
f 4791//4791 4799//4799 4801//4801
f 4798//4798 4436//4436 4803//4803
f 4797//4797 4802//4802 4805//4805
f 4803//4803 4441//4441 4804//4804
f 4799//4799 4805//4805 4807//4807
f 4805//4805 4693//4693 4694//4694
f 4804//4804 4444//4444 4806//4806
f 4805//4805 4694//4694 4808//4808
f 4806//4806 4444//4444 4809//4809
f 4801//4801 4807//4807 4811//4811
f 4807//4807 4808//4808 4810//4810
f 4809//4809 4450//4450 4812//4812
f 4808//4808 4695//4695 4813//4813
f 4813//4813 4814//4814 4818//4818
f 4812//4812 4456//4456 4815//4815
f 4811//4811 4810//4810 4817//4817
f 4810//4810 4813//4813 4821//4821
f 4815//4815 4459//4459 4819//4819
f 4818//4818 4820//4820 4822//4822
f 4819//4819 4462//4462 4823//4823
f 4822//4822 4820//4820 4696//4696
f 4823//4823 4462//4462 4824//4824
f 4822//4822 4696//4696 4825//4825
f 4824//4824 4467//4467 4826//4826
f 4821//4821 4825//4825 4829//4829
f 4825//4825 4697//4697 4828//4828
f 4817//4817 4829//4829 4832//4832
f 4826//4826 4474//4474 4827//4827
f 4825//4825 4828//4828 4833//4833
f 4828//4828 4698//4698 4830//4830
f 4827//4827 4477//4477 4831//4831
f 4829//4829 4833//4833 4837//4837
f 4833//4833 4830//4830 4838//4838
f 4831//4831 4483//4483 4836//4836
f 4832//4832 4837//4837 4834//4834
f 4838//4838 4835//4835 4784//4784
f 4835//4835 4699//4699 4784//4784
f 4836//4836 4483//4483 4786//4786
f 4784//4784 4699//4699 4785//4785
f 4840//4840 4839//4839 4842//4842
f 4550//4550 4841//4841 4492//4492
f 4842//4842 4839//4839 4700//4700
f 4845//4845 4844//4844 4849//4849
f 4839//4839 4845//4845 4846//4846
f 4492//4492 4843//4843 4497//4497
f 4700//4700 4846//4846 4848//4848
f 4848//4848 4846//4846 4851//4851
f 4497//4497 4850//4850 4504//4504
f 4849//4849 4853//4853 4855//4855
f 4846//4846 4849//4849 4854//4854
f 4701//4701 4851//4851 4702//4702
f 4851//4851 4854//4854 4857//4857
f 4702//4702 4851//4851 4857//4857
f 4504//4504 4852//4852 4508//4508
f 4702//4702 4857//4857 4703//4703
f 4857//4857 4854//4854 4858//4858
f 4703//4703 4857//4857 4704//4704
f 4508//4508 4859//4859 4518//4518
f 4855//4855 4998//4998 4861//4861
f 4854//4854 4855//4855 4865//4865
f 4858//4858 4854//4854 4865//4865
f 4704//4704 4858//4858 4705//4705
f 4858//4858 4865//4865 4705//4705
f 4705//4705 4865//4865 4863//4863
f 4518//4518 4862//4862 4520//4520
f 4861//4861 4998//4998 4872//4872
f 4865//4865 4872//4872 4866//4866
f 4863//4863 4865//4865 4866//4866
f 4520//4520 4864//4864 4525//4525
f 4525//4525 4869//4869 4531//4531
f 4866//4866 4872//4872 4874//4874
f 4531//4531 4871//4871 4535//4535
f 4872//4872 4875//4875 4883//4883
f 4707//4707 4874//4874 4877//4877
f 4535//4535 4876//4876 4539//4539
f 4874//4874 4883//4883 4879//4879
f 4877//4877 4874//4874 4879//4879
f 4708//4708 4877//4877 4879//4879
f 4539//4539 4881//4881 4545//4545
f 4883//4883 4882//4882 4845//4845
f 4880//4880 4879//4879 4885//4885
f 4709//4709 4880//4880 4710//4710
f 4879//4879 4845//4845 4839//4839
f 4880//4880 4885//4885 4710//4710
f 4545//4545 4884//4884 4550//4550
f 4710//4710 4885//4885 4840//4840
f 4999//4999 4886//4886 4889//4889
f 4886//4886 4887//4887 4893//4893
f 4887//4887 4711//4711 4890//4890
f 4888//4888 4617//4617 4892//4892
f 4887//4887 4890//4890 4891//4891
f 4891//4891 4712//4712 4895//4895
f 4892//4892 4558//4558 4894//4894
f 4712//4712 4713//4713 4895//4895
f 4894//4894 4558//4558 4898//4898
f 4889//4889 4893//4893 4901//4901
f 4891//4891 4895//4895 4896//4896
f 4895//4895 4713//4713 4897//4897
f 4893//4893 4896//4896 4902//4902
f 4896//4896 4897//4897 4899//4899
f 4898//4898 4565//4565 4900//4900
f 4899//4899 4714//4714 4904//4904
f 4900//4900 4567//4567 4903//4903
f 4901//4901 4902//4902 4912//4912
f 4902//4902 4906//4906 4909//4909
f 4899//4899 4904//4904 4906//4906
f 4903//4903 4574//4574 4905//4905
f 4905//4905 4580//4580 4908//4908
f 4906//4906 4907//4907 4913//4913
f 4907//4907 4715//4715 4910//4910
f 4908//4908 4580//4580 4911//4911
f 4911//4911 4584//4584 4915//4915
f 4913//4913 4910//4910 4914//4914
f 4909//4909 4917//4917 4916//4916
f 4915//4915 4584//4584 4918//4918
f 4912//4912 4916//4916 4922//4922
f 4918//4918 4589//4589 4919//4919
f 4917//4917 4716//4716 4920//4920
f 4919//4919 4591//4591 4921//4921
f 4917//4917 4920//4920 4923//4923
f 4916//4916 4925//4925 4924//4924
f 4921//4921 4591//4591 4926//4926
f 4923//4923 4717//4717 4927//4927
f 4926//4926 4599//4599 4928//4928
f 4925//4925 4927//4927 4929//4929
f 4928//4928 4604//4604 4930//4930
f 4922//4922 4924//4924 4999//4999
f 4924//4924 4925//4925 4936//4936
f 4925//4925 4929//4929 4933//4933
f 4929//4929 4718//4718 4931//4931
f 4930//4930 4609//4609 4932//4932
f 4931//4931 4718//4718 4934//4934
f 4932//4932 4609//4609 4935//4935
f 4931//4931 4934//4934 4933//4933
f 4935//4935 4611//4611 4938//4938
f 4936//4936 4933//4933 4886//4886
f 4933//4933 4937//4937 4887//4887
f 4938//4938 4611//4611 4888//4888
f 4995//4995 4939//4939 4944//4944
f 4996//4996 4940//4940 4941//4941
f 4618//4618 4942//4942 4625//4625
f 4940//4940 4944//4944 4945//4945
f 4941//4941 4940//4940 4946//4946
f 4719//4719 4941//4941 4720//4720
f 4946//4946 4945//4945 4948//4948
f 4720//4720 4946//4946 4948//4948
f 4625//4625 4947//4947 4629//4629
f 4944//4944 4943//4943 4952//4952
f 4945//4945 4944//4944 4955//4955
f 4629//4629 4950//4950 4634//4634
f 4721//4721 4955//4955 4954//4954
f 4955//4955 4952//4952 4957//4957
f 4954//4954 4955//4955 4958//4958
f 4634//4634 4956//4956 4642//4642
f 4952//4952 4951//4951 4961//4961
f 4958//4958 4957//4957 4960//4960
f 4957//4957 4961//4961 4962//4962
f 4961//4961 4969//4969 4971//4971
f 4642//4642 4964//4964 4645//4645
f 4962//4962 4971//4971 4966//4966
f 4963//4963 4962//4962 4967//4967
f 4645//4645 4965//4965 4649//4649
f 4649//4649 4970//4970 4652//4652
f 4971//4971 4982//4982 4974//4974
f 4966//4966 4971//4971 4975//4975
f 4652//4652 4973//4973 4655//4655
f 4975//4975 4974//4974 4979//4979
f 4972//4972 4975//4975 4977//4977
f 4655//4655 4978//4978 4665//4665
f 4977//4977 4979//4979 4981//4981
f 4979//4979 4974//4974 4984//4984
f 4724//4724 4981//4981 4725//4725
f 4981//4981 4984//4984 4986//4986
f 4665//4665 4983//4983 4667//4667
f 4974//4974 5000//5000 4985//4985
f 4725//4725 4986//4986 4726//4726
f 4984//4984 4985//4985 4988//4988
f 4986//4986 4984//4984 4988//4988
f 4726//4726 4986//4986 4989//4989
f 4667//4667 4987//4987 4676//4676
f 4985//4985 4939//4939 4995//4995
f 4988//4988 4995//4995 4993//4993
f 4991//4991 4988//4988 4993//4993
f 4727//4727 4991//4991 4728//4728
f 4676//4676 4992//4992 4678//4678
f 4991//4991 4993//4993 4729//4729
f 4729//4729 4993//4993 4996//4996
f 4993//4993 4995//4995 4940//4940
f 4729//4729 4996//4996 4719//4719
f 4678//4678 4997//4997 4618//4618
f 4753//4753 4738//4738 4730//4730
f 4753//4753 4768//4768 4763//4763
f 4753//4753 4779//4779 4768//4768
f 4753//4753 4730//4730 4779//4779
f 4834//4834 4791//4791 4817//4817
f 4791//4791 4801//4801 4817//4817
f 4801//4801 4811//4811 4817//4817
f 4832//4832 4834//4834 4817//4817
f 4998//4998 4844//4844 4882//4882
f 4998//4998 4853//4853 4844//4844
f 4998//4998 4875//4875 4870//4870
f 4998//4998 4882//4882 4875//4875
f 4889//4889 4901//4901 4999//4999
f 4901//4901 4912//4912 4999//4999
f 4912//4912 4922//4922 4999//4999
f 5000//5000 4943//4943 4939//4939
f 5000//5000 4951//4951 4943//4943
f 5000//5000 4969//4969 4951//4951
f 5000//5000 4982//4982 4969//4969
f 270//270 272//272 273//273
f 274//274 270//270 275//275
f 271//271 274//274 272//272
f 1482//1482 1484//1484 1485//1485
f 1486//1486 1485//1485 1487//1487
f 1484//1484 1486//1486 1483//1483
# 9678 faces, 0 coords texture

# End of File
